Time,Prediction,DKPrice,fold,week,Date
2024-01-01 00:00:00,"201,98541259765625","209,779999",1,1,2024-01-01
2024-01-01 01:00:00,"216,48675537109375","198,740005",1,1,2024-01-01
2024-01-01 02:00:00,"198,7815704345703","30,860001",1,1,2024-01-01
2024-01-01 03:00:00,"192,3892364501953","-0,22",1,1,2024-01-01
2024-01-01 04:00:00,"261,5357971191406","-0,15",1,1,2024-01-01
2024-01-01 05:00:00,"356,3009948730469","-0,37",1,1,2024-01-01
2024-01-01 06:00:00,"422,0935974121094","-0,15",1,1,2024-01-01
2024-01-01 07:00:00,"472,7070007324219","0,0",1,1,2024-01-01
2024-01-01 08:00:00,"488,0","0,6",1,1,2024-01-01
2024-01-01 09:00:00,"491,2846984863281","308,179993",1,1,2024-01-01
2024-01-01 10:00:00,"455,3575134277344","324,359985",1,1,2024-01-01
2024-01-01 11:00:00,"450,2785339355469","320,700012",1,1,2024-01-01
2024-01-01 12:00:00,"458,7201843261719","330,170013",1,1,2024-01-01
2024-01-01 13:00:00,"459,6270751953125","344,709991",1,1,2024-01-01
2024-01-01 14:00:00,"477,5801086425781","377,290009",1,1,2024-01-01
2024-01-01 15:00:00,"532,2550048828125","443,329987",1,1,2024-01-01
2024-01-01 16:00:00,"638,0366821289062","484,480011",1,1,2024-01-01
2024-01-01 17:00:00,"658,6661987304688","460,26001",1,1,2024-01-01
2024-01-01 18:00:00,"630,132080078125","456,75",1,1,2024-01-01
2024-01-01 19:00:00,"546,4359130859375","447,059998",1,1,2024-01-01
2024-01-01 20:00:00,"463,4892272949219","409,420013",1,1,2024-01-01
2024-01-01 21:00:00,"434,0191650390625","355,220001",1,1,2024-01-01
2024-01-01 22:00:00,"346,3819580078125","265,019989",1,1,2024-01-01
2024-01-01 23:00:00,"371,1011657714844","228,039993",1,1,2024-01-01
2024-01-02 00:00:00,"362,57421875","149,619995",1,1,2024-01-02
2024-01-02 01:00:00,"356,24566650390625","231,320007",1,1,2024-01-02
2024-01-02 02:00:00,"354,27069091796875","137,089996",1,1,2024-01-02
2024-01-02 03:00:00,"355,33868408203125","82,599998",1,1,2024-01-02
2024-01-02 04:00:00,"393,9770812988281","102,730003",1,1,2024-01-02
2024-01-02 05:00:00,"431,6494445800781","355,070007",1,1,2024-01-02
2024-01-02 06:00:00,"535,1978759765625","433,119995",1,1,2024-01-02
2024-01-02 07:00:00,"604,54736328125","489,549988",1,1,2024-01-02
2024-01-02 08:00:00,"601,6573486328125","482,549988",1,1,2024-01-02
2024-01-02 09:00:00,"596,8003540039062","514,22998",1,1,2024-01-02
2024-01-02 10:00:00,"588,5707397460938","548,219971",1,1,2024-01-02
2024-01-02 11:00:00,"542,2267456054688","582,659973",1,1,2024-01-02
2024-01-02 12:00:00,"567,5455932617188","587,960022",1,1,2024-01-02
2024-01-02 13:00:00,"567,2687377929688","590,719971",1,1,2024-01-02
2024-01-02 14:00:00,"619,3273315429688","596,080017",1,1,2024-01-02
2024-01-02 15:00:00,"712,4088745117188","607,26001",1,1,2024-01-02
2024-01-02 16:00:00,"645,1116333007812","603,23999",1,1,2024-01-02
2024-01-02 17:00:00,"655,8351440429688","558,72998",1,1,2024-01-02
2024-01-02 18:00:00,"604,8411865234375","470,98999",1,1,2024-01-02
2024-01-02 19:00:00,"561,8839721679688","425,73999",1,1,2024-01-02
2024-01-02 20:00:00,"521,806640625","349,549988",1,1,2024-01-02
2024-01-02 21:00:00,"513,0513305664062","298,190002",1,1,2024-01-02
2024-01-02 22:00:00,"453,25970458984375","162,589996",1,1,2024-01-02
2024-01-02 23:00:00,"437,5923767089844","7,75",1,1,2024-01-02
2024-01-03 00:00:00,"423,6429443359375","-0,07",1,1,2024-01-03
2024-01-03 01:00:00,"418,21734619140625","0,0",1,1,2024-01-03
2024-01-03 02:00:00,"416,0686950683594","-0,07",1,1,2024-01-03
2024-01-03 03:00:00,"402,823486328125","0,0",1,1,2024-01-03
2024-01-03 04:00:00,"411,3348083496094","0,15",1,1,2024-01-03
2024-01-03 05:00:00,"454,2784729003906","8,13",1,1,2024-01-03
2024-01-03 06:00:00,"599,2188110351562","302,600006",1,1,2024-01-03
2024-01-03 07:00:00,"663,2073974609375","444,399994",1,1,2024-01-03
2024-01-03 08:00:00,"684,8630981445312","451,850006",1,1,2024-01-03
2024-01-03 09:00:00,"687,9985961914062","424,940002",1,1,2024-01-03
2024-01-03 10:00:00,"682,7901611328125","409,209991",1,1,2024-01-03
2024-01-03 11:00:00,"677,790771484375","445,820007",1,1,2024-01-03
2024-01-03 12:00:00,"640,4203491210938","438,809998",1,1,2024-01-03
2024-01-03 13:00:00,"633,1439819335938","453,720001",1,1,2024-01-03
2024-01-03 14:00:00,"634,7962646484375","500,829987",1,1,2024-01-03
2024-01-03 15:00:00,"637,7601928710938","548,619995",1,1,2024-01-03
2024-01-03 16:00:00,"652,7255859375","613,409973",1,1,2024-01-03
2024-01-03 17:00:00,"646,150390625","618,549988",1,1,2024-01-03
2024-01-03 18:00:00,"651,4938354492188","589,179993",1,1,2024-01-03
2024-01-03 19:00:00,"609,8776245117188","545,940002",1,1,2024-01-03
2024-01-03 20:00:00,"550,0131225585938","502,549988",1,1,2024-01-03
2024-01-03 21:00:00,"477,6141662597656","484,579987",1,1,2024-01-03
2024-01-03 22:00:00,"345,5283203125","433,290009",1,1,2024-01-03
2024-01-03 23:00:00,"344,0284729003906","427,329987",1,1,2024-01-03
2024-01-04 00:00:00,"310,03369140625","376,320007",1,1,2024-01-04
2024-01-04 01:00:00,"318,8112487792969","298,309998",1,1,2024-01-04
2024-01-04 02:00:00,"272,40484619140625","190,020004",1,1,2024-01-04
2024-01-04 03:00:00,"284,79400634765625","261,019989",1,1,2024-01-04
2024-01-04 04:00:00,"292,9000244140625","430,540009",1,1,2024-01-04
2024-01-04 05:00:00,"405,9964294433594","541,809998",1,1,2024-01-04
2024-01-04 06:00:00,"488,6029052734375","634,059998",1,1,2024-01-04
2024-01-04 07:00:00,"515,1788940429688","682,169983",1,1,2024-01-04
2024-01-04 08:00:00,"535,1068115234375","702,530029",1,1,2024-01-04
2024-01-04 09:00:00,"526,9537353515625","683,210022",1,1,2024-01-04
2024-01-04 10:00:00,"483,89349365234375","671,429993",1,1,2024-01-04
2024-01-04 11:00:00,"494,4237365722656","643,609985",1,1,2024-01-04
2024-01-04 12:00:00,"466,8273010253906","641,070007",1,1,2024-01-04
2024-01-04 13:00:00,"510,0312805175781","686,940002",1,1,2024-01-04
2024-01-04 14:00:00,"517,5131225585938","735,48999",1,1,2024-01-04
2024-01-04 15:00:00,"576,6511840820312","788,51001",1,1,2024-01-04
2024-01-04 16:00:00,"628,02783203125","993,599976",1,1,2024-01-04
2024-01-04 17:00:00,"623,0873413085938","1078,77002",1,1,2024-01-04
2024-01-04 18:00:00,"557,6102905273438","932,22998",1,1,2024-01-04
2024-01-04 19:00:00,"479,2894592285156","772,549988",1,1,2024-01-04
2024-01-04 20:00:00,"408,4195251464844","745,859985",1,1,2024-01-04
2024-01-04 21:00:00,"389,3444519042969","707,450012",1,1,2024-01-04
2024-01-04 22:00:00,"329,12286376953125","662,47998",1,1,2024-01-04
2024-01-04 23:00:00,"288,7528381347656","642,059998",1,1,2024-01-04
2024-01-05 00:00:00,"274,8778991699219","600,51001",1,1,2024-01-05
2024-01-05 01:00:00,"234,94508361816406","574,409973",1,1,2024-01-05
2024-01-05 02:00:00,"238,4464569091797","546,059998",1,1,2024-01-05
2024-01-05 03:00:00,"242,65777587890625","552,330017",1,1,2024-01-05
2024-01-05 04:00:00,"272,9356994628906","567,099976",1,1,2024-01-05
2024-01-05 05:00:00,"349,3206481933594","604,169983",1,1,2024-01-05
2024-01-05 06:00:00,"434,5412292480469","648,919983",1,1,2024-01-05
2024-01-05 07:00:00,"484,62548828125","668,090027",1,1,2024-01-05
2024-01-05 08:00:00,"506,2359619140625","708,070007",1,1,2024-01-05
2024-01-05 09:00:00,"476,4268798828125","718,140015",1,1,2024-01-05
2024-01-05 10:00:00,"415,8541259765625","732,609985",1,1,2024-01-05
2024-01-05 11:00:00,"391,3299560546875","688,01001",1,1,2024-01-05
2024-01-05 12:00:00,"365,2834777832031","682,780029",1,1,2024-01-05
2024-01-05 13:00:00,"362,6894836425781","719,109985",1,1,2024-01-05
2024-01-05 14:00:00,"378,3192443847656","746,26001",1,1,2024-01-05
2024-01-05 15:00:00,"503,74468994140625","768,039978",1,1,2024-01-05
2024-01-05 16:00:00,"485,9695129394531","800,929993",1,1,2024-01-05
2024-01-05 17:00:00,"520,35986328125","808,909973",1,1,2024-01-05
2024-01-05 18:00:00,"448,44354248046875","775,419983",1,1,2024-01-05
2024-01-05 19:00:00,"380,55181884765625","746,559998",1,1,2024-01-05
2024-01-05 20:00:00,"375,77764892578125","702,549988",1,1,2024-01-05
2024-01-05 21:00:00,"366,7102966308594","708,0",1,1,2024-01-05
2024-01-05 22:00:00,"304,4683532714844","647,429993",1,1,2024-01-05
2024-01-05 23:00:00,"273,66217041015625","613,47998",1,1,2024-01-05
2024-01-06 00:00:00,"249,47903442382812","598,190002",1,1,2024-01-06
2024-01-06 01:00:00,"236,4441375732422","567,830017",1,1,2024-01-06
2024-01-06 02:00:00,"235,56417846679688","544,559998",1,1,2024-01-06
2024-01-06 03:00:00,"248,5570831298828","544,559998",1,1,2024-01-06
2024-01-06 04:00:00,"237,1483917236328","556,340027",1,1,2024-01-06
2024-01-06 05:00:00,"236,1401824951172","560,150024",1,1,2024-01-06
2024-01-06 06:00:00,"298,0216369628906","607,059998",1,1,2024-01-06
2024-01-06 07:00:00,"317,1875915527344","659,349976",1,1,2024-01-06
2024-01-06 08:00:00,"382,3585205078125","687,909973",1,1,2024-01-06
2024-01-06 09:00:00,"399,1628112792969","725,72998",1,1,2024-01-06
2024-01-06 10:00:00,"363,6792907714844","749,070007",1,1,2024-01-06
2024-01-06 11:00:00,"350,8832092285156","739,599976",1,1,2024-01-06
2024-01-06 12:00:00,"349,0760192871094","710,210022",1,1,2024-01-06
2024-01-06 13:00:00,"418,9604187011719","690,299988",1,1,2024-01-06
2024-01-06 14:00:00,"448,73931884765625","709,23999",1,1,2024-01-06
2024-01-06 15:00:00,"531,4198608398438","744,75",1,1,2024-01-06
2024-01-06 16:00:00,"585,9955444335938","780,849976",1,1,2024-01-06
2024-01-06 17:00:00,"599,5924682617188","774,51001",1,1,2024-01-06
2024-01-06 18:00:00,"538,3169555664062","740,719971",1,1,2024-01-06
2024-01-06 19:00:00,"498,8430480957031","687,909973",1,1,2024-01-06
2024-01-06 20:00:00,"458,7004699707031","656,359985",1,1,2024-01-06
2024-01-06 21:00:00,"398,65252685546875","647,039978",1,1,2024-01-06
2024-01-06 22:00:00,"333,8702087402344","596,919983",1,1,2024-01-06
2024-01-06 23:00:00,"296,71466064453125","642,570007",1,1,2024-01-06
2024-01-07 00:00:00,"287,48394775390625","615,049988",1,1,2024-01-07
2024-01-07 01:00:00,"249,49961853027344","573,72998",1,1,2024-01-07
2024-01-07 02:00:00,"214,02883911132812","561,48999",1,1,2024-01-07
2024-01-07 03:00:00,"201,77871704101562","546,950012",1,1,2024-01-07
2024-01-07 04:00:00,"192,94973754882812","550,309998",1,1,2024-01-07
2024-01-07 05:00:00,"203,38571166992188","560,450012",1,1,2024-01-07
2024-01-07 06:00:00,"212,5251922607422","582,080017",1,1,2024-01-07
2024-01-07 07:00:00,"271,1742248535156","610,049988",1,1,2024-01-07
2024-01-07 08:00:00,"280,9923095703125","634,219971",1,1,2024-01-07
2024-01-07 09:00:00,"281,3104553222656","650,030029",1,1,2024-01-07
2024-01-07 10:00:00,"275,0303649902344","666,210022",1,1,2024-01-07
2024-01-07 11:00:00,"267,730712890625","682,469971",1,1,2024-01-07
2024-01-07 12:00:00,"250,7751007080078","652,789978",1,1,2024-01-07
2024-01-07 13:00:00,"269,8304443359375","634,219971",1,1,2024-01-07
2024-01-07 14:00:00,"281,7185363769531","656,440002",1,1,2024-01-07
2024-01-07 15:00:00,"304,7972717285156","696,799988",1,1,2024-01-07
2024-01-07 16:00:00,"343,40838623046875","759,080017",1,1,2024-01-07
2024-01-07 17:00:00,"329,1756286621094","782,049988",1,1,2024-01-07
2024-01-07 18:00:00,"273,96380615234375","772,349976",1,1,2024-01-07
2024-01-07 19:00:00,"268,8758544921875","749,599976",1,1,2024-01-07
2024-01-07 20:00:00,"267,00299072265625","695,97998",1,1,2024-01-07
2024-01-07 21:00:00,"258,25677490234375","680,01001",1,1,2024-01-07
2024-01-07 22:00:00,"204,60015869140625","625,48999",1,1,2024-01-07
2024-01-07 23:00:00,"184,45794677734375","649,059998",1,1,2024-01-07
2024-01-08 00:00:00,"328,5717468261719","628,919983",1,2,2024-01-08
2024-01-08 01:00:00,"149,42137145996094","610,27002",1,2,2024-01-08
2024-01-08 02:00:00,"130,55226135253906","590,059998",1,2,2024-01-08
2024-01-08 03:00:00,"94,6596450805664","585,359985",1,2,2024-01-08
2024-01-08 04:00:00,"122,44750213623047","612,359985",1,2,2024-01-08
2024-01-08 05:00:00,"156,55221557617188","703,359985",1,2,2024-01-08
2024-01-08 06:00:00,"252,77980041503906","828,669983",1,2,2024-01-08
2024-01-08 07:00:00,"303,89349365234375","903,330017",1,2,2024-01-08
2024-01-08 08:00:00,"306,49737548828125","878,859985",1,2,2024-01-08
2024-01-08 09:00:00,"332,4089050292969","824,940002",1,2,2024-01-08
2024-01-08 10:00:00,"310,2739562988281","768,25",1,2,2024-01-08
2024-01-08 11:00:00,"297,1732177734375","712,309998",1,2,2024-01-08
2024-01-08 12:00:00,"316,3861083984375","701,349976",1,2,2024-01-08
2024-01-08 13:00:00,"312,8003845214844","763,25",1,2,2024-01-08
2024-01-08 14:00:00,"342,75994873046875","805,390015",1,2,2024-01-08
2024-01-08 15:00:00,"454,9730224609375","923,619995",1,2,2024-01-08
2024-01-08 16:00:00,"464,6303405761719","963,299988",1,2,2024-01-08
2024-01-08 17:00:00,"483,38800048828125","969,710022",1,2,2024-01-08
2024-01-08 18:00:00,"461,1390075683594","910,859985",1,2,2024-01-08
2024-01-08 19:00:00,"399,8934326171875","851,859985",1,2,2024-01-08
2024-01-08 20:00:00,"355,3118591308594","766,97998",1,2,2024-01-08
2024-01-08 21:00:00,"315,9091796875","745,719971",1,2,2024-01-08
2024-01-08 22:00:00,"307,1728515625","682,400024",1,2,2024-01-08
2024-01-08 23:00:00,"270,9505920410156","657,710022",1,2,2024-01-08
2024-01-09 00:00:00,"211,90245056152344","649,359985",1,2,2024-01-09
2024-01-09 01:00:00,"193,6316375732422","634,140015",1,2,2024-01-09
2024-01-09 02:00:00,"182,8004150390625","627,719971",1,2,2024-01-09
2024-01-09 03:00:00,"199,6790313720703","639,51001",1,2,2024-01-09
2024-01-09 04:00:00,"214,3896026611328","666,070007",1,2,2024-01-09
2024-01-09 05:00:00,"288,5078430175781","809,530029",1,2,2024-01-09
2024-01-09 06:00:00,"363,1788635253906","925,539978",1,2,2024-01-09
2024-01-09 07:00:00,"398,7381591796875","994,030029",1,2,2024-01-09
2024-01-09 08:00:00,"387,1390686035156","902,039978",1,2,2024-01-09
2024-01-09 09:00:00,"394,796875","844,450012",1,2,2024-01-09
2024-01-09 10:00:00,"417,67449951171875","789,169983",1,2,2024-01-09
2024-01-09 11:00:00,"414,12689208984375","747,690002",1,2,2024-01-09
2024-01-09 12:00:00,"417,6143493652344","752,159973",1,2,2024-01-09
2024-01-09 13:00:00,"458,5190124511719","827,289978",1,2,2024-01-09
2024-01-09 14:00:00,"490,170166015625","890,780029",1,2,2024-01-09
2024-01-09 15:00:00,"568,7157592773438","953,820007",1,2,2024-01-09
2024-01-09 16:00:00,"569,548095703125","1028,349976",1,2,2024-01-09
2024-01-09 17:00:00,"556,8261108398438","1028,050049",1,2,2024-01-09
2024-01-09 18:00:00,"502,3950500488281","973,070007",1,2,2024-01-09
2024-01-09 19:00:00,"424,183837890625","897,039978",1,2,2024-01-09
2024-01-09 20:00:00,"432,69561767578125","833,179993",1,2,2024-01-09
2024-01-09 21:00:00,"393,2632141113281","792,150024",1,2,2024-01-09
2024-01-09 22:00:00,"323,5320739746094","724,340027",1,2,2024-01-09
2024-01-09 23:00:00,"295,6733093261719","665,900024",1,2,2024-01-09
2024-01-10 00:00:00,"275,41156005859375","647,039978",1,2,2024-01-10
2024-01-10 01:00:00,"278,5450744628906","646,809998",1,2,2024-01-10
2024-01-10 02:00:00,"264,6168212890625","642,039978",1,2,2024-01-10
2024-01-10 03:00:00,"226,0514678955078","643,599976",1,2,2024-01-10
2024-01-10 04:00:00,"289,31988525390625","664,109985",1,2,2024-01-10
2024-01-10 05:00:00,"299,4605712890625","812,0",1,2,2024-01-10
2024-01-10 06:00:00,"406,9162292480469","941,840027",1,2,2024-01-10
2024-01-10 07:00:00,"519,1646118164062","1053,630005",1,2,2024-01-10
2024-01-10 08:00:00,"532,2896118164062","972,419983",1,2,2024-01-10
2024-01-10 09:00:00,"510,507080078125","884,190002",1,2,2024-01-10
2024-01-10 10:00:00,"519,5196533203125","813,869995",1,2,2024-01-10
2024-01-10 11:00:00,"519,5196533203125","762,26001",1,2,2024-01-10
2024-01-10 12:00:00,"512,1499633789062","787,609985",1,2,2024-01-10
2024-01-10 13:00:00,"520,228271484375","842,059998",1,2,2024-01-10
2024-01-10 14:00:00,"559,9357299804688","923,27002",1,2,2024-01-10
2024-01-10 15:00:00,"599,4060668945312","1004,109985",1,2,2024-01-10
2024-01-10 16:00:00,"594,6077880859375","1072,349976",1,2,2024-01-10
2024-01-10 17:00:00,"588,524658203125","1044,089966",1,2,2024-01-10
2024-01-10 18:00:00,"564,90185546875","985,539978",1,2,2024-01-10
2024-01-10 19:00:00,"538,5267333984375","894,929993",1,2,2024-01-10
2024-01-10 20:00:00,"477,55413818359375","818,559998",1,2,2024-01-10
2024-01-10 21:00:00,"367,9755859375","779,26001",1,2,2024-01-10
2024-01-10 22:00:00,"340,6273193359375","677,909973",1,2,2024-01-10
2024-01-10 23:00:00,"327,68084716796875","684,27002",1,2,2024-01-10
2024-01-11 00:00:00,"238,93861389160156","660,700012",1,2,2024-01-11
2024-01-11 01:00:00,"234,4784393310547","650,710022",1,2,2024-01-11
2024-01-11 02:00:00,"148,87496948242188","614,390015",1,2,2024-01-11
2024-01-11 03:00:00,"177,84388732910156","611,179993",1,2,2024-01-11
2024-01-11 04:00:00,"252,34698486328125","666,440002",1,2,2024-01-11
2024-01-11 05:00:00,"340,88665771484375","761,22998",1,2,2024-01-11
2024-01-11 06:00:00,"445,710693359375","871,530029",1,2,2024-01-11
2024-01-11 07:00:00,"456,7688293457031","1051,569946",1,2,2024-01-11
2024-01-11 08:00:00,"455,75421142578125","963,27002",1,2,2024-01-11
2024-01-11 09:00:00,"413,21728515625","847,590027",1,2,2024-01-11
2024-01-11 10:00:00,"365,9210510253906","794,119995",1,2,2024-01-11
2024-01-11 11:00:00,"345,29736328125","741,169983",1,2,2024-01-11
2024-01-11 12:00:00,"354,4613952636719","738,340027",1,2,2024-01-11
2024-01-11 13:00:00,"379,22564697265625","790,390015",1,2,2024-01-11
2024-01-11 14:00:00,"455,5926818847656","879,73999",1,2,2024-01-11
2024-01-11 15:00:00,"520,7529296875","1024,349976",1,2,2024-01-11
2024-01-11 16:00:00,"556,795166015625","1119,359985",1,2,2024-01-11
2024-01-11 17:00:00,"586,2608642578125","1019,429993",1,2,2024-01-11
2024-01-11 18:00:00,"572,8514404296875","986,76001",1,2,2024-01-11
2024-01-11 19:00:00,"518,091552734375","879,140015",1,2,2024-01-11
2024-01-11 20:00:00,"433,8546447753906","799,419983",1,2,2024-01-11
2024-01-11 21:00:00,"358,5841979980469","745,789978",1,2,2024-01-11
2024-01-11 22:00:00,"330,34197998046875","725,059998",1,2,2024-01-11
2024-01-11 23:00:00,"288,59393310546875","678,890015",1,2,2024-01-11
2024-01-12 00:00:00,"262,5553894042969","657,859985",1,2,2024-01-12
2024-01-12 01:00:00,"226,494140625","635,48999",1,2,2024-01-12
2024-01-12 02:00:00,"227,18638610839844","631,090027",1,2,2024-01-12
2024-01-12 03:00:00,"241,0373077392578","628,929993",1,2,2024-01-12
2024-01-12 04:00:00,"254,29676818847656","628,190002",1,2,2024-01-12
2024-01-12 05:00:00,"286,0782470703125","665,469971",1,2,2024-01-12
2024-01-12 06:00:00,"414,7415771484375","881,130005",1,2,2024-01-12
2024-01-12 07:00:00,"484,5272216796875","1049,51001",1,2,2024-01-12
2024-01-12 08:00:00,"479,7777099609375","1006,409973",1,2,2024-01-12
2024-01-12 09:00:00,"490,8960266113281","909,840027",1,2,2024-01-12
2024-01-12 10:00:00,"476,684326171875","855,549988",1,2,2024-01-12
2024-01-12 11:00:00,"468,9584655761719","797,76001",1,2,2024-01-12
2024-01-12 12:00:00,"432,5792236328125","768,679993",1,2,2024-01-12
2024-01-12 13:00:00,"462,0847473144531","779,559998",1,2,2024-01-12
2024-01-12 14:00:00,"532,0654907226562","820,280029",1,2,2024-01-12
2024-01-12 15:00:00,"635,5396118164062","894,849976",1,2,2024-01-12
2024-01-12 16:00:00,"588,644775390625","950,780029",1,2,2024-01-12
2024-01-12 17:00:00,"613,4553833007812","939,590027",1,2,2024-01-12
2024-01-12 18:00:00,"527,9695434570312","890,900024",1,2,2024-01-12
2024-01-12 19:00:00,"494,5261535644531","798,880005",1,2,2024-01-12
2024-01-12 20:00:00,"394,63116455078125","683,820007",1,2,2024-01-12
2024-01-12 21:00:00,"406,17681884765625","634,0",1,2,2024-01-12
2024-01-12 22:00:00,"323,6188049316406","615,140015",1,2,2024-01-12
2024-01-12 23:00:00,"302,48779296875","544,869995",1,2,2024-01-12
2024-01-13 00:00:00,"232,55026245117188","558,140015",1,2,2024-01-13
2024-01-13 01:00:00,"211,8967742919922","549,200012",1,2,2024-01-13
2024-01-13 02:00:00,"195,99232482910156","532,190002",1,2,2024-01-13
2024-01-13 03:00:00,"201,185546875","538,679993",1,2,2024-01-13
2024-01-13 04:00:00,"213,00848388671875","512,51001",1,2,2024-01-13
2024-01-13 05:00:00,"231,5022430419922","486,040009",1,2,2024-01-13
2024-01-13 06:00:00,"301,7673645019531","510,869995",1,2,2024-01-13
2024-01-13 07:00:00,"326,6043701171875","500,799988",1,2,2024-01-13
2024-01-13 08:00:00,"414,883544921875","546,659973",1,2,2024-01-13
2024-01-13 09:00:00,"463,4975891113281","537,039978",1,2,2024-01-13
2024-01-13 10:00:00,"512,4515991210938","529,289978",1,2,2024-01-13
2024-01-13 11:00:00,"520,9426879882812","521,609985",1,2,2024-01-13
2024-01-13 12:00:00,"496,3401794433594","474,779999",1,2,2024-01-13
2024-01-13 13:00:00,"475,2765197753906","506,390015",1,2,2024-01-13
2024-01-13 14:00:00,"521,9559326171875","511,609985",1,2,2024-01-13
2024-01-13 15:00:00,"581,1868896484375","527,789978",1,2,2024-01-13
2024-01-13 16:00:00,"632,0974731445312","553,450012",1,2,2024-01-13
2024-01-13 17:00:00,"582,9447021484375","565,299988",1,2,2024-01-13
2024-01-13 18:00:00,"569,7442016601562","550,460022",1,2,2024-01-13
2024-01-13 19:00:00,"519,3018188476562","544,799988",1,2,2024-01-13
2024-01-13 20:00:00,"471,0523681640625","528,909973",1,2,2024-01-13
2024-01-13 21:00:00,"427,67657470703125","479,470001",1,2,2024-01-13
2024-01-13 22:00:00,"327,9471740722656","470,970001",1,2,2024-01-13
2024-01-13 23:00:00,"341,0511169433594","477,420013",1,2,2024-01-13
2024-01-14 00:00:00,"337,4310302734375","463,179993",1,2,2024-01-14
2024-01-14 01:00:00,"290,6666259765625","469,290009",1,2,2024-01-14
2024-01-14 02:00:00,"293,8875732421875","477,350006",1,2,2024-01-14
2024-01-14 03:00:00,"285,64605712890625","482,269989",1,2,2024-01-14
2024-01-14 04:00:00,"286,62884521484375","486,220001",1,2,2024-01-14
2024-01-14 05:00:00,"279,5666809082031","501,950012",1,2,2024-01-14
2024-01-14 06:00:00,"269,17730712890625","534,390015",1,2,2024-01-14
2024-01-14 07:00:00,"328,327392578125","572,280029",1,2,2024-01-14
2024-01-14 08:00:00,"373,4444885253906","605,090027",1,2,2024-01-14
2024-01-14 09:00:00,"380,2994689941406","601,289978",1,2,2024-01-14
2024-01-14 10:00:00,"396,363525390625","610,309998",1,2,2024-01-14
2024-01-14 11:00:00,"414,6249084472656","599,5",1,2,2024-01-14
2024-01-14 12:00:00,"369,1387023925781","574,52002",1,2,2024-01-14
2024-01-14 13:00:00,"420,1125793457031","590,25",1,2,2024-01-14
2024-01-14 14:00:00,"423,6496887207031","613,890015",1,2,2024-01-14
2024-01-14 15:00:00,"448,2373046875","645,960022",1,2,2024-01-14
2024-01-14 16:00:00,"451,19512939453125","685,030029",1,2,2024-01-14
2024-01-14 17:00:00,"453,65045166015625","705,76001",1,2,2024-01-14
2024-01-14 18:00:00,"406,06085205078125","635,809998",1,2,2024-01-14
2024-01-14 19:00:00,"324,83087158203125","589,580017",1,2,2024-01-14
2024-01-14 20:00:00,"327,5101318359375","586,150024",1,2,2024-01-14
2024-01-14 21:00:00,"336,6672668457031","562,210022",1,2,2024-01-14
2024-01-14 22:00:00,"264,6611022949219","501,059998",1,2,2024-01-14
2024-01-14 23:00:00,"253,57386779785156","506,350006",1,2,2024-01-14
2024-01-15 00:00:00,"277,58233642578125","484,730011",1,3,2024-01-15
2024-01-15 01:00:00,"277,6750183105469","476,820007",1,3,2024-01-15
2024-01-15 02:00:00,"241,49183654785156","462,649994",1,3,2024-01-15
2024-01-15 03:00:00,"230,0533447265625","462,649994",1,3,2024-01-15
2024-01-15 04:00:00,"240,1222686767578","516,419983",1,3,2024-01-15
2024-01-15 05:00:00,"262,0876770019531","596,219971",1,3,2024-01-15
2024-01-15 06:00:00,"314,8210144042969","625,22998",1,3,2024-01-15
2024-01-15 07:00:00,"377,22216796875","740,52002",1,3,2024-01-15
2024-01-15 08:00:00,"367,1184387207031","747,900024",1,3,2024-01-15
2024-01-15 09:00:00,"371,6609802246094","707,549988",1,3,2024-01-15
2024-01-15 10:00:00,"362,45684814453125","673,099976",1,3,2024-01-15
2024-01-15 11:00:00,"380,5084228515625","625,369995",1,3,2024-01-15
2024-01-15 12:00:00,"396,7557678222656","612,619995",1,3,2024-01-15
2024-01-15 13:00:00,"406,4923400878906","630,150024",1,3,2024-01-15
2024-01-15 14:00:00,"410,8891296386719","666,98999",1,3,2024-01-15
2024-01-15 15:00:00,"492,3517761230469","745,140015",1,3,2024-01-15
2024-01-15 16:00:00,"523,4623413085938","813,450012",1,3,2024-01-15
2024-01-15 17:00:00,"547,0634155273438","861,849976",1,3,2024-01-15
2024-01-15 18:00:00,"490,69903564453125","825,22998",1,3,2024-01-15
2024-01-15 19:00:00,"478,7416687011719","769,22998",1,3,2024-01-15
2024-01-15 20:00:00,"428,8177185058594","693,159973",1,3,2024-01-15
2024-01-15 21:00:00,"436,0311584472656","667,359985",1,3,2024-01-15
2024-01-15 22:00:00,"339,14129638671875","644,539978",1,3,2024-01-15
2024-01-15 23:00:00,"324,8862609863281","607,469971",1,3,2024-01-15
2024-01-16 00:00:00,"332,0382995605469","607,099976",1,3,2024-01-16
2024-01-16 01:00:00,"335,5859375","597,179993",1,3,2024-01-16
2024-01-16 02:00:00,"313,14703369140625","583,679993",1,3,2024-01-16
2024-01-16 03:00:00,"325,421630859375","578,679993",1,3,2024-01-16
2024-01-16 04:00:00,"341,4090576171875","622,390015",1,3,2024-01-16
2024-01-16 05:00:00,"441,3328552246094","701,590027",1,3,2024-01-16
2024-01-16 06:00:00,"474,0004577636719","855,97998",1,3,2024-01-16
2024-01-16 07:00:00,"490,3995056152344","1119,849976",1,3,2024-01-16
2024-01-16 08:00:00,"488,3719482421875","1121,119995",1,3,2024-01-16
2024-01-16 09:00:00,"486,60406494140625","1039,670044",1,3,2024-01-16
2024-01-16 10:00:00,"462,6448669433594","871,940002",1,3,2024-01-16
2024-01-16 11:00:00,"457,8926696777344","771,400024",1,3,2024-01-16
2024-01-16 12:00:00,"467,08660888671875","708,380005",1,3,2024-01-16
2024-01-16 13:00:00,"491,39697265625","715,98999",1,3,2024-01-16
2024-01-16 14:00:00,"548,1918334960938","822,27002",1,3,2024-01-16
2024-01-16 15:00:00,"642,49755859375","830,77002",1,3,2024-01-16
2024-01-16 16:00:00,"677,0060424804688","955,77002",1,3,2024-01-16
2024-01-16 17:00:00,"683,9818725585938","949,5",1,3,2024-01-16
2024-01-16 18:00:00,"633,7835693359375","833,599976",1,3,2024-01-16
2024-01-16 19:00:00,"579,8419799804688","712,179993",1,3,2024-01-16
2024-01-16 20:00:00,"544,6678466796875","642,969971",1,3,2024-01-16
2024-01-16 21:00:00,"501,3298645019531","611,869995",1,3,2024-01-16
2024-01-16 22:00:00,"389,6329040527344","579,429993",1,3,2024-01-16
2024-01-16 23:00:00,"326,8507995605469","506,070007",1,3,2024-01-16
2024-01-17 00:00:00,"333,9171142578125","502,269989",1,3,2024-01-17
2024-01-17 01:00:00,"337,5152282714844","495,779999",1,3,2024-01-17
2024-01-17 02:00:00,"333,70770263671875","489,220001",1,3,2024-01-17
2024-01-17 03:00:00,"329,1772155761719","487,429993",1,3,2024-01-17
2024-01-17 04:00:00,"332,79345703125","487,209991",1,3,2024-01-17
2024-01-17 05:00:00,"427,2062683105469","499,209991",1,3,2024-01-17
2024-01-17 06:00:00,"557,856201171875","591,23999",1,3,2024-01-17
2024-01-17 07:00:00,"659,8897705078125","715,929993",1,3,2024-01-17
2024-01-17 08:00:00,"658,2494506835938","767,159973",1,3,2024-01-17
2024-01-17 09:00:00,"631,5650634765625","797,289978",1,3,2024-01-17
2024-01-17 10:00:00,"596,2155151367188","802,890015",1,3,2024-01-17
2024-01-17 11:00:00,"577,7313842773438","877,840027",1,3,2024-01-17
2024-01-17 12:00:00,"576,0155029296875","907,590027",1,3,2024-01-17
2024-01-17 13:00:00,"604,6681518554688","907,890015",1,3,2024-01-17
2024-01-17 14:00:00,"657,6841430664062","935,630005",1,3,2024-01-17
2024-01-17 15:00:00,"719,1087036132812","958,75",1,3,2024-01-17
2024-01-17 16:00:00,"761,4430541992188","1047,939941",1,3,2024-01-17
2024-01-17 17:00:00,"720,6088256835938","921,690002",1,3,2024-01-17
2024-01-17 18:00:00,"668,0892333984375","852,26001",1,3,2024-01-17
2024-01-17 19:00:00,"611,43505859375","818,849976",1,3,2024-01-17
2024-01-17 20:00:00,"542,0003051757812","753,890015",1,3,2024-01-17
2024-01-17 21:00:00,"495,02813720703125","703,099976",1,3,2024-01-17
2024-01-17 22:00:00,"384,23785400390625","627,710022",1,3,2024-01-17
2024-01-17 23:00:00,"421,21221923828125","606,580017",1,3,2024-01-17
2024-01-18 00:00:00,"323,6366271972656","575,780029",1,3,2024-01-18
2024-01-18 01:00:00,"284,9383544921875","561,530029",1,3,2024-01-18
2024-01-18 02:00:00,"284,4169006347656","558,700012",1,3,2024-01-18
2024-01-18 03:00:00,"302,6409912109375","578,539978",1,3,2024-01-18
2024-01-18 04:00:00,"361,8907775878906","604,119995",1,3,2024-01-18
2024-01-18 05:00:00,"459,3302307128906","680,570007",1,3,2024-01-18
2024-01-18 06:00:00,"560,48681640625","831,969971",1,3,2024-01-18
2024-01-18 07:00:00,"634,3089599609375","938,919983",1,3,2024-01-18
2024-01-18 08:00:00,"641,5325927734375","911,179993",1,3,2024-01-18
2024-01-18 09:00:00,"595,185302734375","827,119995",1,3,2024-01-18
2024-01-18 10:00:00,"547,4859008789062","805,119995",1,3,2024-01-18
2024-01-18 11:00:00,"495,3675231933594","697,719971",1,3,2024-01-18
2024-01-18 12:00:00,"476,1199645996094","653,48999",1,3,2024-01-18
2024-01-18 13:00:00,"537,7088623046875","644,619995",1,3,2024-01-18
2024-01-18 14:00:00,"635,38818359375","702,940002",1,3,2024-01-18
2024-01-18 15:00:00,"700,910400390625","742,25",1,3,2024-01-18
2024-01-18 16:00:00,"799,5275268554688","780,72998",1,3,2024-01-18
2024-01-18 17:00:00,"816,2854614257812","770,140015",1,3,2024-01-18
2024-01-18 18:00:00,"728,2467041015625","705,030029",1,3,2024-01-18
2024-01-18 19:00:00,"622,3895874023438","648,650024",1,3,2024-01-18
2024-01-18 20:00:00,"553,89208984375","605,090027",1,3,2024-01-18
2024-01-18 21:00:00,"555,0687866210938","577,48999",1,3,2024-01-18
2024-01-18 22:00:00,"511,45458984375","532,0",1,3,2024-01-18
2024-01-18 23:00:00,"477,20306396484375","510,089996",1,3,2024-01-18
2024-01-19 00:00:00,"452,1155700683594","487,269989",1,3,2024-01-19
2024-01-19 01:00:00,"454,2580871582031","477,649994",1,3,2024-01-19
2024-01-19 02:00:00,"432,0098876953125","468,029999",1,3,2024-01-19
2024-01-19 03:00:00,"424,1007385253906","472,209991",1,3,2024-01-19
2024-01-19 04:00:00,"452,59344482421875","491,079987",1,3,2024-01-19
2024-01-19 05:00:00,"451,5950012207031","564,830017",1,3,2024-01-19
2024-01-19 06:00:00,"588,6972045898438","639,330017",1,3,2024-01-19
2024-01-19 07:00:00,"673,8949584960938","776,030029",1,3,2024-01-19
2024-01-19 08:00:00,"654,767333984375","767,0",1,3,2024-01-19
2024-01-19 09:00:00,"664,76025390625","709,580017",1,3,2024-01-19
2024-01-19 10:00:00,"649,8350219726562","644,030029",1,3,2024-01-19
2024-01-19 11:00:00,"561,1727294921875","572,960022",1,3,2024-01-19
2024-01-19 12:00:00,"571,2562255859375","547,01001",1,3,2024-01-19
2024-01-19 13:00:00,"635,8049926757812","560,880005",1,3,2024-01-19
2024-01-19 14:00:00,"673,9328002929688","577,580017",1,3,2024-01-19
2024-01-19 15:00:00,"699,427734375","631,570007",1,3,2024-01-19
2024-01-19 16:00:00,"838,9469604492188","698,02002",1,3,2024-01-19
2024-01-19 17:00:00,"766,4266967773438","656,630005",1,3,2024-01-19
2024-01-19 18:00:00,"667,0843505859375","576,98999",1,3,2024-01-19
2024-01-19 19:00:00,"575,7007446289062","551,849976",1,3,2024-01-19
2024-01-19 20:00:00,"510,34893798828125","530,380005",1,3,2024-01-19
2024-01-19 21:00:00,"516,5674438476562","511,880005",1,3,2024-01-19
2024-01-19 22:00:00,"497,1695556640625","482,869995",1,3,2024-01-19
2024-01-19 23:00:00,"457,7392272949219","492,200012",1,3,2024-01-19
2024-01-20 00:00:00,"459,6710510253906","473,179993",1,3,2024-01-20
2024-01-20 01:00:00,"454,0381774902344","473,850006",1,3,2024-01-20
2024-01-20 02:00:00,"438,9721984863281","461,019989",1,3,2024-01-20
2024-01-20 03:00:00,"433,11767578125","461,25",1,3,2024-01-20
2024-01-20 04:00:00,"381,5455017089844","460,5",1,3,2024-01-20
2024-01-20 05:00:00,"395,48858642578125","466,769989",1,3,2024-01-20
2024-01-20 06:00:00,"428,5882568359375","498,910004",1,3,2024-01-20
2024-01-20 07:00:00,"478,3424987792969","557,969971",1,3,2024-01-20
2024-01-20 08:00:00,"490,4925842285156","580,940002",1,3,2024-01-20
2024-01-20 09:00:00,"479,6116638183594","535,450012",1,3,2024-01-20
2024-01-20 10:00:00,"486,4681091308594","527,77002",1,3,2024-01-20
2024-01-20 11:00:00,"491,7781677246094","505,100006",1,3,2024-01-20
2024-01-20 12:00:00,"498,8600769042969","512,929993",1,3,2024-01-20
2024-01-20 13:00:00,"536,7937622070312","547,309998",1,3,2024-01-20
2024-01-20 14:00:00,"585,4012451171875","589,960022",1,3,2024-01-20
2024-01-20 15:00:00,"639,09130859375","654,77002",1,3,2024-01-20
2024-01-20 16:00:00,"639,93212890625","707,940002",1,3,2024-01-20
2024-01-20 17:00:00,"640,5775756835938","744,780029",1,3,2024-01-20
2024-01-20 18:00:00,"612,0616455078125","682,880005",1,3,2024-01-20
2024-01-20 19:00:00,"590,2435302734375","596,599976",1,3,2024-01-20
2024-01-20 20:00:00,"560,4365234375","547,309998",1,3,2024-01-20
2024-01-20 21:00:00,"515,5567016601562","525,159973",1,3,2024-01-20
2024-01-20 22:00:00,"480,76617431640625","499,579987",1,3,2024-01-20
2024-01-20 23:00:00,"471,765869140625","445,26001",1,3,2024-01-20
2024-01-21 00:00:00,"439,17877197265625","429,230011",1,3,2024-01-21
2024-01-21 01:00:00,"397,5544738769531","411,329987",1,3,2024-01-21
2024-01-21 02:00:00,"403,7787780761719","379,549988",1,3,2024-01-21
2024-01-21 03:00:00,"397,0130310058594","361,799988",1,3,2024-01-21
2024-01-21 04:00:00,"411,0057373046875","353,899994",1,3,2024-01-21
2024-01-21 05:00:00,"389,5052490234375","339,579987",1,3,2024-01-21
2024-01-21 06:00:00,"450,3609313964844","327,869995",1,3,2024-01-21
2024-01-21 07:00:00,"456,64813232421875","383,059998",1,3,2024-01-21
2024-01-21 08:00:00,"451,1567077636719","405,429993",1,3,2024-01-21
2024-01-21 09:00:00,"469,4338684082031","343,529999",1,3,2024-01-21
2024-01-21 10:00:00,"475,6744079589844","363,0",1,3,2024-01-21
2024-01-21 11:00:00,"448,4123840332031","287,0",1,3,2024-01-21
2024-01-21 12:00:00,"448,7347412109375","281,100006",1,3,2024-01-21
2024-01-21 13:00:00,"459,7803649902344","330,399994",1,3,2024-01-21
2024-01-21 14:00:00,"491,1776428222656","365,76001",1,3,2024-01-21
2024-01-21 15:00:00,"491,5489501953125","371,649994",1,3,2024-01-21
2024-01-21 16:00:00,"549,9574584960938","422,51001",1,3,2024-01-21
2024-01-21 17:00:00,"560,2014770507812","458,309998",1,3,2024-01-21
2024-01-21 18:00:00,"496,7598571777344","437,359985",1,3,2024-01-21
2024-01-21 19:00:00,"483,5973815917969","384,100006",1,3,2024-01-21
2024-01-21 20:00:00,"465,0212707519531","391,26001",1,3,2024-01-21
2024-01-21 21:00:00,"451,93743896484375","375,829987",1,3,2024-01-21
2024-01-21 22:00:00,"434,0990905761719","294,309998",1,3,2024-01-21
2024-01-21 23:00:00,"429,4158020019531","273,420013",1,3,2024-01-21
2024-01-22 00:00:00,"409,5506286621094","165,869995",1,4,2024-01-22
2024-01-22 01:00:00,"410,9245300292969","138,869995",1,4,2024-01-22
2024-01-22 02:00:00,"340,151611328125","37,59",1,4,2024-01-22
2024-01-22 03:00:00,"337,70770263671875","37,740002",1,4,2024-01-22
2024-01-22 04:00:00,"413,702880859375","149,169998",1,4,2024-01-22
2024-01-22 05:00:00,"428,8505554199219","302,059998",1,4,2024-01-22
2024-01-22 06:00:00,"449,98638916015625","451,01001",1,4,2024-01-22
2024-01-22 07:00:00,"501,8045959472656","495,829987",1,4,2024-01-22
2024-01-22 08:00:00,"507,3907470703125","429,450012",1,4,2024-01-22
2024-01-22 09:00:00,"499,4644775390625","459,059998",1,4,2024-01-22
2024-01-22 10:00:00,"444,8262939453125","451,970001",1,4,2024-01-22
2024-01-22 11:00:00,"415,6420593261719","424,529999",1,4,2024-01-22
2024-01-22 12:00:00,"397,229248046875","423,040009",1,4,2024-01-22
2024-01-22 13:00:00,"452,17388916015625","434,299988",1,4,2024-01-22
2024-01-22 14:00:00,"480,5237121582031","445,48999",1,4,2024-01-22
2024-01-22 15:00:00,"700,9358520507812","447,429993",1,4,2024-01-22
2024-01-22 16:00:00,"764,6336669921875","461,299988",1,4,2024-01-22
2024-01-22 17:00:00,"778,6716918945312","455,179993",1,4,2024-01-22
2024-01-22 18:00:00,"793,2310180664062","447,720001",1,4,2024-01-22
2024-01-22 19:00:00,"733,006103515625","444,519989",1,4,2024-01-22
2024-01-22 20:00:00,"651,146240234375","425,119995",1,4,2024-01-22
2024-01-22 21:00:00,"623,532470703125","416,850006",1,4,2024-01-22
2024-01-22 22:00:00,"569,1483764648438","372,019989",1,4,2024-01-22
2024-01-22 23:00:00,"527,765625","121,040001",1,4,2024-01-22
2024-01-23 00:00:00,"466,9183044433594","75,330002",1,4,2024-01-23
2024-01-23 01:00:00,"460,5174560546875","69,879997",1,4,2024-01-23
2024-01-23 02:00:00,"445,7811584472656","31,1",1,4,2024-01-23
2024-01-23 03:00:00,"433,4504699707031","76,220001",1,4,2024-01-23
2024-01-23 04:00:00,"464,9640197753906","292,579987",1,4,2024-01-23
2024-01-23 05:00:00,"621,96533203125","439,940002",1,4,2024-01-23
2024-01-23 06:00:00,"765,376708984375","454,410004",1,4,2024-01-23
2024-01-23 07:00:00,"897,4202880859375","461,649994",1,4,2024-01-23
2024-01-23 08:00:00,"865,125732421875","455,76001",1,4,2024-01-23
2024-01-23 09:00:00,"860,0205078125","447,25",1,4,2024-01-23
2024-01-23 10:00:00,"773,4115600585938","443,299988",1,4,2024-01-23
2024-01-23 11:00:00,"682,330322265625","441,059998",1,4,2024-01-23
2024-01-23 12:00:00,"669,9759521484375","443,230011",1,4,2024-01-23
2024-01-23 13:00:00,"719,7235107421875","461,649994",1,4,2024-01-23
2024-01-23 14:00:00,"770,1150512695312","468,059998",1,4,2024-01-23
2024-01-23 15:00:00,"869,9326782226562","494,390015",1,4,2024-01-23
2024-01-23 16:00:00,"895,1985473632812","510,570007",1,4,2024-01-23
2024-01-23 17:00:00,"881,470458984375","498,040009",1,4,2024-01-23
2024-01-23 18:00:00,"731,1416015625","472,390015",1,4,2024-01-23
2024-01-23 19:00:00,"637,9931030273438","450,910004",1,4,2024-01-23
2024-01-23 20:00:00,"552,1836547851562","400,790009",1,4,2024-01-23
2024-01-23 21:00:00,"543,954345703125","338,290009",1,4,2024-01-23
2024-01-23 22:00:00,"472,19683837890625","248,050003",1,4,2024-01-23
2024-01-23 23:00:00,"432,9429016113281","22,74",1,4,2024-01-23
2024-01-24 00:00:00,"420,82269287109375","-0,22",1,4,2024-01-24
2024-01-24 01:00:00,"425,61309814453125","0,0",1,4,2024-01-24
2024-01-24 02:00:00,"406,3022766113281","-0,07",1,4,2024-01-24
2024-01-24 03:00:00,"414,5050354003906","-0,15",1,4,2024-01-24
2024-01-24 04:00:00,"445,02197265625","-1,34",1,4,2024-01-24
2024-01-24 05:00:00,"484,99072265625","110,07",1,4,2024-01-24
2024-01-24 06:00:00,"559,212158203125","313,869995",1,4,2024-01-24
2024-01-24 07:00:00,"653,4088134765625","373,380005",1,4,2024-01-24
2024-01-24 08:00:00,"692,4849243164062","369,429993",1,4,2024-01-24
2024-01-24 09:00:00,"629,02001953125","373,600006",1,4,2024-01-24
2024-01-24 10:00:00,"608,6206665039062","378,670013",1,4,2024-01-24
2024-01-24 11:00:00,"596,3367919921875","293,209991",1,4,2024-01-24
2024-01-24 12:00:00,"604,5609741210938","271,73999",1,4,2024-01-24
2024-01-24 13:00:00,"665,4617919921875","335,869995",1,4,2024-01-24
2024-01-24 14:00:00,"727,5462036132812","372,480011",1,4,2024-01-24
2024-01-24 15:00:00,"862,875244140625","378,820007",1,4,2024-01-24
2024-01-24 16:00:00,"966,692138671875","404,25",1,4,2024-01-24
2024-01-24 17:00:00,"895,0226440429688","397,609985",1,4,2024-01-24
2024-01-24 18:00:00,"838,3130493164062","373,529999",1,4,2024-01-24
2024-01-24 19:00:00,"713,602294921875","314,540009",1,4,2024-01-24
2024-01-24 20:00:00,"711,8744506835938","298,579987",1,4,2024-01-24
2024-01-24 21:00:00,"662,8552856445312","313,269989",1,4,2024-01-24
2024-01-24 22:00:00,"588,1295166015625","287,320007",1,4,2024-01-24
2024-01-24 23:00:00,"561,1970825195312","330,630005",1,4,2024-01-24
2024-01-25 00:00:00,"493,5865173339844","335,98999",1,4,2024-01-25
2024-01-25 01:00:00,"449,2692565917969","323,170013",1,4,2024-01-25
2024-01-25 02:00:00,"406,84393310546875","334,950012",1,4,2024-01-25
2024-01-25 03:00:00,"401,52447509765625","344,640015",1,4,2024-01-25
2024-01-25 04:00:00,"512,2566528320312","390,579987",1,4,2024-01-25
2024-01-25 05:00:00,"620,2446899414062","432,709991",1,4,2024-01-25
2024-01-25 06:00:00,"765,33349609375","492,51001",1,4,2024-01-25
2024-01-25 07:00:00,"886,2716674804688","663,789978",1,4,2024-01-25
2024-01-25 08:00:00,"854,3480224609375","635,679993",1,4,2024-01-25
2024-01-25 09:00:00,"764,28369140625","606,599976",1,4,2024-01-25
2024-01-25 10:00:00,"706,3340454101562","568,340027",1,4,2024-01-25
2024-01-25 11:00:00,"675,0572509765625","545,450012",1,4,2024-01-25
2024-01-25 12:00:00,"658,8849487304688","566,630005",1,4,2024-01-25
2024-01-25 13:00:00,"704,1609497070312","633,659973",1,4,2024-01-25
2024-01-25 14:00:00,"775,6011352539062","686,530029",1,4,2024-01-25
2024-01-25 15:00:00,"898,9179077148438","755,950012",1,4,2024-01-25
2024-01-25 16:00:00,"987,7496948242188","920,0",1,4,2024-01-25
2024-01-25 17:00:00,"959,10888671875","861,539978",1,4,2024-01-25
2024-01-25 18:00:00,"839,8064575195312","736,640015",1,4,2024-01-25
2024-01-25 19:00:00,"756,45263671875","679,070007",1,4,2024-01-25
2024-01-25 20:00:00,"705,3768920898438","643,580017",1,4,2024-01-25
2024-01-25 21:00:00,"670,4598999023438","599,73999",1,4,2024-01-25
2024-01-25 22:00:00,"635,3704223632812","560,440002",1,4,2024-01-25
2024-01-25 23:00:00,"609,3946533203125","468,200012",1,4,2024-01-25
2024-01-26 00:00:00,"592,7000732421875","461,940002",1,4,2024-01-26
2024-01-26 01:00:00,"587,3566284179688","436,070007",1,4,2024-01-26
2024-01-26 02:00:00,"563,5438842773438","408,480011",1,4,2024-01-26
2024-01-26 03:00:00,"553,9498291015625","355,029999",1,4,2024-01-26
2024-01-26 04:00:00,"575,58154296875","377,619995",1,4,2024-01-26
2024-01-26 05:00:00,"605,8784790039062","419,519989",1,4,2024-01-26
2024-01-26 06:00:00,"741,4047241210938","469,470001",1,4,2024-01-26
2024-01-26 07:00:00,"872,1021728515625","484,149994",1,4,2024-01-26
2024-01-26 08:00:00,"881,994873046875","475,660004",1,4,2024-01-26
2024-01-26 09:00:00,"814,2252807617188","456,420013",1,4,2024-01-26
2024-01-26 10:00:00,"772,5648193359375","437,929993",1,4,2024-01-26
2024-01-26 11:00:00,"763,2691650390625","389,769989",1,4,2024-01-26
2024-01-26 12:00:00,"723,2490844726562","346,450012",1,4,2024-01-26
2024-01-26 13:00:00,"742,6528930664062","367,399994",1,4,2024-01-26
2024-01-26 14:00:00,"769,8406372070312","373,589996",1,4,2024-01-26
2024-01-26 15:00:00,"1018,3424682617188","393,200012",1,4,2024-01-26
2024-01-26 16:00:00,"1006,2236938476562","427,720001",1,4,2024-01-26
2024-01-26 17:00:00,"915,253173828125","412,140015",1,4,2024-01-26
2024-01-26 18:00:00,"833,87353515625","406,540009",1,4,2024-01-26
2024-01-26 19:00:00,"693,1943359375","404,980011",1,4,2024-01-26
2024-01-26 20:00:00,"653,5866088867188","405,200012",1,4,2024-01-26
2024-01-26 21:00:00,"608,6654052734375","405,5",1,4,2024-01-26
2024-01-26 22:00:00,"535,123291015625","400,429993",1,4,2024-01-26
2024-01-26 23:00:00,"568,2390747070312","405,869995",1,4,2024-01-26
2024-01-27 00:00:00,"569,43994140625","410,26001",1,4,2024-01-27
2024-01-27 01:00:00,"553,0247802734375","419,059998",1,4,2024-01-27
2024-01-27 02:00:00,"535,525634765625","410,410004",1,4,2024-01-27
2024-01-27 03:00:00,"533,7794799804688","415,559998",1,4,2024-01-27
2024-01-27 04:00:00,"543,3209838867188","423,679993",1,4,2024-01-27
2024-01-27 05:00:00,"547,3116455078125","426,73999",1,4,2024-01-27
2024-01-27 06:00:00,"590,70947265625","431,359985",1,4,2024-01-27
2024-01-27 07:00:00,"612,396240234375","433,380005",1,4,2024-01-27
2024-01-27 08:00:00,"616,7567749023438","436,130005",1,4,2024-01-27
2024-01-27 09:00:00,"583,5947875976562","433,899994",1,4,2024-01-27
2024-01-27 10:00:00,"572,9696655273438","422,040009",1,4,2024-01-27
2024-01-27 11:00:00,"574,5542602539062","416,299988",1,4,2024-01-27
2024-01-27 12:00:00,"572,00146484375","401,690002",1,4,2024-01-27
2024-01-27 13:00:00,"590,0535888671875","440,910004",1,4,2024-01-27
2024-01-27 14:00:00,"590,8863525390625","432,029999",1,4,2024-01-27
2024-01-27 15:00:00,"671,2122192382812","439,339996",1,4,2024-01-27
2024-01-27 16:00:00,"693,0857543945312","460,359985",1,4,2024-01-27
2024-01-27 17:00:00,"672,0477294921875","457,079987",1,4,2024-01-27
2024-01-27 18:00:00,"646,1241455078125","443,070007",1,4,2024-01-27
2024-01-27 19:00:00,"621,2896728515625","433,970001",1,4,2024-01-27
2024-01-27 20:00:00,"600,492431640625","431,290009",1,4,2024-01-27
2024-01-27 21:00:00,"551,6141357421875","430,390015",1,4,2024-01-27
2024-01-27 22:00:00,"523,7373657226562","429,5",1,4,2024-01-27
2024-01-27 23:00:00,"531,0935668945312","497,75",1,4,2024-01-27
2024-01-28 00:00:00,"486,50018310546875","438,339996",1,4,2024-01-28
2024-01-28 01:00:00,"485,54754638671875","434,309998",1,4,2024-01-28
2024-01-28 02:00:00,"490,3343200683594","430,290009",1,4,2024-01-28
2024-01-28 03:00:00,"490,41302490234375","431,399994",1,4,2024-01-28
2024-01-28 04:00:00,"493,75738525390625","429,609985",1,4,2024-01-28
2024-01-28 05:00:00,"493,2292785644531","430,290009",1,4,2024-01-28
2024-01-28 06:00:00,"491,7659606933594","439,679993",1,4,2024-01-28
2024-01-28 07:00:00,"524,6353759765625","441,320007",1,4,2024-01-28
2024-01-28 08:00:00,"528,0877075195312","410,609985",1,4,2024-01-28
2024-01-28 09:00:00,"522,59423828125","381,380005",1,4,2024-01-28
2024-01-28 10:00:00,"511,0931091308594","341,049988",1,4,2024-01-28
2024-01-28 11:00:00,"500,84881591796875","309,970001",1,4,2024-01-28
2024-01-28 12:00:00,"462,9749450683594","298,859985",1,4,2024-01-28
2024-01-28 13:00:00,"506,9613952636719","377,579987",1,4,2024-01-28
2024-01-28 14:00:00,"540,0802001953125","420,519989",1,4,2024-01-28
2024-01-28 15:00:00,"602,2317504882812","431,850006",1,4,2024-01-28
2024-01-28 16:00:00,"625,2267456054688","431,329987",1,4,2024-01-28
2024-01-28 17:00:00,"656,85791015625","427,380005",1,4,2024-01-28
2024-01-28 18:00:00,"623,7379760742188","422,01001",1,4,2024-01-28
2024-01-28 19:00:00,"554,9427490234375","405,089996",1,4,2024-01-28
2024-01-28 20:00:00,"545,8143920898438","400,98999",1,4,2024-01-28
2024-01-28 21:00:00,"548,4527587890625","400,390015",1,4,2024-01-28
2024-01-28 22:00:00,"486,134521484375","392,790009",1,4,2024-01-28
2024-01-28 23:00:00,"480,8282470703125","363,339996",1,4,2024-01-28
2024-04-01 00:00:00,"413,17364501953125","343,549988",2,1,2024-04-01
2024-04-01 01:00:00,"417,5403137207031","325,049988",2,1,2024-04-01
2024-04-01 02:00:00,"421,2749328613281","368,459991",2,1,2024-04-01
2024-04-01 03:00:00,"439,2586975097656","390,459991",2,1,2024-04-01
2024-04-01 04:00:00,"499,60198974609375","437,899994",2,1,2024-04-01
2024-04-01 05:00:00,"597,5070190429688","481,01001",2,1,2024-04-01
2024-04-01 06:00:00,"702,884765625","437,899994",2,1,2024-04-01
2024-04-01 07:00:00,"668,8598022460938","454,160004",2,1,2024-04-01
2024-04-01 08:00:00,"570,6105346679688","405,450012",2,1,2024-04-01
2024-04-01 09:00:00,"534,7053833007812","334,0",2,1,2024-04-01
2024-04-01 10:00:00,"478,886474609375","363,609985",2,1,2024-04-01
2024-04-01 11:00:00,"457,7259521484375","262,470001",2,1,2024-04-01
2024-04-01 12:00:00,"454,8955383300781","253,740005",2,1,2024-04-01
2024-04-01 13:00:00,"475,2676086425781","325,799988",2,1,2024-04-01
2024-04-01 14:00:00,"526,0767211914062","331,170013",2,1,2024-04-01
2024-04-01 15:00:00,"568,1948852539062","304,089996",2,1,2024-04-01
2024-04-01 16:00:00,"707,6145629882812","364,429993",2,1,2024-04-01
2024-04-01 17:00:00,"945,5208740234375","373,529999",2,1,2024-04-01
2024-04-01 18:00:00,"891,0156860351562","381,290009",2,1,2024-04-01
2024-04-01 19:00:00,"759,2805786132812","365,399994",2,1,2024-04-01
2024-04-01 20:00:00,"627,20166015625","305,809998",2,1,2024-04-01
2024-04-01 21:00:00,"575,4599609375","221,0",2,1,2024-04-01
2024-04-01 22:00:00,"525,5120849609375","323,410004",2,1,2024-04-01
2024-04-01 23:00:00,"504,08441162109375","270,970001",2,1,2024-04-01
2024-04-02 00:00:00,"513,361328125","122,769997",2,1,2024-04-02
2024-04-02 01:00:00,"522,943359375","56,240002",2,1,2024-04-02
2024-04-02 02:00:00,"510,7332763671875","14,47",2,1,2024-04-02
2024-04-02 03:00:00,"504,37542724609375","54,220001",2,1,2024-04-02
2024-04-02 04:00:00,"511,4427490234375","426,790009",2,1,2024-04-02
2024-04-02 05:00:00,"572,6243896484375","554,630005",2,1,2024-04-02
2024-04-02 06:00:00,"705,0177001953125","514,130005",2,1,2024-04-02
2024-04-02 07:00:00,"653,8128662109375","350,410004",2,1,2024-04-02
2024-04-02 08:00:00,"566,37744140625","285,589996",2,1,2024-04-02
2024-04-02 09:00:00,"483,32513427734375","293,130005",2,1,2024-04-02
2024-04-02 10:00:00,"445,4696350097656","298,869995",2,1,2024-04-02
2024-04-02 11:00:00,"396,4338684082031","325,420013",2,1,2024-04-02
2024-04-02 12:00:00,"427,57891845703125","248,970001",2,1,2024-04-02
2024-04-02 13:00:00,"443,4562072753906","187,210007",2,1,2024-04-02
2024-04-02 14:00:00,"503,1510009765625","65,860001",2,1,2024-04-02
2024-04-02 15:00:00,"566,6091918945312","309,23999",2,1,2024-04-02
2024-04-02 16:00:00,"679,4024047851562","542,25",2,1,2024-04-02
2024-04-02 17:00:00,"814,2191772460938","711,48999",2,1,2024-04-02
2024-04-02 18:00:00,"794,5093994140625","707,679993",2,1,2024-04-02
2024-04-02 19:00:00,"702,4602661132812","582,75",2,1,2024-04-02
2024-04-02 20:00:00,"630,5523681640625","558,359985",2,1,2024-04-02
2024-04-02 21:00:00,"574,95703125","528,669983",2,1,2024-04-02
2024-04-02 22:00:00,"535,4964599609375","552,840027",2,1,2024-04-02
2024-04-02 23:00:00,"470,7801513671875","535,090027",2,1,2024-04-02
2024-04-03 00:00:00,"456,0118103027344","522,419983",2,1,2024-04-03
2024-04-03 01:00:00,"450,864013671875","482,220001",2,1,2024-04-03
2024-04-03 02:00:00,"449,9898681640625","483,929993",2,1,2024-04-03
2024-04-03 03:00:00,"450,19036865234375","512,570007",2,1,2024-04-03
2024-04-03 04:00:00,"529,4491577148438","707,820007",2,1,2024-04-03
2024-04-03 05:00:00,"609,1032104492188","879,48999",2,1,2024-04-03
2024-04-03 06:00:00,"671,1348266601562","879,48999",2,1,2024-04-03
2024-04-03 07:00:00,"624,8596801757812","753,080017",2,1,2024-04-03
2024-04-03 08:00:00,"523,5357055664062","800,590027",2,1,2024-04-03
2024-04-03 09:00:00,"450,58026123046875","677,23999",2,1,2024-04-03
2024-04-03 10:00:00,"455,293701171875","611,76001",2,1,2024-04-03
2024-04-03 11:00:00,"454,3022766113281","573,349976",2,1,2024-04-03
2024-04-03 12:00:00,"449,3511657714844","544,710022",2,1,2024-04-03
2024-04-03 13:00:00,"468,31793212890625","438,290009",2,1,2024-04-03
2024-04-03 14:00:00,"500,28314208984375","454,700012",2,1,2024-04-03
2024-04-03 15:00:00,"547,5669555664062","524,359985",2,1,2024-04-03
2024-04-03 16:00:00,"654,6994018554688","633,909973",2,1,2024-04-03
2024-04-03 17:00:00,"807,96826171875","794,919983",2,1,2024-04-03
2024-04-03 18:00:00,"764,0576782226562","739,359985",2,1,2024-04-03
2024-04-03 19:00:00,"692,3272094726562","557,169983",2,1,2024-04-03
2024-04-03 20:00:00,"579,6452026367188","458,579987",2,1,2024-04-03
2024-04-03 21:00:00,"560,335693359375","412,640015",2,1,2024-04-03
2024-04-03 22:00:00,"454,2597961425781","406,619995",2,1,2024-04-03
2024-04-03 23:00:00,"442,7284240722656","387,899994",2,1,2024-04-03
2024-04-04 00:00:00,"456,498291015625","374,179993",2,1,2024-04-04
2024-04-04 01:00:00,"438,80133056640625","384,619995",2,1,2024-04-04
2024-04-04 02:00:00,"422,42596435546875","387,380005",2,1,2024-04-04
2024-04-04 03:00:00,"422,3057556152344","403,339996",2,1,2024-04-04
2024-04-04 04:00:00,"466,8958740234375","454,200012",2,1,2024-04-04
2024-04-04 05:00:00,"527,0589599609375","488,290009",2,1,2024-04-04
2024-04-04 06:00:00,"577,024658203125","561,830017",2,1,2024-04-04
2024-04-04 07:00:00,"585,5176391601562","535,419983",2,1,2024-04-04
2024-04-04 08:00:00,"530,7617797851562","515,880005",2,1,2024-04-04
2024-04-04 09:00:00,"446,0432434082031","470,309998",2,1,2024-04-04
2024-04-04 10:00:00,"367,5765380859375","433,170013",2,1,2024-04-04
2024-04-04 11:00:00,"332,7325439453125","419,299988",2,1,2024-04-04
2024-04-04 12:00:00,"324,5760192871094","413,850006",2,1,2024-04-04
2024-04-04 13:00:00,"314,55615234375","418,929993",2,1,2024-04-04
2024-04-04 14:00:00,"356,0866394042969","425,709991",2,1,2024-04-04
2024-04-04 15:00:00,"407,70062255859375","515,210022",2,1,2024-04-04
2024-04-04 16:00:00,"561,9094848632812","562,049988",2,1,2024-04-04
2024-04-04 17:00:00,"690,0972900390625","674,820007",2,1,2024-04-04
2024-04-04 18:00:00,"685,5576171875","520,580017",2,1,2024-04-04
2024-04-04 19:00:00,"566,28076171875","460,390015",2,1,2024-04-04
2024-04-04 20:00:00,"472,5842590332031","439,440002",2,1,2024-04-04
2024-04-04 21:00:00,"422,7087097167969","430,109985",2,1,2024-04-04
2024-04-04 22:00:00,"311,9129333496094","394,190002",2,1,2024-04-04
2024-04-04 23:00:00,"240,6724853515625","381,890015",2,1,2024-04-04
2024-04-05 00:00:00,"256,1398620605469","372,559998",2,1,2024-04-05
2024-04-05 01:00:00,"247,39288330078125","357,350006",2,1,2024-04-05
2024-04-05 02:00:00,"244,00411987304688","353,320007",2,1,2024-04-05
2024-04-05 03:00:00,"262,8558349609375","352,720001",2,1,2024-04-05
2024-04-05 04:00:00,"279,9629211425781","448,720001",2,1,2024-04-05
2024-04-05 05:00:00,"344,9870910644531","572,75",2,1,2024-04-05
2024-04-05 06:00:00,"403,63238525390625","596,700012",2,1,2024-04-05
2024-04-05 07:00:00,"385,56640625","504,130005",2,1,2024-04-05
2024-04-05 08:00:00,"327,64166259765625","376,660004",2,1,2024-04-05
2024-04-05 09:00:00,"285,83624267578125","339,670013",2,1,2024-04-05
2024-04-05 10:00:00,"262,4541320800781","331,390015",2,1,2024-04-05
2024-04-05 11:00:00,"233,8105010986328","298,570007",2,1,2024-04-05
2024-04-05 12:00:00,"236,81993103027344","276,48999",2,1,2024-04-05
2024-04-05 13:00:00,"277,0141906738281","176,699997",2,1,2024-04-05
2024-04-05 14:00:00,"324,556884765625","60,34",2,1,2024-04-05
2024-04-05 15:00:00,"415,2356872558594","279,399994",2,1,2024-04-05
2024-04-05 16:00:00,"514,98486328125","370,320007",2,1,2024-04-05
2024-04-05 17:00:00,"571,4901123046875","398,299988",2,1,2024-04-05
2024-04-05 18:00:00,"597,9466552734375","402,170013",2,1,2024-04-05
2024-04-05 19:00:00,"567,2598876953125","398,299988",2,1,2024-04-05
2024-04-05 20:00:00,"506,2237548828125","393,299988",2,1,2024-04-05
2024-04-05 21:00:00,"460,171142578125","370,100006",2,1,2024-04-05
2024-04-05 22:00:00,"401,5303039550781","315,579987",2,1,2024-04-05
2024-04-05 23:00:00,"381,48773193359375","326,549988",2,1,2024-04-05
2024-04-06 00:00:00,"400,815185546875","328,190002",2,1,2024-04-06
2024-04-06 01:00:00,"408,34814453125","334,679993",2,1,2024-04-06
2024-04-06 02:00:00,"391,32696533203125","354,369995",2,1,2024-04-06
2024-04-06 03:00:00,"382,64031982421875","359,890015",2,1,2024-04-06
2024-04-06 04:00:00,"405,65069580078125","372,5",2,1,2024-04-06
2024-04-06 05:00:00,"403,15185546875","382,339996",2,1,2024-04-06
2024-04-06 06:00:00,"371,5834655761719","374,660004",2,1,2024-04-06
2024-04-06 07:00:00,"334,40631103515625","359,890015",2,1,2024-04-06
2024-04-06 08:00:00,"289,16253662109375","219,440002",2,1,2024-04-06
2024-04-06 09:00:00,"190,3687286376953","34,310001",2,1,2024-04-06
2024-04-06 10:00:00,"163,4208526611328","123,07",2,1,2024-04-06
2024-04-06 11:00:00,"136,52706909179688","14,92",2,1,2024-04-06
2024-04-06 12:00:00,"51,404911041259766","0,3",2,1,2024-04-06
2024-04-06 13:00:00,"81,36922454833984","0,45",2,1,2024-04-06
2024-04-06 14:00:00,"183,8240203857422","0,75",2,1,2024-04-06
2024-04-06 15:00:00,"329,4779357910156","117,919998",2,1,2024-04-06
2024-04-06 16:00:00,"446,8838195800781","393,079987",2,1,2024-04-06
2024-04-06 17:00:00,"524,8247680664062","380,100006",2,1,2024-04-06
2024-04-06 18:00:00,"523,7059326171875","349,670013",2,1,2024-04-06
2024-04-06 19:00:00,"481,3016357421875","326,029999",2,1,2024-04-06
2024-04-06 20:00:00,"428,42559814453125","295,73999",2,1,2024-04-06
2024-04-06 21:00:00,"411,3496398925781","188,410004",2,1,2024-04-06
2024-04-06 22:00:00,"355,0364074707031","81,82",2,1,2024-04-06
2024-04-06 23:00:00,"353,4057922363281","0,67",2,1,2024-04-06
2024-04-07 00:00:00,"315,43505859375","0,0",2,1,2024-04-07
2024-04-07 01:00:00,"326,7903137207031","0,0",2,1,2024-04-07
2024-04-07 02:00:00,"339,80828857421875","0,0",2,1,2024-04-07
2024-04-07 03:00:00,"353,9580078125","0,0",2,1,2024-04-07
2024-04-07 04:00:00,"394,5562438964844","0,0",2,1,2024-04-07
2024-04-07 05:00:00,"390,4523620605469","0,0",2,1,2024-04-07
2024-04-07 06:00:00,"378,26348876953125","0,0",2,1,2024-04-07
2024-04-07 07:00:00,"325,8974304199219","-0,07",2,1,2024-04-07
2024-04-07 08:00:00,"318,9377746582031","-1,19",2,1,2024-04-07
2024-04-07 09:00:00,"230,45785522460938","-22,450001",2,1,2024-04-07
2024-04-07 10:00:00,"229,25059509277344","-30,58",2,1,2024-04-07
2024-04-07 11:00:00,"178,49928283691406","-48,849998",2,1,2024-04-07
2024-04-07 12:00:00,"189,0452117919922","-74,589996",2,1,2024-04-07
2024-04-07 13:00:00,"229,8028564453125","-37,59",2,1,2024-04-07
2024-04-07 14:00:00,"337,5680847167969","-1,19",2,1,2024-04-07
2024-04-07 15:00:00,"422,2273254394531","31,92",2,1,2024-04-07
2024-04-07 16:00:00,"556,8233032226562","288,799988",2,1,2024-04-07
2024-04-07 17:00:00,"654,7728881835938","343,98999",2,1,2024-04-07
2024-04-07 18:00:00,"620,2636108398438","356,450012",2,1,2024-04-07
2024-04-07 19:00:00,"541,4672241210938","359,579987",2,1,2024-04-07
2024-04-07 20:00:00,"475,5474548339844","340,779999",2,1,2024-04-07
2024-04-07 21:00:00,"436,85748291015625","318,859985",2,1,2024-04-07
2024-04-07 22:00:00,"380,58123779296875","308,339996",2,1,2024-04-07
2024-04-07 23:00:00,"374,4327087402344","295,140015",2,1,2024-04-07
2024-04-08 00:00:00,"417,73895263671875","292,079987",2,2,2024-04-08
2024-04-08 01:00:00,"453,2287902832031","312,290009",2,2,2024-04-08
2024-04-08 02:00:00,"437,9012451171875","328,480011",2,2,2024-04-08
2024-04-08 03:00:00,"447,0627136230469","334,589996",2,2,2024-04-08
2024-04-08 04:00:00,"550,6729125976562","376,730011",2,2,2024-04-08
2024-04-08 05:00:00,"631,0580444335938","396,5",2,2,2024-04-08
2024-04-08 06:00:00,"701,3739624023438","432,600006",2,2,2024-04-08
2024-04-08 07:00:00,"657,9966430664062","603,25",2,2,2024-04-08
2024-04-08 08:00:00,"595,3807373046875","402,910004",2,2,2024-04-08
2024-04-08 09:00:00,"516,7982788085938","399,480011",2,2,2024-04-08
2024-04-08 10:00:00,"387,3590393066406","397,100006",2,2,2024-04-08
2024-04-08 11:00:00,"381,76239013671875","421,859985",2,2,2024-04-08
2024-04-08 12:00:00,"396,247802734375","431,779999",2,2,2024-04-08
2024-04-08 13:00:00,"423,7251892089844","395,679993",2,2,2024-04-08
2024-04-08 14:00:00,"466,0265808105469","522,099976",2,2,2024-04-08
2024-04-08 15:00:00,"512,529296875","559,469971",2,2,2024-04-08
2024-04-08 16:00:00,"645,9473876953125","782,409973",2,2,2024-04-08
2024-04-08 17:00:00,"919,058349609375","1024,069946",2,2,2024-04-08
2024-04-08 18:00:00,"851,267578125","930,830017",2,2,2024-04-08
2024-04-08 19:00:00,"712,4594116210938","632,859985",2,2,2024-04-08
2024-04-08 20:00:00,"544,4959106445312","574,309998",2,2,2024-04-08
2024-04-08 21:00:00,"439,07110595703125","523,52002",2,2,2024-04-08
2024-04-08 22:00:00,"394,6213684082031","583,330017",2,2,2024-04-08
2024-04-08 23:00:00,"399,89837646484375","517,549988",2,2,2024-04-08
2024-04-09 00:00:00,"355,310302734375","482,790009",2,2,2024-04-09
2024-04-09 01:00:00,"372,1661376953125","440,200012",2,2,2024-04-09
2024-04-09 02:00:00,"352,4259338378906","453,779999",2,2,2024-04-09
2024-04-09 03:00:00,"384,8054504394531","488,390015",2,2,2024-04-09
2024-04-09 04:00:00,"510,8330383300781","575,799988",2,2,2024-04-09
2024-04-09 05:00:00,"625,5172119140625","670,900024",2,2,2024-04-09
2024-04-09 06:00:00,"658,357177734375","595,039978",2,2,2024-04-09
2024-04-09 07:00:00,"580,830810546875","509,420013",2,2,2024-04-09
2024-04-09 08:00:00,"484,4856872558594","384,559998",2,2,2024-04-09
2024-04-09 09:00:00,"339,9184875488281","328,029999",2,2,2024-04-09
2024-04-09 10:00:00,"325,8831481933594","268,880005",2,2,2024-04-09
2024-04-09 11:00:00,"292,8659362792969","75,260002",2,2,2024-04-09
2024-04-09 12:00:00,"291,58673095703125","78,309998",2,2,2024-04-09
2024-04-09 13:00:00,"348,3409729003906","216,600006",2,2,2024-04-09
2024-04-09 14:00:00,"348,6697692871094","285,440002",2,2,2024-04-09
2024-04-09 15:00:00,"493,75201416015625","372,179993",2,2,2024-04-09
2024-04-09 16:00:00,"626,5228271484375","390,899994",2,2,2024-04-09
2024-04-09 17:00:00,"783,28173828125","375,089996",2,2,2024-04-09
2024-04-09 18:00:00,"764,8458862304688","378,970001",2,2,2024-04-09
2024-04-09 19:00:00,"672,5433959960938","359,649994",2,2,2024-04-09
2024-04-09 20:00:00,"607,1763916015625","335,640015",2,2,2024-04-09
2024-04-09 21:00:00,"492,2280578613281","257,619995",2,2,2024-04-09
2024-04-09 22:00:00,"437,4339599609375","96,220001",2,2,2024-04-09
2024-04-09 23:00:00,"422,34326171875","38,040001",2,2,2024-04-09
2024-04-10 00:00:00,"390,91363525390625","37,290001",2,2,2024-04-10
2024-04-10 01:00:00,"445,7606506347656","67,050003",2,2,2024-04-10
2024-04-10 02:00:00,"439,1161804199219","184,229996",2,2,2024-04-10
2024-04-10 03:00:00,"439,25384521484375","261,059998",2,2,2024-04-10
2024-04-10 04:00:00,"555,91552734375","261,130005",2,2,2024-04-10
2024-04-10 05:00:00,"660,1819458007812","302,299988",2,2,2024-04-10
2024-04-10 06:00:00,"730,7654418945312","311,700012",2,2,2024-04-10
2024-04-10 07:00:00,"672,7227172851562","309,390015",2,2,2024-04-10
2024-04-10 08:00:00,"623,4330444335938","309,390015",2,2,2024-04-10
2024-04-10 09:00:00,"528,2965087890625","239,130005",2,2,2024-04-10
2024-04-10 10:00:00,"463,6645202636719","143,279999",2,2,2024-04-10
2024-04-10 11:00:00,"436,4518127441406","66,610001",2,2,2024-04-10
2024-04-10 12:00:00,"435,0417175292969","0,45",2,2,2024-04-10
2024-04-10 13:00:00,"476,0010070800781","2,09",2,2,2024-04-10
2024-04-10 14:00:00,"531,625732421875","39,529999",2,2,2024-04-10
2024-04-10 15:00:00,"616,9484252929688","122,169998",2,2,2024-04-10
2024-04-10 16:00:00,"701,4121704101562","616,469971",2,2,2024-04-10
2024-04-10 17:00:00,"917,4241943359375","1084,949951",2,2,2024-04-10
2024-04-10 18:00:00,"860,3696899414062","1052,430054",2,2,2024-04-10
2024-04-10 19:00:00,"761,0607299804688","722,380005",2,2,2024-04-10
2024-04-10 20:00:00,"673,0515747070312","392,029999",2,2,2024-04-10
2024-04-10 21:00:00,"606,7376098632812","352,200012",2,2,2024-04-10
2024-04-10 22:00:00,"531,6956176757812","303,440002",2,2,2024-04-10
2024-04-10 23:00:00,"444,8983459472656","198,940002",2,2,2024-04-10
2024-04-11 00:00:00,"428,460693359375","165,589996",2,2,2024-04-11
2024-04-11 01:00:00,"442,9732971191406","74,519997",2,2,2024-04-11
2024-04-11 02:00:00,"415,74359130859375","59,52",2,2,2024-04-11
2024-04-11 03:00:00,"404,89605712890625","149,179993",2,2,2024-04-11
2024-04-11 04:00:00,"503,66033935546875","192,070007",2,2,2024-04-11
2024-04-11 05:00:00,"566,0927124023438","297,399994",2,2,2024-04-11
2024-04-11 06:00:00,"597,5548095703125","309,929993",2,2,2024-04-11
2024-04-11 07:00:00,"611,0084228515625","223,770004",2,2,2024-04-11
2024-04-11 08:00:00,"530,890625","74,959999",2,2,2024-04-11
2024-04-11 09:00:00,"447,236572265625","6,41",2,2,2024-04-11
2024-04-11 10:00:00,"366,8949890136719","6,79",2,2,2024-04-11
2024-04-11 11:00:00,"336,7617492675781","8,21",2,2,2024-04-11
2024-04-11 12:00:00,"347,93792724609375","4,25",2,2,2024-04-11
2024-04-11 13:00:00,"368,5950622558594","96,07",2,2,2024-04-11
2024-04-11 14:00:00,"399,285888671875","64,75",2,2,2024-04-11
2024-04-11 15:00:00,"444,01983642578125","347,070007",2,2,2024-04-11
2024-04-11 16:00:00,"526,93017578125","711,75",2,2,2024-04-11
2024-04-11 17:00:00,"681,1099243164062","1002,210022",2,2,2024-04-11
2024-04-11 18:00:00,"684,54638671875","893,609985",2,2,2024-04-11
2024-04-11 19:00:00,"608,390625","679,159973",2,2,2024-04-11
2024-04-11 20:00:00,"554,098388671875","541,159973",2,2,2024-04-11
2024-04-11 21:00:00,"418,6025390625","451,059998",2,2,2024-04-11
2024-04-11 22:00:00,"369,4105529785156","339,720001",2,2,2024-04-11
2024-04-11 23:00:00,"284,5900573730469","325,029999",2,2,2024-04-11
2024-04-12 00:00:00,"292,5470275878906","331,73999",2,2,2024-04-12
2024-04-12 01:00:00,"286,5265197753906","304,51001",2,2,2024-04-12
2024-04-12 02:00:00,"266,765869140625","298,399994",2,2,2024-04-12
2024-04-12 03:00:00,"273,1925964355469","298,399994",2,2,2024-04-12
2024-04-12 04:00:00,"352,8326721191406","308,019989",2,2,2024-04-12
2024-04-12 05:00:00,"402,2269287109375","362,619995",2,2,2024-04-12
2024-04-12 06:00:00,"410,9687805175781","516,75",2,2,2024-04-12
2024-04-12 07:00:00,"396,0726623535156","489,290009",2,2,2024-04-12
2024-04-12 08:00:00,"330,7086486816406","319,730011",2,2,2024-04-12
2024-04-12 09:00:00,"245,11993408203125","140,690002",2,2,2024-04-12
2024-04-12 10:00:00,"175,70069885253906","0,0",2,2,2024-04-12
2024-04-12 11:00:00,"-92,80095672607422","-0,52",2,2,2024-04-12
2024-04-12 12:00:00,"-196,64366149902344","0,07",2,2,2024-04-12
2024-04-12 13:00:00,"-203,0802001953125","1,34",2,2,2024-04-12
2024-04-12 14:00:00,"-136,11688232421875","1,64",2,2,2024-04-12
2024-04-12 15:00:00,"236,4947967529297","375,600006",2,2,2024-04-12
2024-04-12 16:00:00,"443,99578857421875","445,279999",2,2,2024-04-12
2024-04-12 17:00:00,"549,052490234375","370,160004",2,2,2024-04-12
2024-04-12 18:00:00,"572,7495727539062","369,48999",2,2,2024-04-12
2024-04-12 19:00:00,"509,0203857421875","351,429993",2,2,2024-04-12
2024-04-12 20:00:00,"510,3043212890625","342,329987",2,2,2024-04-12
2024-04-12 21:00:00,"475,9196472167969","329,200012",2,2,2024-04-12
2024-04-12 22:00:00,"418,5077819824219","246,039993",2,2,2024-04-12
2024-04-12 23:00:00,"389,08111572265625","193,369995",2,2,2024-04-12
2024-04-13 00:00:00,"391,7596740722656","144,429993",2,2,2024-04-13
2024-04-13 01:00:00,"418,569580078125","130,779999",2,2,2024-04-13
2024-04-13 02:00:00,"391,77178955078125","130,259995",2,2,2024-04-13
2024-04-13 03:00:00,"402,92181396484375","173,899994",2,2,2024-04-13
2024-04-13 04:00:00,"401,2788391113281","207,619995",2,2,2024-04-13
2024-04-13 05:00:00,"404,0794677734375","251,630005",2,2,2024-04-13
2024-04-13 06:00:00,"390,07989501953125","168,600006",2,2,2024-04-13
2024-04-13 07:00:00,"336,7991943359375","65,650002",2,2,2024-04-13
2024-04-13 08:00:00,"222,0355682373047","-0,15",2,2,2024-04-13
2024-04-13 09:00:00,"132,54893493652344","-30,139999",2,2,2024-04-13
2024-04-13 10:00:00,"-281,1698913574219","-59,830002",2,2,2024-04-13
2024-04-13 11:00:00,"-364,7314453125","-150,699997",2,2,2024-04-13
2024-04-13 12:00:00,"-456,1893615722656","-218,729996",2,2,2024-04-13
2024-04-13 13:00:00,"-362,36517333984375","-235,740005",2,2,2024-04-13
2024-04-13 14:00:00,"-315,8811950683594","-142,710007",2,2,2024-04-13
2024-04-13 15:00:00,"155,1958465576172","-1,19",2,2,2024-04-13
2024-04-13 16:00:00,"393,55596923828125","248,949997",2,2,2024-04-13
2024-04-13 17:00:00,"558,3532104492188","373,76001",2,2,2024-04-13
2024-04-13 18:00:00,"488,2142028808594","298,630005",2,2,2024-04-13
2024-04-13 19:00:00,"407,9175720214844","258,5",2,2,2024-04-13
2024-04-13 20:00:00,"389,9814453125","153,679993",2,2,2024-04-13
2024-04-13 21:00:00,"308,4285888671875","52,59",2,2,2024-04-13
2024-04-13 22:00:00,"239,8436279296875","3,21",2,2,2024-04-13
2024-04-13 23:00:00,"211,85992431640625","6,19",2,2,2024-04-13
2024-04-14 00:00:00,"172,30662536621094","6,94",2,2,2024-04-14
2024-04-14 01:00:00,"179,639892578125","8,43",2,2,2024-04-14
2024-04-14 02:00:00,"166,96278381347656","17,459999",2,2,2024-04-14
2024-04-14 03:00:00,"-88,6052474975586","44,389999",2,2,2024-04-14
2024-04-14 04:00:00,"-163,76113891601562","95,949997",2,2,2024-04-14
2024-04-14 05:00:00,"-209,28433227539062","96,989998",2,2,2024-04-14
2024-04-14 06:00:00,"43,00394821166992","55,279999",2,2,2024-04-14
2024-04-14 07:00:00,"64,92546844482422","0,0",2,2,2024-04-14
2024-04-14 08:00:00,"-175,76637268066406","-17,68",2,2,2024-04-14
2024-04-14 09:00:00,"-396,2996826171875","-90,800003",2,2,2024-04-14
2024-04-14 10:00:00,"-427,5667419433594","-315,070007",2,2,2024-04-14
2024-04-14 11:00:00,"-420,0027160644531","-448,019989",2,2,2024-04-14
2024-04-14 12:00:00,"-407,9403381347656","-447,720001",2,2,2024-04-14
2024-04-14 13:00:00,"-372,0370178222656","-298,809998",2,2,2024-04-14
2024-04-14 14:00:00,"-224,33001708984375","-46,630001",2,2,2024-04-14
2024-04-14 15:00:00,"189,08529663085938","11,71",2,2,2024-04-14
2024-04-14 16:00:00,"436,3450927734375","407,51001",2,2,2024-04-14
2024-04-14 17:00:00,"537,2110595703125","655,059998",2,2,2024-04-14
2024-04-14 18:00:00,"530,7525024414062","894,619995",2,2,2024-04-14
2024-04-14 19:00:00,"474,2093200683594","840,159973",2,2,2024-04-14
2024-04-14 20:00:00,"487,1377868652344","724,890015",2,2,2024-04-14
2024-04-14 21:00:00,"438,4671630859375","594,549988",2,2,2024-04-14
2024-04-14 22:00:00,"413,7707214355469","410,640015",2,2,2024-04-14
2024-04-14 23:00:00,"399,336181640625","437,730011",2,2,2024-04-14
2024-04-15 00:00:00,"361,23095703125","526,359985",2,3,2024-04-15
2024-04-15 01:00:00,"353,7178039550781","491,220001",2,3,2024-04-15
2024-04-15 02:00:00,"380,1402587890625","561,280029",2,3,2024-04-15
2024-04-15 03:00:00,"408,8471374511719","647,150024",2,3,2024-04-15
2024-04-15 04:00:00,"569,066162109375","863,440002",2,3,2024-04-15
2024-04-15 05:00:00,"708,4224243164062","1261,98999",2,3,2024-04-15
2024-04-15 06:00:00,"772,4760131835938","1143,290039",2,3,2024-04-15
2024-04-15 07:00:00,"668,2019653320312","683,109985",2,3,2024-04-15
2024-04-15 08:00:00,"494,9059143066406","568,809998",2,3,2024-04-15
2024-04-15 09:00:00,"381,0738525390625","425,269989",2,3,2024-04-15
2024-04-15 10:00:00,"324,8699645996094","329,390015",2,3,2024-04-15
2024-04-15 11:00:00,"291,30316162109375","236,809998",2,3,2024-04-15
2024-04-15 12:00:00,"272,0211486816406","96,690002",2,3,2024-04-15
2024-04-15 13:00:00,"300,31060791015625","58,189999",2,3,2024-04-15
2024-04-15 14:00:00,"353,940185546875","59,610001",2,3,2024-04-15
2024-04-15 15:00:00,"426,85479736328125","345,440002",2,3,2024-04-15
2024-04-15 16:00:00,"584,533447265625","516,289978",2,3,2024-04-15
2024-04-15 17:00:00,"780,5621948242188","588,809998",2,3,2024-04-15
2024-04-15 18:00:00,"758,3187255859375","574,630005",2,3,2024-04-15
2024-04-15 19:00:00,"610,6499633789062","494,730011",2,3,2024-04-15
2024-04-15 20:00:00,"509,887451171875","401,170013",2,3,2024-04-15
2024-04-15 21:00:00,"433,1477966308594","254,940002",2,3,2024-04-15
2024-04-15 22:00:00,"404,7216491699219","15,07",2,3,2024-04-15
2024-04-15 23:00:00,"345,5203857421875","0,3",2,3,2024-04-15
2024-04-16 00:00:00,"305,6566467285156","1,04",2,3,2024-04-16
2024-04-16 01:00:00,"287,7536315917969","5,45",2,3,2024-04-16
2024-04-16 02:00:00,"300,9980773925781","130,330002",2,3,2024-04-16
2024-04-16 03:00:00,"353,6131591796875","270,209991",2,3,2024-04-16
2024-04-16 04:00:00,"525,9031372070312","384,880005",2,3,2024-04-16
2024-04-16 05:00:00,"624,9473876953125","554,0",2,3,2024-04-16
2024-04-16 06:00:00,"589,82080078125","554,0",2,3,2024-04-16
2024-04-16 07:00:00,"471,9261779785156","483,5",2,3,2024-04-16
2024-04-16 08:00:00,"341,32989501953125","380,700012",2,3,2024-04-16
2024-04-16 09:00:00,"335,12738037109375","318,109985",2,3,2024-04-16
2024-04-16 10:00:00,"235,1684112548828","298,410004",2,3,2024-04-16
2024-04-16 11:00:00,"154,04086303710938","300,049988",2,3,2024-04-16
2024-04-16 12:00:00,"154,33065795898438","313,929993",2,3,2024-04-16
2024-04-16 13:00:00,"189,0614776611328","362,049988",2,3,2024-04-16
2024-04-16 14:00:00,"292,95098876953125","385,470001",2,3,2024-04-16
2024-04-16 15:00:00,"442,0336608886719","594,359985",2,3,2024-04-16
2024-04-16 16:00:00,"540,1718139648438","693,210022",2,3,2024-04-16
2024-04-16 17:00:00,"641,1738891601562","850,400024",2,3,2024-04-16
2024-04-16 18:00:00,"658,0238037109375","928,960022",2,3,2024-04-16
2024-04-16 19:00:00,"564,1534423828125","779,309998",2,3,2024-04-16
2024-04-16 20:00:00,"527,1412353515625","672,169983",2,3,2024-04-16
2024-04-16 21:00:00,"455,4796447753906","627,409973",2,3,2024-04-16
2024-04-16 22:00:00,"371,8884582519531","625,48999",2,3,2024-04-16
2024-04-16 23:00:00,"285,0690612792969","625,48999",2,3,2024-04-16
2024-04-17 00:00:00,"257,2537841796875","606,919983",2,3,2024-04-17
2024-04-17 01:00:00,"286,7093811035156","614,75",2,3,2024-04-17
2024-04-17 02:00:00,"317,531494140625","618,929993",2,3,2024-04-17
2024-04-17 03:00:00,"384,6460876464844","624,669983",2,3,2024-04-17
2024-04-17 04:00:00,"508,4520263671875","816,109985",2,3,2024-04-17
2024-04-17 05:00:00,"621,41650390625","1268,069946",2,3,2024-04-17
2024-04-17 06:00:00,"720,2601318359375","1157,650024",2,3,2024-04-17
2024-04-17 07:00:00,"589,3475952148438","780,52002",2,3,2024-04-17
2024-04-17 08:00:00,"535,0980224609375","625,940002",2,3,2024-04-17
2024-04-17 09:00:00,"485,396240234375","596,099976",2,3,2024-04-17
2024-04-17 10:00:00,"416,1937255859375","619,080017",2,3,2024-04-17
2024-04-17 11:00:00,"379,10076904296875","602,960022",2,3,2024-04-17
2024-04-17 12:00:00,"337,52099609375","579,76001",2,3,2024-04-17
2024-04-17 13:00:00,"354,0444030761719","574,690002",2,3,2024-04-17
2024-04-17 14:00:00,"445,9427185058594","596,840027",2,3,2024-04-17
2024-04-17 15:00:00,"540,368896484375","648,320007",2,3,2024-04-17
2024-04-17 16:00:00,"618,6577758789062","857,73999",2,3,2024-04-17
2024-04-17 17:00:00,"886,9157104492188","1193,089966",2,3,2024-04-17
2024-04-17 18:00:00,"911,3943481445312","1267,550049",2,3,2024-04-17
2024-04-17 19:00:00,"702,8958740234375","970,320007",2,3,2024-04-17
2024-04-17 20:00:00,"622,9537963867188","738,890015",2,3,2024-04-17
2024-04-17 21:00:00,"550,9127807617188","655,109985",2,3,2024-04-17
2024-04-17 22:00:00,"444,12237548828125","685,150024",2,3,2024-04-17
2024-04-17 23:00:00,"404,845458984375","652,23999",2,3,2024-04-17
2024-04-18 00:00:00,"385,81256103515625","660,52002",2,3,2024-04-18
2024-04-18 01:00:00,"375,41827392578125","654,780029",2,3,2024-04-18
2024-04-18 02:00:00,"354,8235168457031","668,580017",2,3,2024-04-18
2024-04-18 03:00:00,"356,7207336425781","697,380005",2,3,2024-04-18
2024-04-18 04:00:00,"438,569091796875","909,349976",2,3,2024-04-18
2024-04-18 05:00:00,"535,3820190429688","1162,430054",2,3,2024-04-18
2024-04-18 06:00:00,"541,4000244140625","978,809998",2,3,2024-04-18
2024-04-18 07:00:00,"434,3756103515625","754,460022",2,3,2024-04-18
2024-04-18 08:00:00,"338,2904357910156","673,059998",2,3,2024-04-18
2024-04-18 09:00:00,"296,7892150878906","625,76001",2,3,2024-04-18
2024-04-18 10:00:00,"293,918701171875","601,659973",2,3,2024-04-18
2024-04-18 11:00:00,"252,7030792236328","575,98999",2,3,2024-04-18
2024-04-18 12:00:00,"237,84829711914062","544,72998",2,3,2024-04-18
2024-04-18 13:00:00,"256,3971252441406","527,48999",2,3,2024-04-18
2024-04-18 14:00:00,"289,7823791503906","528,840027",2,3,2024-04-18
2024-04-18 15:00:00,"373,5465393066406","606,799988",2,3,2024-04-18
2024-04-18 16:00:00,"521,42236328125","701,559998",2,3,2024-04-18
2024-04-18 17:00:00,"624,4960327148438","934,419983",2,3,2024-04-18
2024-04-18 18:00:00,"675,328857421875","961,200012",2,3,2024-04-18
2024-04-18 19:00:00,"596,140380859375","790,27002",2,3,2024-04-18
2024-04-18 20:00:00,"547,1795654296875","670,669983",2,3,2024-04-18
2024-04-18 21:00:00,"458,2275085449219","592,179993",2,3,2024-04-18
2024-04-18 22:00:00,"374,402099609375","576,090027",2,3,2024-04-18
2024-04-18 23:00:00,"301,7520751953125","453,869995",2,3,2024-04-18
2024-04-19 00:00:00,"291,24798583984375","377,019989",2,3,2024-04-19
2024-04-19 01:00:00,"258,1377258300781","369,109985",2,3,2024-04-19
2024-04-19 02:00:00,"254,2415313720703","357,920013",2,3,2024-04-19
2024-04-19 03:00:00,"283,1955261230469","366,200012",2,3,2024-04-19
2024-04-19 04:00:00,"358,20635986328125","448,570007",2,3,2024-04-19
2024-04-19 05:00:00,"417,9044189453125","515,130005",2,3,2024-04-19
2024-04-19 06:00:00,"467,7184753417969","567,059998",2,3,2024-04-19
2024-04-19 07:00:00,"402,2359313964844","509,609985",2,3,2024-04-19
2024-04-19 08:00:00,"336,7137756347656","449,170013",2,3,2024-04-19
2024-04-19 09:00:00,"244,76014709472656","418,429993",2,3,2024-04-19
2024-04-19 10:00:00,"175,3129425048828","379,859985",2,3,2024-04-19
2024-04-19 11:00:00,"184,9211883544922","350,679993",2,3,2024-04-19
2024-04-19 12:00:00,"162,60433959960938","335,309998",2,3,2024-04-19
2024-04-19 13:00:00,"171,29537963867188","332,480011",2,3,2024-04-19
2024-04-19 14:00:00,"219,3714599609375","379,859985",2,3,2024-04-19
2024-04-19 15:00:00,"365,6927490234375","424,920013",2,3,2024-04-19
2024-04-19 16:00:00,"443,26165771484375","473,720001",2,3,2024-04-19
2024-04-19 17:00:00,"586,1245727539062","475,660004",2,3,2024-04-19
2024-04-19 18:00:00,"625,164306640625","482,670013",2,3,2024-04-19
2024-04-19 19:00:00,"511,44525146484375","493,940002",2,3,2024-04-19
2024-04-19 20:00:00,"511,53277587890625","477,149994",2,3,2024-04-19
2024-04-19 21:00:00,"471,81317138671875","471,179993",2,3,2024-04-19
2024-04-19 22:00:00,"422,6034240722656","449,529999",2,3,2024-04-19
2024-04-19 23:00:00,"387,9325866699219","432,589996",2,3,2024-04-19
2024-04-20 00:00:00,"310,6839904785156","427,809998",2,3,2024-04-20
2024-04-20 01:00:00,"275,6221923828125","430,950012",2,3,2024-04-20
2024-04-20 02:00:00,"287,00958251953125","455,5",2,3,2024-04-20
2024-04-20 03:00:00,"289,55999755859375","468,850006",2,3,2024-04-20
2024-04-20 04:00:00,"353,9928283691406","476,98999",2,3,2024-04-20
2024-04-20 05:00:00,"358,36029052734375","507,279999",2,3,2024-04-20
2024-04-20 06:00:00,"318,6270751953125","485,350006",2,3,2024-04-20
2024-04-20 07:00:00,"251,15809631347656","446,98999",2,3,2024-04-20
2024-04-20 08:00:00,"193,99600219726562","373,48999",2,3,2024-04-20
2024-04-20 09:00:00,"152,6544647216797","286,769989",2,3,2024-04-20
2024-04-20 10:00:00,"146,78564453125","216,179993",2,3,2024-04-20
2024-04-20 11:00:00,"58,87167739868164","92,010002",2,3,2024-04-20
2024-04-20 12:00:00,"59,93437576293945","78,730003",2,3,2024-04-20
2024-04-20 13:00:00,"124,64115905761719","136,779999",2,3,2024-04-20
2024-04-20 14:00:00,"238,43344116210938","279,160004",2,3,2024-04-20
2024-04-20 15:00:00,"272,77838134765625","468,850006",2,3,2024-04-20
2024-04-20 16:00:00,"420,5921630859375","588,77002",2,3,2024-04-20
2024-04-20 17:00:00,"545,7806396484375","668,690002",2,3,2024-04-20
2024-04-20 18:00:00,"532,0548706054688","724,140015",2,3,2024-04-20
2024-04-20 19:00:00,"403,8364562988281","673,919983",2,3,2024-04-20
2024-04-20 20:00:00,"344,8954162597656","642,280029",2,3,2024-04-20
2024-04-20 21:00:00,"286,38623046875","618,619995",2,3,2024-04-20
2024-04-20 22:00:00,"168,33372497558594","610,679993",2,3,2024-04-20
2024-04-20 23:00:00,"151,39288330078125","526,669983",2,3,2024-04-20
2024-04-21 00:00:00,"175,09072875976562","518,76001",2,3,2024-04-21
2024-04-21 01:00:00,"199,41159057617188","480,48999",2,3,2024-04-21
2024-04-21 02:00:00,"204,11819458007812","476,609985",2,3,2024-04-21
2024-04-21 03:00:00,"207,7881317138672","474,670013",2,3,2024-04-21
2024-04-21 04:00:00,"231,8037109375","480,709991",2,3,2024-04-21
2024-04-21 05:00:00,"241,59825134277344","451,609985",2,3,2024-04-21
2024-04-21 06:00:00,"228,22238159179688","454,220001",2,3,2024-04-21
2024-04-21 07:00:00,"195,58572387695312","413,190002",2,3,2024-04-21
2024-04-21 08:00:00,"141,51181030273438","246,139999",2,3,2024-04-21
2024-04-21 09:00:00,"107,50679779052734","275,76001",2,3,2024-04-21
2024-04-21 10:00:00,"220,8783416748047","45,209999",2,3,2024-04-21
2024-04-21 11:00:00,"97,51607513427734","2,09",2,3,2024-04-21
2024-04-21 12:00:00,"110,59822082519531","-6,71",2,3,2024-04-21
2024-04-21 13:00:00,"125,96746826171875","5,6",2,3,2024-04-21
2024-04-21 14:00:00,"255,2971649169922","44,84",2,3,2024-04-21
2024-04-21 15:00:00,"247,09654235839844","434,380005",2,3,2024-04-21
2024-04-21 16:00:00,"497,9219055175781","556,590027",2,3,2024-04-21
2024-04-21 17:00:00,"609,9243774414062","666,710022",2,3,2024-04-21
2024-04-21 18:00:00,"616,5909423828125","710,72998",2,3,2024-04-21
2024-04-21 19:00:00,"571,1185913085938","679,469971",2,3,2024-04-21
2024-04-21 20:00:00,"587,8462524414062","667,080017",2,3,2024-04-21
2024-04-21 21:00:00,"533,2943725585938","660,0",2,3,2024-04-21
2024-04-21 22:00:00,"510,7288818359375","589,190002",2,3,2024-04-21
2024-04-21 23:00:00,"465,5911865234375","582,330017",2,3,2024-04-21
2024-04-22 00:00:00,"475,4285888671875","585,23999",2,4,2024-04-22
2024-04-22 01:00:00,"393,3426513671875","596,280029",2,4,2024-04-22
2024-04-22 02:00:00,"368,41925048828125","595,309998",2,4,2024-04-22
2024-04-22 03:00:00,"329,4141845703125","652,830017",2,4,2024-04-22
2024-04-22 04:00:00,"542,3290405273438","790,109985",2,4,2024-04-22
2024-04-22 05:00:00,"803,2185668945312","975,820007",2,4,2024-04-22
2024-04-22 06:00:00,"821,5595703125","876,359985",2,4,2024-04-22
2024-04-22 07:00:00,"622,1471557617188","724,090027",2,4,2024-04-22
2024-04-22 08:00:00,"455,00933837890625","610,75",2,4,2024-04-22
2024-04-22 09:00:00,"370,5941467285156","606,130005",2,4,2024-04-22
2024-04-22 10:00:00,"244,0858612060547","574,869995",2,4,2024-04-22
2024-04-22 11:00:00,"189,00308227539062","549,650024",2,4,2024-04-22
2024-04-22 12:00:00,"134,62132263183594","553,080017",2,4,2024-04-22
2024-04-22 13:00:00,"153,67726135253906","559,650024",2,4,2024-04-22
2024-04-22 14:00:00,"176,7653045654297","536,440002",2,4,2024-04-22
2024-04-22 15:00:00,"318,0932312011719","722,150024",2,4,2024-04-22
2024-04-22 16:00:00,"512,2997436523438","881,880005",2,4,2024-04-22
2024-04-22 17:00:00,"606,1652221679688","1223,969971",2,4,2024-04-22
2024-04-22 18:00:00,"606,414306640625","1275,52002",2,4,2024-04-22
2024-04-22 19:00:00,"465,6756286621094","970,299988",2,4,2024-04-22
2024-04-22 20:00:00,"386,5443420410156","789,140015",2,4,2024-04-22
2024-04-22 21:00:00,"291,511474609375","723,640015",2,4,2024-04-22
2024-04-22 22:00:00,"256,7677917480469","658,969971",2,4,2024-04-22
2024-04-22 23:00:00,"204,4213104248047","646,809998",2,4,2024-04-22
2024-04-23 00:00:00,"171,61508178710938","641,289978",2,4,2024-04-23
2024-04-23 01:00:00,"145,1970977783203","637,340027",2,4,2024-04-23
2024-04-23 02:00:00,"168,1987762451172","644,280029",2,4,2024-04-23
2024-04-23 03:00:00,"257,9189758300781","728,890015",2,4,2024-04-23
2024-04-23 04:00:00,"480,3502197265625","905,789978",2,4,2024-04-23
2024-04-23 05:00:00,"555,2966918945312","1352,420044",2,4,2024-04-23
2024-04-23 06:00:00,"536,2068481445312","1016,820007",2,4,2024-04-23
2024-04-23 07:00:00,"435,777587890625","734,030029",2,4,2024-04-23
2024-04-23 08:00:00,"282,7991027832031","618,309998",2,4,2024-04-23
2024-04-23 09:00:00,"200,8755340576172","576,450012",2,4,2024-04-23
2024-04-23 10:00:00,"166,6156005859375","577,950012",2,4,2024-04-23
2024-04-23 11:00:00,"94,25123596191406","592,27002",2,4,2024-04-23
2024-04-23 12:00:00,"137,8447723388672","586,599976",2,4,2024-04-23
2024-04-23 13:00:00,"158,47457885742188","597,049988",2,4,2024-04-23
2024-04-23 14:00:00,"262,1786804199219","619,429993",2,4,2024-04-23
2024-04-23 15:00:00,"461,18792724609375","671,289978",2,4,2024-04-23
2024-04-23 16:00:00,"553,5706787109375","764,030029",2,4,2024-04-23
2024-04-23 17:00:00,"680,7220458984375","917,799988",2,4,2024-04-23
2024-04-23 18:00:00,"707,7894287109375","933,169983",2,4,2024-04-23
2024-04-23 19:00:00,"618,031494140625","784,169983",2,4,2024-04-23
2024-04-23 20:00:00,"519,80029296875","691,880005",2,4,2024-04-23
2024-04-23 21:00:00,"473,6639404296875","608,460022",2,4,2024-04-23
2024-04-23 22:00:00,"436,6671447753906","600,929993",2,4,2024-04-23
2024-04-23 23:00:00,"384,6704406738281","569,150024",2,4,2024-04-23
2024-04-24 00:00:00,"360,4525146484375","566,090027",2,4,2024-04-24
2024-04-24 01:00:00,"342,9228820800781","545,130005",2,4,2024-04-24
2024-04-24 02:00:00,"359,1172180175781","567,289978",2,4,2024-04-24
2024-04-24 03:00:00,"442,1971130371094","610,47998",2,4,2024-04-24
2024-04-24 04:00:00,"574,3248291015625","758,419983",2,4,2024-04-24
2024-04-24 05:00:00,"819,8372192382812","956,200012",2,4,2024-04-24
2024-04-24 06:00:00,"850,4998168945312","798,780029",2,4,2024-04-24
2024-04-24 07:00:00,"692,2732543945312","684,940002",2,4,2024-04-24
2024-04-24 08:00:00,"549,951904296875","676,960022",2,4,2024-04-24
2024-04-24 09:00:00,"475,0128173828125","659,130005",2,4,2024-04-24
2024-04-24 10:00:00,"415,39178466796875","616,22998",2,4,2024-04-24
2024-04-24 11:00:00,"367,5842590332031","597,5",2,4,2024-04-24
2024-04-24 12:00:00,"326,6168518066406","570,940002",2,4,2024-04-24
2024-04-24 13:00:00,"372,43841552734375","602,130005",2,4,2024-04-24
2024-04-24 14:00:00,"432,5194396972656","605,190002",2,4,2024-04-24
2024-04-24 15:00:00,"562,413330078125","646,070007",2,4,2024-04-24
2024-04-24 16:00:00,"671,27587890625","757,530029",2,4,2024-04-24
2024-04-24 17:00:00,"968,6199951171875","1008,640015",2,4,2024-04-24
2024-04-24 18:00:00,"1003,8082885742188","1070,119995",2,4,2024-04-24
2024-04-24 19:00:00,"799,6415405273438","903,900024",2,4,2024-04-24
2024-04-24 20:00:00,"647,7351684570312","785,650024",2,4,2024-04-24
2024-04-24 21:00:00,"551,907958984375","673,0",2,4,2024-04-24
2024-04-24 22:00:00,"518,6672973632812","622,700012",2,4,2024-04-24
2024-04-24 23:00:00,"493,08294677734375","596,599976",2,4,2024-04-24
2024-04-25 00:00:00,"454,7845153808594","576,97998",2,4,2024-04-25
2024-04-25 01:00:00,"401,492431640625","567,140015",2,4,2024-04-25
2024-04-25 02:00:00,"392,5028991699219","561,099976",2,4,2024-04-25
2024-04-25 03:00:00,"445,4699401855469","626,580017",2,4,2024-04-25
2024-04-25 04:00:00,"568,5383911132812","763,940002",2,4,2024-04-25
2024-04-25 05:00:00,"683,862060546875","962,390015",2,4,2024-04-25
2024-04-25 06:00:00,"642,9657592773438","840,530029",2,4,2024-04-25
2024-04-25 07:00:00,"527,0487060546875","686,830017",2,4,2024-04-25
2024-04-25 08:00:00,"381,40545654296875","596,669983",2,4,2024-04-25
2024-04-25 09:00:00,"351,89666748046875","583,169983",2,4,2024-04-25
2024-04-25 10:00:00,"309,62872314453125","551,26001",2,4,2024-04-25
2024-04-25 11:00:00,"306,6271667480469","512,099976",2,4,2024-04-25
2024-04-25 12:00:00,"292,6807861328125","495,25",2,4,2024-04-25
2024-04-25 13:00:00,"320,7492980957031","516,950012",2,4,2024-04-25
2024-04-25 14:00:00,"376,15985107421875","542,97998",2,4,2024-04-25
2024-04-25 15:00:00,"516,5658569335938","595,700012",2,4,2024-04-25
2024-04-25 16:00:00,"596,3132934570312","709,72998",2,4,2024-04-25
2024-04-25 17:00:00,"749,5443725585938","1052,170044",2,4,2024-04-25
2024-04-25 18:00:00,"763,0131225585938","1135,699951",2,4,2024-04-25
2024-04-25 19:00:00,"638,5374755859375","847,98999",2,4,2024-04-25
2024-04-25 20:00:00,"581,1343994140625","681,23999",2,4,2024-04-25
2024-04-25 21:00:00,"532,429931640625","594,659973",2,4,2024-04-25
2024-04-25 22:00:00,"520,1355590820312","595,719971",2,4,2024-04-25
2024-04-25 23:00:00,"459,46356201171875","551,929993",2,4,2024-04-25
2024-04-26 00:00:00,"420,441650390625","553,429993",2,4,2024-04-26
2024-04-26 01:00:00,"380,8352966308594","552,460022",2,4,2024-04-26
2024-04-26 02:00:00,"371,88116455078125","575,049988",2,4,2024-04-26
2024-04-26 03:00:00,"372,19659423828125","618,909973",2,4,2024-04-26
2024-04-26 04:00:00,"506,01800537109375","697,380005",2,4,2024-04-26
2024-04-26 05:00:00,"563,7091064453125","776,140015",2,4,2024-04-26
2024-04-26 06:00:00,"567,1102905273438","716,469971",2,4,2024-04-26
2024-04-26 07:00:00,"506,967041015625","604,73999",2,4,2024-04-26
2024-04-26 08:00:00,"367,385009765625","580,349976",2,4,2024-04-26
2024-04-26 09:00:00,"265,75958251953125","544,099976",2,4,2024-04-26
2024-04-26 10:00:00,"169,441650390625","524,710022",2,4,2024-04-26
2024-04-26 11:00:00,"96,67156982421875","512,700012",2,4,2024-04-26
2024-04-26 12:00:00,"75,96865844726562","487,570007",2,4,2024-04-26
2024-04-26 13:00:00,"64,9677734375","521,5",2,4,2024-04-26
2024-04-26 14:00:00,"147,51527404785156","534,780029",2,4,2024-04-26
2024-04-26 15:00:00,"358,2891540527344","600,119995",2,4,2024-04-26
2024-04-26 16:00:00,"441,4030456542969","700,210022",2,4,2024-04-26
2024-04-26 17:00:00,"548,913818359375","959,25",2,4,2024-04-26
2024-04-26 18:00:00,"576,7252197265625","1018,539978",2,4,2024-04-26
2024-04-26 19:00:00,"483,1299743652344","820,440002",2,4,2024-04-26
2024-04-26 20:00:00,"447,9244384765625","691,47998",2,4,2024-04-26
2024-04-26 21:00:00,"443,17999267578125","658,289978",2,4,2024-04-26
2024-04-26 22:00:00,"400,3069763183594","673,330017",2,4,2024-04-26
2024-04-26 23:00:00,"355,7619323730469","662,960022",2,4,2024-04-26
2024-04-27 00:00:00,"317,04058837890625","645,72998",2,4,2024-04-27
2024-04-27 01:00:00,"273,1893615722656","663,929993",2,4,2024-04-27
2024-04-27 02:00:00,"290,9853210449219","653,940002",2,4,2024-04-27
2024-04-27 03:00:00,"311,11474609375","625,52002",2,4,2024-04-27
2024-04-27 04:00:00,"403,1322021484375","641,929993",2,4,2024-04-27
2024-04-27 05:00:00,"367,9507141113281","589,429993",2,4,2024-04-27
2024-04-27 06:00:00,"352,017578125","511,950012",2,4,2024-04-27
2024-04-27 07:00:00,"302,5262451171875","440,51001",2,4,2024-04-27
2024-04-27 08:00:00,"192,10122680664062","284,950012",2,4,2024-04-27
2024-04-27 09:00:00,"118,273681640625","194,559998",2,4,2024-04-27
2024-04-27 10:00:00,"60,9825553894043","294,640015",2,4,2024-04-27
2024-04-27 11:00:00,"-53,62474060058594","308,809998",2,4,2024-04-27
2024-04-27 12:00:00,"-108,4684066772461","182,710007",2,4,2024-04-27
2024-04-27 13:00:00,"-147,4429931640625","75,019997",2,4,2024-04-27
2024-04-27 14:00:00,"-35,76239776611328","156,080002",2,4,2024-04-27
2024-04-27 15:00:00,"176,6253662109375","463,700012",2,4,2024-04-27
2024-04-27 16:00:00,"401,61138916015625","642,679993",2,4,2024-04-27
2024-04-27 17:00:00,"555,5671997070312","894,140015",2,4,2024-04-27
2024-04-27 18:00:00,"546,2229614257812","837,23999",2,4,2024-04-27
2024-04-27 19:00:00,"381,79302978515625","633,880005",2,4,2024-04-27
2024-04-27 20:00:00,"366,6474914550781","566,01001",2,4,2024-04-27
2024-04-27 21:00:00,"294,787353515625","486,440002",2,4,2024-04-27
2024-04-27 22:00:00,"247,6033477783203","420,570007",2,4,2024-04-27
2024-04-27 23:00:00,"186,5945281982422","344,119995",2,4,2024-04-27
2024-04-28 00:00:00,"170,64041137695312","295,350006",2,4,2024-04-28
2024-04-28 01:00:00,"147,82266235351562","235,309998",2,4,2024-04-28
2024-04-28 02:00:00,"145,52378845214844","205,850006",2,4,2024-04-28
2024-04-28 03:00:00,"152,25059509277344","194,289993",2,4,2024-04-28
2024-04-28 04:00:00,"213,68858337402344","74,209999",2,4,2024-04-28
2024-04-28 05:00:00,"196,33493041992188","1,86",2,4,2024-04-28
2024-04-28 06:00:00,"156,61605834960938","1,94",2,4,2024-04-28
2024-04-28 07:00:00,"127,46390533447266","1,64",2,4,2024-04-28
2024-04-28 08:00:00,"48,35425567626953","0,0",2,4,2024-04-28
2024-04-28 09:00:00,"15,814643859863281","-7,16",2,4,2024-04-28
2024-04-28 10:00:00,"-54,55192184448242","-18,049999",2,4,2024-04-28
2024-04-28 11:00:00,"-172,98727416992188","-18,65",2,4,2024-04-28
2024-04-28 12:00:00,"-187,86495971679688","-18,790001",2,4,2024-04-28
2024-04-28 13:00:00,"-110,35100555419922","-15,66",2,4,2024-04-28
2024-04-28 14:00:00,"-26,627750396728516","-15,51",2,4,2024-04-28
2024-04-28 15:00:00,"150,04861450195312","-0,15",2,4,2024-04-28
2024-04-28 16:00:00,"449,8156433105469","189,289993",2,4,2024-04-28
2024-04-28 17:00:00,"597,3390502929688","517,299988",2,4,2024-04-28
2024-04-28 18:00:00,"636,0161743164062","577,640015",2,4,2024-04-28
2024-04-28 19:00:00,"622,5855712890625","583,159973",2,4,2024-04-28
2024-04-28 20:00:00,"578,1998901367188","468,079987",2,4,2024-04-28
2024-04-28 21:00:00,"552,1221923828125","417,890015",2,4,2024-04-28
2024-04-28 22:00:00,"511,6197509765625","306,529999",2,4,2024-04-28
2024-04-28 23:00:00,"501,2569580078125","370,75",2,4,2024-04-28
2024-07-01 00:00:00,"520,278564453125","583,150024",3,1,2024-07-01
2024-07-01 01:00:00,"485,0180969238281","581,809998",3,1,2024-07-01
2024-07-01 02:00:00,"478,1114501953125","564,059998",3,1,2024-07-01
2024-07-01 03:00:00,"561,877685546875","602,76001",3,1,2024-07-01
2024-07-01 04:00:00,"805,7838134765625","907,349976",3,1,2024-07-01
2024-07-01 05:00:00,"971,0693359375","1018,109985",3,1,2024-07-01
2024-07-01 06:00:00,"875,5086059570312","963,590027",3,1,2024-07-01
2024-07-01 07:00:00,"684,7445068359375","841,27002",3,1,2024-07-01
2024-07-01 08:00:00,"501,9156494140625","750,289978",3,1,2024-07-01
2024-07-01 09:00:00,"363,9009704589844","642,070007",3,1,2024-07-01
2024-07-01 10:00:00,"326,6373596191406","493,200012",3,1,2024-07-01
2024-07-01 11:00:00,"271,5090637207031","318,609985",3,1,2024-07-01
2024-07-01 12:00:00,"293,81475830078125","258,5",3,1,2024-07-01
2024-07-01 13:00:00,"388,0915222167969","242,759995",3,1,2024-07-01
2024-07-01 14:00:00,"448,6997375488281","231,649994",3,1,2024-07-01
2024-07-01 15:00:00,"574,9508666992188","410,200012",3,1,2024-07-01
2024-07-01 16:00:00,"754,7550048828125","538,77002",3,1,2024-07-01
2024-07-01 17:00:00,"962,51513671875","733,72998",3,1,2024-07-01
2024-07-01 18:00:00,"1324,76123046875","791,080017",3,1,2024-07-01
2024-07-01 19:00:00,"1128,935546875","939,719971",3,1,2024-07-01
2024-07-01 20:00:00,"867,1488647460938","782,580017",3,1,2024-07-01
2024-07-01 21:00:00,"686,6771240234375","653,700012",3,1,2024-07-01
2024-07-01 22:00:00,"621,4002685546875","593,919983",3,1,2024-07-01
2024-07-01 23:00:00,"579,3006591796875","462,350006",3,1,2024-07-01
2024-07-02 00:00:00,"595,4788208007812","375,829987",3,1,2024-07-02
2024-07-02 01:00:00,"571,007080078125","402,829987",3,1,2024-07-02
2024-07-02 02:00:00,"594,7695922851562","343,98999",3,1,2024-07-02
2024-07-02 03:00:00,"618,6429443359375","379,040009",3,1,2024-07-02
2024-07-02 04:00:00,"767,7067260742188","518,070007",3,1,2024-07-02
2024-07-02 05:00:00,"796,6655883789062","496,140015",3,1,2024-07-02
2024-07-02 06:00:00,"722,8720092773438","611,299988",3,1,2024-07-02
2024-07-02 07:00:00,"574,5516967773438","498,970001",3,1,2024-07-02
2024-07-02 08:00:00,"411,7967224121094","293,119995",3,1,2024-07-02
2024-07-02 09:00:00,"287,9437255859375","265,369995",3,1,2024-07-02
2024-07-02 10:00:00,"212,1030731201172","263,51001",3,1,2024-07-02
2024-07-02 11:00:00,"199,056396484375","257,98999",3,1,2024-07-02
2024-07-02 12:00:00,"-68,7387466430664","252,990005",3,1,2024-07-02
2024-07-02 13:00:00,"25,7984676361084","243,070007",3,1,2024-07-02
2024-07-02 14:00:00,"205,4826202392578","249,410004",3,1,2024-07-02
2024-07-02 15:00:00,"243,22369384765625","262,170013",3,1,2024-07-02
2024-07-02 16:00:00,"589,5285034179688","261,720001",3,1,2024-07-02
2024-07-02 17:00:00,"635,8882446289062","267,160004",3,1,2024-07-02
2024-07-02 18:00:00,"680,0189819335938","311,98999",3,1,2024-07-02
2024-07-02 19:00:00,"661,2832641601562","436,920013",3,1,2024-07-02
2024-07-02 20:00:00,"692,6075439453125","345,779999",3,1,2024-07-02
2024-07-02 21:00:00,"583,3472290039062","301,100006",3,1,2024-07-02
2024-07-02 22:00:00,"663,459228515625","277,459991",3,1,2024-07-02
2024-07-02 23:00:00,"603,9887084960938","268,809998",3,1,2024-07-02
2024-07-03 00:00:00,"561,6597900390625","267,23999",3,1,2024-07-03
2024-07-03 01:00:00,"552,3051147460938","270,380005",3,1,2024-07-03
2024-07-03 02:00:00,"661,3102416992188","288,649994",3,1,2024-07-03
2024-07-03 03:00:00,"1724,2178955078125","439,309998",3,1,2024-07-03
2024-07-03 04:00:00,"4164,78564453125","647,929993",3,1,2024-07-03
2024-07-03 05:00:00,"2776,4638671875","729,599976",3,1,2024-07-03
2024-07-03 06:00:00,"1219,63916015625","771,669983",3,1,2024-07-03
2024-07-03 07:00:00,"761,7435913085938","416,709991",3,1,2024-07-03
2024-07-03 08:00:00,"470,8749084472656","323,029999",3,1,2024-07-03
2024-07-03 09:00:00,"344,3075866699219","298,119995",3,1,2024-07-03
2024-07-03 10:00:00,"286,3585510253906","291,859985",3,1,2024-07-03
2024-07-03 11:00:00,"190,9824676513672","296,179993",3,1,2024-07-03
2024-07-03 12:00:00,"-71,35365295410156","306,100006",3,1,2024-07-03
2024-07-03 13:00:00,"43,601314544677734","317,220001",3,1,2024-07-03
2024-07-03 14:00:00,"220,72613525390625","376,660004",3,1,2024-07-03
2024-07-03 15:00:00,"433,7681884765625","590,5",3,1,2024-07-03
2024-07-03 16:00:00,"1027,622802734375","697,830017",3,1,2024-07-03
2024-07-03 17:00:00,"2175,4873046875","831,27002",3,1,2024-07-03
2024-07-03 18:00:00,"4292,52197265625","1149,969971",3,1,2024-07-03
2024-07-03 19:00:00,"3313,623779296875","784,130005",3,1,2024-07-03
2024-07-03 20:00:00,"1821,317626953125","655,23999",3,1,2024-07-03
2024-07-03 21:00:00,"1493,5399169921875","513,900024",3,1,2024-07-03
2024-07-03 22:00:00,"885,0340576171875","436,329987",3,1,2024-07-03
2024-07-03 23:00:00,"676,3866577148438","228,75",3,1,2024-07-03
2024-07-04 00:00:00,"554,2290649414062","154,240005",3,1,2024-07-04
2024-07-04 01:00:00,"519,264892578125","130,149994",3,1,2024-07-04
2024-07-04 02:00:00,"537,4764404296875","70,779999",3,1,2024-07-04
2024-07-04 03:00:00,"530,0601196289062","74,730003",3,1,2024-07-04
2024-07-04 04:00:00,"758,2854614257812","197,429993",3,1,2024-07-04
2024-07-04 05:00:00,"681,8729858398438","223,759995",3,1,2024-07-04
2024-07-04 06:00:00,"795,0361328125","235,910004",3,1,2024-07-04
2024-07-04 07:00:00,"659,2044067382812","168,940002",3,1,2024-07-04
2024-07-04 08:00:00,"503,09149169921875","14,17",3,1,2024-07-04
2024-07-04 09:00:00,"375,2947998046875","0,0",3,1,2024-07-04
2024-07-04 10:00:00,"291,8033752441406","-0,3",3,1,2024-07-04
2024-07-04 11:00:00,"290,0167236328125","-37,52",3,1,2024-07-04
2024-07-04 12:00:00,"281,03564453125","-142,380005",3,1,2024-07-04
2024-07-04 13:00:00,"374,7237548828125","-100,470001",3,1,2024-07-04
2024-07-04 14:00:00,"471,55792236328125","-39,599998",3,1,2024-07-04
2024-07-04 15:00:00,"540,84912109375","-0,22",3,1,2024-07-04
2024-07-04 16:00:00,"667,9066162109375","50,490002",3,1,2024-07-04
2024-07-04 17:00:00,"755,9754638671875","216,300003",3,1,2024-07-04
2024-07-04 18:00:00,"1236,3455810546875","336,160004",3,1,2024-07-04
2024-07-04 19:00:00,"1238,1265869140625","289,320007",3,1,2024-07-04
2024-07-04 20:00:00,"918,9663696289062","288,5",3,1,2024-07-04
2024-07-04 21:00:00,"698,1533203125","284,170013",3,1,2024-07-04
2024-07-04 22:00:00,"631,4020385742188","51,610001",3,1,2024-07-04
2024-07-04 23:00:00,"602,49755859375","36,02",3,1,2024-07-04
2024-07-05 00:00:00,"492,4505615234375","29,83",3,1,2024-07-05
2024-07-05 01:00:00,"455,41253662109375","19,91",3,1,2024-07-05
2024-07-05 02:00:00,"449,7250061035156","21,780001",3,1,2024-07-05
2024-07-05 03:00:00,"454,570556640625","42,66",3,1,2024-07-05
2024-07-05 04:00:00,"522,9971313476562","149,100006",3,1,2024-07-05
2024-07-05 05:00:00,"606,5995483398438","216,970001",3,1,2024-07-05
2024-07-05 06:00:00,"620,31201171875","234,720001",3,1,2024-07-05
2024-07-05 07:00:00,"582,635009765625","138,429993",3,1,2024-07-05
2024-07-05 08:00:00,"436,71826171875","22,0",3,1,2024-07-05
2024-07-05 09:00:00,"311,23291015625","3,06",3,1,2024-07-05
2024-07-05 10:00:00,"256,9381103515625","-0,3",3,1,2024-07-05
2024-07-05 11:00:00,"219,75341796875","-4,1",3,1,2024-07-05
2024-07-05 12:00:00,"217,93960571289062","-5,74",3,1,2024-07-05
2024-07-05 13:00:00,"289,4166259765625","-0,22",3,1,2024-07-05
2024-07-05 14:00:00,"302,9408264160156","14,4",3,1,2024-07-05
2024-07-05 15:00:00,"448,663330078125","125,379997",3,1,2024-07-05
2024-07-05 16:00:00,"515,1531372070312","186,839996",3,1,2024-07-05
2024-07-05 17:00:00,"581,3272094726562","273,730011",3,1,2024-07-05
2024-07-05 18:00:00,"706,336181640625","282,01001",3,1,2024-07-05
2024-07-05 19:00:00,"685,0419921875","447,959991",3,1,2024-07-05
2024-07-05 20:00:00,"696,0455932617188","618,02002",3,1,2024-07-05
2024-07-05 21:00:00,"602,0425415039062","633,609985",3,1,2024-07-05
2024-07-05 22:00:00,"577,3292236328125","637,890015",3,1,2024-07-05
2024-07-05 23:00:00,"480,4144592285156","492,73999",3,1,2024-07-05
2024-07-06 00:00:00,"386,52227783203125","473,799988",3,1,2024-07-06
2024-07-06 01:00:00,"398,5589294433594","346,540009",3,1,2024-07-06
2024-07-06 02:00:00,"400,309326171875","288,070007",3,1,2024-07-06
2024-07-06 03:00:00,"374,5442199707031","117,029999",3,1,2024-07-06
2024-07-06 04:00:00,"363,4503173828125","42,740002",3,1,2024-07-06
2024-07-06 05:00:00,"317,1671142578125","40,049999",3,1,2024-07-06
2024-07-06 06:00:00,"294,2304382324219","25,360001",3,1,2024-07-06
2024-07-06 07:00:00,"195,93312072753906","2,39",3,1,2024-07-06
2024-07-06 08:00:00,"-195,66830444335938","-0,3",3,1,2024-07-06
2024-07-06 09:00:00,"-245,36810302734375","-0,15",3,1,2024-07-06
2024-07-06 10:00:00,"-258,8721618652344","-0,22",3,1,2024-07-06
2024-07-06 11:00:00,"-284,1227722167969","-0,9",3,1,2024-07-06
2024-07-06 12:00:00,"-294,5735778808594","-16,26",3,1,2024-07-06
2024-07-06 13:00:00,"-296,2135009765625","-20,209999",3,1,2024-07-06
2024-07-06 14:00:00,"-215,8165740966797","-4,48",3,1,2024-07-06
2024-07-06 15:00:00,"85,14775848388672","-0,45",3,1,2024-07-06
2024-07-06 16:00:00,"298,619384765625","14,02",3,1,2024-07-06
2024-07-06 17:00:00,"605,4889526367188","1,64",3,1,2024-07-06
2024-07-06 18:00:00,"653,7229614257812","49,900002",3,1,2024-07-06
2024-07-06 19:00:00,"668,0387573242188","70,110001",3,1,2024-07-06
2024-07-06 20:00:00,"651,9586181640625","134,259995",3,1,2024-07-06
2024-07-06 21:00:00,"506,11676025390625","104,580002",3,1,2024-07-06
2024-07-06 22:00:00,"426,29736328125","-0,22",3,1,2024-07-06
2024-07-06 23:00:00,"338,70623779296875","-0,75",3,1,2024-07-06
2024-07-07 00:00:00,"285,4167785644531","-5,97",3,1,2024-07-07
2024-07-07 01:00:00,"242,7523651123047","-3,58",3,1,2024-07-07
2024-07-07 02:00:00,"245,98114013671875","-0,45",3,1,2024-07-07
2024-07-07 03:00:00,"234,0414581298828","-0,07",3,1,2024-07-07
2024-07-07 04:00:00,"238,22315979003906","-0,07",3,1,2024-07-07
2024-07-07 05:00:00,"176,26434326171875","-0,07",3,1,2024-07-07
2024-07-07 06:00:00,"-223,73326110839844","-4,47",3,1,2024-07-07
2024-07-07 07:00:00,"-212,39100646972656","-48,400002",3,1,2024-07-07
2024-07-07 08:00:00,"-213,66903686523438","-74,43",3,1,2024-07-07
2024-07-07 09:00:00,"-253,71817016601562","-89,800003",3,1,2024-07-07
2024-07-07 10:00:00,"-246,0075225830078","-100,610001",3,1,2024-07-07
2024-07-07 11:00:00,"-240,62054443359375","-112,019997",3,1,2024-07-07
2024-07-07 12:00:00,"-229,79429626464844","-156,470001",3,1,2024-07-07
2024-07-07 13:00:00,"-187,10260009765625","-90,989998",3,1,2024-07-07
2024-07-07 14:00:00,"-93,4014892578125","-45,939999",3,1,2024-07-07
2024-07-07 15:00:00,"53,98381042480469","-0,6",3,1,2024-07-07
2024-07-07 16:00:00,"331,6729431152344","477,23999",3,1,2024-07-07
2024-07-07 17:00:00,"664,3143920898438","673,23999",3,1,2024-07-07
2024-07-07 18:00:00,"817,3699951171875","890,48999",3,1,2024-07-07
2024-07-07 19:00:00,"836,652099609375","947,549988",3,1,2024-07-07
2024-07-07 20:00:00,"820,8195190429688","859,169983",3,1,2024-07-07
2024-07-07 21:00:00,"706,2709350585938","724,400024",3,1,2024-07-07
2024-07-07 22:00:00,"683,2648315429688","608,72998",3,1,2024-07-07
2024-07-07 23:00:00,"615,6387939453125","571,659973",3,1,2024-07-07
2024-07-08 00:00:00,"615,7691650390625","552,48999",3,2,2024-07-08
2024-07-08 01:00:00,"623,7094116210938","579,640015",3,2,2024-07-08
2024-07-08 02:00:00,"632,916015625","568,900024",3,2,2024-07-08
2024-07-08 03:00:00,"700,3243408203125","592,469971",3,2,2024-07-08
2024-07-08 04:00:00,"955,6748046875","820,390015",3,2,2024-07-08
2024-07-08 05:00:00,"1054,4202880859375","924,580017",3,2,2024-07-08
2024-07-08 06:00:00,"966,8464965820312","750,580017",3,2,2024-07-08
2024-07-08 07:00:00,"781,8811645507812","578,820007",3,2,2024-07-08
2024-07-08 08:00:00,"674,8533935546875","402,209991",3,2,2024-07-08
2024-07-08 09:00:00,"524,161376953125","286,609985",3,2,2024-07-08
2024-07-08 10:00:00,"415,8710021972656","237,089996",3,2,2024-07-08
2024-07-08 11:00:00,"352,7524719238281","219,639999",3,2,2024-07-08
2024-07-08 12:00:00,"306,0230712890625","220,460007",3,2,2024-07-08
2024-07-08 13:00:00,"356,6098327636719","274,079987",3,2,2024-07-08
2024-07-08 14:00:00,"423,84942626953125","477,320007",3,2,2024-07-08
2024-07-08 15:00:00,"573,4967651367188","598,140015",3,2,2024-07-08
2024-07-08 16:00:00,"747,4716796875","765,419983",3,2,2024-07-08
2024-07-08 17:00:00,"997,5933837890625","1006,840027",3,2,2024-07-08
2024-07-08 18:00:00,"1500,3194580078125","1857,140015",3,2,2024-07-08
2024-07-08 19:00:00,"1256,814697265625","1295,390015",3,2,2024-07-08
2024-07-08 20:00:00,"956,3375244140625","847,609985",3,2,2024-07-08
2024-07-08 21:00:00,"730,564453125","686,289978",3,2,2024-07-08
2024-07-08 22:00:00,"683,5911865234375","787,049988",3,2,2024-07-08
2024-07-08 23:00:00,"635,0437622070312","715,73999",3,2,2024-07-08
2024-07-09 00:00:00,"624,0986328125","694,26001",3,2,2024-07-09
2024-07-09 01:00:00,"624,4142456054688","679,789978",3,2,2024-07-09
2024-07-09 02:00:00,"628,1941528320312","653,840027",3,2,2024-07-09
2024-07-09 03:00:00,"668,1185913085938","722,22998",3,2,2024-07-09
2024-07-09 04:00:00,"802,36474609375","830,76001",3,2,2024-07-09
2024-07-09 05:00:00,"852,6256713867188","773,919983",3,2,2024-07-09
2024-07-09 06:00:00,"747,5059814453125","701,119995",3,2,2024-07-09
2024-07-09 07:00:00,"611,8294677734375","501,679993",3,2,2024-07-09
2024-07-09 08:00:00,"526,9824829101562","347,799988",3,2,2024-07-09
2024-07-09 09:00:00,"385,430419921875","251,440002",3,2,2024-07-09
2024-07-09 10:00:00,"365,61212158203125","163,720001",3,2,2024-07-09
2024-07-09 11:00:00,"324,89752197265625","119,190002",3,2,2024-07-09
2024-07-09 12:00:00,"270,80120849609375","32,369999",3,2,2024-07-09
2024-07-09 13:00:00,"320,2084655761719","82,639999",3,2,2024-07-09
2024-07-09 14:00:00,"442,4794006347656","400,76001",3,2,2024-07-09
2024-07-09 15:00:00,"548,7427368164062","609,309998",3,2,2024-07-09
2024-07-09 16:00:00,"735,5712890625","740,429993",3,2,2024-07-09
2024-07-09 17:00:00,"909,6358032226562","822,47998",3,2,2024-07-09
2024-07-09 18:00:00,"933,1057739257812","841,349976",3,2,2024-07-09
2024-07-09 19:00:00,"852,97021484375","748,26001",3,2,2024-07-09
2024-07-09 20:00:00,"720,3474731445312","338,779999",3,2,2024-07-09
2024-07-09 21:00:00,"576,0480346679688","301,779999",3,2,2024-07-09
2024-07-09 22:00:00,"811,391845703125","243,110001",3,2,2024-07-09
2024-07-09 23:00:00,"859,6968383789062","246,089996",3,2,2024-07-09
2024-07-10 00:00:00,"847,701416015625","224,009995",3,2,2024-07-10
2024-07-10 01:00:00,"899,8970336914062","214,320007",3,2,2024-07-10
2024-07-10 02:00:00,"963,9404907226562","223,789993",3,2,2024-07-10
2024-07-10 03:00:00,"1886,862060546875","243,779999",3,2,2024-07-10
2024-07-10 04:00:00,"3797,928466796875","300,700012",3,2,2024-07-10
2024-07-10 05:00:00,"2673,626220703125","325,089996",3,2,2024-07-10
2024-07-10 06:00:00,"1333,0645751953125","622,809998",3,2,2024-07-10
2024-07-10 07:00:00,"791,9254150390625","586,109985",3,2,2024-07-10
2024-07-10 08:00:00,"553,207763671875","484,880005",3,2,2024-07-10
2024-07-10 09:00:00,"392,2568054199219","416,029999",3,2,2024-07-10
2024-07-10 10:00:00,"352,05926513671875","351,570007",3,2,2024-07-10
2024-07-10 11:00:00,"259,2184143066406","304,059998",3,2,2024-07-10
2024-07-10 12:00:00,"237,6529083251953","392,149994",3,2,2024-07-10
2024-07-10 13:00:00,"332,1799621582031","394,690002",3,2,2024-07-10
2024-07-10 14:00:00,"380,8462829589844","441,089996",3,2,2024-07-10
2024-07-10 15:00:00,"508,91021728515625","597,820007",3,2,2024-07-10
2024-07-10 16:00:00,"1123,768798828125","595,059998",3,2,2024-07-10
2024-07-10 17:00:00,"2124,765380859375","743,880005",3,2,2024-07-10
2024-07-10 18:00:00,"4374,28271484375","872,780029",3,2,2024-07-10
2024-07-10 19:00:00,"3155,619384765625","1122,75",3,2,2024-07-10
2024-07-10 20:00:00,"1562,192138671875","850,179993",3,2,2024-07-10
2024-07-10 21:00:00,"1363,4940185546875","693,150024",3,2,2024-07-10
2024-07-10 22:00:00,"832,2887573242188","716,380005",3,2,2024-07-10
2024-07-10 23:00:00,"637,6771240234375","596,48999",3,2,2024-07-10
2024-07-11 00:00:00,"521,7918090820312","574,919983",3,2,2024-07-11
2024-07-11 01:00:00,"472,76806640625","593,869995",3,2,2024-07-11
2024-07-11 02:00:00,"423,4915771484375","599,169983",3,2,2024-07-11
2024-07-11 03:00:00,"460,2751770019531","611,630005",3,2,2024-07-11
2024-07-11 04:00:00,"636,2792358398438","801,72998",3,2,2024-07-11
2024-07-11 05:00:00,"700,3787841796875","895,289978",3,2,2024-07-11
2024-07-11 06:00:00,"684,03515625","794,789978",3,2,2024-07-11
2024-07-11 07:00:00,"516,5797119140625","664,830017",3,2,2024-07-11
2024-07-11 08:00:00,"354,9486083984375","602,01001",3,2,2024-07-11
2024-07-11 09:00:00,"277,9922790527344","496,880005",3,2,2024-07-11
2024-07-11 10:00:00,"291,9998474121094","428,540009",3,2,2024-07-11
2024-07-11 11:00:00,"296,6723327636719","355,880005",3,2,2024-07-11
2024-07-11 12:00:00,"198,04090881347656","331,850006",3,2,2024-07-11
2024-07-11 13:00:00,"12,947482109069824","373,779999",3,2,2024-07-11
2024-07-11 14:00:00,"66,79558563232422","454,959991",3,2,2024-07-11
2024-07-11 15:00:00,"520,6502685546875","611,109985",3,2,2024-07-11
2024-07-11 16:00:00,"575,6283569335938","683,25",3,2,2024-07-11
2024-07-11 17:00:00,"805,6543579101562","872,909973",3,2,2024-07-11
2024-07-11 18:00:00,"1471,6015625","1375,23999",3,2,2024-07-11
2024-07-11 19:00:00,"1186,9454345703125","1244,0",3,2,2024-07-11
2024-07-11 20:00:00,"921,1758422851562","907,150024",3,2,2024-07-11
2024-07-11 21:00:00,"722,5657348632812","732,049988",3,2,2024-07-11
2024-07-11 22:00:00,"598,6051025390625","764,130005",3,2,2024-07-11
2024-07-11 23:00:00,"533,996337890625","651,400024",3,2,2024-07-11
2024-07-12 00:00:00,"466,0475769042969","609,619995",3,2,2024-07-12
2024-07-12 01:00:00,"434,9314880371094","596,710022",3,2,2024-07-12
2024-07-12 02:00:00,"409,0471496582031","570,0",3,2,2024-07-12
2024-07-12 03:00:00,"413,7345275878906","592,159973",3,2,2024-07-12
2024-07-12 04:00:00,"492,572265625","805,309998",3,2,2024-07-12
2024-07-12 05:00:00,"552,8582763671875","820,080017",3,2,2024-07-12
2024-07-12 06:00:00,"566,548828125","817,690002",3,2,2024-07-12
2024-07-12 07:00:00,"424,79266357421875","763,97998",3,2,2024-07-12
2024-07-12 08:00:00,"297,3534240722656","715,26001",3,2,2024-07-12
2024-07-12 09:00:00,"281,51190185546875","670,200012",3,2,2024-07-12
2024-07-12 10:00:00,"290,5655517578125","621,099976",3,2,2024-07-12
2024-07-12 11:00:00,"255,5056915283203","586,409973",3,2,2024-07-12
2024-07-12 12:00:00,"223,9652862548828","582,22998",3,2,2024-07-12
2024-07-12 13:00:00,"252,81455993652344","583,349976",3,2,2024-07-12
2024-07-12 14:00:00,"254,1795196533203","624,159973",3,2,2024-07-12
2024-07-12 15:00:00,"343,8365783691406","589,400024",3,2,2024-07-12
2024-07-12 16:00:00,"491,4969177246094","671,840027",3,2,2024-07-12
2024-07-12 17:00:00,"594,0164794921875","720,849976",3,2,2024-07-12
2024-07-12 18:00:00,"775,3349609375","683,400024",3,2,2024-07-12
2024-07-12 19:00:00,"832,2205810546875","705,859985",3,2,2024-07-12
2024-07-12 20:00:00,"791,358642578125","639,090027",3,2,2024-07-12
2024-07-12 21:00:00,"664,890869140625","522,330017",3,2,2024-07-12
2024-07-12 22:00:00,"619,9929809570312","251,740005",3,2,2024-07-12
2024-07-12 23:00:00,"583,9456176757812","242,940002",3,2,2024-07-12
2024-07-13 00:00:00,"550,719970703125","259,869995",3,2,2024-07-13
2024-07-13 01:00:00,"494,3205871582031","247,710007",3,2,2024-07-13
2024-07-13 02:00:00,"439,9677734375","243,610001",3,2,2024-07-13
2024-07-13 03:00:00,"396,4708557128906","231,149994",3,2,2024-07-13
2024-07-13 04:00:00,"358,5303649902344","227,860001",3,2,2024-07-13
2024-07-13 05:00:00,"305,19586181640625","207,570007",3,2,2024-07-13
2024-07-13 06:00:00,"261,69000244140625","198,470001",3,2,2024-07-13
2024-07-13 07:00:00,"201,08636474609375","156,460007",3,2,2024-07-13
2024-07-13 08:00:00,"-157,38233947753906","38,5",3,2,2024-07-13
2024-07-13 09:00:00,"-242,42955017089844","0,3",3,2,2024-07-13
2024-07-13 10:00:00,"-261,1658935546875","-0,07",3,2,2024-07-13
2024-07-13 11:00:00,"-295,82861328125","-6,49",3,2,2024-07-13
2024-07-13 12:00:00,"-415,703125","-6,04",3,2,2024-07-13
2024-07-13 13:00:00,"-291,79107666015625","-0,45",3,2,2024-07-13
2024-07-13 14:00:00,"-293,41326904296875","10,52",3,2,2024-07-13
2024-07-13 15:00:00,"193,3163604736328","-0,07",3,2,2024-07-13
2024-07-13 16:00:00,"508,3049011230469","214,660004",3,2,2024-07-13
2024-07-13 17:00:00,"608,78564453125","375,519989",3,2,2024-07-13
2024-07-13 18:00:00,"607,5439453125","562,950012",3,2,2024-07-13
2024-07-13 19:00:00,"589,494140625","568,98999",3,2,2024-07-13
2024-07-13 20:00:00,"518,7924194335938","588,23999",3,2,2024-07-13
2024-07-13 21:00:00,"429,77154541015625","470,049988",3,2,2024-07-13
2024-07-13 22:00:00,"364,1162414550781","663,700012",3,2,2024-07-13
2024-07-13 23:00:00,"309,2632751464844","471,48999",3,2,2024-07-13
2024-07-14 00:00:00,"299,68377685546875","413,73999",3,2,2024-07-14
2024-07-14 01:00:00,"308,3287658691406","330,540009",3,2,2024-07-14
2024-07-14 02:00:00,"304,05230712890625","283,01001",3,2,2024-07-14
2024-07-14 03:00:00,"292,7760925292969","274,660004",3,2,2024-07-14
2024-07-14 04:00:00,"246,97439575195312","238,470001",3,2,2024-07-14
2024-07-14 05:00:00,"205,9647674560547","106,550003",3,2,2024-07-14
2024-07-14 06:00:00,"-173,02964782714844","2,16",3,2,2024-07-14
2024-07-14 07:00:00,"-272,9974670410156","-17,09",3,2,2024-07-14
2024-07-14 08:00:00,"-270,43853759765625","-22,530001",3,2,2024-07-14
2024-07-14 09:00:00,"-364,2325134277344","-25,370001",3,2,2024-07-14
2024-07-14 10:00:00,"-360,0611877441406","-31,49",3,2,2024-07-14
2024-07-14 11:00:00,"-286,5957946777344","-38,5",3,2,2024-07-14
2024-07-14 12:00:00,"-428,1134033203125","-47,830002",3,2,2024-07-14
2024-07-14 13:00:00,"-258,34222412109375","-39,990002",3,2,2024-07-14
2024-07-14 14:00:00,"-181,45721435546875","-75,809998",3,2,2024-07-14
2024-07-14 15:00:00,"251,4749755859375","-0,37",3,2,2024-07-14
2024-07-14 16:00:00,"527,3223876953125","347,26001",3,2,2024-07-14
2024-07-14 17:00:00,"631,2647705078125","654,820007",3,2,2024-07-14
2024-07-14 18:00:00,"798,788818359375","841,650024",3,2,2024-07-14
2024-07-14 19:00:00,"851,7510375976562","806,059998",3,2,2024-07-14
2024-07-14 20:00:00,"796,0880126953125","789,719971",3,2,2024-07-14
2024-07-14 21:00:00,"699,3952026367188","649,590027",3,2,2024-07-14
2024-07-14 22:00:00,"665,749755859375","592,070007",3,2,2024-07-14
2024-07-14 23:00:00,"613,3645629882812","494,25",3,2,2024-07-14
2024-07-15 00:00:00,"547,06591796875","434,029999",3,3,2024-07-15
2024-07-15 01:00:00,"567,0653076171875","361,059998",3,3,2024-07-15
2024-07-15 02:00:00,"562,8345336914062","388,73999",3,3,2024-07-15
2024-07-15 03:00:00,"589,6677856445312","482,160004",3,3,2024-07-15
2024-07-15 04:00:00,"814,2968139648438","482,609985",3,3,2024-07-15
2024-07-15 05:00:00,"849,4680786132812","482,380005",3,3,2024-07-15
2024-07-15 06:00:00,"818,5880126953125","482,079987",3,3,2024-07-15
2024-07-15 07:00:00,"656,5706176757812","299,200012",3,3,2024-07-15
2024-07-15 08:00:00,"527,9657592773438","265,029999",3,3,2024-07-15
2024-07-15 09:00:00,"408,9078674316406","84,239998",3,3,2024-07-15
2024-07-15 10:00:00,"302,2873229980469","0,52",3,3,2024-07-15
2024-07-15 11:00:00,"256,681884765625","-0,07",3,3,2024-07-15
2024-07-15 12:00:00,"220,43115234375","-0,52",3,3,2024-07-15
2024-07-15 13:00:00,"298,9377746582031","26,41",3,3,2024-07-15
2024-07-15 14:00:00,"386,4894104003906","330,470001",3,3,2024-07-15
2024-07-15 15:00:00,"550,32470703125","611,840027",3,3,2024-07-15
2024-07-15 16:00:00,"627,0200805664062","853,219971",3,3,2024-07-15
2024-07-15 17:00:00,"884,4517211914062","1389,619995",3,3,2024-07-15
2024-07-15 18:00:00,"1383,09033203125","1598,540039",3,3,2024-07-15
2024-07-15 19:00:00,"1092,7760009765625","1050,27002",3,3,2024-07-15
2024-07-15 20:00:00,"875,66162109375","690,030029",3,3,2024-07-15
2024-07-15 21:00:00,"688,0841064453125","597,659973",3,3,2024-07-15
2024-07-15 22:00:00,"640,7371826171875","571,47998",3,3,2024-07-15
2024-07-15 23:00:00,"611,574462890625","475,829987",3,3,2024-07-15
2024-07-16 00:00:00,"569,859130859375","391,660004",3,3,2024-07-16
2024-07-16 01:00:00,"568,2014770507812","274,73999",3,3,2024-07-16
2024-07-16 02:00:00,"560,558837890625","284,730011",3,3,2024-07-16
2024-07-16 03:00:00,"581,0438842773438","375,470001",3,3,2024-07-16
2024-07-16 04:00:00,"677,48681640625","531,859985",3,3,2024-07-16
2024-07-16 05:00:00,"687,9616088867188","593,049988",3,3,2024-07-16
2024-07-16 06:00:00,"635,17431640625","568,349976",3,3,2024-07-16
2024-07-16 07:00:00,"566,3135375976562","468,359985",3,3,2024-07-16
2024-07-16 08:00:00,"396,0196228027344","160,350006",3,3,2024-07-16
2024-07-16 09:00:00,"328,03961181640625","10,67",3,3,2024-07-16
2024-07-16 10:00:00,"262,0136413574219","15,15",3,3,2024-07-16
2024-07-16 11:00:00,"241,08580017089844","98,489998",3,3,2024-07-16
2024-07-16 12:00:00,"245,00634765625","30,290001",3,3,2024-07-16
2024-07-16 13:00:00,"282,55047607421875","10,97",3,3,2024-07-16
2024-07-16 14:00:00,"404,6407165527344","-0,07",3,3,2024-07-16
2024-07-16 15:00:00,"554,5817260742188","165,050003",3,3,2024-07-16
2024-07-16 16:00:00,"611,5055541992188","470,230011",3,3,2024-07-16
2024-07-16 17:00:00,"868,9822387695312","611,780029",3,3,2024-07-16
2024-07-16 18:00:00,"987,5657958984375","907,330017",3,3,2024-07-16
2024-07-16 19:00:00,"910,3973388671875","852,710022",3,3,2024-07-16
2024-07-16 20:00:00,"659,9972534179688","789,51001",3,3,2024-07-16
2024-07-16 21:00:00,"548,0164794921875","629,090027",3,3,2024-07-16
2024-07-16 22:00:00,"774,7949829101562","652,109985",3,3,2024-07-16
2024-07-16 23:00:00,"839,0653686523438","544,52002",3,3,2024-07-16
2024-07-17 00:00:00,"956,4664306640625","543,330017",3,3,2024-07-17
2024-07-17 01:00:00,"1156,57470703125","526,23999",3,3,2024-07-17
2024-07-17 02:00:00,"1242,363525390625","530,119995",3,3,2024-07-17
2024-07-17 03:00:00,"2119,342529296875","577,799988",3,3,2024-07-17
2024-07-17 04:00:00,"3984,843994140625","671,880005",3,3,2024-07-17
2024-07-17 05:00:00,"2790,994140625","744,330017",3,3,2024-07-17
2024-07-17 06:00:00,"1546,3165283203125","788,650024",3,3,2024-07-17
2024-07-17 07:00:00,"677,0869140625","575,559998",3,3,2024-07-17
2024-07-17 08:00:00,"492,2545471191406","434,170013",3,3,2024-07-17
2024-07-17 09:00:00,"367,1968994140625","311,51001",3,3,2024-07-17
2024-07-17 10:00:00,"264,1540222167969","243,160004",3,3,2024-07-17
2024-07-17 11:00:00,"266,1120300292969","163,029999",3,3,2024-07-17
2024-07-17 12:00:00,"296,9674377441406","80,580002",3,3,2024-07-17
2024-07-17 13:00:00,"362,9579162597656","100,5",3,3,2024-07-17
2024-07-17 14:00:00,"416,1454162597656","290,089996",3,3,2024-07-17
2024-07-17 15:00:00,"530,0424194335938","460,209991",3,3,2024-07-17
2024-07-17 16:00:00,"666,7870483398438","618,76001",3,3,2024-07-17
2024-07-17 17:00:00,"1692,808837890625","797,530029",3,3,2024-07-17
2024-07-17 18:00:00,"4244,32861328125","984,280029",3,3,2024-07-17
2024-07-17 19:00:00,"2953,440185546875","1044,790039",3,3,2024-07-17
2024-07-17 20:00:00,"1388,4993896484375","857,369995",3,3,2024-07-17
2024-07-17 21:00:00,"1131,380615234375","687,700012",3,3,2024-07-17
2024-07-17 22:00:00,"639,5377197265625","506,570007",3,3,2024-07-17
2024-07-17 23:00:00,"538,7091674804688","544,679993",3,3,2024-07-17
2024-07-18 00:00:00,"464,0237731933594","493,589996",3,3,2024-07-18
2024-07-18 01:00:00,"441,4873046875","491,200012",3,3,2024-07-18
2024-07-18 02:00:00,"431,9827575683594","466,880005",3,3,2024-07-18
2024-07-18 03:00:00,"422,2663879394531","298,369995",3,3,2024-07-18
2024-07-18 04:00:00,"598,7899780273438","650,309998",3,3,2024-07-18
2024-07-18 05:00:00,"616,9849853515625","704,909973",3,3,2024-07-18
2024-07-18 06:00:00,"573,4558715820312","506,269989",3,3,2024-07-18
2024-07-18 07:00:00,"466,4316711425781","351,339996",3,3,2024-07-18
2024-07-18 08:00:00,"312,9588928222656","270,779999",3,3,2024-07-18
2024-07-18 09:00:00,"277,4093322753906","253,470001",3,3,2024-07-18
2024-07-18 10:00:00,"255,8053436279297","253,25",3,3,2024-07-18
2024-07-18 11:00:00,"247,3747100830078","252,800003",3,3,2024-07-18
2024-07-18 12:00:00,"208,3756561279297","254,360001",3,3,2024-07-18
2024-07-18 13:00:00,"208,86782836914062","260,929993",3,3,2024-07-18
2024-07-18 14:00:00,"255,2431640625","197,080002",3,3,2024-07-18
2024-07-18 15:00:00,"394,3291320800781","637,630005",3,3,2024-07-18
2024-07-18 16:00:00,"475,6826477050781","686,26001",3,3,2024-07-18
2024-07-18 17:00:00,"623,8203125","952,26001",3,3,2024-07-18
2024-07-18 18:00:00,"1359,4552001953125","1382,819946",3,3,2024-07-18
2024-07-18 19:00:00,"1171,533447265625","1318,290039",3,3,2024-07-18
2024-07-18 20:00:00,"980,3251342773438","891,690002",3,3,2024-07-18
2024-07-18 21:00:00,"686,4854125976562","760,26001",3,3,2024-07-18
2024-07-18 22:00:00,"573,7681274414062","672,26001",3,3,2024-07-18
2024-07-18 23:00:00,"495,7344970703125","600,200012",3,3,2024-07-18
2024-07-19 00:00:00,"439,02587890625","596,169983",3,3,2024-07-19
2024-07-19 01:00:00,"427,9056701660156","583,47998",3,3,2024-07-19
2024-07-19 02:00:00,"411,99700927734375","606,390015",3,3,2024-07-19
2024-07-19 03:00:00,"430,8005676269531","667,039978",3,3,2024-07-19
2024-07-19 04:00:00,"506,8087158203125","827,289978",3,3,2024-07-19
2024-07-19 05:00:00,"547,5747680664062","810,72998",3,3,2024-07-19
2024-07-19 06:00:00,"554,6414794921875","734,109985",3,3,2024-07-19
2024-07-19 07:00:00,"444,34332275390625","607,51001",3,3,2024-07-19
2024-07-19 08:00:00,"297,5016784667969","522,22998",3,3,2024-07-19
2024-07-19 09:00:00,"271,14959716796875","438,299988",3,3,2024-07-19
2024-07-19 10:00:00,"209,27407836914062","330,799988",3,3,2024-07-19
2024-07-19 11:00:00,"214,06927490234375","272,309998",3,3,2024-07-19
2024-07-19 12:00:00,"203,61111450195312","270,070007",3,3,2024-07-19
2024-07-19 13:00:00,"222,79640197753906","317,369995",3,3,2024-07-19
2024-07-19 14:00:00,"222,80519104003906","475,899994",3,3,2024-07-19
2024-07-19 15:00:00,"291,41571044921875","576,98999",3,3,2024-07-19
2024-07-19 16:00:00,"431,1579895019531","683,460022",3,3,2024-07-19
2024-07-19 17:00:00,"527,92822265625","888,099976",3,3,2024-07-19
2024-07-19 18:00:00,"683,401123046875","1358,410034",3,3,2024-07-19
2024-07-19 19:00:00,"725,9774169921875","895,26001",3,3,2024-07-19
2024-07-19 20:00:00,"769,4972534179688","797,22998",3,3,2024-07-19
2024-07-19 21:00:00,"651,915771484375","683,01001",3,3,2024-07-19
2024-07-19 22:00:00,"579,8713989257812","706,789978",3,3,2024-07-19
2024-07-19 23:00:00,"528,7506103515625","667,099976",3,3,2024-07-19
2024-07-20 00:00:00,"494,87939453125","658,440002",3,3,2024-07-20
2024-07-20 01:00:00,"448,7791748046875","670,599976",3,3,2024-07-20
2024-07-20 02:00:00,"419,5384826660156","703,130005",3,3,2024-07-20
2024-07-20 03:00:00,"368,526611328125","699,849976",3,3,2024-07-20
2024-07-20 04:00:00,"330,06005859375","665,159973",3,3,2024-07-20
2024-07-20 05:00:00,"284,1781005859375","641,580017",3,3,2024-07-20
2024-07-20 06:00:00,"237,24404907226562","508,850006",3,3,2024-07-20
2024-07-20 07:00:00,"184,12709045410156","371,559998",3,3,2024-07-20
2024-07-20 08:00:00,"-194,8974151611328","38,419998",3,3,2024-07-20
2024-07-20 09:00:00,"-30,780405044555664","0,0",3,3,2024-07-20
2024-07-20 10:00:00,"-15,207025527954102","-1,57",3,3,2024-07-20
2024-07-20 11:00:00,"-59,489837646484375","0,15",3,3,2024-07-20
2024-07-20 12:00:00,"-328,8095397949219","-1,87",3,3,2024-07-20
2024-07-20 13:00:00,"-60,17229461669922","-20,219999",3,3,2024-07-20
2024-07-20 14:00:00,"-319,6055908203125","18,059999",3,3,2024-07-20
2024-07-20 15:00:00,"144,86480712890625","390,140015",3,3,2024-07-20
2024-07-20 16:00:00,"357,872314453125","634,190002",3,3,2024-07-20
2024-07-20 17:00:00,"457,05352783203125","817,440002",3,3,2024-07-20
2024-07-20 18:00:00,"523,2601928710938","1005,380005",3,3,2024-07-20
2024-07-20 19:00:00,"447,9801940917969","811,840027",3,3,2024-07-20
2024-07-20 20:00:00,"429,26568603515625","627,47998",3,3,2024-07-20
2024-07-20 21:00:00,"365,6630554199219","555,929993",3,3,2024-07-20
2024-07-20 22:00:00,"350,1076965332031","474,790009",3,3,2024-07-20
2024-07-20 23:00:00,"276,5285949707031","420,089996",3,3,2024-07-20
2024-07-21 00:00:00,"284,8059387207031","411,880005",3,3,2024-07-21
2024-07-21 01:00:00,"269,3966064453125","450,540009",3,3,2024-07-21
2024-07-21 02:00:00,"275,5423889160156","496,570007",3,3,2024-07-21
2024-07-21 03:00:00,"275,0727233886719","561,419983",3,3,2024-07-21
2024-07-21 04:00:00,"230,21148681640625","480,529999",3,3,2024-07-21
2024-07-21 05:00:00,"195,00418090820312","421,809998",3,3,2024-07-21
2024-07-21 06:00:00,"-199,2601318359375","363,230011",3,3,2024-07-21
2024-07-21 07:00:00,"-251,550048828125","78,870003",3,3,2024-07-21
2024-07-21 08:00:00,"-301,7907409667969","0,52",3,3,2024-07-21
2024-07-21 09:00:00,"-59,889198303222656","0,22",3,3,2024-07-21
2024-07-21 10:00:00,"-144,10494995117188","0,15",3,3,2024-07-21
2024-07-21 11:00:00,"-155,34768676757812","-0,45",3,3,2024-07-21
2024-07-21 12:00:00,"-474,2181396484375","-1,34",3,3,2024-07-21
2024-07-21 13:00:00,"-170,83331298828125","0,3",3,3,2024-07-21
2024-07-21 14:00:00,"-293,0800476074219","0,82",3,3,2024-07-21
2024-07-21 15:00:00,"164,72509765625","446,279999",3,3,2024-07-21
2024-07-21 16:00:00,"446,4174499511719","600,289978",3,3,2024-07-21
2024-07-21 17:00:00,"566,9012451171875","807,880005",3,3,2024-07-21
2024-07-21 18:00:00,"742,62255859375","841,150024",3,3,2024-07-21
2024-07-21 19:00:00,"771,0344848632812","919,950012",3,3,2024-07-21
2024-07-21 20:00:00,"721,4346313476562","814,590027",3,3,2024-07-21
2024-07-21 21:00:00,"630,195556640625","672,73999",3,3,2024-07-21
2024-07-21 22:00:00,"587,6304931640625","901,669983",3,3,2024-07-21
2024-07-21 23:00:00,"546,6156005859375","721,02002",3,3,2024-07-21
2024-07-22 00:00:00,"556,418701171875","648,27002",3,4,2024-07-22
2024-07-22 01:00:00,"541,5797729492188","648,640015",3,4,2024-07-22
2024-07-22 02:00:00,"539,9590454101562","610,659973",3,4,2024-07-22
2024-07-22 03:00:00,"552,3890991210938","591,859985",3,4,2024-07-22
2024-07-22 04:00:00,"664,9144287109375","811,159973",3,4,2024-07-22
2024-07-22 05:00:00,"856,7515869140625","896,070007",3,4,2024-07-22
2024-07-22 06:00:00,"861,009033203125","852,719971",3,4,2024-07-22
2024-07-22 07:00:00,"671,5623779296875","703,929993",3,4,2024-07-22
2024-07-22 08:00:00,"444,67315673828125","473,290009",3,4,2024-07-22
2024-07-22 09:00:00,"304,37469482421875","291,600006",3,4,2024-07-22
2024-07-22 10:00:00,"278,95281982421875","191,089996",3,4,2024-07-22
2024-07-22 11:00:00,"251,4418182373047","174,300003",3,4,2024-07-22
2024-07-22 12:00:00,"227,18380737304688","144,830002",3,4,2024-07-22
2024-07-22 13:00:00,"228,53395080566406","152,070007",3,4,2024-07-22
2024-07-22 14:00:00,"380,840087890625","170,279999",3,4,2024-07-22
2024-07-22 15:00:00,"484,8589172363281","463,820007",3,4,2024-07-22
2024-07-22 16:00:00,"543,5321655273438","603,719971",3,4,2024-07-22
2024-07-22 17:00:00,"868,7754516601562","739,0",3,4,2024-07-22
2024-07-22 18:00:00,"1330,3843994140625","1043,660034",3,4,2024-07-22
2024-07-22 19:00:00,"1117,5008544921875","1046,569946",3,4,2024-07-22
2024-07-22 20:00:00,"860,6840209960938","828,539978",3,4,2024-07-22
2024-07-22 21:00:00,"686,2589721679688","712,73999",3,4,2024-07-22
2024-07-22 22:00:00,"634,691162109375","618,22998",3,4,2024-07-22
2024-07-22 23:00:00,"590,142822265625","559,349976",3,4,2024-07-22
2024-07-23 00:00:00,"546,4705810546875","547,630005",3,4,2024-07-23
2024-07-23 01:00:00,"515,0698852539062","508,380005",3,4,2024-07-23
2024-07-23 02:00:00,"505,3776550292969","526,52002",3,4,2024-07-23
2024-07-23 03:00:00,"515,7293701171875","549,799988",3,4,2024-07-23
2024-07-23 04:00:00,"586,8543701171875","745,450012",3,4,2024-07-23
2024-07-23 05:00:00,"624,6430053710938","865,590027",3,4,2024-07-23
2024-07-23 06:00:00,"652,427490234375","824,179993",3,4,2024-07-23
2024-07-23 07:00:00,"565,887939453125","651,359985",3,4,2024-07-23
2024-07-23 08:00:00,"346,50579833984375","513,909973",3,4,2024-07-23
2024-07-23 09:00:00,"269,93927001953125","457,940002",3,4,2024-07-23
2024-07-23 10:00:00,"240,12059020996094","324,0",3,4,2024-07-23
2024-07-23 11:00:00,"245,9547119140625","285,720001",3,4,2024-07-23
2024-07-23 12:00:00,"265,8397216796875","268,709991",3,4,2024-07-23
2024-07-23 13:00:00,"255,9579620361328","313,100006",3,4,2024-07-23
2024-07-23 14:00:00,"352,590576171875","483,980011",3,4,2024-07-23
2024-07-23 15:00:00,"388,5240173339844","593,450012",3,4,2024-07-23
2024-07-23 16:00:00,"523,926513671875","596,359985",3,4,2024-07-23
2024-07-23 17:00:00,"752,2132568359375","716,570007",3,4,2024-07-23
2024-07-23 18:00:00,"951,046630859375","872,530029",3,4,2024-07-23
2024-07-23 19:00:00,"907,848876953125","761,200012",3,4,2024-07-23
2024-07-23 20:00:00,"663,7462158203125","740,450012",3,4,2024-07-23
2024-07-23 21:00:00,"585,8139038085938","683,369995",3,4,2024-07-23
2024-07-23 22:00:00,"503,9855041503906","623,359985",3,4,2024-07-23
2024-07-23 23:00:00,"421,53656005859375","584,419983",3,4,2024-07-23
2024-07-24 00:00:00,"428,91290283203125","541,369995",3,4,2024-07-24
2024-07-24 01:00:00,"392,17498779296875","549,130005",3,4,2024-07-24
2024-07-24 02:00:00,"419,56451416015625","423,630005",3,4,2024-07-24
2024-07-24 03:00:00,"443,92681884765625","299,179993",3,4,2024-07-24
2024-07-24 04:00:00,"484,51654052734375","323,429993",3,4,2024-07-24
2024-07-24 05:00:00,"531,0193481445312","336,190002",3,4,2024-07-24
2024-07-24 06:00:00,"437,3976745605469","429,079987",3,4,2024-07-24
2024-07-24 07:00:00,"388,9670715332031","270,23999",3,4,2024-07-24
2024-07-24 08:00:00,"387,1985778808594","186,520004",3,4,2024-07-24
2024-07-24 09:00:00,"353,4853210449219","158,100006",3,4,2024-07-24
2024-07-24 10:00:00,"330,3695068359375","11,79",3,4,2024-07-24
2024-07-24 11:00:00,"300,4358215332031","-1,12",3,4,2024-07-24
2024-07-24 12:00:00,"318,5372619628906","-15,37",3,4,2024-07-24
2024-07-24 13:00:00,"290,0480041503906","-14,62",3,4,2024-07-24
2024-07-24 14:00:00,"408,7582702636719","16,49",3,4,2024-07-24
2024-07-24 15:00:00,"460,31072998046875","292,98999",3,4,2024-07-24
2024-07-24 16:00:00,"584,009033203125","387,149994",3,4,2024-07-24
2024-07-24 17:00:00,"752,9050903320312","668,5",3,4,2024-07-24
2024-07-24 18:00:00,"1136,2796630859375","809,659973",3,4,2024-07-24
2024-07-24 19:00:00,"1089,084228515625","881,210022",3,4,2024-07-24
2024-07-24 20:00:00,"850,9373779296875","813,320007",3,4,2024-07-24
2024-07-24 21:00:00,"597,5657958984375","631,570007",3,4,2024-07-24
2024-07-24 22:00:00,"496,81744384765625","624,570007",3,4,2024-07-24
2024-07-24 23:00:00,"448,4516296386719","578,299988",3,4,2024-07-24
2024-07-25 00:00:00,"433,7600402832031","567,859985",3,4,2024-07-25
2024-07-25 01:00:00,"406,0651550292969","596,359985",3,4,2024-07-25
2024-07-25 02:00:00,"386,6769104003906","570,090027",3,4,2024-07-25
2024-07-25 03:00:00,"423,6689453125","690,460022",3,4,2024-07-25
2024-07-25 04:00:00,"490,93829345703125","792,159973",3,4,2024-07-25
2024-07-25 05:00:00,"511,07257080078125","813,580017",3,4,2024-07-25
2024-07-25 06:00:00,"523,7777709960938","678,890015",3,4,2024-07-25
2024-07-25 07:00:00,"431,7697448730469","537,109985",3,4,2024-07-25
2024-07-25 08:00:00,"297,69073486328125","411,0",3,4,2024-07-25
2024-07-25 09:00:00,"252,09396362304688","275,720001",3,4,2024-07-25
2024-07-25 10:00:00,"285,232666015625","181,399994",3,4,2024-07-25
2024-07-25 11:00:00,"214,663330078125","129,539993",3,4,2024-07-25
2024-07-25 12:00:00,"212,52122497558594","99,019997",3,4,2024-07-25
2024-07-25 13:00:00,"210,25140380859375","195,5",3,4,2024-07-25
2024-07-25 14:00:00,"315,9155578613281","401,450012",3,4,2024-07-25
2024-07-25 15:00:00,"338,5357971191406","596,960022",3,4,2024-07-25
2024-07-25 16:00:00,"408,5146484375","723,809998",3,4,2024-07-25
2024-07-25 17:00:00,"521,2532348632812","894,690002",3,4,2024-07-25
2024-07-25 18:00:00,"1057,9080810546875","1106,609985",3,4,2024-07-25
2024-07-25 19:00:00,"1133,453125","969,830017",3,4,2024-07-25
2024-07-25 20:00:00,"844,3757934570312","746,200012",3,4,2024-07-25
2024-07-25 21:00:00,"585,061279296875","633,890015",3,4,2024-07-25
2024-07-25 22:00:00,"508,47052001953125","604,460022",3,4,2024-07-25
2024-07-25 23:00:00,"425,59326171875","548,48999",3,4,2024-07-25
2024-07-26 00:00:00,"387,2461242675781","559,76001",3,4,2024-07-26
2024-07-26 01:00:00,"387,2029724121094","576,849976",3,4,2024-07-26
2024-07-26 02:00:00,"371,1068115234375","573,859985",3,4,2024-07-26
2024-07-26 03:00:00,"351,6869201660156","596,919983",3,4,2024-07-26
2024-07-26 04:00:00,"437,5680236816406","608,109985",3,4,2024-07-26
2024-07-26 05:00:00,"454,0953674316406","795,940002",3,4,2024-07-26
2024-07-26 06:00:00,"512,5068359375","776,840027",3,4,2024-07-26
2024-07-26 07:00:00,"480,4944763183594","722,590027",3,4,2024-07-26
2024-07-26 08:00:00,"366,40673828125","675,570007",3,4,2024-07-26
2024-07-26 09:00:00,"315,10321044921875","607,070007",3,4,2024-07-26
2024-07-26 10:00:00,"291,1742858886719","522,369995",3,4,2024-07-26
2024-07-26 11:00:00,"276,505126953125","471,029999",3,4,2024-07-26
2024-07-26 12:00:00,"277,3952941894531","449,160004",3,4,2024-07-26
2024-07-26 13:00:00,"278,08782958984375","508,48999",3,4,2024-07-26
2024-07-26 14:00:00,"339,1266784667969","543,559998",3,4,2024-07-26
2024-07-26 15:00:00,"322,0997619628906","660,580017",3,4,2024-07-26
2024-07-26 16:00:00,"545,2930297851562","704,01001",3,4,2024-07-26
2024-07-26 17:00:00,"707,6943969726562","804,380005",3,4,2024-07-26
2024-07-26 18:00:00,"935,1331787109375","1068,98999",3,4,2024-07-26
2024-07-26 19:00:00,"904,5252075195312","1037,280029",3,4,2024-07-26
2024-07-26 20:00:00,"705,3199462890625","793,929993",3,4,2024-07-26
2024-07-26 21:00:00,"561,5100708007812","730,650024",3,4,2024-07-26
2024-07-26 22:00:00,"533,846923828125","775,22998",3,4,2024-07-26
2024-07-26 23:00:00,"503,7298278808594","768,890015",3,4,2024-07-26
2024-07-27 00:00:00,"445,9572448730469","723,070007",3,4,2024-07-27
2024-07-27 01:00:00,"423,62396240234375","710,080017",3,4,2024-07-27
2024-07-27 02:00:00,"387,1638488769531","690,01001",3,4,2024-07-27
2024-07-27 03:00:00,"350,7947998046875","673,070007",3,4,2024-07-27
2024-07-27 04:00:00,"310,96588134765625","649,929993",3,4,2024-07-27
2024-07-27 05:00:00,"288,94476318359375","615,01001",3,4,2024-07-27
2024-07-27 06:00:00,"272,2206115722656","632,02002",3,4,2024-07-27
2024-07-27 07:00:00,"222,9713134765625","505,0",3,4,2024-07-27
2024-07-27 08:00:00,"158,01646423339844","453,589996",3,4,2024-07-27
2024-07-27 09:00:00,"138,47708129882812","297,76001",3,4,2024-07-27
2024-07-27 10:00:00,"140,74266052246094","208,960007",3,4,2024-07-27
2024-07-27 11:00:00,"74,23468780517578","132,839996",3,4,2024-07-27
2024-07-27 12:00:00,"146,21803283691406","133,729996",3,4,2024-07-27
2024-07-27 13:00:00,"76,29680633544922","261,350006",3,4,2024-07-27
2024-07-27 14:00:00,"275,0777587890625","505,380005",3,4,2024-07-27
2024-07-27 15:00:00,"236,91168212890625","649,710022",3,4,2024-07-27
2024-07-27 16:00:00,"376,54681396484375","783,369995",3,4,2024-07-27
2024-07-27 17:00:00,"465,6515197753906","863,140015",3,4,2024-07-27
2024-07-27 18:00:00,"519,4785766601562","908,669983",3,4,2024-07-27
2024-07-27 19:00:00,"466,34295654296875","909,109985",3,4,2024-07-27
2024-07-27 20:00:00,"425,85504150390625","806,719971",3,4,2024-07-27
2024-07-27 21:00:00,"331,0842590332031","730,900024",3,4,2024-07-27
2024-07-27 22:00:00,"341,6868591308594","820,820007",3,4,2024-07-27
2024-07-27 23:00:00,"285,9918518066406","709,780029",3,4,2024-07-27
2024-07-28 00:00:00,"260,7881774902344","658,280029",3,4,2024-07-28
2024-07-28 01:00:00,"280,0791320800781","608,429993",3,4,2024-07-28
2024-07-28 02:00:00,"278,2659912109375","586,119995",3,4,2024-07-28
2024-07-28 03:00:00,"284,48919677734375","591,48999",3,4,2024-07-28
2024-07-28 04:00:00,"279,7767639160156","563,659973",3,4,2024-07-28
2024-07-28 05:00:00,"228,97621154785156","541,869995",3,4,2024-07-28
2024-07-28 06:00:00,"251,41012573242188","190,220001",3,4,2024-07-28
2024-07-28 07:00:00,"217,2510223388672","36,720001",3,4,2024-07-28
2024-07-28 08:00:00,"111,29682159423828","0,0",3,4,2024-07-28
2024-07-28 09:00:00,"145,86959838867188","-18,129999",3,4,2024-07-28
2024-07-28 10:00:00,"95,95478057861328","-112,239998",3,4,2024-07-28
2024-07-28 11:00:00,"270,83099365234375","-222,389999",3,4,2024-07-28
2024-07-28 12:00:00,"67,05186462402344","-363,359985",3,4,2024-07-28
2024-07-28 13:00:00,"124,01507568359375","-250,220001",3,4,2024-07-28
2024-07-28 14:00:00,"372,9987487792969","-99,099998",3,4,2024-07-28
2024-07-28 15:00:00,"374,9657287597656","-14,85",3,4,2024-07-28
2024-07-28 16:00:00,"535,760009765625","181,570007",3,4,2024-07-28
2024-07-28 17:00:00,"625,2061157226562","443,209991",3,4,2024-07-28
2024-07-28 18:00:00,"755,8020629882812","588,580017",3,4,2024-07-28
2024-07-28 19:00:00,"791,515380859375","579,630005",3,4,2024-07-28
2024-07-28 20:00:00,"711,2686157226562","589,400024",3,4,2024-07-28
2024-07-28 21:00:00,"630,3743896484375","566,200012",3,4,2024-07-28
2024-07-28 22:00:00,"598,15673828125","513,659973",3,4,2024-07-28
2024-07-28 23:00:00,"540,6282958984375","508,959991",3,4,2024-07-28
2024-09-30 00:00:00,"279,9578857421875","62,630001",4,1,2024-09-30
2024-09-30 01:00:00,"373,7565612792969","41,23",4,1,2024-09-30
2024-09-30 02:00:00,"389,6661071777344","41,830002",4,1,2024-09-30
2024-09-30 03:00:00,"447,41522216796875","126,599998",4,1,2024-09-30
2024-09-30 04:00:00,"604,4795532226562","314,869995",4,1,2024-09-30
2024-09-30 05:00:00,"840,587158203125","597,22998",4,1,2024-09-30
2024-09-30 06:00:00,"903,1237182617188","597,22998",4,1,2024-09-30
2024-09-30 07:00:00,"723,380126953125","447,359985",4,1,2024-09-30
2024-09-30 08:00:00,"621,5311279296875","272,73999",4,1,2024-09-30
2024-09-30 09:00:00,"548,1227416992188","155,910004",4,1,2024-09-30
2024-09-30 10:00:00,"467,4894714355469","69,190002",4,1,2024-09-30
2024-09-30 11:00:00,"430,03643798828125","15,36",4,1,2024-09-30
2024-09-30 12:00:00,"364,8783874511719","56,889999",4,1,2024-09-30
2024-09-30 13:00:00,"360,0138854980469","163,740005",4,1,2024-09-30
2024-09-30 14:00:00,"298,7923889160156","180,360001",4,1,2024-09-30
2024-09-30 15:00:00,"491,4123229980469","243,960007",4,1,2024-09-30
2024-09-30 16:00:00,"512,2592163085938","268,339996",4,1,2024-09-30
2024-09-30 17:00:00,"536,7918701171875","273,119995",4,1,2024-09-30
2024-09-30 18:00:00,"505,3749084472656","270,660004",4,1,2024-09-30
2024-09-30 19:00:00,"326,6459045410156","163,509995",4,1,2024-09-30
2024-09-30 20:00:00,"198,8680419921875","149,199997",4,1,2024-09-30
2024-09-30 21:00:00,"132,61492919921875","73,370003",4,1,2024-09-30
2024-09-30 22:00:00,"102,47018432617188","23,93",4,1,2024-09-30
2024-09-30 23:00:00,"108,60293579101562","0,52",4,1,2024-09-30
2024-10-01 00:00:00,"137,04200744628906","0,37",4,1,2024-10-01
2024-10-01 01:00:00,"142,4967041015625","0,15",4,1,2024-10-01
2024-10-01 02:00:00,"139,59825134277344","0,67",4,1,2024-10-01
2024-10-01 03:00:00,"112,53739929199219","50,700001",4,1,2024-10-01
2024-10-01 04:00:00,"120,64684295654297","249,619995",4,1,2024-10-01
2024-10-01 05:00:00,"261,4068298339844","293,910004",4,1,2024-10-01
2024-10-01 06:00:00,"302,7740173339844","308,079987",4,1,2024-10-01
2024-10-01 07:00:00,"389,3228454589844","309,5",4,1,2024-10-01
2024-10-01 08:00:00,"307,2983703613281","288,170013",4,1,2024-10-01
2024-10-01 09:00:00,"256,3800964355469","260,880005",4,1,2024-10-01
2024-10-01 10:00:00,"219,07994079589844","260,660004",4,1,2024-10-01
2024-10-01 11:00:00,"167,0902099609375","260,880005",4,1,2024-10-01
2024-10-01 12:00:00,"139,32992553710938","260,660004",4,1,2024-10-01
2024-10-01 13:00:00,"131,5580596923828","296,079987",4,1,2024-10-01
2024-10-01 14:00:00,"211,54673767089844","324,779999",4,1,2024-10-01
2024-10-01 15:00:00,"278,78656005859375","393,0",4,1,2024-10-01
2024-10-01 16:00:00,"318,7824401855469","405,600006",4,1,2024-10-01
2024-10-01 17:00:00,"372,7104797363281","421,410004",4,1,2024-10-01
2024-10-01 18:00:00,"295,8813171386719","366,829987",4,1,2024-10-01
2024-10-01 19:00:00,"265,5596008300781","345,429993",4,1,2024-10-01
2024-10-01 20:00:00,"228,3157196044922","321,649994",4,1,2024-10-01
2024-10-01 21:00:00,"211,94052124023438","309,940002",4,1,2024-10-01
2024-10-01 22:00:00,"228,5391387939453","432,829987",4,1,2024-10-01
2024-10-01 23:00:00,"260,1597595214844","367,350006",4,1,2024-10-01
2024-10-02 00:00:00,"268,37933349609375","373,540009",4,1,2024-10-02
2024-10-02 01:00:00,"269,5304870605469","365,339996",4,1,2024-10-02
2024-10-02 02:00:00,"290,53741455078125","362,730011",4,1,2024-10-02
2024-10-02 03:00:00,"256,4036560058594","363,470001",4,1,2024-10-02
2024-10-02 04:00:00,"273,0176696777344","596,440002",4,1,2024-10-02
2024-10-02 05:00:00,"341,26019287109375","692,869995",4,1,2024-10-02
2024-10-02 06:00:00,"488,7213439941406","913,830017",4,1,2024-10-02
2024-10-02 07:00:00,"354,65704345703125","701,219971",4,1,2024-10-02
2024-10-02 08:00:00,"236,30674743652344","484,880005",4,1,2024-10-02
2024-10-02 09:00:00,"235,86830139160156","394,420013",4,1,2024-10-02
2024-10-02 10:00:00,"208,64305114746094","431,040009",4,1,2024-10-02
2024-10-02 11:00:00,"116,36162567138672","597,109985",4,1,2024-10-02
2024-10-02 12:00:00,"114,24241638183594","584,659973",4,1,2024-10-02
2024-10-02 13:00:00,"159,8642120361328","607,26001",4,1,2024-10-02
2024-10-02 14:00:00,"209,19302368164062","607,849976",4,1,2024-10-02
2024-10-02 15:00:00,"330,9428405761719","746,48999",4,1,2024-10-02
2024-10-02 16:00:00,"608,7596435546875","872,590027",4,1,2024-10-02
2024-10-02 17:00:00,"758,539306640625","969,97998",4,1,2024-10-02
2024-10-02 18:00:00,"791,6666259765625","852,900024",4,1,2024-10-02
2024-10-02 19:00:00,"596,9119262695312","719,940002",4,1,2024-10-02
2024-10-02 20:00:00,"436,9425354003906","695,780029",4,1,2024-10-02
2024-10-02 21:00:00,"306,6728515625","633,880005",4,1,2024-10-02
2024-10-02 22:00:00,"256,16815185546875","502,230011",4,1,2024-10-02
2024-10-02 23:00:00,"249,61312866210938","491,26001",4,1,2024-10-02
2024-10-03 00:00:00,"248,8772430419922","485,890015",4,1,2024-10-03
2024-10-03 01:00:00,"240,635009765625","478,730011",4,1,2024-10-03
2024-10-03 02:00:00,"240,6293487548828","477,23999",4,1,2024-10-03
2024-10-03 03:00:00,"290,0716247558594","480,369995",4,1,2024-10-03
2024-10-03 04:00:00,"321,28900146484375","488,059998",4,1,2024-10-03
2024-10-03 05:00:00,"415,55194091796875","547,280029",4,1,2024-10-03
2024-10-03 06:00:00,"427,2581481933594","571,900024",4,1,2024-10-03
2024-10-03 07:00:00,"335,80792236328125","543,780029",4,1,2024-10-03
2024-10-03 08:00:00,"253,2433624267578","516,77002",4,1,2024-10-03
2024-10-03 09:00:00,"293,193115234375","470,230011",4,1,2024-10-03
2024-10-03 10:00:00,"203,76625061035156","351,25",4,1,2024-10-03
2024-10-03 11:00:00,"172,12506103515625","253,460007",4,1,2024-10-03
2024-10-03 12:00:00,"169,7655487060547","291,950012",4,1,2024-10-03
2024-10-03 13:00:00,"215,20619201660156","383,109985",4,1,2024-10-03
2024-10-03 14:00:00,"252,6194610595703","492,609985",4,1,2024-10-03
2024-10-03 15:00:00,"376,45367431640625","669,090027",4,1,2024-10-03
2024-10-03 16:00:00,"425,2345886230469","821,039978",4,1,2024-10-03
2024-10-03 17:00:00,"956,2547607421875","860,200012",4,1,2024-10-03
2024-10-03 18:00:00,"1006,7052612304688","807,679993",4,1,2024-10-03
2024-10-03 19:00:00,"584,44970703125","736,669983",4,1,2024-10-03
2024-10-03 20:00:00,"371,2002868652344","678,48999",4,1,2024-10-03
2024-10-03 21:00:00,"247,4926300048828","607,630005",4,1,2024-10-03
2024-10-03 22:00:00,"279,3564453125","551,23999",4,1,2024-10-03
2024-10-03 23:00:00,"279,970703125","540,950012",4,1,2024-10-03
2024-10-04 00:00:00,"297,244873046875","537,809998",4,1,2024-10-04
2024-10-04 01:00:00,"304,2667236328125","537,070007",4,1,2024-10-04
2024-10-04 02:00:00,"304,2667236328125","539,530029",4,1,2024-10-04
2024-10-04 03:00:00,"317,46868896484375","575,109985",4,1,2024-10-04
2024-10-04 04:00:00,"284,5364990234375","768,299988",4,1,2024-10-04
2024-10-04 05:00:00,"299,6073913574219","943,890015",4,1,2024-10-04
2024-10-04 06:00:00,"468,8005676269531","1054,890015",4,1,2024-10-04
2024-10-04 07:00:00,"322,74334716796875","867,289978",4,1,2024-10-04
2024-10-04 08:00:00,"309,7248229980469","746,599976",4,1,2024-10-04
2024-10-04 09:00:00,"231,74810791015625","634,039978",4,1,2024-10-04
2024-10-04 10:00:00,"219,86631774902344","559,969971",4,1,2024-10-04
2024-10-04 11:00:00,"137,1121368408203","548,179993",4,1,2024-10-04
2024-10-04 12:00:00,"100,329833984375","565,559998",4,1,2024-10-04
2024-10-04 13:00:00,"108,50005340576172","589,799988",4,1,2024-10-04
2024-10-04 14:00:00,"167,67779541015625","669,840027",4,1,2024-10-04
2024-10-04 15:00:00,"280,0379638671875","798,890015",4,1,2024-10-04
2024-10-04 16:00:00,"369,1577453613281","984,400024",4,1,2024-10-04
2024-10-04 17:00:00,"391,34332275390625","1111,579956",4,1,2024-10-04
2024-10-04 18:00:00,"367,9013671875","922,710022",4,1,2024-10-04
2024-10-04 19:00:00,"263,0652770996094","745,179993",4,1,2024-10-04
2024-10-04 20:00:00,"294,2456970214844","745,179993",4,1,2024-10-04
2024-10-04 21:00:00,"279,87677001953125","671,330017",4,1,2024-10-04
2024-10-04 22:00:00,"254,0740509033203","694,340027",4,1,2024-10-04
2024-10-04 23:00:00,"214,94090270996094","631,23999",4,1,2024-10-04
2024-10-05 00:00:00,"226,27655029296875","607,080017",4,1,2024-10-05
2024-10-05 01:00:00,"260,60064697265625","563,380005",4,1,2024-10-05
2024-10-05 02:00:00,"254,626220703125","564,719971",4,1,2024-10-05
2024-10-05 03:00:00,"257,7227783203125","595,299988",4,1,2024-10-05
2024-10-05 04:00:00,"315,9005126953125","642,880005",4,1,2024-10-05
2024-10-05 05:00:00,"349,3836364746094","748,780029",4,1,2024-10-05
2024-10-05 06:00:00,"342,5335998535156","825,0",4,1,2024-10-05
2024-10-05 07:00:00,"285,0899658203125","768,169983",4,1,2024-10-05
2024-10-05 08:00:00,"161,3040313720703","614,690002",4,1,2024-10-05
2024-10-05 09:00:00,"67,2092514038086","509,160004",4,1,2024-10-05
2024-10-05 10:00:00,"7,016868591308594","383,640015",4,1,2024-10-05
2024-10-05 11:00:00,"-3,6756882667541504","289,970001",4,1,2024-10-05
2024-10-05 12:00:00,"-10,602043151855469","324,350006",4,1,2024-10-05
2024-10-05 13:00:00,"0,932683527469635","418,839996",4,1,2024-10-05
2024-10-05 14:00:00,"111,61963653564453","544,280029",4,1,2024-10-05
2024-10-05 15:00:00,"272,5157165527344","690,23999",4,1,2024-10-05
2024-10-05 16:00:00,"383,330810546875","1029,719971",4,1,2024-10-05
2024-10-05 17:00:00,"617,8038330078125","1028,97998",4,1,2024-10-05
2024-10-05 18:00:00,"486,20745849609375","799,719971",4,1,2024-10-05
2024-10-05 19:00:00,"379,3199462890625","705,299988",4,1,2024-10-05
2024-10-05 20:00:00,"275,3800354003906","633,710022",4,1,2024-10-05
2024-10-05 21:00:00,"296,078125","499,690002",4,1,2024-10-05
2024-10-05 22:00:00,"295,762451171875","485,420013",4,1,2024-10-05
2024-10-05 23:00:00,"282,06298828125","452,100006",4,1,2024-10-05
2024-10-06 00:00:00,"326,9408874511719","440,549988",4,1,2024-10-06
2024-10-06 01:00:00,"334,310302734375","433,320007",4,1,2024-10-06
2024-10-06 02:00:00,"256,71075439453125","424,369995",4,1,2024-10-06
2024-10-06 03:00:00,"281,67608642578125","433,320007",4,1,2024-10-06
2024-10-06 04:00:00,"286,7125549316406","431,829987",4,1,2024-10-06
2024-10-06 05:00:00,"319,6132507324219","524,929993",4,1,2024-10-06
2024-10-06 06:00:00,"304,58343505859375","491,01001",4,1,2024-10-06
2024-10-06 07:00:00,"319,9593811035156","447,700012",4,1,2024-10-06
2024-10-06 08:00:00,"162,4488525390625","262,98999",4,1,2024-10-06
2024-10-06 09:00:00,"62,66157531738281","124,339996",4,1,2024-10-06
2024-10-06 10:00:00,"15,1689453125","79,690002",4,1,2024-10-06
2024-10-06 11:00:00,"-4,179126739501953","41,889999",4,1,2024-10-06
2024-10-06 12:00:00,"1,6299166679382324","16,25",4,1,2024-10-06
2024-10-06 13:00:00,"37,52593231201172","13,34",4,1,2024-10-06
2024-10-06 14:00:00,"209,73475646972656","395,820007",4,1,2024-10-06
2024-10-06 15:00:00,"416,2209777832031","617,070007",4,1,2024-10-06
2024-10-06 16:00:00,"711,0877685546875","792,390015",4,1,2024-10-06
2024-10-06 17:00:00,"940,4651489257812","724,710022",4,1,2024-10-06
2024-10-06 18:00:00,"815,835205078125","544,01001",4,1,2024-10-06
2024-10-06 19:00:00,"672,4647827148438","442,559998",4,1,2024-10-06
2024-10-06 20:00:00,"557,2601928710938","437,48999",4,1,2024-10-06
2024-10-06 21:00:00,"368,3174133300781","385,459991",4,1,2024-10-06
2024-10-06 22:00:00,"233,40472412109375","257,769989",4,1,2024-10-06
2024-10-06 23:00:00,"281,73944091796875","263,429993",4,1,2024-10-06
2024-10-07 00:00:00,"326,3406982421875","247,850006",4,2,2024-10-07
2024-10-07 01:00:00,"315,0700988769531","224,75",4,2,2024-10-07
2024-10-07 02:00:00,"310,37298583984375","260,529999",4,2,2024-10-07
2024-10-07 03:00:00,"275,523681640625","291,910004",4,2,2024-10-07
2024-10-07 04:00:00,"355,37286376953125","335,369995",4,2,2024-10-07
2024-10-07 05:00:00,"639,1161499023438","378,299988",4,2,2024-10-07
2024-10-07 06:00:00,"776,0086669921875","414,089996",4,2,2024-10-07
2024-10-07 07:00:00,"711,7916870117188","383,75",4,2,2024-10-07
2024-10-07 08:00:00,"457,02862548828125","372,420013",4,2,2024-10-07
2024-10-07 09:00:00,"303,0552978515625","356,309998",4,2,2024-10-07
2024-10-07 10:00:00,"316,04766845703125","340,880005",4,2,2024-10-07
2024-10-07 11:00:00,"293,7178955078125","322,019989",4,2,2024-10-07
2024-10-07 12:00:00,"287,26116943359375","358,399994",4,2,2024-10-07
2024-10-07 13:00:00,"329,91546630859375","458,070007",4,2,2024-10-07
2024-10-07 14:00:00,"293,15179443359375","661,869995",4,2,2024-10-07
2024-10-07 15:00:00,"352,4541931152344","873,640015",4,2,2024-10-07
2024-10-07 16:00:00,"693,1007690429688","1405,060059",4,2,2024-10-07
2024-10-07 17:00:00,"961,8231201171875","1405,359985",4,2,2024-10-07
2024-10-07 18:00:00,"671,9691162109375","909,27002",4,2,2024-10-07
2024-10-07 19:00:00,"464,3857727050781","744,909973",4,2,2024-10-07
2024-10-07 20:00:00,"391,6491394042969","685,119995",4,2,2024-10-07
2024-10-07 21:00:00,"334,1428527832031","589,780029",4,2,2024-10-07
2024-10-07 22:00:00,"299,1866760253906","539,340027",4,2,2024-10-07
2024-10-07 23:00:00,"286,82568359375","500,119995",4,2,2024-10-07
2024-10-08 00:00:00,"326,86920166015625","477,149994",4,2,2024-10-08
2024-10-08 01:00:00,"331,8996887207031","444,940002",4,2,2024-10-08
2024-10-08 02:00:00,"327,8809509277344","445,089996",4,2,2024-10-08
2024-10-08 03:00:00,"335,1199035644531","502,799988",4,2,2024-10-08
2024-10-08 04:00:00,"302,2203674316406","641,049988",4,2,2024-10-08
2024-10-08 05:00:00,"610,3851928710938","822,98999",4,2,2024-10-08
2024-10-08 06:00:00,"752,673095703125","792,200012",4,2,2024-10-08
2024-10-08 07:00:00,"746,5587768554688","633,820007",4,2,2024-10-08
2024-10-08 08:00:00,"499,23480224609375","598,98999",4,2,2024-10-08
2024-10-08 09:00:00,"355,4778137207031","547,469971",4,2,2024-10-08
2024-10-08 10:00:00,"324,3346862792969","495,940002",4,2,2024-10-08
2024-10-08 11:00:00,"316,0667724609375","529,200012",4,2,2024-10-08
2024-10-08 12:00:00,"262,257080078125","565,140015",4,2,2024-10-08
2024-10-08 13:00:00,"333,2935485839844","578,119995",4,2,2024-10-08
2024-10-08 14:00:00,"343,56884765625","694,440002",4,2,2024-10-08
2024-10-08 15:00:00,"521,9232177734375","850,059998",4,2,2024-10-08
2024-10-08 16:00:00,"689,3125610351562","1073,76001",4,2,2024-10-08
2024-10-08 17:00:00,"776,31396484375","1141,540039",4,2,2024-10-08
2024-10-08 18:00:00,"790,259033203125","853,119995",4,2,2024-10-08
2024-10-08 19:00:00,"555,199462890625","707,640015",4,2,2024-10-08
2024-10-08 20:00:00,"448,2496032714844","645,75",4,2,2024-10-08
2024-10-08 21:00:00,"348,8833312988281","504,070007",4,2,2024-10-08
2024-10-08 22:00:00,"276,652587890625","461,859985",4,2,2024-10-08
2024-10-08 23:00:00,"269,0824890136719","447,459991",4,2,2024-10-08
2024-10-09 00:00:00,"343,687255859375","428,670013",4,2,2024-10-09
2024-10-09 01:00:00,"355,79095458984375","405,100006",4,2,2024-10-09
2024-10-09 02:00:00,"290,71722412109375","427,480011",4,2,2024-10-09
2024-10-09 03:00:00,"291,69805908203125","476,329987",4,2,2024-10-09
2024-10-09 04:00:00,"351,6725158691406","646,590027",4,2,2024-10-09
2024-10-09 05:00:00,"626,1190795898438","826,320007",4,2,2024-10-09
2024-10-09 06:00:00,"773,7245483398438","827,659973",4,2,2024-10-09
2024-10-09 07:00:00,"694,9722290039062","648,820007",4,2,2024-10-09
2024-10-09 08:00:00,"420,2061767578125","537,630005",4,2,2024-10-09
2024-10-09 09:00:00,"342,9367370605469","446,720001",4,2,2024-10-09
2024-10-09 10:00:00,"234,59884643554688","445,970001",4,2,2024-10-09
2024-10-09 11:00:00,"221,82858276367188","446,350006",4,2,2024-10-09
2024-10-09 12:00:00,"224,35958862304688","504,369995",4,2,2024-10-09
2024-10-09 13:00:00,"269,5379333496094","575,51001",4,2,2024-10-09
2024-10-09 14:00:00,"293,81402587890625","708,48999",4,2,2024-10-09
2024-10-09 15:00:00,"459,7913513183594","875,909973",4,2,2024-10-09
2024-10-09 16:00:00,"702,1990356445312","913,799988",4,2,2024-10-09
2024-10-09 17:00:00,"846,5914916992188","948,030029",4,2,2024-10-09
2024-10-09 18:00:00,"806,3939819335938","828,179993",4,2,2024-10-09
2024-10-09 19:00:00,"562,1315307617188","714,450012",4,2,2024-10-09
2024-10-09 20:00:00,"463,6390075683594","709,22998",4,2,2024-10-09
2024-10-09 21:00:00,"373,47479248046875","614,070007",4,2,2024-10-09
2024-10-09 22:00:00,"222,4888153076172","456,399994",4,2,2024-10-09
2024-10-09 23:00:00,"212,4169464111328","349,73999",4,2,2024-10-09
2024-10-10 00:00:00,"312,0318298339844","281,559998",4,2,2024-10-10
2024-10-10 01:00:00,"337,9673767089844","238,679993",4,2,2024-10-10
2024-10-10 02:00:00,"347,24072265625","221,070007",4,2,2024-10-10
2024-10-10 03:00:00,"297,8768005371094","295,359985",4,2,2024-10-10
2024-10-10 04:00:00,"333,4351501464844","463,179993",4,2,2024-10-10
2024-10-10 05:00:00,"542,8209228515625","633,23999",4,2,2024-10-10
2024-10-10 06:00:00,"638,560546875","600,119995",4,2,2024-10-10
2024-10-10 07:00:00,"585,7486572265625","503,459991",4,2,2024-10-10
2024-10-10 08:00:00,"413,08795166015625","387,920013",4,2,2024-10-10
2024-10-10 09:00:00,"279,33642578125","290,369995",4,2,2024-10-10
2024-10-10 10:00:00,"177,70867919921875","163,270004",4,2,2024-10-10
2024-10-10 11:00:00,"107,82756042480469","118,889999",4,2,2024-10-10
2024-10-10 12:00:00,"124,99137878417969","149,25",4,2,2024-10-10
2024-10-10 13:00:00,"189,7000274658203","277,309998",4,2,2024-10-10
2024-10-10 14:00:00,"287,89324951171875","277,309998",4,2,2024-10-10
2024-10-10 15:00:00,"320,2927551269531","285,140015",4,2,2024-10-10
2024-10-10 16:00:00,"479,52862548828125","294,470001",4,2,2024-10-10
2024-10-10 17:00:00,"506,8514404296875","288,200012",4,2,2024-10-10
2024-10-10 18:00:00,"535,0770874023438","274,630005",4,2,2024-10-10
2024-10-10 19:00:00,"530,4176635742188","263,890015",4,2,2024-10-10
2024-10-10 20:00:00,"390,111328125","223,759995",4,2,2024-10-10
2024-10-10 21:00:00,"347,39056396484375","236,289993",4,2,2024-10-10
2024-10-10 22:00:00,"272,9349670410156","258,890015",4,2,2024-10-10
2024-10-10 23:00:00,"256,10931396484375","258,959991",4,2,2024-10-10
2024-10-11 00:00:00,"264,4059143066406","261,720001",4,2,2024-10-11
2024-10-11 01:00:00,"271,6822814941406","267,609985",4,2,2024-10-11
2024-10-11 02:00:00,"277,88653564453125","267,839996",4,2,2024-10-11
2024-10-11 03:00:00,"312,1239013671875","274,179993",4,2,2024-10-11
2024-10-11 04:00:00,"286,97283935546875","308,190002",4,2,2024-10-11
2024-10-11 05:00:00,"510,1520080566406","439,230011",4,2,2024-10-11
2024-10-11 06:00:00,"600,1112670898438","593,919983",4,2,2024-10-11
2024-10-11 07:00:00,"480,4477233886719","400,670013",4,2,2024-10-11
2024-10-11 08:00:00,"338,38311767578125","367,859985",4,2,2024-10-11
2024-10-11 09:00:00,"232,96714782714844","324,970001",4,2,2024-10-11
2024-10-11 10:00:00,"171,83786010742188","316,470001",4,2,2024-10-11
2024-10-11 11:00:00,"112,70448303222656","310,200012",4,2,2024-10-11
2024-10-11 12:00:00,"112,03848266601562","299,309998",4,2,2024-10-11
2024-10-11 13:00:00,"120,10905456542969","298,119995",4,2,2024-10-11
2024-10-11 14:00:00,"221,48687744140625","298,859985",4,2,2024-10-11
2024-10-11 15:00:00,"305,65380859375","496,660004",4,2,2024-10-11
2024-10-11 16:00:00,"516,2177124023438","939,330017",4,2,2024-10-11
2024-10-11 17:00:00,"617,1771240234375","1208,060059",4,2,2024-10-11
2024-10-11 18:00:00,"591,1748657226562","895,02002",4,2,2024-10-11
2024-10-11 19:00:00,"425,43115234375","744,289978",4,2,2024-10-11
2024-10-11 20:00:00,"337,7419128417969","733,98999",4,2,2024-10-11
2024-10-11 21:00:00,"235,67454528808594","655,080017",4,2,2024-10-11
2024-10-11 22:00:00,"256,5808410644531","672,190002",4,2,2024-10-11
2024-10-11 23:00:00,"270,2990417480469","592,580017",4,2,2024-10-11
2024-10-12 00:00:00,"321,09906005859375","563,929993",4,2,2024-10-12
2024-10-12 01:00:00,"334,10968017578125","559,75",4,2,2024-10-12
2024-10-12 02:00:00,"331,36444091796875","536,619995",4,2,2024-10-12
2024-10-12 03:00:00,"329,2121276855469","506,619995",4,2,2024-10-12
2024-10-12 04:00:00,"350,47137451171875","534,460022",4,2,2024-10-12
2024-10-12 05:00:00,"311,4464416503906","400,149994",4,2,2024-10-12
2024-10-12 06:00:00,"267,1856384277344","378,359985",4,2,2024-10-12
2024-10-12 07:00:00,"294,6644287109375","310,910004",4,2,2024-10-12
2024-10-12 08:00:00,"238,34231567382812","263,390015",4,2,2024-10-12
2024-10-12 09:00:00,"165,06512451171875","255,770004",4,2,2024-10-12
2024-10-12 10:00:00,"98,73433685302734","184,970001",4,2,2024-10-12
2024-10-12 11:00:00,"42,94277572631836","106,919998",4,2,2024-10-12
2024-10-12 12:00:00,"43,66242599487305","174,149994",4,2,2024-10-12
2024-10-12 13:00:00,"108,7445297241211","263,459991",4,2,2024-10-12
2024-10-12 14:00:00,"195,3385772705078","218,990005",4,2,2024-10-12
2024-10-12 15:00:00,"313,67010498046875","423,799988",4,2,2024-10-12
2024-10-12 16:00:00,"439,35748291015625","361,950012",4,2,2024-10-12
2024-10-12 17:00:00,"496,407958984375","299,049988",4,2,2024-10-12
2024-10-12 18:00:00,"387,405029296875","289,350006",4,2,2024-10-12
2024-10-12 19:00:00,"352,3786926269531","288,309998",4,2,2024-10-12
2024-10-12 20:00:00,"317,1316223144531","260,179993",4,2,2024-10-12
2024-10-12 21:00:00,"240,07203674316406","189,289993",4,2,2024-10-12
2024-10-12 22:00:00,"255,28602600097656","0,0",4,2,2024-10-12
2024-10-12 23:00:00,"321,9745788574219","-0,07",4,2,2024-10-12
2024-10-13 00:00:00,"341,0061950683594","-0,52",4,2,2024-10-13
2024-10-13 01:00:00,"346,3297119140625","-2,76",4,2,2024-10-13
2024-10-13 02:00:00,"267,04864501953125","-3,81",4,2,2024-10-13
2024-10-13 03:00:00,"367,4111633300781","-0,67",4,2,2024-10-13
2024-10-13 04:00:00,"392,8022766113281","-0,07",4,2,2024-10-13
2024-10-13 05:00:00,"447,7720947265625","12,83",4,2,2024-10-13
2024-10-13 06:00:00,"375,56903076171875","134,0",4,2,2024-10-13
2024-10-13 07:00:00,"329,27880859375","73,489998",4,2,2024-10-13
2024-10-13 08:00:00,"186,50599670410156","36,630001",4,2,2024-10-13
2024-10-13 09:00:00,"101,35604095458984","46,330002",4,2,2024-10-13
2024-10-13 10:00:00,"37,95212173461914","47,599998",4,2,2024-10-13
2024-10-13 11:00:00,"27,755290985107422","52,970001",4,2,2024-10-13
2024-10-13 12:00:00,"49,456783294677734","59,09",4,2,2024-10-13
2024-10-13 13:00:00,"63,91994094848633","94,610001",4,2,2024-10-13
2024-10-13 14:00:00,"292,8260192871094","118,260002",4,2,2024-10-13
2024-10-13 15:00:00,"398,6592712402344","166,009995",4,2,2024-10-13
2024-10-13 16:00:00,"695,55322265625","267,329987",4,2,2024-10-13
2024-10-13 17:00:00,"790,7452392578125","403,269989",4,2,2024-10-13
2024-10-13 18:00:00,"715,4849243164062","294,790009",4,2,2024-10-13
2024-10-13 19:00:00,"593,9087524414062","286,730011",4,2,2024-10-13
2024-10-13 20:00:00,"503,38067626953125","299,410004",4,2,2024-10-13
2024-10-13 21:00:00,"359,7457275390625","274,640015",4,2,2024-10-13
2024-10-13 22:00:00,"253,8446502685547","276,809998",4,2,2024-10-13
2024-10-13 23:00:00,"241,52719116210938","263,0",4,2,2024-10-13
2024-10-14 00:00:00,"258,5621643066406","262,410004",4,3,2024-10-14
2024-10-14 01:00:00,"247,71450805664062","256,359985",4,3,2024-10-14
2024-10-14 02:00:00,"256,8055725097656","293,450012",4,3,2024-10-14
2024-10-14 03:00:00,"312,5888977050781","464,079987",4,3,2024-10-14
2024-10-14 04:00:00,"281,166015625","736,710022",4,3,2024-10-14
2024-10-14 05:00:00,"560,7188720703125","973,900024",4,3,2024-10-14
2024-10-14 06:00:00,"606,4593505859375","1142,449951",4,3,2024-10-14
2024-10-14 07:00:00,"515,3587036132812","879,960022",4,3,2024-10-14
2024-10-14 08:00:00,"332,90673828125","753,200012",4,3,2024-10-14
2024-10-14 09:00:00,"278,64129638671875","695,599976",4,3,2024-10-14
2024-10-14 10:00:00,"228,25540161132812","643,450012",4,3,2024-10-14
2024-10-14 11:00:00,"201,48780822753906","616,289978",4,3,2024-10-14
2024-10-14 12:00:00,"211,73153686523438","553,320007",4,3,2024-10-14
2024-10-14 13:00:00,"298,36932373046875","649,710022",4,3,2024-10-14
2024-10-14 14:00:00,"333,4705810546875","789,309998",4,3,2024-10-14
2024-10-14 15:00:00,"409,3384704589844","1182,660034",4,3,2024-10-14
2024-10-14 16:00:00,"959,3366088867188","1865,280029",4,3,2024-10-14
2024-10-14 17:00:00,"1319,9912109375","1964,290039",4,3,2024-10-14
2024-10-14 18:00:00,"805,5026245117188","1178,859985",4,3,2024-10-14
2024-10-14 19:00:00,"539,1566772460938","851,460022",4,3,2024-10-14
2024-10-14 20:00:00,"405,5133972167969","743,580017",4,3,2024-10-14
2024-10-14 21:00:00,"345,7572021484375","707,309998",4,3,2024-10-14
2024-10-14 22:00:00,"310,1319580078125","680,679993",4,3,2024-10-14
2024-10-14 23:00:00,"291,6279602050781","645,320007",4,3,2024-10-14
2024-10-15 00:00:00,"305,3666076660156","659,190002",4,3,2024-10-15
2024-10-15 01:00:00,"292,17669677734375","627,039978",4,3,2024-10-15
2024-10-15 02:00:00,"281,73284912109375","602,859985",4,3,2024-10-15
2024-10-15 03:00:00,"332,2247619628906","667,849976",4,3,2024-10-15
2024-10-15 04:00:00,"329,0521545410156","854,530029",4,3,2024-10-15
2024-10-15 05:00:00,"420,5712890625","1383,22998",4,3,2024-10-15
2024-10-15 06:00:00,"571,9322509765625","1317,719971",4,3,2024-10-15
2024-10-15 07:00:00,"565,08447265625","824,76001",4,3,2024-10-15
2024-10-15 08:00:00,"398,78656005859375","692,02002",4,3,2024-10-15
2024-10-15 09:00:00,"319,1468811035156","619,650024",4,3,2024-10-15
2024-10-15 10:00:00,"229,84584045410156","585,47998",4,3,2024-10-15
2024-10-15 11:00:00,"245,82301330566406","535,340027",4,3,2024-10-15
2024-10-15 12:00:00,"265,4508056640625","566,299988",4,3,2024-10-15
2024-10-15 13:00:00,"302,2264099121094","621,960022",4,3,2024-10-15
2024-10-15 14:00:00,"360,1856384277344","664,27002",4,3,2024-10-15
2024-10-15 15:00:00,"572,97802734375","900,48999",4,3,2024-10-15
2024-10-15 16:00:00,"821,0096435546875","1020,609985",4,3,2024-10-15
2024-10-15 17:00:00,"974,1127319335938","726,049988",4,3,2024-10-15
2024-10-15 18:00:00,"872,7542114257812","568,98999",4,3,2024-10-15
2024-10-15 19:00:00,"567,1835327148438","497,290009",4,3,2024-10-15
2024-10-15 20:00:00,"454,77655029296875","445,059998",4,3,2024-10-15
2024-10-15 21:00:00,"364,4835510253906","304,269989",4,3,2024-10-15
2024-10-15 22:00:00,"353,1361999511719","174,210007",4,3,2024-10-15
2024-10-15 23:00:00,"350,7406921386719","95,5",4,3,2024-10-15
2024-10-16 00:00:00,"339,4950866699219","39,540001",4,3,2024-10-16
2024-10-16 01:00:00,"334,82684326171875","26,93",4,3,2024-10-16
2024-10-16 02:00:00,"322,038818359375","23,58",4,3,2024-10-16
2024-10-16 03:00:00,"281,6503601074219","61,18",4,3,2024-10-16
2024-10-16 04:00:00,"307,9474182128906","301,049988",4,3,2024-10-16
2024-10-16 05:00:00,"491,3768310546875","353,720001",4,3,2024-10-16
2024-10-16 06:00:00,"540,7744140625","406,23999",4,3,2024-10-16
2024-10-16 07:00:00,"500,7742004394531","354,76001",4,3,2024-10-16
2024-10-16 08:00:00,"388,23687744140625","199,059998",4,3,2024-10-16
2024-10-16 09:00:00,"326,3769226074219","105,650002",4,3,2024-10-16
2024-10-16 10:00:00,"291,2440490722656","30,51",4,3,2024-10-16
2024-10-16 11:00:00,"281,18212890625","15,22",4,3,2024-10-16
2024-10-16 12:00:00,"244,59654235839844","29,84",4,3,2024-10-16
2024-10-16 13:00:00,"271,8087463378906","105,800003",4,3,2024-10-16
2024-10-16 14:00:00,"334,7571105957031","246,210007",4,3,2024-10-16
2024-10-16 15:00:00,"506,512451171875","263,0",4,3,2024-10-16
2024-10-16 16:00:00,"471,76678466796875","277,470001",4,3,2024-10-16
2024-10-16 17:00:00,"448,4021911621094","272,470001",4,3,2024-10-16
2024-10-16 18:00:00,"359,566162109375","267,470001",4,3,2024-10-16
2024-10-16 19:00:00,"337,824951171875","257,619995",4,3,2024-10-16
2024-10-16 20:00:00,"343,7356262207031","242,029999",4,3,2024-10-16
2024-10-16 21:00:00,"314,2955627441406","198,009995",4,3,2024-10-16
2024-10-16 22:00:00,"307,3862609863281","127,129997",4,3,2024-10-16
2024-10-16 23:00:00,"322,7123718261719","90,650002",4,3,2024-10-16
2024-10-17 00:00:00,"312,34918212890625","78,190002",4,3,2024-10-17
2024-10-17 01:00:00,"305,4597473144531","41,860001",4,3,2024-10-17
2024-10-17 02:00:00,"268,27362060546875","74,68",4,3,2024-10-17
2024-10-17 03:00:00,"301,59442138671875","216,139999",4,3,2024-10-17
2024-10-17 04:00:00,"346,8182678222656","261,730011",4,3,2024-10-17
2024-10-17 05:00:00,"393,614501953125","298,660004",4,3,2024-10-17
2024-10-17 06:00:00,"433,9931945800781","306,790009",4,3,2024-10-17
2024-10-17 07:00:00,"400,8032531738281","301,869995",4,3,2024-10-17
2024-10-17 08:00:00,"331,2947082519531","286,940002",4,3,2024-10-17
2024-10-17 09:00:00,"242,53759765625","287,089996",4,3,2024-10-17
2024-10-17 10:00:00,"157,48770141601562","290,670013",4,3,2024-10-17
2024-10-17 11:00:00,"115,77604675292969","305,299988",4,3,2024-10-17
2024-10-17 12:00:00,"139,30078125","322,980011",4,3,2024-10-17
2024-10-17 13:00:00,"192,43240356445312","474,140015",4,3,2024-10-17
2024-10-17 14:00:00,"330,7821960449219","691,469971",4,3,2024-10-17
2024-10-17 15:00:00,"385,192626953125","893,059998",4,3,2024-10-17
2024-10-17 16:00:00,"526,73388671875","1292,290039",4,3,2024-10-17
2024-10-17 17:00:00,"604,062255859375","1275,810059",4,3,2024-10-17
2024-10-17 18:00:00,"620,8958129882812","876,650024",4,3,2024-10-17
2024-10-17 19:00:00,"470,762451171875","729,75",4,3,2024-10-17
2024-10-17 20:00:00,"387,4143981933594","664,390015",4,3,2024-10-17
2024-10-17 21:00:00,"396,9216003417969","613,359985",4,3,2024-10-17
2024-10-17 22:00:00,"339,1138000488281","603,929993",4,3,2024-10-17
2024-10-17 23:00:00,"283,81585693359375","605,5",4,3,2024-10-17
2024-10-18 00:00:00,"282,062744140625","617,210022",4,3,2024-10-18
2024-10-18 01:00:00,"263,59283447265625","588,190002",4,3,2024-10-18
2024-10-18 02:00:00,"267,8072814941406","605,72998",4,3,2024-10-18
2024-10-18 03:00:00,"304,74298095703125","629,22998",4,3,2024-10-18
2024-10-18 04:00:00,"275,77630615234375","737,780029",4,3,2024-10-18
2024-10-18 05:00:00,"511,55657958984375","1117,449951",4,3,2024-10-18
2024-10-18 06:00:00,"607,8447875976562","1165,640015",4,3,2024-10-18
2024-10-18 07:00:00,"504,9222106933594","828,130005",4,3,2024-10-18
2024-10-18 08:00:00,"378,6279296875","714,429993",4,3,2024-10-18
2024-10-18 09:00:00,"275,67962646484375","636,390015",4,3,2024-10-18
2024-10-18 10:00:00,"262,4783020019531","618,929993",4,3,2024-10-18
2024-10-18 11:00:00,"242,9241943359375","598,340027",4,3,2024-10-18
2024-10-18 12:00:00,"270,9969787597656","605,72998",4,3,2024-10-18
2024-10-18 13:00:00,"295,7200012207031","629,22998",4,3,2024-10-18
2024-10-18 14:00:00,"367,06634521484375","770,599976",4,3,2024-10-18
2024-10-18 15:00:00,"333,5748596191406","997,26001",4,3,2024-10-18
2024-10-18 16:00:00,"555,6934204101562","1352,459961",4,3,2024-10-18
2024-10-18 17:00:00,"687,18896484375","1063,72998",4,3,2024-10-18
2024-10-18 18:00:00,"722,6937866210938","770,309998",4,3,2024-10-18
2024-10-18 19:00:00,"479,07720947265625","722,409973",4,3,2024-10-18
2024-10-18 20:00:00,"369,049560546875","695,77002",4,3,2024-10-18
2024-10-18 21:00:00,"273,555908203125","638,179993",4,3,2024-10-18
2024-10-18 22:00:00,"306,8988037109375","649,27002",4,3,2024-10-18
2024-10-18 23:00:00,"316,1566467285156","619,210022",4,3,2024-10-18
2024-10-19 00:00:00,"327,58966064453125","595,940002",4,3,2024-10-19
2024-10-19 01:00:00,"312,20355224609375","561,27002",4,3,2024-10-19
2024-10-19 02:00:00,"311,5211486816406","565,809998",4,3,2024-10-19
2024-10-19 03:00:00,"304,65521240234375","572,530029",4,3,2024-10-19
2024-10-19 04:00:00,"330,0096740722656","596,619995",4,3,2024-10-19
2024-10-19 05:00:00,"322,41241455078125","685,440002",4,3,2024-10-19
2024-10-19 06:00:00,"262,7613830566406","668,659973",4,3,2024-10-19
2024-10-19 07:00:00,"319,00909423828125","630,919983",4,3,2024-10-19
2024-10-19 08:00:00,"244,38796997070312","587,669983",4,3,2024-10-19
2024-10-19 09:00:00,"223,34173583984375","546,799988",4,3,2024-10-19
2024-10-19 10:00:00,"156,67636108398438","493,399994",4,3,2024-10-19
2024-10-19 11:00:00,"106,71808624267578","454,619995",4,3,2024-10-19
2024-10-19 12:00:00,"106,2884292602539","476,470001",4,3,2024-10-19
2024-10-19 13:00:00,"165,95855712890625","589,679993",4,3,2024-10-19
2024-10-19 14:00:00,"288,0877685546875","731,52002",4,3,2024-10-19
2024-10-19 15:00:00,"374,1761474609375","813,929993",4,3,2024-10-19
2024-10-19 16:00:00,"399,86505126953125","1012,900024",4,3,2024-10-19
2024-10-19 17:00:00,"429,5878601074219","886,940002",4,3,2024-10-19
2024-10-19 18:00:00,"354,7454833984375","721,900024",4,3,2024-10-19
2024-10-19 19:00:00,"276,84906005859375","672,530029",4,3,2024-10-19
2024-10-19 20:00:00,"307,2659606933594","625,179993",4,3,2024-10-19
2024-10-19 21:00:00,"303,9302673339844","546,869995",4,3,2024-10-19
2024-10-19 22:00:00,"224,67906188964844","403,059998",4,3,2024-10-19
2024-10-19 23:00:00,"195,0281982421875","409,470001",4,3,2024-10-19
2024-10-20 00:00:00,"191,86541748046875","407,079987",4,3,2024-10-20
2024-10-20 01:00:00,"185,80003356933594","417,0",4,3,2024-10-20
2024-10-20 02:00:00,"184,83546447753906","444,450012",4,3,2024-10-20
2024-10-20 03:00:00,"204,86767578125","241,880005",4,3,2024-10-20
2024-10-20 04:00:00,"202,14447021484375","240,389999",4,3,2024-10-20
2024-10-20 05:00:00,"245,66954040527344","291,329987",4,3,2024-10-20
2024-10-20 06:00:00,"324,6636962890625","359,950012",4,3,2024-10-20
2024-10-20 07:00:00,"242,66236877441406","341,230011",4,3,2024-10-20
2024-10-20 08:00:00,"148,26707458496094","47,509998",4,3,2024-10-20
2024-10-20 09:00:00,"75,13823699951172","0,6",4,3,2024-10-20
2024-10-20 10:00:00,"28,708948135375977","0,0",4,3,2024-10-20
2024-10-20 11:00:00,"9,86036205291748","-7,31",4,3,2024-10-20
2024-10-20 12:00:00,"-18,03517723083496","-14,99",4,3,2024-10-20
2024-10-20 13:00:00,"15,987297058105469","0,0",4,3,2024-10-20
2024-10-20 14:00:00,"175,27317810058594","38,040001",4,3,2024-10-20
2024-10-20 15:00:00,"355,0659484863281","413,570007",4,3,2024-10-20
2024-10-20 16:00:00,"315,5028381347656","318,25",4,3,2024-10-20
2024-10-20 17:00:00,"521,4890747070312","268,950012",4,3,2024-10-20
2024-10-20 18:00:00,"406,0008850097656","252,919998",4,3,2024-10-20
2024-10-20 19:00:00,"363,9559631347656","156,259995",4,3,2024-10-20
2024-10-20 20:00:00,"401,3648986816406","90,620003",4,3,2024-10-20
2024-10-20 21:00:00,"334,30975341796875","14,39",4,3,2024-10-20
2024-10-20 22:00:00,"256,24407958984375","-0,75",4,3,2024-10-20
2024-10-20 23:00:00,"216,7275848388672","-0,75",4,3,2024-10-20
2024-10-21 00:00:00,"80,71066284179688","-1,04",4,4,2024-10-21
2024-10-21 01:00:00,"123,96855163574219","-0,6",4,4,2024-10-21
2024-10-21 02:00:00,"168,70492553710938","-0,3",4,4,2024-10-21
2024-10-21 03:00:00,"281,2137756347656","24,24",4,4,2024-10-21
2024-10-21 04:00:00,"384,08868408203125","32,59",4,4,2024-10-21
2024-10-21 05:00:00,"595,93505859375","301,170013",4,4,2024-10-21
2024-10-21 06:00:00,"653,0088500976562","292,070007",4,4,2024-10-21
2024-10-21 07:00:00,"585,1575927734375","240,160004",4,4,2024-10-21
2024-10-21 08:00:00,"399,6353759765625","215,399994",4,4,2024-10-21
2024-10-21 09:00:00,"313,9282531738281","208,690002",4,4,2024-10-21
2024-10-21 10:00:00,"303,8491516113281","188,479996",4,4,2024-10-21
2024-10-21 11:00:00,"288,6130676269531","209,729996",4,4,2024-10-21
2024-10-21 12:00:00,"297,02777099609375","168,710007",4,4,2024-10-21
2024-10-21 13:00:00,"346,5345764160156","434,609985",4,4,2024-10-21
2024-10-21 14:00:00,"390,35870361328125","670,289978",4,4,2024-10-21
2024-10-21 15:00:00,"527,1406860351562","969,900024",4,4,2024-10-21
2024-10-21 16:00:00,"915,9220581054688","1582,319946",4,4,2024-10-21
2024-10-21 17:00:00,"1168,4871826171875","1404,810059",4,4,2024-10-21
2024-10-21 18:00:00,"721,935546875","957,969971",4,4,2024-10-21
2024-10-21 19:00:00,"481,0018005371094","750,320007",4,4,2024-10-21
2024-10-21 20:00:00,"363,7458190917969","729,440002",4,4,2024-10-21
2024-10-21 21:00:00,"361,14312744140625","693,419983",4,4,2024-10-21
2024-10-21 22:00:00,"355,6617126464844","666,929993",4,4,2024-10-21
2024-10-21 23:00:00,"317,3491516113281","652,76001",4,4,2024-10-21
2024-10-22 00:00:00,"331,9975280761719","639,109985",4,4,2024-10-22
2024-10-22 01:00:00,"309,3333740234375","623,52002",4,4,2024-10-22
2024-10-22 02:00:00,"294,7366027832031","619,190002",4,4,2024-10-22
2024-10-22 03:00:00,"356,9544372558594","641,419983",4,4,2024-10-22
2024-10-22 04:00:00,"369,8409423828125","731,960022",4,4,2024-10-22
2024-10-22 05:00:00,"742,3753051757812","1118,76001",4,4,2024-10-22
2024-10-22 06:00:00,"859,1464233398438","1215,27002",4,4,2024-10-22
2024-10-22 07:00:00,"730,4249267578125","846,080017",4,4,2024-10-22
2024-10-22 08:00:00,"633,9081420898438","736,809998",4,4,2024-10-22
2024-10-22 09:00:00,"376,28240966796875","639,109985",4,4,2024-10-22
2024-10-22 10:00:00,"234,90789794921875","246,720001",4,4,2024-10-22
2024-10-22 11:00:00,"241,30850219726562","232,550003",4,4,2024-10-22
2024-10-22 12:00:00,"279,1712646484375","225,539993",4,4,2024-10-22
2024-10-22 13:00:00,"269,5880432128906","229,789993",4,4,2024-10-22
2024-10-22 14:00:00,"328,0924072265625","263,130005",4,4,2024-10-22
2024-10-22 15:00:00,"625,7218627929688","759,109985",4,4,2024-10-22
2024-10-22 16:00:00,"641,099609375","1043,579956",4,4,2024-10-22
2024-10-22 17:00:00,"618,640869140625","1176,560059",4,4,2024-10-22
2024-10-22 18:00:00,"680,2314453125","850,400024",4,4,2024-10-22
2024-10-22 19:00:00,"558,4556274414062","697,72998",4,4,2024-10-22
2024-10-22 20:00:00,"388,8459777832031","713,919983",4,4,2024-10-22
2024-10-22 21:00:00,"374,4195251464844","658,950012",4,4,2024-10-22
2024-10-22 22:00:00,"324,64776611328125","602,789978",4,4,2024-10-22
2024-10-22 23:00:00,"275,0328063964844","620,690002",4,4,2024-10-22
2024-10-23 00:00:00,"268,0950927734375","611,669983",4,4,2024-10-23
2024-10-23 01:00:00,"260,1596984863281","620,539978",4,4,2024-10-23
2024-10-23 02:00:00,"281,0147399902344","639,859985",4,4,2024-10-23
2024-10-23 03:00:00,"294,96917724609375","675,950012",4,4,2024-10-23
2024-10-23 04:00:00,"337,91888427734375","780,950012",4,4,2024-10-23
2024-10-23 05:00:00,"545,3603515625","1025,329956",4,4,2024-10-23
2024-10-23 06:00:00,"650,6111450195312","1205,72998",4,4,2024-10-23
2024-10-23 07:00:00,"605,173583984375","957,690002",4,4,2024-10-23
2024-10-23 08:00:00,"520,8322143554688","776,330017",4,4,2024-10-23
2024-10-23 09:00:00,"348,0557556152344","693,700012",4,4,2024-10-23
2024-10-23 10:00:00,"248,28855895996094","600,929993",4,4,2024-10-23
2024-10-23 11:00:00,"246,95433044433594","574,75",4,4,2024-10-23
2024-10-23 12:00:00,"280,0115051269531","562,450012",4,4,2024-10-23
2024-10-23 13:00:00,"324,39801025390625","657,830017",4,4,2024-10-23
2024-10-23 14:00:00,"322,794189453125","696,22998",4,4,2024-10-23
2024-10-23 15:00:00,"527,56005859375","1009,669983",4,4,2024-10-23
2024-10-23 16:00:00,"629,9841918945312","1428,859985",4,4,2024-10-23
2024-10-23 17:00:00,"648,5287475585938","1312,52002",4,4,2024-10-23
2024-10-23 18:00:00,"547,7922973632812","833,080017",4,4,2024-10-23
2024-10-23 19:00:00,"436,64288330078125","754,849976",4,4,2024-10-23
2024-10-23 20:00:00,"339,10443115234375","767,599976",4,4,2024-10-23
2024-10-23 21:00:00,"323,54766845703125","694,73999",4,4,2024-10-23
2024-10-23 22:00:00,"285,4658508300781","647,059998",4,4,2024-10-23
2024-10-23 23:00:00,"233,76507568359375","597,460022",4,4,2024-10-23
2024-10-24 00:00:00,"258,33172607421875","582,469971",4,4,2024-10-24
2024-10-24 01:00:00,"256,35101318359375","564,349976",4,4,2024-10-24
2024-10-24 02:00:00,"255,52928161621094","532,200012",4,4,2024-10-24
2024-10-24 03:00:00,"286,0256042480469","597,909973",4,4,2024-10-24
2024-10-24 04:00:00,"359,1405944824219","748,409973",4,4,2024-10-24
2024-10-24 05:00:00,"456,1976623535156","1057,98999",4,4,2024-10-24
2024-10-24 06:00:00,"537,4761962890625","1233,47998",4,4,2024-10-24
2024-10-24 07:00:00,"515,7311401367188","874,820007",4,4,2024-10-24
2024-10-24 08:00:00,"406,5130310058594","760,049988",4,4,2024-10-24
2024-10-24 09:00:00,"314,3678283691406","693,969971",4,4,2024-10-24
2024-10-24 10:00:00,"241,66432189941406","626,169983",4,4,2024-10-24
2024-10-24 11:00:00,"241,08377075195312","590,299988",4,4,2024-10-24
2024-10-24 12:00:00,"265,1248474121094","607,900024",4,4,2024-10-24
2024-10-24 13:00:00,"299,66888427734375","713,72998",4,4,2024-10-24
2024-10-24 14:00:00,"309,55487060546875","809,869995",4,4,2024-10-24
2024-10-24 15:00:00,"386,2564697265625","921,659973",4,4,2024-10-24
2024-10-24 16:00:00,"655,6441650390625","1034,430054",4,4,2024-10-24
2024-10-24 17:00:00,"787,1006469726562","851,630005",4,4,2024-10-24
2024-10-24 18:00:00,"740,4895629882812","720,52002",4,4,2024-10-24
2024-10-24 19:00:00,"518,5059204101562","698,369995",4,4,2024-10-24
2024-10-24 20:00:00,"401,32611083984375","670,47998",4,4,2024-10-24
2024-10-24 21:00:00,"329,0805358886719","623,559998",4,4,2024-10-24
2024-10-24 22:00:00,"289,0107116699219","615,460022",4,4,2024-10-24
2024-10-24 23:00:00,"270,3597412109375","612,25",4,4,2024-10-24
2024-10-25 00:00:00,"294,65423583984375","594,48999",4,4,2024-10-25
2024-10-25 01:00:00,"298,009033203125","616,200012",4,4,2024-10-25
2024-10-25 02:00:00,"301,8648681640625","630,150024",4,4,2024-10-25
2024-10-25 03:00:00,"297,4436950683594","705,650024",4,4,2024-10-25
2024-10-25 04:00:00,"349,1670837402344","812,700012",4,4,2024-10-25
2024-10-25 05:00:00,"676,3347778320312","923,190002",4,4,2024-10-25
2024-10-25 06:00:00,"891,5055541992188","1123,410034",4,4,2024-10-25
2024-10-25 07:00:00,"793,4656372070312","913,340027",4,4,2024-10-25
2024-10-25 08:00:00,"654,197021484375","806,809998",4,4,2024-10-25
2024-10-25 09:00:00,"436,7179260253906","700,5",4,4,2024-10-25
2024-10-25 10:00:00,"310,86151123046875","604,859985",4,4,2024-10-25
2024-10-25 11:00:00,"272,7289123535156","583,22998",4,4,2024-10-25
2024-10-25 12:00:00,"275,1158142089844","615,22998",4,4,2024-10-25
2024-10-25 13:00:00,"310,5334167480469","741,01001",4,4,2024-10-25
2024-10-25 14:00:00,"345,9623718261719","880,51001",4,4,2024-10-25
2024-10-25 15:00:00,"471,4692077636719","1184,140015",4,4,2024-10-25
2024-10-25 16:00:00,"903,6414794921875","1695,829956",4,4,2024-10-25
2024-10-25 17:00:00,"1031,384033203125","1379,0",4,4,2024-10-25
2024-10-25 18:00:00,"891,4260864257812","924,01001",4,4,2024-10-25
2024-10-25 19:00:00,"697,8462524414062","867,530029",4,4,2024-10-25
2024-10-25 20:00:00,"641,4293212890625","850,150024",4,4,2024-10-25
2024-10-25 21:00:00,"478,1061706542969","801,210022",4,4,2024-10-25
2024-10-25 22:00:00,"388,6487121582031","860,150024",4,4,2024-10-25
2024-10-25 23:00:00,"324,3277282714844","818,0",4,4,2024-10-25
2024-10-26 00:00:00,"292,8999938964844","797,929993",4,4,2024-10-26
2024-10-26 01:00:00,"297,88287353515625","804,200012",4,4,2024-10-26
2024-10-26 02:00:00,"309,07806396484375","788,599976",4,4,2024-10-26
2024-10-26 03:00:00,"312,5042724609375","796,960022",4,4,2024-10-26
2024-10-26 04:00:00,"324,4059753417969","850,0",4,4,2024-10-26
2024-10-26 05:00:00,"337,905029296875","937,890015",4,4,2024-10-26
2024-10-26 06:00:00,"333,40850830078125","940,059998",4,4,2024-10-26
2024-10-26 07:00:00,"309,85888671875","877,159973",4,4,2024-10-26
2024-10-26 08:00:00,"360,551025390625","756,450012",4,4,2024-10-26
2024-10-26 09:00:00,"317,7174987792969","607,900024",4,4,2024-10-26
2024-10-26 10:00:00,"279,026123046875","509,940002",4,4,2024-10-26
2024-10-26 11:00:00,"259,71551513671875","472,269989",4,4,2024-10-26
2024-10-26 12:00:00,"290,4703674316406","481,589996",4,4,2024-10-26
2024-10-26 13:00:00,"337,7469177246094","607,599976",4,4,2024-10-26
2024-10-26 14:00:00,"334,3255310058594","750,549988",4,4,2024-10-26
2024-10-26 15:00:00,"405,53948974609375","938,039978",4,4,2024-10-26
2024-10-26 16:00:00,"481,4066162109375","1125,829956",4,4,2024-10-26
2024-10-26 17:00:00,"496,38580322265625","885,890015",4,4,2024-10-26
2024-10-26 18:00:00,"416,3470153808594","719,809998",4,4,2024-10-26
2024-10-26 19:00:00,"361,9381408691406","662,219971",4,4,2024-10-26
2024-10-26 20:00:00,"307,7822265625","652,820007",4,4,2024-10-26
2024-10-26 21:00:00,"306,0616760253906","571,719971",4,4,2024-10-26
2024-10-26 22:00:00,"240,56985473632812","688,119995",4,4,2024-10-26
2024-10-26 23:00:00,"237,981201171875","626,780029",4,4,2024-10-26
2024-10-27 00:00:00,"246,431884765625","613,570007",4,4,2024-10-27
2024-10-27 01:00:00,"252,39024353027344","600,140015",4,4,2024-10-27
2024-10-27 02:00:00,"255,87164306640625","592,530029",4,4,2024-10-27
2024-10-27 03:00:00,"271,2525634765625","587,900024",4,4,2024-10-27
2024-10-27 04:00:00,"267,38037109375","635,289978",4,4,2024-10-27
2024-10-27 05:00:00,"305,0820007324219","665,659973",4,4,2024-10-27
2024-10-27 06:00:00,"301,9688415527344","657,0",4,4,2024-10-27
2024-10-27 07:00:00,"286,57965087890625","629,320007",4,4,2024-10-27
2024-10-27 08:00:00,"171,93325805664062","496,049988",4,4,2024-10-27
2024-10-27 09:00:00,"84,3832778930664","408,299988",4,4,2024-10-27
2024-10-27 10:00:00,"41,42488479614258","317,119995",4,4,2024-10-27
2024-10-27 11:00:00,"36,802833557128906","298,390015",4,4,2024-10-27
2024-10-27 12:00:00,"40,83832931518555","298,470001",4,4,2024-10-27
2024-10-27 13:00:00,"35,56380844116211","480,01001",4,4,2024-10-27
2024-10-27 14:00:00,"136,85923767089844","753,109985",4,4,2024-10-27
2024-10-27 15:00:00,"326,8624267578125","878,97998",4,4,2024-10-27
2024-10-27 16:00:00,"319,1099548339844","1106,569946",4,4,2024-10-27
2024-10-27 17:00:00,"372,25360107421875","1087,23999",4,4,2024-10-27
2024-10-27 18:00:00,"310,2531433105469","973,52002",4,4,2024-10-27
2024-10-27 19:00:00,"268,8553466796875","881,299988",4,4,2024-10-27
2024-10-27 20:00:00,"240,9757080078125","831,159973",4,4,2024-10-27
2024-10-27 21:00:00,"231,9073944091797","820,48999",4,4,2024-10-27
2024-10-27 22:00:00,"191,96665954589844","651,109985",4,4,2024-10-27
2024-10-27 23:00:00,"124,32337188720703","713,340027",4,4,2024-10-27
