Time,Prediction,DKPrice,fold,week,Date
2024-01-01 00:00:00,"212,77325439453125","209,779999",1,1,2024-01-01
2024-01-01 01:00:00,"202,27488708496094","198,740005",1,1,2024-01-01
2024-01-01 02:00:00,"166,3506317138672","30,860001",1,1,2024-01-01
2024-01-01 03:00:00,"162,29632568359375","-0,22",1,1,2024-01-01
2024-01-01 04:00:00,"243,9338836669922","-0,15",1,1,2024-01-01
2024-01-01 05:00:00,"364,5924377441406","-0,37",1,1,2024-01-01
2024-01-01 06:00:00,"422,9209289550781","-0,15",1,1,2024-01-01
2024-01-01 07:00:00,"483,1125793457031","0,0",1,1,2024-01-01
2024-01-01 08:00:00,"502,2935485839844","0,6",1,1,2024-01-01
2024-01-01 09:00:00,"484,5455627441406","308,179993",1,1,2024-01-01
2024-01-01 10:00:00,"467,18408203125","324,359985",1,1,2024-01-01
2024-01-01 11:00:00,"437,5915832519531","320,700012",1,1,2024-01-01
2024-01-01 12:00:00,"418,8149108886719","330,170013",1,1,2024-01-01
2024-01-01 13:00:00,"438,4248046875","344,709991",1,1,2024-01-01
2024-01-01 14:00:00,"459,76263427734375","377,290009",1,1,2024-01-01
2024-01-01 15:00:00,"533,8529663085938","443,329987",1,1,2024-01-01
2024-01-01 16:00:00,"617,4898681640625","484,480011",1,1,2024-01-01
2024-01-01 17:00:00,"626,3858642578125","460,26001",1,1,2024-01-01
2024-01-01 18:00:00,"582,8505249023438","456,75",1,1,2024-01-01
2024-01-01 19:00:00,"508,60015869140625","447,059998",1,1,2024-01-01
2024-01-01 20:00:00,"460,21966552734375","409,420013",1,1,2024-01-01
2024-01-01 21:00:00,"424,6632995605469","355,220001",1,1,2024-01-01
2024-01-01 22:00:00,"383,83905029296875","265,019989",1,1,2024-01-01
2024-01-01 23:00:00,"349,5233459472656","228,039993",1,1,2024-01-01
2024-01-02 00:00:00,"344,1242370605469","149,619995",1,1,2024-01-02
2024-01-02 01:00:00,"341,55316162109375","231,320007",1,1,2024-01-02
2024-01-02 02:00:00,"351,98583984375","137,089996",1,1,2024-01-02
2024-01-02 03:00:00,"370,2644348144531","82,599998",1,1,2024-01-02
2024-01-02 04:00:00,"410,5916442871094","102,730003",1,1,2024-01-02
2024-01-02 05:00:00,"457,26348876953125","355,070007",1,1,2024-01-02
2024-01-02 06:00:00,"511,21929931640625","433,119995",1,1,2024-01-02
2024-01-02 07:00:00,"579,9741821289062","489,549988",1,1,2024-01-02
2024-01-02 08:00:00,"581,238525390625","482,549988",1,1,2024-01-02
2024-01-02 09:00:00,"565,0120239257812","514,22998",1,1,2024-01-02
2024-01-02 10:00:00,"535,7063598632812","548,219971",1,1,2024-01-02
2024-01-02 11:00:00,"516,1012573242188","582,659973",1,1,2024-01-02
2024-01-02 12:00:00,"526,7299194335938","587,960022",1,1,2024-01-02
2024-01-02 13:00:00,"523,6627807617188","590,719971",1,1,2024-01-02
2024-01-02 14:00:00,"574,154296875","596,080017",1,1,2024-01-02
2024-01-02 15:00:00,"671,2513427734375","607,26001",1,1,2024-01-02
2024-01-02 16:00:00,"695,2321166992188","603,23999",1,1,2024-01-02
2024-01-02 17:00:00,"647,8259887695312","558,72998",1,1,2024-01-02
2024-01-02 18:00:00,"597,8803100585938","470,98999",1,1,2024-01-02
2024-01-02 19:00:00,"561,029052734375","425,73999",1,1,2024-01-02
2024-01-02 20:00:00,"512,1155395507812","349,549988",1,1,2024-01-02
2024-01-02 21:00:00,"493,60772705078125","298,190002",1,1,2024-01-02
2024-01-02 22:00:00,"468,759521484375","162,589996",1,1,2024-01-02
2024-01-02 23:00:00,"439,0559997558594","7,75",1,1,2024-01-02
2024-01-03 00:00:00,"433,4360656738281","-0,07",1,1,2024-01-03
2024-01-03 01:00:00,"429,54425048828125","0,0",1,1,2024-01-03
2024-01-03 02:00:00,"409,0860595703125","-0,07",1,1,2024-01-03
2024-01-03 03:00:00,"387,997802734375","0,0",1,1,2024-01-03
2024-01-03 04:00:00,"409,878662109375","0,15",1,1,2024-01-03
2024-01-03 05:00:00,"435,171142578125","8,13",1,1,2024-01-03
2024-01-03 06:00:00,"521,88037109375","302,600006",1,1,2024-01-03
2024-01-03 07:00:00,"628,9013671875","444,399994",1,1,2024-01-03
2024-01-03 08:00:00,"667,197265625","451,850006",1,1,2024-01-03
2024-01-03 09:00:00,"654,1399536132812","424,940002",1,1,2024-01-03
2024-01-03 10:00:00,"635,0632934570312","409,209991",1,1,2024-01-03
2024-01-03 11:00:00,"612,8023071289062","445,820007",1,1,2024-01-03
2024-01-03 12:00:00,"586,0669555664062","438,809998",1,1,2024-01-03
2024-01-03 13:00:00,"601,6607055664062","453,720001",1,1,2024-01-03
2024-01-03 14:00:00,"660,0302734375","500,829987",1,1,2024-01-03
2024-01-03 15:00:00,"661,1605834960938","548,619995",1,1,2024-01-03
2024-01-03 16:00:00,"685,6953125","613,409973",1,1,2024-01-03
2024-01-03 17:00:00,"669,4007568359375","618,549988",1,1,2024-01-03
2024-01-03 18:00:00,"630,7719116210938","589,179993",1,1,2024-01-03
2024-01-03 19:00:00,"569,2908325195312","545,940002",1,1,2024-01-03
2024-01-03 20:00:00,"488,17059326171875","502,549988",1,1,2024-01-03
2024-01-03 21:00:00,"443,927001953125","484,579987",1,1,2024-01-03
2024-01-03 22:00:00,"336,44525146484375","433,290009",1,1,2024-01-03
2024-01-03 23:00:00,"313,6900939941406","427,329987",1,1,2024-01-03
2024-01-04 00:00:00,"287,96636962890625","376,320007",1,1,2024-01-04
2024-01-04 01:00:00,"283,06591796875","298,309998",1,1,2024-01-04
2024-01-04 02:00:00,"242,7059326171875","190,020004",1,1,2024-01-04
2024-01-04 03:00:00,"247,10134887695312","261,019989",1,1,2024-01-04
2024-01-04 04:00:00,"271,55657958984375","430,540009",1,1,2024-01-04
2024-01-04 05:00:00,"385,1152038574219","541,809998",1,1,2024-01-04
2024-01-04 06:00:00,"481,2010803222656","634,059998",1,1,2024-01-04
2024-01-04 07:00:00,"538,318115234375","682,169983",1,1,2024-01-04
2024-01-04 08:00:00,"532,5777587890625","702,530029",1,1,2024-01-04
2024-01-04 09:00:00,"517,4464111328125","683,210022",1,1,2024-01-04
2024-01-04 10:00:00,"485,7681884765625","671,429993",1,1,2024-01-04
2024-01-04 11:00:00,"440,7357177734375","643,609985",1,1,2024-01-04
2024-01-04 12:00:00,"403,002197265625","641,070007",1,1,2024-01-04
2024-01-04 13:00:00,"428,67083740234375","686,940002",1,1,2024-01-04
2024-01-04 14:00:00,"486,52410888671875","735,48999",1,1,2024-01-04
2024-01-04 15:00:00,"522,4764404296875","788,51001",1,1,2024-01-04
2024-01-04 16:00:00,"578,9358520507812","993,599976",1,1,2024-01-04
2024-01-04 17:00:00,"559,301513671875","1078,77002",1,1,2024-01-04
2024-01-04 18:00:00,"525,8687133789062","932,22998",1,1,2024-01-04
2024-01-04 19:00:00,"448,8709411621094","772,549988",1,1,2024-01-04
2024-01-04 20:00:00,"377,6416015625","745,859985",1,1,2024-01-04
2024-01-04 21:00:00,"371,04278564453125","707,450012",1,1,2024-01-04
2024-01-04 22:00:00,"299,2977600097656","662,47998",1,1,2024-01-04
2024-01-04 23:00:00,"261,87591552734375","642,059998",1,1,2024-01-04
2024-01-05 00:00:00,"255,38217163085938","600,51001",1,1,2024-01-05
2024-01-05 01:00:00,"252,1063232421875","574,409973",1,1,2024-01-05
2024-01-05 02:00:00,"231,22776794433594","546,059998",1,1,2024-01-05
2024-01-05 03:00:00,"229,00559997558594","552,330017",1,1,2024-01-05
2024-01-05 04:00:00,"252,51702880859375","567,099976",1,1,2024-01-05
2024-01-05 05:00:00,"323,77215576171875","604,169983",1,1,2024-01-05
2024-01-05 06:00:00,"400,62890625","648,919983",1,1,2024-01-05
2024-01-05 07:00:00,"460,0624084472656","668,090027",1,1,2024-01-05
2024-01-05 08:00:00,"429,5419006347656","708,070007",1,1,2024-01-05
2024-01-05 09:00:00,"390,8807067871094","718,140015",1,1,2024-01-05
2024-01-05 10:00:00,"351,9392395019531","732,609985",1,1,2024-01-05
2024-01-05 11:00:00,"349,034423828125","688,01001",1,1,2024-01-05
2024-01-05 12:00:00,"341,2517395019531","682,780029",1,1,2024-01-05
2024-01-05 13:00:00,"337,7652893066406","719,109985",1,1,2024-01-05
2024-01-05 14:00:00,"354,7959899902344","746,26001",1,1,2024-01-05
2024-01-05 15:00:00,"432,4284973144531","768,039978",1,1,2024-01-05
2024-01-05 16:00:00,"477,6983947753906","800,929993",1,1,2024-01-05
2024-01-05 17:00:00,"453,66455078125","808,909973",1,1,2024-01-05
2024-01-05 18:00:00,"397,3111267089844","775,419983",1,1,2024-01-05
2024-01-05 19:00:00,"350,1944580078125","746,559998",1,1,2024-01-05
2024-01-05 20:00:00,"349,4781799316406","702,549988",1,1,2024-01-05
2024-01-05 21:00:00,"361,8243408203125","708,0",1,1,2024-01-05
2024-01-05 22:00:00,"316,11590576171875","647,429993",1,1,2024-01-05
2024-01-05 23:00:00,"239,17642211914062","613,47998",1,1,2024-01-05
2024-01-06 00:00:00,"206,58050537109375","598,190002",1,1,2024-01-06
2024-01-06 01:00:00,"202,96633911132812","567,830017",1,1,2024-01-06
2024-01-06 02:00:00,"168,02633666992188","544,559998",1,1,2024-01-06
2024-01-06 03:00:00,"162,79525756835938","544,559998",1,1,2024-01-06
2024-01-06 04:00:00,"177,28138732910156","556,340027",1,1,2024-01-06
2024-01-06 05:00:00,"183,2470703125","560,150024",1,1,2024-01-06
2024-01-06 06:00:00,"263,7810974121094","607,059998",1,1,2024-01-06
2024-01-06 07:00:00,"333,7304992675781","659,349976",1,1,2024-01-06
2024-01-06 08:00:00,"381,7380676269531","687,909973",1,1,2024-01-06
2024-01-06 09:00:00,"391,8311767578125","725,72998",1,1,2024-01-06
2024-01-06 10:00:00,"374,73297119140625","749,070007",1,1,2024-01-06
2024-01-06 11:00:00,"363,60968017578125","739,599976",1,1,2024-01-06
2024-01-06 12:00:00,"376,8309631347656","710,210022",1,1,2024-01-06
2024-01-06 13:00:00,"423,6260986328125","690,299988",1,1,2024-01-06
2024-01-06 14:00:00,"456,49322509765625","709,23999",1,1,2024-01-06
2024-01-06 15:00:00,"513,2755126953125","744,75",1,1,2024-01-06
2024-01-06 16:00:00,"580,8353271484375","780,849976",1,1,2024-01-06
2024-01-06 17:00:00,"568,2415161132812","774,51001",1,1,2024-01-06
2024-01-06 18:00:00,"537,496826171875","740,719971",1,1,2024-01-06
2024-01-06 19:00:00,"480,7083740234375","687,909973",1,1,2024-01-06
2024-01-06 20:00:00,"423,74969482421875","656,359985",1,1,2024-01-06
2024-01-06 21:00:00,"346,36767578125","647,039978",1,1,2024-01-06
2024-01-06 22:00:00,"309,84027099609375","596,919983",1,1,2024-01-06
2024-01-06 23:00:00,"283,29583740234375","642,570007",1,1,2024-01-06
2024-01-07 00:00:00,"214,62342834472656","615,049988",1,1,2024-01-07
2024-01-07 01:00:00,"181,15435791015625","573,72998",1,1,2024-01-07
2024-01-07 02:00:00,"154,4805908203125","561,48999",1,1,2024-01-07
2024-01-07 03:00:00,"128,79237365722656","546,950012",1,1,2024-01-07
2024-01-07 04:00:00,"115,85270690917969","550,309998",1,1,2024-01-07
2024-01-07 05:00:00,"145,5334014892578","560,450012",1,1,2024-01-07
2024-01-07 06:00:00,"175,00955200195312","582,080017",1,1,2024-01-07
2024-01-07 07:00:00,"224,69183349609375","610,049988",1,1,2024-01-07
2024-01-07 08:00:00,"239,5198974609375","634,219971",1,1,2024-01-07
2024-01-07 09:00:00,"239,40948486328125","650,030029",1,1,2024-01-07
2024-01-07 10:00:00,"233,94834899902344","666,210022",1,1,2024-01-07
2024-01-07 11:00:00,"229,36004638671875","682,469971",1,1,2024-01-07
2024-01-07 12:00:00,"201,76242065429688","652,789978",1,1,2024-01-07
2024-01-07 13:00:00,"212,48538208007812","634,219971",1,1,2024-01-07
2024-01-07 14:00:00,"233,71255493164062","656,440002",1,1,2024-01-07
2024-01-07 15:00:00,"294,6029052734375","696,799988",1,1,2024-01-07
2024-01-07 16:00:00,"314,96490478515625","759,080017",1,1,2024-01-07
2024-01-07 17:00:00,"305,0511474609375","782,049988",1,1,2024-01-07
2024-01-07 18:00:00,"274,1088562011719","772,349976",1,1,2024-01-07
2024-01-07 19:00:00,"231,00204467773438","749,599976",1,1,2024-01-07
2024-01-07 20:00:00,"214,78564453125","695,97998",1,1,2024-01-07
2024-01-07 21:00:00,"217,2389373779297","680,01001",1,1,2024-01-07
2024-01-07 22:00:00,"184,74993896484375","625,48999",1,1,2024-01-07
2024-01-07 23:00:00,"162,65142822265625","649,059998",1,1,2024-01-07
2024-01-08 00:00:00,"254,37539672851562","628,919983",1,2,2024-01-08
2024-01-08 01:00:00,"169,5426025390625","610,27002",1,2,2024-01-08
2024-01-08 02:00:00,"156,2502899169922","590,059998",1,2,2024-01-08
2024-01-08 03:00:00,"155,5782928466797","585,359985",1,2,2024-01-08
2024-01-08 04:00:00,"171,88372802734375","612,359985",1,2,2024-01-08
2024-01-08 05:00:00,"235,2965850830078","703,359985",1,2,2024-01-08
2024-01-08 06:00:00,"266,14019775390625","828,669983",1,2,2024-01-08
2024-01-08 07:00:00,"301,032470703125","903,330017",1,2,2024-01-08
2024-01-08 08:00:00,"285,3137512207031","878,859985",1,2,2024-01-08
2024-01-08 09:00:00,"281,7373046875","824,940002",1,2,2024-01-08
2024-01-08 10:00:00,"274,8448181152344","768,25",1,2,2024-01-08
2024-01-08 11:00:00,"249,71853637695312","712,309998",1,2,2024-01-08
2024-01-08 12:00:00,"248,49951171875","701,349976",1,2,2024-01-08
2024-01-08 13:00:00,"275,1036376953125","763,25",1,2,2024-01-08
2024-01-08 14:00:00,"304,5270690917969","805,390015",1,2,2024-01-08
2024-01-08 15:00:00,"382,19866943359375","923,619995",1,2,2024-01-08
2024-01-08 16:00:00,"428,4488525390625","963,299988",1,2,2024-01-08
2024-01-08 17:00:00,"454,6397399902344","969,710022",1,2,2024-01-08
2024-01-08 18:00:00,"414,51068115234375","910,859985",1,2,2024-01-08
2024-01-08 19:00:00,"340,2786865234375","851,859985",1,2,2024-01-08
2024-01-08 20:00:00,"324,96136474609375","766,97998",1,2,2024-01-08
2024-01-08 21:00:00,"326,3546142578125","745,719971",1,2,2024-01-08
2024-01-08 22:00:00,"276,9433898925781","682,400024",1,2,2024-01-08
2024-01-08 23:00:00,"258,24871826171875","657,710022",1,2,2024-01-08
2024-01-09 00:00:00,"196,5788116455078","649,359985",1,2,2024-01-09
2024-01-09 01:00:00,"217,0953826904297","634,140015",1,2,2024-01-09
2024-01-09 02:00:00,"221,32675170898438","627,719971",1,2,2024-01-09
2024-01-09 03:00:00,"193,40704345703125","639,51001",1,2,2024-01-09
2024-01-09 04:00:00,"246,29306030273438","666,070007",1,2,2024-01-09
2024-01-09 05:00:00,"347,3125","809,530029",1,2,2024-01-09
2024-01-09 06:00:00,"372,8706359863281","925,539978",1,2,2024-01-09
2024-01-09 07:00:00,"399,069580078125","994,030029",1,2,2024-01-09
2024-01-09 08:00:00,"400,48834228515625","902,039978",1,2,2024-01-09
2024-01-09 09:00:00,"401,9625244140625","844,450012",1,2,2024-01-09
2024-01-09 10:00:00,"399,5660705566406","789,169983",1,2,2024-01-09
2024-01-09 11:00:00,"400,4029235839844","747,690002",1,2,2024-01-09
2024-01-09 12:00:00,"398,9854431152344","752,159973",1,2,2024-01-09
2024-01-09 13:00:00,"408,65447998046875","827,289978",1,2,2024-01-09
2024-01-09 14:00:00,"467,9100341796875","890,780029",1,2,2024-01-09
2024-01-09 15:00:00,"554,7742309570312","953,820007",1,2,2024-01-09
2024-01-09 16:00:00,"574,5839233398438","1028,349976",1,2,2024-01-09
2024-01-09 17:00:00,"545,9269409179688","1028,050049",1,2,2024-01-09
2024-01-09 18:00:00,"524,7059936523438","973,070007",1,2,2024-01-09
2024-01-09 19:00:00,"476,2615051269531","897,039978",1,2,2024-01-09
2024-01-09 20:00:00,"431,2339782714844","833,179993",1,2,2024-01-09
2024-01-09 21:00:00,"409,17730712890625","792,150024",1,2,2024-01-09
2024-01-09 22:00:00,"314,644287109375","724,340027",1,2,2024-01-09
2024-01-09 23:00:00,"292,92205810546875","665,900024",1,2,2024-01-09
2024-01-10 00:00:00,"284,8258972167969","647,039978",1,2,2024-01-10
2024-01-10 01:00:00,"290,922607421875","646,809998",1,2,2024-01-10
2024-01-10 02:00:00,"272,9012451171875","642,039978",1,2,2024-01-10
2024-01-10 03:00:00,"259,4486083984375","643,599976",1,2,2024-01-10
2024-01-10 04:00:00,"290,84552001953125","664,109985",1,2,2024-01-10
2024-01-10 05:00:00,"329,4365539550781","812,0",1,2,2024-01-10
2024-01-10 06:00:00,"427,5745544433594","941,840027",1,2,2024-01-10
2024-01-10 07:00:00,"510,5144958496094","1053,630005",1,2,2024-01-10
2024-01-10 08:00:00,"514,4796142578125","972,419983",1,2,2024-01-10
2024-01-10 09:00:00,"502,6636962890625","884,190002",1,2,2024-01-10
2024-01-10 10:00:00,"490,7147216796875","813,869995",1,2,2024-01-10
2024-01-10 11:00:00,"486,92608642578125","762,26001",1,2,2024-01-10
2024-01-10 12:00:00,"490,6536865234375","787,609985",1,2,2024-01-10
2024-01-10 13:00:00,"507,9651794433594","842,059998",1,2,2024-01-10
2024-01-10 14:00:00,"557,7770385742188","923,27002",1,2,2024-01-10
2024-01-10 15:00:00,"580,0653076171875","1004,109985",1,2,2024-01-10
2024-01-10 16:00:00,"615,8444213867188","1072,349976",1,2,2024-01-10
2024-01-10 17:00:00,"616,6432495117188","1044,089966",1,2,2024-01-10
2024-01-10 18:00:00,"561,8994140625","985,539978",1,2,2024-01-10
2024-01-10 19:00:00,"512,1976318359375","894,929993",1,2,2024-01-10
2024-01-10 20:00:00,"421,27337646484375","818,559998",1,2,2024-01-10
2024-01-10 21:00:00,"373,6852722167969","779,26001",1,2,2024-01-10
2024-01-10 22:00:00,"298,0830993652344","677,909973",1,2,2024-01-10
2024-01-10 23:00:00,"303,3167419433594","684,27002",1,2,2024-01-10
2024-01-11 00:00:00,"246,6333465576172","660,700012",1,2,2024-01-11
2024-01-11 01:00:00,"217,66795349121094","650,710022",1,2,2024-01-11
2024-01-11 02:00:00,"184,68359375","614,390015",1,2,2024-01-11
2024-01-11 03:00:00,"172,554931640625","611,179993",1,2,2024-01-11
2024-01-11 04:00:00,"250,3601837158203","666,440002",1,2,2024-01-11
2024-01-11 05:00:00,"313,3368835449219","761,22998",1,2,2024-01-11
2024-01-11 06:00:00,"410,58099365234375","871,530029",1,2,2024-01-11
2024-01-11 07:00:00,"450,11016845703125","1051,569946",1,2,2024-01-11
2024-01-11 08:00:00,"428,96466064453125","963,27002",1,2,2024-01-11
2024-01-11 09:00:00,"421,8297424316406","847,590027",1,2,2024-01-11
2024-01-11 10:00:00,"365,2118835449219","794,119995",1,2,2024-01-11
2024-01-11 11:00:00,"369,90570068359375","741,169983",1,2,2024-01-11
2024-01-11 12:00:00,"322,68115234375","738,340027",1,2,2024-01-11
2024-01-11 13:00:00,"398,4979248046875","790,390015",1,2,2024-01-11
2024-01-11 14:00:00,"394,234375","879,73999",1,2,2024-01-11
2024-01-11 15:00:00,"438,74945068359375","1024,349976",1,2,2024-01-11
2024-01-11 16:00:00,"557,138427734375","1119,359985",1,2,2024-01-11
2024-01-11 17:00:00,"596,5911254882812","1019,429993",1,2,2024-01-11
2024-01-11 18:00:00,"530,0977172851562","986,76001",1,2,2024-01-11
2024-01-11 19:00:00,"425,1402893066406","879,140015",1,2,2024-01-11
2024-01-11 20:00:00,"399,4620666503906","799,419983",1,2,2024-01-11
2024-01-11 21:00:00,"371,2782287597656","745,789978",1,2,2024-01-11
2024-01-11 22:00:00,"279,9178771972656","725,059998",1,2,2024-01-11
2024-01-11 23:00:00,"275,4453430175781","678,890015",1,2,2024-01-11
2024-01-12 00:00:00,"261,6518249511719","657,859985",1,2,2024-01-12
2024-01-12 01:00:00,"237,10104370117188","635,48999",1,2,2024-01-12
2024-01-12 02:00:00,"233,15298461914062","631,090027",1,2,2024-01-12
2024-01-12 03:00:00,"231,3181915283203","628,929993",1,2,2024-01-12
2024-01-12 04:00:00,"244,85691833496094","628,190002",1,2,2024-01-12
2024-01-12 05:00:00,"289,41571044921875","665,469971",1,2,2024-01-12
2024-01-12 06:00:00,"407,7925720214844","881,130005",1,2,2024-01-12
2024-01-12 07:00:00,"515,9530029296875","1049,51001",1,2,2024-01-12
2024-01-12 08:00:00,"565,5003662109375","1006,409973",1,2,2024-01-12
2024-01-12 09:00:00,"577,683837890625","909,840027",1,2,2024-01-12
2024-01-12 10:00:00,"531,564697265625","855,549988",1,2,2024-01-12
2024-01-12 11:00:00,"524,2010498046875","797,76001",1,2,2024-01-12
2024-01-12 12:00:00,"502,92535400390625","768,679993",1,2,2024-01-12
2024-01-12 13:00:00,"546,5358276367188","779,559998",1,2,2024-01-12
2024-01-12 14:00:00,"549,5211181640625","820,280029",1,2,2024-01-12
2024-01-12 15:00:00,"527,7157592773438","894,849976",1,2,2024-01-12
2024-01-12 16:00:00,"497,54779052734375","950,780029",1,2,2024-01-12
2024-01-12 17:00:00,"510,40008544921875","939,590027",1,2,2024-01-12
2024-01-12 18:00:00,"445,3296813964844","890,900024",1,2,2024-01-12
2024-01-12 19:00:00,"415,3575744628906","798,880005",1,2,2024-01-12
2024-01-12 20:00:00,"372,99456787109375","683,820007",1,2,2024-01-12
2024-01-12 21:00:00,"394,7497863769531","634,0",1,2,2024-01-12
2024-01-12 22:00:00,"317,9124755859375","615,140015",1,2,2024-01-12
2024-01-12 23:00:00,"270,74774169921875","544,869995",1,2,2024-01-12
2024-01-13 00:00:00,"248,0043487548828","558,140015",1,2,2024-01-13
2024-01-13 01:00:00,"237,0313262939453","549,200012",1,2,2024-01-13
2024-01-13 02:00:00,"234,8686981201172","532,190002",1,2,2024-01-13
2024-01-13 03:00:00,"237,456298828125","538,679993",1,2,2024-01-13
2024-01-13 04:00:00,"240,5584259033203","512,51001",1,2,2024-01-13
2024-01-13 05:00:00,"247,10220336914062","486,040009",1,2,2024-01-13
2024-01-13 06:00:00,"318,35986328125","510,869995",1,2,2024-01-13
2024-01-13 07:00:00,"349,6701354980469","500,799988",1,2,2024-01-13
2024-01-13 08:00:00,"409,8688659667969","546,659973",1,2,2024-01-13
2024-01-13 09:00:00,"406,9516296386719","537,039978",1,2,2024-01-13
2024-01-13 10:00:00,"420,1972351074219","529,289978",1,2,2024-01-13
2024-01-13 11:00:00,"409,3896179199219","521,609985",1,2,2024-01-13
2024-01-13 12:00:00,"413,8492736816406","474,779999",1,2,2024-01-13
2024-01-13 13:00:00,"446,5845947265625","506,390015",1,2,2024-01-13
2024-01-13 14:00:00,"489,9109191894531","511,609985",1,2,2024-01-13
2024-01-13 15:00:00,"563,152587890625","527,789978",1,2,2024-01-13
2024-01-13 16:00:00,"613,0624389648438","553,450012",1,2,2024-01-13
2024-01-13 17:00:00,"608,5870361328125","565,299988",1,2,2024-01-13
2024-01-13 18:00:00,"566,6499633789062","550,460022",1,2,2024-01-13
2024-01-13 19:00:00,"505,8077697753906","544,799988",1,2,2024-01-13
2024-01-13 20:00:00,"458,3381652832031","528,909973",1,2,2024-01-13
2024-01-13 21:00:00,"394,74188232421875","479,470001",1,2,2024-01-13
2024-01-13 22:00:00,"368,24713134765625","470,970001",1,2,2024-01-13
2024-01-13 23:00:00,"359,9558410644531","477,420013",1,2,2024-01-13
2024-01-14 00:00:00,"267,9299621582031","463,179993",1,2,2024-01-14
2024-01-14 01:00:00,"271,56402587890625","469,290009",1,2,2024-01-14
2024-01-14 02:00:00,"245,6043701171875","477,350006",1,2,2024-01-14
2024-01-14 03:00:00,"211,07797241210938","482,269989",1,2,2024-01-14
2024-01-14 04:00:00,"204,7718963623047","486,220001",1,2,2024-01-14
2024-01-14 05:00:00,"260,0258483886719","501,950012",1,2,2024-01-14
2024-01-14 06:00:00,"248,87020874023438","534,390015",1,2,2024-01-14
2024-01-14 07:00:00,"338,30780029296875","572,280029",1,2,2024-01-14
2024-01-14 08:00:00,"373,6844787597656","605,090027",1,2,2024-01-14
2024-01-14 09:00:00,"376,0774230957031","601,289978",1,2,2024-01-14
2024-01-14 10:00:00,"373,5306701660156","610,309998",1,2,2024-01-14
2024-01-14 11:00:00,"372,4144592285156","599,5",1,2,2024-01-14
2024-01-14 12:00:00,"316,7310791015625","574,52002",1,2,2024-01-14
2024-01-14 13:00:00,"298,17193603515625","590,25",1,2,2024-01-14
2024-01-14 14:00:00,"407,138671875","613,890015",1,2,2024-01-14
2024-01-14 15:00:00,"377,35260009765625","645,960022",1,2,2024-01-14
2024-01-14 16:00:00,"384,3272705078125","685,030029",1,2,2024-01-14
2024-01-14 17:00:00,"378,34051513671875","705,76001",1,2,2024-01-14
2024-01-14 18:00:00,"301,3156433105469","635,809998",1,2,2024-01-14
2024-01-14 19:00:00,"324,5540771484375","589,580017",1,2,2024-01-14
2024-01-14 20:00:00,"296,4942626953125","586,150024",1,2,2024-01-14
2024-01-14 21:00:00,"303,3214111328125","562,210022",1,2,2024-01-14
2024-01-14 22:00:00,"259,015869140625","501,059998",1,2,2024-01-14
2024-01-14 23:00:00,"260,12347412109375","506,350006",1,2,2024-01-14
2024-01-15 00:00:00,"237,80735778808594","484,730011",1,3,2024-01-15
2024-01-15 01:00:00,"229,1562957763672","476,820007",1,3,2024-01-15
2024-01-15 02:00:00,"191,72360229492188","462,649994",1,3,2024-01-15
2024-01-15 03:00:00,"196,88124084472656","462,649994",1,3,2024-01-15
2024-01-15 04:00:00,"239,10482788085938","516,419983",1,3,2024-01-15
2024-01-15 05:00:00,"259,39013671875","596,219971",1,3,2024-01-15
2024-01-15 06:00:00,"333,12872314453125","625,22998",1,3,2024-01-15
2024-01-15 07:00:00,"366,3727111816406","740,52002",1,3,2024-01-15
2024-01-15 08:00:00,"360,5589904785156","747,900024",1,3,2024-01-15
2024-01-15 09:00:00,"412,5728759765625","707,549988",1,3,2024-01-15
2024-01-15 10:00:00,"360,5454406738281","673,099976",1,3,2024-01-15
2024-01-15 11:00:00,"308,52154541015625","625,369995",1,3,2024-01-15
2024-01-15 12:00:00,"321,3123779296875","612,619995",1,3,2024-01-15
2024-01-15 13:00:00,"407,9659729003906","630,150024",1,3,2024-01-15
2024-01-15 14:00:00,"379,2290954589844","666,98999",1,3,2024-01-15
2024-01-15 15:00:00,"474,7963562011719","745,140015",1,3,2024-01-15
2024-01-15 16:00:00,"525,9718627929688","813,450012",1,3,2024-01-15
2024-01-15 17:00:00,"535,5474243164062","861,849976",1,3,2024-01-15
2024-01-15 18:00:00,"490,43292236328125","825,22998",1,3,2024-01-15
2024-01-15 19:00:00,"445,26971435546875","769,22998",1,3,2024-01-15
2024-01-15 20:00:00,"394,69854736328125","693,159973",1,3,2024-01-15
2024-01-15 21:00:00,"413,9792785644531","667,359985",1,3,2024-01-15
2024-01-15 22:00:00,"342,15545654296875","644,539978",1,3,2024-01-15
2024-01-15 23:00:00,"353,96728515625","607,469971",1,3,2024-01-15
2024-01-16 00:00:00,"314,8873291015625","607,099976",1,3,2024-01-16
2024-01-16 01:00:00,"345,0108337402344","597,179993",1,3,2024-01-16
2024-01-16 02:00:00,"288,2253112792969","583,679993",1,3,2024-01-16
2024-01-16 03:00:00,"297,716796875","578,679993",1,3,2024-01-16
2024-01-16 04:00:00,"324,3931579589844","622,390015",1,3,2024-01-16
2024-01-16 05:00:00,"420,9222412109375","701,590027",1,3,2024-01-16
2024-01-16 06:00:00,"476,36566162109375","855,97998",1,3,2024-01-16
2024-01-16 07:00:00,"519,0491333007812","1119,849976",1,3,2024-01-16
2024-01-16 08:00:00,"492,718505859375","1121,119995",1,3,2024-01-16
2024-01-16 09:00:00,"487,2978820800781","1039,670044",1,3,2024-01-16
2024-01-16 10:00:00,"469,7756042480469","871,940002",1,3,2024-01-16
2024-01-16 11:00:00,"468,3675231933594","771,400024",1,3,2024-01-16
2024-01-16 12:00:00,"479,28436279296875","708,380005",1,3,2024-01-16
2024-01-16 13:00:00,"499,34967041015625","715,98999",1,3,2024-01-16
2024-01-16 14:00:00,"545,8323364257812","822,27002",1,3,2024-01-16
2024-01-16 15:00:00,"648,82666015625","830,77002",1,3,2024-01-16
2024-01-16 16:00:00,"670,7730102539062","955,77002",1,3,2024-01-16
2024-01-16 17:00:00,"657,333740234375","949,5",1,3,2024-01-16
2024-01-16 18:00:00,"608,469970703125","833,599976",1,3,2024-01-16
2024-01-16 19:00:00,"558,1397094726562","712,179993",1,3,2024-01-16
2024-01-16 20:00:00,"501,7542724609375","642,969971",1,3,2024-01-16
2024-01-16 21:00:00,"470,93310546875","611,869995",1,3,2024-01-16
2024-01-16 22:00:00,"392,27655029296875","579,429993",1,3,2024-01-16
2024-01-16 23:00:00,"362,89239501953125","506,070007",1,3,2024-01-16
2024-01-17 00:00:00,"374,080810546875","502,269989",1,3,2024-01-17
2024-01-17 01:00:00,"358,1472473144531","495,779999",1,3,2024-01-17
2024-01-17 02:00:00,"351,02728271484375","489,220001",1,3,2024-01-17
2024-01-17 03:00:00,"358,49237060546875","487,429993",1,3,2024-01-17
2024-01-17 04:00:00,"390,45220947265625","487,209991",1,3,2024-01-17
2024-01-17 05:00:00,"437,73614501953125","499,209991",1,3,2024-01-17
2024-01-17 06:00:00,"545,6548461914062","591,23999",1,3,2024-01-17
2024-01-17 07:00:00,"662,028564453125","715,929993",1,3,2024-01-17
2024-01-17 08:00:00,"667,157958984375","767,159973",1,3,2024-01-17
2024-01-17 09:00:00,"618,73583984375","797,289978",1,3,2024-01-17
2024-01-17 10:00:00,"584,5118408203125","802,890015",1,3,2024-01-17
2024-01-17 11:00:00,"565,1099243164062","877,840027",1,3,2024-01-17
2024-01-17 12:00:00,"563,3819580078125","907,590027",1,3,2024-01-17
2024-01-17 13:00:00,"606,3407592773438","907,890015",1,3,2024-01-17
2024-01-17 14:00:00,"665,7024536132812","935,630005",1,3,2024-01-17
2024-01-17 15:00:00,"712,479736328125","958,75",1,3,2024-01-17
2024-01-17 16:00:00,"765,4615478515625","1047,939941",1,3,2024-01-17
2024-01-17 17:00:00,"735,4845581054688","921,690002",1,3,2024-01-17
2024-01-17 18:00:00,"688,0091552734375","852,26001",1,3,2024-01-17
2024-01-17 19:00:00,"613,3892822265625","818,849976",1,3,2024-01-17
2024-01-17 20:00:00,"518,014404296875","753,890015",1,3,2024-01-17
2024-01-17 21:00:00,"472,1692199707031","703,099976",1,3,2024-01-17
2024-01-17 22:00:00,"388,2203369140625","627,710022",1,3,2024-01-17
2024-01-17 23:00:00,"401,9302978515625","606,580017",1,3,2024-01-17
2024-01-18 00:00:00,"353,2046203613281","575,780029",1,3,2024-01-18
2024-01-18 01:00:00,"334,75054931640625","561,530029",1,3,2024-01-18
2024-01-18 02:00:00,"288,58282470703125","558,700012",1,3,2024-01-18
2024-01-18 03:00:00,"319,7148742675781","578,539978",1,3,2024-01-18
2024-01-18 04:00:00,"367,01495361328125","604,119995",1,3,2024-01-18
2024-01-18 05:00:00,"451,90850830078125","680,570007",1,3,2024-01-18
2024-01-18 06:00:00,"561,5980834960938","831,969971",1,3,2024-01-18
2024-01-18 07:00:00,"669,9415893554688","938,919983",1,3,2024-01-18
2024-01-18 08:00:00,"656,2701416015625","911,179993",1,3,2024-01-18
2024-01-18 09:00:00,"584,0984497070312","827,119995",1,3,2024-01-18
2024-01-18 10:00:00,"532,8533325195312","805,119995",1,3,2024-01-18
2024-01-18 11:00:00,"491,56427001953125","697,719971",1,3,2024-01-18
2024-01-18 12:00:00,"499,142578125","653,48999",1,3,2024-01-18
2024-01-18 13:00:00,"548,5425415039062","644,619995",1,3,2024-01-18
2024-01-18 14:00:00,"621,3079833984375","702,940002",1,3,2024-01-18
2024-01-18 15:00:00,"714,7445678710938","742,25",1,3,2024-01-18
2024-01-18 16:00:00,"820,46923828125","780,72998",1,3,2024-01-18
2024-01-18 17:00:00,"795,9449462890625","770,140015",1,3,2024-01-18
2024-01-18 18:00:00,"718,6442260742188","705,030029",1,3,2024-01-18
2024-01-18 19:00:00,"612,370361328125","648,650024",1,3,2024-01-18
2024-01-18 20:00:00,"562,9938354492188","605,090027",1,3,2024-01-18
2024-01-18 21:00:00,"543,0181274414062","577,48999",1,3,2024-01-18
2024-01-18 22:00:00,"481,82403564453125","532,0",1,3,2024-01-18
2024-01-18 23:00:00,"454,14886474609375","510,089996",1,3,2024-01-18
2024-01-19 00:00:00,"438,06085205078125","487,269989",1,3,2024-01-19
2024-01-19 01:00:00,"425,99822998046875","477,649994",1,3,2024-01-19
2024-01-19 02:00:00,"411,6424865722656","468,029999",1,3,2024-01-19
2024-01-19 03:00:00,"415,90655517578125","472,209991",1,3,2024-01-19
2024-01-19 04:00:00,"427,9615783691406","491,079987",1,3,2024-01-19
2024-01-19 05:00:00,"458,4123229980469","564,830017",1,3,2024-01-19
2024-01-19 06:00:00,"546,1480712890625","639,330017",1,3,2024-01-19
2024-01-19 07:00:00,"626,5797119140625","776,030029",1,3,2024-01-19
2024-01-19 08:00:00,"614,9421997070312","767,0",1,3,2024-01-19
2024-01-19 09:00:00,"592,0679931640625","709,580017",1,3,2024-01-19
2024-01-19 10:00:00,"568,635009765625","644,030029",1,3,2024-01-19
2024-01-19 11:00:00,"515,2062377929688","572,960022",1,3,2024-01-19
2024-01-19 12:00:00,"506,3134765625","547,01001",1,3,2024-01-19
2024-01-19 13:00:00,"538,2763671875","560,880005",1,3,2024-01-19
2024-01-19 14:00:00,"587,618896484375","577,580017",1,3,2024-01-19
2024-01-19 15:00:00,"642,9149169921875","631,570007",1,3,2024-01-19
2024-01-19 16:00:00,"747,3220825195312","698,02002",1,3,2024-01-19
2024-01-19 17:00:00,"755,3428344726562","656,630005",1,3,2024-01-19
2024-01-19 18:00:00,"645,4530029296875","576,98999",1,3,2024-01-19
2024-01-19 19:00:00,"591,1240844726562","551,849976",1,3,2024-01-19
2024-01-19 20:00:00,"507,58709716796875","530,380005",1,3,2024-01-19
2024-01-19 21:00:00,"508,7793884277344","511,880005",1,3,2024-01-19
2024-01-19 22:00:00,"472,5703430175781","482,869995",1,3,2024-01-19
2024-01-19 23:00:00,"432,4971618652344","492,200012",1,3,2024-01-19
2024-01-20 00:00:00,"411,3277893066406","473,179993",1,3,2024-01-20
2024-01-20 01:00:00,"414,3858337402344","473,850006",1,3,2024-01-20
2024-01-20 02:00:00,"390,44403076171875","461,019989",1,3,2024-01-20
2024-01-20 03:00:00,"392,1997375488281","461,25",1,3,2024-01-20
2024-01-20 04:00:00,"392,6564025878906","460,5",1,3,2024-01-20
2024-01-20 05:00:00,"401,8028259277344","466,769989",1,3,2024-01-20
2024-01-20 06:00:00,"452,43914794921875","498,910004",1,3,2024-01-20
2024-01-20 07:00:00,"493,0555725097656","557,969971",1,3,2024-01-20
2024-01-20 08:00:00,"504,59576416015625","580,940002",1,3,2024-01-20
2024-01-20 09:00:00,"507,1673889160156","535,450012",1,3,2024-01-20
2024-01-20 10:00:00,"502,3934631347656","527,77002",1,3,2024-01-20
2024-01-20 11:00:00,"496,33087158203125","505,100006",1,3,2024-01-20
2024-01-20 12:00:00,"474,52520751953125","512,929993",1,3,2024-01-20
2024-01-20 13:00:00,"523,1610107421875","547,309998",1,3,2024-01-20
2024-01-20 14:00:00,"567,9991455078125","589,960022",1,3,2024-01-20
2024-01-20 15:00:00,"609,10693359375","654,77002",1,3,2024-01-20
2024-01-20 16:00:00,"657,7763671875","707,940002",1,3,2024-01-20
2024-01-20 17:00:00,"639,37939453125","744,780029",1,3,2024-01-20
2024-01-20 18:00:00,"594,6293334960938","682,880005",1,3,2024-01-20
2024-01-20 19:00:00,"561,4332885742188","596,599976",1,3,2024-01-20
2024-01-20 20:00:00,"527,477294921875","547,309998",1,3,2024-01-20
2024-01-20 21:00:00,"490,8744201660156","525,159973",1,3,2024-01-20
2024-01-20 22:00:00,"461,3112487792969","499,579987",1,3,2024-01-20
2024-01-20 23:00:00,"464,4563293457031","445,26001",1,3,2024-01-20
2024-01-21 00:00:00,"400,2401123046875","429,230011",1,3,2024-01-21
2024-01-21 01:00:00,"396,1089782714844","411,329987",1,3,2024-01-21
2024-01-21 02:00:00,"381,51544189453125","379,549988",1,3,2024-01-21
2024-01-21 03:00:00,"380,85009765625","361,799988",1,3,2024-01-21
2024-01-21 04:00:00,"391,12408447265625","353,899994",1,3,2024-01-21
2024-01-21 05:00:00,"393,5512390136719","339,579987",1,3,2024-01-21
2024-01-21 06:00:00,"415,9795837402344","327,869995",1,3,2024-01-21
2024-01-21 07:00:00,"428,6998596191406","383,059998",1,3,2024-01-21
2024-01-21 08:00:00,"460,6002502441406","405,429993",1,3,2024-01-21
2024-01-21 09:00:00,"460,4054870605469","343,529999",1,3,2024-01-21
2024-01-21 10:00:00,"456,5934143066406","363,0",1,3,2024-01-21
2024-01-21 11:00:00,"450,09796142578125","287,0",1,3,2024-01-21
2024-01-21 12:00:00,"415,9200134277344","281,100006",1,3,2024-01-21
2024-01-21 13:00:00,"443,4991455078125","330,399994",1,3,2024-01-21
2024-01-21 14:00:00,"467,00262451171875","365,76001",1,3,2024-01-21
2024-01-21 15:00:00,"516,6500244140625","371,649994",1,3,2024-01-21
2024-01-21 16:00:00,"568,689208984375","422,51001",1,3,2024-01-21
2024-01-21 17:00:00,"583,6951293945312","458,309998",1,3,2024-01-21
2024-01-21 18:00:00,"508,70721435546875","437,359985",1,3,2024-01-21
2024-01-21 19:00:00,"479,25274658203125","384,100006",1,3,2024-01-21
2024-01-21 20:00:00,"433,879638671875","391,26001",1,3,2024-01-21
2024-01-21 21:00:00,"427,74822998046875","375,829987",1,3,2024-01-21
2024-01-21 22:00:00,"390,510009765625","294,309998",1,3,2024-01-21
2024-01-21 23:00:00,"404,8891906738281","273,420013",1,3,2024-01-21
2024-01-22 00:00:00,"397,656494140625","165,869995",1,4,2024-01-22
2024-01-22 01:00:00,"392,7051696777344","138,869995",1,4,2024-01-22
2024-01-22 02:00:00,"361,988037109375","37,59",1,4,2024-01-22
2024-01-22 03:00:00,"361,2538757324219","37,740002",1,4,2024-01-22
2024-01-22 04:00:00,"390,2637634277344","149,169998",1,4,2024-01-22
2024-01-22 05:00:00,"430,8348083496094","302,059998",1,4,2024-01-22
2024-01-22 06:00:00,"481,501220703125","451,01001",1,4,2024-01-22
2024-01-22 07:00:00,"537,6651000976562","495,829987",1,4,2024-01-22
2024-01-22 08:00:00,"562,395263671875","429,450012",1,4,2024-01-22
2024-01-22 09:00:00,"539,1207885742188","459,059998",1,4,2024-01-22
2024-01-22 10:00:00,"500,1704406738281","451,970001",1,4,2024-01-22
2024-01-22 11:00:00,"491,1307373046875","424,529999",1,4,2024-01-22
2024-01-22 12:00:00,"466,0242004394531","423,040009",1,4,2024-01-22
2024-01-22 13:00:00,"482,6626892089844","434,299988",1,4,2024-01-22
2024-01-22 14:00:00,"492,09814453125","445,48999",1,4,2024-01-22
2024-01-22 15:00:00,"656,4386596679688","447,429993",1,4,2024-01-22
2024-01-22 16:00:00,"717,4085693359375","461,299988",1,4,2024-01-22
2024-01-22 17:00:00,"731,0337524414062","455,179993",1,4,2024-01-22
2024-01-22 18:00:00,"691,8451538085938","447,720001",1,4,2024-01-22
2024-01-22 19:00:00,"654,2386474609375","444,519989",1,4,2024-01-22
2024-01-22 20:00:00,"588,7376098632812","425,119995",1,4,2024-01-22
2024-01-22 21:00:00,"563,5728149414062","416,850006",1,4,2024-01-22
2024-01-22 22:00:00,"510,0059509277344","372,019989",1,4,2024-01-22
2024-01-22 23:00:00,"477,39306640625","121,040001",1,4,2024-01-22
2024-01-23 00:00:00,"463,3676452636719","75,330002",1,4,2024-01-23
2024-01-23 01:00:00,"461,3560485839844","69,879997",1,4,2024-01-23
2024-01-23 02:00:00,"441,93377685546875","31,1",1,4,2024-01-23
2024-01-23 03:00:00,"430,7970275878906","76,220001",1,4,2024-01-23
2024-01-23 04:00:00,"459,8791809082031","292,579987",1,4,2024-01-23
2024-01-23 05:00:00,"590,2816162109375","439,940002",1,4,2024-01-23
2024-01-23 06:00:00,"726,9170532226562","454,410004",1,4,2024-01-23
2024-01-23 07:00:00,"854,2578125","461,649994",1,4,2024-01-23
2024-01-23 08:00:00,"792,94189453125","455,76001",1,4,2024-01-23
2024-01-23 09:00:00,"780,32177734375","447,25",1,4,2024-01-23
2024-01-23 10:00:00,"749,9551391601562","443,299988",1,4,2024-01-23
2024-01-23 11:00:00,"715,6296997070312","441,059998",1,4,2024-01-23
2024-01-23 12:00:00,"696,3186645507812","443,230011",1,4,2024-01-23
2024-01-23 13:00:00,"713,7573852539062","461,649994",1,4,2024-01-23
2024-01-23 14:00:00,"766,423583984375","468,059998",1,4,2024-01-23
2024-01-23 15:00:00,"814,1504516601562","494,390015",1,4,2024-01-23
2024-01-23 16:00:00,"858,1452026367188","510,570007",1,4,2024-01-23
2024-01-23 17:00:00,"827,23779296875","498,040009",1,4,2024-01-23
2024-01-23 18:00:00,"737,5704956054688","472,390015",1,4,2024-01-23
2024-01-23 19:00:00,"668,66650390625","450,910004",1,4,2024-01-23
2024-01-23 20:00:00,"593,245849609375","400,790009",1,4,2024-01-23
2024-01-23 21:00:00,"543,9348754882812","338,290009",1,4,2024-01-23
2024-01-23 22:00:00,"465,4716796875","248,050003",1,4,2024-01-23
2024-01-23 23:00:00,"404,3970642089844","22,74",1,4,2024-01-23
2024-01-24 00:00:00,"409,1258850097656","-0,22",1,4,2024-01-24
2024-01-24 01:00:00,"413,6007995605469","0,0",1,4,2024-01-24
2024-01-24 02:00:00,"398,24151611328125","-0,07",1,4,2024-01-24
2024-01-24 03:00:00,"398,58734130859375","-0,15",1,4,2024-01-24
2024-01-24 04:00:00,"410,0511779785156","-1,34",1,4,2024-01-24
2024-01-24 05:00:00,"472,74432373046875","110,07",1,4,2024-01-24
2024-01-24 06:00:00,"596,2246704101562","313,869995",1,4,2024-01-24
2024-01-24 07:00:00,"727,4298095703125","373,380005",1,4,2024-01-24
2024-01-24 08:00:00,"732,6807861328125","369,429993",1,4,2024-01-24
2024-01-24 09:00:00,"693,2698974609375","373,600006",1,4,2024-01-24
2024-01-24 10:00:00,"673,627685546875","378,670013",1,4,2024-01-24
2024-01-24 11:00:00,"661,5108032226562","293,209991",1,4,2024-01-24
2024-01-24 12:00:00,"681,1314697265625","271,73999",1,4,2024-01-24
2024-01-24 13:00:00,"721,6063232421875","335,869995",1,4,2024-01-24
2024-01-24 14:00:00,"757,613037109375","372,480011",1,4,2024-01-24
2024-01-24 15:00:00,"839,6242065429688","378,820007",1,4,2024-01-24
2024-01-24 16:00:00,"910,3057250976562","404,25",1,4,2024-01-24
2024-01-24 17:00:00,"867,672119140625","397,609985",1,4,2024-01-24
2024-01-24 18:00:00,"816,040771484375","373,529999",1,4,2024-01-24
2024-01-24 19:00:00,"736,3576049804688","314,540009",1,4,2024-01-24
2024-01-24 20:00:00,"696,38232421875","298,579987",1,4,2024-01-24
2024-01-24 21:00:00,"647,4710083007812","313,269989",1,4,2024-01-24
2024-01-24 22:00:00,"595,513671875","287,320007",1,4,2024-01-24
2024-01-24 23:00:00,"550,523193359375","330,630005",1,4,2024-01-24
2024-01-25 00:00:00,"492,8075866699219","335,98999",1,4,2024-01-25
2024-01-25 01:00:00,"459,2103271484375","323,170013",1,4,2024-01-25
2024-01-25 02:00:00,"414,3768310546875","334,950012",1,4,2024-01-25
2024-01-25 03:00:00,"416,0739440917969","344,640015",1,4,2024-01-25
2024-01-25 04:00:00,"487,5362243652344","390,579987",1,4,2024-01-25
2024-01-25 05:00:00,"597,4581298828125","432,709991",1,4,2024-01-25
2024-01-25 06:00:00,"734,5934448242188","492,51001",1,4,2024-01-25
2024-01-25 07:00:00,"861,3511352539062","663,789978",1,4,2024-01-25
2024-01-25 08:00:00,"841,9609375","635,679993",1,4,2024-01-25
2024-01-25 09:00:00,"752,21923828125","606,599976",1,4,2024-01-25
2024-01-25 10:00:00,"729,4688110351562","568,340027",1,4,2024-01-25
2024-01-25 11:00:00,"675,6356811523438","545,450012",1,4,2024-01-25
2024-01-25 12:00:00,"670,1567993164062","566,630005",1,4,2024-01-25
2024-01-25 13:00:00,"696,43798828125","633,659973",1,4,2024-01-25
2024-01-25 14:00:00,"780,857421875","686,530029",1,4,2024-01-25
2024-01-25 15:00:00,"866,3702392578125","755,950012",1,4,2024-01-25
2024-01-25 16:00:00,"979,5238647460938","920,0",1,4,2024-01-25
2024-01-25 17:00:00,"952,61376953125","861,539978",1,4,2024-01-25
2024-01-25 18:00:00,"873,83056640625","736,640015",1,4,2024-01-25
2024-01-25 19:00:00,"764,5575561523438","679,070007",1,4,2024-01-25
2024-01-25 20:00:00,"719,0089721679688","643,580017",1,4,2024-01-25
2024-01-25 21:00:00,"687,895751953125","599,73999",1,4,2024-01-25
2024-01-25 22:00:00,"645,594970703125","560,440002",1,4,2024-01-25
2024-01-25 23:00:00,"617,5423583984375","468,200012",1,4,2024-01-25
2024-01-26 00:00:00,"592,9559936523438","461,940002",1,4,2024-01-26
2024-01-26 01:00:00,"565,609619140625","436,070007",1,4,2024-01-26
2024-01-26 02:00:00,"544,019287109375","408,480011",1,4,2024-01-26
2024-01-26 03:00:00,"542,7459106445312","355,029999",1,4,2024-01-26
2024-01-26 04:00:00,"564,6092529296875","377,619995",1,4,2024-01-26
2024-01-26 05:00:00,"631,1832885742188","419,519989",1,4,2024-01-26
2024-01-26 06:00:00,"731,9170532226562","469,470001",1,4,2024-01-26
2024-01-26 07:00:00,"846,5845947265625","484,149994",1,4,2024-01-26
2024-01-26 08:00:00,"812,2190551757812","475,660004",1,4,2024-01-26
2024-01-26 09:00:00,"775,2315063476562","456,420013",1,4,2024-01-26
2024-01-26 10:00:00,"775,3726806640625","437,929993",1,4,2024-01-26
2024-01-26 11:00:00,"759,6055297851562","389,769989",1,4,2024-01-26
2024-01-26 12:00:00,"761,4291381835938","346,450012",1,4,2024-01-26
2024-01-26 13:00:00,"748,6542358398438","367,399994",1,4,2024-01-26
2024-01-26 14:00:00,"784,7567749023438","373,589996",1,4,2024-01-26
2024-01-26 15:00:00,"838,0684814453125","393,200012",1,4,2024-01-26
2024-01-26 16:00:00,"855,6856079101562","427,720001",1,4,2024-01-26
2024-01-26 17:00:00,"838,6165161132812","412,140015",1,4,2024-01-26
2024-01-26 18:00:00,"794,3368530273438","406,540009",1,4,2024-01-26
2024-01-26 19:00:00,"742,4492797851562","404,980011",1,4,2024-01-26
2024-01-26 20:00:00,"671,088623046875","405,200012",1,4,2024-01-26
2024-01-26 21:00:00,"633,7214965820312","405,5",1,4,2024-01-26
2024-01-26 22:00:00,"579,9078369140625","400,429993",1,4,2024-01-26
2024-01-26 23:00:00,"566,2367553710938","405,869995",1,4,2024-01-26
2024-01-27 00:00:00,"562,7911376953125","410,26001",1,4,2024-01-27
2024-01-27 01:00:00,"549,805419921875","419,059998",1,4,2024-01-27
2024-01-27 02:00:00,"529,5521240234375","410,410004",1,4,2024-01-27
2024-01-27 03:00:00,"516,0255737304688","415,559998",1,4,2024-01-27
2024-01-27 04:00:00,"518,0362548828125","423,679993",1,4,2024-01-27
2024-01-27 05:00:00,"525,7699584960938","426,73999",1,4,2024-01-27
2024-01-27 06:00:00,"550,354736328125","431,359985",1,4,2024-01-27
2024-01-27 07:00:00,"601,5299682617188","433,380005",1,4,2024-01-27
2024-01-27 08:00:00,"608,1192626953125","436,130005",1,4,2024-01-27
2024-01-27 09:00:00,"597,4720458984375","433,899994",1,4,2024-01-27
2024-01-27 10:00:00,"586,6963500976562","422,040009",1,4,2024-01-27
2024-01-27 11:00:00,"571,94140625","416,299988",1,4,2024-01-27
2024-01-27 12:00:00,"557,9864501953125","401,690002",1,4,2024-01-27
2024-01-27 13:00:00,"569,1226806640625","440,910004",1,4,2024-01-27
2024-01-27 14:00:00,"590,299072265625","432,029999",1,4,2024-01-27
2024-01-27 15:00:00,"636,0050048828125","439,339996",1,4,2024-01-27
2024-01-27 16:00:00,"689,538818359375","460,359985",1,4,2024-01-27
2024-01-27 17:00:00,"682,247802734375","457,079987",1,4,2024-01-27
2024-01-27 18:00:00,"647,8692016601562","443,070007",1,4,2024-01-27
2024-01-27 19:00:00,"615,7202758789062","433,970001",1,4,2024-01-27
2024-01-27 20:00:00,"578,6651000976562","431,290009",1,4,2024-01-27
2024-01-27 21:00:00,"544,3202514648438","430,390015",1,4,2024-01-27
2024-01-27 22:00:00,"505,2829284667969","429,5",1,4,2024-01-27
2024-01-27 23:00:00,"518,6220703125","497,75",1,4,2024-01-27
2024-01-28 00:00:00,"498,6187744140625","438,339996",1,4,2024-01-28
2024-01-28 01:00:00,"479,6458435058594","434,309998",1,4,2024-01-28
2024-01-28 02:00:00,"464,8385925292969","430,290009",1,4,2024-01-28
2024-01-28 03:00:00,"461,13531494140625","431,399994",1,4,2024-01-28
2024-01-28 04:00:00,"464,76593017578125","429,609985",1,4,2024-01-28
2024-01-28 05:00:00,"470,2262268066406","430,290009",1,4,2024-01-28
2024-01-28 06:00:00,"475,7292785644531","439,679993",1,4,2024-01-28
2024-01-28 07:00:00,"516,2493286132812","441,320007",1,4,2024-01-28
2024-01-28 08:00:00,"545,2228393554688","410,609985",1,4,2024-01-28
2024-01-28 09:00:00,"526,9528198242188","381,380005",1,4,2024-01-28
2024-01-28 10:00:00,"539,5116577148438","341,049988",1,4,2024-01-28
2024-01-28 11:00:00,"511,2774658203125","309,970001",1,4,2024-01-28
2024-01-28 12:00:00,"493,5641174316406","298,859985",1,4,2024-01-28
2024-01-28 13:00:00,"502,8199768066406","377,579987",1,4,2024-01-28
2024-01-28 14:00:00,"539,3177490234375","420,519989",1,4,2024-01-28
2024-01-28 15:00:00,"584,936279296875","431,850006",1,4,2024-01-28
2024-01-28 16:00:00,"632,318115234375","431,329987",1,4,2024-01-28
2024-01-28 17:00:00,"660,3829345703125","427,380005",1,4,2024-01-28
2024-01-28 18:00:00,"621,311767578125","422,01001",1,4,2024-01-28
2024-01-28 19:00:00,"574,0359497070312","405,089996",1,4,2024-01-28
2024-01-28 20:00:00,"545,8073120117188","400,98999",1,4,2024-01-28
2024-01-28 21:00:00,"522,74609375","400,390015",1,4,2024-01-28
2024-01-28 22:00:00,"461,56353759765625","392,790009",1,4,2024-01-28
2024-01-28 23:00:00,"474,7301940917969","363,339996",1,4,2024-01-28
2024-04-01 00:00:00,"398,092529296875","343,549988",2,1,2024-04-01
2024-04-01 01:00:00,"413,72064208984375","325,049988",2,1,2024-04-01
2024-04-01 02:00:00,"422,72406005859375","368,459991",2,1,2024-04-01
2024-04-01 03:00:00,"450,50732421875","390,459991",2,1,2024-04-01
2024-04-01 04:00:00,"507,76470947265625","437,899994",2,1,2024-04-01
2024-04-01 05:00:00,"598,001708984375","481,01001",2,1,2024-04-01
2024-04-01 06:00:00,"687,59619140625","437,899994",2,1,2024-04-01
2024-04-01 07:00:00,"681,4583129882812","454,160004",2,1,2024-04-01
2024-04-01 08:00:00,"593,429443359375","405,450012",2,1,2024-04-01
2024-04-01 09:00:00,"522,4127197265625","334,0",2,1,2024-04-01
2024-04-01 10:00:00,"471,903076171875","363,609985",2,1,2024-04-01
2024-04-01 11:00:00,"455,8416442871094","262,470001",2,1,2024-04-01
2024-04-01 12:00:00,"472,0514831542969","253,740005",2,1,2024-04-01
2024-04-01 13:00:00,"480,19921875","325,799988",2,1,2024-04-01
2024-04-01 14:00:00,"532,4876098632812","331,170013",2,1,2024-04-01
2024-04-01 15:00:00,"597,0651245117188","304,089996",2,1,2024-04-01
2024-04-01 16:00:00,"714,4671630859375","364,429993",2,1,2024-04-01
2024-04-01 17:00:00,"935,213623046875","373,529999",2,1,2024-04-01
2024-04-01 18:00:00,"939,6747436523438","381,290009",2,1,2024-04-01
2024-04-01 19:00:00,"734,3599243164062","365,399994",2,1,2024-04-01
2024-04-01 20:00:00,"587,8134155273438","305,809998",2,1,2024-04-01
2024-04-01 21:00:00,"558,0275268554688","221,0",2,1,2024-04-01
2024-04-01 22:00:00,"522,0314331054688","323,410004",2,1,2024-04-01
2024-04-01 23:00:00,"530,4596557617188","270,970001",2,1,2024-04-01
2024-04-02 00:00:00,"505,3359069824219","122,769997",2,1,2024-04-02
2024-04-02 01:00:00,"499,5706481933594","56,240002",2,1,2024-04-02
2024-04-02 02:00:00,"478,7606506347656","14,47",2,1,2024-04-02
2024-04-02 03:00:00,"473,9079895019531","54,220001",2,1,2024-04-02
2024-04-02 04:00:00,"510,419189453125","426,790009",2,1,2024-04-02
2024-04-02 05:00:00,"572,6591796875","554,630005",2,1,2024-04-02
2024-04-02 06:00:00,"684,7993774414062","514,130005",2,1,2024-04-02
2024-04-02 07:00:00,"658,8851318359375","350,410004",2,1,2024-04-02
2024-04-02 08:00:00,"551,5296020507812","285,589996",2,1,2024-04-02
2024-04-02 09:00:00,"489,54388427734375","293,130005",2,1,2024-04-02
2024-04-02 10:00:00,"441,99517822265625","298,869995",2,1,2024-04-02
2024-04-02 11:00:00,"387,53656005859375","325,420013",2,1,2024-04-02
2024-04-02 12:00:00,"404,45782470703125","248,970001",2,1,2024-04-02
2024-04-02 13:00:00,"434,2701416015625","187,210007",2,1,2024-04-02
2024-04-02 14:00:00,"512,6458740234375","65,860001",2,1,2024-04-02
2024-04-02 15:00:00,"594,53955078125","309,23999",2,1,2024-04-02
2024-04-02 16:00:00,"688,92626953125","542,25",2,1,2024-04-02
2024-04-02 17:00:00,"846,8876953125","711,48999",2,1,2024-04-02
2024-04-02 18:00:00,"856,4356689453125","707,679993",2,1,2024-04-02
2024-04-02 19:00:00,"712,8460693359375","582,75",2,1,2024-04-02
2024-04-02 20:00:00,"607,1268310546875","558,359985",2,1,2024-04-02
2024-04-02 21:00:00,"557,7958374023438","528,669983",2,1,2024-04-02
2024-04-02 22:00:00,"522,3037719726562","552,840027",2,1,2024-04-02
2024-04-02 23:00:00,"482,2494201660156","535,090027",2,1,2024-04-02
2024-04-03 00:00:00,"464,4227294921875","522,419983",2,1,2024-04-03
2024-04-03 01:00:00,"465,7846984863281","482,220001",2,1,2024-04-03
2024-04-03 02:00:00,"464,8842468261719","483,929993",2,1,2024-04-03
2024-04-03 03:00:00,"477,0555725097656","512,570007",2,1,2024-04-03
2024-04-03 04:00:00,"525,79541015625","707,820007",2,1,2024-04-03
2024-04-03 05:00:00,"619,5419921875","879,48999",2,1,2024-04-03
2024-04-03 06:00:00,"689,1393432617188","879,48999",2,1,2024-04-03
2024-04-03 07:00:00,"655,0745239257812","753,080017",2,1,2024-04-03
2024-04-03 08:00:00,"527,3473510742188","800,590027",2,1,2024-04-03
2024-04-03 09:00:00,"469,3900146484375","677,23999",2,1,2024-04-03
2024-04-03 10:00:00,"449,6180725097656","611,76001",2,1,2024-04-03
2024-04-03 11:00:00,"444,42535400390625","573,349976",2,1,2024-04-03
2024-04-03 12:00:00,"449,3585510253906","544,710022",2,1,2024-04-03
2024-04-03 13:00:00,"458,8291015625","438,290009",2,1,2024-04-03
2024-04-03 14:00:00,"498,46820068359375","454,700012",2,1,2024-04-03
2024-04-03 15:00:00,"560,6910400390625","524,359985",2,1,2024-04-03
2024-04-03 16:00:00,"671,4849853515625","633,909973",2,1,2024-04-03
2024-04-03 17:00:00,"848,3615112304688","794,919983",2,1,2024-04-03
2024-04-03 18:00:00,"801,4505615234375","739,359985",2,1,2024-04-03
2024-04-03 19:00:00,"660,4993286132812","557,169983",2,1,2024-04-03
2024-04-03 20:00:00,"574,2249755859375","458,579987",2,1,2024-04-03
2024-04-03 21:00:00,"525,9579467773438","412,640015",2,1,2024-04-03
2024-04-03 22:00:00,"484,9404602050781","406,619995",2,1,2024-04-03
2024-04-03 23:00:00,"480,4544372558594","387,899994",2,1,2024-04-03
2024-04-04 00:00:00,"456,35198974609375","374,179993",2,1,2024-04-04
2024-04-04 01:00:00,"442,64105224609375","384,619995",2,1,2024-04-04
2024-04-04 02:00:00,"431,34765625","387,380005",2,1,2024-04-04
2024-04-04 03:00:00,"438,9205017089844","403,339996",2,1,2024-04-04
2024-04-04 04:00:00,"457,8309326171875","454,200012",2,1,2024-04-04
2024-04-04 05:00:00,"502,7266540527344","488,290009",2,1,2024-04-04
2024-04-04 06:00:00,"548,305419921875","561,830017",2,1,2024-04-04
2024-04-04 07:00:00,"574,5528564453125","535,419983",2,1,2024-04-04
2024-04-04 08:00:00,"504,2937316894531","515,880005",2,1,2024-04-04
2024-04-04 09:00:00,"431,76947021484375","470,309998",2,1,2024-04-04
2024-04-04 10:00:00,"390,3113708496094","433,170013",2,1,2024-04-04
2024-04-04 11:00:00,"334,2279357910156","419,299988",2,1,2024-04-04
2024-04-04 12:00:00,"307,1826171875","413,850006",2,1,2024-04-04
2024-04-04 13:00:00,"325,4609680175781","418,929993",2,1,2024-04-04
2024-04-04 14:00:00,"354,80816650390625","425,709991",2,1,2024-04-04
2024-04-04 15:00:00,"435,34722900390625","515,210022",2,1,2024-04-04
2024-04-04 16:00:00,"566,1492919921875","562,049988",2,1,2024-04-04
2024-04-04 17:00:00,"679,2943725585938","674,820007",2,1,2024-04-04
2024-04-04 18:00:00,"662,5172729492188","520,580017",2,1,2024-04-04
2024-04-04 19:00:00,"535,8167114257812","460,390015",2,1,2024-04-04
2024-04-04 20:00:00,"455,008056640625","439,440002",2,1,2024-04-04
2024-04-04 21:00:00,"400,6582336425781","430,109985",2,1,2024-04-04
2024-04-04 22:00:00,"350,9168395996094","394,190002",2,1,2024-04-04
2024-04-04 23:00:00,"303,3353576660156","381,890015",2,1,2024-04-04
2024-04-05 00:00:00,"296,19427490234375","372,559998",2,1,2024-04-05
2024-04-05 01:00:00,"266,53277587890625","357,350006",2,1,2024-04-05
2024-04-05 02:00:00,"256,6883544921875","353,320007",2,1,2024-04-05
2024-04-05 03:00:00,"246,10174560546875","352,720001",2,1,2024-04-05
2024-04-05 04:00:00,"301,3717041015625","448,720001",2,1,2024-04-05
2024-04-05 05:00:00,"348,2322082519531","572,75",2,1,2024-04-05
2024-04-05 06:00:00,"376,76123046875","596,700012",2,1,2024-04-05
2024-04-05 07:00:00,"377,01995849609375","504,130005",2,1,2024-04-05
2024-04-05 08:00:00,"326,6684265136719","376,660004",2,1,2024-04-05
2024-04-05 09:00:00,"308,17205810546875","339,670013",2,1,2024-04-05
2024-04-05 10:00:00,"287,2569885253906","331,390015",2,1,2024-04-05
2024-04-05 11:00:00,"257,41046142578125","298,570007",2,1,2024-04-05
2024-04-05 12:00:00,"258,2557678222656","276,48999",2,1,2024-04-05
2024-04-05 13:00:00,"295,5486145019531","176,699997",2,1,2024-04-05
2024-04-05 14:00:00,"344,1263427734375","60,34",2,1,2024-04-05
2024-04-05 15:00:00,"416,4501037597656","279,399994",2,1,2024-04-05
2024-04-05 16:00:00,"464,2876281738281","370,320007",2,1,2024-04-05
2024-04-05 17:00:00,"486,4907531738281","398,299988",2,1,2024-04-05
2024-04-05 18:00:00,"454,32952880859375","402,170013",2,1,2024-04-05
2024-04-05 19:00:00,"442,31927490234375","398,299988",2,1,2024-04-05
2024-04-05 20:00:00,"440,9388732910156","393,299988",2,1,2024-04-05
2024-04-05 21:00:00,"442,442138671875","370,100006",2,1,2024-04-05
2024-04-05 22:00:00,"433,7530822753906","315,579987",2,1,2024-04-05
2024-04-05 23:00:00,"447,0533752441406","326,549988",2,1,2024-04-05
2024-04-06 00:00:00,"427,272216796875","328,190002",2,1,2024-04-06
2024-04-06 01:00:00,"408,37255859375","334,679993",2,1,2024-04-06
2024-04-06 02:00:00,"389,9980773925781","354,369995",2,1,2024-04-06
2024-04-06 03:00:00,"380,0829162597656","359,890015",2,1,2024-04-06
2024-04-06 04:00:00,"400,9012451171875","372,5",2,1,2024-04-06
2024-04-06 05:00:00,"398,6007385253906","382,339996",2,1,2024-04-06
2024-04-06 06:00:00,"383,69769287109375","374,660004",2,1,2024-04-06
2024-04-06 07:00:00,"336,2643737792969","359,890015",2,1,2024-04-06
2024-04-06 08:00:00,"273,41796875","219,440002",2,1,2024-04-06
2024-04-06 09:00:00,"208,3372039794922","34,310001",2,1,2024-04-06
2024-04-06 10:00:00,"144,96475219726562","123,07",2,1,2024-04-06
2024-04-06 11:00:00,"128,35513305664062","14,92",2,1,2024-04-06
2024-04-06 12:00:00,"69,83828735351562","0,3",2,1,2024-04-06
2024-04-06 13:00:00,"72,55376434326172","0,45",2,1,2024-04-06
2024-04-06 14:00:00,"201,6837921142578","0,75",2,1,2024-04-06
2024-04-06 15:00:00,"315,60626220703125","117,919998",2,1,2024-04-06
2024-04-06 16:00:00,"447,4923400878906","393,079987",2,1,2024-04-06
2024-04-06 17:00:00,"510,7313232421875","380,100006",2,1,2024-04-06
2024-04-06 18:00:00,"517,4498291015625","349,670013",2,1,2024-04-06
2024-04-06 19:00:00,"460,8563232421875","326,029999",2,1,2024-04-06
2024-04-06 20:00:00,"438,5108947753906","295,73999",2,1,2024-04-06
2024-04-06 21:00:00,"422,295166015625","188,410004",2,1,2024-04-06
2024-04-06 22:00:00,"374,9964599609375","81,82",2,1,2024-04-06
2024-04-06 23:00:00,"383,2392272949219","0,67",2,1,2024-04-06
2024-04-07 00:00:00,"347,23663330078125","0,0",2,1,2024-04-07
2024-04-07 01:00:00,"327,486328125","0,0",2,1,2024-04-07
2024-04-07 02:00:00,"334,333740234375","0,0",2,1,2024-04-07
2024-04-07 03:00:00,"335,5356140136719","0,0",2,1,2024-04-07
2024-04-07 04:00:00,"361,6019287109375","0,0",2,1,2024-04-07
2024-04-07 05:00:00,"354,1079406738281","0,0",2,1,2024-04-07
2024-04-07 06:00:00,"332,0298156738281","0,0",2,1,2024-04-07
2024-04-07 07:00:00,"266,84765625","-0,07",2,1,2024-04-07
2024-04-07 08:00:00,"248,58010864257812","-1,19",2,1,2024-04-07
2024-04-07 09:00:00,"179,7118682861328","-22,450001",2,1,2024-04-07
2024-04-07 10:00:00,"148,9825897216797","-30,58",2,1,2024-04-07
2024-04-07 11:00:00,"125,54122161865234","-48,849998",2,1,2024-04-07
2024-04-07 12:00:00,"134,0889892578125","-74,589996",2,1,2024-04-07
2024-04-07 13:00:00,"185,5221710205078","-37,59",2,1,2024-04-07
2024-04-07 14:00:00,"276,89239501953125","-1,19",2,1,2024-04-07
2024-04-07 15:00:00,"402,4202575683594","31,92",2,1,2024-04-07
2024-04-07 16:00:00,"486,2906799316406","288,799988",2,1,2024-04-07
2024-04-07 17:00:00,"582,4639892578125","343,98999",2,1,2024-04-07
2024-04-07 18:00:00,"568,958740234375","356,450012",2,1,2024-04-07
2024-04-07 19:00:00,"513,8882446289062","359,579987",2,1,2024-04-07
2024-04-07 20:00:00,"473,0908508300781","340,779999",2,1,2024-04-07
2024-04-07 21:00:00,"454,7834777832031","318,859985",2,1,2024-04-07
2024-04-07 22:00:00,"430,133544921875","308,339996",2,1,2024-04-07
2024-04-07 23:00:00,"418,8570556640625","295,140015",2,1,2024-04-07
2024-04-08 00:00:00,"393,3700866699219","292,079987",2,2,2024-04-08
2024-04-08 01:00:00,"413,52508544921875","312,290009",2,2,2024-04-08
2024-04-08 02:00:00,"428,47467041015625","328,480011",2,2,2024-04-08
2024-04-08 03:00:00,"447,9042663574219","334,589996",2,2,2024-04-08
2024-04-08 04:00:00,"500,1392822265625","376,730011",2,2,2024-04-08
2024-04-08 05:00:00,"587,909423828125","396,5",2,2,2024-04-08
2024-04-08 06:00:00,"658,3482666015625","432,600006",2,2,2024-04-08
2024-04-08 07:00:00,"626,487060546875","603,25",2,2,2024-04-08
2024-04-08 08:00:00,"525,4230346679688","402,910004",2,2,2024-04-08
2024-04-08 09:00:00,"428,3476867675781","399,480011",2,2,2024-04-08
2024-04-08 10:00:00,"354,9403381347656","397,100006",2,2,2024-04-08
2024-04-08 11:00:00,"343,116455078125","421,859985",2,2,2024-04-08
2024-04-08 12:00:00,"340,8065490722656","431,779999",2,2,2024-04-08
2024-04-08 13:00:00,"340,14178466796875","395,679993",2,2,2024-04-08
2024-04-08 14:00:00,"392,1004333496094","522,099976",2,2,2024-04-08
2024-04-08 15:00:00,"445,0710144042969","559,469971",2,2,2024-04-08
2024-04-08 16:00:00,"607,5009765625","782,409973",2,2,2024-04-08
2024-04-08 17:00:00,"865,9614868164062","1024,069946",2,2,2024-04-08
2024-04-08 18:00:00,"819,0238647460938","930,830017",2,2,2024-04-08
2024-04-08 19:00:00,"637,4041748046875","632,859985",2,2,2024-04-08
2024-04-08 20:00:00,"470,7158203125","574,309998",2,2,2024-04-08
2024-04-08 21:00:00,"407,95526123046875","523,52002",2,2,2024-04-08
2024-04-08 22:00:00,"388,03570556640625","583,330017",2,2,2024-04-08
2024-04-08 23:00:00,"382,6700134277344","517,549988",2,2,2024-04-08
2024-04-09 00:00:00,"352,42657470703125","482,790009",2,2,2024-04-09
2024-04-09 01:00:00,"342,52154541015625","440,200012",2,2,2024-04-09
2024-04-09 02:00:00,"338,9168395996094","453,779999",2,2,2024-04-09
2024-04-09 03:00:00,"362,26727294921875","488,390015",2,2,2024-04-09
2024-04-09 04:00:00,"460,8302917480469","575,799988",2,2,2024-04-09
2024-04-09 05:00:00,"528,0022583007812","670,900024",2,2,2024-04-09
2024-04-09 06:00:00,"611,789306640625","595,039978",2,2,2024-04-09
2024-04-09 07:00:00,"537,858154296875","509,420013",2,2,2024-04-09
2024-04-09 08:00:00,"382,86163330078125","384,559998",2,2,2024-04-09
2024-04-09 09:00:00,"333,90484619140625","328,029999",2,2,2024-04-09
2024-04-09 10:00:00,"277,4870910644531","268,880005",2,2,2024-04-09
2024-04-09 11:00:00,"211,89151000976562","75,260002",2,2,2024-04-09
2024-04-09 12:00:00,"257,2638854980469","78,309998",2,2,2024-04-09
2024-04-09 13:00:00,"304,2861022949219","216,600006",2,2,2024-04-09
2024-04-09 14:00:00,"341,4266662597656","285,440002",2,2,2024-04-09
2024-04-09 15:00:00,"430,1190185546875","372,179993",2,2,2024-04-09
2024-04-09 16:00:00,"567,91162109375","390,899994",2,2,2024-04-09
2024-04-09 17:00:00,"686,7122802734375","375,089996",2,2,2024-04-09
2024-04-09 18:00:00,"715,8562622070312","378,970001",2,2,2024-04-09
2024-04-09 19:00:00,"592,9349975585938","359,649994",2,2,2024-04-09
2024-04-09 20:00:00,"525,0613403320312","335,640015",2,2,2024-04-09
2024-04-09 21:00:00,"481,5995178222656","257,619995",2,2,2024-04-09
2024-04-09 22:00:00,"457,49261474609375","96,220001",2,2,2024-04-09
2024-04-09 23:00:00,"451,6167907714844","38,040001",2,2,2024-04-09
2024-04-10 00:00:00,"443,1558532714844","37,290001",2,2,2024-04-10
2024-04-10 01:00:00,"437,75677490234375","67,050003",2,2,2024-04-10
2024-04-10 02:00:00,"435,9599609375","184,229996",2,2,2024-04-10
2024-04-10 03:00:00,"451,04425048828125","261,059998",2,2,2024-04-10
2024-04-10 04:00:00,"495,3011474609375","261,130005",2,2,2024-04-10
2024-04-10 05:00:00,"626,68359375","302,299988",2,2,2024-04-10
2024-04-10 06:00:00,"705,8385620117188","311,700012",2,2,2024-04-10
2024-04-10 07:00:00,"644,4833984375","309,390015",2,2,2024-04-10
2024-04-10 08:00:00,"564,935791015625","309,390015",2,2,2024-04-10
2024-04-10 09:00:00,"473,0585021972656","239,130005",2,2,2024-04-10
2024-04-10 10:00:00,"403,2939147949219","143,279999",2,2,2024-04-10
2024-04-10 11:00:00,"375,79815673828125","66,610001",2,2,2024-04-10
2024-04-10 12:00:00,"371,4006042480469","0,45",2,2,2024-04-10
2024-04-10 13:00:00,"361,6842956542969","2,09",2,2,2024-04-10
2024-04-10 14:00:00,"419,4787902832031","39,529999",2,2,2024-04-10
2024-04-10 15:00:00,"517,1417846679688","122,169998",2,2,2024-04-10
2024-04-10 16:00:00,"653,5711059570312","616,469971",2,2,2024-04-10
2024-04-10 17:00:00,"851,306640625","1084,949951",2,2,2024-04-10
2024-04-10 18:00:00,"810,0650024414062","1052,430054",2,2,2024-04-10
2024-04-10 19:00:00,"701,6588134765625","722,380005",2,2,2024-04-10
2024-04-10 20:00:00,"611,7840576171875","392,029999",2,2,2024-04-10
2024-04-10 21:00:00,"547,8361206054688","352,200012",2,2,2024-04-10
2024-04-10 22:00:00,"466,5513610839844","303,440002",2,2,2024-04-10
2024-04-10 23:00:00,"453,8860168457031","198,940002",2,2,2024-04-10
2024-04-11 00:00:00,"437,0867614746094","165,589996",2,2,2024-04-11
2024-04-11 01:00:00,"411,9079284667969","74,519997",2,2,2024-04-11
2024-04-11 02:00:00,"397,6396484375","59,52",2,2,2024-04-11
2024-04-11 03:00:00,"404,920654296875","149,179993",2,2,2024-04-11
2024-04-11 04:00:00,"418,7141418457031","192,070007",2,2,2024-04-11
2024-04-11 05:00:00,"491,71661376953125","297,399994",2,2,2024-04-11
2024-04-11 06:00:00,"547,7584838867188","309,929993",2,2,2024-04-11
2024-04-11 07:00:00,"569,7950439453125","223,770004",2,2,2024-04-11
2024-04-11 08:00:00,"506,17742919921875","74,959999",2,2,2024-04-11
2024-04-11 09:00:00,"435,01519775390625","6,41",2,2,2024-04-11
2024-04-11 10:00:00,"371,98016357421875","6,79",2,2,2024-04-11
2024-04-11 11:00:00,"324,4029846191406","8,21",2,2,2024-04-11
2024-04-11 12:00:00,"306,4417419433594","4,25",2,2,2024-04-11
2024-04-11 13:00:00,"327,64715576171875","96,07",2,2,2024-04-11
2024-04-11 14:00:00,"344,4228515625","64,75",2,2,2024-04-11
2024-04-11 15:00:00,"424,83489990234375","347,070007",2,2,2024-04-11
2024-04-11 16:00:00,"547,0070190429688","711,75",2,2,2024-04-11
2024-04-11 17:00:00,"667,0364379882812","1002,210022",2,2,2024-04-11
2024-04-11 18:00:00,"663,6954956054688","893,609985",2,2,2024-04-11
2024-04-11 19:00:00,"542,2279052734375","679,159973",2,2,2024-04-11
2024-04-11 20:00:00,"486,14501953125","541,159973",2,2,2024-04-11
2024-04-11 21:00:00,"423,7082214355469","451,059998",2,2,2024-04-11
2024-04-11 22:00:00,"390,7782287597656","339,720001",2,2,2024-04-11
2024-04-11 23:00:00,"323,2984313964844","325,029999",2,2,2024-04-11
2024-04-12 00:00:00,"305,20074462890625","331,73999",2,2,2024-04-12
2024-04-12 01:00:00,"289,6352844238281","304,51001",2,2,2024-04-12
2024-04-12 02:00:00,"285,9702453613281","298,399994",2,2,2024-04-12
2024-04-12 03:00:00,"288,10137939453125","298,399994",2,2,2024-04-12
2024-04-12 04:00:00,"324,0135803222656","308,019989",2,2,2024-04-12
2024-04-12 05:00:00,"371,443359375","362,619995",2,2,2024-04-12
2024-04-12 06:00:00,"398,5841979980469","516,75",2,2,2024-04-12
2024-04-12 07:00:00,"376,1643371582031","489,290009",2,2,2024-04-12
2024-04-12 08:00:00,"308,7708435058594","319,730011",2,2,2024-04-12
2024-04-12 09:00:00,"236,86082458496094","140,690002",2,2,2024-04-12
2024-04-12 10:00:00,"204,253662109375","0,0",2,2,2024-04-12
2024-04-12 11:00:00,"144,24717712402344","-0,52",2,2,2024-04-12
2024-04-12 12:00:00,"160,95201110839844","0,07",2,2,2024-04-12
2024-04-12 13:00:00,"140,42861938476562","1,34",2,2,2024-04-12
2024-04-12 14:00:00,"228,53346252441406","1,64",2,2,2024-04-12
2024-04-12 15:00:00,"388,5252685546875","375,600006",2,2,2024-04-12
2024-04-12 16:00:00,"448,2882080078125","445,279999",2,2,2024-04-12
2024-04-12 17:00:00,"500,34222412109375","370,160004",2,2,2024-04-12
2024-04-12 18:00:00,"501,7522888183594","369,48999",2,2,2024-04-12
2024-04-12 19:00:00,"493,84698486328125","351,429993",2,2,2024-04-12
2024-04-12 20:00:00,"487,9053955078125","342,329987",2,2,2024-04-12
2024-04-12 21:00:00,"471,4911804199219","329,200012",2,2,2024-04-12
2024-04-12 22:00:00,"449,3914489746094","246,039993",2,2,2024-04-12
2024-04-12 23:00:00,"461,1412658691406","193,369995",2,2,2024-04-12
2024-04-13 00:00:00,"435,1998596191406","144,429993",2,2,2024-04-13
2024-04-13 01:00:00,"421,5971984863281","130,779999",2,2,2024-04-13
2024-04-13 02:00:00,"415,75543212890625","130,259995",2,2,2024-04-13
2024-04-13 03:00:00,"420,013427734375","173,899994",2,2,2024-04-13
2024-04-13 04:00:00,"453,99884033203125","207,619995",2,2,2024-04-13
2024-04-13 05:00:00,"442,80804443359375","251,630005",2,2,2024-04-13
2024-04-13 06:00:00,"403,1143493652344","168,600006",2,2,2024-04-13
2024-04-13 07:00:00,"328,05010986328125","65,650002",2,2,2024-04-13
2024-04-13 08:00:00,"218,2563934326172","-0,15",2,2,2024-04-13
2024-04-13 09:00:00,"109,31364440917969","-30,139999",2,2,2024-04-13
2024-04-13 10:00:00,"29,07288360595703","-59,830002",2,2,2024-04-13
2024-04-13 11:00:00,"-8,763794898986816","-150,699997",2,2,2024-04-13
2024-04-13 12:00:00,"-137,83688354492188","-218,729996",2,2,2024-04-13
2024-04-13 13:00:00,"-98,06487274169922","-235,740005",2,2,2024-04-13
2024-04-13 14:00:00,"15,495000839233398","-142,710007",2,2,2024-04-13
2024-04-13 15:00:00,"231,95803833007812","-1,19",2,2,2024-04-13
2024-04-13 16:00:00,"465,79937744140625","248,949997",2,2,2024-04-13
2024-04-13 17:00:00,"496,7410583496094","373,76001",2,2,2024-04-13
2024-04-13 18:00:00,"497,66387939453125","298,630005",2,2,2024-04-13
2024-04-13 19:00:00,"417,6005554199219","258,5",2,2,2024-04-13
2024-04-13 20:00:00,"378,8279113769531","153,679993",2,2,2024-04-13
2024-04-13 21:00:00,"313,823974609375","52,59",2,2,2024-04-13
2024-04-13 22:00:00,"230,20486450195312","3,21",2,2,2024-04-13
2024-04-13 23:00:00,"208,9568328857422","6,19",2,2,2024-04-13
2024-04-14 00:00:00,"162,98439025878906","6,94",2,2,2024-04-14
2024-04-14 01:00:00,"146,62753295898438","8,43",2,2,2024-04-14
2024-04-14 02:00:00,"143,4791259765625","17,459999",2,2,2024-04-14
2024-04-14 03:00:00,"143,0342559814453","44,389999",2,2,2024-04-14
2024-04-14 04:00:00,"152,36074829101562","95,949997",2,2,2024-04-14
2024-04-14 05:00:00,"161,40133666992188","96,989998",2,2,2024-04-14
2024-04-14 06:00:00,"139,26406860351562","55,279999",2,2,2024-04-14
2024-04-14 07:00:00,"125,93106842041016","0,0",2,2,2024-04-14
2024-04-14 08:00:00,"68,60855865478516","-17,68",2,2,2024-04-14
2024-04-14 09:00:00,"3,267595052719116","-90,800003",2,2,2024-04-14
2024-04-14 10:00:00,"-31,015470504760742","-315,070007",2,2,2024-04-14
2024-04-14 11:00:00,"-47,93092346191406","-448,019989",2,2,2024-04-14
2024-04-14 12:00:00,"-74,44762420654297","-447,720001",2,2,2024-04-14
2024-04-14 13:00:00,"-57,43029022216797","-298,809998",2,2,2024-04-14
2024-04-14 14:00:00,"96,79327392578125","-46,630001",2,2,2024-04-14
2024-04-14 15:00:00,"243,3829345703125","11,71",2,2,2024-04-14
2024-04-14 16:00:00,"434,9645690917969","407,51001",2,2,2024-04-14
2024-04-14 17:00:00,"488,8781433105469","655,059998",2,2,2024-04-14
2024-04-14 18:00:00,"493,3448791503906","894,619995",2,2,2024-04-14
2024-04-14 19:00:00,"481,10980224609375","840,159973",2,2,2024-04-14
2024-04-14 20:00:00,"465,6580505371094","724,890015",2,2,2024-04-14
2024-04-14 21:00:00,"452,9911804199219","594,549988",2,2,2024-04-14
2024-04-14 22:00:00,"453,8993835449219","410,640015",2,2,2024-04-14
2024-04-14 23:00:00,"454,0072937011719","437,730011",2,2,2024-04-14
2024-04-15 00:00:00,"428,1443176269531","526,359985",2,3,2024-04-15
2024-04-15 01:00:00,"434,69586181640625","491,220001",2,3,2024-04-15
2024-04-15 02:00:00,"454,0491638183594","561,280029",2,3,2024-04-15
2024-04-15 03:00:00,"481,39752197265625","647,150024",2,3,2024-04-15
2024-04-15 04:00:00,"559,445556640625","863,440002",2,3,2024-04-15
2024-04-15 05:00:00,"658,83251953125","1261,98999",2,3,2024-04-15
2024-04-15 06:00:00,"711,0454711914062","1143,290039",2,3,2024-04-15
2024-04-15 07:00:00,"571,568359375","683,109985",2,3,2024-04-15
2024-04-15 08:00:00,"500,6180419921875","568,809998",2,3,2024-04-15
2024-04-15 09:00:00,"414,48614501953125","425,269989",2,3,2024-04-15
2024-04-15 10:00:00,"337,3104553222656","329,390015",2,3,2024-04-15
2024-04-15 11:00:00,"288,0133361816406","236,809998",2,3,2024-04-15
2024-04-15 12:00:00,"287,66473388671875","96,690002",2,3,2024-04-15
2024-04-15 13:00:00,"298,4041748046875","58,189999",2,3,2024-04-15
2024-04-15 14:00:00,"349,0563049316406","59,610001",2,3,2024-04-15
2024-04-15 15:00:00,"413,41461181640625","345,440002",2,3,2024-04-15
2024-04-15 16:00:00,"583,85400390625","516,289978",2,3,2024-04-15
2024-04-15 17:00:00,"828,2522583007812","588,809998",2,3,2024-04-15
2024-04-15 18:00:00,"781,469970703125","574,630005",2,3,2024-04-15
2024-04-15 19:00:00,"568,364990234375","494,730011",2,3,2024-04-15
2024-04-15 20:00:00,"445,1733093261719","401,170013",2,3,2024-04-15
2024-04-15 21:00:00,"371,6492004394531","254,940002",2,3,2024-04-15
2024-04-15 22:00:00,"372,2939758300781","15,07",2,3,2024-04-15
2024-04-15 23:00:00,"360,2158508300781","0,3",2,3,2024-04-15
2024-04-16 00:00:00,"326,5889892578125","1,04",2,3,2024-04-16
2024-04-16 01:00:00,"313,11505126953125","5,45",2,3,2024-04-16
2024-04-16 02:00:00,"311,09661865234375","130,330002",2,3,2024-04-16
2024-04-16 03:00:00,"349,76666259765625","270,209991",2,3,2024-04-16
2024-04-16 04:00:00,"502,4165954589844","384,880005",2,3,2024-04-16
2024-04-16 05:00:00,"566,9714965820312","554,0",2,3,2024-04-16
2024-04-16 06:00:00,"548,1732177734375","554,0",2,3,2024-04-16
2024-04-16 07:00:00,"445,7525329589844","483,5",2,3,2024-04-16
2024-04-16 08:00:00,"278,7597351074219","380,700012",2,3,2024-04-16
2024-04-16 09:00:00,"277,2837829589844","318,109985",2,3,2024-04-16
2024-04-16 10:00:00,"209,12269592285156","298,410004",2,3,2024-04-16
2024-04-16 11:00:00,"188,7891845703125","300,049988",2,3,2024-04-16
2024-04-16 12:00:00,"230,97796630859375","313,929993",2,3,2024-04-16
2024-04-16 13:00:00,"169,3970184326172","362,049988",2,3,2024-04-16
2024-04-16 14:00:00,"357,0084533691406","385,470001",2,3,2024-04-16
2024-04-16 15:00:00,"392,0712585449219","594,359985",2,3,2024-04-16
2024-04-16 16:00:00,"504,6141662597656","693,210022",2,3,2024-04-16
2024-04-16 17:00:00,"596,1210327148438","850,400024",2,3,2024-04-16
2024-04-16 18:00:00,"611,6477661132812","928,960022",2,3,2024-04-16
2024-04-16 19:00:00,"536,63916015625","779,309998",2,3,2024-04-16
2024-04-16 20:00:00,"510,9834899902344","672,169983",2,3,2024-04-16
2024-04-16 21:00:00,"427,18804931640625","627,409973",2,3,2024-04-16
2024-04-16 22:00:00,"387,2537536621094","625,48999",2,3,2024-04-16
2024-04-16 23:00:00,"329,6552734375","625,48999",2,3,2024-04-16
2024-04-17 00:00:00,"321,8818054199219","606,919983",2,3,2024-04-17
2024-04-17 01:00:00,"329,4085998535156","614,75",2,3,2024-04-17
2024-04-17 02:00:00,"359,7771301269531","618,929993",2,3,2024-04-17
2024-04-17 03:00:00,"397,0924987792969","624,669983",2,3,2024-04-17
2024-04-17 04:00:00,"478,71807861328125","816,109985",2,3,2024-04-17
2024-04-17 05:00:00,"574,5118408203125","1268,069946",2,3,2024-04-17
2024-04-17 06:00:00,"614,0598754882812","1157,650024",2,3,2024-04-17
2024-04-17 07:00:00,"584,5210571289062","780,52002",2,3,2024-04-17
2024-04-17 08:00:00,"556,7757568359375","625,940002",2,3,2024-04-17
2024-04-17 09:00:00,"480,80682373046875","596,099976",2,3,2024-04-17
2024-04-17 10:00:00,"444,2400817871094","619,080017",2,3,2024-04-17
2024-04-17 11:00:00,"390,0511779785156","602,960022",2,3,2024-04-17
2024-04-17 12:00:00,"339,4286193847656","579,76001",2,3,2024-04-17
2024-04-17 13:00:00,"371,3977355957031","574,690002",2,3,2024-04-17
2024-04-17 14:00:00,"412,7280578613281","596,840027",2,3,2024-04-17
2024-04-17 15:00:00,"502,73553466796875","648,320007",2,3,2024-04-17
2024-04-17 16:00:00,"624,8158569335938","857,73999",2,3,2024-04-17
2024-04-17 17:00:00,"789,2733154296875","1193,089966",2,3,2024-04-17
2024-04-17 18:00:00,"866,14306640625","1267,550049",2,3,2024-04-17
2024-04-17 19:00:00,"719,0537109375","970,320007",2,3,2024-04-17
2024-04-17 20:00:00,"590,72900390625","738,890015",2,3,2024-04-17
2024-04-17 21:00:00,"525,959228515625","655,109985",2,3,2024-04-17
2024-04-17 22:00:00,"468,8377685546875","685,150024",2,3,2024-04-17
2024-04-17 23:00:00,"477,2232666015625","652,23999",2,3,2024-04-17
2024-04-18 00:00:00,"451,3546447753906","660,52002",2,3,2024-04-18
2024-04-18 01:00:00,"427,4986572265625","654,780029",2,3,2024-04-18
2024-04-18 02:00:00,"412,357666015625","668,580017",2,3,2024-04-18
2024-04-18 03:00:00,"401,2599792480469","697,380005",2,3,2024-04-18
2024-04-18 04:00:00,"441,6107177734375","909,349976",2,3,2024-04-18
2024-04-18 05:00:00,"478,9433288574219","1162,430054",2,3,2024-04-18
2024-04-18 06:00:00,"480,412109375","978,809998",2,3,2024-04-18
2024-04-18 07:00:00,"423,0283508300781","754,460022",2,3,2024-04-18
2024-04-18 08:00:00,"345,7462463378906","673,059998",2,3,2024-04-18
2024-04-18 09:00:00,"279,1418762207031","625,76001",2,3,2024-04-18
2024-04-18 10:00:00,"263,30987548828125","601,659973",2,3,2024-04-18
2024-04-18 11:00:00,"193,21527099609375","575,98999",2,3,2024-04-18
2024-04-18 12:00:00,"309,0478820800781","544,72998",2,3,2024-04-18
2024-04-18 13:00:00,"242,4147491455078","527,48999",2,3,2024-04-18
2024-04-18 14:00:00,"313,0140686035156","528,840027",2,3,2024-04-18
2024-04-18 15:00:00,"398,4307556152344","606,799988",2,3,2024-04-18
2024-04-18 16:00:00,"472,3438415527344","701,559998",2,3,2024-04-18
2024-04-18 17:00:00,"601,1121826171875","934,419983",2,3,2024-04-18
2024-04-18 18:00:00,"627,2613525390625","961,200012",2,3,2024-04-18
2024-04-18 19:00:00,"559,9251098632812","790,27002",2,3,2024-04-18
2024-04-18 20:00:00,"494,6693115234375","670,669983",2,3,2024-04-18
2024-04-18 21:00:00,"409,7782287597656","592,179993",2,3,2024-04-18
2024-04-18 22:00:00,"391,6462707519531","576,090027",2,3,2024-04-18
2024-04-18 23:00:00,"371,0361328125","453,869995",2,3,2024-04-18
2024-04-19 00:00:00,"340,8716735839844","377,019989",2,3,2024-04-19
2024-04-19 01:00:00,"306,4681701660156","369,109985",2,3,2024-04-19
2024-04-19 02:00:00,"304,48681640625","357,920013",2,3,2024-04-19
2024-04-19 03:00:00,"305,7023010253906","366,200012",2,3,2024-04-19
2024-04-19 04:00:00,"348,7415771484375","448,570007",2,3,2024-04-19
2024-04-19 05:00:00,"408,5370178222656","515,130005",2,3,2024-04-19
2024-04-19 06:00:00,"420,62457275390625","567,059998",2,3,2024-04-19
2024-04-19 07:00:00,"373,78131103515625","509,609985",2,3,2024-04-19
2024-04-19 08:00:00,"229,6616668701172","449,170013",2,3,2024-04-19
2024-04-19 09:00:00,"182,47653198242188","418,429993",2,3,2024-04-19
2024-04-19 10:00:00,"265,2023010253906","379,859985",2,3,2024-04-19
2024-04-19 11:00:00,"163,25668334960938","350,679993",2,3,2024-04-19
2024-04-19 12:00:00,"207,14027404785156","335,309998",2,3,2024-04-19
2024-04-19 13:00:00,"242,50924682617188","332,480011",2,3,2024-04-19
2024-04-19 14:00:00,"173,75498962402344","379,859985",2,3,2024-04-19
2024-04-19 15:00:00,"449,3879089355469","424,920013",2,3,2024-04-19
2024-04-19 16:00:00,"488,5406188964844","473,720001",2,3,2024-04-19
2024-04-19 17:00:00,"579,9677124023438","475,660004",2,3,2024-04-19
2024-04-19 18:00:00,"614,23779296875","482,670013",2,3,2024-04-19
2024-04-19 19:00:00,"550,5264282226562","493,940002",2,3,2024-04-19
2024-04-19 20:00:00,"515,8534545898438","477,149994",2,3,2024-04-19
2024-04-19 21:00:00,"465,0244445800781","471,179993",2,3,2024-04-19
2024-04-19 22:00:00,"420,9415588378906","449,529999",2,3,2024-04-19
2024-04-19 23:00:00,"407,0789794921875","432,589996",2,3,2024-04-19
2024-04-20 00:00:00,"331,9368896484375","427,809998",2,3,2024-04-20
2024-04-20 01:00:00,"333,682861328125","430,950012",2,3,2024-04-20
2024-04-20 02:00:00,"331,49285888671875","455,5",2,3,2024-04-20
2024-04-20 03:00:00,"343,8772277832031","468,850006",2,3,2024-04-20
2024-04-20 04:00:00,"372,2174072265625","476,98999",2,3,2024-04-20
2024-04-20 05:00:00,"353,2742614746094","507,279999",2,3,2024-04-20
2024-04-20 06:00:00,"326,2222900390625","485,350006",2,3,2024-04-20
2024-04-20 07:00:00,"283,11785888671875","446,98999",2,3,2024-04-20
2024-04-20 08:00:00,"260,2166442871094","373,48999",2,3,2024-04-20
2024-04-20 09:00:00,"184,65383911132812","286,769989",2,3,2024-04-20
2024-04-20 10:00:00,"256,9001770019531","216,179993",2,3,2024-04-20
2024-04-20 11:00:00,"104,95222473144531","92,010002",2,3,2024-04-20
2024-04-20 12:00:00,"112,22007751464844","78,730003",2,3,2024-04-20
2024-04-20 13:00:00,"116,12995147705078","136,779999",2,3,2024-04-20
2024-04-20 14:00:00,"247,9796600341797","279,160004",2,3,2024-04-20
2024-04-20 15:00:00,"226,89666748046875","468,850006",2,3,2024-04-20
2024-04-20 16:00:00,"408,02191162109375","588,77002",2,3,2024-04-20
2024-04-20 17:00:00,"489,2448425292969","668,690002",2,3,2024-04-20
2024-04-20 18:00:00,"513,8826293945312","724,140015",2,3,2024-04-20
2024-04-20 19:00:00,"391,25927734375","673,919983",2,3,2024-04-20
2024-04-20 20:00:00,"327,90118408203125","642,280029",2,3,2024-04-20
2024-04-20 21:00:00,"287,3650207519531","618,619995",2,3,2024-04-20
2024-04-20 22:00:00,"231,89317321777344","610,679993",2,3,2024-04-20
2024-04-20 23:00:00,"248,88548278808594","526,669983",2,3,2024-04-20
2024-04-21 00:00:00,"197,6490936279297","518,76001",2,3,2024-04-21
2024-04-21 01:00:00,"350,74066162109375","480,48999",2,3,2024-04-21
2024-04-21 02:00:00,"154,3687286376953","476,609985",2,3,2024-04-21
2024-04-21 03:00:00,"344,93798828125","474,670013",2,3,2024-04-21
2024-04-21 04:00:00,"241,3282470703125","480,709991",2,3,2024-04-21
2024-04-21 05:00:00,"268,16973876953125","451,609985",2,3,2024-04-21
2024-04-21 06:00:00,"281,91143798828125","454,220001",2,3,2024-04-21
2024-04-21 07:00:00,"180,8245391845703","413,190002",2,3,2024-04-21
2024-04-21 08:00:00,"297,75201416015625","246,139999",2,3,2024-04-21
2024-04-21 09:00:00,"162,15794372558594","275,76001",2,3,2024-04-21
2024-04-21 10:00:00,"237,81353759765625","45,209999",2,3,2024-04-21
2024-04-21 11:00:00,"95,533447265625","2,09",2,3,2024-04-21
2024-04-21 12:00:00,"94,78890991210938","-6,71",2,3,2024-04-21
2024-04-21 13:00:00,"189,71592712402344","5,6",2,3,2024-04-21
2024-04-21 14:00:00,"310,4283447265625","44,84",2,3,2024-04-21
2024-04-21 15:00:00,"264,4041442871094","434,380005",2,3,2024-04-21
2024-04-21 16:00:00,"441,199951171875","556,590027",2,3,2024-04-21
2024-04-21 17:00:00,"589,5576171875","666,710022",2,3,2024-04-21
2024-04-21 18:00:00,"637,867919921875","710,72998",2,3,2024-04-21
2024-04-21 19:00:00,"636,387939453125","679,469971",2,3,2024-04-21
2024-04-21 20:00:00,"598,4971923828125","667,080017",2,3,2024-04-21
2024-04-21 21:00:00,"528,8449096679688","660,0",2,3,2024-04-21
2024-04-21 22:00:00,"498,99420166015625","589,190002",2,3,2024-04-21
2024-04-21 23:00:00,"488,81988525390625","582,330017",2,3,2024-04-21
2024-04-22 00:00:00,"454,88665771484375","585,23999",2,4,2024-04-22
2024-04-22 01:00:00,"445,64617919921875","596,280029",2,4,2024-04-22
2024-04-22 02:00:00,"448,99542236328125","595,309998",2,4,2024-04-22
2024-04-22 03:00:00,"479,2204895019531","652,830017",2,4,2024-04-22
2024-04-22 04:00:00,"579,221435546875","790,109985",2,4,2024-04-22
2024-04-22 05:00:00,"788,9894409179688","975,820007",2,4,2024-04-22
2024-04-22 06:00:00,"779,7811889648438","876,359985",2,4,2024-04-22
2024-04-22 07:00:00,"563,4148559570312","724,090027",2,4,2024-04-22
2024-04-22 08:00:00,"490,37548828125","610,75",2,4,2024-04-22
2024-04-22 09:00:00,"395,5993347167969","606,130005",2,4,2024-04-22
2024-04-22 10:00:00,"293,0440979003906","574,869995",2,4,2024-04-22
2024-04-22 11:00:00,"234,60614013671875","549,650024",2,4,2024-04-22
2024-04-22 12:00:00,"193,65933227539062","553,080017",2,4,2024-04-22
2024-04-22 13:00:00,"193,7999725341797","559,650024",2,4,2024-04-22
2024-04-22 14:00:00,"249,57196044921875","536,440002",2,4,2024-04-22
2024-04-22 15:00:00,"350,6955871582031","722,150024",2,4,2024-04-22
2024-04-22 16:00:00,"486,1604309082031","881,880005",2,4,2024-04-22
2024-04-22 17:00:00,"595,4903564453125","1223,969971",2,4,2024-04-22
2024-04-22 18:00:00,"583,42578125","1275,52002",2,4,2024-04-22
2024-04-22 19:00:00,"465,2705078125","970,299988",2,4,2024-04-22
2024-04-22 20:00:00,"372,98126220703125","789,140015",2,4,2024-04-22
2024-04-22 21:00:00,"272,0536193847656","723,640015",2,4,2024-04-22
2024-04-22 22:00:00,"252,56520080566406","658,969971",2,4,2024-04-22
2024-04-22 23:00:00,"201,67994689941406","646,809998",2,4,2024-04-22
2024-04-23 00:00:00,"131,76573181152344","641,289978",2,4,2024-04-23
2024-04-23 01:00:00,"123,3370590209961","637,340027",2,4,2024-04-23
2024-04-23 02:00:00,"167,27435302734375","644,280029",2,4,2024-04-23
2024-04-23 03:00:00,"289,0594482421875","728,890015",2,4,2024-04-23
2024-04-23 04:00:00,"486,1273193359375","905,789978",2,4,2024-04-23
2024-04-23 05:00:00,"570,2589721679688","1352,420044",2,4,2024-04-23
2024-04-23 06:00:00,"531,4920043945312","1016,820007",2,4,2024-04-23
2024-04-23 07:00:00,"425,85516357421875","734,030029",2,4,2024-04-23
2024-04-23 08:00:00,"254,13002014160156","618,309998",2,4,2024-04-23
2024-04-23 09:00:00,"213,9163818359375","576,450012",2,4,2024-04-23
2024-04-23 10:00:00,"190,64356994628906","577,950012",2,4,2024-04-23
2024-04-23 11:00:00,"119,84644317626953","592,27002",2,4,2024-04-23
2024-04-23 12:00:00,"160,28721618652344","586,599976",2,4,2024-04-23
2024-04-23 13:00:00,"190,59912109375","597,049988",2,4,2024-04-23
2024-04-23 14:00:00,"275,5835876464844","619,429993",2,4,2024-04-23
2024-04-23 15:00:00,"428,2821960449219","671,289978",2,4,2024-04-23
2024-04-23 16:00:00,"545,1331787109375","764,030029",2,4,2024-04-23
2024-04-23 17:00:00,"665,0638427734375","917,799988",2,4,2024-04-23
2024-04-23 18:00:00,"718,059326171875","933,169983",2,4,2024-04-23
2024-04-23 19:00:00,"602,2490234375","784,169983",2,4,2024-04-23
2024-04-23 20:00:00,"535,0838623046875","691,880005",2,4,2024-04-23
2024-04-23 21:00:00,"454,84228515625","608,460022",2,4,2024-04-23
2024-04-23 22:00:00,"427,10040283203125","600,929993",2,4,2024-04-23
2024-04-23 23:00:00,"376,5835266113281","569,150024",2,4,2024-04-23
2024-04-24 00:00:00,"349,88116455078125","566,090027",2,4,2024-04-24
2024-04-24 01:00:00,"346,4579772949219","545,130005",2,4,2024-04-24
2024-04-24 02:00:00,"372,73760986328125","567,289978",2,4,2024-04-24
2024-04-24 03:00:00,"448,8410339355469","610,47998",2,4,2024-04-24
2024-04-24 04:00:00,"544,8290405273438","758,419983",2,4,2024-04-24
2024-04-24 05:00:00,"728,2576293945312","956,200012",2,4,2024-04-24
2024-04-24 06:00:00,"789,0589599609375","798,780029",2,4,2024-04-24
2024-04-24 07:00:00,"678,9963989257812","684,940002",2,4,2024-04-24
2024-04-24 08:00:00,"605,091552734375","676,960022",2,4,2024-04-24
2024-04-24 09:00:00,"517,8164672851562","659,130005",2,4,2024-04-24
2024-04-24 10:00:00,"508,02557373046875","616,22998",2,4,2024-04-24
2024-04-24 11:00:00,"446,14971923828125","597,5",2,4,2024-04-24
2024-04-24 12:00:00,"403,32904052734375","570,940002",2,4,2024-04-24
2024-04-24 13:00:00,"396,3428039550781","602,130005",2,4,2024-04-24
2024-04-24 14:00:00,"458,79229736328125","605,190002",2,4,2024-04-24
2024-04-24 15:00:00,"545,5671997070312","646,070007",2,4,2024-04-24
2024-04-24 16:00:00,"663,4117431640625","757,530029",2,4,2024-04-24
2024-04-24 17:00:00,"810,5397338867188","1008,640015",2,4,2024-04-24
2024-04-24 18:00:00,"929,9927978515625","1070,119995",2,4,2024-04-24
2024-04-24 19:00:00,"800,1861572265625","903,900024",2,4,2024-04-24
2024-04-24 20:00:00,"636,8536376953125","785,650024",2,4,2024-04-24
2024-04-24 21:00:00,"538,2691040039062","673,0",2,4,2024-04-24
2024-04-24 22:00:00,"519,5091552734375","622,700012",2,4,2024-04-24
2024-04-24 23:00:00,"489,5285949707031","596,599976",2,4,2024-04-24
2024-04-25 00:00:00,"459,1965026855469","576,97998",2,4,2024-04-25
2024-04-25 01:00:00,"450,76226806640625","567,140015",2,4,2024-04-25
2024-04-25 02:00:00,"455,030029296875","561,099976",2,4,2024-04-25
2024-04-25 03:00:00,"476,91448974609375","626,580017",2,4,2024-04-25
2024-04-25 04:00:00,"548,02685546875","763,940002",2,4,2024-04-25
2024-04-25 05:00:00,"659,2408447265625","962,390015",2,4,2024-04-25
2024-04-25 06:00:00,"635,5398559570312","840,530029",2,4,2024-04-25
2024-04-25 07:00:00,"493,0889587402344","686,830017",2,4,2024-04-25
2024-04-25 08:00:00,"410,0355529785156","596,669983",2,4,2024-04-25
2024-04-25 09:00:00,"367,7673645019531","583,169983",2,4,2024-04-25
2024-04-25 10:00:00,"342,1340637207031","551,26001",2,4,2024-04-25
2024-04-25 11:00:00,"327,29852294921875","512,099976",2,4,2024-04-25
2024-04-25 12:00:00,"314,37896728515625","495,25",2,4,2024-04-25
2024-04-25 13:00:00,"348,4625549316406","516,950012",2,4,2024-04-25
2024-04-25 14:00:00,"401,35479736328125","542,97998",2,4,2024-04-25
2024-04-25 15:00:00,"499,8880615234375","595,700012",2,4,2024-04-25
2024-04-25 16:00:00,"572,8880615234375","709,72998",2,4,2024-04-25
2024-04-25 17:00:00,"661,593994140625","1052,170044",2,4,2024-04-25
2024-04-25 18:00:00,"694,9944458007812","1135,699951",2,4,2024-04-25
2024-04-25 19:00:00,"651,2339477539062","847,98999",2,4,2024-04-25
2024-04-25 20:00:00,"580,6544189453125","681,23999",2,4,2024-04-25
2024-04-25 21:00:00,"524,765625","594,659973",2,4,2024-04-25
2024-04-25 22:00:00,"519,2699584960938","595,719971",2,4,2024-04-25
2024-04-25 23:00:00,"470,74365234375","551,929993",2,4,2024-04-25
2024-04-26 00:00:00,"426,3636169433594","553,429993",2,4,2024-04-26
2024-04-26 01:00:00,"411,3348388671875","552,460022",2,4,2024-04-26
2024-04-26 02:00:00,"386,7547912597656","575,049988",2,4,2024-04-26
2024-04-26 03:00:00,"400,0594787597656","618,909973",2,4,2024-04-26
2024-04-26 04:00:00,"486,43115234375","697,380005",2,4,2024-04-26
2024-04-26 05:00:00,"535,3627319335938","776,140015",2,4,2024-04-26
2024-04-26 06:00:00,"541,2264404296875","716,469971",2,4,2024-04-26
2024-04-26 07:00:00,"490,996337890625","604,73999",2,4,2024-04-26
2024-04-26 08:00:00,"361,8749084472656","580,349976",2,4,2024-04-26
2024-04-26 09:00:00,"231,05381774902344","544,099976",2,4,2024-04-26
2024-04-26 10:00:00,"151,8312530517578","524,710022",2,4,2024-04-26
2024-04-26 11:00:00,"104,6764907836914","512,700012",2,4,2024-04-26
2024-04-26 12:00:00,"101,72010803222656","487,570007",2,4,2024-04-26
2024-04-26 13:00:00,"108,2898178100586","521,5",2,4,2024-04-26
2024-04-26 14:00:00,"197,8730010986328","534,780029",2,4,2024-04-26
2024-04-26 15:00:00,"395,5235900878906","600,119995",2,4,2024-04-26
2024-04-26 16:00:00,"455,5877380371094","700,210022",2,4,2024-04-26
2024-04-26 17:00:00,"543,7034912109375","959,25",2,4,2024-04-26
2024-04-26 18:00:00,"581,7234497070312","1018,539978",2,4,2024-04-26
2024-04-26 19:00:00,"497,8436279296875","820,440002",2,4,2024-04-26
2024-04-26 20:00:00,"470,042724609375","691,47998",2,4,2024-04-26
2024-04-26 21:00:00,"463,9224548339844","658,289978",2,4,2024-04-26
2024-04-26 22:00:00,"406,6536865234375","673,330017",2,4,2024-04-26
2024-04-26 23:00:00,"366,8970947265625","662,960022",2,4,2024-04-26
2024-04-27 00:00:00,"323,62603759765625","645,72998",2,4,2024-04-27
2024-04-27 01:00:00,"311,4386291503906","663,929993",2,4,2024-04-27
2024-04-27 02:00:00,"318,9815368652344","653,940002",2,4,2024-04-27
2024-04-27 03:00:00,"337,5574035644531","625,52002",2,4,2024-04-27
2024-04-27 04:00:00,"378,72601318359375","641,929993",2,4,2024-04-27
2024-04-27 05:00:00,"381,9808349609375","589,429993",2,4,2024-04-27
2024-04-27 06:00:00,"364,7196044921875","511,950012",2,4,2024-04-27
2024-04-27 07:00:00,"304,52093505859375","440,51001",2,4,2024-04-27
2024-04-27 08:00:00,"204,1145477294922","284,950012",2,4,2024-04-27
2024-04-27 09:00:00,"99,47914123535156","194,559998",2,4,2024-04-27
2024-04-27 10:00:00,"58,1788330078125","294,640015",2,4,2024-04-27
2024-04-27 11:00:00,"-59,2978401184082","308,809998",2,4,2024-04-27
2024-04-27 12:00:00,"-185,007568359375","182,710007",2,4,2024-04-27
2024-04-27 13:00:00,"-183,9881591796875","75,019997",2,4,2024-04-27
2024-04-27 14:00:00,"7,834846019744873","156,080002",2,4,2024-04-27
2024-04-27 15:00:00,"264,08258056640625","463,700012",2,4,2024-04-27
2024-04-27 16:00:00,"427,01324462890625","642,679993",2,4,2024-04-27
2024-04-27 17:00:00,"509,42486572265625","894,140015",2,4,2024-04-27
2024-04-27 18:00:00,"518,4962768554688","837,23999",2,4,2024-04-27
2024-04-27 19:00:00,"410,0431823730469","633,880005",2,4,2024-04-27
2024-04-27 20:00:00,"343,4298400878906","566,01001",2,4,2024-04-27
2024-04-27 21:00:00,"237,74713134765625","486,440002",2,4,2024-04-27
2024-04-27 22:00:00,"188,74305725097656","420,570007",2,4,2024-04-27
2024-04-27 23:00:00,"154,10569763183594","344,119995",2,4,2024-04-27
2024-04-28 00:00:00,"161,2086944580078","295,350006",2,4,2024-04-28
2024-04-28 01:00:00,"144,52560424804688","235,309998",2,4,2024-04-28
2024-04-28 02:00:00,"136,57884216308594","205,850006",2,4,2024-04-28
2024-04-28 03:00:00,"169,6387939453125","194,289993",2,4,2024-04-28
2024-04-28 04:00:00,"186,83956909179688","74,209999",2,4,2024-04-28
2024-04-28 05:00:00,"181,61865234375","1,86",2,4,2024-04-28
2024-04-28 06:00:00,"154,93431091308594","1,94",2,4,2024-04-28
2024-04-28 07:00:00,"112,64566040039062","1,64",2,4,2024-04-28
2024-04-28 08:00:00,"41,65159225463867","0,0",2,4,2024-04-28
2024-04-28 09:00:00,"15,320276260375977","-7,16",2,4,2024-04-28
2024-04-28 10:00:00,"-33,96982192993164","-18,049999",2,4,2024-04-28
2024-04-28 11:00:00,"-166,68580627441406","-18,65",2,4,2024-04-28
2024-04-28 12:00:00,"-203,9742431640625","-18,790001",2,4,2024-04-28
2024-04-28 13:00:00,"-95,44693756103516","-15,66",2,4,2024-04-28
2024-04-28 14:00:00,"-34,603736877441406","-15,51",2,4,2024-04-28
2024-04-28 15:00:00,"174,4108428955078","-0,15",2,4,2024-04-28
2024-04-28 16:00:00,"440,4060363769531","189,289993",2,4,2024-04-28
2024-04-28 17:00:00,"543,8125","517,299988",2,4,2024-04-28
2024-04-28 18:00:00,"639,5615844726562","577,640015",2,4,2024-04-28
2024-04-28 19:00:00,"608,4398193359375","583,159973",2,4,2024-04-28
2024-04-28 20:00:00,"557,7905883789062","468,079987",2,4,2024-04-28
2024-04-28 21:00:00,"514,5204467773438","417,890015",2,4,2024-04-28
2024-04-28 22:00:00,"476,5119323730469","306,529999",2,4,2024-04-28
2024-04-28 23:00:00,"460,08441162109375","370,75",2,4,2024-04-28
2024-07-01 00:00:00,"565,8104248046875","583,150024",3,1,2024-07-01
2024-07-01 01:00:00,"566,980712890625","581,809998",3,1,2024-07-01
2024-07-01 02:00:00,"560,6099853515625","564,059998",3,1,2024-07-01
2024-07-01 03:00:00,"621,2384643554688","602,76001",3,1,2024-07-01
2024-07-01 04:00:00,"776,71728515625","907,349976",3,1,2024-07-01
2024-07-01 05:00:00,"925,0272216796875","1018,109985",3,1,2024-07-01
2024-07-01 06:00:00,"904,0813598632812","963,590027",3,1,2024-07-01
2024-07-01 07:00:00,"652,5807495117188","841,27002",3,1,2024-07-01
2024-07-01 08:00:00,"497,45263671875","750,289978",3,1,2024-07-01
2024-07-01 09:00:00,"413,2457580566406","642,070007",3,1,2024-07-01
2024-07-01 10:00:00,"360,81109619140625","493,200012",3,1,2024-07-01
2024-07-01 11:00:00,"324,4270935058594","318,609985",3,1,2024-07-01
2024-07-01 12:00:00,"322,9610900878906","258,5",3,1,2024-07-01
2024-07-01 13:00:00,"355,8481140136719","242,759995",3,1,2024-07-01
2024-07-01 14:00:00,"441,7698669433594","231,649994",3,1,2024-07-01
2024-07-01 15:00:00,"543,0401000976562","410,200012",3,1,2024-07-01
2024-07-01 16:00:00,"698,7149047851562","538,77002",3,1,2024-07-01
2024-07-01 17:00:00,"1034,671875","733,72998",3,1,2024-07-01
2024-07-01 18:00:00,"1342,18310546875","791,080017",3,1,2024-07-01
2024-07-01 19:00:00,"1164,989990234375","939,719971",3,1,2024-07-01
2024-07-01 20:00:00,"837,8179321289062","782,580017",3,1,2024-07-01
2024-07-01 21:00:00,"649,525146484375","653,700012",3,1,2024-07-01
2024-07-01 22:00:00,"565,5734252929688","593,919983",3,1,2024-07-01
2024-07-01 23:00:00,"544,9642944335938","462,350006",3,1,2024-07-01
2024-07-02 00:00:00,"552,5462036132812","375,829987",3,1,2024-07-02
2024-07-02 01:00:00,"548,6510009765625","402,829987",3,1,2024-07-02
2024-07-02 02:00:00,"560,5647583007812","343,98999",3,1,2024-07-02
2024-07-02 03:00:00,"588,0494384765625","379,040009",3,1,2024-07-02
2024-07-02 04:00:00,"786,541259765625","518,070007",3,1,2024-07-02
2024-07-02 05:00:00,"857,6551513671875","496,140015",3,1,2024-07-02
2024-07-02 06:00:00,"715,9086303710938","611,299988",3,1,2024-07-02
2024-07-02 07:00:00,"575,816162109375","498,970001",3,1,2024-07-02
2024-07-02 08:00:00,"425,7629089355469","293,119995",3,1,2024-07-02
2024-07-02 09:00:00,"242,77540588378906","265,369995",3,1,2024-07-02
2024-07-02 10:00:00,"197,34591674804688","263,51001",3,1,2024-07-02
2024-07-02 11:00:00,"306,2967529296875","257,98999",3,1,2024-07-02
2024-07-02 12:00:00,"210,749755859375","252,990005",3,1,2024-07-02
2024-07-02 13:00:00,"288,0183410644531","243,070007",3,1,2024-07-02
2024-07-02 14:00:00,"317,9430847167969","249,410004",3,1,2024-07-02
2024-07-02 15:00:00,"453,6224365234375","262,170013",3,1,2024-07-02
2024-07-02 16:00:00,"667,9368896484375","261,720001",3,1,2024-07-02
2024-07-02 17:00:00,"874,3917846679688","267,160004",3,1,2024-07-02
2024-07-02 18:00:00,"1062,2279052734375","311,98999",3,1,2024-07-02
2024-07-02 19:00:00,"879,1297607421875","436,920013",3,1,2024-07-02
2024-07-02 20:00:00,"759,3721923828125","345,779999",3,1,2024-07-02
2024-07-02 21:00:00,"608,3557739257812","301,100006",3,1,2024-07-02
2024-07-02 22:00:00,"713,4837646484375","277,459991",3,1,2024-07-02
2024-07-02 23:00:00,"725,6416625976562","268,809998",3,1,2024-07-02
2024-07-03 00:00:00,"731,3462524414062","267,23999",3,1,2024-07-03
2024-07-03 01:00:00,"853,3414916992188","270,380005",3,1,2024-07-03
2024-07-03 02:00:00,"1014,205078125","288,649994",3,1,2024-07-03
2024-07-03 03:00:00,"1763,169921875","439,309998",3,1,2024-07-03
2024-07-03 04:00:00,"4698,1904296875","647,929993",3,1,2024-07-03
2024-07-03 05:00:00,"3022,342529296875","729,599976",3,1,2024-07-03
2024-07-03 06:00:00,"1479,2034912109375","771,669983",3,1,2024-07-03
2024-07-03 07:00:00,"733,5258178710938","416,709991",3,1,2024-07-03
2024-07-03 08:00:00,"492,8160095214844","323,029999",3,1,2024-07-03
2024-07-03 09:00:00,"353,3629455566406","298,119995",3,1,2024-07-03
2024-07-03 10:00:00,"285,3913879394531","291,859985",3,1,2024-07-03
2024-07-03 11:00:00,"238,2012176513672","296,179993",3,1,2024-07-03
2024-07-03 12:00:00,"203,28697204589844","306,100006",3,1,2024-07-03
2024-07-03 13:00:00,"390,34051513671875","317,220001",3,1,2024-07-03
2024-07-03 14:00:00,"391,0831298828125","376,660004",3,1,2024-07-03
2024-07-03 15:00:00,"538,2357177734375","590,5",3,1,2024-07-03
2024-07-03 16:00:00,"959,2105712890625","697,830017",3,1,2024-07-03
2024-07-03 17:00:00,"1983,43701171875","831,27002",3,1,2024-07-03
2024-07-03 18:00:00,"4776,64111328125","1149,969971",3,1,2024-07-03
2024-07-03 19:00:00,"3248,723388671875","784,130005",3,1,2024-07-03
2024-07-03 20:00:00,"1686,890380859375","655,23999",3,1,2024-07-03
2024-07-03 21:00:00,"1592,992919921875","513,900024",3,1,2024-07-03
2024-07-03 22:00:00,"865,0206298828125","436,329987",3,1,2024-07-03
2024-07-03 23:00:00,"638,2940673828125","228,75",3,1,2024-07-03
2024-07-04 00:00:00,"563,041015625","154,240005",3,1,2024-07-04
2024-07-04 01:00:00,"538,3718872070312","130,149994",3,1,2024-07-04
2024-07-04 02:00:00,"503,1854248046875","70,779999",3,1,2024-07-04
2024-07-04 03:00:00,"489,353271484375","74,730003",3,1,2024-07-04
2024-07-04 04:00:00,"658,2835693359375","197,429993",3,1,2024-07-04
2024-07-04 05:00:00,"810,3560180664062","223,759995",3,1,2024-07-04
2024-07-04 06:00:00,"782,196533203125","235,910004",3,1,2024-07-04
2024-07-04 07:00:00,"596,01171875","168,940002",3,1,2024-07-04
2024-07-04 08:00:00,"480,4983825683594","14,17",3,1,2024-07-04
2024-07-04 09:00:00,"371,1997985839844","0,0",3,1,2024-07-04
2024-07-04 10:00:00,"298,48583984375","-0,3",3,1,2024-07-04
2024-07-04 11:00:00,"248,80661010742188","-37,52",3,1,2024-07-04
2024-07-04 12:00:00,"255,7675018310547","-142,380005",3,1,2024-07-04
2024-07-04 13:00:00,"288,2782897949219","-100,470001",3,1,2024-07-04
2024-07-04 14:00:00,"371,1283874511719","-39,599998",3,1,2024-07-04
2024-07-04 15:00:00,"464,2198486328125","-0,22",3,1,2024-07-04
2024-07-04 16:00:00,"602,8840942382812","50,490002",3,1,2024-07-04
2024-07-04 17:00:00,"938,0468139648438","216,300003",3,1,2024-07-04
2024-07-04 18:00:00,"1394,7701416015625","336,160004",3,1,2024-07-04
2024-07-04 19:00:00,"1183,472412109375","289,320007",3,1,2024-07-04
2024-07-04 20:00:00,"830,4371948242188","288,5",3,1,2024-07-04
2024-07-04 21:00:00,"657,8154907226562","284,170013",3,1,2024-07-04
2024-07-04 22:00:00,"562,1986083984375","51,610001",3,1,2024-07-04
2024-07-04 23:00:00,"521,1178588867188","36,02",3,1,2024-07-04
2024-07-05 00:00:00,"514,3614501953125","29,83",3,1,2024-07-05
2024-07-05 01:00:00,"500,1571350097656","19,91",3,1,2024-07-05
2024-07-05 02:00:00,"493,65228271484375","21,780001",3,1,2024-07-05
2024-07-05 03:00:00,"516,5401000976562","42,66",3,1,2024-07-05
2024-07-05 04:00:00,"575,6134033203125","149,100006",3,1,2024-07-05
2024-07-05 05:00:00,"595,8466186523438","216,970001",3,1,2024-07-05
2024-07-05 06:00:00,"543,9378662109375","234,720001",3,1,2024-07-05
2024-07-05 07:00:00,"490,4630432128906","138,429993",3,1,2024-07-05
2024-07-05 08:00:00,"432,07421875","22,0",3,1,2024-07-05
2024-07-05 09:00:00,"357,1938171386719","3,06",3,1,2024-07-05
2024-07-05 10:00:00,"315,0742492675781","-0,3",3,1,2024-07-05
2024-07-05 11:00:00,"291,87286376953125","-4,1",3,1,2024-07-05
2024-07-05 12:00:00,"295,7641296386719","-5,74",3,1,2024-07-05
2024-07-05 13:00:00,"289,92822265625","-0,22",3,1,2024-07-05
2024-07-05 14:00:00,"294,9153137207031","14,4",3,1,2024-07-05
2024-07-05 15:00:00,"363,6050109863281","125,379997",3,1,2024-07-05
2024-07-05 16:00:00,"432,46160888671875","186,839996",3,1,2024-07-05
2024-07-05 17:00:00,"529,2940673828125","273,730011",3,1,2024-07-05
2024-07-05 18:00:00,"560,527587890625","282,01001",3,1,2024-07-05
2024-07-05 19:00:00,"579,2435913085938","447,959991",3,1,2024-07-05
2024-07-05 20:00:00,"552,2959594726562","618,02002",3,1,2024-07-05
2024-07-05 21:00:00,"517,34716796875","633,609985",3,1,2024-07-05
2024-07-05 22:00:00,"509,26116943359375","637,890015",3,1,2024-07-05
2024-07-05 23:00:00,"511,0166015625","492,73999",3,1,2024-07-05
2024-07-06 00:00:00,"495,1600341796875","473,799988",3,1,2024-07-06
2024-07-06 01:00:00,"482,24761962890625","346,540009",3,1,2024-07-06
2024-07-06 02:00:00,"467,417724609375","288,070007",3,1,2024-07-06
2024-07-06 03:00:00,"429,7060852050781","117,029999",3,1,2024-07-06
2024-07-06 04:00:00,"403,91082763671875","42,740002",3,1,2024-07-06
2024-07-06 05:00:00,"356,4295349121094","40,049999",3,1,2024-07-06
2024-07-06 06:00:00,"324,4149169921875","25,360001",3,1,2024-07-06
2024-07-06 07:00:00,"208,37376403808594","2,39",3,1,2024-07-06
2024-07-06 08:00:00,"228,2713623046875","-0,3",3,1,2024-07-06
2024-07-06 09:00:00,"141,28453063964844","-0,15",3,1,2024-07-06
2024-07-06 10:00:00,"242,4609375","-0,22",3,1,2024-07-06
2024-07-06 11:00:00,"108,50428771972656","-0,9",3,1,2024-07-06
2024-07-06 12:00:00,"91,6341552734375","-16,26",3,1,2024-07-06
2024-07-06 13:00:00,"104,0817642211914","-20,209999",3,1,2024-07-06
2024-07-06 14:00:00,"311,71820068359375","-4,48",3,1,2024-07-06
2024-07-06 15:00:00,"345,2802429199219","-0,45",3,1,2024-07-06
2024-07-06 16:00:00,"456,90924072265625","14,02",3,1,2024-07-06
2024-07-06 17:00:00,"584,8380737304688","1,64",3,1,2024-07-06
2024-07-06 18:00:00,"613,1841430664062","49,900002",3,1,2024-07-06
2024-07-06 19:00:00,"532,2792358398438","70,110001",3,1,2024-07-06
2024-07-06 20:00:00,"460,1131591796875","134,259995",3,1,2024-07-06
2024-07-06 21:00:00,"396,8113708496094","104,580002",3,1,2024-07-06
2024-07-06 22:00:00,"351,591796875","-0,22",3,1,2024-07-06
2024-07-06 23:00:00,"288,1932067871094","-0,75",3,1,2024-07-06
2024-07-07 00:00:00,"288,67132568359375","-5,97",3,1,2024-07-07
2024-07-07 01:00:00,"283,27557373046875","-3,58",3,1,2024-07-07
2024-07-07 02:00:00,"286,29052734375","-0,45",3,1,2024-07-07
2024-07-07 03:00:00,"276,67572021484375","-0,07",3,1,2024-07-07
2024-07-07 04:00:00,"292,6805725097656","-0,07",3,1,2024-07-07
2024-07-07 05:00:00,"180,9203338623047","-0,07",3,1,2024-07-07
2024-07-07 06:00:00,"240,8028564453125","-4,47",3,1,2024-07-07
2024-07-07 07:00:00,"123,77273559570312","-48,400002",3,1,2024-07-07
2024-07-07 08:00:00,"205,8894805908203","-74,43",3,1,2024-07-07
2024-07-07 09:00:00,"187,4359588623047","-89,800003",3,1,2024-07-07
2024-07-07 10:00:00,"191,4946746826172","-100,610001",3,1,2024-07-07
2024-07-07 11:00:00,"193,62367248535156","-112,019997",3,1,2024-07-07
2024-07-07 12:00:00,"197,16754150390625","-156,470001",3,1,2024-07-07
2024-07-07 13:00:00,"203,4892578125","-90,989998",3,1,2024-07-07
2024-07-07 14:00:00,"265,0707702636719","-45,939999",3,1,2024-07-07
2024-07-07 15:00:00,"253,06863403320312","-0,6",3,1,2024-07-07
2024-07-07 16:00:00,"474,0802917480469","477,23999",3,1,2024-07-07
2024-07-07 17:00:00,"653,9098510742188","673,23999",3,1,2024-07-07
2024-07-07 18:00:00,"816,2548828125","890,48999",3,1,2024-07-07
2024-07-07 19:00:00,"857,8751831054688","947,549988",3,1,2024-07-07
2024-07-07 20:00:00,"836,5262451171875","859,169983",3,1,2024-07-07
2024-07-07 21:00:00,"726,3759765625","724,400024",3,1,2024-07-07
2024-07-07 22:00:00,"688,499267578125","608,72998",3,1,2024-07-07
2024-07-07 23:00:00,"601,5623779296875","571,659973",3,1,2024-07-07
2024-07-08 00:00:00,"568,5216674804688","552,48999",3,2,2024-07-08
2024-07-08 01:00:00,"580,0494995117188","579,640015",3,2,2024-07-08
2024-07-08 02:00:00,"582,5592041015625","568,900024",3,2,2024-07-08
2024-07-08 03:00:00,"652,9598999023438","592,469971",3,2,2024-07-08
2024-07-08 04:00:00,"893,7337646484375","820,390015",3,2,2024-07-08
2024-07-08 05:00:00,"1012,3943481445312","924,580017",3,2,2024-07-08
2024-07-08 06:00:00,"901,0760498046875","750,580017",3,2,2024-07-08
2024-07-08 07:00:00,"677,3701782226562","578,820007",3,2,2024-07-08
2024-07-08 08:00:00,"545,2831420898438","402,209991",3,2,2024-07-08
2024-07-08 09:00:00,"446,83233642578125","286,609985",3,2,2024-07-08
2024-07-08 10:00:00,"342,9168395996094","237,089996",3,2,2024-07-08
2024-07-08 11:00:00,"303,3293151855469","219,639999",3,2,2024-07-08
2024-07-08 12:00:00,"272,031494140625","220,460007",3,2,2024-07-08
2024-07-08 13:00:00,"338,6656494140625","274,079987",3,2,2024-07-08
2024-07-08 14:00:00,"418,98883056640625","477,320007",3,2,2024-07-08
2024-07-08 15:00:00,"565,0384521484375","598,140015",3,2,2024-07-08
2024-07-08 16:00:00,"699,8782958984375","765,419983",3,2,2024-07-08
2024-07-08 17:00:00,"1033,5550537109375","1006,840027",3,2,2024-07-08
2024-07-08 18:00:00,"1453,5157470703125","1857,140015",3,2,2024-07-08
2024-07-08 19:00:00,"1209,5355224609375","1295,390015",3,2,2024-07-08
2024-07-08 20:00:00,"914,5084838867188","847,609985",3,2,2024-07-08
2024-07-08 21:00:00,"701,7111206054688","686,289978",3,2,2024-07-08
2024-07-08 22:00:00,"664,4408569335938","787,049988",3,2,2024-07-08
2024-07-08 23:00:00,"631,7931518554688","715,73999",3,2,2024-07-08
2024-07-09 00:00:00,"618,9644775390625","694,26001",3,2,2024-07-09
2024-07-09 01:00:00,"619,7595825195312","679,789978",3,2,2024-07-09
2024-07-09 02:00:00,"628,933349609375","653,840027",3,2,2024-07-09
2024-07-09 03:00:00,"653,0308837890625","722,22998",3,2,2024-07-09
2024-07-09 04:00:00,"839,709228515625","830,76001",3,2,2024-07-09
2024-07-09 05:00:00,"903,7132568359375","773,919983",3,2,2024-07-09
2024-07-09 06:00:00,"747,5442504882812","701,119995",3,2,2024-07-09
2024-07-09 07:00:00,"587,9491577148438","501,679993",3,2,2024-07-09
2024-07-09 08:00:00,"470,5933837890625","347,799988",3,2,2024-07-09
2024-07-09 09:00:00,"354,1318054199219","251,440002",3,2,2024-07-09
2024-07-09 10:00:00,"312,7427673339844","163,720001",3,2,2024-07-09
2024-07-09 11:00:00,"290,8313293457031","119,190002",3,2,2024-07-09
2024-07-09 12:00:00,"276,9122619628906","32,369999",3,2,2024-07-09
2024-07-09 13:00:00,"304,552490234375","82,639999",3,2,2024-07-09
2024-07-09 14:00:00,"433,138916015625","400,76001",3,2,2024-07-09
2024-07-09 15:00:00,"524,006591796875","609,309998",3,2,2024-07-09
2024-07-09 16:00:00,"733,620361328125","740,429993",3,2,2024-07-09
2024-07-09 17:00:00,"934,3753662109375","822,47998",3,2,2024-07-09
2024-07-09 18:00:00,"1018,1210327148438","841,349976",3,2,2024-07-09
2024-07-09 19:00:00,"884,5164184570312","748,26001",3,2,2024-07-09
2024-07-09 20:00:00,"760,4036254882812","338,779999",3,2,2024-07-09
2024-07-09 21:00:00,"583,9468383789062","301,779999",3,2,2024-07-09
2024-07-09 22:00:00,"739,2886962890625","243,110001",3,2,2024-07-09
2024-07-09 23:00:00,"744,818359375","246,089996",3,2,2024-07-09
2024-07-10 00:00:00,"802,6976928710938","224,009995",3,2,2024-07-10
2024-07-10 01:00:00,"1092,95361328125","214,320007",3,2,2024-07-10
2024-07-10 02:00:00,"1297,197265625","223,789993",3,2,2024-07-10
2024-07-10 03:00:00,"2192,52880859375","243,779999",3,2,2024-07-10
2024-07-10 04:00:00,"4831,02490234375","300,700012",3,2,2024-07-10
2024-07-10 05:00:00,"2982,0859375","325,089996",3,2,2024-07-10
2024-07-10 06:00:00,"1503,8758544921875","622,809998",3,2,2024-07-10
2024-07-10 07:00:00,"783,4666748046875","586,109985",3,2,2024-07-10
2024-07-10 08:00:00,"520,680419921875","484,880005",3,2,2024-07-10
2024-07-10 09:00:00,"370,5956726074219","416,029999",3,2,2024-07-10
2024-07-10 10:00:00,"303,1236267089844","351,570007",3,2,2024-07-10
2024-07-10 11:00:00,"269,1214599609375","304,059998",3,2,2024-07-10
2024-07-10 12:00:00,"290,7227783203125","392,149994",3,2,2024-07-10
2024-07-10 13:00:00,"313,1081237792969","394,690002",3,2,2024-07-10
2024-07-10 14:00:00,"353,4705810546875","441,089996",3,2,2024-07-10
2024-07-10 15:00:00,"598,4110107421875","597,820007",3,2,2024-07-10
2024-07-10 16:00:00,"975,0928955078125","595,059998",3,2,2024-07-10
2024-07-10 17:00:00,"1767,73828125","743,880005",3,2,2024-07-10
2024-07-10 18:00:00,"4571,875","872,780029",3,2,2024-07-10
2024-07-10 19:00:00,"2940,469970703125","1122,75",3,2,2024-07-10
2024-07-10 20:00:00,"1601,8590087890625","850,179993",3,2,2024-07-10
2024-07-10 21:00:00,"1492,1563720703125","693,150024",3,2,2024-07-10
2024-07-10 22:00:00,"799,6131591796875","716,380005",3,2,2024-07-10
2024-07-10 23:00:00,"607,6177368164062","596,48999",3,2,2024-07-10
2024-07-11 00:00:00,"471,99591064453125","574,919983",3,2,2024-07-11
2024-07-11 01:00:00,"459,219482421875","593,869995",3,2,2024-07-11
2024-07-11 02:00:00,"440,6431884765625","599,169983",3,2,2024-07-11
2024-07-11 03:00:00,"439,8310241699219","611,630005",3,2,2024-07-11
2024-07-11 04:00:00,"634,0018920898438","801,72998",3,2,2024-07-11
2024-07-11 05:00:00,"681,4094848632812","895,289978",3,2,2024-07-11
2024-07-11 06:00:00,"633,1766967773438","794,789978",3,2,2024-07-11
2024-07-11 07:00:00,"472,380859375","664,830017",3,2,2024-07-11
2024-07-11 08:00:00,"321,5936584472656","602,01001",3,2,2024-07-11
2024-07-11 09:00:00,"302,7732849121094","496,880005",3,2,2024-07-11
2024-07-11 10:00:00,"297,9903564453125","428,540009",3,2,2024-07-11
2024-07-11 11:00:00,"280,7427062988281","355,880005",3,2,2024-07-11
2024-07-11 12:00:00,"222,846923828125","331,850006",3,2,2024-07-11
2024-07-11 13:00:00,"330,71417236328125","373,779999",3,2,2024-07-11
2024-07-11 14:00:00,"337,7503662109375","454,959991",3,2,2024-07-11
2024-07-11 15:00:00,"450,68231201171875","611,109985",3,2,2024-07-11
2024-07-11 16:00:00,"538,2202758789062","683,25",3,2,2024-07-11
2024-07-11 17:00:00,"763,670166015625","872,909973",3,2,2024-07-11
2024-07-11 18:00:00,"1182,406494140625","1375,23999",3,2,2024-07-11
2024-07-11 19:00:00,"1077,3133544921875","1244,0",3,2,2024-07-11
2024-07-11 20:00:00,"824,0277099609375","907,150024",3,2,2024-07-11
2024-07-11 21:00:00,"661,1666870117188","732,049988",3,2,2024-07-11
2024-07-11 22:00:00,"567,5321655273438","764,130005",3,2,2024-07-11
2024-07-11 23:00:00,"513,1998901367188","651,400024",3,2,2024-07-11
2024-07-12 00:00:00,"479,1881408691406","609,619995",3,2,2024-07-12
2024-07-12 01:00:00,"469,46282958984375","596,710022",3,2,2024-07-12
2024-07-12 02:00:00,"452,41949462890625","570,0",3,2,2024-07-12
2024-07-12 03:00:00,"452,8345642089844","592,159973",3,2,2024-07-12
2024-07-12 04:00:00,"543,9500732421875","805,309998",3,2,2024-07-12
2024-07-12 05:00:00,"639,4458618164062","820,080017",3,2,2024-07-12
2024-07-12 06:00:00,"609,9362182617188","817,690002",3,2,2024-07-12
2024-07-12 07:00:00,"464,290771484375","763,97998",3,2,2024-07-12
2024-07-12 08:00:00,"330,3977966308594","715,26001",3,2,2024-07-12
2024-07-12 09:00:00,"250,9575958251953","670,200012",3,2,2024-07-12
2024-07-12 10:00:00,"243,64454650878906","621,099976",3,2,2024-07-12
2024-07-12 11:00:00,"202,33245849609375","586,409973",3,2,2024-07-12
2024-07-12 12:00:00,"310,827880859375","582,22998",3,2,2024-07-12
2024-07-12 13:00:00,"226,49740600585938","583,349976",3,2,2024-07-12
2024-07-12 14:00:00,"293,9013977050781","624,159973",3,2,2024-07-12
2024-07-12 15:00:00,"342,8766784667969","589,400024",3,2,2024-07-12
2024-07-12 16:00:00,"485,2997741699219","671,840027",3,2,2024-07-12
2024-07-12 17:00:00,"617,7145385742188","720,849976",3,2,2024-07-12
2024-07-12 18:00:00,"746,6470336914062","683,400024",3,2,2024-07-12
2024-07-12 19:00:00,"785,1682739257812","705,859985",3,2,2024-07-12
2024-07-12 20:00:00,"745,20947265625","639,090027",3,2,2024-07-12
2024-07-12 21:00:00,"640,1715698242188","522,330017",3,2,2024-07-12
2024-07-12 22:00:00,"582,5751953125","251,740005",3,2,2024-07-12
2024-07-12 23:00:00,"516,6666259765625","242,940002",3,2,2024-07-12
2024-07-13 00:00:00,"501,9349365234375","259,869995",3,2,2024-07-13
2024-07-13 01:00:00,"461,84661865234375","247,710007",3,2,2024-07-13
2024-07-13 02:00:00,"442,43853759765625","243,610001",3,2,2024-07-13
2024-07-13 03:00:00,"384,7079162597656","231,149994",3,2,2024-07-13
2024-07-13 04:00:00,"366,6408386230469","227,860001",3,2,2024-07-13
2024-07-13 05:00:00,"329,1023864746094","207,570007",3,2,2024-07-13
2024-07-13 06:00:00,"330,4168701171875","198,470001",3,2,2024-07-13
2024-07-13 07:00:00,"198,6322784423828","156,460007",3,2,2024-07-13
2024-07-13 08:00:00,"272,8184814453125","38,5",3,2,2024-07-13
2024-07-13 09:00:00,"174,45950317382812","0,3",3,2,2024-07-13
2024-07-13 10:00:00,"251,39515686035156","-0,07",3,2,2024-07-13
2024-07-13 11:00:00,"169,2379150390625","-6,49",3,2,2024-07-13
2024-07-13 12:00:00,"157,58750915527344","-6,04",3,2,2024-07-13
2024-07-13 13:00:00,"284,0018615722656","-0,45",3,2,2024-07-13
2024-07-13 14:00:00,"191,88723754882812","10,52",3,2,2024-07-13
2024-07-13 15:00:00,"435,8236999511719","-0,07",3,2,2024-07-13
2024-07-13 16:00:00,"506,2391357421875","214,660004",3,2,2024-07-13
2024-07-13 17:00:00,"616,8901977539062","375,519989",3,2,2024-07-13
2024-07-13 18:00:00,"648,822265625","562,950012",3,2,2024-07-13
2024-07-13 19:00:00,"611,3162231445312","568,98999",3,2,2024-07-13
2024-07-13 20:00:00,"527,8540649414062","588,23999",3,2,2024-07-13
2024-07-13 21:00:00,"461,0369567871094","470,049988",3,2,2024-07-13
2024-07-13 22:00:00,"405,4988098144531","663,700012",3,2,2024-07-13
2024-07-13 23:00:00,"335,58917236328125","471,48999",3,2,2024-07-13
2024-07-14 00:00:00,"315,2580261230469","413,73999",3,2,2024-07-14
2024-07-14 01:00:00,"311,287353515625","330,540009",3,2,2024-07-14
2024-07-14 02:00:00,"311,52001953125","283,01001",3,2,2024-07-14
2024-07-14 03:00:00,"303,16156005859375","274,660004",3,2,2024-07-14
2024-07-14 04:00:00,"322,615234375","238,470001",3,2,2024-07-14
2024-07-14 05:00:00,"209,68496704101562","106,550003",3,2,2024-07-14
2024-07-14 06:00:00,"290,43829345703125","2,16",3,2,2024-07-14
2024-07-14 07:00:00,"180,288818359375","-17,09",3,2,2024-07-14
2024-07-14 08:00:00,"216,50741577148438","-22,530001",3,2,2024-07-14
2024-07-14 09:00:00,"194,08253479003906","-25,370001",3,2,2024-07-14
2024-07-14 10:00:00,"188,53427124023438","-31,49",3,2,2024-07-14
2024-07-14 11:00:00,"188,11602783203125","-38,5",3,2,2024-07-14
2024-07-14 12:00:00,"179,0321044921875","-47,830002",3,2,2024-07-14
2024-07-14 13:00:00,"263,6318359375","-39,990002",3,2,2024-07-14
2024-07-14 14:00:00,"187,0935516357422","-75,809998",3,2,2024-07-14
2024-07-14 15:00:00,"380,4914855957031","-0,37",3,2,2024-07-14
2024-07-14 16:00:00,"434,683837890625","347,26001",3,2,2024-07-14
2024-07-14 17:00:00,"546,2461547851562","654,820007",3,2,2024-07-14
2024-07-14 18:00:00,"779,7882080078125","841,650024",3,2,2024-07-14
2024-07-14 19:00:00,"849,6182861328125","806,059998",3,2,2024-07-14
2024-07-14 20:00:00,"754,7968139648438","789,719971",3,2,2024-07-14
2024-07-14 21:00:00,"663,8451538085938","649,590027",3,2,2024-07-14
2024-07-14 22:00:00,"605,5482788085938","592,070007",3,2,2024-07-14
2024-07-14 23:00:00,"574,4161987304688","494,25",3,2,2024-07-14
2024-07-15 00:00:00,"510,27471923828125","434,029999",3,3,2024-07-15
2024-07-15 01:00:00,"536,7465209960938","361,059998",3,3,2024-07-15
2024-07-15 02:00:00,"543,2731323242188","388,73999",3,3,2024-07-15
2024-07-15 03:00:00,"585,3352661132812","482,160004",3,3,2024-07-15
2024-07-15 04:00:00,"698,5899047851562","482,609985",3,3,2024-07-15
2024-07-15 05:00:00,"770,1170043945312","482,380005",3,3,2024-07-15
2024-07-15 06:00:00,"768,7843017578125","482,079987",3,3,2024-07-15
2024-07-15 07:00:00,"638,3688354492188","299,200012",3,3,2024-07-15
2024-07-15 08:00:00,"497,61883544921875","265,029999",3,3,2024-07-15
2024-07-15 09:00:00,"396,3427429199219","84,239998",3,3,2024-07-15
2024-07-15 10:00:00,"301,0693359375","0,52",3,3,2024-07-15
2024-07-15 11:00:00,"312,7080078125","-0,07",3,3,2024-07-15
2024-07-15 12:00:00,"293,08935546875","-0,52",3,3,2024-07-15
2024-07-15 13:00:00,"305,2265930175781","26,41",3,3,2024-07-15
2024-07-15 14:00:00,"349,4586181640625","330,470001",3,3,2024-07-15
2024-07-15 15:00:00,"514,7244873046875","611,840027",3,3,2024-07-15
2024-07-15 16:00:00,"599,7073364257812","853,219971",3,3,2024-07-15
2024-07-15 17:00:00,"747,1082763671875","1389,619995",3,3,2024-07-15
2024-07-15 18:00:00,"1095,5120849609375","1598,540039",3,3,2024-07-15
2024-07-15 19:00:00,"1097,2969970703125","1050,27002",3,3,2024-07-15
2024-07-15 20:00:00,"833,5913696289062","690,030029",3,3,2024-07-15
2024-07-15 21:00:00,"676,31201171875","597,659973",3,3,2024-07-15
2024-07-15 22:00:00,"673,2440185546875","571,47998",3,3,2024-07-15
2024-07-15 23:00:00,"643,4075317382812","475,829987",3,3,2024-07-15
2024-07-16 00:00:00,"632,579345703125","391,660004",3,3,2024-07-16
2024-07-16 01:00:00,"631,8217163085938","274,73999",3,3,2024-07-16
2024-07-16 02:00:00,"628,8733520507812","284,730011",3,3,2024-07-16
2024-07-16 03:00:00,"649,178955078125","375,470001",3,3,2024-07-16
2024-07-16 04:00:00,"725,2716064453125","531,859985",3,3,2024-07-16
2024-07-16 05:00:00,"768,3159790039062","593,049988",3,3,2024-07-16
2024-07-16 06:00:00,"754,4380493164062","568,349976",3,3,2024-07-16
2024-07-16 07:00:00,"559,7009887695312","468,359985",3,3,2024-07-16
2024-07-16 08:00:00,"450,42437744140625","160,350006",3,3,2024-07-16
2024-07-16 09:00:00,"331,2356872558594","10,67",3,3,2024-07-16
2024-07-16 10:00:00,"302,2042236328125","15,15",3,3,2024-07-16
2024-07-16 11:00:00,"268,82330322265625","98,489998",3,3,2024-07-16
2024-07-16 12:00:00,"235,25254821777344","30,290001",3,3,2024-07-16
2024-07-16 13:00:00,"262,1846008300781","10,97",3,3,2024-07-16
2024-07-16 14:00:00,"390,7191467285156","-0,07",3,3,2024-07-16
2024-07-16 15:00:00,"530,1212768554688","165,050003",3,3,2024-07-16
2024-07-16 16:00:00,"676,1740112304688","470,230011",3,3,2024-07-16
2024-07-16 17:00:00,"892,7711791992188","611,780029",3,3,2024-07-16
2024-07-16 18:00:00,"990,6424560546875","907,330017",3,3,2024-07-16
2024-07-16 19:00:00,"840,9078369140625","852,710022",3,3,2024-07-16
2024-07-16 20:00:00,"745,8401489257812","789,51001",3,3,2024-07-16
2024-07-16 21:00:00,"604,1526489257812","629,090027",3,3,2024-07-16
2024-07-16 22:00:00,"735,3199462890625","652,109985",3,3,2024-07-16
2024-07-16 23:00:00,"796,62548828125","544,52002",3,3,2024-07-16
2024-07-17 00:00:00,"968,9853515625","543,330017",3,3,2024-07-17
2024-07-17 01:00:00,"1258,0516357421875","526,23999",3,3,2024-07-17
2024-07-17 02:00:00,"1393,5347900390625","530,119995",3,3,2024-07-17
2024-07-17 03:00:00,"2134,84228515625","577,799988",3,3,2024-07-17
2024-07-17 04:00:00,"4600,478515625","671,880005",3,3,2024-07-17
2024-07-17 05:00:00,"2882,3505859375","744,330017",3,3,2024-07-17
2024-07-17 06:00:00,"1487,3116455078125","788,650024",3,3,2024-07-17
2024-07-17 07:00:00,"815,6066284179688","575,559998",3,3,2024-07-17
2024-07-17 08:00:00,"599,3245849609375","434,170013",3,3,2024-07-17
2024-07-17 09:00:00,"396,13177490234375","311,51001",3,3,2024-07-17
2024-07-17 10:00:00,"293,11602783203125","243,160004",3,3,2024-07-17
2024-07-17 11:00:00,"311,56396484375","163,029999",3,3,2024-07-17
2024-07-17 12:00:00,"319,39654541015625","80,580002",3,3,2024-07-17
2024-07-17 13:00:00,"351,723388671875","100,5",3,3,2024-07-17
2024-07-17 14:00:00,"449,7418518066406","290,089996",3,3,2024-07-17
2024-07-17 15:00:00,"609,15625","460,209991",3,3,2024-07-17
2024-07-17 16:00:00,"842,7506103515625","618,76001",3,3,2024-07-17
2024-07-17 17:00:00,"1467,759521484375","797,530029",3,3,2024-07-17
2024-07-17 18:00:00,"2017,0465087890625","984,280029",3,3,2024-07-17
2024-07-17 19:00:00,"2819,692138671875","1044,790039",3,3,2024-07-17
2024-07-17 20:00:00,"1437,47412109375","857,369995",3,3,2024-07-17
2024-07-17 21:00:00,"1410,6484375","687,700012",3,3,2024-07-17
2024-07-17 22:00:00,"657,7540893554688","506,570007",3,3,2024-07-17
2024-07-17 23:00:00,"487,0155029296875","544,679993",3,3,2024-07-17
2024-07-18 00:00:00,"426,7499694824219","493,589996",3,3,2024-07-18
2024-07-18 01:00:00,"424,8484191894531","491,200012",3,3,2024-07-18
2024-07-18 02:00:00,"411,6554260253906","466,880005",3,3,2024-07-18
2024-07-18 03:00:00,"432,26800537109375","298,369995",3,3,2024-07-18
2024-07-18 04:00:00,"574,01611328125","650,309998",3,3,2024-07-18
2024-07-18 05:00:00,"642,9146728515625","704,909973",3,3,2024-07-18
2024-07-18 06:00:00,"564,8713989257812","506,269989",3,3,2024-07-18
2024-07-18 07:00:00,"473,30072021484375","351,339996",3,3,2024-07-18
2024-07-18 08:00:00,"373,1799011230469","270,779999",3,3,2024-07-18
2024-07-18 09:00:00,"312,8287353515625","253,470001",3,3,2024-07-18
2024-07-18 10:00:00,"304,5022277832031","253,25",3,3,2024-07-18
2024-07-18 11:00:00,"286,4917297363281","252,800003",3,3,2024-07-18
2024-07-18 12:00:00,"204,30038452148438","254,360001",3,3,2024-07-18
2024-07-18 13:00:00,"299,8462219238281","260,929993",3,3,2024-07-18
2024-07-18 14:00:00,"317,21832275390625","197,080002",3,3,2024-07-18
2024-07-18 15:00:00,"401,87078857421875","637,630005",3,3,2024-07-18
2024-07-18 16:00:00,"468,4372863769531","686,26001",3,3,2024-07-18
2024-07-18 17:00:00,"667,3397827148438","952,26001",3,3,2024-07-18
2024-07-18 18:00:00,"1081,30712890625","1382,819946",3,3,2024-07-18
2024-07-18 19:00:00,"1179,5185546875","1318,290039",3,3,2024-07-18
2024-07-18 20:00:00,"860,0928955078125","891,690002",3,3,2024-07-18
2024-07-18 21:00:00,"645,8302612304688","760,26001",3,3,2024-07-18
2024-07-18 22:00:00,"565,1154174804688","672,26001",3,3,2024-07-18
2024-07-18 23:00:00,"512,1500854492188","600,200012",3,3,2024-07-18
2024-07-19 00:00:00,"475,8560791015625","596,169983",3,3,2024-07-19
2024-07-19 01:00:00,"461,84423828125","583,47998",3,3,2024-07-19
2024-07-19 02:00:00,"443,7198791503906","606,390015",3,3,2024-07-19
2024-07-19 03:00:00,"468,70318603515625","667,039978",3,3,2024-07-19
2024-07-19 04:00:00,"643,9120483398438","827,289978",3,3,2024-07-19
2024-07-19 05:00:00,"638,9551391601562","810,72998",3,3,2024-07-19
2024-07-19 06:00:00,"580,0372314453125","734,109985",3,3,2024-07-19
2024-07-19 07:00:00,"457,737548828125","607,51001",3,3,2024-07-19
2024-07-19 08:00:00,"326,2351989746094","522,22998",3,3,2024-07-19
2024-07-19 09:00:00,"241,32965087890625","438,299988",3,3,2024-07-19
2024-07-19 10:00:00,"224,92176818847656","330,799988",3,3,2024-07-19
2024-07-19 11:00:00,"270,2390441894531","272,309998",3,3,2024-07-19
2024-07-19 12:00:00,"206,09959411621094","270,070007",3,3,2024-07-19
2024-07-19 13:00:00,"293,8653869628906","317,369995",3,3,2024-07-19
2024-07-19 14:00:00,"277,47979736328125","475,899994",3,3,2024-07-19
2024-07-19 15:00:00,"327,5213623046875","576,98999",3,3,2024-07-19
2024-07-19 16:00:00,"420,359375","683,460022",3,3,2024-07-19
2024-07-19 17:00:00,"566,5861206054688","888,099976",3,3,2024-07-19
2024-07-19 18:00:00,"695,77587890625","1358,410034",3,3,2024-07-19
2024-07-19 19:00:00,"764,4180297851562","895,26001",3,3,2024-07-19
2024-07-19 20:00:00,"761,5617065429688","797,22998",3,3,2024-07-19
2024-07-19 21:00:00,"683,1420288085938","683,01001",3,3,2024-07-19
2024-07-19 22:00:00,"617,2384033203125","706,789978",3,3,2024-07-19
2024-07-19 23:00:00,"567,2379760742188","667,099976",3,3,2024-07-19
2024-07-20 00:00:00,"513,5857543945312","658,440002",3,3,2024-07-20
2024-07-20 01:00:00,"474,2738952636719","670,599976",3,3,2024-07-20
2024-07-20 02:00:00,"445,90045166015625","703,130005",3,3,2024-07-20
2024-07-20 03:00:00,"384,6791687011719","699,849976",3,3,2024-07-20
2024-07-20 04:00:00,"354,6435241699219","665,159973",3,3,2024-07-20
2024-07-20 05:00:00,"337,2996826171875","641,580017",3,3,2024-07-20
2024-07-20 06:00:00,"275,7444763183594","508,850006",3,3,2024-07-20
2024-07-20 07:00:00,"205,00599670410156","371,559998",3,3,2024-07-20
2024-07-20 08:00:00,"283,7015686035156","38,419998",3,3,2024-07-20
2024-07-20 09:00:00,"190,0055389404297","0,0",3,3,2024-07-20
2024-07-20 10:00:00,"253,92063903808594","-1,57",3,3,2024-07-20
2024-07-20 11:00:00,"141,6343994140625","0,15",3,3,2024-07-20
2024-07-20 12:00:00,"116,07550048828125","-1,87",3,3,2024-07-20
2024-07-20 13:00:00,"284,89898681640625","-20,219999",3,3,2024-07-20
2024-07-20 14:00:00,"192,68869018554688","18,059999",3,3,2024-07-20
2024-07-20 15:00:00,"342,1769714355469","390,140015",3,3,2024-07-20
2024-07-20 16:00:00,"371,1193542480469","634,190002",3,3,2024-07-20
2024-07-20 17:00:00,"427,38995361328125","817,440002",3,3,2024-07-20
2024-07-20 18:00:00,"528,263427734375","1005,380005",3,3,2024-07-20
2024-07-20 19:00:00,"482,28753662109375","811,840027",3,3,2024-07-20
2024-07-20 20:00:00,"469,2694091796875","627,47998",3,3,2024-07-20
2024-07-20 21:00:00,"410,80340576171875","555,929993",3,3,2024-07-20
2024-07-20 22:00:00,"370,40521240234375","474,790009",3,3,2024-07-20
2024-07-20 23:00:00,"311,5434875488281","420,089996",3,3,2024-07-20
2024-07-21 00:00:00,"298,3554382324219","411,880005",3,3,2024-07-21
2024-07-21 01:00:00,"303,55462646484375","450,540009",3,3,2024-07-21
2024-07-21 02:00:00,"292,2645263671875","496,570007",3,3,2024-07-21
2024-07-21 03:00:00,"284,9527893066406","561,419983",3,3,2024-07-21
2024-07-21 04:00:00,"265,5758972167969","480,529999",3,3,2024-07-21
2024-07-21 05:00:00,"195,81459045410156","421,809998",3,3,2024-07-21
2024-07-21 06:00:00,"263,530029296875","363,230011",3,3,2024-07-21
2024-07-21 07:00:00,"182,85935974121094","78,870003",3,3,2024-07-21
2024-07-21 08:00:00,"223,63070678710938","0,52",3,3,2024-07-21
2024-07-21 09:00:00,"169,67660522460938","0,22",3,3,2024-07-21
2024-07-21 10:00:00,"142,9868927001953","0,15",3,3,2024-07-21
2024-07-21 11:00:00,"106,00374603271484","-0,45",3,3,2024-07-21
2024-07-21 12:00:00,"34,71664047241211","-1,34",3,3,2024-07-21
2024-07-21 13:00:00,"39,011192321777344","0,3",3,3,2024-07-21
2024-07-21 14:00:00,"224,53770446777344","0,82",3,3,2024-07-21
2024-07-21 15:00:00,"323,7846374511719","446,279999",3,3,2024-07-21
2024-07-21 16:00:00,"408,4831848144531","600,289978",3,3,2024-07-21
2024-07-21 17:00:00,"555,5682983398438","807,880005",3,3,2024-07-21
2024-07-21 18:00:00,"786,975341796875","841,150024",3,3,2024-07-21
2024-07-21 19:00:00,"835,433837890625","919,950012",3,3,2024-07-21
2024-07-21 20:00:00,"805,288818359375","814,590027",3,3,2024-07-21
2024-07-21 21:00:00,"692,7235107421875","672,73999",3,3,2024-07-21
2024-07-21 22:00:00,"641,4317016601562","901,669983",3,3,2024-07-21
2024-07-21 23:00:00,"562,0575561523438","721,02002",3,3,2024-07-21
2024-07-22 00:00:00,"528,4584350585938","648,27002",3,4,2024-07-22
2024-07-22 01:00:00,"532,5969848632812","648,640015",3,4,2024-07-22
2024-07-22 02:00:00,"541,8616333007812","610,659973",3,4,2024-07-22
2024-07-22 03:00:00,"591,1207275390625","591,859985",3,4,2024-07-22
2024-07-22 04:00:00,"674,2607421875","811,159973",3,4,2024-07-22
2024-07-22 05:00:00,"737,6953125","896,070007",3,4,2024-07-22
2024-07-22 06:00:00,"747,355224609375","852,719971",3,4,2024-07-22
2024-07-22 07:00:00,"605,5555419921875","703,929993",3,4,2024-07-22
2024-07-22 08:00:00,"465,76495361328125","473,290009",3,4,2024-07-22
2024-07-22 09:00:00,"360,1707458496094","291,600006",3,4,2024-07-22
2024-07-22 10:00:00,"300,8798522949219","191,089996",3,4,2024-07-22
2024-07-22 11:00:00,"292,78326416015625","174,300003",3,4,2024-07-22
2024-07-22 12:00:00,"271,82635498046875","144,830002",3,4,2024-07-22
2024-07-22 13:00:00,"267,8642883300781","152,070007",3,4,2024-07-22
2024-07-22 14:00:00,"306,5343322753906","170,279999",3,4,2024-07-22
2024-07-22 15:00:00,"355,4942932128906","463,820007",3,4,2024-07-22
2024-07-22 16:00:00,"475,8345947265625","603,719971",3,4,2024-07-22
2024-07-22 17:00:00,"943,4144897460938","739,0",3,4,2024-07-22
2024-07-22 18:00:00,"1341,7889404296875","1043,660034",3,4,2024-07-22
2024-07-22 19:00:00,"1110,041748046875","1046,569946",3,4,2024-07-22
2024-07-22 20:00:00,"795,7060546875","828,539978",3,4,2024-07-22
2024-07-22 21:00:00,"649,903564453125","712,73999",3,4,2024-07-22
2024-07-22 22:00:00,"640,8494873046875","618,22998",3,4,2024-07-22
2024-07-22 23:00:00,"601,4385375976562","559,349976",3,4,2024-07-22
2024-07-23 00:00:00,"556,2896728515625","547,630005",3,4,2024-07-23
2024-07-23 01:00:00,"509,9212951660156","508,380005",3,4,2024-07-23
2024-07-23 02:00:00,"504,4939880371094","526,52002",3,4,2024-07-23
2024-07-23 03:00:00,"539,2772827148438","549,799988",3,4,2024-07-23
2024-07-23 04:00:00,"663,1735229492188","745,450012",3,4,2024-07-23
2024-07-23 05:00:00,"707,40234375","865,590027",3,4,2024-07-23
2024-07-23 06:00:00,"694,516845703125","824,179993",3,4,2024-07-23
2024-07-23 07:00:00,"534,3690795898438","651,359985",3,4,2024-07-23
2024-07-23 08:00:00,"393,73480224609375","513,909973",3,4,2024-07-23
2024-07-23 09:00:00,"306,98663330078125","457,940002",3,4,2024-07-23
2024-07-23 10:00:00,"284,05902099609375","324,0",3,4,2024-07-23
2024-07-23 11:00:00,"256,3611755371094","285,720001",3,4,2024-07-23
2024-07-23 12:00:00,"236,4267120361328","268,709991",3,4,2024-07-23
2024-07-23 13:00:00,"230,056640625","313,100006",3,4,2024-07-23
2024-07-23 14:00:00,"335,4749450683594","483,980011",3,4,2024-07-23
2024-07-23 15:00:00,"470,7481994628906","593,450012",3,4,2024-07-23
2024-07-23 16:00:00,"604,6001586914062","596,359985",3,4,2024-07-23
2024-07-23 17:00:00,"772,758544921875","716,570007",3,4,2024-07-23
2024-07-23 18:00:00,"950,0455322265625","872,530029",3,4,2024-07-23
2024-07-23 19:00:00,"826,126220703125","761,200012",3,4,2024-07-23
2024-07-23 20:00:00,"747,332763671875","740,450012",3,4,2024-07-23
2024-07-23 21:00:00,"592,805419921875","683,369995",3,4,2024-07-23
2024-07-23 22:00:00,"509,3271179199219","623,359985",3,4,2024-07-23
2024-07-23 23:00:00,"464,4777526855469","584,419983",3,4,2024-07-23
2024-07-24 00:00:00,"458,7467956542969","541,369995",3,4,2024-07-24
2024-07-24 01:00:00,"456,3277893066406","549,130005",3,4,2024-07-24
2024-07-24 02:00:00,"478,4593811035156","423,630005",3,4,2024-07-24
2024-07-24 03:00:00,"505,0999755859375","299,179993",3,4,2024-07-24
2024-07-24 04:00:00,"544,9679565429688","323,429993",3,4,2024-07-24
2024-07-24 05:00:00,"608,1314697265625","336,190002",3,4,2024-07-24
2024-07-24 06:00:00,"585,0010986328125","429,079987",3,4,2024-07-24
2024-07-24 07:00:00,"518,1270141601562","270,23999",3,4,2024-07-24
2024-07-24 08:00:00,"444,79150390625","186,520004",3,4,2024-07-24
2024-07-24 09:00:00,"374,87939453125","158,100006",3,4,2024-07-24
2024-07-24 10:00:00,"324,43603515625","11,79",3,4,2024-07-24
2024-07-24 11:00:00,"312,8861389160156","-1,12",3,4,2024-07-24
2024-07-24 12:00:00,"325,3729553222656","-15,37",3,4,2024-07-24
2024-07-24 13:00:00,"325,2017822265625","-14,62",3,4,2024-07-24
2024-07-24 14:00:00,"347,1601257324219","16,49",3,4,2024-07-24
2024-07-24 15:00:00,"453,08062744140625","292,98999",3,4,2024-07-24
2024-07-24 16:00:00,"504,6734924316406","387,149994",3,4,2024-07-24
2024-07-24 17:00:00,"794,3114624023438","668,5",3,4,2024-07-24
2024-07-24 18:00:00,"1144,2762451171875","809,659973",3,4,2024-07-24
2024-07-24 19:00:00,"1068,673095703125","881,210022",3,4,2024-07-24
2024-07-24 20:00:00,"793,7468872070312","813,320007",3,4,2024-07-24
2024-07-24 21:00:00,"624,4036254882812","631,570007",3,4,2024-07-24
2024-07-24 22:00:00,"598,7749633789062","624,570007",3,4,2024-07-24
2024-07-24 23:00:00,"501,85504150390625","578,299988",3,4,2024-07-24
2024-07-25 00:00:00,"460,5318908691406","567,859985",3,4,2024-07-25
2024-07-25 01:00:00,"445,9892883300781","596,359985",3,4,2024-07-25
2024-07-25 02:00:00,"426,8815002441406","570,090027",3,4,2024-07-25
2024-07-25 03:00:00,"445,4919738769531","690,460022",3,4,2024-07-25
2024-07-25 04:00:00,"593,616943359375","792,159973",3,4,2024-07-25
2024-07-25 05:00:00,"618,2794189453125","813,580017",3,4,2024-07-25
2024-07-25 06:00:00,"594,20068359375","678,890015",3,4,2024-07-25
2024-07-25 07:00:00,"470,6148986816406","537,109985",3,4,2024-07-25
2024-07-25 08:00:00,"390,8581237792969","411,0",3,4,2024-07-25
2024-07-25 09:00:00,"303,342529296875","275,720001",3,4,2024-07-25
2024-07-25 10:00:00,"302,16619873046875","181,399994",3,4,2024-07-25
2024-07-25 11:00:00,"275,20343017578125","129,539993",3,4,2024-07-25
2024-07-25 12:00:00,"225,39125061035156","99,019997",3,4,2024-07-25
2024-07-25 13:00:00,"350,85235595703125","195,5",3,4,2024-07-25
2024-07-25 14:00:00,"346,0877380371094","401,450012",3,4,2024-07-25
2024-07-25 15:00:00,"402,3686828613281","596,960022",3,4,2024-07-25
2024-07-25 16:00:00,"452,27197265625","723,809998",3,4,2024-07-25
2024-07-25 17:00:00,"660,3560791015625","894,690002",3,4,2024-07-25
2024-07-25 18:00:00,"947,967529296875","1106,609985",3,4,2024-07-25
2024-07-25 19:00:00,"1060,7684326171875","969,830017",3,4,2024-07-25
2024-07-25 20:00:00,"821,1596069335938","746,200012",3,4,2024-07-25
2024-07-25 21:00:00,"640,3431396484375","633,890015",3,4,2024-07-25
2024-07-25 22:00:00,"549,1664428710938","604,460022",3,4,2024-07-25
2024-07-25 23:00:00,"461,403076171875","548,48999",3,4,2024-07-25
2024-07-26 00:00:00,"451,3286437988281","559,76001",3,4,2024-07-26
2024-07-26 01:00:00,"442,3132019042969","576,849976",3,4,2024-07-26
2024-07-26 02:00:00,"408,541015625","573,859985",3,4,2024-07-26
2024-07-26 03:00:00,"400,2842102050781","596,919983",3,4,2024-07-26
2024-07-26 04:00:00,"432,7059631347656","608,109985",3,4,2024-07-26
2024-07-26 05:00:00,"558,1084594726562","795,940002",3,4,2024-07-26
2024-07-26 06:00:00,"607,0064086914062","776,840027",3,4,2024-07-26
2024-07-26 07:00:00,"498,1958312988281","722,590027",3,4,2024-07-26
2024-07-26 08:00:00,"409,9024658203125","675,570007",3,4,2024-07-26
2024-07-26 09:00:00,"379,3390197753906","607,070007",3,4,2024-07-26
2024-07-26 10:00:00,"344,542236328125","522,369995",3,4,2024-07-26
2024-07-26 11:00:00,"325,8371887207031","471,029999",3,4,2024-07-26
2024-07-26 12:00:00,"326,6680603027344","449,160004",3,4,2024-07-26
2024-07-26 13:00:00,"332,79547119140625","508,48999",3,4,2024-07-26
2024-07-26 14:00:00,"338,489990234375","543,559998",3,4,2024-07-26
2024-07-26 15:00:00,"404,81134033203125","660,580017",3,4,2024-07-26
2024-07-26 16:00:00,"537,9716796875","704,01001",3,4,2024-07-26
2024-07-26 17:00:00,"686,144287109375","804,380005",3,4,2024-07-26
2024-07-26 18:00:00,"854,462890625","1068,98999",3,4,2024-07-26
2024-07-26 19:00:00,"852,6480102539062","1037,280029",3,4,2024-07-26
2024-07-26 20:00:00,"729,543212890625","793,929993",3,4,2024-07-26
2024-07-26 21:00:00,"629,6737060546875","730,650024",3,4,2024-07-26
2024-07-26 22:00:00,"570,9971313476562","775,22998",3,4,2024-07-26
2024-07-26 23:00:00,"511,2821350097656","768,890015",3,4,2024-07-26
2024-07-27 00:00:00,"475,6968994140625","723,070007",3,4,2024-07-27
2024-07-27 01:00:00,"442,66131591796875","710,080017",3,4,2024-07-27
2024-07-27 02:00:00,"401,9582214355469","690,01001",3,4,2024-07-27
2024-07-27 03:00:00,"330,9877014160156","673,070007",3,4,2024-07-27
2024-07-27 04:00:00,"348,9918518066406","649,929993",3,4,2024-07-27
2024-07-27 05:00:00,"339,47100830078125","615,01001",3,4,2024-07-27
2024-07-27 06:00:00,"299,2671203613281","632,02002",3,4,2024-07-27
2024-07-27 07:00:00,"199,7915802001953","505,0",3,4,2024-07-27
2024-07-27 08:00:00,"288,5298767089844","453,589996",3,4,2024-07-27
2024-07-27 09:00:00,"184,928466796875","297,76001",3,4,2024-07-27
2024-07-27 10:00:00,"252,62709045410156","208,960007",3,4,2024-07-27
2024-07-27 11:00:00,"134,43502807617188","132,839996",3,4,2024-07-27
2024-07-27 12:00:00,"114,74246978759766","133,729996",3,4,2024-07-27
2024-07-27 13:00:00,"104,35291290283203","261,350006",3,4,2024-07-27
2024-07-27 14:00:00,"308,09588623046875","505,380005",3,4,2024-07-27
2024-07-27 15:00:00,"192,8404083251953","649,710022",3,4,2024-07-27
2024-07-27 16:00:00,"454,2802734375","783,369995",3,4,2024-07-27
2024-07-27 17:00:00,"449,8601989746094","863,140015",3,4,2024-07-27
2024-07-27 18:00:00,"546,644287109375","908,669983",3,4,2024-07-27
2024-07-27 19:00:00,"482,9703674316406","909,109985",3,4,2024-07-27
2024-07-27 20:00:00,"448,9144592285156","806,719971",3,4,2024-07-27
2024-07-27 21:00:00,"381,86090087890625","730,900024",3,4,2024-07-27
2024-07-27 22:00:00,"353,9721984863281","820,820007",3,4,2024-07-27
2024-07-27 23:00:00,"310,97149658203125","709,780029",3,4,2024-07-27
2024-07-28 00:00:00,"303,5699157714844","658,280029",3,4,2024-07-28
2024-07-28 01:00:00,"292,6910400390625","608,429993",3,4,2024-07-28
2024-07-28 02:00:00,"301,8159484863281","586,119995",3,4,2024-07-28
2024-07-28 03:00:00,"301,78594970703125","591,48999",3,4,2024-07-28
2024-07-28 04:00:00,"294,2328796386719","563,659973",3,4,2024-07-28
2024-07-28 05:00:00,"216,57855224609375","541,869995",3,4,2024-07-28
2024-07-28 06:00:00,"278,1611633300781","190,220001",3,4,2024-07-28
2024-07-28 07:00:00,"159,73590087890625","36,720001",3,4,2024-07-28
2024-07-28 08:00:00,"214,2484893798828","0,0",3,4,2024-07-28
2024-07-28 09:00:00,"120,29431915283203","-18,129999",3,4,2024-07-28
2024-07-28 10:00:00,"110,28382110595703","-112,239998",3,4,2024-07-28
2024-07-28 11:00:00,"96,90485382080078","-222,389999",3,4,2024-07-28
2024-07-28 12:00:00,"20,947086334228516","-363,359985",3,4,2024-07-28
2024-07-28 13:00:00,"0,859261155128479","-250,220001",3,4,2024-07-28
2024-07-28 14:00:00,"127,17723846435547","-99,099998",3,4,2024-07-28
2024-07-28 15:00:00,"472,58746337890625","-14,85",3,4,2024-07-28
2024-07-28 16:00:00,"490,7029113769531","181,570007",3,4,2024-07-28
2024-07-28 17:00:00,"506,31573486328125","443,209991",3,4,2024-07-28
2024-07-28 18:00:00,"785,2896728515625","588,580017",3,4,2024-07-28
2024-07-28 19:00:00,"803,8385620117188","579,630005",3,4,2024-07-28
2024-07-28 20:00:00,"762,978759765625","589,400024",3,4,2024-07-28
2024-07-28 21:00:00,"641,233154296875","566,200012",3,4,2024-07-28
2024-07-28 22:00:00,"592,4569091796875","513,659973",3,4,2024-07-28
2024-07-28 23:00:00,"545,9351806640625","508,959991",3,4,2024-07-28
2024-09-30 00:00:00,"217,11752319335938","62,630001",4,1,2024-09-30
2024-09-30 01:00:00,"328,6291809082031","41,23",4,1,2024-09-30
2024-09-30 02:00:00,"352,6976013183594","41,830002",4,1,2024-09-30
2024-09-30 03:00:00,"393,4402160644531","126,599998",4,1,2024-09-30
2024-09-30 04:00:00,"544,8790893554688","314,869995",4,1,2024-09-30
2024-09-30 05:00:00,"734,2459106445312","597,22998",4,1,2024-09-30
2024-09-30 06:00:00,"809,87646484375","597,22998",4,1,2024-09-30
2024-09-30 07:00:00,"812,8273315429688","447,359985",4,1,2024-09-30
2024-09-30 08:00:00,"698,2940673828125","272,73999",4,1,2024-09-30
2024-09-30 09:00:00,"536,9395141601562","155,910004",4,1,2024-09-30
2024-09-30 10:00:00,"471,1056823730469","69,190002",4,1,2024-09-30
2024-09-30 11:00:00,"413,57171630859375","15,36",4,1,2024-09-30
2024-09-30 12:00:00,"365,81597900390625","56,889999",4,1,2024-09-30
2024-09-30 13:00:00,"313,684326171875","163,740005",4,1,2024-09-30
2024-09-30 14:00:00,"290,382080078125","180,360001",4,1,2024-09-30
2024-09-30 15:00:00,"415,89898681640625","243,960007",4,1,2024-09-30
2024-09-30 16:00:00,"520,2413940429688","268,339996",4,1,2024-09-30
2024-09-30 17:00:00,"525,9558715820312","273,119995",4,1,2024-09-30
2024-09-30 18:00:00,"452,75360107421875","270,660004",4,1,2024-09-30
2024-09-30 19:00:00,"421,9987487792969","163,509995",4,1,2024-09-30
2024-09-30 20:00:00,"382,77911376953125","149,199997",4,1,2024-09-30
2024-09-30 21:00:00,"326,4071350097656","73,370003",4,1,2024-09-30
2024-09-30 22:00:00,"269,2592468261719","23,93",4,1,2024-09-30
2024-09-30 23:00:00,"257,7385559082031","0,52",4,1,2024-09-30
2024-10-01 00:00:00,"219,97625732421875","0,37",4,1,2024-10-01
2024-10-01 01:00:00,"202,4031982421875","0,15",4,1,2024-10-01
2024-10-01 02:00:00,"195,83392333984375","0,67",4,1,2024-10-01
2024-10-01 03:00:00,"195,19708251953125","50,700001",4,1,2024-10-01
2024-10-01 04:00:00,"212,19927978515625","249,619995",4,1,2024-10-01
2024-10-01 05:00:00,"312,366455078125","293,910004",4,1,2024-10-01
2024-10-01 06:00:00,"337,522705078125","308,079987",4,1,2024-10-01
2024-10-01 07:00:00,"324,6387939453125","309,5",4,1,2024-10-01
2024-10-01 08:00:00,"267,14959716796875","288,170013",4,1,2024-10-01
2024-10-01 09:00:00,"219,52426147460938","260,880005",4,1,2024-10-01
2024-10-01 10:00:00,"190,84027099609375","260,660004",4,1,2024-10-01
2024-10-01 11:00:00,"170,662109375","260,880005",4,1,2024-10-01
2024-10-01 12:00:00,"153,11380004882812","260,660004",4,1,2024-10-01
2024-10-01 13:00:00,"176,29904174804688","296,079987",4,1,2024-10-01
2024-10-01 14:00:00,"217,66885375976562","324,779999",4,1,2024-10-01
2024-10-01 15:00:00,"305,6850891113281","393,0",4,1,2024-10-01
2024-10-01 16:00:00,"405,2217102050781","405,600006",4,1,2024-10-01
2024-10-01 17:00:00,"381,6055603027344","421,410004",4,1,2024-10-01
2024-10-01 18:00:00,"363,2717590332031","366,829987",4,1,2024-10-01
2024-10-01 19:00:00,"353,9666748046875","345,429993",4,1,2024-10-01
2024-10-01 20:00:00,"329,84503173828125","321,649994",4,1,2024-10-01
2024-10-01 21:00:00,"326,9189147949219","309,940002",4,1,2024-10-01
2024-10-01 22:00:00,"284,12054443359375","432,829987",4,1,2024-10-01
2024-10-01 23:00:00,"259,128662109375","367,350006",4,1,2024-10-01
2024-10-02 00:00:00,"228,01019287109375","373,540009",4,1,2024-10-02
2024-10-02 01:00:00,"229,42127990722656","365,339996",4,1,2024-10-02
2024-10-02 02:00:00,"233,25564575195312","362,730011",4,1,2024-10-02
2024-10-02 03:00:00,"251,03758239746094","363,470001",4,1,2024-10-02
2024-10-02 04:00:00,"302,30035400390625","596,440002",4,1,2024-10-02
2024-10-02 05:00:00,"376,7638854980469","692,869995",4,1,2024-10-02
2024-10-02 06:00:00,"427,9915466308594","913,830017",4,1,2024-10-02
2024-10-02 07:00:00,"402,548583984375","701,219971",4,1,2024-10-02
2024-10-02 08:00:00,"338,2809753417969","484,880005",4,1,2024-10-02
2024-10-02 09:00:00,"253,22332763671875","394,420013",4,1,2024-10-02
2024-10-02 10:00:00,"166,01329040527344","431,040009",4,1,2024-10-02
2024-10-02 11:00:00,"127,82766723632812","597,109985",4,1,2024-10-02
2024-10-02 12:00:00,"153,22816467285156","584,659973",4,1,2024-10-02
2024-10-02 13:00:00,"191,28660583496094","607,26001",4,1,2024-10-02
2024-10-02 14:00:00,"276,8689270019531","607,849976",4,1,2024-10-02
2024-10-02 15:00:00,"390,3282775878906","746,48999",4,1,2024-10-02
2024-10-02 16:00:00,"569,5137939453125","872,590027",4,1,2024-10-02
2024-10-02 17:00:00,"766,6102294921875","969,97998",4,1,2024-10-02
2024-10-02 18:00:00,"786,5025634765625","852,900024",4,1,2024-10-02
2024-10-02 19:00:00,"709,1174926757812","719,940002",4,1,2024-10-02
2024-10-02 20:00:00,"676,69873046875","695,780029",4,1,2024-10-02
2024-10-02 21:00:00,"634,2870483398438","633,880005",4,1,2024-10-02
2024-10-02 22:00:00,"561,1370239257812","502,230011",4,1,2024-10-02
2024-10-02 23:00:00,"535,42236328125","491,26001",4,1,2024-10-02
2024-10-03 00:00:00,"494,30682373046875","485,890015",4,1,2024-10-03
2024-10-03 01:00:00,"472,6626892089844","478,730011",4,1,2024-10-03
2024-10-03 02:00:00,"466,9234924316406","477,23999",4,1,2024-10-03
2024-10-03 03:00:00,"474,127197265625","480,369995",4,1,2024-10-03
2024-10-03 04:00:00,"538,3111572265625","488,059998",4,1,2024-10-03
2024-10-03 05:00:00,"659,3250122070312","547,280029",4,1,2024-10-03
2024-10-03 06:00:00,"675,5679321289062","571,900024",4,1,2024-10-03
2024-10-03 07:00:00,"618,1260375976562","543,780029",4,1,2024-10-03
2024-10-03 08:00:00,"487,3936767578125","516,77002",4,1,2024-10-03
2024-10-03 09:00:00,"380,784423828125","470,230011",4,1,2024-10-03
2024-10-03 10:00:00,"205,05712890625","351,25",4,1,2024-10-03
2024-10-03 11:00:00,"165,06353759765625","253,460007",4,1,2024-10-03
2024-10-03 12:00:00,"162,6132049560547","291,950012",4,1,2024-10-03
2024-10-03 13:00:00,"242,53903198242188","383,109985",4,1,2024-10-03
2024-10-03 14:00:00,"351,8211669921875","492,609985",4,1,2024-10-03
2024-10-03 15:00:00,"459,7360534667969","669,090027",4,1,2024-10-03
2024-10-03 16:00:00,"575,7105102539062","821,039978",4,1,2024-10-03
2024-10-03 17:00:00,"828,7046508789062","860,200012",4,1,2024-10-03
2024-10-03 18:00:00,"886,4417114257812","807,679993",4,1,2024-10-03
2024-10-03 19:00:00,"671,2323608398438","736,669983",4,1,2024-10-03
2024-10-03 20:00:00,"578,839111328125","678,48999",4,1,2024-10-03
2024-10-03 21:00:00,"504,0642395019531","607,630005",4,1,2024-10-03
2024-10-03 22:00:00,"428,4308776855469","551,23999",4,1,2024-10-03
2024-10-03 23:00:00,"383,3147888183594","540,950012",4,1,2024-10-03
2024-10-04 00:00:00,"311,8859558105469","537,809998",4,1,2024-10-04
2024-10-04 01:00:00,"255,53738403320312","537,070007",4,1,2024-10-04
2024-10-04 02:00:00,"234,05267333984375","539,530029",4,1,2024-10-04
2024-10-04 03:00:00,"245,2439422607422","575,109985",4,1,2024-10-04
2024-10-04 04:00:00,"263,99700927734375","768,299988",4,1,2024-10-04
2024-10-04 05:00:00,"385,6579284667969","943,890015",4,1,2024-10-04
2024-10-04 06:00:00,"504,3799133300781","1054,890015",4,1,2024-10-04
2024-10-04 07:00:00,"460,1810607910156","867,289978",4,1,2024-10-04
2024-10-04 08:00:00,"366,5774230957031","746,599976",4,1,2024-10-04
2024-10-04 09:00:00,"252,56381225585938","634,039978",4,1,2024-10-04
2024-10-04 10:00:00,"172,0843505859375","559,969971",4,1,2024-10-04
2024-10-04 11:00:00,"134,6724395751953","548,179993",4,1,2024-10-04
2024-10-04 12:00:00,"120,38433837890625","565,559998",4,1,2024-10-04
2024-10-04 13:00:00,"156,7745819091797","589,799988",4,1,2024-10-04
2024-10-04 14:00:00,"241,15399169921875","669,840027",4,1,2024-10-04
2024-10-04 15:00:00,"366,21954345703125","798,890015",4,1,2024-10-04
2024-10-04 16:00:00,"441,7513427734375","984,400024",4,1,2024-10-04
2024-10-04 17:00:00,"491,5733947753906","1111,579956",4,1,2024-10-04
2024-10-04 18:00:00,"513,3768920898438","922,710022",4,1,2024-10-04
2024-10-04 19:00:00,"502,0858459472656","745,179993",4,1,2024-10-04
2024-10-04 20:00:00,"464,2510681152344","745,179993",4,1,2024-10-04
2024-10-04 21:00:00,"427,6808776855469","671,330017",4,1,2024-10-04
2024-10-04 22:00:00,"350,90081787109375","694,340027",4,1,2024-10-04
2024-10-04 23:00:00,"276,13409423828125","631,23999",4,1,2024-10-04
2024-10-05 00:00:00,"228,85946655273438","607,080017",4,1,2024-10-05
2024-10-05 01:00:00,"228,03955078125","563,380005",4,1,2024-10-05
2024-10-05 02:00:00,"230,3351287841797","564,719971",4,1,2024-10-05
2024-10-05 03:00:00,"242,06752014160156","595,299988",4,1,2024-10-05
2024-10-05 04:00:00,"252,47718811035156","642,880005",4,1,2024-10-05
2024-10-05 05:00:00,"283,7879638671875","748,780029",4,1,2024-10-05
2024-10-05 06:00:00,"297,7621765136719","825,0",4,1,2024-10-05
2024-10-05 07:00:00,"256,1342468261719","768,169983",4,1,2024-10-05
2024-10-05 08:00:00,"141,55413818359375","614,690002",4,1,2024-10-05
2024-10-05 09:00:00,"52,77833938598633","509,160004",4,1,2024-10-05
2024-10-05 10:00:00,"7,768013954162598","383,640015",4,1,2024-10-05
2024-10-05 11:00:00,"-2,2198963165283203","289,970001",4,1,2024-10-05
2024-10-05 12:00:00,"0,09109486639499664","324,350006",4,1,2024-10-05
2024-10-05 13:00:00,"23,09217071533203","418,839996",4,1,2024-10-05
2024-10-05 14:00:00,"152,24212646484375","544,280029",4,1,2024-10-05
2024-10-05 15:00:00,"361,67236328125","690,23999",4,1,2024-10-05
2024-10-05 16:00:00,"456,0577392578125","1029,719971",4,1,2024-10-05
2024-10-05 17:00:00,"593,5116577148438","1028,97998",4,1,2024-10-05
2024-10-05 18:00:00,"584,8433837890625","799,719971",4,1,2024-10-05
2024-10-05 19:00:00,"586,3543701171875","705,299988",4,1,2024-10-05
2024-10-05 20:00:00,"562,721435546875","633,710022",4,1,2024-10-05
2024-10-05 21:00:00,"574,601806640625","499,690002",4,1,2024-10-05
2024-10-05 22:00:00,"554,6221313476562","485,420013",4,1,2024-10-05
2024-10-05 23:00:00,"500,3633728027344","452,100006",4,1,2024-10-05
2024-10-06 00:00:00,"461,62493896484375","440,549988",4,1,2024-10-06
2024-10-06 01:00:00,"457,0938720703125","433,320007",4,1,2024-10-06
2024-10-06 02:00:00,"472,0231018066406","424,369995",4,1,2024-10-06
2024-10-06 03:00:00,"477,13232421875","433,320007",4,1,2024-10-06
2024-10-06 04:00:00,"499,0867004394531","431,829987",4,1,2024-10-06
2024-10-06 05:00:00,"562,7587890625","524,929993",4,1,2024-10-06
2024-10-06 06:00:00,"573,7217407226562","491,01001",4,1,2024-10-06
2024-10-06 07:00:00,"390,2290954589844","447,700012",4,1,2024-10-06
2024-10-06 08:00:00,"151,01792907714844","262,98999",4,1,2024-10-06
2024-10-06 09:00:00,"65,3347396850586","124,339996",4,1,2024-10-06
2024-10-06 10:00:00,"16,30116081237793","79,690002",4,1,2024-10-06
2024-10-06 11:00:00,"6,16938591003418","41,889999",4,1,2024-10-06
2024-10-06 12:00:00,"13,047816276550293","16,25",4,1,2024-10-06
2024-10-06 13:00:00,"49,02407455444336","13,34",4,1,2024-10-06
2024-10-06 14:00:00,"222,9799346923828","395,820007",4,1,2024-10-06
2024-10-06 15:00:00,"415,13189697265625","617,070007",4,1,2024-10-06
2024-10-06 16:00:00,"654,5804443359375","792,390015",4,1,2024-10-06
2024-10-06 17:00:00,"759,224365234375","724,710022",4,1,2024-10-06
2024-10-06 18:00:00,"761,0840454101562","544,01001",4,1,2024-10-06
2024-10-06 19:00:00,"718,31787109375","442,559998",4,1,2024-10-06
2024-10-06 20:00:00,"659,5343627929688","437,48999",4,1,2024-10-06
2024-10-06 21:00:00,"528,3760986328125","385,459991",4,1,2024-10-06
2024-10-06 22:00:00,"479,09991455078125","257,769989",4,1,2024-10-06
2024-10-06 23:00:00,"443,6342468261719","263,429993",4,1,2024-10-06
2024-10-07 00:00:00,"238,16278076171875","247,850006",4,2,2024-10-07
2024-10-07 01:00:00,"235,21221923828125","224,75",4,2,2024-10-07
2024-10-07 02:00:00,"230,4145050048828","260,529999",4,2,2024-10-07
2024-10-07 03:00:00,"266,65936279296875","291,910004",4,2,2024-10-07
2024-10-07 04:00:00,"342,1866149902344","335,369995",4,2,2024-10-07
2024-10-07 05:00:00,"456,3785705566406","378,299988",4,2,2024-10-07
2024-10-07 06:00:00,"570,95166015625","414,089996",4,2,2024-10-07
2024-10-07 07:00:00,"507,2685241699219","383,75",4,2,2024-10-07
2024-10-07 08:00:00,"457,20330810546875","372,420013",4,2,2024-10-07
2024-10-07 09:00:00,"419,7320556640625","356,309998",4,2,2024-10-07
2024-10-07 10:00:00,"379,38446044921875","340,880005",4,2,2024-10-07
2024-10-07 11:00:00,"302,26385498046875","322,019989",4,2,2024-10-07
2024-10-07 12:00:00,"249,97222900390625","358,399994",4,2,2024-10-07
2024-10-07 13:00:00,"288,1257019042969","458,070007",4,2,2024-10-07
2024-10-07 14:00:00,"312,2385559082031","661,869995",4,2,2024-10-07
2024-10-07 15:00:00,"406,2056884765625","873,640015",4,2,2024-10-07
2024-10-07 16:00:00,"577,5897827148438","1405,060059",4,2,2024-10-07
2024-10-07 17:00:00,"680,3648071289062","1405,359985",4,2,2024-10-07
2024-10-07 18:00:00,"625,8814697265625","909,27002",4,2,2024-10-07
2024-10-07 19:00:00,"481,2264709472656","744,909973",4,2,2024-10-07
2024-10-07 20:00:00,"422,97998046875","685,119995",4,2,2024-10-07
2024-10-07 21:00:00,"379,94091796875","589,780029",4,2,2024-10-07
2024-10-07 22:00:00,"318,1724853515625","539,340027",4,2,2024-10-07
2024-10-07 23:00:00,"260,3089904785156","500,119995",4,2,2024-10-07
2024-10-08 00:00:00,"217,68585205078125","477,149994",4,2,2024-10-08
2024-10-08 01:00:00,"198,8321990966797","444,940002",4,2,2024-10-08
2024-10-08 02:00:00,"192,45022583007812","445,089996",4,2,2024-10-08
2024-10-08 03:00:00,"222,3455810546875","502,799988",4,2,2024-10-08
2024-10-08 04:00:00,"282,5242919921875","641,049988",4,2,2024-10-08
2024-10-08 05:00:00,"419,27471923828125","822,98999",4,2,2024-10-08
2024-10-08 06:00:00,"496,243408203125","792,200012",4,2,2024-10-08
2024-10-08 07:00:00,"514,8209838867188","633,820007",4,2,2024-10-08
2024-10-08 08:00:00,"472,10845947265625","598,98999",4,2,2024-10-08
2024-10-08 09:00:00,"442,0973205566406","547,469971",4,2,2024-10-08
2024-10-08 10:00:00,"399,8533935546875","495,940002",4,2,2024-10-08
2024-10-08 11:00:00,"351,1935119628906","529,200012",4,2,2024-10-08
2024-10-08 12:00:00,"287,48699951171875","565,140015",4,2,2024-10-08
2024-10-08 13:00:00,"314,57366943359375","578,119995",4,2,2024-10-08
2024-10-08 14:00:00,"373,3644104003906","694,440002",4,2,2024-10-08
2024-10-08 15:00:00,"449,96563720703125","850,059998",4,2,2024-10-08
2024-10-08 16:00:00,"590,8809204101562","1073,76001",4,2,2024-10-08
2024-10-08 17:00:00,"632,679443359375","1141,540039",4,2,2024-10-08
2024-10-08 18:00:00,"651,0234985351562","853,119995",4,2,2024-10-08
2024-10-08 19:00:00,"598,8365478515625","707,640015",4,2,2024-10-08
2024-10-08 20:00:00,"557,4422607421875","645,75",4,2,2024-10-08
2024-10-08 21:00:00,"503,7935791015625","504,070007",4,2,2024-10-08
2024-10-08 22:00:00,"493,2764892578125","461,859985",4,2,2024-10-08
2024-10-08 23:00:00,"466,3175048828125","447,459991",4,2,2024-10-08
2024-10-09 00:00:00,"451,40338134765625","428,670013",4,2,2024-10-09
2024-10-09 01:00:00,"446,61871337890625","405,100006",4,2,2024-10-09
2024-10-09 02:00:00,"465,35894775390625","427,480011",4,2,2024-10-09
2024-10-09 03:00:00,"460,1045227050781","476,329987",4,2,2024-10-09
2024-10-09 04:00:00,"514,3921508789062","646,590027",4,2,2024-10-09
2024-10-09 05:00:00,"616,3314208984375","826,320007",4,2,2024-10-09
2024-10-09 06:00:00,"700,9830932617188","827,659973",4,2,2024-10-09
2024-10-09 07:00:00,"682,2774047851562","648,820007",4,2,2024-10-09
2024-10-09 08:00:00,"517,1079711914062","537,630005",4,2,2024-10-09
2024-10-09 09:00:00,"408,3292541503906","446,720001",4,2,2024-10-09
2024-10-09 10:00:00,"230,6418914794922","445,970001",4,2,2024-10-09
2024-10-09 11:00:00,"217,4757537841797","446,350006",4,2,2024-10-09
2024-10-09 12:00:00,"226,24996948242188","504,369995",4,2,2024-10-09
2024-10-09 13:00:00,"301,8152160644531","575,51001",4,2,2024-10-09
2024-10-09 14:00:00,"360,0946044921875","708,48999",4,2,2024-10-09
2024-10-09 15:00:00,"432,3740539550781","875,909973",4,2,2024-10-09
2024-10-09 16:00:00,"596,7481689453125","913,799988",4,2,2024-10-09
2024-10-09 17:00:00,"727,3904418945312","948,030029",4,2,2024-10-09
2024-10-09 18:00:00,"751,3910522460938","828,179993",4,2,2024-10-09
2024-10-09 19:00:00,"664,6083984375","714,450012",4,2,2024-10-09
2024-10-09 20:00:00,"621,5045776367188","709,22998",4,2,2024-10-09
2024-10-09 21:00:00,"562,5466918945312","614,070007",4,2,2024-10-09
2024-10-09 22:00:00,"468,55010986328125","456,399994",4,2,2024-10-09
2024-10-09 23:00:00,"457,1730041503906","349,73999",4,2,2024-10-09
2024-10-10 00:00:00,"443,8819274902344","281,559998",4,2,2024-10-10
2024-10-10 01:00:00,"437,9109802246094","238,679993",4,2,2024-10-10
2024-10-10 02:00:00,"416,3475036621094","221,070007",4,2,2024-10-10
2024-10-10 03:00:00,"436,21380615234375","295,359985",4,2,2024-10-10
2024-10-10 04:00:00,"457,0230712890625","463,179993",4,2,2024-10-10
2024-10-10 05:00:00,"550,0511474609375","633,23999",4,2,2024-10-10
2024-10-10 06:00:00,"603,4282836914062","600,119995",4,2,2024-10-10
2024-10-10 07:00:00,"517,4700317382812","503,459991",4,2,2024-10-10
2024-10-10 08:00:00,"413,9394226074219","387,920013",4,2,2024-10-10
2024-10-10 09:00:00,"313,31805419921875","290,369995",4,2,2024-10-10
2024-10-10 10:00:00,"150,65110778808594","163,270004",4,2,2024-10-10
2024-10-10 11:00:00,"103,5445785522461","118,889999",4,2,2024-10-10
2024-10-10 12:00:00,"123,55590057373047","149,25",4,2,2024-10-10
2024-10-10 13:00:00,"165,83639526367188","277,309998",4,2,2024-10-10
2024-10-10 14:00:00,"255,77052307128906","277,309998",4,2,2024-10-10
2024-10-10 15:00:00,"306,9508972167969","285,140015",4,2,2024-10-10
2024-10-10 16:00:00,"333,58251953125","294,470001",4,2,2024-10-10
2024-10-10 17:00:00,"387,7365417480469","288,200012",4,2,2024-10-10
2024-10-10 18:00:00,"363,921630859375","274,630005",4,2,2024-10-10
2024-10-10 19:00:00,"310,15234375","263,890015",4,2,2024-10-10
2024-10-10 20:00:00,"269,8786315917969","223,759995",4,2,2024-10-10
2024-10-10 21:00:00,"262,2632751464844","236,289993",4,2,2024-10-10
2024-10-10 22:00:00,"247,58876037597656","258,890015",4,2,2024-10-10
2024-10-10 23:00:00,"218,41773986816406","258,959991",4,2,2024-10-10
2024-10-11 00:00:00,"196,56752014160156","261,720001",4,2,2024-10-11
2024-10-11 01:00:00,"182,97189331054688","267,609985",4,2,2024-10-11
2024-10-11 02:00:00,"182,97189331054688","267,839996",4,2,2024-10-11
2024-10-11 03:00:00,"211,0951690673828","274,179993",4,2,2024-10-11
2024-10-11 04:00:00,"240,10873413085938","308,190002",4,2,2024-10-11
2024-10-11 05:00:00,"504,82183837890625","439,230011",4,2,2024-10-11
2024-10-11 06:00:00,"521,2216186523438","593,919983",4,2,2024-10-11
2024-10-11 07:00:00,"475,7839660644531","400,670013",4,2,2024-10-11
2024-10-11 08:00:00,"357,2894287109375","367,859985",4,2,2024-10-11
2024-10-11 09:00:00,"222,305908203125","324,970001",4,2,2024-10-11
2024-10-11 10:00:00,"164,06411743164062","316,470001",4,2,2024-10-11
2024-10-11 11:00:00,"118,10609436035156","310,200012",4,2,2024-10-11
2024-10-11 12:00:00,"128,5279541015625","299,309998",4,2,2024-10-11
2024-10-11 13:00:00,"149,03811645507812","298,119995",4,2,2024-10-11
2024-10-11 14:00:00,"227,53929138183594","298,859985",4,2,2024-10-11
2024-10-11 15:00:00,"347,4013671875","496,660004",4,2,2024-10-11
2024-10-11 16:00:00,"494,8809509277344","939,330017",4,2,2024-10-11
2024-10-11 17:00:00,"539,7576904296875","1208,060059",4,2,2024-10-11
2024-10-11 18:00:00,"458,6921691894531","895,02002",4,2,2024-10-11
2024-10-11 19:00:00,"432,0702819824219","744,289978",4,2,2024-10-11
2024-10-11 20:00:00,"415,3262023925781","733,98999",4,2,2024-10-11
2024-10-11 21:00:00,"422,9514465332031","655,080017",4,2,2024-10-11
2024-10-11 22:00:00,"393,48199462890625","672,190002",4,2,2024-10-11
2024-10-11 23:00:00,"337,2098693847656","592,580017",4,2,2024-10-11
2024-10-12 00:00:00,"290,6121520996094","563,929993",4,2,2024-10-12
2024-10-12 01:00:00,"252,85182189941406","559,75",4,2,2024-10-12
2024-10-12 02:00:00,"253,6395721435547","536,619995",4,2,2024-10-12
2024-10-12 03:00:00,"254,73623657226562","506,619995",4,2,2024-10-12
2024-10-12 04:00:00,"284,233642578125","534,460022",4,2,2024-10-12
2024-10-12 05:00:00,"308,2435302734375","400,149994",4,2,2024-10-12
2024-10-12 06:00:00,"322,68707275390625","378,359985",4,2,2024-10-12
2024-10-12 07:00:00,"292,1206359863281","310,910004",4,2,2024-10-12
2024-10-12 08:00:00,"225,4709014892578","263,390015",4,2,2024-10-12
2024-10-12 09:00:00,"136,51321411132812","255,770004",4,2,2024-10-12
2024-10-12 10:00:00,"96,05084991455078","184,970001",4,2,2024-10-12
2024-10-12 11:00:00,"73,9591064453125","106,919998",4,2,2024-10-12
2024-10-12 12:00:00,"79,28050994873047","174,149994",4,2,2024-10-12
2024-10-12 13:00:00,"122,52706909179688","263,459991",4,2,2024-10-12
2024-10-12 14:00:00,"240,99652099609375","218,990005",4,2,2024-10-12
2024-10-12 15:00:00,"349,1614685058594","423,799988",4,2,2024-10-12
2024-10-12 16:00:00,"473,68914794921875","361,950012",4,2,2024-10-12
2024-10-12 17:00:00,"453,0687561035156","299,049988",4,2,2024-10-12
2024-10-12 18:00:00,"430,47479248046875","289,350006",4,2,2024-10-12
2024-10-12 19:00:00,"369,0351257324219","288,309998",4,2,2024-10-12
2024-10-12 20:00:00,"319,68487548828125","260,179993",4,2,2024-10-12
2024-10-12 21:00:00,"309,611328125","189,289993",4,2,2024-10-12
2024-10-12 22:00:00,"315,8930969238281","0,0",4,2,2024-10-12
2024-10-12 23:00:00,"316,4778137207031","-0,07",4,2,2024-10-12
2024-10-13 00:00:00,"324,9303894042969","-0,52",4,2,2024-10-13
2024-10-13 01:00:00,"333,98504638671875","-2,76",4,2,2024-10-13
2024-10-13 02:00:00,"360,39605712890625","-3,81",4,2,2024-10-13
2024-10-13 03:00:00,"379,84881591796875","-0,67",4,2,2024-10-13
2024-10-13 04:00:00,"405,6791687011719","-0,07",4,2,2024-10-13
2024-10-13 05:00:00,"423,024169921875","12,83",4,2,2024-10-13
2024-10-13 06:00:00,"454,92657470703125","134,0",4,2,2024-10-13
2024-10-13 07:00:00,"424,9234313964844","73,489998",4,2,2024-10-13
2024-10-13 08:00:00,"181,473388671875","36,630001",4,2,2024-10-13
2024-10-13 09:00:00,"92,59931945800781","46,330002",4,2,2024-10-13
2024-10-13 10:00:00,"46,4813346862793","47,599998",4,2,2024-10-13
2024-10-13 11:00:00,"38,52557373046875","52,970001",4,2,2024-10-13
2024-10-13 12:00:00,"36,23655700683594","59,09",4,2,2024-10-13
2024-10-13 13:00:00,"45,453651428222656","94,610001",4,2,2024-10-13
2024-10-13 14:00:00,"241,86224365234375","118,260002",4,2,2024-10-13
2024-10-13 15:00:00,"456,5625915527344","166,009995",4,2,2024-10-13
2024-10-13 16:00:00,"572,5242919921875","267,329987",4,2,2024-10-13
2024-10-13 17:00:00,"574,127197265625","403,269989",4,2,2024-10-13
2024-10-13 18:00:00,"517,9345092773438","294,790009",4,2,2024-10-13
2024-10-13 19:00:00,"473,0267639160156","286,730011",4,2,2024-10-13
2024-10-13 20:00:00,"461,59442138671875","299,410004",4,2,2024-10-13
2024-10-13 21:00:00,"409,21807861328125","274,640015",4,2,2024-10-13
2024-10-13 22:00:00,"308,88134765625","276,809998",4,2,2024-10-13
2024-10-13 23:00:00,"252,83383178710938","263,0",4,2,2024-10-13
2024-10-14 00:00:00,"215,69894409179688","262,410004",4,3,2024-10-14
2024-10-14 01:00:00,"205,6414794921875","256,359985",4,3,2024-10-14
2024-10-14 02:00:00,"202,639892578125","293,450012",4,3,2024-10-14
2024-10-14 03:00:00,"228,13601684570312","464,079987",4,3,2024-10-14
2024-10-14 04:00:00,"336,25762939453125","736,710022",4,3,2024-10-14
2024-10-14 05:00:00,"505,18426513671875","973,900024",4,3,2024-10-14
2024-10-14 06:00:00,"574,2821044921875","1142,449951",4,3,2024-10-14
2024-10-14 07:00:00,"514,200439453125","879,960022",4,3,2024-10-14
2024-10-14 08:00:00,"436,9919738769531","753,200012",4,3,2024-10-14
2024-10-14 09:00:00,"337,5638122558594","695,599976",4,3,2024-10-14
2024-10-14 10:00:00,"268,4345397949219","643,450012",4,3,2024-10-14
2024-10-14 11:00:00,"230,955078125","616,289978",4,3,2024-10-14
2024-10-14 12:00:00,"244,16500854492188","553,320007",4,3,2024-10-14
2024-10-14 13:00:00,"293,66326904296875","649,710022",4,3,2024-10-14
2024-10-14 14:00:00,"321,8799133300781","789,309998",4,3,2024-10-14
2024-10-14 15:00:00,"537,5","1182,660034",4,3,2024-10-14
2024-10-14 16:00:00,"781,1116943359375","1865,280029",4,3,2024-10-14
2024-10-14 17:00:00,"921,8804321289062","1964,290039",4,3,2024-10-14
2024-10-14 18:00:00,"828,53173828125","1178,859985",4,3,2024-10-14
2024-10-14 19:00:00,"578,0042114257812","851,460022",4,3,2024-10-14
2024-10-14 20:00:00,"500,3268127441406","743,580017",4,3,2024-10-14
2024-10-14 21:00:00,"447,4246826171875","707,309998",4,3,2024-10-14
2024-10-14 22:00:00,"401,2667236328125","680,679993",4,3,2024-10-14
2024-10-14 23:00:00,"316,8966064453125","645,320007",4,3,2024-10-14
2024-10-15 00:00:00,"249,3462371826172","659,190002",4,3,2024-10-15
2024-10-15 01:00:00,"230,7528839111328","627,039978",4,3,2024-10-15
2024-10-15 02:00:00,"246,45266723632812","602,859985",4,3,2024-10-15
2024-10-15 03:00:00,"279,9495544433594","667,849976",4,3,2024-10-15
2024-10-15 04:00:00,"341,0979919433594","854,530029",4,3,2024-10-15
2024-10-15 05:00:00,"442,4305114746094","1383,22998",4,3,2024-10-15
2024-10-15 06:00:00,"544,7069091796875","1317,719971",4,3,2024-10-15
2024-10-15 07:00:00,"609,5288696289062","824,76001",4,3,2024-10-15
2024-10-15 08:00:00,"560,362548828125","692,02002",4,3,2024-10-15
2024-10-15 09:00:00,"516,385986328125","619,650024",4,3,2024-10-15
2024-10-15 10:00:00,"472,1457214355469","585,47998",4,3,2024-10-15
2024-10-15 11:00:00,"458,3531494140625","535,340027",4,3,2024-10-15
2024-10-15 12:00:00,"449,9826354980469","566,299988",4,3,2024-10-15
2024-10-15 13:00:00,"475,52850341796875","621,960022",4,3,2024-10-15
2024-10-15 14:00:00,"553,9990234375","664,27002",4,3,2024-10-15
2024-10-15 15:00:00,"684,0360717773438","900,48999",4,3,2024-10-15
2024-10-15 16:00:00,"800,9172973632812","1020,609985",4,3,2024-10-15
2024-10-15 17:00:00,"918,6739501953125","726,049988",4,3,2024-10-15
2024-10-15 18:00:00,"823,3515625","568,98999",4,3,2024-10-15
2024-10-15 19:00:00,"628,6575317382812","497,290009",4,3,2024-10-15
2024-10-15 20:00:00,"572,8995971679688","445,059998",4,3,2024-10-15
2024-10-15 21:00:00,"501,091552734375","304,269989",4,3,2024-10-15
2024-10-15 22:00:00,"483,9154052734375","174,210007",4,3,2024-10-15
2024-10-15 23:00:00,"467,9838562011719","95,5",4,3,2024-10-15
2024-10-16 00:00:00,"398,3255310058594","39,540001",4,3,2024-10-16
2024-10-16 01:00:00,"344,5199279785156","26,93",4,3,2024-10-16
2024-10-16 02:00:00,"322,6070556640625","23,58",4,3,2024-10-16
2024-10-16 03:00:00,"327,52752685546875","61,18",4,3,2024-10-16
2024-10-16 04:00:00,"334,5706787109375","301,049988",4,3,2024-10-16
2024-10-16 05:00:00,"407,47747802734375","353,720001",4,3,2024-10-16
2024-10-16 06:00:00,"480,9905700683594","406,23999",4,3,2024-10-16
2024-10-16 07:00:00,"444,7972717285156","354,76001",4,3,2024-10-16
2024-10-16 08:00:00,"408,4594421386719","199,059998",4,3,2024-10-16
2024-10-16 09:00:00,"335,6783142089844","105,650002",4,3,2024-10-16
2024-10-16 10:00:00,"283,9361572265625","30,51",4,3,2024-10-16
2024-10-16 11:00:00,"249,24668884277344","15,22",4,3,2024-10-16
2024-10-16 12:00:00,"252,4620819091797","29,84",4,3,2024-10-16
2024-10-16 13:00:00,"277,4441833496094","105,800003",4,3,2024-10-16
2024-10-16 14:00:00,"298,9640197753906","246,210007",4,3,2024-10-16
2024-10-16 15:00:00,"417,8469543457031","263,0",4,3,2024-10-16
2024-10-16 16:00:00,"457,88226318359375","277,470001",4,3,2024-10-16
2024-10-16 17:00:00,"497,5048828125","272,470001",4,3,2024-10-16
2024-10-16 18:00:00,"432,84698486328125","267,470001",4,3,2024-10-16
2024-10-16 19:00:00,"377,86480712890625","257,619995",4,3,2024-10-16
2024-10-16 20:00:00,"337,3268127441406","242,029999",4,3,2024-10-16
2024-10-16 21:00:00,"302,19903564453125","198,009995",4,3,2024-10-16
2024-10-16 22:00:00,"303,5362854003906","127,129997",4,3,2024-10-16
2024-10-16 23:00:00,"309,1619873046875","90,650002",4,3,2024-10-16
2024-10-17 00:00:00,"302,7380676269531","78,190002",4,3,2024-10-17
2024-10-17 01:00:00,"285,809326171875","41,860001",4,3,2024-10-17
2024-10-17 02:00:00,"273,2919006347656","74,68",4,3,2024-10-17
2024-10-17 03:00:00,"288,6023254394531","216,139999",4,3,2024-10-17
2024-10-17 04:00:00,"314,6171569824219","261,730011",4,3,2024-10-17
2024-10-17 05:00:00,"382,6231689453125","298,660004",4,3,2024-10-17
2024-10-17 06:00:00,"404,4068298339844","306,790009",4,3,2024-10-17
2024-10-17 07:00:00,"399,9790344238281","301,869995",4,3,2024-10-17
2024-10-17 08:00:00,"350,61541748046875","286,940002",4,3,2024-10-17
2024-10-17 09:00:00,"275,6319274902344","287,089996",4,3,2024-10-17
2024-10-17 10:00:00,"186,81478881835938","290,670013",4,3,2024-10-17
2024-10-17 11:00:00,"129,35023498535156","305,299988",4,3,2024-10-17
2024-10-17 12:00:00,"147,4283905029297","322,980011",4,3,2024-10-17
2024-10-17 13:00:00,"246,72219848632812","474,140015",4,3,2024-10-17
2024-10-17 14:00:00,"339,30047607421875","691,469971",4,3,2024-10-17
2024-10-17 15:00:00,"374,96490478515625","893,059998",4,3,2024-10-17
2024-10-17 16:00:00,"417,979248046875","1292,290039",4,3,2024-10-17
2024-10-17 17:00:00,"463,2969055175781","1275,810059",4,3,2024-10-17
2024-10-17 18:00:00,"489,2462463378906","876,650024",4,3,2024-10-17
2024-10-17 19:00:00,"519,9252319335938","729,75",4,3,2024-10-17
2024-10-17 20:00:00,"526,3683471679688","664,390015",4,3,2024-10-17
2024-10-17 21:00:00,"463,79913330078125","613,359985",4,3,2024-10-17
2024-10-17 22:00:00,"370,5629577636719","603,929993",4,3,2024-10-17
2024-10-17 23:00:00,"310,6913757324219","605,5",4,3,2024-10-17
2024-10-18 00:00:00,"244,47857666015625","617,210022",4,3,2024-10-18
2024-10-18 01:00:00,"221,42591857910156","588,190002",4,3,2024-10-18
2024-10-18 02:00:00,"211,8698272705078","605,72998",4,3,2024-10-18
2024-10-18 03:00:00,"211,47299194335938","629,22998",4,3,2024-10-18
2024-10-18 04:00:00,"236,8707733154297","737,780029",4,3,2024-10-18
2024-10-18 05:00:00,"497,87890625","1117,449951",4,3,2024-10-18
2024-10-18 06:00:00,"616,205322265625","1165,640015",4,3,2024-10-18
2024-10-18 07:00:00,"539,0076904296875","828,130005",4,3,2024-10-18
2024-10-18 08:00:00,"419,7456970214844","714,429993",4,3,2024-10-18
2024-10-18 09:00:00,"342,5","636,390015",4,3,2024-10-18
2024-10-18 10:00:00,"255,74404907226562","618,929993",4,3,2024-10-18
2024-10-18 11:00:00,"230,57080078125","598,340027",4,3,2024-10-18
2024-10-18 12:00:00,"238,91973876953125","605,72998",4,3,2024-10-18
2024-10-18 13:00:00,"270,1068420410156","629,22998",4,3,2024-10-18
2024-10-18 14:00:00,"307,29290771484375","770,599976",4,3,2024-10-18
2024-10-18 15:00:00,"375,1443176269531","997,26001",4,3,2024-10-18
2024-10-18 16:00:00,"548,2546997070312","1352,459961",4,3,2024-10-18
2024-10-18 17:00:00,"658,2184448242188","1063,72998",4,3,2024-10-18
2024-10-18 18:00:00,"628,4317626953125","770,309998",4,3,2024-10-18
2024-10-18 19:00:00,"513,079345703125","722,409973",4,3,2024-10-18
2024-10-18 20:00:00,"530,0938720703125","695,77002",4,3,2024-10-18
2024-10-18 21:00:00,"489,6028137207031","638,179993",4,3,2024-10-18
2024-10-18 22:00:00,"466,1617126464844","649,27002",4,3,2024-10-18
2024-10-18 23:00:00,"425,9319763183594","619,210022",4,3,2024-10-18
2024-10-19 00:00:00,"342,3605651855469","595,940002",4,3,2024-10-19
2024-10-19 01:00:00,"276,6269226074219","561,27002",4,3,2024-10-19
2024-10-19 02:00:00,"248,09152221679688","565,809998",4,3,2024-10-19
2024-10-19 03:00:00,"247,3505096435547","572,530029",4,3,2024-10-19
2024-10-19 04:00:00,"278,94183349609375","596,619995",4,3,2024-10-19
2024-10-19 05:00:00,"308,4684753417969","685,440002",4,3,2024-10-19
2024-10-19 06:00:00,"328,7071838378906","668,659973",4,3,2024-10-19
2024-10-19 07:00:00,"303,62078857421875","630,919983",4,3,2024-10-19
2024-10-19 08:00:00,"258,03948974609375","587,669983",4,3,2024-10-19
2024-10-19 09:00:00,"230,84555053710938","546,799988",4,3,2024-10-19
2024-10-19 10:00:00,"140,79595947265625","493,399994",4,3,2024-10-19
2024-10-19 11:00:00,"105,51067352294922","454,619995",4,3,2024-10-19
2024-10-19 12:00:00,"128,9821319580078","476,470001",4,3,2024-10-19
2024-10-19 13:00:00,"194,87928771972656","589,679993",4,3,2024-10-19
2024-10-19 14:00:00,"286,7210388183594","731,52002",4,3,2024-10-19
2024-10-19 15:00:00,"351,23883056640625","813,929993",4,3,2024-10-19
2024-10-19 16:00:00,"509,662353515625","1012,900024",4,3,2024-10-19
2024-10-19 17:00:00,"583,2755126953125","886,940002",4,3,2024-10-19
2024-10-19 18:00:00,"555,256103515625","721,900024",4,3,2024-10-19
2024-10-19 19:00:00,"508,00213623046875","672,530029",4,3,2024-10-19
2024-10-19 20:00:00,"468,687744140625","625,179993",4,3,2024-10-19
2024-10-19 21:00:00,"411,68975830078125","546,869995",4,3,2024-10-19
2024-10-19 22:00:00,"293,0050354003906","403,059998",4,3,2024-10-19
2024-10-19 23:00:00,"224,39373779296875","409,470001",4,3,2024-10-19
2024-10-20 00:00:00,"198,2416534423828","407,079987",4,3,2024-10-20
2024-10-20 01:00:00,"187,71629333496094","417,0",4,3,2024-10-20
2024-10-20 02:00:00,"196,39675903320312","444,450012",4,3,2024-10-20
2024-10-20 03:00:00,"198,15757751464844","241,880005",4,3,2024-10-20
2024-10-20 04:00:00,"212,27825927734375","240,389999",4,3,2024-10-20
2024-10-20 05:00:00,"232,17079162597656","291,329987",4,3,2024-10-20
2024-10-20 06:00:00,"283,9555358886719","359,950012",4,3,2024-10-20
2024-10-20 07:00:00,"226,24217224121094","341,230011",4,3,2024-10-20
2024-10-20 08:00:00,"100,7928695678711","47,509998",4,3,2024-10-20
2024-10-20 09:00:00,"43,192989349365234","0,6",4,3,2024-10-20
2024-10-20 10:00:00,"12,846680641174316","0,0",4,3,2024-10-20
2024-10-20 11:00:00,"2,7987582683563232","-7,31",4,3,2024-10-20
2024-10-20 12:00:00,"-5,110925674438477","-14,99",4,3,2024-10-20
2024-10-20 13:00:00,"5,257997512817383","0,0",4,3,2024-10-20
2024-10-20 14:00:00,"179,61221313476562","38,040001",4,3,2024-10-20
2024-10-20 15:00:00,"306,9606628417969","413,570007",4,3,2024-10-20
2024-10-20 16:00:00,"339,6836853027344","318,25",4,3,2024-10-20
2024-10-20 17:00:00,"329,00042724609375","268,950012",4,3,2024-10-20
2024-10-20 18:00:00,"311,2376708984375","252,919998",4,3,2024-10-20
2024-10-20 19:00:00,"287,81207275390625","156,259995",4,3,2024-10-20
2024-10-20 20:00:00,"268,1093444824219","90,620003",4,3,2024-10-20
2024-10-20 21:00:00,"257,5322570800781","14,39",4,3,2024-10-20
2024-10-20 22:00:00,"209,52662658691406","-0,75",4,3,2024-10-20
2024-10-20 23:00:00,"167,7582244873047","-0,75",4,3,2024-10-20
2024-10-21 00:00:00,"141,1783447265625","-1,04",4,4,2024-10-21
2024-10-21 01:00:00,"154,03521728515625","-0,6",4,4,2024-10-21
2024-10-21 02:00:00,"180,14352416992188","-0,3",4,4,2024-10-21
2024-10-21 03:00:00,"247,58522033691406","24,24",4,4,2024-10-21
2024-10-21 04:00:00,"425,8204345703125","32,59",4,4,2024-10-21
2024-10-21 05:00:00,"524,6282348632812","301,170013",4,4,2024-10-21
2024-10-21 06:00:00,"555,8170776367188","292,070007",4,4,2024-10-21
2024-10-21 07:00:00,"489,51641845703125","240,160004",4,4,2024-10-21
2024-10-21 08:00:00,"435,5097351074219","215,399994",4,4,2024-10-21
2024-10-21 09:00:00,"351,28948974609375","208,690002",4,4,2024-10-21
2024-10-21 10:00:00,"310,1643371582031","188,479996",4,4,2024-10-21
2024-10-21 11:00:00,"265,4731140136719","209,729996",4,4,2024-10-21
2024-10-21 12:00:00,"251,38229370117188","168,710007",4,4,2024-10-21
2024-10-21 13:00:00,"319,073486328125","434,609985",4,4,2024-10-21
2024-10-21 14:00:00,"418,7203369140625","670,289978",4,4,2024-10-21
2024-10-21 15:00:00,"532,6263427734375","969,900024",4,4,2024-10-21
2024-10-21 16:00:00,"878,9120483398438","1582,319946",4,4,2024-10-21
2024-10-21 17:00:00,"968,1384887695312","1404,810059",4,4,2024-10-21
2024-10-21 18:00:00,"755,4524536132812","957,969971",4,4,2024-10-21
2024-10-21 19:00:00,"470,26373291015625","750,320007",4,4,2024-10-21
2024-10-21 20:00:00,"455,8634033203125","729,440002",4,4,2024-10-21
2024-10-21 21:00:00,"405,52703857421875","693,419983",4,4,2024-10-21
2024-10-21 22:00:00,"316,76446533203125","666,929993",4,4,2024-10-21
2024-10-21 23:00:00,"259,40753173828125","652,76001",4,4,2024-10-21
2024-10-22 00:00:00,"243,69606018066406","639,109985",4,4,2024-10-22
2024-10-22 01:00:00,"242,45846557617188","623,52002",4,4,2024-10-22
2024-10-22 02:00:00,"249,33767700195312","619,190002",4,4,2024-10-22
2024-10-22 03:00:00,"314,97802734375","641,419983",4,4,2024-10-22
2024-10-22 04:00:00,"376,49407958984375","731,960022",4,4,2024-10-22
2024-10-22 05:00:00,"690,3890380859375","1118,76001",4,4,2024-10-22
2024-10-22 06:00:00,"765,7749633789062","1215,27002",4,4,2024-10-22
2024-10-22 07:00:00,"716,41552734375","846,080017",4,4,2024-10-22
2024-10-22 08:00:00,"586,8270263671875","736,809998",4,4,2024-10-22
2024-10-22 09:00:00,"457,21856689453125","639,109985",4,4,2024-10-22
2024-10-22 10:00:00,"409,0392761230469","246,720001",4,4,2024-10-22
2024-10-22 11:00:00,"348,7718505859375","232,550003",4,4,2024-10-22
2024-10-22 12:00:00,"316,9517517089844","225,539993",4,4,2024-10-22
2024-10-22 13:00:00,"315,51971435546875","229,789993",4,4,2024-10-22
2024-10-22 14:00:00,"391,6233825683594","263,130005",4,4,2024-10-22
2024-10-22 15:00:00,"504,4469909667969","759,109985",4,4,2024-10-22
2024-10-22 16:00:00,"562,9896850585938","1043,579956",4,4,2024-10-22
2024-10-22 17:00:00,"543,296630859375","1176,560059",4,4,2024-10-22
2024-10-22 18:00:00,"486,13250732421875","850,400024",4,4,2024-10-22
2024-10-22 19:00:00,"454,5589294433594","697,72998",4,4,2024-10-22
2024-10-22 20:00:00,"414,1260986328125","713,919983",4,4,2024-10-22
2024-10-22 21:00:00,"388,36053466796875","658,950012",4,4,2024-10-22
2024-10-22 22:00:00,"349,6192932128906","602,789978",4,4,2024-10-22
2024-10-22 23:00:00,"285,4346008300781","620,690002",4,4,2024-10-22
2024-10-23 00:00:00,"251,7015380859375","611,669983",4,4,2024-10-23
2024-10-23 01:00:00,"253,05838012695312","620,539978",4,4,2024-10-23
2024-10-23 02:00:00,"252,93235778808594","639,859985",4,4,2024-10-23
2024-10-23 03:00:00,"282,0157165527344","675,950012",4,4,2024-10-23
2024-10-23 04:00:00,"329,65576171875","780,950012",4,4,2024-10-23
2024-10-23 05:00:00,"457,4932861328125","1025,329956",4,4,2024-10-23
2024-10-23 06:00:00,"574,2382202148438","1205,72998",4,4,2024-10-23
2024-10-23 07:00:00,"564,1925048828125","957,690002",4,4,2024-10-23
2024-10-23 08:00:00,"466,4610900878906","776,330017",4,4,2024-10-23
2024-10-23 09:00:00,"376,6432189941406","693,700012",4,4,2024-10-23
2024-10-23 10:00:00,"294,0804443359375","600,929993",4,4,2024-10-23
2024-10-23 11:00:00,"225,35911560058594","574,75",4,4,2024-10-23
2024-10-23 12:00:00,"217,30825805664062","562,450012",4,4,2024-10-23
2024-10-23 13:00:00,"271,4723205566406","657,830017",4,4,2024-10-23
2024-10-23 14:00:00,"338,5593566894531","696,22998",4,4,2024-10-23
2024-10-23 15:00:00,"414,4952087402344","1009,669983",4,4,2024-10-23
2024-10-23 16:00:00,"532,424560546875","1428,859985",4,4,2024-10-23
2024-10-23 17:00:00,"565,3925170898438","1312,52002",4,4,2024-10-23
2024-10-23 18:00:00,"526,6415405273438","833,080017",4,4,2024-10-23
2024-10-23 19:00:00,"488,8742980957031","754,849976",4,4,2024-10-23
2024-10-23 20:00:00,"477,5746154785156","767,599976",4,4,2024-10-23
2024-10-23 21:00:00,"426,60516357421875","694,73999",4,4,2024-10-23
2024-10-23 22:00:00,"336,71331787109375","647,059998",4,4,2024-10-23
2024-10-23 23:00:00,"241,68898010253906","597,460022",4,4,2024-10-23
2024-10-24 00:00:00,"240,98280334472656","582,469971",4,4,2024-10-24
2024-10-24 01:00:00,"225,2760009765625","564,349976",4,4,2024-10-24
2024-10-24 02:00:00,"214,00436401367188","532,200012",4,4,2024-10-24
2024-10-24 03:00:00,"268,67327880859375","597,909973",4,4,2024-10-24
2024-10-24 04:00:00,"331,57891845703125","748,409973",4,4,2024-10-24
2024-10-24 05:00:00,"410,9664611816406","1057,98999",4,4,2024-10-24
2024-10-24 06:00:00,"468,2830810546875","1233,47998",4,4,2024-10-24
2024-10-24 07:00:00,"495,98504638671875","874,820007",4,4,2024-10-24
2024-10-24 08:00:00,"441,361083984375","760,049988",4,4,2024-10-24
2024-10-24 09:00:00,"366,7994689941406","693,969971",4,4,2024-10-24
2024-10-24 10:00:00,"268,8155517578125","626,169983",4,4,2024-10-24
2024-10-24 11:00:00,"204,4452667236328","590,299988",4,4,2024-10-24
2024-10-24 12:00:00,"235,78355407714844","607,900024",4,4,2024-10-24
2024-10-24 13:00:00,"311,7569885253906","713,72998",4,4,2024-10-24
2024-10-24 14:00:00,"375,85150146484375","809,869995",4,4,2024-10-24
2024-10-24 15:00:00,"490,2808532714844","921,659973",4,4,2024-10-24
2024-10-24 16:00:00,"641,6289672851562","1034,430054",4,4,2024-10-24
2024-10-24 17:00:00,"649,5386352539062","851,630005",4,4,2024-10-24
2024-10-24 18:00:00,"590,5233764648438","720,52002",4,4,2024-10-24
2024-10-24 19:00:00,"473,7778015136719","698,369995",4,4,2024-10-24
2024-10-24 20:00:00,"436,85272216796875","670,47998",4,4,2024-10-24
2024-10-24 21:00:00,"403,28314208984375","623,559998",4,4,2024-10-24
2024-10-24 22:00:00,"363,4603271484375","615,460022",4,4,2024-10-24
2024-10-24 23:00:00,"355,57452392578125","612,25",4,4,2024-10-24
2024-10-25 00:00:00,"388,4339599609375","594,48999",4,4,2024-10-25
2024-10-25 01:00:00,"420,6268615722656","616,200012",4,4,2024-10-25
2024-10-25 02:00:00,"468,4497985839844","630,150024",4,4,2024-10-25
2024-10-25 03:00:00,"494,7285461425781","705,650024",4,4,2024-10-25
2024-10-25 04:00:00,"585,3789672851562","812,700012",4,4,2024-10-25
2024-10-25 05:00:00,"710,2636108398438","923,190002",4,4,2024-10-25
2024-10-25 06:00:00,"778,11279296875","1123,410034",4,4,2024-10-25
2024-10-25 07:00:00,"769,6140747070312","913,340027",4,4,2024-10-25
2024-10-25 08:00:00,"690,32568359375","806,809998",4,4,2024-10-25
2024-10-25 09:00:00,"561,93212890625","700,5",4,4,2024-10-25
2024-10-25 10:00:00,"518,5435791015625","604,859985",4,4,2024-10-25
2024-10-25 11:00:00,"482,40777587890625","583,22998",4,4,2024-10-25
2024-10-25 12:00:00,"476,2334289550781","615,22998",4,4,2024-10-25
2024-10-25 13:00:00,"485,6729736328125","741,01001",4,4,2024-10-25
2024-10-25 14:00:00,"560,3956909179688","880,51001",4,4,2024-10-25
2024-10-25 15:00:00,"687,2335205078125","1184,140015",4,4,2024-10-25
2024-10-25 16:00:00,"831,0228881835938","1695,829956",4,4,2024-10-25
2024-10-25 17:00:00,"922,9571533203125","1379,0",4,4,2024-10-25
2024-10-25 18:00:00,"846,3545532226562","924,01001",4,4,2024-10-25
2024-10-25 19:00:00,"698,8364868164062","867,530029",4,4,2024-10-25
2024-10-25 20:00:00,"672,8467407226562","850,150024",4,4,2024-10-25
2024-10-25 21:00:00,"583,912109375","801,210022",4,4,2024-10-25
2024-10-25 22:00:00,"563,1099243164062","860,150024",4,4,2024-10-25
2024-10-25 23:00:00,"534,502685546875","818,0",4,4,2024-10-25
2024-10-26 00:00:00,"546,4602661132812","797,929993",4,4,2024-10-26
2024-10-26 01:00:00,"534,1854858398438","804,200012",4,4,2024-10-26
2024-10-26 02:00:00,"533,3096313476562","788,599976",4,4,2024-10-26
2024-10-26 03:00:00,"532,817138671875","796,960022",4,4,2024-10-26
2024-10-26 04:00:00,"554,533935546875","850,0",4,4,2024-10-26
2024-10-26 05:00:00,"585,7494506835938","937,890015",4,4,2024-10-26
2024-10-26 06:00:00,"579,6334228515625","940,059998",4,4,2024-10-26
2024-10-26 07:00:00,"510,7241516113281","877,159973",4,4,2024-10-26
2024-10-26 08:00:00,"473,64288330078125","756,450012",4,4,2024-10-26
2024-10-26 09:00:00,"418,00433349609375","607,900024",4,4,2024-10-26
2024-10-26 10:00:00,"332,7587585449219","509,940002",4,4,2024-10-26
2024-10-26 11:00:00,"246,50930786132812","472,269989",4,4,2024-10-26
2024-10-26 12:00:00,"280,09637451171875","481,589996",4,4,2024-10-26
2024-10-26 13:00:00,"329,53753662109375","607,599976",4,4,2024-10-26
2024-10-26 14:00:00,"386,8954772949219","750,549988",4,4,2024-10-26
2024-10-26 15:00:00,"467,7835998535156","938,039978",4,4,2024-10-26
2024-10-26 16:00:00,"615,6260986328125","1125,829956",4,4,2024-10-26
2024-10-26 17:00:00,"652,1978149414062","885,890015",4,4,2024-10-26
2024-10-26 18:00:00,"546,0355834960938","719,809998",4,4,2024-10-26
2024-10-26 19:00:00,"483,2988586425781","662,219971",4,4,2024-10-26
2024-10-26 20:00:00,"434,57025146484375","652,820007",4,4,2024-10-26
2024-10-26 21:00:00,"356,8776550292969","571,719971",4,4,2024-10-26
2024-10-26 22:00:00,"242,2191162109375","688,119995",4,4,2024-10-26
2024-10-26 23:00:00,"208,52821350097656","626,780029",4,4,2024-10-26
2024-10-27 00:00:00,"214,71630859375","613,570007",4,4,2024-10-27
2024-10-27 01:00:00,"213,02737426757812","600,140015",4,4,2024-10-27
2024-10-27 02:00:00,"215,54049682617188","592,530029",4,4,2024-10-27
2024-10-27 03:00:00,"218,39227294921875","587,900024",4,4,2024-10-27
2024-10-27 04:00:00,"223,5754852294922","635,289978",4,4,2024-10-27
2024-10-27 05:00:00,"233,8691864013672","665,659973",4,4,2024-10-27
2024-10-27 06:00:00,"276,0755615234375","657,0",4,4,2024-10-27
2024-10-27 07:00:00,"235,1317596435547","629,320007",4,4,2024-10-27
2024-10-27 08:00:00,"114,18919372558594","496,049988",4,4,2024-10-27
2024-10-27 09:00:00,"37,63447570800781","408,299988",4,4,2024-10-27
2024-10-27 10:00:00,"6,260600566864014","317,119995",4,4,2024-10-27
2024-10-27 11:00:00,"-8,95715045928955","298,390015",4,4,2024-10-27
2024-10-27 12:00:00,"-14,121079444885254","298,470001",4,4,2024-10-27
2024-10-27 13:00:00,"-0,7225837111473083","480,01001",4,4,2024-10-27
2024-10-27 14:00:00,"134,37158203125","753,109985",4,4,2024-10-27
2024-10-27 15:00:00,"264,620361328125","878,97998",4,4,2024-10-27
2024-10-27 16:00:00,"360,88470458984375","1106,569946",4,4,2024-10-27
2024-10-27 17:00:00,"395,6856994628906","1087,23999",4,4,2024-10-27
2024-10-27 18:00:00,"347,1324157714844","973,52002",4,4,2024-10-27
2024-10-27 19:00:00,"270,71331787109375","881,299988",4,4,2024-10-27
2024-10-27 20:00:00,"232,08641052246094","831,159973",4,4,2024-10-27
2024-10-27 21:00:00,"183,99778747558594","820,48999",4,4,2024-10-27
2024-10-27 22:00:00,"140,2537078857422","651,109985",4,4,2024-10-27
2024-10-27 23:00:00,"137,4882354736328","713,340027",4,4,2024-10-27
