Time,Prediction,DKPrice,fold,week,Date
2024-01-01 00:00:00,"169,1216278076172","209,779999",1,1,2024-01-01
2024-01-01 01:00:00,"201,24913024902344","198,740005",1,1,2024-01-01
2024-01-01 02:00:00,"226,20347595214844","30,860001",1,1,2024-01-01
2024-01-01 03:00:00,"235,11985778808594","-0,22",1,1,2024-01-01
2024-01-01 04:00:00,"336,154541015625","-0,15",1,1,2024-01-01
2024-01-01 05:00:00,"432,5113525390625","-0,37",1,1,2024-01-01
2024-01-01 06:00:00,"495,8710021972656","-0,15",1,1,2024-01-01
2024-01-01 07:00:00,"529,6113891601562","0,0",1,1,2024-01-01
2024-01-01 08:00:00,"551,2725219726562","0,6",1,1,2024-01-01
2024-01-01 09:00:00,"488,50628662109375","308,179993",1,1,2024-01-01
2024-01-01 10:00:00,"469,1561279296875","324,359985",1,1,2024-01-01
2024-01-01 11:00:00,"473,2005310058594","320,700012",1,1,2024-01-01
2024-01-01 12:00:00,"470,6694641113281","330,170013",1,1,2024-01-01
2024-01-01 13:00:00,"481,8232421875","344,709991",1,1,2024-01-01
2024-01-01 14:00:00,"497,8143310546875","377,290009",1,1,2024-01-01
2024-01-01 15:00:00,"576,1749877929688","443,329987",1,1,2024-01-01
2024-01-01 16:00:00,"651,1922607421875","484,480011",1,1,2024-01-01
2024-01-01 17:00:00,"663,1761474609375","460,26001",1,1,2024-01-01
2024-01-01 18:00:00,"607,5398559570312","456,75",1,1,2024-01-01
2024-01-01 19:00:00,"540,101318359375","447,059998",1,1,2024-01-01
2024-01-01 20:00:00,"483,16766357421875","409,420013",1,1,2024-01-01
2024-01-01 21:00:00,"472,2893981933594","355,220001",1,1,2024-01-01
2024-01-01 22:00:00,"430,0141296386719","265,019989",1,1,2024-01-01
2024-01-01 23:00:00,"424,2344970703125","228,039993",1,1,2024-01-01
2024-01-02 00:00:00,"402,5301818847656","149,619995",1,1,2024-01-02
2024-01-02 01:00:00,"380,97406005859375","231,320007",1,1,2024-01-02
2024-01-02 02:00:00,"386,5514831542969","137,089996",1,1,2024-01-02
2024-01-02 03:00:00,"378,7299499511719","82,599998",1,1,2024-01-02
2024-01-02 04:00:00,"440,12518310546875","102,730003",1,1,2024-01-02
2024-01-02 05:00:00,"491,0389404296875","355,070007",1,1,2024-01-02
2024-01-02 06:00:00,"536,2688598632812","433,119995",1,1,2024-01-02
2024-01-02 07:00:00,"562,2628173828125","489,549988",1,1,2024-01-02
2024-01-02 08:00:00,"543,3746948242188","482,549988",1,1,2024-01-02
2024-01-02 09:00:00,"538,7591552734375","514,22998",1,1,2024-01-02
2024-01-02 10:00:00,"559,5287475585938","548,219971",1,1,2024-01-02
2024-01-02 11:00:00,"559,7898559570312","582,659973",1,1,2024-01-02
2024-01-02 12:00:00,"593,6707153320312","587,960022",1,1,2024-01-02
2024-01-02 13:00:00,"588,3289794921875","590,719971",1,1,2024-01-02
2024-01-02 14:00:00,"593,1798706054688","596,080017",1,1,2024-01-02
2024-01-02 15:00:00,"637,7996215820312","607,26001",1,1,2024-01-02
2024-01-02 16:00:00,"682,5730590820312","603,23999",1,1,2024-01-02
2024-01-02 17:00:00,"673,107421875","558,72998",1,1,2024-01-02
2024-01-02 18:00:00,"626,1898193359375","470,98999",1,1,2024-01-02
2024-01-02 19:00:00,"555,8156127929688","425,73999",1,1,2024-01-02
2024-01-02 20:00:00,"526,5751342773438","349,549988",1,1,2024-01-02
2024-01-02 21:00:00,"517,8128051757812","298,190002",1,1,2024-01-02
2024-01-02 22:00:00,"467,4415283203125","162,589996",1,1,2024-01-02
2024-01-02 23:00:00,"465,25335693359375","7,75",1,1,2024-01-02
2024-01-03 00:00:00,"482,2591857910156","-0,07",1,1,2024-01-03
2024-01-03 01:00:00,"491,7527160644531","0,0",1,1,2024-01-03
2024-01-03 02:00:00,"456,17724609375","-0,07",1,1,2024-01-03
2024-01-03 03:00:00,"451,50494384765625","0,0",1,1,2024-01-03
2024-01-03 04:00:00,"507,50946044921875","0,15",1,1,2024-01-03
2024-01-03 05:00:00,"562,257568359375","8,13",1,1,2024-01-03
2024-01-03 06:00:00,"689,1253662109375","302,600006",1,1,2024-01-03
2024-01-03 07:00:00,"747,8207397460938","444,399994",1,1,2024-01-03
2024-01-03 08:00:00,"728,3283081054688","451,850006",1,1,2024-01-03
2024-01-03 09:00:00,"693,8352661132812","424,940002",1,1,2024-01-03
2024-01-03 10:00:00,"683,0235595703125","409,209991",1,1,2024-01-03
2024-01-03 11:00:00,"660,1546020507812","445,820007",1,1,2024-01-03
2024-01-03 12:00:00,"659,0895385742188","438,809998",1,1,2024-01-03
2024-01-03 13:00:00,"664,3641967773438","453,720001",1,1,2024-01-03
2024-01-03 14:00:00,"680,5183715820312","500,829987",1,1,2024-01-03
2024-01-03 15:00:00,"680,7508544921875","548,619995",1,1,2024-01-03
2024-01-03 16:00:00,"706,1303100585938","613,409973",1,1,2024-01-03
2024-01-03 17:00:00,"666,6334838867188","618,549988",1,1,2024-01-03
2024-01-03 18:00:00,"612,0645751953125","589,179993",1,1,2024-01-03
2024-01-03 19:00:00,"550,0003662109375","545,940002",1,1,2024-01-03
2024-01-03 20:00:00,"459,35504150390625","502,549988",1,1,2024-01-03
2024-01-03 21:00:00,"440,15679931640625","484,579987",1,1,2024-01-03
2024-01-03 22:00:00,"377,890869140625","433,290009",1,1,2024-01-03
2024-01-03 23:00:00,"309,3252868652344","427,329987",1,1,2024-01-03
2024-01-04 00:00:00,"318,9520263671875","376,320007",1,1,2024-01-04
2024-01-04 01:00:00,"313,21734619140625","298,309998",1,1,2024-01-04
2024-01-04 02:00:00,"305,6459045410156","190,020004",1,1,2024-01-04
2024-01-04 03:00:00,"310,29925537109375","261,019989",1,1,2024-01-04
2024-01-04 04:00:00,"335,0980529785156","430,540009",1,1,2024-01-04
2024-01-04 05:00:00,"406,53424072265625","541,809998",1,1,2024-01-04
2024-01-04 06:00:00,"487,45916748046875","634,059998",1,1,2024-01-04
2024-01-04 07:00:00,"541,815673828125","682,169983",1,1,2024-01-04
2024-01-04 08:00:00,"536,4752807617188","702,530029",1,1,2024-01-04
2024-01-04 09:00:00,"510,8356628417969","683,210022",1,1,2024-01-04
2024-01-04 10:00:00,"437,1085510253906","671,429993",1,1,2024-01-04
2024-01-04 11:00:00,"400,4143981933594","643,609985",1,1,2024-01-04
2024-01-04 12:00:00,"376,81524658203125","641,070007",1,1,2024-01-04
2024-01-04 13:00:00,"434,0293273925781","686,940002",1,1,2024-01-04
2024-01-04 14:00:00,"504,0730895996094","735,48999",1,1,2024-01-04
2024-01-04 15:00:00,"564,1327514648438","788,51001",1,1,2024-01-04
2024-01-04 16:00:00,"645,6742553710938","993,599976",1,1,2024-01-04
2024-01-04 17:00:00,"589,5940551757812","1078,77002",1,1,2024-01-04
2024-01-04 18:00:00,"556,3793334960938","932,22998",1,1,2024-01-04
2024-01-04 19:00:00,"461,026123046875","772,549988",1,1,2024-01-04
2024-01-04 20:00:00,"413,8984680175781","745,859985",1,1,2024-01-04
2024-01-04 21:00:00,"390,7144470214844","707,450012",1,1,2024-01-04
2024-01-04 22:00:00,"321,5374755859375","662,47998",1,1,2024-01-04
2024-01-04 23:00:00,"305,1079406738281","642,059998",1,1,2024-01-04
2024-01-05 00:00:00,"320,4286193847656","600,51001",1,1,2024-01-05
2024-01-05 01:00:00,"312,82000732421875","574,409973",1,1,2024-01-05
2024-01-05 02:00:00,"268,3128662109375","546,059998",1,1,2024-01-05
2024-01-05 03:00:00,"255,66773986816406","552,330017",1,1,2024-01-05
2024-01-05 04:00:00,"325,31195068359375","567,099976",1,1,2024-01-05
2024-01-05 05:00:00,"367,900634765625","604,169983",1,1,2024-01-05
2024-01-05 06:00:00,"432,7364807128906","648,919983",1,1,2024-01-05
2024-01-05 07:00:00,"465,7574768066406","668,090027",1,1,2024-01-05
2024-01-05 08:00:00,"461,70343017578125","708,070007",1,1,2024-01-05
2024-01-05 09:00:00,"428,88006591796875","718,140015",1,1,2024-01-05
2024-01-05 10:00:00,"385,68017578125","732,609985",1,1,2024-01-05
2024-01-05 11:00:00,"359,73406982421875","688,01001",1,1,2024-01-05
2024-01-05 12:00:00,"352,79608154296875","682,780029",1,1,2024-01-05
2024-01-05 13:00:00,"358,6163024902344","719,109985",1,1,2024-01-05
2024-01-05 14:00:00,"374,41168212890625","746,26001",1,1,2024-01-05
2024-01-05 15:00:00,"435,1094055175781","768,039978",1,1,2024-01-05
2024-01-05 16:00:00,"487,29583740234375","800,929993",1,1,2024-01-05
2024-01-05 17:00:00,"477,28704833984375","808,909973",1,1,2024-01-05
2024-01-05 18:00:00,"452,34124755859375","775,419983",1,1,2024-01-05
2024-01-05 19:00:00,"373,00048828125","746,559998",1,1,2024-01-05
2024-01-05 20:00:00,"360,55450439453125","702,549988",1,1,2024-01-05
2024-01-05 21:00:00,"377,4447021484375","708,0",1,1,2024-01-05
2024-01-05 22:00:00,"372,9421691894531","647,429993",1,1,2024-01-05
2024-01-05 23:00:00,"315,083740234375","613,47998",1,1,2024-01-05
2024-01-06 00:00:00,"288,7923583984375","598,190002",1,1,2024-01-06
2024-01-06 01:00:00,"218,7249298095703","567,830017",1,1,2024-01-06
2024-01-06 02:00:00,"204,78065490722656","544,559998",1,1,2024-01-06
2024-01-06 03:00:00,"194,58895874023438","544,559998",1,1,2024-01-06
2024-01-06 04:00:00,"173,17813110351562","556,340027",1,1,2024-01-06
2024-01-06 05:00:00,"194,46156311035156","560,150024",1,1,2024-01-06
2024-01-06 06:00:00,"244,03782653808594","607,059998",1,1,2024-01-06
2024-01-06 07:00:00,"305,12689208984375","659,349976",1,1,2024-01-06
2024-01-06 08:00:00,"385,4200744628906","687,909973",1,1,2024-01-06
2024-01-06 09:00:00,"415,6485595703125","725,72998",1,1,2024-01-06
2024-01-06 10:00:00,"387,2936706542969","749,070007",1,1,2024-01-06
2024-01-06 11:00:00,"380,76776123046875","739,599976",1,1,2024-01-06
2024-01-06 12:00:00,"384,6996765136719","710,210022",1,1,2024-01-06
2024-01-06 13:00:00,"425,76885986328125","690,299988",1,1,2024-01-06
2024-01-06 14:00:00,"480,3939208984375","709,23999",1,1,2024-01-06
2024-01-06 15:00:00,"565,8097534179688","744,75",1,1,2024-01-06
2024-01-06 16:00:00,"637,21533203125","780,849976",1,1,2024-01-06
2024-01-06 17:00:00,"656,8510131835938","774,51001",1,1,2024-01-06
2024-01-06 18:00:00,"574,028076171875","740,719971",1,1,2024-01-06
2024-01-06 19:00:00,"463,6597900390625","687,909973",1,1,2024-01-06
2024-01-06 20:00:00,"443,0270080566406","656,359985",1,1,2024-01-06
2024-01-06 21:00:00,"371,10498046875","647,039978",1,1,2024-01-06
2024-01-06 22:00:00,"315,3160095214844","596,919983",1,1,2024-01-06
2024-01-06 23:00:00,"311,4461364746094","642,570007",1,1,2024-01-06
2024-01-07 00:00:00,"262,0015563964844","615,049988",1,1,2024-01-07
2024-01-07 01:00:00,"242,6302947998047","573,72998",1,1,2024-01-07
2024-01-07 02:00:00,"188,06253051757812","561,48999",1,1,2024-01-07
2024-01-07 03:00:00,"129,6157684326172","546,950012",1,1,2024-01-07
2024-01-07 04:00:00,"131,30722045898438","550,309998",1,1,2024-01-07
2024-01-07 05:00:00,"161,31764221191406","560,450012",1,1,2024-01-07
2024-01-07 06:00:00,"214,7214813232422","582,080017",1,1,2024-01-07
2024-01-07 07:00:00,"261,2409362792969","610,049988",1,1,2024-01-07
2024-01-07 08:00:00,"262,5216369628906","634,219971",1,1,2024-01-07
2024-01-07 09:00:00,"256,8671875","650,030029",1,1,2024-01-07
2024-01-07 10:00:00,"248,16404724121094","666,210022",1,1,2024-01-07
2024-01-07 11:00:00,"240,14321899414062","682,469971",1,1,2024-01-07
2024-01-07 12:00:00,"255,02755737304688","652,789978",1,1,2024-01-07
2024-01-07 13:00:00,"259,0230407714844","634,219971",1,1,2024-01-07
2024-01-07 14:00:00,"296,6475524902344","656,440002",1,1,2024-01-07
2024-01-07 15:00:00,"409,5210876464844","696,799988",1,1,2024-01-07
2024-01-07 16:00:00,"409,2626037597656","759,080017",1,1,2024-01-07
2024-01-07 17:00:00,"406,8423767089844","782,049988",1,1,2024-01-07
2024-01-07 18:00:00,"297,46014404296875","772,349976",1,1,2024-01-07
2024-01-07 19:00:00,"266,6161804199219","749,599976",1,1,2024-01-07
2024-01-07 20:00:00,"256,5379638671875","695,97998",1,1,2024-01-07
2024-01-07 21:00:00,"265,39947509765625","680,01001",1,1,2024-01-07
2024-01-07 22:00:00,"251,8481903076172","625,48999",1,1,2024-01-07
2024-01-07 23:00:00,"263,3761901855469","649,059998",1,1,2024-01-07
2024-01-08 00:00:00,"322,14544677734375","628,919983",1,2,2024-01-08
2024-01-08 01:00:00,"213,9737548828125","610,27002",1,2,2024-01-08
2024-01-08 02:00:00,"181,2541961669922","590,059998",1,2,2024-01-08
2024-01-08 03:00:00,"152,652099609375","585,359985",1,2,2024-01-08
2024-01-08 04:00:00,"173,56552124023438","612,359985",1,2,2024-01-08
2024-01-08 05:00:00,"187,67625427246094","703,359985",1,2,2024-01-08
2024-01-08 06:00:00,"277,2308044433594","828,669983",1,2,2024-01-08
2024-01-08 07:00:00,"311,3719177246094","903,330017",1,2,2024-01-08
2024-01-08 08:00:00,"313,6485595703125","878,859985",1,2,2024-01-08
2024-01-08 09:00:00,"312,8564758300781","824,940002",1,2,2024-01-08
2024-01-08 10:00:00,"308,37652587890625","768,25",1,2,2024-01-08
2024-01-08 11:00:00,"246,2239227294922","712,309998",1,2,2024-01-08
2024-01-08 12:00:00,"261,74310302734375","701,349976",1,2,2024-01-08
2024-01-08 13:00:00,"327,0411071777344","763,25",1,2,2024-01-08
2024-01-08 14:00:00,"359,5439758300781","805,390015",1,2,2024-01-08
2024-01-08 15:00:00,"472,1579284667969","923,619995",1,2,2024-01-08
2024-01-08 16:00:00,"515,88916015625","963,299988",1,2,2024-01-08
2024-01-08 17:00:00,"493,6231689453125","969,710022",1,2,2024-01-08
2024-01-08 18:00:00,"444,2975769042969","910,859985",1,2,2024-01-08
2024-01-08 19:00:00,"370,7373352050781","851,859985",1,2,2024-01-08
2024-01-08 20:00:00,"317,1289978027344","766,97998",1,2,2024-01-08
2024-01-08 21:00:00,"303,1459045410156","745,719971",1,2,2024-01-08
2024-01-08 22:00:00,"285,5230407714844","682,400024",1,2,2024-01-08
2024-01-08 23:00:00,"275,6914978027344","657,710022",1,2,2024-01-08
2024-01-09 00:00:00,"221,37399291992188","649,359985",1,2,2024-01-09
2024-01-09 01:00:00,"209,87841796875","634,140015",1,2,2024-01-09
2024-01-09 02:00:00,"203,8926544189453","627,719971",1,2,2024-01-09
2024-01-09 03:00:00,"235,479736328125","639,51001",1,2,2024-01-09
2024-01-09 04:00:00,"262,5556640625","666,070007",1,2,2024-01-09
2024-01-09 05:00:00,"352,17169189453125","809,530029",1,2,2024-01-09
2024-01-09 06:00:00,"402,877197265625","925,539978",1,2,2024-01-09
2024-01-09 07:00:00,"411,61700439453125","994,030029",1,2,2024-01-09
2024-01-09 08:00:00,"421,8743896484375","902,039978",1,2,2024-01-09
2024-01-09 09:00:00,"430,8592224121094","844,450012",1,2,2024-01-09
2024-01-09 10:00:00,"420,7563781738281","789,169983",1,2,2024-01-09
2024-01-09 11:00:00,"419,3848571777344","747,690002",1,2,2024-01-09
2024-01-09 12:00:00,"427,96826171875","752,159973",1,2,2024-01-09
2024-01-09 13:00:00,"435,6905212402344","827,289978",1,2,2024-01-09
2024-01-09 14:00:00,"468,1643371582031","890,780029",1,2,2024-01-09
2024-01-09 15:00:00,"583,6396484375","953,820007",1,2,2024-01-09
2024-01-09 16:00:00,"618,9180297851562","1028,349976",1,2,2024-01-09
2024-01-09 17:00:00,"613,2407836914062","1028,050049",1,2,2024-01-09
2024-01-09 18:00:00,"537,666259765625","973,070007",1,2,2024-01-09
2024-01-09 19:00:00,"453,46441650390625","897,039978",1,2,2024-01-09
2024-01-09 20:00:00,"439,60076904296875","833,179993",1,2,2024-01-09
2024-01-09 21:00:00,"405,76190185546875","792,150024",1,2,2024-01-09
2024-01-09 22:00:00,"351,15252685546875","724,340027",1,2,2024-01-09
2024-01-09 23:00:00,"318,0439453125","665,900024",1,2,2024-01-09
2024-01-10 00:00:00,"295,5054931640625","647,039978",1,2,2024-01-10
2024-01-10 01:00:00,"305,5794372558594","646,809998",1,2,2024-01-10
2024-01-10 02:00:00,"300,25286865234375","642,039978",1,2,2024-01-10
2024-01-10 03:00:00,"298,1995849609375","643,599976",1,2,2024-01-10
2024-01-10 04:00:00,"335,3106689453125","664,109985",1,2,2024-01-10
2024-01-10 05:00:00,"365,37518310546875","812,0",1,2,2024-01-10
2024-01-10 06:00:00,"469,095703125","941,840027",1,2,2024-01-10
2024-01-10 07:00:00,"516,1455078125","1053,630005",1,2,2024-01-10
2024-01-10 08:00:00,"504,76739501953125","972,419983",1,2,2024-01-10
2024-01-10 09:00:00,"524,2738647460938","884,190002",1,2,2024-01-10
2024-01-10 10:00:00,"483,1203308105469","813,869995",1,2,2024-01-10
2024-01-10 11:00:00,"482,19720458984375","762,26001",1,2,2024-01-10
2024-01-10 12:00:00,"489,4859619140625","787,609985",1,2,2024-01-10
2024-01-10 13:00:00,"533,4703979492188","842,059998",1,2,2024-01-10
2024-01-10 14:00:00,"581,04638671875","923,27002",1,2,2024-01-10
2024-01-10 15:00:00,"627,9405517578125","1004,109985",1,2,2024-01-10
2024-01-10 16:00:00,"676,2254028320312","1072,349976",1,2,2024-01-10
2024-01-10 17:00:00,"673,686279296875","1044,089966",1,2,2024-01-10
2024-01-10 18:00:00,"584,9893798828125","985,539978",1,2,2024-01-10
2024-01-10 19:00:00,"523,9500732421875","894,929993",1,2,2024-01-10
2024-01-10 20:00:00,"441,23272705078125","818,559998",1,2,2024-01-10
2024-01-10 21:00:00,"374,6410217285156","779,26001",1,2,2024-01-10
2024-01-10 22:00:00,"325,2532958984375","677,909973",1,2,2024-01-10
2024-01-10 23:00:00,"293,9923095703125","684,27002",1,2,2024-01-10
2024-01-11 00:00:00,"225,36767578125","660,700012",1,2,2024-01-11
2024-01-11 01:00:00,"222,51171875","650,710022",1,2,2024-01-11
2024-01-11 02:00:00,"202,2013397216797","614,390015",1,2,2024-01-11
2024-01-11 03:00:00,"224,96788024902344","611,179993",1,2,2024-01-11
2024-01-11 04:00:00,"257,8064270019531","666,440002",1,2,2024-01-11
2024-01-11 05:00:00,"339,0367736816406","761,22998",1,2,2024-01-11
2024-01-11 06:00:00,"430,2919921875","871,530029",1,2,2024-01-11
2024-01-11 07:00:00,"442,9676513671875","1051,569946",1,2,2024-01-11
2024-01-11 08:00:00,"427,1690368652344","963,27002",1,2,2024-01-11
2024-01-11 09:00:00,"422,39642333984375","847,590027",1,2,2024-01-11
2024-01-11 10:00:00,"382,044189453125","794,119995",1,2,2024-01-11
2024-01-11 11:00:00,"362,593017578125","741,169983",1,2,2024-01-11
2024-01-11 12:00:00,"341,92889404296875","738,340027",1,2,2024-01-11
2024-01-11 13:00:00,"368,5287170410156","790,390015",1,2,2024-01-11
2024-01-11 14:00:00,"407,41668701171875","879,73999",1,2,2024-01-11
2024-01-11 15:00:00,"490,2824401855469","1024,349976",1,2,2024-01-11
2024-01-11 16:00:00,"582,3189697265625","1119,359985",1,2,2024-01-11
2024-01-11 17:00:00,"627,408447265625","1019,429993",1,2,2024-01-11
2024-01-11 18:00:00,"549,2586669921875","986,76001",1,2,2024-01-11
2024-01-11 19:00:00,"441,8399353027344","879,140015",1,2,2024-01-11
2024-01-11 20:00:00,"406,0528564453125","799,419983",1,2,2024-01-11
2024-01-11 21:00:00,"350,7938537597656","745,789978",1,2,2024-01-11
2024-01-11 22:00:00,"288,69866943359375","725,059998",1,2,2024-01-11
2024-01-11 23:00:00,"277,132080078125","678,890015",1,2,2024-01-11
2024-01-12 00:00:00,"281,0155944824219","657,859985",1,2,2024-01-12
2024-01-12 01:00:00,"257,74609375","635,48999",1,2,2024-01-12
2024-01-12 02:00:00,"252,96542358398438","631,090027",1,2,2024-01-12
2024-01-12 03:00:00,"252,3797149658203","628,929993",1,2,2024-01-12
2024-01-12 04:00:00,"271,6390075683594","628,190002",1,2,2024-01-12
2024-01-12 05:00:00,"347,4298400878906","665,469971",1,2,2024-01-12
2024-01-12 06:00:00,"422,93731689453125","881,130005",1,2,2024-01-12
2024-01-12 07:00:00,"507,7055969238281","1049,51001",1,2,2024-01-12
2024-01-12 08:00:00,"409,6205749511719","1006,409973",1,2,2024-01-12
2024-01-12 09:00:00,"439,5884704589844","909,840027",1,2,2024-01-12
2024-01-12 10:00:00,"427,3589782714844","855,549988",1,2,2024-01-12
2024-01-12 11:00:00,"439,683837890625","797,76001",1,2,2024-01-12
2024-01-12 12:00:00,"423,0919189453125","768,679993",1,2,2024-01-12
2024-01-12 13:00:00,"432,2077941894531","779,559998",1,2,2024-01-12
2024-01-12 14:00:00,"538,6640014648438","820,280029",1,2,2024-01-12
2024-01-12 15:00:00,"655,1680908203125","894,849976",1,2,2024-01-12
2024-01-12 16:00:00,"737,524658203125","950,780029",1,2,2024-01-12
2024-01-12 17:00:00,"666,4217529296875","939,590027",1,2,2024-01-12
2024-01-12 18:00:00,"541,5172729492188","890,900024",1,2,2024-01-12
2024-01-12 19:00:00,"431,4474792480469","798,880005",1,2,2024-01-12
2024-01-12 20:00:00,"370,4625244140625","683,820007",1,2,2024-01-12
2024-01-12 21:00:00,"386,4039306640625","634,0",1,2,2024-01-12
2024-01-12 22:00:00,"373,6932373046875","615,140015",1,2,2024-01-12
2024-01-12 23:00:00,"336,0059814453125","544,869995",1,2,2024-01-12
2024-01-13 00:00:00,"296,1733093261719","558,140015",1,2,2024-01-13
2024-01-13 01:00:00,"292,51947021484375","549,200012",1,2,2024-01-13
2024-01-13 02:00:00,"287,5887451171875","532,190002",1,2,2024-01-13
2024-01-13 03:00:00,"316,8838195800781","538,679993",1,2,2024-01-13
2024-01-13 04:00:00,"313,82086181640625","512,51001",1,2,2024-01-13
2024-01-13 05:00:00,"313,8888244628906","486,040009",1,2,2024-01-13
2024-01-13 06:00:00,"340,66741943359375","510,869995",1,2,2024-01-13
2024-01-13 07:00:00,"359,7193603515625","500,799988",1,2,2024-01-13
2024-01-13 08:00:00,"404,1679382324219","546,659973",1,2,2024-01-13
2024-01-13 09:00:00,"425,118896484375","537,039978",1,2,2024-01-13
2024-01-13 10:00:00,"438,7269592285156","529,289978",1,2,2024-01-13
2024-01-13 11:00:00,"438,9771728515625","521,609985",1,2,2024-01-13
2024-01-13 12:00:00,"414,1649475097656","474,779999",1,2,2024-01-13
2024-01-13 13:00:00,"443,64892578125","506,390015",1,2,2024-01-13
2024-01-13 14:00:00,"520,13134765625","511,609985",1,2,2024-01-13
2024-01-13 15:00:00,"602,4696655273438","527,789978",1,2,2024-01-13
2024-01-13 16:00:00,"618,9734497070312","553,450012",1,2,2024-01-13
2024-01-13 17:00:00,"601,88330078125","565,299988",1,2,2024-01-13
2024-01-13 18:00:00,"537,0430908203125","550,460022",1,2,2024-01-13
2024-01-13 19:00:00,"493,4075927734375","544,799988",1,2,2024-01-13
2024-01-13 20:00:00,"465,5326843261719","528,909973",1,2,2024-01-13
2024-01-13 21:00:00,"437,4276123046875","479,470001",1,2,2024-01-13
2024-01-13 22:00:00,"389,6645812988281","470,970001",1,2,2024-01-13
2024-01-13 23:00:00,"402,8328552246094","477,420013",1,2,2024-01-13
2024-01-14 00:00:00,"324,2598876953125","463,179993",1,2,2024-01-14
2024-01-14 01:00:00,"329,9010925292969","469,290009",1,2,2024-01-14
2024-01-14 02:00:00,"266,1141357421875","477,350006",1,2,2024-01-14
2024-01-14 03:00:00,"279,1747741699219","482,269989",1,2,2024-01-14
2024-01-14 04:00:00,"275,0876770019531","486,220001",1,2,2024-01-14
2024-01-14 05:00:00,"283,8709411621094","501,950012",1,2,2024-01-14
2024-01-14 06:00:00,"307,63189697265625","534,390015",1,2,2024-01-14
2024-01-14 07:00:00,"351,1615295410156","572,280029",1,2,2024-01-14
2024-01-14 08:00:00,"351,9184265136719","605,090027",1,2,2024-01-14
2024-01-14 09:00:00,"373,300537109375","601,289978",1,2,2024-01-14
2024-01-14 10:00:00,"369,1579284667969","610,309998",1,2,2024-01-14
2024-01-14 11:00:00,"361,7313537597656","599,5",1,2,2024-01-14
2024-01-14 12:00:00,"349,07403564453125","574,52002",1,2,2024-01-14
2024-01-14 13:00:00,"356,1043395996094","590,25",1,2,2024-01-14
2024-01-14 14:00:00,"392,15972900390625","613,890015",1,2,2024-01-14
2024-01-14 15:00:00,"473,1526184082031","645,960022",1,2,2024-01-14
2024-01-14 16:00:00,"460,2911376953125","685,030029",1,2,2024-01-14
2024-01-14 17:00:00,"423,650634765625","705,76001",1,2,2024-01-14
2024-01-14 18:00:00,"374,3035888671875","635,809998",1,2,2024-01-14
2024-01-14 19:00:00,"318,8040466308594","589,580017",1,2,2024-01-14
2024-01-14 20:00:00,"261,6207275390625","586,150024",1,2,2024-01-14
2024-01-14 21:00:00,"291,948486328125","562,210022",1,2,2024-01-14
2024-01-14 22:00:00,"311,2412414550781","501,059998",1,2,2024-01-14
2024-01-14 23:00:00,"321,6346740722656","506,350006",1,2,2024-01-14
2024-01-15 00:00:00,"257,1063537597656","484,730011",1,3,2024-01-15
2024-01-15 01:00:00,"261,83984375","476,820007",1,3,2024-01-15
2024-01-15 02:00:00,"242,41355895996094","462,649994",1,3,2024-01-15
2024-01-15 03:00:00,"245,4515838623047","462,649994",1,3,2024-01-15
2024-01-15 04:00:00,"273,3970947265625","516,419983",1,3,2024-01-15
2024-01-15 05:00:00,"329,6112365722656","596,219971",1,3,2024-01-15
2024-01-15 06:00:00,"392,3221130371094","625,22998",1,3,2024-01-15
2024-01-15 07:00:00,"396,1368103027344","740,52002",1,3,2024-01-15
2024-01-15 08:00:00,"373,16412353515625","747,900024",1,3,2024-01-15
2024-01-15 09:00:00,"371,3133850097656","707,549988",1,3,2024-01-15
2024-01-15 10:00:00,"354,28271484375","673,099976",1,3,2024-01-15
2024-01-15 11:00:00,"348,79351806640625","625,369995",1,3,2024-01-15
2024-01-15 12:00:00,"367,6423645019531","612,619995",1,3,2024-01-15
2024-01-15 13:00:00,"384,0950927734375","630,150024",1,3,2024-01-15
2024-01-15 14:00:00,"441,0783996582031","666,98999",1,3,2024-01-15
2024-01-15 15:00:00,"507,79296875","745,140015",1,3,2024-01-15
2024-01-15 16:00:00,"597,5925903320312","813,450012",1,3,2024-01-15
2024-01-15 17:00:00,"584,3051147460938","861,849976",1,3,2024-01-15
2024-01-15 18:00:00,"532,3583374023438","825,22998",1,3,2024-01-15
2024-01-15 19:00:00,"458,3011169433594","769,22998",1,3,2024-01-15
2024-01-15 20:00:00,"425,35260009765625","693,159973",1,3,2024-01-15
2024-01-15 21:00:00,"400,9962158203125","667,359985",1,3,2024-01-15
2024-01-15 22:00:00,"349,602783203125","644,539978",1,3,2024-01-15
2024-01-15 23:00:00,"325,776611328125","607,469971",1,3,2024-01-15
2024-01-16 00:00:00,"315,59124755859375","607,099976",1,3,2024-01-16
2024-01-16 01:00:00,"322,7806701660156","597,179993",1,3,2024-01-16
2024-01-16 02:00:00,"313,2054138183594","583,679993",1,3,2024-01-16
2024-01-16 03:00:00,"308,84857177734375","578,679993",1,3,2024-01-16
2024-01-16 04:00:00,"371,1402893066406","622,390015",1,3,2024-01-16
2024-01-16 05:00:00,"431,89215087890625","701,590027",1,3,2024-01-16
2024-01-16 06:00:00,"473,65802001953125","855,97998",1,3,2024-01-16
2024-01-16 07:00:00,"531,6803588867188","1119,849976",1,3,2024-01-16
2024-01-16 08:00:00,"495,7488098144531","1121,119995",1,3,2024-01-16
2024-01-16 09:00:00,"459,865234375","1039,670044",1,3,2024-01-16
2024-01-16 10:00:00,"466,1263732910156","871,940002",1,3,2024-01-16
2024-01-16 11:00:00,"461,91802978515625","771,400024",1,3,2024-01-16
2024-01-16 12:00:00,"473,2149353027344","708,380005",1,3,2024-01-16
2024-01-16 13:00:00,"487,6246032714844","715,98999",1,3,2024-01-16
2024-01-16 14:00:00,"537,8502807617188","822,27002",1,3,2024-01-16
2024-01-16 15:00:00,"663,2762451171875","830,77002",1,3,2024-01-16
2024-01-16 16:00:00,"689,6806640625","955,77002",1,3,2024-01-16
2024-01-16 17:00:00,"676,0919799804688","949,5",1,3,2024-01-16
2024-01-16 18:00:00,"598,3970947265625","833,599976",1,3,2024-01-16
2024-01-16 19:00:00,"538,9981689453125","712,179993",1,3,2024-01-16
2024-01-16 20:00:00,"511,0096740722656","642,969971",1,3,2024-01-16
2024-01-16 21:00:00,"445,7721252441406","611,869995",1,3,2024-01-16
2024-01-16 22:00:00,"409,6878356933594","579,429993",1,3,2024-01-16
2024-01-16 23:00:00,"368,8326721191406","506,070007",1,3,2024-01-16
2024-01-17 00:00:00,"343,845703125","502,269989",1,3,2024-01-17
2024-01-17 01:00:00,"357,4642639160156","495,779999",1,3,2024-01-17
2024-01-17 02:00:00,"354,4659118652344","489,220001",1,3,2024-01-17
2024-01-17 03:00:00,"346,3666687011719","487,429993",1,3,2024-01-17
2024-01-17 04:00:00,"368,6961669921875","487,209991",1,3,2024-01-17
2024-01-17 05:00:00,"425,2674560546875","499,209991",1,3,2024-01-17
2024-01-17 06:00:00,"528,6614379882812","591,23999",1,3,2024-01-17
2024-01-17 07:00:00,"640,9273681640625","715,929993",1,3,2024-01-17
2024-01-17 08:00:00,"628,0078125","767,159973",1,3,2024-01-17
2024-01-17 09:00:00,"608,3480224609375","797,289978",1,3,2024-01-17
2024-01-17 10:00:00,"564,966552734375","802,890015",1,3,2024-01-17
2024-01-17 11:00:00,"546,5054931640625","877,840027",1,3,2024-01-17
2024-01-17 12:00:00,"566,92578125","907,590027",1,3,2024-01-17
2024-01-17 13:00:00,"599,6998901367188","907,890015",1,3,2024-01-17
2024-01-17 14:00:00,"641,5073852539062","935,630005",1,3,2024-01-17
2024-01-17 15:00:00,"757,5067749023438","958,75",1,3,2024-01-17
2024-01-17 16:00:00,"819,1636962890625","1047,939941",1,3,2024-01-17
2024-01-17 17:00:00,"791,8698120117188","921,690002",1,3,2024-01-17
2024-01-17 18:00:00,"711,3273315429688","852,26001",1,3,2024-01-17
2024-01-17 19:00:00,"635,865966796875","818,849976",1,3,2024-01-17
2024-01-17 20:00:00,"542,614013671875","753,890015",1,3,2024-01-17
2024-01-17 21:00:00,"446,3117370605469","703,099976",1,3,2024-01-17
2024-01-17 22:00:00,"413,4792175292969","627,710022",1,3,2024-01-17
2024-01-17 23:00:00,"402,59197998046875","606,580017",1,3,2024-01-17
2024-01-18 00:00:00,"359,55816650390625","575,780029",1,3,2024-01-18
2024-01-18 01:00:00,"351,4270935058594","561,530029",1,3,2024-01-18
2024-01-18 02:00:00,"311,71820068359375","558,700012",1,3,2024-01-18
2024-01-18 03:00:00,"329,5447998046875","578,539978",1,3,2024-01-18
2024-01-18 04:00:00,"423,76190185546875","604,119995",1,3,2024-01-18
2024-01-18 05:00:00,"460,92242431640625","680,570007",1,3,2024-01-18
2024-01-18 06:00:00,"553,64697265625","831,969971",1,3,2024-01-18
2024-01-18 07:00:00,"657,167236328125","938,919983",1,3,2024-01-18
2024-01-18 08:00:00,"657,84033203125","911,179993",1,3,2024-01-18
2024-01-18 09:00:00,"600,8860473632812","827,119995",1,3,2024-01-18
2024-01-18 10:00:00,"541,883544921875","805,119995",1,3,2024-01-18
2024-01-18 11:00:00,"530,3826293945312","697,719971",1,3,2024-01-18
2024-01-18 12:00:00,"503,4614562988281","653,48999",1,3,2024-01-18
2024-01-18 13:00:00,"549,406005859375","644,619995",1,3,2024-01-18
2024-01-18 14:00:00,"626,8389892578125","702,940002",1,3,2024-01-18
2024-01-18 15:00:00,"739,1378173828125","742,25",1,3,2024-01-18
2024-01-18 16:00:00,"847,1248168945312","780,72998",1,3,2024-01-18
2024-01-18 17:00:00,"830,610107421875","770,140015",1,3,2024-01-18
2024-01-18 18:00:00,"725,4563598632812","705,030029",1,3,2024-01-18
2024-01-18 19:00:00,"605,9917602539062","648,650024",1,3,2024-01-18
2024-01-18 20:00:00,"547,1328125","605,090027",1,3,2024-01-18
2024-01-18 21:00:00,"524,3021240234375","577,48999",1,3,2024-01-18
2024-01-18 22:00:00,"445,07861328125","532,0",1,3,2024-01-18
2024-01-18 23:00:00,"452,13311767578125","510,089996",1,3,2024-01-18
2024-01-19 00:00:00,"445,04180908203125","487,269989",1,3,2024-01-19
2024-01-19 01:00:00,"442,1498107910156","477,649994",1,3,2024-01-19
2024-01-19 02:00:00,"415,5189208984375","468,029999",1,3,2024-01-19
2024-01-19 03:00:00,"421,12408447265625","472,209991",1,3,2024-01-19
2024-01-19 04:00:00,"452,57366943359375","491,079987",1,3,2024-01-19
2024-01-19 05:00:00,"476,4908447265625","564,830017",1,3,2024-01-19
2024-01-19 06:00:00,"552,4476928710938","639,330017",1,3,2024-01-19
2024-01-19 07:00:00,"728,4046630859375","776,030029",1,3,2024-01-19
2024-01-19 08:00:00,"671,9791259765625","767,0",1,3,2024-01-19
2024-01-19 09:00:00,"638,5043334960938","709,580017",1,3,2024-01-19
2024-01-19 10:00:00,"622,6324462890625","644,030029",1,3,2024-01-19
2024-01-19 11:00:00,"557,95166015625","572,960022",1,3,2024-01-19
2024-01-19 12:00:00,"593,489501953125","547,01001",1,3,2024-01-19
2024-01-19 13:00:00,"608,5339965820312","560,880005",1,3,2024-01-19
2024-01-19 14:00:00,"684,72802734375","577,580017",1,3,2024-01-19
2024-01-19 15:00:00,"726,2964477539062","631,570007",1,3,2024-01-19
2024-01-19 16:00:00,"923,4406127929688","698,02002",1,3,2024-01-19
2024-01-19 17:00:00,"792,8536376953125","656,630005",1,3,2024-01-19
2024-01-19 18:00:00,"682,9713745117188","576,98999",1,3,2024-01-19
2024-01-19 19:00:00,"572,0244750976562","551,849976",1,3,2024-01-19
2024-01-19 20:00:00,"532,9242553710938","530,380005",1,3,2024-01-19
2024-01-19 21:00:00,"521,6378173828125","511,880005",1,3,2024-01-19
2024-01-19 22:00:00,"517,3857421875","482,869995",1,3,2024-01-19
2024-01-19 23:00:00,"522,6480102539062","492,200012",1,3,2024-01-19
2024-01-20 00:00:00,"442,23187255859375","473,179993",1,3,2024-01-20
2024-01-20 01:00:00,"416,6322326660156","473,850006",1,3,2024-01-20
2024-01-20 02:00:00,"401,7523498535156","461,019989",1,3,2024-01-20
2024-01-20 03:00:00,"397,9508361816406","461,25",1,3,2024-01-20
2024-01-20 04:00:00,"419,28826904296875","460,5",1,3,2024-01-20
2024-01-20 05:00:00,"429,4429931640625","466,769989",1,3,2024-01-20
2024-01-20 06:00:00,"479,4666748046875","498,910004",1,3,2024-01-20
2024-01-20 07:00:00,"536,9041137695312","557,969971",1,3,2024-01-20
2024-01-20 08:00:00,"546,7117309570312","580,940002",1,3,2024-01-20
2024-01-20 09:00:00,"540,6207275390625","535,450012",1,3,2024-01-20
2024-01-20 10:00:00,"513,9887084960938","527,77002",1,3,2024-01-20
2024-01-20 11:00:00,"465,7290344238281","505,100006",1,3,2024-01-20
2024-01-20 12:00:00,"483,3463134765625","512,929993",1,3,2024-01-20
2024-01-20 13:00:00,"537,1200561523438","547,309998",1,3,2024-01-20
2024-01-20 14:00:00,"600,1576538085938","589,960022",1,3,2024-01-20
2024-01-20 15:00:00,"653,4180297851562","654,77002",1,3,2024-01-20
2024-01-20 16:00:00,"708,611328125","707,940002",1,3,2024-01-20
2024-01-20 17:00:00,"677,522705078125","744,780029",1,3,2024-01-20
2024-01-20 18:00:00,"601,8533935546875","682,880005",1,3,2024-01-20
2024-01-20 19:00:00,"553,3560791015625","596,599976",1,3,2024-01-20
2024-01-20 20:00:00,"547,6082763671875","547,309998",1,3,2024-01-20
2024-01-20 21:00:00,"523,078369140625","525,159973",1,3,2024-01-20
2024-01-20 22:00:00,"446,88623046875","499,579987",1,3,2024-01-20
2024-01-20 23:00:00,"471,51104736328125","445,26001",1,3,2024-01-20
2024-01-21 00:00:00,"436,904296875","429,230011",1,3,2024-01-21
2024-01-21 01:00:00,"391,5780029296875","411,329987",1,3,2024-01-21
2024-01-21 02:00:00,"376,73077392578125","379,549988",1,3,2024-01-21
2024-01-21 03:00:00,"379,6332702636719","361,799988",1,3,2024-01-21
2024-01-21 04:00:00,"394,2589416503906","353,899994",1,3,2024-01-21
2024-01-21 05:00:00,"397,9936218261719","339,579987",1,3,2024-01-21
2024-01-21 06:00:00,"434,9033203125","327,869995",1,3,2024-01-21
2024-01-21 07:00:00,"438,5873107910156","383,059998",1,3,2024-01-21
2024-01-21 08:00:00,"444,4438171386719","405,429993",1,3,2024-01-21
2024-01-21 09:00:00,"454,3709411621094","343,529999",1,3,2024-01-21
2024-01-21 10:00:00,"459,9165954589844","363,0",1,3,2024-01-21
2024-01-21 11:00:00,"452,4852294921875","287,0",1,3,2024-01-21
2024-01-21 12:00:00,"454,84375","281,100006",1,3,2024-01-21
2024-01-21 13:00:00,"465,4379577636719","330,399994",1,3,2024-01-21
2024-01-21 14:00:00,"489,2517395019531","365,76001",1,3,2024-01-21
2024-01-21 15:00:00,"569,9210815429688","371,649994",1,3,2024-01-21
2024-01-21 16:00:00,"623,0457763671875","422,51001",1,3,2024-01-21
2024-01-21 17:00:00,"599,0737915039062","458,309998",1,3,2024-01-21
2024-01-21 18:00:00,"504,41033935546875","437,359985",1,3,2024-01-21
2024-01-21 19:00:00,"442,42205810546875","384,100006",1,3,2024-01-21
2024-01-21 20:00:00,"435,3353576660156","391,26001",1,3,2024-01-21
2024-01-21 21:00:00,"496,6273193359375","375,829987",1,3,2024-01-21
2024-01-21 22:00:00,"480,42724609375","294,309998",1,3,2024-01-21
2024-01-21 23:00:00,"437,1673583984375","273,420013",1,3,2024-01-21
2024-01-22 00:00:00,"364,8260498046875","165,869995",1,4,2024-01-22
2024-01-22 01:00:00,"374,2189636230469","138,869995",1,4,2024-01-22
2024-01-22 02:00:00,"312,4087829589844","37,59",1,4,2024-01-22
2024-01-22 03:00:00,"309,21368408203125","37,740002",1,4,2024-01-22
2024-01-22 04:00:00,"371,3968200683594","149,169998",1,4,2024-01-22
2024-01-22 05:00:00,"435,78826904296875","302,059998",1,4,2024-01-22
2024-01-22 06:00:00,"470,3946838378906","451,01001",1,4,2024-01-22
2024-01-22 07:00:00,"497,9918518066406","495,829987",1,4,2024-01-22
2024-01-22 08:00:00,"493,3535461425781","429,450012",1,4,2024-01-22
2024-01-22 09:00:00,"473,5076904296875","459,059998",1,4,2024-01-22
2024-01-22 10:00:00,"478,4532165527344","451,970001",1,4,2024-01-22
2024-01-22 11:00:00,"433,64471435546875","424,529999",1,4,2024-01-22
2024-01-22 12:00:00,"420,35723876953125","423,040009",1,4,2024-01-22
2024-01-22 13:00:00,"446,4889221191406","434,299988",1,4,2024-01-22
2024-01-22 14:00:00,"481,14959716796875","445,48999",1,4,2024-01-22
2024-01-22 15:00:00,"603,358154296875","447,429993",1,4,2024-01-22
2024-01-22 16:00:00,"693,8347778320312","461,299988",1,4,2024-01-22
2024-01-22 17:00:00,"710,5452270507812","455,179993",1,4,2024-01-22
2024-01-22 18:00:00,"675,1827392578125","447,720001",1,4,2024-01-22
2024-01-22 19:00:00,"621,6949462890625","444,519989",1,4,2024-01-22
2024-01-22 20:00:00,"580,5159301757812","425,119995",1,4,2024-01-22
2024-01-22 21:00:00,"534,154541015625","416,850006",1,4,2024-01-22
2024-01-22 22:00:00,"499,01715087890625","372,019989",1,4,2024-01-22
2024-01-22 23:00:00,"522,8211669921875","121,040001",1,4,2024-01-22
2024-01-23 00:00:00,"442,894287109375","75,330002",1,4,2024-01-23
2024-01-23 01:00:00,"436,0613098144531","69,879997",1,4,2024-01-23
2024-01-23 02:00:00,"406,4903259277344","31,1",1,4,2024-01-23
2024-01-23 03:00:00,"385,7957458496094","76,220001",1,4,2024-01-23
2024-01-23 04:00:00,"437,19158935546875","292,579987",1,4,2024-01-23
2024-01-23 05:00:00,"530,0094604492188","439,940002",1,4,2024-01-23
2024-01-23 06:00:00,"731,9159545898438","454,410004",1,4,2024-01-23
2024-01-23 07:00:00,"829,5501708984375","461,649994",1,4,2024-01-23
2024-01-23 08:00:00,"793,7473754882812","455,76001",1,4,2024-01-23
2024-01-23 09:00:00,"750,604736328125","447,25",1,4,2024-01-23
2024-01-23 10:00:00,"746,8888549804688","443,299988",1,4,2024-01-23
2024-01-23 11:00:00,"702,1754760742188","441,059998",1,4,2024-01-23
2024-01-23 12:00:00,"641,8467407226562","443,230011",1,4,2024-01-23
2024-01-23 13:00:00,"694,3394165039062","461,649994",1,4,2024-01-23
2024-01-23 14:00:00,"776,17919921875","468,059998",1,4,2024-01-23
2024-01-23 15:00:00,"875,5484619140625","494,390015",1,4,2024-01-23
2024-01-23 16:00:00,"869,8477172851562","510,570007",1,4,2024-01-23
2024-01-23 17:00:00,"800,5436401367188","498,040009",1,4,2024-01-23
2024-01-23 18:00:00,"716,4306030273438","472,390015",1,4,2024-01-23
2024-01-23 19:00:00,"663,3893432617188","450,910004",1,4,2024-01-23
2024-01-23 20:00:00,"576,1810302734375","400,790009",1,4,2024-01-23
2024-01-23 21:00:00,"520,1012573242188","338,290009",1,4,2024-01-23
2024-01-23 22:00:00,"423,513671875","248,050003",1,4,2024-01-23
2024-01-23 23:00:00,"455,6512451171875","22,74",1,4,2024-01-23
2024-01-24 00:00:00,"412,4720458984375","-0,22",1,4,2024-01-24
2024-01-24 01:00:00,"387,19287109375","0,0",1,4,2024-01-24
2024-01-24 02:00:00,"363,2925109863281","-0,07",1,4,2024-01-24
2024-01-24 03:00:00,"355,3807067871094","-0,15",1,4,2024-01-24
2024-01-24 04:00:00,"387,1790771484375","-1,34",1,4,2024-01-24
2024-01-24 05:00:00,"419,4570007324219","110,07",1,4,2024-01-24
2024-01-24 06:00:00,"573,2943115234375","313,869995",1,4,2024-01-24
2024-01-24 07:00:00,"659,3079833984375","373,380005",1,4,2024-01-24
2024-01-24 08:00:00,"652,9854736328125","369,429993",1,4,2024-01-24
2024-01-24 09:00:00,"636,3200073242188","373,600006",1,4,2024-01-24
2024-01-24 10:00:00,"584,6929931640625","378,670013",1,4,2024-01-24
2024-01-24 11:00:00,"575,6846923828125","293,209991",1,4,2024-01-24
2024-01-24 12:00:00,"567,4171142578125","271,73999",1,4,2024-01-24
2024-01-24 13:00:00,"641,01416015625","335,869995",1,4,2024-01-24
2024-01-24 14:00:00,"686,8320922851562","372,480011",1,4,2024-01-24
2024-01-24 15:00:00,"869,8994750976562","378,820007",1,4,2024-01-24
2024-01-24 16:00:00,"965,8920288085938","404,25",1,4,2024-01-24
2024-01-24 17:00:00,"945,079345703125","397,609985",1,4,2024-01-24
2024-01-24 18:00:00,"875,1995849609375","373,529999",1,4,2024-01-24
2024-01-24 19:00:00,"734,7608032226562","314,540009",1,4,2024-01-24
2024-01-24 20:00:00,"653,9190673828125","298,579987",1,4,2024-01-24
2024-01-24 21:00:00,"584,5059814453125","313,269989",1,4,2024-01-24
2024-01-24 22:00:00,"527,9220581054688","287,320007",1,4,2024-01-24
2024-01-24 23:00:00,"569,7765502929688","330,630005",1,4,2024-01-24
2024-01-25 00:00:00,"529,7642822265625","335,98999",1,4,2024-01-25
2024-01-25 01:00:00,"503,5221862792969","323,170013",1,4,2024-01-25
2024-01-25 02:00:00,"419,7690734863281","334,950012",1,4,2024-01-25
2024-01-25 03:00:00,"432,1720275878906","344,640015",1,4,2024-01-25
2024-01-25 04:00:00,"467,6294250488281","390,579987",1,4,2024-01-25
2024-01-25 05:00:00,"548,778076171875","432,709991",1,4,2024-01-25
2024-01-25 06:00:00,"636,502197265625","492,51001",1,4,2024-01-25
2024-01-25 07:00:00,"784,8026123046875","663,789978",1,4,2024-01-25
2024-01-25 08:00:00,"773,7546997070312","635,679993",1,4,2024-01-25
2024-01-25 09:00:00,"733,7874755859375","606,599976",1,4,2024-01-25
2024-01-25 10:00:00,"686,9365234375","568,340027",1,4,2024-01-25
2024-01-25 11:00:00,"620,0568237304688","545,450012",1,4,2024-01-25
2024-01-25 12:00:00,"627,8016967773438","566,630005",1,4,2024-01-25
2024-01-25 13:00:00,"687,7408447265625","633,659973",1,4,2024-01-25
2024-01-25 14:00:00,"761,616943359375","686,530029",1,4,2024-01-25
2024-01-25 15:00:00,"858,4473266601562","755,950012",1,4,2024-01-25
2024-01-25 16:00:00,"946,9347534179688","920,0",1,4,2024-01-25
2024-01-25 17:00:00,"974,3443603515625","861,539978",1,4,2024-01-25
2024-01-25 18:00:00,"887,2030639648438","736,640015",1,4,2024-01-25
2024-01-25 19:00:00,"774,476318359375","679,070007",1,4,2024-01-25
2024-01-25 20:00:00,"723,8495483398438","643,580017",1,4,2024-01-25
2024-01-25 21:00:00,"672,0256958007812","599,73999",1,4,2024-01-25
2024-01-25 22:00:00,"635,616455078125","560,440002",1,4,2024-01-25
2024-01-25 23:00:00,"619,4636840820312","468,200012",1,4,2024-01-25
2024-01-26 00:00:00,"593,0172119140625","461,940002",1,4,2024-01-26
2024-01-26 01:00:00,"571,70751953125","436,070007",1,4,2024-01-26
2024-01-26 02:00:00,"529,088623046875","408,480011",1,4,2024-01-26
2024-01-26 03:00:00,"521,0779418945312","355,029999",1,4,2024-01-26
2024-01-26 04:00:00,"534,3215942382812","377,619995",1,4,2024-01-26
2024-01-26 05:00:00,"580,7748413085938","419,519989",1,4,2024-01-26
2024-01-26 06:00:00,"774,4432983398438","469,470001",1,4,2024-01-26
2024-01-26 07:00:00,"816,9439697265625","484,149994",1,4,2024-01-26
2024-01-26 08:00:00,"821,0048217773438","475,660004",1,4,2024-01-26
2024-01-26 09:00:00,"808,9026489257812","456,420013",1,4,2024-01-26
2024-01-26 10:00:00,"788,5374755859375","437,929993",1,4,2024-01-26
2024-01-26 11:00:00,"741,8539428710938","389,769989",1,4,2024-01-26
2024-01-26 12:00:00,"715,031494140625","346,450012",1,4,2024-01-26
2024-01-26 13:00:00,"745,0905151367188","367,399994",1,4,2024-01-26
2024-01-26 14:00:00,"793,8825073242188","373,589996",1,4,2024-01-26
2024-01-26 15:00:00,"953,2764282226562","393,200012",1,4,2024-01-26
2024-01-26 16:00:00,"1059,329345703125","427,720001",1,4,2024-01-26
2024-01-26 17:00:00,"872,4755859375","412,140015",1,4,2024-01-26
2024-01-26 18:00:00,"780,431640625","406,540009",1,4,2024-01-26
2024-01-26 19:00:00,"724,5758666992188","404,980011",1,4,2024-01-26
2024-01-26 20:00:00,"668,8876342773438","405,200012",1,4,2024-01-26
2024-01-26 21:00:00,"642,9075927734375","405,5",1,4,2024-01-26
2024-01-26 22:00:00,"580,4712524414062","400,429993",1,4,2024-01-26
2024-01-26 23:00:00,"571,5292358398438","405,869995",1,4,2024-01-26
2024-01-27 00:00:00,"574,3052978515625","410,26001",1,4,2024-01-27
2024-01-27 01:00:00,"561,1769409179688","419,059998",1,4,2024-01-27
2024-01-27 02:00:00,"540,2006225585938","410,410004",1,4,2024-01-27
2024-01-27 03:00:00,"524,290283203125","415,559998",1,4,2024-01-27
2024-01-27 04:00:00,"518,3258056640625","423,679993",1,4,2024-01-27
2024-01-27 05:00:00,"522,5891723632812","426,73999",1,4,2024-01-27
2024-01-27 06:00:00,"548,8801879882812","431,359985",1,4,2024-01-27
2024-01-27 07:00:00,"621,319091796875","433,380005",1,4,2024-01-27
2024-01-27 08:00:00,"605,8595581054688","436,130005",1,4,2024-01-27
2024-01-27 09:00:00,"554,42529296875","433,899994",1,4,2024-01-27
2024-01-27 10:00:00,"563,9851684570312","422,040009",1,4,2024-01-27
2024-01-27 11:00:00,"577,5043334960938","416,299988",1,4,2024-01-27
2024-01-27 12:00:00,"564,0170288085938","401,690002",1,4,2024-01-27
2024-01-27 13:00:00,"584,2799682617188","440,910004",1,4,2024-01-27
2024-01-27 14:00:00,"599,9630126953125","432,029999",1,4,2024-01-27
2024-01-27 15:00:00,"668,4716186523438","439,339996",1,4,2024-01-27
2024-01-27 16:00:00,"717,533203125","460,359985",1,4,2024-01-27
2024-01-27 17:00:00,"708,3635864257812","457,079987",1,4,2024-01-27
2024-01-27 18:00:00,"651,1331176757812","443,070007",1,4,2024-01-27
2024-01-27 19:00:00,"594,900390625","433,970001",1,4,2024-01-27
2024-01-27 20:00:00,"573,0942993164062","431,290009",1,4,2024-01-27
2024-01-27 21:00:00,"559,9791259765625","430,390015",1,4,2024-01-27
2024-01-27 22:00:00,"502,4466552734375","429,5",1,4,2024-01-27
2024-01-27 23:00:00,"503,2159423828125","497,75",1,4,2024-01-27
2024-01-28 00:00:00,"484,0731506347656","438,339996",1,4,2024-01-28
2024-01-28 01:00:00,"492,5890808105469","434,309998",1,4,2024-01-28
2024-01-28 02:00:00,"460,9229431152344","430,290009",1,4,2024-01-28
2024-01-28 03:00:00,"472,97564697265625","431,399994",1,4,2024-01-28
2024-01-28 04:00:00,"487,6009521484375","429,609985",1,4,2024-01-28
2024-01-28 05:00:00,"479,296630859375","430,290009",1,4,2024-01-28
2024-01-28 06:00:00,"492,7403869628906","439,679993",1,4,2024-01-28
2024-01-28 07:00:00,"526,5460205078125","441,320007",1,4,2024-01-28
2024-01-28 08:00:00,"553,87646484375","410,609985",1,4,2024-01-28
2024-01-28 09:00:00,"532,9694213867188","381,380005",1,4,2024-01-28
2024-01-28 10:00:00,"514,5767822265625","341,049988",1,4,2024-01-28
2024-01-28 11:00:00,"472,6575927734375","309,970001",1,4,2024-01-28
2024-01-28 12:00:00,"467,30859375","298,859985",1,4,2024-01-28
2024-01-28 13:00:00,"486,26531982421875","377,579987",1,4,2024-01-28
2024-01-28 14:00:00,"534,2277221679688","420,519989",1,4,2024-01-28
2024-01-28 15:00:00,"615,4347534179688","431,850006",1,4,2024-01-28
2024-01-28 16:00:00,"672,8466186523438","431,329987",1,4,2024-01-28
2024-01-28 17:00:00,"683,4352416992188","427,380005",1,4,2024-01-28
2024-01-28 18:00:00,"604,8153076171875","422,01001",1,4,2024-01-28
2024-01-28 19:00:00,"544,4080810546875","405,089996",1,4,2024-01-28
2024-01-28 20:00:00,"538,6971435546875","400,98999",1,4,2024-01-28
2024-01-28 21:00:00,"529,2697143554688","400,390015",1,4,2024-01-28
2024-01-28 22:00:00,"463,2099609375","392,790009",1,4,2024-01-28
2024-01-28 23:00:00,"478,7980041503906","363,339996",1,4,2024-01-28
2024-04-01 00:00:00,"404,9820556640625","343,549988",2,1,2024-04-01
2024-04-01 01:00:00,"417,5865173339844","325,049988",2,1,2024-04-01
2024-04-01 02:00:00,"435,55224609375","368,459991",2,1,2024-04-01
2024-04-01 03:00:00,"450,9480285644531","390,459991",2,1,2024-04-01
2024-04-01 04:00:00,"549,2167358398438","437,899994",2,1,2024-04-01
2024-04-01 05:00:00,"638,9140625","481,01001",2,1,2024-04-01
2024-04-01 06:00:00,"702,1461181640625","437,899994",2,1,2024-04-01
2024-04-01 07:00:00,"684,701904296875","454,160004",2,1,2024-04-01
2024-04-01 08:00:00,"616,7599487304688","405,450012",2,1,2024-04-01
2024-04-01 09:00:00,"547,9041748046875","334,0",2,1,2024-04-01
2024-04-01 10:00:00,"523,9887084960938","363,609985",2,1,2024-04-01
2024-04-01 11:00:00,"447,5993347167969","262,470001",2,1,2024-04-01
2024-04-01 12:00:00,"482,2474670410156","253,740005",2,1,2024-04-01
2024-04-01 13:00:00,"497,4888916015625","325,799988",2,1,2024-04-01
2024-04-01 14:00:00,"545,507568359375","331,170013",2,1,2024-04-01
2024-04-01 15:00:00,"639,4945068359375","304,089996",2,1,2024-04-01
2024-04-01 16:00:00,"792,2711791992188","364,429993",2,1,2024-04-01
2024-04-01 17:00:00,"1010,1103515625","373,529999",2,1,2024-04-01
2024-04-01 18:00:00,"955,7867431640625","381,290009",2,1,2024-04-01
2024-04-01 19:00:00,"779,0732421875","365,399994",2,1,2024-04-01
2024-04-01 20:00:00,"656,6576538085938","305,809998",2,1,2024-04-01
2024-04-01 21:00:00,"595,5768432617188","221,0",2,1,2024-04-01
2024-04-01 22:00:00,"562,2338256835938","323,410004",2,1,2024-04-01
2024-04-01 23:00:00,"553,3431396484375","270,970001",2,1,2024-04-01
2024-04-02 00:00:00,"540,0663452148438","122,769997",2,1,2024-04-02
2024-04-02 01:00:00,"532,3065185546875","56,240002",2,1,2024-04-02
2024-04-02 02:00:00,"517,4539184570312","14,47",2,1,2024-04-02
2024-04-02 03:00:00,"498,1778869628906","54,220001",2,1,2024-04-02
2024-04-02 04:00:00,"537,6311645507812","426,790009",2,1,2024-04-02
2024-04-02 05:00:00,"606,5638427734375","554,630005",2,1,2024-04-02
2024-04-02 06:00:00,"667,145263671875","514,130005",2,1,2024-04-02
2024-04-02 07:00:00,"637,9537353515625","350,410004",2,1,2024-04-02
2024-04-02 08:00:00,"573,6094970703125","285,589996",2,1,2024-04-02
2024-04-02 09:00:00,"509,7109375","293,130005",2,1,2024-04-02
2024-04-02 10:00:00,"452,53436279296875","298,869995",2,1,2024-04-02
2024-04-02 11:00:00,"383,9358825683594","325,420013",2,1,2024-04-02
2024-04-02 12:00:00,"383,064453125","248,970001",2,1,2024-04-02
2024-04-02 13:00:00,"410,4615478515625","187,210007",2,1,2024-04-02
2024-04-02 14:00:00,"497,6839904785156","65,860001",2,1,2024-04-02
2024-04-02 15:00:00,"602,3485107421875","309,23999",2,1,2024-04-02
2024-04-02 16:00:00,"697,6975708007812","542,25",2,1,2024-04-02
2024-04-02 17:00:00,"835,0316772460938","711,48999",2,1,2024-04-02
2024-04-02 18:00:00,"800,7736206054688","707,679993",2,1,2024-04-02
2024-04-02 19:00:00,"712,1258544921875","582,75",2,1,2024-04-02
2024-04-02 20:00:00,"649,1990356445312","558,359985",2,1,2024-04-02
2024-04-02 21:00:00,"591,3856201171875","528,669983",2,1,2024-04-02
2024-04-02 22:00:00,"552,0678100585938","552,840027",2,1,2024-04-02
2024-04-02 23:00:00,"538,3355712890625","535,090027",2,1,2024-04-02
2024-04-03 00:00:00,"468,0517883300781","522,419983",2,1,2024-04-03
2024-04-03 01:00:00,"501,6236267089844","482,220001",2,1,2024-04-03
2024-04-03 02:00:00,"503,6107177734375","483,929993",2,1,2024-04-03
2024-04-03 03:00:00,"504,2560729980469","512,570007",2,1,2024-04-03
2024-04-03 04:00:00,"554,3775024414062","707,820007",2,1,2024-04-03
2024-04-03 05:00:00,"651,2296142578125","879,48999",2,1,2024-04-03
2024-04-03 06:00:00,"713,9013671875","879,48999",2,1,2024-04-03
2024-04-03 07:00:00,"660,7403564453125","753,080017",2,1,2024-04-03
2024-04-03 08:00:00,"540,8843383789062","800,590027",2,1,2024-04-03
2024-04-03 09:00:00,"476,31494140625","677,23999",2,1,2024-04-03
2024-04-03 10:00:00,"447,4131774902344","611,76001",2,1,2024-04-03
2024-04-03 11:00:00,"437,9111633300781","573,349976",2,1,2024-04-03
2024-04-03 12:00:00,"428,8562316894531","544,710022",2,1,2024-04-03
2024-04-03 13:00:00,"463,4450378417969","438,290009",2,1,2024-04-03
2024-04-03 14:00:00,"499,85107421875","454,700012",2,1,2024-04-03
2024-04-03 15:00:00,"589,814208984375","524,359985",2,1,2024-04-03
2024-04-03 16:00:00,"722,6103515625","633,909973",2,1,2024-04-03
2024-04-03 17:00:00,"905,827880859375","794,919983",2,1,2024-04-03
2024-04-03 18:00:00,"836,96337890625","739,359985",2,1,2024-04-03
2024-04-03 19:00:00,"678,8038330078125","557,169983",2,1,2024-04-03
2024-04-03 20:00:00,"585,7098999023438","458,579987",2,1,2024-04-03
2024-04-03 21:00:00,"527,087158203125","412,640015",2,1,2024-04-03
2024-04-03 22:00:00,"494,29241943359375","406,619995",2,1,2024-04-03
2024-04-03 23:00:00,"473,28497314453125","387,899994",2,1,2024-04-03
2024-04-04 00:00:00,"454,734375","374,179993",2,1,2024-04-04
2024-04-04 01:00:00,"467,2866516113281","384,619995",2,1,2024-04-04
2024-04-04 02:00:00,"447,45550537109375","387,380005",2,1,2024-04-04
2024-04-04 03:00:00,"459,4501953125","403,339996",2,1,2024-04-04
2024-04-04 04:00:00,"504,39453125","454,200012",2,1,2024-04-04
2024-04-04 05:00:00,"555,8423461914062","488,290009",2,1,2024-04-04
2024-04-04 06:00:00,"596,6314697265625","561,830017",2,1,2024-04-04
2024-04-04 07:00:00,"577,44873046875","535,419983",2,1,2024-04-04
2024-04-04 08:00:00,"521,7324829101562","515,880005",2,1,2024-04-04
2024-04-04 09:00:00,"444,1921691894531","470,309998",2,1,2024-04-04
2024-04-04 10:00:00,"411,9837951660156","433,170013",2,1,2024-04-04
2024-04-04 11:00:00,"347,4895935058594","419,299988",2,1,2024-04-04
2024-04-04 12:00:00,"329,7295227050781","413,850006",2,1,2024-04-04
2024-04-04 13:00:00,"356,0177917480469","418,929993",2,1,2024-04-04
2024-04-04 14:00:00,"389,4784240722656","425,709991",2,1,2024-04-04
2024-04-04 15:00:00,"463,95831298828125","515,210022",2,1,2024-04-04
2024-04-04 16:00:00,"617,3780517578125","562,049988",2,1,2024-04-04
2024-04-04 17:00:00,"794,3988037109375","674,820007",2,1,2024-04-04
2024-04-04 18:00:00,"702,6481323242188","520,580017",2,1,2024-04-04
2024-04-04 19:00:00,"562,2416381835938","460,390015",2,1,2024-04-04
2024-04-04 20:00:00,"504,440185546875","439,440002",2,1,2024-04-04
2024-04-04 21:00:00,"425,9729309082031","430,109985",2,1,2024-04-04
2024-04-04 22:00:00,"385,25885009765625","394,190002",2,1,2024-04-04
2024-04-04 23:00:00,"281,59954833984375","381,890015",2,1,2024-04-04
2024-04-05 00:00:00,"239,04563903808594","372,559998",2,1,2024-04-05
2024-04-05 01:00:00,"233,61212158203125","357,350006",2,1,2024-04-05
2024-04-05 02:00:00,"214,6460418701172","353,320007",2,1,2024-04-05
2024-04-05 03:00:00,"211,63796997070312","352,720001",2,1,2024-04-05
2024-04-05 04:00:00,"299,85064697265625","448,720001",2,1,2024-04-05
2024-04-05 05:00:00,"395,6827697753906","572,75",2,1,2024-04-05
2024-04-05 06:00:00,"418,05926513671875","596,700012",2,1,2024-04-05
2024-04-05 07:00:00,"392,55096435546875","504,130005",2,1,2024-04-05
2024-04-05 08:00:00,"345,3277282714844","376,660004",2,1,2024-04-05
2024-04-05 09:00:00,"298,07843017578125","339,670013",2,1,2024-04-05
2024-04-05 10:00:00,"273,084716796875","331,390015",2,1,2024-04-05
2024-04-05 11:00:00,"257,2773132324219","298,570007",2,1,2024-04-05
2024-04-05 12:00:00,"260,6231689453125","276,48999",2,1,2024-04-05
2024-04-05 13:00:00,"286,9868469238281","176,699997",2,1,2024-04-05
2024-04-05 14:00:00,"325,447265625","60,34",2,1,2024-04-05
2024-04-05 15:00:00,"457,0000915527344","279,399994",2,1,2024-04-05
2024-04-05 16:00:00,"578,4677734375","370,320007",2,1,2024-04-05
2024-04-05 17:00:00,"647,4357299804688","398,299988",2,1,2024-04-05
2024-04-05 18:00:00,"606,8263549804688","402,170013",2,1,2024-04-05
2024-04-05 19:00:00,"528,1732788085938","398,299988",2,1,2024-04-05
2024-04-05 20:00:00,"506,2403869628906","393,299988",2,1,2024-04-05
2024-04-05 21:00:00,"475,9233703613281","370,100006",2,1,2024-04-05
2024-04-05 22:00:00,"459,7380676269531","315,579987",2,1,2024-04-05
2024-04-05 23:00:00,"463,4819030761719","326,549988",2,1,2024-04-05
2024-04-06 00:00:00,"414,0960693359375","328,190002",2,1,2024-04-06
2024-04-06 01:00:00,"417,4361267089844","334,679993",2,1,2024-04-06
2024-04-06 02:00:00,"416,470703125","354,369995",2,1,2024-04-06
2024-04-06 03:00:00,"412,92315673828125","359,890015",2,1,2024-04-06
2024-04-06 04:00:00,"439,1500244140625","372,5",2,1,2024-04-06
2024-04-06 05:00:00,"432,25726318359375","382,339996",2,1,2024-04-06
2024-04-06 06:00:00,"414,4699401855469","374,660004",2,1,2024-04-06
2024-04-06 07:00:00,"349,6921081542969","359,890015",2,1,2024-04-06
2024-04-06 08:00:00,"283,7137145996094","219,440002",2,1,2024-04-06
2024-04-06 09:00:00,"237,57672119140625","34,310001",2,1,2024-04-06
2024-04-06 10:00:00,"199,14804077148438","123,07",2,1,2024-04-06
2024-04-06 11:00:00,"205,5806121826172","14,92",2,1,2024-04-06
2024-04-06 12:00:00,"157,79969787597656","0,3",2,1,2024-04-06
2024-04-06 13:00:00,"104,46395111083984","0,45",2,1,2024-04-06
2024-04-06 14:00:00,"169,2713623046875","0,75",2,1,2024-04-06
2024-04-06 15:00:00,"325,3706970214844","117,919998",2,1,2024-04-06
2024-04-06 16:00:00,"499,1722412109375","393,079987",2,1,2024-04-06
2024-04-06 17:00:00,"584,1227416992188","380,100006",2,1,2024-04-06
2024-04-06 18:00:00,"561,3274536132812","349,670013",2,1,2024-04-06
2024-04-06 19:00:00,"506,43536376953125","326,029999",2,1,2024-04-06
2024-04-06 20:00:00,"443,0577697753906","295,73999",2,1,2024-04-06
2024-04-06 21:00:00,"428,0451354980469","188,410004",2,1,2024-04-06
2024-04-06 22:00:00,"391,63232421875","81,82",2,1,2024-04-06
2024-04-06 23:00:00,"395,0299072265625","0,67",2,1,2024-04-06
2024-04-07 00:00:00,"343,766357421875","0,0",2,1,2024-04-07
2024-04-07 01:00:00,"353,1200866699219","0,0",2,1,2024-04-07
2024-04-07 02:00:00,"342,71026611328125","0,0",2,1,2024-04-07
2024-04-07 03:00:00,"331,0491638183594","0,0",2,1,2024-04-07
2024-04-07 04:00:00,"390,5404968261719","0,0",2,1,2024-04-07
2024-04-07 05:00:00,"384,4563293457031","0,0",2,1,2024-04-07
2024-04-07 06:00:00,"348,457763671875","0,0",2,1,2024-04-07
2024-04-07 07:00:00,"264,1402282714844","-0,07",2,1,2024-04-07
2024-04-07 08:00:00,"261,9479064941406","-1,19",2,1,2024-04-07
2024-04-07 09:00:00,"182,48008728027344","-22,450001",2,1,2024-04-07
2024-04-07 10:00:00,"162,657470703125","-30,58",2,1,2024-04-07
2024-04-07 11:00:00,"157,9677276611328","-48,849998",2,1,2024-04-07
2024-04-07 12:00:00,"162,09471130371094","-74,589996",2,1,2024-04-07
2024-04-07 13:00:00,"188,23358154296875","-37,59",2,1,2024-04-07
2024-04-07 14:00:00,"301,544677734375","-1,19",2,1,2024-04-07
2024-04-07 15:00:00,"417,98309326171875","31,92",2,1,2024-04-07
2024-04-07 16:00:00,"542,6975708007812","288,799988",2,1,2024-04-07
2024-04-07 17:00:00,"649,5786743164062","343,98999",2,1,2024-04-07
2024-04-07 18:00:00,"640,17333984375","356,450012",2,1,2024-04-07
2024-04-07 19:00:00,"546,6209716796875","359,579987",2,1,2024-04-07
2024-04-07 20:00:00,"523,9622192382812","340,779999",2,1,2024-04-07
2024-04-07 21:00:00,"455,2438659667969","318,859985",2,1,2024-04-07
2024-04-07 22:00:00,"463,1058654785156","308,339996",2,1,2024-04-07
2024-04-07 23:00:00,"441,69439697265625","295,140015",2,1,2024-04-07
2024-04-08 00:00:00,"412,71282958984375","292,079987",2,2,2024-04-08
2024-04-08 01:00:00,"444,72796630859375","312,290009",2,2,2024-04-08
2024-04-08 02:00:00,"479,12945556640625","328,480011",2,2,2024-04-08
2024-04-08 03:00:00,"500,6190490722656","334,589996",2,2,2024-04-08
2024-04-08 04:00:00,"568,755859375","376,730011",2,2,2024-04-08
2024-04-08 05:00:00,"631,1069946289062","396,5",2,2,2024-04-08
2024-04-08 06:00:00,"689,4935302734375","432,600006",2,2,2024-04-08
2024-04-08 07:00:00,"641,5286865234375","603,25",2,2,2024-04-08
2024-04-08 08:00:00,"525,8673706054688","402,910004",2,2,2024-04-08
2024-04-08 09:00:00,"400,265869140625","399,480011",2,2,2024-04-08
2024-04-08 10:00:00,"308,1375732421875","397,100006",2,2,2024-04-08
2024-04-08 11:00:00,"302,5284423828125","421,859985",2,2,2024-04-08
2024-04-08 12:00:00,"301,68597412109375","431,779999",2,2,2024-04-08
2024-04-08 13:00:00,"342,9054260253906","395,679993",2,2,2024-04-08
2024-04-08 14:00:00,"398,9605407714844","522,099976",2,2,2024-04-08
2024-04-08 15:00:00,"476,5006408691406","559,469971",2,2,2024-04-08
2024-04-08 16:00:00,"634,103759765625","782,409973",2,2,2024-04-08
2024-04-08 17:00:00,"924,138916015625","1024,069946",2,2,2024-04-08
2024-04-08 18:00:00,"850,1163940429688","930,830017",2,2,2024-04-08
2024-04-08 19:00:00,"685,2218017578125","632,859985",2,2,2024-04-08
2024-04-08 20:00:00,"510,11639404296875","574,309998",2,2,2024-04-08
2024-04-08 21:00:00,"461,9306640625","523,52002",2,2,2024-04-08
2024-04-08 22:00:00,"457,35198974609375","583,330017",2,2,2024-04-08
2024-04-08 23:00:00,"439,47406005859375","517,549988",2,2,2024-04-08
2024-04-09 00:00:00,"367,4119873046875","482,790009",2,2,2024-04-09
2024-04-09 01:00:00,"361,2617492675781","440,200012",2,2,2024-04-09
2024-04-09 02:00:00,"358,29132080078125","453,779999",2,2,2024-04-09
2024-04-09 03:00:00,"400,3736572265625","488,390015",2,2,2024-04-09
2024-04-09 04:00:00,"510,9704284667969","575,799988",2,2,2024-04-09
2024-04-09 05:00:00,"606,0567626953125","670,900024",2,2,2024-04-09
2024-04-09 06:00:00,"655,4301147460938","595,039978",2,2,2024-04-09
2024-04-09 07:00:00,"572,9181518554688","509,420013",2,2,2024-04-09
2024-04-09 08:00:00,"392,1953125","384,559998",2,2,2024-04-09
2024-04-09 09:00:00,"354,7388610839844","328,029999",2,2,2024-04-09
2024-04-09 10:00:00,"299,5089416503906","268,880005",2,2,2024-04-09
2024-04-09 11:00:00,"217,47740173339844","75,260002",2,2,2024-04-09
2024-04-09 12:00:00,"273,4217834472656","78,309998",2,2,2024-04-09
2024-04-09 13:00:00,"296,6181945800781","216,600006",2,2,2024-04-09
2024-04-09 14:00:00,"325,7834777832031","285,440002",2,2,2024-04-09
2024-04-09 15:00:00,"454,6231689453125","372,179993",2,2,2024-04-09
2024-04-09 16:00:00,"671,7361450195312","390,899994",2,2,2024-04-09
2024-04-09 17:00:00,"794,2871704101562","375,089996",2,2,2024-04-09
2024-04-09 18:00:00,"756,1390380859375","378,970001",2,2,2024-04-09
2024-04-09 19:00:00,"632,1417236328125","359,649994",2,2,2024-04-09
2024-04-09 20:00:00,"594,1868286132812","335,640015",2,2,2024-04-09
2024-04-09 21:00:00,"540,9541625976562","257,619995",2,2,2024-04-09
2024-04-09 22:00:00,"517,7608032226562","96,220001",2,2,2024-04-09
2024-04-09 23:00:00,"487,18304443359375","38,040001",2,2,2024-04-09
2024-04-10 00:00:00,"472,3949890136719","37,290001",2,2,2024-04-10
2024-04-10 01:00:00,"466,9525451660156","67,050003",2,2,2024-04-10
2024-04-10 02:00:00,"474,98663330078125","184,229996",2,2,2024-04-10
2024-04-10 03:00:00,"493,7427673339844","261,059998",2,2,2024-04-10
2024-04-10 04:00:00,"550,16064453125","261,130005",2,2,2024-04-10
2024-04-10 05:00:00,"734,9117431640625","302,299988",2,2,2024-04-10
2024-04-10 06:00:00,"795,7963256835938","311,700012",2,2,2024-04-10
2024-04-10 07:00:00,"724,5057373046875","309,390015",2,2,2024-04-10
2024-04-10 08:00:00,"674,2445068359375","309,390015",2,2,2024-04-10
2024-04-10 09:00:00,"570,1362915039062","239,130005",2,2,2024-04-10
2024-04-10 10:00:00,"481,93487548828125","143,279999",2,2,2024-04-10
2024-04-10 11:00:00,"439,25848388671875","66,610001",2,2,2024-04-10
2024-04-10 12:00:00,"411,9969787597656","0,45",2,2,2024-04-10
2024-04-10 13:00:00,"416,66387939453125","2,09",2,2,2024-04-10
2024-04-10 14:00:00,"517,524658203125","39,529999",2,2,2024-04-10
2024-04-10 15:00:00,"585,4506225585938","122,169998",2,2,2024-04-10
2024-04-10 16:00:00,"684,049072265625","616,469971",2,2,2024-04-10
2024-04-10 17:00:00,"938,9468383789062","1084,949951",2,2,2024-04-10
2024-04-10 18:00:00,"878,9723510742188","1052,430054",2,2,2024-04-10
2024-04-10 19:00:00,"754,4534301757812","722,380005",2,2,2024-04-10
2024-04-10 20:00:00,"647,731689453125","392,029999",2,2,2024-04-10
2024-04-10 21:00:00,"558,0521850585938","352,200012",2,2,2024-04-10
2024-04-10 22:00:00,"512,9087524414062","303,440002",2,2,2024-04-10
2024-04-10 23:00:00,"471,9737854003906","198,940002",2,2,2024-04-10
2024-04-11 00:00:00,"460,26934814453125","165,589996",2,2,2024-04-11
2024-04-11 01:00:00,"434,86871337890625","74,519997",2,2,2024-04-11
2024-04-11 02:00:00,"422,6048889160156","59,52",2,2,2024-04-11
2024-04-11 03:00:00,"430,37774658203125","149,179993",2,2,2024-04-11
2024-04-11 04:00:00,"480,24334716796875","192,070007",2,2,2024-04-11
2024-04-11 05:00:00,"647,4469604492188","297,399994",2,2,2024-04-11
2024-04-11 06:00:00,"714,5549926757812","309,929993",2,2,2024-04-11
2024-04-11 07:00:00,"705,8534545898438","223,770004",2,2,2024-04-11
2024-04-11 08:00:00,"553,8334350585938","74,959999",2,2,2024-04-11
2024-04-11 09:00:00,"457,20050048828125","6,41",2,2,2024-04-11
2024-04-11 10:00:00,"419,2759704589844","6,79",2,2,2024-04-11
2024-04-11 11:00:00,"354,7708435058594","8,21",2,2,2024-04-11
2024-04-11 12:00:00,"310,11346435546875","4,25",2,2,2024-04-11
2024-04-11 13:00:00,"322,1927490234375","96,07",2,2,2024-04-11
2024-04-11 14:00:00,"377,6781921386719","64,75",2,2,2024-04-11
2024-04-11 15:00:00,"486,7089538574219","347,070007",2,2,2024-04-11
2024-04-11 16:00:00,"589,8527221679688","711,75",2,2,2024-04-11
2024-04-11 17:00:00,"713,72998046875","1002,210022",2,2,2024-04-11
2024-04-11 18:00:00,"722,2982177734375","893,609985",2,2,2024-04-11
2024-04-11 19:00:00,"589,3841552734375","679,159973",2,2,2024-04-11
2024-04-11 20:00:00,"541,3704833984375","541,159973",2,2,2024-04-11
2024-04-11 21:00:00,"456,50738525390625","451,059998",2,2,2024-04-11
2024-04-11 22:00:00,"424,5442810058594","339,720001",2,2,2024-04-11
2024-04-11 23:00:00,"366,05584716796875","325,029999",2,2,2024-04-11
2024-04-12 00:00:00,"330,01702880859375","331,73999",2,2,2024-04-12
2024-04-12 01:00:00,"308,3648986816406","304,51001",2,2,2024-04-12
2024-04-12 02:00:00,"320,99200439453125","298,399994",2,2,2024-04-12
2024-04-12 03:00:00,"296,2716369628906","298,399994",2,2,2024-04-12
2024-04-12 04:00:00,"388,02667236328125","308,019989",2,2,2024-04-12
2024-04-12 05:00:00,"448,2475891113281","362,619995",2,2,2024-04-12
2024-04-12 06:00:00,"479,0195617675781","516,75",2,2,2024-04-12
2024-04-12 07:00:00,"438,2330627441406","489,290009",2,2,2024-04-12
2024-04-12 08:00:00,"367,52685546875","319,730011",2,2,2024-04-12
2024-04-12 09:00:00,"281,44598388671875","140,690002",2,2,2024-04-12
2024-04-12 10:00:00,"248,20936584472656","0,0",2,2,2024-04-12
2024-04-12 11:00:00,"153,57376098632812","-0,52",2,2,2024-04-12
2024-04-12 12:00:00,"137,63865661621094","0,07",2,2,2024-04-12
2024-04-12 13:00:00,"132,39869689941406","1,34",2,2,2024-04-12
2024-04-12 14:00:00,"208,248779296875","1,64",2,2,2024-04-12
2024-04-12 15:00:00,"426,8258361816406","375,600006",2,2,2024-04-12
2024-04-12 16:00:00,"506,2816467285156","445,279999",2,2,2024-04-12
2024-04-12 17:00:00,"587,7884521484375","370,160004",2,2,2024-04-12
2024-04-12 18:00:00,"586,0162353515625","369,48999",2,2,2024-04-12
2024-04-12 19:00:00,"547,8441162109375","351,429993",2,2,2024-04-12
2024-04-12 20:00:00,"545,67724609375","342,329987",2,2,2024-04-12
2024-04-12 21:00:00,"539,11572265625","329,200012",2,2,2024-04-12
2024-04-12 22:00:00,"477,68182373046875","246,039993",2,2,2024-04-12
2024-04-12 23:00:00,"463,49591064453125","193,369995",2,2,2024-04-12
2024-04-13 00:00:00,"438,2311706542969","144,429993",2,2,2024-04-13
2024-04-13 01:00:00,"415,5088195800781","130,779999",2,2,2024-04-13
2024-04-13 02:00:00,"422,4336242675781","130,259995",2,2,2024-04-13
2024-04-13 03:00:00,"428,67010498046875","173,899994",2,2,2024-04-13
2024-04-13 04:00:00,"448,9346618652344","207,619995",2,2,2024-04-13
2024-04-13 05:00:00,"463,5795593261719","251,630005",2,2,2024-04-13
2024-04-13 06:00:00,"426,8258361816406","168,600006",2,2,2024-04-13
2024-04-13 07:00:00,"352,4636535644531","65,650002",2,2,2024-04-13
2024-04-13 08:00:00,"193,8301239013672","-0,15",2,2,2024-04-13
2024-04-13 09:00:00,"84,90383911132812","-30,139999",2,2,2024-04-13
2024-04-13 10:00:00,"5,916529655456543","-59,830002",2,2,2024-04-13
2024-04-13 11:00:00,"-22,874168395996094","-150,699997",2,2,2024-04-13
2024-04-13 12:00:00,"-83,87196350097656","-218,729996",2,2,2024-04-13
2024-04-13 13:00:00,"-69,52012634277344","-235,740005",2,2,2024-04-13
2024-04-13 14:00:00,"-18,305904388427734","-142,710007",2,2,2024-04-13
2024-04-13 15:00:00,"209,73728942871094","-1,19",2,2,2024-04-13
2024-04-13 16:00:00,"489,6940002441406","248,949997",2,2,2024-04-13
2024-04-13 17:00:00,"550,7531127929688","373,76001",2,2,2024-04-13
2024-04-13 18:00:00,"550,3035278320312","298,630005",2,2,2024-04-13
2024-04-13 19:00:00,"450,6192932128906","258,5",2,2,2024-04-13
2024-04-13 20:00:00,"433,8507385253906","153,679993",2,2,2024-04-13
2024-04-13 21:00:00,"372,7102966308594","52,59",2,2,2024-04-13
2024-04-13 22:00:00,"278,401123046875","3,21",2,2,2024-04-13
2024-04-13 23:00:00,"227,8230743408203","6,19",2,2,2024-04-13
2024-04-14 00:00:00,"215,25218200683594","6,94",2,2,2024-04-14
2024-04-14 01:00:00,"163,501708984375","8,43",2,2,2024-04-14
2024-04-14 02:00:00,"151,8460693359375","17,459999",2,2,2024-04-14
2024-04-14 03:00:00,"177,66738891601562","44,389999",2,2,2024-04-14
2024-04-14 04:00:00,"188,78439331054688","95,949997",2,2,2024-04-14
2024-04-14 05:00:00,"157,04615783691406","96,989998",2,2,2024-04-14
2024-04-14 06:00:00,"133,85687255859375","55,279999",2,2,2024-04-14
2024-04-14 07:00:00,"105,26568603515625","0,0",2,2,2024-04-14
2024-04-14 08:00:00,"51,369720458984375","-17,68",2,2,2024-04-14
2024-04-14 09:00:00,"-44,19565963745117","-90,800003",2,2,2024-04-14
2024-04-14 10:00:00,"-69,94459533691406","-315,070007",2,2,2024-04-14
2024-04-14 11:00:00,"-179,41220092773438","-448,019989",2,2,2024-04-14
2024-04-14 12:00:00,"-151,8560791015625","-447,720001",2,2,2024-04-14
2024-04-14 13:00:00,"-76,77400970458984","-298,809998",2,2,2024-04-14
2024-04-14 14:00:00,"0,5803149938583374","-46,630001",2,2,2024-04-14
2024-04-14 15:00:00,"257,38677978515625","11,71",2,2,2024-04-14
2024-04-14 16:00:00,"497,3209228515625","407,51001",2,2,2024-04-14
2024-04-14 17:00:00,"619,6644897460938","655,059998",2,2,2024-04-14
2024-04-14 18:00:00,"634,6585083007812","894,619995",2,2,2024-04-14
2024-04-14 19:00:00,"572,9908447265625","840,159973",2,2,2024-04-14
2024-04-14 20:00:00,"549,3042602539062","724,890015",2,2,2024-04-14
2024-04-14 21:00:00,"475,80316162109375","594,549988",2,2,2024-04-14
2024-04-14 22:00:00,"462,7864074707031","410,640015",2,2,2024-04-14
2024-04-14 23:00:00,"467,0338439941406","437,730011",2,2,2024-04-14
2024-04-15 00:00:00,"431,4691162109375","526,359985",2,3,2024-04-15
2024-04-15 01:00:00,"428,08612060546875","491,220001",2,3,2024-04-15
2024-04-15 02:00:00,"435,5927734375","561,280029",2,3,2024-04-15
2024-04-15 03:00:00,"468,2422790527344","647,150024",2,3,2024-04-15
2024-04-15 04:00:00,"580,8170166015625","863,440002",2,3,2024-04-15
2024-04-15 05:00:00,"682,0445556640625","1261,98999",2,3,2024-04-15
2024-04-15 06:00:00,"717,9340209960938","1143,290039",2,3,2024-04-15
2024-04-15 07:00:00,"647,6325073242188","683,109985",2,3,2024-04-15
2024-04-15 08:00:00,"545,5438842773438","568,809998",2,3,2024-04-15
2024-04-15 09:00:00,"452,27581787109375","425,269989",2,3,2024-04-15
2024-04-15 10:00:00,"397,17523193359375","329,390015",2,3,2024-04-15
2024-04-15 11:00:00,"365,07342529296875","236,809998",2,3,2024-04-15
2024-04-15 12:00:00,"370,3201904296875","96,690002",2,3,2024-04-15
2024-04-15 13:00:00,"384,5177001953125","58,189999",2,3,2024-04-15
2024-04-15 14:00:00,"419,845703125","59,610001",2,3,2024-04-15
2024-04-15 15:00:00,"482,0416259765625","345,440002",2,3,2024-04-15
2024-04-15 16:00:00,"590,8668212890625","516,289978",2,3,2024-04-15
2024-04-15 17:00:00,"800,01953125","588,809998",2,3,2024-04-15
2024-04-15 18:00:00,"781,8424072265625","574,630005",2,3,2024-04-15
2024-04-15 19:00:00,"585,6162109375","494,730011",2,3,2024-04-15
2024-04-15 20:00:00,"463,4646301269531","401,170013",2,3,2024-04-15
2024-04-15 21:00:00,"433,7115783691406","254,940002",2,3,2024-04-15
2024-04-15 22:00:00,"426,9131164550781","15,07",2,3,2024-04-15
2024-04-15 23:00:00,"421,0951232910156","0,3",2,3,2024-04-15
2024-04-16 00:00:00,"363,8608703613281","1,04",2,3,2024-04-16
2024-04-16 01:00:00,"329,07049560546875","5,45",2,3,2024-04-16
2024-04-16 02:00:00,"327,08953857421875","130,330002",2,3,2024-04-16
2024-04-16 03:00:00,"381,14056396484375","270,209991",2,3,2024-04-16
2024-04-16 04:00:00,"527,7150268554688","384,880005",2,3,2024-04-16
2024-04-16 05:00:00,"599,2418823242188","554,0",2,3,2024-04-16
2024-04-16 06:00:00,"575,270751953125","554,0",2,3,2024-04-16
2024-04-16 07:00:00,"460,53631591796875","483,5",2,3,2024-04-16
2024-04-16 08:00:00,"327,19171142578125","380,700012",2,3,2024-04-16
2024-04-16 09:00:00,"244,94137573242188","318,109985",2,3,2024-04-16
2024-04-16 10:00:00,"340,3088073730469","298,410004",2,3,2024-04-16
2024-04-16 11:00:00,"175,48330688476562","300,049988",2,3,2024-04-16
2024-04-16 12:00:00,"447,22210693359375","313,929993",2,3,2024-04-16
2024-04-16 13:00:00,"207,5195770263672","362,049988",2,3,2024-04-16
2024-04-16 14:00:00,"447,14141845703125","385,470001",2,3,2024-04-16
2024-04-16 15:00:00,"511,1824035644531","594,359985",2,3,2024-04-16
2024-04-16 16:00:00,"563,5777587890625","693,210022",2,3,2024-04-16
2024-04-16 17:00:00,"644,79150390625","850,400024",2,3,2024-04-16
2024-04-16 18:00:00,"654,0615234375","928,960022",2,3,2024-04-16
2024-04-16 19:00:00,"572,4868774414062","779,309998",2,3,2024-04-16
2024-04-16 20:00:00,"530,12646484375","672,169983",2,3,2024-04-16
2024-04-16 21:00:00,"459,2652587890625","627,409973",2,3,2024-04-16
2024-04-16 22:00:00,"433,6147155761719","625,48999",2,3,2024-04-16
2024-04-16 23:00:00,"372,5318908691406","625,48999",2,3,2024-04-16
2024-04-17 00:00:00,"334,8445129394531","606,919983",2,3,2024-04-17
2024-04-17 01:00:00,"324,3591613769531","614,75",2,3,2024-04-17
2024-04-17 02:00:00,"356,7385559082031","618,929993",2,3,2024-04-17
2024-04-17 03:00:00,"419,0364685058594","624,669983",2,3,2024-04-17
2024-04-17 04:00:00,"533,1742553710938","816,109985",2,3,2024-04-17
2024-04-17 05:00:00,"635,2806396484375","1268,069946",2,3,2024-04-17
2024-04-17 06:00:00,"701,865234375","1157,650024",2,3,2024-04-17
2024-04-17 07:00:00,"633,7359619140625","780,52002",2,3,2024-04-17
2024-04-17 08:00:00,"586,2786865234375","625,940002",2,3,2024-04-17
2024-04-17 09:00:00,"544,4326171875","596,099976",2,3,2024-04-17
2024-04-17 10:00:00,"536,237548828125","619,080017",2,3,2024-04-17
2024-04-17 11:00:00,"451,6314392089844","602,960022",2,3,2024-04-17
2024-04-17 12:00:00,"432,208740234375","579,76001",2,3,2024-04-17
2024-04-17 13:00:00,"477,63189697265625","574,690002",2,3,2024-04-17
2024-04-17 14:00:00,"513,7813110351562","596,840027",2,3,2024-04-17
2024-04-17 15:00:00,"606,7048950195312","648,320007",2,3,2024-04-17
2024-04-17 16:00:00,"702,2943115234375","857,73999",2,3,2024-04-17
2024-04-17 17:00:00,"908,7056274414062","1193,089966",2,3,2024-04-17
2024-04-17 18:00:00,"972,6001586914062","1267,550049",2,3,2024-04-17
2024-04-17 19:00:00,"769,1538696289062","970,320007",2,3,2024-04-17
2024-04-17 20:00:00,"641,1611328125","738,890015",2,3,2024-04-17
2024-04-17 21:00:00,"544,0165405273438","655,109985",2,3,2024-04-17
2024-04-17 22:00:00,"504,05706787109375","685,150024",2,3,2024-04-17
2024-04-17 23:00:00,"468,3730773925781","652,23999",2,3,2024-04-17
2024-04-18 00:00:00,"422,25244140625","660,52002",2,3,2024-04-18
2024-04-18 01:00:00,"393,5816650390625","654,780029",2,3,2024-04-18
2024-04-18 02:00:00,"399,23089599609375","668,580017",2,3,2024-04-18
2024-04-18 03:00:00,"424,88458251953125","697,380005",2,3,2024-04-18
2024-04-18 04:00:00,"499,605224609375","909,349976",2,3,2024-04-18
2024-04-18 05:00:00,"526,8021240234375","1162,430054",2,3,2024-04-18
2024-04-18 06:00:00,"533,7008666992188","978,809998",2,3,2024-04-18
2024-04-18 07:00:00,"466,5416564941406","754,460022",2,3,2024-04-18
2024-04-18 08:00:00,"384,958984375","673,059998",2,3,2024-04-18
2024-04-18 09:00:00,"306,820556640625","625,76001",2,3,2024-04-18
2024-04-18 10:00:00,"287,79669189453125","601,659973",2,3,2024-04-18
2024-04-18 11:00:00,"380,4072265625","575,98999",2,3,2024-04-18
2024-04-18 12:00:00,"194,04945373535156","544,72998",2,3,2024-04-18
2024-04-18 13:00:00,"518,9848022460938","527,48999",2,3,2024-04-18
2024-04-18 14:00:00,"371,64453125","528,840027",2,3,2024-04-18
2024-04-18 15:00:00,"469,5550231933594","606,799988",2,3,2024-04-18
2024-04-18 16:00:00,"575,1830444335938","701,559998",2,3,2024-04-18
2024-04-18 17:00:00,"669,4837646484375","934,419983",2,3,2024-04-18
2024-04-18 18:00:00,"692,4885864257812","961,200012",2,3,2024-04-18
2024-04-18 19:00:00,"593,3317260742188","790,27002",2,3,2024-04-18
2024-04-18 20:00:00,"535,4424438476562","670,669983",2,3,2024-04-18
2024-04-18 21:00:00,"443,7142333984375","592,179993",2,3,2024-04-18
2024-04-18 22:00:00,"421,3876037597656","576,090027",2,3,2024-04-18
2024-04-18 23:00:00,"393,82598876953125","453,869995",2,3,2024-04-18
2024-04-19 00:00:00,"336,92236328125","377,019989",2,3,2024-04-19
2024-04-19 01:00:00,"281,90338134765625","369,109985",2,3,2024-04-19
2024-04-19 02:00:00,"403,13671875","357,920013",2,3,2024-04-19
2024-04-19 03:00:00,"331,3855895996094","366,200012",2,3,2024-04-19
2024-04-19 04:00:00,"426,67919921875","448,570007",2,3,2024-04-19
2024-04-19 05:00:00,"471,03759765625","515,130005",2,3,2024-04-19
2024-04-19 06:00:00,"484,711669921875","567,059998",2,3,2024-04-19
2024-04-19 07:00:00,"467,8028564453125","509,609985",2,3,2024-04-19
2024-04-19 08:00:00,"363,9388427734375","449,170013",2,3,2024-04-19
2024-04-19 09:00:00,"221,6641082763672","418,429993",2,3,2024-04-19
2024-04-19 10:00:00,"358,3699035644531","379,859985",2,3,2024-04-19
2024-04-19 11:00:00,"324,0304260253906","350,679993",2,3,2024-04-19
2024-04-19 12:00:00,"296,162109375","335,309998",2,3,2024-04-19
2024-04-19 13:00:00,"222,43011474609375","332,480011",2,3,2024-04-19
2024-04-19 14:00:00,"491,6661071777344","379,859985",2,3,2024-04-19
2024-04-19 15:00:00,"426,8645935058594","424,920013",2,3,2024-04-19
2024-04-19 16:00:00,"509,4434814453125","473,720001",2,3,2024-04-19
2024-04-19 17:00:00,"630,9539184570312","475,660004",2,3,2024-04-19
2024-04-19 18:00:00,"658,1444091796875","482,670013",2,3,2024-04-19
2024-04-19 19:00:00,"570,5","493,940002",2,3,2024-04-19
2024-04-19 20:00:00,"532,6181030273438","477,149994",2,3,2024-04-19
2024-04-19 21:00:00,"502,3446350097656","471,179993",2,3,2024-04-19
2024-04-19 22:00:00,"430,3735046386719","449,529999",2,3,2024-04-19
2024-04-19 23:00:00,"393,6213073730469","432,589996",2,3,2024-04-19
2024-04-20 00:00:00,"318,1325988769531","427,809998",2,3,2024-04-20
2024-04-20 01:00:00,"308,2718811035156","430,950012",2,3,2024-04-20
2024-04-20 02:00:00,"305,2584533691406","455,5",2,3,2024-04-20
2024-04-20 03:00:00,"325,61102294921875","468,850006",2,3,2024-04-20
2024-04-20 04:00:00,"380,89569091796875","476,98999",2,3,2024-04-20
2024-04-20 05:00:00,"387,1127624511719","507,279999",2,3,2024-04-20
2024-04-20 06:00:00,"342,9249267578125","485,350006",2,3,2024-04-20
2024-04-20 07:00:00,"277,5862731933594","446,98999",2,3,2024-04-20
2024-04-20 08:00:00,"351,15838623046875","373,48999",2,3,2024-04-20
2024-04-20 09:00:00,"217,1435089111328","286,769989",2,3,2024-04-20
2024-04-20 10:00:00,"399,1479187011719","216,179993",2,3,2024-04-20
2024-04-20 11:00:00,"162,5277862548828","92,010002",2,3,2024-04-20
2024-04-20 12:00:00,"382,07861328125","78,730003",2,3,2024-04-20
2024-04-20 13:00:00,"159,05853271484375","136,779999",2,3,2024-04-20
2024-04-20 14:00:00,"459,26666259765625","279,160004",2,3,2024-04-20
2024-04-20 15:00:00,"238,55081176757812","468,850006",2,3,2024-04-20
2024-04-20 16:00:00,"654,3965454101562","588,77002",2,3,2024-04-20
2024-04-20 17:00:00,"644,8854370117188","668,690002",2,3,2024-04-20
2024-04-20 18:00:00,"584,8756103515625","724,140015",2,3,2024-04-20
2024-04-20 19:00:00,"421,8379821777344","673,919983",2,3,2024-04-20
2024-04-20 20:00:00,"358,94207763671875","642,280029",2,3,2024-04-20
2024-04-20 21:00:00,"266,28802490234375","618,619995",2,3,2024-04-20
2024-04-20 22:00:00,"356,9733581542969","610,679993",2,3,2024-04-20
2024-04-20 23:00:00,"272,2201232910156","526,669983",2,3,2024-04-20
2024-04-21 00:00:00,"410,46600341796875","518,76001",2,3,2024-04-21
2024-04-21 01:00:00,"302,31134033203125","480,48999",2,3,2024-04-21
2024-04-21 02:00:00,"275,0480651855469","476,609985",2,3,2024-04-21
2024-04-21 03:00:00,"455,73089599609375","474,670013",2,3,2024-04-21
2024-04-21 04:00:00,"276,1098327636719","480,709991",2,3,2024-04-21
2024-04-21 05:00:00,"418,9356384277344","451,609985",2,3,2024-04-21
2024-04-21 06:00:00,"297,8314208984375","454,220001",2,3,2024-04-21
2024-04-21 07:00:00,"235,60275268554688","413,190002",2,3,2024-04-21
2024-04-21 08:00:00,"422,88519287109375","246,139999",2,3,2024-04-21
2024-04-21 09:00:00,"210,14939880371094","275,76001",2,3,2024-04-21
2024-04-21 10:00:00,"371,5774230957031","45,209999",2,3,2024-04-21
2024-04-21 11:00:00,"145,5618438720703","2,09",2,3,2024-04-21
2024-04-21 12:00:00,"340,24658203125","-6,71",2,3,2024-04-21
2024-04-21 13:00:00,"161,33396911621094","5,6",2,3,2024-04-21
2024-04-21 14:00:00,"484,47998046875","44,84",2,3,2024-04-21
2024-04-21 15:00:00,"281,90716552734375","434,380005",2,3,2024-04-21
2024-04-21 16:00:00,"689,4461059570312","556,590027",2,3,2024-04-21
2024-04-21 17:00:00,"771,4550170898438","666,710022",2,3,2024-04-21
2024-04-21 18:00:00,"759,3180541992188","710,72998",2,3,2024-04-21
2024-04-21 19:00:00,"667,4073486328125","679,469971",2,3,2024-04-21
2024-04-21 20:00:00,"602,9742431640625","667,080017",2,3,2024-04-21
2024-04-21 21:00:00,"533,926513671875","660,0",2,3,2024-04-21
2024-04-21 22:00:00,"493,77166748046875","589,190002",2,3,2024-04-21
2024-04-21 23:00:00,"472,5098876953125","582,330017",2,3,2024-04-21
2024-04-22 00:00:00,"428,85504150390625","585,23999",2,4,2024-04-22
2024-04-22 01:00:00,"382,4312744140625","596,280029",2,4,2024-04-22
2024-04-22 02:00:00,"388,0888366699219","595,309998",2,4,2024-04-22
2024-04-22 03:00:00,"434,5276184082031","652,830017",2,4,2024-04-22
2024-04-22 04:00:00,"544,4031372070312","790,109985",2,4,2024-04-22
2024-04-22 05:00:00,"730,322021484375","975,820007",2,4,2024-04-22
2024-04-22 06:00:00,"726,6815185546875","876,359985",2,4,2024-04-22
2024-04-22 07:00:00,"577,166748046875","724,090027",2,4,2024-04-22
2024-04-22 08:00:00,"482,2079162597656","610,75",2,4,2024-04-22
2024-04-22 09:00:00,"406,8606262207031","606,130005",2,4,2024-04-22
2024-04-22 10:00:00,"310,55224609375","574,869995",2,4,2024-04-22
2024-04-22 11:00:00,"225,04698181152344","549,650024",2,4,2024-04-22
2024-04-22 12:00:00,"185,8822784423828","553,080017",2,4,2024-04-22
2024-04-22 13:00:00,"163,47128295898438","559,650024",2,4,2024-04-22
2024-04-22 14:00:00,"275,7853088378906","536,440002",2,4,2024-04-22
2024-04-22 15:00:00,"370,3786315917969","722,150024",2,4,2024-04-22
2024-04-22 16:00:00,"512,1798706054688","881,880005",2,4,2024-04-22
2024-04-22 17:00:00,"632,309814453125","1223,969971",2,4,2024-04-22
2024-04-22 18:00:00,"645,3533935546875","1275,52002",2,4,2024-04-22
2024-04-22 19:00:00,"548,9457397460938","970,299988",2,4,2024-04-22
2024-04-22 20:00:00,"401,4209289550781","789,140015",2,4,2024-04-22
2024-04-22 21:00:00,"303,67755126953125","723,640015",2,4,2024-04-22
2024-04-22 22:00:00,"243,42315673828125","658,969971",2,4,2024-04-22
2024-04-22 23:00:00,"140,93911743164062","646,809998",2,4,2024-04-22
2024-04-23 00:00:00,"121,21075439453125","641,289978",2,4,2024-04-23
2024-04-23 01:00:00,"139,24473571777344","637,340027",2,4,2024-04-23
2024-04-23 02:00:00,"215,0301513671875","644,280029",2,4,2024-04-23
2024-04-23 03:00:00,"311,7125549316406","728,890015",2,4,2024-04-23
2024-04-23 04:00:00,"470,8294372558594","905,789978",2,4,2024-04-23
2024-04-23 05:00:00,"559,3179321289062","1352,420044",2,4,2024-04-23
2024-04-23 06:00:00,"537,99755859375","1016,820007",2,4,2024-04-23
2024-04-23 07:00:00,"422,4032287597656","734,030029",2,4,2024-04-23
2024-04-23 08:00:00,"257,5557861328125","618,309998",2,4,2024-04-23
2024-04-23 09:00:00,"204,95352172851562","576,450012",2,4,2024-04-23
2024-04-23 10:00:00,"156,1363067626953","577,950012",2,4,2024-04-23
2024-04-23 11:00:00,"131,7386932373047","592,27002",2,4,2024-04-23
2024-04-23 12:00:00,"110,82121276855469","586,599976",2,4,2024-04-23
2024-04-23 13:00:00,"152,2144775390625","597,049988",2,4,2024-04-23
2024-04-23 14:00:00,"278,10943603515625","619,429993",2,4,2024-04-23
2024-04-23 15:00:00,"455,3395080566406","671,289978",2,4,2024-04-23
2024-04-23 16:00:00,"556,5387573242188","764,030029",2,4,2024-04-23
2024-04-23 17:00:00,"709,5523071289062","917,799988",2,4,2024-04-23
2024-04-23 18:00:00,"721,599365234375","933,169983",2,4,2024-04-23
2024-04-23 19:00:00,"641,2925415039062","784,169983",2,4,2024-04-23
2024-04-23 20:00:00,"548,86962890625","691,880005",2,4,2024-04-23
2024-04-23 21:00:00,"429,916748046875","608,460022",2,4,2024-04-23
2024-04-23 22:00:00,"394,93927001953125","600,929993",2,4,2024-04-23
2024-04-23 23:00:00,"377,2185974121094","569,150024",2,4,2024-04-23
2024-04-24 00:00:00,"355,5631103515625","566,090027",2,4,2024-04-24
2024-04-24 01:00:00,"356,6933288574219","545,130005",2,4,2024-04-24
2024-04-24 02:00:00,"390,9006042480469","567,289978",2,4,2024-04-24
2024-04-24 03:00:00,"446,42242431640625","610,47998",2,4,2024-04-24
2024-04-24 04:00:00,"545,7299194335938","758,419983",2,4,2024-04-24
2024-04-24 05:00:00,"729,9219360351562","956,200012",2,4,2024-04-24
2024-04-24 06:00:00,"807,0975341796875","798,780029",2,4,2024-04-24
2024-04-24 07:00:00,"691,4879150390625","684,940002",2,4,2024-04-24
2024-04-24 08:00:00,"598,878662109375","676,960022",2,4,2024-04-24
2024-04-24 09:00:00,"535,1378173828125","659,130005",2,4,2024-04-24
2024-04-24 10:00:00,"520,7422485351562","616,22998",2,4,2024-04-24
2024-04-24 11:00:00,"429,2479248046875","597,5",2,4,2024-04-24
2024-04-24 12:00:00,"383,2873229980469","570,940002",2,4,2024-04-24
2024-04-24 13:00:00,"423,1922912597656","602,130005",2,4,2024-04-24
2024-04-24 14:00:00,"480,7800598144531","605,190002",2,4,2024-04-24
2024-04-24 15:00:00,"592,3756103515625","646,070007",2,4,2024-04-24
2024-04-24 16:00:00,"706,7654418945312","757,530029",2,4,2024-04-24
2024-04-24 17:00:00,"938,45751953125","1008,640015",2,4,2024-04-24
2024-04-24 18:00:00,"999,6603393554688","1070,119995",2,4,2024-04-24
2024-04-24 19:00:00,"840,162841796875","903,900024",2,4,2024-04-24
2024-04-24 20:00:00,"649,97412109375","785,650024",2,4,2024-04-24
2024-04-24 21:00:00,"544,2105712890625","673,0",2,4,2024-04-24
2024-04-24 22:00:00,"509,1400146484375","622,700012",2,4,2024-04-24
2024-04-24 23:00:00,"458,4277648925781","596,599976",2,4,2024-04-24
2024-04-25 00:00:00,"459,222900390625","576,97998",2,4,2024-04-25
2024-04-25 01:00:00,"455,1097412109375","567,140015",2,4,2024-04-25
2024-04-25 02:00:00,"455,9884033203125","561,099976",2,4,2024-04-25
2024-04-25 03:00:00,"476,83343505859375","626,580017",2,4,2024-04-25
2024-04-25 04:00:00,"558,759765625","763,940002",2,4,2024-04-25
2024-04-25 05:00:00,"695,8814697265625","962,390015",2,4,2024-04-25
2024-04-25 06:00:00,"660,9440307617188","840,530029",2,4,2024-04-25
2024-04-25 07:00:00,"518,71728515625","686,830017",2,4,2024-04-25
2024-04-25 08:00:00,"417,182861328125","596,669983",2,4,2024-04-25
2024-04-25 09:00:00,"376,98199462890625","583,169983",2,4,2024-04-25
2024-04-25 10:00:00,"335,14556884765625","551,26001",2,4,2024-04-25
2024-04-25 11:00:00,"324,8964538574219","512,099976",2,4,2024-04-25
2024-04-25 12:00:00,"312,49456787109375","495,25",2,4,2024-04-25
2024-04-25 13:00:00,"359,9320983886719","516,950012",2,4,2024-04-25
2024-04-25 14:00:00,"412,5349426269531","542,97998",2,4,2024-04-25
2024-04-25 15:00:00,"554,5068359375","595,700012",2,4,2024-04-25
2024-04-25 16:00:00,"649,2598266601562","709,72998",2,4,2024-04-25
2024-04-25 17:00:00,"765,9465942382812","1052,170044",2,4,2024-04-25
2024-04-25 18:00:00,"761,2111206054688","1135,699951",2,4,2024-04-25
2024-04-25 19:00:00,"672,8135986328125","847,98999",2,4,2024-04-25
2024-04-25 20:00:00,"599,9227294921875","681,23999",2,4,2024-04-25
2024-04-25 21:00:00,"541,7678833007812","594,659973",2,4,2024-04-25
2024-04-25 22:00:00,"501,637939453125","595,719971",2,4,2024-04-25
2024-04-25 23:00:00,"440,08258056640625","551,929993",2,4,2024-04-25
2024-04-26 00:00:00,"401,3614807128906","553,429993",2,4,2024-04-26
2024-04-26 01:00:00,"388,59942626953125","552,460022",2,4,2024-04-26
2024-04-26 02:00:00,"380,6141052246094","575,049988",2,4,2024-04-26
2024-04-26 03:00:00,"410,33306884765625","618,909973",2,4,2024-04-26
2024-04-26 04:00:00,"483,2550964355469","697,380005",2,4,2024-04-26
2024-04-26 05:00:00,"546,5599975585938","776,140015",2,4,2024-04-26
2024-04-26 06:00:00,"563,4268798828125","716,469971",2,4,2024-04-26
2024-04-26 07:00:00,"518,0768432617188","604,73999",2,4,2024-04-26
2024-04-26 08:00:00,"398,432373046875","580,349976",2,4,2024-04-26
2024-04-26 09:00:00,"251,57801818847656","544,099976",2,4,2024-04-26
2024-04-26 10:00:00,"143,90635681152344","524,710022",2,4,2024-04-26
2024-04-26 11:00:00,"80,22052764892578","512,700012",2,4,2024-04-26
2024-04-26 12:00:00,"88,45734405517578","487,570007",2,4,2024-04-26
2024-04-26 13:00:00,"134,2235107421875","521,5",2,4,2024-04-26
2024-04-26 14:00:00,"161,85752868652344","534,780029",2,4,2024-04-26
2024-04-26 15:00:00,"390,5135498046875","600,119995",2,4,2024-04-26
2024-04-26 16:00:00,"547,0570678710938","700,210022",2,4,2024-04-26
2024-04-26 17:00:00,"623,0209350585938","959,25",2,4,2024-04-26
2024-04-26 18:00:00,"615,8721923828125","1018,539978",2,4,2024-04-26
2024-04-26 19:00:00,"540,53955078125","820,440002",2,4,2024-04-26
2024-04-26 20:00:00,"498,4354248046875","691,47998",2,4,2024-04-26
2024-04-26 21:00:00,"438,2125244140625","658,289978",2,4,2024-04-26
2024-04-26 22:00:00,"384,8368835449219","673,330017",2,4,2024-04-26
2024-04-26 23:00:00,"355,9627380371094","662,960022",2,4,2024-04-26
2024-04-27 00:00:00,"325,348388671875","645,72998",2,4,2024-04-27
2024-04-27 01:00:00,"315,228515625","663,929993",2,4,2024-04-27
2024-04-27 02:00:00,"322,29547119140625","653,940002",2,4,2024-04-27
2024-04-27 03:00:00,"339,3878173828125","625,52002",2,4,2024-04-27
2024-04-27 04:00:00,"382,287841796875","641,929993",2,4,2024-04-27
2024-04-27 05:00:00,"377,92413330078125","589,429993",2,4,2024-04-27
2024-04-27 06:00:00,"366,6851501464844","511,950012",2,4,2024-04-27
2024-04-27 07:00:00,"292,9924011230469","440,51001",2,4,2024-04-27
2024-04-27 08:00:00,"226,48487854003906","284,950012",2,4,2024-04-27
2024-04-27 09:00:00,"172,63046264648438","194,559998",2,4,2024-04-27
2024-04-27 10:00:00,"103,55015563964844","294,640015",2,4,2024-04-27
2024-04-27 11:00:00,"7,591156959533691","308,809998",2,4,2024-04-27
2024-04-27 12:00:00,"-48,022525787353516","182,710007",2,4,2024-04-27
2024-04-27 13:00:00,"-35,04478454589844","75,019997",2,4,2024-04-27
2024-04-27 14:00:00,"86,06379699707031","156,080002",2,4,2024-04-27
2024-04-27 15:00:00,"286,1825256347656","463,700012",2,4,2024-04-27
2024-04-27 16:00:00,"480,50128173828125","642,679993",2,4,2024-04-27
2024-04-27 17:00:00,"581,9686279296875","894,140015",2,4,2024-04-27
2024-04-27 18:00:00,"553,9845581054688","837,23999",2,4,2024-04-27
2024-04-27 19:00:00,"421,971435546875","633,880005",2,4,2024-04-27
2024-04-27 20:00:00,"374,55780029296875","566,01001",2,4,2024-04-27
2024-04-27 21:00:00,"281,61004638671875","486,440002",2,4,2024-04-27
2024-04-27 22:00:00,"216,1498565673828","420,570007",2,4,2024-04-27
2024-04-27 23:00:00,"178,14791870117188","344,119995",2,4,2024-04-27
2024-04-28 00:00:00,"168,10227966308594","295,350006",2,4,2024-04-28
2024-04-28 01:00:00,"176,91404724121094","235,309998",2,4,2024-04-28
2024-04-28 02:00:00,"165,6400604248047","205,850006",2,4,2024-04-28
2024-04-28 03:00:00,"189,75099182128906","194,289993",2,4,2024-04-28
2024-04-28 04:00:00,"205,34864807128906","74,209999",2,4,2024-04-28
2024-04-28 05:00:00,"214,84910583496094","1,86",2,4,2024-04-28
2024-04-28 06:00:00,"186,61642456054688","1,94",2,4,2024-04-28
2024-04-28 07:00:00,"104,216552734375","1,64",2,4,2024-04-28
2024-04-28 08:00:00,"66,659423828125","0,0",2,4,2024-04-28
2024-04-28 09:00:00,"17,954198837280273","-7,16",2,4,2024-04-28
2024-04-28 10:00:00,"-29,202945709228516","-18,049999",2,4,2024-04-28
2024-04-28 11:00:00,"-137,4824981689453","-18,65",2,4,2024-04-28
2024-04-28 12:00:00,"-297,5516357421875","-18,790001",2,4,2024-04-28
2024-04-28 13:00:00,"-110,4786148071289","-15,66",2,4,2024-04-28
2024-04-28 14:00:00,"-71,27241516113281","-15,51",2,4,2024-04-28
2024-04-28 15:00:00,"43,08650207519531","-0,15",2,4,2024-04-28
2024-04-28 16:00:00,"426,3401184082031","189,289993",2,4,2024-04-28
2024-04-28 17:00:00,"605,3859252929688","517,299988",2,4,2024-04-28
2024-04-28 18:00:00,"654,6250610351562","577,640015",2,4,2024-04-28
2024-04-28 19:00:00,"624,8114624023438","583,159973",2,4,2024-04-28
2024-04-28 20:00:00,"528,6507568359375","468,079987",2,4,2024-04-28
2024-04-28 21:00:00,"491,0559387207031","417,890015",2,4,2024-04-28
2024-04-28 22:00:00,"456,2743835449219","306,529999",2,4,2024-04-28
2024-04-28 23:00:00,"447,1112976074219","370,75",2,4,2024-04-28
2024-07-01 00:00:00,"554,3313598632812","583,150024",3,1,2024-07-01
2024-07-01 01:00:00,"535,0202026367188","581,809998",3,1,2024-07-01
2024-07-01 02:00:00,"531,8265991210938","564,059998",3,1,2024-07-01
2024-07-01 03:00:00,"577,2620239257812","602,76001",3,1,2024-07-01
2024-07-01 04:00:00,"799,3768310546875","907,349976",3,1,2024-07-01
2024-07-01 05:00:00,"983,4371948242188","1018,109985",3,1,2024-07-01
2024-07-01 06:00:00,"868,9586181640625","963,590027",3,1,2024-07-01
2024-07-01 07:00:00,"679,7077026367188","841,27002",3,1,2024-07-01
2024-07-01 08:00:00,"524,237548828125","750,289978",3,1,2024-07-01
2024-07-01 09:00:00,"241,33790588378906","642,070007",3,1,2024-07-01
2024-07-01 10:00:00,"420,2370300292969","493,200012",3,1,2024-07-01
2024-07-01 11:00:00,"181,54306030273438","318,609985",3,1,2024-07-01
2024-07-01 12:00:00,"486,9637451171875","258,5",3,1,2024-07-01
2024-07-01 13:00:00,"424,99407958984375","242,759995",3,1,2024-07-01
2024-07-01 14:00:00,"454,806884765625","231,649994",3,1,2024-07-01
2024-07-01 15:00:00,"562,8341674804688","410,200012",3,1,2024-07-01
2024-07-01 16:00:00,"745,9555053710938","538,77002",3,1,2024-07-01
2024-07-01 17:00:00,"981,2215576171875","733,72998",3,1,2024-07-01
2024-07-01 18:00:00,"1304,344970703125","791,080017",3,1,2024-07-01
2024-07-01 19:00:00,"1244,423095703125","939,719971",3,1,2024-07-01
2024-07-01 20:00:00,"953,4341430664062","782,580017",3,1,2024-07-01
2024-07-01 21:00:00,"723,7802734375","653,700012",3,1,2024-07-01
2024-07-01 22:00:00,"612,7593383789062","593,919983",3,1,2024-07-01
2024-07-01 23:00:00,"556,9495849609375","462,350006",3,1,2024-07-01
2024-07-02 00:00:00,"547,0733032226562","375,829987",3,1,2024-07-02
2024-07-02 01:00:00,"537,114013671875","402,829987",3,1,2024-07-02
2024-07-02 02:00:00,"551,1270751953125","343,98999",3,1,2024-07-02
2024-07-02 03:00:00,"572,12451171875","379,040009",3,1,2024-07-02
2024-07-02 04:00:00,"789,8131103515625","518,070007",3,1,2024-07-02
2024-07-02 05:00:00,"874,399169921875","496,140015",3,1,2024-07-02
2024-07-02 06:00:00,"784,611572265625","611,299988",3,1,2024-07-02
2024-07-02 07:00:00,"577,260498046875","498,970001",3,1,2024-07-02
2024-07-02 08:00:00,"421,3207092285156","293,119995",3,1,2024-07-02
2024-07-02 09:00:00,"281,0119323730469","265,369995",3,1,2024-07-02
2024-07-02 10:00:00,"334,2610168457031","263,51001",3,1,2024-07-02
2024-07-02 11:00:00,"219,34454345703125","257,98999",3,1,2024-07-02
2024-07-02 12:00:00,"207,30270385742188","252,990005",3,1,2024-07-02
2024-07-02 13:00:00,"402,3211975097656","243,070007",3,1,2024-07-02
2024-07-02 14:00:00,"347,51031494140625","249,410004",3,1,2024-07-02
2024-07-02 15:00:00,"502,9572448730469","262,170013",3,1,2024-07-02
2024-07-02 16:00:00,"688,1690673828125","261,720001",3,1,2024-07-02
2024-07-02 17:00:00,"862,2363891601562","267,160004",3,1,2024-07-02
2024-07-02 18:00:00,"985,3138427734375","311,98999",3,1,2024-07-02
2024-07-02 19:00:00,"947,882080078125","436,920013",3,1,2024-07-02
2024-07-02 20:00:00,"789,760986328125","345,779999",3,1,2024-07-02
2024-07-02 21:00:00,"673,7257080078125","301,100006",3,1,2024-07-02
2024-07-02 22:00:00,"798,9676513671875","277,459991",3,1,2024-07-02
2024-07-02 23:00:00,"801,69921875","268,809998",3,1,2024-07-02
2024-07-03 00:00:00,"836,991943359375","267,23999",3,1,2024-07-03
2024-07-03 01:00:00,"1014,9228515625","270,380005",3,1,2024-07-03
2024-07-03 02:00:00,"1122,5135498046875","288,649994",3,1,2024-07-03
2024-07-03 03:00:00,"2011,6727294921875","439,309998",3,1,2024-07-03
2024-07-03 04:00:00,"4191,99755859375","647,929993",3,1,2024-07-03
2024-07-03 05:00:00,"3140,6123046875","729,599976",3,1,2024-07-03
2024-07-03 06:00:00,"1397,5609130859375","771,669983",3,1,2024-07-03
2024-07-03 07:00:00,"744,575439453125","416,709991",3,1,2024-07-03
2024-07-03 08:00:00,"501,9949645996094","323,029999",3,1,2024-07-03
2024-07-03 09:00:00,"349,47113037109375","298,119995",3,1,2024-07-03
2024-07-03 10:00:00,"230,5366973876953","291,859985",3,1,2024-07-03
2024-07-03 11:00:00,"215,03370666503906","296,179993",3,1,2024-07-03
2024-07-03 12:00:00,"291,7421875","306,100006",3,1,2024-07-03
2024-07-03 13:00:00,"305,572265625","317,220001",3,1,2024-07-03
2024-07-03 14:00:00,"396,593017578125","376,660004",3,1,2024-07-03
2024-07-03 15:00:00,"536,86376953125","590,5",3,1,2024-07-03
2024-07-03 16:00:00,"974,3436889648438","697,830017",3,1,2024-07-03
2024-07-03 17:00:00,"2437,697265625","831,27002",3,1,2024-07-03
2024-07-03 18:00:00,"4849,42578125","1149,969971",3,1,2024-07-03
2024-07-03 19:00:00,"3723,5458984375","784,130005",3,1,2024-07-03
2024-07-03 20:00:00,"1660,0069580078125","655,23999",3,1,2024-07-03
2024-07-03 21:00:00,"1465,5657958984375","513,900024",3,1,2024-07-03
2024-07-03 22:00:00,"806,2401123046875","436,329987",3,1,2024-07-03
2024-07-03 23:00:00,"644,8687744140625","228,75",3,1,2024-07-03
2024-07-04 00:00:00,"591,7717895507812","154,240005",3,1,2024-07-04
2024-07-04 01:00:00,"565,6270751953125","130,149994",3,1,2024-07-04
2024-07-04 02:00:00,"519,9849243164062","70,779999",3,1,2024-07-04
2024-07-04 03:00:00,"582,875244140625","74,730003",3,1,2024-07-04
2024-07-04 04:00:00,"810,7889404296875","197,429993",3,1,2024-07-04
2024-07-04 05:00:00,"860,008056640625","223,759995",3,1,2024-07-04
2024-07-04 06:00:00,"787,33154296875","235,910004",3,1,2024-07-04
2024-07-04 07:00:00,"611,086669921875","168,940002",3,1,2024-07-04
2024-07-04 08:00:00,"473,6805114746094","14,17",3,1,2024-07-04
2024-07-04 09:00:00,"372,90179443359375","0,0",3,1,2024-07-04
2024-07-04 10:00:00,"309,6746826171875","-0,3",3,1,2024-07-04
2024-07-04 11:00:00,"272,57305908203125","-37,52",3,1,2024-07-04
2024-07-04 12:00:00,"334,6416015625","-142,380005",3,1,2024-07-04
2024-07-04 13:00:00,"373,7012939453125","-100,470001",3,1,2024-07-04
2024-07-04 14:00:00,"498,39007568359375","-39,599998",3,1,2024-07-04
2024-07-04 15:00:00,"578,599365234375","-0,22",3,1,2024-07-04
2024-07-04 16:00:00,"692,9368896484375","50,490002",3,1,2024-07-04
2024-07-04 17:00:00,"909,8367919921875","216,300003",3,1,2024-07-04
2024-07-04 18:00:00,"1408,4383544921875","336,160004",3,1,2024-07-04
2024-07-04 19:00:00,"1214,8309326171875","289,320007",3,1,2024-07-04
2024-07-04 20:00:00,"915,8255615234375","288,5",3,1,2024-07-04
2024-07-04 21:00:00,"653,3711547851562","284,170013",3,1,2024-07-04
2024-07-04 22:00:00,"552,83984375","51,610001",3,1,2024-07-04
2024-07-04 23:00:00,"512,2429809570312","36,02",3,1,2024-07-04
2024-07-05 00:00:00,"475,9853210449219","29,83",3,1,2024-07-05
2024-07-05 01:00:00,"438,6807556152344","19,91",3,1,2024-07-05
2024-07-05 02:00:00,"442,7508239746094","21,780001",3,1,2024-07-05
2024-07-05 03:00:00,"476,7054138183594","42,66",3,1,2024-07-05
2024-07-05 04:00:00,"546,9692993164062","149,100006",3,1,2024-07-05
2024-07-05 05:00:00,"639,4487915039062","216,970001",3,1,2024-07-05
2024-07-05 06:00:00,"645,586669921875","234,720001",3,1,2024-07-05
2024-07-05 07:00:00,"586,723388671875","138,429993",3,1,2024-07-05
2024-07-05 08:00:00,"455,6625671386719","22,0",3,1,2024-07-05
2024-07-05 09:00:00,"362,98828125","3,06",3,1,2024-07-05
2024-07-05 10:00:00,"280,89154052734375","-0,3",3,1,2024-07-05
2024-07-05 11:00:00,"331,34722900390625","-4,1",3,1,2024-07-05
2024-07-05 12:00:00,"261,3381652832031","-5,74",3,1,2024-07-05
2024-07-05 13:00:00,"364,75872802734375","-0,22",3,1,2024-07-05
2024-07-05 14:00:00,"327,7501525878906","14,4",3,1,2024-07-05
2024-07-05 15:00:00,"495,4675598144531","125,379997",3,1,2024-07-05
2024-07-05 16:00:00,"700,2583618164062","186,839996",3,1,2024-07-05
2024-07-05 17:00:00,"764,9242553710938","273,730011",3,1,2024-07-05
2024-07-05 18:00:00,"789,9881591796875","282,01001",3,1,2024-07-05
2024-07-05 19:00:00,"771,3896484375","447,959991",3,1,2024-07-05
2024-07-05 20:00:00,"718,6082763671875","618,02002",3,1,2024-07-05
2024-07-05 21:00:00,"582,8876953125","633,609985",3,1,2024-07-05
2024-07-05 22:00:00,"514,123046875","637,890015",3,1,2024-07-05
2024-07-05 23:00:00,"458,2313537597656","492,73999",3,1,2024-07-05
2024-07-06 00:00:00,"455,88055419921875","473,799988",3,1,2024-07-06
2024-07-06 01:00:00,"435,9095764160156","346,540009",3,1,2024-07-06
2024-07-06 02:00:00,"415,0726013183594","288,070007",3,1,2024-07-06
2024-07-06 03:00:00,"383,86724853515625","117,029999",3,1,2024-07-06
2024-07-06 04:00:00,"375,0027770996094","42,740002",3,1,2024-07-06
2024-07-06 05:00:00,"341,7712097167969","40,049999",3,1,2024-07-06
2024-07-06 06:00:00,"296,0373840332031","25,360001",3,1,2024-07-06
2024-07-06 07:00:00,"155,2053985595703","2,39",3,1,2024-07-06
2024-07-06 08:00:00,"265,5409240722656","-0,3",3,1,2024-07-06
2024-07-06 09:00:00,"194,16317749023438","-0,15",3,1,2024-07-06
2024-07-06 10:00:00,"93,80066680908203","-0,22",3,1,2024-07-06
2024-07-06 11:00:00,"119,09893798828125","-0,9",3,1,2024-07-06
2024-07-06 12:00:00,"151,7967529296875","-16,26",3,1,2024-07-06
2024-07-06 13:00:00,"85,68588256835938","-20,209999",3,1,2024-07-06
2024-07-06 14:00:00,"381,57208251953125","-4,48",3,1,2024-07-06
2024-07-06 15:00:00,"263,46356201171875","-0,45",3,1,2024-07-06
2024-07-06 16:00:00,"556,90673828125","14,02",3,1,2024-07-06
2024-07-06 17:00:00,"656,4306030273438","1,64",3,1,2024-07-06
2024-07-06 18:00:00,"840,205322265625","49,900002",3,1,2024-07-06
2024-07-06 19:00:00,"816,010986328125","70,110001",3,1,2024-07-06
2024-07-06 20:00:00,"761,6400146484375","134,259995",3,1,2024-07-06
2024-07-06 21:00:00,"630,6099853515625","104,580002",3,1,2024-07-06
2024-07-06 22:00:00,"520,0383911132812","-0,22",3,1,2024-07-06
2024-07-06 23:00:00,"491,6681823730469","-0,75",3,1,2024-07-06
2024-07-07 00:00:00,"384,3909606933594","-5,97",3,1,2024-07-07
2024-07-07 01:00:00,"361,0572814941406","-3,58",3,1,2024-07-07
2024-07-07 02:00:00,"349,6405334472656","-0,45",3,1,2024-07-07
2024-07-07 03:00:00,"350,3958435058594","-0,07",3,1,2024-07-07
2024-07-07 04:00:00,"338,4489440917969","-0,07",3,1,2024-07-07
2024-07-07 05:00:00,"242,51846313476562","-0,07",3,1,2024-07-07
2024-07-07 06:00:00,"273,1733093261719","-4,47",3,1,2024-07-07
2024-07-07 07:00:00,"225,45703125","-48,400002",3,1,2024-07-07
2024-07-07 08:00:00,"79,08472442626953","-74,43",3,1,2024-07-07
2024-07-07 09:00:00,"105,16015625","-89,800003",3,1,2024-07-07
2024-07-07 10:00:00,"75,01981353759766","-100,610001",3,1,2024-07-07
2024-07-07 11:00:00,"90,5234375","-112,019997",3,1,2024-07-07
2024-07-07 12:00:00,"102,08927917480469","-156,470001",3,1,2024-07-07
2024-07-07 13:00:00,"132,0974884033203","-90,989998",3,1,2024-07-07
2024-07-07 14:00:00,"363,87481689453125","-45,939999",3,1,2024-07-07
2024-07-07 15:00:00,"204,58717346191406","-0,6",3,1,2024-07-07
2024-07-07 16:00:00,"584,9440307617188","477,23999",3,1,2024-07-07
2024-07-07 17:00:00,"727,9501342773438","673,23999",3,1,2024-07-07
2024-07-07 18:00:00,"841,5661010742188","890,48999",3,1,2024-07-07
2024-07-07 19:00:00,"864,07861328125","947,549988",3,1,2024-07-07
2024-07-07 20:00:00,"816,9169311523438","859,169983",3,1,2024-07-07
2024-07-07 21:00:00,"731,6702880859375","724,400024",3,1,2024-07-07
2024-07-07 22:00:00,"679,7008666992188","608,72998",3,1,2024-07-07
2024-07-07 23:00:00,"610,5191040039062","571,659973",3,1,2024-07-07
2024-07-08 00:00:00,"558,1223754882812","552,48999",3,2,2024-07-08
2024-07-08 01:00:00,"574,7525024414062","579,640015",3,2,2024-07-08
2024-07-08 02:00:00,"588,684814453125","568,900024",3,2,2024-07-08
2024-07-08 03:00:00,"638,5967407226562","592,469971",3,2,2024-07-08
2024-07-08 04:00:00,"925,0175170898438","820,390015",3,2,2024-07-08
2024-07-08 05:00:00,"1063,3199462890625","924,580017",3,2,2024-07-08
2024-07-08 06:00:00,"972,7469482421875","750,580017",3,2,2024-07-08
2024-07-08 07:00:00,"741,8963012695312","578,820007",3,2,2024-07-08
2024-07-08 08:00:00,"449,262451171875","402,209991",3,2,2024-07-08
2024-07-08 09:00:00,"303,7484436035156","286,609985",3,2,2024-07-08
2024-07-08 10:00:00,"191,8583221435547","237,089996",3,2,2024-07-08
2024-07-08 11:00:00,"357,21148681640625","219,639999",3,2,2024-07-08
2024-07-08 12:00:00,"136,85455322265625","220,460007",3,2,2024-07-08
2024-07-08 13:00:00,"477,0322570800781","274,079987",3,2,2024-07-08
2024-07-08 14:00:00,"459,1427307128906","477,320007",3,2,2024-07-08
2024-07-08 15:00:00,"591,7550659179688","598,140015",3,2,2024-07-08
2024-07-08 16:00:00,"716,7827758789062","765,419983",3,2,2024-07-08
2024-07-08 17:00:00,"1029,680908203125","1006,840027",3,2,2024-07-08
2024-07-08 18:00:00,"1459,05029296875","1857,140015",3,2,2024-07-08
2024-07-08 19:00:00,"1337,8536376953125","1295,390015",3,2,2024-07-08
2024-07-08 20:00:00,"1028,30029296875","847,609985",3,2,2024-07-08
2024-07-08 21:00:00,"755,410400390625","686,289978",3,2,2024-07-08
2024-07-08 22:00:00,"700,8782958984375","787,049988",3,2,2024-07-08
2024-07-08 23:00:00,"631,3058471679688","715,73999",3,2,2024-07-08
2024-07-09 00:00:00,"611,565673828125","694,26001",3,2,2024-07-09
2024-07-09 01:00:00,"612,91796875","679,789978",3,2,2024-07-09
2024-07-09 02:00:00,"613,1021118164062","653,840027",3,2,2024-07-09
2024-07-09 03:00:00,"635,6439819335938","722,22998",3,2,2024-07-09
2024-07-09 04:00:00,"747,9600219726562","830,76001",3,2,2024-07-09
2024-07-09 05:00:00,"879,021484375","773,919983",3,2,2024-07-09
2024-07-09 06:00:00,"783,6907348632812","701,119995",3,2,2024-07-09
2024-07-09 07:00:00,"620,4175415039062","501,679993",3,2,2024-07-09
2024-07-09 08:00:00,"506,39605712890625","347,799988",3,2,2024-07-09
2024-07-09 09:00:00,"349,8709716796875","251,440002",3,2,2024-07-09
2024-07-09 10:00:00,"314,01971435546875","163,720001",3,2,2024-07-09
2024-07-09 11:00:00,"137,96234130859375","119,190002",3,2,2024-07-09
2024-07-09 12:00:00,"391,6413879394531","32,369999",3,2,2024-07-09
2024-07-09 13:00:00,"221,851318359375","82,639999",3,2,2024-07-09
2024-07-09 14:00:00,"518,2529907226562","400,76001",3,2,2024-07-09
2024-07-09 15:00:00,"583,4229736328125","609,309998",3,2,2024-07-09
2024-07-09 16:00:00,"734,3594360351562","740,429993",3,2,2024-07-09
2024-07-09 17:00:00,"919,3052368164062","822,47998",3,2,2024-07-09
2024-07-09 18:00:00,"1015,8843383789062","841,349976",3,2,2024-07-09
2024-07-09 19:00:00,"922,4661254882812","748,26001",3,2,2024-07-09
2024-07-09 20:00:00,"822,121826171875","338,779999",3,2,2024-07-09
2024-07-09 21:00:00,"648,0436401367188","301,779999",3,2,2024-07-09
2024-07-09 22:00:00,"860,0050048828125","243,110001",3,2,2024-07-09
2024-07-09 23:00:00,"831,8170166015625","246,089996",3,2,2024-07-09
2024-07-10 00:00:00,"829,9312744140625","224,009995",3,2,2024-07-10
2024-07-10 01:00:00,"984,5712280273438","214,320007",3,2,2024-07-10
2024-07-10 02:00:00,"1169,7659912109375","223,789993",3,2,2024-07-10
2024-07-10 03:00:00,"2410,2763671875","243,779999",3,2,2024-07-10
2024-07-10 04:00:00,"4719,5361328125","300,700012",3,2,2024-07-10
2024-07-10 05:00:00,"3548,488037109375","325,089996",3,2,2024-07-10
2024-07-10 06:00:00,"1451,9794921875","622,809998",3,2,2024-07-10
2024-07-10 07:00:00,"758,3768920898438","586,109985",3,2,2024-07-10
2024-07-10 08:00:00,"525,2945556640625","484,880005",3,2,2024-07-10
2024-07-10 09:00:00,"380,1471252441406","416,029999",3,2,2024-07-10
2024-07-10 10:00:00,"303,7218322753906","351,570007",3,2,2024-07-10
2024-07-10 11:00:00,"102,76766204833984","304,059998",3,2,2024-07-10
2024-07-10 12:00:00,"565,5711669921875","392,149994",3,2,2024-07-10
2024-07-10 13:00:00,"346,4308776855469","394,690002",3,2,2024-07-10
2024-07-10 14:00:00,"341,0151672363281","441,089996",3,2,2024-07-10
2024-07-10 15:00:00,"498,86834716796875","597,820007",3,2,2024-07-10
2024-07-10 16:00:00,"970,4506225585938","595,059998",3,2,2024-07-10
2024-07-10 17:00:00,"2418,93896484375","743,880005",3,2,2024-07-10
2024-07-10 18:00:00,"4908,70849609375","872,780029",3,2,2024-07-10
2024-07-10 19:00:00,"3641,419677734375","1122,75",3,2,2024-07-10
2024-07-10 20:00:00,"1588,04443359375","850,179993",3,2,2024-07-10
2024-07-10 21:00:00,"1444,481689453125","693,150024",3,2,2024-07-10
2024-07-10 22:00:00,"754,4288330078125","716,380005",3,2,2024-07-10
2024-07-10 23:00:00,"566,8609008789062","596,48999",3,2,2024-07-10
2024-07-11 00:00:00,"419,83251953125","574,919983",3,2,2024-07-11
2024-07-11 01:00:00,"382,4429931640625","593,869995",3,2,2024-07-11
2024-07-11 02:00:00,"371,9942321777344","599,169983",3,2,2024-07-11
2024-07-11 03:00:00,"363,87677001953125","611,630005",3,2,2024-07-11
2024-07-11 04:00:00,"582,7101440429688","801,72998",3,2,2024-07-11
2024-07-11 05:00:00,"590,5087280273438","895,289978",3,2,2024-07-11
2024-07-11 06:00:00,"585,1737060546875","794,789978",3,2,2024-07-11
2024-07-11 07:00:00,"461,5262145996094","664,830017",3,2,2024-07-11
2024-07-11 08:00:00,"308,5323486328125","602,01001",3,2,2024-07-11
2024-07-11 09:00:00,"204,1298065185547","496,880005",3,2,2024-07-11
2024-07-11 10:00:00,"347,4748840332031","428,540009",3,2,2024-07-11
2024-07-11 11:00:00,"130,9626007080078","355,880005",3,2,2024-07-11
2024-07-11 12:00:00,"528,5145874023438","331,850006",3,2,2024-07-11
2024-07-11 13:00:00,"185,61561584472656","373,779999",3,2,2024-07-11
2024-07-11 14:00:00,"510,1465759277344","454,959991",3,2,2024-07-11
2024-07-11 15:00:00,"473,89788818359375","611,109985",3,2,2024-07-11
2024-07-11 16:00:00,"567,5387573242188","683,25",3,2,2024-07-11
2024-07-11 17:00:00,"749,263916015625","872,909973",3,2,2024-07-11
2024-07-11 18:00:00,"1185,380126953125","1375,23999",3,2,2024-07-11
2024-07-11 19:00:00,"873,914306640625","1244,0",3,2,2024-07-11
2024-07-11 20:00:00,"767,6143798828125","907,150024",3,2,2024-07-11
2024-07-11 21:00:00,"630,1597290039062","732,049988",3,2,2024-07-11
2024-07-11 22:00:00,"577,7421875","764,130005",3,2,2024-07-11
2024-07-11 23:00:00,"504,96343994140625","651,400024",3,2,2024-07-11
2024-07-12 00:00:00,"443,81024169921875","609,619995",3,2,2024-07-12
2024-07-12 01:00:00,"408,39715576171875","596,710022",3,2,2024-07-12
2024-07-12 02:00:00,"392,6496887207031","570,0",3,2,2024-07-12
2024-07-12 03:00:00,"392,94158935546875","592,159973",3,2,2024-07-12
2024-07-12 04:00:00,"499,5102844238281","805,309998",3,2,2024-07-12
2024-07-12 05:00:00,"589,2061157226562","820,080017",3,2,2024-07-12
2024-07-12 06:00:00,"568,5811767578125","817,690002",3,2,2024-07-12
2024-07-12 07:00:00,"414,965087890625","763,97998",3,2,2024-07-12
2024-07-12 08:00:00,"307,2081604003906","715,26001",3,2,2024-07-12
2024-07-12 09:00:00,"188,9965057373047","670,200012",3,2,2024-07-12
2024-07-12 10:00:00,"411,68096923828125","621,099976",3,2,2024-07-12
2024-07-12 11:00:00,"173,22593688964844","586,409973",3,2,2024-07-12
2024-07-12 12:00:00,"386,10400390625","582,22998",3,2,2024-07-12
2024-07-12 13:00:00,"186,7128448486328","583,349976",3,2,2024-07-12
2024-07-12 14:00:00,"506,8384704589844","624,159973",3,2,2024-07-12
2024-07-12 15:00:00,"408,7110290527344","589,400024",3,2,2024-07-12
2024-07-12 16:00:00,"525,4320068359375","671,840027",3,2,2024-07-12
2024-07-12 17:00:00,"640,3911743164062","720,849976",3,2,2024-07-12
2024-07-12 18:00:00,"808,9950561523438","683,400024",3,2,2024-07-12
2024-07-12 19:00:00,"849,3963012695312","705,859985",3,2,2024-07-12
2024-07-12 20:00:00,"791,845703125","639,090027",3,2,2024-07-12
2024-07-12 21:00:00,"670,574462890625","522,330017",3,2,2024-07-12
2024-07-12 22:00:00,"608,3525390625","251,740005",3,2,2024-07-12
2024-07-12 23:00:00,"551,73876953125","242,940002",3,2,2024-07-12
2024-07-13 00:00:00,"513,392578125","259,869995",3,2,2024-07-13
2024-07-13 01:00:00,"449,6308898925781","247,710007",3,2,2024-07-13
2024-07-13 02:00:00,"438,8284606933594","243,610001",3,2,2024-07-13
2024-07-13 03:00:00,"378,1183776855469","231,149994",3,2,2024-07-13
2024-07-13 04:00:00,"412,20709228515625","227,860001",3,2,2024-07-13
2024-07-13 05:00:00,"378,1197204589844","207,570007",3,2,2024-07-13
2024-07-13 06:00:00,"337,5543212890625","198,470001",3,2,2024-07-13
2024-07-13 07:00:00,"193,52099609375","156,460007",3,2,2024-07-13
2024-07-13 08:00:00,"294,0860595703125","38,5",3,2,2024-07-13
2024-07-13 09:00:00,"111,90103912353516","0,3",3,2,2024-07-13
2024-07-13 10:00:00,"363,49462890625","-0,07",3,2,2024-07-13
2024-07-13 11:00:00,"64,0679931640625","-6,49",3,2,2024-07-13
2024-07-13 12:00:00,"330,0617980957031","-6,04",3,2,2024-07-13
2024-07-13 13:00:00,"85,60104370117188","-0,45",3,2,2024-07-13
2024-07-13 14:00:00,"429,56072998046875","10,52",3,2,2024-07-13
2024-07-13 15:00:00,"293,51739501953125","-0,07",3,2,2024-07-13
2024-07-13 16:00:00,"463,6905822753906","214,660004",3,2,2024-07-13
2024-07-13 17:00:00,"577,421630859375","375,519989",3,2,2024-07-13
2024-07-13 18:00:00,"651,9000244140625","562,950012",3,2,2024-07-13
2024-07-13 19:00:00,"635,6487426757812","568,98999",3,2,2024-07-13
2024-07-13 20:00:00,"557,9672241210938","588,23999",3,2,2024-07-13
2024-07-13 21:00:00,"510,76568603515625","470,049988",3,2,2024-07-13
2024-07-13 22:00:00,"388,9693298339844","663,700012",3,2,2024-07-13
2024-07-13 23:00:00,"326,892333984375","471,48999",3,2,2024-07-13
2024-07-14 00:00:00,"296,0433654785156","413,73999",3,2,2024-07-14
2024-07-14 01:00:00,"287,0107421875","330,540009",3,2,2024-07-14
2024-07-14 02:00:00,"410,581787109375","283,01001",3,2,2024-07-14
2024-07-14 03:00:00,"302,9489440917969","274,660004",3,2,2024-07-14
2024-07-14 04:00:00,"277,7883605957031","238,470001",3,2,2024-07-14
2024-07-14 05:00:00,"334,98907470703125","106,550003",3,2,2024-07-14
2024-07-14 06:00:00,"123,89104461669922","2,16",3,2,2024-07-14
2024-07-14 07:00:00,"361,1427917480469","-17,09",3,2,2024-07-14
2024-07-14 08:00:00,"-71,06454467773438","-22,530001",3,2,2024-07-14
2024-07-14 09:00:00,"66,53712463378906","-25,370001",3,2,2024-07-14
2024-07-14 10:00:00,"206,9088592529297","-31,49",3,2,2024-07-14
2024-07-14 11:00:00,"91,95768737792969","-38,5",3,2,2024-07-14
2024-07-14 12:00:00,"227,1307373046875","-47,830002",3,2,2024-07-14
2024-07-14 13:00:00,"102,46635437011719","-39,990002",3,2,2024-07-14
2024-07-14 14:00:00,"407,4000244140625","-75,809998",3,2,2024-07-14
2024-07-14 15:00:00,"248,76451110839844","-0,37",3,2,2024-07-14
2024-07-14 16:00:00,"621,8455810546875","347,26001",3,2,2024-07-14
2024-07-14 17:00:00,"670,1629638671875","654,820007",3,2,2024-07-14
2024-07-14 18:00:00,"829,5889892578125","841,650024",3,2,2024-07-14
2024-07-14 19:00:00,"860,9113159179688","806,059998",3,2,2024-07-14
2024-07-14 20:00:00,"785,0781860351562","789,719971",3,2,2024-07-14
2024-07-14 21:00:00,"679,4393920898438","649,590027",3,2,2024-07-14
2024-07-14 22:00:00,"631,1822509765625","592,070007",3,2,2024-07-14
2024-07-14 23:00:00,"571,6589965820312","494,25",3,2,2024-07-14
2024-07-15 00:00:00,"503,5975646972656","434,029999",3,3,2024-07-15
2024-07-15 01:00:00,"482,4379577636719","361,059998",3,3,2024-07-15
2024-07-15 02:00:00,"474,5682678222656","388,73999",3,3,2024-07-15
2024-07-15 03:00:00,"498,881103515625","482,160004",3,3,2024-07-15
2024-07-15 04:00:00,"718,4287719726562","482,609985",3,3,2024-07-15
2024-07-15 05:00:00,"845,6070556640625","482,380005",3,3,2024-07-15
2024-07-15 06:00:00,"804,5474853515625","482,079987",3,3,2024-07-15
2024-07-15 07:00:00,"638,0882568359375","299,200012",3,3,2024-07-15
2024-07-15 08:00:00,"384,6852111816406","265,029999",3,3,2024-07-15
2024-07-15 09:00:00,"247,20895385742188","84,239998",3,3,2024-07-15
2024-07-15 10:00:00,"255,8816680908203","0,52",3,3,2024-07-15
2024-07-15 11:00:00,"291,5815734863281","-0,07",3,3,2024-07-15
2024-07-15 12:00:00,"161,60304260253906","-0,52",3,3,2024-07-15
2024-07-15 13:00:00,"472,8905029296875","26,41",3,3,2024-07-15
2024-07-15 14:00:00,"435,7679748535156","330,470001",3,3,2024-07-15
2024-07-15 15:00:00,"533,4412841796875","611,840027",3,3,2024-07-15
2024-07-15 16:00:00,"633,1973266601562","853,219971",3,3,2024-07-15
2024-07-15 17:00:00,"858,216796875","1389,619995",3,3,2024-07-15
2024-07-15 18:00:00,"1343,22412109375","1598,540039",3,3,2024-07-15
2024-07-15 19:00:00,"1159,782470703125","1050,27002",3,3,2024-07-15
2024-07-15 20:00:00,"874,8020629882812","690,030029",3,3,2024-07-15
2024-07-15 21:00:00,"703,3399658203125","597,659973",3,3,2024-07-15
2024-07-15 22:00:00,"675,7267456054688","571,47998",3,3,2024-07-15
2024-07-15 23:00:00,"618,112060546875","475,829987",3,3,2024-07-15
2024-07-16 00:00:00,"606,13134765625","391,660004",3,3,2024-07-16
2024-07-16 01:00:00,"575,4300537109375","274,73999",3,3,2024-07-16
2024-07-16 02:00:00,"571,7948608398438","284,730011",3,3,2024-07-16
2024-07-16 03:00:00,"579,10986328125","375,470001",3,3,2024-07-16
2024-07-16 04:00:00,"689,4785766601562","531,859985",3,3,2024-07-16
2024-07-16 05:00:00,"716,5135498046875","593,049988",3,3,2024-07-16
2024-07-16 06:00:00,"713,907470703125","568,349976",3,3,2024-07-16
2024-07-16 07:00:00,"580,4486694335938","468,359985",3,3,2024-07-16
2024-07-16 08:00:00,"401,7029724121094","160,350006",3,3,2024-07-16
2024-07-16 09:00:00,"311,380859375","10,67",3,3,2024-07-16
2024-07-16 10:00:00,"240,7238311767578","15,15",3,3,2024-07-16
2024-07-16 11:00:00,"294,7306213378906","98,489998",3,3,2024-07-16
2024-07-16 12:00:00,"65,5579833984375","30,290001",3,3,2024-07-16
2024-07-16 13:00:00,"578,961669921875","10,97",3,3,2024-07-16
2024-07-16 14:00:00,"410,6830749511719","-0,07",3,3,2024-07-16
2024-07-16 15:00:00,"523,140625","165,050003",3,3,2024-07-16
2024-07-16 16:00:00,"644,5969848632812","470,230011",3,3,2024-07-16
2024-07-16 17:00:00,"862,458740234375","611,780029",3,3,2024-07-16
2024-07-16 18:00:00,"985,5125122070312","907,330017",3,3,2024-07-16
2024-07-16 19:00:00,"858,1610107421875","852,710022",3,3,2024-07-16
2024-07-16 20:00:00,"740,6820678710938","789,51001",3,3,2024-07-16
2024-07-16 21:00:00,"630,42578125","629,090027",3,3,2024-07-16
2024-07-16 22:00:00,"765,7053833007812","652,109985",3,3,2024-07-16
2024-07-16 23:00:00,"745,9274291992188","544,52002",3,3,2024-07-16
2024-07-17 00:00:00,"779,4634399414062","543,330017",3,3,2024-07-17
2024-07-17 01:00:00,"1016,6564331054688","526,23999",3,3,2024-07-17
2024-07-17 02:00:00,"1188,222412109375","530,119995",3,3,2024-07-17
2024-07-17 03:00:00,"2283,545654296875","577,799988",3,3,2024-07-17
2024-07-17 04:00:00,"4731,96142578125","671,880005",3,3,2024-07-17
2024-07-17 05:00:00,"3307,9169921875","744,330017",3,3,2024-07-17
2024-07-17 06:00:00,"1548,8575439453125","788,650024",3,3,2024-07-17
2024-07-17 07:00:00,"731,0825805664062","575,559998",3,3,2024-07-17
2024-07-17 08:00:00,"508,35791015625","434,170013",3,3,2024-07-17
2024-07-17 09:00:00,"261,6396179199219","311,51001",3,3,2024-07-17
2024-07-17 10:00:00,"232,65594482421875","243,160004",3,3,2024-07-17
2024-07-17 11:00:00,"359,2811279296875","163,029999",3,3,2024-07-17
2024-07-17 12:00:00,"290,4584655761719","80,580002",3,3,2024-07-17
2024-07-17 13:00:00,"365,4644775390625","100,5",3,3,2024-07-17
2024-07-17 14:00:00,"398,27764892578125","290,089996",3,3,2024-07-17
2024-07-17 15:00:00,"505,52581787109375","460,209991",3,3,2024-07-17
2024-07-17 16:00:00,"926,5944213867188","618,76001",3,3,2024-07-17
2024-07-17 17:00:00,"2006,944091796875","797,530029",3,3,2024-07-17
2024-07-17 18:00:00,"4264,85888671875","984,280029",3,3,2024-07-17
2024-07-17 19:00:00,"3134,533203125","1044,790039",3,3,2024-07-17
2024-07-17 20:00:00,"1433,7911376953125","857,369995",3,3,2024-07-17
2024-07-17 21:00:00,"1254,6112060546875","687,700012",3,3,2024-07-17
2024-07-17 22:00:00,"698,1202392578125","506,570007",3,3,2024-07-17
2024-07-17 23:00:00,"477,2737121582031","544,679993",3,3,2024-07-17
2024-07-18 00:00:00,"377,09075927734375","493,589996",3,3,2024-07-18
2024-07-18 01:00:00,"344,5732727050781","491,200012",3,3,2024-07-18
2024-07-18 02:00:00,"335,8943176269531","466,880005",3,3,2024-07-18
2024-07-18 03:00:00,"406,9612121582031","298,369995",3,3,2024-07-18
2024-07-18 04:00:00,"583,538818359375","650,309998",3,3,2024-07-18
2024-07-18 05:00:00,"614,8985595703125","704,909973",3,3,2024-07-18
2024-07-18 06:00:00,"564,6792602539062","506,269989",3,3,2024-07-18
2024-07-18 07:00:00,"432,8730163574219","351,339996",3,3,2024-07-18
2024-07-18 08:00:00,"326,9623107910156","270,779999",3,3,2024-07-18
2024-07-18 09:00:00,"269,4908447265625","253,470001",3,3,2024-07-18
2024-07-18 10:00:00,"326,5406494140625","253,25",3,3,2024-07-18
2024-07-18 11:00:00,"245,9475555419922","252,800003",3,3,2024-07-18
2024-07-18 12:00:00,"148,51455688476562","254,360001",3,3,2024-07-18
2024-07-18 13:00:00,"274,2547302246094","260,929993",3,3,2024-07-18
2024-07-18 14:00:00,"367,4584655761719","197,080002",3,3,2024-07-18
2024-07-18 15:00:00,"385,4685974121094","637,630005",3,3,2024-07-18
2024-07-18 16:00:00,"421,1553039550781","686,26001",3,3,2024-07-18
2024-07-18 17:00:00,"662,8596801757812","952,26001",3,3,2024-07-18
2024-07-18 18:00:00,"867,2403564453125","1382,819946",3,3,2024-07-18
2024-07-18 19:00:00,"867,6436767578125","1318,290039",3,3,2024-07-18
2024-07-18 20:00:00,"753,1508178710938","891,690002",3,3,2024-07-18
2024-07-18 21:00:00,"643,5287475585938","760,26001",3,3,2024-07-18
2024-07-18 22:00:00,"527,9574584960938","672,26001",3,3,2024-07-18
2024-07-18 23:00:00,"466,6311950683594","600,200012",3,3,2024-07-18
2024-07-19 00:00:00,"414,3381652832031","596,169983",3,3,2024-07-19
2024-07-19 01:00:00,"386,6776123046875","583,47998",3,3,2024-07-19
2024-07-19 02:00:00,"357,3196105957031","606,390015",3,3,2024-07-19
2024-07-19 03:00:00,"381,6873474121094","667,039978",3,3,2024-07-19
2024-07-19 04:00:00,"490,0368347167969","827,289978",3,3,2024-07-19
2024-07-19 05:00:00,"537,7195434570312","810,72998",3,3,2024-07-19
2024-07-19 06:00:00,"494,5123291015625","734,109985",3,3,2024-07-19
2024-07-19 07:00:00,"390,71124267578125","607,51001",3,3,2024-07-19
2024-07-19 08:00:00,"289,97503662109375","522,22998",3,3,2024-07-19
2024-07-19 09:00:00,"151,54754638671875","438,299988",3,3,2024-07-19
2024-07-19 10:00:00,"406,5071105957031","330,799988",3,3,2024-07-19
2024-07-19 11:00:00,"115,30313110351562","272,309998",3,3,2024-07-19
2024-07-19 12:00:00,"319,2016296386719","270,070007",3,3,2024-07-19
2024-07-19 13:00:00,"136,75277709960938","317,369995",3,3,2024-07-19
2024-07-19 14:00:00,"492,09088134765625","475,899994",3,3,2024-07-19
2024-07-19 15:00:00,"285,45001220703125","576,98999",3,3,2024-07-19
2024-07-19 16:00:00,"507,8213806152344","683,460022",3,3,2024-07-19
2024-07-19 17:00:00,"597,6491088867188","888,099976",3,3,2024-07-19
2024-07-19 18:00:00,"741,878173828125","1358,410034",3,3,2024-07-19
2024-07-19 19:00:00,"780,22900390625","895,26001",3,3,2024-07-19
2024-07-19 20:00:00,"749,3453369140625","797,22998",3,3,2024-07-19
2024-07-19 21:00:00,"669,9342651367188","683,01001",3,3,2024-07-19
2024-07-19 22:00:00,"604,091552734375","706,789978",3,3,2024-07-19
2024-07-19 23:00:00,"547,8668823242188","667,099976",3,3,2024-07-19
2024-07-20 00:00:00,"519,3966674804688","658,440002",3,3,2024-07-20
2024-07-20 01:00:00,"466,1553649902344","670,599976",3,3,2024-07-20
2024-07-20 02:00:00,"399,32904052734375","703,130005",3,3,2024-07-20
2024-07-20 03:00:00,"353,653564453125","699,849976",3,3,2024-07-20
2024-07-20 04:00:00,"321,28704833984375","665,159973",3,3,2024-07-20
2024-07-20 05:00:00,"279,5298767089844","641,580017",3,3,2024-07-20
2024-07-20 06:00:00,"335,1722106933594","508,850006",3,3,2024-07-20
2024-07-20 07:00:00,"117,59317016601562","371,559998",3,3,2024-07-20
2024-07-20 08:00:00,"348,40557861328125","38,419998",3,3,2024-07-20
2024-07-20 09:00:00,"-6,482334613800049","0,0",3,3,2024-07-20
2024-07-20 10:00:00,"172,71279907226562","-1,57",3,3,2024-07-20
2024-07-20 11:00:00,"88,22258758544922","0,15",3,3,2024-07-20
2024-07-20 12:00:00,"165,74160766601562","-1,87",3,3,2024-07-20
2024-07-20 13:00:00,"278,337890625","-20,219999",3,3,2024-07-20
2024-07-20 14:00:00,"193,6707763671875","18,059999",3,3,2024-07-20
2024-07-20 15:00:00,"444,96990966796875","390,140015",3,3,2024-07-20
2024-07-20 16:00:00,"407,2770690917969","634,190002",3,3,2024-07-20
2024-07-20 17:00:00,"424,09356689453125","817,440002",3,3,2024-07-20
2024-07-20 18:00:00,"531,7576293945312","1005,380005",3,3,2024-07-20
2024-07-20 19:00:00,"488,4562072753906","811,840027",3,3,2024-07-20
2024-07-20 20:00:00,"443,09930419921875","627,47998",3,3,2024-07-20
2024-07-20 21:00:00,"357,747802734375","555,929993",3,3,2024-07-20
2024-07-20 22:00:00,"335,30096435546875","474,790009",3,3,2024-07-20
2024-07-20 23:00:00,"290,4993896484375","420,089996",3,3,2024-07-20
2024-07-21 00:00:00,"265,75830078125","411,880005",3,3,2024-07-21
2024-07-21 01:00:00,"367,23382568359375","450,540009",3,3,2024-07-21
2024-07-21 02:00:00,"246,8903350830078","496,570007",3,3,2024-07-21
2024-07-21 03:00:00,"327,5218505859375","561,419983",3,3,2024-07-21
2024-07-21 04:00:00,"224,47084045410156","480,529999",3,3,2024-07-21
2024-07-21 05:00:00,"237,3461456298828","421,809998",3,3,2024-07-21
2024-07-21 06:00:00,"206,87490844726562","363,230011",3,3,2024-07-21
2024-07-21 07:00:00,"218,1960906982422","78,870003",3,3,2024-07-21
2024-07-21 08:00:00,"200,508056640625","0,52",3,3,2024-07-21
2024-07-21 09:00:00,"42,43385314941406","0,22",3,3,2024-07-21
2024-07-21 10:00:00,"162,12094116210938","0,15",3,3,2024-07-21
2024-07-21 11:00:00,"108,48249053955078","-0,45",3,3,2024-07-21
2024-07-21 12:00:00,"188,326416015625","-1,34",3,3,2024-07-21
2024-07-21 13:00:00,"94,25750732421875","0,3",3,3,2024-07-21
2024-07-21 14:00:00,"235,8074188232422","0,82",3,3,2024-07-21
2024-07-21 15:00:00,"339,34368896484375","446,279999",3,3,2024-07-21
2024-07-21 16:00:00,"421,37640380859375","600,289978",3,3,2024-07-21
2024-07-21 17:00:00,"573,0568237304688","807,880005",3,3,2024-07-21
2024-07-21 18:00:00,"734,4884643554688","841,150024",3,3,2024-07-21
2024-07-21 19:00:00,"749,24267578125","919,950012",3,3,2024-07-21
2024-07-21 20:00:00,"733,0084838867188","814,590027",3,3,2024-07-21
2024-07-21 21:00:00,"645,6399536132812","672,73999",3,3,2024-07-21
2024-07-21 22:00:00,"603,705810546875","901,669983",3,3,2024-07-21
2024-07-21 23:00:00,"528,5447387695312","721,02002",3,3,2024-07-21
2024-07-22 00:00:00,"540,5826416015625","648,27002",3,4,2024-07-22
2024-07-22 01:00:00,"515,3046264648438","648,640015",3,4,2024-07-22
2024-07-22 02:00:00,"489,3727111816406","610,659973",3,4,2024-07-22
2024-07-22 03:00:00,"520,764404296875","591,859985",3,4,2024-07-22
2024-07-22 04:00:00,"648,4744873046875","811,159973",3,4,2024-07-22
2024-07-22 05:00:00,"781,5596313476562","896,070007",3,4,2024-07-22
2024-07-22 06:00:00,"758,0368041992188","852,719971",3,4,2024-07-22
2024-07-22 07:00:00,"616,4931030273438","703,929993",3,4,2024-07-22
2024-07-22 08:00:00,"469,6883544921875","473,290009",3,4,2024-07-22
2024-07-22 09:00:00,"379,1661071777344","291,600006",3,4,2024-07-22
2024-07-22 10:00:00,"317,09490966796875","191,089996",3,4,2024-07-22
2024-07-22 11:00:00,"331,93267822265625","174,300003",3,4,2024-07-22
2024-07-22 12:00:00,"288,3426208496094","144,830002",3,4,2024-07-22
2024-07-22 13:00:00,"486,9089050292969","152,070007",3,4,2024-07-22
2024-07-22 14:00:00,"494,6248474121094","170,279999",3,4,2024-07-22
2024-07-22 15:00:00,"506,04241943359375","463,820007",3,4,2024-07-22
2024-07-22 16:00:00,"616,9165649414062","603,719971",3,4,2024-07-22
2024-07-22 17:00:00,"905,4635620117188","739,0",3,4,2024-07-22
2024-07-22 18:00:00,"1381,811279296875","1043,660034",3,4,2024-07-22
2024-07-22 19:00:00,"1160,9185791015625","1046,569946",3,4,2024-07-22
2024-07-22 20:00:00,"867,311279296875","828,539978",3,4,2024-07-22
2024-07-22 21:00:00,"685,780517578125","712,73999",3,4,2024-07-22
2024-07-22 22:00:00,"632,9507446289062","618,22998",3,4,2024-07-22
2024-07-22 23:00:00,"593,4700317382812","559,349976",3,4,2024-07-22
2024-07-23 00:00:00,"544,880859375","547,630005",3,4,2024-07-23
2024-07-23 01:00:00,"518,26904296875","508,380005",3,4,2024-07-23
2024-07-23 02:00:00,"482,4798583984375","526,52002",3,4,2024-07-23
2024-07-23 03:00:00,"504,0694274902344","549,799988",3,4,2024-07-23
2024-07-23 04:00:00,"618,56787109375","745,450012",3,4,2024-07-23
2024-07-23 05:00:00,"687,7109375","865,590027",3,4,2024-07-23
2024-07-23 06:00:00,"654,5573120117188","824,179993",3,4,2024-07-23
2024-07-23 07:00:00,"542,2617797851562","651,359985",3,4,2024-07-23
2024-07-23 08:00:00,"368,19097900390625","513,909973",3,4,2024-07-23
2024-07-23 09:00:00,"254,00665283203125","457,940002",3,4,2024-07-23
2024-07-23 10:00:00,"408,301025390625","324,0",3,4,2024-07-23
2024-07-23 11:00:00,"221,27366638183594","285,720001",3,4,2024-07-23
2024-07-23 12:00:00,"383,98907470703125","268,709991",3,4,2024-07-23
2024-07-23 13:00:00,"241,76869201660156","313,100006",3,4,2024-07-23
2024-07-23 14:00:00,"482,46087646484375","483,980011",3,4,2024-07-23
2024-07-23 15:00:00,"396,3432922363281","593,450012",3,4,2024-07-23
2024-07-23 16:00:00,"594,3305053710938","596,359985",3,4,2024-07-23
2024-07-23 17:00:00,"745,2788696289062","716,570007",3,4,2024-07-23
2024-07-23 18:00:00,"939,6484375","872,530029",3,4,2024-07-23
2024-07-23 19:00:00,"864,114501953125","761,200012",3,4,2024-07-23
2024-07-23 20:00:00,"758,3502197265625","740,450012",3,4,2024-07-23
2024-07-23 21:00:00,"632,9639282226562","683,369995",3,4,2024-07-23
2024-07-23 22:00:00,"526,7088012695312","623,359985",3,4,2024-07-23
2024-07-23 23:00:00,"440,79510498046875","584,419983",3,4,2024-07-23
2024-07-24 00:00:00,"392,32879638671875","541,369995",3,4,2024-07-24
2024-07-24 01:00:00,"376,8607177734375","549,130005",3,4,2024-07-24
2024-07-24 02:00:00,"369,699951171875","423,630005",3,4,2024-07-24
2024-07-24 03:00:00,"417,8542785644531","299,179993",3,4,2024-07-24
2024-07-24 04:00:00,"519,9263916015625","323,429993",3,4,2024-07-24
2024-07-24 05:00:00,"615,3521118164062","336,190002",3,4,2024-07-24
2024-07-24 06:00:00,"674,5523681640625","429,079987",3,4,2024-07-24
2024-07-24 07:00:00,"546,4720458984375","270,23999",3,4,2024-07-24
2024-07-24 08:00:00,"527,6634521484375","186,520004",3,4,2024-07-24
2024-07-24 09:00:00,"403,8963623046875","158,100006",3,4,2024-07-24
2024-07-24 10:00:00,"372,0139465332031","11,79",3,4,2024-07-24
2024-07-24 11:00:00,"383,8873596191406","-1,12",3,4,2024-07-24
2024-07-24 12:00:00,"380,8314208984375","-15,37",3,4,2024-07-24
2024-07-24 13:00:00,"413,80328369140625","-14,62",3,4,2024-07-24
2024-07-24 14:00:00,"480,56451416015625","16,49",3,4,2024-07-24
2024-07-24 15:00:00,"479,4609680175781","292,98999",3,4,2024-07-24
2024-07-24 16:00:00,"604,9812622070312","387,149994",3,4,2024-07-24
2024-07-24 17:00:00,"739,9691162109375","668,5",3,4,2024-07-24
2024-07-24 18:00:00,"1143,5943603515625","809,659973",3,4,2024-07-24
2024-07-24 19:00:00,"1072,487060546875","881,210022",3,4,2024-07-24
2024-07-24 20:00:00,"863,0711059570312","813,320007",3,4,2024-07-24
2024-07-24 21:00:00,"677,31787109375","631,570007",3,4,2024-07-24
2024-07-24 22:00:00,"604,216064453125","624,570007",3,4,2024-07-24
2024-07-24 23:00:00,"474,1671447753906","578,299988",3,4,2024-07-24
2024-07-25 00:00:00,"413,1325988769531","567,859985",3,4,2024-07-25
2024-07-25 01:00:00,"385,67205810546875","596,359985",3,4,2024-07-25
2024-07-25 02:00:00,"365,0481872558594","570,090027",3,4,2024-07-25
2024-07-25 03:00:00,"385,39288330078125","690,460022",3,4,2024-07-25
2024-07-25 04:00:00,"469,1282653808594","792,159973",3,4,2024-07-25
2024-07-25 05:00:00,"528,87939453125","813,580017",3,4,2024-07-25
2024-07-25 06:00:00,"529,335205078125","678,890015",3,4,2024-07-25
2024-07-25 07:00:00,"410,481201171875","537,109985",3,4,2024-07-25
2024-07-25 08:00:00,"350,04345703125","411,0",3,4,2024-07-25
2024-07-25 09:00:00,"268,6483154296875","275,720001",3,4,2024-07-25
2024-07-25 10:00:00,"439,3434143066406","181,399994",3,4,2024-07-25
2024-07-25 11:00:00,"217,00660705566406","129,539993",3,4,2024-07-25
2024-07-25 12:00:00,"297,0638122558594","99,019997",3,4,2024-07-25
2024-07-25 13:00:00,"260,7008361816406","195,5",3,4,2024-07-25
2024-07-25 14:00:00,"486,7446594238281","401,450012",3,4,2024-07-25
2024-07-25 15:00:00,"427,9361267089844","596,960022",3,4,2024-07-25
2024-07-25 16:00:00,"450,781005859375","723,809998",3,4,2024-07-25
2024-07-25 17:00:00,"650,9494018554688","894,690002",3,4,2024-07-25
2024-07-25 18:00:00,"977,421630859375","1106,609985",3,4,2024-07-25
2024-07-25 19:00:00,"1042,4122314453125","969,830017",3,4,2024-07-25
2024-07-25 20:00:00,"869,1473999023438","746,200012",3,4,2024-07-25
2024-07-25 21:00:00,"682,4549560546875","633,890015",3,4,2024-07-25
2024-07-25 22:00:00,"568,9567260742188","604,460022",3,4,2024-07-25
2024-07-25 23:00:00,"404,5063781738281","548,48999",3,4,2024-07-25
2024-07-26 00:00:00,"370,9390563964844","559,76001",3,4,2024-07-26
2024-07-26 01:00:00,"355,77325439453125","576,849976",3,4,2024-07-26
2024-07-26 02:00:00,"347,25323486328125","573,859985",3,4,2024-07-26
2024-07-26 03:00:00,"371,3348083496094","596,919983",3,4,2024-07-26
2024-07-26 04:00:00,"419,6359558105469","608,109985",3,4,2024-07-26
2024-07-26 05:00:00,"474,5519714355469","795,940002",3,4,2024-07-26
2024-07-26 06:00:00,"493,54290771484375","776,840027",3,4,2024-07-26
2024-07-26 07:00:00,"449,6163330078125","722,590027",3,4,2024-07-26
2024-07-26 08:00:00,"419,243896484375","675,570007",3,4,2024-07-26
2024-07-26 09:00:00,"366,96600341796875","607,070007",3,4,2024-07-26
2024-07-26 10:00:00,"319,1151428222656","522,369995",3,4,2024-07-26
2024-07-26 11:00:00,"298,878173828125","471,029999",3,4,2024-07-26
2024-07-26 12:00:00,"291,7680358886719","449,160004",3,4,2024-07-26
2024-07-26 13:00:00,"325,0862121582031","508,48999",3,4,2024-07-26
2024-07-26 14:00:00,"349,0618896484375","543,559998",3,4,2024-07-26
2024-07-26 15:00:00,"398,396728515625","660,580017",3,4,2024-07-26
2024-07-26 16:00:00,"532,8576049804688","704,01001",3,4,2024-07-26
2024-07-26 17:00:00,"699,0134887695312","804,380005",3,4,2024-07-26
2024-07-26 18:00:00,"976,4609375","1068,98999",3,4,2024-07-26
2024-07-26 19:00:00,"883,544677734375","1037,280029",3,4,2024-07-26
2024-07-26 20:00:00,"735,998046875","793,929993",3,4,2024-07-26
2024-07-26 21:00:00,"633,5154418945312","730,650024",3,4,2024-07-26
2024-07-26 22:00:00,"573,8356323242188","775,22998",3,4,2024-07-26
2024-07-26 23:00:00,"530,656005859375","768,890015",3,4,2024-07-26
2024-07-27 00:00:00,"445,2494201660156","723,070007",3,4,2024-07-27
2024-07-27 01:00:00,"419,4197692871094","710,080017",3,4,2024-07-27
2024-07-27 02:00:00,"360,3890380859375","690,01001",3,4,2024-07-27
2024-07-27 03:00:00,"298,81317138671875","673,070007",3,4,2024-07-27
2024-07-27 04:00:00,"277,896728515625","649,929993",3,4,2024-07-27
2024-07-27 05:00:00,"435,53521728515625","615,01001",3,4,2024-07-27
2024-07-27 06:00:00,"281,8990478515625","632,02002",3,4,2024-07-27
2024-07-27 07:00:00,"286,9731140136719","505,0",3,4,2024-07-27
2024-07-27 08:00:00,"284,4696350097656","453,589996",3,4,2024-07-27
2024-07-27 09:00:00,"264,5291442871094","297,76001",3,4,2024-07-27
2024-07-27 10:00:00,"236,7570037841797","208,960007",3,4,2024-07-27
2024-07-27 11:00:00,"258,20458984375","132,839996",3,4,2024-07-27
2024-07-27 12:00:00,"240,6474609375","133,729996",3,4,2024-07-27
2024-07-27 13:00:00,"257,721435546875","261,350006",3,4,2024-07-27
2024-07-27 14:00:00,"305,80889892578125","505,380005",3,4,2024-07-27
2024-07-27 15:00:00,"73,50957489013672","649,710022",3,4,2024-07-27
2024-07-27 16:00:00,"714,969970703125","783,369995",3,4,2024-07-27
2024-07-27 17:00:00,"516,2868041992188","863,140015",3,4,2024-07-27
2024-07-27 18:00:00,"580,6971435546875","908,669983",3,4,2024-07-27
2024-07-27 19:00:00,"520,2151489257812","909,109985",3,4,2024-07-27
2024-07-27 20:00:00,"406,74798583984375","806,719971",3,4,2024-07-27
2024-07-27 21:00:00,"335,9990234375","730,900024",3,4,2024-07-27
2024-07-27 22:00:00,"338,2792663574219","820,820007",3,4,2024-07-27
2024-07-27 23:00:00,"291,9405517578125","709,780029",3,4,2024-07-27
2024-07-28 00:00:00,"248,21189880371094","658,280029",3,4,2024-07-28
2024-07-28 01:00:00,"398,8074645996094","608,429993",3,4,2024-07-28
2024-07-28 02:00:00,"249,3845977783203","586,119995",3,4,2024-07-28
2024-07-28 03:00:00,"412,5490417480469","591,48999",3,4,2024-07-28
2024-07-28 04:00:00,"277,18450927734375","563,659973",3,4,2024-07-28
2024-07-28 05:00:00,"305,8231506347656","541,869995",3,4,2024-07-28
2024-07-28 06:00:00,"194,60324096679688","190,220001",3,4,2024-07-28
2024-07-28 07:00:00,"406,5399169921875","36,720001",3,4,2024-07-28
2024-07-28 08:00:00,"257,25836181640625","0,0",3,4,2024-07-28
2024-07-28 09:00:00,"229,8606414794922","-18,129999",3,4,2024-07-28
2024-07-28 10:00:00,"243,6939697265625","-112,239998",3,4,2024-07-28
2024-07-28 11:00:00,"284,91522216796875","-222,389999",3,4,2024-07-28
2024-07-28 12:00:00,"224,38180541992188","-363,359985",3,4,2024-07-28
2024-07-28 13:00:00,"242,1474609375","-250,220001",3,4,2024-07-28
2024-07-28 14:00:00,"362,8178405761719","-99,099998",3,4,2024-07-28
2024-07-28 15:00:00,"225,9507293701172","-14,85",3,4,2024-07-28
2024-07-28 16:00:00,"683,3956298828125","181,570007",3,4,2024-07-28
2024-07-28 17:00:00,"726,455810546875","443,209991",3,4,2024-07-28
2024-07-28 18:00:00,"901,9259643554688","588,580017",3,4,2024-07-28
2024-07-28 19:00:00,"875,0056762695312","579,630005",3,4,2024-07-28
2024-07-28 20:00:00,"766,1904296875","589,400024",3,4,2024-07-28
2024-07-28 21:00:00,"644,5491943359375","566,200012",3,4,2024-07-28
2024-07-28 22:00:00,"605,14794921875","513,659973",3,4,2024-07-28
2024-07-28 23:00:00,"535,1795654296875","508,959991",3,4,2024-07-28
2024-09-30 00:00:00,"271,6111755371094","62,630001",4,1,2024-09-30
2024-09-30 01:00:00,"333,7918701171875","41,23",4,1,2024-09-30
2024-09-30 02:00:00,"400,3692626953125","41,830002",4,1,2024-09-30
2024-09-30 03:00:00,"424,4934387207031","126,599998",4,1,2024-09-30
2024-09-30 04:00:00,"537,1731567382812","314,869995",4,1,2024-09-30
2024-09-30 05:00:00,"739,81640625","597,22998",4,1,2024-09-30
2024-09-30 06:00:00,"828,3963623046875","597,22998",4,1,2024-09-30
2024-09-30 07:00:00,"744,7612915039062","447,359985",4,1,2024-09-30
2024-09-30 08:00:00,"606,326904296875","272,73999",4,1,2024-09-30
2024-09-30 09:00:00,"515,153076171875","155,910004",4,1,2024-09-30
2024-09-30 10:00:00,"455,1035461425781","69,190002",4,1,2024-09-30
2024-09-30 11:00:00,"445,2008056640625","15,36",4,1,2024-09-30
2024-09-30 12:00:00,"402,84002685546875","56,889999",4,1,2024-09-30
2024-09-30 13:00:00,"391,5769348144531","163,740005",4,1,2024-09-30
2024-09-30 14:00:00,"391,6726989746094","180,360001",4,1,2024-09-30
2024-09-30 15:00:00,"480,7596435546875","243,960007",4,1,2024-09-30
2024-09-30 16:00:00,"681,47607421875","268,339996",4,1,2024-09-30
2024-09-30 17:00:00,"723,6921997070312","273,119995",4,1,2024-09-30
2024-09-30 18:00:00,"661,5443725585938","270,660004",4,1,2024-09-30
2024-09-30 19:00:00,"568,6239624023438","163,509995",4,1,2024-09-30
2024-09-30 20:00:00,"476,9296875","149,199997",4,1,2024-09-30
2024-09-30 21:00:00,"343,779541015625","73,370003",4,1,2024-09-30
2024-09-30 22:00:00,"273,0237731933594","23,93",4,1,2024-09-30
2024-09-30 23:00:00,"215,2855987548828","0,52",4,1,2024-09-30
2024-10-01 00:00:00,"214,008544921875","0,37",4,1,2024-10-01
2024-10-01 01:00:00,"214,57073974609375","0,15",4,1,2024-10-01
2024-10-01 02:00:00,"209,01425170898438","0,67",4,1,2024-10-01
2024-10-01 03:00:00,"206,2723846435547","50,700001",4,1,2024-10-01
2024-10-01 04:00:00,"251,11624145507812","249,619995",4,1,2024-10-01
2024-10-01 05:00:00,"391,8576965332031","293,910004",4,1,2024-10-01
2024-10-01 06:00:00,"497,36468505859375","308,079987",4,1,2024-10-01
2024-10-01 07:00:00,"493,4222106933594","309,5",4,1,2024-10-01
2024-10-01 08:00:00,"394,6488037109375","288,170013",4,1,2024-10-01
2024-10-01 09:00:00,"248,36282348632812","260,880005",4,1,2024-10-01
2024-10-01 10:00:00,"166,61146545410156","260,660004",4,1,2024-10-01
2024-10-01 11:00:00,"116,53050231933594","260,880005",4,1,2024-10-01
2024-10-01 12:00:00,"115,01209259033203","260,660004",4,1,2024-10-01
2024-10-01 13:00:00,"146,859375","296,079987",4,1,2024-10-01
2024-10-01 14:00:00,"217,1800994873047","324,779999",4,1,2024-10-01
2024-10-01 15:00:00,"321,7197265625","393,0",4,1,2024-10-01
2024-10-01 16:00:00,"453,0318908691406","405,600006",4,1,2024-10-01
2024-10-01 17:00:00,"531,0481567382812","421,410004",4,1,2024-10-01
2024-10-01 18:00:00,"521,1648559570312","366,829987",4,1,2024-10-01
2024-10-01 19:00:00,"413,790283203125","345,429993",4,1,2024-10-01
2024-10-01 20:00:00,"380,0011901855469","321,649994",4,1,2024-10-01
2024-10-01 21:00:00,"307,4647521972656","309,940002",4,1,2024-10-01
2024-10-01 22:00:00,"257,2370910644531","432,829987",4,1,2024-10-01
2024-10-01 23:00:00,"232,26426696777344","367,350006",4,1,2024-10-01
2024-10-02 00:00:00,"230,94235229492188","373,540009",4,1,2024-10-02
2024-10-02 01:00:00,"232,3980712890625","365,339996",4,1,2024-10-02
2024-10-02 02:00:00,"252,24356079101562","362,730011",4,1,2024-10-02
2024-10-02 03:00:00,"258,4810791015625","363,470001",4,1,2024-10-02
2024-10-02 04:00:00,"305,9520568847656","596,440002",4,1,2024-10-02
2024-10-02 05:00:00,"424,17462158203125","692,869995",4,1,2024-10-02
2024-10-02 06:00:00,"491,1276550292969","913,830017",4,1,2024-10-02
2024-10-02 07:00:00,"461,9123229980469","701,219971",4,1,2024-10-02
2024-10-02 08:00:00,"374,3404235839844","484,880005",4,1,2024-10-02
2024-10-02 09:00:00,"251,58360290527344","394,420013",4,1,2024-10-02
2024-10-02 10:00:00,"152,21011352539062","431,040009",4,1,2024-10-02
2024-10-02 11:00:00,"131,66012573242188","597,109985",4,1,2024-10-02
2024-10-02 12:00:00,"117,7412109375","584,659973",4,1,2024-10-02
2024-10-02 13:00:00,"152,6849822998047","607,26001",4,1,2024-10-02
2024-10-02 14:00:00,"251,77804565429688","607,849976",4,1,2024-10-02
2024-10-02 15:00:00,"427,92291259765625","746,48999",4,1,2024-10-02
2024-10-02 16:00:00,"600,4367065429688","872,590027",4,1,2024-10-02
2024-10-02 17:00:00,"758,7835693359375","969,97998",4,1,2024-10-02
2024-10-02 18:00:00,"762,9718017578125","852,900024",4,1,2024-10-02
2024-10-02 19:00:00,"644,7454833984375","719,940002",4,1,2024-10-02
2024-10-02 20:00:00,"608,3887939453125","695,780029",4,1,2024-10-02
2024-10-02 21:00:00,"541,6227416992188","633,880005",4,1,2024-10-02
2024-10-02 22:00:00,"475,0911560058594","502,230011",4,1,2024-10-02
2024-10-02 23:00:00,"445,3105163574219","491,26001",4,1,2024-10-02
2024-10-03 00:00:00,"438,8623352050781","485,890015",4,1,2024-10-03
2024-10-03 01:00:00,"415,3546447753906","478,730011",4,1,2024-10-03
2024-10-03 02:00:00,"415,7484436035156","477,23999",4,1,2024-10-03
2024-10-03 03:00:00,"438,1452941894531","480,369995",4,1,2024-10-03
2024-10-03 04:00:00,"509,75128173828125","488,059998",4,1,2024-10-03
2024-10-03 05:00:00,"610,5562744140625","547,280029",4,1,2024-10-03
2024-10-03 06:00:00,"656,9601440429688","571,900024",4,1,2024-10-03
2024-10-03 07:00:00,"568,7832641601562","543,780029",4,1,2024-10-03
2024-10-03 08:00:00,"467,06268310546875","516,77002",4,1,2024-10-03
2024-10-03 09:00:00,"367,1414794921875","470,230011",4,1,2024-10-03
2024-10-03 10:00:00,"212,60174560546875","351,25",4,1,2024-10-03
2024-10-03 11:00:00,"199,21682739257812","253,460007",4,1,2024-10-03
2024-10-03 12:00:00,"190,65850830078125","291,950012",4,1,2024-10-03
2024-10-03 13:00:00,"230,2315673828125","383,109985",4,1,2024-10-03
2024-10-03 14:00:00,"335,73382568359375","492,609985",4,1,2024-10-03
2024-10-03 15:00:00,"429,5151062011719","669,090027",4,1,2024-10-03
2024-10-03 16:00:00,"602,241943359375","821,039978",4,1,2024-10-03
2024-10-03 17:00:00,"911,3008422851562","860,200012",4,1,2024-10-03
2024-10-03 18:00:00,"865,2847290039062","807,679993",4,1,2024-10-03
2024-10-03 19:00:00,"591,84033203125","736,669983",4,1,2024-10-03
2024-10-03 20:00:00,"532,5891723632812","678,48999",4,1,2024-10-03
2024-10-03 21:00:00,"457,70703125","607,630005",4,1,2024-10-03
2024-10-03 22:00:00,"385,6992492675781","551,23999",4,1,2024-10-03
2024-10-03 23:00:00,"305,28277587890625","540,950012",4,1,2024-10-03
2024-10-04 00:00:00,"278,38214111328125","537,809998",4,1,2024-10-04
2024-10-04 01:00:00,"251,24652099609375","537,070007",4,1,2024-10-04
2024-10-04 02:00:00,"251,73828125","539,530029",4,1,2024-10-04
2024-10-04 03:00:00,"263,3883361816406","575,109985",4,1,2024-10-04
2024-10-04 04:00:00,"281,38818359375","768,299988",4,1,2024-10-04
2024-10-04 05:00:00,"500,72406005859375","943,890015",4,1,2024-10-04
2024-10-04 06:00:00,"545,1168212890625","1054,890015",4,1,2024-10-04
2024-10-04 07:00:00,"473,7502746582031","867,289978",4,1,2024-10-04
2024-10-04 08:00:00,"339,7037658691406","746,599976",4,1,2024-10-04
2024-10-04 09:00:00,"221,58424377441406","634,039978",4,1,2024-10-04
2024-10-04 10:00:00,"197,93907165527344","559,969971",4,1,2024-10-04
2024-10-04 11:00:00,"169,3251953125","548,179993",4,1,2024-10-04
2024-10-04 12:00:00,"142,90794372558594","565,559998",4,1,2024-10-04
2024-10-04 13:00:00,"176,97840881347656","589,799988",4,1,2024-10-04
2024-10-04 14:00:00,"223,0727996826172","669,840027",4,1,2024-10-04
2024-10-04 15:00:00,"358,15960693359375","798,890015",4,1,2024-10-04
2024-10-04 16:00:00,"492,3686828613281","984,400024",4,1,2024-10-04
2024-10-04 17:00:00,"584,5418090820312","1111,579956",4,1,2024-10-04
2024-10-04 18:00:00,"556,7078247070312","922,710022",4,1,2024-10-04
2024-10-04 19:00:00,"493,39544677734375","745,179993",4,1,2024-10-04
2024-10-04 20:00:00,"397,0145568847656","745,179993",4,1,2024-10-04
2024-10-04 21:00:00,"329,8590393066406","671,330017",4,1,2024-10-04
2024-10-04 22:00:00,"307,8475646972656","694,340027",4,1,2024-10-04
2024-10-04 23:00:00,"248,8572540283203","631,23999",4,1,2024-10-04
2024-10-05 00:00:00,"215,61029052734375","607,080017",4,1,2024-10-05
2024-10-05 01:00:00,"218,06729125976562","563,380005",4,1,2024-10-05
2024-10-05 02:00:00,"226,65603637695312","564,719971",4,1,2024-10-05
2024-10-05 03:00:00,"231,25816345214844","595,299988",4,1,2024-10-05
2024-10-05 04:00:00,"262,44464111328125","642,880005",4,1,2024-10-05
2024-10-05 05:00:00,"295,96002197265625","748,780029",4,1,2024-10-05
2024-10-05 06:00:00,"307,9209289550781","825,0",4,1,2024-10-05
2024-10-05 07:00:00,"263,82928466796875","768,169983",4,1,2024-10-05
2024-10-05 08:00:00,"128,98388671875","614,690002",4,1,2024-10-05
2024-10-05 09:00:00,"45,521018981933594","509,160004",4,1,2024-10-05
2024-10-05 10:00:00,"20,63665199279785","383,640015",4,1,2024-10-05
2024-10-05 11:00:00,"33,62346267700195","289,970001",4,1,2024-10-05
2024-10-05 12:00:00,"33,679447174072266","324,350006",4,1,2024-10-05
2024-10-05 13:00:00,"43,38074493408203","418,839996",4,1,2024-10-05
2024-10-05 14:00:00,"127,80096435546875","544,280029",4,1,2024-10-05
2024-10-05 15:00:00,"350,81414794921875","690,23999",4,1,2024-10-05
2024-10-05 16:00:00,"428,52105712890625","1029,719971",4,1,2024-10-05
2024-10-05 17:00:00,"608,5248413085938","1028,97998",4,1,2024-10-05
2024-10-05 18:00:00,"624,0225219726562","799,719971",4,1,2024-10-05
2024-10-05 19:00:00,"565,0775146484375","705,299988",4,1,2024-10-05
2024-10-05 20:00:00,"527,80810546875","633,710022",4,1,2024-10-05
2024-10-05 21:00:00,"497,6580810546875","499,690002",4,1,2024-10-05
2024-10-05 22:00:00,"467,21234130859375","485,420013",4,1,2024-10-05
2024-10-05 23:00:00,"446,9922180175781","452,100006",4,1,2024-10-05
2024-10-06 00:00:00,"437,7330627441406","440,549988",4,1,2024-10-06
2024-10-06 01:00:00,"415,2180480957031","433,320007",4,1,2024-10-06
2024-10-06 02:00:00,"425,50360107421875","424,369995",4,1,2024-10-06
2024-10-06 03:00:00,"430,341552734375","433,320007",4,1,2024-10-06
2024-10-06 04:00:00,"438,9452819824219","431,829987",4,1,2024-10-06
2024-10-06 05:00:00,"467,1738586425781","524,929993",4,1,2024-10-06
2024-10-06 06:00:00,"492,1220397949219","491,01001",4,1,2024-10-06
2024-10-06 07:00:00,"360,9550476074219","447,700012",4,1,2024-10-06
2024-10-06 08:00:00,"133,3719482421875","262,98999",4,1,2024-10-06
2024-10-06 09:00:00,"35,94532775878906","124,339996",4,1,2024-10-06
2024-10-06 10:00:00,"17,176912307739258","79,690002",4,1,2024-10-06
2024-10-06 11:00:00,"20,348419189453125","41,889999",4,1,2024-10-06
2024-10-06 12:00:00,"33,79486846923828","16,25",4,1,2024-10-06
2024-10-06 13:00:00,"75,0515365600586","13,34",4,1,2024-10-06
2024-10-06 14:00:00,"248,76443481445312","395,820007",4,1,2024-10-06
2024-10-06 15:00:00,"460,00732421875","617,070007",4,1,2024-10-06
2024-10-06 16:00:00,"699,6883544921875","792,390015",4,1,2024-10-06
2024-10-06 17:00:00,"852,5806274414062","724,710022",4,1,2024-10-06
2024-10-06 18:00:00,"787,0715942382812","544,01001",4,1,2024-10-06
2024-10-06 19:00:00,"697,8013916015625","442,559998",4,1,2024-10-06
2024-10-06 20:00:00,"625,7935180664062","437,48999",4,1,2024-10-06
2024-10-06 21:00:00,"521,46337890625","385,459991",4,1,2024-10-06
2024-10-06 22:00:00,"419,4205322265625","257,769989",4,1,2024-10-06
2024-10-06 23:00:00,"347,1767272949219","263,429993",4,1,2024-10-06
2024-10-07 00:00:00,"267,0979919433594","247,850006",4,2,2024-10-07
2024-10-07 01:00:00,"258,85150146484375","224,75",4,2,2024-10-07
2024-10-07 02:00:00,"248,21282958984375","260,529999",4,2,2024-10-07
2024-10-07 03:00:00,"283,3699035644531","291,910004",4,2,2024-10-07
2024-10-07 04:00:00,"428,13006591796875","335,369995",4,2,2024-10-07
2024-10-07 05:00:00,"628,6666259765625","378,299988",4,2,2024-10-07
2024-10-07 06:00:00,"727,3760986328125","414,089996",4,2,2024-10-07
2024-10-07 07:00:00,"663,57470703125","383,75",4,2,2024-10-07
2024-10-07 08:00:00,"548,433349609375","372,420013",4,2,2024-10-07
2024-10-07 09:00:00,"438,2886657714844","356,309998",4,2,2024-10-07
2024-10-07 10:00:00,"368,7955017089844","340,880005",4,2,2024-10-07
2024-10-07 11:00:00,"302,6597900390625","322,019989",4,2,2024-10-07
2024-10-07 12:00:00,"295,194580078125","358,399994",4,2,2024-10-07
2024-10-07 13:00:00,"320,55767822265625","458,070007",4,2,2024-10-07
2024-10-07 14:00:00,"385,7041320800781","661,869995",4,2,2024-10-07
2024-10-07 15:00:00,"596,0839233398438","873,640015",4,2,2024-10-07
2024-10-07 16:00:00,"792,8609008789062","1405,060059",4,2,2024-10-07
2024-10-07 17:00:00,"919,8076782226562","1405,359985",4,2,2024-10-07
2024-10-07 18:00:00,"696,5153198242188","909,27002",4,2,2024-10-07
2024-10-07 19:00:00,"528,7326049804688","744,909973",4,2,2024-10-07
2024-10-07 20:00:00,"428,67864990234375","685,119995",4,2,2024-10-07
2024-10-07 21:00:00,"351,06341552734375","589,780029",4,2,2024-10-07
2024-10-07 22:00:00,"293,55218505859375","539,340027",4,2,2024-10-07
2024-10-07 23:00:00,"284,61370849609375","500,119995",4,2,2024-10-07
2024-10-08 00:00:00,"238,9217529296875","477,149994",4,2,2024-10-08
2024-10-08 01:00:00,"250,9723358154297","444,940002",4,2,2024-10-08
2024-10-08 02:00:00,"253,6782989501953","445,089996",4,2,2024-10-08
2024-10-08 03:00:00,"274,9710998535156","502,799988",4,2,2024-10-08
2024-10-08 04:00:00,"373,75433349609375","641,049988",4,2,2024-10-08
2024-10-08 05:00:00,"584,3448486328125","822,98999",4,2,2024-10-08
2024-10-08 06:00:00,"726,776611328125","792,200012",4,2,2024-10-08
2024-10-08 07:00:00,"709,236328125","633,820007",4,2,2024-10-08
2024-10-08 08:00:00,"580,6468505859375","598,98999",4,2,2024-10-08
2024-10-08 09:00:00,"487,99981689453125","547,469971",4,2,2024-10-08
2024-10-08 10:00:00,"439,7464599609375","495,940002",4,2,2024-10-08
2024-10-08 11:00:00,"368,8292236328125","529,200012",4,2,2024-10-08
2024-10-08 12:00:00,"284,58746337890625","565,140015",4,2,2024-10-08
2024-10-08 13:00:00,"323,2505798339844","578,119995",4,2,2024-10-08
2024-10-08 14:00:00,"452,1968994140625","694,440002",4,2,2024-10-08
2024-10-08 15:00:00,"654,204345703125","850,059998",4,2,2024-10-08
2024-10-08 16:00:00,"755,60205078125","1073,76001",4,2,2024-10-08
2024-10-08 17:00:00,"790,9201049804688","1141,540039",4,2,2024-10-08
2024-10-08 18:00:00,"755,817138671875","853,119995",4,2,2024-10-08
2024-10-08 19:00:00,"561,3152465820312","707,640015",4,2,2024-10-08
2024-10-08 20:00:00,"529,8275756835938","645,75",4,2,2024-10-08
2024-10-08 21:00:00,"477,52740478515625","504,070007",4,2,2024-10-08
2024-10-08 22:00:00,"455,3944396972656","461,859985",4,2,2024-10-08
2024-10-08 23:00:00,"465,9363098144531","447,459991",4,2,2024-10-08
2024-10-09 00:00:00,"453,64056396484375","428,670013",4,2,2024-10-09
2024-10-09 01:00:00,"453,5216064453125","405,100006",4,2,2024-10-09
2024-10-09 02:00:00,"460,2239990234375","427,480011",4,2,2024-10-09
2024-10-09 03:00:00,"469,7221984863281","476,329987",4,2,2024-10-09
2024-10-09 04:00:00,"527,8723754882812","646,590027",4,2,2024-10-09
2024-10-09 05:00:00,"653,621826171875","826,320007",4,2,2024-10-09
2024-10-09 06:00:00,"760,2041015625","827,659973",4,2,2024-10-09
2024-10-09 07:00:00,"700,5897827148438","648,820007",4,2,2024-10-09
2024-10-09 08:00:00,"571,12353515625","537,630005",4,2,2024-10-09
2024-10-09 09:00:00,"413,22845458984375","446,720001",4,2,2024-10-09
2024-10-09 10:00:00,"278,5337829589844","445,970001",4,2,2024-10-09
2024-10-09 11:00:00,"248,85546875","446,350006",4,2,2024-10-09
2024-10-09 12:00:00,"253,43699645996094","504,369995",4,2,2024-10-09
2024-10-09 13:00:00,"320,38330078125","575,51001",4,2,2024-10-09
2024-10-09 14:00:00,"421,7580871582031","708,48999",4,2,2024-10-09
2024-10-09 15:00:00,"615,6177978515625","875,909973",4,2,2024-10-09
2024-10-09 16:00:00,"773,610595703125","913,799988",4,2,2024-10-09
2024-10-09 17:00:00,"849,8938598632812","948,030029",4,2,2024-10-09
2024-10-09 18:00:00,"781,219970703125","828,179993",4,2,2024-10-09
2024-10-09 19:00:00,"613,2156982421875","714,450012",4,2,2024-10-09
2024-10-09 20:00:00,"574,5286865234375","709,22998",4,2,2024-10-09
2024-10-09 21:00:00,"529,803466796875","614,070007",4,2,2024-10-09
2024-10-09 22:00:00,"461,4830627441406","456,399994",4,2,2024-10-09
2024-10-09 23:00:00,"449,205078125","349,73999",4,2,2024-10-09
2024-10-10 00:00:00,"427,5523376464844","281,559998",4,2,2024-10-10
2024-10-10 01:00:00,"390,0513000488281","238,679993",4,2,2024-10-10
2024-10-10 02:00:00,"358,1614685058594","221,070007",4,2,2024-10-10
2024-10-10 03:00:00,"368,9334716796875","295,359985",4,2,2024-10-10
2024-10-10 04:00:00,"465,1715393066406","463,179993",4,2,2024-10-10
2024-10-10 05:00:00,"601,7211303710938","633,23999",4,2,2024-10-10
2024-10-10 06:00:00,"664,045654296875","600,119995",4,2,2024-10-10
2024-10-10 07:00:00,"599,7211303710938","503,459991",4,2,2024-10-10
2024-10-10 08:00:00,"434,2544250488281","387,920013",4,2,2024-10-10
2024-10-10 09:00:00,"314,7716064453125","290,369995",4,2,2024-10-10
2024-10-10 10:00:00,"151,11875915527344","163,270004",4,2,2024-10-10
2024-10-10 11:00:00,"103,94312286376953","118,889999",4,2,2024-10-10
2024-10-10 12:00:00,"85,0672607421875","149,25",4,2,2024-10-10
2024-10-10 13:00:00,"170,14915466308594","277,309998",4,2,2024-10-10
2024-10-10 14:00:00,"281,8596496582031","277,309998",4,2,2024-10-10
2024-10-10 15:00:00,"385,5306396484375","285,140015",4,2,2024-10-10
2024-10-10 16:00:00,"485,1806945800781","294,470001",4,2,2024-10-10
2024-10-10 17:00:00,"533,3021850585938","288,200012",4,2,2024-10-10
2024-10-10 18:00:00,"526,3612670898438","274,630005",4,2,2024-10-10
2024-10-10 19:00:00,"448,1427917480469","263,890015",4,2,2024-10-10
2024-10-10 20:00:00,"376,705810546875","223,759995",4,2,2024-10-10
2024-10-10 21:00:00,"317,77252197265625","236,289993",4,2,2024-10-10
2024-10-10 22:00:00,"276,27972412109375","258,890015",4,2,2024-10-10
2024-10-10 23:00:00,"209,58656311035156","258,959991",4,2,2024-10-10
2024-10-11 00:00:00,"178,95826721191406","261,720001",4,2,2024-10-11
2024-10-11 01:00:00,"147,65237426757812","267,609985",4,2,2024-10-11
2024-10-11 02:00:00,"163,2600555419922","267,839996",4,2,2024-10-11
2024-10-11 03:00:00,"192,15658569335938","274,179993",4,2,2024-10-11
2024-10-11 04:00:00,"262,2204895019531","308,190002",4,2,2024-10-11
2024-10-11 05:00:00,"529,4705200195312","439,230011",4,2,2024-10-11
2024-10-11 06:00:00,"613,711669921875","593,919983",4,2,2024-10-11
2024-10-11 07:00:00,"513,9563598632812","400,670013",4,2,2024-10-11
2024-10-11 08:00:00,"339,8365783691406","367,859985",4,2,2024-10-11
2024-10-11 09:00:00,"225,41868591308594","324,970001",4,2,2024-10-11
2024-10-11 10:00:00,"206,14630126953125","316,470001",4,2,2024-10-11
2024-10-11 11:00:00,"122,11748504638672","310,200012",4,2,2024-10-11
2024-10-11 12:00:00,"94,12262725830078","299,309998",4,2,2024-10-11
2024-10-11 13:00:00,"160,73297119140625","298,119995",4,2,2024-10-11
2024-10-11 14:00:00,"228,98907470703125","298,859985",4,2,2024-10-11
2024-10-11 15:00:00,"395,6218566894531","496,660004",4,2,2024-10-11
2024-10-11 16:00:00,"556,60498046875","939,330017",4,2,2024-10-11
2024-10-11 17:00:00,"623,0955810546875","1208,060059",4,2,2024-10-11
2024-10-11 18:00:00,"575,2008056640625","895,02002",4,2,2024-10-11
2024-10-11 19:00:00,"472,8357238769531","744,289978",4,2,2024-10-11
2024-10-11 20:00:00,"418,3851318359375","733,98999",4,2,2024-10-11
2024-10-11 21:00:00,"390,4097595214844","655,080017",4,2,2024-10-11
2024-10-11 22:00:00,"336,93896484375","672,190002",4,2,2024-10-11
2024-10-11 23:00:00,"311,9498596191406","592,580017",4,2,2024-10-11
2024-10-12 00:00:00,"286,6634826660156","563,929993",4,2,2024-10-12
2024-10-12 01:00:00,"267,4554748535156","559,75",4,2,2024-10-12
2024-10-12 02:00:00,"277,13800048828125","536,619995",4,2,2024-10-12
2024-10-12 03:00:00,"266,19061279296875","506,619995",4,2,2024-10-12
2024-10-12 04:00:00,"293,4598083496094","534,460022",4,2,2024-10-12
2024-10-12 05:00:00,"381,386474609375","400,149994",4,2,2024-10-12
2024-10-12 06:00:00,"440,1139221191406","378,359985",4,2,2024-10-12
2024-10-12 07:00:00,"349,478271484375","310,910004",4,2,2024-10-12
2024-10-12 08:00:00,"222,74212646484375","263,390015",4,2,2024-10-12
2024-10-12 09:00:00,"122,29639434814453","255,770004",4,2,2024-10-12
2024-10-12 10:00:00,"80,96929931640625","184,970001",4,2,2024-10-12
2024-10-12 11:00:00,"31,410104751586914","106,919998",4,2,2024-10-12
2024-10-12 12:00:00,"66,83216094970703","174,149994",4,2,2024-10-12
2024-10-12 13:00:00,"92,87532043457031","263,459991",4,2,2024-10-12
2024-10-12 14:00:00,"241,14511108398438","218,990005",4,2,2024-10-12
2024-10-12 15:00:00,"357,8921203613281","423,799988",4,2,2024-10-12
2024-10-12 16:00:00,"498,68157958984375","361,950012",4,2,2024-10-12
2024-10-12 17:00:00,"568,4555053710938","299,049988",4,2,2024-10-12
2024-10-12 18:00:00,"532,9791870117188","289,350006",4,2,2024-10-12
2024-10-12 19:00:00,"447,6918640136719","288,309998",4,2,2024-10-12
2024-10-12 20:00:00,"404,5068664550781","260,179993",4,2,2024-10-12
2024-10-12 21:00:00,"369,22314453125","189,289993",4,2,2024-10-12
2024-10-12 22:00:00,"345,5263977050781","0,0",4,2,2024-10-12
2024-10-12 23:00:00,"341,0724792480469","-0,07",4,2,2024-10-12
2024-10-13 00:00:00,"342,95355224609375","-0,52",4,2,2024-10-13
2024-10-13 01:00:00,"364,8954162597656","-2,76",4,2,2024-10-13
2024-10-13 02:00:00,"352,9762878417969","-3,81",4,2,2024-10-13
2024-10-13 03:00:00,"388,9669189453125","-0,67",4,2,2024-10-13
2024-10-13 04:00:00,"414,3577880859375","-0,07",4,2,2024-10-13
2024-10-13 05:00:00,"454,9627685546875","12,83",4,2,2024-10-13
2024-10-13 06:00:00,"506,9152526855469","134,0",4,2,2024-10-13
2024-10-13 07:00:00,"396,46990966796875","73,489998",4,2,2024-10-13
2024-10-13 08:00:00,"158,8612823486328","36,630001",4,2,2024-10-13
2024-10-13 09:00:00,"115,1161117553711","46,330002",4,2,2024-10-13
2024-10-13 10:00:00,"70,67757415771484","47,599998",4,2,2024-10-13
2024-10-13 11:00:00,"43,463722229003906","52,970001",4,2,2024-10-13
2024-10-13 12:00:00,"52,216270446777344","59,09",4,2,2024-10-13
2024-10-13 13:00:00,"49,565826416015625","94,610001",4,2,2024-10-13
2024-10-13 14:00:00,"281,323974609375","118,260002",4,2,2024-10-13
2024-10-13 15:00:00,"487,1046142578125","166,009995",4,2,2024-10-13
2024-10-13 16:00:00,"705,9290161132812","267,329987",4,2,2024-10-13
2024-10-13 17:00:00,"791,400634765625","403,269989",4,2,2024-10-13
2024-10-13 18:00:00,"694,7579345703125","294,790009",4,2,2024-10-13
2024-10-13 19:00:00,"560,177734375","286,730011",4,2,2024-10-13
2024-10-13 20:00:00,"463,94586181640625","299,410004",4,2,2024-10-13
2024-10-13 21:00:00,"374,9455871582031","274,640015",4,2,2024-10-13
2024-10-13 22:00:00,"305,7406311035156","276,809998",4,2,2024-10-13
2024-10-13 23:00:00,"258,5560607910156","263,0",4,2,2024-10-13
2024-10-14 00:00:00,"211,16574096679688","262,410004",4,3,2024-10-14
2024-10-14 01:00:00,"193,8853302001953","256,359985",4,3,2024-10-14
2024-10-14 02:00:00,"194,6250762939453","293,450012",4,3,2024-10-14
2024-10-14 03:00:00,"237,81027221679688","464,079987",4,3,2024-10-14
2024-10-14 04:00:00,"409,8295593261719","736,710022",4,3,2024-10-14
2024-10-14 05:00:00,"585,9369506835938","973,900024",4,3,2024-10-14
2024-10-14 06:00:00,"672,31005859375","1142,449951",4,3,2024-10-14
2024-10-14 07:00:00,"588,513671875","879,960022",4,3,2024-10-14
2024-10-14 08:00:00,"452,0456848144531","753,200012",4,3,2024-10-14
2024-10-14 09:00:00,"361,0628662109375","695,599976",4,3,2024-10-14
2024-10-14 10:00:00,"258,15130615234375","643,450012",4,3,2024-10-14
2024-10-14 11:00:00,"197,40017700195312","616,289978",4,3,2024-10-14
2024-10-14 12:00:00,"205,05601501464844","553,320007",4,3,2024-10-14
2024-10-14 13:00:00,"330,3653869628906","649,710022",4,3,2024-10-14
2024-10-14 14:00:00,"427,140380859375","789,309998",4,3,2024-10-14
2024-10-14 15:00:00,"556,3674926757812","1182,660034",4,3,2024-10-14
2024-10-14 16:00:00,"955,53271484375","1865,280029",4,3,2024-10-14
2024-10-14 17:00:00,"1124,645263671875","1964,290039",4,3,2024-10-14
2024-10-14 18:00:00,"798,5104370117188","1178,859985",4,3,2024-10-14
2024-10-14 19:00:00,"567,953369140625","851,460022",4,3,2024-10-14
2024-10-14 20:00:00,"503,134521484375","743,580017",4,3,2024-10-14
2024-10-14 21:00:00,"371,76763916015625","707,309998",4,3,2024-10-14
2024-10-14 22:00:00,"300,9529724121094","680,679993",4,3,2024-10-14
2024-10-14 23:00:00,"277,1974792480469","645,320007",4,3,2024-10-14
2024-10-15 00:00:00,"247,0406494140625","659,190002",4,3,2024-10-15
2024-10-15 01:00:00,"226,4394989013672","627,039978",4,3,2024-10-15
2024-10-15 02:00:00,"229,6412353515625","602,859985",4,3,2024-10-15
2024-10-15 03:00:00,"292,9782409667969","667,849976",4,3,2024-10-15
2024-10-15 04:00:00,"410,3344421386719","854,530029",4,3,2024-10-15
2024-10-15 05:00:00,"525,679931640625","1383,22998",4,3,2024-10-15
2024-10-15 06:00:00,"629,5680541992188","1317,719971",4,3,2024-10-15
2024-10-15 07:00:00,"631,434326171875","824,76001",4,3,2024-10-15
2024-10-15 08:00:00,"556,53662109375","692,02002",4,3,2024-10-15
2024-10-15 09:00:00,"512,2015380859375","619,650024",4,3,2024-10-15
2024-10-15 10:00:00,"445,6162414550781","585,47998",4,3,2024-10-15
2024-10-15 11:00:00,"418,318115234375","535,340027",4,3,2024-10-15
2024-10-15 12:00:00,"427,55145263671875","566,299988",4,3,2024-10-15
2024-10-15 13:00:00,"451,8439636230469","621,960022",4,3,2024-10-15
2024-10-15 14:00:00,"559,1080932617188","664,27002",4,3,2024-10-15
2024-10-15 15:00:00,"701,3965454101562","900,48999",4,3,2024-10-15
2024-10-15 16:00:00,"894,000244140625","1020,609985",4,3,2024-10-15
2024-10-15 17:00:00,"973,3486328125","726,049988",4,3,2024-10-15
2024-10-15 18:00:00,"820,2449951171875","568,98999",4,3,2024-10-15
2024-10-15 19:00:00,"589,4238891601562","497,290009",4,3,2024-10-15
2024-10-15 20:00:00,"543,5059814453125","445,059998",4,3,2024-10-15
2024-10-15 21:00:00,"496,75787353515625","304,269989",4,3,2024-10-15
2024-10-15 22:00:00,"462,87042236328125","174,210007",4,3,2024-10-15
2024-10-15 23:00:00,"435,35968017578125","95,5",4,3,2024-10-15
2024-10-16 00:00:00,"382,4202575683594","39,540001",4,3,2024-10-16
2024-10-16 01:00:00,"347,9247741699219","26,93",4,3,2024-10-16
2024-10-16 02:00:00,"355,6910400390625","23,58",4,3,2024-10-16
2024-10-16 03:00:00,"360,92938232421875","61,18",4,3,2024-10-16
2024-10-16 04:00:00,"413,3945007324219","301,049988",4,3,2024-10-16
2024-10-16 05:00:00,"528,2047729492188","353,720001",4,3,2024-10-16
2024-10-16 06:00:00,"630,959716796875","406,23999",4,3,2024-10-16
2024-10-16 07:00:00,"574,1702880859375","354,76001",4,3,2024-10-16
2024-10-16 08:00:00,"438,7037353515625","199,059998",4,3,2024-10-16
2024-10-16 09:00:00,"328,54949951171875","105,650002",4,3,2024-10-16
2024-10-16 10:00:00,"287,90081787109375","30,51",4,3,2024-10-16
2024-10-16 11:00:00,"234,79171752929688","15,22",4,3,2024-10-16
2024-10-16 12:00:00,"236,37405395507812","29,84",4,3,2024-10-16
2024-10-16 13:00:00,"280,06396484375","105,800003",4,3,2024-10-16
2024-10-16 14:00:00,"296,59674072265625","246,210007",4,3,2024-10-16
2024-10-16 15:00:00,"445,6611022949219","263,0",4,3,2024-10-16
2024-10-16 16:00:00,"601,281005859375","277,470001",4,3,2024-10-16
2024-10-16 17:00:00,"629,6128540039062","272,470001",4,3,2024-10-16
2024-10-16 18:00:00,"594,2919921875","267,470001",4,3,2024-10-16
2024-10-16 19:00:00,"534,6559448242188","257,619995",4,3,2024-10-16
2024-10-16 20:00:00,"467,55712890625","242,029999",4,3,2024-10-16
2024-10-16 21:00:00,"396,1906433105469","198,009995",4,3,2024-10-16
2024-10-16 22:00:00,"312,4280700683594","127,129997",4,3,2024-10-16
2024-10-16 23:00:00,"282,9977111816406","90,650002",4,3,2024-10-16
2024-10-17 00:00:00,"239,74574279785156","78,190002",4,3,2024-10-17
2024-10-17 01:00:00,"251,4951934814453","41,860001",4,3,2024-10-17
2024-10-17 02:00:00,"234,98509216308594","74,68",4,3,2024-10-17
2024-10-17 03:00:00,"257,1140441894531","216,139999",4,3,2024-10-17
2024-10-17 04:00:00,"319,8688659667969","261,730011",4,3,2024-10-17
2024-10-17 05:00:00,"426,81378173828125","298,660004",4,3,2024-10-17
2024-10-17 06:00:00,"467,4551086425781","306,790009",4,3,2024-10-17
2024-10-17 07:00:00,"453,4187927246094","301,869995",4,3,2024-10-17
2024-10-17 08:00:00,"364,58990478515625","286,940002",4,3,2024-10-17
2024-10-17 09:00:00,"289,21209716796875","287,089996",4,3,2024-10-17
2024-10-17 10:00:00,"186,8105010986328","290,670013",4,3,2024-10-17
2024-10-17 11:00:00,"103,05460357666016","305,299988",4,3,2024-10-17
2024-10-17 12:00:00,"138,1337127685547","322,980011",4,3,2024-10-17
2024-10-17 13:00:00,"245,1607666015625","474,140015",4,3,2024-10-17
2024-10-17 14:00:00,"357,52874755859375","691,469971",4,3,2024-10-17
2024-10-17 15:00:00,"477,5587158203125","893,059998",4,3,2024-10-17
2024-10-17 16:00:00,"605,234619140625","1292,290039",4,3,2024-10-17
2024-10-17 17:00:00,"667,4730224609375","1275,810059",4,3,2024-10-17
2024-10-17 18:00:00,"656,900390625","876,650024",4,3,2024-10-17
2024-10-17 19:00:00,"568,8756713867188","729,75",4,3,2024-10-17
2024-10-17 20:00:00,"495,623291015625","664,390015",4,3,2024-10-17
2024-10-17 21:00:00,"402,2815246582031","613,359985",4,3,2024-10-17
2024-10-17 22:00:00,"293,88427734375","603,929993",4,3,2024-10-17
2024-10-17 23:00:00,"274,8689880371094","605,5",4,3,2024-10-17
2024-10-18 00:00:00,"230,61683654785156","617,210022",4,3,2024-10-18
2024-10-18 01:00:00,"231,09481811523438","588,190002",4,3,2024-10-18
2024-10-18 02:00:00,"229,17340087890625","605,72998",4,3,2024-10-18
2024-10-18 03:00:00,"243,1007843017578","629,22998",4,3,2024-10-18
2024-10-18 04:00:00,"315,7191162109375","737,780029",4,3,2024-10-18
2024-10-18 05:00:00,"496,168701171875","1117,449951",4,3,2024-10-18
2024-10-18 06:00:00,"640,2989501953125","1165,640015",4,3,2024-10-18
2024-10-18 07:00:00,"589,4603271484375","828,130005",4,3,2024-10-18
2024-10-18 08:00:00,"427,161376953125","714,429993",4,3,2024-10-18
2024-10-18 09:00:00,"344,3165283203125","636,390015",4,3,2024-10-18
2024-10-18 10:00:00,"280,6390075683594","618,929993",4,3,2024-10-18
2024-10-18 11:00:00,"213,92593383789062","598,340027",4,3,2024-10-18
2024-10-18 12:00:00,"226,56051635742188","605,72998",4,3,2024-10-18
2024-10-18 13:00:00,"262,4513854980469","629,22998",4,3,2024-10-18
2024-10-18 14:00:00,"336,4515380859375","770,599976",4,3,2024-10-18
2024-10-18 15:00:00,"491,02777099609375","997,26001",4,3,2024-10-18
2024-10-18 16:00:00,"678,88037109375","1352,459961",4,3,2024-10-18
2024-10-18 17:00:00,"789,606689453125","1063,72998",4,3,2024-10-18
2024-10-18 18:00:00,"748,3966674804688","770,309998",4,3,2024-10-18
2024-10-18 19:00:00,"516,9129638671875","722,409973",4,3,2024-10-18
2024-10-18 20:00:00,"445,5806579589844","695,77002",4,3,2024-10-18
2024-10-18 21:00:00,"420,5265808105469","638,179993",4,3,2024-10-18
2024-10-18 22:00:00,"403,2437438964844","649,27002",4,3,2024-10-18
2024-10-18 23:00:00,"347,3061218261719","619,210022",4,3,2024-10-18
2024-10-19 00:00:00,"297,43701171875","595,940002",4,3,2024-10-19
2024-10-19 01:00:00,"286,7256164550781","561,27002",4,3,2024-10-19
2024-10-19 02:00:00,"262,9410400390625","565,809998",4,3,2024-10-19
2024-10-19 03:00:00,"247,53781127929688","572,530029",4,3,2024-10-19
2024-10-19 04:00:00,"269,1723327636719","596,619995",4,3,2024-10-19
2024-10-19 05:00:00,"307,0997314453125","685,440002",4,3,2024-10-19
2024-10-19 06:00:00,"417,568359375","668,659973",4,3,2024-10-19
2024-10-19 07:00:00,"358,57330322265625","630,919983",4,3,2024-10-19
2024-10-19 08:00:00,"274,4701843261719","587,669983",4,3,2024-10-19
2024-10-19 09:00:00,"213,69654846191406","546,799988",4,3,2024-10-19
2024-10-19 10:00:00,"131,0391387939453","493,399994",4,3,2024-10-19
2024-10-19 11:00:00,"80,63685607910156","454,619995",4,3,2024-10-19
2024-10-19 12:00:00,"125,45008850097656","476,470001",4,3,2024-10-19
2024-10-19 13:00:00,"191,40586853027344","589,679993",4,3,2024-10-19
2024-10-19 14:00:00,"270,7687072753906","731,52002",4,3,2024-10-19
2024-10-19 15:00:00,"430,03533935546875","813,929993",4,3,2024-10-19
2024-10-19 16:00:00,"584,2731323242188","1012,900024",4,3,2024-10-19
2024-10-19 17:00:00,"676,6294555664062","886,940002",4,3,2024-10-19
2024-10-19 18:00:00,"624,06640625","721,900024",4,3,2024-10-19
2024-10-19 19:00:00,"526,0341186523438","672,530029",4,3,2024-10-19
2024-10-19 20:00:00,"430,0339050292969","625,179993",4,3,2024-10-19
2024-10-19 21:00:00,"378,6966552734375","546,869995",4,3,2024-10-19
2024-10-19 22:00:00,"275,80206298828125","403,059998",4,3,2024-10-19
2024-10-19 23:00:00,"226,39297485351562","409,470001",4,3,2024-10-19
2024-10-20 00:00:00,"230,95730590820312","407,079987",4,3,2024-10-20
2024-10-20 01:00:00,"227,69854736328125","417,0",4,3,2024-10-20
2024-10-20 02:00:00,"216,27818298339844","444,450012",4,3,2024-10-20
2024-10-20 03:00:00,"221,43482971191406","241,880005",4,3,2024-10-20
2024-10-20 04:00:00,"233,7506561279297","240,389999",4,3,2024-10-20
2024-10-20 05:00:00,"252,3525390625","291,329987",4,3,2024-10-20
2024-10-20 06:00:00,"295,86993408203125","359,950012",4,3,2024-10-20
2024-10-20 07:00:00,"224,89735412597656","341,230011",4,3,2024-10-20
2024-10-20 08:00:00,"140,64443969726562","47,509998",4,3,2024-10-20
2024-10-20 09:00:00,"87,22623443603516","0,6",4,3,2024-10-20
2024-10-20 10:00:00,"59,208885192871094","0,0",4,3,2024-10-20
2024-10-20 11:00:00,"17,526479721069336","-7,31",4,3,2024-10-20
2024-10-20 12:00:00,"12,7352876663208","-14,99",4,3,2024-10-20
2024-10-20 13:00:00,"42,82430648803711","0,0",4,3,2024-10-20
2024-10-20 14:00:00,"172,2891845703125","38,040001",4,3,2024-10-20
2024-10-20 15:00:00,"318,1990966796875","413,570007",4,3,2024-10-20
2024-10-20 16:00:00,"457,6602478027344","318,25",4,3,2024-10-20
2024-10-20 17:00:00,"540,1775512695312","268,950012",4,3,2024-10-20
2024-10-20 18:00:00,"454,65972900390625","252,919998",4,3,2024-10-20
2024-10-20 19:00:00,"388,4193420410156","156,259995",4,3,2024-10-20
2024-10-20 20:00:00,"420,8453369140625","90,620003",4,3,2024-10-20
2024-10-20 21:00:00,"320,16510009765625","14,39",4,3,2024-10-20
2024-10-20 22:00:00,"177,0699462890625","-0,75",4,3,2024-10-20
2024-10-20 23:00:00,"142,01686096191406","-0,75",4,3,2024-10-20
2024-10-21 00:00:00,"75,12877655029297","-1,04",4,4,2024-10-21
2024-10-21 01:00:00,"109,89618682861328","-0,6",4,4,2024-10-21
2024-10-21 02:00:00,"144,0464630126953","-0,3",4,4,2024-10-21
2024-10-21 03:00:00,"197,30499267578125","24,24",4,4,2024-10-21
2024-10-21 04:00:00,"367,98651123046875","32,59",4,4,2024-10-21
2024-10-21 05:00:00,"481,2170104980469","301,170013",4,4,2024-10-21
2024-10-21 06:00:00,"593,1148681640625","292,070007",4,4,2024-10-21
2024-10-21 07:00:00,"537,0914916992188","240,160004",4,4,2024-10-21
2024-10-21 08:00:00,"466,0103454589844","215,399994",4,4,2024-10-21
2024-10-21 09:00:00,"391,8775329589844","208,690002",4,4,2024-10-21
2024-10-21 10:00:00,"297,66217041015625","188,479996",4,4,2024-10-21
2024-10-21 11:00:00,"244,3221893310547","209,729996",4,4,2024-10-21
2024-10-21 12:00:00,"233,44561767578125","168,710007",4,4,2024-10-21
2024-10-21 13:00:00,"364,00347900390625","434,609985",4,4,2024-10-21
2024-10-21 14:00:00,"443,6491394042969","670,289978",4,4,2024-10-21
2024-10-21 15:00:00,"613,3573608398438","969,900024",4,4,2024-10-21
2024-10-21 16:00:00,"1013,5482177734375","1582,319946",4,4,2024-10-21
2024-10-21 17:00:00,"1166,43359375","1404,810059",4,4,2024-10-21
2024-10-21 18:00:00,"766,5308227539062","957,969971",4,4,2024-10-21
2024-10-21 19:00:00,"545,9761352539062","750,320007",4,4,2024-10-21
2024-10-21 20:00:00,"521,4387817382812","729,440002",4,4,2024-10-21
2024-10-21 21:00:00,"399,1783142089844","693,419983",4,4,2024-10-21
2024-10-21 22:00:00,"314,698486328125","666,929993",4,4,2024-10-21
2024-10-21 23:00:00,"286,850830078125","652,76001",4,4,2024-10-21
2024-10-22 00:00:00,"260,210693359375","639,109985",4,4,2024-10-22
2024-10-22 01:00:00,"241,08975219726562","623,52002",4,4,2024-10-22
2024-10-22 02:00:00,"244,5193328857422","619,190002",4,4,2024-10-22
2024-10-22 03:00:00,"302,0751647949219","641,419983",4,4,2024-10-22
2024-10-22 04:00:00,"454,5325012207031","731,960022",4,4,2024-10-22
2024-10-22 05:00:00,"710,1502075195312","1118,76001",4,4,2024-10-22
2024-10-22 06:00:00,"828,1475830078125","1215,27002",4,4,2024-10-22
2024-10-22 07:00:00,"735,614990234375","846,080017",4,4,2024-10-22
2024-10-22 08:00:00,"608,9996948242188","736,809998",4,4,2024-10-22
2024-10-22 09:00:00,"468,7081604003906","639,109985",4,4,2024-10-22
2024-10-22 10:00:00,"396,0335693359375","246,720001",4,4,2024-10-22
2024-10-22 11:00:00,"311,7483215332031","232,550003",4,4,2024-10-22
2024-10-22 12:00:00,"351,9748840332031","225,539993",4,4,2024-10-22
2024-10-22 13:00:00,"402,9286804199219","229,789993",4,4,2024-10-22
2024-10-22 14:00:00,"458,8569641113281","263,130005",4,4,2024-10-22
2024-10-22 15:00:00,"618,5873413085938","759,109985",4,4,2024-10-22
2024-10-22 16:00:00,"736,78076171875","1043,579956",4,4,2024-10-22
2024-10-22 17:00:00,"742,2643432617188","1176,560059",4,4,2024-10-22
2024-10-22 18:00:00,"704,391845703125","850,400024",4,4,2024-10-22
2024-10-22 19:00:00,"566,1036376953125","697,72998",4,4,2024-10-22
2024-10-22 20:00:00,"478,8258361816406","713,919983",4,4,2024-10-22
2024-10-22 21:00:00,"387,8190612792969","658,950012",4,4,2024-10-22
2024-10-22 22:00:00,"339,2449035644531","602,789978",4,4,2024-10-22
2024-10-22 23:00:00,"288,7662353515625","620,690002",4,4,2024-10-22
2024-10-23 00:00:00,"225,4003143310547","611,669983",4,4,2024-10-23
2024-10-23 01:00:00,"235,09408569335938","620,539978",4,4,2024-10-23
2024-10-23 02:00:00,"234,01617431640625","639,859985",4,4,2024-10-23
2024-10-23 03:00:00,"281,45001220703125","675,950012",4,4,2024-10-23
2024-10-23 04:00:00,"378,05615234375","780,950012",4,4,2024-10-23
2024-10-23 05:00:00,"571,5779418945312","1025,329956",4,4,2024-10-23
2024-10-23 06:00:00,"691,1312866210938","1205,72998",4,4,2024-10-23
2024-10-23 07:00:00,"628,5828857421875","957,690002",4,4,2024-10-23
2024-10-23 08:00:00,"491,442626953125","776,330017",4,4,2024-10-23
2024-10-23 09:00:00,"357,4962158203125","693,700012",4,4,2024-10-23
2024-10-23 10:00:00,"242,69107055664062","600,929993",4,4,2024-10-23
2024-10-23 11:00:00,"200,6864776611328","574,75",4,4,2024-10-23
2024-10-23 12:00:00,"192,49803161621094","562,450012",4,4,2024-10-23
2024-10-23 13:00:00,"260,37811279296875","657,830017",4,4,2024-10-23
2024-10-23 14:00:00,"367,5244140625","696,22998",4,4,2024-10-23
2024-10-23 15:00:00,"569,8518676757812","1009,669983",4,4,2024-10-23
2024-10-23 16:00:00,"706,9154663085938","1428,859985",4,4,2024-10-23
2024-10-23 17:00:00,"757,7745971679688","1312,52002",4,4,2024-10-23
2024-10-23 18:00:00,"610,8091430664062","833,080017",4,4,2024-10-23
2024-10-23 19:00:00,"546,18994140625","754,849976",4,4,2024-10-23
2024-10-23 20:00:00,"492,01727294921875","767,599976",4,4,2024-10-23
2024-10-23 21:00:00,"419,9377746582031","694,73999",4,4,2024-10-23
2024-10-23 22:00:00,"335,6251525878906","647,059998",4,4,2024-10-23
2024-10-23 23:00:00,"249,16590881347656","597,460022",4,4,2024-10-23
2024-10-24 00:00:00,"219,61585998535156","582,469971",4,4,2024-10-24
2024-10-24 01:00:00,"230,33758544921875","564,349976",4,4,2024-10-24
2024-10-24 02:00:00,"224,39016723632812","532,200012",4,4,2024-10-24
2024-10-24 03:00:00,"280,30743408203125","597,909973",4,4,2024-10-24
2024-10-24 04:00:00,"353,4180603027344","748,409973",4,4,2024-10-24
2024-10-24 05:00:00,"440,9169006347656","1057,98999",4,4,2024-10-24
2024-10-24 06:00:00,"513,5941772460938","1233,47998",4,4,2024-10-24
2024-10-24 07:00:00,"481,9486389160156","874,820007",4,4,2024-10-24
2024-10-24 08:00:00,"418,22479248046875","760,049988",4,4,2024-10-24
2024-10-24 09:00:00,"360,9132080078125","693,969971",4,4,2024-10-24
2024-10-24 10:00:00,"300,9148864746094","626,169983",4,4,2024-10-24
2024-10-24 11:00:00,"233,50277709960938","590,299988",4,4,2024-10-24
2024-10-24 12:00:00,"232,91648864746094","607,900024",4,4,2024-10-24
2024-10-24 13:00:00,"319,5670471191406","713,72998",4,4,2024-10-24
2024-10-24 14:00:00,"422,9733581542969","809,869995",4,4,2024-10-24
2024-10-24 15:00:00,"568,774169921875","921,659973",4,4,2024-10-24
2024-10-24 16:00:00,"740,3763427734375","1034,430054",4,4,2024-10-24
2024-10-24 17:00:00,"783,8600463867188","851,630005",4,4,2024-10-24
2024-10-24 18:00:00,"753,9136352539062","720,52002",4,4,2024-10-24
2024-10-24 19:00:00,"598,3690795898438","698,369995",4,4,2024-10-24
2024-10-24 20:00:00,"528,7750854492188","670,47998",4,4,2024-10-24
2024-10-24 21:00:00,"449,80914306640625","623,559998",4,4,2024-10-24
2024-10-24 22:00:00,"416,7946472167969","615,460022",4,4,2024-10-24
2024-10-24 23:00:00,"402,8812561035156","612,25",4,4,2024-10-24
2024-10-25 00:00:00,"396,9842834472656","594,48999",4,4,2024-10-25
2024-10-25 01:00:00,"399,6834716796875","616,200012",4,4,2024-10-25
2024-10-25 02:00:00,"398,23406982421875","630,150024",4,4,2024-10-25
2024-10-25 03:00:00,"410,8809814453125","705,650024",4,4,2024-10-25
2024-10-25 04:00:00,"524,5723876953125","812,700012",4,4,2024-10-25
2024-10-25 05:00:00,"761,2869262695312","923,190002",4,4,2024-10-25
2024-10-25 06:00:00,"854,7526245117188","1123,410034",4,4,2024-10-25
2024-10-25 07:00:00,"781,915283203125","913,340027",4,4,2024-10-25
2024-10-25 08:00:00,"698,3526611328125","806,809998",4,4,2024-10-25
2024-10-25 09:00:00,"585,8065185546875","700,5",4,4,2024-10-25
2024-10-25 10:00:00,"498,5005187988281","604,859985",4,4,2024-10-25
2024-10-25 11:00:00,"438,72021484375","583,22998",4,4,2024-10-25
2024-10-25 12:00:00,"422,5812072753906","615,22998",4,4,2024-10-25
2024-10-25 13:00:00,"439,9798583984375","741,01001",4,4,2024-10-25
2024-10-25 14:00:00,"499,81103515625","880,51001",4,4,2024-10-25
2024-10-25 15:00:00,"660,77001953125","1184,140015",4,4,2024-10-25
2024-10-25 16:00:00,"820,1417846679688","1695,829956",4,4,2024-10-25
2024-10-25 17:00:00,"935,0244750976562","1379,0",4,4,2024-10-25
2024-10-25 18:00:00,"830,432861328125","924,01001",4,4,2024-10-25
2024-10-25 19:00:00,"705,6532592773438","867,530029",4,4,2024-10-25
2024-10-25 20:00:00,"664,388671875","850,150024",4,4,2024-10-25
2024-10-25 21:00:00,"595,1129760742188","801,210022",4,4,2024-10-25
2024-10-25 22:00:00,"549,7526245117188","860,150024",4,4,2024-10-25
2024-10-25 23:00:00,"521,5384521484375","818,0",4,4,2024-10-25
2024-10-26 00:00:00,"473,2399597167969","797,929993",4,4,2024-10-26
2024-10-26 01:00:00,"478,607421875","804,200012",4,4,2024-10-26
2024-10-26 02:00:00,"472,249755859375","788,599976",4,4,2024-10-26
2024-10-26 03:00:00,"476,3736267089844","796,960022",4,4,2024-10-26
2024-10-26 04:00:00,"503,0929260253906","850,0",4,4,2024-10-26
2024-10-26 05:00:00,"521,8467407226562","937,890015",4,4,2024-10-26
2024-10-26 06:00:00,"519,83203125","940,059998",4,4,2024-10-26
2024-10-26 07:00:00,"482,3510437011719","877,159973",4,4,2024-10-26
2024-10-26 08:00:00,"460,2085876464844","756,450012",4,4,2024-10-26
2024-10-26 09:00:00,"371,9966125488281","607,900024",4,4,2024-10-26
2024-10-26 10:00:00,"291,2419128417969","509,940002",4,4,2024-10-26
2024-10-26 11:00:00,"203,51937866210938","472,269989",4,4,2024-10-26
2024-10-26 12:00:00,"230,67628479003906","481,589996",4,4,2024-10-26
2024-10-26 13:00:00,"318,79608154296875","607,599976",4,4,2024-10-26
2024-10-26 14:00:00,"410,11688232421875","750,549988",4,4,2024-10-26
2024-10-26 15:00:00,"607,65234375","938,039978",4,4,2024-10-26
2024-10-26 16:00:00,"690,631591796875","1125,829956",4,4,2024-10-26
2024-10-26 17:00:00,"728,8604125976562","885,890015",4,4,2024-10-26
2024-10-26 18:00:00,"640,4769897460938","719,809998",4,4,2024-10-26
2024-10-26 19:00:00,"535,9229736328125","662,219971",4,4,2024-10-26
2024-10-26 20:00:00,"467,1529846191406","652,820007",4,4,2024-10-26
2024-10-26 21:00:00,"379,10064697265625","571,719971",4,4,2024-10-26
2024-10-26 22:00:00,"254,72915649414062","688,119995",4,4,2024-10-26
2024-10-26 23:00:00,"195,38938903808594","626,780029",4,4,2024-10-26
2024-10-27 00:00:00,"180,2791748046875","613,570007",4,4,2024-10-27
2024-10-27 01:00:00,"198,11782836914062","600,140015",4,4,2024-10-27
2024-10-27 02:00:00,"222,68202209472656","592,530029",4,4,2024-10-27
2024-10-27 03:00:00,"262,88031005859375","587,900024",4,4,2024-10-27
2024-10-27 04:00:00,"219,75779724121094","635,289978",4,4,2024-10-27
2024-10-27 05:00:00,"272,9544982910156","665,659973",4,4,2024-10-27
2024-10-27 06:00:00,"260,212646484375","657,0",4,4,2024-10-27
2024-10-27 07:00:00,"231,89915466308594","629,320007",4,4,2024-10-27
2024-10-27 08:00:00,"153,0345916748047","496,049988",4,4,2024-10-27
2024-10-27 09:00:00,"61,39838409423828","408,299988",4,4,2024-10-27
2024-10-27 10:00:00,"18,15032386779785","317,119995",4,4,2024-10-27
2024-10-27 11:00:00,"-6,3997673988342285","298,390015",4,4,2024-10-27
2024-10-27 12:00:00,"-9,152009010314941","298,470001",4,4,2024-10-27
2024-10-27 13:00:00,"13,311382293701172","480,01001",4,4,2024-10-27
2024-10-27 14:00:00,"95,4485092163086","753,109985",4,4,2024-10-27
2024-10-27 15:00:00,"305,37249755859375","878,97998",4,4,2024-10-27
2024-10-27 16:00:00,"441,8900146484375","1106,569946",4,4,2024-10-27
2024-10-27 17:00:00,"470,375244140625","1087,23999",4,4,2024-10-27
2024-10-27 18:00:00,"401,4425048828125","973,52002",4,4,2024-10-27
2024-10-27 19:00:00,"276,6620788574219","881,299988",4,4,2024-10-27
2024-10-27 20:00:00,"233,56332397460938","831,159973",4,4,2024-10-27
2024-10-27 21:00:00,"205,22303771972656","820,48999",4,4,2024-10-27
2024-10-27 22:00:00,"124,4256362915039","651,109985",4,4,2024-10-27
2024-10-27 23:00:00,"67,77639770507812","713,340027",4,4,2024-10-27
