Time,Prediction,DKPrice,fold,week,Date
2024-01-01 00:00:00,"196,02818298339844","209,779999",1,1,2024-01-01
2024-01-01 01:00:00,"200,05255126953125","198,740005",1,1,2024-01-01
2024-01-01 02:00:00,"174,66616821289062","30,860001",1,1,2024-01-01
2024-01-01 03:00:00,"180,4822998046875","-0,22",1,1,2024-01-01
2024-01-01 04:00:00,"262,1112976074219","-0,15",1,1,2024-01-01
2024-01-01 05:00:00,"342,1742858886719","-0,37",1,1,2024-01-01
2024-01-01 06:00:00,"441,19970703125","-0,15",1,1,2024-01-01
2024-01-01 07:00:00,"474,9822082519531","0,0",1,1,2024-01-01
2024-01-01 08:00:00,"482,7410583496094","0,6",1,1,2024-01-01
2024-01-01 09:00:00,"461,48199462890625","308,179993",1,1,2024-01-01
2024-01-01 10:00:00,"446,028076171875","324,359985",1,1,2024-01-01
2024-01-01 11:00:00,"422,90216064453125","320,700012",1,1,2024-01-01
2024-01-01 12:00:00,"405,35931396484375","330,170013",1,1,2024-01-01
2024-01-01 13:00:00,"420,3751525878906","344,709991",1,1,2024-01-01
2024-01-01 14:00:00,"454,4775390625","377,290009",1,1,2024-01-01
2024-01-01 15:00:00,"534,7486572265625","443,329987",1,1,2024-01-01
2024-01-01 16:00:00,"636,5006713867188","484,480011",1,1,2024-01-01
2024-01-01 17:00:00,"619,8135375976562","460,26001",1,1,2024-01-01
2024-01-01 18:00:00,"575,938232421875","456,75",1,1,2024-01-01
2024-01-01 19:00:00,"519,7730712890625","447,059998",1,1,2024-01-01
2024-01-01 20:00:00,"454,3027648925781","409,420013",1,1,2024-01-01
2024-01-01 21:00:00,"432,467041015625","355,220001",1,1,2024-01-01
2024-01-01 22:00:00,"373,0179138183594","265,019989",1,1,2024-01-01
2024-01-01 23:00:00,"348,1325378417969","228,039993",1,1,2024-01-01
2024-01-02 00:00:00,"336,8646545410156","149,619995",1,1,2024-01-02
2024-01-02 01:00:00,"343,5948181152344","231,320007",1,1,2024-01-02
2024-01-02 02:00:00,"340,0726318359375","137,089996",1,1,2024-01-02
2024-01-02 03:00:00,"336,97900390625","82,599998",1,1,2024-01-02
2024-01-02 04:00:00,"379,65240478515625","102,730003",1,1,2024-01-02
2024-01-02 05:00:00,"450,590087890625","355,070007",1,1,2024-01-02
2024-01-02 06:00:00,"520,9411010742188","433,119995",1,1,2024-01-02
2024-01-02 07:00:00,"589,8604125976562","489,549988",1,1,2024-01-02
2024-01-02 08:00:00,"553,6115112304688","482,549988",1,1,2024-01-02
2024-01-02 09:00:00,"508,9089660644531","514,22998",1,1,2024-01-02
2024-01-02 10:00:00,"499,9830627441406","548,219971",1,1,2024-01-02
2024-01-02 11:00:00,"499,6390075683594","582,659973",1,1,2024-01-02
2024-01-02 12:00:00,"509,0622253417969","587,960022",1,1,2024-01-02
2024-01-02 13:00:00,"505,7967529296875","590,719971",1,1,2024-01-02
2024-01-02 14:00:00,"537,8500366210938","596,080017",1,1,2024-01-02
2024-01-02 15:00:00,"650,5532836914062","607,26001",1,1,2024-01-02
2024-01-02 16:00:00,"688,0510864257812","603,23999",1,1,2024-01-02
2024-01-02 17:00:00,"647,906494140625","558,72998",1,1,2024-01-02
2024-01-02 18:00:00,"563,3220825195312","470,98999",1,1,2024-01-02
2024-01-02 19:00:00,"504,1269226074219","425,73999",1,1,2024-01-02
2024-01-02 20:00:00,"462,6894226074219","349,549988",1,1,2024-01-02
2024-01-02 21:00:00,"455,5155944824219","298,190002",1,1,2024-01-02
2024-01-02 22:00:00,"427,42724609375","162,589996",1,1,2024-01-02
2024-01-02 23:00:00,"390,5495910644531","7,75",1,1,2024-01-02
2024-01-03 00:00:00,"367,7386779785156","-0,07",1,1,2024-01-03
2024-01-03 01:00:00,"388,3333740234375","0,0",1,1,2024-01-03
2024-01-03 02:00:00,"366,24322509765625","-0,07",1,1,2024-01-03
2024-01-03 03:00:00,"366,095458984375","0,0",1,1,2024-01-03
2024-01-03 04:00:00,"381,02435302734375","0,15",1,1,2024-01-03
2024-01-03 05:00:00,"423,68804931640625","8,13",1,1,2024-01-03
2024-01-03 06:00:00,"584,0125732421875","302,600006",1,1,2024-01-03
2024-01-03 07:00:00,"613,0125122070312","444,399994",1,1,2024-01-03
2024-01-03 08:00:00,"617,95703125","451,850006",1,1,2024-01-03
2024-01-03 09:00:00,"605,2225952148438","424,940002",1,1,2024-01-03
2024-01-03 10:00:00,"594,2924194335938","409,209991",1,1,2024-01-03
2024-01-03 11:00:00,"564,615478515625","445,820007",1,1,2024-01-03
2024-01-03 12:00:00,"487,4478454589844","438,809998",1,1,2024-01-03
2024-01-03 13:00:00,"515,6370849609375","453,720001",1,1,2024-01-03
2024-01-03 14:00:00,"584,1091918945312","500,829987",1,1,2024-01-03
2024-01-03 15:00:00,"596,8965454101562","548,619995",1,1,2024-01-03
2024-01-03 16:00:00,"640,0010375976562","613,409973",1,1,2024-01-03
2024-01-03 17:00:00,"626,1402587890625","618,549988",1,1,2024-01-03
2024-01-03 18:00:00,"561,981689453125","589,179993",1,1,2024-01-03
2024-01-03 19:00:00,"502,80242919921875","545,940002",1,1,2024-01-03
2024-01-03 20:00:00,"449,33441162109375","502,549988",1,1,2024-01-03
2024-01-03 21:00:00,"427,1509704589844","484,579987",1,1,2024-01-03
2024-01-03 22:00:00,"349,7881164550781","433,290009",1,1,2024-01-03
2024-01-03 23:00:00,"309,96490478515625","427,329987",1,1,2024-01-03
2024-01-04 00:00:00,"288,61505126953125","376,320007",1,1,2024-01-04
2024-01-04 01:00:00,"283,8047180175781","298,309998",1,1,2024-01-04
2024-01-04 02:00:00,"249,39547729492188","190,020004",1,1,2024-01-04
2024-01-04 03:00:00,"253,53997802734375","261,019989",1,1,2024-01-04
2024-01-04 04:00:00,"267,9046630859375","430,540009",1,1,2024-01-04
2024-01-04 05:00:00,"370,6009521484375","541,809998",1,1,2024-01-04
2024-01-04 06:00:00,"489,9568786621094","634,059998",1,1,2024-01-04
2024-01-04 07:00:00,"562,4802856445312","682,169983",1,1,2024-01-04
2024-01-04 08:00:00,"512,3713989257812","702,530029",1,1,2024-01-04
2024-01-04 09:00:00,"514,450927734375","683,210022",1,1,2024-01-04
2024-01-04 10:00:00,"489,2013854980469","671,429993",1,1,2024-01-04
2024-01-04 11:00:00,"453,5624694824219","643,609985",1,1,2024-01-04
2024-01-04 12:00:00,"450,40667724609375","641,070007",1,1,2024-01-04
2024-01-04 13:00:00,"477,15679931640625","686,940002",1,1,2024-01-04
2024-01-04 14:00:00,"539,8353271484375","735,48999",1,1,2024-01-04
2024-01-04 15:00:00,"536,8121337890625","788,51001",1,1,2024-01-04
2024-01-04 16:00:00,"573,3753051757812","993,599976",1,1,2024-01-04
2024-01-04 17:00:00,"537,6373901367188","1078,77002",1,1,2024-01-04
2024-01-04 18:00:00,"516,0867309570312","932,22998",1,1,2024-01-04
2024-01-04 19:00:00,"433,3090515136719","772,549988",1,1,2024-01-04
2024-01-04 20:00:00,"390,4524841308594","745,859985",1,1,2024-01-04
2024-01-04 21:00:00,"378,45257568359375","707,450012",1,1,2024-01-04
2024-01-04 22:00:00,"314,9525451660156","662,47998",1,1,2024-01-04
2024-01-04 23:00:00,"235,44349670410156","642,059998",1,1,2024-01-04
2024-01-05 00:00:00,"250,50518798828125","600,51001",1,1,2024-01-05
2024-01-05 01:00:00,"254,16148376464844","574,409973",1,1,2024-01-05
2024-01-05 02:00:00,"232,96942138671875","546,059998",1,1,2024-01-05
2024-01-05 03:00:00,"228,451416015625","552,330017",1,1,2024-01-05
2024-01-05 04:00:00,"249,93528747558594","567,099976",1,1,2024-01-05
2024-01-05 05:00:00,"311,7914733886719","604,169983",1,1,2024-01-05
2024-01-05 06:00:00,"392,88458251953125","648,919983",1,1,2024-01-05
2024-01-05 07:00:00,"464,78179931640625","668,090027",1,1,2024-01-05
2024-01-05 08:00:00,"445,44818115234375","708,070007",1,1,2024-01-05
2024-01-05 09:00:00,"411,74395751953125","718,140015",1,1,2024-01-05
2024-01-05 10:00:00,"403,8502502441406","732,609985",1,1,2024-01-05
2024-01-05 11:00:00,"363,9257507324219","688,01001",1,1,2024-01-05
2024-01-05 12:00:00,"337,53594970703125","682,780029",1,1,2024-01-05
2024-01-05 13:00:00,"342,9737548828125","719,109985",1,1,2024-01-05
2024-01-05 14:00:00,"365,540771484375","746,26001",1,1,2024-01-05
2024-01-05 15:00:00,"429,202880859375","768,039978",1,1,2024-01-05
2024-01-05 16:00:00,"474,65045166015625","800,929993",1,1,2024-01-05
2024-01-05 17:00:00,"451,1482849121094","808,909973",1,1,2024-01-05
2024-01-05 18:00:00,"407,02880859375","775,419983",1,1,2024-01-05
2024-01-05 19:00:00,"350,20751953125","746,559998",1,1,2024-01-05
2024-01-05 20:00:00,"309,4735107421875","702,549988",1,1,2024-01-05
2024-01-05 21:00:00,"335,9677429199219","708,0",1,1,2024-01-05
2024-01-05 22:00:00,"309,0242004394531","647,429993",1,1,2024-01-05
2024-01-05 23:00:00,"248,1605224609375","613,47998",1,1,2024-01-05
2024-01-06 00:00:00,"214,33657836914062","598,190002",1,1,2024-01-06
2024-01-06 01:00:00,"211,4931640625","567,830017",1,1,2024-01-06
2024-01-06 02:00:00,"175,939697265625","544,559998",1,1,2024-01-06
2024-01-06 03:00:00,"149,28634643554688","544,559998",1,1,2024-01-06
2024-01-06 04:00:00,"143,28382873535156","556,340027",1,1,2024-01-06
2024-01-06 05:00:00,"174,57667541503906","560,150024",1,1,2024-01-06
2024-01-06 06:00:00,"239,58416748046875","607,059998",1,1,2024-01-06
2024-01-06 07:00:00,"325,55120849609375","659,349976",1,1,2024-01-06
2024-01-06 08:00:00,"343,2573547363281","687,909973",1,1,2024-01-06
2024-01-06 09:00:00,"341,32269287109375","725,72998",1,1,2024-01-06
2024-01-06 10:00:00,"328,43505859375","749,070007",1,1,2024-01-06
2024-01-06 11:00:00,"320,548583984375","739,599976",1,1,2024-01-06
2024-01-06 12:00:00,"340,4126281738281","710,210022",1,1,2024-01-06
2024-01-06 13:00:00,"376,0586853027344","690,299988",1,1,2024-01-06
2024-01-06 14:00:00,"397,6703796386719","709,23999",1,1,2024-01-06
2024-01-06 15:00:00,"455,1104736328125","744,75",1,1,2024-01-06
2024-01-06 16:00:00,"535,807861328125","780,849976",1,1,2024-01-06
2024-01-06 17:00:00,"551,2879028320312","774,51001",1,1,2024-01-06
2024-01-06 18:00:00,"519,2474975585938","740,719971",1,1,2024-01-06
2024-01-06 19:00:00,"451,4246520996094","687,909973",1,1,2024-01-06
2024-01-06 20:00:00,"395,1405944824219","656,359985",1,1,2024-01-06
2024-01-06 21:00:00,"357,1285400390625","647,039978",1,1,2024-01-06
2024-01-06 22:00:00,"329,11663818359375","596,919983",1,1,2024-01-06
2024-01-06 23:00:00,"260,33447265625","642,570007",1,1,2024-01-06
2024-01-07 00:00:00,"210,99107360839844","615,049988",1,1,2024-01-07
2024-01-07 01:00:00,"221,54078674316406","573,72998",1,1,2024-01-07
2024-01-07 02:00:00,"200,8555145263672","561,48999",1,1,2024-01-07
2024-01-07 03:00:00,"180,7235565185547","546,950012",1,1,2024-01-07
2024-01-07 04:00:00,"146,86245727539062","550,309998",1,1,2024-01-07
2024-01-07 05:00:00,"142,16285705566406","560,450012",1,1,2024-01-07
2024-01-07 06:00:00,"184,5141143798828","582,080017",1,1,2024-01-07
2024-01-07 07:00:00,"222,16526794433594","610,049988",1,1,2024-01-07
2024-01-07 08:00:00,"216,59678649902344","634,219971",1,1,2024-01-07
2024-01-07 09:00:00,"216,3157958984375","650,030029",1,1,2024-01-07
2024-01-07 10:00:00,"209,56942749023438","666,210022",1,1,2024-01-07
2024-01-07 11:00:00,"207,9681396484375","682,469971",1,1,2024-01-07
2024-01-07 12:00:00,"182,49134826660156","652,789978",1,1,2024-01-07
2024-01-07 13:00:00,"185,6867218017578","634,219971",1,1,2024-01-07
2024-01-07 14:00:00,"207,3627166748047","656,440002",1,1,2024-01-07
2024-01-07 15:00:00,"265,91558837890625","696,799988",1,1,2024-01-07
2024-01-07 16:00:00,"305,5146179199219","759,080017",1,1,2024-01-07
2024-01-07 17:00:00,"286,9619140625","782,049988",1,1,2024-01-07
2024-01-07 18:00:00,"251,0100555419922","772,349976",1,1,2024-01-07
2024-01-07 19:00:00,"242,31402587890625","749,599976",1,1,2024-01-07
2024-01-07 20:00:00,"232,12754821777344","695,97998",1,1,2024-01-07
2024-01-07 21:00:00,"217,08848571777344","680,01001",1,1,2024-01-07
2024-01-07 22:00:00,"197,55880737304688","625,48999",1,1,2024-01-07
2024-01-07 23:00:00,"168,61282348632812","649,059998",1,1,2024-01-07
2024-01-08 00:00:00,"213,1013946533203","628,919983",1,2,2024-01-08
2024-01-08 01:00:00,"170,5153045654297","610,27002",1,2,2024-01-08
2024-01-08 02:00:00,"140,40921020507812","590,059998",1,2,2024-01-08
2024-01-08 03:00:00,"142,32763671875","585,359985",1,2,2024-01-08
2024-01-08 04:00:00,"159,8258819580078","612,359985",1,2,2024-01-08
2024-01-08 05:00:00,"188,6741943359375","703,359985",1,2,2024-01-08
2024-01-08 06:00:00,"273,095703125","828,669983",1,2,2024-01-08
2024-01-08 07:00:00,"304,6195373535156","903,330017",1,2,2024-01-08
2024-01-08 08:00:00,"306,7302551269531","878,859985",1,2,2024-01-08
2024-01-08 09:00:00,"302,50128173828125","824,940002",1,2,2024-01-08
2024-01-08 10:00:00,"274,0932312011719","768,25",1,2,2024-01-08
2024-01-08 11:00:00,"243,38894653320312","712,309998",1,2,2024-01-08
2024-01-08 12:00:00,"243,41587829589844","701,349976",1,2,2024-01-08
2024-01-08 13:00:00,"270,3222351074219","763,25",1,2,2024-01-08
2024-01-08 14:00:00,"312,0023193359375","805,390015",1,2,2024-01-08
2024-01-08 15:00:00,"359,48773193359375","923,619995",1,2,2024-01-08
2024-01-08 16:00:00,"424,99725341796875","963,299988",1,2,2024-01-08
2024-01-08 17:00:00,"437,39874267578125","969,710022",1,2,2024-01-08
2024-01-08 18:00:00,"410,83905029296875","910,859985",1,2,2024-01-08
2024-01-08 19:00:00,"369,52362060546875","851,859985",1,2,2024-01-08
2024-01-08 20:00:00,"342,8538513183594","766,97998",1,2,2024-01-08
2024-01-08 21:00:00,"335,76953125","745,719971",1,2,2024-01-08
2024-01-08 22:00:00,"312,10174560546875","682,400024",1,2,2024-01-08
2024-01-08 23:00:00,"260,8080749511719","657,710022",1,2,2024-01-08
2024-01-09 00:00:00,"186,44203186035156","649,359985",1,2,2024-01-09
2024-01-09 01:00:00,"191,53884887695312","634,140015",1,2,2024-01-09
2024-01-09 02:00:00,"192,48435974121094","627,719971",1,2,2024-01-09
2024-01-09 03:00:00,"181,8419189453125","639,51001",1,2,2024-01-09
2024-01-09 04:00:00,"210,2998504638672","666,070007",1,2,2024-01-09
2024-01-09 05:00:00,"318,2617492675781","809,530029",1,2,2024-01-09
2024-01-09 06:00:00,"368,5556640625","925,539978",1,2,2024-01-09
2024-01-09 07:00:00,"402,75927734375","994,030029",1,2,2024-01-09
2024-01-09 08:00:00,"393,2231140136719","902,039978",1,2,2024-01-09
2024-01-09 09:00:00,"404,7743225097656","844,450012",1,2,2024-01-09
2024-01-09 10:00:00,"404,92095947265625","789,169983",1,2,2024-01-09
2024-01-09 11:00:00,"404,20947265625","747,690002",1,2,2024-01-09
2024-01-09 12:00:00,"398,60919189453125","752,159973",1,2,2024-01-09
2024-01-09 13:00:00,"414,6099548339844","827,289978",1,2,2024-01-09
2024-01-09 14:00:00,"498,11541748046875","890,780029",1,2,2024-01-09
2024-01-09 15:00:00,"543,815673828125","953,820007",1,2,2024-01-09
2024-01-09 16:00:00,"568,4200439453125","1028,349976",1,2,2024-01-09
2024-01-09 17:00:00,"535,6241455078125","1028,050049",1,2,2024-01-09
2024-01-09 18:00:00,"508,11767578125","973,070007",1,2,2024-01-09
2024-01-09 19:00:00,"435,56439208984375","897,039978",1,2,2024-01-09
2024-01-09 20:00:00,"399,62054443359375","833,179993",1,2,2024-01-09
2024-01-09 21:00:00,"398,5393981933594","792,150024",1,2,2024-01-09
2024-01-09 22:00:00,"365,1123962402344","724,340027",1,2,2024-01-09
2024-01-09 23:00:00,"309,17169189453125","665,900024",1,2,2024-01-09
2024-01-10 00:00:00,"295,9930725097656","647,039978",1,2,2024-01-10
2024-01-10 01:00:00,"297,9913635253906","646,809998",1,2,2024-01-10
2024-01-10 02:00:00,"267,8758239746094","642,039978",1,2,2024-01-10
2024-01-10 03:00:00,"237,159423828125","643,599976",1,2,2024-01-10
2024-01-10 04:00:00,"286,3191833496094","664,109985",1,2,2024-01-10
2024-01-10 05:00:00,"312,1915588378906","812,0",1,2,2024-01-10
2024-01-10 06:00:00,"446,0257568359375","941,840027",1,2,2024-01-10
2024-01-10 07:00:00,"518,3706665039062","1053,630005",1,2,2024-01-10
2024-01-10 08:00:00,"500,8324890136719","972,419983",1,2,2024-01-10
2024-01-10 09:00:00,"497,71295166015625","884,190002",1,2,2024-01-10
2024-01-10 10:00:00,"474,9753112792969","813,869995",1,2,2024-01-10
2024-01-10 11:00:00,"478,2935485839844","762,26001",1,2,2024-01-10
2024-01-10 12:00:00,"481,80908203125","787,609985",1,2,2024-01-10
2024-01-10 13:00:00,"495,9495849609375","842,059998",1,2,2024-01-10
2024-01-10 14:00:00,"554,7806396484375","923,27002",1,2,2024-01-10
2024-01-10 15:00:00,"560,8873901367188","1004,109985",1,2,2024-01-10
2024-01-10 16:00:00,"595,4614868164062","1072,349976",1,2,2024-01-10
2024-01-10 17:00:00,"584,6832885742188","1044,089966",1,2,2024-01-10
2024-01-10 18:00:00,"538,570556640625","985,539978",1,2,2024-01-10
2024-01-10 19:00:00,"502,0223693847656","894,929993",1,2,2024-01-10
2024-01-10 20:00:00,"395,9738464355469","818,559998",1,2,2024-01-10
2024-01-10 21:00:00,"393,3358154296875","779,26001",1,2,2024-01-10
2024-01-10 22:00:00,"319,55047607421875","677,909973",1,2,2024-01-10
2024-01-10 23:00:00,"305,06488037109375","684,27002",1,2,2024-01-10
2024-01-11 00:00:00,"208,2370147705078","660,700012",1,2,2024-01-11
2024-01-11 01:00:00,"194,3389892578125","650,710022",1,2,2024-01-11
2024-01-11 02:00:00,"154,99497985839844","614,390015",1,2,2024-01-11
2024-01-11 03:00:00,"156,2996826171875","611,179993",1,2,2024-01-11
2024-01-11 04:00:00,"211,8020782470703","666,440002",1,2,2024-01-11
2024-01-11 05:00:00,"309,6239929199219","761,22998",1,2,2024-01-11
2024-01-11 06:00:00,"423,7466125488281","871,530029",1,2,2024-01-11
2024-01-11 07:00:00,"453,14520263671875","1051,569946",1,2,2024-01-11
2024-01-11 08:00:00,"438,5753173828125","963,27002",1,2,2024-01-11
2024-01-11 09:00:00,"426,5623779296875","847,590027",1,2,2024-01-11
2024-01-11 10:00:00,"374,1197509765625","794,119995",1,2,2024-01-11
2024-01-11 11:00:00,"342,6749267578125","741,169983",1,2,2024-01-11
2024-01-11 12:00:00,"319,8675842285156","738,340027",1,2,2024-01-11
2024-01-11 13:00:00,"369,147705078125","790,390015",1,2,2024-01-11
2024-01-11 14:00:00,"404,6756591796875","879,73999",1,2,2024-01-11
2024-01-11 15:00:00,"446,73687744140625","1024,349976",1,2,2024-01-11
2024-01-11 16:00:00,"553,9944458007812","1119,359985",1,2,2024-01-11
2024-01-11 17:00:00,"562,0662231445312","1019,429993",1,2,2024-01-11
2024-01-11 18:00:00,"509,9946594238281","986,76001",1,2,2024-01-11
2024-01-11 19:00:00,"413,1019287109375","879,140015",1,2,2024-01-11
2024-01-11 20:00:00,"396,1342468261719","799,419983",1,2,2024-01-11
2024-01-11 21:00:00,"370,6829528808594","745,789978",1,2,2024-01-11
2024-01-11 22:00:00,"300,0541687011719","725,059998",1,2,2024-01-11
2024-01-11 23:00:00,"278,5838317871094","678,890015",1,2,2024-01-11
2024-01-12 00:00:00,"248,50045776367188","657,859985",1,2,2024-01-12
2024-01-12 01:00:00,"230,31373596191406","635,48999",1,2,2024-01-12
2024-01-12 02:00:00,"228,25437927246094","631,090027",1,2,2024-01-12
2024-01-12 03:00:00,"229,59364318847656","628,929993",1,2,2024-01-12
2024-01-12 04:00:00,"231,10186767578125","628,190002",1,2,2024-01-12
2024-01-12 05:00:00,"298,1080322265625","665,469971",1,2,2024-01-12
2024-01-12 06:00:00,"418,8487243652344","881,130005",1,2,2024-01-12
2024-01-12 07:00:00,"524,1473388671875","1049,51001",1,2,2024-01-12
2024-01-12 08:00:00,"477,4112548828125","1006,409973",1,2,2024-01-12
2024-01-12 09:00:00,"525,1080322265625","909,840027",1,2,2024-01-12
2024-01-12 10:00:00,"486,4923095703125","855,549988",1,2,2024-01-12
2024-01-12 11:00:00,"468,3771057128906","797,76001",1,2,2024-01-12
2024-01-12 12:00:00,"453,6658020019531","768,679993",1,2,2024-01-12
2024-01-12 13:00:00,"472,9715881347656","779,559998",1,2,2024-01-12
2024-01-12 14:00:00,"577,962646484375","820,280029",1,2,2024-01-12
2024-01-12 15:00:00,"577,7091064453125","894,849976",1,2,2024-01-12
2024-01-12 16:00:00,"589,963623046875","950,780029",1,2,2024-01-12
2024-01-12 17:00:00,"593,4957275390625","939,590027",1,2,2024-01-12
2024-01-12 18:00:00,"497,99505615234375","890,900024",1,2,2024-01-12
2024-01-12 19:00:00,"401,6549987792969","798,880005",1,2,2024-01-12
2024-01-12 20:00:00,"342,9687194824219","683,820007",1,2,2024-01-12
2024-01-12 21:00:00,"362,450439453125","634,0",1,2,2024-01-12
2024-01-12 22:00:00,"307,7064208984375","615,140015",1,2,2024-01-12
2024-01-12 23:00:00,"282,2897033691406","544,869995",1,2,2024-01-12
2024-01-13 00:00:00,"252,46994018554688","558,140015",1,2,2024-01-13
2024-01-13 01:00:00,"241,4477081298828","549,200012",1,2,2024-01-13
2024-01-13 02:00:00,"243,71673583984375","532,190002",1,2,2024-01-13
2024-01-13 03:00:00,"246,6789093017578","538,679993",1,2,2024-01-13
2024-01-13 04:00:00,"248,3950958251953","512,51001",1,2,2024-01-13
2024-01-13 05:00:00,"250,70162963867188","486,040009",1,2,2024-01-13
2024-01-13 06:00:00,"324,15020751953125","510,869995",1,2,2024-01-13
2024-01-13 07:00:00,"347,56805419921875","500,799988",1,2,2024-01-13
2024-01-13 08:00:00,"400,1767578125","546,659973",1,2,2024-01-13
2024-01-13 09:00:00,"412,4513854980469","537,039978",1,2,2024-01-13
2024-01-13 10:00:00,"428,14984130859375","529,289978",1,2,2024-01-13
2024-01-13 11:00:00,"420,1056823730469","521,609985",1,2,2024-01-13
2024-01-13 12:00:00,"388,11749267578125","474,779999",1,2,2024-01-13
2024-01-13 13:00:00,"435,4407653808594","506,390015",1,2,2024-01-13
2024-01-13 14:00:00,"481,0411376953125","511,609985",1,2,2024-01-13
2024-01-13 15:00:00,"510,8243103027344","527,789978",1,2,2024-01-13
2024-01-13 16:00:00,"597,73193359375","553,450012",1,2,2024-01-13
2024-01-13 17:00:00,"587,080810546875","565,299988",1,2,2024-01-13
2024-01-13 18:00:00,"506,89080810546875","550,460022",1,2,2024-01-13
2024-01-13 19:00:00,"484,1549987792969","544,799988",1,2,2024-01-13
2024-01-13 20:00:00,"428,03363037109375","528,909973",1,2,2024-01-13
2024-01-13 21:00:00,"378,04595947265625","479,470001",1,2,2024-01-13
2024-01-13 22:00:00,"374,047607421875","470,970001",1,2,2024-01-13
2024-01-13 23:00:00,"360,5315246582031","477,420013",1,2,2024-01-13
2024-01-14 00:00:00,"286,8912658691406","463,179993",1,2,2024-01-14
2024-01-14 01:00:00,"278,4975280761719","469,290009",1,2,2024-01-14
2024-01-14 02:00:00,"252,57408142089844","477,350006",1,2,2024-01-14
2024-01-14 03:00:00,"227,38072204589844","482,269989",1,2,2024-01-14
2024-01-14 04:00:00,"225,4272918701172","486,220001",1,2,2024-01-14
2024-01-14 05:00:00,"261,71405029296875","501,950012",1,2,2024-01-14
2024-01-14 06:00:00,"310,33074951171875","534,390015",1,2,2024-01-14
2024-01-14 07:00:00,"392,2915344238281","572,280029",1,2,2024-01-14
2024-01-14 08:00:00,"424,0675048828125","605,090027",1,2,2024-01-14
2024-01-14 09:00:00,"418,52972412109375","601,289978",1,2,2024-01-14
2024-01-14 10:00:00,"401,998046875","610,309998",1,2,2024-01-14
2024-01-14 11:00:00,"398,84637451171875","599,5",1,2,2024-01-14
2024-01-14 12:00:00,"363,47479248046875","574,52002",1,2,2024-01-14
2024-01-14 13:00:00,"350,0511779785156","590,25",1,2,2024-01-14
2024-01-14 14:00:00,"414,51531982421875","613,890015",1,2,2024-01-14
2024-01-14 15:00:00,"422,50311279296875","645,960022",1,2,2024-01-14
2024-01-14 16:00:00,"442,47576904296875","685,030029",1,2,2024-01-14
2024-01-14 17:00:00,"398,36285400390625","705,76001",1,2,2024-01-14
2024-01-14 18:00:00,"305,1492004394531","635,809998",1,2,2024-01-14
2024-01-14 19:00:00,"300,0835266113281","589,580017",1,2,2024-01-14
2024-01-14 20:00:00,"296,2496032714844","586,150024",1,2,2024-01-14
2024-01-14 21:00:00,"289,86798095703125","562,210022",1,2,2024-01-14
2024-01-14 22:00:00,"281,3878479003906","501,059998",1,2,2024-01-14
2024-01-14 23:00:00,"251,16114807128906","506,350006",1,2,2024-01-14
2024-01-15 00:00:00,"238,2223358154297","484,730011",1,3,2024-01-15
2024-01-15 01:00:00,"248,255126953125","476,820007",1,3,2024-01-15
2024-01-15 02:00:00,"224,5738067626953","462,649994",1,3,2024-01-15
2024-01-15 03:00:00,"221,2196044921875","462,649994",1,3,2024-01-15
2024-01-15 04:00:00,"246,16465759277344","516,419983",1,3,2024-01-15
2024-01-15 05:00:00,"282,8266296386719","596,219971",1,3,2024-01-15
2024-01-15 06:00:00,"351,630615234375","625,22998",1,3,2024-01-15
2024-01-15 07:00:00,"380,9680480957031","740,52002",1,3,2024-01-15
2024-01-15 08:00:00,"363,4111328125","747,900024",1,3,2024-01-15
2024-01-15 09:00:00,"448,5473327636719","707,549988",1,3,2024-01-15
2024-01-15 10:00:00,"387,0740051269531","673,099976",1,3,2024-01-15
2024-01-15 11:00:00,"337,3795166015625","625,369995",1,3,2024-01-15
2024-01-15 12:00:00,"339,58233642578125","612,619995",1,3,2024-01-15
2024-01-15 13:00:00,"424,1591491699219","630,150024",1,3,2024-01-15
2024-01-15 14:00:00,"463,40728759765625","666,98999",1,3,2024-01-15
2024-01-15 15:00:00,"506,2188415527344","745,140015",1,3,2024-01-15
2024-01-15 16:00:00,"539,5083618164062","813,450012",1,3,2024-01-15
2024-01-15 17:00:00,"544,1061401367188","861,849976",1,3,2024-01-15
2024-01-15 18:00:00,"495,205078125","825,22998",1,3,2024-01-15
2024-01-15 19:00:00,"469,6353759765625","769,22998",1,3,2024-01-15
2024-01-15 20:00:00,"431,9957580566406","693,159973",1,3,2024-01-15
2024-01-15 21:00:00,"429,7498474121094","667,359985",1,3,2024-01-15
2024-01-15 22:00:00,"364,4681701660156","644,539978",1,3,2024-01-15
2024-01-15 23:00:00,"343,6164855957031","607,469971",1,3,2024-01-15
2024-01-16 00:00:00,"320,7432861328125","607,099976",1,3,2024-01-16
2024-01-16 01:00:00,"319,408447265625","597,179993",1,3,2024-01-16
2024-01-16 02:00:00,"323,4344787597656","583,679993",1,3,2024-01-16
2024-01-16 03:00:00,"298,8345031738281","578,679993",1,3,2024-01-16
2024-01-16 04:00:00,"359,3828125","622,390015",1,3,2024-01-16
2024-01-16 05:00:00,"453,1534118652344","701,590027",1,3,2024-01-16
2024-01-16 06:00:00,"482,59552001953125","855,97998",1,3,2024-01-16
2024-01-16 07:00:00,"534,7247314453125","1119,849976",1,3,2024-01-16
2024-01-16 08:00:00,"493,8974609375","1121,119995",1,3,2024-01-16
2024-01-16 09:00:00,"501,8527526855469","1039,670044",1,3,2024-01-16
2024-01-16 10:00:00,"471,5674743652344","871,940002",1,3,2024-01-16
2024-01-16 11:00:00,"481,1670837402344","771,400024",1,3,2024-01-16
2024-01-16 12:00:00,"486,8469543457031","708,380005",1,3,2024-01-16
2024-01-16 13:00:00,"517,5750122070312","715,98999",1,3,2024-01-16
2024-01-16 14:00:00,"556,0969848632812","822,27002",1,3,2024-01-16
2024-01-16 15:00:00,"652,7977294921875","830,77002",1,3,2024-01-16
2024-01-16 16:00:00,"666,2025756835938","955,77002",1,3,2024-01-16
2024-01-16 17:00:00,"641,739501953125","949,5",1,3,2024-01-16
2024-01-16 18:00:00,"596,685302734375","833,599976",1,3,2024-01-16
2024-01-16 19:00:00,"544,1786499023438","712,179993",1,3,2024-01-16
2024-01-16 20:00:00,"499,49560546875","642,969971",1,3,2024-01-16
2024-01-16 21:00:00,"482,51007080078125","611,869995",1,3,2024-01-16
2024-01-16 22:00:00,"431,10479736328125","579,429993",1,3,2024-01-16
2024-01-16 23:00:00,"364,49932861328125","506,070007",1,3,2024-01-16
2024-01-17 00:00:00,"378,41937255859375","502,269989",1,3,2024-01-17
2024-01-17 01:00:00,"378,4361572265625","495,779999",1,3,2024-01-17
2024-01-17 02:00:00,"370,87384033203125","489,220001",1,3,2024-01-17
2024-01-17 03:00:00,"381,3268127441406","487,429993",1,3,2024-01-17
2024-01-17 04:00:00,"408,0349426269531","487,209991",1,3,2024-01-17
2024-01-17 05:00:00,"467,06256103515625","499,209991",1,3,2024-01-17
2024-01-17 06:00:00,"594,5823364257812","591,23999",1,3,2024-01-17
2024-01-17 07:00:00,"678,9532470703125","715,929993",1,3,2024-01-17
2024-01-17 08:00:00,"666,4909057617188","767,159973",1,3,2024-01-17
2024-01-17 09:00:00,"620,1102294921875","797,289978",1,3,2024-01-17
2024-01-17 10:00:00,"580,7449951171875","802,890015",1,3,2024-01-17
2024-01-17 11:00:00,"549,1023559570312","877,840027",1,3,2024-01-17
2024-01-17 12:00:00,"548,6150512695312","907,590027",1,3,2024-01-17
2024-01-17 13:00:00,"611,7523803710938","907,890015",1,3,2024-01-17
2024-01-17 14:00:00,"675,2803344726562","935,630005",1,3,2024-01-17
2024-01-17 15:00:00,"709,390380859375","958,75",1,3,2024-01-17
2024-01-17 16:00:00,"753,9627075195312","1047,939941",1,3,2024-01-17
2024-01-17 17:00:00,"730,879638671875","921,690002",1,3,2024-01-17
2024-01-17 18:00:00,"689,146240234375","852,26001",1,3,2024-01-17
2024-01-17 19:00:00,"613,3494873046875","818,849976",1,3,2024-01-17
2024-01-17 20:00:00,"514,2727661132812","753,890015",1,3,2024-01-17
2024-01-17 21:00:00,"470,00250244140625","703,099976",1,3,2024-01-17
2024-01-17 22:00:00,"378,85430908203125","627,710022",1,3,2024-01-17
2024-01-17 23:00:00,"410,38916015625","606,580017",1,3,2024-01-17
2024-01-18 00:00:00,"348,6346740722656","575,780029",1,3,2024-01-18
2024-01-18 01:00:00,"330,3785400390625","561,530029",1,3,2024-01-18
2024-01-18 02:00:00,"293,32183837890625","558,700012",1,3,2024-01-18
2024-01-18 03:00:00,"308,3577880859375","578,539978",1,3,2024-01-18
2024-01-18 04:00:00,"363,0439453125","604,119995",1,3,2024-01-18
2024-01-18 05:00:00,"470,9283447265625","680,570007",1,3,2024-01-18
2024-01-18 06:00:00,"566,17724609375","831,969971",1,3,2024-01-18
2024-01-18 07:00:00,"663,9815063476562","938,919983",1,3,2024-01-18
2024-01-18 08:00:00,"653,7811279296875","911,179993",1,3,2024-01-18
2024-01-18 09:00:00,"592,0595703125","827,119995",1,3,2024-01-18
2024-01-18 10:00:00,"529,2836303710938","805,119995",1,3,2024-01-18
2024-01-18 11:00:00,"503,78387451171875","697,719971",1,3,2024-01-18
2024-01-18 12:00:00,"497,358154296875","653,48999",1,3,2024-01-18
2024-01-18 13:00:00,"558,736328125","644,619995",1,3,2024-01-18
2024-01-18 14:00:00,"610,9769897460938","702,940002",1,3,2024-01-18
2024-01-18 15:00:00,"704,151123046875","742,25",1,3,2024-01-18
2024-01-18 16:00:00,"818,1469116210938","780,72998",1,3,2024-01-18
2024-01-18 17:00:00,"804,3618774414062","770,140015",1,3,2024-01-18
2024-01-18 18:00:00,"744,776611328125","705,030029",1,3,2024-01-18
2024-01-18 19:00:00,"601,4664916992188","648,650024",1,3,2024-01-18
2024-01-18 20:00:00,"549,1074829101562","605,090027",1,3,2024-01-18
2024-01-18 21:00:00,"521,3722534179688","577,48999",1,3,2024-01-18
2024-01-18 22:00:00,"484,5488586425781","532,0",1,3,2024-01-18
2024-01-18 23:00:00,"461,80169677734375","510,089996",1,3,2024-01-18
2024-01-19 00:00:00,"447,2068786621094","487,269989",1,3,2024-01-19
2024-01-19 01:00:00,"432,6969909667969","477,649994",1,3,2024-01-19
2024-01-19 02:00:00,"426,45611572265625","468,029999",1,3,2024-01-19
2024-01-19 03:00:00,"426,38897705078125","472,209991",1,3,2024-01-19
2024-01-19 04:00:00,"443,75335693359375","491,079987",1,3,2024-01-19
2024-01-19 05:00:00,"483,37261962890625","564,830017",1,3,2024-01-19
2024-01-19 06:00:00,"569,4580078125","639,330017",1,3,2024-01-19
2024-01-19 07:00:00,"739,9796752929688","776,030029",1,3,2024-01-19
2024-01-19 08:00:00,"653,7845458984375","767,0",1,3,2024-01-19
2024-01-19 09:00:00,"630,6846313476562","709,580017",1,3,2024-01-19
2024-01-19 10:00:00,"614,9381103515625","644,030029",1,3,2024-01-19
2024-01-19 11:00:00,"583,0614013671875","572,960022",1,3,2024-01-19
2024-01-19 12:00:00,"551,239990234375","547,01001",1,3,2024-01-19
2024-01-19 13:00:00,"565,0968017578125","560,880005",1,3,2024-01-19
2024-01-19 14:00:00,"652,2781982421875","577,580017",1,3,2024-01-19
2024-01-19 15:00:00,"736,7376098632812","631,570007",1,3,2024-01-19
2024-01-19 16:00:00,"809,2300415039062","698,02002",1,3,2024-01-19
2024-01-19 17:00:00,"751,5653686523438","656,630005",1,3,2024-01-19
2024-01-19 18:00:00,"615,0392456054688","576,98999",1,3,2024-01-19
2024-01-19 19:00:00,"601,4039916992188","551,849976",1,3,2024-01-19
2024-01-19 20:00:00,"505,60333251953125","530,380005",1,3,2024-01-19
2024-01-19 21:00:00,"497,39404296875","511,880005",1,3,2024-01-19
2024-01-19 22:00:00,"486,4641418457031","482,869995",1,3,2024-01-19
2024-01-19 23:00:00,"453,89642333984375","492,200012",1,3,2024-01-19
2024-01-20 00:00:00,"444,9366760253906","473,179993",1,3,2024-01-20
2024-01-20 01:00:00,"449,8996276855469","473,850006",1,3,2024-01-20
2024-01-20 02:00:00,"426,8641052246094","461,019989",1,3,2024-01-20
2024-01-20 03:00:00,"412,0584411621094","461,25",1,3,2024-01-20
2024-01-20 04:00:00,"417,27166748046875","460,5",1,3,2024-01-20
2024-01-20 05:00:00,"428,86724853515625","466,769989",1,3,2024-01-20
2024-01-20 06:00:00,"479,6905212402344","498,910004",1,3,2024-01-20
2024-01-20 07:00:00,"509,37799072265625","557,969971",1,3,2024-01-20
2024-01-20 08:00:00,"516,681396484375","580,940002",1,3,2024-01-20
2024-01-20 09:00:00,"511,8117980957031","535,450012",1,3,2024-01-20
2024-01-20 10:00:00,"489,0584411621094","527,77002",1,3,2024-01-20
2024-01-20 11:00:00,"498,849365234375","505,100006",1,3,2024-01-20
2024-01-20 12:00:00,"479,28594970703125","512,929993",1,3,2024-01-20
2024-01-20 13:00:00,"521,78173828125","547,309998",1,3,2024-01-20
2024-01-20 14:00:00,"573,2258911132812","589,960022",1,3,2024-01-20
2024-01-20 15:00:00,"619,2023315429688","654,77002",1,3,2024-01-20
2024-01-20 16:00:00,"647,9757080078125","707,940002",1,3,2024-01-20
2024-01-20 17:00:00,"632,036376953125","744,780029",1,3,2024-01-20
2024-01-20 18:00:00,"586,614990234375","682,880005",1,3,2024-01-20
2024-01-20 19:00:00,"548,3086547851562","596,599976",1,3,2024-01-20
2024-01-20 20:00:00,"525,6593017578125","547,309998",1,3,2024-01-20
2024-01-20 21:00:00,"498,93817138671875","525,159973",1,3,2024-01-20
2024-01-20 22:00:00,"458,7858581542969","499,579987",1,3,2024-01-20
2024-01-20 23:00:00,"475,4399719238281","445,26001",1,3,2024-01-20
2024-01-21 00:00:00,"414,74835205078125","429,230011",1,3,2024-01-21
2024-01-21 01:00:00,"415,2314758300781","411,329987",1,3,2024-01-21
2024-01-21 02:00:00,"404,727294921875","379,549988",1,3,2024-01-21
2024-01-21 03:00:00,"400,92681884765625","361,799988",1,3,2024-01-21
2024-01-21 04:00:00,"412,8777770996094","353,899994",1,3,2024-01-21
2024-01-21 05:00:00,"415,58380126953125","339,579987",1,3,2024-01-21
2024-01-21 06:00:00,"432,99761962890625","327,869995",1,3,2024-01-21
2024-01-21 07:00:00,"456,52178955078125","383,059998",1,3,2024-01-21
2024-01-21 08:00:00,"474,9104309082031","405,429993",1,3,2024-01-21
2024-01-21 09:00:00,"483,6101989746094","343,529999",1,3,2024-01-21
2024-01-21 10:00:00,"474,6004638671875","363,0",1,3,2024-01-21
2024-01-21 11:00:00,"473,13946533203125","287,0",1,3,2024-01-21
2024-01-21 12:00:00,"451,55810546875","281,100006",1,3,2024-01-21
2024-01-21 13:00:00,"469,25469970703125","330,399994",1,3,2024-01-21
2024-01-21 14:00:00,"493,5889892578125","365,76001",1,3,2024-01-21
2024-01-21 15:00:00,"521,182861328125","371,649994",1,3,2024-01-21
2024-01-21 16:00:00,"546,2933959960938","422,51001",1,3,2024-01-21
2024-01-21 17:00:00,"536,6549072265625","458,309998",1,3,2024-01-21
2024-01-21 18:00:00,"506,15460205078125","437,359985",1,3,2024-01-21
2024-01-21 19:00:00,"493,16455078125","384,100006",1,3,2024-01-21
2024-01-21 20:00:00,"465,7355651855469","391,26001",1,3,2024-01-21
2024-01-21 21:00:00,"455,4986877441406","375,829987",1,3,2024-01-21
2024-01-21 22:00:00,"403,40020751953125","294,309998",1,3,2024-01-21
2024-01-21 23:00:00,"413,0566711425781","273,420013",1,3,2024-01-21
2024-01-22 00:00:00,"407,9377136230469","165,869995",1,4,2024-01-22
2024-01-22 01:00:00,"419,8517761230469","138,869995",1,4,2024-01-22
2024-01-22 02:00:00,"394,2850646972656","37,59",1,4,2024-01-22
2024-01-22 03:00:00,"418,5871887207031","37,740002",1,4,2024-01-22
2024-01-22 04:00:00,"436,43011474609375","149,169998",1,4,2024-01-22
2024-01-22 05:00:00,"480,86175537109375","302,059998",1,4,2024-01-22
2024-01-22 06:00:00,"506,4167785644531","451,01001",1,4,2024-01-22
2024-01-22 07:00:00,"488,23724365234375","495,829987",1,4,2024-01-22
2024-01-22 08:00:00,"490,5104675292969","429,450012",1,4,2024-01-22
2024-01-22 09:00:00,"480,7078552246094","459,059998",1,4,2024-01-22
2024-01-22 10:00:00,"458,2939147949219","451,970001",1,4,2024-01-22
2024-01-22 11:00:00,"459,6263732910156","424,529999",1,4,2024-01-22
2024-01-22 12:00:00,"448,58392333984375","423,040009",1,4,2024-01-22
2024-01-22 13:00:00,"462,7381896972656","434,299988",1,4,2024-01-22
2024-01-22 14:00:00,"495,285400390625","445,48999",1,4,2024-01-22
2024-01-22 15:00:00,"646,33154296875","447,429993",1,4,2024-01-22
2024-01-22 16:00:00,"743,0355224609375","461,299988",1,4,2024-01-22
2024-01-22 17:00:00,"741,8475952148438","455,179993",1,4,2024-01-22
2024-01-22 18:00:00,"711,133544921875","447,720001",1,4,2024-01-22
2024-01-22 19:00:00,"685,98095703125","444,519989",1,4,2024-01-22
2024-01-22 20:00:00,"588,4375","425,119995",1,4,2024-01-22
2024-01-22 21:00:00,"557,6795043945312","416,850006",1,4,2024-01-22
2024-01-22 22:00:00,"504,1309814453125","372,019989",1,4,2024-01-22
2024-01-22 23:00:00,"476,9305114746094","121,040001",1,4,2024-01-22
2024-01-23 00:00:00,"473,5593566894531","75,330002",1,4,2024-01-23
2024-01-23 01:00:00,"478,9124450683594","69,879997",1,4,2024-01-23
2024-01-23 02:00:00,"464,4776611328125","31,1",1,4,2024-01-23
2024-01-23 03:00:00,"458,03448486328125","76,220001",1,4,2024-01-23
2024-01-23 04:00:00,"489,7587585449219","292,579987",1,4,2024-01-23
2024-01-23 05:00:00,"633,2640991210938","439,940002",1,4,2024-01-23
2024-01-23 06:00:00,"758,5267333984375","454,410004",1,4,2024-01-23
2024-01-23 07:00:00,"845,8990478515625","461,649994",1,4,2024-01-23
2024-01-23 08:00:00,"796,293212890625","455,76001",1,4,2024-01-23
2024-01-23 09:00:00,"774,1354370117188","447,25",1,4,2024-01-23
2024-01-23 10:00:00,"744,422119140625","443,299988",1,4,2024-01-23
2024-01-23 11:00:00,"722,0629272460938","441,059998",1,4,2024-01-23
2024-01-23 12:00:00,"707,768798828125","443,230011",1,4,2024-01-23
2024-01-23 13:00:00,"727,4241943359375","461,649994",1,4,2024-01-23
2024-01-23 14:00:00,"816,8717651367188","468,059998",1,4,2024-01-23
2024-01-23 15:00:00,"827,9908447265625","494,390015",1,4,2024-01-23
2024-01-23 16:00:00,"910,5224609375","510,570007",1,4,2024-01-23
2024-01-23 17:00:00,"828,58837890625","498,040009",1,4,2024-01-23
2024-01-23 18:00:00,"744,0289306640625","472,390015",1,4,2024-01-23
2024-01-23 19:00:00,"669,5645141601562","450,910004",1,4,2024-01-23
2024-01-23 20:00:00,"584,7234497070312","400,790009",1,4,2024-01-23
2024-01-23 21:00:00,"528,1524047851562","338,290009",1,4,2024-01-23
2024-01-23 22:00:00,"461,0929260253906","248,050003",1,4,2024-01-23
2024-01-23 23:00:00,"425,2854919433594","22,74",1,4,2024-01-23
2024-01-24 00:00:00,"411,32061767578125","-0,22",1,4,2024-01-24
2024-01-24 01:00:00,"436,01953125","0,0",1,4,2024-01-24
2024-01-24 02:00:00,"416,7521667480469","-0,07",1,4,2024-01-24
2024-01-24 03:00:00,"421,63543701171875","-0,15",1,4,2024-01-24
2024-01-24 04:00:00,"442,11407470703125","-1,34",1,4,2024-01-24
2024-01-24 05:00:00,"492,2004699707031","110,07",1,4,2024-01-24
2024-01-24 06:00:00,"592,2716064453125","313,869995",1,4,2024-01-24
2024-01-24 07:00:00,"703,7730712890625","373,380005",1,4,2024-01-24
2024-01-24 08:00:00,"701,2833251953125","369,429993",1,4,2024-01-24
2024-01-24 09:00:00,"647,6248779296875","373,600006",1,4,2024-01-24
2024-01-24 10:00:00,"635,5103149414062","378,670013",1,4,2024-01-24
2024-01-24 11:00:00,"650,4711303710938","293,209991",1,4,2024-01-24
2024-01-24 12:00:00,"675,9573974609375","271,73999",1,4,2024-01-24
2024-01-24 13:00:00,"708,1266479492188","335,869995",1,4,2024-01-24
2024-01-24 14:00:00,"762,284912109375","372,480011",1,4,2024-01-24
2024-01-24 15:00:00,"852,81005859375","378,820007",1,4,2024-01-24
2024-01-24 16:00:00,"949,5111694335938","404,25",1,4,2024-01-24
2024-01-24 17:00:00,"935,4713745117188","397,609985",1,4,2024-01-24
2024-01-24 18:00:00,"856,9060668945312","373,529999",1,4,2024-01-24
2024-01-24 19:00:00,"732,954833984375","314,540009",1,4,2024-01-24
2024-01-24 20:00:00,"673,2913208007812","298,579987",1,4,2024-01-24
2024-01-24 21:00:00,"591,5457763671875","313,269989",1,4,2024-01-24
2024-01-24 22:00:00,"541,5247192382812","287,320007",1,4,2024-01-24
2024-01-24 23:00:00,"489,03985595703125","330,630005",1,4,2024-01-24
2024-01-25 00:00:00,"492,31146240234375","335,98999",1,4,2024-01-25
2024-01-25 01:00:00,"493,61151123046875","323,170013",1,4,2024-01-25
2024-01-25 02:00:00,"460,05645751953125","334,950012",1,4,2024-01-25
2024-01-25 03:00:00,"463,4631042480469","344,640015",1,4,2024-01-25
2024-01-25 04:00:00,"504,08160400390625","390,579987",1,4,2024-01-25
2024-01-25 05:00:00,"621,2713623046875","432,709991",1,4,2024-01-25
2024-01-25 06:00:00,"739,4583129882812","492,51001",1,4,2024-01-25
2024-01-25 07:00:00,"854,1880493164062","663,789978",1,4,2024-01-25
2024-01-25 08:00:00,"836,3778686523438","635,679993",1,4,2024-01-25
2024-01-25 09:00:00,"770,73046875","606,599976",1,4,2024-01-25
2024-01-25 10:00:00,"717,8321533203125","568,340027",1,4,2024-01-25
2024-01-25 11:00:00,"670,88916015625","545,450012",1,4,2024-01-25
2024-01-25 12:00:00,"670,0150756835938","566,630005",1,4,2024-01-25
2024-01-25 13:00:00,"689,210205078125","633,659973",1,4,2024-01-25
2024-01-25 14:00:00,"760,79638671875","686,530029",1,4,2024-01-25
2024-01-25 15:00:00,"871,2296752929688","755,950012",1,4,2024-01-25
2024-01-25 16:00:00,"989,9248046875","920,0",1,4,2024-01-25
2024-01-25 17:00:00,"948,8145141601562","861,539978",1,4,2024-01-25
2024-01-25 18:00:00,"875,33154296875","736,640015",1,4,2024-01-25
2024-01-25 19:00:00,"763,8760375976562","679,070007",1,4,2024-01-25
2024-01-25 20:00:00,"699,4921264648438","643,580017",1,4,2024-01-25
2024-01-25 21:00:00,"686,01904296875","599,73999",1,4,2024-01-25
2024-01-25 22:00:00,"662,6287841796875","560,440002",1,4,2024-01-25
2024-01-25 23:00:00,"605,6373901367188","468,200012",1,4,2024-01-25
2024-01-26 00:00:00,"595,1527099609375","461,940002",1,4,2024-01-26
2024-01-26 01:00:00,"568,1993408203125","436,070007",1,4,2024-01-26
2024-01-26 02:00:00,"550,951416015625","408,480011",1,4,2024-01-26
2024-01-26 03:00:00,"559,0104370117188","355,029999",1,4,2024-01-26
2024-01-26 04:00:00,"574,6444702148438","377,619995",1,4,2024-01-26
2024-01-26 05:00:00,"634,306396484375","419,519989",1,4,2024-01-26
2024-01-26 06:00:00,"762,8243408203125","469,470001",1,4,2024-01-26
2024-01-26 07:00:00,"829,4005126953125","484,149994",1,4,2024-01-26
2024-01-26 08:00:00,"841,394287109375","475,660004",1,4,2024-01-26
2024-01-26 09:00:00,"789,3289184570312","456,420013",1,4,2024-01-26
2024-01-26 10:00:00,"762,6609497070312","437,929993",1,4,2024-01-26
2024-01-26 11:00:00,"746,4564819335938","389,769989",1,4,2024-01-26
2024-01-26 12:00:00,"743,1688842773438","346,450012",1,4,2024-01-26
2024-01-26 13:00:00,"738,6218872070312","367,399994",1,4,2024-01-26
2024-01-26 14:00:00,"790,5304565429688","373,589996",1,4,2024-01-26
2024-01-26 15:00:00,"880,70263671875","393,200012",1,4,2024-01-26
2024-01-26 16:00:00,"840,8551635742188","427,720001",1,4,2024-01-26
2024-01-26 17:00:00,"848,3892822265625","412,140015",1,4,2024-01-26
2024-01-26 18:00:00,"779,723876953125","406,540009",1,4,2024-01-26
2024-01-26 19:00:00,"732,4146728515625","404,980011",1,4,2024-01-26
2024-01-26 20:00:00,"665,68212890625","405,200012",1,4,2024-01-26
2024-01-26 21:00:00,"618,0732421875","405,5",1,4,2024-01-26
2024-01-26 22:00:00,"550,9828491210938","400,429993",1,4,2024-01-26
2024-01-26 23:00:00,"558,1338500976562","405,869995",1,4,2024-01-26
2024-01-27 00:00:00,"558,0280151367188","410,26001",1,4,2024-01-27
2024-01-27 01:00:00,"566,2898559570312","419,059998",1,4,2024-01-27
2024-01-27 02:00:00,"531,3714599609375","410,410004",1,4,2024-01-27
2024-01-27 03:00:00,"530,1322631835938","415,559998",1,4,2024-01-27
2024-01-27 04:00:00,"530,5535278320312","423,679993",1,4,2024-01-27
2024-01-27 05:00:00,"548,0965576171875","426,73999",1,4,2024-01-27
2024-01-27 06:00:00,"569,46630859375","431,359985",1,4,2024-01-27
2024-01-27 07:00:00,"601,1758422851562","433,380005",1,4,2024-01-27
2024-01-27 08:00:00,"602,950927734375","436,130005",1,4,2024-01-27
2024-01-27 09:00:00,"589,7106323242188","433,899994",1,4,2024-01-27
2024-01-27 10:00:00,"577,9901123046875","422,040009",1,4,2024-01-27
2024-01-27 11:00:00,"566,0882568359375","416,299988",1,4,2024-01-27
2024-01-27 12:00:00,"549,7804565429688","401,690002",1,4,2024-01-27
2024-01-27 13:00:00,"572,3153686523438","440,910004",1,4,2024-01-27
2024-01-27 14:00:00,"582,0481567382812","432,029999",1,4,2024-01-27
2024-01-27 15:00:00,"639,1174926757812","439,339996",1,4,2024-01-27
2024-01-27 16:00:00,"710,1632690429688","460,359985",1,4,2024-01-27
2024-01-27 17:00:00,"675,7421875","457,079987",1,4,2024-01-27
2024-01-27 18:00:00,"645,6060180664062","443,070007",1,4,2024-01-27
2024-01-27 19:00:00,"621,940185546875","433,970001",1,4,2024-01-27
2024-01-27 20:00:00,"576,2382202148438","431,290009",1,4,2024-01-27
2024-01-27 21:00:00,"549,7796630859375","430,390015",1,4,2024-01-27
2024-01-27 22:00:00,"517,4422607421875","429,5",1,4,2024-01-27
2024-01-27 23:00:00,"510,64227294921875","497,75",1,4,2024-01-27
2024-01-28 00:00:00,"506,6915283203125","438,339996",1,4,2024-01-28
2024-01-28 01:00:00,"506,9694519042969","434,309998",1,4,2024-01-28
2024-01-28 02:00:00,"475,0345458984375","430,290009",1,4,2024-01-28
2024-01-28 03:00:00,"483,1706237792969","431,399994",1,4,2024-01-28
2024-01-28 04:00:00,"493,14874267578125","429,609985",1,4,2024-01-28
2024-01-28 05:00:00,"495,4275817871094","430,290009",1,4,2024-01-28
2024-01-28 06:00:00,"496,85198974609375","439,679993",1,4,2024-01-28
2024-01-28 07:00:00,"515,5083618164062","441,320007",1,4,2024-01-28
2024-01-28 08:00:00,"532,5343627929688","410,609985",1,4,2024-01-28
2024-01-28 09:00:00,"527,0989990234375","381,380005",1,4,2024-01-28
2024-01-28 10:00:00,"518,0493774414062","341,049988",1,4,2024-01-28
2024-01-28 11:00:00,"522,3319091796875","309,970001",1,4,2024-01-28
2024-01-28 12:00:00,"507,562255859375","298,859985",1,4,2024-01-28
2024-01-28 13:00:00,"533,2838134765625","377,579987",1,4,2024-01-28
2024-01-28 14:00:00,"548,288818359375","420,519989",1,4,2024-01-28
2024-01-28 15:00:00,"583,6723022460938","431,850006",1,4,2024-01-28
2024-01-28 16:00:00,"648,2572021484375","431,329987",1,4,2024-01-28
2024-01-28 17:00:00,"637,9061279296875","427,380005",1,4,2024-01-28
2024-01-28 18:00:00,"622,3897094726562","422,01001",1,4,2024-01-28
2024-01-28 19:00:00,"579,8535766601562","405,089996",1,4,2024-01-28
2024-01-28 20:00:00,"540,90478515625","400,98999",1,4,2024-01-28
2024-01-28 21:00:00,"527,5826416015625","400,390015",1,4,2024-01-28
2024-01-28 22:00:00,"467,2101745605469","392,790009",1,4,2024-01-28
2024-01-28 23:00:00,"464,6609802246094","363,339996",1,4,2024-01-28
2024-04-01 00:00:00,"448,9870300292969","343,549988",2,1,2024-04-01
2024-04-01 01:00:00,"448,4287109375","325,049988",2,1,2024-04-01
2024-04-01 02:00:00,"461,7274475097656","368,459991",2,1,2024-04-01
2024-04-01 03:00:00,"472,8589172363281","390,459991",2,1,2024-04-01
2024-04-01 04:00:00,"530,5167236328125","437,899994",2,1,2024-04-01
2024-04-01 05:00:00,"601,6487426757812","481,01001",2,1,2024-04-01
2024-04-01 06:00:00,"705,8701171875","437,899994",2,1,2024-04-01
2024-04-01 07:00:00,"688,3666381835938","454,160004",2,1,2024-04-01
2024-04-01 08:00:00,"589,8926391601562","405,450012",2,1,2024-04-01
2024-04-01 09:00:00,"519,9034423828125","334,0",2,1,2024-04-01
2024-04-01 10:00:00,"463,2103271484375","363,609985",2,1,2024-04-01
2024-04-01 11:00:00,"471,24249267578125","262,470001",2,1,2024-04-01
2024-04-01 12:00:00,"470,4880065917969","253,740005",2,1,2024-04-01
2024-04-01 13:00:00,"475,5315246582031","325,799988",2,1,2024-04-01
2024-04-01 14:00:00,"520,9907836914062","331,170013",2,1,2024-04-01
2024-04-01 15:00:00,"571,181396484375","304,089996",2,1,2024-04-01
2024-04-01 16:00:00,"716,4776000976562","364,429993",2,1,2024-04-01
2024-04-01 17:00:00,"953,3568725585938","373,529999",2,1,2024-04-01
2024-04-01 18:00:00,"917,645751953125","381,290009",2,1,2024-04-01
2024-04-01 19:00:00,"743,3486328125","365,399994",2,1,2024-04-01
2024-04-01 20:00:00,"596,9904174804688","305,809998",2,1,2024-04-01
2024-04-01 21:00:00,"574,4618530273438","221,0",2,1,2024-04-01
2024-04-01 22:00:00,"536,6766967773438","323,410004",2,1,2024-04-01
2024-04-01 23:00:00,"538,7647705078125","270,970001",2,1,2024-04-01
2024-04-02 00:00:00,"530,7577514648438","122,769997",2,1,2024-04-02
2024-04-02 01:00:00,"533,1881713867188","56,240002",2,1,2024-04-02
2024-04-02 02:00:00,"534,5516357421875","14,47",2,1,2024-04-02
2024-04-02 03:00:00,"529,374267578125","54,220001",2,1,2024-04-02
2024-04-02 04:00:00,"533,5892944335938","426,790009",2,1,2024-04-02
2024-04-02 05:00:00,"598,2117309570312","554,630005",2,1,2024-04-02
2024-04-02 06:00:00,"691,433837890625","514,130005",2,1,2024-04-02
2024-04-02 07:00:00,"651,6263427734375","350,410004",2,1,2024-04-02
2024-04-02 08:00:00,"566,9119873046875","285,589996",2,1,2024-04-02
2024-04-02 09:00:00,"474,7127685546875","293,130005",2,1,2024-04-02
2024-04-02 10:00:00,"429,908935546875","298,869995",2,1,2024-04-02
2024-04-02 11:00:00,"404,7824401855469","325,420013",2,1,2024-04-02
2024-04-02 12:00:00,"409,67333984375","248,970001",2,1,2024-04-02
2024-04-02 13:00:00,"441,98687744140625","187,210007",2,1,2024-04-02
2024-04-02 14:00:00,"504,739990234375","65,860001",2,1,2024-04-02
2024-04-02 15:00:00,"583,5909423828125","309,23999",2,1,2024-04-02
2024-04-02 16:00:00,"670,8175048828125","542,25",2,1,2024-04-02
2024-04-02 17:00:00,"796,664794921875","711,48999",2,1,2024-04-02
2024-04-02 18:00:00,"801,6047973632812","707,679993",2,1,2024-04-02
2024-04-02 19:00:00,"677,10107421875","582,75",2,1,2024-04-02
2024-04-02 20:00:00,"612,8685913085938","558,359985",2,1,2024-04-02
2024-04-02 21:00:00,"569,8164672851562","528,669983",2,1,2024-04-02
2024-04-02 22:00:00,"534,036376953125","552,840027",2,1,2024-04-02
2024-04-02 23:00:00,"492,12933349609375","535,090027",2,1,2024-04-02
2024-04-03 00:00:00,"484,9549255371094","522,419983",2,1,2024-04-03
2024-04-03 01:00:00,"485,1647644042969","482,220001",2,1,2024-04-03
2024-04-03 02:00:00,"485,0641174316406","483,929993",2,1,2024-04-03
2024-04-03 03:00:00,"489,5689392089844","512,570007",2,1,2024-04-03
2024-04-03 04:00:00,"539,1987915039062","707,820007",2,1,2024-04-03
2024-04-03 05:00:00,"630,592529296875","879,48999",2,1,2024-04-03
2024-04-03 06:00:00,"690,1688232421875","879,48999",2,1,2024-04-03
2024-04-03 07:00:00,"641,60205078125","753,080017",2,1,2024-04-03
2024-04-03 08:00:00,"522,2869262695312","800,590027",2,1,2024-04-03
2024-04-03 09:00:00,"465,9520568847656","677,23999",2,1,2024-04-03
2024-04-03 10:00:00,"444,96405029296875","611,76001",2,1,2024-04-03
2024-04-03 11:00:00,"446,4997863769531","573,349976",2,1,2024-04-03
2024-04-03 12:00:00,"436,5527038574219","544,710022",2,1,2024-04-03
2024-04-03 13:00:00,"439,36419677734375","438,290009",2,1,2024-04-03
2024-04-03 14:00:00,"496,1196594238281","454,700012",2,1,2024-04-03
2024-04-03 15:00:00,"560,1119995117188","524,359985",2,1,2024-04-03
2024-04-03 16:00:00,"677,2242431640625","633,909973",2,1,2024-04-03
2024-04-03 17:00:00,"796,9932861328125","794,919983",2,1,2024-04-03
2024-04-03 18:00:00,"759,2333984375","739,359985",2,1,2024-04-03
2024-04-03 19:00:00,"652,7055053710938","557,169983",2,1,2024-04-03
2024-04-03 20:00:00,"590,1470336914062","458,579987",2,1,2024-04-03
2024-04-03 21:00:00,"554,0712890625","412,640015",2,1,2024-04-03
2024-04-03 22:00:00,"526,4290771484375","406,619995",2,1,2024-04-03
2024-04-03 23:00:00,"502,8563232421875","387,899994",2,1,2024-04-03
2024-04-04 00:00:00,"497,1949768066406","374,179993",2,1,2024-04-04
2024-04-04 01:00:00,"468,2968444824219","384,619995",2,1,2024-04-04
2024-04-04 02:00:00,"453,4031982421875","387,380005",2,1,2024-04-04
2024-04-04 03:00:00,"463,9754638671875","403,339996",2,1,2024-04-04
2024-04-04 04:00:00,"508,4571533203125","454,200012",2,1,2024-04-04
2024-04-04 05:00:00,"545,8143920898438","488,290009",2,1,2024-04-04
2024-04-04 06:00:00,"573,0491943359375","561,830017",2,1,2024-04-04
2024-04-04 07:00:00,"565,6527099609375","535,419983",2,1,2024-04-04
2024-04-04 08:00:00,"507,35723876953125","515,880005",2,1,2024-04-04
2024-04-04 09:00:00,"428,0459899902344","470,309998",2,1,2024-04-04
2024-04-04 10:00:00,"387,3718566894531","433,170013",2,1,2024-04-04
2024-04-04 11:00:00,"334,1556396484375","419,299988",2,1,2024-04-04
2024-04-04 12:00:00,"291,0512390136719","413,850006",2,1,2024-04-04
2024-04-04 13:00:00,"307,34698486328125","418,929993",2,1,2024-04-04
2024-04-04 14:00:00,"362,7063293457031","425,709991",2,1,2024-04-04
2024-04-04 15:00:00,"467,7243347167969","515,210022",2,1,2024-04-04
2024-04-04 16:00:00,"571,4205322265625","562,049988",2,1,2024-04-04
2024-04-04 17:00:00,"682,5230712890625","674,820007",2,1,2024-04-04
2024-04-04 18:00:00,"679,547607421875","520,580017",2,1,2024-04-04
2024-04-04 19:00:00,"550,90625","460,390015",2,1,2024-04-04
2024-04-04 20:00:00,"466,2082824707031","439,440002",2,1,2024-04-04
2024-04-04 21:00:00,"429,5641174316406","430,109985",2,1,2024-04-04
2024-04-04 22:00:00,"359,8214416503906","394,190002",2,1,2024-04-04
2024-04-04 23:00:00,"303,0858459472656","381,890015",2,1,2024-04-04
2024-04-05 00:00:00,"324,1479797363281","372,559998",2,1,2024-04-05
2024-04-05 01:00:00,"292,36407470703125","357,350006",2,1,2024-04-05
2024-04-05 02:00:00,"261,3938293457031","353,320007",2,1,2024-04-05
2024-04-05 03:00:00,"277,6282043457031","352,720001",2,1,2024-04-05
2024-04-05 04:00:00,"311,6082458496094","448,720001",2,1,2024-04-05
2024-04-05 05:00:00,"368,246826171875","572,75",2,1,2024-04-05
2024-04-05 06:00:00,"397,47174072265625","596,700012",2,1,2024-04-05
2024-04-05 07:00:00,"377,44097900390625","504,130005",2,1,2024-04-05
2024-04-05 08:00:00,"329,6116943359375","376,660004",2,1,2024-04-05
2024-04-05 09:00:00,"308,6933898925781","339,670013",2,1,2024-04-05
2024-04-05 10:00:00,"283,97552490234375","331,390015",2,1,2024-04-05
2024-04-05 11:00:00,"265,1142883300781","298,570007",2,1,2024-04-05
2024-04-05 12:00:00,"261,91265869140625","276,48999",2,1,2024-04-05
2024-04-05 13:00:00,"299,193603515625","176,699997",2,1,2024-04-05
2024-04-05 14:00:00,"334,811767578125","60,34",2,1,2024-04-05
2024-04-05 15:00:00,"409,9319763183594","279,399994",2,1,2024-04-05
2024-04-05 16:00:00,"486,832275390625","370,320007",2,1,2024-04-05
2024-04-05 17:00:00,"534,1640625","398,299988",2,1,2024-04-05
2024-04-05 18:00:00,"529,4076538085938","402,170013",2,1,2024-04-05
2024-04-05 19:00:00,"494,14276123046875","398,299988",2,1,2024-04-05
2024-04-05 20:00:00,"492,31317138671875","393,299988",2,1,2024-04-05
2024-04-05 21:00:00,"487,90625","370,100006",2,1,2024-04-05
2024-04-05 22:00:00,"454,6114196777344","315,579987",2,1,2024-04-05
2024-04-05 23:00:00,"448,3567199707031","326,549988",2,1,2024-04-05
2024-04-06 00:00:00,"470,50262451171875","328,190002",2,1,2024-04-06
2024-04-06 01:00:00,"439,7374572753906","334,679993",2,1,2024-04-06
2024-04-06 02:00:00,"404,5566711425781","354,369995",2,1,2024-04-06
2024-04-06 03:00:00,"396,4930114746094","359,890015",2,1,2024-04-06
2024-04-06 04:00:00,"418,5786437988281","372,5",2,1,2024-04-06
2024-04-06 05:00:00,"423,9625244140625","382,339996",2,1,2024-04-06
2024-04-06 06:00:00,"392,96087646484375","374,660004",2,1,2024-04-06
2024-04-06 07:00:00,"344,9627380371094","359,890015",2,1,2024-04-06
2024-04-06 08:00:00,"293,13018798828125","219,440002",2,1,2024-04-06
2024-04-06 09:00:00,"224,49160766601562","34,310001",2,1,2024-04-06
2024-04-06 10:00:00,"165,53256225585938","123,07",2,1,2024-04-06
2024-04-06 11:00:00,"158,73260498046875","14,92",2,1,2024-04-06
2024-04-06 12:00:00,"89,2462158203125","0,3",2,1,2024-04-06
2024-04-06 13:00:00,"99,93476867675781","0,45",2,1,2024-04-06
2024-04-06 14:00:00,"183,5106964111328","0,75",2,1,2024-04-06
2024-04-06 15:00:00,"312,5472717285156","117,919998",2,1,2024-04-06
2024-04-06 16:00:00,"454,22296142578125","393,079987",2,1,2024-04-06
2024-04-06 17:00:00,"526,652587890625","380,100006",2,1,2024-04-06
2024-04-06 18:00:00,"538,6251220703125","349,670013",2,1,2024-04-06
2024-04-06 19:00:00,"488,7549743652344","326,029999",2,1,2024-04-06
2024-04-06 20:00:00,"462,85333251953125","295,73999",2,1,2024-04-06
2024-04-06 21:00:00,"448,1748962402344","188,410004",2,1,2024-04-06
2024-04-06 22:00:00,"399,4906311035156","81,82",2,1,2024-04-06
2024-04-06 23:00:00,"380,76617431640625","0,67",2,1,2024-04-06
2024-04-07 00:00:00,"383,2911071777344","0,0",2,1,2024-04-07
2024-04-07 01:00:00,"352,7171936035156","0,0",2,1,2024-04-07
2024-04-07 02:00:00,"358,0143127441406","0,0",2,1,2024-04-07
2024-04-07 03:00:00,"342,34112548828125","0,0",2,1,2024-04-07
2024-04-07 04:00:00,"366,5782775878906","0,0",2,1,2024-04-07
2024-04-07 05:00:00,"363,95587158203125","0,0",2,1,2024-04-07
2024-04-07 06:00:00,"327,328369140625","0,0",2,1,2024-04-07
2024-04-07 07:00:00,"283,14892578125","-0,07",2,1,2024-04-07
2024-04-07 08:00:00,"256,9914855957031","-1,19",2,1,2024-04-07
2024-04-07 09:00:00,"180,4849395751953","-22,450001",2,1,2024-04-07
2024-04-07 10:00:00,"161,25201416015625","-30,58",2,1,2024-04-07
2024-04-07 11:00:00,"130,21617126464844","-48,849998",2,1,2024-04-07
2024-04-07 12:00:00,"145,71133422851562","-74,589996",2,1,2024-04-07
2024-04-07 13:00:00,"191,00271606445312","-37,59",2,1,2024-04-07
2024-04-07 14:00:00,"271,4183654785156","-1,19",2,1,2024-04-07
2024-04-07 15:00:00,"406,42333984375","31,92",2,1,2024-04-07
2024-04-07 16:00:00,"483,7718200683594","288,799988",2,1,2024-04-07
2024-04-07 17:00:00,"625,205322265625","343,98999",2,1,2024-04-07
2024-04-07 18:00:00,"611,4151000976562","356,450012",2,1,2024-04-07
2024-04-07 19:00:00,"533,5187377929688","359,579987",2,1,2024-04-07
2024-04-07 20:00:00,"495,5455627441406","340,779999",2,1,2024-04-07
2024-04-07 21:00:00,"469,8822021484375","318,859985",2,1,2024-04-07
2024-04-07 22:00:00,"455,7431640625","308,339996",2,1,2024-04-07
2024-04-07 23:00:00,"449,5595397949219","295,140015",2,1,2024-04-07
2024-04-08 00:00:00,"401,3966064453125","292,079987",2,2,2024-04-08
2024-04-08 01:00:00,"414,17572021484375","312,290009",2,2,2024-04-08
2024-04-08 02:00:00,"436,25634765625","328,480011",2,2,2024-04-08
2024-04-08 03:00:00,"449,51220703125","334,589996",2,2,2024-04-08
2024-04-08 04:00:00,"519,694091796875","376,730011",2,2,2024-04-08
2024-04-08 05:00:00,"580,8231811523438","396,5",2,2,2024-04-08
2024-04-08 06:00:00,"677,7821044921875","432,600006",2,2,2024-04-08
2024-04-08 07:00:00,"634,630126953125","603,25",2,2,2024-04-08
2024-04-08 08:00:00,"541,5842895507812","402,910004",2,2,2024-04-08
2024-04-08 09:00:00,"476,9057312011719","399,480011",2,2,2024-04-08
2024-04-08 10:00:00,"377,4560546875","397,100006",2,2,2024-04-08
2024-04-08 11:00:00,"340,8874816894531","421,859985",2,2,2024-04-08
2024-04-08 12:00:00,"373,114990234375","431,779999",2,2,2024-04-08
2024-04-08 13:00:00,"378,2171936035156","395,679993",2,2,2024-04-08
2024-04-08 14:00:00,"420,9603271484375","522,099976",2,2,2024-04-08
2024-04-08 15:00:00,"481,34857177734375","559,469971",2,2,2024-04-08
2024-04-08 16:00:00,"632,8796997070312","782,409973",2,2,2024-04-08
2024-04-08 17:00:00,"879,2299194335938","1024,069946",2,2,2024-04-08
2024-04-08 18:00:00,"806,5721435546875","930,830017",2,2,2024-04-08
2024-04-08 19:00:00,"643,9371337890625","632,859985",2,2,2024-04-08
2024-04-08 20:00:00,"499,72967529296875","574,309998",2,2,2024-04-08
2024-04-08 21:00:00,"447,1333312988281","523,52002",2,2,2024-04-08
2024-04-08 22:00:00,"428,8411865234375","583,330017",2,2,2024-04-08
2024-04-08 23:00:00,"423,08526611328125","517,549988",2,2,2024-04-08
2024-04-09 00:00:00,"344,7696228027344","482,790009",2,2,2024-04-09
2024-04-09 01:00:00,"354,7303466796875","440,200012",2,2,2024-04-09
2024-04-09 02:00:00,"356,1815185546875","453,779999",2,2,2024-04-09
2024-04-09 03:00:00,"377,587890625","488,390015",2,2,2024-04-09
2024-04-09 04:00:00,"460,81341552734375","575,799988",2,2,2024-04-09
2024-04-09 05:00:00,"552,8712158203125","670,900024",2,2,2024-04-09
2024-04-09 06:00:00,"626,7709350585938","595,039978",2,2,2024-04-09
2024-04-09 07:00:00,"540,0877685546875","509,420013",2,2,2024-04-09
2024-04-09 08:00:00,"360,8482360839844","384,559998",2,2,2024-04-09
2024-04-09 09:00:00,"319,708251953125","328,029999",2,2,2024-04-09
2024-04-09 10:00:00,"287,2801208496094","268,880005",2,2,2024-04-09
2024-04-09 11:00:00,"189,57742309570312","75,260002",2,2,2024-04-09
2024-04-09 12:00:00,"248,45651245117188","78,309998",2,2,2024-04-09
2024-04-09 13:00:00,"304,8189697265625","216,600006",2,2,2024-04-09
2024-04-09 14:00:00,"327,1831970214844","285,440002",2,2,2024-04-09
2024-04-09 15:00:00,"449,0998840332031","372,179993",2,2,2024-04-09
2024-04-09 16:00:00,"564,0390014648438","390,899994",2,2,2024-04-09
2024-04-09 17:00:00,"679,745849609375","375,089996",2,2,2024-04-09
2024-04-09 18:00:00,"649,256591796875","378,970001",2,2,2024-04-09
2024-04-09 19:00:00,"561,9647827148438","359,649994",2,2,2024-04-09
2024-04-09 20:00:00,"510,63555908203125","335,640015",2,2,2024-04-09
2024-04-09 21:00:00,"492,1821594238281","257,619995",2,2,2024-04-09
2024-04-09 22:00:00,"449,045166015625","96,220001",2,2,2024-04-09
2024-04-09 23:00:00,"436,68182373046875","38,040001",2,2,2024-04-09
2024-04-10 00:00:00,"400,0435791015625","37,290001",2,2,2024-04-10
2024-04-10 01:00:00,"392,5960388183594","67,050003",2,2,2024-04-10
2024-04-10 02:00:00,"381,8339538574219","184,229996",2,2,2024-04-10
2024-04-10 03:00:00,"412,71844482421875","261,059998",2,2,2024-04-10
2024-04-10 04:00:00,"521,76025390625","261,130005",2,2,2024-04-10
2024-04-10 05:00:00,"585,38623046875","302,299988",2,2,2024-04-10
2024-04-10 06:00:00,"685,3027954101562","311,700012",2,2,2024-04-10
2024-04-10 07:00:00,"590,5930786132812","309,390015",2,2,2024-04-10
2024-04-10 08:00:00,"514,1067504882812","309,390015",2,2,2024-04-10
2024-04-10 09:00:00,"446,06072998046875","239,130005",2,2,2024-04-10
2024-04-10 10:00:00,"414,69891357421875","143,279999",2,2,2024-04-10
2024-04-10 11:00:00,"384,5469970703125","66,610001",2,2,2024-04-10
2024-04-10 12:00:00,"365,7010803222656","0,45",2,2,2024-04-10
2024-04-10 13:00:00,"377,7005615234375","2,09",2,2,2024-04-10
2024-04-10 14:00:00,"406,5764465332031","39,529999",2,2,2024-04-10
2024-04-10 15:00:00,"533,205322265625","122,169998",2,2,2024-04-10
2024-04-10 16:00:00,"638,2179565429688","616,469971",2,2,2024-04-10
2024-04-10 17:00:00,"833,9777221679688","1084,949951",2,2,2024-04-10
2024-04-10 18:00:00,"756,986572265625","1052,430054",2,2,2024-04-10
2024-04-10 19:00:00,"689,1963500976562","722,380005",2,2,2024-04-10
2024-04-10 20:00:00,"598,5724487304688","392,029999",2,2,2024-04-10
2024-04-10 21:00:00,"547,3168334960938","352,200012",2,2,2024-04-10
2024-04-10 22:00:00,"488,9925537109375","303,440002",2,2,2024-04-10
2024-04-10 23:00:00,"459,3559265136719","198,940002",2,2,2024-04-10
2024-04-11 00:00:00,"441,27972412109375","165,589996",2,2,2024-04-11
2024-04-11 01:00:00,"421,5569763183594","74,519997",2,2,2024-04-11
2024-04-11 02:00:00,"413,6007385253906","59,52",2,2,2024-04-11
2024-04-11 03:00:00,"415,7978210449219","149,179993",2,2,2024-04-11
2024-04-11 04:00:00,"442,26251220703125","192,070007",2,2,2024-04-11
2024-04-11 05:00:00,"511,10394287109375","297,399994",2,2,2024-04-11
2024-04-11 06:00:00,"555,875","309,929993",2,2,2024-04-11
2024-04-11 07:00:00,"564,1756591796875","223,770004",2,2,2024-04-11
2024-04-11 08:00:00,"482,0619201660156","74,959999",2,2,2024-04-11
2024-04-11 09:00:00,"455,4486389160156","6,41",2,2,2024-04-11
2024-04-11 10:00:00,"395,7913818359375","6,79",2,2,2024-04-11
2024-04-11 11:00:00,"300,70684814453125","8,21",2,2,2024-04-11
2024-04-11 12:00:00,"266,76177978515625","4,25",2,2,2024-04-11
2024-04-11 13:00:00,"305,9241943359375","96,07",2,2,2024-04-11
2024-04-11 14:00:00,"327,5625","64,75",2,2,2024-04-11
2024-04-11 15:00:00,"445,7558288574219","347,070007",2,2,2024-04-11
2024-04-11 16:00:00,"549,19140625","711,75",2,2,2024-04-11
2024-04-11 17:00:00,"674,1583251953125","1002,210022",2,2,2024-04-11
2024-04-11 18:00:00,"642,3126831054688","893,609985",2,2,2024-04-11
2024-04-11 19:00:00,"546,8003540039062","679,159973",2,2,2024-04-11
2024-04-11 20:00:00,"492,8258361816406","541,159973",2,2,2024-04-11
2024-04-11 21:00:00,"436,7450256347656","451,059998",2,2,2024-04-11
2024-04-11 22:00:00,"390,4339904785156","339,720001",2,2,2024-04-11
2024-04-11 23:00:00,"345,11676025390625","325,029999",2,2,2024-04-11
2024-04-12 00:00:00,"303,3576354980469","331,73999",2,2,2024-04-12
2024-04-12 01:00:00,"285,1543884277344","304,51001",2,2,2024-04-12
2024-04-12 02:00:00,"273,052978515625","298,399994",2,2,2024-04-12
2024-04-12 03:00:00,"273,5823059082031","298,399994",2,2,2024-04-12
2024-04-12 04:00:00,"345,06658935546875","308,019989",2,2,2024-04-12
2024-04-12 05:00:00,"398,781494140625","362,619995",2,2,2024-04-12
2024-04-12 06:00:00,"399,6368408203125","516,75",2,2,2024-04-12
2024-04-12 07:00:00,"375,7033996582031","489,290009",2,2,2024-04-12
2024-04-12 08:00:00,"305,9902038574219","319,730011",2,2,2024-04-12
2024-04-12 09:00:00,"286,0835876464844","140,690002",2,2,2024-04-12
2024-04-12 10:00:00,"222,29469299316406","0,0",2,2,2024-04-12
2024-04-12 11:00:00,"152,8562774658203","-0,52",2,2,2024-04-12
2024-04-12 12:00:00,"131,52862548828125","0,07",2,2,2024-04-12
2024-04-12 13:00:00,"149,3671417236328","1,34",2,2,2024-04-12
2024-04-12 14:00:00,"220,7694091796875","1,64",2,2,2024-04-12
2024-04-12 15:00:00,"396,7808532714844","375,600006",2,2,2024-04-12
2024-04-12 16:00:00,"454,0985412597656","445,279999",2,2,2024-04-12
2024-04-12 17:00:00,"512,1565551757812","370,160004",2,2,2024-04-12
2024-04-12 18:00:00,"516,8707275390625","369,48999",2,2,2024-04-12
2024-04-12 19:00:00,"519,8455810546875","351,429993",2,2,2024-04-12
2024-04-12 20:00:00,"498,9940185546875","342,329987",2,2,2024-04-12
2024-04-12 21:00:00,"471,75811767578125","329,200012",2,2,2024-04-12
2024-04-12 22:00:00,"435,38140869140625","246,039993",2,2,2024-04-12
2024-04-12 23:00:00,"415,2313232421875","193,369995",2,2,2024-04-12
2024-04-13 00:00:00,"381,8033447265625","144,429993",2,2,2024-04-13
2024-04-13 01:00:00,"386,7690124511719","130,779999",2,2,2024-04-13
2024-04-13 02:00:00,"376,8070373535156","130,259995",2,2,2024-04-13
2024-04-13 03:00:00,"372,0302429199219","173,899994",2,2,2024-04-13
2024-04-13 04:00:00,"392,5379943847656","207,619995",2,2,2024-04-13
2024-04-13 05:00:00,"400,33306884765625","251,630005",2,2,2024-04-13
2024-04-13 06:00:00,"367,67132568359375","168,600006",2,2,2024-04-13
2024-04-13 07:00:00,"312,6864318847656","65,650002",2,2,2024-04-13
2024-04-13 08:00:00,"212,2985382080078","-0,15",2,2,2024-04-13
2024-04-13 09:00:00,"85,00495910644531","-30,139999",2,2,2024-04-13
2024-04-13 10:00:00,"19,18567657470703","-59,830002",2,2,2024-04-13
2024-04-13 11:00:00,"-23,724729537963867","-150,699997",2,2,2024-04-13
2024-04-13 12:00:00,"-148,30364990234375","-218,729996",2,2,2024-04-13
2024-04-13 13:00:00,"-153,21778869628906","-235,740005",2,2,2024-04-13
2024-04-13 14:00:00,"-106,22355651855469","-142,710007",2,2,2024-04-13
2024-04-13 15:00:00,"123,29820251464844","-1,19",2,2,2024-04-13
2024-04-13 16:00:00,"404,8112487792969","248,949997",2,2,2024-04-13
2024-04-13 17:00:00,"471,2274169921875","373,76001",2,2,2024-04-13
2024-04-13 18:00:00,"485,2160949707031","298,630005",2,2,2024-04-13
2024-04-13 19:00:00,"430,4877014160156","258,5",2,2,2024-04-13
2024-04-13 20:00:00,"365,69903564453125","153,679993",2,2,2024-04-13
2024-04-13 21:00:00,"318,5886535644531","52,59",2,2,2024-04-13
2024-04-13 22:00:00,"269,6687316894531","3,21",2,2,2024-04-13
2024-04-13 23:00:00,"242,2542266845703","6,19",2,2,2024-04-13
2024-04-14 00:00:00,"197,66204833984375","6,94",2,2,2024-04-14
2024-04-14 01:00:00,"181,3000946044922","8,43",2,2,2024-04-14
2024-04-14 02:00:00,"161,70062255859375","17,459999",2,2,2024-04-14
2024-04-14 03:00:00,"183,05209350585938","44,389999",2,2,2024-04-14
2024-04-14 04:00:00,"199,52635192871094","95,949997",2,2,2024-04-14
2024-04-14 05:00:00,"182,1719970703125","96,989998",2,2,2024-04-14
2024-04-14 06:00:00,"169,5550537109375","55,279999",2,2,2024-04-14
2024-04-14 07:00:00,"83,41256713867188","0,0",2,2,2024-04-14
2024-04-14 08:00:00,"59,94587326049805","-17,68",2,2,2024-04-14
2024-04-14 09:00:00,"28,778736114501953","-90,800003",2,2,2024-04-14
2024-04-14 10:00:00,"-12,623348236083984","-315,070007",2,2,2024-04-14
2024-04-14 11:00:00,"-66,39804077148438","-448,019989",2,2,2024-04-14
2024-04-14 12:00:00,"-192,30447387695312","-447,720001",2,2,2024-04-14
2024-04-14 13:00:00,"-166,17279052734375","-298,809998",2,2,2024-04-14
2024-04-14 14:00:00,"-71,28790283203125","-46,630001",2,2,2024-04-14
2024-04-14 15:00:00,"194,2879638671875","11,71",2,2,2024-04-14
2024-04-14 16:00:00,"441,6985778808594","407,51001",2,2,2024-04-14
2024-04-14 17:00:00,"508,22698974609375","655,059998",2,2,2024-04-14
2024-04-14 18:00:00,"508,2673645019531","894,619995",2,2,2024-04-14
2024-04-14 19:00:00,"516,5161743164062","840,159973",2,2,2024-04-14
2024-04-14 20:00:00,"486,3122253417969","724,890015",2,2,2024-04-14
2024-04-14 21:00:00,"454,4089050292969","594,549988",2,2,2024-04-14
2024-04-14 22:00:00,"445,82647705078125","410,640015",2,2,2024-04-14
2024-04-14 23:00:00,"444,5253601074219","437,730011",2,2,2024-04-14
2024-04-15 00:00:00,"398,30206298828125","526,359985",2,3,2024-04-15
2024-04-15 01:00:00,"420,7388610839844","491,220001",2,3,2024-04-15
2024-04-15 02:00:00,"443,59747314453125","561,280029",2,3,2024-04-15
2024-04-15 03:00:00,"472,9908447265625","647,150024",2,3,2024-04-15
2024-04-15 04:00:00,"570,9732666015625","863,440002",2,3,2024-04-15
2024-04-15 05:00:00,"664,7178955078125","1261,98999",2,3,2024-04-15
2024-04-15 06:00:00,"712,0328369140625","1143,290039",2,3,2024-04-15
2024-04-15 07:00:00,"595,4501953125","683,109985",2,3,2024-04-15
2024-04-15 08:00:00,"526,71533203125","568,809998",2,3,2024-04-15
2024-04-15 09:00:00,"456,91754150390625","425,269989",2,3,2024-04-15
2024-04-15 10:00:00,"376,1983337402344","329,390015",2,3,2024-04-15
2024-04-15 11:00:00,"331,2815856933594","236,809998",2,3,2024-04-15
2024-04-15 12:00:00,"344,455810546875","96,690002",2,3,2024-04-15
2024-04-15 13:00:00,"344,152587890625","58,189999",2,3,2024-04-15
2024-04-15 14:00:00,"395,1280212402344","59,610001",2,3,2024-04-15
2024-04-15 15:00:00,"417,6456298828125","345,440002",2,3,2024-04-15
2024-04-15 16:00:00,"634,2398071289062","516,289978",2,3,2024-04-15
2024-04-15 17:00:00,"808,7831420898438","588,809998",2,3,2024-04-15
2024-04-15 18:00:00,"759,8577880859375","574,630005",2,3,2024-04-15
2024-04-15 19:00:00,"584,2445068359375","494,730011",2,3,2024-04-15
2024-04-15 20:00:00,"488,8140563964844","401,170013",2,3,2024-04-15
2024-04-15 21:00:00,"423,6025695800781","254,940002",2,3,2024-04-15
2024-04-15 22:00:00,"429,2669372558594","15,07",2,3,2024-04-15
2024-04-15 23:00:00,"406,0941467285156","0,3",2,3,2024-04-15
2024-04-16 00:00:00,"340,474609375","1,04",2,3,2024-04-16
2024-04-16 01:00:00,"337,58612060546875","5,45",2,3,2024-04-16
2024-04-16 02:00:00,"339,55303955078125","130,330002",2,3,2024-04-16
2024-04-16 03:00:00,"371,1706237792969","270,209991",2,3,2024-04-16
2024-04-16 04:00:00,"503,5373229980469","384,880005",2,3,2024-04-16
2024-04-16 05:00:00,"558,2691650390625","554,0",2,3,2024-04-16
2024-04-16 06:00:00,"544,3460693359375","554,0",2,3,2024-04-16
2024-04-16 07:00:00,"488,163818359375","483,5",2,3,2024-04-16
2024-04-16 08:00:00,"284,5645751953125","380,700012",2,3,2024-04-16
2024-04-16 09:00:00,"308,43243408203125","318,109985",2,3,2024-04-16
2024-04-16 10:00:00,"246,083740234375","298,410004",2,3,2024-04-16
2024-04-16 11:00:00,"102,33042907714844","300,049988",2,3,2024-04-16
2024-04-16 12:00:00,"318,64013671875","313,929993",2,3,2024-04-16
2024-04-16 13:00:00,"223,15182495117188","362,049988",2,3,2024-04-16
2024-04-16 14:00:00,"291,77459716796875","385,470001",2,3,2024-04-16
2024-04-16 15:00:00,"365,1549987792969","594,359985",2,3,2024-04-16
2024-04-16 16:00:00,"528,4370727539062","693,210022",2,3,2024-04-16
2024-04-16 17:00:00,"607,553466796875","850,400024",2,3,2024-04-16
2024-04-16 18:00:00,"627,5921630859375","928,960022",2,3,2024-04-16
2024-04-16 19:00:00,"544,24365234375","779,309998",2,3,2024-04-16
2024-04-16 20:00:00,"520,865478515625","672,169983",2,3,2024-04-16
2024-04-16 21:00:00,"442,7815246582031","627,409973",2,3,2024-04-16
2024-04-16 22:00:00,"415,32586669921875","625,48999",2,3,2024-04-16
2024-04-16 23:00:00,"378,1393127441406","625,48999",2,3,2024-04-16
2024-04-17 00:00:00,"340,05126953125","606,919983",2,3,2024-04-17
2024-04-17 01:00:00,"348,35577392578125","614,75",2,3,2024-04-17
2024-04-17 02:00:00,"373,0112609863281","618,929993",2,3,2024-04-17
2024-04-17 03:00:00,"411,133544921875","624,669983",2,3,2024-04-17
2024-04-17 04:00:00,"511,367431640625","816,109985",2,3,2024-04-17
2024-04-17 05:00:00,"600,4375610351562","1268,069946",2,3,2024-04-17
2024-04-17 06:00:00,"644,8778076171875","1157,650024",2,3,2024-04-17
2024-04-17 07:00:00,"585,2750854492188","780,52002",2,3,2024-04-17
2024-04-17 08:00:00,"557,2303466796875","625,940002",2,3,2024-04-17
2024-04-17 09:00:00,"479,17413330078125","596,099976",2,3,2024-04-17
2024-04-17 10:00:00,"442,7801513671875","619,080017",2,3,2024-04-17
2024-04-17 11:00:00,"390,7474365234375","602,960022",2,3,2024-04-17
2024-04-17 12:00:00,"363,4297790527344","579,76001",2,3,2024-04-17
2024-04-17 13:00:00,"398,7478942871094","574,690002",2,3,2024-04-17
2024-04-17 14:00:00,"433,6559753417969","596,840027",2,3,2024-04-17
2024-04-17 15:00:00,"499,99267578125","648,320007",2,3,2024-04-17
2024-04-17 16:00:00,"643,6288452148438","857,73999",2,3,2024-04-17
2024-04-17 17:00:00,"849,042724609375","1193,089966",2,3,2024-04-17
2024-04-17 18:00:00,"937,5947265625","1267,550049",2,3,2024-04-17
2024-04-17 19:00:00,"736,9156494140625","970,320007",2,3,2024-04-17
2024-04-17 20:00:00,"589,2462768554688","738,890015",2,3,2024-04-17
2024-04-17 21:00:00,"524,74267578125","655,109985",2,3,2024-04-17
2024-04-17 22:00:00,"475,943603515625","685,150024",2,3,2024-04-17
2024-04-17 23:00:00,"488,0100402832031","652,23999",2,3,2024-04-17
2024-04-18 00:00:00,"447,2369384765625","660,52002",2,3,2024-04-18
2024-04-18 01:00:00,"423,500244140625","654,780029",2,3,2024-04-18
2024-04-18 02:00:00,"427,4465026855469","668,580017",2,3,2024-04-18
2024-04-18 03:00:00,"447,0496520996094","697,380005",2,3,2024-04-18
2024-04-18 04:00:00,"512,6216430664062","909,349976",2,3,2024-04-18
2024-04-18 05:00:00,"535,9885864257812","1162,430054",2,3,2024-04-18
2024-04-18 06:00:00,"527,711181640625","978,809998",2,3,2024-04-18
2024-04-18 07:00:00,"445,1402587890625","754,460022",2,3,2024-04-18
2024-04-18 08:00:00,"361,278076171875","673,059998",2,3,2024-04-18
2024-04-18 09:00:00,"288,1749572753906","625,76001",2,3,2024-04-18
2024-04-18 10:00:00,"274,4029846191406","601,659973",2,3,2024-04-18
2024-04-18 11:00:00,"208,1330108642578","575,98999",2,3,2024-04-18
2024-04-18 12:00:00,"212,6354217529297","544,72998",2,3,2024-04-18
2024-04-18 13:00:00,"243,25318908691406","527,48999",2,3,2024-04-18
2024-04-18 14:00:00,"299,8548583984375","528,840027",2,3,2024-04-18
2024-04-18 15:00:00,"420,583251953125","606,799988",2,3,2024-04-18
2024-04-18 16:00:00,"536,2094116210938","701,559998",2,3,2024-04-18
2024-04-18 17:00:00,"657,7251586914062","934,419983",2,3,2024-04-18
2024-04-18 18:00:00,"696,05029296875","961,200012",2,3,2024-04-18
2024-04-18 19:00:00,"569,3357543945312","790,27002",2,3,2024-04-18
2024-04-18 20:00:00,"487,928466796875","670,669983",2,3,2024-04-18
2024-04-18 21:00:00,"447,6841735839844","592,179993",2,3,2024-04-18
2024-04-18 22:00:00,"425,19171142578125","576,090027",2,3,2024-04-18
2024-04-18 23:00:00,"392,8575134277344","453,869995",2,3,2024-04-18
2024-04-19 00:00:00,"330,2275390625","377,019989",2,3,2024-04-19
2024-04-19 01:00:00,"316,5618896484375","369,109985",2,3,2024-04-19
2024-04-19 02:00:00,"273,8770751953125","357,920013",2,3,2024-04-19
2024-04-19 03:00:00,"302,5790710449219","366,200012",2,3,2024-04-19
2024-04-19 04:00:00,"328,1195983886719","448,570007",2,3,2024-04-19
2024-04-19 05:00:00,"415,05218505859375","515,130005",2,3,2024-04-19
2024-04-19 06:00:00,"426,86358642578125","567,059998",2,3,2024-04-19
2024-04-19 07:00:00,"408,6640930175781","509,609985",2,3,2024-04-19
2024-04-19 08:00:00,"290,4353332519531","449,170013",2,3,2024-04-19
2024-04-19 09:00:00,"214,8451385498047","418,429993",2,3,2024-04-19
2024-04-19 10:00:00,"109,43722534179688","379,859985",2,3,2024-04-19
2024-04-19 11:00:00,"267,8323974609375","350,679993",2,3,2024-04-19
2024-04-19 12:00:00,"125,30044555664062","335,309998",2,3,2024-04-19
2024-04-19 13:00:00,"383,1789855957031","332,480011",2,3,2024-04-19
2024-04-19 14:00:00,"117,5078125","379,859985",2,3,2024-04-19
2024-04-19 15:00:00,"460,74188232421875","424,920013",2,3,2024-04-19
2024-04-19 16:00:00,"523,40625","473,720001",2,3,2024-04-19
2024-04-19 17:00:00,"602,0728759765625","475,660004",2,3,2024-04-19
2024-04-19 18:00:00,"631,119140625","482,670013",2,3,2024-04-19
2024-04-19 19:00:00,"540,0018920898438","493,940002",2,3,2024-04-19
2024-04-19 20:00:00,"518,9400024414062","477,149994",2,3,2024-04-19
2024-04-19 21:00:00,"481,2130126953125","471,179993",2,3,2024-04-19
2024-04-19 22:00:00,"456,5895080566406","449,529999",2,3,2024-04-19
2024-04-19 23:00:00,"440,9636535644531","432,589996",2,3,2024-04-19
2024-04-20 00:00:00,"333,9491271972656","427,809998",2,3,2024-04-20
2024-04-20 01:00:00,"340,31640625","430,950012",2,3,2024-04-20
2024-04-20 02:00:00,"349,40338134765625","455,5",2,3,2024-04-20
2024-04-20 03:00:00,"345,73468017578125","468,850006",2,3,2024-04-20
2024-04-20 04:00:00,"388,1731872558594","476,98999",2,3,2024-04-20
2024-04-20 05:00:00,"373,9636535644531","507,279999",2,3,2024-04-20
2024-04-20 06:00:00,"332,7879943847656","485,350006",2,3,2024-04-20
2024-04-20 07:00:00,"281,3977355957031","446,98999",2,3,2024-04-20
2024-04-20 08:00:00,"187,1484375","373,48999",2,3,2024-04-20
2024-04-20 09:00:00,"127,63892364501953","286,769989",2,3,2024-04-20
2024-04-20 10:00:00,"274,63623046875","216,179993",2,3,2024-04-20
2024-04-20 11:00:00,"58,07622528076172","92,010002",2,3,2024-04-20
2024-04-20 12:00:00,"214,93576049804688","78,730003",2,3,2024-04-20
2024-04-20 13:00:00,"152,15676879882812","136,779999",2,3,2024-04-20
2024-04-20 14:00:00,"139,0243682861328","279,160004",2,3,2024-04-20
2024-04-20 15:00:00,"259,7461853027344","468,850006",2,3,2024-04-20
2024-04-20 16:00:00,"483,8749694824219","588,77002",2,3,2024-04-20
2024-04-20 17:00:00,"555,0377197265625","668,690002",2,3,2024-04-20
2024-04-20 18:00:00,"527,57421875","724,140015",2,3,2024-04-20
2024-04-20 19:00:00,"397,0780944824219","673,919983",2,3,2024-04-20
2024-04-20 20:00:00,"372,4413146972656","642,280029",2,3,2024-04-20
2024-04-20 21:00:00,"313,3089294433594","618,619995",2,3,2024-04-20
2024-04-20 22:00:00,"259,46435546875","610,679993",2,3,2024-04-20
2024-04-20 23:00:00,"242,57569885253906","526,669983",2,3,2024-04-20
2024-04-21 00:00:00,"249,4132537841797","518,76001",2,3,2024-04-21
2024-04-21 01:00:00,"258,1080322265625","480,48999",2,3,2024-04-21
2024-04-21 02:00:00,"250,7420654296875","476,609985",2,3,2024-04-21
2024-04-21 03:00:00,"236,4270477294922","474,670013",2,3,2024-04-21
2024-04-21 04:00:00,"226,59750366210938","480,709991",2,3,2024-04-21
2024-04-21 05:00:00,"220,04666137695312","451,609985",2,3,2024-04-21
2024-04-21 06:00:00,"199,50938415527344","454,220001",2,3,2024-04-21
2024-04-21 07:00:00,"295,26922607421875","413,190002",2,3,2024-04-21
2024-04-21 08:00:00,"178,5783233642578","246,139999",2,3,2024-04-21
2024-04-21 09:00:00,"269,860107421875","275,76001",2,3,2024-04-21
2024-04-21 10:00:00,"153,74354553222656","45,209999",2,3,2024-04-21
2024-04-21 11:00:00,"142,7378692626953","2,09",2,3,2024-04-21
2024-04-21 12:00:00,"122,17694091796875","-6,71",2,3,2024-04-21
2024-04-21 13:00:00,"405,52996826171875","5,6",2,3,2024-04-21
2024-04-21 14:00:00,"165,75462341308594","44,84",2,3,2024-04-21
2024-04-21 15:00:00,"225,66343688964844","434,380005",2,3,2024-04-21
2024-04-21 16:00:00,"522,3588256835938","556,590027",2,3,2024-04-21
2024-04-21 17:00:00,"652,3465576171875","666,710022",2,3,2024-04-21
2024-04-21 18:00:00,"696,3775634765625","710,72998",2,3,2024-04-21
2024-04-21 19:00:00,"638,9010009765625","679,469971",2,3,2024-04-21
2024-04-21 20:00:00,"606,7849731445312","667,080017",2,3,2024-04-21
2024-04-21 21:00:00,"535,3322143554688","660,0",2,3,2024-04-21
2024-04-21 22:00:00,"486,21881103515625","589,190002",2,3,2024-04-21
2024-04-21 23:00:00,"480,66851806640625","582,330017",2,3,2024-04-21
2024-04-22 00:00:00,"450,5817565917969","585,23999",2,4,2024-04-22
2024-04-22 01:00:00,"401,6707458496094","596,280029",2,4,2024-04-22
2024-04-22 02:00:00,"402,6297302246094","595,309998",2,4,2024-04-22
2024-04-22 03:00:00,"443,4374694824219","652,830017",2,4,2024-04-22
2024-04-22 04:00:00,"588,608642578125","790,109985",2,4,2024-04-22
2024-04-22 05:00:00,"795,5900268554688","975,820007",2,4,2024-04-22
2024-04-22 06:00:00,"763,6158447265625","876,359985",2,4,2024-04-22
2024-04-22 07:00:00,"556,9960327148438","724,090027",2,4,2024-04-22
2024-04-22 08:00:00,"478,1202087402344","610,75",2,4,2024-04-22
2024-04-22 09:00:00,"401,68609619140625","606,130005",2,4,2024-04-22
2024-04-22 10:00:00,"305,149169921875","574,869995",2,4,2024-04-22
2024-04-22 11:00:00,"208,16944885253906","549,650024",2,4,2024-04-22
2024-04-22 12:00:00,"166,21786499023438","553,080017",2,4,2024-04-22
2024-04-22 13:00:00,"177,28724670410156","559,650024",2,4,2024-04-22
2024-04-22 14:00:00,"225,17581176757812","536,440002",2,4,2024-04-22
2024-04-22 15:00:00,"319,7408447265625","722,150024",2,4,2024-04-22
2024-04-22 16:00:00,"514,5883178710938","881,880005",2,4,2024-04-22
2024-04-22 17:00:00,"558,3440551757812","1223,969971",2,4,2024-04-22
2024-04-22 18:00:00,"565,6618041992188","1275,52002",2,4,2024-04-22
2024-04-22 19:00:00,"463,741943359375","970,299988",2,4,2024-04-22
2024-04-22 20:00:00,"375,9129333496094","789,140015",2,4,2024-04-22
2024-04-22 21:00:00,"295,4986877441406","723,640015",2,4,2024-04-22
2024-04-22 22:00:00,"280,4261169433594","658,969971",2,4,2024-04-22
2024-04-22 23:00:00,"217,0988006591797","646,809998",2,4,2024-04-22
2024-04-23 00:00:00,"151,9427032470703","641,289978",2,4,2024-04-23
2024-04-23 01:00:00,"146,54576110839844","637,340027",2,4,2024-04-23
2024-04-23 02:00:00,"179,35475158691406","644,280029",2,4,2024-04-23
2024-04-23 03:00:00,"292,27728271484375","728,890015",2,4,2024-04-23
2024-04-23 04:00:00,"479,7265625","905,789978",2,4,2024-04-23
2024-04-23 05:00:00,"534,6309814453125","1352,420044",2,4,2024-04-23
2024-04-23 06:00:00,"524,181884765625","1016,820007",2,4,2024-04-23
2024-04-23 07:00:00,"431,58038330078125","734,030029",2,4,2024-04-23
2024-04-23 08:00:00,"274,5177001953125","618,309998",2,4,2024-04-23
2024-04-23 09:00:00,"230,43502807617188","576,450012",2,4,2024-04-23
2024-04-23 10:00:00,"186,69461059570312","577,950012",2,4,2024-04-23
2024-04-23 11:00:00,"143,6192626953125","592,27002",2,4,2024-04-23
2024-04-23 12:00:00,"164,3435516357422","586,599976",2,4,2024-04-23
2024-04-23 13:00:00,"186,46212768554688","597,049988",2,4,2024-04-23
2024-04-23 14:00:00,"281,64093017578125","619,429993",2,4,2024-04-23
2024-04-23 15:00:00,"421,2057800292969","671,289978",2,4,2024-04-23
2024-04-23 16:00:00,"561,2265625","764,030029",2,4,2024-04-23
2024-04-23 17:00:00,"673,9183959960938","917,799988",2,4,2024-04-23
2024-04-23 18:00:00,"692,2793579101562","933,169983",2,4,2024-04-23
2024-04-23 19:00:00,"613,187744140625","784,169983",2,4,2024-04-23
2024-04-23 20:00:00,"555,8817138671875","691,880005",2,4,2024-04-23
2024-04-23 21:00:00,"478,1654357910156","608,460022",2,4,2024-04-23
2024-04-23 22:00:00,"452,96588134765625","600,929993",2,4,2024-04-23
2024-04-23 23:00:00,"416,693603515625","569,150024",2,4,2024-04-23
2024-04-24 00:00:00,"390,5418395996094","566,090027",2,4,2024-04-24
2024-04-24 01:00:00,"376,4967346191406","545,130005",2,4,2024-04-24
2024-04-24 02:00:00,"403,25830078125","567,289978",2,4,2024-04-24
2024-04-24 03:00:00,"460,834228515625","610,47998",2,4,2024-04-24
2024-04-24 04:00:00,"555,3866577148438","758,419983",2,4,2024-04-24
2024-04-24 05:00:00,"793,939453125","956,200012",2,4,2024-04-24
2024-04-24 06:00:00,"812,5992431640625","798,780029",2,4,2024-04-24
2024-04-24 07:00:00,"657,4702758789062","684,940002",2,4,2024-04-24
2024-04-24 08:00:00,"586,5399169921875","676,960022",2,4,2024-04-24
2024-04-24 09:00:00,"516,3612670898438","659,130005",2,4,2024-04-24
2024-04-24 10:00:00,"468,2604064941406","616,22998",2,4,2024-04-24
2024-04-24 11:00:00,"428,5097351074219","597,5",2,4,2024-04-24
2024-04-24 12:00:00,"404,1417541503906","570,940002",2,4,2024-04-24
2024-04-24 13:00:00,"416,9720764160156","602,130005",2,4,2024-04-24
2024-04-24 14:00:00,"479,20208740234375","605,190002",2,4,2024-04-24
2024-04-24 15:00:00,"535,6672973632812","646,070007",2,4,2024-04-24
2024-04-24 16:00:00,"691,5346069335938","757,530029",2,4,2024-04-24
2024-04-24 17:00:00,"930,1177978515625","1008,640015",2,4,2024-04-24
2024-04-24 18:00:00,"996,187744140625","1070,119995",2,4,2024-04-24
2024-04-24 19:00:00,"786,8389282226562","903,900024",2,4,2024-04-24
2024-04-24 20:00:00,"629,3710327148438","785,650024",2,4,2024-04-24
2024-04-24 21:00:00,"562,2913208007812","673,0",2,4,2024-04-24
2024-04-24 22:00:00,"530,6727905273438","622,700012",2,4,2024-04-24
2024-04-24 23:00:00,"500,6312561035156","596,599976",2,4,2024-04-24
2024-04-25 00:00:00,"455,2886962890625","576,97998",2,4,2024-04-25
2024-04-25 01:00:00,"451,6722717285156","567,140015",2,4,2024-04-25
2024-04-25 02:00:00,"454,2471618652344","561,099976",2,4,2024-04-25
2024-04-25 03:00:00,"489,6644287109375","626,580017",2,4,2024-04-25
2024-04-25 04:00:00,"562,0689086914062","763,940002",2,4,2024-04-25
2024-04-25 05:00:00,"685,10986328125","962,390015",2,4,2024-04-25
2024-04-25 06:00:00,"639,5638427734375","840,530029",2,4,2024-04-25
2024-04-25 07:00:00,"486,4615173339844","686,830017",2,4,2024-04-25
2024-04-25 08:00:00,"398,3184814453125","596,669983",2,4,2024-04-25
2024-04-25 09:00:00,"351,5340576171875","583,169983",2,4,2024-04-25
2024-04-25 10:00:00,"333,3788757324219","551,26001",2,4,2024-04-25
2024-04-25 11:00:00,"318,7869567871094","512,099976",2,4,2024-04-25
2024-04-25 12:00:00,"299,05413818359375","495,25",2,4,2024-04-25
2024-04-25 13:00:00,"348,30340576171875","516,950012",2,4,2024-04-25
2024-04-25 14:00:00,"411,4956359863281","542,97998",2,4,2024-04-25
2024-04-25 15:00:00,"495,76885986328125","595,700012",2,4,2024-04-25
2024-04-25 16:00:00,"567,9692993164062","709,72998",2,4,2024-04-25
2024-04-25 17:00:00,"701,182861328125","1052,170044",2,4,2024-04-25
2024-04-25 18:00:00,"733,473876953125","1135,699951",2,4,2024-04-25
2024-04-25 19:00:00,"647,2888793945312","847,98999",2,4,2024-04-25
2024-04-25 20:00:00,"578,0121459960938","681,23999",2,4,2024-04-25
2024-04-25 21:00:00,"537,6630859375","594,659973",2,4,2024-04-25
2024-04-25 22:00:00,"518,7189331054688","595,719971",2,4,2024-04-25
2024-04-25 23:00:00,"457,5430908203125","551,929993",2,4,2024-04-25
2024-04-26 00:00:00,"425,94354248046875","553,429993",2,4,2024-04-26
2024-04-26 01:00:00,"401,4459228515625","552,460022",2,4,2024-04-26
2024-04-26 02:00:00,"383,4938659667969","575,049988",2,4,2024-04-26
2024-04-26 03:00:00,"411,4911193847656","618,909973",2,4,2024-04-26
2024-04-26 04:00:00,"488,4920959472656","697,380005",2,4,2024-04-26
2024-04-26 05:00:00,"545,5211791992188","776,140015",2,4,2024-04-26
2024-04-26 06:00:00,"566,807373046875","716,469971",2,4,2024-04-26
2024-04-26 07:00:00,"504,39190673828125","604,73999",2,4,2024-04-26
2024-04-26 08:00:00,"367,82330322265625","580,349976",2,4,2024-04-26
2024-04-26 09:00:00,"243,80857849121094","544,099976",2,4,2024-04-26
2024-04-26 10:00:00,"140,89100646972656","524,710022",2,4,2024-04-26
2024-04-26 11:00:00,"124,37416076660156","512,700012",2,4,2024-04-26
2024-04-26 12:00:00,"128,5618133544922","487,570007",2,4,2024-04-26
2024-04-26 13:00:00,"136,9446563720703","521,5",2,4,2024-04-26
2024-04-26 14:00:00,"196,56761169433594","534,780029",2,4,2024-04-26
2024-04-26 15:00:00,"368,4390869140625","600,119995",2,4,2024-04-26
2024-04-26 16:00:00,"463,2009582519531","700,210022",2,4,2024-04-26
2024-04-26 17:00:00,"537,9345703125","959,25",2,4,2024-04-26
2024-04-26 18:00:00,"585,1329345703125","1018,539978",2,4,2024-04-26
2024-04-26 19:00:00,"504,22735595703125","820,440002",2,4,2024-04-26
2024-04-26 20:00:00,"471,2209777832031","691,47998",2,4,2024-04-26
2024-04-26 21:00:00,"466,2712097167969","658,289978",2,4,2024-04-26
2024-04-26 22:00:00,"417,3787841796875","673,330017",2,4,2024-04-26
2024-04-26 23:00:00,"387,5464172363281","662,960022",2,4,2024-04-26
2024-04-27 00:00:00,"329,53460693359375","645,72998",2,4,2024-04-27
2024-04-27 01:00:00,"307,365234375","663,929993",2,4,2024-04-27
2024-04-27 02:00:00,"323,47564697265625","653,940002",2,4,2024-04-27
2024-04-27 03:00:00,"333,084228515625","625,52002",2,4,2024-04-27
2024-04-27 04:00:00,"375,4505310058594","641,929993",2,4,2024-04-27
2024-04-27 05:00:00,"385,0918884277344","589,429993",2,4,2024-04-27
2024-04-27 06:00:00,"368,3847961425781","511,950012",2,4,2024-04-27
2024-04-27 07:00:00,"282,9139404296875","440,51001",2,4,2024-04-27
2024-04-27 08:00:00,"192,17884826660156","284,950012",2,4,2024-04-27
2024-04-27 09:00:00,"105,15135955810547","194,559998",2,4,2024-04-27
2024-04-27 10:00:00,"72,36168670654297","294,640015",2,4,2024-04-27
2024-04-27 11:00:00,"-69,9319839477539","308,809998",2,4,2024-04-27
2024-04-27 12:00:00,"-170,03042602539062","182,710007",2,4,2024-04-27
2024-04-27 13:00:00,"-164,8540496826172","75,019997",2,4,2024-04-27
2024-04-27 14:00:00,"26,788816452026367","156,080002",2,4,2024-04-27
2024-04-27 15:00:00,"240,94223022460938","463,700012",2,4,2024-04-27
2024-04-27 16:00:00,"442,49200439453125","642,679993",2,4,2024-04-27
2024-04-27 17:00:00,"526,6030883789062","894,140015",2,4,2024-04-27
2024-04-27 18:00:00,"523,9203491210938","837,23999",2,4,2024-04-27
2024-04-27 19:00:00,"460,1910400390625","633,880005",2,4,2024-04-27
2024-04-27 20:00:00,"393,7787170410156","566,01001",2,4,2024-04-27
2024-04-27 21:00:00,"291,4340515136719","486,440002",2,4,2024-04-27
2024-04-27 22:00:00,"241,79684448242188","420,570007",2,4,2024-04-27
2024-04-27 23:00:00,"207,90943908691406","344,119995",2,4,2024-04-27
2024-04-28 00:00:00,"192,40890502929688","295,350006",2,4,2024-04-28
2024-04-28 01:00:00,"156,26742553710938","235,309998",2,4,2024-04-28
2024-04-28 02:00:00,"141,64657592773438","205,850006",2,4,2024-04-28
2024-04-28 03:00:00,"179,34341430664062","194,289993",2,4,2024-04-28
2024-04-28 04:00:00,"191,1227264404297","74,209999",2,4,2024-04-28
2024-04-28 05:00:00,"174,91995239257812","1,86",2,4,2024-04-28
2024-04-28 06:00:00,"151,70472717285156","1,94",2,4,2024-04-28
2024-04-28 07:00:00,"136,68150329589844","1,64",2,4,2024-04-28
2024-04-28 08:00:00,"66,63375854492188","0,0",2,4,2024-04-28
2024-04-28 09:00:00,"19,245271682739258","-7,16",2,4,2024-04-28
2024-04-28 10:00:00,"-29,687034606933594","-18,049999",2,4,2024-04-28
2024-04-28 11:00:00,"-205,20556640625","-18,65",2,4,2024-04-28
2024-04-28 12:00:00,"-227,06175231933594","-18,790001",2,4,2024-04-28
2024-04-28 13:00:00,"-68,46399688720703","-15,66",2,4,2024-04-28
2024-04-28 14:00:00,"-22,106937408447266","-15,51",2,4,2024-04-28
2024-04-28 15:00:00,"130,94668579101562","-0,15",2,4,2024-04-28
2024-04-28 16:00:00,"470,6302795410156","189,289993",2,4,2024-04-28
2024-04-28 17:00:00,"566,4072875976562","517,299988",2,4,2024-04-28
2024-04-28 18:00:00,"667,1469116210938","577,640015",2,4,2024-04-28
2024-04-28 19:00:00,"655,2141723632812","583,159973",2,4,2024-04-28
2024-04-28 20:00:00,"585,8865356445312","468,079987",2,4,2024-04-28
2024-04-28 21:00:00,"539,8363647460938","417,890015",2,4,2024-04-28
2024-04-28 22:00:00,"520,7716674804688","306,529999",2,4,2024-04-28
2024-04-28 23:00:00,"522,6337280273438","370,75",2,4,2024-04-28
2024-07-01 00:00:00,"530,27783203125","583,150024",3,1,2024-07-01
2024-07-01 01:00:00,"518,6358642578125","581,809998",3,1,2024-07-01
2024-07-01 02:00:00,"519,8432006835938","564,059998",3,1,2024-07-01
2024-07-01 03:00:00,"576,6798706054688","602,76001",3,1,2024-07-01
2024-07-01 04:00:00,"780,9194946289062","907,349976",3,1,2024-07-01
2024-07-01 05:00:00,"995,6715087890625","1018,109985",3,1,2024-07-01
2024-07-01 06:00:00,"876,9075317382812","963,590027",3,1,2024-07-01
2024-07-01 07:00:00,"664,5046997070312","841,27002",3,1,2024-07-01
2024-07-01 08:00:00,"504,6623840332031","750,289978",3,1,2024-07-01
2024-07-01 09:00:00,"390,7359313964844","642,070007",3,1,2024-07-01
2024-07-01 10:00:00,"321,1664123535156","493,200012",3,1,2024-07-01
2024-07-01 11:00:00,"264,4449768066406","318,609985",3,1,2024-07-01
2024-07-01 12:00:00,"306,2808837890625","258,5",3,1,2024-07-01
2024-07-01 13:00:00,"370,63836669921875","242,759995",3,1,2024-07-01
2024-07-01 14:00:00,"436,96343994140625","231,649994",3,1,2024-07-01
2024-07-01 15:00:00,"590,2052001953125","410,200012",3,1,2024-07-01
2024-07-01 16:00:00,"731,0855102539062","538,77002",3,1,2024-07-01
2024-07-01 17:00:00,"1027,99267578125","733,72998",3,1,2024-07-01
2024-07-01 18:00:00,"1306,654296875","791,080017",3,1,2024-07-01
2024-07-01 19:00:00,"1182,1654052734375","939,719971",3,1,2024-07-01
2024-07-01 20:00:00,"903,0296630859375","782,580017",3,1,2024-07-01
2024-07-01 21:00:00,"715,01318359375","653,700012",3,1,2024-07-01
2024-07-01 22:00:00,"601,4464111328125","593,919983",3,1,2024-07-01
2024-07-01 23:00:00,"550,5143432617188","462,350006",3,1,2024-07-01
2024-07-02 00:00:00,"553,3801879882812","375,829987",3,1,2024-07-02
2024-07-02 01:00:00,"537,418212890625","402,829987",3,1,2024-07-02
2024-07-02 02:00:00,"551,319580078125","343,98999",3,1,2024-07-02
2024-07-02 03:00:00,"576,7848510742188","379,040009",3,1,2024-07-02
2024-07-02 04:00:00,"739,8599243164062","518,070007",3,1,2024-07-02
2024-07-02 05:00:00,"865,2937622070312","496,140015",3,1,2024-07-02
2024-07-02 06:00:00,"725,333251953125","611,299988",3,1,2024-07-02
2024-07-02 07:00:00,"566,492431640625","498,970001",3,1,2024-07-02
2024-07-02 08:00:00,"381,9167175292969","293,119995",3,1,2024-07-02
2024-07-02 09:00:00,"263,08270263671875","265,369995",3,1,2024-07-02
2024-07-02 10:00:00,"189,43136596679688","263,51001",3,1,2024-07-02
2024-07-02 11:00:00,"159,95037841796875","257,98999",3,1,2024-07-02
2024-07-02 12:00:00,"138,55921936035156","252,990005",3,1,2024-07-02
2024-07-02 13:00:00,"206,93008422851562","243,070007",3,1,2024-07-02
2024-07-02 14:00:00,"326,2339782714844","249,410004",3,1,2024-07-02
2024-07-02 15:00:00,"492,3526611328125","262,170013",3,1,2024-07-02
2024-07-02 16:00:00,"630,5562744140625","261,720001",3,1,2024-07-02
2024-07-02 17:00:00,"758,18603515625","267,160004",3,1,2024-07-02
2024-07-02 18:00:00,"897,1156616210938","311,98999",3,1,2024-07-02
2024-07-02 19:00:00,"855,0989990234375","436,920013",3,1,2024-07-02
2024-07-02 20:00:00,"738,1823120117188","345,779999",3,1,2024-07-02
2024-07-02 21:00:00,"599,416015625","301,100006",3,1,2024-07-02
2024-07-02 22:00:00,"528,534912109375","277,459991",3,1,2024-07-02
2024-07-02 23:00:00,"472,4207763671875","268,809998",3,1,2024-07-02
2024-07-03 00:00:00,"476,31341552734375","267,23999",3,1,2024-07-03
2024-07-03 01:00:00,"504,2752685546875","270,380005",3,1,2024-07-03
2024-07-03 02:00:00,"702,0407104492188","288,649994",3,1,2024-07-03
2024-07-03 03:00:00,"1602,4466552734375","439,309998",3,1,2024-07-03
2024-07-03 04:00:00,"3499,1162109375","647,929993",3,1,2024-07-03
2024-07-03 05:00:00,"2682,28369140625","729,599976",3,1,2024-07-03
2024-07-03 06:00:00,"1266,8455810546875","771,669983",3,1,2024-07-03
2024-07-03 07:00:00,"697,7437133789062","416,709991",3,1,2024-07-03
2024-07-03 08:00:00,"454,949462890625","323,029999",3,1,2024-07-03
2024-07-03 09:00:00,"374,2402038574219","298,119995",3,1,2024-07-03
2024-07-03 10:00:00,"271,8638000488281","291,859985",3,1,2024-07-03
2024-07-03 11:00:00,"233,23593139648438","296,179993",3,1,2024-07-03
2024-07-03 12:00:00,"191,73280334472656","306,100006",3,1,2024-07-03
2024-07-03 13:00:00,"259,1205749511719","317,220001",3,1,2024-07-03
2024-07-03 14:00:00,"381,4902648925781","376,660004",3,1,2024-07-03
2024-07-03 15:00:00,"529,9193115234375","590,5",3,1,2024-07-03
2024-07-03 16:00:00,"997,0270385742188","697,830017",3,1,2024-07-03
2024-07-03 17:00:00,"1871,66650390625","831,27002",3,1,2024-07-03
2024-07-03 18:00:00,"4474,1611328125","1149,969971",3,1,2024-07-03
2024-07-03 19:00:00,"3461,00341796875","784,130005",3,1,2024-07-03
2024-07-03 20:00:00,"1643,255615234375","655,23999",3,1,2024-07-03
2024-07-03 21:00:00,"1441,0196533203125","513,900024",3,1,2024-07-03
2024-07-03 22:00:00,"815,5130615234375","436,329987",3,1,2024-07-03
2024-07-03 23:00:00,"641,3898315429688","228,75",3,1,2024-07-03
2024-07-04 00:00:00,"514,9945678710938","154,240005",3,1,2024-07-04
2024-07-04 01:00:00,"465,0712890625","130,149994",3,1,2024-07-04
2024-07-04 02:00:00,"461,7042541503906","70,779999",3,1,2024-07-04
2024-07-04 03:00:00,"478,28350830078125","74,730003",3,1,2024-07-04
2024-07-04 04:00:00,"667,5664672851562","197,429993",3,1,2024-07-04
2024-07-04 05:00:00,"838,5909423828125","223,759995",3,1,2024-07-04
2024-07-04 06:00:00,"803,83349609375","235,910004",3,1,2024-07-04
2024-07-04 07:00:00,"603,9691162109375","168,940002",3,1,2024-07-04
2024-07-04 08:00:00,"488,2530822753906","14,17",3,1,2024-07-04
2024-07-04 09:00:00,"395,7098693847656","0,0",3,1,2024-07-04
2024-07-04 10:00:00,"321,73394775390625","-0,3",3,1,2024-07-04
2024-07-04 11:00:00,"234,6417999267578","-37,52",3,1,2024-07-04
2024-07-04 12:00:00,"269,426513671875","-142,380005",3,1,2024-07-04
2024-07-04 13:00:00,"302,3572082519531","-100,470001",3,1,2024-07-04
2024-07-04 14:00:00,"389,9459228515625","-39,599998",3,1,2024-07-04
2024-07-04 15:00:00,"547,4047241210938","-0,22",3,1,2024-07-04
2024-07-04 16:00:00,"642,757080078125","50,490002",3,1,2024-07-04
2024-07-04 17:00:00,"959,2880859375","216,300003",3,1,2024-07-04
2024-07-04 18:00:00,"1372,6207275390625","336,160004",3,1,2024-07-04
2024-07-04 19:00:00,"1186,1630859375","289,320007",3,1,2024-07-04
2024-07-04 20:00:00,"838,6480712890625","288,5",3,1,2024-07-04
2024-07-04 21:00:00,"666,4290161132812","284,170013",3,1,2024-07-04
2024-07-04 22:00:00,"566,0796508789062","51,610001",3,1,2024-07-04
2024-07-04 23:00:00,"518,8175659179688","36,02",3,1,2024-07-04
2024-07-05 00:00:00,"465,1170349121094","29,83",3,1,2024-07-05
2024-07-05 01:00:00,"415,5735778808594","19,91",3,1,2024-07-05
2024-07-05 02:00:00,"387,502685546875","21,780001",3,1,2024-07-05
2024-07-05 03:00:00,"370,97943115234375","42,66",3,1,2024-07-05
2024-07-05 04:00:00,"517,2315673828125","149,100006",3,1,2024-07-05
2024-07-05 05:00:00,"570,7322998046875","216,970001",3,1,2024-07-05
2024-07-05 06:00:00,"612,9735107421875","234,720001",3,1,2024-07-05
2024-07-05 07:00:00,"532,1076049804688","138,429993",3,1,2024-07-05
2024-07-05 08:00:00,"415,5164489746094","22,0",3,1,2024-07-05
2024-07-05 09:00:00,"292,59356689453125","3,06",3,1,2024-07-05
2024-07-05 10:00:00,"173,19747924804688","-0,3",3,1,2024-07-05
2024-07-05 11:00:00,"171,52288818359375","-4,1",3,1,2024-07-05
2024-07-05 12:00:00,"217,59544372558594","-5,74",3,1,2024-07-05
2024-07-05 13:00:00,"238,90011596679688","-0,22",3,1,2024-07-05
2024-07-05 14:00:00,"279,34259033203125","14,4",3,1,2024-07-05
2024-07-05 15:00:00,"396,4761657714844","125,379997",3,1,2024-07-05
2024-07-05 16:00:00,"461,00408935546875","186,839996",3,1,2024-07-05
2024-07-05 17:00:00,"571,1282958984375","273,730011",3,1,2024-07-05
2024-07-05 18:00:00,"649,263916015625","282,01001",3,1,2024-07-05
2024-07-05 19:00:00,"658,1364135742188","447,959991",3,1,2024-07-05
2024-07-05 20:00:00,"662,3097534179688","618,02002",3,1,2024-07-05
2024-07-05 21:00:00,"594,5950317382812","633,609985",3,1,2024-07-05
2024-07-05 22:00:00,"496,4178466796875","637,890015",3,1,2024-07-05
2024-07-05 23:00:00,"521,2850341796875","492,73999",3,1,2024-07-05
2024-07-06 00:00:00,"465,1958923339844","473,799988",3,1,2024-07-06
2024-07-06 01:00:00,"446,8413391113281","346,540009",3,1,2024-07-06
2024-07-06 02:00:00,"447,47662353515625","288,070007",3,1,2024-07-06
2024-07-06 03:00:00,"392,0479431152344","117,029999",3,1,2024-07-06
2024-07-06 04:00:00,"364,0775146484375","42,740002",3,1,2024-07-06
2024-07-06 05:00:00,"295,6091613769531","40,049999",3,1,2024-07-06
2024-07-06 06:00:00,"265,5978088378906","25,360001",3,1,2024-07-06
2024-07-06 07:00:00,"148,2545928955078","2,39",3,1,2024-07-06
2024-07-06 08:00:00,"218,71694946289062","-0,3",3,1,2024-07-06
2024-07-06 09:00:00,"234,38804626464844","-0,15",3,1,2024-07-06
2024-07-06 10:00:00,"145,87939453125","-0,22",3,1,2024-07-06
2024-07-06 11:00:00,"84,10696411132812","-0,9",3,1,2024-07-06
2024-07-06 12:00:00,"206,4479522705078","-16,26",3,1,2024-07-06
2024-07-06 13:00:00,"64,73544311523438","-20,209999",3,1,2024-07-06
2024-07-06 14:00:00,"345,8436584472656","-4,48",3,1,2024-07-06
2024-07-06 15:00:00,"306,2696838378906","-0,45",3,1,2024-07-06
2024-07-06 16:00:00,"511,0468444824219","14,02",3,1,2024-07-06
2024-07-06 17:00:00,"604,2217407226562","1,64",3,1,2024-07-06
2024-07-06 18:00:00,"674,7783203125","49,900002",3,1,2024-07-06
2024-07-06 19:00:00,"644,8074340820312","70,110001",3,1,2024-07-06
2024-07-06 20:00:00,"547,0000610351562","134,259995",3,1,2024-07-06
2024-07-06 21:00:00,"419,2743225097656","104,580002",3,1,2024-07-06
2024-07-06 22:00:00,"393,2254333496094","-0,22",3,1,2024-07-06
2024-07-06 23:00:00,"340,1796569824219","-0,75",3,1,2024-07-06
2024-07-07 00:00:00,"277,5665283203125","-5,97",3,1,2024-07-07
2024-07-07 01:00:00,"258,0917053222656","-3,58",3,1,2024-07-07
2024-07-07 02:00:00,"266,29083251953125","-0,45",3,1,2024-07-07
2024-07-07 03:00:00,"244,0701446533203","-0,07",3,1,2024-07-07
2024-07-07 04:00:00,"249,0751190185547","-0,07",3,1,2024-07-07
2024-07-07 05:00:00,"160,49305725097656","-0,07",3,1,2024-07-07
2024-07-07 06:00:00,"261,7958679199219","-4,47",3,1,2024-07-07
2024-07-07 07:00:00,"151,89588928222656","-48,400002",3,1,2024-07-07
2024-07-07 08:00:00,"210,6088409423828","-74,43",3,1,2024-07-07
2024-07-07 09:00:00,"197,8009796142578","-89,800003",3,1,2024-07-07
2024-07-07 10:00:00,"203,74539184570312","-100,610001",3,1,2024-07-07
2024-07-07 11:00:00,"205,3662872314453","-112,019997",3,1,2024-07-07
2024-07-07 12:00:00,"207,1409454345703","-156,470001",3,1,2024-07-07
2024-07-07 13:00:00,"171,18765258789062","-90,989998",3,1,2024-07-07
2024-07-07 14:00:00,"204,5744171142578","-45,939999",3,1,2024-07-07
2024-07-07 15:00:00,"250,62351989746094","-0,6",3,1,2024-07-07
2024-07-07 16:00:00,"564,1961059570312","477,23999",3,1,2024-07-07
2024-07-07 17:00:00,"677,107421875","673,23999",3,1,2024-07-07
2024-07-07 18:00:00,"829,9104614257812","890,48999",3,1,2024-07-07
2024-07-07 19:00:00,"851,9691162109375","947,549988",3,1,2024-07-07
2024-07-07 20:00:00,"819,087646484375","859,169983",3,1,2024-07-07
2024-07-07 21:00:00,"716,2509765625","724,400024",3,1,2024-07-07
2024-07-07 22:00:00,"673,1558837890625","608,72998",3,1,2024-07-07
2024-07-07 23:00:00,"605,5811157226562","571,659973",3,1,2024-07-07
2024-07-08 00:00:00,"567,9568481445312","552,48999",3,2,2024-07-08
2024-07-08 01:00:00,"594,2011108398438","579,640015",3,2,2024-07-08
2024-07-08 02:00:00,"589,716796875","568,900024",3,2,2024-07-08
2024-07-08 03:00:00,"663,2030639648438","592,469971",3,2,2024-07-08
2024-07-08 04:00:00,"884,8238525390625","820,390015",3,2,2024-07-08
2024-07-08 05:00:00,"1029,5738525390625","924,580017",3,2,2024-07-08
2024-07-08 06:00:00,"923,1849975585938","750,580017",3,2,2024-07-08
2024-07-08 07:00:00,"706,3200073242188","578,820007",3,2,2024-07-08
2024-07-08 08:00:00,"529,3682250976562","402,209991",3,2,2024-07-08
2024-07-08 09:00:00,"461,81304931640625","286,609985",3,2,2024-07-08
2024-07-08 10:00:00,"368,4360656738281","237,089996",3,2,2024-07-08
2024-07-08 11:00:00,"287,3236083984375","219,639999",3,2,2024-07-08
2024-07-08 12:00:00,"247,04476928710938","220,460007",3,2,2024-07-08
2024-07-08 13:00:00,"336,4486999511719","274,079987",3,2,2024-07-08
2024-07-08 14:00:00,"431,2965393066406","477,320007",3,2,2024-07-08
2024-07-08 15:00:00,"601,057861328125","598,140015",3,2,2024-07-08
2024-07-08 16:00:00,"713,7800903320312","765,419983",3,2,2024-07-08
2024-07-08 17:00:00,"1008,073486328125","1006,840027",3,2,2024-07-08
2024-07-08 18:00:00,"1461,3182373046875","1857,140015",3,2,2024-07-08
2024-07-08 19:00:00,"1260,368408203125","1295,390015",3,2,2024-07-08
2024-07-08 20:00:00,"950,4300537109375","847,609985",3,2,2024-07-08
2024-07-08 21:00:00,"732,5243530273438","686,289978",3,2,2024-07-08
2024-07-08 22:00:00,"656,6290283203125","787,049988",3,2,2024-07-08
2024-07-08 23:00:00,"647,788818359375","715,73999",3,2,2024-07-08
2024-07-09 00:00:00,"608,8999633789062","694,26001",3,2,2024-07-09
2024-07-09 01:00:00,"621,2055053710938","679,789978",3,2,2024-07-09
2024-07-09 02:00:00,"615,6394653320312","653,840027",3,2,2024-07-09
2024-07-09 03:00:00,"667,3963012695312","722,22998",3,2,2024-07-09
2024-07-09 04:00:00,"814,0284423828125","830,76001",3,2,2024-07-09
2024-07-09 05:00:00,"896,9908447265625","773,919983",3,2,2024-07-09
2024-07-09 06:00:00,"745,6140747070312","701,119995",3,2,2024-07-09
2024-07-09 07:00:00,"590,3713989257812","501,679993",3,2,2024-07-09
2024-07-09 08:00:00,"485,1495666503906","347,799988",3,2,2024-07-09
2024-07-09 09:00:00,"370,6894836425781","251,440002",3,2,2024-07-09
2024-07-09 10:00:00,"284,70245361328125","163,720001",3,2,2024-07-09
2024-07-09 11:00:00,"271,27667236328125","119,190002",3,2,2024-07-09
2024-07-09 12:00:00,"259,6960144042969","32,369999",3,2,2024-07-09
2024-07-09 13:00:00,"287,2985534667969","82,639999",3,2,2024-07-09
2024-07-09 14:00:00,"430,2056884765625","400,76001",3,2,2024-07-09
2024-07-09 15:00:00,"570,2438354492188","609,309998",3,2,2024-07-09
2024-07-09 16:00:00,"756,8992309570312","740,429993",3,2,2024-07-09
2024-07-09 17:00:00,"934,7913208007812","822,47998",3,2,2024-07-09
2024-07-09 18:00:00,"1046,1199951171875","841,349976",3,2,2024-07-09
2024-07-09 19:00:00,"828,3590087890625","748,26001",3,2,2024-07-09
2024-07-09 20:00:00,"754,9282836914062","338,779999",3,2,2024-07-09
2024-07-09 21:00:00,"651,3264770507812","301,779999",3,2,2024-07-09
2024-07-09 22:00:00,"701,73974609375","243,110001",3,2,2024-07-09
2024-07-09 23:00:00,"744,6947631835938","246,089996",3,2,2024-07-09
2024-07-10 00:00:00,"747,1302490234375","224,009995",3,2,2024-07-10
2024-07-10 01:00:00,"925,1326904296875","214,320007",3,2,2024-07-10
2024-07-10 02:00:00,"1028,2459716796875","223,789993",3,2,2024-07-10
2024-07-10 03:00:00,"1830,6527099609375","243,779999",3,2,2024-07-10
2024-07-10 04:00:00,"4468,79541015625","300,700012",3,2,2024-07-10
2024-07-10 05:00:00,"2960,768798828125","325,089996",3,2,2024-07-10
2024-07-10 06:00:00,"1331,030029296875","622,809998",3,2,2024-07-10
2024-07-10 07:00:00,"725,1945190429688","586,109985",3,2,2024-07-10
2024-07-10 08:00:00,"467,3356018066406","484,880005",3,2,2024-07-10
2024-07-10 09:00:00,"418,8880615234375","416,029999",3,2,2024-07-10
2024-07-10 10:00:00,"295,43988037109375","351,570007",3,2,2024-07-10
2024-07-10 11:00:00,"267,82427978515625","304,059998",3,2,2024-07-10
2024-07-10 12:00:00,"236,71995544433594","392,149994",3,2,2024-07-10
2024-07-10 13:00:00,"257,3150939941406","394,690002",3,2,2024-07-10
2024-07-10 14:00:00,"362,691162109375","441,089996",3,2,2024-07-10
2024-07-10 15:00:00,"553,4904174804688","597,820007",3,2,2024-07-10
2024-07-10 16:00:00,"993,9397583007812","595,059998",3,2,2024-07-10
2024-07-10 17:00:00,"1984,780029296875","743,880005",3,2,2024-07-10
2024-07-10 18:00:00,"4414,7529296875","872,780029",3,2,2024-07-10
2024-07-10 19:00:00,"3079,871826171875","1122,75",3,2,2024-07-10
2024-07-10 20:00:00,"1463,580810546875","850,179993",3,2,2024-07-10
2024-07-10 21:00:00,"1348,2098388671875","693,150024",3,2,2024-07-10
2024-07-10 22:00:00,"811,500732421875","716,380005",3,2,2024-07-10
2024-07-10 23:00:00,"591,5062255859375","596,48999",3,2,2024-07-10
2024-07-11 00:00:00,"451,12353515625","574,919983",3,2,2024-07-11
2024-07-11 01:00:00,"425,85247802734375","593,869995",3,2,2024-07-11
2024-07-11 02:00:00,"431,1726989746094","599,169983",3,2,2024-07-11
2024-07-11 03:00:00,"495,5270690917969","611,630005",3,2,2024-07-11
2024-07-11 04:00:00,"840,9464111328125","801,72998",3,2,2024-07-11
2024-07-11 05:00:00,"794,4124755859375","895,289978",3,2,2024-07-11
2024-07-11 06:00:00,"657,181884765625","794,789978",3,2,2024-07-11
2024-07-11 07:00:00,"496,4643859863281","664,830017",3,2,2024-07-11
2024-07-11 08:00:00,"297,8025207519531","602,01001",3,2,2024-07-11
2024-07-11 09:00:00,"240,2515106201172","496,880005",3,2,2024-07-11
2024-07-11 10:00:00,"206,37765502929688","428,540009",3,2,2024-07-11
2024-07-11 11:00:00,"306,7357177734375","355,880005",3,2,2024-07-11
2024-07-11 12:00:00,"156,18817138671875","331,850006",3,2,2024-07-11
2024-07-11 13:00:00,"250,58926391601562","373,779999",3,2,2024-07-11
2024-07-11 14:00:00,"289,6907653808594","454,959991",3,2,2024-07-11
2024-07-11 15:00:00,"479,9126892089844","611,109985",3,2,2024-07-11
2024-07-11 16:00:00,"608,427734375","683,25",3,2,2024-07-11
2024-07-11 17:00:00,"810,3883056640625","872,909973",3,2,2024-07-11
2024-07-11 18:00:00,"1356,439208984375","1375,23999",3,2,2024-07-11
2024-07-11 19:00:00,"1166,732421875","1244,0",3,2,2024-07-11
2024-07-11 20:00:00,"875,6987915039062","907,150024",3,2,2024-07-11
2024-07-11 21:00:00,"680,7860107421875","732,049988",3,2,2024-07-11
2024-07-11 22:00:00,"585,5044555664062","764,130005",3,2,2024-07-11
2024-07-11 23:00:00,"517,633544921875","651,400024",3,2,2024-07-11
2024-07-12 00:00:00,"443,1370544433594","609,619995",3,2,2024-07-12
2024-07-12 01:00:00,"412,646484375","596,710022",3,2,2024-07-12
2024-07-12 02:00:00,"401,5069885253906","570,0",3,2,2024-07-12
2024-07-12 03:00:00,"386,6872863769531","592,159973",3,2,2024-07-12
2024-07-12 04:00:00,"486,2156066894531","805,309998",3,2,2024-07-12
2024-07-12 05:00:00,"566,01123046875","820,080017",3,2,2024-07-12
2024-07-12 06:00:00,"587,2131958007812","817,690002",3,2,2024-07-12
2024-07-12 07:00:00,"468,56109619140625","763,97998",3,2,2024-07-12
2024-07-12 08:00:00,"287,5068359375","715,26001",3,2,2024-07-12
2024-07-12 09:00:00,"260,8616638183594","670,200012",3,2,2024-07-12
2024-07-12 10:00:00,"219,7068634033203","621,099976",3,2,2024-07-12
2024-07-12 11:00:00,"315,0883483886719","586,409973",3,2,2024-07-12
2024-07-12 12:00:00,"168,5791473388672","582,22998",3,2,2024-07-12
2024-07-12 13:00:00,"213,91827392578125","583,349976",3,2,2024-07-12
2024-07-12 14:00:00,"235,5717315673828","624,159973",3,2,2024-07-12
2024-07-12 15:00:00,"333,5801086425781","589,400024",3,2,2024-07-12
2024-07-12 16:00:00,"507,857177734375","671,840027",3,2,2024-07-12
2024-07-12 17:00:00,"628,6347045898438","720,849976",3,2,2024-07-12
2024-07-12 18:00:00,"801,6136474609375","683,400024",3,2,2024-07-12
2024-07-12 19:00:00,"848,2084350585938","705,859985",3,2,2024-07-12
2024-07-12 20:00:00,"791,2412109375","639,090027",3,2,2024-07-12
2024-07-12 21:00:00,"693,30126953125","522,330017",3,2,2024-07-12
2024-07-12 22:00:00,"657,7529296875","251,740005",3,2,2024-07-12
2024-07-12 23:00:00,"623,1508178710938","242,940002",3,2,2024-07-12
2024-07-13 00:00:00,"541,05419921875","259,869995",3,2,2024-07-13
2024-07-13 01:00:00,"479,0818176269531","247,710007",3,2,2024-07-13
2024-07-13 02:00:00,"443,087158203125","243,610001",3,2,2024-07-13
2024-07-13 03:00:00,"351,0225524902344","231,149994",3,2,2024-07-13
2024-07-13 04:00:00,"327,58709716796875","227,860001",3,2,2024-07-13
2024-07-13 05:00:00,"292,5875549316406","207,570007",3,2,2024-07-13
2024-07-13 06:00:00,"279,5579528808594","198,470001",3,2,2024-07-13
2024-07-13 07:00:00,"149,6359405517578","156,460007",3,2,2024-07-13
2024-07-13 08:00:00,"225,2501220703125","38,5",3,2,2024-07-13
2024-07-13 09:00:00,"237,56948852539062","0,3",3,2,2024-07-13
2024-07-13 10:00:00,"144,38104248046875","-0,07",3,2,2024-07-13
2024-07-13 11:00:00,"279,821044921875","-6,49",3,2,2024-07-13
2024-07-13 12:00:00,"55,76626205444336","-6,04",3,2,2024-07-13
2024-07-13 13:00:00,"424,7372131347656","-0,45",3,2,2024-07-13
2024-07-13 14:00:00,"219,10292053222656","10,52",3,2,2024-07-13
2024-07-13 15:00:00,"299,298828125","-0,07",3,2,2024-07-13
2024-07-13 16:00:00,"533,9367065429688","214,660004",3,2,2024-07-13
2024-07-13 17:00:00,"608,0211181640625","375,519989",3,2,2024-07-13
2024-07-13 18:00:00,"670,3086547851562","562,950012",3,2,2024-07-13
2024-07-13 19:00:00,"630,09912109375","568,98999",3,2,2024-07-13
2024-07-13 20:00:00,"520,321044921875","588,23999",3,2,2024-07-13
2024-07-13 21:00:00,"480,9573974609375","470,049988",3,2,2024-07-13
2024-07-13 22:00:00,"432,6379089355469","663,700012",3,2,2024-07-13
2024-07-13 23:00:00,"363,5249328613281","471,48999",3,2,2024-07-13
2024-07-14 00:00:00,"326,347900390625","413,73999",3,2,2024-07-14
2024-07-14 01:00:00,"296,7065734863281","330,540009",3,2,2024-07-14
2024-07-14 02:00:00,"278,53509521484375","283,01001",3,2,2024-07-14
2024-07-14 03:00:00,"261,17724609375","274,660004",3,2,2024-07-14
2024-07-14 04:00:00,"239,8735809326172","238,470001",3,2,2024-07-14
2024-07-14 05:00:00,"143,53594970703125","106,550003",3,2,2024-07-14
2024-07-14 06:00:00,"300,9425048828125","2,16",3,2,2024-07-14
2024-07-14 07:00:00,"140,2199249267578","-17,09",3,2,2024-07-14
2024-07-14 08:00:00,"258,58660888671875","-22,530001",3,2,2024-07-14
2024-07-14 09:00:00,"113,0966796875","-25,370001",3,2,2024-07-14
2024-07-14 10:00:00,"361,1135559082031","-31,49",3,2,2024-07-14
2024-07-14 11:00:00,"107,55772399902344","-38,5",3,2,2024-07-14
2024-07-14 12:00:00,"378,01934814453125","-47,830002",3,2,2024-07-14
2024-07-14 13:00:00,"192,80760192871094","-39,990002",3,2,2024-07-14
2024-07-14 14:00:00,"242,86705017089844","-75,809998",3,2,2024-07-14
2024-07-14 15:00:00,"205,56423950195312","-0,37",3,2,2024-07-14
2024-07-14 16:00:00,"510,26885986328125","347,26001",3,2,2024-07-14
2024-07-14 17:00:00,"620,252197265625","654,820007",3,2,2024-07-14
2024-07-14 18:00:00,"827,636962890625","841,650024",3,2,2024-07-14
2024-07-14 19:00:00,"877,15625","806,059998",3,2,2024-07-14
2024-07-14 20:00:00,"776,81201171875","789,719971",3,2,2024-07-14
2024-07-14 21:00:00,"699,0631713867188","649,590027",3,2,2024-07-14
2024-07-14 22:00:00,"677,2634887695312","592,070007",3,2,2024-07-14
2024-07-14 23:00:00,"618,2205810546875","494,25",3,2,2024-07-14
2024-07-15 00:00:00,"568,7525024414062","434,029999",3,3,2024-07-15
2024-07-15 01:00:00,"571,2352905273438","361,059998",3,3,2024-07-15
2024-07-15 02:00:00,"562,0501098632812","388,73999",3,3,2024-07-15
2024-07-15 03:00:00,"591,4202880859375","482,160004",3,3,2024-07-15
2024-07-15 04:00:00,"761,2338256835938","482,609985",3,3,2024-07-15
2024-07-15 05:00:00,"839,5220336914062","482,380005",3,3,2024-07-15
2024-07-15 06:00:00,"793,6796264648438","482,079987",3,3,2024-07-15
2024-07-15 07:00:00,"671,7725830078125","299,200012",3,3,2024-07-15
2024-07-15 08:00:00,"536,80908203125","265,029999",3,3,2024-07-15
2024-07-15 09:00:00,"392,0165100097656","84,239998",3,3,2024-07-15
2024-07-15 10:00:00,"324,82501220703125","0,52",3,3,2024-07-15
2024-07-15 11:00:00,"296,89044189453125","-0,07",3,3,2024-07-15
2024-07-15 12:00:00,"260,6881408691406","-0,52",3,3,2024-07-15
2024-07-15 13:00:00,"284,3796691894531","26,41",3,3,2024-07-15
2024-07-15 14:00:00,"366,6993103027344","330,470001",3,3,2024-07-15
2024-07-15 15:00:00,"518,376220703125","611,840027",3,3,2024-07-15
2024-07-15 16:00:00,"633,61083984375","853,219971",3,3,2024-07-15
2024-07-15 17:00:00,"842,7172241210938","1389,619995",3,3,2024-07-15
2024-07-15 18:00:00,"1312,7230224609375","1598,540039",3,3,2024-07-15
2024-07-15 19:00:00,"1133,17333984375","1050,27002",3,3,2024-07-15
2024-07-15 20:00:00,"849,3486328125","690,030029",3,3,2024-07-15
2024-07-15 21:00:00,"681,198486328125","597,659973",3,3,2024-07-15
2024-07-15 22:00:00,"670,3506469726562","571,47998",3,3,2024-07-15
2024-07-15 23:00:00,"638,4822998046875","475,829987",3,3,2024-07-15
2024-07-16 00:00:00,"634,0711059570312","391,660004",3,3,2024-07-16
2024-07-16 01:00:00,"620,2470703125","274,73999",3,3,2024-07-16
2024-07-16 02:00:00,"624,487060546875","284,730011",3,3,2024-07-16
2024-07-16 03:00:00,"637,4803466796875","375,470001",3,3,2024-07-16
2024-07-16 04:00:00,"734,9334106445312","531,859985",3,3,2024-07-16
2024-07-16 05:00:00,"786,0735473632812","593,049988",3,3,2024-07-16
2024-07-16 06:00:00,"740,6102905273438","568,349976",3,3,2024-07-16
2024-07-16 07:00:00,"574,6136474609375","468,359985",3,3,2024-07-16
2024-07-16 08:00:00,"429,37786865234375","160,350006",3,3,2024-07-16
2024-07-16 09:00:00,"286,06365966796875","10,67",3,3,2024-07-16
2024-07-16 10:00:00,"257,4884948730469","15,15",3,3,2024-07-16
2024-07-16 11:00:00,"208,4822235107422","98,489998",3,3,2024-07-16
2024-07-16 12:00:00,"194,57733154296875","30,290001",3,3,2024-07-16
2024-07-16 13:00:00,"240,3082733154297","10,97",3,3,2024-07-16
2024-07-16 14:00:00,"410,0899658203125","-0,07",3,3,2024-07-16
2024-07-16 15:00:00,"583,3204345703125","165,050003",3,3,2024-07-16
2024-07-16 16:00:00,"657,4063110351562","470,230011",3,3,2024-07-16
2024-07-16 17:00:00,"872,6276245117188","611,780029",3,3,2024-07-16
2024-07-16 18:00:00,"947,029296875","907,330017",3,3,2024-07-16
2024-07-16 19:00:00,"842,7532958984375","852,710022",3,3,2024-07-16
2024-07-16 20:00:00,"729,150390625","789,51001",3,3,2024-07-16
2024-07-16 21:00:00,"586,5731201171875","629,090027",3,3,2024-07-16
2024-07-16 22:00:00,"789,5120239257812","652,109985",3,3,2024-07-16
2024-07-16 23:00:00,"813,6902465820312","544,52002",3,3,2024-07-16
2024-07-17 00:00:00,"932,9149169921875","543,330017",3,3,2024-07-17
2024-07-17 01:00:00,"1114,1751708984375","526,23999",3,3,2024-07-17
2024-07-17 02:00:00,"1198,843017578125","530,119995",3,3,2024-07-17
2024-07-17 03:00:00,"1925,2154541015625","577,799988",3,3,2024-07-17
2024-07-17 04:00:00,"4328,3720703125","671,880005",3,3,2024-07-17
2024-07-17 05:00:00,"2902,416748046875","744,330017",3,3,2024-07-17
2024-07-17 06:00:00,"1479,6839599609375","788,650024",3,3,2024-07-17
2024-07-17 07:00:00,"807,0805053710938","575,559998",3,3,2024-07-17
2024-07-17 08:00:00,"526,2321166992188","434,170013",3,3,2024-07-17
2024-07-17 09:00:00,"392,9157409667969","311,51001",3,3,2024-07-17
2024-07-17 10:00:00,"296,4638671875","243,160004",3,3,2024-07-17
2024-07-17 11:00:00,"260,1067810058594","163,029999",3,3,2024-07-17
2024-07-17 12:00:00,"263,9648742675781","80,580002",3,3,2024-07-17
2024-07-17 13:00:00,"332,31170654296875","100,5",3,3,2024-07-17
2024-07-17 14:00:00,"396,07720947265625","290,089996",3,3,2024-07-17
2024-07-17 15:00:00,"643,5701293945312","460,209991",3,3,2024-07-17
2024-07-17 16:00:00,"840,301025390625","618,76001",3,3,2024-07-17
2024-07-17 17:00:00,"1658,3671875","797,530029",3,3,2024-07-17
2024-07-17 18:00:00,"3754,63671875","984,280029",3,3,2024-07-17
2024-07-17 19:00:00,"3111,5029296875","1044,790039",3,3,2024-07-17
2024-07-17 20:00:00,"1383,5457763671875","857,369995",3,3,2024-07-17
2024-07-17 21:00:00,"1266,2020263671875","687,700012",3,3,2024-07-17
2024-07-17 22:00:00,"778,3551635742188","506,570007",3,3,2024-07-17
2024-07-17 23:00:00,"509,3354797363281","544,679993",3,3,2024-07-17
2024-07-18 00:00:00,"435,3863525390625","493,589996",3,3,2024-07-18
2024-07-18 01:00:00,"398,8672790527344","491,200012",3,3,2024-07-18
2024-07-18 02:00:00,"386,96978759765625","466,880005",3,3,2024-07-18
2024-07-18 03:00:00,"482,0368957519531","298,369995",3,3,2024-07-18
2024-07-18 04:00:00,"572,6469116210938","650,309998",3,3,2024-07-18
2024-07-18 05:00:00,"714,6832275390625","704,909973",3,3,2024-07-18
2024-07-18 06:00:00,"630,640380859375","506,269989",3,3,2024-07-18
2024-07-18 07:00:00,"490,6631164550781","351,339996",3,3,2024-07-18
2024-07-18 08:00:00,"348,1650390625","270,779999",3,3,2024-07-18
2024-07-18 09:00:00,"286,3628234863281","253,470001",3,3,2024-07-18
2024-07-18 10:00:00,"237,802734375","253,25",3,3,2024-07-18
2024-07-18 11:00:00,"234,2174530029297","252,800003",3,3,2024-07-18
2024-07-18 12:00:00,"188,47750854492188","254,360001",3,3,2024-07-18
2024-07-18 13:00:00,"188,0987548828125","260,929993",3,3,2024-07-18
2024-07-18 14:00:00,"245,21217346191406","197,080002",3,3,2024-07-18
2024-07-18 15:00:00,"406,46319580078125","637,630005",3,3,2024-07-18
2024-07-18 16:00:00,"506,6209716796875","686,26001",3,3,2024-07-18
2024-07-18 17:00:00,"628,29638671875","952,26001",3,3,2024-07-18
2024-07-18 18:00:00,"1124,2288818359375","1382,819946",3,3,2024-07-18
2024-07-18 19:00:00,"1158,8724365234375","1318,290039",3,3,2024-07-18
2024-07-18 20:00:00,"840,1016845703125","891,690002",3,3,2024-07-18
2024-07-18 21:00:00,"666,6103515625","760,26001",3,3,2024-07-18
2024-07-18 22:00:00,"564,4127807617188","672,26001",3,3,2024-07-18
2024-07-18 23:00:00,"487,96124267578125","600,200012",3,3,2024-07-18
2024-07-19 00:00:00,"416,902099609375","596,169983",3,3,2024-07-19
2024-07-19 01:00:00,"411,1784362792969","583,47998",3,3,2024-07-19
2024-07-19 02:00:00,"384,27581787109375","606,390015",3,3,2024-07-19
2024-07-19 03:00:00,"407,1324768066406","667,039978",3,3,2024-07-19
2024-07-19 04:00:00,"618,4234619140625","827,289978",3,3,2024-07-19
2024-07-19 05:00:00,"636,4754028320312","810,72998",3,3,2024-07-19
2024-07-19 06:00:00,"580,4168701171875","734,109985",3,3,2024-07-19
2024-07-19 07:00:00,"449,6217956542969","607,51001",3,3,2024-07-19
2024-07-19 08:00:00,"233,01206970214844","522,22998",3,3,2024-07-19
2024-07-19 09:00:00,"210,5074005126953","438,299988",3,3,2024-07-19
2024-07-19 10:00:00,"204,28094482421875","330,799988",3,3,2024-07-19
2024-07-19 11:00:00,"183,4205322265625","272,309998",3,3,2024-07-19
2024-07-19 12:00:00,"153,77581787109375","270,070007",3,3,2024-07-19
2024-07-19 13:00:00,"168,53196716308594","317,369995",3,3,2024-07-19
2024-07-19 14:00:00,"213,63185119628906","475,899994",3,3,2024-07-19
2024-07-19 15:00:00,"296,2373962402344","576,98999",3,3,2024-07-19
2024-07-19 16:00:00,"448,1869812011719","683,460022",3,3,2024-07-19
2024-07-19 17:00:00,"594,3682250976562","888,099976",3,3,2024-07-19
2024-07-19 18:00:00,"727,8972778320312","1358,410034",3,3,2024-07-19
2024-07-19 19:00:00,"807,2371215820312","895,26001",3,3,2024-07-19
2024-07-19 20:00:00,"756,8030395507812","797,22998",3,3,2024-07-19
2024-07-19 21:00:00,"679,2984008789062","683,01001",3,3,2024-07-19
2024-07-19 22:00:00,"627,1521606445312","706,789978",3,3,2024-07-19
2024-07-19 23:00:00,"583,5416870117188","667,099976",3,3,2024-07-19
2024-07-20 00:00:00,"535,864501953125","658,440002",3,3,2024-07-20
2024-07-20 01:00:00,"514,2258911132812","670,599976",3,3,2024-07-20
2024-07-20 02:00:00,"431,8294677734375","703,130005",3,3,2024-07-20
2024-07-20 03:00:00,"356,2547607421875","699,849976",3,3,2024-07-20
2024-07-20 04:00:00,"326,5989074707031","665,159973",3,3,2024-07-20
2024-07-20 05:00:00,"291,33538818359375","641,580017",3,3,2024-07-20
2024-07-20 06:00:00,"198,59194946289062","508,850006",3,3,2024-07-20
2024-07-20 07:00:00,"258,31500244140625","371,559998",3,3,2024-07-20
2024-07-20 08:00:00,"146,5330810546875","38,419998",3,3,2024-07-20
2024-07-20 09:00:00,"169,3710174560547","0,0",3,3,2024-07-20
2024-07-20 10:00:00,"213,80015563964844","-1,57",3,3,2024-07-20
2024-07-20 11:00:00,"164,74781799316406","0,15",3,3,2024-07-20
2024-07-20 12:00:00,"136,96336364746094","-1,87",3,3,2024-07-20
2024-07-20 13:00:00,"244,1161651611328","-20,219999",3,3,2024-07-20
2024-07-20 14:00:00,"161,56040954589844","18,059999",3,3,2024-07-20
2024-07-20 15:00:00,"230,5316925048828","390,140015",3,3,2024-07-20
2024-07-20 16:00:00,"337,80615234375","634,190002",3,3,2024-07-20
2024-07-20 17:00:00,"447,6394958496094","817,440002",3,3,2024-07-20
2024-07-20 18:00:00,"561,964599609375","1005,380005",3,3,2024-07-20
2024-07-20 19:00:00,"468,14483642578125","811,840027",3,3,2024-07-20
2024-07-20 20:00:00,"455,9209289550781","627,47998",3,3,2024-07-20
2024-07-20 21:00:00,"414,3988952636719","555,929993",3,3,2024-07-20
2024-07-20 22:00:00,"423,6898498535156","474,790009",3,3,2024-07-20
2024-07-20 23:00:00,"333,4736022949219","420,089996",3,3,2024-07-20
2024-07-21 00:00:00,"306,8956298828125","411,880005",3,3,2024-07-21
2024-07-21 01:00:00,"294,2015075683594","450,540009",3,3,2024-07-21
2024-07-21 02:00:00,"273,594482421875","496,570007",3,3,2024-07-21
2024-07-21 03:00:00,"228,90113830566406","561,419983",3,3,2024-07-21
2024-07-21 04:00:00,"215,71360778808594","480,529999",3,3,2024-07-21
2024-07-21 05:00:00,"209,33859252929688","421,809998",3,3,2024-07-21
2024-07-21 06:00:00,"237,11512756347656","363,230011",3,3,2024-07-21
2024-07-21 07:00:00,"158,79522705078125","78,870003",3,3,2024-07-21
2024-07-21 08:00:00,"212,734130859375","0,52",3,3,2024-07-21
2024-07-21 09:00:00,"108,2952880859375","0,22",3,3,2024-07-21
2024-07-21 10:00:00,"243,55645751953125","0,15",3,3,2024-07-21
2024-07-21 11:00:00,"63,21186828613281","-0,45",3,3,2024-07-21
2024-07-21 12:00:00,"197,48170471191406","-1,34",3,3,2024-07-21
2024-07-21 13:00:00,"153,99024963378906","0,3",3,3,2024-07-21
2024-07-21 14:00:00,"239,2632293701172","0,82",3,3,2024-07-21
2024-07-21 15:00:00,"208,37246704101562","446,279999",3,3,2024-07-21
2024-07-21 16:00:00,"418,4837341308594","600,289978",3,3,2024-07-21
2024-07-21 17:00:00,"553,1029052734375","807,880005",3,3,2024-07-21
2024-07-21 18:00:00,"798,9727783203125","841,150024",3,3,2024-07-21
2024-07-21 19:00:00,"836,9625244140625","919,950012",3,3,2024-07-21
2024-07-21 20:00:00,"780,8909301757812","814,590027",3,3,2024-07-21
2024-07-21 21:00:00,"679,3576049804688","672,73999",3,3,2024-07-21
2024-07-21 22:00:00,"636,4379272460938","901,669983",3,3,2024-07-21
2024-07-21 23:00:00,"588,4547729492188","721,02002",3,3,2024-07-21
2024-07-22 00:00:00,"545,1597900390625","648,27002",3,4,2024-07-22
2024-07-22 01:00:00,"532,8967895507812","648,640015",3,4,2024-07-22
2024-07-22 02:00:00,"539,391357421875","610,659973",3,4,2024-07-22
2024-07-22 03:00:00,"566,667236328125","591,859985",3,4,2024-07-22
2024-07-22 04:00:00,"691,2183837890625","811,159973",3,4,2024-07-22
2024-07-22 05:00:00,"759,9107666015625","896,070007",3,4,2024-07-22
2024-07-22 06:00:00,"710,5248413085938","852,719971",3,4,2024-07-22
2024-07-22 07:00:00,"590,633544921875","703,929993",3,4,2024-07-22
2024-07-22 08:00:00,"484,6316833496094","473,290009",3,4,2024-07-22
2024-07-22 09:00:00,"329,2036437988281","291,600006",3,4,2024-07-22
2024-07-22 10:00:00,"288,0786437988281","191,089996",3,4,2024-07-22
2024-07-22 11:00:00,"277,27459716796875","174,300003",3,4,2024-07-22
2024-07-22 12:00:00,"205,98817443847656","144,830002",3,4,2024-07-22
2024-07-22 13:00:00,"204,36236572265625","152,070007",3,4,2024-07-22
2024-07-22 14:00:00,"289,1825256347656","170,279999",3,4,2024-07-22
2024-07-22 15:00:00,"472,6232604980469","463,820007",3,4,2024-07-22
2024-07-22 16:00:00,"562,7792358398438","603,719971",3,4,2024-07-22
2024-07-22 17:00:00,"950,6611328125","739,0",3,4,2024-07-22
2024-07-22 18:00:00,"1370,264892578125","1043,660034",3,4,2024-07-22
2024-07-22 19:00:00,"1138,1571044921875","1046,569946",3,4,2024-07-22
2024-07-22 20:00:00,"781,1727905273438","828,539978",3,4,2024-07-22
2024-07-22 21:00:00,"640,5557861328125","712,73999",3,4,2024-07-22
2024-07-22 22:00:00,"612,6614379882812","618,22998",3,4,2024-07-22
2024-07-22 23:00:00,"589,0565185546875","559,349976",3,4,2024-07-22
2024-07-23 00:00:00,"570,3992919921875","547,630005",3,4,2024-07-23
2024-07-23 01:00:00,"502,2527770996094","508,380005",3,4,2024-07-23
2024-07-23 02:00:00,"490,29852294921875","526,52002",3,4,2024-07-23
2024-07-23 03:00:00,"522,9104614257812","549,799988",3,4,2024-07-23
2024-07-23 04:00:00,"623,3497314453125","745,450012",3,4,2024-07-23
2024-07-23 05:00:00,"698,54931640625","865,590027",3,4,2024-07-23
2024-07-23 06:00:00,"675,8640747070312","824,179993",3,4,2024-07-23
2024-07-23 07:00:00,"536,19921875","651,359985",3,4,2024-07-23
2024-07-23 08:00:00,"350,6413879394531","513,909973",3,4,2024-07-23
2024-07-23 09:00:00,"257,1314392089844","457,940002",3,4,2024-07-23
2024-07-23 10:00:00,"237,69607543945312","324,0",3,4,2024-07-23
2024-07-23 11:00:00,"219,32598876953125","285,720001",3,4,2024-07-23
2024-07-23 12:00:00,"212,13809204101562","268,709991",3,4,2024-07-23
2024-07-23 13:00:00,"205,31858825683594","313,100006",3,4,2024-07-23
2024-07-23 14:00:00,"325,9318542480469","483,980011",3,4,2024-07-23
2024-07-23 15:00:00,"469,3196105957031","593,450012",3,4,2024-07-23
2024-07-23 16:00:00,"571,329345703125","596,359985",3,4,2024-07-23
2024-07-23 17:00:00,"773,1908569335938","716,570007",3,4,2024-07-23
2024-07-23 18:00:00,"904,9075317382812","872,530029",3,4,2024-07-23
2024-07-23 19:00:00,"831,823974609375","761,200012",3,4,2024-07-23
2024-07-23 20:00:00,"735,3645629882812","740,450012",3,4,2024-07-23
2024-07-23 21:00:00,"583,5875244140625","683,369995",3,4,2024-07-23
2024-07-23 22:00:00,"552,6111450195312","623,359985",3,4,2024-07-23
2024-07-23 23:00:00,"511,4534606933594","584,419983",3,4,2024-07-23
2024-07-24 00:00:00,"457,57501220703125","541,369995",3,4,2024-07-24
2024-07-24 01:00:00,"441,4859619140625","549,130005",3,4,2024-07-24
2024-07-24 02:00:00,"439,7721862792969","423,630005",3,4,2024-07-24
2024-07-24 03:00:00,"469,150390625","299,179993",3,4,2024-07-24
2024-07-24 04:00:00,"488,7839050292969","323,429993",3,4,2024-07-24
2024-07-24 05:00:00,"567,2137451171875","336,190002",3,4,2024-07-24
2024-07-24 06:00:00,"582,4114990234375","429,079987",3,4,2024-07-24
2024-07-24 07:00:00,"495,12213134765625","270,23999",3,4,2024-07-24
2024-07-24 08:00:00,"410,6192321777344","186,520004",3,4,2024-07-24
2024-07-24 09:00:00,"361,50421142578125","158,100006",3,4,2024-07-24
2024-07-24 10:00:00,"289,8016357421875","11,79",3,4,2024-07-24
2024-07-24 11:00:00,"273,21978759765625","-1,12",3,4,2024-07-24
2024-07-24 12:00:00,"253,8690185546875","-15,37",3,4,2024-07-24
2024-07-24 13:00:00,"253,51580810546875","-14,62",3,4,2024-07-24
2024-07-24 14:00:00,"336,54840087890625","16,49",3,4,2024-07-24
2024-07-24 15:00:00,"488,054443359375","292,98999",3,4,2024-07-24
2024-07-24 16:00:00,"534,1080322265625","387,149994",3,4,2024-07-24
2024-07-24 17:00:00,"751,394287109375","668,5",3,4,2024-07-24
2024-07-24 18:00:00,"1153,3199462890625","809,659973",3,4,2024-07-24
2024-07-24 19:00:00,"1091,4130859375","881,210022",3,4,2024-07-24
2024-07-24 20:00:00,"821,5933837890625","813,320007",3,4,2024-07-24
2024-07-24 21:00:00,"672,1627807617188","631,570007",3,4,2024-07-24
2024-07-24 22:00:00,"603,5005493164062","624,570007",3,4,2024-07-24
2024-07-24 23:00:00,"536,4700927734375","578,299988",3,4,2024-07-24
2024-07-25 00:00:00,"445,9832458496094","567,859985",3,4,2024-07-25
2024-07-25 01:00:00,"407,9001159667969","596,359985",3,4,2024-07-25
2024-07-25 02:00:00,"372,61029052734375","570,090027",3,4,2024-07-25
2024-07-25 03:00:00,"401,743408203125","690,460022",3,4,2024-07-25
2024-07-25 04:00:00,"512,3403930664062","792,159973",3,4,2024-07-25
2024-07-25 05:00:00,"589,9052734375","813,580017",3,4,2024-07-25
2024-07-25 06:00:00,"555,6725463867188","678,890015",3,4,2024-07-25
2024-07-25 07:00:00,"445,5684509277344","537,109985",3,4,2024-07-25
2024-07-25 08:00:00,"319,3432312011719","411,0",3,4,2024-07-25
2024-07-25 09:00:00,"237,31544494628906","275,720001",3,4,2024-07-25
2024-07-25 10:00:00,"219,15948486328125","181,399994",3,4,2024-07-25
2024-07-25 11:00:00,"228,81076049804688","129,539993",3,4,2024-07-25
2024-07-25 12:00:00,"165,73684692382812","99,019997",3,4,2024-07-25
2024-07-25 13:00:00,"226,3828125","195,5",3,4,2024-07-25
2024-07-25 14:00:00,"251,59263610839844","401,450012",3,4,2024-07-25
2024-07-25 15:00:00,"407,57080078125","596,960022",3,4,2024-07-25
2024-07-25 16:00:00,"446,00811767578125","723,809998",3,4,2024-07-25
2024-07-25 17:00:00,"654,6527709960938","894,690002",3,4,2024-07-25
2024-07-25 18:00:00,"1085,6875","1106,609985",3,4,2024-07-25
2024-07-25 19:00:00,"1112,118896484375","969,830017",3,4,2024-07-25
2024-07-25 20:00:00,"819,4940795898438","746,200012",3,4,2024-07-25
2024-07-25 21:00:00,"651,0542602539062","633,890015",3,4,2024-07-25
2024-07-25 22:00:00,"581,0015258789062","604,460022",3,4,2024-07-25
2024-07-25 23:00:00,"452,89019775390625","548,48999",3,4,2024-07-25
2024-07-26 00:00:00,"441,35076904296875","559,76001",3,4,2024-07-26
2024-07-26 01:00:00,"380,3895263671875","576,849976",3,4,2024-07-26
2024-07-26 02:00:00,"346,673095703125","573,859985",3,4,2024-07-26
2024-07-26 03:00:00,"331,6178283691406","596,919983",3,4,2024-07-26
2024-07-26 04:00:00,"449,9519348144531","608,109985",3,4,2024-07-26
2024-07-26 05:00:00,"575,3252563476562","795,940002",3,4,2024-07-26
2024-07-26 06:00:00,"595,3958740234375","776,840027",3,4,2024-07-26
2024-07-26 07:00:00,"494,6251220703125","722,590027",3,4,2024-07-26
2024-07-26 08:00:00,"372,1942443847656","675,570007",3,4,2024-07-26
2024-07-26 09:00:00,"315,83355712890625","607,070007",3,4,2024-07-26
2024-07-26 10:00:00,"282,6864318847656","522,369995",3,4,2024-07-26
2024-07-26 11:00:00,"267,7203063964844","471,029999",3,4,2024-07-26
2024-07-26 12:00:00,"255,04751586914062","449,160004",3,4,2024-07-26
2024-07-26 13:00:00,"270,6439208984375","508,48999",3,4,2024-07-26
2024-07-26 14:00:00,"333,2549743652344","543,559998",3,4,2024-07-26
2024-07-26 15:00:00,"451,424072265625","660,580017",3,4,2024-07-26
2024-07-26 16:00:00,"533,7238159179688","704,01001",3,4,2024-07-26
2024-07-26 17:00:00,"709,9028930664062","804,380005",3,4,2024-07-26
2024-07-26 18:00:00,"908,5751342773438","1068,98999",3,4,2024-07-26
2024-07-26 19:00:00,"900,5588989257812","1037,280029",3,4,2024-07-26
2024-07-26 20:00:00,"734,3963012695312","793,929993",3,4,2024-07-26
2024-07-26 21:00:00,"623,1456298828125","730,650024",3,4,2024-07-26
2024-07-26 22:00:00,"611,5086669921875","775,22998",3,4,2024-07-26
2024-07-26 23:00:00,"527,740966796875","768,890015",3,4,2024-07-26
2024-07-27 00:00:00,"488,0037841796875","723,070007",3,4,2024-07-27
2024-07-27 01:00:00,"428,7524719238281","710,080017",3,4,2024-07-27
2024-07-27 02:00:00,"390,97930908203125","690,01001",3,4,2024-07-27
2024-07-27 03:00:00,"328,62567138671875","673,070007",3,4,2024-07-27
2024-07-27 04:00:00,"301,6327209472656","649,929993",3,4,2024-07-27
2024-07-27 05:00:00,"274,129638671875","615,01001",3,4,2024-07-27
2024-07-27 06:00:00,"246,8441619873047","632,02002",3,4,2024-07-27
2024-07-27 07:00:00,"206,28524780273438","505,0",3,4,2024-07-27
2024-07-27 08:00:00,"235,3656768798828","453,589996",3,4,2024-07-27
2024-07-27 09:00:00,"146,43576049804688","297,76001",3,4,2024-07-27
2024-07-27 10:00:00,"216,28994750976562","208,960007",3,4,2024-07-27
2024-07-27 11:00:00,"134,42166137695312","132,839996",3,4,2024-07-27
2024-07-27 12:00:00,"154,12124633789062","133,729996",3,4,2024-07-27
2024-07-27 13:00:00,"187,60011291503906","261,350006",3,4,2024-07-27
2024-07-27 14:00:00,"194,54408264160156","505,380005",3,4,2024-07-27
2024-07-27 15:00:00,"324,18682861328125","649,710022",3,4,2024-07-27
2024-07-27 16:00:00,"344,0328369140625","783,369995",3,4,2024-07-27
2024-07-27 17:00:00,"427,3360900878906","863,140015",3,4,2024-07-27
2024-07-27 18:00:00,"558,7991333007812","908,669983",3,4,2024-07-27
2024-07-27 19:00:00,"455,6322021484375","909,109985",3,4,2024-07-27
2024-07-27 20:00:00,"441,1071472167969","806,719971",3,4,2024-07-27
2024-07-27 21:00:00,"379,8804016113281","730,900024",3,4,2024-07-27
2024-07-27 22:00:00,"376,1943054199219","820,820007",3,4,2024-07-27
2024-07-27 23:00:00,"344,0650329589844","709,780029",3,4,2024-07-27
2024-07-28 00:00:00,"286,1395263671875","658,280029",3,4,2024-07-28
2024-07-28 01:00:00,"266,9540100097656","608,429993",3,4,2024-07-28
2024-07-28 02:00:00,"253,31436157226562","586,119995",3,4,2024-07-28
2024-07-28 03:00:00,"267,6666564941406","591,48999",3,4,2024-07-28
2024-07-28 04:00:00,"239,70327758789062","563,659973",3,4,2024-07-28
2024-07-28 05:00:00,"208,5802459716797","541,869995",3,4,2024-07-28
2024-07-28 06:00:00,"275,28173828125","190,220001",3,4,2024-07-28
2024-07-28 07:00:00,"60,65019226074219","36,720001",3,4,2024-07-28
2024-07-28 08:00:00,"381,83392333984375","0,0",3,4,2024-07-28
2024-07-28 09:00:00,"46,777305603027344","-18,129999",3,4,2024-07-28
2024-07-28 10:00:00,"215,0048828125","-112,239998",3,4,2024-07-28
2024-07-28 11:00:00,"120,8699951171875","-222,389999",3,4,2024-07-28
2024-07-28 12:00:00,"224,5533905029297","-363,359985",3,4,2024-07-28
2024-07-28 13:00:00,"158,93019104003906","-250,220001",3,4,2024-07-28
2024-07-28 14:00:00,"220,97900390625","-99,099998",3,4,2024-07-28
2024-07-28 15:00:00,"322,7326354980469","-14,85",3,4,2024-07-28
2024-07-28 16:00:00,"439,7123718261719","181,570007",3,4,2024-07-28
2024-07-28 17:00:00,"582,0369873046875","443,209991",3,4,2024-07-28
2024-07-28 18:00:00,"699,1557006835938","588,580017",3,4,2024-07-28
2024-07-28 19:00:00,"739,7312622070312","579,630005",3,4,2024-07-28
2024-07-28 20:00:00,"724,0973510742188","589,400024",3,4,2024-07-28
2024-07-28 21:00:00,"624,1494750976562","566,200012",3,4,2024-07-28
2024-07-28 22:00:00,"603,5582275390625","513,659973",3,4,2024-07-28
2024-07-28 23:00:00,"552,544189453125","508,959991",3,4,2024-07-28
2024-09-30 00:00:00,"253,18878173828125","62,630001",4,1,2024-09-30
2024-09-30 01:00:00,"379,1168518066406","41,23",4,1,2024-09-30
2024-09-30 02:00:00,"422,48797607421875","41,830002",4,1,2024-09-30
2024-09-30 03:00:00,"471,0135803222656","126,599998",4,1,2024-09-30
2024-09-30 04:00:00,"609,8064575195312","314,869995",4,1,2024-09-30
2024-09-30 05:00:00,"756,5474243164062","597,22998",4,1,2024-09-30
2024-09-30 06:00:00,"867,3275146484375","597,22998",4,1,2024-09-30
2024-09-30 07:00:00,"810,3284912109375","447,359985",4,1,2024-09-30
2024-09-30 08:00:00,"607,607666015625","272,73999",4,1,2024-09-30
2024-09-30 09:00:00,"474,3198547363281","155,910004",4,1,2024-09-30
2024-09-30 10:00:00,"407,2265930175781","69,190002",4,1,2024-09-30
2024-09-30 11:00:00,"366,4618225097656","15,36",4,1,2024-09-30
2024-09-30 12:00:00,"349,5113830566406","56,889999",4,1,2024-09-30
2024-09-30 13:00:00,"345,04156494140625","163,740005",4,1,2024-09-30
2024-09-30 14:00:00,"319,9335021972656","180,360001",4,1,2024-09-30
2024-09-30 15:00:00,"430,3173522949219","243,960007",4,1,2024-09-30
2024-09-30 16:00:00,"513,3545532226562","268,339996",4,1,2024-09-30
2024-09-30 17:00:00,"520,981689453125","273,119995",4,1,2024-09-30
2024-09-30 18:00:00,"486,62908935546875","270,660004",4,1,2024-09-30
2024-09-30 19:00:00,"317,07513427734375","163,509995",4,1,2024-09-30
2024-09-30 20:00:00,"247,86334228515625","149,199997",4,1,2024-09-30
2024-09-30 21:00:00,"242,86819458007812","73,370003",4,1,2024-09-30
2024-09-30 22:00:00,"240,68597412109375","23,93",4,1,2024-09-30
2024-09-30 23:00:00,"231,49066162109375","0,52",4,1,2024-09-30
2024-10-01 00:00:00,"210,84205627441406","0,37",4,1,2024-10-01
2024-10-01 01:00:00,"168,513671875","0,15",4,1,2024-10-01
2024-10-01 02:00:00,"138,68695068359375","0,67",4,1,2024-10-01
2024-10-01 03:00:00,"133,90769958496094","50,700001",4,1,2024-10-01
2024-10-01 04:00:00,"171,8148193359375","249,619995",4,1,2024-10-01
2024-10-01 05:00:00,"244,826416015625","293,910004",4,1,2024-10-01
2024-10-01 06:00:00,"360,5270080566406","308,079987",4,1,2024-10-01
2024-10-01 07:00:00,"389,0047912597656","309,5",4,1,2024-10-01
2024-10-01 08:00:00,"320,8130798339844","288,170013",4,1,2024-10-01
2024-10-01 09:00:00,"221,4498748779297","260,880005",4,1,2024-10-01
2024-10-01 10:00:00,"151,1248016357422","260,660004",4,1,2024-10-01
2024-10-01 11:00:00,"115,31731414794922","260,880005",4,1,2024-10-01
2024-10-01 12:00:00,"97,71824645996094","260,660004",4,1,2024-10-01
2024-10-01 13:00:00,"135,1644287109375","296,079987",4,1,2024-10-01
2024-10-01 14:00:00,"223,20567321777344","324,779999",4,1,2024-10-01
2024-10-01 15:00:00,"293,2062072753906","393,0",4,1,2024-10-01
2024-10-01 16:00:00,"355,09393310546875","405,600006",4,1,2024-10-01
2024-10-01 17:00:00,"318,34075927734375","421,410004",4,1,2024-10-01
2024-10-01 18:00:00,"281,1648864746094","366,829987",4,1,2024-10-01
2024-10-01 19:00:00,"346,0152282714844","345,429993",4,1,2024-10-01
2024-10-01 20:00:00,"276,54461669921875","321,649994",4,1,2024-10-01
2024-10-01 21:00:00,"277,0465393066406","309,940002",4,1,2024-10-01
2024-10-01 22:00:00,"251,9656982421875","432,829987",4,1,2024-10-01
2024-10-01 23:00:00,"240,77664184570312","367,350006",4,1,2024-10-01
2024-10-02 00:00:00,"217,81922912597656","373,540009",4,1,2024-10-02
2024-10-02 01:00:00,"229,4035186767578","365,339996",4,1,2024-10-02
2024-10-02 02:00:00,"244,09378051757812","362,730011",4,1,2024-10-02
2024-10-02 03:00:00,"237,59298706054688","363,470001",4,1,2024-10-02
2024-10-02 04:00:00,"246,41026306152344","596,440002",4,1,2024-10-02
2024-10-02 05:00:00,"366,6109924316406","692,869995",4,1,2024-10-02
2024-10-02 06:00:00,"487,5874938964844","913,830017",4,1,2024-10-02
2024-10-02 07:00:00,"429,3497314453125","701,219971",4,1,2024-10-02
2024-10-02 08:00:00,"322,27362060546875","484,880005",4,1,2024-10-02
2024-10-02 09:00:00,"200,63888549804688","394,420013",4,1,2024-10-02
2024-10-02 10:00:00,"133,36219787597656","431,040009",4,1,2024-10-02
2024-10-02 11:00:00,"109,80088806152344","597,109985",4,1,2024-10-02
2024-10-02 12:00:00,"115,13157653808594","584,659973",4,1,2024-10-02
2024-10-02 13:00:00,"138,08444213867188","607,26001",4,1,2024-10-02
2024-10-02 14:00:00,"237,0255584716797","607,849976",4,1,2024-10-02
2024-10-02 15:00:00,"395,75042724609375","746,48999",4,1,2024-10-02
2024-10-02 16:00:00,"655,309814453125","872,590027",4,1,2024-10-02
2024-10-02 17:00:00,"815,75341796875","969,97998",4,1,2024-10-02
2024-10-02 18:00:00,"784,8294067382812","852,900024",4,1,2024-10-02
2024-10-02 19:00:00,"578,1087646484375","719,940002",4,1,2024-10-02
2024-10-02 20:00:00,"481,02227783203125","695,780029",4,1,2024-10-02
2024-10-02 21:00:00,"475,32611083984375","633,880005",4,1,2024-10-02
2024-10-02 22:00:00,"473,72442626953125","502,230011",4,1,2024-10-02
2024-10-02 23:00:00,"456,2225036621094","491,26001",4,1,2024-10-02
2024-10-03 00:00:00,"449,323974609375","485,890015",4,1,2024-10-03
2024-10-03 01:00:00,"437,58697509765625","478,730011",4,1,2024-10-03
2024-10-03 02:00:00,"428,34405517578125","477,23999",4,1,2024-10-03
2024-10-03 03:00:00,"454,25946044921875","480,369995",4,1,2024-10-03
2024-10-03 04:00:00,"476,38214111328125","488,059998",4,1,2024-10-03
2024-10-03 05:00:00,"542,5914916992188","547,280029",4,1,2024-10-03
2024-10-03 06:00:00,"523,8460693359375","571,900024",4,1,2024-10-03
2024-10-03 07:00:00,"463,6392822265625","543,780029",4,1,2024-10-03
2024-10-03 08:00:00,"433,5135192871094","516,77002",4,1,2024-10-03
2024-10-03 09:00:00,"328,8738098144531","470,230011",4,1,2024-10-03
2024-10-03 10:00:00,"201,56381225585938","351,25",4,1,2024-10-03
2024-10-03 11:00:00,"142,52249145507812","253,460007",4,1,2024-10-03
2024-10-03 12:00:00,"147,01681518554688","291,950012",4,1,2024-10-03
2024-10-03 13:00:00,"206,098388671875","383,109985",4,1,2024-10-03
2024-10-03 14:00:00,"322,17083740234375","492,609985",4,1,2024-10-03
2024-10-03 15:00:00,"418,54315185546875","669,090027",4,1,2024-10-03
2024-10-03 16:00:00,"555,9744873046875","821,039978",4,1,2024-10-03
2024-10-03 17:00:00,"884,635986328125","860,200012",4,1,2024-10-03
2024-10-03 18:00:00,"945,36328125","807,679993",4,1,2024-10-03
2024-10-03 19:00:00,"556,16259765625","736,669983",4,1,2024-10-03
2024-10-03 20:00:00,"513,0155029296875","678,48999",4,1,2024-10-03
2024-10-03 21:00:00,"444,2196350097656","607,630005",4,1,2024-10-03
2024-10-03 22:00:00,"361,8466796875","551,23999",4,1,2024-10-03
2024-10-03 23:00:00,"303,4792785644531","540,950012",4,1,2024-10-03
2024-10-04 00:00:00,"264,19891357421875","537,809998",4,1,2024-10-04
2024-10-04 01:00:00,"264,1045227050781","537,070007",4,1,2024-10-04
2024-10-04 02:00:00,"262,52777099609375","539,530029",4,1,2024-10-04
2024-10-04 03:00:00,"258,1961364746094","575,109985",4,1,2024-10-04
2024-10-04 04:00:00,"310,95269775390625","768,299988",4,1,2024-10-04
2024-10-04 05:00:00,"392,4305725097656","943,890015",4,1,2024-10-04
2024-10-04 06:00:00,"502,349853515625","1054,890015",4,1,2024-10-04
2024-10-04 07:00:00,"419,2405090332031","867,289978",4,1,2024-10-04
2024-10-04 08:00:00,"348,404052734375","746,599976",4,1,2024-10-04
2024-10-04 09:00:00,"232,7162628173828","634,039978",4,1,2024-10-04
2024-10-04 10:00:00,"176,74595642089844","559,969971",4,1,2024-10-04
2024-10-04 11:00:00,"124,85183715820312","548,179993",4,1,2024-10-04
2024-10-04 12:00:00,"103,1251449584961","565,559998",4,1,2024-10-04
2024-10-04 13:00:00,"139,55621337890625","589,799988",4,1,2024-10-04
2024-10-04 14:00:00,"206,45811462402344","669,840027",4,1,2024-10-04
2024-10-04 15:00:00,"307,0173034667969","798,890015",4,1,2024-10-04
2024-10-04 16:00:00,"436,41864013671875","984,400024",4,1,2024-10-04
2024-10-04 17:00:00,"488,0783386230469","1111,579956",4,1,2024-10-04
2024-10-04 18:00:00,"481,0738525390625","922,710022",4,1,2024-10-04
2024-10-04 19:00:00,"448,5997314453125","745,179993",4,1,2024-10-04
2024-10-04 20:00:00,"411,9851989746094","745,179993",4,1,2024-10-04
2024-10-04 21:00:00,"342,3734130859375","671,330017",4,1,2024-10-04
2024-10-04 22:00:00,"307,44268798828125","694,340027",4,1,2024-10-04
2024-10-04 23:00:00,"253,03001403808594","631,23999",4,1,2024-10-04
2024-10-05 00:00:00,"214,2139129638672","607,080017",4,1,2024-10-05
2024-10-05 01:00:00,"181,88034057617188","563,380005",4,1,2024-10-05
2024-10-05 02:00:00,"166,2910919189453","564,719971",4,1,2024-10-05
2024-10-05 03:00:00,"173,01231384277344","595,299988",4,1,2024-10-05
2024-10-05 04:00:00,"233,77317810058594","642,880005",4,1,2024-10-05
2024-10-05 05:00:00,"289,824462890625","748,780029",4,1,2024-10-05
2024-10-05 06:00:00,"311,0299987792969","825,0",4,1,2024-10-05
2024-10-05 07:00:00,"287,0638122558594","768,169983",4,1,2024-10-05
2024-10-05 08:00:00,"150,68597412109375","614,690002",4,1,2024-10-05
2024-10-05 09:00:00,"43,96823501586914","509,160004",4,1,2024-10-05
2024-10-05 10:00:00,"9,404223442077637","383,640015",4,1,2024-10-05
2024-10-05 11:00:00,"-5,849645614624023","289,970001",4,1,2024-10-05
2024-10-05 12:00:00,"-14,549137115478516","324,350006",4,1,2024-10-05
2024-10-05 13:00:00,"22,096797943115234","418,839996",4,1,2024-10-05
2024-10-05 14:00:00,"106,01565551757812","544,280029",4,1,2024-10-05
2024-10-05 15:00:00,"354,3875427246094","690,23999",4,1,2024-10-05
2024-10-05 16:00:00,"440,0189208984375","1029,719971",4,1,2024-10-05
2024-10-05 17:00:00,"628,13916015625","1028,97998",4,1,2024-10-05
2024-10-05 18:00:00,"495,5081787109375","799,719971",4,1,2024-10-05
2024-10-05 19:00:00,"423,268798828125","705,299988",4,1,2024-10-05
2024-10-05 20:00:00,"457,2032165527344","633,710022",4,1,2024-10-05
2024-10-05 21:00:00,"481,25518798828125","499,690002",4,1,2024-10-05
2024-10-05 22:00:00,"491,87384033203125","485,420013",4,1,2024-10-05
2024-10-05 23:00:00,"485,56622314453125","452,100006",4,1,2024-10-05
2024-10-06 00:00:00,"439,4809875488281","440,549988",4,1,2024-10-06
2024-10-06 01:00:00,"423,6302795410156","433,320007",4,1,2024-10-06
2024-10-06 02:00:00,"446,5298767089844","424,369995",4,1,2024-10-06
2024-10-06 03:00:00,"471,7205810546875","433,320007",4,1,2024-10-06
2024-10-06 04:00:00,"505,9319763183594","431,829987",4,1,2024-10-06
2024-10-06 05:00:00,"444,11517333984375","524,929993",4,1,2024-10-06
2024-10-06 06:00:00,"487,5605163574219","491,01001",4,1,2024-10-06
2024-10-06 07:00:00,"374,0211486816406","447,700012",4,1,2024-10-06
2024-10-06 08:00:00,"138,1637420654297","262,98999",4,1,2024-10-06
2024-10-06 09:00:00,"68,33973693847656","124,339996",4,1,2024-10-06
2024-10-06 10:00:00,"15,221383094787598","79,690002",4,1,2024-10-06
2024-10-06 11:00:00,"10,294681549072266","41,889999",4,1,2024-10-06
2024-10-06 12:00:00,"21,407978057861328","16,25",4,1,2024-10-06
2024-10-06 13:00:00,"31,381114959716797","13,34",4,1,2024-10-06
2024-10-06 14:00:00,"212,76548767089844","395,820007",4,1,2024-10-06
2024-10-06 15:00:00,"423,52252197265625","617,070007",4,1,2024-10-06
2024-10-06 16:00:00,"682,88427734375","792,390015",4,1,2024-10-06
2024-10-06 17:00:00,"825,3200073242188","724,710022",4,1,2024-10-06
2024-10-06 18:00:00,"750,5678100585938","544,01001",4,1,2024-10-06
2024-10-06 19:00:00,"655,54931640625","442,559998",4,1,2024-10-06
2024-10-06 20:00:00,"575,7197875976562","437,48999",4,1,2024-10-06
2024-10-06 21:00:00,"488,4757080078125","385,459991",4,1,2024-10-06
2024-10-06 22:00:00,"419,3142395019531","257,769989",4,1,2024-10-06
2024-10-06 23:00:00,"364,7670593261719","263,429993",4,1,2024-10-06
2024-10-07 00:00:00,"338,2519836425781","247,850006",4,2,2024-10-07
2024-10-07 01:00:00,"348,90350341796875","224,75",4,2,2024-10-07
2024-10-07 02:00:00,"326,6422424316406","260,529999",4,2,2024-10-07
2024-10-07 03:00:00,"317,4295349121094","291,910004",4,2,2024-10-07
2024-10-07 04:00:00,"326,3575439453125","335,369995",4,2,2024-10-07
2024-10-07 05:00:00,"597,8030395507812","378,299988",4,2,2024-10-07
2024-10-07 06:00:00,"658,7221069335938","414,089996",4,2,2024-10-07
2024-10-07 07:00:00,"577,2102661132812","383,75",4,2,2024-10-07
2024-10-07 08:00:00,"435,9244384765625","372,420013",4,2,2024-10-07
2024-10-07 09:00:00,"330,5180358886719","356,309998",4,2,2024-10-07
2024-10-07 10:00:00,"291,5137023925781","340,880005",4,2,2024-10-07
2024-10-07 11:00:00,"265,7427673339844","322,019989",4,2,2024-10-07
2024-10-07 12:00:00,"259,90277099609375","358,399994",4,2,2024-10-07
2024-10-07 13:00:00,"277,8226013183594","458,070007",4,2,2024-10-07
2024-10-07 14:00:00,"291,0693664550781","661,869995",4,2,2024-10-07
2024-10-07 15:00:00,"323,1914978027344","873,640015",4,2,2024-10-07
2024-10-07 16:00:00,"659,90087890625","1405,060059",4,2,2024-10-07
2024-10-07 17:00:00,"800,0286254882812","1405,359985",4,2,2024-10-07
2024-10-07 18:00:00,"622,090087890625","909,27002",4,2,2024-10-07
2024-10-07 19:00:00,"451,61285400390625","744,909973",4,2,2024-10-07
2024-10-07 20:00:00,"390,156982421875","685,119995",4,2,2024-10-07
2024-10-07 21:00:00,"316,2288818359375","589,780029",4,2,2024-10-07
2024-10-07 22:00:00,"255,08236694335938","539,340027",4,2,2024-10-07
2024-10-07 23:00:00,"241,4429931640625","500,119995",4,2,2024-10-07
2024-10-08 00:00:00,"321,8963317871094","477,149994",4,2,2024-10-08
2024-10-08 01:00:00,"312,9020690917969","444,940002",4,2,2024-10-08
2024-10-08 02:00:00,"319,4046936035156","445,089996",4,2,2024-10-08
2024-10-08 03:00:00,"345,610107421875","502,799988",4,2,2024-10-08
2024-10-08 04:00:00,"395,124267578125","641,049988",4,2,2024-10-08
2024-10-08 05:00:00,"559,0096435546875","822,98999",4,2,2024-10-08
2024-10-08 06:00:00,"631,1195068359375","792,200012",4,2,2024-10-08
2024-10-08 07:00:00,"565,51220703125","633,820007",4,2,2024-10-08
2024-10-08 08:00:00,"471,7823791503906","598,98999",4,2,2024-10-08
2024-10-08 09:00:00,"442,6098327636719","547,469971",4,2,2024-10-08
2024-10-08 10:00:00,"398,247802734375","495,940002",4,2,2024-10-08
2024-10-08 11:00:00,"341,3177185058594","529,200012",4,2,2024-10-08
2024-10-08 12:00:00,"275,02789306640625","565,140015",4,2,2024-10-08
2024-10-08 13:00:00,"343,59893798828125","578,119995",4,2,2024-10-08
2024-10-08 14:00:00,"414,6082458496094","694,440002",4,2,2024-10-08
2024-10-08 15:00:00,"525,8262939453125","850,059998",4,2,2024-10-08
2024-10-08 16:00:00,"642,0628662109375","1073,76001",4,2,2024-10-08
2024-10-08 17:00:00,"691,39794921875","1141,540039",4,2,2024-10-08
2024-10-08 18:00:00,"637,608154296875","853,119995",4,2,2024-10-08
2024-10-08 19:00:00,"532,998046875","707,640015",4,2,2024-10-08
2024-10-08 20:00:00,"552,3392333984375","645,75",4,2,2024-10-08
2024-10-08 21:00:00,"495,8509521484375","504,070007",4,2,2024-10-08
2024-10-08 22:00:00,"477,6138000488281","461,859985",4,2,2024-10-08
2024-10-08 23:00:00,"458,6617431640625","447,459991",4,2,2024-10-08
2024-10-09 00:00:00,"439,23291015625","428,670013",4,2,2024-10-09
2024-10-09 01:00:00,"420,3097229003906","405,100006",4,2,2024-10-09
2024-10-09 02:00:00,"430,0946044921875","427,480011",4,2,2024-10-09
2024-10-09 03:00:00,"441,7353820800781","476,329987",4,2,2024-10-09
2024-10-09 04:00:00,"415,1327819824219","646,590027",4,2,2024-10-09
2024-10-09 05:00:00,"546,3661499023438","826,320007",4,2,2024-10-09
2024-10-09 06:00:00,"662,899658203125","827,659973",4,2,2024-10-09
2024-10-09 07:00:00,"601,7598266601562","648,820007",4,2,2024-10-09
2024-10-09 08:00:00,"501,26312255859375","537,630005",4,2,2024-10-09
2024-10-09 09:00:00,"378,7785949707031","446,720001",4,2,2024-10-09
2024-10-09 10:00:00,"281,17138671875","445,970001",4,2,2024-10-09
2024-10-09 11:00:00,"225,37496948242188","446,350006",4,2,2024-10-09
2024-10-09 12:00:00,"217,87857055664062","504,369995",4,2,2024-10-09
2024-10-09 13:00:00,"293,1059875488281","575,51001",4,2,2024-10-09
2024-10-09 14:00:00,"394,9219970703125","708,48999",4,2,2024-10-09
2024-10-09 15:00:00,"489,7733154296875","875,909973",4,2,2024-10-09
2024-10-09 16:00:00,"728,8907470703125","913,799988",4,2,2024-10-09
2024-10-09 17:00:00,"813,199462890625","948,030029",4,2,2024-10-09
2024-10-09 18:00:00,"725,5497436523438","828,179993",4,2,2024-10-09
2024-10-09 19:00:00,"566,6521606445312","714,450012",4,2,2024-10-09
2024-10-09 20:00:00,"496,1900939941406","709,22998",4,2,2024-10-09
2024-10-09 21:00:00,"485,80963134765625","614,070007",4,2,2024-10-09
2024-10-09 22:00:00,"435,85577392578125","456,399994",4,2,2024-10-09
2024-10-09 23:00:00,"406,36663818359375","349,73999",4,2,2024-10-09
2024-10-10 00:00:00,"445,49566650390625","281,559998",4,2,2024-10-10
2024-10-10 01:00:00,"459,23980712890625","238,679993",4,2,2024-10-10
2024-10-10 02:00:00,"451,8006896972656","221,070007",4,2,2024-10-10
2024-10-10 03:00:00,"472,17156982421875","295,359985",4,2,2024-10-10
2024-10-10 04:00:00,"481,1493225097656","463,179993",4,2,2024-10-10
2024-10-10 05:00:00,"558,8009033203125","633,23999",4,2,2024-10-10
2024-10-10 06:00:00,"582,2196044921875","600,119995",4,2,2024-10-10
2024-10-10 07:00:00,"506,9750671386719","503,459991",4,2,2024-10-10
2024-10-10 08:00:00,"404,8727722167969","387,920013",4,2,2024-10-10
2024-10-10 09:00:00,"303,5501403808594","290,369995",4,2,2024-10-10
2024-10-10 10:00:00,"157,19699096679688","163,270004",4,2,2024-10-10
2024-10-10 11:00:00,"108,85342407226562","118,889999",4,2,2024-10-10
2024-10-10 12:00:00,"115,5342788696289","149,25",4,2,2024-10-10
2024-10-10 13:00:00,"209,0836944580078","277,309998",4,2,2024-10-10
2024-10-10 14:00:00,"340,8775634765625","277,309998",4,2,2024-10-10
2024-10-10 15:00:00,"355,062744140625","285,140015",4,2,2024-10-10
2024-10-10 16:00:00,"375,3271179199219","294,470001",4,2,2024-10-10
2024-10-10 17:00:00,"362,12933349609375","288,200012",4,2,2024-10-10
2024-10-10 18:00:00,"391,574951171875","274,630005",4,2,2024-10-10
2024-10-10 19:00:00,"377,8966064453125","263,890015",4,2,2024-10-10
2024-10-10 20:00:00,"320,44378662109375","223,759995",4,2,2024-10-10
2024-10-10 21:00:00,"306,854248046875","236,289993",4,2,2024-10-10
2024-10-10 22:00:00,"275,25140380859375","258,890015",4,2,2024-10-10
2024-10-10 23:00:00,"195,26763916015625","258,959991",4,2,2024-10-10
2024-10-11 00:00:00,"218,02342224121094","261,720001",4,2,2024-10-11
2024-10-11 01:00:00,"224,61441040039062","267,609985",4,2,2024-10-11
2024-10-11 02:00:00,"217,39266967773438","267,839996",4,2,2024-10-11
2024-10-11 03:00:00,"240,85877990722656","274,179993",4,2,2024-10-11
2024-10-11 04:00:00,"305,9991149902344","308,190002",4,2,2024-10-11
2024-10-11 05:00:00,"471,92718505859375","439,230011",4,2,2024-10-11
2024-10-11 06:00:00,"538,74169921875","593,919983",4,2,2024-10-11
2024-10-11 07:00:00,"489,87567138671875","400,670013",4,2,2024-10-11
2024-10-11 08:00:00,"315,1552429199219","367,859985",4,2,2024-10-11
2024-10-11 09:00:00,"227,74691772460938","324,970001",4,2,2024-10-11
2024-10-11 10:00:00,"173,9641571044922","316,470001",4,2,2024-10-11
2024-10-11 11:00:00,"114,35718536376953","310,200012",4,2,2024-10-11
2024-10-11 12:00:00,"109,84232330322266","299,309998",4,2,2024-10-11
2024-10-11 13:00:00,"132,31394958496094","298,119995",4,2,2024-10-11
2024-10-11 14:00:00,"236,53709411621094","298,859985",4,2,2024-10-11
2024-10-11 15:00:00,"371,8656311035156","496,660004",4,2,2024-10-11
2024-10-11 16:00:00,"469,23431396484375","939,330017",4,2,2024-10-11
2024-10-11 17:00:00,"540,9408569335938","1208,060059",4,2,2024-10-11
2024-10-11 18:00:00,"480,87939453125","895,02002",4,2,2024-10-11
2024-10-11 19:00:00,"412,6751708984375","744,289978",4,2,2024-10-11
2024-10-11 20:00:00,"401,33355712890625","733,98999",4,2,2024-10-11
2024-10-11 21:00:00,"394,6029357910156","655,080017",4,2,2024-10-11
2024-10-11 22:00:00,"339,5677490234375","672,190002",4,2,2024-10-11
2024-10-11 23:00:00,"297,1720275878906","592,580017",4,2,2024-10-11
2024-10-12 00:00:00,"344,755615234375","563,929993",4,2,2024-10-12
2024-10-12 01:00:00,"360,537841796875","559,75",4,2,2024-10-12
2024-10-12 02:00:00,"361,1134948730469","536,619995",4,2,2024-10-12
2024-10-12 03:00:00,"351,3131408691406","506,619995",4,2,2024-10-12
2024-10-12 04:00:00,"320,1912841796875","534,460022",4,2,2024-10-12
2024-10-12 05:00:00,"336,7498474121094","400,149994",4,2,2024-10-12
2024-10-12 06:00:00,"327,7491455078125","378,359985",4,2,2024-10-12
2024-10-12 07:00:00,"330,0815734863281","310,910004",4,2,2024-10-12
2024-10-12 08:00:00,"210,86871337890625","263,390015",4,2,2024-10-12
2024-10-12 09:00:00,"130,5067901611328","255,770004",4,2,2024-10-12
2024-10-12 10:00:00,"101,37112426757812","184,970001",4,2,2024-10-12
2024-10-12 11:00:00,"93,6463851928711","106,919998",4,2,2024-10-12
2024-10-12 12:00:00,"96,07886505126953","174,149994",4,2,2024-10-12
2024-10-12 13:00:00,"126,99323272705078","263,459991",4,2,2024-10-12
2024-10-12 14:00:00,"217,26779174804688","218,990005",4,2,2024-10-12
2024-10-12 15:00:00,"387,011474609375","423,799988",4,2,2024-10-12
2024-10-12 16:00:00,"392,2227478027344","361,950012",4,2,2024-10-12
2024-10-12 17:00:00,"368,4389953613281","299,049988",4,2,2024-10-12
2024-10-12 18:00:00,"280,2939758300781","289,350006",4,2,2024-10-12
2024-10-12 19:00:00,"266,06597900390625","288,309998",4,2,2024-10-12
2024-10-12 20:00:00,"312,4115905761719","260,179993",4,2,2024-10-12
2024-10-12 21:00:00,"304,0144958496094","189,289993",4,2,2024-10-12
2024-10-12 22:00:00,"322,24188232421875","0,0",4,2,2024-10-12
2024-10-12 23:00:00,"338,6803283691406","-0,07",4,2,2024-10-12
2024-10-13 00:00:00,"411,0068359375","-0,52",4,2,2024-10-13
2024-10-13 01:00:00,"427,923828125","-2,76",4,2,2024-10-13
2024-10-13 02:00:00,"473,27374267578125","-3,81",4,2,2024-10-13
2024-10-13 03:00:00,"514,97412109375","-0,67",4,2,2024-10-13
2024-10-13 04:00:00,"522,805908203125","-0,07",4,2,2024-10-13
2024-10-13 05:00:00,"526,8177490234375","12,83",4,2,2024-10-13
2024-10-13 06:00:00,"504,52777099609375","134,0",4,2,2024-10-13
2024-10-13 07:00:00,"415,84393310546875","73,489998",4,2,2024-10-13
2024-10-13 08:00:00,"190,7093048095703","36,630001",4,2,2024-10-13
2024-10-13 09:00:00,"86,41344451904297","46,330002",4,2,2024-10-13
2024-10-13 10:00:00,"53,16721725463867","47,599998",4,2,2024-10-13
2024-10-13 11:00:00,"47,45840835571289","52,970001",4,2,2024-10-13
2024-10-13 12:00:00,"56,13158416748047","59,09",4,2,2024-10-13
2024-10-13 13:00:00,"65,64286041259766","94,610001",4,2,2024-10-13
2024-10-13 14:00:00,"296,1497497558594","118,260002",4,2,2024-10-13
2024-10-13 15:00:00,"400,763427734375","166,009995",4,2,2024-10-13
2024-10-13 16:00:00,"611,485595703125","267,329987",4,2,2024-10-13
2024-10-13 17:00:00,"615,8729858398438","403,269989",4,2,2024-10-13
2024-10-13 18:00:00,"545,5007934570312","294,790009",4,2,2024-10-13
2024-10-13 19:00:00,"512,0927124023438","286,730011",4,2,2024-10-13
2024-10-13 20:00:00,"475,7532958984375","299,410004",4,2,2024-10-13
2024-10-13 21:00:00,"415,4885559082031","274,640015",4,2,2024-10-13
2024-10-13 22:00:00,"331,7471923828125","276,809998",4,2,2024-10-13
2024-10-13 23:00:00,"263,3394775390625","263,0",4,2,2024-10-13
2024-10-14 00:00:00,"240,00479125976562","262,410004",4,3,2024-10-14
2024-10-14 01:00:00,"237,2740478515625","256,359985",4,3,2024-10-14
2024-10-14 02:00:00,"239,06069946289062","293,450012",4,3,2024-10-14
2024-10-14 03:00:00,"303,0805358886719","464,079987",4,3,2024-10-14
2024-10-14 04:00:00,"293,35919189453125","736,710022",4,3,2024-10-14
2024-10-14 05:00:00,"554,7736206054688","973,900024",4,3,2024-10-14
2024-10-14 06:00:00,"592,0025024414062","1142,449951",4,3,2024-10-14
2024-10-14 07:00:00,"510,0617370605469","879,960022",4,3,2024-10-14
2024-10-14 08:00:00,"423,0689392089844","753,200012",4,3,2024-10-14
2024-10-14 09:00:00,"296,3536376953125","695,599976",4,3,2024-10-14
2024-10-14 10:00:00,"235,57357788085938","643,450012",4,3,2024-10-14
2024-10-14 11:00:00,"213,3296661376953","616,289978",4,3,2024-10-14
2024-10-14 12:00:00,"205,9275360107422","553,320007",4,3,2024-10-14
2024-10-14 13:00:00,"289,58502197265625","649,710022",4,3,2024-10-14
2024-10-14 14:00:00,"317,02410888671875","789,309998",4,3,2024-10-14
2024-10-14 15:00:00,"416,7850036621094","1182,660034",4,3,2024-10-14
2024-10-14 16:00:00,"789,9387817382812","1865,280029",4,3,2024-10-14
2024-10-14 17:00:00,"980,6216430664062","1964,290039",4,3,2024-10-14
2024-10-14 18:00:00,"755,5222778320312","1178,859985",4,3,2024-10-14
2024-10-14 19:00:00,"506,59344482421875","851,460022",4,3,2024-10-14
2024-10-14 20:00:00,"480,1059265136719","743,580017",4,3,2024-10-14
2024-10-14 21:00:00,"413,2028503417969","707,309998",4,3,2024-10-14
2024-10-14 22:00:00,"369,7271423339844","680,679993",4,3,2024-10-14
2024-10-14 23:00:00,"314,91131591796875","645,320007",4,3,2024-10-14
2024-10-15 00:00:00,"277,19873046875","659,190002",4,3,2024-10-15
2024-10-15 01:00:00,"247,4486541748047","627,039978",4,3,2024-10-15
2024-10-15 02:00:00,"252,7109375","602,859985",4,3,2024-10-15
2024-10-15 03:00:00,"318,95269775390625","667,849976",4,3,2024-10-15
2024-10-15 04:00:00,"408,03363037109375","854,530029",4,3,2024-10-15
2024-10-15 05:00:00,"502,12603759765625","1383,22998",4,3,2024-10-15
2024-10-15 06:00:00,"543,2064819335938","1317,719971",4,3,2024-10-15
2024-10-15 07:00:00,"544,98681640625","824,76001",4,3,2024-10-15
2024-10-15 08:00:00,"499,7652282714844","692,02002",4,3,2024-10-15
2024-10-15 09:00:00,"449,24359130859375","619,650024",4,3,2024-10-15
2024-10-15 10:00:00,"403,7205810546875","585,47998",4,3,2024-10-15
2024-10-15 11:00:00,"384,43414306640625","535,340027",4,3,2024-10-15
2024-10-15 12:00:00,"382,7407531738281","566,299988",4,3,2024-10-15
2024-10-15 13:00:00,"410,5743713378906","621,960022",4,3,2024-10-15
2024-10-15 14:00:00,"458,1267395019531","664,27002",4,3,2024-10-15
2024-10-15 15:00:00,"619,7805786132812","900,48999",4,3,2024-10-15
2024-10-15 16:00:00,"788,1989135742188","1020,609985",4,3,2024-10-15
2024-10-15 17:00:00,"854,7847290039062","726,049988",4,3,2024-10-15
2024-10-15 18:00:00,"720,1085815429688","568,98999",4,3,2024-10-15
2024-10-15 19:00:00,"617,1535034179688","497,290009",4,3,2024-10-15
2024-10-15 20:00:00,"593,1566772460938","445,059998",4,3,2024-10-15
2024-10-15 21:00:00,"499,8427734375","304,269989",4,3,2024-10-15
2024-10-15 22:00:00,"446,4884948730469","174,210007",4,3,2024-10-15
2024-10-15 23:00:00,"435,269287109375","95,5",4,3,2024-10-15
2024-10-16 00:00:00,"378,4402160644531","39,540001",4,3,2024-10-16
2024-10-16 01:00:00,"343,46710205078125","26,93",4,3,2024-10-16
2024-10-16 02:00:00,"328,9956970214844","23,58",4,3,2024-10-16
2024-10-16 03:00:00,"336,08990478515625","61,18",4,3,2024-10-16
2024-10-16 04:00:00,"352,6672058105469","301,049988",4,3,2024-10-16
2024-10-16 05:00:00,"453,7433166503906","353,720001",4,3,2024-10-16
2024-10-16 06:00:00,"516,4599609375","406,23999",4,3,2024-10-16
2024-10-16 07:00:00,"476,46728515625","354,76001",4,3,2024-10-16
2024-10-16 08:00:00,"395,29638671875","199,059998",4,3,2024-10-16
2024-10-16 09:00:00,"297,70281982421875","105,650002",4,3,2024-10-16
2024-10-16 10:00:00,"238,5442657470703","30,51",4,3,2024-10-16
2024-10-16 11:00:00,"228,81094360351562","15,22",4,3,2024-10-16
2024-10-16 12:00:00,"256,6252746582031","29,84",4,3,2024-10-16
2024-10-16 13:00:00,"259,2640380859375","105,800003",4,3,2024-10-16
2024-10-16 14:00:00,"342,619140625","246,210007",4,3,2024-10-16
2024-10-16 15:00:00,"457,42041015625","263,0",4,3,2024-10-16
2024-10-16 16:00:00,"516,7836303710938","277,470001",4,3,2024-10-16
2024-10-16 17:00:00,"516,3988647460938","272,470001",4,3,2024-10-16
2024-10-16 18:00:00,"426,7209777832031","267,470001",4,3,2024-10-16
2024-10-16 19:00:00,"358,4699401855469","257,619995",4,3,2024-10-16
2024-10-16 20:00:00,"299,2662048339844","242,029999",4,3,2024-10-16
2024-10-16 21:00:00,"312,50897216796875","198,009995",4,3,2024-10-16
2024-10-16 22:00:00,"330,0673828125","127,129997",4,3,2024-10-16
2024-10-16 23:00:00,"340,88299560546875","90,650002",4,3,2024-10-16
2024-10-17 00:00:00,"326,1751403808594","78,190002",4,3,2024-10-17
2024-10-17 01:00:00,"313,1109619140625","41,860001",4,3,2024-10-17
2024-10-17 02:00:00,"288,0650329589844","74,68",4,3,2024-10-17
2024-10-17 03:00:00,"305,1564025878906","216,139999",4,3,2024-10-17
2024-10-17 04:00:00,"359,5932312011719","261,730011",4,3,2024-10-17
2024-10-17 05:00:00,"423,3049621582031","298,660004",4,3,2024-10-17
2024-10-17 06:00:00,"448,4328918457031","306,790009",4,3,2024-10-17
2024-10-17 07:00:00,"425,765380859375","301,869995",4,3,2024-10-17
2024-10-17 08:00:00,"346,94525146484375","286,940002",4,3,2024-10-17
2024-10-17 09:00:00,"266,9790954589844","287,089996",4,3,2024-10-17
2024-10-17 10:00:00,"188,6974639892578","290,670013",4,3,2024-10-17
2024-10-17 11:00:00,"125,41835021972656","305,299988",4,3,2024-10-17
2024-10-17 12:00:00,"154,63211059570312","322,980011",4,3,2024-10-17
2024-10-17 13:00:00,"254,01634216308594","474,140015",4,3,2024-10-17
2024-10-17 14:00:00,"359,5057373046875","691,469971",4,3,2024-10-17
2024-10-17 15:00:00,"437,173095703125","893,059998",4,3,2024-10-17
2024-10-17 16:00:00,"512,9219970703125","1292,290039",4,3,2024-10-17
2024-10-17 17:00:00,"582,0518188476562","1275,810059",4,3,2024-10-17
2024-10-17 18:00:00,"545,3864135742188","876,650024",4,3,2024-10-17
2024-10-17 19:00:00,"557,9840698242188","729,75",4,3,2024-10-17
2024-10-17 20:00:00,"542,0974731445312","664,390015",4,3,2024-10-17
2024-10-17 21:00:00,"433,9447326660156","613,359985",4,3,2024-10-17
2024-10-17 22:00:00,"350,5874328613281","603,929993",4,3,2024-10-17
2024-10-17 23:00:00,"293,2495422363281","605,5",4,3,2024-10-17
2024-10-18 00:00:00,"232,6285400390625","617,210022",4,3,2024-10-18
2024-10-18 01:00:00,"225,48773193359375","588,190002",4,3,2024-10-18
2024-10-18 02:00:00,"210,7879180908203","605,72998",4,3,2024-10-18
2024-10-18 03:00:00,"228,44439697265625","629,22998",4,3,2024-10-18
2024-10-18 04:00:00,"312,8099060058594","737,780029",4,3,2024-10-18
2024-10-18 05:00:00,"510,37457275390625","1117,449951",4,3,2024-10-18
2024-10-18 06:00:00,"623,314208984375","1165,640015",4,3,2024-10-18
2024-10-18 07:00:00,"519,5888061523438","828,130005",4,3,2024-10-18
2024-10-18 08:00:00,"428,2125549316406","714,429993",4,3,2024-10-18
2024-10-18 09:00:00,"334,0013122558594","636,390015",4,3,2024-10-18
2024-10-18 10:00:00,"267,6275634765625","618,929993",4,3,2024-10-18
2024-10-18 11:00:00,"210,85801696777344","598,340027",4,3,2024-10-18
2024-10-18 12:00:00,"200,52122497558594","605,72998",4,3,2024-10-18
2024-10-18 13:00:00,"221,79437255859375","629,22998",4,3,2024-10-18
2024-10-18 14:00:00,"331,780029296875","770,599976",4,3,2024-10-18
2024-10-18 15:00:00,"446,18707275390625","997,26001",4,3,2024-10-18
2024-10-18 16:00:00,"619,0289916992188","1352,459961",4,3,2024-10-18
2024-10-18 17:00:00,"753,220947265625","1063,72998",4,3,2024-10-18
2024-10-18 18:00:00,"610,3151245117188","770,309998",4,3,2024-10-18
2024-10-18 19:00:00,"511,00091552734375","722,409973",4,3,2024-10-18
2024-10-18 20:00:00,"529,837890625","695,77002",4,3,2024-10-18
2024-10-18 21:00:00,"449,09442138671875","638,179993",4,3,2024-10-18
2024-10-18 22:00:00,"427,2398376464844","649,27002",4,3,2024-10-18
2024-10-18 23:00:00,"364,30548095703125","619,210022",4,3,2024-10-18
2024-10-19 00:00:00,"316,4729919433594","595,940002",4,3,2024-10-19
2024-10-19 01:00:00,"307,5242004394531","561,27002",4,3,2024-10-19
2024-10-19 02:00:00,"290,77392578125","565,809998",4,3,2024-10-19
2024-10-19 03:00:00,"291,5998229980469","572,530029",4,3,2024-10-19
2024-10-19 04:00:00,"296,4584045410156","596,619995",4,3,2024-10-19
2024-10-19 05:00:00,"337,7650451660156","685,440002",4,3,2024-10-19
2024-10-19 06:00:00,"369,890869140625","668,659973",4,3,2024-10-19
2024-10-19 07:00:00,"342,847900390625","630,919983",4,3,2024-10-19
2024-10-19 08:00:00,"298,57855224609375","587,669983",4,3,2024-10-19
2024-10-19 09:00:00,"216,93289184570312","546,799988",4,3,2024-10-19
2024-10-19 10:00:00,"139,69590759277344","493,399994",4,3,2024-10-19
2024-10-19 11:00:00,"91,05072784423828","454,619995",4,3,2024-10-19
2024-10-19 12:00:00,"90,60205078125","476,470001",4,3,2024-10-19
2024-10-19 13:00:00,"155,70004272460938","589,679993",4,3,2024-10-19
2024-10-19 14:00:00,"272,6844482421875","731,52002",4,3,2024-10-19
2024-10-19 15:00:00,"458,02398681640625","813,929993",4,3,2024-10-19
2024-10-19 16:00:00,"535,8295288085938","1012,900024",4,3,2024-10-19
2024-10-19 17:00:00,"537,4307861328125","886,940002",4,3,2024-10-19
2024-10-19 18:00:00,"513,5441284179688","721,900024",4,3,2024-10-19
2024-10-19 19:00:00,"513,55908203125","672,530029",4,3,2024-10-19
2024-10-19 20:00:00,"484,6982116699219","625,179993",4,3,2024-10-19
2024-10-19 21:00:00,"404,7359313964844","546,869995",4,3,2024-10-19
2024-10-19 22:00:00,"289,3719177246094","403,059998",4,3,2024-10-19
2024-10-19 23:00:00,"246,18902587890625","409,470001",4,3,2024-10-19
2024-10-20 00:00:00,"221,6614227294922","407,079987",4,3,2024-10-20
2024-10-20 01:00:00,"202,31935119628906","417,0",4,3,2024-10-20
2024-10-20 02:00:00,"206,86024475097656","444,450012",4,3,2024-10-20
2024-10-20 03:00:00,"206,2340545654297","241,880005",4,3,2024-10-20
2024-10-20 04:00:00,"195,7012939453125","240,389999",4,3,2024-10-20
2024-10-20 05:00:00,"230,17822265625","291,329987",4,3,2024-10-20
2024-10-20 06:00:00,"299,1924133300781","359,950012",4,3,2024-10-20
2024-10-20 07:00:00,"228,55389404296875","341,230011",4,3,2024-10-20
2024-10-20 08:00:00,"134,80418395996094","47,509998",4,3,2024-10-20
2024-10-20 09:00:00,"54,5718994140625","0,6",4,3,2024-10-20
2024-10-20 10:00:00,"9,800570487976074","0,0",4,3,2024-10-20
2024-10-20 11:00:00,"-13,53010082244873","-7,31",4,3,2024-10-20
2024-10-20 12:00:00,"-26,73324203491211","-14,99",4,3,2024-10-20
2024-10-20 13:00:00,"9,97964859008789","0,0",4,3,2024-10-20
2024-10-20 14:00:00,"184,51910400390625","38,040001",4,3,2024-10-20
2024-10-20 15:00:00,"371,0094299316406","413,570007",4,3,2024-10-20
2024-10-20 16:00:00,"313,3006896972656","318,25",4,3,2024-10-20
2024-10-20 17:00:00,"399,671875","268,950012",4,3,2024-10-20
2024-10-20 18:00:00,"369,7093505859375","252,919998",4,3,2024-10-20
2024-10-20 19:00:00,"360,5260009765625","156,259995",4,3,2024-10-20
2024-10-20 20:00:00,"345,0910339355469","90,620003",4,3,2024-10-20
2024-10-20 21:00:00,"279,1727600097656","14,39",4,3,2024-10-20
2024-10-20 22:00:00,"187,9096221923828","-0,75",4,3,2024-10-20
2024-10-20 23:00:00,"176,37364196777344","-0,75",4,3,2024-10-20
2024-10-21 00:00:00,"170,21420288085938","-1,04",4,4,2024-10-21
2024-10-21 01:00:00,"202,24725341796875","-0,6",4,4,2024-10-21
2024-10-21 02:00:00,"217,89801025390625","-0,3",4,4,2024-10-21
2024-10-21 03:00:00,"300,26654052734375","24,24",4,4,2024-10-21
2024-10-21 04:00:00,"421,9402770996094","32,59",4,4,2024-10-21
2024-10-21 05:00:00,"558,094970703125","301,170013",4,4,2024-10-21
2024-10-21 06:00:00,"615,0025634765625","292,070007",4,4,2024-10-21
2024-10-21 07:00:00,"509,469970703125","240,160004",4,4,2024-10-21
2024-10-21 08:00:00,"428,529052734375","215,399994",4,4,2024-10-21
2024-10-21 09:00:00,"352,0784606933594","208,690002",4,4,2024-10-21
2024-10-21 10:00:00,"296,3916320800781","188,479996",4,4,2024-10-21
2024-10-21 11:00:00,"278,5207214355469","209,729996",4,4,2024-10-21
2024-10-21 12:00:00,"282,7441711425781","168,710007",4,4,2024-10-21
2024-10-21 13:00:00,"351,0093078613281","434,609985",4,4,2024-10-21
2024-10-21 14:00:00,"435,22784423828125","670,289978",4,4,2024-10-21
2024-10-21 15:00:00,"539,864990234375","969,900024",4,4,2024-10-21
2024-10-21 16:00:00,"903,2074584960938","1582,319946",4,4,2024-10-21
2024-10-21 17:00:00,"989,1477661132812","1404,810059",4,4,2024-10-21
2024-10-21 18:00:00,"705,023193359375","957,969971",4,4,2024-10-21
2024-10-21 19:00:00,"518,40380859375","750,320007",4,4,2024-10-21
2024-10-21 20:00:00,"404,9794616699219","729,440002",4,4,2024-10-21
2024-10-21 21:00:00,"351,90374755859375","693,419983",4,4,2024-10-21
2024-10-21 22:00:00,"302,1850891113281","666,929993",4,4,2024-10-21
2024-10-21 23:00:00,"263,7646179199219","652,76001",4,4,2024-10-21
2024-10-22 00:00:00,"327,625","639,109985",4,4,2024-10-22
2024-10-22 01:00:00,"289,2625732421875","623,52002",4,4,2024-10-22
2024-10-22 02:00:00,"288,853759765625","619,190002",4,4,2024-10-22
2024-10-22 03:00:00,"368,9278564453125","641,419983",4,4,2024-10-22
2024-10-22 04:00:00,"492,6702880859375","731,960022",4,4,2024-10-22
2024-10-22 05:00:00,"737,775634765625","1118,76001",4,4,2024-10-22
2024-10-22 06:00:00,"820,1160888671875","1215,27002",4,4,2024-10-22
2024-10-22 07:00:00,"716,072509765625","846,080017",4,4,2024-10-22
2024-10-22 08:00:00,"568,2171020507812","736,809998",4,4,2024-10-22
2024-10-22 09:00:00,"429,42779541015625","639,109985",4,4,2024-10-22
2024-10-22 10:00:00,"319,10406494140625","246,720001",4,4,2024-10-22
2024-10-22 11:00:00,"281,3720397949219","232,550003",4,4,2024-10-22
2024-10-22 12:00:00,"308,56719970703125","225,539993",4,4,2024-10-22
2024-10-22 13:00:00,"328,6535339355469","229,789993",4,4,2024-10-22
2024-10-22 14:00:00,"364,9544372558594","263,130005",4,4,2024-10-22
2024-10-22 15:00:00,"568,7520141601562","759,109985",4,4,2024-10-22
2024-10-22 16:00:00,"559,0327758789062","1043,579956",4,4,2024-10-22
2024-10-22 17:00:00,"526,3280639648438","1176,560059",4,4,2024-10-22
2024-10-22 18:00:00,"504,5824890136719","850,400024",4,4,2024-10-22
2024-10-22 19:00:00,"456,9150695800781","697,72998",4,4,2024-10-22
2024-10-22 20:00:00,"401,7097473144531","713,919983",4,4,2024-10-22
2024-10-22 21:00:00,"358,48492431640625","658,950012",4,4,2024-10-22
2024-10-22 22:00:00,"341,9096984863281","602,789978",4,4,2024-10-22
2024-10-22 23:00:00,"284,90142822265625","620,690002",4,4,2024-10-22
2024-10-23 00:00:00,"278,46722412109375","611,669983",4,4,2024-10-23
2024-10-23 01:00:00,"281,98870849609375","620,539978",4,4,2024-10-23
2024-10-23 02:00:00,"273,7684020996094","639,859985",4,4,2024-10-23
2024-10-23 03:00:00,"330,6977844238281","675,950012",4,4,2024-10-23
2024-10-23 04:00:00,"469,740478515625","780,950012",4,4,2024-10-23
2024-10-23 05:00:00,"592,0150756835938","1025,329956",4,4,2024-10-23
2024-10-23 06:00:00,"662,6331787109375","1205,72998",4,4,2024-10-23
2024-10-23 07:00:00,"576,389892578125","957,690002",4,4,2024-10-23
2024-10-23 08:00:00,"451,402099609375","776,330017",4,4,2024-10-23
2024-10-23 09:00:00,"345,23590087890625","693,700012",4,4,2024-10-23
2024-10-23 10:00:00,"229,92245483398438","600,929993",4,4,2024-10-23
2024-10-23 11:00:00,"216,34869384765625","574,75",4,4,2024-10-23
2024-10-23 12:00:00,"198,97909545898438","562,450012",4,4,2024-10-23
2024-10-23 13:00:00,"287,04022216796875","657,830017",4,4,2024-10-23
2024-10-23 14:00:00,"346,128173828125","696,22998",4,4,2024-10-23
2024-10-23 15:00:00,"492,25299072265625","1009,669983",4,4,2024-10-23
2024-10-23 16:00:00,"571,1345825195312","1428,859985",4,4,2024-10-23
2024-10-23 17:00:00,"586,9178466796875","1312,52002",4,4,2024-10-23
2024-10-23 18:00:00,"456,2012939453125","833,080017",4,4,2024-10-23
2024-10-23 19:00:00,"448,97845458984375","754,849976",4,4,2024-10-23
2024-10-23 20:00:00,"452,522216796875","767,599976",4,4,2024-10-23
2024-10-23 21:00:00,"412,6698303222656","694,73999",4,4,2024-10-23
2024-10-23 22:00:00,"302,9288330078125","647,059998",4,4,2024-10-23
2024-10-23 23:00:00,"229,4459991455078","597,460022",4,4,2024-10-23
2024-10-24 00:00:00,"278,46136474609375","582,469971",4,4,2024-10-24
2024-10-24 01:00:00,"268,1809997558594","564,349976",4,4,2024-10-24
2024-10-24 02:00:00,"259,7333984375","532,200012",4,4,2024-10-24
2024-10-24 03:00:00,"321,6657409667969","597,909973",4,4,2024-10-24
2024-10-24 04:00:00,"410,12890625","748,409973",4,4,2024-10-24
2024-10-24 05:00:00,"520,3070678710938","1057,98999",4,4,2024-10-24
2024-10-24 06:00:00,"528,12109375","1233,47998",4,4,2024-10-24
2024-10-24 07:00:00,"479,7080383300781","874,820007",4,4,2024-10-24
2024-10-24 08:00:00,"432,0585632324219","760,049988",4,4,2024-10-24
2024-10-24 09:00:00,"333,9193115234375","693,969971",4,4,2024-10-24
2024-10-24 10:00:00,"248,88760375976562","626,169983",4,4,2024-10-24
2024-10-24 11:00:00,"216,1039276123047","590,299988",4,4,2024-10-24
2024-10-24 12:00:00,"232,08595275878906","607,900024",4,4,2024-10-24
2024-10-24 13:00:00,"313,35009765625","713,72998",4,4,2024-10-24
2024-10-24 14:00:00,"388,2535095214844","809,869995",4,4,2024-10-24
2024-10-24 15:00:00,"493,3099060058594","921,659973",4,4,2024-10-24
2024-10-24 16:00:00,"667,1704711914062","1034,430054",4,4,2024-10-24
2024-10-24 17:00:00,"660,64794921875","851,630005",4,4,2024-10-24
2024-10-24 18:00:00,"589,1328125","720,52002",4,4,2024-10-24
2024-10-24 19:00:00,"382,05340576171875","698,369995",4,4,2024-10-24
2024-10-24 20:00:00,"370,54290771484375","670,47998",4,4,2024-10-24
2024-10-24 21:00:00,"390,89569091796875","623,559998",4,4,2024-10-24
2024-10-24 22:00:00,"406,40380859375","615,460022",4,4,2024-10-24
2024-10-24 23:00:00,"413,690673828125","612,25",4,4,2024-10-24
2024-10-25 00:00:00,"515,8458862304688","594,48999",4,4,2024-10-25
2024-10-25 01:00:00,"532,8846435546875","616,200012",4,4,2024-10-25
2024-10-25 02:00:00,"547,9013671875","630,150024",4,4,2024-10-25
2024-10-25 03:00:00,"578,73681640625","705,650024",4,4,2024-10-25
2024-10-25 04:00:00,"567,4814453125","812,700012",4,4,2024-10-25
2024-10-25 05:00:00,"796,1925048828125","923,190002",4,4,2024-10-25
2024-10-25 06:00:00,"915,1511840820312","1123,410034",4,4,2024-10-25
2024-10-25 07:00:00,"798,6396484375","913,340027",4,4,2024-10-25
2024-10-25 08:00:00,"638,2113037109375","806,809998",4,4,2024-10-25
2024-10-25 09:00:00,"532,1163940429688","700,5",4,4,2024-10-25
2024-10-25 10:00:00,"469,61761474609375","604,859985",4,4,2024-10-25
2024-10-25 11:00:00,"442,9649353027344","583,22998",4,4,2024-10-25
2024-10-25 12:00:00,"421,65020751953125","615,22998",4,4,2024-10-25
2024-10-25 13:00:00,"437,1781311035156","741,01001",4,4,2024-10-25
2024-10-25 14:00:00,"462,5909118652344","880,51001",4,4,2024-10-25
2024-10-25 15:00:00,"643,6009521484375","1184,140015",4,4,2024-10-25
2024-10-25 16:00:00,"814,075927734375","1695,829956",4,4,2024-10-25
2024-10-25 17:00:00,"917,6928100585938","1379,0",4,4,2024-10-25
2024-10-25 18:00:00,"799,8031616210938","924,01001",4,4,2024-10-25
2024-10-25 19:00:00,"614,2930908203125","867,530029",4,4,2024-10-25
2024-10-25 20:00:00,"557,1487426757812","850,150024",4,4,2024-10-25
2024-10-25 21:00:00,"447,9689636230469","801,210022",4,4,2024-10-25
2024-10-25 22:00:00,"436,0606689453125","860,150024",4,4,2024-10-25
2024-10-25 23:00:00,"430,77325439453125","818,0",4,4,2024-10-25
2024-10-26 00:00:00,"500,54705810546875","797,929993",4,4,2024-10-26
2024-10-26 01:00:00,"519,49853515625","804,200012",4,4,2024-10-26
2024-10-26 02:00:00,"522,6248779296875","788,599976",4,4,2024-10-26
2024-10-26 03:00:00,"552,2659301757812","796,960022",4,4,2024-10-26
2024-10-26 04:00:00,"594,9723510742188","850,0",4,4,2024-10-26
2024-10-26 05:00:00,"583,8816528320312","937,890015",4,4,2024-10-26
2024-10-26 06:00:00,"551,7803344726562","940,059998",4,4,2024-10-26
2024-10-26 07:00:00,"525,4097900390625","877,159973",4,4,2024-10-26
2024-10-26 08:00:00,"454,3967590332031","756,450012",4,4,2024-10-26
2024-10-26 09:00:00,"384,99017333984375","607,900024",4,4,2024-10-26
2024-10-26 10:00:00,"302,0330505371094","509,940002",4,4,2024-10-26
2024-10-26 11:00:00,"243,79510498046875","472,269989",4,4,2024-10-26
2024-10-26 12:00:00,"279,63446044921875","481,589996",4,4,2024-10-26
2024-10-26 13:00:00,"337,1475524902344","607,599976",4,4,2024-10-26
2024-10-26 14:00:00,"402,91693115234375","750,549988",4,4,2024-10-26
2024-10-26 15:00:00,"508,2307434082031","938,039978",4,4,2024-10-26
2024-10-26 16:00:00,"669,1380004882812","1125,829956",4,4,2024-10-26
2024-10-26 17:00:00,"561,2738647460938","885,890015",4,4,2024-10-26
2024-10-26 18:00:00,"469,70538330078125","719,809998",4,4,2024-10-26
2024-10-26 19:00:00,"424,5888366699219","662,219971",4,4,2024-10-26
2024-10-26 20:00:00,"398,61993408203125","652,820007",4,4,2024-10-26
2024-10-26 21:00:00,"299,5731201171875","571,719971",4,4,2024-10-26
2024-10-26 22:00:00,"198,14845275878906","688,119995",4,4,2024-10-26
2024-10-26 23:00:00,"157,04884338378906","626,780029",4,4,2024-10-26
2024-10-27 00:00:00,"219,3129119873047","613,570007",4,4,2024-10-27
2024-10-27 01:00:00,"248,24581909179688","600,140015",4,4,2024-10-27
2024-10-27 02:00:00,"283,900146484375","592,530029",4,4,2024-10-27
2024-10-27 03:00:00,"279,3706970214844","587,900024",4,4,2024-10-27
2024-10-27 04:00:00,"284,6309509277344","635,289978",4,4,2024-10-27
2024-10-27 05:00:00,"317,87847900390625","665,659973",4,4,2024-10-27
2024-10-27 06:00:00,"298,2251281738281","657,0",4,4,2024-10-27
2024-10-27 07:00:00,"261,3532409667969","629,320007",4,4,2024-10-27
2024-10-27 08:00:00,"143,70370483398438","496,049988",4,4,2024-10-27
2024-10-27 09:00:00,"56,44499588012695","408,299988",4,4,2024-10-27
2024-10-27 10:00:00,"6,513510704040527","317,119995",4,4,2024-10-27
2024-10-27 11:00:00,"10,734482765197754","298,390015",4,4,2024-10-27
2024-10-27 12:00:00,"15,237380981445312","298,470001",4,4,2024-10-27
2024-10-27 13:00:00,"8,286654472351074","480,01001",4,4,2024-10-27
2024-10-27 14:00:00,"107,24756622314453","753,109985",4,4,2024-10-27
2024-10-27 15:00:00,"276,4527587890625","878,97998",4,4,2024-10-27
2024-10-27 16:00:00,"399,7562255859375","1106,569946",4,4,2024-10-27
2024-10-27 17:00:00,"440,0982360839844","1087,23999",4,4,2024-10-27
2024-10-27 18:00:00,"367,5534973144531","973,52002",4,4,2024-10-27
2024-10-27 19:00:00,"301,9075622558594","881,299988",4,4,2024-10-27
2024-10-27 20:00:00,"253,77914428710938","831,159973",4,4,2024-10-27
2024-10-27 21:00:00,"188,4323272705078","820,48999",4,4,2024-10-27
2024-10-27 22:00:00,"112,57355499267578","651,109985",4,4,2024-10-27
2024-10-27 23:00:00,"92,77008056640625","713,340027",4,4,2024-10-27
