Time,Prediction,DKPrice,fold,week,Date
2024-01-01 00:00:00,"212,9185028076172","212,160004",1,1,2024-01-01
2024-01-01 01:00:00,"203,84439086914062","198,740005",1,1,2024-01-01
2024-01-01 02:00:00,"199,4571533203125","182,490005",1,1,2024-01-01
2024-01-01 03:00:00,"204,31777954101562","178,990005",1,1,2024-01-01
2024-01-01 04:00:00,"212,68316650390625","118,379997",1,1,2024-01-01
2024-01-01 05:00:00,"283,33673095703125","118,309998",1,1,2024-01-01
2024-01-01 06:00:00,"360,02105712890625","164,300003",1,1,2024-01-01
2024-01-01 07:00:00,"395,60992431640625","189,5",1,1,2024-01-01
2024-01-01 08:00:00,"399,6217041015625","240,119995",1,1,2024-01-01
2024-01-01 09:00:00,"388,6568298339844","308,179993",1,1,2024-01-01
2024-01-01 10:00:00,"383,0059814453125","324,359985",1,1,2024-01-01
2024-01-01 11:00:00,"368,4017639160156","320,700012",1,1,2024-01-01
2024-01-01 12:00:00,"358,36383056640625","330,170013",1,1,2024-01-01
2024-01-01 13:00:00,"376,3785095214844","344,709991",1,1,2024-01-01
2024-01-01 14:00:00,"400,9590759277344","377,290009",1,1,2024-01-01
2024-01-01 15:00:00,"435,8772888183594","443,329987",1,1,2024-01-01
2024-01-01 16:00:00,"486,7307434082031","484,480011",1,1,2024-01-01
2024-01-01 17:00:00,"501,20947265625","460,26001",1,1,2024-01-01
2024-01-01 18:00:00,"467,8621520996094","410,529999",1,1,2024-01-01
2024-01-01 19:00:00,"434,0675354003906","357,899994",1,1,2024-01-01
2024-01-01 20:00:00,"380,2016296386719","328,079987",1,1,2024-01-01
2024-01-01 21:00:00,"374,5443115234375","336,959991",1,1,2024-01-01
2024-01-01 22:00:00,"337,557373046875","283,279999",1,1,2024-01-01
2024-01-01 23:00:00,"329,8592834472656","283,279999",1,1,2024-01-01
2024-01-02 00:00:00,"322,3878173828125","250,179993",1,1,2024-01-02
2024-01-02 01:00:00,"302,77874755859375","238,779999",1,1,2024-01-02
2024-01-02 02:00:00,"309,1235656738281","240,710007",1,1,2024-01-02
2024-01-02 03:00:00,"331,668701171875","273,589996",1,1,2024-01-02
2024-01-02 04:00:00,"353,0697937011719","311,01001",1,1,2024-01-02
2024-01-02 05:00:00,"412,61907958984375","366,630005",1,1,2024-01-02
2024-01-02 06:00:00,"468,456298828125","437,970001",1,1,2024-01-02
2024-01-02 07:00:00,"545,2158203125","489,549988",1,1,2024-01-02
2024-01-02 08:00:00,"553,5979614257812","492,829987",1,1,2024-01-02
2024-01-02 09:00:00,"551,1575927734375","514,22998",1,1,2024-01-02
2024-01-02 10:00:00,"545,1998901367188","548,219971",1,1,2024-01-02
2024-01-02 11:00:00,"537,9008178710938","582,659973",1,1,2024-01-02
2024-01-02 12:00:00,"529,2615966796875","587,960022",1,1,2024-01-02
2024-01-02 13:00:00,"532,4698486328125","590,719971",1,1,2024-01-02
2024-01-02 14:00:00,"673,8365478515625","596,080017",1,1,2024-01-02
2024-01-02 15:00:00,"703,6788940429688","607,26001",1,1,2024-01-02
2024-01-02 16:00:00,"707,6876831054688","603,23999",1,1,2024-01-02
2024-01-02 17:00:00,"666,133056640625","558,72998",1,1,2024-01-02
2024-01-02 18:00:00,"537,9191284179688","470,98999",1,1,2024-01-02
2024-01-02 19:00:00,"449,5882263183594","425,73999",1,1,2024-01-02
2024-01-02 20:00:00,"376,3171691894531","358,130005",1,1,2024-01-02
2024-01-02 21:00:00,"337,943359375","298,190002",1,1,2024-01-02
2024-01-02 22:00:00,"311,7832946777344","223,639999",1,1,2024-01-02
2024-01-02 23:00:00,"305,2339172363281","149,100006",1,1,2024-01-02
2024-01-03 00:00:00,"285,8044128417969","118,309998",1,1,2024-01-03
2024-01-03 01:00:00,"270,05218505859375","118,389999",1,1,2024-01-03
2024-01-03 02:00:00,"268,5468444824219","118,389999",1,1,2024-01-03
2024-01-03 03:00:00,"277,31829833984375","118,830002",1,1,2024-01-03
2024-01-03 04:00:00,"305,4025573730469","149,399994",1,1,2024-01-03
2024-01-03 05:00:00,"360,5904846191406","368,579987",1,1,2024-01-03
2024-01-03 06:00:00,"460,9013671875","399,070007",1,1,2024-01-03
2024-01-03 07:00:00,"577,4807739257812","473,25",1,1,2024-01-03
2024-01-03 08:00:00,"667,6530151367188","484,51001",1,1,2024-01-03
2024-01-03 09:00:00,"676,4781494140625","448,720001",1,1,2024-01-03
2024-01-03 10:00:00,"676,9160766601562","447,01001",1,1,2024-01-03
2024-01-03 11:00:00,"672,5971069335938","445,820007",1,1,2024-01-03
2024-01-03 12:00:00,"604,6212768554688","438,809998",1,1,2024-01-03
2024-01-03 13:00:00,"608,0315551757812","484,51001",1,1,2024-01-03
2024-01-03 14:00:00,"642,008056640625","513,140015",1,1,2024-01-03
2024-01-03 15:00:00,"643,5955200195312","548,619995",1,1,2024-01-03
2024-01-03 16:00:00,"675,8171997070312","613,409973",1,1,2024-01-03
2024-01-03 17:00:00,"645,447998046875","618,549988",1,1,2024-01-03
2024-01-03 18:00:00,"585,6619873046875","589,179993",1,1,2024-01-03
2024-01-03 19:00:00,"535,7330932617188","545,940002",1,1,2024-01-03
2024-01-03 20:00:00,"451,5758972167969","502,549988",1,1,2024-01-03
2024-01-03 21:00:00,"437,4367980957031","484,579987",1,1,2024-01-03
2024-01-03 22:00:00,"391,1279296875","433,290009",1,1,2024-01-03
2024-01-03 23:00:00,"355,3698425292969","437,850006",1,1,2024-01-03
2024-01-04 00:00:00,"349,05560302734375","399,73999",1,1,2024-01-04
2024-01-04 01:00:00,"344,005615234375","406,0",1,1,2024-01-04
2024-01-04 02:00:00,"325,4328308105469","411,519989",1,1,2024-01-04
2024-01-04 03:00:00,"338,5932312011719","434,420013",1,1,2024-01-04
2024-01-04 04:00:00,"354,6906433105469","441,130005",1,1,2024-01-04
2024-01-04 05:00:00,"422,6739807128906","541,809998",1,1,2024-01-04
2024-01-04 06:00:00,"523,9957885742188","634,059998",1,1,2024-01-04
2024-01-04 07:00:00,"552,0469360351562","682,169983",1,1,2024-01-04
2024-01-04 08:00:00,"547,8280029296875","702,530029",1,1,2024-01-04
2024-01-04 09:00:00,"538,2725830078125","685,969971",1,1,2024-01-04
2024-01-04 10:00:00,"476,9324645996094","674,190002",1,1,2024-01-04
2024-01-04 11:00:00,"471,0924072265625","646,52002",1,1,2024-01-04
2024-01-04 12:00:00,"530,9263305664062","641,070007",1,1,2024-01-04
2024-01-04 13:00:00,"530,7779541015625","686,940002",1,1,2024-01-04
2024-01-04 14:00:00,"633,338134765625","735,48999",1,1,2024-01-04
2024-01-04 15:00:00,"642,6820068359375","788,51001",1,1,2024-01-04
2024-01-04 16:00:00,"633,9973754882812","993,599976",1,1,2024-01-04
2024-01-04 17:00:00,"547,7054443359375","1078,77002",1,1,2024-01-04
2024-01-04 18:00:00,"514,923828125","932,22998",1,1,2024-01-04
2024-01-04 19:00:00,"435,0580749511719","772,549988",1,1,2024-01-04
2024-01-04 20:00:00,"374,8827819824219","745,859985",1,1,2024-01-04
2024-01-04 21:00:00,"365,3865051269531","707,450012",1,1,2024-01-04
2024-01-04 22:00:00,"300,7213134765625","662,47998",1,1,2024-01-04
2024-01-04 23:00:00,"298,9026184082031","662,570007",1,1,2024-01-04
2024-01-05 00:00:00,"275,6668701171875","619,76001",1,1,2024-01-05
2024-01-05 01:00:00,"259,572265625","596,710022",1,1,2024-01-05
2024-01-05 02:00:00,"240,2457733154297","597,97998",1,1,2024-01-05
2024-01-05 03:00:00,"245,54391479492188","615,280029",1,1,2024-01-05
2024-01-05 04:00:00,"276,09552001953125","657,419983",1,1,2024-01-05
2024-01-05 05:00:00,"324,41143798828125","818,909973",1,1,2024-01-05
2024-01-05 06:00:00,"402,5390319824219","1230,790039",1,1,2024-01-05
2024-01-05 07:00:00,"477,3860168457031","2230,280029",1,1,2024-01-05
2024-01-05 08:00:00,"445,6940002441406","1858,150024",1,1,2024-01-05
2024-01-05 09:00:00,"418,10052490234375","1908,430054",1,1,2024-01-05
2024-01-05 10:00:00,"399,3750305175781","1574,640015",1,1,2024-01-05
2024-01-05 11:00:00,"373,7914733886719","1516,23999",1,1,2024-01-05
2024-01-05 12:00:00,"348,3705749511719","1469,25",1,1,2024-01-05
2024-01-05 13:00:00,"353,85955810546875","1475,810059",1,1,2024-01-05
2024-01-05 14:00:00,"388,17425537109375","2237,209961",1,1,2024-01-05
2024-01-05 15:00:00,"422,4788818359375","3353,810059",1,1,2024-01-05
2024-01-05 16:00:00,"425,2887878417969","3925,22998",1,1,2024-01-05
2024-01-05 17:00:00,"415,9162902832031","2610,22998",1,1,2024-01-05
2024-01-05 18:00:00,"365,7873229980469","1356,839966",1,1,2024-01-05
2024-01-05 19:00:00,"325,37530517578125","1115,849976",1,1,2024-01-05
2024-01-05 20:00:00,"295,7874755859375","841,51001",1,1,2024-01-05
2024-01-05 21:00:00,"263,58050537109375","746,630005",1,1,2024-01-05
2024-01-05 22:00:00,"241,70948791503906","692,710022",1,1,2024-01-05
2024-01-05 23:00:00,"188,92515563964844","633,090027",1,1,2024-01-05
2024-01-06 00:00:00,"161,68963623046875","620,559998",1,1,2024-01-06
2024-01-06 01:00:00,"141,02261352539062","611,830017",1,1,2024-01-06
2024-01-06 02:00:00,"130,9746856689453","612,950012",1,1,2024-01-06
2024-01-06 03:00:00,"114,88432312011719","615,559998",1,1,2024-01-06
2024-01-06 04:00:00,"105,86097717285156","627,5",1,1,2024-01-06
2024-01-06 05:00:00,"122,23702239990234","630,109985",1,1,2024-01-06
2024-01-06 06:00:00,"145,79739379882812","652,109985",1,1,2024-01-06
2024-01-06 07:00:00,"182,1560516357422","677,77002",1,1,2024-01-06
2024-01-06 08:00:00,"224,3459930419922","708,419983",1,1,2024-01-06
2024-01-06 09:00:00,"249,22938537597656","748,929993",1,1,2024-01-06
2024-01-06 10:00:00,"254,98777770996094","773,090027",1,1,2024-01-06
2024-01-06 11:00:00,"255,94699096679688","763,25",1,1,2024-01-06
2024-01-06 12:00:00,"258,5475158691406","729,080017",1,1,2024-01-06
2024-01-06 13:00:00,"273,8279113769531","712,380005",1,1,2024-01-06
2024-01-06 14:00:00,"316,02398681640625","734,679993",1,1,2024-01-06
2024-01-06 15:00:00,"363,3460693359375","820,450012",1,1,2024-01-06
2024-01-06 16:00:00,"410,78131103515625","882,140015",1,1,2024-01-06
2024-01-06 17:00:00,"410,4509582519531","797,630005",1,1,2024-01-06
2024-01-06 18:00:00,"373,5796813964844","762,799988",1,1,2024-01-06
2024-01-06 19:00:00,"326,70068359375","708,419983",1,1,2024-01-06
2024-01-06 20:00:00,"277,58447265625","675,97998",1,1,2024-01-06
2024-01-06 21:00:00,"239,5067901611328","666,359985",1,1,2024-01-06
2024-01-06 22:00:00,"211,25906372070312","617,580017",1,1,2024-01-06
2024-01-06 23:00:00,"194,10308837890625","642,570007",1,1,2024-01-06
2024-01-07 00:00:00,"189,12013244628906","615,049988",1,1,2024-01-07
2024-01-07 01:00:00,"183,35984802246094","590,880005",1,1,2024-01-07
2024-01-07 02:00:00,"171,65379333496094","578,280029",1,1,2024-01-07
2024-01-07 03:00:00,"172,88987731933594","573,5",1,1,2024-01-07
2024-01-07 04:00:00,"180,0089569091797","577,460022",1,1,2024-01-07
2024-01-07 05:00:00,"184,16307067871094","585,140015",1,1,2024-01-07
2024-01-07 06:00:00,"208,30136108398438","599,460022",1,1,2024-01-07
2024-01-07 07:00:00,"245,87548828125","628,099976",1,1,2024-01-07
2024-01-07 08:00:00,"252,1786346435547","653,159973",1,1,2024-01-07
2024-01-07 09:00:00,"249,53602600097656","669,419983",1,1,2024-01-07
2024-01-07 10:00:00,"244,0013427734375","686,130005",1,1,2024-01-07
2024-01-07 11:00:00,"238,67518615722656","682,469971",1,1,2024-01-07
2024-01-07 12:00:00,"234,10911560058594","652,789978",1,1,2024-01-07
2024-01-07 13:00:00,"232,4699249267578","650,630005",1,1,2024-01-07
2024-01-07 14:00:00,"253,13134765625","676,059998",1,1,2024-01-07
2024-01-07 15:00:00,"274,1366271972656","717,609985",1,1,2024-01-07
2024-01-07 16:00:00,"262,9869689941406","777,719971",1,1,2024-01-07
2024-01-07 17:00:00,"238,9605712890625","791,299988",1,1,2024-01-07
2024-01-07 18:00:00,"216,41017150878906","772,349976",1,1,2024-01-07
2024-01-07 19:00:00,"198,69671630859375","749,599976",1,1,2024-01-07
2024-01-07 20:00:00,"186,75405883789062","695,97998",1,1,2024-01-07
2024-01-07 21:00:00,"177,83021545410156","680,01001",1,1,2024-01-07
2024-01-07 22:00:00,"158,78219604492188","625,48999",1,1,2024-01-07
2024-01-07 23:00:00,"155,56288146972656","649,059998",1,1,2024-01-07
2024-01-08 00:00:00,"340,0419616699219","628,919983",1,2,2024-01-08
2024-01-08 01:00:00,"233,66757202148438","610,27002",1,2,2024-01-08
2024-01-08 02:00:00,"182,2826385498047","590,059998",1,2,2024-01-08
2024-01-08 03:00:00,"166,61892700195312","585,359985",1,2,2024-01-08
2024-01-08 04:00:00,"178,561279296875","612,359985",1,2,2024-01-08
2024-01-08 05:00:00,"210,712158203125","703,359985",1,2,2024-01-08
2024-01-08 06:00:00,"259,1584777832031","829,559998",1,2,2024-01-08
2024-01-08 07:00:00,"278,5014343261719","903,330017",1,2,2024-01-08
2024-01-08 08:00:00,"275,1577453613281","900,48999",1,2,2024-01-08
2024-01-08 09:00:00,"287,1854248046875","849,549988",1,2,2024-01-08
2024-01-08 10:00:00,"281,2415466308594","787,200012",1,2,2024-01-08
2024-01-08 11:00:00,"274,7049560546875","729,76001",1,2,2024-01-08
2024-01-08 12:00:00,"279,616943359375","707,690002",1,2,2024-01-08
2024-01-08 13:00:00,"281,4695129394531","764,219971",1,2,2024-01-08
2024-01-08 14:00:00,"301,8455505371094","825,22998",1,2,2024-01-08
2024-01-08 15:00:00,"355,76251220703125","954,719971",1,2,2024-01-08
2024-01-08 16:00:00,"376,10003662109375","986,869995",1,2,2024-01-08
2024-01-08 17:00:00,"385,96331787109375","969,710022",1,2,2024-01-08
2024-01-08 18:00:00,"384,6700744628906","910,859985",1,2,2024-01-08
2024-01-08 19:00:00,"347,0987854003906","851,859985",1,2,2024-01-08
2024-01-08 20:00:00,"306,5946044921875","766,97998",1,2,2024-01-08
2024-01-08 21:00:00,"278,2146911621094","745,719971",1,2,2024-01-08
2024-01-08 22:00:00,"237,0811767578125","682,400024",1,2,2024-01-08
2024-01-08 23:00:00,"222,6634521484375","657,710022",1,2,2024-01-08
2024-01-09 00:00:00,"217,1260223388672","649,359985",1,2,2024-01-09
2024-01-09 01:00:00,"208,7023468017578","634,140015",1,2,2024-01-09
2024-01-09 02:00:00,"211,23719787597656","627,719971",1,2,2024-01-09
2024-01-09 03:00:00,"225,65283203125","639,51001",1,2,2024-01-09
2024-01-09 04:00:00,"254,71827697753906","666,070007",1,2,2024-01-09
2024-01-09 05:00:00,"284,14910888671875","809,530029",1,2,2024-01-09
2024-01-09 06:00:00,"348,12615966796875","925,539978",1,2,2024-01-09
2024-01-09 07:00:00,"395,3277893066406","994,099976",1,2,2024-01-09
2024-01-09 08:00:00,"415,7450866699219","902,039978",1,2,2024-01-09
2024-01-09 09:00:00,"398,7922058105469","844,450012",1,2,2024-01-09
2024-01-09 10:00:00,"383,9309387207031","789,169983",1,2,2024-01-09
2024-01-09 11:00:00,"370,3179016113281","747,690002",1,2,2024-01-09
2024-01-09 12:00:00,"356,3897399902344","752,159973",1,2,2024-01-09
2024-01-09 13:00:00,"361,8570251464844","838,26001",1,2,2024-01-09
2024-01-09 14:00:00,"524,4915161132812","903,390015",1,2,2024-01-09
2024-01-09 15:00:00,"557,1649780273438","977,23999",1,2,2024-01-09
2024-01-09 16:00:00,"578,7816162109375","1029,170044",1,2,2024-01-09
2024-01-09 17:00:00,"559,947998046875","1028,050049",1,2,2024-01-09
2024-01-09 18:00:00,"514,4552001953125","973,070007",1,2,2024-01-09
2024-01-09 19:00:00,"459,599853515625","897,039978",1,2,2024-01-09
2024-01-09 20:00:00,"384,141357421875","833,179993",1,2,2024-01-09
2024-01-09 21:00:00,"376,28729248046875","792,150024",1,2,2024-01-09
2024-01-09 22:00:00,"364,4295959472656","724,340027",1,2,2024-01-09
2024-01-09 23:00:00,"354,8348083496094","665,900024",1,2,2024-01-09
2024-01-10 00:00:00,"320,4143371582031","647,039978",1,2,2024-01-10
2024-01-10 01:00:00,"299,1240539550781","646,809998",1,2,2024-01-10
2024-01-10 02:00:00,"292,26434326171875","642,039978",1,2,2024-01-10
2024-01-10 03:00:00,"271,17022705078125","643,599976",1,2,2024-01-10
2024-01-10 04:00:00,"284,5174560546875","664,109985",1,2,2024-01-10
2024-01-10 05:00:00,"332,8175048828125","812,0",1,2,2024-01-10
2024-01-10 06:00:00,"444,23846435546875","965,030029",1,2,2024-01-10
2024-01-10 07:00:00,"555,2485961914062","1066,459961",1,2,2024-01-10
2024-01-10 08:00:00,"573,7022705078125","972,419983",1,2,2024-01-10
2024-01-10 09:00:00,"570,1071166992188","905,890015",1,2,2024-01-10
2024-01-10 10:00:00,"557,2802734375","813,869995",1,2,2024-01-10
2024-01-10 11:00:00,"550,3408203125","762,26001",1,2,2024-01-10
2024-01-10 12:00:00,"532,6861572265625","806,929993",1,2,2024-01-10
2024-01-10 13:00:00,"556,2916870117188","862,710022",1,2,2024-01-10
2024-01-10 14:00:00,"592,112548828125","923,27002",1,2,2024-01-10
2024-01-10 15:00:00,"604,0548095703125","1004,109985",1,2,2024-01-10
2024-01-10 16:00:00,"620,7686157226562","1072,349976",1,2,2024-01-10
2024-01-10 17:00:00,"600,1759033203125","1044,089966",1,2,2024-01-10
2024-01-10 18:00:00,"548,9907836914062","985,539978",1,2,2024-01-10
2024-01-10 19:00:00,"501,57177734375","894,929993",1,2,2024-01-10
2024-01-10 20:00:00,"393,4361572265625","818,559998",1,2,2024-01-10
2024-01-10 21:00:00,"372,22247314453125","779,26001",1,2,2024-01-10
2024-01-10 22:00:00,"303,92034912109375","716,169983",1,2,2024-01-10
2024-01-10 23:00:00,"300,3411865234375","684,27002",1,2,2024-01-10
2024-01-11 00:00:00,"290,40289306640625","660,700012",1,2,2024-01-11
2024-01-11 01:00:00,"261,980224609375","650,710022",1,2,2024-01-11
2024-01-11 02:00:00,"251,7761993408203","614,390015",1,2,2024-01-11
2024-01-11 03:00:00,"260,7652282714844","611,179993",1,2,2024-01-11
2024-01-11 04:00:00,"277,78704833984375","666,440002",1,2,2024-01-11
2024-01-11 05:00:00,"309,34515380859375","761,22998",1,2,2024-01-11
2024-01-11 06:00:00,"349,635498046875","871,530029",1,2,2024-01-11
2024-01-11 07:00:00,"398,4718933105469","1051,569946",1,2,2024-01-11
2024-01-11 08:00:00,"374,8893127441406","963,27002",1,2,2024-01-11
2024-01-11 09:00:00,"349,0065002441406","847,590027",1,2,2024-01-11
2024-01-11 10:00:00,"321,290283203125","794,119995",1,2,2024-01-11
2024-01-11 11:00:00,"300,2255859375","741,169983",1,2,2024-01-11
2024-01-11 12:00:00,"318,90167236328125","738,340027",1,2,2024-01-11
2024-01-11 13:00:00,"323,9096374511719","790,390015",1,2,2024-01-11
2024-01-11 14:00:00,"340,74908447265625","879,73999",1,2,2024-01-11
2024-01-11 15:00:00,"388,9944152832031","1024,349976",1,2,2024-01-11
2024-01-11 16:00:00,"418,5309143066406","1119,359985",1,2,2024-01-11
2024-01-11 17:00:00,"391,80718994140625","1019,429993",1,2,2024-01-11
2024-01-11 18:00:00,"389,2937316894531","986,76001",1,2,2024-01-11
2024-01-11 19:00:00,"335,39288330078125","887,119995",1,2,2024-01-11
2024-01-11 20:00:00,"294,41424560546875","799,419983",1,2,2024-01-11
2024-01-11 21:00:00,"260,5926513671875","745,789978",1,2,2024-01-11
2024-01-11 22:00:00,"215,89688110351562","725,059998",1,2,2024-01-11
2024-01-11 23:00:00,"201,84878540039062","678,890015",1,2,2024-01-11
2024-01-12 00:00:00,"190,72328186035156","657,859985",1,2,2024-01-12
2024-01-12 01:00:00,"166,7623291015625","635,48999",1,2,2024-01-12
2024-01-12 02:00:00,"167,670166015625","631,090027",1,2,2024-01-12
2024-01-12 03:00:00,"169,22811889648438","628,929993",1,2,2024-01-12
2024-01-12 04:00:00,"182,17575073242188","636,23999",1,2,2024-01-12
2024-01-12 05:00:00,"215,08189392089844","686,869995",1,2,2024-01-12
2024-01-12 06:00:00,"299,6278991699219","881,130005",1,2,2024-01-12
2024-01-12 07:00:00,"314,3962707519531","1049,51001",1,2,2024-01-12
2024-01-12 08:00:00,"300,38726806640625","1006,409973",1,2,2024-01-12
2024-01-12 09:00:00,"298,4588317871094","909,840027",1,2,2024-01-12
2024-01-12 10:00:00,"279,7870788574219","855,549988",1,2,2024-01-12
2024-01-12 11:00:00,"272,7373962402344","797,76001",1,2,2024-01-12
2024-01-12 12:00:00,"271,40301513671875","768,679993",1,2,2024-01-12
2024-01-12 13:00:00,"277,6789855957031","779,559998",1,2,2024-01-12
2024-01-12 14:00:00,"285,2656555175781","820,280029",1,2,2024-01-12
2024-01-12 15:00:00,"314,7822570800781","894,849976",1,2,2024-01-12
2024-01-12 16:00:00,"327,4276123046875","950,780029",1,2,2024-01-12
2024-01-12 17:00:00,"329,28167724609375","939,590027",1,2,2024-01-12
2024-01-12 18:00:00,"294,4849548339844","890,900024",1,2,2024-01-12
2024-01-12 19:00:00,"235,765869140625","811,26001",1,2,2024-01-12
2024-01-12 20:00:00,"226,70790100097656","734,369995",1,2,2024-01-12
2024-01-12 21:00:00,"212,87945556640625","696,27002",1,2,2024-01-12
2024-01-12 22:00:00,"189,51197814941406","634,969971",1,2,2024-01-12
2024-01-12 23:00:00,"154,61793518066406","564,030029",1,2,2024-01-12
2024-01-13 00:00:00,"115,78237915039062","558,140015",1,2,2024-01-13
2024-01-13 01:00:00,"90,6483154296875","549,200012",1,2,2024-01-13
2024-01-13 02:00:00,"83,51522827148438","532,190002",1,2,2024-01-13
2024-01-13 03:00:00,"86,64971923828125","538,679993",1,2,2024-01-13
2024-01-13 04:00:00,"101,12800598144531","414,230011",1,2,2024-01-13
2024-01-13 05:00:00,"119,79246520996094","340,179993",1,2,2024-01-13
2024-01-13 06:00:00,"141,45327758789062","381,790009",1,2,2024-01-13
2024-01-13 07:00:00,"187,6958770751953","500,799988",1,2,2024-01-13
2024-01-13 08:00:00,"261,6377258300781","546,659973",1,2,2024-01-13
2024-01-13 09:00:00,"273,6427001953125","537,039978",1,2,2024-01-13
2024-01-13 10:00:00,"284,5938720703125","529,289978",1,2,2024-01-13
2024-01-13 11:00:00,"281,5630187988281","521,609985",1,2,2024-01-13
2024-01-13 12:00:00,"281,24560546875","474,779999",1,2,2024-01-13
2024-01-13 13:00:00,"319,99737548828125","506,390015",1,2,2024-01-13
2024-01-13 14:00:00,"363,4907531738281","511,609985",1,2,2024-01-13
2024-01-13 15:00:00,"434,4665832519531","527,789978",1,2,2024-01-13
2024-01-13 16:00:00,"503,7259826660156","553,450012",1,2,2024-01-13
2024-01-13 17:00:00,"505,5544738769531","565,299988",1,2,2024-01-13
2024-01-13 18:00:00,"465,68792724609375","550,460022",1,2,2024-01-13
2024-01-13 19:00:00,"406,0155944824219","544,799988",1,2,2024-01-13
2024-01-13 20:00:00,"327,71441650390625","528,909973",1,2,2024-01-13
2024-01-13 21:00:00,"273,7563781738281","467,98999",1,2,2024-01-13
2024-01-13 22:00:00,"242,6378631591797","459,709991",1,2,2024-01-13
2024-01-13 23:00:00,"225,92379760742188","477,420013",1,2,2024-01-13
2024-01-14 00:00:00,"213,05386352539062","463,179993",1,2,2024-01-14
2024-01-14 01:00:00,"204,96096801757812","469,290009",1,2,2024-01-14
2024-01-14 02:00:00,"197,98899841308594","477,350006",1,2,2024-01-14
2024-01-14 03:00:00,"194,01487731933594","482,269989",1,2,2024-01-14
2024-01-14 04:00:00,"199,6950225830078","486,220001",1,2,2024-01-14
2024-01-14 05:00:00,"216,19903564453125","501,950012",1,2,2024-01-14
2024-01-14 06:00:00,"256,3430480957031","534,390015",1,2,2024-01-14
2024-01-14 07:00:00,"326,7281188964844","572,280029",1,2,2024-01-14
2024-01-14 08:00:00,"324,53289794921875","605,090027",1,2,2024-01-14
2024-01-14 09:00:00,"313,7990417480469","601,289978",1,2,2024-01-14
2024-01-14 10:00:00,"310,021484375","610,309998",1,2,2024-01-14
2024-01-14 11:00:00,"291,3275146484375","599,5",1,2,2024-01-14
2024-01-14 12:00:00,"295,8714294433594","574,52002",1,2,2024-01-14
2024-01-14 13:00:00,"298,25921630859375","590,25",1,2,2024-01-14
2024-01-14 14:00:00,"299,30853271484375","613,890015",1,2,2024-01-14
2024-01-14 15:00:00,"332,0818786621094","645,960022",1,2,2024-01-14
2024-01-14 16:00:00,"297,3968200683594","685,030029",1,2,2024-01-14
2024-01-14 17:00:00,"261,9659423828125","705,76001",1,2,2024-01-14
2024-01-14 18:00:00,"226,31141662597656","635,809998",1,2,2024-01-14
2024-01-14 19:00:00,"208,63954162597656","589,580017",1,2,2024-01-14
2024-01-14 20:00:00,"192,40187072753906","586,150024",1,2,2024-01-14
2024-01-14 21:00:00,"177,7470703125","562,210022",1,2,2024-01-14
2024-01-14 22:00:00,"157,7113800048828","498,820007",1,2,2024-01-14
2024-01-14 23:00:00,"148,34100341796875","519,409973",1,2,2024-01-14
2024-01-15 00:00:00,"267,78656005859375","492,559998",1,3,2024-01-15
2024-01-15 01:00:00,"201,46371459960938","479,579987",1,3,2024-01-15
2024-01-15 02:00:00,"186,4758758544922","462,649994",1,3,2024-01-15
2024-01-15 03:00:00,"175,78599548339844","474,059998",1,3,2024-01-15
2024-01-15 04:00:00,"167,5903778076172","526,27002",1,3,2024-01-15
2024-01-15 05:00:00,"180,78256225585938","596,219971",1,3,2024-01-15
2024-01-15 06:00:00,"259,1668701171875","625,22998",1,3,2024-01-15
2024-01-15 07:00:00,"282,47882080078125","740,52002",1,3,2024-01-15
2024-01-15 08:00:00,"286,0281677246094","747,900024",1,3,2024-01-15
2024-01-15 09:00:00,"279,68511962890625","707,549988",1,3,2024-01-15
2024-01-15 10:00:00,"278,1614074707031","673,099976",1,3,2024-01-15
2024-01-15 11:00:00,"270,23583984375","625,369995",1,3,2024-01-15
2024-01-15 12:00:00,"272,5201721191406","612,619995",1,3,2024-01-15
2024-01-15 13:00:00,"282,20013427734375","630,150024",1,3,2024-01-15
2024-01-15 14:00:00,"293,0282897949219","666,98999",1,3,2024-01-15
2024-01-15 15:00:00,"318,78350830078125","745,140015",1,3,2024-01-15
2024-01-15 16:00:00,"357,5948486328125","813,450012",1,3,2024-01-15
2024-01-15 17:00:00,"363,7754211425781","861,849976",1,3,2024-01-15
2024-01-15 18:00:00,"343,0022888183594","825,22998",1,3,2024-01-15
2024-01-15 19:00:00,"322,3491516113281","769,22998",1,3,2024-01-15
2024-01-15 20:00:00,"279,6396179199219","693,159973",1,3,2024-01-15
2024-01-15 21:00:00,"270,7583312988281","667,359985",1,3,2024-01-15
2024-01-15 22:00:00,"264,232666015625","644,539978",1,3,2024-01-15
2024-01-15 23:00:00,"247,33470153808594","612,98999",1,3,2024-01-15
2024-01-16 00:00:00,"232,44154357910156","607,099976",1,3,2024-01-16
2024-01-16 01:00:00,"229,54640197753906","597,179993",1,3,2024-01-16
2024-01-16 02:00:00,"228,58851623535156","583,679993",1,3,2024-01-16
2024-01-16 03:00:00,"243,51470947265625","578,679993",1,3,2024-01-16
2024-01-16 04:00:00,"269,222412109375","622,390015",1,3,2024-01-16
2024-01-16 05:00:00,"304,881103515625","917,359985",1,3,2024-01-16
2024-01-16 06:00:00,"341,18951416015625","1442,560059",1,3,2024-01-16
2024-01-16 07:00:00,"382,80853271484375","2055,399902",1,3,2024-01-16
2024-01-16 08:00:00,"406,0895080566406","2017,890015",1,3,2024-01-16
2024-01-16 09:00:00,"432,27197265625","1864,030029",1,3,2024-01-16
2024-01-16 10:00:00,"388,7818603515625","1495,73999",1,3,2024-01-16
2024-01-16 11:00:00,"394,4564208984375","1268,189941",1,3,2024-01-16
2024-01-16 12:00:00,"376,1116027832031","1058,839966",1,3,2024-01-16
2024-01-16 13:00:00,"383,2255554199219","1070,849976",1,3,2024-01-16
2024-01-16 14:00:00,"519,9395751953125","1164,670044",1,3,2024-01-16
2024-01-16 15:00:00,"545,4651489257812","1268,48999",1,3,2024-01-16
2024-01-16 16:00:00,"558,3113403320312","1273,930054",1,3,2024-01-16
2024-01-16 17:00:00,"535,7273559570312","992,539978",1,3,2024-01-16
2024-01-16 18:00:00,"450,1042175292969","833,599976",1,3,2024-01-16
2024-01-16 19:00:00,"348,48858642578125","712,179993",1,3,2024-01-16
2024-01-16 20:00:00,"305,8275451660156","642,969971",1,3,2024-01-16
2024-01-16 21:00:00,"283,94384765625","611,869995",1,3,2024-01-16
2024-01-16 22:00:00,"255,17393493652344","579,429993",1,3,2024-01-16
2024-01-16 23:00:00,"258,82257080078125","521,210022",1,3,2024-01-16
2024-01-17 00:00:00,"237,89552307128906","517,26001",1,3,2024-01-17
2024-01-17 01:00:00,"240,46356201171875","510,619995",1,3,2024-01-17
2024-01-17 02:00:00,"242,83135986328125","503,839996",1,3,2024-01-17
2024-01-17 03:00:00,"247,51612854003906","501,970001",1,3,2024-01-17
2024-01-17 04:00:00,"264,3992919921875","501,75",1,3,2024-01-17
2024-01-17 05:00:00,"314,8273620605469","526,880005",1,3,2024-01-17
2024-01-17 06:00:00,"389,3304443359375","596,159973",1,3,2024-01-17
2024-01-17 07:00:00,"512,2987060546875","715,929993",1,3,2024-01-17
2024-01-17 08:00:00,"560,98974609375","767,159973",1,3,2024-01-17
2024-01-17 09:00:00,"597,8059692382812","797,289978",1,3,2024-01-17
2024-01-17 10:00:00,"581,2647094726562","828,539978",1,3,2024-01-17
2024-01-17 11:00:00,"582,4013061523438","877,840027",1,3,2024-01-17
2024-01-17 12:00:00,"547,93359375","907,590027",1,3,2024-01-17
2024-01-17 13:00:00,"562,983642578125","907,890015",1,3,2024-01-17
2024-01-17 14:00:00,"600,74560546875","935,630005",1,3,2024-01-17
2024-01-17 15:00:00,"614,53515625","958,75",1,3,2024-01-17
2024-01-17 16:00:00,"632,2959594726562","1047,939941",1,3,2024-01-17
2024-01-17 17:00:00,"604,3131713867188","921,690002",1,3,2024-01-17
2024-01-17 18:00:00,"541,6295166015625","852,26001",1,3,2024-01-17
2024-01-17 19:00:00,"491,5823669433594","818,849976",1,3,2024-01-17
2024-01-17 20:00:00,"380,17767333984375","753,890015",1,3,2024-01-17
2024-01-17 21:00:00,"336,9964294433594","703,099976",1,3,2024-01-17
2024-01-17 22:00:00,"296,23455810546875","627,710022",1,3,2024-01-17
2024-01-17 23:00:00,"304,5294189453125","606,580017",1,3,2024-01-17
2024-01-18 00:00:00,"288,65179443359375","575,780029",1,3,2024-01-18
2024-01-18 01:00:00,"266,8516540527344","561,530029",1,3,2024-01-18
2024-01-18 02:00:00,"254,6714324951172","558,700012",1,3,2024-01-18
2024-01-18 03:00:00,"264,5740966796875","578,539978",1,3,2024-01-18
2024-01-18 04:00:00,"306,4006042480469","604,119995",1,3,2024-01-18
2024-01-18 05:00:00,"331,2960205078125","681,97998",1,3,2024-01-18
2024-01-18 06:00:00,"381,6854248046875","831,969971",1,3,2024-01-18
2024-01-18 07:00:00,"431,02093505859375","938,919983",1,3,2024-01-18
2024-01-18 08:00:00,"399,2348327636719","911,179993",1,3,2024-01-18
2024-01-18 09:00:00,"384,9224853515625","827,119995",1,3,2024-01-18
2024-01-18 10:00:00,"335,8509216308594","805,119995",1,3,2024-01-18
2024-01-18 11:00:00,"326,00201416015625","697,719971",1,3,2024-01-18
2024-01-18 12:00:00,"334,3227844238281","653,48999",1,3,2024-01-18
2024-01-18 13:00:00,"365,4039001464844","644,619995",1,3,2024-01-18
2024-01-18 14:00:00,"452,1369323730469","702,940002",1,3,2024-01-18
2024-01-18 15:00:00,"458,6205749511719","742,25",1,3,2024-01-18
2024-01-18 16:00:00,"467,46502685546875","780,72998",1,3,2024-01-18
2024-01-18 17:00:00,"429,1938781738281","770,140015",1,3,2024-01-18
2024-01-18 18:00:00,"395,1039733886719","705,030029",1,3,2024-01-18
2024-01-18 19:00:00,"341,35382080078125","648,650024",1,3,2024-01-18
2024-01-18 20:00:00,"290,91351318359375","605,090027",1,3,2024-01-18
2024-01-18 21:00:00,"274,0022888183594","577,48999",1,3,2024-01-18
2024-01-18 22:00:00,"222,4965057373047","532,0",1,3,2024-01-18
2024-01-18 23:00:00,"214,93785095214844","510,089996",1,3,2024-01-18
2024-01-19 00:00:00,"191,94911193847656","487,269989",1,3,2024-01-19
2024-01-19 01:00:00,"176,27374267578125","477,649994",1,3,2024-01-19
2024-01-19 02:00:00,"167,50865173339844","468,029999",1,3,2024-01-19
2024-01-19 03:00:00,"170,7258758544922","472,209991",1,3,2024-01-19
2024-01-19 04:00:00,"179,28555297851562","491,079987",1,3,2024-01-19
2024-01-19 05:00:00,"229,86195373535156","564,830017",1,3,2024-01-19
2024-01-19 06:00:00,"296,347412109375","666,549988",1,3,2024-01-19
2024-01-19 07:00:00,"343,76885986328125","777,590027",1,3,2024-01-19
2024-01-19 08:00:00,"331,2433166503906","770,359985",1,3,2024-01-19
2024-01-19 09:00:00,"310,8527526855469","714,799988",1,3,2024-01-19
2024-01-19 10:00:00,"288,4809265136719","645,52002",1,3,2024-01-19
2024-01-19 11:00:00,"291,2065734863281","587,049988",1,3,2024-01-19
2024-01-19 12:00:00,"271,3413391113281","560,429993",1,3,2024-01-19
2024-01-19 13:00:00,"271,9278259277344","573,549988",1,3,2024-01-19
2024-01-19 14:00:00,"295,3386535644531","648,429993",1,3,2024-01-19
2024-01-19 15:00:00,"333,518798828125","780,049988",1,3,2024-01-19
2024-01-19 16:00:00,"337,2765808105469","855,890015",1,3,2024-01-19
2024-01-19 17:00:00,"315,00335693359375","809,059998",1,3,2024-01-19
2024-01-19 18:00:00,"280,6197509765625","634,630005",1,3,2024-01-19
2024-01-19 19:00:00,"241,54190063476562","565,429993",1,3,2024-01-19
2024-01-19 20:00:00,"230,5835418701172","544,469971",1,3,2024-01-19
2024-01-19 21:00:00,"214,7841796875","527,169983",1,3,2024-01-19
2024-01-19 22:00:00,"182,53555297851562","497,339996",1,3,2024-01-19
2024-01-19 23:00:00,"164,70030212402344","504,279999",1,3,2024-01-19
2024-01-20 00:00:00,"145,17239379882812","484,809998",1,3,2024-01-20
2024-01-20 01:00:00,"122,3781509399414","485,480011",1,3,2024-01-20
2024-01-20 02:00:00,"99,53426361083984","472,359985",1,3,2024-01-20
2024-01-20 03:00:00,"101,50851440429688","472,579987",1,3,2024-01-20
2024-01-20 04:00:00,"110,32372283935547","460,5",1,3,2024-01-20
2024-01-20 05:00:00,"130,0291748046875","480,640015",1,3,2024-01-20
2024-01-20 06:00:00,"156,30233764648438","511,209991",1,3,2024-01-20
2024-01-20 07:00:00,"194,44252014160156","557,969971",1,3,2024-01-20
2024-01-20 08:00:00,"248,0621337890625","588,02002",1,3,2024-01-20
2024-01-20 09:00:00,"262,222900390625","548,650024",1,3,2024-01-20
2024-01-20 10:00:00,"271,9595947265625","540,73999",1,3,2024-01-20
2024-01-20 11:00:00,"269,3992614746094","520,159973",1,3,2024-01-20
2024-01-20 12:00:00,"268,40460205078125","527,919983",1,3,2024-01-20
2024-01-20 13:00:00,"309,68341064453125","547,309998",1,3,2024-01-20
2024-01-20 14:00:00,"364,4417419433594","589,960022",1,3,2024-01-20
2024-01-20 15:00:00,"436,2585754394531","671,549988",1,3,2024-01-20
2024-01-20 16:00:00,"509,89227294921875","725,390015",1,3,2024-01-20
2024-01-20 17:00:00,"519,1378784179688","754,030029",1,3,2024-01-20
2024-01-20 18:00:00,"469,7926330566406","682,880005",1,3,2024-01-20
2024-01-20 19:00:00,"408,065673828125","596,599976",1,3,2024-01-20
2024-01-20 20:00:00,"335,4072265625","547,309998",1,3,2024-01-20
2024-01-20 21:00:00,"286,6595153808594","525,159973",1,3,2024-01-20
2024-01-20 22:00:00,"251,2728271484375","499,579987",1,3,2024-01-20
2024-01-20 23:00:00,"249,2595977783203","445,26001",1,3,2024-01-20
2024-01-21 00:00:00,"224,17771911621094","429,230011",1,3,2024-01-21
2024-01-21 01:00:00,"216,6967010498047","411,329987",1,3,2024-01-21
2024-01-21 02:00:00,"205,96421813964844","379,549988",1,3,2024-01-21
2024-01-21 03:00:00,"202,79917907714844","361,799988",1,3,2024-01-21
2024-01-21 04:00:00,"208,0673370361328","353,899994",1,3,2024-01-21
2024-01-21 05:00:00,"218,2052459716797","339,579987",1,3,2024-01-21
2024-01-21 06:00:00,"248,18521118164062","327,869995",1,3,2024-01-21
2024-01-21 07:00:00,"297,2095031738281","383,059998",1,3,2024-01-21
2024-01-21 08:00:00,"298,0869140625","405,429993",1,3,2024-01-21
2024-01-21 09:00:00,"280,57794189453125","343,529999",1,3,2024-01-21
2024-01-21 10:00:00,"292,721923828125","363,0",1,3,2024-01-21
2024-01-21 11:00:00,"276,2092590332031","287,0",1,3,2024-01-21
2024-01-21 12:00:00,"274,00164794921875","281,100006",1,3,2024-01-21
2024-01-21 13:00:00,"265,5328369140625","330,399994",1,3,2024-01-21
2024-01-21 14:00:00,"301,0003967285156","365,76001",1,3,2024-01-21
2024-01-21 15:00:00,"303,43902587890625","371,649994",1,3,2024-01-21
2024-01-21 16:00:00,"293,6915588378906","422,51001",1,3,2024-01-21
2024-01-21 17:00:00,"263,6798400878906","458,309998",1,3,2024-01-21
2024-01-21 18:00:00,"224,98623657226562","437,359985",1,3,2024-01-21
2024-01-21 19:00:00,"205,37542724609375","384,100006",1,3,2024-01-21
2024-01-21 20:00:00,"192,63201904296875","391,26001",1,3,2024-01-21
2024-01-21 21:00:00,"178,42263793945312","375,829987",1,3,2024-01-21
2024-01-21 22:00:00,"160,43121337890625","216,520004",1,3,2024-01-21
2024-01-21 23:00:00,"164,91807556152344","203,610001",1,3,2024-01-21
2024-01-22 00:00:00,"182,1615447998047","165,869995",1,4,2024-01-22
2024-01-22 01:00:00,"170,7454833984375","138,869995",1,4,2024-01-22
2024-01-22 02:00:00,"159,03436279296875","37,59",1,4,2024-01-22
2024-01-22 03:00:00,"158,97158813476562","37,740002",1,4,2024-01-22
2024-01-22 04:00:00,"168,2928466796875","149,169998",1,4,2024-01-22
2024-01-22 05:00:00,"211,21534729003906","302,059998",1,4,2024-01-22
2024-01-22 06:00:00,"264,6900329589844","451,01001",1,4,2024-01-22
2024-01-22 07:00:00,"303,3729248046875","495,829987",1,4,2024-01-22
2024-01-22 08:00:00,"311,35284423828125","429,450012",1,4,2024-01-22
2024-01-22 09:00:00,"308,81146240234375","459,059998",1,4,2024-01-22
2024-01-22 10:00:00,"296,914794921875","451,970001",1,4,2024-01-22
2024-01-22 11:00:00,"285,4061584472656","424,529999",1,4,2024-01-22
2024-01-22 12:00:00,"284,3034973144531","423,040009",1,4,2024-01-22
2024-01-22 13:00:00,"286,26910400390625","434,299988",1,4,2024-01-22
2024-01-22 14:00:00,"313,02886962890625","445,48999",1,4,2024-01-22
2024-01-22 15:00:00,"337,617431640625","447,429993",1,4,2024-01-22
2024-01-22 16:00:00,"370,7170104980469","461,299988",1,4,2024-01-22
2024-01-22 17:00:00,"370,5711975097656","455,179993",1,4,2024-01-22
2024-01-22 18:00:00,"355,1673889160156","447,720001",1,4,2024-01-22
2024-01-22 19:00:00,"324,4496154785156","444,519989",1,4,2024-01-22
2024-01-22 20:00:00,"304,8359680175781","425,119995",1,4,2024-01-22
2024-01-22 21:00:00,"282,7919921875","194,440002",1,4,2024-01-22
2024-01-22 22:00:00,"256,20184326171875","171,770004",1,4,2024-01-22
2024-01-22 23:00:00,"255,32418823242188","118,129997",1,4,2024-01-22
2024-01-23 00:00:00,"233,35772705078125","75,330002",1,4,2024-01-23
2024-01-23 01:00:00,"226,26022338867188","69,879997",1,4,2024-01-23
2024-01-23 02:00:00,"224,6895751953125","31,1",1,4,2024-01-23
2024-01-23 03:00:00,"237,4049835205078","76,220001",1,4,2024-01-23
2024-01-23 04:00:00,"265,6964111328125","161,320007",1,4,2024-01-23
2024-01-23 05:00:00,"311,2271728515625","191,889999",1,4,2024-01-23
2024-01-23 06:00:00,"363,36767578125","454,410004",1,4,2024-01-23
2024-01-23 07:00:00,"429,46051025390625","461,649994",1,4,2024-01-23
2024-01-23 08:00:00,"452,75982666015625","455,76001",1,4,2024-01-23
2024-01-23 09:00:00,"448,646484375","447,25",1,4,2024-01-23
2024-01-23 10:00:00,"444,6112060546875","443,299988",1,4,2024-01-23
2024-01-23 11:00:00,"426,5767822265625","310,100006",1,4,2024-01-23
2024-01-23 12:00:00,"410,7493896484375","199,570007",1,4,2024-01-23
2024-01-23 13:00:00,"423,5417785644531","320,019989",1,4,2024-01-23
2024-01-23 14:00:00,"543,4974975585938","468,059998",1,4,2024-01-23
2024-01-23 15:00:00,"604,3491821289062","494,390015",1,4,2024-01-23
2024-01-23 16:00:00,"610,3199462890625","510,570007",1,4,2024-01-23
2024-01-23 17:00:00,"570,2052612304688","498,040009",1,4,2024-01-23
2024-01-23 18:00:00,"452,593994140625","472,390015",1,4,2024-01-23
2024-01-23 19:00:00,"358,08966064453125","450,910004",1,4,2024-01-23
2024-01-23 20:00:00,"307,1916809082031","391,170013",1,4,2024-01-23
2024-01-23 21:00:00,"282,229736328125","304,429993",1,4,2024-01-23
2024-01-23 22:00:00,"254,15220642089844","248,050003",1,4,2024-01-23
2024-01-23 23:00:00,"255,83531188964844","213,350006",1,4,2024-01-23
2024-01-24 00:00:00,"236,53855895996094","187,699997",1,4,2024-01-24
2024-01-24 01:00:00,"239,9671630859375","153,910004",1,4,2024-01-24
2024-01-24 02:00:00,"244,0327911376953","140,339996",1,4,2024-01-24
2024-01-24 03:00:00,"253,228515625","133,110001",1,4,2024-01-24
2024-01-24 04:00:00,"267,9344787597656","145,789993",1,4,2024-01-24
2024-01-24 05:00:00,"330,3889465332031","190,160004",1,4,2024-01-24
2024-01-24 06:00:00,"423,23480224609375","288,809998",1,4,2024-01-24
2024-01-24 07:00:00,"507,18426513671875","373,380005",1,4,2024-01-24
2024-01-24 08:00:00,"527,3085327148438","369,429993",1,4,2024-01-24
2024-01-24 09:00:00,"520,0245361328125","373,600006",1,4,2024-01-24
2024-01-24 10:00:00,"508,5279235839844","378,519989",1,4,2024-01-24
2024-01-24 11:00:00,"508,3727722167969","293,359985",1,4,2024-01-24
2024-01-24 12:00:00,"480,1788024902344","278,450012",1,4,2024-01-24
2024-01-24 13:00:00,"473,4181213378906","335,869995",1,4,2024-01-24
2024-01-24 14:00:00,"543,9149169921875","372,480011",1,4,2024-01-24
2024-01-24 15:00:00,"576,124755859375","378,820007",1,4,2024-01-24
2024-01-24 16:00:00,"629,7289428710938","404,25",1,4,2024-01-24
2024-01-24 17:00:00,"607,8855590820312","397,609985",1,4,2024-01-24
2024-01-24 18:00:00,"525,6065063476562","373,529999",1,4,2024-01-24
2024-01-24 19:00:00,"482,0372314453125","314,540009",1,4,2024-01-24
2024-01-24 20:00:00,"408,94464111328125","298,579987",1,4,2024-01-24
2024-01-24 21:00:00,"387,67681884765625","313,269989",1,4,2024-01-24
2024-01-24 22:00:00,"339,336669921875","287,320007",1,4,2024-01-24
2024-01-24 23:00:00,"326,0838623046875","326,899994",1,4,2024-01-24
2024-01-25 00:00:00,"296,215576171875","327,869995",1,4,2024-01-25
2024-01-25 01:00:00,"282,83819580078125","318,839996",1,4,2024-01-25
2024-01-25 02:00:00,"263,9909362792969","326,970001",1,4,2024-01-25
2024-01-25 03:00:00,"295,0297546386719","336,369995",1,4,2024-01-25
2024-01-25 04:00:00,"296,112060546875","380,359985",1,4,2024-01-25
2024-01-25 05:00:00,"346,00567626953125","442,850006",1,4,2024-01-25
2024-01-25 06:00:00,"426,0785217285156","492,51001",1,4,2024-01-25
2024-01-25 07:00:00,"459,9848937988281","663,789978",1,4,2024-01-25
2024-01-25 08:00:00,"442,2474670410156","635,679993",1,4,2024-01-25
2024-01-25 09:00:00,"427,9308166503906","606,599976",1,4,2024-01-25
2024-01-25 10:00:00,"389,62994384765625","568,340027",1,4,2024-01-25
2024-01-25 11:00:00,"380,2017517089844","545,450012",1,4,2024-01-25
2024-01-25 12:00:00,"398,0331115722656","566,630005",1,4,2024-01-25
2024-01-25 13:00:00,"436,1396179199219","633,659973",1,4,2024-01-25
2024-01-25 14:00:00,"499,3604736328125","686,530029",1,4,2024-01-25
2024-01-25 15:00:00,"503,9449768066406","755,950012",1,4,2024-01-25
2024-01-25 16:00:00,"520,18408203125","920,0",1,4,2024-01-25
2024-01-25 17:00:00,"461,3245544433594","861,539978",1,4,2024-01-25
2024-01-25 18:00:00,"424,6776123046875","736,640015",1,4,2024-01-25
2024-01-25 19:00:00,"368,2674865722656","679,070007",1,4,2024-01-25
2024-01-25 20:00:00,"323,3169250488281","643,580017",1,4,2024-01-25
2024-01-25 21:00:00,"300,6162109375","599,73999",1,4,2024-01-25
2024-01-25 22:00:00,"254,67410278320312","560,440002",1,4,2024-01-25
2024-01-25 23:00:00,"239,81289672851562","468,200012",1,4,2024-01-25
2024-01-26 00:00:00,"215,19796752929688","462,23999",1,4,2024-01-26
2024-01-26 01:00:00,"200,18032836914062","436,070007",1,4,2024-01-26
2024-01-26 02:00:00,"195,23770141601562","420,109985",1,4,2024-01-26
2024-01-26 03:00:00,"190,99365234375","415,269989",1,4,2024-01-26
2024-01-26 04:00:00,"207,5619354248047","388,869995",1,4,2024-01-26
2024-01-26 05:00:00,"252,4844512939453","432,040009",1,4,2024-01-26
2024-01-26 06:00:00,"341,92950439453125","469,470001",1,4,2024-01-26
2024-01-26 07:00:00,"382,9027099609375","484,149994",1,4,2024-01-26
2024-01-26 08:00:00,"356,0764465332031","475,660004",1,4,2024-01-26
2024-01-26 09:00:00,"341,50811767578125","456,420013",1,4,2024-01-26
2024-01-26 10:00:00,"329,8441162109375","437,929993",1,4,2024-01-26
2024-01-26 11:00:00,"291,71112060546875","389,769989",1,4,2024-01-26
2024-01-26 12:00:00,"289,5146484375","346,450012",1,4,2024-01-26
2024-01-26 13:00:00,"294,681396484375","367,399994",1,4,2024-01-26
2024-01-26 14:00:00,"321,5847473144531","364,640015",1,4,2024-01-26
2024-01-26 15:00:00,"348,2818298339844","383,809998",1,4,2024-01-26
2024-01-26 16:00:00,"368,8639831542969","427,720001",1,4,2024-01-26
2024-01-26 17:00:00,"346,66168212890625","404,01001",1,4,2024-01-26
2024-01-26 18:00:00,"306,8761901855469","249,830002",1,4,2024-01-26
2024-01-26 19:00:00,"264,0728759765625","205,619995",1,4,2024-01-26
2024-01-26 20:00:00,"242,3888702392578","192,050003",1,4,2024-01-26
2024-01-26 21:00:00,"228,3061981201172","181,839996",1,4,2024-01-26
2024-01-26 22:00:00,"190,99478149414062","163,869995",1,4,2024-01-26
2024-01-26 23:00:00,"166,35633850097656","144,039993",1,4,2024-01-26
2024-01-27 00:00:00,"148,64515686035156","136,130005",1,4,2024-01-27
2024-01-27 01:00:00,"120,84485626220703","131,440002",1,4,2024-01-27
2024-01-27 02:00:00,"100,42261505126953","134,339996",1,4,2024-01-27
2024-01-27 03:00:00,"98,82244873046875","137,850006",1,4,2024-01-27
2024-01-27 04:00:00,"104,33157348632812","140,460007",1,4,2024-01-27
2024-01-27 05:00:00,"119,64556884765625","144,710007",1,4,2024-01-27
2024-01-27 06:00:00,"155,06442260742188","154,399994",1,4,2024-01-27
2024-01-27 07:00:00,"201,68267822265625","215,080002",1,4,2024-01-27
2024-01-27 08:00:00,"262,910888671875","237,820007",1,4,2024-01-27
2024-01-27 09:00:00,"273,2046813964844","341,600006",1,4,2024-01-27
2024-01-27 10:00:00,"274,5738220214844","422,040009",1,4,2024-01-27
2024-01-27 11:00:00,"272,3035583496094","416,299988",1,4,2024-01-27
2024-01-27 12:00:00,"269,6136779785156","242,220001",1,4,2024-01-27
2024-01-27 13:00:00,"290,27423095703125","296,570007",1,4,2024-01-27
2024-01-27 14:00:00,"346,629150390625","432,029999",1,4,2024-01-27
2024-01-27 15:00:00,"417,98052978515625","439,339996",1,4,2024-01-27
2024-01-27 16:00:00,"481,8489685058594","460,359985",1,4,2024-01-27
2024-01-27 17:00:00,"488,7897033691406","457,079987",1,4,2024-01-27
2024-01-27 18:00:00,"442,1104736328125","443,070007",1,4,2024-01-27
2024-01-27 19:00:00,"375,1051330566406","433,970001",1,4,2024-01-27
2024-01-27 20:00:00,"330,6001892089844","431,290009",1,4,2024-01-27
2024-01-27 21:00:00,"281,854248046875","430,390015",1,4,2024-01-27
2024-01-27 22:00:00,"224,78257751464844","429,5",1,4,2024-01-27
2024-01-27 23:00:00,"222,61312866210938","497,75",1,4,2024-01-27
2024-01-28 00:00:00,"203,9511260986328","438,339996",1,4,2024-01-28
2024-01-28 01:00:00,"203,09129333496094","434,309998",1,4,2024-01-28
2024-01-28 02:00:00,"191,553955078125","430,290009",1,4,2024-01-28
2024-01-28 03:00:00,"183,51211547851562","431,399994",1,4,2024-01-28
2024-01-28 04:00:00,"189,647216796875","429,609985",1,4,2024-01-28
2024-01-28 05:00:00,"200,08413696289062","430,290009",1,4,2024-01-28
2024-01-28 06:00:00,"245,98118591308594","439,679993",1,4,2024-01-28
2024-01-28 07:00:00,"299,8588562011719","441,320007",1,4,2024-01-28
2024-01-28 08:00:00,"286,5950927734375","410,609985",1,4,2024-01-28
2024-01-28 09:00:00,"280,284912109375","381,380005",1,4,2024-01-28
2024-01-28 10:00:00,"265,79595947265625","341,049988",1,4,2024-01-28
2024-01-28 11:00:00,"265,1992492675781","309,970001",1,4,2024-01-28
2024-01-28 12:00:00,"267,8804626464844","298,859985",1,4,2024-01-28
2024-01-28 13:00:00,"265,6536865234375","377,579987",1,4,2024-01-28
2024-01-28 14:00:00,"285,6741027832031","420,519989",1,4,2024-01-28
2024-01-28 15:00:00,"310,25152587890625","431,850006",1,4,2024-01-28
2024-01-28 16:00:00,"283,6712341308594","431,329987",1,4,2024-01-28
2024-01-28 17:00:00,"252,39768981933594","427,380005",1,4,2024-01-28
2024-01-28 18:00:00,"222,63682556152344","422,01001",1,4,2024-01-28
2024-01-28 19:00:00,"205,9915313720703","217,75",1,4,2024-01-28
2024-01-28 20:00:00,"194,4901123046875","122,029999",1,4,2024-01-28
2024-01-28 21:00:00,"174,46351623535156","74,550003",1,4,2024-01-28
2024-01-28 22:00:00,"155,79994201660156","51,59",1,4,2024-01-28
2024-01-28 23:00:00,"165,28195190429688","111,82",1,4,2024-01-28
2024-04-01 00:00:00,"265,6585693359375","343,549988",2,1,2024-04-01
2024-04-01 01:00:00,"222,21983337402344","325,049988",2,1,2024-04-01
2024-04-01 02:00:00,"205,65077209472656","368,459991",2,1,2024-04-01
2024-04-01 03:00:00,"205,86672973632812","390,459991",2,1,2024-04-01
2024-04-01 04:00:00,"224,19773864746094","437,899994",2,1,2024-04-01
2024-04-01 05:00:00,"254,0546112060547","481,01001",2,1,2024-04-01
2024-04-01 06:00:00,"310,30615234375","437,899994",2,1,2024-04-01
2024-04-01 07:00:00,"333,5527648925781","454,160004",2,1,2024-04-01
2024-04-01 08:00:00,"333,0213317871094","405,450012",2,1,2024-04-01
2024-04-01 09:00:00,"320,56256103515625","226,669998",2,1,2024-04-01
2024-04-01 10:00:00,"309,25970458984375","134,550003",2,1,2024-04-01
2024-04-01 11:00:00,"299,50225830078125","149,550003",2,1,2024-04-01
2024-04-01 12:00:00,"300,8958740234375","74,809998",2,1,2024-04-01
2024-04-01 13:00:00,"311,076171875","33,34",2,1,2024-04-01
2024-04-01 14:00:00,"313,84375","30,73",2,1,2024-04-01
2024-04-01 15:00:00,"355,82757568359375","98,080002",2,1,2024-04-01
2024-04-01 16:00:00,"398,2084655761719","258,149994",2,1,2024-04-01
2024-04-01 17:00:00,"409,6510009765625","361,970001",2,1,2024-04-01
2024-04-01 18:00:00,"381,1790771484375","372,040009",2,1,2024-04-01
2024-04-01 19:00:00,"341,3453063964844","340,790009",2,1,2024-04-01
2024-04-01 20:00:00,"299,233642578125","193,699997",2,1,2024-04-01
2024-04-01 21:00:00,"290,4639892578125","55,720001",2,1,2024-04-01
2024-04-01 22:00:00,"271,89276123046875","59,450001",2,1,2024-04-01
2024-04-01 23:00:00,"261,3453063964844","9,55",2,1,2024-04-01
2024-04-02 00:00:00,"236,61410522460938","4,55",2,1,2024-04-02
2024-04-02 01:00:00,"229,9195098876953","6,49",2,1,2024-04-02
2024-04-02 02:00:00,"231,92108154296875","14,47",2,1,2024-04-02
2024-04-02 03:00:00,"247,3712615966797","54,220001",2,1,2024-04-02
2024-04-02 04:00:00,"277,8622741699219","426,790009",2,1,2024-04-02
2024-04-02 05:00:00,"303,79876708984375","554,630005",2,1,2024-04-02
2024-04-02 06:00:00,"360,8584289550781","501,820007",2,1,2024-04-02
2024-04-02 07:00:00,"413,1244201660156","349,220001",2,1,2024-04-02
2024-04-02 08:00:00,"442,13250732421875","285,589996",2,1,2024-04-02
2024-04-02 09:00:00,"433,9725646972656","293,130005",2,1,2024-04-02
2024-04-02 10:00:00,"407,8648376464844","292,980011",2,1,2024-04-02
2024-04-02 11:00:00,"416,5888366699219","286,190002",2,1,2024-04-02
2024-04-02 12:00:00,"397,5879211425781","248,970001",2,1,2024-04-02
2024-04-02 13:00:00,"404,81842041015625","187,210007",2,1,2024-04-02
2024-04-02 14:00:00,"539,8350830078125","65,860001",2,1,2024-04-02
2024-04-02 15:00:00,"580,8812255859375","307,299988",2,1,2024-04-02
2024-04-02 16:00:00,"587,5474853515625","542,25",2,1,2024-04-02
2024-04-02 17:00:00,"561,3749389648438","711,48999",2,1,2024-04-02
2024-04-02 18:00:00,"488,41241455078125","707,679993",2,1,2024-04-02
2024-04-02 19:00:00,"444,7595520019531","582,75",2,1,2024-04-02
2024-04-02 20:00:00,"386,57904052734375","558,359985",2,1,2024-04-02
2024-04-02 21:00:00,"365,75775146484375","528,669983",2,1,2024-04-02
2024-04-02 22:00:00,"350,3627014160156","552,840027",2,1,2024-04-02
2024-04-02 23:00:00,"319,344482421875","535,090027",2,1,2024-04-02
2024-04-03 00:00:00,"309,01251220703125","522,419983",2,1,2024-04-03
2024-04-03 01:00:00,"304,47802734375","482,220001",2,1,2024-04-03
2024-04-03 02:00:00,"293,6771545410156","483,929993",2,1,2024-04-03
2024-04-03 03:00:00,"277,9267578125","512,570007",2,1,2024-04-03
2024-04-03 04:00:00,"318,0964050292969","707,820007",2,1,2024-04-03
2024-04-03 05:00:00,"371,3643493652344","879,48999",2,1,2024-04-03
2024-04-03 06:00:00,"471,2757263183594","879,48999",2,1,2024-04-03
2024-04-03 07:00:00,"559,665283203125","753,080017",2,1,2024-04-03
2024-04-03 08:00:00,"591,2696533203125","800,590027",2,1,2024-04-03
2024-04-03 09:00:00,"596,4602661132812","677,23999",2,1,2024-04-03
2024-04-03 10:00:00,"580,261962890625","611,76001",2,1,2024-04-03
2024-04-03 11:00:00,"580,5330810546875","573,349976",2,1,2024-04-03
2024-04-03 12:00:00,"553,430908203125","544,710022",2,1,2024-04-03
2024-04-03 13:00:00,"580,1990966796875","531,890015",2,1,2024-04-03
2024-04-03 14:00:00,"604,9713745117188","558,289978",2,1,2024-04-03
2024-04-03 15:00:00,"619,687744140625","672,840027",2,1,2024-04-03
2024-04-03 16:00:00,"647,8724975585938","806,47998",2,1,2024-04-03
2024-04-03 17:00:00,"611,4618530273438","897,539978",2,1,2024-04-03
2024-04-03 18:00:00,"561,5767822265625","739,359985",2,1,2024-04-03
2024-04-03 19:00:00,"503,3395080566406","557,169983",2,1,2024-04-03
2024-04-03 20:00:00,"393,0068359375","458,579987",2,1,2024-04-03
2024-04-03 21:00:00,"380,4600524902344","412,640015",2,1,2024-04-03
2024-04-03 22:00:00,"334,6625671386719","406,619995",2,1,2024-04-03
2024-04-03 23:00:00,"292,6159362792969","387,899994",2,1,2024-04-03
2024-04-04 00:00:00,"294,0421447753906","374,179993",2,1,2024-04-04
2024-04-04 01:00:00,"268,5972595214844","384,619995",2,1,2024-04-04
2024-04-04 02:00:00,"258,5165100097656","387,380005",2,1,2024-04-04
2024-04-04 03:00:00,"265,9876708984375","403,339996",2,1,2024-04-04
2024-04-04 04:00:00,"306,5885925292969","454,200012",2,1,2024-04-04
2024-04-04 05:00:00,"354,1347961425781","576,219971",2,1,2024-04-04
2024-04-04 06:00:00,"403,551025390625","561,830017",2,1,2024-04-04
2024-04-04 07:00:00,"443,2653503417969","535,419983",2,1,2024-04-04
2024-04-04 08:00:00,"415,4124755859375","515,880005",2,1,2024-04-04
2024-04-04 09:00:00,"394,019287109375","470,309998",2,1,2024-04-04
2024-04-04 10:00:00,"367,6689758300781","433,170013",2,1,2024-04-04
2024-04-04 11:00:00,"334,1645812988281","419,299988",2,1,2024-04-04
2024-04-04 12:00:00,"356,9393310546875","413,850006",2,1,2024-04-04
2024-04-04 13:00:00,"378,4969787597656","418,929993",2,1,2024-04-04
2024-04-04 14:00:00,"473,232666015625","425,709991",2,1,2024-04-04
2024-04-04 15:00:00,"476,5509338378906","515,210022",2,1,2024-04-04
2024-04-04 16:00:00,"490,7724609375","562,049988",2,1,2024-04-04
2024-04-04 17:00:00,"460,2720947265625","676,159973",2,1,2024-04-04
2024-04-04 18:00:00,"417,6863098144531","600,97998",2,1,2024-04-04
2024-04-04 19:00:00,"346,4709777832031","533,47998",2,1,2024-04-04
2024-04-04 20:00:00,"316,45465087890625","520,280029",2,1,2024-04-04
2024-04-04 21:00:00,"288,748046875","430,109985",2,1,2024-04-04
2024-04-04 22:00:00,"231,53750610351562","348,920013",2,1,2024-04-04
2024-04-04 23:00:00,"228,70074462890625","360,029999",2,1,2024-04-04
2024-04-05 00:00:00,"197,74072265625","354,440002",2,1,2024-04-05
2024-04-05 01:00:00,"178,95462036132812","347,049988",2,1,2024-04-05
2024-04-05 02:00:00,"169,78189086914062","353,320007",2,1,2024-04-05
2024-04-05 03:00:00,"170,30381774902344","352,720001",2,1,2024-04-05
2024-04-05 04:00:00,"199,0452423095703","555,380005",2,1,2024-04-05
2024-04-05 05:00:00,"265,6574401855469","613,26001",2,1,2024-04-05
2024-04-05 06:00:00,"310,8894348144531","604,159973",2,1,2024-04-05
2024-04-05 07:00:00,"338,5799255371094","496,679993",2,1,2024-04-05
2024-04-05 08:00:00,"322,326416015625","376,660004",2,1,2024-04-05
2024-04-05 09:00:00,"301,3283996582031","339,670013",2,1,2024-04-05
2024-04-05 10:00:00,"296,51788330078125","331,390015",2,1,2024-04-05
2024-04-05 11:00:00,"299,44256591796875","298,570007",2,1,2024-04-05
2024-04-05 12:00:00,"281,51019287109375","276,48999",2,1,2024-04-05
2024-04-05 13:00:00,"282,9423522949219","231,520004",2,1,2024-04-05
2024-04-05 14:00:00,"314,2408142089844","205,929993",2,1,2024-04-05
2024-04-05 15:00:00,"337,9591369628906","298,269989",2,1,2024-04-05
2024-04-05 16:00:00,"361,4181213378906","370,320007",2,1,2024-04-05
2024-04-05 17:00:00,"337,3601989746094","398,299988",2,1,2024-04-05
2024-04-05 18:00:00,"302,73114013671875","402,170013",2,1,2024-04-05
2024-04-05 19:00:00,"245,8296356201172","398,299988",2,1,2024-04-05
2024-04-05 20:00:00,"232,2045135498047","393,299988",2,1,2024-04-05
2024-04-05 21:00:00,"215,6011199951172","370,100006",2,1,2024-04-05
2024-04-05 22:00:00,"206,9443817138672","313,649994",2,1,2024-04-05
2024-04-05 23:00:00,"180,46864318847656","326,549988",2,1,2024-04-05
2024-04-06 00:00:00,"149,83221435546875","328,190002",2,1,2024-04-06
2024-04-06 01:00:00,"129,26100158691406","334,679993",2,1,2024-04-06
2024-04-06 02:00:00,"108,73920440673828","354,369995",2,1,2024-04-06
2024-04-06 03:00:00,"96,98590087890625","359,890015",2,1,2024-04-06
2024-04-06 04:00:00,"118,25749206542969","372,5",2,1,2024-04-06
2024-04-06 05:00:00,"151,43959045410156","382,339996",2,1,2024-04-06
2024-04-06 06:00:00,"205,6148223876953","374,660004",2,1,2024-04-06
2024-04-06 07:00:00,"221,8712921142578","359,890015",2,1,2024-04-06
2024-04-06 08:00:00,"266,6349182128906","291,790009",2,1,2024-04-06
2024-04-06 09:00:00,"278,0128173828125","298,279999",2,1,2024-04-06
2024-04-06 10:00:00,"281,6379089355469","295,0",2,1,2024-04-06
2024-04-06 11:00:00,"278,97625732421875","282,23999",2,1,2024-04-06
2024-04-06 12:00:00,"277,55902099609375","260,459991",2,1,2024-04-06
2024-04-06 13:00:00,"330,65228271484375","292,459991",2,1,2024-04-06
2024-04-06 14:00:00,"394,0742492675781","297,380005",2,1,2024-04-06
2024-04-06 15:00:00,"450,9486999511719","345,200012",2,1,2024-04-06
2024-04-06 16:00:00,"520,2645263671875","393,079987",2,1,2024-04-06
2024-04-06 17:00:00,"542,7268676757812","435,369995",2,1,2024-04-06
2024-04-06 18:00:00,"475,1739196777344","360,109985",2,1,2024-04-06
2024-04-06 19:00:00,"421,55877685546875","335,799988",2,1,2024-04-06
2024-04-06 20:00:00,"345,8213806152344","297,309998",2,1,2024-04-06
2024-04-06 21:00:00,"292,4432067871094","188,410004",2,1,2024-04-06
2024-04-06 22:00:00,"243,49990844726562","84,279999",2,1,2024-04-06
2024-04-06 23:00:00,"240,3749237060547","0,75",2,1,2024-04-06
2024-04-07 00:00:00,"226,17189025878906","0,0",2,1,2024-04-07
2024-04-07 01:00:00,"219,38209533691406","0,0",2,1,2024-04-07
2024-04-07 02:00:00,"220,46731567382812","0,0",2,1,2024-04-07
2024-04-07 03:00:00,"219,6018829345703","0,0",2,1,2024-04-07
2024-04-07 04:00:00,"233,2852783203125","0,0",2,1,2024-04-07
2024-04-07 05:00:00,"235,35240173339844","0,0",2,1,2024-04-07
2024-04-07 06:00:00,"261,0025329589844","0,0",2,1,2024-04-07
2024-04-07 07:00:00,"305,1521911621094","-0,07",2,1,2024-04-07
2024-04-07 08:00:00,"301,5215759277344","-1,19",2,1,2024-04-07
2024-04-07 09:00:00,"290,5542297363281","-22,450001",2,1,2024-04-07
2024-04-07 10:00:00,"277,7810363769531","-29,76",2,1,2024-04-07
2024-04-07 11:00:00,"256,318359375","-48,849998",2,1,2024-04-07
2024-04-07 12:00:00,"253,216796875","-74,589996",2,1,2024-04-07
2024-04-07 13:00:00,"253,2512969970703","-37,59",2,1,2024-04-07
2024-04-07 14:00:00,"290,1495666503906","-1,19",2,1,2024-04-07
2024-04-07 15:00:00,"317,62957763671875","51,610001",2,1,2024-04-07
2024-04-07 16:00:00,"309,346923828125","682,159973",2,1,2024-04-07
2024-04-07 17:00:00,"285,912353515625","808,440002",2,1,2024-04-07
2024-04-07 18:00:00,"245,0311737060547","793,599976",2,1,2024-04-07
2024-04-07 19:00:00,"227,2152862548828","670,900024",2,1,2024-04-07
2024-04-07 20:00:00,"217,35443115234375","577,73999",2,1,2024-04-07
2024-04-07 21:00:00,"209,5985107421875","494,730011",2,1,2024-04-07
2024-04-07 22:00:00,"202,70057678222656","527,849976",2,1,2024-04-07
2024-04-07 23:00:00,"201,77296447753906","494,359985",2,1,2024-04-07
2024-04-08 00:00:00,"290,8775634765625","292,079987",2,2,2024-04-08
2024-04-08 01:00:00,"218,1900177001953","312,290009",2,2,2024-04-08
2024-04-08 02:00:00,"196,37078857421875","328,480011",2,2,2024-04-08
2024-04-08 03:00:00,"192,9552764892578","494,799988",2,2,2024-04-08
2024-04-08 04:00:00,"211,26504516601562","760,700012",2,2,2024-04-08
2024-04-08 05:00:00,"249,9573974609375","1117,150024",2,2,2024-04-08
2024-04-08 06:00:00,"313,22412109375","958,580017",2,2,2024-04-08
2024-04-08 07:00:00,"334,919921875","637,789978",2,2,2024-04-08
2024-04-08 08:00:00,"327,3443603515625","601,159973",2,2,2024-04-08
2024-04-08 09:00:00,"306,6534729003906","531,280029",2,2,2024-04-08
2024-04-08 10:00:00,"293,1802673339844","482,570007",2,2,2024-04-08
2024-04-08 11:00:00,"287,7044372558594","447,519989",2,2,2024-04-08
2024-04-08 12:00:00,"287,1767578125","431,779999",2,2,2024-04-08
2024-04-08 13:00:00,"303,6925354003906","472,880005",2,2,2024-04-08
2024-04-08 14:00:00,"326,22528076171875","522,099976",2,2,2024-04-08
2024-04-08 15:00:00,"356,29205322265625","559,469971",2,2,2024-04-08
2024-04-08 16:00:00,"396,3085632324219","782,409973",2,2,2024-04-08
2024-04-08 17:00:00,"411,1453857421875","1024,069946",2,2,2024-04-08
2024-04-08 18:00:00,"392,22503662109375","930,830017",2,2,2024-04-08
2024-04-08 19:00:00,"345,87261962890625","632,859985",2,2,2024-04-08
2024-04-08 20:00:00,"303,707763671875","574,309998",2,2,2024-04-08
2024-04-08 21:00:00,"289,836669921875","523,52002",2,2,2024-04-08
2024-04-08 22:00:00,"266,4400329589844","583,330017",2,2,2024-04-08
2024-04-08 23:00:00,"259,7902526855469","517,549988",2,2,2024-04-08
2024-04-09 00:00:00,"231,87857055664062","482,790009",2,2,2024-04-09
2024-04-09 01:00:00,"236,12355041503906","440,200012",2,2,2024-04-09
2024-04-09 02:00:00,"230,66131591796875","453,779999",2,2,2024-04-09
2024-04-09 03:00:00,"247,67611694335938","488,390015",2,2,2024-04-09
2024-04-09 04:00:00,"284,05621337890625","631,070007",2,2,2024-04-09
2024-04-09 05:00:00,"314,8095703125","670,900024",2,2,2024-04-09
2024-04-09 06:00:00,"367,9101257324219","595,039978",2,2,2024-04-09
2024-04-09 07:00:00,"419,8752136230469","509,420013",2,2,2024-04-09
2024-04-09 08:00:00,"432,81982421875","376,51001",2,2,2024-04-09
2024-04-09 09:00:00,"428,8983459472656","336,160004",2,2,2024-04-09
2024-04-09 10:00:00,"387,8942565917969","279,920013",2,2,2024-04-09
2024-04-09 11:00:00,"398,9942626953125","224,059998",2,2,2024-04-09
2024-04-09 12:00:00,"386,2673034667969","200,860001",2,2,2024-04-09
2024-04-09 13:00:00,"391,72265625","221,970001",2,2,2024-04-09
2024-04-09 14:00:00,"539,598388671875","296,850006",2,2,2024-04-09
2024-04-09 15:00:00,"580,1542358398438","360,769989",2,2,2024-04-09
2024-04-09 16:00:00,"590,7728881835938","479,730011",2,2,2024-04-09
2024-04-09 17:00:00,"565,2661743164062","595,119995",2,2,2024-04-09
2024-04-09 18:00:00,"493,75225830078125","447,140015",2,2,2024-04-09
2024-04-09 19:00:00,"438,7481384277344","359,649994",2,2,2024-04-09
2024-04-09 20:00:00,"356,54827880859375","335,640015",2,2,2024-04-09
2024-04-09 21:00:00,"301,31103515625","257,619995",2,2,2024-04-09
2024-04-09 22:00:00,"290,3677978515625","68,550003",2,2,2024-04-09
2024-04-09 23:00:00,"269,96221923828125","30,58",2,2,2024-04-09
2024-04-10 00:00:00,"253,939208984375","11,64",2,2,2024-04-10
2024-04-10 01:00:00,"244,42733764648438","9,55",2,2,2024-04-10
2024-04-10 02:00:00,"236,96917724609375","1,27",2,2,2024-04-10
2024-04-10 03:00:00,"246,41294860839844","11,49",2,2,2024-04-10
2024-04-10 04:00:00,"272,53460693359375","23,049999",2,2,2024-04-10
2024-04-10 05:00:00,"319,5736083984375","101,290001",2,2,2024-04-10
2024-04-10 06:00:00,"389,1446838378906","145,0",2,2,2024-04-10
2024-04-10 07:00:00,"539,7136840820312","116,660004",2,2,2024-04-10
2024-04-10 08:00:00,"571,9402465820312","95,019997",2,2,2024-04-10
2024-04-10 09:00:00,"595,1038208007812","45,5",2,2,2024-04-10
2024-04-10 10:00:00,"565,9562377929688","11,86",2,2,2024-04-10
2024-04-10 11:00:00,"567,6114501953125","2,69",2,2,2024-04-10
2024-04-10 12:00:00,"537,8397827148438","0,0",2,2,2024-04-10
2024-04-10 13:00:00,"551,8605346679688","0,07",2,2,2024-04-10
2024-04-10 14:00:00,"588,19189453125","11,86",2,2,2024-04-10
2024-04-10 15:00:00,"614,5335083007812","122,169998",2,2,2024-04-10
2024-04-10 16:00:00,"645,6957397460938","616,469971",2,2,2024-04-10
2024-04-10 17:00:00,"613,3590698242188","1084,949951",2,2,2024-04-10
2024-04-10 18:00:00,"571,4129028320312","1052,430054",2,2,2024-04-10
2024-04-10 19:00:00,"506,9549560546875","722,380005",2,2,2024-04-10
2024-04-10 20:00:00,"385,9603271484375","392,029999",2,2,2024-04-10
2024-04-10 21:00:00,"366,8918151855469","352,200012",2,2,2024-04-10
2024-04-10 22:00:00,"310,9111633300781","303,440002",2,2,2024-04-10
2024-04-10 23:00:00,"301,79986572265625","198,940002",2,2,2024-04-10
2024-04-11 00:00:00,"289,5118103027344","165,589996",2,2,2024-04-11
2024-04-11 01:00:00,"273,8274230957031","74,519997",2,2,2024-04-11
2024-04-11 02:00:00,"258,02728271484375","11,71",2,2,2024-04-11
2024-04-11 03:00:00,"261,05975341796875","11,64",2,2,2024-04-11
2024-04-11 04:00:00,"304,15301513671875","19,469999",2,2,2024-04-11
2024-04-11 05:00:00,"348,7098693847656","297,399994",2,2,2024-04-11
2024-04-11 06:00:00,"408,2496337890625","309,929993",2,2,2024-04-11
2024-04-11 07:00:00,"435,94122314453125","223,770004",2,2,2024-04-11
2024-04-11 08:00:00,"415,0451354980469","74,959999",2,2,2024-04-11
2024-04-11 09:00:00,"406,45086669921875","6,41",2,2,2024-04-11
2024-04-11 10:00:00,"379,2525329589844","6,79",2,2,2024-04-11
2024-04-11 11:00:00,"357,138916015625","8,21",2,2,2024-04-11
2024-04-11 12:00:00,"383,6258239746094","4,25",2,2,2024-04-11
2024-04-11 13:00:00,"403,38018798828125","96,07",2,2,2024-04-11
2024-04-11 14:00:00,"472,892578125","64,75",2,2,2024-04-11
2024-04-11 15:00:00,"471,7408447265625","347,070007",2,2,2024-04-11
2024-04-11 16:00:00,"483,3970031738281","711,75",2,2,2024-04-11
2024-04-11 17:00:00,"450,1225280761719","1002,210022",2,2,2024-04-11
2024-04-11 18:00:00,"416,08087158203125","893,609985",2,2,2024-04-11
2024-04-11 19:00:00,"353,1667175292969","679,159973",2,2,2024-04-11
2024-04-11 20:00:00,"317,9830627441406","541,159973",2,2,2024-04-11
2024-04-11 21:00:00,"290,3147888183594","451,059998",2,2,2024-04-11
2024-04-11 22:00:00,"239,13340759277344","339,720001",2,2,2024-04-11
2024-04-11 23:00:00,"235,98480224609375","325,029999",2,2,2024-04-11
2024-04-12 00:00:00,"203,98187255859375","331,73999",2,2,2024-04-12
2024-04-12 01:00:00,"195,67538452148438","304,51001",2,2,2024-04-12
2024-04-12 02:00:00,"185,76991271972656","298,399994",2,2,2024-04-12
2024-04-12 03:00:00,"188,8090362548828","298,399994",2,2,2024-04-12
2024-04-12 04:00:00,"214,4227752685547","308,019989",2,2,2024-04-12
2024-04-12 05:00:00,"269,2594299316406","362,619995",2,2,2024-04-12
2024-04-12 06:00:00,"336,5901184082031","516,75",2,2,2024-04-12
2024-04-12 07:00:00,"352,240478515625","489,290009",2,2,2024-04-12
2024-04-12 08:00:00,"347,4674987792969","314,51001",2,2,2024-04-12
2024-04-12 09:00:00,"330,6495666503906","186,050003",2,2,2024-04-12
2024-04-12 10:00:00,"318,3613586425781","149,869995",2,2,2024-04-12
2024-04-12 11:00:00,"288,7945251464844","37,150002",2,2,2024-04-12
2024-04-12 12:00:00,"271,2795715332031","6,04",2,2,2024-04-12
2024-04-12 13:00:00,"278,5326843261719","3,21",2,2,2024-04-12
2024-04-12 14:00:00,"311,064697265625","128,460007",2,2,2024-04-12
2024-04-12 15:00:00,"338,66754150390625","293,920013",2,2,2024-04-12
2024-04-12 16:00:00,"361,02410888671875","351,51001",2,2,2024-04-12
2024-04-12 17:00:00,"337,845458984375","351,730011",2,2,2024-04-12
2024-04-12 18:00:00,"304,1947326660156","352,029999",2,2,2024-04-12
2024-04-12 19:00:00,"246,2265625","351,429993",2,2,2024-04-12
2024-04-12 20:00:00,"232,72462463378906","342,329987",2,2,2024-04-12
2024-04-12 21:00:00,"222,49591064453125","329,200012",2,2,2024-04-12
2024-04-12 22:00:00,"207,8326416015625","175,020004",2,2,2024-04-12
2024-04-12 23:00:00,"187,61085510253906","193,369995",2,2,2024-04-12
2024-04-13 00:00:00,"155,30027770996094","144,429993",2,2,2024-04-13
2024-04-13 01:00:00,"118,28741455078125","130,779999",2,2,2024-04-13
2024-04-13 02:00:00,"93,93067932128906","130,259995",2,2,2024-04-13
2024-04-13 03:00:00,"90,22364807128906","173,899994",2,2,2024-04-13
2024-04-13 04:00:00,"109,74998474121094","207,619995",2,2,2024-04-13
2024-04-13 05:00:00,"145,40565490722656","251,630005",2,2,2024-04-13
2024-04-13 06:00:00,"197,138427734375","168,600006",2,2,2024-04-13
2024-04-13 07:00:00,"210,9951171875","65,650002",2,2,2024-04-13
2024-04-13 08:00:00,"256,23974609375","-0,15",2,2,2024-04-13
2024-04-13 09:00:00,"262,9226989746094","-30,139999",2,2,2024-04-13
2024-04-13 10:00:00,"267,9950256347656","-59,830002",2,2,2024-04-13
2024-04-13 11:00:00,"258,3100891113281","-150,699997",2,2,2024-04-13
2024-04-13 12:00:00,"253,10003662109375","-218,729996",2,2,2024-04-13
2024-04-13 13:00:00,"300,457763671875","-235,740005",2,2,2024-04-13
2024-04-13 14:00:00,"369,2789001464844","-75,120003",2,2,2024-04-13
2024-04-13 15:00:00,"442,0457458496094","14,92",2,2,2024-04-13
2024-04-13 16:00:00,"510,9827575683594","213,740005",2,2,2024-04-13
2024-04-13 17:00:00,"541,93701171875","392,859985",2,2,2024-04-13
2024-04-13 18:00:00,"494,4248046875","298,630005",2,2,2024-04-13
2024-04-13 19:00:00,"428,4624328613281","258,5",2,2,2024-04-13
2024-04-13 20:00:00,"349,8797912597656","153,679993",2,2,2024-04-13
2024-04-13 21:00:00,"288,35821533203125","52,59",2,2,2024-04-13
2024-04-13 22:00:00,"249,35226440429688","3,21",2,2,2024-04-13
2024-04-13 23:00:00,"237,927001953125","6,19",2,2,2024-04-13
2024-04-14 00:00:00,"215,61508178710938","6,79",2,2,2024-04-14
2024-04-14 01:00:00,"208,9437713623047","3,13",2,2,2024-04-14
2024-04-14 02:00:00,"207,93528747558594","3,66",2,2,2024-04-14
2024-04-14 03:00:00,"201,31460571289062","21,709999",2,2,2024-04-14
2024-04-14 04:00:00,"199,8453369140625","93,629997",2,2,2024-04-14
2024-04-14 05:00:00,"202,6674041748047","96,989998",2,2,2024-04-14
2024-04-14 06:00:00,"234,25588989257812","55,279999",2,2,2024-04-14
2024-04-14 07:00:00,"284,5408630371094","0,0",2,2,2024-04-14
2024-04-14 08:00:00,"267,6805419921875","-17,16",2,2,2024-04-14
2024-04-14 09:00:00,"244,38348388671875","-89,379997",2,2,2024-04-14
2024-04-14 10:00:00,"265,2057189941406","-314,399994",2,2,2024-04-14
2024-04-14 11:00:00,"231,9943389892578","-397,73999",2,2,2024-04-14
2024-04-14 12:00:00,"250,74624633789062","-402,880005",2,2,2024-04-14
2024-04-14 13:00:00,"243,93826293945312","-298,809998",2,2,2024-04-14
2024-04-14 14:00:00,"291,67059326171875","-46,630001",2,2,2024-04-14
2024-04-14 15:00:00,"307,4135437011719","11,71",2,2,2024-04-14
2024-04-14 16:00:00,"304,376953125","157,419998",2,2,2024-04-14
2024-04-14 17:00:00,"277,29852294921875","655,059998",2,2,2024-04-14
2024-04-14 18:00:00,"253,79710388183594","894,619995",2,2,2024-04-14
2024-04-14 19:00:00,"220,40150451660156","840,159973",2,2,2024-04-14
2024-04-14 20:00:00,"201,0223846435547","724,890015",2,2,2024-04-14
2024-04-14 21:00:00,"204,2781524658203","594,549988",2,2,2024-04-14
2024-04-14 22:00:00,"196,70138549804688","343,269989",2,2,2024-04-14
2024-04-14 23:00:00,"191,58822631835938","334,690002",2,2,2024-04-14
2024-04-15 00:00:00,"252,0546112060547","526,359985",2,3,2024-04-15
2024-04-15 01:00:00,"222,58665466308594","491,220001",2,3,2024-04-15
2024-04-15 02:00:00,"204,83775329589844","561,280029",2,3,2024-04-15
2024-04-15 03:00:00,"206,10360717773438","647,150024",2,3,2024-04-15
2024-04-15 04:00:00,"222,20079040527344","863,440002",2,3,2024-04-15
2024-04-15 05:00:00,"252,7925567626953","1261,98999",2,3,2024-04-15
2024-04-15 06:00:00,"311,6125183105469","1143,290039",2,3,2024-04-15
2024-04-15 07:00:00,"334,77301025390625","683,109985",2,3,2024-04-15
2024-04-15 08:00:00,"327,49578857421875","568,809998",2,3,2024-04-15
2024-04-15 09:00:00,"306,2844543457031","425,269989",2,3,2024-04-15
2024-04-15 10:00:00,"292,4342041015625","320,809998",2,3,2024-04-15
2024-04-15 11:00:00,"279,55841064453125","245,389999",2,3,2024-04-15
2024-04-15 12:00:00,"273,8309631347656","145,490005",2,3,2024-04-15
2024-04-15 13:00:00,"282,3902893066406","223,380005",2,3,2024-04-15
2024-04-15 14:00:00,"301,4979248046875","265,459991",2,3,2024-04-15
2024-04-15 15:00:00,"332,2234191894531","345,440002",2,3,2024-04-15
2024-04-15 16:00:00,"396,6545104980469","516,289978",2,3,2024-04-15
2024-04-15 17:00:00,"409,2207946777344","588,809998",2,3,2024-04-15
2024-04-15 18:00:00,"385,6720275878906","574,630005",2,3,2024-04-15
2024-04-15 19:00:00,"334,18487548828125","494,730011",2,3,2024-04-15
2024-04-15 20:00:00,"297,483642578125","394,899994",2,3,2024-04-15
2024-04-15 21:00:00,"277,57794189453125","261,200012",2,3,2024-04-15
2024-04-15 22:00:00,"262,05255126953125","231,639999",2,3,2024-04-15
2024-04-15 23:00:00,"252,29019165039062","132,720001",2,3,2024-04-15
2024-04-16 00:00:00,"230,4491729736328","49,610001",2,3,2024-04-16
2024-04-16 01:00:00,"230,41024780273438","40,959999",2,3,2024-04-16
2024-04-16 02:00:00,"239,2526397705078","133,539993",2,3,2024-04-16
2024-04-16 03:00:00,"245,25857543945312","270,209991",2,3,2024-04-16
2024-04-16 04:00:00,"282,1685791015625","384,880005",2,3,2024-04-16
2024-04-16 05:00:00,"316,6944274902344","554,0",2,3,2024-04-16
2024-04-16 06:00:00,"367,84722900390625","554,0",2,3,2024-04-16
2024-04-16 07:00:00,"419,8394775390625","483,5",2,3,2024-04-16
2024-04-16 08:00:00,"430,7752990722656","388,309998",2,3,2024-04-16
2024-04-16 09:00:00,"422,53948974609375","344,290009",2,3,2024-04-16
2024-04-16 10:00:00,"383,0104675292969","320,5",2,3,2024-04-16
2024-04-16 11:00:00,"395,0316162109375","316,089996",2,3,2024-04-16
2024-04-16 12:00:00,"380,952880859375","322,359985",2,3,2024-04-16
2024-04-16 13:00:00,"386,61199951171875","362,049988",2,3,2024-04-16
2024-04-16 14:00:00,"538,2100219726562","457,540009",2,3,2024-04-16
2024-04-16 15:00:00,"580,4378051757812","594,359985",2,3,2024-04-16
2024-04-16 16:00:00,"590,6692504882812","693,210022",2,3,2024-04-16
2024-04-16 17:00:00,"563,6497192382812","850,400024",2,3,2024-04-16
2024-04-16 18:00:00,"496,3797302246094","928,960022",2,3,2024-04-16
2024-04-16 19:00:00,"451,1936340332031","779,309998",2,3,2024-04-16
2024-04-16 20:00:00,"391,9281311035156","672,169983",2,3,2024-04-16
2024-04-16 21:00:00,"377,9371032714844","627,409973",2,3,2024-04-16
2024-04-16 22:00:00,"375,3340759277344","625,48999",2,3,2024-04-16
2024-04-16 23:00:00,"355,2574462890625","625,48999",2,3,2024-04-16
2024-04-17 00:00:00,"331,64447021484375","606,919983",2,3,2024-04-17
2024-04-17 01:00:00,"338,8534240722656","614,75",2,3,2024-04-17
2024-04-17 02:00:00,"326,9439697265625","618,929993",2,3,2024-04-17
2024-04-17 03:00:00,"301,01483154296875","624,669983",2,3,2024-04-17
2024-04-17 04:00:00,"332,22137451171875","816,109985",2,3,2024-04-17
2024-04-17 05:00:00,"381,85455322265625","1268,069946",2,3,2024-04-17
2024-04-17 06:00:00,"474,0593566894531","1157,650024",2,3,2024-04-17
2024-04-17 07:00:00,"556,6986694335938","780,52002",2,3,2024-04-17
2024-04-17 08:00:00,"584,2940673828125","625,940002",2,3,2024-04-17
2024-04-17 09:00:00,"592,9584350585938","596,099976",2,3,2024-04-17
2024-04-17 10:00:00,"571,6956176757812","599,080017",2,3,2024-04-17
2024-04-17 11:00:00,"575,5069580078125","589,830017",2,3,2024-04-17
2024-04-17 12:00:00,"547,8660278320312","579,76001",2,3,2024-04-17
2024-04-17 13:00:00,"570,3304443359375","574,690002",2,3,2024-04-17
2024-04-17 14:00:00,"601,8330688476562","596,840027",2,3,2024-04-17
2024-04-17 15:00:00,"617,72314453125","648,320007",2,3,2024-04-17
2024-04-17 16:00:00,"647,9190673828125","857,73999",2,3,2024-04-17
2024-04-17 17:00:00,"611,8793334960938","1193,089966",2,3,2024-04-17
2024-04-17 18:00:00,"567,73876953125","1267,550049",2,3,2024-04-17
2024-04-17 19:00:00,"508,57720947265625","970,320007",2,3,2024-04-17
2024-04-17 20:00:00,"393,8852233886719","738,890015",2,3,2024-04-17
2024-04-17 21:00:00,"372,37017822265625","655,109985",2,3,2024-04-17
2024-04-17 22:00:00,"314,45794677734375","685,150024",2,3,2024-04-17
2024-04-17 23:00:00,"301,6646728515625","652,23999",2,3,2024-04-17
2024-04-18 00:00:00,"295,6245422363281","660,52002",2,3,2024-04-18
2024-04-18 01:00:00,"273,6345520019531","654,780029",2,3,2024-04-18
2024-04-18 02:00:00,"263,20611572265625","668,580017",2,3,2024-04-18
2024-04-18 03:00:00,"277,81787109375","697,380005",2,3,2024-04-18
2024-04-18 04:00:00,"312,8659973144531","909,349976",2,3,2024-04-18
2024-04-18 05:00:00,"326,7549133300781","1162,430054",2,3,2024-04-18
2024-04-18 06:00:00,"365,4609680175781","978,809998",2,3,2024-04-18
2024-04-18 07:00:00,"434,0751037597656","754,460022",2,3,2024-04-18
2024-04-18 08:00:00,"401,25653076171875","673,059998",2,3,2024-04-18
2024-04-18 09:00:00,"384,3278503417969","625,76001",2,3,2024-04-18
2024-04-18 10:00:00,"369,717529296875","601,659973",2,3,2024-04-18
2024-04-18 11:00:00,"337,13995361328125","575,98999",2,3,2024-04-18
2024-04-18 12:00:00,"367,665283203125","544,72998",2,3,2024-04-18
2024-04-18 13:00:00,"389,25079345703125","527,48999",2,3,2024-04-18
2024-04-18 14:00:00,"470,8584899902344","528,840027",2,3,2024-04-18
2024-04-18 15:00:00,"477,8080139160156","606,799988",2,3,2024-04-18
2024-04-18 16:00:00,"491,6788635253906","701,559998",2,3,2024-04-18
2024-04-18 17:00:00,"459,8465270996094","934,419983",2,3,2024-04-18
2024-04-18 18:00:00,"429,44189453125","961,200012",2,3,2024-04-18
2024-04-18 19:00:00,"350,8831481933594","790,27002",2,3,2024-04-18
2024-04-18 20:00:00,"303,3504333496094","670,669983",2,3,2024-04-18
2024-04-18 21:00:00,"292,3788146972656","592,179993",2,3,2024-04-18
2024-04-18 22:00:00,"239,70486450195312","576,090027",2,3,2024-04-18
2024-04-18 23:00:00,"237,56619262695312","453,869995",2,3,2024-04-18
2024-04-19 00:00:00,"208,0772705078125","377,019989",2,3,2024-04-19
2024-04-19 01:00:00,"204,26913452148438","369,109985",2,3,2024-04-19
2024-04-19 02:00:00,"198,4905242919922","357,920013",2,3,2024-04-19
2024-04-19 03:00:00,"193,61654663085938","366,200012",2,3,2024-04-19
2024-04-19 04:00:00,"217,6483154296875","448,570007",2,3,2024-04-19
2024-04-19 05:00:00,"267,7673034667969","527,809998",2,3,2024-04-19
2024-04-19 06:00:00,"317,35308837890625","581,01001",2,3,2024-04-19
2024-04-19 07:00:00,"346,0422058105469","516,700012",2,3,2024-04-19
2024-04-19 08:00:00,"324,865234375","457,160004",2,3,2024-04-19
2024-04-19 09:00:00,"302,8572692871094","427,380005",2,3,2024-04-19
2024-04-19 10:00:00,"294,83447265625","389,179993",2,3,2024-04-19
2024-04-19 11:00:00,"299,9132385253906","363,140015",2,3,2024-04-19
2024-04-19 12:00:00,"284,501953125","346,059998",2,3,2024-04-19
2024-04-19 13:00:00,"286,1851501464844","353,0",2,3,2024-04-19
2024-04-19 14:00:00,"315,7948913574219","379,859985",2,3,2024-04-19
2024-04-19 15:00:00,"338,56207275390625","427,980011",2,3,2024-04-19
2024-04-19 16:00:00,"361,6644592285156","470,660004",2,3,2024-04-19
2024-04-19 17:00:00,"338,5968322753906","475,660004",2,3,2024-04-19
2024-04-19 18:00:00,"312,67974853515625","482,670013",2,3,2024-04-19
2024-04-19 19:00:00,"261,6407470703125","482,079987",2,3,2024-04-19
2024-04-19 20:00:00,"247,7563934326172","475,359985",2,3,2024-04-19
2024-04-19 21:00:00,"239,5238037109375","459,839996",2,3,2024-04-19
2024-04-19 22:00:00,"218,03997802734375","438,709991",2,3,2024-04-19
2024-04-19 23:00:00,"192,23739624023438","422,209991",2,3,2024-04-19
2024-04-20 00:00:00,"170,40440368652344","417,51001",2,3,2024-04-20
2024-04-20 01:00:00,"127,70572662353516","430,950012",2,3,2024-04-20
2024-04-20 02:00:00,"102,64219665527344","455,5",2,3,2024-04-20
2024-04-20 03:00:00,"105,0112075805664","468,850006",2,3,2024-04-20
2024-04-20 04:00:00,"125,46173858642578","476,98999",2,3,2024-04-20
2024-04-20 05:00:00,"160,26699829101562","507,279999",2,3,2024-04-20
2024-04-20 06:00:00,"207,12696838378906","485,350006",2,3,2024-04-20
2024-04-20 07:00:00,"223,6678009033203","446,98999",2,3,2024-04-20
2024-04-20 08:00:00,"274,5014343261719","373,48999",2,3,2024-04-20
2024-04-20 09:00:00,"278,473876953125","286,769989",2,3,2024-04-20
2024-04-20 10:00:00,"274,412109375","216,179993",2,3,2024-04-20
2024-04-20 11:00:00,"271,72869873046875","92,010002",2,3,2024-04-20
2024-04-20 12:00:00,"269,67816162109375","78,730003",2,3,2024-04-20
2024-04-20 13:00:00,"330,8707275390625","136,779999",2,3,2024-04-20
2024-04-20 14:00:00,"391,7499694824219","279,160004",2,3,2024-04-20
2024-04-20 15:00:00,"453,4518737792969","468,850006",2,3,2024-04-20
2024-04-20 16:00:00,"522,0426635742188","588,77002",2,3,2024-04-20
2024-04-20 17:00:00,"544,2532958984375","668,690002",2,3,2024-04-20
2024-04-20 18:00:00,"499,02099609375","724,140015",2,3,2024-04-20
2024-04-20 19:00:00,"434,3529052734375","673,919983",2,3,2024-04-20
2024-04-20 20:00:00,"360,7802734375","642,280029",2,3,2024-04-20
2024-04-20 21:00:00,"301,8207702636719","618,619995",2,3,2024-04-20
2024-04-20 22:00:00,"266,9549560546875","610,679993",2,3,2024-04-20
2024-04-20 23:00:00,"253,44308471679688","526,669983",2,3,2024-04-20
2024-04-21 00:00:00,"234,01400756835938","518,76001",2,3,2024-04-21
2024-04-21 01:00:00,"231,7283935546875","480,48999",2,3,2024-04-21
2024-04-21 02:00:00,"225,31533813476562","476,609985",2,3,2024-04-21
2024-04-21 03:00:00,"225,8098907470703","474,670013",2,3,2024-04-21
2024-04-21 04:00:00,"232,1724395751953","480,709991",2,3,2024-04-21
2024-04-21 05:00:00,"235,9005584716797","451,609985",2,3,2024-04-21
2024-04-21 06:00:00,"271,9230041503906","454,220001",2,3,2024-04-21
2024-04-21 07:00:00,"304,13787841796875","408,339996",2,3,2024-04-21
2024-04-21 08:00:00,"277,5215148925781","322,980011",2,3,2024-04-21
2024-04-21 09:00:00,"255,42715454101562","316,869995",2,3,2024-04-21
2024-04-21 10:00:00,"267,4217529296875","327,829987",2,3,2024-04-21
2024-04-21 11:00:00,"253,5298309326172","314,399994",2,3,2024-04-21
2024-04-21 12:00:00,"250,4698486328125","309,480011",2,3,2024-04-21
2024-04-21 13:00:00,"252,933837890625","312,839996",2,3,2024-04-21
2024-04-21 14:00:00,"290,19061279296875","355,890015",2,3,2024-04-21
2024-04-21 15:00:00,"316,4281311035156","437,809998",2,3,2024-04-21
2024-04-21 16:00:00,"312,38299560546875","556,590027",2,3,2024-04-21
2024-04-21 17:00:00,"286,49053955078125","666,710022",2,3,2024-04-21
2024-04-21 18:00:00,"251,69674682617188","710,72998",2,3,2024-04-21
2024-04-21 19:00:00,"228,28688049316406","679,469971",2,3,2024-04-21
2024-04-21 20:00:00,"212,9464569091797","667,080017",2,3,2024-04-21
2024-04-21 21:00:00,"208,89541625976562","660,0",2,3,2024-04-21
2024-04-21 22:00:00,"203,46910095214844","589,190002",2,3,2024-04-21
2024-04-21 23:00:00,"202,6211395263672","582,330017",2,3,2024-04-21
2024-04-22 00:00:00,"312,455078125","585,23999",2,4,2024-04-22
2024-04-22 01:00:00,"230,77088928222656","596,280029",2,4,2024-04-22
2024-04-22 02:00:00,"209,43052673339844","595,309998",2,4,2024-04-22
2024-04-22 03:00:00,"213,22195434570312","652,830017",2,4,2024-04-22
2024-04-22 04:00:00,"218,42529296875","790,109985",2,4,2024-04-22
2024-04-22 05:00:00,"247,3046112060547","975,820007",2,4,2024-04-22
2024-04-22 06:00:00,"297,8713073730469","876,359985",2,4,2024-04-22
2024-04-22 07:00:00,"320,02349853515625","724,090027",2,4,2024-04-22
2024-04-22 08:00:00,"324,2455139160156","610,75",2,4,2024-04-22
2024-04-22 09:00:00,"309,9425964355469","606,130005",2,4,2024-04-22
2024-04-22 10:00:00,"301,2337341308594","574,869995",2,4,2024-04-22
2024-04-22 11:00:00,"289,9387512207031","549,650024",2,4,2024-04-22
2024-04-22 12:00:00,"292,4256591796875","553,080017",2,4,2024-04-22
2024-04-22 13:00:00,"302,69873046875","571,429993",2,4,2024-04-22
2024-04-22 14:00:00,"322,8287353515625","608,590027",2,4,2024-04-22
2024-04-22 15:00:00,"355,9901428222656","722,150024",2,4,2024-04-22
2024-04-22 16:00:00,"397,6341857910156","881,880005",2,4,2024-04-22
2024-04-22 17:00:00,"407,0238952636719","1223,969971",2,4,2024-04-22
2024-04-22 18:00:00,"385,8562927246094","1275,52002",2,4,2024-04-22
2024-04-22 19:00:00,"347,4606018066406","970,299988",2,4,2024-04-22
2024-04-22 20:00:00,"309,2076110839844","789,140015",2,4,2024-04-22
2024-04-22 21:00:00,"291,0609436035156","723,640015",2,4,2024-04-22
2024-04-22 22:00:00,"269,64501953125","658,969971",2,4,2024-04-22
2024-04-22 23:00:00,"262,6253967285156","646,809998",2,4,2024-04-22
2024-04-23 00:00:00,"240,50909423828125","641,289978",2,4,2024-04-23
2024-04-23 01:00:00,"235,25108337402344","637,340027",2,4,2024-04-23
2024-04-23 02:00:00,"242,47833251953125","644,280029",2,4,2024-04-23
2024-04-23 03:00:00,"254,2305145263672","728,890015",2,4,2024-04-23
2024-04-23 04:00:00,"279,92547607421875","905,789978",2,4,2024-04-23
2024-04-23 05:00:00,"313,4226989746094","1352,420044",2,4,2024-04-23
2024-04-23 06:00:00,"365,2438659667969","1016,820007",2,4,2024-04-23
2024-04-23 07:00:00,"416,3104248046875","734,030029",2,4,2024-04-23
2024-04-23 08:00:00,"431,7168884277344","618,309998",2,4,2024-04-23
2024-04-23 09:00:00,"427,43597412109375","576,450012",2,4,2024-04-23
2024-04-23 10:00:00,"396,076416015625","577,950012",2,4,2024-04-23
2024-04-23 11:00:00,"415,88385009765625","592,27002",2,4,2024-04-23
2024-04-23 12:00:00,"396,1236572265625","586,599976",2,4,2024-04-23
2024-04-23 13:00:00,"402,26708984375","597,049988",2,4,2024-04-23
2024-04-23 14:00:00,"536,2388916015625","619,429993",2,4,2024-04-23
2024-04-23 15:00:00,"577,7630004882812","671,289978",2,4,2024-04-23
2024-04-23 16:00:00,"586,7926025390625","764,030029",2,4,2024-04-23
2024-04-23 17:00:00,"558,23388671875","917,799988",2,4,2024-04-23
2024-04-23 18:00:00,"477,3572692871094","933,169983",2,4,2024-04-23
2024-04-23 19:00:00,"415,6275329589844","784,169983",2,4,2024-04-23
2024-04-23 20:00:00,"355,20361328125","691,880005",2,4,2024-04-23
2024-04-23 21:00:00,"301,01446533203125","608,460022",2,4,2024-04-23
2024-04-23 22:00:00,"291,61968994140625","595,640015",2,4,2024-04-23
2024-04-23 23:00:00,"274,5959167480469","567,73999",2,4,2024-04-23
2024-04-24 00:00:00,"271,5607604980469","561,840027",2,4,2024-04-24
2024-04-24 01:00:00,"287,68829345703125","545,130005",2,4,2024-04-24
2024-04-24 02:00:00,"277,7994079589844","567,289978",2,4,2024-04-24
2024-04-24 03:00:00,"282,7132263183594","610,47998",2,4,2024-04-24
2024-04-24 04:00:00,"314,0644226074219","758,419983",2,4,2024-04-24
2024-04-24 05:00:00,"366,9775085449219","979,700012",2,4,2024-04-24
2024-04-24 06:00:00,"457,67828369140625","964,109985",2,4,2024-04-24
2024-04-24 07:00:00,"554,2481689453125","724,25",2,4,2024-04-24
2024-04-24 08:00:00,"586,2312622070312","693,590027",2,4,2024-04-24
2024-04-24 09:00:00,"590,330078125","679,190002",2,4,2024-04-24
2024-04-24 10:00:00,"572,5484008789062","638,76001",2,4,2024-04-24
2024-04-24 11:00:00,"579,63134765625","622,789978",2,4,2024-04-24
2024-04-24 12:00:00,"550,7251586914062","600,929993",2,4,2024-04-24
2024-04-24 13:00:00,"566,9393920898438","616,900024",2,4,2024-04-24
2024-04-24 14:00:00,"600,8011474609375","635,25",2,4,2024-04-24
2024-04-24 15:00:00,"616,5093994140625","716,869995",2,4,2024-04-24
2024-04-24 16:00:00,"647,344482421875","776,179993",2,4,2024-04-24
2024-04-24 17:00:00,"611,9907836914062","1008,640015",2,4,2024-04-24
2024-04-24 18:00:00,"567,6636352539062","1070,119995",2,4,2024-04-24
2024-04-24 19:00:00,"506,7716369628906","903,900024",2,4,2024-04-24
2024-04-24 20:00:00,"390,3158874511719","785,650024",2,4,2024-04-24
2024-04-24 21:00:00,"368,60491943359375","673,0",2,4,2024-04-24
2024-04-24 22:00:00,"311,8899841308594","622,700012",2,4,2024-04-24
2024-04-24 23:00:00,"301,7777099609375","596,599976",2,4,2024-04-24
2024-04-25 00:00:00,"292,8719787597656","576,97998",2,4,2024-04-25
2024-04-25 01:00:00,"271,6332702636719","567,140015",2,4,2024-04-25
2024-04-25 02:00:00,"261,6782531738281","561,099976",2,4,2024-04-25
2024-04-25 03:00:00,"279,86883544921875","626,580017",2,4,2024-04-25
2024-04-25 04:00:00,"309,97808837890625","763,940002",2,4,2024-04-25
2024-04-25 05:00:00,"323,6199951171875","976,780029",2,4,2024-04-25
2024-04-25 06:00:00,"362,715576171875","852,840027",2,4,2024-04-25
2024-04-25 07:00:00,"434,03424072265625","690,26001",2,4,2024-04-25
2024-04-25 08:00:00,"398,2571716308594","597,859985",2,4,2024-04-25
2024-04-25 09:00:00,"388,258056640625","583,169983",2,4,2024-04-25
2024-04-25 10:00:00,"369,18170166015625","551,26001",2,4,2024-04-25
2024-04-25 11:00:00,"336,84912109375","514,710022",2,4,2024-04-25
2024-04-25 12:00:00,"337,01318359375","498,230011",2,4,2024-04-25
2024-04-25 13:00:00,"376,8377990722656","517,400024",2,4,2024-04-25
2024-04-25 14:00:00,"467,1455078125","542,97998",2,4,2024-04-25
2024-04-25 15:00:00,"474,4521179199219","595,700012",2,4,2024-04-25
2024-04-25 16:00:00,"486,8299560546875","709,72998",2,4,2024-04-25
2024-04-25 17:00:00,"458,27716064453125","1052,170044",2,4,2024-04-25
2024-04-25 18:00:00,"427,826904296875","1135,699951",2,4,2024-04-25
2024-04-25 19:00:00,"343,84210205078125","847,98999",2,4,2024-04-25
2024-04-25 20:00:00,"301,68115234375","681,23999",2,4,2024-04-25
2024-04-25 21:00:00,"292,9075012207031","594,659973",2,4,2024-04-25
2024-04-25 22:00:00,"236,02854919433594","595,719971",2,4,2024-04-25
2024-04-25 23:00:00,"233,7886962890625","551,929993",2,4,2024-04-25
2024-04-26 00:00:00,"211,37020874023438","553,429993",2,4,2024-04-26
2024-04-26 01:00:00,"206,2235107421875","552,460022",2,4,2024-04-26
2024-04-26 02:00:00,"204,14939880371094","575,049988",2,4,2024-04-26
2024-04-26 03:00:00,"210,71841430664062","618,909973",2,4,2024-04-26
2024-04-26 04:00:00,"229,18850708007812","697,380005",2,4,2024-04-26
2024-04-26 05:00:00,"266,34246826171875","776,140015",2,4,2024-04-26
2024-04-26 06:00:00,"314,892578125","716,469971",2,4,2024-04-26
2024-04-26 07:00:00,"346,6858825683594","604,73999",2,4,2024-04-26
2024-04-26 08:00:00,"340,49114990234375","580,349976",2,4,2024-04-26
2024-04-26 09:00:00,"325,757080078125","544,099976",2,4,2024-04-26
2024-04-26 10:00:00,"305,81427001953125","524,710022",2,4,2024-04-26
2024-04-26 11:00:00,"292,5460205078125","512,700012",2,4,2024-04-26
2024-04-26 12:00:00,"277,3397216796875","487,570007",2,4,2024-04-26
2024-04-26 13:00:00,"284,1632385253906","521,5",2,4,2024-04-26
2024-04-26 14:00:00,"309,6241149902344","534,780029",2,4,2024-04-26
2024-04-26 15:00:00,"323,56829833984375","600,119995",2,4,2024-04-26
2024-04-26 16:00:00,"352,65240478515625","700,210022",2,4,2024-04-26
2024-04-26 17:00:00,"345,2478332519531","960,219971",2,4,2024-04-26
2024-04-26 18:00:00,"315,63427734375","1018,539978",2,4,2024-04-26
2024-04-26 19:00:00,"263,18853759765625","820,440002",2,4,2024-04-26
2024-04-26 20:00:00,"248,96133422851562","691,47998",2,4,2024-04-26
2024-04-26 21:00:00,"246,42340087890625","658,289978",2,4,2024-04-26
2024-04-26 22:00:00,"226,45411682128906","673,330017",2,4,2024-04-26
2024-04-26 23:00:00,"199,4169158935547","662,960022",2,4,2024-04-26
2024-04-27 00:00:00,"179,7908477783203","645,72998",2,4,2024-04-27
2024-04-27 01:00:00,"124,74254608154297","663,929993",2,4,2024-04-27
2024-04-27 02:00:00,"95,89984130859375","653,940002",2,4,2024-04-27
2024-04-27 03:00:00,"117,85974884033203","625,52002",2,4,2024-04-27
2024-04-27 04:00:00,"138,12916564941406","641,929993",2,4,2024-04-27
2024-04-27 05:00:00,"177,4262237548828","589,429993",2,4,2024-04-27
2024-04-27 06:00:00,"209,46804809570312","511,950012",2,4,2024-04-27
2024-04-27 07:00:00,"223,91552734375","440,51001",2,4,2024-04-27
2024-04-27 08:00:00,"274,2545471191406","284,950012",2,4,2024-04-27
2024-04-27 09:00:00,"274,109375","194,559998",2,4,2024-04-27
2024-04-27 10:00:00,"274,1958312988281","294,640015",2,4,2024-04-27
2024-04-27 11:00:00,"271,4891662597656","308,809998",2,4,2024-04-27
2024-04-27 12:00:00,"267,93487548828125","182,710007",2,4,2024-04-27
2024-04-27 13:00:00,"314,9396057128906","75,019997",2,4,2024-04-27
2024-04-27 14:00:00,"372,4934387207031","156,080002",2,4,2024-04-27
2024-04-27 15:00:00,"440,55389404296875","465,040009",2,4,2024-04-27
2024-04-27 16:00:00,"503,19451904296875","641,330017",2,4,2024-04-27
2024-04-27 17:00:00,"522,7939453125","894,140015",2,4,2024-04-27
2024-04-27 18:00:00,"475,2925109863281","837,23999",2,4,2024-04-27
2024-04-27 19:00:00,"437,42730712890625","633,880005",2,4,2024-04-27
2024-04-27 20:00:00,"352,1224060058594","566,01001",2,4,2024-04-27
2024-04-27 21:00:00,"287,4532470703125","486,440002",2,4,2024-04-27
2024-04-27 22:00:00,"248,72549438476562","420,570007",2,4,2024-04-27
2024-04-27 23:00:00,"245,25209045410156","344,119995",2,4,2024-04-27
2024-04-28 00:00:00,"230,23451232910156","295,350006",2,4,2024-04-28
2024-04-28 01:00:00,"226,21238708496094","241,050003",2,4,2024-04-28
2024-04-28 02:00:00,"220,90370178222656","212,490005",2,4,2024-04-28
2024-04-28 03:00:00,"225,43646240234375","199,059998",2,4,2024-04-28
2024-04-28 04:00:00,"230,23643493652344","74,209999",2,4,2024-04-28
2024-04-28 05:00:00,"235,947509765625","1,86",2,4,2024-04-28
2024-04-28 06:00:00,"264,69793701171875","1,94",2,4,2024-04-28
2024-04-28 07:00:00,"277,42022705078125","1,64",2,4,2024-04-28
2024-04-28 08:00:00,"276,2252197265625","0,0",2,4,2024-04-28
2024-04-28 09:00:00,"256,3169860839844","-7,16",2,4,2024-04-28
2024-04-28 10:00:00,"260,5380859375","-8,28",2,4,2024-04-28
2024-04-28 11:00:00,"248,29078674316406","-18,65",2,4,2024-04-28
2024-04-28 12:00:00,"248,47055053710938","-18,790001",2,4,2024-04-28
2024-04-28 13:00:00,"241,15457153320312","-15,14",2,4,2024-04-28
2024-04-28 14:00:00,"302,0093688964844","-7,31",2,4,2024-04-28
2024-04-28 15:00:00,"309,7784423828125","0,0",2,4,2024-04-28
2024-04-28 16:00:00,"310,9228515625","264,320007",2,4,2024-04-28
2024-04-28 17:00:00,"285,48529052734375","442,350006",2,4,2024-04-28
2024-04-28 18:00:00,"257,23419189453125","577,640015",2,4,2024-04-28
2024-04-28 19:00:00,"229,67864990234375","583,159973",2,4,2024-04-28
2024-04-28 20:00:00,"215,07254028320312","468,079987",2,4,2024-04-28
2024-04-28 21:00:00,"215,305419921875","417,890015",2,4,2024-04-28
2024-04-28 22:00:00,"212,3064727783203","306,529999",2,4,2024-04-28
2024-04-28 23:00:00,"204,87326049804688","370,75",2,4,2024-04-28
2024-07-01 00:00:00,"367,2864074707031","583,150024",3,1,2024-07-01
2024-07-01 01:00:00,"258,9200439453125","581,809998",3,1,2024-07-01
2024-07-01 02:00:00,"225,64808654785156","564,059998",3,1,2024-07-01
2024-07-01 03:00:00,"217,42608642578125","602,76001",3,1,2024-07-01
2024-07-01 04:00:00,"218,4066925048828","907,349976",3,1,2024-07-01
2024-07-01 05:00:00,"249,33888244628906","1028,550049",3,1,2024-07-01
2024-07-01 06:00:00,"307,8923034667969","1061,73999",3,1,2024-07-01
2024-07-01 07:00:00,"328,7265625","841,27002",3,1,2024-07-01
2024-07-01 08:00:00,"327,197509765625","778,929993",3,1,2024-07-01
2024-07-01 09:00:00,"308,4303894042969","642,52002",3,1,2024-07-01
2024-07-01 10:00:00,"295,2513427734375","493,200012",3,1,2024-07-01
2024-07-01 11:00:00,"282,2192687988281","318,609985",3,1,2024-07-01
2024-07-01 12:00:00,"285,5723876953125","258,5",3,1,2024-07-01
2024-07-01 13:00:00,"298,83990478515625","251,929993",3,1,2024-07-01
2024-07-01 14:00:00,"325,34832763671875","273,940002",3,1,2024-07-01
2024-07-01 15:00:00,"360,8625793457031","452,779999",3,1,2024-07-01
2024-07-01 16:00:00,"400,6725158691406","568,080017",3,1,2024-07-01
2024-07-01 17:00:00,"408,470703125","745,890015",3,1,2024-07-01
2024-07-01 18:00:00,"406,505126953125","1214,109985",3,1,2024-07-01
2024-07-01 19:00:00,"350,953369140625","939,719971",3,1,2024-07-01
2024-07-01 20:00:00,"311,4231872558594","782,580017",3,1,2024-07-01
2024-07-01 21:00:00,"291,506103515625","653,700012",3,1,2024-07-01
2024-07-01 22:00:00,"272,23077392578125","593,919983",3,1,2024-07-01
2024-07-01 23:00:00,"262,6399230957031","462,350006",3,1,2024-07-01
2024-07-02 00:00:00,"239,543701171875","375,829987",3,1,2024-07-02
2024-07-02 01:00:00,"236,37850952148438","402,829987",3,1,2024-07-02
2024-07-02 02:00:00,"254,74745178222656","343,98999",3,1,2024-07-02
2024-07-02 03:00:00,"258,91748046875","379,040009",3,1,2024-07-02
2024-07-02 04:00:00,"282,9695739746094","571,320007",3,1,2024-07-02
2024-07-02 05:00:00,"316,63720703125","732,940002",3,1,2024-07-02
2024-07-02 06:00:00,"369,8537902832031","737,200012",3,1,2024-07-02
2024-07-02 07:00:00,"421,367431640625","636,950012",3,1,2024-07-02
2024-07-02 08:00:00,"437,1675720214844","605,030029",3,1,2024-07-02
2024-07-02 09:00:00,"433,6513366699219","542,75",3,1,2024-07-02
2024-07-02 10:00:00,"406,2259826660156","529,400024",3,1,2024-07-02
2024-07-02 11:00:00,"417,4058532714844","503,450012",3,1,2024-07-02
2024-07-02 12:00:00,"401,5384521484375","443,559998",3,1,2024-07-02
2024-07-02 13:00:00,"406,13543701171875","450,570007",3,1,2024-07-02
2024-07-02 14:00:00,"542,4166259765625","540,289978",3,1,2024-07-02
2024-07-02 15:00:00,"583,4384765625","552,52002",3,1,2024-07-02
2024-07-02 16:00:00,"589,083984375","617,190002",3,1,2024-07-02
2024-07-02 17:00:00,"562,6279907226562","754,349976",3,1,2024-07-02
2024-07-02 18:00:00,"480,47332763671875","837,140015",3,1,2024-07-02
2024-07-02 19:00:00,"431,1671142578125","634,419983",3,1,2024-07-02
2024-07-02 20:00:00,"361,0147399902344","345,779999",3,1,2024-07-02
2024-07-02 21:00:00,"307,3346862792969","301,100006",3,1,2024-07-02
2024-07-02 22:00:00,"295,8846740722656","277,459991",3,1,2024-07-02
2024-07-02 23:00:00,"274,8337097167969","268,809998",3,1,2024-07-02
2024-07-03 00:00:00,"259,6145935058594","267,23999",3,1,2024-07-03
2024-07-03 01:00:00,"256,1775207519531","270,380005",3,1,2024-07-03
2024-07-03 02:00:00,"267,7589111328125","288,649994",3,1,2024-07-03
2024-07-03 03:00:00,"286,8660888671875","439,309998",3,1,2024-07-03
2024-07-03 04:00:00,"312,0328674316406","647,929993",3,1,2024-07-03
2024-07-03 05:00:00,"369,9494934082031","729,599976",3,1,2024-07-03
2024-07-03 06:00:00,"456,6474914550781","771,669983",3,1,2024-07-03
2024-07-03 07:00:00,"544,7407836914062","457,959991",3,1,2024-07-03
2024-07-03 08:00:00,"576,4963989257812","323,029999",3,1,2024-07-03
2024-07-03 09:00:00,"591,7625732421875","298,119995",3,1,2024-07-03
2024-07-03 10:00:00,"574,0640869140625","291,859985",3,1,2024-07-03
2024-07-03 11:00:00,"577,2113037109375","296,179993",3,1,2024-07-03
2024-07-03 12:00:00,"544,1873168945312","306,100006",3,1,2024-07-03
2024-07-03 13:00:00,"564,9940795898438","317,220001",3,1,2024-07-03
2024-07-03 14:00:00,"596,9393920898438","376,660004",3,1,2024-07-03
2024-07-03 15:00:00,"613,6903076171875","590,5",3,1,2024-07-03
2024-07-03 16:00:00,"650,0198364257812","725,049988",3,1,2024-07-03
2024-07-03 17:00:00,"615,7640991210938","864,75",3,1,2024-07-03
2024-07-03 18:00:00,"570,7511596679688","1193,079956",3,1,2024-07-03
2024-07-03 19:00:00,"513,1697998046875","843,570007",3,1,2024-07-03
2024-07-03 20:00:00,"399,9396057128906","677,390015",3,1,2024-07-03
2024-07-03 21:00:00,"389,0136413574219","513,900024",3,1,2024-07-03
2024-07-03 22:00:00,"333,55322265625","436,329987",3,1,2024-07-03
2024-07-03 23:00:00,"308,7071228027344","228,75",3,1,2024-07-03
2024-07-04 00:00:00,"296,5289001464844","191,240005",3,1,2024-07-04
2024-07-04 01:00:00,"276,56512451171875","130,149994",3,1,2024-07-04
2024-07-04 02:00:00,"275,23565673828125","72,870003",3,1,2024-07-04
2024-07-04 03:00:00,"281,8169860839844","74,730003",3,1,2024-07-04
2024-07-04 04:00:00,"309,98162841796875","197,429993",3,1,2024-07-04
2024-07-04 05:00:00,"352,1603088378906","223,759995",3,1,2024-07-04
2024-07-04 06:00:00,"410,23211669921875","235,910004",3,1,2024-07-04
2024-07-04 07:00:00,"441,0415344238281","178,630005",3,1,2024-07-04
2024-07-04 08:00:00,"422,6370849609375","26,700001",3,1,2024-07-04
2024-07-04 09:00:00,"413,2250061035156","21,780001",3,1,2024-07-04
2024-07-04 10:00:00,"377,3958740234375","20,440001",3,1,2024-07-04
2024-07-04 11:00:00,"347,0723571777344","7,23",3,1,2024-07-04
2024-07-04 12:00:00,"374,6533508300781","0,0",3,1,2024-07-04
2024-07-04 13:00:00,"391,15362548828125","0,0",3,1,2024-07-04
2024-07-04 14:00:00,"463,9308166503906","-0,07",3,1,2024-07-04
2024-07-04 15:00:00,"466,64251708984375","11,26",3,1,2024-07-04
2024-07-04 16:00:00,"493,02557373046875","87,410004",3,1,2024-07-04
2024-07-04 17:00:00,"461,504150390625","216,300003",3,1,2024-07-04
2024-07-04 18:00:00,"468,1290588378906","336,160004",3,1,2024-07-04
2024-07-04 19:00:00,"379,111328125","289,320007",3,1,2024-07-04
2024-07-04 20:00:00,"323,5948181152344","288,5",3,1,2024-07-04
2024-07-04 21:00:00,"298,099853515625","284,170013",3,1,2024-07-04
2024-07-04 22:00:00,"255,8257598876953","51,610001",3,1,2024-07-04
2024-07-04 23:00:00,"236,17771911621094","35,130001",3,1,2024-07-04
2024-07-05 00:00:00,"201,52342224121094","30,73",3,1,2024-07-05
2024-07-05 01:00:00,"209,3904266357422","19,91",3,1,2024-07-05
2024-07-05 02:00:00,"215,27090454101562","21,780001",3,1,2024-07-05
2024-07-05 03:00:00,"215,00611877441406","42,66",3,1,2024-07-05
2024-07-05 04:00:00,"230,89869689941406","149,100006",3,1,2024-07-05
2024-07-05 05:00:00,"265,533935546875","213,990005",3,1,2024-07-05
2024-07-05 06:00:00,"334,6871643066406","221,369995",3,1,2024-07-05
2024-07-05 07:00:00,"346,1323547363281","138,429993",3,1,2024-07-05
2024-07-05 08:00:00,"330,037841796875","22,0",3,1,2024-07-05
2024-07-05 09:00:00,"313,1153259277344","3,06",3,1,2024-07-05
2024-07-05 10:00:00,"282,7268981933594","-0,3",3,1,2024-07-05
2024-07-05 11:00:00,"275,8805847167969","-4,1",3,1,2024-07-05
2024-07-05 12:00:00,"246,6817626953125","-5,74",3,1,2024-07-05
2024-07-05 13:00:00,"262,76776123046875","-0,22",3,1,2024-07-05
2024-07-05 14:00:00,"313,778564453125","14,4",3,1,2024-07-05
2024-07-05 15:00:00,"341,35052490234375","97,410004",3,1,2024-07-05
2024-07-05 16:00:00,"367,6109313964844","173,559998",3,1,2024-07-05
2024-07-05 17:00:00,"353,551025390625","273,730011",3,1,2024-07-05
2024-07-05 18:00:00,"344,7565002441406","282,01001",3,1,2024-07-05
2024-07-05 19:00:00,"275,3440856933594","447,959991",3,1,2024-07-05
2024-07-05 20:00:00,"246,35470581054688","618,02002",3,1,2024-07-05
2024-07-05 21:00:00,"238,53662109375","633,609985",3,1,2024-07-05
2024-07-05 22:00:00,"224,42893981933594","637,890015",3,1,2024-07-05
2024-07-05 23:00:00,"200,76263427734375","492,73999",3,1,2024-07-05
2024-07-06 00:00:00,"171,64952087402344","473,799988",3,1,2024-07-06
2024-07-06 01:00:00,"146,41741943359375","346,540009",3,1,2024-07-06
2024-07-06 02:00:00,"149,32778930664062","288,070007",3,1,2024-07-06
2024-07-06 03:00:00,"132,94879150390625","117,029999",3,1,2024-07-06
2024-07-06 04:00:00,"131,5666046142578","41,77",3,1,2024-07-06
2024-07-06 05:00:00,"165,75473022460938","41,02",3,1,2024-07-06
2024-07-06 06:00:00,"203,00711059570312","25,959999",3,1,2024-07-06
2024-07-06 07:00:00,"223,166259765625","2,39",3,1,2024-07-06
2024-07-06 08:00:00,"268,1729736328125","-0,3",3,1,2024-07-06
2024-07-06 09:00:00,"273,5755310058594","-0,15",3,1,2024-07-06
2024-07-06 10:00:00,"267,9294738769531","-0,22",3,1,2024-07-06
2024-07-06 11:00:00,"265,12054443359375","-0,9",3,1,2024-07-06
2024-07-06 12:00:00,"263,19189453125","-16,26",3,1,2024-07-06
2024-07-06 13:00:00,"308,6199645996094","-20,209999",3,1,2024-07-06
2024-07-06 14:00:00,"379,9736022949219","-4,48",3,1,2024-07-06
2024-07-06 15:00:00,"448,6602783203125","0,07",3,1,2024-07-06
2024-07-06 16:00:00,"519,2813110351562","14,47",3,1,2024-07-06
2024-07-06 17:00:00,"546,2973022460938","3,28",3,1,2024-07-06
2024-07-06 18:00:00,"491,20965576171875","49,900002",3,1,2024-07-06
2024-07-06 19:00:00,"446,454345703125","70,110001",3,1,2024-07-06
2024-07-06 20:00:00,"339,88037109375","134,259995",3,1,2024-07-06
2024-07-06 21:00:00,"289,8421936035156","50,5",3,1,2024-07-06
2024-07-06 22:00:00,"251,04281616210938","-0,15",3,1,2024-07-06
2024-07-06 23:00:00,"238,25830078125","-0,75",3,1,2024-07-06
2024-07-07 00:00:00,"217,72860717773438","-5,97",3,1,2024-07-07
2024-07-07 01:00:00,"215,540283203125","-3,58",3,1,2024-07-07
2024-07-07 02:00:00,"216,9619598388672","-0,45",3,1,2024-07-07
2024-07-07 03:00:00,"211,6935577392578","-0,07",3,1,2024-07-07
2024-07-07 04:00:00,"208,30471801757812","-0,07",3,1,2024-07-07
2024-07-07 05:00:00,"211,9073486328125","-0,07",3,1,2024-07-07
2024-07-07 06:00:00,"236,9325714111328","-4,55",3,1,2024-07-07
2024-07-07 07:00:00,"280,6124572753906","-48,25",3,1,2024-07-07
2024-07-07 08:00:00,"272,2247619628906","-74,43",3,1,2024-07-07
2024-07-07 09:00:00,"252,7286834716797","-89,800003",3,1,2024-07-07
2024-07-07 10:00:00,"267,7198486328125","-100,610001",3,1,2024-07-07
2024-07-07 11:00:00,"255,142822265625","-112,019997",3,1,2024-07-07
2024-07-07 12:00:00,"255,4739990234375","-148,419998",3,1,2024-07-07
2024-07-07 13:00:00,"249,40145874023438","-90,989998",3,1,2024-07-07
2024-07-07 14:00:00,"280,2331237792969","-45,939999",3,1,2024-07-07
2024-07-07 15:00:00,"294,2000732421875","-0,6",3,1,2024-07-07
2024-07-07 16:00:00,"316,19598388671875","477,23999",3,1,2024-07-07
2024-07-07 17:00:00,"285,6286315917969","673,23999",3,1,2024-07-07
2024-07-07 18:00:00,"266,19622802734375","937,030029",3,1,2024-07-07
2024-07-07 19:00:00,"252,5203399658203","993,190002",3,1,2024-07-07
2024-07-07 20:00:00,"222,17535400390625","859,169983",3,1,2024-07-07
2024-07-07 21:00:00,"211,5413818359375","724,400024",3,1,2024-07-07
2024-07-07 22:00:00,"207,11199951171875","608,72998",3,1,2024-07-07
2024-07-07 23:00:00,"208,37744140625","571,659973",3,1,2024-07-07
2024-07-08 00:00:00,"322,7898864746094","552,48999",3,2,2024-07-08
2024-07-08 01:00:00,"242,0572509765625","579,640015",3,2,2024-07-08
2024-07-08 02:00:00,"217,0498809814453","568,900024",3,2,2024-07-08
2024-07-08 03:00:00,"217,42855834960938","592,469971",3,2,2024-07-08
2024-07-08 04:00:00,"224,124267578125","820,390015",3,2,2024-07-08
2024-07-08 05:00:00,"255,87667846679688","948,52002",3,2,2024-07-08
2024-07-08 06:00:00,"314,4967041015625","750,580017",3,2,2024-07-08
2024-07-08 07:00:00,"337,1414489746094","578,820007",3,2,2024-07-08
2024-07-08 08:00:00,"334,5967712402344","402,209991",3,2,2024-07-08
2024-07-08 09:00:00,"315,35089111328125","286,609985",3,2,2024-07-08
2024-07-08 10:00:00,"287,2605285644531","237,089996",3,2,2024-07-08
2024-07-08 11:00:00,"270,73992919921875","219,639999",3,2,2024-07-08
2024-07-08 12:00:00,"269,0442199707031","220,460007",3,2,2024-07-08
2024-07-08 13:00:00,"283,8469543457031","274,079987",3,2,2024-07-08
2024-07-08 14:00:00,"310,2789001464844","477,320007",3,2,2024-07-08
2024-07-08 15:00:00,"354,35284423828125","598,140015",3,2,2024-07-08
2024-07-08 16:00:00,"400,6391296386719","765,419983",3,2,2024-07-08
2024-07-08 17:00:00,"407,1786193847656","1017,950012",3,2,2024-07-08
2024-07-08 18:00:00,"405,753662109375","1919,339966",3,2,2024-07-08
2024-07-08 19:00:00,"352,7437744140625","1295,390015",3,2,2024-07-08
2024-07-08 20:00:00,"313,6152648925781","847,609985",3,2,2024-07-08
2024-07-08 21:00:00,"293,6924743652344","686,289978",3,2,2024-07-08
2024-07-08 22:00:00,"276,1748962402344","787,049988",3,2,2024-07-08
2024-07-08 23:00:00,"266,5106201171875","715,73999",3,2,2024-07-08
2024-07-09 00:00:00,"242,9066619873047","694,26001",3,2,2024-07-09
2024-07-09 01:00:00,"245,39712524414062","679,789978",3,2,2024-07-09
2024-07-09 02:00:00,"254,09066772460938","653,840027",3,2,2024-07-09
2024-07-09 03:00:00,"258,6451416015625","722,22998",3,2,2024-07-09
2024-07-09 04:00:00,"281,5350341796875","830,76001",3,2,2024-07-09
2024-07-09 05:00:00,"314,8517150878906","773,919983",3,2,2024-07-09
2024-07-09 06:00:00,"369,0989685058594","701,119995",3,2,2024-07-09
2024-07-09 07:00:00,"422,171630859375","501,679993",3,2,2024-07-09
2024-07-09 08:00:00,"437,30426025390625","347,799988",3,2,2024-07-09
2024-07-09 09:00:00,"434,3559875488281","251,440002",3,2,2024-07-09
2024-07-09 10:00:00,"409,7882995605469","163,720001",3,2,2024-07-09
2024-07-09 11:00:00,"417,947021484375","119,190002",3,2,2024-07-09
2024-07-09 12:00:00,"394,8595886230469","32,369999",3,2,2024-07-09
2024-07-09 13:00:00,"401,1425476074219","82,639999",3,2,2024-07-09
2024-07-09 14:00:00,"531,8536987304688","400,76001",3,2,2024-07-09
2024-07-09 15:00:00,"560,6052856445312","609,309998",3,2,2024-07-09
2024-07-09 16:00:00,"588,3817138671875","740,429993",3,2,2024-07-09
2024-07-09 17:00:00,"561,4527587890625","822,47998",3,2,2024-07-09
2024-07-09 18:00:00,"493,5991516113281","841,349976",3,2,2024-07-09
2024-07-09 19:00:00,"444,8473815917969","748,26001",3,2,2024-07-09
2024-07-09 20:00:00,"373,03826904296875","338,779999",3,2,2024-07-09
2024-07-09 21:00:00,"334,8084716796875","301,779999",3,2,2024-07-09
2024-07-09 22:00:00,"317,1879577636719","216,029999",3,2,2024-07-09
2024-07-09 23:00:00,"297,0527648925781","210,210007",3,2,2024-07-09
2024-07-10 00:00:00,"266,6175842285156","203,050003",3,2,2024-07-10
2024-07-10 01:00:00,"263,71868896484375","196,110001",3,2,2024-07-10
2024-07-10 02:00:00,"278,9837646484375","191,789993",3,2,2024-07-10
2024-07-10 03:00:00,"281,92950439453125","201,710007",3,2,2024-07-10
2024-07-10 04:00:00,"307,31280517578125","300,700012",3,2,2024-07-10
2024-07-10 05:00:00,"370,35919189453125","325,089996",3,2,2024-07-10
2024-07-10 06:00:00,"470,4396667480469","622,809998",3,2,2024-07-10
2024-07-10 07:00:00,"557,933837890625","586,109985",3,2,2024-07-10
2024-07-10 08:00:00,"590,8970336914062","484,880005",3,2,2024-07-10
2024-07-10 09:00:00,"597,8683471679688","416,029999",3,2,2024-07-10
2024-07-10 10:00:00,"580,1622314453125","351,570007",3,2,2024-07-10
2024-07-10 11:00:00,"580,20068359375","304,059998",3,2,2024-07-10
2024-07-10 12:00:00,"553,2842407226562","392,149994",3,2,2024-07-10
2024-07-10 13:00:00,"578,7803955078125","394,690002",3,2,2024-07-10
2024-07-10 14:00:00,"600,7890625","503,380005",3,2,2024-07-10
2024-07-10 15:00:00,"614,2874755859375","597,820007",3,2,2024-07-10
2024-07-10 16:00:00,"650,0322265625","602,219971",3,2,2024-07-10
2024-07-10 17:00:00,"612,0821533203125","743,880005",3,2,2024-07-10
2024-07-10 18:00:00,"569,6245727539062","1108,579956",3,2,2024-07-10
2024-07-10 19:00:00,"511,3455505371094","1223,97998",3,2,2024-07-10
2024-07-10 20:00:00,"396,8168640136719","850,179993",3,2,2024-07-10
2024-07-10 21:00:00,"375,44659423828125","693,150024",3,2,2024-07-10
2024-07-10 22:00:00,"318,1155700683594","716,380005",3,2,2024-07-10
2024-07-10 23:00:00,"301,6614685058594","596,48999",3,2,2024-07-10
2024-07-11 00:00:00,"291,3787841796875","574,919983",3,2,2024-07-11
2024-07-11 01:00:00,"275,88543701171875","593,869995",3,2,2024-07-11
2024-07-11 02:00:00,"266,3533935546875","599,169983",3,2,2024-07-11
2024-07-11 03:00:00,"279,84637451171875","611,630005",3,2,2024-07-11
2024-07-11 04:00:00,"313,1485900878906","803,599976",3,2,2024-07-11
2024-07-11 05:00:00,"329,7272644042969","895,289978",3,2,2024-07-11
2024-07-11 06:00:00,"395,9226379394531","794,789978",3,2,2024-07-11
2024-07-11 07:00:00,"443,4290771484375","664,830017",3,2,2024-07-11
2024-07-11 08:00:00,"409,977783203125","602,01001",3,2,2024-07-11
2024-07-11 09:00:00,"394,08673095703125","496,880005",3,2,2024-07-11
2024-07-11 10:00:00,"357,4214782714844","428,540009",3,2,2024-07-11
2024-07-11 11:00:00,"317,804443359375","355,880005",3,2,2024-07-11
2024-07-11 12:00:00,"314,7358703613281","331,850006",3,2,2024-07-11
2024-07-11 13:00:00,"332,41204833984375","373,779999",3,2,2024-07-11
2024-07-11 14:00:00,"453,0743713378906","454,959991",3,2,2024-07-11
2024-07-11 15:00:00,"475,52264404296875","611,109985",3,2,2024-07-11
2024-07-11 16:00:00,"491,3091735839844","683,25",3,2,2024-07-11
2024-07-11 17:00:00,"457,8564453125","895,289978",3,2,2024-07-11
2024-07-11 18:00:00,"444,17108154296875","1375,23999",3,2,2024-07-11
2024-07-11 19:00:00,"352,7769775390625","1244,0",3,2,2024-07-11
2024-07-11 20:00:00,"304,5405578613281","907,150024",3,2,2024-07-11
2024-07-11 21:00:00,"296,7852783203125","732,049988",3,2,2024-07-11
2024-07-11 22:00:00,"242,25347900390625","764,130005",3,2,2024-07-11
2024-07-11 23:00:00,"236,2413330078125","651,400024",3,2,2024-07-11
2024-07-12 00:00:00,"214,7005615234375","609,619995",3,2,2024-07-12
2024-07-12 01:00:00,"213,33877563476562","604,619995",3,2,2024-07-12
2024-07-12 02:00:00,"215,94227600097656","598,650024",3,2,2024-07-12
2024-07-12 03:00:00,"216,1522674560547","613,5",3,2,2024-07-12
2024-07-12 04:00:00,"229,3378448486328","805,309998",3,2,2024-07-12
2024-07-12 05:00:00,"273,6601257324219","820,080017",3,2,2024-07-12
2024-07-12 06:00:00,"313,6722412109375","817,690002",3,2,2024-07-12
2024-07-12 07:00:00,"331,1673278808594","763,97998",3,2,2024-07-12
2024-07-12 08:00:00,"302,4568176269531","715,26001",3,2,2024-07-12
2024-07-12 09:00:00,"281,04022216796875","670,200012",3,2,2024-07-12
2024-07-12 10:00:00,"273,6317443847656","621,099976",3,2,2024-07-12
2024-07-12 11:00:00,"272,7686767578125","586,409973",3,2,2024-07-12
2024-07-12 12:00:00,"249,28335571289062","582,22998",3,2,2024-07-12
2024-07-12 13:00:00,"256,0186767578125","583,349976",3,2,2024-07-12
2024-07-12 14:00:00,"300,9219055175781","624,159973",3,2,2024-07-12
2024-07-12 15:00:00,"344,7262878417969","589,400024",3,2,2024-07-12
2024-07-12 16:00:00,"365,05718994140625","671,840027",3,2,2024-07-12
2024-07-12 17:00:00,"355,2457275390625","720,849976",3,2,2024-07-12
2024-07-12 18:00:00,"314,4988708496094","679,299988",3,2,2024-07-12
2024-07-12 19:00:00,"264,4569091796875","688,919983",3,2,2024-07-12
2024-07-12 20:00:00,"257,1148986816406","313,950012",3,2,2024-07-12
2024-07-12 21:00:00,"230,888427734375","197,559998",3,2,2024-07-12
2024-07-12 22:00:00,"219,5691375732422","154,669998",3,2,2024-07-12
2024-07-12 23:00:00,"198,4479217529297","99,459999",3,2,2024-07-12
2024-07-13 00:00:00,"174,78480529785156","68,339996",3,2,2024-07-13
2024-07-13 01:00:00,"155,46945190429688","59,689999",3,2,2024-07-13
2024-07-13 02:00:00,"153,64231872558594","46,040001",3,2,2024-07-13
2024-07-13 03:00:00,"141,5690460205078","88,410004",3,2,2024-07-13
2024-07-13 04:00:00,"147,52845764160156","227,860001",3,2,2024-07-13
2024-07-13 05:00:00,"182,3756103515625","207,570007",3,2,2024-07-13
2024-07-13 06:00:00,"215,4426727294922","198,470001",3,2,2024-07-13
2024-07-13 07:00:00,"233,949462890625","156,460007",3,2,2024-07-13
2024-07-13 08:00:00,"289,1684265136719","38,5",3,2,2024-07-13
2024-07-13 09:00:00,"296,6851806640625","0,3",3,2,2024-07-13
2024-07-13 10:00:00,"300,0704345703125","-0,07",3,2,2024-07-13
2024-07-13 11:00:00,"299,63006591796875","-6,49",3,2,2024-07-13
2024-07-13 12:00:00,"302,5211181640625","-6,04",3,2,2024-07-13
2024-07-13 13:00:00,"344,9541320800781","-0,45",3,2,2024-07-13
2024-07-13 14:00:00,"397,4950866699219","11,34",3,2,2024-07-13
2024-07-13 15:00:00,"455,7665710449219","47,150002",3,2,2024-07-13
2024-07-13 16:00:00,"522,8453369140625","167,429993",3,2,2024-07-13
2024-07-13 17:00:00,"546,8140869140625","375,519989",3,2,2024-07-13
2024-07-13 18:00:00,"495,0392150878906","562,950012",3,2,2024-07-13
2024-07-13 19:00:00,"442,46429443359375","568,98999",3,2,2024-07-13
2024-07-13 20:00:00,"363,4383544921875","588,23999",3,2,2024-07-13
2024-07-13 21:00:00,"307,9568786621094","470,049988",3,2,2024-07-13
2024-07-13 22:00:00,"259,3651123046875","663,700012",3,2,2024-07-13
2024-07-13 23:00:00,"247,8527069091797","471,48999",3,2,2024-07-13
2024-07-14 00:00:00,"235,63638305664062","413,73999",3,2,2024-07-14
2024-07-14 01:00:00,"234,98422241210938","330,540009",3,2,2024-07-14
2024-07-14 02:00:00,"233,6632537841797","283,01001",3,2,2024-07-14
2024-07-14 03:00:00,"232,63731384277344","274,660004",3,2,2024-07-14
2024-07-14 04:00:00,"234,57139587402344","238,470001",3,2,2024-07-14
2024-07-14 05:00:00,"234,8035125732422","106,550003",3,2,2024-07-14
2024-07-14 06:00:00,"265,3359375","2,16",3,2,2024-07-14
2024-07-14 07:00:00,"283,69049072265625","-17,09",3,2,2024-07-14
2024-07-14 08:00:00,"272,1440734863281","-22,530001",3,2,2024-07-14
2024-07-14 09:00:00,"258,7839660644531","-25,370001",3,2,2024-07-14
2024-07-14 10:00:00,"262,2336730957031","-31,49",3,2,2024-07-14
2024-07-14 11:00:00,"248,92333984375","-38,5",3,2,2024-07-14
2024-07-14 12:00:00,"245,2342071533203","-47,830002",3,2,2024-07-14
2024-07-14 13:00:00,"254,57757568359375","-39,990002",3,2,2024-07-14
2024-07-14 14:00:00,"282,7160339355469","-75,809998",3,2,2024-07-14
2024-07-14 15:00:00,"299,5127868652344","13,95",3,2,2024-07-14
2024-07-14 16:00:00,"312,6669921875","301,890015",3,2,2024-07-14
2024-07-14 17:00:00,"287,83038330078125","685,929993",3,2,2024-07-14
2024-07-14 18:00:00,"259,1026916503906","864,030029",3,2,2024-07-14
2024-07-14 19:00:00,"255,10501098632812","810,909973",3,2,2024-07-14
2024-07-14 20:00:00,"225,782470703125","789,719971",3,2,2024-07-14
2024-07-14 21:00:00,"214,92889404296875","649,590027",3,2,2024-07-14
2024-07-14 22:00:00,"209,73687744140625","592,070007",3,2,2024-07-14
2024-07-14 23:00:00,"212,74465942382812","494,25",3,2,2024-07-14
2024-07-15 00:00:00,"300,0594177246094","434,029999",3,3,2024-07-15
2024-07-15 01:00:00,"241,9593048095703","361,059998",3,3,2024-07-15
2024-07-15 02:00:00,"207,60626220703125","388,73999",3,3,2024-07-15
2024-07-15 03:00:00,"218,1397247314453","482,160004",3,3,2024-07-15
2024-07-15 04:00:00,"219,22122192382812","482,609985",3,3,2024-07-15
2024-07-15 05:00:00,"250,6459503173828","482,380005",3,3,2024-07-15
2024-07-15 06:00:00,"295,9557189941406","482,079987",3,3,2024-07-15
2024-07-15 07:00:00,"304,4799499511719","299,200012",3,3,2024-07-15
2024-07-15 08:00:00,"306,0755615234375","196,979996",3,3,2024-07-15
2024-07-15 09:00:00,"296,8260803222656","149,449997",3,3,2024-07-15
2024-07-15 10:00:00,"280,22705078125","3,28",3,3,2024-07-15
2024-07-15 11:00:00,"268,56103515625","-0,07",3,3,2024-07-15
2024-07-15 12:00:00,"270,57421875","-0,52",3,3,2024-07-15
2024-07-15 13:00:00,"288,4194641113281","155,270004",3,3,2024-07-15
2024-07-15 14:00:00,"306,2404479980469","201,610001",3,3,2024-07-15
2024-07-15 15:00:00,"353,49566650390625","611,840027",3,3,2024-07-15
2024-07-15 16:00:00,"399,1306457519531","853,219971",3,3,2024-07-15
2024-07-15 17:00:00,"407,10089111328125","1486,98999",3,3,2024-07-15
2024-07-15 18:00:00,"405,38323974609375","1678,530029",3,3,2024-07-15
2024-07-15 19:00:00,"352,5850524902344","1071,160034",3,3,2024-07-15
2024-07-15 20:00:00,"308,7294616699219","690,030029",3,3,2024-07-15
2024-07-15 21:00:00,"293,347900390625","597,659973",3,3,2024-07-15
2024-07-15 22:00:00,"275,2460021972656","571,47998",3,3,2024-07-15
2024-07-15 23:00:00,"265,4394836425781","475,829987",3,3,2024-07-15
2024-07-16 00:00:00,"242,74105834960938","391,660004",3,3,2024-07-16
2024-07-16 01:00:00,"239,03915405273438","274,73999",3,3,2024-07-16
2024-07-16 02:00:00,"250,5045928955078","284,730011",3,3,2024-07-16
2024-07-16 03:00:00,"258,6510925292969","375,470001",3,3,2024-07-16
2024-07-16 04:00:00,"284,06072998046875","531,859985",3,3,2024-07-16
2024-07-16 05:00:00,"317,9605407714844","593,049988",3,3,2024-07-16
2024-07-16 06:00:00,"371,0989990234375","568,349976",3,3,2024-07-16
2024-07-16 07:00:00,"423,8175048828125","440,76001",3,3,2024-07-16
2024-07-16 08:00:00,"438,6781921386719","187,960007",3,3,2024-07-16
2024-07-16 09:00:00,"436,5106201171875","158,630005",3,3,2024-07-16
2024-07-16 10:00:00,"398,7017822265625","118,190002",3,3,2024-07-16
2024-07-16 11:00:00,"407,3439025878906","101,400002",3,3,2024-07-16
2024-07-16 12:00:00,"387,9529724121094","30,290001",3,3,2024-07-16
2024-07-16 13:00:00,"391,0467529296875","21,639999",3,3,2024-07-16
2024-07-16 14:00:00,"539,7356567382812","0,07",3,3,2024-07-16
2024-07-16 15:00:00,"581,7396850585938","190,570007",3,3,2024-07-16
2024-07-16 16:00:00,"588,00048828125","444,709991",3,3,2024-07-16
2024-07-16 17:00:00,"560,6834716796875","611,780029",3,3,2024-07-16
2024-07-16 18:00:00,"496,27325439453125","907,330017",3,3,2024-07-16
2024-07-16 19:00:00,"465,8095397949219","852,710022",3,3,2024-07-16
2024-07-16 20:00:00,"413,63848876953125","789,51001",3,3,2024-07-16
2024-07-16 21:00:00,"386,728515625","629,090027",3,3,2024-07-16
2024-07-16 22:00:00,"382,2135314941406","652,109985",3,3,2024-07-16
2024-07-16 23:00:00,"362,7735900878906","544,52002",3,3,2024-07-16
2024-07-17 00:00:00,"351,2988586425781","543,330017",3,3,2024-07-17
2024-07-17 01:00:00,"342,2311706542969","526,23999",3,3,2024-07-17
2024-07-17 02:00:00,"329,2771911621094","530,119995",3,3,2024-07-17
2024-07-17 03:00:00,"328,5104675292969","577,799988",3,3,2024-07-17
2024-07-17 04:00:00,"343,0592956542969","671,880005",3,3,2024-07-17
2024-07-17 05:00:00,"382,6191711425781","744,330017",3,3,2024-07-17
2024-07-17 06:00:00,"469,7337646484375","788,650024",3,3,2024-07-17
2024-07-17 07:00:00,"558,2954711914062","575,559998",3,3,2024-07-17
2024-07-17 08:00:00,"591,4652099609375","434,170013",3,3,2024-07-17
2024-07-17 09:00:00,"598,6161499023438","311,51001",3,3,2024-07-17
2024-07-17 10:00:00,"570,7589721679688","243,160004",3,3,2024-07-17
2024-07-17 11:00:00,"574,9951782226562","163,029999",3,3,2024-07-17
2024-07-17 12:00:00,"544,4531860351562","80,580002",3,3,2024-07-17
2024-07-17 13:00:00,"565,6990966796875","100,5",3,3,2024-07-17
2024-07-17 14:00:00,"600,7369995117188","290,089996",3,3,2024-07-17
2024-07-17 15:00:00,"616,94287109375","460,209991",3,3,2024-07-17
2024-07-17 16:00:00,"648,0433349609375","618,76001",3,3,2024-07-17
2024-07-17 17:00:00,"613,2167358398438","797,530029",3,3,2024-07-17
2024-07-17 18:00:00,"569,8007202148438","984,280029",3,3,2024-07-17
2024-07-17 19:00:00,"511,625244140625","1044,790039",3,3,2024-07-17
2024-07-17 20:00:00,"405,1045837402344","857,369995",3,3,2024-07-17
2024-07-17 21:00:00,"384,3124694824219","687,700012",3,3,2024-07-17
2024-07-17 22:00:00,"320,1664123535156","506,570007",3,3,2024-07-17
2024-07-17 23:00:00,"302,4517822265625","544,679993",3,3,2024-07-17
2024-07-18 00:00:00,"298,0135498046875","493,589996",3,3,2024-07-18
2024-07-18 01:00:00,"279,7139892578125","491,200012",3,3,2024-07-18
2024-07-18 02:00:00,"265,9317321777344","466,880005",3,3,2024-07-18
2024-07-18 03:00:00,"279,3807373046875","298,369995",3,3,2024-07-18
2024-07-18 04:00:00,"311,58905029296875","650,309998",3,3,2024-07-18
2024-07-18 05:00:00,"328,63262939453125","704,909973",3,3,2024-07-18
2024-07-18 06:00:00,"401,5426330566406","506,269989",3,3,2024-07-18
2024-07-18 07:00:00,"436,1840515136719","351,339996",3,3,2024-07-18
2024-07-18 08:00:00,"406,1935729980469","270,779999",3,3,2024-07-18
2024-07-18 09:00:00,"398,778076171875","253,470001",3,3,2024-07-18
2024-07-18 10:00:00,"365,28619384765625","253,25",3,3,2024-07-18
2024-07-18 11:00:00,"333,28814697265625","252,800003",3,3,2024-07-18
2024-07-18 12:00:00,"346,15673828125","254,360001",3,3,2024-07-18
2024-07-18 13:00:00,"362,54473876953125","260,929993",3,3,2024-07-18
2024-07-18 14:00:00,"452,99237060546875","197,080002",3,3,2024-07-18
2024-07-18 15:00:00,"485,5806884765625","637,630005",3,3,2024-07-18
2024-07-18 16:00:00,"491,05474853515625","686,26001",3,3,2024-07-18
2024-07-18 17:00:00,"457,6020202636719","952,26001",3,3,2024-07-18
2024-07-18 18:00:00,"443,7463073730469","1382,819946",3,3,2024-07-18
2024-07-18 19:00:00,"352,6275939941406","1318,290039",3,3,2024-07-18
2024-07-18 20:00:00,"303,8648986816406","891,690002",3,3,2024-07-18
2024-07-18 21:00:00,"296,7561950683594","760,26001",3,3,2024-07-18
2024-07-18 22:00:00,"242,1409149169922","672,26001",3,3,2024-07-18
2024-07-18 23:00:00,"236,57518005371094","600,200012",3,3,2024-07-18
2024-07-19 00:00:00,"213,13250732421875","596,169983",3,3,2024-07-19
2024-07-19 01:00:00,"208,4397735595703","583,47998",3,3,2024-07-19
2024-07-19 02:00:00,"205,10049438476562","606,390015",3,3,2024-07-19
2024-07-19 03:00:00,"214,5633087158203","667,039978",3,3,2024-07-19
2024-07-19 04:00:00,"227,33238220214844","827,289978",3,3,2024-07-19
2024-07-19 05:00:00,"271,9415283203125","810,72998",3,3,2024-07-19
2024-07-19 06:00:00,"308,38421630859375","734,109985",3,3,2024-07-19
2024-07-19 07:00:00,"330,65594482421875","607,51001",3,3,2024-07-19
2024-07-19 08:00:00,"301,9454345703125","522,22998",3,3,2024-07-19
2024-07-19 09:00:00,"280,23614501953125","438,299988",3,3,2024-07-19
2024-07-19 10:00:00,"272,8276672363281","330,799988",3,3,2024-07-19
2024-07-19 11:00:00,"271,9159240722656","272,309998",3,3,2024-07-19
2024-07-19 12:00:00,"249,09068298339844","270,070007",3,3,2024-07-19
2024-07-19 13:00:00,"256,3126220703125","317,369995",3,3,2024-07-19
2024-07-19 14:00:00,"290,2189636230469","475,899994",3,3,2024-07-19
2024-07-19 15:00:00,"312,2314453125","576,98999",3,3,2024-07-19
2024-07-19 16:00:00,"353,3312683105469","683,460022",3,3,2024-07-19
2024-07-19 17:00:00,"341,1682434082031","888,099976",3,3,2024-07-19
2024-07-19 18:00:00,"330,3177185058594","1358,410034",3,3,2024-07-19
2024-07-19 19:00:00,"276,762451171875","895,26001",3,3,2024-07-19
2024-07-19 20:00:00,"251,23355102539062","797,22998",3,3,2024-07-19
2024-07-19 21:00:00,"248,69590759277344","683,01001",3,3,2024-07-19
2024-07-19 22:00:00,"234,7899169921875","706,789978",3,3,2024-07-19
2024-07-19 23:00:00,"202,6638946533203","667,099976",3,3,2024-07-19
2024-07-20 00:00:00,"179,46571350097656","658,440002",3,3,2024-07-20
2024-07-20 01:00:00,"142,1863555908203","670,599976",3,3,2024-07-20
2024-07-20 02:00:00,"148,38063049316406","703,130005",3,3,2024-07-20
2024-07-20 03:00:00,"160,36386108398438","699,849976",3,3,2024-07-20
2024-07-20 04:00:00,"168,267822265625","665,159973",3,3,2024-07-20
2024-07-20 05:00:00,"190,8344268798828","641,580017",3,3,2024-07-20
2024-07-20 06:00:00,"209,33071899414062","508,850006",3,3,2024-07-20
2024-07-20 07:00:00,"219,21803283691406","291,359985",3,3,2024-07-20
2024-07-20 08:00:00,"269,1297302246094","118,629997",3,3,2024-07-20
2024-07-20 09:00:00,"276,130126953125","28,129999",3,3,2024-07-20
2024-07-20 10:00:00,"269,8292541503906","10,22",3,3,2024-07-20
2024-07-20 11:00:00,"272,8671875","0,15",3,3,2024-07-20
2024-07-20 12:00:00,"270,5239562988281","3,28",3,3,2024-07-20
2024-07-20 13:00:00,"329,0191650390625","34,32",3,3,2024-07-20
2024-07-20 14:00:00,"388,6476745605469","134,369995",3,3,2024-07-20
2024-07-20 15:00:00,"448,5202941894531","273,820007",3,3,2024-07-20
2024-07-20 16:00:00,"522,1790161132812","634,190002",3,3,2024-07-20
2024-07-20 17:00:00,"544,4933471679688","817,440002",3,3,2024-07-20
2024-07-20 18:00:00,"500,0965270996094","1005,380005",3,3,2024-07-20
2024-07-20 19:00:00,"442,38092041015625","811,840027",3,3,2024-07-20
2024-07-20 20:00:00,"364,5517272949219","627,47998",3,3,2024-07-20
2024-07-20 21:00:00,"311,96337890625","555,929993",3,3,2024-07-20
2024-07-20 22:00:00,"268,19561767578125","474,790009",3,3,2024-07-20
2024-07-20 23:00:00,"252,7904510498047","420,089996",3,3,2024-07-20
2024-07-21 00:00:00,"237,37539672851562","411,880005",3,3,2024-07-21
2024-07-21 01:00:00,"234,23960876464844","450,540009",3,3,2024-07-21
2024-07-21 02:00:00,"227,3714599609375","496,570007",3,3,2024-07-21
2024-07-21 03:00:00,"226,87237548828125","561,419983",3,3,2024-07-21
2024-07-21 04:00:00,"227,84994506835938","480,529999",3,3,2024-07-21
2024-07-21 05:00:00,"231,2119598388672","421,809998",3,3,2024-07-21
2024-07-21 06:00:00,"265,786376953125","303,540009",3,3,2024-07-21
2024-07-21 07:00:00,"281,8730163574219","138,559998",3,3,2024-07-21
2024-07-21 08:00:00,"278,921875","7,54",3,3,2024-07-21
2024-07-21 09:00:00,"251,30722045898438","0,22",3,3,2024-07-21
2024-07-21 10:00:00,"263,3272399902344","0,15",3,3,2024-07-21
2024-07-21 11:00:00,"249,86785888671875","-0,45",3,3,2024-07-21
2024-07-21 12:00:00,"253,59429931640625","-1,34",3,3,2024-07-21
2024-07-21 13:00:00,"246,81777954101562","0,3",3,3,2024-07-21
2024-07-21 14:00:00,"292,9996337890625","139,380005",3,3,2024-07-21
2024-07-21 15:00:00,"294,7923583984375","307,640015",3,3,2024-07-21
2024-07-21 16:00:00,"313,849853515625","600,289978",3,3,2024-07-21
2024-07-21 17:00:00,"287,9736328125","807,880005",3,3,2024-07-21
2024-07-21 18:00:00,"259,16461181640625","841,150024",3,3,2024-07-21
2024-07-21 19:00:00,"256,6557312011719","919,950012",3,3,2024-07-21
2024-07-21 20:00:00,"225,39126586914062","814,590027",3,3,2024-07-21
2024-07-21 21:00:00,"214,45321655273438","672,73999",3,3,2024-07-21
2024-07-21 22:00:00,"208,47930908203125","901,669983",3,3,2024-07-21
2024-07-21 23:00:00,"210,60604858398438","721,02002",3,3,2024-07-21
2024-07-22 00:00:00,"440,3259582519531","648,27002",3,4,2024-07-22
2024-07-22 01:00:00,"261,966552734375","648,640015",3,4,2024-07-22
2024-07-22 02:00:00,"220,64395141601562","610,659973",3,4,2024-07-22
2024-07-22 03:00:00,"216,84962463378906","591,859985",3,4,2024-07-22
2024-07-22 04:00:00,"221,42457580566406","811,159973",3,4,2024-07-22
2024-07-22 05:00:00,"253,430908203125","896,070007",3,4,2024-07-22
2024-07-22 06:00:00,"313,11749267578125","852,719971",3,4,2024-07-22
2024-07-22 07:00:00,"336,1560363769531","703,929993",3,4,2024-07-22
2024-07-22 08:00:00,"338,4336853027344","473,290009",3,4,2024-07-22
2024-07-22 09:00:00,"324,0617980957031","291,600006",3,4,2024-07-22
2024-07-22 10:00:00,"306,60931396484375","191,089996",3,4,2024-07-22
2024-07-22 11:00:00,"295,3080139160156","174,300003",3,4,2024-07-22
2024-07-22 12:00:00,"293,46905517578125","144,830002",3,4,2024-07-22
2024-07-22 13:00:00,"299,47344970703125","152,070007",3,4,2024-07-22
2024-07-22 14:00:00,"314,4915466308594","170,279999",3,4,2024-07-22
2024-07-22 15:00:00,"332,9156188964844","463,820007",3,4,2024-07-22
2024-07-22 16:00:00,"385,2169494628906","603,719971",3,4,2024-07-22
2024-07-22 17:00:00,"402,3116455078125","739,0",3,4,2024-07-22
2024-07-22 18:00:00,"404,28668212890625","1043,660034",3,4,2024-07-22
2024-07-22 19:00:00,"352,98187255859375","1046,569946",3,4,2024-07-22
2024-07-22 20:00:00,"301,9656677246094","828,539978",3,4,2024-07-22
2024-07-22 21:00:00,"292,4991760253906","712,73999",3,4,2024-07-22
2024-07-22 22:00:00,"276,0902099609375","618,22998",3,4,2024-07-22
2024-07-22 23:00:00,"264,99981689453125","559,349976",3,4,2024-07-22
2024-07-23 00:00:00,"242,50523376464844","547,630005",3,4,2024-07-23
2024-07-23 01:00:00,"244,92706298828125","508,380005",3,4,2024-07-23
2024-07-23 02:00:00,"242,45005798339844","526,52002",3,4,2024-07-23
2024-07-23 03:00:00,"256,5611877441406","549,799988",3,4,2024-07-23
2024-07-23 04:00:00,"282,1564025878906","745,450012",3,4,2024-07-23
2024-07-23 05:00:00,"314,80828857421875","865,590027",3,4,2024-07-23
2024-07-23 06:00:00,"369,11767578125","824,179993",3,4,2024-07-23
2024-07-23 07:00:00,"420,9401550292969","651,359985",3,4,2024-07-23
2024-07-23 08:00:00,"434,3507385253906","513,909973",3,4,2024-07-23
2024-07-23 09:00:00,"432,3611755371094","457,940002",3,4,2024-07-23
2024-07-23 10:00:00,"394,21026611328125","324,0",3,4,2024-07-23
2024-07-23 11:00:00,"399,66595458984375","285,720001",3,4,2024-07-23
2024-07-23 12:00:00,"383,0618591308594","268,709991",3,4,2024-07-23
2024-07-23 13:00:00,"389,5315856933594","313,100006",3,4,2024-07-23
2024-07-23 14:00:00,"539,4523315429688","483,980011",3,4,2024-07-23
2024-07-23 15:00:00,"581,6450805664062","593,450012",3,4,2024-07-23
2024-07-23 16:00:00,"587,5770263671875","596,359985",3,4,2024-07-23
2024-07-23 17:00:00,"560,260009765625","716,570007",3,4,2024-07-23
2024-07-23 18:00:00,"496,2791442871094","872,530029",3,4,2024-07-23
2024-07-23 19:00:00,"465,5291442871094","761,200012",3,4,2024-07-23
2024-07-23 20:00:00,"412,5260925292969","740,450012",3,4,2024-07-23
2024-07-23 21:00:00,"386,0845031738281","683,369995",3,4,2024-07-23
2024-07-23 22:00:00,"381,95147705078125","623,359985",3,4,2024-07-23
2024-07-23 23:00:00,"361,9870300292969","584,419983",3,4,2024-07-23
2024-07-24 00:00:00,"332,1158447265625","541,369995",3,4,2024-07-24
2024-07-24 01:00:00,"342,273681640625","549,130005",3,4,2024-07-24
2024-07-24 02:00:00,"329,35736083984375","423,630005",3,4,2024-07-24
2024-07-24 03:00:00,"327,8576965332031","299,179993",3,4,2024-07-24
2024-07-24 04:00:00,"331,2717590332031","323,429993",3,4,2024-07-24
2024-07-24 05:00:00,"379,803955078125","336,190002",3,4,2024-07-24
2024-07-24 06:00:00,"460,7859191894531","429,079987",3,4,2024-07-24
2024-07-24 07:00:00,"554,1358642578125","270,23999",3,4,2024-07-24
2024-07-24 08:00:00,"583,0958862304688","186,520004",3,4,2024-07-24
2024-07-24 09:00:00,"590,6861572265625","158,100006",3,4,2024-07-24
2024-07-24 10:00:00,"571,349609375","11,79",3,4,2024-07-24
2024-07-24 11:00:00,"575,08984375","0,0",3,4,2024-07-24
2024-07-24 12:00:00,"545,8378295898438","0,0",3,4,2024-07-24
2024-07-24 13:00:00,"561,4235229492188","-0,6",3,4,2024-07-24
2024-07-24 14:00:00,"592,9210815429688","124,599998",3,4,2024-07-24
2024-07-24 15:00:00,"609,120361328125","184,880005",3,4,2024-07-24
2024-07-24 16:00:00,"645,7240600585938","387,149994",3,4,2024-07-24
2024-07-24 17:00:00,"612,2798461914062","668,5",3,4,2024-07-24
2024-07-24 18:00:00,"566,1859741210938","809,659973",3,4,2024-07-24
2024-07-24 19:00:00,"511,02618408203125","881,210022",3,4,2024-07-24
2024-07-24 20:00:00,"394,95751953125","813,320007",3,4,2024-07-24
2024-07-24 21:00:00,"374,6247253417969","631,570007",3,4,2024-07-24
2024-07-24 22:00:00,"316,5887145996094","624,570007",3,4,2024-07-24
2024-07-24 23:00:00,"304,2066955566406","578,299988",3,4,2024-07-24
2024-07-25 00:00:00,"293,5306091308594","567,859985",3,4,2024-07-25
2024-07-25 01:00:00,"275,09228515625","596,359985",3,4,2024-07-25
2024-07-25 02:00:00,"263,352783203125","570,090027",3,4,2024-07-25
2024-07-25 03:00:00,"277,70458984375","690,460022",3,4,2024-07-25
2024-07-25 04:00:00,"309,9798583984375","792,159973",3,4,2024-07-25
2024-07-25 05:00:00,"326,2794494628906","813,580017",3,4,2024-07-25
2024-07-25 06:00:00,"364,9589538574219","678,890015",3,4,2024-07-25
2024-07-25 07:00:00,"436,1785888671875","537,109985",3,4,2024-07-25
2024-07-25 08:00:00,"403,2059020996094","411,0",3,4,2024-07-25
2024-07-25 09:00:00,"384,9222412109375","275,720001",3,4,2024-07-25
2024-07-25 10:00:00,"352,71868896484375","177,070007",3,4,2024-07-25
2024-07-25 11:00:00,"313,63726806640625","133,869995",3,4,2024-07-25
2024-07-25 12:00:00,"309,8460998535156","128,490005",3,4,2024-07-25
2024-07-25 13:00:00,"327,9521789550781","166,029999",3,4,2024-07-25
2024-07-25 14:00:00,"448,0093078613281","401,450012",3,4,2024-07-25
2024-07-25 15:00:00,"475,91259765625","596,960022",3,4,2024-07-25
2024-07-25 16:00:00,"490,5151672363281","723,809998",3,4,2024-07-25
2024-07-25 17:00:00,"457,06243896484375","947,150024",3,4,2024-07-25
2024-07-25 18:00:00,"430,6920471191406","1161,97998",3,4,2024-07-25
2024-07-25 19:00:00,"351,3191833496094","982,070007",3,4,2024-07-25
2024-07-25 20:00:00,"303,8648986816406","746,200012",3,4,2024-07-25
2024-07-25 21:00:00,"294,9051208496094","633,890015",3,4,2024-07-25
2024-07-25 22:00:00,"243,60342407226562","604,460022",3,4,2024-07-25
2024-07-25 23:00:00,"239,1697540283203","548,48999",3,4,2024-07-25
2024-07-26 00:00:00,"211,06234741210938","559,76001",3,4,2024-07-26
2024-07-26 01:00:00,"207,3534393310547","576,849976",3,4,2024-07-26
2024-07-26 02:00:00,"205,15216064453125","573,859985",3,4,2024-07-26
2024-07-26 03:00:00,"216,05955505371094","596,919983",3,4,2024-07-26
2024-07-26 04:00:00,"228,89291381835938","608,109985",3,4,2024-07-26
2024-07-26 05:00:00,"269,74420166015625","795,940002",3,4,2024-07-26
2024-07-26 06:00:00,"315,1285705566406","776,840027",3,4,2024-07-26
2024-07-26 07:00:00,"338,41619873046875","722,590027",3,4,2024-07-26
2024-07-26 08:00:00,"319,2397766113281","675,570007",3,4,2024-07-26
2024-07-26 09:00:00,"289,3554992675781","607,070007",3,4,2024-07-26
2024-07-26 10:00:00,"296,6629333496094","522,369995",3,4,2024-07-26
2024-07-26 11:00:00,"297,689208984375","471,029999",3,4,2024-07-26
2024-07-26 12:00:00,"281,6833190917969","449,160004",3,4,2024-07-26
2024-07-26 13:00:00,"283,3497314453125","508,48999",3,4,2024-07-26
2024-07-26 14:00:00,"308,24468994140625","543,559998",3,4,2024-07-26
2024-07-26 15:00:00,"323,3974304199219","660,580017",3,4,2024-07-26
2024-07-26 16:00:00,"353,5626220703125","704,01001",3,4,2024-07-26
2024-07-26 17:00:00,"341,69073486328125","804,380005",3,4,2024-07-26
2024-07-26 18:00:00,"317,1155090332031","1068,98999",3,4,2024-07-26
2024-07-26 19:00:00,"275,9920959472656","1037,280029",3,4,2024-07-26
2024-07-26 20:00:00,"251,33352661132812","793,929993",3,4,2024-07-26
2024-07-26 21:00:00,"248,32289123535156","730,650024",3,4,2024-07-26
2024-07-26 22:00:00,"233,93792724609375","775,22998",3,4,2024-07-26
2024-07-26 23:00:00,"202,74842834472656","768,890015",3,4,2024-07-26
2024-07-27 00:00:00,"177,1022186279297","723,070007",3,4,2024-07-27
2024-07-27 01:00:00,"137,57005310058594","710,080017",3,4,2024-07-27
2024-07-27 02:00:00,"136,50732421875","690,01001",3,4,2024-07-27
2024-07-27 03:00:00,"145,41351318359375","673,070007",3,4,2024-07-27
2024-07-27 04:00:00,"160,5457000732422","649,929993",3,4,2024-07-27
2024-07-27 05:00:00,"178,82080078125","615,01001",3,4,2024-07-27
2024-07-27 06:00:00,"209,72451782226562","632,02002",3,4,2024-07-27
2024-07-27 07:00:00,"218,97116088867188","505,0",3,4,2024-07-27
2024-07-27 08:00:00,"274,1366271972656","453,589996",3,4,2024-07-27
2024-07-27 09:00:00,"275,88323974609375","297,76001",3,4,2024-07-27
2024-07-27 10:00:00,"275,6539306640625","208,960007",3,4,2024-07-27
2024-07-27 11:00:00,"273,40216064453125","132,839996",3,4,2024-07-27
2024-07-27 12:00:00,"271,35162353515625","133,729996",3,4,2024-07-27
2024-07-27 13:00:00,"329,0649719238281","261,350006",3,4,2024-07-27
2024-07-27 14:00:00,"387,9277648925781","505,380005",3,4,2024-07-27
2024-07-27 15:00:00,"448,7464294433594","649,710022",3,4,2024-07-27
2024-07-27 16:00:00,"521,9321899414062","783,369995",3,4,2024-07-27
2024-07-27 17:00:00,"544,2465209960938","870,830017",3,4,2024-07-27
2024-07-27 18:00:00,"499,966552734375","918,669983",3,4,2024-07-27
2024-07-27 19:00:00,"442,2559509277344","909,109985",3,4,2024-07-27
2024-07-27 20:00:00,"365,3417053222656","806,719971",3,4,2024-07-27
2024-07-27 21:00:00,"312,3453369140625","730,900024",3,4,2024-07-27
2024-07-27 22:00:00,"269,3762512207031","820,820007",3,4,2024-07-27
2024-07-27 23:00:00,"253,1094207763672","709,780029",3,4,2024-07-27
2024-07-28 00:00:00,"238,04689025878906","658,280029",3,4,2024-07-28
2024-07-28 01:00:00,"233,78057861328125","608,429993",3,4,2024-07-28
2024-07-28 02:00:00,"225,66876220703125","586,119995",3,4,2024-07-28
2024-07-28 03:00:00,"228,40719604492188","591,48999",3,4,2024-07-28
2024-07-28 04:00:00,"230,50430297851562","563,659973",3,4,2024-07-28
2024-07-28 05:00:00,"235,2939453125","541,869995",3,4,2024-07-28
2024-07-28 06:00:00,"266,4711608886719","189,699997",3,4,2024-07-28
2024-07-28 07:00:00,"278,9347229003906","37,240002",3,4,2024-07-28
2024-07-28 08:00:00,"268,9169616699219","0,0",3,4,2024-07-28
2024-07-28 09:00:00,"254,19134521484375","-18,129999",3,4,2024-07-28
2024-07-28 10:00:00,"262,40838623046875","-112,239998",3,4,2024-07-28
2024-07-28 11:00:00,"249,85662841796875","-222,389999",3,4,2024-07-28
2024-07-28 12:00:00,"247,97422790527344","-363,359985",3,4,2024-07-28
2024-07-28 13:00:00,"241,90170288085938","-250,220001",3,4,2024-07-28
2024-07-28 14:00:00,"283,6719970703125","-99,099998",3,4,2024-07-28
2024-07-28 15:00:00,"295,2373962402344","-1,94",3,4,2024-07-28
2024-07-28 16:00:00,"312,6580505371094","37,09",3,4,2024-07-28
2024-07-28 17:00:00,"276,48760986328125","349,480011",3,4,2024-07-28
2024-07-28 18:00:00,"260,4824523925781","588,580017",3,4,2024-07-28
2024-07-28 19:00:00,"252,34121704101562","579,630005",3,4,2024-07-28
2024-07-28 20:00:00,"224,00242614746094","589,400024",3,4,2024-07-28
2024-07-28 21:00:00,"207,07073974609375","322,98999",3,4,2024-07-28
2024-07-28 22:00:00,"205,95286560058594","382,160004",3,4,2024-07-28
2024-07-28 23:00:00,"208,58712768554688","275,670013",3,4,2024-07-28
2024-09-30 00:00:00,"169,18182373046875","62,630001",4,1,2024-09-30
2024-09-30 01:00:00,"193,8018035888672","41,23",4,1,2024-09-30
2024-09-30 02:00:00,"190,75823974609375","67,25",4,1,2024-09-30
2024-09-30 03:00:00,"193,85113525390625","126,599998",4,1,2024-09-30
2024-09-30 04:00:00,"195,8162078857422","314,869995",4,1,2024-09-30
2024-09-30 05:00:00,"244,16339111328125","597,22998",4,1,2024-09-30
2024-09-30 06:00:00,"305,5299377441406","597,22998",4,1,2024-09-30
2024-09-30 07:00:00,"320,5975341796875","447,359985",4,1,2024-09-30
2024-09-30 08:00:00,"308,9827880859375","272,73999",4,1,2024-09-30
2024-09-30 09:00:00,"291,1495056152344","155,910004",4,1,2024-09-30
2024-09-30 10:00:00,"274,8634033203125","69,190002",4,1,2024-09-30
2024-09-30 11:00:00,"263,91522216796875","15,36",4,1,2024-09-30
2024-09-30 12:00:00,"273,750244140625","94,919998",4,1,2024-09-30
2024-09-30 13:00:00,"283,3846130371094","125,709999",4,1,2024-09-30
2024-09-30 14:00:00,"298,2972412109375","180,360001",4,1,2024-09-30
2024-09-30 15:00:00,"332,7489013671875","243,960007",4,1,2024-09-30
2024-09-30 16:00:00,"383,5655822753906","268,339996",4,1,2024-09-30
2024-09-30 17:00:00,"389,2615051269531","273,119995",4,1,2024-09-30
2024-09-30 18:00:00,"362,77294921875","127,5",4,1,2024-09-30
2024-09-30 19:00:00,"324,4275817871094","31,24",4,1,2024-09-30
2024-09-30 20:00:00,"289,41876220703125","24,459999",4,1,2024-09-30
2024-09-30 21:00:00,"276,93121337890625","24,23",4,1,2024-09-30
2024-09-30 22:00:00,"268,5364074707031","23,93",4,1,2024-09-30
2024-09-30 23:00:00,"252,74679565429688","0,52",4,1,2024-09-30
2024-10-01 00:00:00,"228,662109375","0,37",4,1,2024-10-01
2024-10-01 01:00:00,"224,8966064453125","0,15",4,1,2024-10-01
2024-10-01 02:00:00,"236,08120727539062","0,67",4,1,2024-10-01
2024-10-01 03:00:00,"247,75279235839844","24,6",4,1,2024-10-01
2024-10-01 04:00:00,"272,50701904296875","75,080002",4,1,2024-10-01
2024-10-01 05:00:00,"305,92169189453125","293,910004",4,1,2024-10-01
2024-10-01 06:00:00,"364,31243896484375","308,079987",4,1,2024-10-01
2024-10-01 07:00:00,"421,4443664550781","309,5",4,1,2024-10-01
2024-10-01 08:00:00,"436,22198486328125","288,170013",4,1,2024-10-01
2024-10-01 09:00:00,"432,5255126953125","260,880005",4,1,2024-10-01
2024-10-01 10:00:00,"401,530517578125","232,919998",4,1,2024-10-01
2024-10-01 11:00:00,"420,5810546875","223,600006",4,1,2024-10-01
2024-10-01 12:00:00,"400,6937255859375","260,660004",4,1,2024-10-01
2024-10-01 13:00:00,"412,6559753417969","296,079987",4,1,2024-10-01
2024-10-01 14:00:00,"539,2279052734375","324,779999",4,1,2024-10-01
2024-10-01 15:00:00,"580,9910888671875","393,0",4,1,2024-10-01
2024-10-01 16:00:00,"589,47802734375","405,600006",4,1,2024-10-01
2024-10-01 17:00:00,"558,2152099609375","421,410004",4,1,2024-10-01
2024-10-01 18:00:00,"469,33563232421875","366,829987",4,1,2024-10-01
2024-10-01 19:00:00,"405,6500244140625","345,429993",4,1,2024-10-01
2024-10-01 20:00:00,"338,51495361328125","321,649994",4,1,2024-10-01
2024-10-01 21:00:00,"304,9696960449219","309,940002",4,1,2024-10-01
2024-10-01 22:00:00,"294,2177734375","432,829987",4,1,2024-10-01
2024-10-01 23:00:00,"274,3482971191406","367,350006",4,1,2024-10-01
2024-10-02 00:00:00,"257,9331970214844","373,540009",4,1,2024-10-02
2024-10-02 01:00:00,"251,54730224609375","365,339996",4,1,2024-10-02
2024-10-02 02:00:00,"254,51412963867188","300,230011",4,1,2024-10-02
2024-10-02 03:00:00,"262,7362976074219","363,470001",4,1,2024-10-02
2024-10-02 04:00:00,"282,6939392089844","596,440002",4,1,2024-10-02
2024-10-02 05:00:00,"335,8018798828125","692,869995",4,1,2024-10-02
2024-10-02 06:00:00,"438,93896484375","913,830017",4,1,2024-10-02
2024-10-02 07:00:00,"551,0791625976562","701,219971",4,1,2024-10-02
2024-10-02 08:00:00,"586,6246948242188","484,880005",4,1,2024-10-02
2024-10-02 09:00:00,"591,4053955078125","394,420013",4,1,2024-10-02
2024-10-02 10:00:00,"573,978759765625","431,040009",4,1,2024-10-02
2024-10-02 11:00:00,"576,829345703125","597,109985",4,1,2024-10-02
2024-10-02 12:00:00,"550,4800415039062","584,659973",4,1,2024-10-02
2024-10-02 13:00:00,"580,8106689453125","607,26001",4,1,2024-10-02
2024-10-02 14:00:00,"612,0379638671875","607,849976",4,1,2024-10-02
2024-10-02 15:00:00,"627,3689575195312","746,48999",4,1,2024-10-02
2024-10-02 16:00:00,"653,9027099609375","872,590027",4,1,2024-10-02
2024-10-02 17:00:00,"617,1201171875","969,97998",4,1,2024-10-02
2024-10-02 18:00:00,"568,5061645507812","852,900024",4,1,2024-10-02
2024-10-02 19:00:00,"512,2919311523438","719,940002",4,1,2024-10-02
2024-10-02 20:00:00,"398,9550476074219","695,780029",4,1,2024-10-02
2024-10-02 21:00:00,"379,0447692871094","633,880005",4,1,2024-10-02
2024-10-02 22:00:00,"319,6162414550781","502,230011",4,1,2024-10-02
2024-10-02 23:00:00,"305,7106018066406","491,26001",4,1,2024-10-02
2024-10-03 00:00:00,"297,93096923828125","485,890015",4,1,2024-10-03
2024-10-03 01:00:00,"281,96990966796875","478,730011",4,1,2024-10-03
2024-10-03 02:00:00,"263,2828369140625","477,23999",4,1,2024-10-03
2024-10-03 03:00:00,"273,23052978515625","480,369995",4,1,2024-10-03
2024-10-03 04:00:00,"307,76495361328125","488,059998",4,1,2024-10-03
2024-10-03 05:00:00,"351,6686706542969","547,280029",4,1,2024-10-03
2024-10-03 06:00:00,"420,70159912109375","571,900024",4,1,2024-10-03
2024-10-03 07:00:00,"438,546142578125","543,780029",4,1,2024-10-03
2024-10-03 08:00:00,"418,6210632324219","516,77002",4,1,2024-10-03
2024-10-03 09:00:00,"402,64532470703125","470,230011",4,1,2024-10-03
2024-10-03 10:00:00,"375,4230651855469","351,25",4,1,2024-10-03
2024-10-03 11:00:00,"347,812744140625","253,460007",4,1,2024-10-03
2024-10-03 12:00:00,"370,4777526855469","291,950012",4,1,2024-10-03
2024-10-03 13:00:00,"404,8664855957031","383,109985",4,1,2024-10-03
2024-10-03 14:00:00,"477,3426208496094","492,609985",4,1,2024-10-03
2024-10-03 15:00:00,"482,36834716796875","669,090027",4,1,2024-10-03
2024-10-03 16:00:00,"491,5975646972656","821,039978",4,1,2024-10-03
2024-10-03 17:00:00,"450,603759765625","860,200012",4,1,2024-10-03
2024-10-03 18:00:00,"420,2229309082031","807,679993",4,1,2024-10-03
2024-10-03 19:00:00,"349,9495544433594","736,669983",4,1,2024-10-03
2024-10-03 20:00:00,"305,80877685546875","678,48999",4,1,2024-10-03
2024-10-03 21:00:00,"297,02197265625","607,630005",4,1,2024-10-03
2024-10-03 22:00:00,"241,795654296875","551,23999",4,1,2024-10-03
2024-10-03 23:00:00,"236,18441772460938","540,950012",4,1,2024-10-03
2024-10-04 00:00:00,"214,30557250976562","537,809998",4,1,2024-10-04
2024-10-04 01:00:00,"208,34718322753906","537,070007",4,1,2024-10-04
2024-10-04 02:00:00,"204,97479248046875","539,530029",4,1,2024-10-04
2024-10-04 03:00:00,"200,54824829101562","575,109985",4,1,2024-10-04
2024-10-04 04:00:00,"217,5675048828125","768,299988",4,1,2024-10-04
2024-10-04 05:00:00,"271,39093017578125","943,890015",4,1,2024-10-04
2024-10-04 06:00:00,"317,0975646972656","1054,890015",4,1,2024-10-04
2024-10-04 07:00:00,"339,1290588378906","867,289978",4,1,2024-10-04
2024-10-04 08:00:00,"310,0517578125","746,599976",4,1,2024-10-04
2024-10-04 09:00:00,"284,9883117675781","634,039978",4,1,2024-10-04
2024-10-04 10:00:00,"276,21435546875","559,969971",4,1,2024-10-04
2024-10-04 11:00:00,"276,4251708984375","548,179993",4,1,2024-10-04
2024-10-04 12:00:00,"258,0666809082031","565,559998",4,1,2024-10-04
2024-10-04 13:00:00,"269,01361083984375","589,799988",4,1,2024-10-04
2024-10-04 14:00:00,"310,4808044433594","669,840027",4,1,2024-10-04
2024-10-04 15:00:00,"321,6558837890625","798,890015",4,1,2024-10-04
2024-10-04 16:00:00,"353,9107971191406","984,400024",4,1,2024-10-04
2024-10-04 17:00:00,"341,6210021972656","1111,579956",4,1,2024-10-04
2024-10-04 18:00:00,"312,609130859375","922,710022",4,1,2024-10-04
2024-10-04 19:00:00,"263,0259704589844","745,179993",4,1,2024-10-04
2024-10-04 20:00:00,"253,2992401123047","745,179993",4,1,2024-10-04
2024-10-04 21:00:00,"248,8016815185547","671,330017",4,1,2024-10-04
2024-10-04 22:00:00,"234,41317749023438","694,340027",4,1,2024-10-04
2024-10-04 23:00:00,"201,81802368164062","631,23999",4,1,2024-10-04
2024-10-05 00:00:00,"174,19432067871094","607,080017",4,1,2024-10-05
2024-10-05 01:00:00,"133,18783569335938","563,380005",4,1,2024-10-05
2024-10-05 02:00:00,"126,10794830322266","564,719971",4,1,2024-10-05
2024-10-05 03:00:00,"117,5862045288086","595,299988",4,1,2024-10-05
2024-10-05 04:00:00,"147,0138397216797","642,880005",4,1,2024-10-05
2024-10-05 05:00:00,"192,28085327148438","748,780029",4,1,2024-10-05
2024-10-05 06:00:00,"215,6249237060547","825,0",4,1,2024-10-05
2024-10-05 07:00:00,"230,79095458984375","768,169983",4,1,2024-10-05
2024-10-05 08:00:00,"284,281005859375","614,690002",4,1,2024-10-05
2024-10-05 09:00:00,"284,1763000488281","509,160004",4,1,2024-10-05
2024-10-05 10:00:00,"287,5615539550781","383,640015",4,1,2024-10-05
2024-10-05 11:00:00,"284,774169921875","289,970001",4,1,2024-10-05
2024-10-05 12:00:00,"286,5451354980469","324,350006",4,1,2024-10-05
2024-10-05 13:00:00,"338,6407165527344","469,26001",4,1,2024-10-05
2024-10-05 14:00:00,"397,7369384765625","575,159973",4,1,2024-10-05
2024-10-05 15:00:00,"455,5362854003906","741,919983",4,1,2024-10-05
2024-10-05 16:00:00,"522,285400390625","1108,630005",4,1,2024-10-05
2024-10-05 17:00:00,"539,5659790039062","1068,579956",4,1,2024-10-05
2024-10-05 18:00:00,"494,6194763183594","799,719971",4,1,2024-10-05
2024-10-05 19:00:00,"436,2999267578125","720,140015",4,1,2024-10-05
2024-10-05 20:00:00,"364,6153869628906","635,640015",4,1,2024-10-05
2024-10-05 21:00:00,"312,8595886230469","499,690002",4,1,2024-10-05
2024-10-05 22:00:00,"268,73486328125","486,98999",4,1,2024-10-05
2024-10-05 23:00:00,"252,8348388671875","452,100006",4,1,2024-10-05
2024-10-06 00:00:00,"231,83802795410156","440,549988",4,1,2024-10-06
2024-10-06 01:00:00,"228,22755432128906","433,320007",4,1,2024-10-06
2024-10-06 02:00:00,"224,060546875","424,369995",4,1,2024-10-06
2024-10-06 03:00:00,"221,76792907714844","433,320007",4,1,2024-10-06
2024-10-06 04:00:00,"225,369873046875","431,829987",4,1,2024-10-06
2024-10-06 05:00:00,"236,23777770996094","524,929993",4,1,2024-10-06
2024-10-06 06:00:00,"273,9020690917969","575,469971",4,1,2024-10-06
2024-10-06 07:00:00,"308,803955078125","492,429993",4,1,2024-10-06
2024-10-06 08:00:00,"295,777099609375","193,960007",4,1,2024-10-06
2024-10-06 09:00:00,"286,1305236816406","126,720001",4,1,2024-10-06
2024-10-06 10:00:00,"283,29437255859375","105,849998",4,1,2024-10-06
2024-10-06 11:00:00,"267,53387451171875","93,330002",4,1,2024-10-06
2024-10-06 12:00:00,"283,0622253417969","113,900002",4,1,2024-10-06
2024-10-06 13:00:00,"282,95489501953125","139,539993",4,1,2024-10-06
2024-10-06 14:00:00,"314,4866027832031","202,759995",4,1,2024-10-06
2024-10-06 15:00:00,"315,17242431640625","677,890015",4,1,2024-10-06
2024-10-06 16:00:00,"313,9306640625","792,390015",4,1,2024-10-06
2024-10-06 17:00:00,"267,2311096191406","724,710022",4,1,2024-10-06
2024-10-06 18:00:00,"230,69992065429688","544,01001",4,1,2024-10-06
2024-10-06 19:00:00,"228,60353088378906","442,559998",4,1,2024-10-06
2024-10-06 20:00:00,"218,7476348876953","437,48999",4,1,2024-10-06
2024-10-06 21:00:00,"214,02655029296875","385,459991",4,1,2024-10-06
2024-10-06 22:00:00,"207,1748046875","257,769989",4,1,2024-10-06
2024-10-06 23:00:00,"207,32423400878906","263,429993",4,1,2024-10-06
2024-10-07 00:00:00,"223,8819580078125","247,850006",4,2,2024-10-07
2024-10-07 01:00:00,"209,32374572753906","224,75",4,2,2024-10-07
2024-10-07 02:00:00,"201,9846954345703","260,529999",4,2,2024-10-07
2024-10-07 03:00:00,"201,17210388183594","291,910004",4,2,2024-10-07
2024-10-07 04:00:00,"204,2270965576172","335,369995",4,2,2024-10-07
2024-10-07 05:00:00,"262,900390625","378,299988",4,2,2024-10-07
2024-10-07 06:00:00,"295,8937683105469","414,089996",4,2,2024-10-07
2024-10-07 07:00:00,"304,03472900390625","383,75",4,2,2024-10-07
2024-10-07 08:00:00,"315,04742431640625","372,420013",4,2,2024-10-07
2024-10-07 09:00:00,"305,3509216308594","356,309998",4,2,2024-10-07
2024-10-07 10:00:00,"303,9908447265625","340,880005",4,2,2024-10-07
2024-10-07 11:00:00,"297,8495178222656","322,019989",4,2,2024-10-07
2024-10-07 12:00:00,"296,0350646972656","358,399994",4,2,2024-10-07
2024-10-07 13:00:00,"299,289794921875","458,070007",4,2,2024-10-07
2024-10-07 14:00:00,"324,2795715332031","661,869995",4,2,2024-10-07
2024-10-07 15:00:00,"358,5434875488281","873,640015",4,2,2024-10-07
2024-10-07 16:00:00,"401,0487976074219","1405,060059",4,2,2024-10-07
2024-10-07 17:00:00,"407,1693115234375","1405,359985",4,2,2024-10-07
2024-10-07 18:00:00,"383,7646179199219","909,27002",4,2,2024-10-07
2024-10-07 19:00:00,"347,02972412109375","744,909973",4,2,2024-10-07
2024-10-07 20:00:00,"311,4974060058594","685,119995",4,2,2024-10-07
2024-10-07 21:00:00,"293,1410827636719","589,780029",4,2,2024-10-07
2024-10-07 22:00:00,"273,0010681152344","539,340027",4,2,2024-10-07
2024-10-07 23:00:00,"263,9372253417969","500,119995",4,2,2024-10-07
2024-10-08 00:00:00,"242,4048614501953","477,149994",4,2,2024-10-08
2024-10-08 01:00:00,"236,85415649414062","444,940002",4,2,2024-10-08
2024-10-08 02:00:00,"241,9847869873047","445,089996",4,2,2024-10-08
2024-10-08 03:00:00,"247,68777465820312","502,799988",4,2,2024-10-08
2024-10-08 04:00:00,"270,7706604003906","641,049988",4,2,2024-10-08
2024-10-08 05:00:00,"322,6053466796875","822,98999",4,2,2024-10-08
2024-10-08 06:00:00,"371,66607666015625","792,200012",4,2,2024-10-08
2024-10-08 07:00:00,"426,9430236816406","633,820007",4,2,2024-10-08
2024-10-08 08:00:00,"442,0440673828125","598,98999",4,2,2024-10-08
2024-10-08 09:00:00,"446,28179931640625","547,469971",4,2,2024-10-08
2024-10-08 10:00:00,"424,56011962890625","495,940002",4,2,2024-10-08
2024-10-08 11:00:00,"420,5733947753906","529,200012",4,2,2024-10-08
2024-10-08 12:00:00,"400,7745056152344","565,140015",4,2,2024-10-08
2024-10-08 13:00:00,"403,79638671875","578,119995",4,2,2024-10-08
2024-10-08 14:00:00,"540,913818359375","754,539978",4,2,2024-10-08
2024-10-08 15:00:00,"583,2372436523438","942,080017",4,2,2024-10-08
2024-10-08 16:00:00,"588,9833374023438","1168,97998",4,2,2024-10-08
2024-10-08 17:00:00,"561,2053833007812","1254,209961",4,2,2024-10-08
2024-10-08 18:00:00,"491,98736572265625","853,119995",4,2,2024-10-08
2024-10-08 19:00:00,"449,92718505859375","707,640015",4,2,2024-10-08
2024-10-08 20:00:00,"391,55841064453125","645,75",4,2,2024-10-08
2024-10-08 21:00:00,"380,6478576660156","504,070007",4,2,2024-10-08
2024-10-08 22:00:00,"377,06707763671875","461,859985",4,2,2024-10-08
2024-10-08 23:00:00,"356,0863037109375","447,459991",4,2,2024-10-08
2024-10-09 00:00:00,"334,2320251464844","428,670013",4,2,2024-10-09
2024-10-09 01:00:00,"341,9717102050781","405,100006",4,2,2024-10-09
2024-10-09 02:00:00,"332,24603271484375","427,480011",4,2,2024-10-09
2024-10-09 03:00:00,"318,81878662109375","476,329987",4,2,2024-10-09
2024-10-09 04:00:00,"325,366455078125","646,590027",4,2,2024-10-09
2024-10-09 05:00:00,"377,74102783203125","829,22998",4,2,2024-10-09
2024-10-09 06:00:00,"480,79608154296875","827,659973",4,2,2024-10-09
2024-10-09 07:00:00,"561,95849609375","648,820007",4,2,2024-10-09
2024-10-09 08:00:00,"590,731201171875","537,630005",4,2,2024-10-09
2024-10-09 09:00:00,"601,6416015625","446,720001",4,2,2024-10-09
2024-10-09 10:00:00,"585,947998046875","445,970001",4,2,2024-10-09
2024-10-09 11:00:00,"589,3114624023438","446,350006",4,2,2024-10-09
2024-10-09 12:00:00,"558,677734375","504,369995",4,2,2024-10-09
2024-10-09 13:00:00,"583,14453125","575,51001",4,2,2024-10-09
2024-10-09 14:00:00,"606,5357666015625","708,48999",4,2,2024-10-09
2024-10-09 15:00:00,"621,566162109375","875,909973",4,2,2024-10-09
2024-10-09 16:00:00,"649,1683349609375","913,799988",4,2,2024-10-09
2024-10-09 17:00:00,"611,9457397460938","948,030029",4,2,2024-10-09
2024-10-09 18:00:00,"567,8692626953125","828,179993",4,2,2024-10-09
2024-10-09 19:00:00,"509,56085205078125","714,450012",4,2,2024-10-09
2024-10-09 20:00:00,"397,05035400390625","709,22998",4,2,2024-10-09
2024-10-09 21:00:00,"374,8318176269531","614,070007",4,2,2024-10-09
2024-10-09 22:00:00,"317,9591064453125","456,399994",4,2,2024-10-09
2024-10-09 23:00:00,"303,8194885253906","349,73999",4,2,2024-10-09
2024-10-10 00:00:00,"297,68023681640625","281,559998",4,2,2024-10-10
2024-10-10 01:00:00,"277,82666015625","238,679993",4,2,2024-10-10
2024-10-10 02:00:00,"268,24139404296875","221,070007",4,2,2024-10-10
2024-10-10 03:00:00,"272,8915100097656","295,359985",4,2,2024-10-10
2024-10-10 04:00:00,"311,5986633300781","463,179993",4,2,2024-10-10
2024-10-10 05:00:00,"332,51605224609375","633,23999",4,2,2024-10-10
2024-10-10 06:00:00,"400,9446105957031","600,119995",4,2,2024-10-10
2024-10-10 07:00:00,"449,2335510253906","503,459991",4,2,2024-10-10
2024-10-10 08:00:00,"429,7710876464844","387,920013",4,2,2024-10-10
2024-10-10 09:00:00,"415,77532958984375","290,369995",4,2,2024-10-10
2024-10-10 10:00:00,"387,1035461425781","163,270004",4,2,2024-10-10
2024-10-10 11:00:00,"367,054443359375","118,889999",4,2,2024-10-10
2024-10-10 12:00:00,"387,93145751953125","149,25",4,2,2024-10-10
2024-10-10 13:00:00,"408,6047058105469","277,309998",4,2,2024-10-10
2024-10-10 14:00:00,"478,6836242675781","277,309998",4,2,2024-10-10
2024-10-10 15:00:00,"479,4808349609375","285,140015",4,2,2024-10-10
2024-10-10 16:00:00,"492,1459045410156","294,470001",4,2,2024-10-10
2024-10-10 17:00:00,"447,6617431640625","288,200012",4,2,2024-10-10
2024-10-10 18:00:00,"420,84503173828125","274,630005",4,2,2024-10-10
2024-10-10 19:00:00,"359,184814453125","186,759995",4,2,2024-10-10
2024-10-10 20:00:00,"324,29913330078125","100,540001",4,2,2024-10-10
2024-10-10 21:00:00,"296,90087890625","24,540001",4,2,2024-10-10
2024-10-10 22:00:00,"240,34271240234375","24,389999",4,2,2024-10-10
2024-10-10 23:00:00,"232,2155303955078","24,389999",4,2,2024-10-10
2024-10-11 00:00:00,"205,2395782470703","24,459999",4,2,2024-10-11
2024-10-11 01:00:00,"197,64686584472656","24,389999",4,2,2024-10-11
2024-10-11 02:00:00,"194,48226928710938","24,389999",4,2,2024-10-11
2024-10-11 03:00:00,"187,35484313964844","24,459999",4,2,2024-10-11
2024-10-11 04:00:00,"204,13665771484375","252,839996",4,2,2024-10-11
2024-10-11 05:00:00,"266,7298278808594","439,230011",4,2,2024-10-11
2024-10-11 06:00:00,"338,3891296386719","593,919983",4,2,2024-10-11
2024-10-11 07:00:00,"356,6351623535156","400,670013",4,2,2024-10-11
2024-10-11 08:00:00,"345,34625244140625","367,859985",4,2,2024-10-11
2024-10-11 09:00:00,"324,3893127441406","183,929993",4,2,2024-10-11
2024-10-11 10:00:00,"294,018798828125","156,929993",4,2,2024-10-11
2024-10-11 11:00:00,"280,020263671875","252,990005",4,2,2024-10-11
2024-10-11 12:00:00,"263,49688720703125","251,949997",4,2,2024-10-11
2024-10-11 13:00:00,"279,18804931640625","298,119995",4,2,2024-10-11
2024-10-11 14:00:00,"320,5489196777344","298,859985",4,2,2024-10-11
2024-10-11 15:00:00,"344,5985107421875","496,660004",4,2,2024-10-11
2024-10-11 16:00:00,"367,9931945800781","939,330017",4,2,2024-10-11
2024-10-11 17:00:00,"350,3631896972656","1208,060059",4,2,2024-10-11
2024-10-11 18:00:00,"310,201904296875","895,02002",4,2,2024-10-11
2024-10-11 19:00:00,"262,0377197265625","744,289978",4,2,2024-10-11
2024-10-11 20:00:00,"249,10049438476562","733,98999",4,2,2024-10-11
2024-10-11 21:00:00,"230,6236572265625","655,080017",4,2,2024-10-11
2024-10-11 22:00:00,"221,60874938964844","672,190002",4,2,2024-10-11
2024-10-11 23:00:00,"192,90853881835938","592,580017",4,2,2024-10-11
2024-10-12 00:00:00,"153,30258178710938","563,929993",4,2,2024-10-12
2024-10-12 01:00:00,"125,3525390625","559,75",4,2,2024-10-12
2024-10-12 02:00:00,"102,23976135253906","536,619995",4,2,2024-10-12
2024-10-12 03:00:00,"95,92668914794922","506,619995",4,2,2024-10-12
2024-10-12 04:00:00,"106,60015869140625","534,460022",4,2,2024-10-12
2024-10-12 05:00:00,"158,14366149902344","400,149994",4,2,2024-10-12
2024-10-12 06:00:00,"206,91754150390625","378,359985",4,2,2024-10-12
2024-10-12 07:00:00,"229,7209014892578","310,910004",4,2,2024-10-12
2024-10-12 08:00:00,"272,807373046875","263,390015",4,2,2024-10-12
2024-10-12 09:00:00,"272,8985290527344","255,770004",4,2,2024-10-12
2024-10-12 10:00:00,"273,4832763671875","184,970001",4,2,2024-10-12
2024-10-12 11:00:00,"275,06982421875","106,919998",4,2,2024-10-12
2024-10-12 12:00:00,"276,6280822753906","174,149994",4,2,2024-10-12
2024-10-12 13:00:00,"320,6916198730469","263,459991",4,2,2024-10-12
2024-10-12 14:00:00,"378,3718566894531","218,990005",4,2,2024-10-12
2024-10-12 15:00:00,"445,5577697753906","423,799988",4,2,2024-10-12
2024-10-12 16:00:00,"507,14093017578125","361,950012",4,2,2024-10-12
2024-10-12 17:00:00,"518,3693237304688","299,049988",4,2,2024-10-12
2024-10-12 18:00:00,"471,9689636230469","207,429993",4,2,2024-10-12
2024-10-12 19:00:00,"422,25225830078125","134,899994",4,2,2024-10-12
2024-10-12 20:00:00,"340,6338806152344","102,220001",4,2,2024-10-12
2024-10-12 21:00:00,"293,9957580566406","41,779999",4,2,2024-10-12
2024-10-12 22:00:00,"253,2303466796875","0,0",4,2,2024-10-12
2024-10-12 23:00:00,"239,3818359375","-0,07",4,2,2024-10-12
2024-10-13 00:00:00,"225,8118133544922","-0,52",4,2,2024-10-13
2024-10-13 01:00:00,"217,34136962890625","-2,76",4,2,2024-10-13
2024-10-13 02:00:00,"218,97018432617188","-3,81",4,2,2024-10-13
2024-10-13 03:00:00,"216,97596740722656","-0,67",4,2,2024-10-13
2024-10-13 04:00:00,"221,0442352294922","-0,07",4,2,2024-10-13
2024-10-13 05:00:00,"233,9159698486328","0,15",4,2,2024-10-13
2024-10-13 06:00:00,"275,6795654296875","20,52",4,2,2024-10-13
2024-10-13 07:00:00,"310,6414794921875","29,1",4,2,2024-10-13
2024-10-13 08:00:00,"300,64990234375","36,630001",4,2,2024-10-13
2024-10-13 09:00:00,"291,6485900878906","46,330002",4,2,2024-10-13
2024-10-13 10:00:00,"300,6673278808594","47,599998",4,2,2024-10-13
2024-10-13 11:00:00,"288,0538024902344","52,970001",4,2,2024-10-13
2024-10-13 12:00:00,"283,2399597167969","59,09",4,2,2024-10-13
2024-10-13 13:00:00,"286,0671691894531","94,610001",4,2,2024-10-13
2024-10-13 14:00:00,"311,2281188964844","118,260002",4,2,2024-10-13
2024-10-13 15:00:00,"313,648193359375","156,240005",4,2,2024-10-13
2024-10-13 16:00:00,"313,83636474609375","260,920013",4,2,2024-10-13
2024-10-13 17:00:00,"269,40826416015625","373,799988",4,2,2024-10-13
2024-10-13 18:00:00,"232,35052490234375","294,790009",4,2,2024-10-13
2024-10-13 19:00:00,"220,85047912597656","286,730011",4,2,2024-10-13
2024-10-13 20:00:00,"199,70668029785156","299,410004",4,2,2024-10-13
2024-10-13 21:00:00,"192,3766326904297","274,640015",4,2,2024-10-13
2024-10-13 22:00:00,"177,7594757080078","276,809998",4,2,2024-10-13
2024-10-13 23:00:00,"175,9967498779297","263,0",4,2,2024-10-13
2024-10-14 00:00:00,"213,0485076904297","262,410004",4,3,2024-10-14
2024-10-14 01:00:00,"201,55101013183594","256,359985",4,3,2024-10-14
2024-10-14 02:00:00,"195,4598846435547","293,450012",4,3,2024-10-14
2024-10-14 03:00:00,"191,7899627685547","464,079987",4,3,2024-10-14
2024-10-14 04:00:00,"197,36972045898438","736,710022",4,3,2024-10-14
2024-10-14 05:00:00,"254,33709716796875","973,900024",4,3,2024-10-14
2024-10-14 06:00:00,"307,3316345214844","1142,449951",4,3,2024-10-14
2024-10-14 07:00:00,"338,25787353515625","879,960022",4,3,2024-10-14
2024-10-14 08:00:00,"331,8567810058594","753,200012",4,3,2024-10-14
2024-10-14 09:00:00,"318,5908508300781","695,599976",4,3,2024-10-14
2024-10-14 10:00:00,"303,3496398925781","643,450012",4,3,2024-10-14
2024-10-14 11:00:00,"296,94378662109375","616,289978",4,3,2024-10-14
2024-10-14 12:00:00,"297,085693359375","553,320007",4,3,2024-10-14
2024-10-14 13:00:00,"307,1748046875","649,710022",4,3,2024-10-14
2024-10-14 14:00:00,"324,5034484863281","789,309998",4,3,2024-10-14
2024-10-14 15:00:00,"357,21234130859375","1182,660034",4,3,2024-10-14
2024-10-14 16:00:00,"397,51611328125","1865,280029",4,3,2024-10-14
2024-10-14 17:00:00,"404,14019775390625","1964,290039",4,3,2024-10-14
2024-10-14 18:00:00,"385,0323181152344","1178,859985",4,3,2024-10-14
2024-10-14 19:00:00,"348,84014892578125","851,460022",4,3,2024-10-14
2024-10-14 20:00:00,"307,0934143066406","743,580017",4,3,2024-10-14
2024-10-14 21:00:00,"293,649169921875","707,309998",4,3,2024-10-14
2024-10-14 22:00:00,"272,4941101074219","680,679993",4,3,2024-10-14
2024-10-14 23:00:00,"263,57611083984375","645,320007",4,3,2024-10-14
2024-10-15 00:00:00,"243,18832397460938","659,190002",4,3,2024-10-15
2024-10-15 01:00:00,"239,1975555419922","627,039978",4,3,2024-10-15
2024-10-15 02:00:00,"244,41879272460938","602,859985",4,3,2024-10-15
2024-10-15 03:00:00,"247,20347595214844","667,849976",4,3,2024-10-15
2024-10-15 04:00:00,"274,30389404296875","854,530029",4,3,2024-10-15
2024-10-15 05:00:00,"322,76611328125","1383,22998",4,3,2024-10-15
2024-10-15 06:00:00,"373,1076354980469","1317,719971",4,3,2024-10-15
2024-10-15 07:00:00,"423,72491455078125","824,76001",4,3,2024-10-15
2024-10-15 08:00:00,"436,5859680175781","692,02002",4,3,2024-10-15
2024-10-15 09:00:00,"432,0181884765625","619,650024",4,3,2024-10-15
2024-10-15 10:00:00,"392,128662109375","585,47998",4,3,2024-10-15
2024-10-15 11:00:00,"402,65606689453125","535,340027",4,3,2024-10-15
2024-10-15 12:00:00,"385,4491271972656","566,299988",4,3,2024-10-15
2024-10-15 13:00:00,"392,4178161621094","621,960022",4,3,2024-10-15
2024-10-15 14:00:00,"539,72509765625","664,27002",4,3,2024-10-15
2024-10-15 15:00:00,"581,9605712890625","900,48999",4,3,2024-10-15
2024-10-15 16:00:00,"588,8005981445312","1020,609985",4,3,2024-10-15
2024-10-15 17:00:00,"558,9657592773438","726,049988",4,3,2024-10-15
2024-10-15 18:00:00,"490,6117858886719","568,98999",4,3,2024-10-15
2024-10-15 19:00:00,"450,9345703125","497,290009",4,3,2024-10-15
2024-10-15 20:00:00,"391,6999206542969","445,059998",4,3,2024-10-15
2024-10-15 21:00:00,"379,177734375","304,269989",4,3,2024-10-15
2024-10-15 22:00:00,"376,0392761230469","174,210007",4,3,2024-10-15
2024-10-15 23:00:00,"355,7210693359375","95,5",4,3,2024-10-15
2024-10-16 00:00:00,"333,6690368652344","39,540001",4,3,2024-10-16
2024-10-16 01:00:00,"340,57977294921875","26,93",4,3,2024-10-16
2024-10-16 02:00:00,"331,0050964355469","24,25",4,3,2024-10-16
2024-10-16 03:00:00,"317,1557312011719","61,18",4,3,2024-10-16
2024-10-16 04:00:00,"308,7815246582031","301,049988",4,3,2024-10-16
2024-10-16 05:00:00,"348,5771179199219","353,720001",4,3,2024-10-16
2024-10-16 06:00:00,"439,0351257324219","406,23999",4,3,2024-10-16
2024-10-16 07:00:00,"550,25439453125","354,76001",4,3,2024-10-16
2024-10-16 08:00:00,"578,1480102539062","199,059998",4,3,2024-10-16
2024-10-16 09:00:00,"594,3245239257812","105,650002",4,3,2024-10-16
2024-10-16 10:00:00,"569,458740234375","30,51",4,3,2024-10-16
2024-10-16 11:00:00,"572,61572265625","22,01",4,3,2024-10-16
2024-10-16 12:00:00,"546,1107177734375","30,809999",4,3,2024-10-16
2024-10-16 13:00:00,"564,4960327148438","104,830002",4,3,2024-10-16
2024-10-16 14:00:00,"605,4552612304688","123,550003",4,3,2024-10-16
2024-10-16 15:00:00,"617,99267578125","263,0",4,3,2024-10-16
2024-10-16 16:00:00,"648,7959594726562","277,470001",4,3,2024-10-16
2024-10-16 17:00:00,"607,7794799804688","272,470001",4,3,2024-10-16
2024-10-16 18:00:00,"547,7035522460938","267,470001",4,3,2024-10-16
2024-10-16 19:00:00,"499,9062194824219","85,730003",4,3,2024-10-16
2024-10-16 20:00:00,"400,3123779296875","37,830002",4,3,2024-10-16
2024-10-16 21:00:00,"385,5205078125","37,75",4,3,2024-10-16
2024-10-16 22:00:00,"342,589111328125","24,549999",4,3,2024-10-16
2024-10-16 23:00:00,"300,6036682128906","24,549999",4,3,2024-10-16
2024-10-17 00:00:00,"290,8957214355469","24,549999",4,3,2024-10-17
2024-10-17 01:00:00,"269,82684326171875","24,469999",4,3,2024-10-17
2024-10-17 02:00:00,"258,8785400390625","24,4",4,3,2024-10-17
2024-10-17 03:00:00,"267,4275207519531","24,469999",4,3,2024-10-17
2024-10-17 04:00:00,"305,2645263671875","261,730011",4,3,2024-10-17
2024-10-17 05:00:00,"355,83990478515625","298,660004",4,3,2024-10-17
2024-10-17 06:00:00,"410,2243347167969","306,790009",4,3,2024-10-17
2024-10-17 07:00:00,"440,1209716796875","301,869995",4,3,2024-10-17
2024-10-17 08:00:00,"415,5748291015625","286,940002",4,3,2024-10-17
2024-10-17 09:00:00,"401,47515869140625","287,089996",4,3,2024-10-17
2024-10-17 10:00:00,"368,4316101074219","290,670013",4,3,2024-10-17
2024-10-17 11:00:00,"344,69384765625","305,299988",4,3,2024-10-17
2024-10-17 12:00:00,"381,70074462890625","322,980011",4,3,2024-10-17
2024-10-17 13:00:00,"408,2497253417969","474,140015",4,3,2024-10-17
2024-10-17 14:00:00,"477,1365966796875","691,469971",4,3,2024-10-17
2024-10-17 15:00:00,"481,5789794921875","893,059998",4,3,2024-10-17
2024-10-17 16:00:00,"495,4643249511719","1292,290039",4,3,2024-10-17
2024-10-17 17:00:00,"448,7101745605469","1275,810059",4,3,2024-10-17
2024-10-17 18:00:00,"420,6707763671875","876,650024",4,3,2024-10-17
2024-10-17 19:00:00,"349,3993225097656","729,75",4,3,2024-10-17
2024-10-17 20:00:00,"304,434326171875","664,390015",4,3,2024-10-17
2024-10-17 21:00:00,"294,93121337890625","613,359985",4,3,2024-10-17
2024-10-17 22:00:00,"244,99258422851562","603,929993",4,3,2024-10-17
2024-10-17 23:00:00,"238,63662719726562","605,5",4,3,2024-10-17
2024-10-18 00:00:00,"213,882568359375","617,210022",4,3,2024-10-18
2024-10-18 01:00:00,"207,70750427246094","588,190002",4,3,2024-10-18
2024-10-18 02:00:00,"204,93292236328125","605,72998",4,3,2024-10-18
2024-10-18 03:00:00,"202,59417724609375","629,22998",4,3,2024-10-18
2024-10-18 04:00:00,"220,56484985351562","737,780029",4,3,2024-10-18
2024-10-18 05:00:00,"271,0080261230469","1117,449951",4,3,2024-10-18
2024-10-18 06:00:00,"321,84246826171875","1165,640015",4,3,2024-10-18
2024-10-18 07:00:00,"342,19598388671875","828,130005",4,3,2024-10-18
2024-10-18 08:00:00,"324,74053955078125","714,429993",4,3,2024-10-18
2024-10-18 09:00:00,"304,4339904785156","636,390015",4,3,2024-10-18
2024-10-18 10:00:00,"297,5074157714844","618,929993",4,3,2024-10-18
2024-10-18 11:00:00,"300,79339599609375","598,340027",4,3,2024-10-18
2024-10-18 12:00:00,"284,7875061035156","605,72998",4,3,2024-10-18
2024-10-18 13:00:00,"287,9572448730469","629,22998",4,3,2024-10-18
2024-10-18 14:00:00,"307,0415954589844","770,599976",4,3,2024-10-18
2024-10-18 15:00:00,"322,0845947265625","997,26001",4,3,2024-10-18
2024-10-18 16:00:00,"354,6775817871094","1352,459961",4,3,2024-10-18
2024-10-18 17:00:00,"341,06683349609375","1063,72998",4,3,2024-10-18
2024-10-18 18:00:00,"315,23809814453125","770,309998",4,3,2024-10-18
2024-10-18 19:00:00,"261,2799377441406","722,409973",4,3,2024-10-18
2024-10-18 20:00:00,"251,05772399902344","695,77002",4,3,2024-10-18
2024-10-18 21:00:00,"249,7626953125","638,179993",4,3,2024-10-18
2024-10-18 22:00:00,"234,00001525878906","649,27002",4,3,2024-10-18
2024-10-18 23:00:00,"202,66278076171875","619,210022",4,3,2024-10-18
2024-10-19 00:00:00,"177,64353942871094","595,940002",4,3,2024-10-19
2024-10-19 01:00:00,"125,24151611328125","561,27002",4,3,2024-10-19
2024-10-19 02:00:00,"98,27600860595703","565,809998",4,3,2024-10-19
2024-10-19 03:00:00,"97,57247924804688","572,530029",4,3,2024-10-19
2024-10-19 04:00:00,"107,86517333984375","596,619995",4,3,2024-10-19
2024-10-19 05:00:00,"157,8984375","685,440002",4,3,2024-10-19
2024-10-19 06:00:00,"211,25987243652344","668,659973",4,3,2024-10-19
2024-10-19 07:00:00,"232,7050018310547","630,919983",4,3,2024-10-19
2024-10-19 08:00:00,"282,6045227050781","587,669983",4,3,2024-10-19
2024-10-19 09:00:00,"287,32415771484375","546,799988",4,3,2024-10-19
2024-10-19 10:00:00,"295,16168212890625","493,399994",4,3,2024-10-19
2024-10-19 11:00:00,"295,15289306640625","454,619995",4,3,2024-10-19
2024-10-19 12:00:00,"293,96124267578125","476,470001",4,3,2024-10-19
2024-10-19 13:00:00,"338,2325744628906","589,679993",4,3,2024-10-19
2024-10-19 14:00:00,"396,3721923828125","731,52002",4,3,2024-10-19
2024-10-19 15:00:00,"455,89312744140625","813,929993",4,3,2024-10-19
2024-10-19 16:00:00,"517,0160522460938","1012,900024",4,3,2024-10-19
2024-10-19 17:00:00,"541,3449096679688","886,940002",4,3,2024-10-19
2024-10-19 18:00:00,"487,0619812011719","721,900024",4,3,2024-10-19
2024-10-19 19:00:00,"433,22088623046875","672,530029",4,3,2024-10-19
2024-10-19 20:00:00,"357,7581787109375","625,179993",4,3,2024-10-19
2024-10-19 21:00:00,"298,429443359375","546,869995",4,3,2024-10-19
2024-10-19 22:00:00,"259,6512145996094","403,059998",4,3,2024-10-19
2024-10-19 23:00:00,"247,79612731933594","409,470001",4,3,2024-10-19
2024-10-20 00:00:00,"228,609619140625","407,079987",4,3,2024-10-20
2024-10-20 01:00:00,"230,6215362548828","417,0",4,3,2024-10-20
2024-10-20 02:00:00,"227,6805877685547","444,450012",4,3,2024-10-20
2024-10-20 03:00:00,"223,802001953125","241,880005",4,3,2024-10-20
2024-10-20 04:00:00,"228,30099487304688","240,389999",4,3,2024-10-20
2024-10-20 05:00:00,"231,15003967285156","291,329987",4,3,2024-10-20
2024-10-20 06:00:00,"276,75518798828125","359,950012",4,3,2024-10-20
2024-10-20 07:00:00,"309,6708679199219","341,230011",4,3,2024-10-20
2024-10-20 08:00:00,"302,02777099609375","47,509998",4,3,2024-10-20
2024-10-20 09:00:00,"290,5019836425781","0,6",4,3,2024-10-20
2024-10-20 10:00:00,"298,8907775878906","0,0",4,3,2024-10-20
2024-10-20 11:00:00,"289,4460754394531","-7,31",4,3,2024-10-20
2024-10-20 12:00:00,"288,458984375","-14,99",4,3,2024-10-20
2024-10-20 13:00:00,"285,3290710449219","0,0",4,3,2024-10-20
2024-10-20 14:00:00,"310,75537109375","38,040001",4,3,2024-10-20
2024-10-20 15:00:00,"313,4376525878906","413,570007",4,3,2024-10-20
2024-10-20 16:00:00,"309,22210693359375","318,25",4,3,2024-10-20
2024-10-20 17:00:00,"269,0654602050781","268,950012",4,3,2024-10-20
2024-10-20 18:00:00,"231,1845245361328","252,919998",4,3,2024-10-20
2024-10-20 19:00:00,"211,8999481201172","156,259995",4,3,2024-10-20
2024-10-20 20:00:00,"208,5198974609375","90,620003",4,3,2024-10-20
2024-10-20 21:00:00,"206,60260009765625","14,39",4,3,2024-10-20
2024-10-20 22:00:00,"198,26002502441406","-0,75",4,3,2024-10-20
2024-10-20 23:00:00,"176,27401733398438","-0,75",4,3,2024-10-20
2024-10-21 00:00:00,"98,49617767333984","-1,04",4,4,2024-10-21
2024-10-21 01:00:00,"154,45167541503906","-0,6",4,4,2024-10-21
2024-10-21 02:00:00,"166,43710327148438","-0,3",4,4,2024-10-21
2024-10-21 03:00:00,"167,6564483642578","24,24",4,4,2024-10-21
2024-10-21 04:00:00,"173,18197631835938","32,59",4,4,2024-10-21
2024-10-21 05:00:00,"203,26600646972656","301,170013",4,4,2024-10-21
2024-10-21 06:00:00,"284,5818176269531","292,070007",4,4,2024-10-21
2024-10-21 07:00:00,"301,95233154296875","240,160004",4,4,2024-10-21
2024-10-21 08:00:00,"316,8660888671875","215,399994",4,4,2024-10-21
2024-10-21 09:00:00,"307,04791259765625","208,690002",4,4,2024-10-21
2024-10-21 10:00:00,"303,4515686035156","188,479996",4,4,2024-10-21
2024-10-21 11:00:00,"293,19427490234375","209,729996",4,4,2024-10-21
2024-10-21 12:00:00,"291,8727111816406","168,710007",4,4,2024-10-21
2024-10-21 13:00:00,"299,0143127441406","434,609985",4,4,2024-10-21
2024-10-21 14:00:00,"320,1100158691406","670,289978",4,4,2024-10-21
2024-10-21 15:00:00,"356,99188232421875","969,900024",4,4,2024-10-21
2024-10-21 16:00:00,"396,1148681640625","1582,319946",4,4,2024-10-21
2024-10-21 17:00:00,"403,3963317871094","1404,810059",4,4,2024-10-21
2024-10-21 18:00:00,"390,2530822753906","957,969971",4,4,2024-10-21
2024-10-21 19:00:00,"348,322021484375","750,320007",4,4,2024-10-21
2024-10-21 20:00:00,"306,978759765625","729,440002",4,4,2024-10-21
2024-10-21 21:00:00,"293,0191955566406","693,419983",4,4,2024-10-21
2024-10-21 22:00:00,"268,2206726074219","666,929993",4,4,2024-10-21
2024-10-21 23:00:00,"263,1987609863281","652,76001",4,4,2024-10-21
2024-10-22 00:00:00,"243,7578582763672","639,109985",4,4,2024-10-22
2024-10-22 01:00:00,"238,76751708984375","623,52002",4,4,2024-10-22
2024-10-22 02:00:00,"241,72897338867188","619,190002",4,4,2024-10-22
2024-10-22 03:00:00,"247,31491088867188","641,419983",4,4,2024-10-22
2024-10-22 04:00:00,"274,6080322265625","731,960022",4,4,2024-10-22
2024-10-22 05:00:00,"312,43603515625","1182,300049",4,4,2024-10-22
2024-10-22 06:00:00,"374,32476806640625","1268,819946",4,4,2024-10-22
2024-10-22 07:00:00,"426,22637939453125","846,080017",4,4,2024-10-22
2024-10-22 08:00:00,"437,7065734863281","740,02002",4,4,2024-10-22
2024-10-22 09:00:00,"432,8117370605469","654,469971",4,4,2024-10-22
2024-10-22 10:00:00,"403,7521667480469","575,109985",4,4,2024-10-22
2024-10-22 11:00:00,"414,6524658203125","528,650024",4,4,2024-10-22
2024-10-22 12:00:00,"398,5434265136719","548,409973",4,4,2024-10-22
2024-10-22 13:00:00,"410,13818359375","649,469971",4,4,2024-10-22
2024-10-22 14:00:00,"538,1765747070312","289,380005",4,4,2024-10-22
2024-10-22 15:00:00,"582,76416015625","759,109985",4,4,2024-10-22
2024-10-22 16:00:00,"588,14599609375","1043,579956",4,4,2024-10-22
2024-10-22 17:00:00,"559,7049560546875","1176,560059",4,4,2024-10-22
2024-10-22 18:00:00,"477,5827941894531","850,400024",4,4,2024-10-22
2024-10-22 19:00:00,"409,400146484375","697,72998",4,4,2024-10-22
2024-10-22 20:00:00,"337,248291015625","713,919983",4,4,2024-10-22
2024-10-22 21:00:00,"307,5079650878906","658,950012",4,4,2024-10-22
2024-10-22 22:00:00,"324,8478698730469","561,400024",4,4,2024-10-22
2024-10-22 23:00:00,"312,1820068359375","620,690002",4,4,2024-10-22
2024-10-23 00:00:00,"313,1629333496094","611,669983",4,4,2024-10-23
2024-10-23 01:00:00,"319,23895263671875","620,539978",4,4,2024-10-23
2024-10-23 02:00:00,"309,080810546875","639,859985",4,4,2024-10-23
2024-10-23 03:00:00,"302,0171203613281","675,950012",4,4,2024-10-23
2024-10-23 04:00:00,"325,264404296875","780,950012",4,4,2024-10-23
2024-10-23 05:00:00,"373,52801513671875","1025,329956",4,4,2024-10-23
2024-10-23 06:00:00,"476,69482421875","1205,72998",4,4,2024-10-23
2024-10-23 07:00:00,"559,7066040039062","957,690002",4,4,2024-10-23
2024-10-23 08:00:00,"590,4822998046875","776,330017",4,4,2024-10-23
2024-10-23 09:00:00,"598,3985595703125","693,700012",4,4,2024-10-23
2024-10-23 10:00:00,"579,386962890625","600,929993",4,4,2024-10-23
2024-10-23 11:00:00,"584,486572265625","574,75",4,4,2024-10-23
2024-10-23 12:00:00,"554,0712890625","562,450012",4,4,2024-10-23
2024-10-23 13:00:00,"579,9937744140625","657,830017",4,4,2024-10-23
2024-10-23 14:00:00,"606,2250366210938","696,22998",4,4,2024-10-23
2024-10-23 15:00:00,"622,5044555664062","1009,669983",4,4,2024-10-23
2024-10-23 16:00:00,"647,4065551757812","1479,349976",4,4,2024-10-23
2024-10-23 17:00:00,"611,6779174804688","1312,52002",4,4,2024-10-23
2024-10-23 18:00:00,"564,6482543945312","833,080017",4,4,2024-10-23
2024-10-23 19:00:00,"509,7104187011719","754,849976",4,4,2024-10-23
2024-10-23 20:00:00,"395,18194580078125","767,599976",4,4,2024-10-23
2024-10-23 21:00:00,"374,2427673339844","694,73999",4,4,2024-10-23
2024-10-23 22:00:00,"316,15948486328125","647,059998",4,4,2024-10-23
2024-10-23 23:00:00,"301,4826965332031","597,460022",4,4,2024-10-23
2024-10-24 00:00:00,"296,8314514160156","582,469971",4,4,2024-10-24
2024-10-24 01:00:00,"274,9372863769531","564,349976",4,4,2024-10-24
2024-10-24 02:00:00,"265,7159729003906","532,200012",4,4,2024-10-24
2024-10-24 03:00:00,"276,2918701171875","597,909973",4,4,2024-10-24
2024-10-24 04:00:00,"311,8226318359375","748,409973",4,4,2024-10-24
2024-10-24 05:00:00,"329,7811279296875","1057,98999",4,4,2024-10-24
2024-10-24 06:00:00,"400,0904846191406","1233,47998",4,4,2024-10-24
2024-10-24 07:00:00,"445,9162902832031","874,820007",4,4,2024-10-24
2024-10-24 08:00:00,"414,38055419921875","760,049988",4,4,2024-10-24
2024-10-24 09:00:00,"395,89862060546875","693,969971",4,4,2024-10-24
2024-10-24 10:00:00,"364,1584167480469","626,169983",4,4,2024-10-24
2024-10-24 11:00:00,"330,68267822265625","590,299988",4,4,2024-10-24
2024-10-24 12:00:00,"352,1692199707031","607,900024",4,4,2024-10-24
2024-10-24 13:00:00,"376,05914306640625","713,72998",4,4,2024-10-24
2024-10-24 14:00:00,"472,2065124511719","866,400024",4,4,2024-10-24
2024-10-24 15:00:00,"479,90863037109375","921,659973",4,4,2024-10-24
2024-10-24 16:00:00,"487,2159729003906","1034,430054",4,4,2024-10-24
2024-10-24 17:00:00,"448,1842346191406","851,630005",4,4,2024-10-24
2024-10-24 18:00:00,"419,9412841796875","720,52002",4,4,2024-10-24
2024-10-24 19:00:00,"348,9267578125","698,369995",4,4,2024-10-24
2024-10-24 20:00:00,"304,374267578125","670,47998",4,4,2024-10-24
2024-10-24 21:00:00,"293,7393798828125","623,559998",4,4,2024-10-24
2024-10-24 22:00:00,"243,4471893310547","615,460022",4,4,2024-10-24
2024-10-24 23:00:00,"237,7319793701172","612,25",4,4,2024-10-24
2024-10-25 00:00:00,"213,23870849609375","594,48999",4,4,2024-10-25
2024-10-25 01:00:00,"208,21014404296875","616,200012",4,4,2024-10-25
2024-10-25 02:00:00,"207,54534912109375","630,150024",4,4,2024-10-25
2024-10-25 03:00:00,"206,76400756835938","705,650024",4,4,2024-10-25
2024-10-25 04:00:00,"224,825927734375","812,700012",4,4,2024-10-25
2024-10-25 05:00:00,"266,4739074707031","923,190002",4,4,2024-10-25
2024-10-25 06:00:00,"320,3954772949219","1123,410034",4,4,2024-10-25
2024-10-25 07:00:00,"342,4886474609375","913,340027",4,4,2024-10-25
2024-10-25 08:00:00,"322,0425720214844","806,809998",4,4,2024-10-25
2024-10-25 09:00:00,"301,0394592285156","700,5",4,4,2024-10-25
2024-10-25 10:00:00,"293,4383544921875","604,859985",4,4,2024-10-25
2024-10-25 11:00:00,"297,01702880859375","583,22998",4,4,2024-10-25
2024-10-25 12:00:00,"279,0459289550781","615,22998",4,4,2024-10-25
2024-10-25 13:00:00,"283,795654296875","741,01001",4,4,2024-10-25
2024-10-25 14:00:00,"306,801513671875","880,51001",4,4,2024-10-25
2024-10-25 15:00:00,"321,5450134277344","1184,140015",4,4,2024-10-25
2024-10-25 16:00:00,"351,0858154296875","1695,829956",4,4,2024-10-25
2024-10-25 17:00:00,"338,4835510253906","1379,0",4,4,2024-10-25
2024-10-25 18:00:00,"312,3184814453125","924,01001",4,4,2024-10-25
2024-10-25 19:00:00,"262,2895812988281","867,530029",4,4,2024-10-25
2024-10-25 20:00:00,"252,94625854492188","850,150024",4,4,2024-10-25
2024-10-25 21:00:00,"248,44866943359375","801,210022",4,4,2024-10-25
2024-10-25 22:00:00,"233,74398803710938","860,150024",4,4,2024-10-25
2024-10-25 23:00:00,"201,6179656982422","818,0",4,4,2024-10-25
2024-10-26 00:00:00,"174,54505920410156","797,929993",4,4,2024-10-26
2024-10-26 01:00:00,"147,24093627929688","804,200012",4,4,2024-10-26
2024-10-26 02:00:00,"148,18521118164062","788,599976",4,4,2024-10-26
2024-10-26 03:00:00,"150,7433319091797","796,960022",4,4,2024-10-26
2024-10-26 04:00:00,"160,90921020507812","850,0",4,4,2024-10-26
2024-10-26 05:00:00,"181,1599578857422","937,890015",4,4,2024-10-26
2024-10-26 06:00:00,"216,03285217285156","940,059998",4,4,2024-10-26
2024-10-26 07:00:00,"233,59716796875","877,159973",4,4,2024-10-26
2024-10-26 08:00:00,"288,6793518066406","756,450012",4,4,2024-10-26
2024-10-26 09:00:00,"295,1578063964844","607,900024",4,4,2024-10-26
2024-10-26 10:00:00,"297,5135803222656","509,940002",4,4,2024-10-26
2024-10-26 11:00:00,"294,7261962890625","472,269989",4,4,2024-10-26
2024-10-26 12:00:00,"292,4380798339844","481,589996",4,4,2024-10-26
2024-10-26 13:00:00,"337,6612243652344","607,599976",4,4,2024-10-26
2024-10-26 14:00:00,"395,5113525390625","750,549988",4,4,2024-10-26
2024-10-26 15:00:00,"455,4254150390625","938,039978",4,4,2024-10-26
2024-10-26 16:00:00,"516,066650390625","1125,829956",4,4,2024-10-26
2024-10-26 17:00:00,"538,2603149414062","885,890015",4,4,2024-10-26
2024-10-26 18:00:00,"495,807373046875","719,809998",4,4,2024-10-26
2024-10-26 19:00:00,"433,3323974609375","662,219971",4,4,2024-10-26
2024-10-26 20:00:00,"361,9143371582031","652,820007",4,4,2024-10-26
2024-10-26 21:00:00,"299,4201965332031","571,719971",4,4,2024-10-26
2024-10-26 22:00:00,"266,1408386230469","688,119995",4,4,2024-10-26
2024-10-26 23:00:00,"251,48434448242188","626,780029",4,4,2024-10-26
2024-10-27 00:00:00,"230,36343383789062","613,570007",4,4,2024-10-27
2024-10-27 01:00:00,"228,59564208984375","600,140015",4,4,2024-10-27
2024-10-27 02:00:00,"223,3830108642578","592,530029",4,4,2024-10-27
2024-10-27 03:00:00,"222,43524169921875","587,900024",4,4,2024-10-27
2024-10-27 04:00:00,"223,92037963867188","635,289978",4,4,2024-10-27
2024-10-27 05:00:00,"226,3862762451172","665,659973",4,4,2024-10-27
2024-10-27 06:00:00,"269,90887451171875","657,0",4,4,2024-10-27
2024-10-27 07:00:00,"307,3003845214844","629,320007",4,4,2024-10-27
2024-10-27 08:00:00,"301,2306213378906","496,049988",4,4,2024-10-27
2024-10-27 09:00:00,"292,0539245605469","408,299988",4,4,2024-10-27
2024-10-27 10:00:00,"300,0787048339844","317,119995",4,4,2024-10-27
2024-10-27 11:00:00,"287,8553466796875","298,390015",4,4,2024-10-27
2024-10-27 12:00:00,"281,54638671875","298,470001",4,4,2024-10-27
2024-10-27 13:00:00,"275,1976623535156","480,01001",4,4,2024-10-27
2024-10-27 14:00:00,"304,59228515625","753,109985",4,4,2024-10-27
2024-10-27 15:00:00,"310,4927062988281","878,97998",4,4,2024-10-27
2024-10-27 16:00:00,"307,1363220214844","1106,569946",4,4,2024-10-27
2024-10-27 17:00:00,"269,18682861328125","1087,23999",4,4,2024-10-27
2024-10-27 18:00:00,"232,72508239746094","973,52002",4,4,2024-10-27
2024-10-27 19:00:00,"228,2185821533203","881,299988",4,4,2024-10-27
2024-10-27 20:00:00,"217,41131591796875","831,159973",4,4,2024-10-27
2024-10-27 21:00:00,"212,9210205078125","820,48999",4,4,2024-10-27
2024-10-27 22:00:00,"208,24440002441406","651,109985",4,4,2024-10-27
2024-10-27 23:00:00,"209,99029541015625","713,340027",4,4,2024-10-27
