Time,Prediction,DKPrice,fold,week,Date
2024-01-01 00:00:00,"218,049560546875","212,160004",1,1,2024-01-01
2024-01-01 01:00:00,"207,11538696289062","198,740005",1,1,2024-01-01
2024-01-01 02:00:00,"198,32305908203125","182,490005",1,1,2024-01-01
2024-01-01 03:00:00,"192,57772827148438","178,990005",1,1,2024-01-01
2024-01-01 04:00:00,"214,30609130859375","118,379997",1,1,2024-01-01
2024-01-01 05:00:00,"296,423828125","118,309998",1,1,2024-01-01
2024-01-01 06:00:00,"346,7897033691406","164,300003",1,1,2024-01-01
2024-01-01 07:00:00,"381,27020263671875","189,5",1,1,2024-01-01
2024-01-01 08:00:00,"395,4525146484375","240,119995",1,1,2024-01-01
2024-01-01 09:00:00,"391,9664306640625","308,179993",1,1,2024-01-01
2024-01-01 10:00:00,"376,9162902832031","324,359985",1,1,2024-01-01
2024-01-01 11:00:00,"363,47418212890625","320,700012",1,1,2024-01-01
2024-01-01 12:00:00,"364,5708312988281","330,170013",1,1,2024-01-01
2024-01-01 13:00:00,"373,63525390625","344,709991",1,1,2024-01-01
2024-01-01 14:00:00,"394,0543212890625","377,290009",1,1,2024-01-01
2024-01-01 15:00:00,"415,4005126953125","443,329987",1,1,2024-01-01
2024-01-01 16:00:00,"469,5466613769531","484,480011",1,1,2024-01-01
2024-01-01 17:00:00,"511,4138488769531","460,26001",1,1,2024-01-01
2024-01-01 18:00:00,"484,13153076171875","410,529999",1,1,2024-01-01
2024-01-01 19:00:00,"440,9079284667969","357,899994",1,1,2024-01-01
2024-01-01 20:00:00,"377,09014892578125","328,079987",1,1,2024-01-01
2024-01-01 21:00:00,"364,2626647949219","336,959991",1,1,2024-01-01
2024-01-01 22:00:00,"329,21197509765625","283,279999",1,1,2024-01-01
2024-01-01 23:00:00,"326,7902526855469","283,279999",1,1,2024-01-01
2024-01-02 00:00:00,"314,82061767578125","250,179993",1,1,2024-01-02
2024-01-02 01:00:00,"303,1529846191406","238,779999",1,1,2024-01-02
2024-01-02 02:00:00,"304,6330261230469","240,710007",1,1,2024-01-02
2024-01-02 03:00:00,"318,48504638671875","273,589996",1,1,2024-01-02
2024-01-02 04:00:00,"337,233642578125","311,01001",1,1,2024-01-02
2024-01-02 05:00:00,"408,445068359375","366,630005",1,1,2024-01-02
2024-01-02 06:00:00,"441,9310607910156","437,970001",1,1,2024-01-02
2024-01-02 07:00:00,"550,6676025390625","489,549988",1,1,2024-01-02
2024-01-02 08:00:00,"563,081787109375","492,829987",1,1,2024-01-02
2024-01-02 09:00:00,"561,8626708984375","514,22998",1,1,2024-01-02
2024-01-02 10:00:00,"552,1323852539062","548,219971",1,1,2024-01-02
2024-01-02 11:00:00,"544,2516479492188","582,659973",1,1,2024-01-02
2024-01-02 12:00:00,"526,1094970703125","587,960022",1,1,2024-01-02
2024-01-02 13:00:00,"528,3377685546875","590,719971",1,1,2024-01-02
2024-01-02 14:00:00,"691,6277465820312","596,080017",1,1,2024-01-02
2024-01-02 15:00:00,"714,45703125","607,26001",1,1,2024-01-02
2024-01-02 16:00:00,"718,7182006835938","603,23999",1,1,2024-01-02
2024-01-02 17:00:00,"660,3362426757812","558,72998",1,1,2024-01-02
2024-01-02 18:00:00,"520,4699096679688","470,98999",1,1,2024-01-02
2024-01-02 19:00:00,"431,6690979003906","425,73999",1,1,2024-01-02
2024-01-02 20:00:00,"363,3357238769531","358,130005",1,1,2024-01-02
2024-01-02 21:00:00,"327,01458740234375","298,190002",1,1,2024-01-02
2024-01-02 22:00:00,"290,46380615234375","223,639999",1,1,2024-01-02
2024-01-02 23:00:00,"299,2802734375","149,100006",1,1,2024-01-02
2024-01-03 00:00:00,"287,0347900390625","118,309998",1,1,2024-01-03
2024-01-03 01:00:00,"274,6794738769531","118,389999",1,1,2024-01-03
2024-01-03 02:00:00,"275,22784423828125","118,389999",1,1,2024-01-03
2024-01-03 03:00:00,"280,5511474609375","118,830002",1,1,2024-01-03
2024-01-03 04:00:00,"310,2862243652344","149,399994",1,1,2024-01-03
2024-01-03 05:00:00,"374,9770812988281","368,579987",1,1,2024-01-03
2024-01-03 06:00:00,"468,0048828125","399,070007",1,1,2024-01-03
2024-01-03 07:00:00,"598,9044799804688","473,25",1,1,2024-01-03
2024-01-03 08:00:00,"673,352783203125","484,51001",1,1,2024-01-03
2024-01-03 09:00:00,"691,9830932617188","448,720001",1,1,2024-01-03
2024-01-03 10:00:00,"672,9060668945312","447,01001",1,1,2024-01-03
2024-01-03 11:00:00,"663,888916015625","445,820007",1,1,2024-01-03
2024-01-03 12:00:00,"596,0071411132812","438,809998",1,1,2024-01-03
2024-01-03 13:00:00,"612,3873291015625","484,51001",1,1,2024-01-03
2024-01-03 14:00:00,"640,359619140625","513,140015",1,1,2024-01-03
2024-01-03 15:00:00,"642,5001220703125","548,619995",1,1,2024-01-03
2024-01-03 16:00:00,"679,6932373046875","613,409973",1,1,2024-01-03
2024-01-03 17:00:00,"630,4102172851562","618,549988",1,1,2024-01-03
2024-01-03 18:00:00,"591,6600341796875","589,179993",1,1,2024-01-03
2024-01-03 19:00:00,"543,2003784179688","545,940002",1,1,2024-01-03
2024-01-03 20:00:00,"456,308349609375","502,549988",1,1,2024-01-03
2024-01-03 21:00:00,"437,8568115234375","484,579987",1,1,2024-01-03
2024-01-03 22:00:00,"372,68133544921875","433,290009",1,1,2024-01-03
2024-01-03 23:00:00,"343,1581115722656","437,850006",1,1,2024-01-03
2024-01-04 00:00:00,"351,3016662597656","399,73999",1,1,2024-01-04
2024-01-04 01:00:00,"338,4931945800781","406,0",1,1,2024-01-04
2024-01-04 02:00:00,"316,1724853515625","411,519989",1,1,2024-01-04
2024-01-04 03:00:00,"345,97430419921875","434,420013",1,1,2024-01-04
2024-01-04 04:00:00,"350,2419128417969","441,130005",1,1,2024-01-04
2024-01-04 05:00:00,"411,1352233886719","541,809998",1,1,2024-01-04
2024-01-04 06:00:00,"521,251220703125","634,059998",1,1,2024-01-04
2024-01-04 07:00:00,"560,2753295898438","682,169983",1,1,2024-01-04
2024-01-04 08:00:00,"564,5772705078125","702,530029",1,1,2024-01-04
2024-01-04 09:00:00,"555,3033447265625","685,969971",1,1,2024-01-04
2024-01-04 10:00:00,"486,6018981933594","674,190002",1,1,2024-01-04
2024-01-04 11:00:00,"461,3822937011719","646,52002",1,1,2024-01-04
2024-01-04 12:00:00,"516,7897338867188","641,070007",1,1,2024-01-04
2024-01-04 13:00:00,"544,6212768554688","686,940002",1,1,2024-01-04
2024-01-04 14:00:00,"648,0369873046875","735,48999",1,1,2024-01-04
2024-01-04 15:00:00,"635,8300170898438","788,51001",1,1,2024-01-04
2024-01-04 16:00:00,"628,9849243164062","993,599976",1,1,2024-01-04
2024-01-04 17:00:00,"561,1166381835938","1078,77002",1,1,2024-01-04
2024-01-04 18:00:00,"508,29913330078125","932,22998",1,1,2024-01-04
2024-01-04 19:00:00,"441,3604736328125","772,549988",1,1,2024-01-04
2024-01-04 20:00:00,"385,1181945800781","745,859985",1,1,2024-01-04
2024-01-04 21:00:00,"360,0367736816406","707,450012",1,1,2024-01-04
2024-01-04 22:00:00,"295,97601318359375","662,47998",1,1,2024-01-04
2024-01-04 23:00:00,"290,7950744628906","662,570007",1,1,2024-01-04
2024-01-05 00:00:00,"268,6471252441406","619,76001",1,1,2024-01-05
2024-01-05 01:00:00,"253,50540161132812","596,710022",1,1,2024-01-05
2024-01-05 02:00:00,"244,5816650390625","597,97998",1,1,2024-01-05
2024-01-05 03:00:00,"244,89572143554688","615,280029",1,1,2024-01-05
2024-01-05 04:00:00,"277,7215881347656","657,419983",1,1,2024-01-05
2024-01-05 05:00:00,"353,6341857910156","818,909973",1,1,2024-01-05
2024-01-05 06:00:00,"408,3907165527344","1230,790039",1,1,2024-01-05
2024-01-05 07:00:00,"470,66888427734375","2230,280029",1,1,2024-01-05
2024-01-05 08:00:00,"437,3261413574219","1858,150024",1,1,2024-01-05
2024-01-05 09:00:00,"413,2509765625","1908,430054",1,1,2024-01-05
2024-01-05 10:00:00,"390,41314697265625","1574,640015",1,1,2024-01-05
2024-01-05 11:00:00,"356,46783447265625","1516,23999",1,1,2024-01-05
2024-01-05 12:00:00,"341,5697326660156","1469,25",1,1,2024-01-05
2024-01-05 13:00:00,"350,2889099121094","1475,810059",1,1,2024-01-05
2024-01-05 14:00:00,"375,5578308105469","2237,209961",1,1,2024-01-05
2024-01-05 15:00:00,"417,7527770996094","3353,810059",1,1,2024-01-05
2024-01-05 16:00:00,"436,0534362792969","3925,22998",1,1,2024-01-05
2024-01-05 17:00:00,"411,6455383300781","2610,22998",1,1,2024-01-05
2024-01-05 18:00:00,"365,55694580078125","1356,839966",1,1,2024-01-05
2024-01-05 19:00:00,"318,3589782714844","1115,849976",1,1,2024-01-05
2024-01-05 20:00:00,"301,0743103027344","841,51001",1,1,2024-01-05
2024-01-05 21:00:00,"272,4839172363281","746,630005",1,1,2024-01-05
2024-01-05 22:00:00,"243,82395935058594","692,710022",1,1,2024-01-05
2024-01-05 23:00:00,"181,32948303222656","633,090027",1,1,2024-01-05
2024-01-06 00:00:00,"159,78561401367188","620,559998",1,1,2024-01-06
2024-01-06 01:00:00,"140,84725952148438","611,830017",1,1,2024-01-06
2024-01-06 02:00:00,"129,61289978027344","612,950012",1,1,2024-01-06
2024-01-06 03:00:00,"112,77791595458984","615,559998",1,1,2024-01-06
2024-01-06 04:00:00,"114,62101745605469","627,5",1,1,2024-01-06
2024-01-06 05:00:00,"139,28208923339844","630,109985",1,1,2024-01-06
2024-01-06 06:00:00,"176,2155303955078","652,109985",1,1,2024-01-06
2024-01-06 07:00:00,"192,63983154296875","677,77002",1,1,2024-01-06
2024-01-06 08:00:00,"243,12872314453125","708,419983",1,1,2024-01-06
2024-01-06 09:00:00,"251,94918823242188","748,929993",1,1,2024-01-06
2024-01-06 10:00:00,"257,7795104980469","773,090027",1,1,2024-01-06
2024-01-06 11:00:00,"250,37060546875","763,25",1,1,2024-01-06
2024-01-06 12:00:00,"251,80906677246094","729,080017",1,1,2024-01-06
2024-01-06 13:00:00,"278,81109619140625","712,380005",1,1,2024-01-06
2024-01-06 14:00:00,"310,8878479003906","734,679993",1,1,2024-01-06
2024-01-06 15:00:00,"364,95562744140625","820,450012",1,1,2024-01-06
2024-01-06 16:00:00,"409,9065246582031","882,140015",1,1,2024-01-06
2024-01-06 17:00:00,"408,8078918457031","797,630005",1,1,2024-01-06
2024-01-06 18:00:00,"361,6399841308594","762,799988",1,1,2024-01-06
2024-01-06 19:00:00,"317,1622009277344","708,419983",1,1,2024-01-06
2024-01-06 20:00:00,"273,8096008300781","675,97998",1,1,2024-01-06
2024-01-06 21:00:00,"233,12184143066406","666,359985",1,1,2024-01-06
2024-01-06 22:00:00,"206,3477325439453","617,580017",1,1,2024-01-06
2024-01-06 23:00:00,"191,2224884033203","642,570007",1,1,2024-01-06
2024-01-07 00:00:00,"177,4110565185547","615,049988",1,1,2024-01-07
2024-01-07 01:00:00,"176,05335998535156","590,880005",1,1,2024-01-07
2024-01-07 02:00:00,"175,86265563964844","578,280029",1,1,2024-01-07
2024-01-07 03:00:00,"176,08091735839844","573,5",1,1,2024-01-07
2024-01-07 04:00:00,"190,9982452392578","577,460022",1,1,2024-01-07
2024-01-07 05:00:00,"212,4378662109375","585,140015",1,1,2024-01-07
2024-01-07 06:00:00,"237,06549072265625","599,460022",1,1,2024-01-07
2024-01-07 07:00:00,"263,97589111328125","628,099976",1,1,2024-01-07
2024-01-07 08:00:00,"262,8141174316406","653,159973",1,1,2024-01-07
2024-01-07 09:00:00,"258,07037353515625","669,419983",1,1,2024-01-07
2024-01-07 10:00:00,"253,306396484375","686,130005",1,1,2024-01-07
2024-01-07 11:00:00,"240,21957397460938","682,469971",1,1,2024-01-07
2024-01-07 12:00:00,"237,49224853515625","652,789978",1,1,2024-01-07
2024-01-07 13:00:00,"242,25172424316406","650,630005",1,1,2024-01-07
2024-01-07 14:00:00,"257,1912536621094","676,059998",1,1,2024-01-07
2024-01-07 15:00:00,"274,0841369628906","717,609985",1,1,2024-01-07
2024-01-07 16:00:00,"277,9738464355469","777,719971",1,1,2024-01-07
2024-01-07 17:00:00,"259,970458984375","791,299988",1,1,2024-01-07
2024-01-07 18:00:00,"213,85719299316406","772,349976",1,1,2024-01-07
2024-01-07 19:00:00,"192,20372009277344","749,599976",1,1,2024-01-07
2024-01-07 20:00:00,"180,64308166503906","695,97998",1,1,2024-01-07
2024-01-07 21:00:00,"157,1219482421875","680,01001",1,1,2024-01-07
2024-01-07 22:00:00,"154,55426025390625","625,48999",1,1,2024-01-07
2024-01-07 23:00:00,"149,41539001464844","649,059998",1,1,2024-01-07
2024-01-08 00:00:00,"300,8288879394531","628,919983",1,2,2024-01-08
2024-01-08 01:00:00,"192,0258331298828","610,27002",1,2,2024-01-08
2024-01-08 02:00:00,"165,372802734375","590,059998",1,2,2024-01-08
2024-01-08 03:00:00,"166,4883575439453","585,359985",1,2,2024-01-08
2024-01-08 04:00:00,"178,36293029785156","612,359985",1,2,2024-01-08
2024-01-08 05:00:00,"223,2372283935547","703,359985",1,2,2024-01-08
2024-01-08 06:00:00,"269,7613220214844","829,559998",1,2,2024-01-08
2024-01-08 07:00:00,"293,18841552734375","903,330017",1,2,2024-01-08
2024-01-08 08:00:00,"292,5167541503906","900,48999",1,2,2024-01-08
2024-01-08 09:00:00,"300,15802001953125","849,549988",1,2,2024-01-08
2024-01-08 10:00:00,"310,3038330078125","787,200012",1,2,2024-01-08
2024-01-08 11:00:00,"292,8270263671875","729,76001",1,2,2024-01-08
2024-01-08 12:00:00,"280,7980041503906","707,690002",1,2,2024-01-08
2024-01-08 13:00:00,"288,7553405761719","764,219971",1,2,2024-01-08
2024-01-08 14:00:00,"299,7689514160156","825,22998",1,2,2024-01-08
2024-01-08 15:00:00,"343,6328430175781","954,719971",1,2,2024-01-08
2024-01-08 16:00:00,"342,60504150390625","986,869995",1,2,2024-01-08
2024-01-08 17:00:00,"340,2213439941406","969,710022",1,2,2024-01-08
2024-01-08 18:00:00,"336,5680847167969","910,859985",1,2,2024-01-08
2024-01-08 19:00:00,"321,62957763671875","851,859985",1,2,2024-01-08
2024-01-08 20:00:00,"301,4878845214844","766,97998",1,2,2024-01-08
2024-01-08 21:00:00,"297,1033935546875","745,719971",1,2,2024-01-08
2024-01-08 22:00:00,"257,5576477050781","682,400024",1,2,2024-01-08
2024-01-08 23:00:00,"241,6297149658203","657,710022",1,2,2024-01-08
2024-01-09 00:00:00,"215,60374450683594","649,359985",1,2,2024-01-09
2024-01-09 01:00:00,"209,5548553466797","634,140015",1,2,2024-01-09
2024-01-09 02:00:00,"217,69485473632812","627,719971",1,2,2024-01-09
2024-01-09 03:00:00,"241,89434814453125","639,51001",1,2,2024-01-09
2024-01-09 04:00:00,"268,31878662109375","666,070007",1,2,2024-01-09
2024-01-09 05:00:00,"303,0155944824219","809,530029",1,2,2024-01-09
2024-01-09 06:00:00,"347,81243896484375","925,539978",1,2,2024-01-09
2024-01-09 07:00:00,"392,5222473144531","994,099976",1,2,2024-01-09
2024-01-09 08:00:00,"410,570556640625","902,039978",1,2,2024-01-09
2024-01-09 09:00:00,"402,5491027832031","844,450012",1,2,2024-01-09
2024-01-09 10:00:00,"385,5636901855469","789,169983",1,2,2024-01-09
2024-01-09 11:00:00,"362,6352844238281","747,690002",1,2,2024-01-09
2024-01-09 12:00:00,"355,8994445800781","752,159973",1,2,2024-01-09
2024-01-09 13:00:00,"361,58575439453125","838,26001",1,2,2024-01-09
2024-01-09 14:00:00,"511,6943054199219","903,390015",1,2,2024-01-09
2024-01-09 15:00:00,"563,2984008789062","977,23999",1,2,2024-01-09
2024-01-09 16:00:00,"573,7135620117188","1029,170044",1,2,2024-01-09
2024-01-09 17:00:00,"553,1679077148438","1028,050049",1,2,2024-01-09
2024-01-09 18:00:00,"500,5608825683594","973,070007",1,2,2024-01-09
2024-01-09 19:00:00,"437,53662109375","897,039978",1,2,2024-01-09
2024-01-09 20:00:00,"399,98895263671875","833,179993",1,2,2024-01-09
2024-01-09 21:00:00,"370,41845703125","792,150024",1,2,2024-01-09
2024-01-09 22:00:00,"359,523681640625","724,340027",1,2,2024-01-09
2024-01-09 23:00:00,"345,022216796875","665,900024",1,2,2024-01-09
2024-01-10 00:00:00,"331,7851867675781","647,039978",1,2,2024-01-10
2024-01-10 01:00:00,"343,5813903808594","646,809998",1,2,2024-01-10
2024-01-10 02:00:00,"335,13336181640625","642,039978",1,2,2024-01-10
2024-01-10 03:00:00,"331,85772705078125","643,599976",1,2,2024-01-10
2024-01-10 04:00:00,"352,3215026855469","664,109985",1,2,2024-01-10
2024-01-10 05:00:00,"375,38140869140625","812,0",1,2,2024-01-10
2024-01-10 06:00:00,"415,7416687011719","965,030029",1,2,2024-01-10
2024-01-10 07:00:00,"543,9234008789062","1066,459961",1,2,2024-01-10
2024-01-10 08:00:00,"570,3698120117188","972,419983",1,2,2024-01-10
2024-01-10 09:00:00,"578,3113403320312","905,890015",1,2,2024-01-10
2024-01-10 10:00:00,"558,7733154296875","813,869995",1,2,2024-01-10
2024-01-10 11:00:00,"553,2619018554688","762,26001",1,2,2024-01-10
2024-01-10 12:00:00,"534,31982421875","806,929993",1,2,2024-01-10
2024-01-10 13:00:00,"557,8966064453125","862,710022",1,2,2024-01-10
2024-01-10 14:00:00,"585,863037109375","923,27002",1,2,2024-01-10
2024-01-10 15:00:00,"596,790283203125","1004,109985",1,2,2024-01-10
2024-01-10 16:00:00,"615,5065307617188","1072,349976",1,2,2024-01-10
2024-01-10 17:00:00,"589,4003295898438","1044,089966",1,2,2024-01-10
2024-01-10 18:00:00,"551,3163452148438","985,539978",1,2,2024-01-10
2024-01-10 19:00:00,"499,3997497558594","894,929993",1,2,2024-01-10
2024-01-10 20:00:00,"383,0968322753906","818,559998",1,2,2024-01-10
2024-01-10 21:00:00,"366,5105895996094","779,26001",1,2,2024-01-10
2024-01-10 22:00:00,"317,4669189453125","716,169983",1,2,2024-01-10
2024-01-10 23:00:00,"296,3687744140625","684,27002",1,2,2024-01-10
2024-01-11 00:00:00,"294,5364990234375","660,700012",1,2,2024-01-11
2024-01-11 01:00:00,"270,9357604980469","650,710022",1,2,2024-01-11
2024-01-11 02:00:00,"259,9768371582031","614,390015",1,2,2024-01-11
2024-01-11 03:00:00,"257,8811340332031","611,179993",1,2,2024-01-11
2024-01-11 04:00:00,"273,6375732421875","666,440002",1,2,2024-01-11
2024-01-11 05:00:00,"308,9570007324219","761,22998",1,2,2024-01-11
2024-01-11 06:00:00,"376,0941467285156","871,530029",1,2,2024-01-11
2024-01-11 07:00:00,"406,8139953613281","1051,569946",1,2,2024-01-11
2024-01-11 08:00:00,"376,05523681640625","963,27002",1,2,2024-01-11
2024-01-11 09:00:00,"350,3116760253906","847,590027",1,2,2024-01-11
2024-01-11 10:00:00,"331,2324523925781","794,119995",1,2,2024-01-11
2024-01-11 11:00:00,"311,0063171386719","741,169983",1,2,2024-01-11
2024-01-11 12:00:00,"341,4414978027344","738,340027",1,2,2024-01-11
2024-01-11 13:00:00,"346,8069152832031","790,390015",1,2,2024-01-11
2024-01-11 14:00:00,"385,5533752441406","879,73999",1,2,2024-01-11
2024-01-11 15:00:00,"399,14892578125","1024,349976",1,2,2024-01-11
2024-01-11 16:00:00,"415,6732177734375","1119,359985",1,2,2024-01-11
2024-01-11 17:00:00,"393,9952392578125","1019,429993",1,2,2024-01-11
2024-01-11 18:00:00,"386,1564636230469","986,76001",1,2,2024-01-11
2024-01-11 19:00:00,"328,58782958984375","887,119995",1,2,2024-01-11
2024-01-11 20:00:00,"294,8072814941406","799,419983",1,2,2024-01-11
2024-01-11 21:00:00,"274,6345520019531","745,789978",1,2,2024-01-11
2024-01-11 22:00:00,"224,44476318359375","725,059998",1,2,2024-01-11
2024-01-11 23:00:00,"208,3688507080078","678,890015",1,2,2024-01-11
2024-01-12 00:00:00,"196,50003051757812","657,859985",1,2,2024-01-12
2024-01-12 01:00:00,"174,3117218017578","635,48999",1,2,2024-01-12
2024-01-12 02:00:00,"166,7528076171875","631,090027",1,2,2024-01-12
2024-01-12 03:00:00,"180,9869384765625","628,929993",1,2,2024-01-12
2024-01-12 04:00:00,"205,72703552246094","636,23999",1,2,2024-01-12
2024-01-12 05:00:00,"248,24801635742188","686,869995",1,2,2024-01-12
2024-01-12 06:00:00,"305,18621826171875","881,130005",1,2,2024-01-12
2024-01-12 07:00:00,"328,9522705078125","1049,51001",1,2,2024-01-12
2024-01-12 08:00:00,"305,102294921875","1006,409973",1,2,2024-01-12
2024-01-12 09:00:00,"289,5625","909,840027",1,2,2024-01-12
2024-01-12 10:00:00,"277,4917297363281","855,549988",1,2,2024-01-12
2024-01-12 11:00:00,"263,30438232421875","797,76001",1,2,2024-01-12
2024-01-12 12:00:00,"262,90972900390625","768,679993",1,2,2024-01-12
2024-01-12 13:00:00,"268,58477783203125","779,559998",1,2,2024-01-12
2024-01-12 14:00:00,"285,6171569824219","820,280029",1,2,2024-01-12
2024-01-12 15:00:00,"321,46978759765625","894,849976",1,2,2024-01-12
2024-01-12 16:00:00,"331,8546447753906","950,780029",1,2,2024-01-12
2024-01-12 17:00:00,"330,3021545410156","939,590027",1,2,2024-01-12
2024-01-12 18:00:00,"303,348388671875","890,900024",1,2,2024-01-12
2024-01-12 19:00:00,"249,87083435058594","811,26001",1,2,2024-01-12
2024-01-12 20:00:00,"241,41160583496094","734,369995",1,2,2024-01-12
2024-01-12 21:00:00,"232,93406677246094","696,27002",1,2,2024-01-12
2024-01-12 22:00:00,"191,51763916015625","634,969971",1,2,2024-01-12
2024-01-12 23:00:00,"168,84637451171875","564,030029",1,2,2024-01-12
2024-01-13 00:00:00,"140,06878662109375","558,140015",1,2,2024-01-13
2024-01-13 01:00:00,"134,0955047607422","549,200012",1,2,2024-01-13
2024-01-13 02:00:00,"116,59688568115234","532,190002",1,2,2024-01-13
2024-01-13 03:00:00,"108,17078399658203","538,679993",1,2,2024-01-13
2024-01-13 04:00:00,"111,80484771728516","414,230011",1,2,2024-01-13
2024-01-13 05:00:00,"137,49354553222656","340,179993",1,2,2024-01-13
2024-01-13 06:00:00,"174,85012817382812","381,790009",1,2,2024-01-13
2024-01-13 07:00:00,"212,59225463867188","500,799988",1,2,2024-01-13
2024-01-13 08:00:00,"267,9527587890625","546,659973",1,2,2024-01-13
2024-01-13 09:00:00,"281,71295166015625","537,039978",1,2,2024-01-13
2024-01-13 10:00:00,"289,27301025390625","529,289978",1,2,2024-01-13
2024-01-13 11:00:00,"286,71295166015625","521,609985",1,2,2024-01-13
2024-01-13 12:00:00,"286,09075927734375","474,779999",1,2,2024-01-13
2024-01-13 13:00:00,"315,5141906738281","506,390015",1,2,2024-01-13
2024-01-13 14:00:00,"383,4337463378906","511,609985",1,2,2024-01-13
2024-01-13 15:00:00,"437,72845458984375","527,789978",1,2,2024-01-13
2024-01-13 16:00:00,"511,8324279785156","553,450012",1,2,2024-01-13
2024-01-13 17:00:00,"519,4772338867188","565,299988",1,2,2024-01-13
2024-01-13 18:00:00,"454,2533264160156","550,460022",1,2,2024-01-13
2024-01-13 19:00:00,"400,4270324707031","544,799988",1,2,2024-01-13
2024-01-13 20:00:00,"335,51031494140625","528,909973",1,2,2024-01-13
2024-01-13 21:00:00,"270,30572509765625","467,98999",1,2,2024-01-13
2024-01-13 22:00:00,"255,71299743652344","459,709991",1,2,2024-01-13
2024-01-13 23:00:00,"231,8599090576172","477,420013",1,2,2024-01-13
2024-01-14 00:00:00,"221,73953247070312","463,179993",1,2,2024-01-14
2024-01-14 01:00:00,"215,86033630371094","469,290009",1,2,2024-01-14
2024-01-14 02:00:00,"217,27462768554688","477,350006",1,2,2024-01-14
2024-01-14 03:00:00,"222,12110900878906","482,269989",1,2,2024-01-14
2024-01-14 04:00:00,"233,82754516601562","486,220001",1,2,2024-01-14
2024-01-14 05:00:00,"247,70584106445312","501,950012",1,2,2024-01-14
2024-01-14 06:00:00,"281,4313659667969","534,390015",1,2,2024-01-14
2024-01-14 07:00:00,"320,2584228515625","572,280029",1,2,2024-01-14
2024-01-14 08:00:00,"325,5791015625","605,090027",1,2,2024-01-14
2024-01-14 09:00:00,"316,4214782714844","601,289978",1,2,2024-01-14
2024-01-14 10:00:00,"305,46368408203125","610,309998",1,2,2024-01-14
2024-01-14 11:00:00,"300,9429626464844","599,5",1,2,2024-01-14
2024-01-14 12:00:00,"301,6153259277344","574,52002",1,2,2024-01-14
2024-01-14 13:00:00,"295,9427795410156","590,25",1,2,2024-01-14
2024-01-14 14:00:00,"299,997802734375","613,890015",1,2,2024-01-14
2024-01-14 15:00:00,"321,70330810546875","645,960022",1,2,2024-01-14
2024-01-14 16:00:00,"297,5171203613281","685,030029",1,2,2024-01-14
2024-01-14 17:00:00,"271,8358154296875","705,76001",1,2,2024-01-14
2024-01-14 18:00:00,"237,43389892578125","635,809998",1,2,2024-01-14
2024-01-14 19:00:00,"210,04400634765625","589,580017",1,2,2024-01-14
2024-01-14 20:00:00,"199,0520782470703","586,150024",1,2,2024-01-14
2024-01-14 21:00:00,"180,73379516601562","562,210022",1,2,2024-01-14
2024-01-14 22:00:00,"163,2825469970703","498,820007",1,2,2024-01-14
2024-01-14 23:00:00,"157,0093994140625","519,409973",1,2,2024-01-14
2024-01-15 00:00:00,"258,5626525878906","492,559998",1,3,2024-01-15
2024-01-15 01:00:00,"196,6141357421875","479,579987",1,3,2024-01-15
2024-01-15 02:00:00,"178,7458953857422","462,649994",1,3,2024-01-15
2024-01-15 03:00:00,"179,18544006347656","474,059998",1,3,2024-01-15
2024-01-15 04:00:00,"177,0647430419922","526,27002",1,3,2024-01-15
2024-01-15 05:00:00,"199,59683227539062","596,219971",1,3,2024-01-15
2024-01-15 06:00:00,"263,66607666015625","625,22998",1,3,2024-01-15
2024-01-15 07:00:00,"284,0716247558594","740,52002",1,3,2024-01-15
2024-01-15 08:00:00,"286,0058898925781","747,900024",1,3,2024-01-15
2024-01-15 09:00:00,"286,47601318359375","707,549988",1,3,2024-01-15
2024-01-15 10:00:00,"279,14544677734375","673,099976",1,3,2024-01-15
2024-01-15 11:00:00,"267,47967529296875","625,369995",1,3,2024-01-15
2024-01-15 12:00:00,"268,1083068847656","612,619995",1,3,2024-01-15
2024-01-15 13:00:00,"274,18597412109375","630,150024",1,3,2024-01-15
2024-01-15 14:00:00,"296,2837219238281","666,98999",1,3,2024-01-15
2024-01-15 15:00:00,"312,43292236328125","745,140015",1,3,2024-01-15
2024-01-15 16:00:00,"354,7370910644531","813,450012",1,3,2024-01-15
2024-01-15 17:00:00,"362,8874816894531","861,849976",1,3,2024-01-15
2024-01-15 18:00:00,"344,827880859375","825,22998",1,3,2024-01-15
2024-01-15 19:00:00,"321,216796875","769,22998",1,3,2024-01-15
2024-01-15 20:00:00,"292,85528564453125","693,159973",1,3,2024-01-15
2024-01-15 21:00:00,"278,5810546875","667,359985",1,3,2024-01-15
2024-01-15 22:00:00,"270,2864685058594","644,539978",1,3,2024-01-15
2024-01-15 23:00:00,"257,8795471191406","612,98999",1,3,2024-01-15
2024-01-16 00:00:00,"234,63961791992188","607,099976",1,3,2024-01-16
2024-01-16 01:00:00,"236,64320373535156","597,179993",1,3,2024-01-16
2024-01-16 02:00:00,"240,2423858642578","583,679993",1,3,2024-01-16
2024-01-16 03:00:00,"262,7601318359375","578,679993",1,3,2024-01-16
2024-01-16 04:00:00,"290,9219970703125","622,390015",1,3,2024-01-16
2024-01-16 05:00:00,"317,6634826660156","917,359985",1,3,2024-01-16
2024-01-16 06:00:00,"358,46832275390625","1442,560059",1,3,2024-01-16
2024-01-16 07:00:00,"391,2150573730469","2055,399902",1,3,2024-01-16
2024-01-16 08:00:00,"427,9568786621094","2017,890015",1,3,2024-01-16
2024-01-16 09:00:00,"420,9913024902344","1864,030029",1,3,2024-01-16
2024-01-16 10:00:00,"420,31439208984375","1495,73999",1,3,2024-01-16
2024-01-16 11:00:00,"412,60369873046875","1268,189941",1,3,2024-01-16
2024-01-16 12:00:00,"384,423095703125","1058,839966",1,3,2024-01-16
2024-01-16 13:00:00,"394,79156494140625","1070,849976",1,3,2024-01-16
2024-01-16 14:00:00,"500,546142578125","1164,670044",1,3,2024-01-16
2024-01-16 15:00:00,"544,5244140625","1268,48999",1,3,2024-01-16
2024-01-16 16:00:00,"559,7802124023438","1273,930054",1,3,2024-01-16
2024-01-16 17:00:00,"525,492919921875","992,539978",1,3,2024-01-16
2024-01-16 18:00:00,"421,182861328125","833,599976",1,3,2024-01-16
2024-01-16 19:00:00,"345,93359375","712,179993",1,3,2024-01-16
2024-01-16 20:00:00,"295,104248046875","642,969971",1,3,2024-01-16
2024-01-16 21:00:00,"261,67364501953125","611,869995",1,3,2024-01-16
2024-01-16 22:00:00,"252,53131103515625","579,429993",1,3,2024-01-16
2024-01-16 23:00:00,"268,67620849609375","521,210022",1,3,2024-01-16
2024-01-17 00:00:00,"249,88784790039062","517,26001",1,3,2024-01-17
2024-01-17 01:00:00,"247,13845825195312","510,619995",1,3,2024-01-17
2024-01-17 02:00:00,"247,6876678466797","503,839996",1,3,2024-01-17
2024-01-17 03:00:00,"257,9837341308594","501,970001",1,3,2024-01-17
2024-01-17 04:00:00,"278,3199768066406","501,75",1,3,2024-01-17
2024-01-17 05:00:00,"329,9151611328125","526,880005",1,3,2024-01-17
2024-01-17 06:00:00,"406,50518798828125","596,159973",1,3,2024-01-17
2024-01-17 07:00:00,"535,7884521484375","715,929993",1,3,2024-01-17
2024-01-17 08:00:00,"589,2142333984375","767,159973",1,3,2024-01-17
2024-01-17 09:00:00,"609,1401977539062","797,289978",1,3,2024-01-17
2024-01-17 10:00:00,"589,4576416015625","828,539978",1,3,2024-01-17
2024-01-17 11:00:00,"584,1535034179688","877,840027",1,3,2024-01-17
2024-01-17 12:00:00,"548,8496704101562","907,590027",1,3,2024-01-17
2024-01-17 13:00:00,"565,0682373046875","907,890015",1,3,2024-01-17
2024-01-17 14:00:00,"607,0493774414062","935,630005",1,3,2024-01-17
2024-01-17 15:00:00,"624,818359375","958,75",1,3,2024-01-17
2024-01-17 16:00:00,"633,9326171875","1047,939941",1,3,2024-01-17
2024-01-17 17:00:00,"605,75048828125","921,690002",1,3,2024-01-17
2024-01-17 18:00:00,"546,8846435546875","852,26001",1,3,2024-01-17
2024-01-17 19:00:00,"482,3263854980469","818,849976",1,3,2024-01-17
2024-01-17 20:00:00,"379,3992919921875","753,890015",1,3,2024-01-17
2024-01-17 21:00:00,"334,2714538574219","703,099976",1,3,2024-01-17
2024-01-17 22:00:00,"311,84161376953125","627,710022",1,3,2024-01-17
2024-01-17 23:00:00,"306,9668884277344","606,580017",1,3,2024-01-17
2024-01-18 00:00:00,"290,04730224609375","575,780029",1,3,2024-01-18
2024-01-18 01:00:00,"268,0206604003906","561,530029",1,3,2024-01-18
2024-01-18 02:00:00,"256,07244873046875","558,700012",1,3,2024-01-18
2024-01-18 03:00:00,"264,3771667480469","578,539978",1,3,2024-01-18
2024-01-18 04:00:00,"303,3117980957031","604,119995",1,3,2024-01-18
2024-01-18 05:00:00,"338,6380615234375","681,97998",1,3,2024-01-18
2024-01-18 06:00:00,"385,2025146484375","831,969971",1,3,2024-01-18
2024-01-18 07:00:00,"430,4583740234375","938,919983",1,3,2024-01-18
2024-01-18 08:00:00,"408,27984619140625","911,179993",1,3,2024-01-18
2024-01-18 09:00:00,"400,6860046386719","827,119995",1,3,2024-01-18
2024-01-18 10:00:00,"332,21575927734375","805,119995",1,3,2024-01-18
2024-01-18 11:00:00,"339,5084228515625","697,719971",1,3,2024-01-18
2024-01-18 12:00:00,"372,71044921875","653,48999",1,3,2024-01-18
2024-01-18 13:00:00,"387,54022216796875","644,619995",1,3,2024-01-18
2024-01-18 14:00:00,"446,1981506347656","702,940002",1,3,2024-01-18
2024-01-18 15:00:00,"455,3654479980469","742,25",1,3,2024-01-18
2024-01-18 16:00:00,"459,10467529296875","780,72998",1,3,2024-01-18
2024-01-18 17:00:00,"420,99261474609375","770,140015",1,3,2024-01-18
2024-01-18 18:00:00,"402,654296875","705,030029",1,3,2024-01-18
2024-01-18 19:00:00,"332,41357421875","648,650024",1,3,2024-01-18
2024-01-18 20:00:00,"304,2160949707031","605,090027",1,3,2024-01-18
2024-01-18 21:00:00,"272,7427062988281","577,48999",1,3,2024-01-18
2024-01-18 22:00:00,"230,13485717773438","532,0",1,3,2024-01-18
2024-01-18 23:00:00,"223,0007781982422","510,089996",1,3,2024-01-18
2024-01-19 00:00:00,"191,01553344726562","487,269989",1,3,2024-01-19
2024-01-19 01:00:00,"181,78428649902344","477,649994",1,3,2024-01-19
2024-01-19 02:00:00,"173,17984008789062","468,029999",1,3,2024-01-19
2024-01-19 03:00:00,"180,13243103027344","472,209991",1,3,2024-01-19
2024-01-19 04:00:00,"186,7141571044922","491,079987",1,3,2024-01-19
2024-01-19 05:00:00,"245,49024963378906","564,830017",1,3,2024-01-19
2024-01-19 06:00:00,"300,74676513671875","666,549988",1,3,2024-01-19
2024-01-19 07:00:00,"350,25103759765625","777,590027",1,3,2024-01-19
2024-01-19 08:00:00,"318,5679016113281","770,359985",1,3,2024-01-19
2024-01-19 09:00:00,"304,4918212890625","714,799988",1,3,2024-01-19
2024-01-19 10:00:00,"290,84747314453125","645,52002",1,3,2024-01-19
2024-01-19 11:00:00,"289,9288330078125","587,049988",1,3,2024-01-19
2024-01-19 12:00:00,"274,20965576171875","560,429993",1,3,2024-01-19
2024-01-19 13:00:00,"277,1944885253906","573,549988",1,3,2024-01-19
2024-01-19 14:00:00,"301,9630126953125","648,429993",1,3,2024-01-19
2024-01-19 15:00:00,"322,7015380859375","780,049988",1,3,2024-01-19
2024-01-19 16:00:00,"330,4500732421875","855,890015",1,3,2024-01-19
2024-01-19 17:00:00,"318,50225830078125","809,059998",1,3,2024-01-19
2024-01-19 18:00:00,"282,2060241699219","634,630005",1,3,2024-01-19
2024-01-19 19:00:00,"251,4295196533203","565,429993",1,3,2024-01-19
2024-01-19 20:00:00,"239,29672241210938","544,469971",1,3,2024-01-19
2024-01-19 21:00:00,"214,7495880126953","527,169983",1,3,2024-01-19
2024-01-19 22:00:00,"170,0266876220703","497,339996",1,3,2024-01-19
2024-01-19 23:00:00,"164,48338317871094","504,279999",1,3,2024-01-19
2024-01-20 00:00:00,"144,42987060546875","484,809998",1,3,2024-01-20
2024-01-20 01:00:00,"128,05677795410156","485,480011",1,3,2024-01-20
2024-01-20 02:00:00,"112,23896026611328","472,359985",1,3,2024-01-20
2024-01-20 03:00:00,"105,93819427490234","472,579987",1,3,2024-01-20
2024-01-20 04:00:00,"123,83602905273438","460,5",1,3,2024-01-20
2024-01-20 05:00:00,"151,95623779296875","480,640015",1,3,2024-01-20
2024-01-20 06:00:00,"167,3729248046875","511,209991",1,3,2024-01-20
2024-01-20 07:00:00,"200,72288513183594","557,969971",1,3,2024-01-20
2024-01-20 08:00:00,"266,4425354003906","588,02002",1,3,2024-01-20
2024-01-20 09:00:00,"273,1587829589844","548,650024",1,3,2024-01-20
2024-01-20 10:00:00,"273,8804626464844","540,73999",1,3,2024-01-20
2024-01-20 11:00:00,"271,2998046875","520,159973",1,3,2024-01-20
2024-01-20 12:00:00,"271,207275390625","527,919983",1,3,2024-01-20
2024-01-20 13:00:00,"311,481689453125","547,309998",1,3,2024-01-20
2024-01-20 14:00:00,"384,4171142578125","589,960022",1,3,2024-01-20
2024-01-20 15:00:00,"434,65576171875","671,549988",1,3,2024-01-20
2024-01-20 16:00:00,"517,2969970703125","725,390015",1,3,2024-01-20
2024-01-20 17:00:00,"531,3472290039062","754,030029",1,3,2024-01-20
2024-01-20 18:00:00,"450,6712951660156","682,880005",1,3,2024-01-20
2024-01-20 19:00:00,"401,61468505859375","596,599976",1,3,2024-01-20
2024-01-20 20:00:00,"341,4762268066406","547,309998",1,3,2024-01-20
2024-01-20 21:00:00,"293,6563720703125","525,159973",1,3,2024-01-20
2024-01-20 22:00:00,"256,7582702636719","499,579987",1,3,2024-01-20
2024-01-20 23:00:00,"260,9884948730469","445,26001",1,3,2024-01-20
2024-01-21 00:00:00,"241,6141815185547","429,230011",1,3,2024-01-21
2024-01-21 01:00:00,"234,85391235351562","411,329987",1,3,2024-01-21
2024-01-21 02:00:00,"228,29896545410156","379,549988",1,3,2024-01-21
2024-01-21 03:00:00,"220,0082244873047","361,799988",1,3,2024-01-21
2024-01-21 04:00:00,"231,56512451171875","353,899994",1,3,2024-01-21
2024-01-21 05:00:00,"241,81834411621094","339,579987",1,3,2024-01-21
2024-01-21 06:00:00,"264,0224304199219","327,869995",1,3,2024-01-21
2024-01-21 07:00:00,"296,6026916503906","383,059998",1,3,2024-01-21
2024-01-21 08:00:00,"293,5138244628906","405,429993",1,3,2024-01-21
2024-01-21 09:00:00,"281,063232421875","343,529999",1,3,2024-01-21
2024-01-21 10:00:00,"290,3948059082031","363,0",1,3,2024-01-21
2024-01-21 11:00:00,"278,0962219238281","287,0",1,3,2024-01-21
2024-01-21 12:00:00,"277,3688659667969","281,100006",1,3,2024-01-21
2024-01-21 13:00:00,"267,61444091796875","330,399994",1,3,2024-01-21
2024-01-21 14:00:00,"294,3606872558594","365,76001",1,3,2024-01-21
2024-01-21 15:00:00,"301,93017578125","371,649994",1,3,2024-01-21
2024-01-21 16:00:00,"294,0770263671875","422,51001",1,3,2024-01-21
2024-01-21 17:00:00,"276,4903259277344","458,309998",1,3,2024-01-21
2024-01-21 18:00:00,"235,09219360351562","437,359985",1,3,2024-01-21
2024-01-21 19:00:00,"208,4080810546875","384,100006",1,3,2024-01-21
2024-01-21 20:00:00,"195,29429626464844","391,26001",1,3,2024-01-21
2024-01-21 21:00:00,"180,0825653076172","375,829987",1,3,2024-01-21
2024-01-21 22:00:00,"161,5081024169922","216,520004",1,3,2024-01-21
2024-01-21 23:00:00,"176,79373168945312","203,610001",1,3,2024-01-21
2024-01-22 00:00:00,"171,02987670898438","165,869995",1,4,2024-01-22
2024-01-22 01:00:00,"171,57167053222656","138,869995",1,4,2024-01-22
2024-01-22 02:00:00,"171,33084106445312","37,59",1,4,2024-01-22
2024-01-22 03:00:00,"169,36024475097656","37,740002",1,4,2024-01-22
2024-01-22 04:00:00,"176,46461486816406","149,169998",1,4,2024-01-22
2024-01-22 05:00:00,"218,96591186523438","302,059998",1,4,2024-01-22
2024-01-22 06:00:00,"272,9951171875","451,01001",1,4,2024-01-22
2024-01-22 07:00:00,"307,7320251464844","495,829987",1,4,2024-01-22
2024-01-22 08:00:00,"310,76763916015625","429,450012",1,4,2024-01-22
2024-01-22 09:00:00,"312,1002197265625","459,059998",1,4,2024-01-22
2024-01-22 10:00:00,"296,66339111328125","451,970001",1,4,2024-01-22
2024-01-22 11:00:00,"280,5898742675781","424,529999",1,4,2024-01-22
2024-01-22 12:00:00,"279,09722900390625","423,040009",1,4,2024-01-22
2024-01-22 13:00:00,"284,30279541015625","434,299988",1,4,2024-01-22
2024-01-22 14:00:00,"302,9630126953125","445,48999",1,4,2024-01-22
2024-01-22 15:00:00,"330,6128845214844","447,429993",1,4,2024-01-22
2024-01-22 16:00:00,"370,46954345703125","461,299988",1,4,2024-01-22
2024-01-22 17:00:00,"375,4951171875","455,179993",1,4,2024-01-22
2024-01-22 18:00:00,"343,5809326171875","447,720001",1,4,2024-01-22
2024-01-22 19:00:00,"320,5634765625","444,519989",1,4,2024-01-22
2024-01-22 20:00:00,"300,9715270996094","425,119995",1,4,2024-01-22
2024-01-22 21:00:00,"280,1843566894531","194,440002",1,4,2024-01-22
2024-01-22 22:00:00,"253,33575439453125","171,770004",1,4,2024-01-22
2024-01-22 23:00:00,"257,0484313964844","118,129997",1,4,2024-01-22
2024-01-23 00:00:00,"235,13064575195312","75,330002",1,4,2024-01-23
2024-01-23 01:00:00,"221,49290466308594","69,879997",1,4,2024-01-23
2024-01-23 02:00:00,"221,79261779785156","31,1",1,4,2024-01-23
2024-01-23 03:00:00,"239,145751953125","76,220001",1,4,2024-01-23
2024-01-23 04:00:00,"266,44281005859375","161,320007",1,4,2024-01-23
2024-01-23 05:00:00,"314,4884338378906","191,889999",1,4,2024-01-23
2024-01-23 06:00:00,"371,7514343261719","454,410004",1,4,2024-01-23
2024-01-23 07:00:00,"426,05401611328125","461,649994",1,4,2024-01-23
2024-01-23 08:00:00,"461,81036376953125","455,76001",1,4,2024-01-23
2024-01-23 09:00:00,"456,53350830078125","447,25",1,4,2024-01-23
2024-01-23 10:00:00,"440,3506774902344","443,299988",1,4,2024-01-23
2024-01-23 11:00:00,"439,0071716308594","310,100006",1,4,2024-01-23
2024-01-23 12:00:00,"410,9757385253906","199,570007",1,4,2024-01-23
2024-01-23 13:00:00,"426,9074401855469","320,019989",1,4,2024-01-23
2024-01-23 14:00:00,"558,0685424804688","468,059998",1,4,2024-01-23
2024-01-23 15:00:00,"605,340087890625","494,390015",1,4,2024-01-23
2024-01-23 16:00:00,"615,4111938476562","510,570007",1,4,2024-01-23
2024-01-23 17:00:00,"562,5240478515625","498,040009",1,4,2024-01-23
2024-01-23 18:00:00,"433,9859313964844","472,390015",1,4,2024-01-23
2024-01-23 19:00:00,"345,8076477050781","450,910004",1,4,2024-01-23
2024-01-23 20:00:00,"296,04266357421875","391,170013",1,4,2024-01-23
2024-01-23 21:00:00,"261,10430908203125","304,429993",1,4,2024-01-23
2024-01-23 22:00:00,"251,07180786132812","248,050003",1,4,2024-01-23
2024-01-23 23:00:00,"262,1073913574219","213,350006",1,4,2024-01-23
2024-01-24 00:00:00,"245,40859985351562","187,699997",1,4,2024-01-24
2024-01-24 01:00:00,"243,55047607421875","153,910004",1,4,2024-01-24
2024-01-24 02:00:00,"243,49130249023438","140,339996",1,4,2024-01-24
2024-01-24 03:00:00,"257,7234802246094","133,110001",1,4,2024-01-24
2024-01-24 04:00:00,"273,2671203613281","145,789993",1,4,2024-01-24
2024-01-24 05:00:00,"319,5928039550781","190,160004",1,4,2024-01-24
2024-01-24 06:00:00,"386,7281188964844","288,809998",1,4,2024-01-24
2024-01-24 07:00:00,"528,021240234375","373,380005",1,4,2024-01-24
2024-01-24 08:00:00,"549,8285522460938","369,429993",1,4,2024-01-24
2024-01-24 09:00:00,"571,9006958007812","373,600006",1,4,2024-01-24
2024-01-24 10:00:00,"568,655517578125","378,519989",1,4,2024-01-24
2024-01-24 11:00:00,"567,9747924804688","293,359985",1,4,2024-01-24
2024-01-24 12:00:00,"528,278076171875","278,450012",1,4,2024-01-24
2024-01-24 13:00:00,"516,3161010742188","335,869995",1,4,2024-01-24
2024-01-24 14:00:00,"549,5420532226562","372,480011",1,4,2024-01-24
2024-01-24 15:00:00,"575,384033203125","378,820007",1,4,2024-01-24
2024-01-24 16:00:00,"609,2410278320312","404,25",1,4,2024-01-24
2024-01-24 17:00:00,"579,707275390625","397,609985",1,4,2024-01-24
2024-01-24 18:00:00,"531,5836791992188","373,529999",1,4,2024-01-24
2024-01-24 19:00:00,"470,7479248046875","314,540009",1,4,2024-01-24
2024-01-24 20:00:00,"396,9081115722656","298,579987",1,4,2024-01-24
2024-01-24 21:00:00,"380,14532470703125","313,269989",1,4,2024-01-24
2024-01-24 22:00:00,"328,7571716308594","287,320007",1,4,2024-01-24
2024-01-24 23:00:00,"310,9390869140625","326,899994",1,4,2024-01-24
2024-01-25 00:00:00,"300,1588439941406","327,869995",1,4,2024-01-25
2024-01-25 01:00:00,"287,8262023925781","318,839996",1,4,2024-01-25
2024-01-25 02:00:00,"272,47564697265625","326,970001",1,4,2024-01-25
2024-01-25 03:00:00,"288,4567565917969","336,369995",1,4,2024-01-25
2024-01-25 04:00:00,"296,5111999511719","380,359985",1,4,2024-01-25
2024-01-25 05:00:00,"362,9615478515625","442,850006",1,4,2024-01-25
2024-01-25 06:00:00,"420,4151306152344","492,51001",1,4,2024-01-25
2024-01-25 07:00:00,"460,8504333496094","663,789978",1,4,2024-01-25
2024-01-25 08:00:00,"449,36712646484375","635,679993",1,4,2024-01-25
2024-01-25 09:00:00,"414,9417724609375","606,599976",1,4,2024-01-25
2024-01-25 10:00:00,"383,8918151855469","568,340027",1,4,2024-01-25
2024-01-25 11:00:00,"365,7884521484375","545,450012",1,4,2024-01-25
2024-01-25 12:00:00,"389,85223388671875","566,630005",1,4,2024-01-25
2024-01-25 13:00:00,"422,2384948730469","633,659973",1,4,2024-01-25
2024-01-25 14:00:00,"501,14971923828125","686,530029",1,4,2024-01-25
2024-01-25 15:00:00,"488,3425598144531","755,950012",1,4,2024-01-25
2024-01-25 16:00:00,"514,40380859375","920,0",1,4,2024-01-25
2024-01-25 17:00:00,"468,4179382324219","861,539978",1,4,2024-01-25
2024-01-25 18:00:00,"412,0807189941406","736,640015",1,4,2024-01-25
2024-01-25 19:00:00,"368,86016845703125","679,070007",1,4,2024-01-25
2024-01-25 20:00:00,"315,4815673828125","643,580017",1,4,2024-01-25
2024-01-25 21:00:00,"303,1979064941406","599,73999",1,4,2024-01-25
2024-01-25 22:00:00,"252,73133850097656","560,440002",1,4,2024-01-25
2024-01-25 23:00:00,"261,3692626953125","468,200012",1,4,2024-01-25
2024-01-26 00:00:00,"218,99476623535156","462,23999",1,4,2024-01-26
2024-01-26 01:00:00,"195,46559143066406","436,070007",1,4,2024-01-26
2024-01-26 02:00:00,"194,63790893554688","420,109985",1,4,2024-01-26
2024-01-26 03:00:00,"192,3208465576172","415,269989",1,4,2024-01-26
2024-01-26 04:00:00,"217,40914916992188","388,869995",1,4,2024-01-26
2024-01-26 05:00:00,"283,137939453125","432,040009",1,4,2024-01-26
2024-01-26 06:00:00,"352,140869140625","469,470001",1,4,2024-01-26
2024-01-26 07:00:00,"370,2875671386719","484,149994",1,4,2024-01-26
2024-01-26 08:00:00,"342,1933288574219","475,660004",1,4,2024-01-26
2024-01-26 09:00:00,"339,91766357421875","456,420013",1,4,2024-01-26
2024-01-26 10:00:00,"317,2839050292969","437,929993",1,4,2024-01-26
2024-01-26 11:00:00,"292,36309814453125","389,769989",1,4,2024-01-26
2024-01-26 12:00:00,"290,875244140625","346,450012",1,4,2024-01-26
2024-01-26 13:00:00,"293,4768371582031","367,399994",1,4,2024-01-26
2024-01-26 14:00:00,"314,4828796386719","364,640015",1,4,2024-01-26
2024-01-26 15:00:00,"355,8983154296875","383,809998",1,4,2024-01-26
2024-01-26 16:00:00,"367,8335876464844","427,720001",1,4,2024-01-26
2024-01-26 17:00:00,"354,0753479003906","404,01001",1,4,2024-01-26
2024-01-26 18:00:00,"293,7956237792969","249,830002",1,4,2024-01-26
2024-01-26 19:00:00,"257,1554870605469","205,619995",1,4,2024-01-26
2024-01-26 20:00:00,"250,0653839111328","192,050003",1,4,2024-01-26
2024-01-26 21:00:00,"230,01576232910156","181,839996",1,4,2024-01-26
2024-01-26 22:00:00,"182,6852264404297","163,869995",1,4,2024-01-26
2024-01-26 23:00:00,"168,5002899169922","144,039993",1,4,2024-01-26
2024-01-27 00:00:00,"145,2165985107422","136,130005",1,4,2024-01-27
2024-01-27 01:00:00,"125,36258697509766","131,440002",1,4,2024-01-27
2024-01-27 02:00:00,"109,7159423828125","134,339996",1,4,2024-01-27
2024-01-27 03:00:00,"107,73249816894531","137,850006",1,4,2024-01-27
2024-01-27 04:00:00,"119,09442138671875","140,460007",1,4,2024-01-27
2024-01-27 05:00:00,"140,6228790283203","144,710007",1,4,2024-01-27
2024-01-27 06:00:00,"186,64361572265625","154,399994",1,4,2024-01-27
2024-01-27 07:00:00,"238,36094665527344","215,080002",1,4,2024-01-27
2024-01-27 08:00:00,"282,49078369140625","237,820007",1,4,2024-01-27
2024-01-27 09:00:00,"287,14068603515625","341,600006",1,4,2024-01-27
2024-01-27 10:00:00,"285,32171630859375","422,040009",1,4,2024-01-27
2024-01-27 11:00:00,"281,24200439453125","416,299988",1,4,2024-01-27
2024-01-27 12:00:00,"278,66986083984375","242,220001",1,4,2024-01-27
2024-01-27 13:00:00,"297,65765380859375","296,570007",1,4,2024-01-27
2024-01-27 14:00:00,"355,7775573730469","432,029999",1,4,2024-01-27
2024-01-27 15:00:00,"401,7420654296875","439,339996",1,4,2024-01-27
2024-01-27 16:00:00,"459,8301086425781","460,359985",1,4,2024-01-27
2024-01-27 17:00:00,"479,0268859863281","457,079987",1,4,2024-01-27
2024-01-27 18:00:00,"448,8505859375","443,070007",1,4,2024-01-27
2024-01-27 19:00:00,"395,4848327636719","433,970001",1,4,2024-01-27
2024-01-27 20:00:00,"340,0578308105469","431,290009",1,4,2024-01-27
2024-01-27 21:00:00,"289,2750549316406","430,390015",1,4,2024-01-27
2024-01-27 22:00:00,"247,83287048339844","429,5",1,4,2024-01-27
2024-01-27 23:00:00,"229,84547424316406","497,75",1,4,2024-01-27
2024-01-28 00:00:00,"217,4881591796875","438,339996",1,4,2024-01-28
2024-01-28 01:00:00,"218,95138549804688","434,309998",1,4,2024-01-28
2024-01-28 02:00:00,"209,31138610839844","430,290009",1,4,2024-01-28
2024-01-28 03:00:00,"205,9713897705078","431,399994",1,4,2024-01-28
2024-01-28 04:00:00,"223,78128051757812","429,609985",1,4,2024-01-28
2024-01-28 05:00:00,"236,35067749023438","430,290009",1,4,2024-01-28
2024-01-28 06:00:00,"268,0433349609375","439,679993",1,4,2024-01-28
2024-01-28 07:00:00,"302,0126953125","441,320007",1,4,2024-01-28
2024-01-28 08:00:00,"292,1268310546875","410,609985",1,4,2024-01-28
2024-01-28 09:00:00,"285,0210876464844","381,380005",1,4,2024-01-28
2024-01-28 10:00:00,"281,1264953613281","341,049988",1,4,2024-01-28
2024-01-28 11:00:00,"269,7673034667969","309,970001",1,4,2024-01-28
2024-01-28 12:00:00,"271,4281921386719","298,859985",1,4,2024-01-28
2024-01-28 13:00:00,"269,9676818847656","377,579987",1,4,2024-01-28
2024-01-28 14:00:00,"286,41290283203125","420,519989",1,4,2024-01-28
2024-01-28 15:00:00,"308,36700439453125","431,850006",1,4,2024-01-28
2024-01-28 16:00:00,"289,2861633300781","431,329987",1,4,2024-01-28
2024-01-28 17:00:00,"274,61370849609375","427,380005",1,4,2024-01-28
2024-01-28 18:00:00,"240,89389038085938","422,01001",1,4,2024-01-28
2024-01-28 19:00:00,"208,1012420654297","217,75",1,4,2024-01-28
2024-01-28 20:00:00,"187,58206176757812","122,029999",1,4,2024-01-28
2024-01-28 21:00:00,"184,74012756347656","74,550003",1,4,2024-01-28
2024-01-28 22:00:00,"156,08811950683594","51,59",1,4,2024-01-28
2024-01-28 23:00:00,"167,76898193359375","111,82",1,4,2024-01-28
2024-04-01 00:00:00,"216,84422302246094","343,549988",2,1,2024-04-01
2024-04-01 01:00:00,"203,3097686767578","325,049988",2,1,2024-04-01
2024-04-01 02:00:00,"201,24688720703125","368,459991",2,1,2024-04-01
2024-04-01 03:00:00,"198,1817169189453","390,459991",2,1,2024-04-01
2024-04-01 04:00:00,"218,29653930664062","437,899994",2,1,2024-04-01
2024-04-01 05:00:00,"272,01629638671875","481,01001",2,1,2024-04-01
2024-04-01 06:00:00,"318,99444580078125","437,899994",2,1,2024-04-01
2024-04-01 07:00:00,"333,7544250488281","454,160004",2,1,2024-04-01
2024-04-01 08:00:00,"331,9926452636719","405,450012",2,1,2024-04-01
2024-04-01 09:00:00,"331,6141662597656","226,669998",2,1,2024-04-01
2024-04-01 10:00:00,"318,12310791015625","134,550003",2,1,2024-04-01
2024-04-01 11:00:00,"293,50408935546875","149,550003",2,1,2024-04-01
2024-04-01 12:00:00,"290,81884765625","74,809998",2,1,2024-04-01
2024-04-01 13:00:00,"303,0196838378906","33,34",2,1,2024-04-01
2024-04-01 14:00:00,"320,7466735839844","30,73",2,1,2024-04-01
2024-04-01 15:00:00,"347,3454895019531","98,080002",2,1,2024-04-01
2024-04-01 16:00:00,"388,70147705078125","258,149994",2,1,2024-04-01
2024-04-01 17:00:00,"394,787353515625","361,970001",2,1,2024-04-01
2024-04-01 18:00:00,"364,49639892578125","372,040009",2,1,2024-04-01
2024-04-01 19:00:00,"333,8471984863281","340,790009",2,1,2024-04-01
2024-04-01 20:00:00,"310,16943359375","193,699997",2,1,2024-04-01
2024-04-01 21:00:00,"289,4647521972656","55,720001",2,1,2024-04-01
2024-04-01 22:00:00,"281,21392822265625","59,450001",2,1,2024-04-01
2024-04-01 23:00:00,"276,4594421386719","9,55",2,1,2024-04-01
2024-04-02 00:00:00,"253,21197509765625","4,55",2,1,2024-04-02
2024-04-02 01:00:00,"253,72866821289062","6,49",2,1,2024-04-02
2024-04-02 02:00:00,"245,96743774414062","14,47",2,1,2024-04-02
2024-04-02 03:00:00,"247,66403198242188","54,220001",2,1,2024-04-02
2024-04-02 04:00:00,"266,20654296875","426,790009",2,1,2024-04-02
2024-04-02 05:00:00,"311,78204345703125","554,630005",2,1,2024-04-02
2024-04-02 06:00:00,"366,6230163574219","501,820007",2,1,2024-04-02
2024-04-02 07:00:00,"409,2436828613281","349,220001",2,1,2024-04-02
2024-04-02 08:00:00,"426,85174560546875","285,589996",2,1,2024-04-02
2024-04-02 09:00:00,"436,35308837890625","293,130005",2,1,2024-04-02
2024-04-02 10:00:00,"414,1482849121094","292,980011",2,1,2024-04-02
2024-04-02 11:00:00,"417,78656005859375","286,190002",2,1,2024-04-02
2024-04-02 12:00:00,"392,905029296875","248,970001",2,1,2024-04-02
2024-04-02 13:00:00,"393,5201110839844","187,210007",2,1,2024-04-02
2024-04-02 14:00:00,"535,6255493164062","65,860001",2,1,2024-04-02
2024-04-02 15:00:00,"587,9573974609375","307,299988",2,1,2024-04-02
2024-04-02 16:00:00,"596,6423950195312","542,25",2,1,2024-04-02
2024-04-02 17:00:00,"555,95361328125","711,48999",2,1,2024-04-02
2024-04-02 18:00:00,"488,0375671386719","707,679993",2,1,2024-04-02
2024-04-02 19:00:00,"441,27801513671875","582,75",2,1,2024-04-02
2024-04-02 20:00:00,"389,3494873046875","558,359985",2,1,2024-04-02
2024-04-02 21:00:00,"357,3295593261719","528,669983",2,1,2024-04-02
2024-04-02 22:00:00,"328,46014404296875","552,840027",2,1,2024-04-02
2024-04-02 23:00:00,"312,22235107421875","535,090027",2,1,2024-04-02
2024-04-03 00:00:00,"306,9200744628906","522,419983",2,1,2024-04-03
2024-04-03 01:00:00,"312,2555236816406","482,220001",2,1,2024-04-03
2024-04-03 02:00:00,"302,9012756347656","483,929993",2,1,2024-04-03
2024-04-03 03:00:00,"311,74896240234375","512,570007",2,1,2024-04-03
2024-04-03 04:00:00,"331,50927734375","707,820007",2,1,2024-04-03
2024-04-03 05:00:00,"390,94207763671875","879,48999",2,1,2024-04-03
2024-04-03 06:00:00,"454,90252685546875","879,48999",2,1,2024-04-03
2024-04-03 07:00:00,"571,0726928710938","753,080017",2,1,2024-04-03
2024-04-03 08:00:00,"593,6917724609375","800,590027",2,1,2024-04-03
2024-04-03 09:00:00,"613,0756225585938","677,23999",2,1,2024-04-03
2024-04-03 10:00:00,"570,1160888671875","611,76001",2,1,2024-04-03
2024-04-03 11:00:00,"578,380859375","573,349976",2,1,2024-04-03
2024-04-03 12:00:00,"541,305908203125","544,710022",2,1,2024-04-03
2024-04-03 13:00:00,"569,8539428710938","531,890015",2,1,2024-04-03
2024-04-03 14:00:00,"603,6888427734375","558,289978",2,1,2024-04-03
2024-04-03 15:00:00,"620,9130249023438","672,840027",2,1,2024-04-03
2024-04-03 16:00:00,"641,965576171875","806,47998",2,1,2024-04-03
2024-04-03 17:00:00,"602,2573852539062","897,539978",2,1,2024-04-03
2024-04-03 18:00:00,"555,6665649414062","739,359985",2,1,2024-04-03
2024-04-03 19:00:00,"499,035888671875","557,169983",2,1,2024-04-03
2024-04-03 20:00:00,"379,67120361328125","458,579987",2,1,2024-04-03
2024-04-03 21:00:00,"364,1204833984375","412,640015",2,1,2024-04-03
2024-04-03 22:00:00,"320,0045166015625","406,619995",2,1,2024-04-03
2024-04-03 23:00:00,"305,73101806640625","387,899994",2,1,2024-04-03
2024-04-04 00:00:00,"290,7071533203125","374,179993",2,1,2024-04-04
2024-04-04 01:00:00,"272,1151428222656","384,619995",2,1,2024-04-04
2024-04-04 02:00:00,"256,544921875","387,380005",2,1,2024-04-04
2024-04-04 03:00:00,"268,0721130371094","403,339996",2,1,2024-04-04
2024-04-04 04:00:00,"296,0329895019531","454,200012",2,1,2024-04-04
2024-04-04 05:00:00,"357,59466552734375","576,219971",2,1,2024-04-04
2024-04-04 06:00:00,"389,9311828613281","561,830017",2,1,2024-04-04
2024-04-04 07:00:00,"434,65362548828125","535,419983",2,1,2024-04-04
2024-04-04 08:00:00,"426,1448059082031","515,880005",2,1,2024-04-04
2024-04-04 09:00:00,"395,18597412109375","470,309998",2,1,2024-04-04
2024-04-04 10:00:00,"360,4823913574219","433,170013",2,1,2024-04-04
2024-04-04 11:00:00,"338,2019348144531","419,299988",2,1,2024-04-04
2024-04-04 12:00:00,"365,1849670410156","413,850006",2,1,2024-04-04
2024-04-04 13:00:00,"395,2062683105469","418,929993",2,1,2024-04-04
2024-04-04 14:00:00,"458,47601318359375","425,709991",2,1,2024-04-04
2024-04-04 15:00:00,"455,8783264160156","515,210022",2,1,2024-04-04
2024-04-04 16:00:00,"483,6148681640625","562,049988",2,1,2024-04-04
2024-04-04 17:00:00,"440,1322937011719","676,159973",2,1,2024-04-04
2024-04-04 18:00:00,"411,19512939453125","600,97998",2,1,2024-04-04
2024-04-04 19:00:00,"337,82037353515625","533,47998",2,1,2024-04-04
2024-04-04 20:00:00,"307,2232971191406","520,280029",2,1,2024-04-04
2024-04-04 21:00:00,"287,848388671875","430,109985",2,1,2024-04-04
2024-04-04 22:00:00,"246,03457641601562","348,920013",2,1,2024-04-04
2024-04-04 23:00:00,"232,42758178710938","360,029999",2,1,2024-04-04
2024-04-05 00:00:00,"198,28318786621094","354,440002",2,1,2024-04-05
2024-04-05 01:00:00,"183,72744750976562","347,049988",2,1,2024-04-05
2024-04-05 02:00:00,"174,5753936767578","353,320007",2,1,2024-04-05
2024-04-05 03:00:00,"179,645751953125","352,720001",2,1,2024-04-05
2024-04-05 04:00:00,"197,52682495117188","555,380005",2,1,2024-04-05
2024-04-05 05:00:00,"248,15216064453125","613,26001",2,1,2024-04-05
2024-04-05 06:00:00,"310,86083984375","604,159973",2,1,2024-04-05
2024-04-05 07:00:00,"359,621337890625","496,679993",2,1,2024-04-05
2024-04-05 08:00:00,"328,07177734375","376,660004",2,1,2024-04-05
2024-04-05 09:00:00,"307,97454833984375","339,670013",2,1,2024-04-05
2024-04-05 10:00:00,"302,5634460449219","331,390015",2,1,2024-04-05
2024-04-05 11:00:00,"289,1208190917969","298,570007",2,1,2024-04-05
2024-04-05 12:00:00,"275,7240905761719","276,48999",2,1,2024-04-05
2024-04-05 13:00:00,"276,4709777832031","231,520004",2,1,2024-04-05
2024-04-05 14:00:00,"308,0997009277344","205,929993",2,1,2024-04-05
2024-04-05 15:00:00,"340,4081115722656","298,269989",2,1,2024-04-05
2024-04-05 16:00:00,"359,2167053222656","370,320007",2,1,2024-04-05
2024-04-05 17:00:00,"338,60906982421875","398,299988",2,1,2024-04-05
2024-04-05 18:00:00,"298,1903381347656","402,170013",2,1,2024-04-05
2024-04-05 19:00:00,"242,37850952148438","398,299988",2,1,2024-04-05
2024-04-05 20:00:00,"247,95645141601562","393,299988",2,1,2024-04-05
2024-04-05 21:00:00,"217,87852478027344","370,100006",2,1,2024-04-05
2024-04-05 22:00:00,"194,12612915039062","313,649994",2,1,2024-04-05
2024-04-05 23:00:00,"172,78671264648438","326,549988",2,1,2024-04-05
2024-04-06 00:00:00,"144,6421356201172","328,190002",2,1,2024-04-06
2024-04-06 01:00:00,"127,72625732421875","334,679993",2,1,2024-04-06
2024-04-06 02:00:00,"115,96143341064453","354,369995",2,1,2024-04-06
2024-04-06 03:00:00,"126,29783630371094","359,890015",2,1,2024-04-06
2024-04-06 04:00:00,"147,59030151367188","372,5",2,1,2024-04-06
2024-04-06 05:00:00,"189,82432556152344","382,339996",2,1,2024-04-06
2024-04-06 06:00:00,"227,4285430908203","374,660004",2,1,2024-04-06
2024-04-06 07:00:00,"238,96958923339844","359,890015",2,1,2024-04-06
2024-04-06 08:00:00,"294,0081481933594","291,790009",2,1,2024-04-06
2024-04-06 09:00:00,"288,2060852050781","298,279999",2,1,2024-04-06
2024-04-06 10:00:00,"293,645263671875","295,0",2,1,2024-04-06
2024-04-06 11:00:00,"292,6885986328125","282,23999",2,1,2024-04-06
2024-04-06 12:00:00,"294,0228576660156","260,459991",2,1,2024-04-06
2024-04-06 13:00:00,"321,1654052734375","292,459991",2,1,2024-04-06
2024-04-06 14:00:00,"385,1146545410156","297,380005",2,1,2024-04-06
2024-04-06 15:00:00,"443,08843994140625","345,200012",2,1,2024-04-06
2024-04-06 16:00:00,"521,9550170898438","393,079987",2,1,2024-04-06
2024-04-06 17:00:00,"549,9452514648438","435,369995",2,1,2024-04-06
2024-04-06 18:00:00,"468,3934631347656","360,109985",2,1,2024-04-06
2024-04-06 19:00:00,"420,6861267089844","335,799988",2,1,2024-04-06
2024-04-06 20:00:00,"344,1634216308594","297,309998",2,1,2024-04-06
2024-04-06 21:00:00,"288,49505615234375","188,410004",2,1,2024-04-06
2024-04-06 22:00:00,"264,9980773925781","84,279999",2,1,2024-04-06
2024-04-06 23:00:00,"246,6365203857422","0,75",2,1,2024-04-06
2024-04-07 00:00:00,"223,741943359375","0,0",2,1,2024-04-07
2024-04-07 01:00:00,"222,51580810546875","0,0",2,1,2024-04-07
2024-04-07 02:00:00,"223,8928680419922","0,0",2,1,2024-04-07
2024-04-07 03:00:00,"222,89932250976562","0,0",2,1,2024-04-07
2024-04-07 04:00:00,"230,63238525390625","0,0",2,1,2024-04-07
2024-04-07 05:00:00,"239,74729919433594","0,0",2,1,2024-04-07
2024-04-07 06:00:00,"266,9765319824219","0,0",2,1,2024-04-07
2024-04-07 07:00:00,"294,91607666015625","-0,07",2,1,2024-04-07
2024-04-07 08:00:00,"292,0152282714844","-1,19",2,1,2024-04-07
2024-04-07 09:00:00,"279,8095397949219","-22,450001",2,1,2024-04-07
2024-04-07 10:00:00,"277,4007263183594","-29,76",2,1,2024-04-07
2024-04-07 11:00:00,"257,0871276855469","-48,849998",2,1,2024-04-07
2024-04-07 12:00:00,"258,4913024902344","-74,589996",2,1,2024-04-07
2024-04-07 13:00:00,"248,3732452392578","-37,59",2,1,2024-04-07
2024-04-07 14:00:00,"288,4139709472656","-1,19",2,1,2024-04-07
2024-04-07 15:00:00,"298,78143310546875","51,610001",2,1,2024-04-07
2024-04-07 16:00:00,"301,6744384765625","682,159973",2,1,2024-04-07
2024-04-07 17:00:00,"265,5020446777344","808,440002",2,1,2024-04-07
2024-04-07 18:00:00,"244,10169982910156","793,599976",2,1,2024-04-07
2024-04-07 19:00:00,"222,759765625","670,900024",2,1,2024-04-07
2024-04-07 20:00:00,"209,7117919921875","577,73999",2,1,2024-04-07
2024-04-07 21:00:00,"203,25607299804688","494,730011",2,1,2024-04-07
2024-04-07 22:00:00,"191,61968994140625","527,849976",2,1,2024-04-07
2024-04-07 23:00:00,"199,71849060058594","494,359985",2,1,2024-04-07
2024-04-08 00:00:00,"259,2790832519531","292,079987",2,2,2024-04-08
2024-04-08 01:00:00,"203,0743865966797","312,290009",2,2,2024-04-08
2024-04-08 02:00:00,"193,82363891601562","328,480011",2,2,2024-04-08
2024-04-08 03:00:00,"199,0696563720703","494,799988",2,2,2024-04-08
2024-04-08 04:00:00,"219,30239868164062","760,700012",2,2,2024-04-08
2024-04-08 05:00:00,"267,37103271484375","1117,150024",2,2,2024-04-08
2024-04-08 06:00:00,"314,3658142089844","958,580017",2,2,2024-04-08
2024-04-08 07:00:00,"333,7745361328125","637,789978",2,2,2024-04-08
2024-04-08 08:00:00,"335,2672424316406","601,159973",2,2,2024-04-08
2024-04-08 09:00:00,"343,31121826171875","531,280029",2,2,2024-04-08
2024-04-08 10:00:00,"330,2200622558594","482,570007",2,2,2024-04-08
2024-04-08 11:00:00,"299,4260559082031","447,519989",2,2,2024-04-08
2024-04-08 12:00:00,"303,54388427734375","431,779999",2,2,2024-04-08
2024-04-08 13:00:00,"324,0989990234375","472,880005",2,2,2024-04-08
2024-04-08 14:00:00,"340,959228515625","522,099976",2,2,2024-04-08
2024-04-08 15:00:00,"375,53741455078125","559,469971",2,2,2024-04-08
2024-04-08 16:00:00,"408,33624267578125","782,409973",2,2,2024-04-08
2024-04-08 17:00:00,"396,2511901855469","1024,069946",2,2,2024-04-08
2024-04-08 18:00:00,"374,51446533203125","930,830017",2,2,2024-04-08
2024-04-08 19:00:00,"336,9327392578125","632,859985",2,2,2024-04-08
2024-04-08 20:00:00,"310,7033386230469","574,309998",2,2,2024-04-08
2024-04-08 21:00:00,"289,3775329589844","523,52002",2,2,2024-04-08
2024-04-08 22:00:00,"282,27789306640625","583,330017",2,2,2024-04-08
2024-04-08 23:00:00,"277,3792419433594","517,549988",2,2,2024-04-08
2024-04-09 00:00:00,"253,23410034179688","482,790009",2,2,2024-04-09
2024-04-09 01:00:00,"255,12295532226562","440,200012",2,2,2024-04-09
2024-04-09 02:00:00,"246,1044921875","453,779999",2,2,2024-04-09
2024-04-09 03:00:00,"252,43600463867188","488,390015",2,2,2024-04-09
2024-04-09 04:00:00,"283,51788330078125","631,070007",2,2,2024-04-09
2024-04-09 05:00:00,"321,21234130859375","670,900024",2,2,2024-04-09
2024-04-09 06:00:00,"362,31988525390625","595,039978",2,2,2024-04-09
2024-04-09 07:00:00,"397,4527282714844","509,420013",2,2,2024-04-09
2024-04-09 08:00:00,"425,8453369140625","376,51001",2,2,2024-04-09
2024-04-09 09:00:00,"438,3604736328125","336,160004",2,2,2024-04-09
2024-04-09 10:00:00,"399,4288024902344","279,920013",2,2,2024-04-09
2024-04-09 11:00:00,"400,1823425292969","224,059998",2,2,2024-04-09
2024-04-09 12:00:00,"388,973388671875","200,860001",2,2,2024-04-09
2024-04-09 13:00:00,"387,1067199707031","221,970001",2,2,2024-04-09
2024-04-09 14:00:00,"536,0365600585938","296,850006",2,2,2024-04-09
2024-04-09 15:00:00,"585,6129150390625","360,769989",2,2,2024-04-09
2024-04-09 16:00:00,"598,6748657226562","479,730011",2,2,2024-04-09
2024-04-09 17:00:00,"555,5634765625","595,119995",2,2,2024-04-09
2024-04-09 18:00:00,"492,65155029296875","447,140015",2,2,2024-04-09
2024-04-09 19:00:00,"425,4671325683594","359,649994",2,2,2024-04-09
2024-04-09 20:00:00,"368,9000244140625","335,640015",2,2,2024-04-09
2024-04-09 21:00:00,"322,11346435546875","257,619995",2,2,2024-04-09
2024-04-09 22:00:00,"281,35888671875","68,550003",2,2,2024-04-09
2024-04-09 23:00:00,"270,6482849121094","30,58",2,2,2024-04-09
2024-04-10 00:00:00,"254,75486755371094","11,64",2,2,2024-04-10
2024-04-10 01:00:00,"248,05848693847656","9,55",2,2,2024-04-10
2024-04-10 02:00:00,"250,66566467285156","1,27",2,2,2024-04-10
2024-04-10 03:00:00,"264,0197448730469","11,49",2,2,2024-04-10
2024-04-10 04:00:00,"290,0148010253906","23,049999",2,2,2024-04-10
2024-04-10 05:00:00,"341,21539306640625","101,290001",2,2,2024-04-10
2024-04-10 06:00:00,"417,5311584472656","145,0",2,2,2024-04-10
2024-04-10 07:00:00,"560,9219360351562","116,660004",2,2,2024-04-10
2024-04-10 08:00:00,"583,3759765625","95,019997",2,2,2024-04-10
2024-04-10 09:00:00,"605,5581665039062","45,5",2,2,2024-04-10
2024-04-10 10:00:00,"559,0712280273438","11,86",2,2,2024-04-10
2024-04-10 11:00:00,"558,5454711914062","2,69",2,2,2024-04-10
2024-04-10 12:00:00,"526,6299438476562","0,0",2,2,2024-04-10
2024-04-10 13:00:00,"536,7838134765625","0,07",2,2,2024-04-10
2024-04-10 14:00:00,"566,05224609375","11,86",2,2,2024-04-10
2024-04-10 15:00:00,"614,3818969726562","122,169998",2,2,2024-04-10
2024-04-10 16:00:00,"648,6190795898438","616,469971",2,2,2024-04-10
2024-04-10 17:00:00,"607,9354248046875","1084,949951",2,2,2024-04-10
2024-04-10 18:00:00,"566,6964721679688","1052,430054",2,2,2024-04-10
2024-04-10 19:00:00,"506,2263488769531","722,380005",2,2,2024-04-10
2024-04-10 20:00:00,"381,0199890136719","392,029999",2,2,2024-04-10
2024-04-10 21:00:00,"360,7965393066406","352,200012",2,2,2024-04-10
2024-04-10 22:00:00,"329,802978515625","303,440002",2,2,2024-04-10
2024-04-10 23:00:00,"315,5782470703125","198,940002",2,2,2024-04-10
2024-04-11 00:00:00,"287,9474792480469","165,589996",2,2,2024-04-11
2024-04-11 01:00:00,"272,676513671875","74,519997",2,2,2024-04-11
2024-04-11 02:00:00,"258,822509765625","11,71",2,2,2024-04-11
2024-04-11 03:00:00,"269,60308837890625","11,64",2,2,2024-04-11
2024-04-11 04:00:00,"298,3841247558594","19,469999",2,2,2024-04-11
2024-04-11 05:00:00,"362,8384704589844","297,399994",2,2,2024-04-11
2024-04-11 06:00:00,"397,7979431152344","309,929993",2,2,2024-04-11
2024-04-11 07:00:00,"431,1311340332031","223,770004",2,2,2024-04-11
2024-04-11 08:00:00,"424,8467102050781","74,959999",2,2,2024-04-11
2024-04-11 09:00:00,"405,751708984375","6,41",2,2,2024-04-11
2024-04-11 10:00:00,"368,14898681640625","6,79",2,2,2024-04-11
2024-04-11 11:00:00,"344,7110595703125","8,21",2,2,2024-04-11
2024-04-11 12:00:00,"375,1084289550781","4,25",2,2,2024-04-11
2024-04-11 13:00:00,"399,9024353027344","96,07",2,2,2024-04-11
2024-04-11 14:00:00,"466,35321044921875","64,75",2,2,2024-04-11
2024-04-11 15:00:00,"452,2603759765625","347,070007",2,2,2024-04-11
2024-04-11 16:00:00,"482,0399475097656","711,75",2,2,2024-04-11
2024-04-11 17:00:00,"437,2347412109375","1002,210022",2,2,2024-04-11
2024-04-11 18:00:00,"403,8772277832031","893,609985",2,2,2024-04-11
2024-04-11 19:00:00,"341,06829833984375","679,159973",2,2,2024-04-11
2024-04-11 20:00:00,"314,5048522949219","541,159973",2,2,2024-04-11
2024-04-11 21:00:00,"293,54925537109375","451,059998",2,2,2024-04-11
2024-04-11 22:00:00,"249,94760131835938","339,720001",2,2,2024-04-11
2024-04-11 23:00:00,"238,9637451171875","325,029999",2,2,2024-04-11
2024-04-12 00:00:00,"201,12396240234375","331,73999",2,2,2024-04-12
2024-04-12 01:00:00,"195,52610778808594","304,51001",2,2,2024-04-12
2024-04-12 02:00:00,"192,50466918945312","298,399994",2,2,2024-04-12
2024-04-12 03:00:00,"197,6318817138672","298,399994",2,2,2024-04-12
2024-04-12 04:00:00,"214,3655548095703","308,019989",2,2,2024-04-12
2024-04-12 05:00:00,"262,7986755371094","362,619995",2,2,2024-04-12
2024-04-12 06:00:00,"316,8901062011719","516,75",2,2,2024-04-12
2024-04-12 07:00:00,"364,28546142578125","489,290009",2,2,2024-04-12
2024-04-12 08:00:00,"333,1501159667969","314,51001",2,2,2024-04-12
2024-04-12 09:00:00,"312,99652099609375","186,050003",2,2,2024-04-12
2024-04-12 10:00:00,"305,4299621582031","149,869995",2,2,2024-04-12
2024-04-12 11:00:00,"290,758544921875","37,150002",2,2,2024-04-12
2024-04-12 12:00:00,"275,13641357421875","6,04",2,2,2024-04-12
2024-04-12 13:00:00,"281,3953552246094","3,21",2,2,2024-04-12
2024-04-12 14:00:00,"306,84051513671875","128,460007",2,2,2024-04-12
2024-04-12 15:00:00,"341,5580139160156","293,920013",2,2,2024-04-12
2024-04-12 16:00:00,"357,0583801269531","351,51001",2,2,2024-04-12
2024-04-12 17:00:00,"338,5851135253906","351,730011",2,2,2024-04-12
2024-04-12 18:00:00,"299,1413879394531","352,029999",2,2,2024-04-12
2024-04-12 19:00:00,"234,44764709472656","351,429993",2,2,2024-04-12
2024-04-12 20:00:00,"242,37425231933594","342,329987",2,2,2024-04-12
2024-04-12 21:00:00,"225,4108123779297","329,200012",2,2,2024-04-12
2024-04-12 22:00:00,"210,80813598632812","175,020004",2,2,2024-04-12
2024-04-12 23:00:00,"194,69717407226562","193,369995",2,2,2024-04-12
2024-04-13 00:00:00,"164,80374145507812","144,429993",2,2,2024-04-13
2024-04-13 01:00:00,"149,9190673828125","130,779999",2,2,2024-04-13
2024-04-13 02:00:00,"145,4661865234375","130,259995",2,2,2024-04-13
2024-04-13 03:00:00,"147,84068298339844","173,899994",2,2,2024-04-13
2024-04-13 04:00:00,"164,61024475097656","207,619995",2,2,2024-04-13
2024-04-13 05:00:00,"190,33587646484375","251,630005",2,2,2024-04-13
2024-04-13 06:00:00,"207,94894409179688","168,600006",2,2,2024-04-13
2024-04-13 07:00:00,"223,15185546875","65,650002",2,2,2024-04-13
2024-04-13 08:00:00,"266,3929748535156","-0,15",2,2,2024-04-13
2024-04-13 09:00:00,"271,21234130859375","-30,139999",2,2,2024-04-13
2024-04-13 10:00:00,"268,4540710449219","-59,830002",2,2,2024-04-13
2024-04-13 11:00:00,"264,5635986328125","-150,699997",2,2,2024-04-13
2024-04-13 12:00:00,"266,5072021484375","-218,729996",2,2,2024-04-13
2024-04-13 13:00:00,"302,3339538574219","-235,740005",2,2,2024-04-13
2024-04-13 14:00:00,"372,6229248046875","-75,120003",2,2,2024-04-13
2024-04-13 15:00:00,"429,5357666015625","14,92",2,2,2024-04-13
2024-04-13 16:00:00,"521,2219848632812","213,740005",2,2,2024-04-13
2024-04-13 17:00:00,"558,8208618164062","392,859985",2,2,2024-04-13
2024-04-13 18:00:00,"502,15850830078125","298,630005",2,2,2024-04-13
2024-04-13 19:00:00,"429,4064636230469","258,5",2,2,2024-04-13
2024-04-13 20:00:00,"346,3790588378906","153,679993",2,2,2024-04-13
2024-04-13 21:00:00,"279,8500671386719","52,59",2,2,2024-04-13
2024-04-13 22:00:00,"246,42138671875","3,21",2,2,2024-04-13
2024-04-13 23:00:00,"241,72201538085938","6,19",2,2,2024-04-13
2024-04-14 00:00:00,"212,73960876464844","6,79",2,2,2024-04-14
2024-04-14 01:00:00,"209,62498474121094","3,13",2,2,2024-04-14
2024-04-14 02:00:00,"211,4593963623047","3,66",2,2,2024-04-14
2024-04-14 03:00:00,"210,4215850830078","21,709999",2,2,2024-04-14
2024-04-14 04:00:00,"220,28326416015625","93,629997",2,2,2024-04-14
2024-04-14 05:00:00,"225,62318420410156","96,989998",2,2,2024-04-14
2024-04-14 06:00:00,"266,39593505859375","55,279999",2,2,2024-04-14
2024-04-14 07:00:00,"290,8393859863281","0,0",2,2,2024-04-14
2024-04-14 08:00:00,"270,66900634765625","-17,16",2,2,2024-04-14
2024-04-14 09:00:00,"249,83775329589844","-89,379997",2,2,2024-04-14
2024-04-14 10:00:00,"270,9024963378906","-314,399994",2,2,2024-04-14
2024-04-14 11:00:00,"252,7222442626953","-397,73999",2,2,2024-04-14
2024-04-14 12:00:00,"256,89697265625","-402,880005",2,2,2024-04-14
2024-04-14 13:00:00,"248,1696319580078","-298,809998",2,2,2024-04-14
2024-04-14 14:00:00,"297,59234619140625","-46,630001",2,2,2024-04-14
2024-04-14 15:00:00,"299,37420654296875","11,71",2,2,2024-04-14
2024-04-14 16:00:00,"301,5090026855469","157,419998",2,2,2024-04-14
2024-04-14 17:00:00,"264,08355712890625","655,059998",2,2,2024-04-14
2024-04-14 18:00:00,"236,36061096191406","894,619995",2,2,2024-04-14
2024-04-14 19:00:00,"207,87852478027344","840,159973",2,2,2024-04-14
2024-04-14 20:00:00,"191,9199676513672","724,890015",2,2,2024-04-14
2024-04-14 21:00:00,"188,01416015625","594,549988",2,2,2024-04-14
2024-04-14 22:00:00,"184,49468994140625","343,269989",2,2,2024-04-14
2024-04-14 23:00:00,"198,80357360839844","334,690002",2,2,2024-04-14
2024-04-15 00:00:00,"208,87596130371094","526,359985",2,3,2024-04-15
2024-04-15 01:00:00,"203,19041442871094","491,220001",2,3,2024-04-15
2024-04-15 02:00:00,"203,885986328125","561,280029",2,3,2024-04-15
2024-04-15 03:00:00,"203,70751953125","647,150024",2,3,2024-04-15
2024-04-15 04:00:00,"223,64450073242188","863,440002",2,3,2024-04-15
2024-04-15 05:00:00,"277,08428955078125","1261,98999",2,3,2024-04-15
2024-04-15 06:00:00,"313,1070861816406","1143,290039",2,3,2024-04-15
2024-04-15 07:00:00,"321,1242980957031","683,109985",2,3,2024-04-15
2024-04-15 08:00:00,"326,0820007324219","568,809998",2,3,2024-04-15
2024-04-15 09:00:00,"338,7591552734375","425,269989",2,3,2024-04-15
2024-04-15 10:00:00,"328,4388122558594","320,809998",2,3,2024-04-15
2024-04-15 11:00:00,"301,1876525878906","245,389999",2,3,2024-04-15
2024-04-15 12:00:00,"293,0971374511719","145,490005",2,3,2024-04-15
2024-04-15 13:00:00,"290,29132080078125","223,380005",2,3,2024-04-15
2024-04-15 14:00:00,"311,431640625","265,459991",2,3,2024-04-15
2024-04-15 15:00:00,"350,9631652832031","345,440002",2,3,2024-04-15
2024-04-15 16:00:00,"389,259033203125","516,289978",2,3,2024-04-15
2024-04-15 17:00:00,"398,0594482421875","588,809998",2,3,2024-04-15
2024-04-15 18:00:00,"371,6864318847656","574,630005",2,3,2024-04-15
2024-04-15 19:00:00,"331,3187561035156","494,730011",2,3,2024-04-15
2024-04-15 20:00:00,"294,89642333984375","394,899994",2,3,2024-04-15
2024-04-15 21:00:00,"262,7986755371094","261,200012",2,3,2024-04-15
2024-04-15 22:00:00,"264,6479187011719","231,639999",2,3,2024-04-15
2024-04-15 23:00:00,"251,5078582763672","132,720001",2,3,2024-04-15
2024-04-16 00:00:00,"245,37576293945312","49,610001",2,3,2024-04-16
2024-04-16 01:00:00,"251,70059204101562","40,959999",2,3,2024-04-16
2024-04-16 02:00:00,"254,00460815429688","133,539993",2,3,2024-04-16
2024-04-16 03:00:00,"262,0228271484375","270,209991",2,3,2024-04-16
2024-04-16 04:00:00,"291,6152648925781","384,880005",2,3,2024-04-16
2024-04-16 05:00:00,"313,0893859863281","554,0",2,3,2024-04-16
2024-04-16 06:00:00,"366,67620849609375","554,0",2,3,2024-04-16
2024-04-16 07:00:00,"407,3226013183594","483,5",2,3,2024-04-16
2024-04-16 08:00:00,"423,02490234375","388,309998",2,3,2024-04-16
2024-04-16 09:00:00,"432,2056579589844","344,290009",2,3,2024-04-16
2024-04-16 10:00:00,"403,442626953125","320,5",2,3,2024-04-16
2024-04-16 11:00:00,"404,4981689453125","316,089996",2,3,2024-04-16
2024-04-16 12:00:00,"374,58709716796875","322,359985",2,3,2024-04-16
2024-04-16 13:00:00,"371,566162109375","362,049988",2,3,2024-04-16
2024-04-16 14:00:00,"528,8579711914062","457,540009",2,3,2024-04-16
2024-04-16 15:00:00,"584,687255859375","594,359985",2,3,2024-04-16
2024-04-16 16:00:00,"606,9720458984375","693,210022",2,3,2024-04-16
2024-04-16 17:00:00,"556,2500610351562","850,400024",2,3,2024-04-16
2024-04-16 18:00:00,"498,12164306640625","928,960022",2,3,2024-04-16
2024-04-16 19:00:00,"449,27166748046875","779,309998",2,3,2024-04-16
2024-04-16 20:00:00,"407,3849182128906","672,169983",2,3,2024-04-16
2024-04-16 21:00:00,"363,5074768066406","627,409973",2,3,2024-04-16
2024-04-16 22:00:00,"355,6178283691406","625,48999",2,3,2024-04-16
2024-04-16 23:00:00,"341,55352783203125","625,48999",2,3,2024-04-16
2024-04-17 00:00:00,"327,5221862792969","606,919983",2,3,2024-04-17
2024-04-17 01:00:00,"324,9769287109375","614,75",2,3,2024-04-17
2024-04-17 02:00:00,"319,1717834472656","618,929993",2,3,2024-04-17
2024-04-17 03:00:00,"314,4872131347656","624,669983",2,3,2024-04-17
2024-04-17 04:00:00,"351,7635803222656","816,109985",2,3,2024-04-17
2024-04-17 05:00:00,"391,2197265625","1268,069946",2,3,2024-04-17
2024-04-17 06:00:00,"456,46917724609375","1157,650024",2,3,2024-04-17
2024-04-17 07:00:00,"569,7427978515625","780,52002",2,3,2024-04-17
2024-04-17 08:00:00,"587,6721801757812","625,940002",2,3,2024-04-17
2024-04-17 09:00:00,"601,9337768554688","596,099976",2,3,2024-04-17
2024-04-17 10:00:00,"582,9906616210938","599,080017",2,3,2024-04-17
2024-04-17 11:00:00,"580,3440551757812","589,830017",2,3,2024-04-17
2024-04-17 12:00:00,"555,6802978515625","579,76001",2,3,2024-04-17
2024-04-17 13:00:00,"570,2295532226562","574,690002",2,3,2024-04-17
2024-04-17 14:00:00,"600,4075927734375","596,840027",2,3,2024-04-17
2024-04-17 15:00:00,"620,4796142578125","648,320007",2,3,2024-04-17
2024-04-17 16:00:00,"641,2183227539062","857,73999",2,3,2024-04-17
2024-04-17 17:00:00,"604,8818359375","1193,089966",2,3,2024-04-17
2024-04-17 18:00:00,"570,8223266601562","1267,550049",2,3,2024-04-17
2024-04-17 19:00:00,"508,0694580078125","970,320007",2,3,2024-04-17
2024-04-17 20:00:00,"385,0861511230469","738,890015",2,3,2024-04-17
2024-04-17 21:00:00,"362,9314880371094","655,109985",2,3,2024-04-17
2024-04-17 22:00:00,"326,6183776855469","685,150024",2,3,2024-04-17
2024-04-17 23:00:00,"314,8819580078125","652,23999",2,3,2024-04-17
2024-04-18 00:00:00,"288,99505615234375","660,52002",2,3,2024-04-18
2024-04-18 01:00:00,"272,8240661621094","654,780029",2,3,2024-04-18
2024-04-18 02:00:00,"254,10110473632812","668,580017",2,3,2024-04-18
2024-04-18 03:00:00,"264,9483642578125","697,380005",2,3,2024-04-18
2024-04-18 04:00:00,"294,8794860839844","909,349976",2,3,2024-04-18
2024-04-18 05:00:00,"350,4331359863281","1162,430054",2,3,2024-04-18
2024-04-18 06:00:00,"386,9341735839844","978,809998",2,3,2024-04-18
2024-04-18 07:00:00,"429,6265869140625","754,460022",2,3,2024-04-18
2024-04-18 08:00:00,"406,7051696777344","673,059998",2,3,2024-04-18
2024-04-18 09:00:00,"376,09075927734375","625,76001",2,3,2024-04-18
2024-04-18 10:00:00,"343,365234375","601,659973",2,3,2024-04-18
2024-04-18 11:00:00,"326,2043151855469","575,98999",2,3,2024-04-18
2024-04-18 12:00:00,"342,9828186035156","544,72998",2,3,2024-04-18
2024-04-18 13:00:00,"366,9564208984375","527,48999",2,3,2024-04-18
2024-04-18 14:00:00,"453,50140380859375","528,840027",2,3,2024-04-18
2024-04-18 15:00:00,"454,8145751953125","606,799988",2,3,2024-04-18
2024-04-18 16:00:00,"483,1051025390625","701,559998",2,3,2024-04-18
2024-04-18 17:00:00,"441,8606872558594","934,419983",2,3,2024-04-18
2024-04-18 18:00:00,"410,326904296875","961,200012",2,3,2024-04-18
2024-04-18 19:00:00,"338,6294860839844","790,27002",2,3,2024-04-18
2024-04-18 20:00:00,"313,8060302734375","670,669983",2,3,2024-04-18
2024-04-18 21:00:00,"299,6611328125","592,179993",2,3,2024-04-18
2024-04-18 22:00:00,"254,12985229492188","576,090027",2,3,2024-04-18
2024-04-18 23:00:00,"247,5909423828125","453,869995",2,3,2024-04-18
2024-04-19 00:00:00,"208,00962829589844","377,019989",2,3,2024-04-19
2024-04-19 01:00:00,"199,71469116210938","369,109985",2,3,2024-04-19
2024-04-19 02:00:00,"197,1632537841797","357,920013",2,3,2024-04-19
2024-04-19 03:00:00,"199,34556579589844","366,200012",2,3,2024-04-19
2024-04-19 04:00:00,"224,01376342773438","448,570007",2,3,2024-04-19
2024-04-19 05:00:00,"267,4899597167969","527,809998",2,3,2024-04-19
2024-04-19 06:00:00,"313,57000732421875","581,01001",2,3,2024-04-19
2024-04-19 07:00:00,"360,3155517578125","516,700012",2,3,2024-04-19
2024-04-19 08:00:00,"332,31512451171875","457,160004",2,3,2024-04-19
2024-04-19 09:00:00,"310,0885925292969","427,380005",2,3,2024-04-19
2024-04-19 10:00:00,"302,890869140625","389,179993",2,3,2024-04-19
2024-04-19 11:00:00,"289,48260498046875","363,140015",2,3,2024-04-19
2024-04-19 12:00:00,"273,0338134765625","346,059998",2,3,2024-04-19
2024-04-19 13:00:00,"278,3336486816406","353,0",2,3,2024-04-19
2024-04-19 14:00:00,"306,6073913574219","379,859985",2,3,2024-04-19
2024-04-19 15:00:00,"341,0225830078125","427,980011",2,3,2024-04-19
2024-04-19 16:00:00,"358,2609558105469","470,660004",2,3,2024-04-19
2024-04-19 17:00:00,"340,0184326171875","475,660004",2,3,2024-04-19
2024-04-19 18:00:00,"300,52471923828125","482,670013",2,3,2024-04-19
2024-04-19 19:00:00,"244,51348876953125","482,079987",2,3,2024-04-19
2024-04-19 20:00:00,"247,99618530273438","475,359985",2,3,2024-04-19
2024-04-19 21:00:00,"237,85342407226562","459,839996",2,3,2024-04-19
2024-04-19 22:00:00,"206,46231079101562","438,709991",2,3,2024-04-19
2024-04-19 23:00:00,"194,9706573486328","422,209991",2,3,2024-04-19
2024-04-20 00:00:00,"162,82858276367188","417,51001",2,3,2024-04-20
2024-04-20 01:00:00,"157,7069091796875","430,950012",2,3,2024-04-20
2024-04-20 02:00:00,"152,4857635498047","455,5",2,3,2024-04-20
2024-04-20 03:00:00,"164,1624755859375","468,850006",2,3,2024-04-20
2024-04-20 04:00:00,"188,075927734375","476,98999",2,3,2024-04-20
2024-04-20 05:00:00,"191,9838409423828","507,279999",2,3,2024-04-20
2024-04-20 06:00:00,"231,75357055664062","485,350006",2,3,2024-04-20
2024-04-20 07:00:00,"244,30262756347656","446,98999",2,3,2024-04-20
2024-04-20 08:00:00,"305,1319274902344","373,48999",2,3,2024-04-20
2024-04-20 09:00:00,"302,56805419921875","286,769989",2,3,2024-04-20
2024-04-20 10:00:00,"301,3272399902344","216,179993",2,3,2024-04-20
2024-04-20 11:00:00,"293,4487609863281","92,010002",2,3,2024-04-20
2024-04-20 12:00:00,"299,619140625","78,730003",2,3,2024-04-20
2024-04-20 13:00:00,"335,2015075683594","136,779999",2,3,2024-04-20
2024-04-20 14:00:00,"388,4678039550781","279,160004",2,3,2024-04-20
2024-04-20 15:00:00,"444,1894226074219","468,850006",2,3,2024-04-20
2024-04-20 16:00:00,"518,9502563476562","588,77002",2,3,2024-04-20
2024-04-20 17:00:00,"559,3692626953125","668,690002",2,3,2024-04-20
2024-04-20 18:00:00,"507,081298828125","724,140015",2,3,2024-04-20
2024-04-20 19:00:00,"434,8080139160156","673,919983",2,3,2024-04-20
2024-04-20 20:00:00,"363,11822509765625","642,280029",2,3,2024-04-20
2024-04-20 21:00:00,"319,2886657714844","618,619995",2,3,2024-04-20
2024-04-20 22:00:00,"274,27984619140625","610,679993",2,3,2024-04-20
2024-04-20 23:00:00,"267,3463439941406","526,669983",2,3,2024-04-20
2024-04-21 00:00:00,"224,27951049804688","518,76001",2,3,2024-04-21
2024-04-21 01:00:00,"226,3410186767578","480,48999",2,3,2024-04-21
2024-04-21 02:00:00,"227,6287841796875","476,609985",2,3,2024-04-21
2024-04-21 03:00:00,"222,2922821044922","474,670013",2,3,2024-04-21
2024-04-21 04:00:00,"229,2961883544922","480,709991",2,3,2024-04-21
2024-04-21 05:00:00,"230,34884643554688","451,609985",2,3,2024-04-21
2024-04-21 06:00:00,"260,7720642089844","454,220001",2,3,2024-04-21
2024-04-21 07:00:00,"289,4469909667969","408,339996",2,3,2024-04-21
2024-04-21 08:00:00,"286,3153991699219","322,980011",2,3,2024-04-21
2024-04-21 09:00:00,"271,0371398925781","316,869995",2,3,2024-04-21
2024-04-21 10:00:00,"275,5028991699219","327,829987",2,3,2024-04-21
2024-04-21 11:00:00,"259,9524841308594","314,399994",2,3,2024-04-21
2024-04-21 12:00:00,"256,23974609375","309,480011",2,3,2024-04-21
2024-04-21 13:00:00,"248,56124877929688","312,839996",2,3,2024-04-21
2024-04-21 14:00:00,"293,01690673828125","355,890015",2,3,2024-04-21
2024-04-21 15:00:00,"297,29034423828125","437,809998",2,3,2024-04-21
2024-04-21 16:00:00,"298,74298095703125","556,590027",2,3,2024-04-21
2024-04-21 17:00:00,"270,8278503417969","666,710022",2,3,2024-04-21
2024-04-21 18:00:00,"245,28561401367188","710,72998",2,3,2024-04-21
2024-04-21 19:00:00,"219,32273864746094","679,469971",2,3,2024-04-21
2024-04-21 20:00:00,"204,0678253173828","667,080017",2,3,2024-04-21
2024-04-21 21:00:00,"198,57870483398438","660,0",2,3,2024-04-21
2024-04-21 22:00:00,"185,74197387695312","589,190002",2,3,2024-04-21
2024-04-21 23:00:00,"191,353271484375","582,330017",2,3,2024-04-21
2024-04-22 00:00:00,"292,4039611816406","585,23999",2,4,2024-04-22
2024-04-22 01:00:00,"207,83123779296875","596,280029",2,4,2024-04-22
2024-04-22 02:00:00,"199,53941345214844","595,309998",2,4,2024-04-22
2024-04-22 03:00:00,"197,3515625","652,830017",2,4,2024-04-22
2024-04-22 04:00:00,"214,1753692626953","790,109985",2,4,2024-04-22
2024-04-22 05:00:00,"267,9763488769531","975,820007",2,4,2024-04-22
2024-04-22 06:00:00,"302,80694580078125","876,359985",2,4,2024-04-22
2024-04-22 07:00:00,"307,8406066894531","724,090027",2,4,2024-04-22
2024-04-22 08:00:00,"319,9672546386719","610,75",2,4,2024-04-22
2024-04-22 09:00:00,"326,1310729980469","606,130005",2,4,2024-04-22
2024-04-22 10:00:00,"307,1374816894531","574,869995",2,4,2024-04-22
2024-04-22 11:00:00,"289,4984130859375","549,650024",2,4,2024-04-22
2024-04-22 12:00:00,"291,90167236328125","553,080017",2,4,2024-04-22
2024-04-22 13:00:00,"302,2032470703125","571,429993",2,4,2024-04-22
2024-04-22 14:00:00,"329,92974853515625","608,590027",2,4,2024-04-22
2024-04-22 15:00:00,"353,0834045410156","722,150024",2,4,2024-04-22
2024-04-22 16:00:00,"386,2127380371094","881,880005",2,4,2024-04-22
2024-04-22 17:00:00,"394,01983642578125","1223,969971",2,4,2024-04-22
2024-04-22 18:00:00,"382,8153076171875","1275,52002",2,4,2024-04-22
2024-04-22 19:00:00,"337,4330139160156","970,299988",2,4,2024-04-22
2024-04-22 20:00:00,"310,3824768066406","789,140015",2,4,2024-04-22
2024-04-22 21:00:00,"290,40460205078125","723,640015",2,4,2024-04-22
2024-04-22 22:00:00,"280,552978515625","658,969971",2,4,2024-04-22
2024-04-22 23:00:00,"281,47552490234375","646,809998",2,4,2024-04-22
2024-04-23 00:00:00,"253,93846130371094","641,289978",2,4,2024-04-23
2024-04-23 01:00:00,"259,6485290527344","637,340027",2,4,2024-04-23
2024-04-23 02:00:00,"262,79010009765625","644,280029",2,4,2024-04-23
2024-04-23 03:00:00,"272,2607116699219","728,890015",2,4,2024-04-23
2024-04-23 04:00:00,"297,33148193359375","905,789978",2,4,2024-04-23
2024-04-23 05:00:00,"320,576416015625","1352,420044",2,4,2024-04-23
2024-04-23 06:00:00,"366,71295166015625","1016,820007",2,4,2024-04-23
2024-04-23 07:00:00,"404,70831298828125","734,030029",2,4,2024-04-23
2024-04-23 08:00:00,"420,30078125","618,309998",2,4,2024-04-23
2024-04-23 09:00:00,"436,8528747558594","576,450012",2,4,2024-04-23
2024-04-23 10:00:00,"394,1179504394531","577,950012",2,4,2024-04-23
2024-04-23 11:00:00,"396,9811706542969","592,27002",2,4,2024-04-23
2024-04-23 12:00:00,"388,8798828125","586,599976",2,4,2024-04-23
2024-04-23 13:00:00,"390,6241149902344","597,049988",2,4,2024-04-23
2024-04-23 14:00:00,"533,7646484375","619,429993",2,4,2024-04-23
2024-04-23 15:00:00,"583,981689453125","671,289978",2,4,2024-04-23
2024-04-23 16:00:00,"594,0997314453125","764,030029",2,4,2024-04-23
2024-04-23 17:00:00,"546,8717651367188","917,799988",2,4,2024-04-23
2024-04-23 18:00:00,"451,0321960449219","933,169983",2,4,2024-04-23
2024-04-23 19:00:00,"380,2825012207031","784,169983",2,4,2024-04-23
2024-04-23 20:00:00,"341,3177795410156","691,880005",2,4,2024-04-23
2024-04-23 21:00:00,"298,04876708984375","608,460022",2,4,2024-04-23
2024-04-23 22:00:00,"299,96612548828125","595,640015",2,4,2024-04-23
2024-04-23 23:00:00,"296,86944580078125","567,73999",2,4,2024-04-23
2024-04-24 00:00:00,"280,4477233886719","561,840027",2,4,2024-04-24
2024-04-24 01:00:00,"283,314453125","545,130005",2,4,2024-04-24
2024-04-24 02:00:00,"285,9075622558594","567,289978",2,4,2024-04-24
2024-04-24 03:00:00,"284,46728515625","610,47998",2,4,2024-04-24
2024-04-24 04:00:00,"323,81524658203125","758,419983",2,4,2024-04-24
2024-04-24 05:00:00,"367,09320068359375","979,700012",2,4,2024-04-24
2024-04-24 06:00:00,"437,87542724609375","964,109985",2,4,2024-04-24
2024-04-24 07:00:00,"557,4969482421875","724,25",2,4,2024-04-24
2024-04-24 08:00:00,"583,4091186523438","693,590027",2,4,2024-04-24
2024-04-24 09:00:00,"590,5028076171875","679,190002",2,4,2024-04-24
2024-04-24 10:00:00,"568,0383911132812","638,76001",2,4,2024-04-24
2024-04-24 11:00:00,"575,4685668945312","622,789978",2,4,2024-04-24
2024-04-24 12:00:00,"537,7568969726562","600,929993",2,4,2024-04-24
2024-04-24 13:00:00,"549,2720947265625","616,900024",2,4,2024-04-24
2024-04-24 14:00:00,"583,4522705078125","635,25",2,4,2024-04-24
2024-04-24 15:00:00,"618,3346557617188","716,869995",2,4,2024-04-24
2024-04-24 16:00:00,"638,5343017578125","776,179993",2,4,2024-04-24
2024-04-24 17:00:00,"602,7666625976562","1008,640015",2,4,2024-04-24
2024-04-24 18:00:00,"562,81689453125","1070,119995",2,4,2024-04-24
2024-04-24 19:00:00,"507,14276123046875","903,900024",2,4,2024-04-24
2024-04-24 20:00:00,"384,98297119140625","785,650024",2,4,2024-04-24
2024-04-24 21:00:00,"363,8486022949219","673,0",2,4,2024-04-24
2024-04-24 22:00:00,"320,0004577636719","622,700012",2,4,2024-04-24
2024-04-24 23:00:00,"305,41021728515625","596,599976",2,4,2024-04-24
2024-04-25 00:00:00,"288,6434020996094","576,97998",2,4,2024-04-25
2024-04-25 01:00:00,"270,2971496582031","567,140015",2,4,2024-04-25
2024-04-25 02:00:00,"252,05438232421875","561,099976",2,4,2024-04-25
2024-04-25 03:00:00,"265,9920959472656","626,580017",2,4,2024-04-25
2024-04-25 04:00:00,"293,7694091796875","763,940002",2,4,2024-04-25
2024-04-25 05:00:00,"347,7922058105469","976,780029",2,4,2024-04-25
2024-04-25 06:00:00,"383,74481201171875","852,840027",2,4,2024-04-25
2024-04-25 07:00:00,"420,4326477050781","690,26001",2,4,2024-04-25
2024-04-25 08:00:00,"399,58221435546875","597,859985",2,4,2024-04-25
2024-04-25 09:00:00,"379,9156799316406","583,169983",2,4,2024-04-25
2024-04-25 10:00:00,"344,3407287597656","551,26001",2,4,2024-04-25
2024-04-25 11:00:00,"323,6773376464844","514,710022",2,4,2024-04-25
2024-04-25 12:00:00,"347,79461669921875","498,230011",2,4,2024-04-25
2024-04-25 13:00:00,"366,8031921386719","517,400024",2,4,2024-04-25
2024-04-25 14:00:00,"437,1408386230469","542,97998",2,4,2024-04-25
2024-04-25 15:00:00,"465,8004455566406","595,700012",2,4,2024-04-25
2024-04-25 16:00:00,"476,25958251953125","709,72998",2,4,2024-04-25
2024-04-25 17:00:00,"437,3768615722656","1052,170044",2,4,2024-04-25
2024-04-25 18:00:00,"410,8740234375","1135,699951",2,4,2024-04-25
2024-04-25 19:00:00,"338,3206787109375","847,98999",2,4,2024-04-25
2024-04-25 20:00:00,"314,4823303222656","681,23999",2,4,2024-04-25
2024-04-25 21:00:00,"293,72357177734375","594,659973",2,4,2024-04-25
2024-04-25 22:00:00,"242,51710510253906","595,719971",2,4,2024-04-25
2024-04-25 23:00:00,"238,79827880859375","551,929993",2,4,2024-04-25
2024-04-26 00:00:00,"209,37081909179688","553,429993",2,4,2024-04-26
2024-04-26 01:00:00,"201,49148559570312","552,460022",2,4,2024-04-26
2024-04-26 02:00:00,"198,1867218017578","575,049988",2,4,2024-04-26
2024-04-26 03:00:00,"206,25563049316406","618,909973",2,4,2024-04-26
2024-04-26 04:00:00,"224,73239135742188","697,380005",2,4,2024-04-26
2024-04-26 05:00:00,"257,68841552734375","776,140015",2,4,2024-04-26
2024-04-26 06:00:00,"310,6976623535156","716,469971",2,4,2024-04-26
2024-04-26 07:00:00,"356,703369140625","604,73999",2,4,2024-04-26
2024-04-26 08:00:00,"322,9333801269531","580,349976",2,4,2024-04-26
2024-04-26 09:00:00,"306,4886169433594","544,099976",2,4,2024-04-26
2024-04-26 10:00:00,"300,4088439941406","524,710022",2,4,2024-04-26
2024-04-26 11:00:00,"288,7251281738281","512,700012",2,4,2024-04-26
2024-04-26 12:00:00,"272,4524230957031","487,570007",2,4,2024-04-26
2024-04-26 13:00:00,"276,69415283203125","521,5",2,4,2024-04-26
2024-04-26 14:00:00,"305,0321960449219","534,780029",2,4,2024-04-26
2024-04-26 15:00:00,"338,84716796875","600,119995",2,4,2024-04-26
2024-04-26 16:00:00,"360,7308044433594","700,210022",2,4,2024-04-26
2024-04-26 17:00:00,"350,4053039550781","960,219971",2,4,2024-04-26
2024-04-26 18:00:00,"317,2896728515625","1018,539978",2,4,2024-04-26
2024-04-26 19:00:00,"258,57177734375","820,440002",2,4,2024-04-26
2024-04-26 20:00:00,"258,3504333496094","691,47998",2,4,2024-04-26
2024-04-26 21:00:00,"251,3719940185547","658,289978",2,4,2024-04-26
2024-04-26 22:00:00,"224,72621154785156","673,330017",2,4,2024-04-26
2024-04-26 23:00:00,"196,65357971191406","662,960022",2,4,2024-04-26
2024-04-27 00:00:00,"167,0987091064453","645,72998",2,4,2024-04-27
2024-04-27 01:00:00,"156,99317932128906","663,929993",2,4,2024-04-27
2024-04-27 02:00:00,"151,54368591308594","653,940002",2,4,2024-04-27
2024-04-27 03:00:00,"177,93263244628906","625,52002",2,4,2024-04-27
2024-04-27 04:00:00,"173,97018432617188","641,929993",2,4,2024-04-27
2024-04-27 05:00:00,"179,50563049316406","589,429993",2,4,2024-04-27
2024-04-27 06:00:00,"218,94146728515625","511,950012",2,4,2024-04-27
2024-04-27 07:00:00,"249,98130798339844","440,51001",2,4,2024-04-27
2024-04-27 08:00:00,"303,09307861328125","284,950012",2,4,2024-04-27
2024-04-27 09:00:00,"299,2820739746094","194,559998",2,4,2024-04-27
2024-04-27 10:00:00,"298,3231506347656","294,640015",2,4,2024-04-27
2024-04-27 11:00:00,"295,3287658691406","308,809998",2,4,2024-04-27
2024-04-27 12:00:00,"297,35760498046875","182,710007",2,4,2024-04-27
2024-04-27 13:00:00,"304,97857666015625","75,019997",2,4,2024-04-27
2024-04-27 14:00:00,"371,98065185546875","156,080002",2,4,2024-04-27
2024-04-27 15:00:00,"425,56500244140625","465,040009",2,4,2024-04-27
2024-04-27 16:00:00,"504,74090576171875","641,330017",2,4,2024-04-27
2024-04-27 17:00:00,"519,0654296875","894,140015",2,4,2024-04-27
2024-04-27 18:00:00,"468,73431396484375","837,23999",2,4,2024-04-27
2024-04-27 19:00:00,"413,25439453125","633,880005",2,4,2024-04-27
2024-04-27 20:00:00,"330,1986389160156","566,01001",2,4,2024-04-27
2024-04-27 21:00:00,"288,9381408691406","486,440002",2,4,2024-04-27
2024-04-27 22:00:00,"262,6856689453125","420,570007",2,4,2024-04-27
2024-04-27 23:00:00,"245,45411682128906","344,119995",2,4,2024-04-27
2024-04-28 00:00:00,"216,04212951660156","295,350006",2,4,2024-04-28
2024-04-28 01:00:00,"219,09725952148438","241,050003",2,4,2024-04-28
2024-04-28 02:00:00,"220,83657836914062","212,490005",2,4,2024-04-28
2024-04-28 03:00:00,"220,81167602539062","199,059998",2,4,2024-04-28
2024-04-28 04:00:00,"227,94801330566406","74,209999",2,4,2024-04-28
2024-04-28 05:00:00,"228,13192749023438","1,86",2,4,2024-04-28
2024-04-28 06:00:00,"258,3794250488281","1,94",2,4,2024-04-28
2024-04-28 07:00:00,"261,60064697265625","1,64",2,4,2024-04-28
2024-04-28 08:00:00,"264,6750793457031","0,0",2,4,2024-04-28
2024-04-28 09:00:00,"253,8389892578125","-7,16",2,4,2024-04-28
2024-04-28 10:00:00,"275,3603210449219","-8,28",2,4,2024-04-28
2024-04-28 11:00:00,"256,02545166015625","-18,65",2,4,2024-04-28
2024-04-28 12:00:00,"256,3207702636719","-18,790001",2,4,2024-04-28
2024-04-28 13:00:00,"245,76809692382812","-15,14",2,4,2024-04-28
2024-04-28 14:00:00,"300,63006591796875","-7,31",2,4,2024-04-28
2024-04-28 15:00:00,"299,9075927734375","0,0",2,4,2024-04-28
2024-04-28 16:00:00,"299,74493408203125","264,320007",2,4,2024-04-28
2024-04-28 17:00:00,"264,1876525878906","442,350006",2,4,2024-04-28
2024-04-28 18:00:00,"238,3061981201172","577,640015",2,4,2024-04-28
2024-04-28 19:00:00,"217,46678161621094","583,159973",2,4,2024-04-28
2024-04-28 20:00:00,"206,27322387695312","468,079987",2,4,2024-04-28
2024-04-28 21:00:00,"212,2689971923828","417,890015",2,4,2024-04-28
2024-04-28 22:00:00,"202,60203552246094","306,529999",2,4,2024-04-28
2024-04-28 23:00:00,"193,3780059814453","370,75",2,4,2024-04-28
2024-07-01 00:00:00,"346,6415100097656","583,150024",3,1,2024-07-01
2024-07-01 01:00:00,"224,5281982421875","581,809998",3,1,2024-07-01
2024-07-01 02:00:00,"215,21922302246094","564,059998",3,1,2024-07-01
2024-07-01 03:00:00,"210,16729736328125","602,76001",3,1,2024-07-01
2024-07-01 04:00:00,"219,6934051513672","907,349976",3,1,2024-07-01
2024-07-01 05:00:00,"278,31768798828125","1028,550049",3,1,2024-07-01
2024-07-01 06:00:00,"322,31304931640625","1061,73999",3,1,2024-07-01
2024-07-01 07:00:00,"327,1227111816406","841,27002",3,1,2024-07-01
2024-07-01 08:00:00,"329,45361328125","778,929993",3,1,2024-07-01
2024-07-01 09:00:00,"337,6262512207031","642,52002",3,1,2024-07-01
2024-07-01 10:00:00,"324,755126953125","493,200012",3,1,2024-07-01
2024-07-01 11:00:00,"301,90411376953125","318,609985",3,1,2024-07-01
2024-07-01 12:00:00,"287,4021911621094","258,5",3,1,2024-07-01
2024-07-01 13:00:00,"308,0865783691406","251,929993",3,1,2024-07-01
2024-07-01 14:00:00,"339,9826965332031","273,940002",3,1,2024-07-01
2024-07-01 15:00:00,"363,40972900390625","452,779999",3,1,2024-07-01
2024-07-01 16:00:00,"408,3483581542969","568,080017",3,1,2024-07-01
2024-07-01 17:00:00,"404,0263671875","745,890015",3,1,2024-07-01
2024-07-01 18:00:00,"402,2222900390625","1214,109985",3,1,2024-07-01
2024-07-01 19:00:00,"346,7127380371094","939,719971",3,1,2024-07-01
2024-07-01 20:00:00,"305,4330749511719","782,580017",3,1,2024-07-01
2024-07-01 21:00:00,"299,2532958984375","653,700012",3,1,2024-07-01
2024-07-01 22:00:00,"282,9546203613281","593,919983",3,1,2024-07-01
2024-07-01 23:00:00,"286,1607360839844","462,350006",3,1,2024-07-01
2024-07-02 00:00:00,"261,24688720703125","375,829987",3,1,2024-07-02
2024-07-02 01:00:00,"261,6435852050781","402,829987",3,1,2024-07-02
2024-07-02 02:00:00,"266,2071533203125","343,98999",3,1,2024-07-02
2024-07-02 03:00:00,"272,74365234375","379,040009",3,1,2024-07-02
2024-07-02 04:00:00,"299,6634521484375","571,320007",3,1,2024-07-02
2024-07-02 05:00:00,"333,2904357910156","732,940002",3,1,2024-07-02
2024-07-02 06:00:00,"377,39300537109375","737,200012",3,1,2024-07-02
2024-07-02 07:00:00,"413,8463439941406","636,950012",3,1,2024-07-02
2024-07-02 08:00:00,"428,9950256347656","605,030029",3,1,2024-07-02
2024-07-02 09:00:00,"437,72686767578125","542,75",3,1,2024-07-02
2024-07-02 10:00:00,"415,1453552246094","529,400024",3,1,2024-07-02
2024-07-02 11:00:00,"410,28814697265625","503,450012",3,1,2024-07-02
2024-07-02 12:00:00,"391,6788330078125","443,559998",3,1,2024-07-02
2024-07-02 13:00:00,"391,8598327636719","450,570007",3,1,2024-07-02
2024-07-02 14:00:00,"536,5357666015625","540,289978",3,1,2024-07-02
2024-07-02 15:00:00,"589,9813232421875","552,52002",3,1,2024-07-02
2024-07-02 16:00:00,"606,0087890625","617,190002",3,1,2024-07-02
2024-07-02 17:00:00,"563,1593017578125","754,349976",3,1,2024-07-02
2024-07-02 18:00:00,"470,553466796875","837,140015",3,1,2024-07-02
2024-07-02 19:00:00,"434,5958557128906","634,419983",3,1,2024-07-02
2024-07-02 20:00:00,"383,48095703125","345,779999",3,1,2024-07-02
2024-07-02 21:00:00,"337,15643310546875","301,100006",3,1,2024-07-02
2024-07-02 22:00:00,"311,2803039550781","277,459991",3,1,2024-07-02
2024-07-02 23:00:00,"295,2801513671875","268,809998",3,1,2024-07-02
2024-07-03 00:00:00,"275,5092468261719","267,23999",3,1,2024-07-03
2024-07-03 01:00:00,"265,5394287109375","270,380005",3,1,2024-07-03
2024-07-03 02:00:00,"275,0641784667969","288,649994",3,1,2024-07-03
2024-07-03 03:00:00,"294,3268737792969","439,309998",3,1,2024-07-03
2024-07-03 04:00:00,"314,6647033691406","647,929993",3,1,2024-07-03
2024-07-03 05:00:00,"384,01177978515625","729,599976",3,1,2024-07-03
2024-07-03 06:00:00,"452,58184814453125","771,669983",3,1,2024-07-03
2024-07-03 07:00:00,"550,9155883789062","457,959991",3,1,2024-07-03
2024-07-03 08:00:00,"576,3159790039062","323,029999",3,1,2024-07-03
2024-07-03 09:00:00,"588,0042724609375","298,119995",3,1,2024-07-03
2024-07-03 10:00:00,"573,5227661132812","291,859985",3,1,2024-07-03
2024-07-03 11:00:00,"571,1610107421875","296,179993",3,1,2024-07-03
2024-07-03 12:00:00,"546,2942504882812","306,100006",3,1,2024-07-03
2024-07-03 13:00:00,"554,4700927734375","317,220001",3,1,2024-07-03
2024-07-03 14:00:00,"581,5398559570312","376,660004",3,1,2024-07-03
2024-07-03 15:00:00,"606,1201782226562","590,5",3,1,2024-07-03
2024-07-03 16:00:00,"640,513427734375","725,049988",3,1,2024-07-03
2024-07-03 17:00:00,"609,7293701171875","864,75",3,1,2024-07-03
2024-07-03 18:00:00,"577,6487426757812","1193,079956",3,1,2024-07-03
2024-07-03 19:00:00,"509,38623046875","843,570007",3,1,2024-07-03
2024-07-03 20:00:00,"387,2367858886719","677,390015",3,1,2024-07-03
2024-07-03 21:00:00,"367,6687316894531","513,900024",3,1,2024-07-03
2024-07-03 22:00:00,"331,2450256347656","436,329987",3,1,2024-07-03
2024-07-03 23:00:00,"318,8778991699219","228,75",3,1,2024-07-03
2024-07-04 00:00:00,"295,0604248046875","191,240005",3,1,2024-07-04
2024-07-04 01:00:00,"278,2302551269531","130,149994",3,1,2024-07-04
2024-07-04 02:00:00,"252,53773498535156","72,870003",3,1,2024-07-04
2024-07-04 03:00:00,"264,9283447265625","74,730003",3,1,2024-07-04
2024-07-04 04:00:00,"292,97869873046875","197,429993",3,1,2024-07-04
2024-07-04 05:00:00,"353,3766174316406","223,759995",3,1,2024-07-04
2024-07-04 06:00:00,"389,6038513183594","235,910004",3,1,2024-07-04
2024-07-04 07:00:00,"432,0732421875","178,630005",3,1,2024-07-04
2024-07-04 08:00:00,"426,7615051269531","26,700001",3,1,2024-07-04
2024-07-04 09:00:00,"402,8095397949219","21,780001",3,1,2024-07-04
2024-07-04 10:00:00,"354,211669921875","20,440001",3,1,2024-07-04
2024-07-04 11:00:00,"316,21417236328125","7,23",3,1,2024-07-04
2024-07-04 12:00:00,"343,4385986328125","0,0",3,1,2024-07-04
2024-07-04 13:00:00,"365,2047119140625","0,0",3,1,2024-07-04
2024-07-04 14:00:00,"432,41607666015625","-0,07",3,1,2024-07-04
2024-07-04 15:00:00,"448,0736389160156","11,26",3,1,2024-07-04
2024-07-04 16:00:00,"491,49774169921875","87,410004",3,1,2024-07-04
2024-07-04 17:00:00,"440,5335693359375","216,300003",3,1,2024-07-04
2024-07-04 18:00:00,"422,75616455078125","336,160004",3,1,2024-07-04
2024-07-04 19:00:00,"345,8121337890625","289,320007",3,1,2024-07-04
2024-07-04 20:00:00,"315,1528015136719","288,5",3,1,2024-07-04
2024-07-04 21:00:00,"293,47625732421875","284,170013",3,1,2024-07-04
2024-07-04 22:00:00,"256,9701843261719","51,610001",3,1,2024-07-04
2024-07-04 23:00:00,"244,56956481933594","35,130001",3,1,2024-07-04
2024-07-05 00:00:00,"202,9571533203125","30,73",3,1,2024-07-05
2024-07-05 01:00:00,"195,9779815673828","19,91",3,1,2024-07-05
2024-07-05 02:00:00,"194,39364624023438","21,780001",3,1,2024-07-05
2024-07-05 03:00:00,"197,4800262451172","42,66",3,1,2024-07-05
2024-07-05 04:00:00,"206,99874877929688","149,100006",3,1,2024-07-05
2024-07-05 05:00:00,"252,7749481201172","213,990005",3,1,2024-07-05
2024-07-05 06:00:00,"308,9523620605469","221,369995",3,1,2024-07-05
2024-07-05 07:00:00,"362,2475280761719","138,429993",3,1,2024-07-05
2024-07-05 08:00:00,"296,9749450683594","22,0",3,1,2024-07-05
2024-07-05 09:00:00,"279,371826171875","3,06",3,1,2024-07-05
2024-07-05 10:00:00,"282,08551025390625","-0,3",3,1,2024-07-05
2024-07-05 11:00:00,"276,4193115234375","-4,1",3,1,2024-07-05
2024-07-05 12:00:00,"257,65924072265625","-5,74",3,1,2024-07-05
2024-07-05 13:00:00,"265,5700988769531","-0,22",3,1,2024-07-05
2024-07-05 14:00:00,"298,48699951171875","14,4",3,1,2024-07-05
2024-07-05 15:00:00,"329,7987976074219","97,410004",3,1,2024-07-05
2024-07-05 16:00:00,"362,8997497558594","173,559998",3,1,2024-07-05
2024-07-05 17:00:00,"341,7882995605469","273,730011",3,1,2024-07-05
2024-07-05 18:00:00,"322,9784240722656","282,01001",3,1,2024-07-05
2024-07-05 19:00:00,"251,77496337890625","447,959991",3,1,2024-07-05
2024-07-05 20:00:00,"240,68324279785156","618,02002",3,1,2024-07-05
2024-07-05 21:00:00,"242,2777862548828","633,609985",3,1,2024-07-05
2024-07-05 22:00:00,"225,88526916503906","637,890015",3,1,2024-07-05
2024-07-05 23:00:00,"198,48611450195312","492,73999",3,1,2024-07-05
2024-07-06 00:00:00,"171,00827026367188","473,799988",3,1,2024-07-06
2024-07-06 01:00:00,"161,11322021484375","346,540009",3,1,2024-07-06
2024-07-06 02:00:00,"159,49134826660156","288,070007",3,1,2024-07-06
2024-07-06 03:00:00,"155,08795166015625","117,029999",3,1,2024-07-06
2024-07-06 04:00:00,"163,68296813964844","41,77",3,1,2024-07-06
2024-07-06 05:00:00,"184,99977111816406","41,02",3,1,2024-07-06
2024-07-06 06:00:00,"207,5941925048828","25,959999",3,1,2024-07-06
2024-07-06 07:00:00,"228,77296447753906","2,39",3,1,2024-07-06
2024-07-06 08:00:00,"293,8606262207031","-0,3",3,1,2024-07-06
2024-07-06 09:00:00,"282,46661376953125","-0,15",3,1,2024-07-06
2024-07-06 10:00:00,"273,4888916015625","-0,22",3,1,2024-07-06
2024-07-06 11:00:00,"269,8419494628906","-0,9",3,1,2024-07-06
2024-07-06 12:00:00,"275,60894775390625","-16,26",3,1,2024-07-06
2024-07-06 13:00:00,"308,3047790527344","-20,209999",3,1,2024-07-06
2024-07-06 14:00:00,"384,2664489746094","-4,48",3,1,2024-07-06
2024-07-06 15:00:00,"440,34686279296875","0,07",3,1,2024-07-06
2024-07-06 16:00:00,"521,0209350585938","14,47",3,1,2024-07-06
2024-07-06 17:00:00,"554,77734375","3,28",3,1,2024-07-06
2024-07-06 18:00:00,"505,77508544921875","49,900002",3,1,2024-07-06
2024-07-06 19:00:00,"426,7113037109375","70,110001",3,1,2024-07-06
2024-07-06 20:00:00,"345,3236999511719","134,259995",3,1,2024-07-06
2024-07-06 21:00:00,"281,7947998046875","50,5",3,1,2024-07-06
2024-07-06 22:00:00,"254,5596160888672","-0,15",3,1,2024-07-06
2024-07-06 23:00:00,"246,0343780517578","-0,75",3,1,2024-07-06
2024-07-07 00:00:00,"216,21990966796875","-5,97",3,1,2024-07-07
2024-07-07 01:00:00,"218,22569274902344","-3,58",3,1,2024-07-07
2024-07-07 02:00:00,"219,24176025390625","-0,45",3,1,2024-07-07
2024-07-07 03:00:00,"219,33535766601562","-0,07",3,1,2024-07-07
2024-07-07 04:00:00,"224,16395568847656","-0,07",3,1,2024-07-07
2024-07-07 05:00:00,"232,80886840820312","-0,07",3,1,2024-07-07
2024-07-07 06:00:00,"268,08392333984375","-4,55",3,1,2024-07-07
2024-07-07 07:00:00,"264,57354736328125","-48,25",3,1,2024-07-07
2024-07-07 08:00:00,"270,3004455566406","-74,43",3,1,2024-07-07
2024-07-07 09:00:00,"253,36180114746094","-89,800003",3,1,2024-07-07
2024-07-07 10:00:00,"275,5097351074219","-100,610001",3,1,2024-07-07
2024-07-07 11:00:00,"259,56353759765625","-112,019997",3,1,2024-07-07
2024-07-07 12:00:00,"260,43328857421875","-148,419998",3,1,2024-07-07
2024-07-07 13:00:00,"249,91175842285156","-90,989998",3,1,2024-07-07
2024-07-07 14:00:00,"292,514404296875","-45,939999",3,1,2024-07-07
2024-07-07 15:00:00,"289,5585632324219","-0,6",3,1,2024-07-07
2024-07-07 16:00:00,"300,6993713378906","477,23999",3,1,2024-07-07
2024-07-07 17:00:00,"276,1062316894531","673,23999",3,1,2024-07-07
2024-07-07 18:00:00,"256,6630554199219","937,030029",3,1,2024-07-07
2024-07-07 19:00:00,"232,88693237304688","993,190002",3,1,2024-07-07
2024-07-07 20:00:00,"214,5323486328125","859,169983",3,1,2024-07-07
2024-07-07 21:00:00,"210,2106475830078","724,400024",3,1,2024-07-07
2024-07-07 22:00:00,"202,721923828125","608,72998",3,1,2024-07-07
2024-07-07 23:00:00,"206,9707489013672","571,659973",3,1,2024-07-07
2024-07-08 00:00:00,"303,3804931640625","552,48999",3,2,2024-07-08
2024-07-08 01:00:00,"217,27383422851562","579,640015",3,2,2024-07-08
2024-07-08 02:00:00,"211,6693572998047","568,900024",3,2,2024-07-08
2024-07-08 03:00:00,"211,7117919921875","592,469971",3,2,2024-07-08
2024-07-08 04:00:00,"224,9122772216797","820,390015",3,2,2024-07-08
2024-07-08 05:00:00,"284,09381103515625","948,52002",3,2,2024-07-08
2024-07-08 06:00:00,"338,5553894042969","750,580017",3,2,2024-07-08
2024-07-08 07:00:00,"353,82470703125","578,820007",3,2,2024-07-08
2024-07-08 08:00:00,"350,3753356933594","402,209991",3,2,2024-07-08
2024-07-08 09:00:00,"344,2554016113281","286,609985",3,2,2024-07-08
2024-07-08 10:00:00,"310,82183837890625","237,089996",3,2,2024-07-08
2024-07-08 11:00:00,"288,391845703125","219,639999",3,2,2024-07-08
2024-07-08 12:00:00,"281,8685607910156","220,460007",3,2,2024-07-08
2024-07-08 13:00:00,"294,5260009765625","274,079987",3,2,2024-07-08
2024-07-08 14:00:00,"330,9625244140625","477,320007",3,2,2024-07-08
2024-07-08 15:00:00,"368,083984375","598,140015",3,2,2024-07-08
2024-07-08 16:00:00,"397,6603088378906","765,419983",3,2,2024-07-08
2024-07-08 17:00:00,"400,9651184082031","1017,950012",3,2,2024-07-08
2024-07-08 18:00:00,"395,6494445800781","1919,339966",3,2,2024-07-08
2024-07-08 19:00:00,"349,259765625","1295,390015",3,2,2024-07-08
2024-07-08 20:00:00,"317,4690246582031","847,609985",3,2,2024-07-08
2024-07-08 21:00:00,"297,344970703125","686,289978",3,2,2024-07-08
2024-07-08 22:00:00,"287,4457092285156","787,049988",3,2,2024-07-08
2024-07-08 23:00:00,"291,87310791015625","715,73999",3,2,2024-07-08
2024-07-09 00:00:00,"261,7888488769531","694,26001",3,2,2024-07-09
2024-07-09 01:00:00,"267,5584411621094","679,789978",3,2,2024-07-09
2024-07-09 02:00:00,"272,78680419921875","653,840027",3,2,2024-07-09
2024-07-09 03:00:00,"279,7407531738281","722,22998",3,2,2024-07-09
2024-07-09 04:00:00,"305,8404235839844","830,76001",3,2,2024-07-09
2024-07-09 05:00:00,"338,4498291015625","773,919983",3,2,2024-07-09
2024-07-09 06:00:00,"384,7144470214844","701,119995",3,2,2024-07-09
2024-07-09 07:00:00,"419,9809875488281","501,679993",3,2,2024-07-09
2024-07-09 08:00:00,"430,0972900390625","347,799988",3,2,2024-07-09
2024-07-09 09:00:00,"438,0457763671875","251,440002",3,2,2024-07-09
2024-07-09 10:00:00,"414,6908874511719","163,720001",3,2,2024-07-09
2024-07-09 11:00:00,"403,42547607421875","119,190002",3,2,2024-07-09
2024-07-09 12:00:00,"373,24322509765625","32,369999",3,2,2024-07-09
2024-07-09 13:00:00,"368,4593505859375","82,639999",3,2,2024-07-09
2024-07-09 14:00:00,"527,9329833984375","400,76001",3,2,2024-07-09
2024-07-09 15:00:00,"573,4149780273438","609,309998",3,2,2024-07-09
2024-07-09 16:00:00,"597,6570434570312","740,429993",3,2,2024-07-09
2024-07-09 17:00:00,"558,0717163085938","822,47998",3,2,2024-07-09
2024-07-09 18:00:00,"462,0058898925781","841,349976",3,2,2024-07-09
2024-07-09 19:00:00,"401,5030517578125","748,26001",3,2,2024-07-09
2024-07-09 20:00:00,"344,16644287109375","338,779999",3,2,2024-07-09
2024-07-09 21:00:00,"308,7911071777344","301,779999",3,2,2024-07-09
2024-07-09 22:00:00,"314,9922790527344","216,029999",3,2,2024-07-09
2024-07-09 23:00:00,"297,3638916015625","210,210007",3,2,2024-07-09
2024-07-10 00:00:00,"279,4523010253906","203,050003",3,2,2024-07-10
2024-07-10 01:00:00,"272,1415100097656","196,110001",3,2,2024-07-10
2024-07-10 02:00:00,"276,3650817871094","191,789993",3,2,2024-07-10
2024-07-10 03:00:00,"287,4472961425781","201,710007",3,2,2024-07-10
2024-07-10 04:00:00,"313,4530334472656","300,700012",3,2,2024-07-10
2024-07-10 05:00:00,"377,0223388671875","325,089996",3,2,2024-07-10
2024-07-10 06:00:00,"446,3568420410156","622,809998",3,2,2024-07-10
2024-07-10 07:00:00,"572,6793212890625","586,109985",3,2,2024-07-10
2024-07-10 08:00:00,"596,9424438476562","484,880005",3,2,2024-07-10
2024-07-10 09:00:00,"604,9498901367188","416,029999",3,2,2024-07-10
2024-07-10 10:00:00,"576,571533203125","351,570007",3,2,2024-07-10
2024-07-10 11:00:00,"574,3810424804688","304,059998",3,2,2024-07-10
2024-07-10 12:00:00,"554,94677734375","392,149994",3,2,2024-07-10
2024-07-10 13:00:00,"565,7303466796875","394,690002",3,2,2024-07-10
2024-07-10 14:00:00,"594,52490234375","503,380005",3,2,2024-07-10
2024-07-10 15:00:00,"613,0753784179688","597,820007",3,2,2024-07-10
2024-07-10 16:00:00,"637,5214233398438","602,219971",3,2,2024-07-10
2024-07-10 17:00:00,"610,3064575195312","743,880005",3,2,2024-07-10
2024-07-10 18:00:00,"576,6246948242188","1108,579956",3,2,2024-07-10
2024-07-10 19:00:00,"514,759033203125","1223,97998",3,2,2024-07-10
2024-07-10 20:00:00,"390,30462646484375","850,179993",3,2,2024-07-10
2024-07-10 21:00:00,"367,96514892578125","693,150024",3,2,2024-07-10
2024-07-10 22:00:00,"332,94384765625","716,380005",3,2,2024-07-10
2024-07-10 23:00:00,"320,8282775878906","596,48999",3,2,2024-07-10
2024-07-11 00:00:00,"292,6746826171875","574,919983",3,2,2024-07-11
2024-07-11 01:00:00,"276,2879943847656","593,869995",3,2,2024-07-11
2024-07-11 02:00:00,"258,88983154296875","599,169983",3,2,2024-07-11
2024-07-11 03:00:00,"269,78466796875","611,630005",3,2,2024-07-11
2024-07-11 04:00:00,"300,7421875","803,599976",3,2,2024-07-11
2024-07-11 05:00:00,"357,1158142089844","895,289978",3,2,2024-07-11
2024-07-11 06:00:00,"399,9563293457031","794,789978",3,2,2024-07-11
2024-07-11 07:00:00,"439,2350158691406","664,830017",3,2,2024-07-11
2024-07-11 08:00:00,"416,931396484375","602,01001",3,2,2024-07-11
2024-07-11 09:00:00,"391,2914733886719","496,880005",3,2,2024-07-11
2024-07-11 10:00:00,"349,45770263671875","428,540009",3,2,2024-07-11
2024-07-11 11:00:00,"323,7603454589844","355,880005",3,2,2024-07-11
2024-07-11 12:00:00,"345,32916259765625","331,850006",3,2,2024-07-11
2024-07-11 13:00:00,"372,25","373,779999",3,2,2024-07-11
2024-07-11 14:00:00,"443,11492919921875","454,959991",3,2,2024-07-11
2024-07-11 15:00:00,"451,77276611328125","611,109985",3,2,2024-07-11
2024-07-11 16:00:00,"465,673095703125","683,25",3,2,2024-07-11
2024-07-11 17:00:00,"433,9371337890625","895,289978",3,2,2024-07-11
2024-07-11 18:00:00,"428,5997009277344","1375,23999",3,2,2024-07-11
2024-07-11 19:00:00,"345,1931457519531","1244,0",3,2,2024-07-11
2024-07-11 20:00:00,"314,4849548339844","907,150024",3,2,2024-07-11
2024-07-11 21:00:00,"302,4992370605469","732,049988",3,2,2024-07-11
2024-07-11 22:00:00,"257,46051025390625","764,130005",3,2,2024-07-11
2024-07-11 23:00:00,"244,634521484375","651,400024",3,2,2024-07-11
2024-07-12 00:00:00,"213,58567810058594","609,619995",3,2,2024-07-12
2024-07-12 01:00:00,"205,85528564453125","604,619995",3,2,2024-07-12
2024-07-12 02:00:00,"203,73074340820312","598,650024",3,2,2024-07-12
2024-07-12 03:00:00,"218,43276977539062","613,5",3,2,2024-07-12
2024-07-12 04:00:00,"228,6547393798828","805,309998",3,2,2024-07-12
2024-07-12 05:00:00,"264,9595031738281","820,080017",3,2,2024-07-12
2024-07-12 06:00:00,"318,1137390136719","817,690002",3,2,2024-07-12
2024-07-12 07:00:00,"364,4260559082031","763,97998",3,2,2024-07-12
2024-07-12 08:00:00,"325,1357421875","715,26001",3,2,2024-07-12
2024-07-12 09:00:00,"298,28912353515625","670,200012",3,2,2024-07-12
2024-07-12 10:00:00,"289,0379638671875","621,099976",3,2,2024-07-12
2024-07-12 11:00:00,"280,90594482421875","586,409973",3,2,2024-07-12
2024-07-12 12:00:00,"275,7763977050781","582,22998",3,2,2024-07-12
2024-07-12 13:00:00,"268,360107421875","583,349976",3,2,2024-07-12
2024-07-12 14:00:00,"295,4626159667969","624,159973",3,2,2024-07-12
2024-07-12 15:00:00,"338,15240478515625","589,400024",3,2,2024-07-12
2024-07-12 16:00:00,"364,75848388671875","671,840027",3,2,2024-07-12
2024-07-12 17:00:00,"350,92266845703125","720,849976",3,2,2024-07-12
2024-07-12 18:00:00,"325,08160400390625","679,299988",3,2,2024-07-12
2024-07-12 19:00:00,"245,2032928466797","688,919983",3,2,2024-07-12
2024-07-12 20:00:00,"247,0874481201172","313,950012",3,2,2024-07-12
2024-07-12 21:00:00,"224,93978881835938","197,559998",3,2,2024-07-12
2024-07-12 22:00:00,"211,1959991455078","154,669998",3,2,2024-07-12
2024-07-12 23:00:00,"186,3618927001953","99,459999",3,2,2024-07-12
2024-07-13 00:00:00,"158,29666137695312","68,339996",3,2,2024-07-13
2024-07-13 01:00:00,"135,52175903320312","59,689999",3,2,2024-07-13
2024-07-13 02:00:00,"126,47115325927734","46,040001",3,2,2024-07-13
2024-07-13 03:00:00,"131,3790283203125","88,410004",3,2,2024-07-13
2024-07-13 04:00:00,"156,68374633789062","227,860001",3,2,2024-07-13
2024-07-13 05:00:00,"193,33924865722656","207,570007",3,2,2024-07-13
2024-07-13 06:00:00,"233,8925018310547","198,470001",3,2,2024-07-13
2024-07-13 07:00:00,"255,52200317382812","156,460007",3,2,2024-07-13
2024-07-13 08:00:00,"307,4733581542969","38,5",3,2,2024-07-13
2024-07-13 09:00:00,"302,51708984375","0,3",3,2,2024-07-13
2024-07-13 10:00:00,"298,803955078125","-0,07",3,2,2024-07-13
2024-07-13 11:00:00,"296,35546875","-6,49",3,2,2024-07-13
2024-07-13 12:00:00,"307,33251953125","-6,04",3,2,2024-07-13
2024-07-13 13:00:00,"347,8678283691406","-0,45",3,2,2024-07-13
2024-07-13 14:00:00,"393,76446533203125","11,34",3,2,2024-07-13
2024-07-13 15:00:00,"439,8780822753906","47,150002",3,2,2024-07-13
2024-07-13 16:00:00,"523,3236083984375","167,429993",3,2,2024-07-13
2024-07-13 17:00:00,"562,8701782226562","375,519989",3,2,2024-07-13
2024-07-13 18:00:00,"520,6618041992188","562,950012",3,2,2024-07-13
2024-07-13 19:00:00,"452,13336181640625","568,98999",3,2,2024-07-13
2024-07-13 20:00:00,"362,130126953125","588,23999",3,2,2024-07-13
2024-07-13 21:00:00,"305,98382568359375","470,049988",3,2,2024-07-13
2024-07-13 22:00:00,"275,9745178222656","663,700012",3,2,2024-07-13
2024-07-13 23:00:00,"261,8769226074219","471,48999",3,2,2024-07-13
2024-07-14 00:00:00,"232,46832275390625","413,73999",3,2,2024-07-14
2024-07-14 01:00:00,"230,58401489257812","330,540009",3,2,2024-07-14
2024-07-14 02:00:00,"231,3870391845703","283,01001",3,2,2024-07-14
2024-07-14 03:00:00,"228,06231689453125","274,660004",3,2,2024-07-14
2024-07-14 04:00:00,"233,31805419921875","238,470001",3,2,2024-07-14
2024-07-14 05:00:00,"240,92465209960938","106,550003",3,2,2024-07-14
2024-07-14 06:00:00,"268,3398742675781","2,16",3,2,2024-07-14
2024-07-14 07:00:00,"274,13079833984375","-17,09",3,2,2024-07-14
2024-07-14 08:00:00,"272,0522766113281","-22,530001",3,2,2024-07-14
2024-07-14 09:00:00,"261,0881652832031","-25,370001",3,2,2024-07-14
2024-07-14 10:00:00,"280,91650390625","-31,49",3,2,2024-07-14
2024-07-14 11:00:00,"258,53765869140625","-38,5",3,2,2024-07-14
2024-07-14 12:00:00,"258,0031433105469","-47,830002",3,2,2024-07-14
2024-07-14 13:00:00,"247,87623596191406","-39,990002",3,2,2024-07-14
2024-07-14 14:00:00,"293,6505126953125","-75,809998",3,2,2024-07-14
2024-07-14 15:00:00,"295,2052307128906","13,95",3,2,2024-07-14
2024-07-14 16:00:00,"299,6681213378906","301,890015",3,2,2024-07-14
2024-07-14 17:00:00,"268,74200439453125","685,929993",3,2,2024-07-14
2024-07-14 18:00:00,"255,9800567626953","864,030029",3,2,2024-07-14
2024-07-14 19:00:00,"229,9510955810547","810,909973",3,2,2024-07-14
2024-07-14 20:00:00,"213,42941284179688","789,719971",3,2,2024-07-14
2024-07-14 21:00:00,"208,51080322265625","649,590027",3,2,2024-07-14
2024-07-14 22:00:00,"201,61631774902344","592,070007",3,2,2024-07-14
2024-07-14 23:00:00,"208,89942932128906","494,25",3,2,2024-07-14
2024-07-15 00:00:00,"284,1575927734375","434,029999",3,3,2024-07-15
2024-07-15 01:00:00,"220,6006317138672","361,059998",3,3,2024-07-15
2024-07-15 02:00:00,"203,9886016845703","388,73999",3,3,2024-07-15
2024-07-15 03:00:00,"203,61708068847656","482,160004",3,3,2024-07-15
2024-07-15 04:00:00,"208,82037353515625","482,609985",3,3,2024-07-15
2024-07-15 05:00:00,"268,6000061035156","482,380005",3,3,2024-07-15
2024-07-15 06:00:00,"311,9657897949219","482,079987",3,3,2024-07-15
2024-07-15 07:00:00,"321,5939025878906","299,200012",3,3,2024-07-15
2024-07-15 08:00:00,"295,8904113769531","196,979996",3,3,2024-07-15
2024-07-15 09:00:00,"284,1066589355469","149,449997",3,3,2024-07-15
2024-07-15 10:00:00,"284,1383361816406","3,28",3,3,2024-07-15
2024-07-15 11:00:00,"276,0770263671875","-0,07",3,3,2024-07-15
2024-07-15 12:00:00,"281,495361328125","-0,52",3,3,2024-07-15
2024-07-15 13:00:00,"294,6361083984375","155,270004",3,3,2024-07-15
2024-07-15 14:00:00,"314,3068542480469","201,610001",3,3,2024-07-15
2024-07-15 15:00:00,"358,5409851074219","611,840027",3,3,2024-07-15
2024-07-15 16:00:00,"401,4601135253906","853,219971",3,3,2024-07-15
2024-07-15 17:00:00,"401,318115234375","1486,98999",3,3,2024-07-15
2024-07-15 18:00:00,"390,3392639160156","1678,530029",3,3,2024-07-15
2024-07-15 19:00:00,"351,5067138671875","1071,160034",3,3,2024-07-15
2024-07-15 20:00:00,"313,9217834472656","690,030029",3,3,2024-07-15
2024-07-15 21:00:00,"294,9198303222656","597,659973",3,3,2024-07-15
2024-07-15 22:00:00,"287,3436584472656","571,47998",3,3,2024-07-15
2024-07-15 23:00:00,"286,31097412109375","475,829987",3,3,2024-07-15
2024-07-16 00:00:00,"262,9091491699219","391,660004",3,3,2024-07-16
2024-07-16 01:00:00,"261,3280029296875","274,73999",3,3,2024-07-16
2024-07-16 02:00:00,"266,6263427734375","284,730011",3,3,2024-07-16
2024-07-16 03:00:00,"272,98406982421875","375,470001",3,3,2024-07-16
2024-07-16 04:00:00,"301,8775329589844","531,859985",3,3,2024-07-16
2024-07-16 05:00:00,"332,2467346191406","593,049988",3,3,2024-07-16
2024-07-16 06:00:00,"379,1512756347656","568,349976",3,3,2024-07-16
2024-07-16 07:00:00,"421,6088562011719","440,76001",3,3,2024-07-16
2024-07-16 08:00:00,"431,7939453125","187,960007",3,3,2024-07-16
2024-07-16 09:00:00,"438,78057861328125","158,630005",3,3,2024-07-16
2024-07-16 10:00:00,"415,0534362792969","118,190002",3,3,2024-07-16
2024-07-16 11:00:00,"419,1175537109375","101,400002",3,3,2024-07-16
2024-07-16 12:00:00,"391,12371826171875","30,290001",3,3,2024-07-16
2024-07-16 13:00:00,"385,61724853515625","21,639999",3,3,2024-07-16
2024-07-16 14:00:00,"537,1768798828125","0,07",3,3,2024-07-16
2024-07-16 15:00:00,"586,5143432617188","190,570007",3,3,2024-07-16
2024-07-16 16:00:00,"594,016845703125","444,709991",3,3,2024-07-16
2024-07-16 17:00:00,"566,1155395507812","611,780029",3,3,2024-07-16
2024-07-16 18:00:00,"503,35418701171875","907,330017",3,3,2024-07-16
2024-07-16 19:00:00,"464,0621643066406","852,710022",3,3,2024-07-16
2024-07-16 20:00:00,"427,50146484375","789,51001",3,3,2024-07-16
2024-07-16 21:00:00,"398,248046875","629,090027",3,3,2024-07-16
2024-07-16 22:00:00,"369,1413269042969","652,109985",3,3,2024-07-16
2024-07-16 23:00:00,"344,7164001464844","544,52002",3,3,2024-07-16
2024-07-17 00:00:00,"328,95855712890625","543,330017",3,3,2024-07-17
2024-07-17 01:00:00,"351,4216003417969","526,23999",3,3,2024-07-17
2024-07-17 02:00:00,"342,89715576171875","530,119995",3,3,2024-07-17
2024-07-17 03:00:00,"333,6405029296875","577,799988",3,3,2024-07-17
2024-07-17 04:00:00,"354,6668395996094","671,880005",3,3,2024-07-17
2024-07-17 05:00:00,"394,493896484375","744,330017",3,3,2024-07-17
2024-07-17 06:00:00,"451,7537536621094","788,650024",3,3,2024-07-17
2024-07-17 07:00:00,"571,0919799804688","575,559998",3,3,2024-07-17
2024-07-17 08:00:00,"580,9373168945312","434,170013",3,3,2024-07-17
2024-07-17 09:00:00,"600,8442993164062","311,51001",3,3,2024-07-17
2024-07-17 10:00:00,"583,9053955078125","243,160004",3,3,2024-07-17
2024-07-17 11:00:00,"575,477783203125","163,029999",3,3,2024-07-17
2024-07-17 12:00:00,"538,7171020507812","80,580002",3,3,2024-07-17
2024-07-17 13:00:00,"550,5142822265625","100,5",3,3,2024-07-17
2024-07-17 14:00:00,"586,2119750976562","290,089996",3,3,2024-07-17
2024-07-17 15:00:00,"599,951904296875","460,209991",3,3,2024-07-17
2024-07-17 16:00:00,"640,8793334960938","618,76001",3,3,2024-07-17
2024-07-17 17:00:00,"602,5579833984375","797,530029",3,3,2024-07-17
2024-07-17 18:00:00,"567,2501831054688","984,280029",3,3,2024-07-17
2024-07-17 19:00:00,"507,19036865234375","1044,790039",3,3,2024-07-17
2024-07-17 20:00:00,"385,8627014160156","857,369995",3,3,2024-07-17
2024-07-17 21:00:00,"368,3677978515625","687,700012",3,3,2024-07-17
2024-07-17 22:00:00,"322,3434753417969","506,570007",3,3,2024-07-17
2024-07-17 23:00:00,"308,15625","544,679993",3,3,2024-07-17
2024-07-18 00:00:00,"294,9162292480469","493,589996",3,3,2024-07-18
2024-07-18 01:00:00,"268,682861328125","491,200012",3,3,2024-07-18
2024-07-18 02:00:00,"259,78790283203125","466,880005",3,3,2024-07-18
2024-07-18 03:00:00,"268,9574279785156","298,369995",3,3,2024-07-18
2024-07-18 04:00:00,"298,0863342285156","650,309998",3,3,2024-07-18
2024-07-18 05:00:00,"361,1432189941406","704,909973",3,3,2024-07-18
2024-07-18 06:00:00,"392,6352233886719","506,269989",3,3,2024-07-18
2024-07-18 07:00:00,"412,2186279296875","351,339996",3,3,2024-07-18
2024-07-18 08:00:00,"394,3545837402344","270,779999",3,3,2024-07-18
2024-07-18 09:00:00,"369,748046875","253,470001",3,3,2024-07-18
2024-07-18 10:00:00,"344,7474670410156","253,25",3,3,2024-07-18
2024-07-18 11:00:00,"326,0314025878906","252,800003",3,3,2024-07-18
2024-07-18 12:00:00,"344,40985107421875","254,360001",3,3,2024-07-18
2024-07-18 13:00:00,"370,22967529296875","260,929993",3,3,2024-07-18
2024-07-18 14:00:00,"440,90594482421875","197,080002",3,3,2024-07-18
2024-07-18 15:00:00,"453,17889404296875","637,630005",3,3,2024-07-18
2024-07-18 16:00:00,"475,998779296875","686,26001",3,3,2024-07-18
2024-07-18 17:00:00,"419,69207763671875","952,26001",3,3,2024-07-18
2024-07-18 18:00:00,"426,6162109375","1382,819946",3,3,2024-07-18
2024-07-18 19:00:00,"345,6996765136719","1318,290039",3,3,2024-07-18
2024-07-18 20:00:00,"314,6583557128906","891,690002",3,3,2024-07-18
2024-07-18 21:00:00,"300,7183532714844","760,26001",3,3,2024-07-18
2024-07-18 22:00:00,"257,1917724609375","672,26001",3,3,2024-07-18
2024-07-18 23:00:00,"244,39866638183594","600,200012",3,3,2024-07-18
2024-07-19 00:00:00,"211,76947021484375","596,169983",3,3,2024-07-19
2024-07-19 01:00:00,"204,97955322265625","583,47998",3,3,2024-07-19
2024-07-19 02:00:00,"209,0215606689453","606,390015",3,3,2024-07-19
2024-07-19 03:00:00,"208,64671325683594","667,039978",3,3,2024-07-19
2024-07-19 04:00:00,"227,64419555664062","827,289978",3,3,2024-07-19
2024-07-19 05:00:00,"263,9076232910156","810,72998",3,3,2024-07-19
2024-07-19 06:00:00,"317,947509765625","734,109985",3,3,2024-07-19
2024-07-19 07:00:00,"364,2372131347656","607,51001",3,3,2024-07-19
2024-07-19 08:00:00,"313,7326965332031","522,22998",3,3,2024-07-19
2024-07-19 09:00:00,"287,2027282714844","438,299988",3,3,2024-07-19
2024-07-19 10:00:00,"287,1651916503906","330,799988",3,3,2024-07-19
2024-07-19 11:00:00,"282,2718200683594","272,309998",3,3,2024-07-19
2024-07-19 12:00:00,"266,79766845703125","270,070007",3,3,2024-07-19
2024-07-19 13:00:00,"267,1908264160156","317,369995",3,3,2024-07-19
2024-07-19 14:00:00,"295,69061279296875","475,899994",3,3,2024-07-19
2024-07-19 15:00:00,"325,5570068359375","576,98999",3,3,2024-07-19
2024-07-19 16:00:00,"341,5402526855469","683,460022",3,3,2024-07-19
2024-07-19 17:00:00,"331,22344970703125","888,099976",3,3,2024-07-19
2024-07-19 18:00:00,"338,1969299316406","1358,410034",3,3,2024-07-19
2024-07-19 19:00:00,"270,2106018066406","895,26001",3,3,2024-07-19
2024-07-19 20:00:00,"260,070068359375","797,22998",3,3,2024-07-19
2024-07-19 21:00:00,"256,935302734375","683,01001",3,3,2024-07-19
2024-07-19 22:00:00,"232,3800048828125","706,789978",3,3,2024-07-19
2024-07-19 23:00:00,"206,5058135986328","667,099976",3,3,2024-07-19
2024-07-20 00:00:00,"177,02113342285156","658,440002",3,3,2024-07-20
2024-07-20 01:00:00,"169,1047821044922","670,599976",3,3,2024-07-20
2024-07-20 02:00:00,"179,30091857910156","703,130005",3,3,2024-07-20
2024-07-20 03:00:00,"186,0993194580078","699,849976",3,3,2024-07-20
2024-07-20 04:00:00,"188,8251953125","665,159973",3,3,2024-07-20
2024-07-20 05:00:00,"190,20486450195312","641,580017",3,3,2024-07-20
2024-07-20 06:00:00,"230,28057861328125","508,850006",3,3,2024-07-20
2024-07-20 07:00:00,"242,11012268066406","291,359985",3,3,2024-07-20
2024-07-20 08:00:00,"289,23699951171875","118,629997",3,3,2024-07-20
2024-07-20 09:00:00,"281,7423095703125","28,129999",3,3,2024-07-20
2024-07-20 10:00:00,"272,9519958496094","10,22",3,3,2024-07-20
2024-07-20 11:00:00,"275,080810546875","0,15",3,3,2024-07-20
2024-07-20 12:00:00,"280,4131164550781","3,28",3,3,2024-07-20
2024-07-20 13:00:00,"332,87127685546875","34,32",3,3,2024-07-20
2024-07-20 14:00:00,"391,8589172363281","134,369995",3,3,2024-07-20
2024-07-20 15:00:00,"421,03240966796875","273,820007",3,3,2024-07-20
2024-07-20 16:00:00,"494,2149963378906","634,190002",3,3,2024-07-20
2024-07-20 17:00:00,"522,99609375","817,440002",3,3,2024-07-20
2024-07-20 18:00:00,"493,8980712890625","1005,380005",3,3,2024-07-20
2024-07-20 19:00:00,"440,8673400878906","811,840027",3,3,2024-07-20
2024-07-20 20:00:00,"365,8122253417969","627,47998",3,3,2024-07-20
2024-07-20 21:00:00,"315,13677978515625","555,929993",3,3,2024-07-20
2024-07-20 22:00:00,"275,536376953125","474,790009",3,3,2024-07-20
2024-07-20 23:00:00,"265,78448486328125","420,089996",3,3,2024-07-20
2024-07-21 00:00:00,"237,11190795898438","411,880005",3,3,2024-07-21
2024-07-21 01:00:00,"228,70948791503906","450,540009",3,3,2024-07-21
2024-07-21 02:00:00,"228,2515411376953","496,570007",3,3,2024-07-21
2024-07-21 03:00:00,"225,4582061767578","561,419983",3,3,2024-07-21
2024-07-21 04:00:00,"229,9464111328125","480,529999",3,3,2024-07-21
2024-07-21 05:00:00,"233,01588439941406","421,809998",3,3,2024-07-21
2024-07-21 06:00:00,"264,22174072265625","303,540009",3,3,2024-07-21
2024-07-21 07:00:00,"280,77398681640625","138,559998",3,3,2024-07-21
2024-07-21 08:00:00,"281,4983825683594","7,54",3,3,2024-07-21
2024-07-21 09:00:00,"274,20452880859375","0,22",3,3,2024-07-21
2024-07-21 10:00:00,"286,4112854003906","0,15",3,3,2024-07-21
2024-07-21 11:00:00,"269,3273620605469","-0,45",3,3,2024-07-21
2024-07-21 12:00:00,"261,1178283691406","-1,34",3,3,2024-07-21
2024-07-21 13:00:00,"249,6262969970703","0,3",3,3,2024-07-21
2024-07-21 14:00:00,"292,79205322265625","139,380005",3,3,2024-07-21
2024-07-21 15:00:00,"289,7171630859375","307,640015",3,3,2024-07-21
2024-07-21 16:00:00,"300,5957336425781","600,289978",3,3,2024-07-21
2024-07-21 17:00:00,"269,6837158203125","807,880005",3,3,2024-07-21
2024-07-21 18:00:00,"254,5988006591797","841,150024",3,3,2024-07-21
2024-07-21 19:00:00,"230,32949829101562","919,950012",3,3,2024-07-21
2024-07-21 20:00:00,"210,67465209960938","814,590027",3,3,2024-07-21
2024-07-21 21:00:00,"210,34866333007812","672,73999",3,3,2024-07-21
2024-07-21 22:00:00,"201,93081665039062","901,669983",3,3,2024-07-21
2024-07-21 23:00:00,"208,24176025390625","721,02002",3,3,2024-07-21
2024-07-22 00:00:00,"414,50897216796875","648,27002",3,4,2024-07-22
2024-07-22 01:00:00,"241,03948974609375","648,640015",3,4,2024-07-22
2024-07-22 02:00:00,"212,67930603027344","610,659973",3,4,2024-07-22
2024-07-22 03:00:00,"212,07928466796875","591,859985",3,4,2024-07-22
2024-07-22 04:00:00,"223,21592712402344","811,159973",3,4,2024-07-22
2024-07-22 05:00:00,"281,7532043457031","896,070007",3,4,2024-07-22
2024-07-22 06:00:00,"334,49462890625","852,719971",3,4,2024-07-22
2024-07-22 07:00:00,"341,25128173828125","703,929993",3,4,2024-07-22
2024-07-22 08:00:00,"339,2109680175781","473,290009",3,4,2024-07-22
2024-07-22 09:00:00,"337,22088623046875","291,600006",3,4,2024-07-22
2024-07-22 10:00:00,"309,22076416015625","191,089996",3,4,2024-07-22
2024-07-22 11:00:00,"288,27191162109375","174,300003",3,4,2024-07-22
2024-07-22 12:00:00,"292,6199035644531","144,830002",3,4,2024-07-22
2024-07-22 13:00:00,"293,3463134765625","152,070007",3,4,2024-07-22
2024-07-22 14:00:00,"306,5307312011719","170,279999",3,4,2024-07-22
2024-07-22 15:00:00,"340,56341552734375","463,820007",3,4,2024-07-22
2024-07-22 16:00:00,"385,76739501953125","603,719971",3,4,2024-07-22
2024-07-22 17:00:00,"399,53375244140625","739,0",3,4,2024-07-22
2024-07-22 18:00:00,"394,4927978515625","1043,660034",3,4,2024-07-22
2024-07-22 19:00:00,"346,38311767578125","1046,569946",3,4,2024-07-22
2024-07-22 20:00:00,"314,48809814453125","828,539978",3,4,2024-07-22
2024-07-22 21:00:00,"295,6171569824219","712,73999",3,4,2024-07-22
2024-07-22 22:00:00,"290,80499267578125","618,22998",3,4,2024-07-22
2024-07-22 23:00:00,"285,4818115234375","559,349976",3,4,2024-07-22
2024-07-23 00:00:00,"262,63043212890625","547,630005",3,4,2024-07-23
2024-07-23 01:00:00,"267,8758239746094","508,380005",3,4,2024-07-23
2024-07-23 02:00:00,"270,0176086425781","526,52002",3,4,2024-07-23
2024-07-23 03:00:00,"279,6722717285156","549,799988",3,4,2024-07-23
2024-07-23 04:00:00,"306,6277160644531","745,450012",3,4,2024-07-23
2024-07-23 05:00:00,"338,59234619140625","865,590027",3,4,2024-07-23
2024-07-23 06:00:00,"376,507080078125","824,179993",3,4,2024-07-23
2024-07-23 07:00:00,"412,7996520996094","651,359985",3,4,2024-07-23
2024-07-23 08:00:00,"427,7998046875","513,909973",3,4,2024-07-23
2024-07-23 09:00:00,"433,3077392578125","457,940002",3,4,2024-07-23
2024-07-23 10:00:00,"403,3807373046875","324,0",3,4,2024-07-23
2024-07-23 11:00:00,"399,2663269042969","285,720001",3,4,2024-07-23
2024-07-23 12:00:00,"380,715087890625","268,709991",3,4,2024-07-23
2024-07-23 13:00:00,"390,7342834472656","313,100006",3,4,2024-07-23
2024-07-23 14:00:00,"533,4143676757812","483,980011",3,4,2024-07-23
2024-07-23 15:00:00,"584,6829833984375","593,450012",3,4,2024-07-23
2024-07-23 16:00:00,"597,7047119140625","596,359985",3,4,2024-07-23
2024-07-23 17:00:00,"557,5271606445312","716,570007",3,4,2024-07-23
2024-07-23 18:00:00,"501,5670471191406","872,530029",3,4,2024-07-23
2024-07-23 19:00:00,"461,9783935546875","761,200012",3,4,2024-07-23
2024-07-23 20:00:00,"428,4428405761719","740,450012",3,4,2024-07-23
2024-07-23 21:00:00,"392,29681396484375","683,369995",3,4,2024-07-23
2024-07-23 22:00:00,"372,37451171875","623,359985",3,4,2024-07-23
2024-07-23 23:00:00,"346,0538330078125","584,419983",3,4,2024-07-23
2024-07-24 00:00:00,"326,4380187988281","541,369995",3,4,2024-07-24
2024-07-24 01:00:00,"326,8082580566406","549,130005",3,4,2024-07-24
2024-07-24 02:00:00,"315,6473083496094","423,630005",3,4,2024-07-24
2024-07-24 03:00:00,"321,09356689453125","299,179993",3,4,2024-07-24
2024-07-24 04:00:00,"344,110595703125","323,429993",3,4,2024-07-24
2024-07-24 05:00:00,"390,3129577636719","336,190002",3,4,2024-07-24
2024-07-24 06:00:00,"451,4012451171875","429,079987",3,4,2024-07-24
2024-07-24 07:00:00,"563,8010864257812","270,23999",3,4,2024-07-24
2024-07-24 08:00:00,"570,511474609375","186,520004",3,4,2024-07-24
2024-07-24 09:00:00,"587,784912109375","158,100006",3,4,2024-07-24
2024-07-24 10:00:00,"574,3970947265625","11,79",3,4,2024-07-24
2024-07-24 11:00:00,"567,1616821289062","0,0",3,4,2024-07-24
2024-07-24 12:00:00,"529,3806762695312","0,0",3,4,2024-07-24
2024-07-24 13:00:00,"547,0536499023438","-0,6",3,4,2024-07-24
2024-07-24 14:00:00,"577,38720703125","124,599998",3,4,2024-07-24
2024-07-24 15:00:00,"597,2506713867188","184,880005",3,4,2024-07-24
2024-07-24 16:00:00,"637,4752197265625","387,149994",3,4,2024-07-24
2024-07-24 17:00:00,"600,8885498046875","668,5",3,4,2024-07-24
2024-07-24 18:00:00,"569,1372680664062","809,659973",3,4,2024-07-24
2024-07-24 19:00:00,"508,4847412109375","881,210022",3,4,2024-07-24
2024-07-24 20:00:00,"385,3238830566406","813,320007",3,4,2024-07-24
2024-07-24 21:00:00,"364,24224853515625","631,570007",3,4,2024-07-24
2024-07-24 22:00:00,"333,8167724609375","624,570007",3,4,2024-07-24
2024-07-24 23:00:00,"320,615478515625","578,299988",3,4,2024-07-24
2024-07-25 00:00:00,"291,23345947265625","567,859985",3,4,2024-07-25
2024-07-25 01:00:00,"275,95562744140625","596,359985",3,4,2024-07-25
2024-07-25 02:00:00,"257,13848876953125","570,090027",3,4,2024-07-25
2024-07-25 03:00:00,"269,03973388671875","690,460022",3,4,2024-07-25
2024-07-25 04:00:00,"305,4562072753906","792,159973",3,4,2024-07-25
2024-07-25 05:00:00,"361,9157409667969","813,580017",3,4,2024-07-25
2024-07-25 06:00:00,"392,2218322753906","678,890015",3,4,2024-07-25
2024-07-25 07:00:00,"428,103759765625","537,109985",3,4,2024-07-25
2024-07-25 08:00:00,"405,0918273925781","411,0",3,4,2024-07-25
2024-07-25 09:00:00,"380,6950988769531","275,720001",3,4,2024-07-25
2024-07-25 10:00:00,"345,24432373046875","177,070007",3,4,2024-07-25
2024-07-25 11:00:00,"326,02349853515625","133,869995",3,4,2024-07-25
2024-07-25 12:00:00,"347,1697998046875","128,490005",3,4,2024-07-25
2024-07-25 13:00:00,"378,0648193359375","166,029999",3,4,2024-07-25
2024-07-25 14:00:00,"437,29443359375","401,450012",3,4,2024-07-25
2024-07-25 15:00:00,"449,1452941894531","596,960022",3,4,2024-07-25
2024-07-25 16:00:00,"475,541259765625","723,809998",3,4,2024-07-25
2024-07-25 17:00:00,"419,2225646972656","947,150024",3,4,2024-07-25
2024-07-25 18:00:00,"426,4994201660156","1161,97998",3,4,2024-07-25
2024-07-25 19:00:00,"341,3405456542969","982,070007",3,4,2024-07-25
2024-07-25 20:00:00,"314,39093017578125","746,200012",3,4,2024-07-25
2024-07-25 21:00:00,"300,4064636230469","633,890015",3,4,2024-07-25
2024-07-25 22:00:00,"255,9713897705078","604,460022",3,4,2024-07-25
2024-07-25 23:00:00,"238,16957092285156","548,48999",3,4,2024-07-25
2024-07-26 00:00:00,"208,61439514160156","559,76001",3,4,2024-07-26
2024-07-26 01:00:00,"203,1365966796875","576,849976",3,4,2024-07-26
2024-07-26 02:00:00,"200,3270263671875","573,859985",3,4,2024-07-26
2024-07-26 03:00:00,"208,89939880371094","596,919983",3,4,2024-07-26
2024-07-26 04:00:00,"229,2307891845703","608,109985",3,4,2024-07-26
2024-07-26 05:00:00,"265,46502685546875","795,940002",3,4,2024-07-26
2024-07-26 06:00:00,"317,1396179199219","776,840027",3,4,2024-07-26
2024-07-26 07:00:00,"363,2215881347656","722,590027",3,4,2024-07-26
2024-07-26 08:00:00,"331,50213623046875","675,570007",3,4,2024-07-26
2024-07-26 09:00:00,"291,9173889160156","607,070007",3,4,2024-07-26
2024-07-26 10:00:00,"287,71881103515625","522,369995",3,4,2024-07-26
2024-07-26 11:00:00,"284,5691223144531","471,029999",3,4,2024-07-26
2024-07-26 12:00:00,"272,022705078125","449,160004",3,4,2024-07-26
2024-07-26 13:00:00,"273,9866027832031","508,48999",3,4,2024-07-26
2024-07-26 14:00:00,"302,7841491699219","543,559998",3,4,2024-07-26
2024-07-26 15:00:00,"342,0951232910156","660,580017",3,4,2024-07-26
2024-07-26 16:00:00,"361,639404296875","704,01001",3,4,2024-07-26
2024-07-26 17:00:00,"346,9560241699219","804,380005",3,4,2024-07-26
2024-07-26 18:00:00,"322,3074951171875","1068,98999",3,4,2024-07-26
2024-07-26 19:00:00,"253,61447143554688","1037,280029",3,4,2024-07-26
2024-07-26 20:00:00,"252,74951171875","793,929993",3,4,2024-07-26
2024-07-26 21:00:00,"251,30921936035156","730,650024",3,4,2024-07-26
2024-07-26 22:00:00,"227,4690704345703","775,22998",3,4,2024-07-26
2024-07-26 23:00:00,"204,0552978515625","768,890015",3,4,2024-07-26
2024-07-27 00:00:00,"174,19789123535156","723,070007",3,4,2024-07-27
2024-07-27 01:00:00,"161,75411987304688","710,080017",3,4,2024-07-27
2024-07-27 02:00:00,"161,59864807128906","690,01001",3,4,2024-07-27
2024-07-27 03:00:00,"176,61895751953125","673,070007",3,4,2024-07-27
2024-07-27 04:00:00,"177,40243530273438","649,929993",3,4,2024-07-27
2024-07-27 05:00:00,"185,1007080078125","615,01001",3,4,2024-07-27
2024-07-27 06:00:00,"231,3228302001953","632,02002",3,4,2024-07-27
2024-07-27 07:00:00,"250,98150634765625","505,0",3,4,2024-07-27
2024-07-27 08:00:00,"289,9085998535156","453,589996",3,4,2024-07-27
2024-07-27 09:00:00,"299,4316711425781","297,76001",3,4,2024-07-27
2024-07-27 10:00:00,"280,7173767089844","208,960007",3,4,2024-07-27
2024-07-27 11:00:00,"270,4305419921875","132,839996",3,4,2024-07-27
2024-07-27 12:00:00,"296,7521667480469","133,729996",3,4,2024-07-27
2024-07-27 13:00:00,"332,47100830078125","261,350006",3,4,2024-07-27
2024-07-27 14:00:00,"383,7840576171875","505,380005",3,4,2024-07-27
2024-07-27 15:00:00,"425,0501708984375","649,710022",3,4,2024-07-27
2024-07-27 16:00:00,"504,7513427734375","783,369995",3,4,2024-07-27
2024-07-27 17:00:00,"523,7808837890625","870,830017",3,4,2024-07-27
2024-07-27 18:00:00,"493,6916809082031","918,669983",3,4,2024-07-27
2024-07-27 19:00:00,"441,4878845214844","909,109985",3,4,2024-07-27
2024-07-27 20:00:00,"370,6977844238281","806,719971",3,4,2024-07-27
2024-07-27 21:00:00,"322,8355407714844","730,900024",3,4,2024-07-27
2024-07-27 22:00:00,"277,0526428222656","820,820007",3,4,2024-07-27
2024-07-27 23:00:00,"271,8049621582031","709,780029",3,4,2024-07-27
2024-07-28 00:00:00,"231,40911865234375","658,280029",3,4,2024-07-28
2024-07-28 01:00:00,"228,65464782714844","608,429993",3,4,2024-07-28
2024-07-28 02:00:00,"227,67315673828125","586,119995",3,4,2024-07-28
2024-07-28 03:00:00,"227,37698364257812","591,48999",3,4,2024-07-28
2024-07-28 04:00:00,"240,07920837402344","563,659973",3,4,2024-07-28
2024-07-28 05:00:00,"242,02890014648438","541,869995",3,4,2024-07-28
2024-07-28 06:00:00,"266,4723205566406","189,699997",3,4,2024-07-28
2024-07-28 07:00:00,"267,2038269042969","37,240002",3,4,2024-07-28
2024-07-28 08:00:00,"270,09588623046875","0,0",3,4,2024-07-28
2024-07-28 09:00:00,"260,8509216308594","-18,129999",3,4,2024-07-28
2024-07-28 10:00:00,"279,1496276855469","-112,239998",3,4,2024-07-28
2024-07-28 11:00:00,"257,5591125488281","-222,389999",3,4,2024-07-28
2024-07-28 12:00:00,"257,4547424316406","-363,359985",3,4,2024-07-28
2024-07-28 13:00:00,"245,52188110351562","-250,220001",3,4,2024-07-28
2024-07-28 14:00:00,"290,46417236328125","-99,099998",3,4,2024-07-28
2024-07-28 15:00:00,"285,9512023925781","-1,94",3,4,2024-07-28
2024-07-28 16:00:00,"307,9017333984375","37,09",3,4,2024-07-28
2024-07-28 17:00:00,"268,61932373046875","349,480011",3,4,2024-07-28
2024-07-28 18:00:00,"253,5282745361328","588,580017",3,4,2024-07-28
2024-07-28 19:00:00,"224,9105987548828","579,630005",3,4,2024-07-28
2024-07-28 20:00:00,"204,79690551757812","589,400024",3,4,2024-07-28
2024-07-28 21:00:00,"196,64727783203125","322,98999",3,4,2024-07-28
2024-07-28 22:00:00,"182,57766723632812","382,160004",3,4,2024-07-28
2024-07-28 23:00:00,"193,3306427001953","275,670013",3,4,2024-07-28
2024-09-30 00:00:00,"156,90306091308594","62,630001",4,1,2024-09-30
2024-09-30 01:00:00,"194,1799774169922","41,23",4,1,2024-09-30
2024-09-30 02:00:00,"201,3101043701172","67,25",4,1,2024-09-30
2024-09-30 03:00:00,"199,69287109375","126,599998",4,1,2024-09-30
2024-09-30 04:00:00,"211,65821838378906","314,869995",4,1,2024-09-30
2024-09-30 05:00:00,"278,6156921386719","597,22998",4,1,2024-09-30
2024-09-30 06:00:00,"320,22967529296875","597,22998",4,1,2024-09-30
2024-09-30 07:00:00,"311,10504150390625","447,359985",4,1,2024-09-30
2024-09-30 08:00:00,"298,88134765625","272,73999",4,1,2024-09-30
2024-09-30 09:00:00,"293,6784973144531","155,910004",4,1,2024-09-30
2024-09-30 10:00:00,"269,4240417480469","69,190002",4,1,2024-09-30
2024-09-30 11:00:00,"273,1352844238281","15,36",4,1,2024-09-30
2024-09-30 12:00:00,"276,9118957519531","94,919998",4,1,2024-09-30
2024-09-30 13:00:00,"280,7840576171875","125,709999",4,1,2024-09-30
2024-09-30 14:00:00,"296,49737548828125","180,360001",4,1,2024-09-30
2024-09-30 15:00:00,"316,7654724121094","243,960007",4,1,2024-09-30
2024-09-30 16:00:00,"379,382568359375","268,339996",4,1,2024-09-30
2024-09-30 17:00:00,"395,21356201171875","273,119995",4,1,2024-09-30
2024-09-30 18:00:00,"355,73297119140625","127,5",4,1,2024-09-30
2024-09-30 19:00:00,"319,2181701660156","31,24",4,1,2024-09-30
2024-09-30 20:00:00,"284,4623107910156","24,459999",4,1,2024-09-30
2024-09-30 21:00:00,"265,6514892578125","24,23",4,1,2024-09-30
2024-09-30 22:00:00,"265,0079040527344","23,93",4,1,2024-09-30
2024-09-30 23:00:00,"240,8330078125","0,52",4,1,2024-09-30
2024-10-01 00:00:00,"234,70608520507812","0,37",4,1,2024-10-01
2024-10-01 01:00:00,"237,14828491210938","0,15",4,1,2024-10-01
2024-10-01 02:00:00,"238,81910705566406","0,67",4,1,2024-10-01
2024-10-01 03:00:00,"248,16314697265625","24,6",4,1,2024-10-01
2024-10-01 04:00:00,"271,261474609375","75,080002",4,1,2024-10-01
2024-10-01 05:00:00,"308,7284851074219","293,910004",4,1,2024-10-01
2024-10-01 06:00:00,"366,7412414550781","308,079987",4,1,2024-10-01
2024-10-01 07:00:00,"409,21185302734375","309,5",4,1,2024-10-01
2024-10-01 08:00:00,"426,5572509765625","288,170013",4,1,2024-10-01
2024-10-01 09:00:00,"438,290283203125","260,880005",4,1,2024-10-01
2024-10-01 10:00:00,"400,60052490234375","232,919998",4,1,2024-10-01
2024-10-01 11:00:00,"408,1173095703125","223,600006",4,1,2024-10-01
2024-10-01 12:00:00,"393,048095703125","260,660004",4,1,2024-10-01
2024-10-01 13:00:00,"397,0768127441406","296,079987",4,1,2024-10-01
2024-10-01 14:00:00,"540,8726196289062","324,779999",4,1,2024-10-01
2024-10-01 15:00:00,"581,393798828125","393,0",4,1,2024-10-01
2024-10-01 16:00:00,"597,72705078125","405,600006",4,1,2024-10-01
2024-10-01 17:00:00,"549,52197265625","421,410004",4,1,2024-10-01
2024-10-01 18:00:00,"448,8388671875","366,829987",4,1,2024-10-01
2024-10-01 19:00:00,"382,18072509765625","345,429993",4,1,2024-10-01
2024-10-01 20:00:00,"343,65435791015625","321,649994",4,1,2024-10-01
2024-10-01 21:00:00,"292,2370300292969","309,940002",4,1,2024-10-01
2024-10-01 22:00:00,"270,2000427246094","432,829987",4,1,2024-10-01
2024-10-01 23:00:00,"272,7305603027344","367,350006",4,1,2024-10-01
2024-10-02 00:00:00,"259,7206726074219","373,540009",4,1,2024-10-02
2024-10-02 01:00:00,"252,9929656982422","365,339996",4,1,2024-10-02
2024-10-02 02:00:00,"256,7135314941406","300,230011",4,1,2024-10-02
2024-10-02 03:00:00,"271,21270751953125","363,470001",4,1,2024-10-02
2024-10-02 04:00:00,"286,5085754394531","596,440002",4,1,2024-10-02
2024-10-02 05:00:00,"352,4827880859375","692,869995",4,1,2024-10-02
2024-10-02 06:00:00,"418,5499267578125","913,830017",4,1,2024-10-02
2024-10-02 07:00:00,"564,7332763671875","701,219971",4,1,2024-10-02
2024-10-02 08:00:00,"582,9490966796875","484,880005",4,1,2024-10-02
2024-10-02 09:00:00,"590,3314208984375","394,420013",4,1,2024-10-02
2024-10-02 10:00:00,"570,0125122070312","431,040009",4,1,2024-10-02
2024-10-02 11:00:00,"557,6242065429688","597,109985",4,1,2024-10-02
2024-10-02 12:00:00,"535,5919189453125","584,659973",4,1,2024-10-02
2024-10-02 13:00:00,"573,3965454101562","607,26001",4,1,2024-10-02
2024-10-02 14:00:00,"608,0767211914062","607,849976",4,1,2024-10-02
2024-10-02 15:00:00,"629,7499389648438","746,48999",4,1,2024-10-02
2024-10-02 16:00:00,"649,32421875","872,590027",4,1,2024-10-02
2024-10-02 17:00:00,"604,603271484375","969,97998",4,1,2024-10-02
2024-10-02 18:00:00,"560,1912231445312","852,900024",4,1,2024-10-02
2024-10-02 19:00:00,"502,1549377441406","719,940002",4,1,2024-10-02
2024-10-02 20:00:00,"377,7818908691406","695,780029",4,1,2024-10-02
2024-10-02 21:00:00,"363,974365234375","633,880005",4,1,2024-10-02
2024-10-02 22:00:00,"327,05316162109375","502,230011",4,1,2024-10-02
2024-10-02 23:00:00,"319,7572021484375","491,26001",4,1,2024-10-02
2024-10-03 00:00:00,"296,1305236816406","485,890015",4,1,2024-10-03
2024-10-03 01:00:00,"278,56121826171875","478,730011",4,1,2024-10-03
2024-10-03 02:00:00,"265,5299072265625","477,23999",4,1,2024-10-03
2024-10-03 03:00:00,"273,2571716308594","480,369995",4,1,2024-10-03
2024-10-03 04:00:00,"301,5933837890625","488,059998",4,1,2024-10-03
2024-10-03 05:00:00,"365,37396240234375","547,280029",4,1,2024-10-03
2024-10-03 06:00:00,"399,9955139160156","571,900024",4,1,2024-10-03
2024-10-03 07:00:00,"433,302978515625","543,780029",4,1,2024-10-03
2024-10-03 08:00:00,"411,99761962890625","516,77002",4,1,2024-10-03
2024-10-03 09:00:00,"381,4119873046875","470,230011",4,1,2024-10-03
2024-10-03 10:00:00,"335,3846130371094","351,25",4,1,2024-10-03
2024-10-03 11:00:00,"328,50274658203125","253,460007",4,1,2024-10-03
2024-10-03 12:00:00,"351,1834411621094","291,950012",4,1,2024-10-03
2024-10-03 13:00:00,"382,6966552734375","383,109985",4,1,2024-10-03
2024-10-03 14:00:00,"464,69940185546875","492,609985",4,1,2024-10-03
2024-10-03 15:00:00,"459,8895568847656","669,090027",4,1,2024-10-03
2024-10-03 16:00:00,"485,4526062011719","821,039978",4,1,2024-10-03
2024-10-03 17:00:00,"437,6249694824219","860,200012",4,1,2024-10-03
2024-10-03 18:00:00,"411,3328857421875","807,679993",4,1,2024-10-03
2024-10-03 19:00:00,"338,4440002441406","736,669983",4,1,2024-10-03
2024-10-03 20:00:00,"316,2012939453125","678,48999",4,1,2024-10-03
2024-10-03 21:00:00,"300,2051696777344","607,630005",4,1,2024-10-03
2024-10-03 22:00:00,"257,8802795410156","551,23999",4,1,2024-10-03
2024-10-03 23:00:00,"246,35873413085938","540,950012",4,1,2024-10-03
2024-10-04 00:00:00,"214,97984313964844","537,809998",4,1,2024-10-04
2024-10-04 01:00:00,"206,18150329589844","537,070007",4,1,2024-10-04
2024-10-04 02:00:00,"203,29837036132812","539,530029",4,1,2024-10-04
2024-10-04 03:00:00,"206,28695678710938","575,109985",4,1,2024-10-04
2024-10-04 04:00:00,"231,10433959960938","768,299988",4,1,2024-10-04
2024-10-04 05:00:00,"270,0821533203125","943,890015",4,1,2024-10-04
2024-10-04 06:00:00,"318,8717346191406","1054,890015",4,1,2024-10-04
2024-10-04 07:00:00,"371,6125183105469","867,289978",4,1,2024-10-04
2024-10-04 08:00:00,"318,0794677734375","746,599976",4,1,2024-10-04
2024-10-04 09:00:00,"301,54901123046875","634,039978",4,1,2024-10-04
2024-10-04 10:00:00,"301,6564025878906","559,969971",4,1,2024-10-04
2024-10-04 11:00:00,"293,6398620605469","548,179993",4,1,2024-10-04
2024-10-04 12:00:00,"275,2678527832031","565,559998",4,1,2024-10-04
2024-10-04 13:00:00,"271,9957580566406","589,799988",4,1,2024-10-04
2024-10-04 14:00:00,"309,2906799316406","669,840027",4,1,2024-10-04
2024-10-04 15:00:00,"346,3153381347656","798,890015",4,1,2024-10-04
2024-10-04 16:00:00,"369,3451843261719","984,400024",4,1,2024-10-04
2024-10-04 17:00:00,"347,0433349609375","1111,579956",4,1,2024-10-04
2024-10-04 18:00:00,"330,00164794921875","922,710022",4,1,2024-10-04
2024-10-04 19:00:00,"266,0845947265625","745,179993",4,1,2024-10-04
2024-10-04 20:00:00,"259,8557434082031","745,179993",4,1,2024-10-04
2024-10-04 21:00:00,"257,27203369140625","671,330017",4,1,2024-10-04
2024-10-04 22:00:00,"232,4840545654297","694,340027",4,1,2024-10-04
2024-10-04 23:00:00,"206,09140014648438","631,23999",4,1,2024-10-04
2024-10-05 00:00:00,"179,7082977294922","607,080017",4,1,2024-10-05
2024-10-05 01:00:00,"170,55209350585938","563,380005",4,1,2024-10-05
2024-10-05 02:00:00,"175,04652404785156","564,719971",4,1,2024-10-05
2024-10-05 03:00:00,"172,63938903808594","595,299988",4,1,2024-10-05
2024-10-05 04:00:00,"181,78004455566406","642,880005",4,1,2024-10-05
2024-10-05 05:00:00,"200,25955200195312","748,780029",4,1,2024-10-05
2024-10-05 06:00:00,"233,1349334716797","825,0",4,1,2024-10-05
2024-10-05 07:00:00,"248,62506103515625","768,169983",4,1,2024-10-05
2024-10-05 08:00:00,"306,5473937988281","614,690002",4,1,2024-10-05
2024-10-05 09:00:00,"297,7138366699219","509,160004",4,1,2024-10-05
2024-10-05 10:00:00,"293,93310546875","383,640015",4,1,2024-10-05
2024-10-05 11:00:00,"289,56182861328125","289,970001",4,1,2024-10-05
2024-10-05 12:00:00,"302,1026916503906","324,350006",4,1,2024-10-05
2024-10-05 13:00:00,"347,87127685546875","469,26001",4,1,2024-10-05
2024-10-05 14:00:00,"397,9648132324219","575,159973",4,1,2024-10-05
2024-10-05 15:00:00,"448,39459228515625","741,919983",4,1,2024-10-05
2024-10-05 16:00:00,"534,2797241210938","1108,630005",4,1,2024-10-05
2024-10-05 17:00:00,"566,009521484375","1068,579956",4,1,2024-10-05
2024-10-05 18:00:00,"500,990234375","799,719971",4,1,2024-10-05
2024-10-05 19:00:00,"440,12225341796875","720,140015",4,1,2024-10-05
2024-10-05 20:00:00,"371,1361389160156","635,640015",4,1,2024-10-05
2024-10-05 21:00:00,"322,5610656738281","499,690002",4,1,2024-10-05
2024-10-05 22:00:00,"279,0890808105469","486,98999",4,1,2024-10-05
2024-10-05 23:00:00,"273,1678771972656","452,100006",4,1,2024-10-05
2024-10-06 00:00:00,"233,29415893554688","440,549988",4,1,2024-10-06
2024-10-06 01:00:00,"235,09634399414062","433,320007",4,1,2024-10-06
2024-10-06 02:00:00,"234,2066650390625","424,369995",4,1,2024-10-06
2024-10-06 03:00:00,"227,7834014892578","433,320007",4,1,2024-10-06
2024-10-06 04:00:00,"234,13609313964844","431,829987",4,1,2024-10-06
2024-10-06 05:00:00,"240,3828125","524,929993",4,1,2024-10-06
2024-10-06 06:00:00,"269,0463562011719","575,469971",4,1,2024-10-06
2024-10-06 07:00:00,"298,754150390625","492,429993",4,1,2024-10-06
2024-10-06 08:00:00,"298,0411376953125","193,960007",4,1,2024-10-06
2024-10-06 09:00:00,"292,60260009765625","126,720001",4,1,2024-10-06
2024-10-06 10:00:00,"292,0302734375","105,849998",4,1,2024-10-06
2024-10-06 11:00:00,"276,826416015625","93,330002",4,1,2024-10-06
2024-10-06 12:00:00,"280,403076171875","113,900002",4,1,2024-10-06
2024-10-06 13:00:00,"272,7002868652344","139,539993",4,1,2024-10-06
2024-10-06 14:00:00,"303,56304931640625","202,759995",4,1,2024-10-06
2024-10-06 15:00:00,"312,6357116699219","677,890015",4,1,2024-10-06
2024-10-06 16:00:00,"305,9032897949219","792,390015",4,1,2024-10-06
2024-10-06 17:00:00,"271,14874267578125","724,710022",4,1,2024-10-06
2024-10-06 18:00:00,"244,6997833251953","544,01001",4,1,2024-10-06
2024-10-06 19:00:00,"224,4683837890625","442,559998",4,1,2024-10-06
2024-10-06 20:00:00,"212,78749084472656","437,48999",4,1,2024-10-06
2024-10-06 21:00:00,"209,13162231445312","385,459991",4,1,2024-10-06
2024-10-06 22:00:00,"196,8624267578125","257,769989",4,1,2024-10-06
2024-10-06 23:00:00,"200,8063201904297","263,429993",4,1,2024-10-06
2024-10-07 00:00:00,"195,4342498779297","247,850006",4,2,2024-10-07
2024-10-07 01:00:00,"192,9628448486328","224,75",4,2,2024-10-07
2024-10-07 02:00:00,"192,5299530029297","260,529999",4,2,2024-10-07
2024-10-07 03:00:00,"197,12564086914062","291,910004",4,2,2024-10-07
2024-10-07 04:00:00,"202,32470703125","335,369995",4,2,2024-10-07
2024-10-07 05:00:00,"253,98797607421875","378,299988",4,2,2024-10-07
2024-10-07 06:00:00,"289,8006286621094","414,089996",4,2,2024-10-07
2024-10-07 07:00:00,"301,93255615234375","383,75",4,2,2024-10-07
2024-10-07 08:00:00,"309,74090576171875","372,420013",4,2,2024-10-07
2024-10-07 09:00:00,"313,5757141113281","356,309998",4,2,2024-10-07
2024-10-07 10:00:00,"304,530029296875","340,880005",4,2,2024-10-07
2024-10-07 11:00:00,"293,84576416015625","322,019989",4,2,2024-10-07
2024-10-07 12:00:00,"291,8874816894531","358,399994",4,2,2024-10-07
2024-10-07 13:00:00,"302,6106262207031","458,070007",4,2,2024-10-07
2024-10-07 14:00:00,"335,1729736328125","661,869995",4,2,2024-10-07
2024-10-07 15:00:00,"364,64227294921875","873,640015",4,2,2024-10-07
2024-10-07 16:00:00,"408,9211120605469","1405,060059",4,2,2024-10-07
2024-10-07 17:00:00,"393,77996826171875","1405,359985",4,2,2024-10-07
2024-10-07 18:00:00,"372,58038330078125","909,27002",4,2,2024-10-07
2024-10-07 19:00:00,"338,5797424316406","744,909973",4,2,2024-10-07
2024-10-07 20:00:00,"317,0898742675781","685,119995",4,2,2024-10-07
2024-10-07 21:00:00,"298,79669189453125","589,780029",4,2,2024-10-07
2024-10-07 22:00:00,"289,308837890625","539,340027",4,2,2024-10-07
2024-10-07 23:00:00,"287,3826599121094","500,119995",4,2,2024-10-07
2024-10-08 00:00:00,"264,6934509277344","477,149994",4,2,2024-10-08
2024-10-08 01:00:00,"263,8876647949219","444,940002",4,2,2024-10-08
2024-10-08 02:00:00,"262,0475769042969","445,089996",4,2,2024-10-08
2024-10-08 03:00:00,"267,5962829589844","502,799988",4,2,2024-10-08
2024-10-08 04:00:00,"297,0201416015625","641,049988",4,2,2024-10-08
2024-10-08 05:00:00,"328,2590637207031","822,98999",4,2,2024-10-08
2024-10-08 06:00:00,"377,9471435546875","792,200012",4,2,2024-10-08
2024-10-08 07:00:00,"424,6339111328125","633,820007",4,2,2024-10-08
2024-10-08 08:00:00,"434,51226806640625","598,98999",4,2,2024-10-08
2024-10-08 09:00:00,"441,70648193359375","547,469971",4,2,2024-10-08
2024-10-08 10:00:00,"420,71221923828125","495,940002",4,2,2024-10-08
2024-10-08 11:00:00,"424,4630432128906","529,200012",4,2,2024-10-08
2024-10-08 12:00:00,"394,4446716308594","565,140015",4,2,2024-10-08
2024-10-08 13:00:00,"394,8976135253906","578,119995",4,2,2024-10-08
2024-10-08 14:00:00,"536,3718872070312","754,539978",4,2,2024-10-08
2024-10-08 15:00:00,"586,3099975585938","942,080017",4,2,2024-10-08
2024-10-08 16:00:00,"601,153076171875","1168,97998",4,2,2024-10-08
2024-10-08 17:00:00,"555,3196411132812","1254,209961",4,2,2024-10-08
2024-10-08 18:00:00,"498,0823669433594","853,119995",4,2,2024-10-08
2024-10-08 19:00:00,"448,705078125","707,640015",4,2,2024-10-08
2024-10-08 20:00:00,"413,0713806152344","645,75",4,2,2024-10-08
2024-10-08 21:00:00,"377,3871154785156","504,070007",4,2,2024-10-08
2024-10-08 22:00:00,"366,6891784667969","461,859985",4,2,2024-10-08
2024-10-08 23:00:00,"353,5635986328125","447,459991",4,2,2024-10-08
2024-10-09 00:00:00,"346,1351623535156","428,670013",4,2,2024-10-09
2024-10-09 01:00:00,"359,10284423828125","405,100006",4,2,2024-10-09
2024-10-09 02:00:00,"358,9439392089844","427,480011",4,2,2024-10-09
2024-10-09 03:00:00,"348,2924499511719","476,329987",4,2,2024-10-09
2024-10-09 04:00:00,"361,1091003417969","646,590027",4,2,2024-10-09
2024-10-09 05:00:00,"403,5127868652344","829,22998",4,2,2024-10-09
2024-10-09 06:00:00,"459,9890441894531","827,659973",4,2,2024-10-09
2024-10-09 07:00:00,"572,2139282226562","648,820007",4,2,2024-10-09
2024-10-09 08:00:00,"592,9971923828125","537,630005",4,2,2024-10-09
2024-10-09 09:00:00,"613,1355590820312","446,720001",4,2,2024-10-09
2024-10-09 10:00:00,"581,1195678710938","445,970001",4,2,2024-10-09
2024-10-09 11:00:00,"588,6644897460938","446,350006",4,2,2024-10-09
2024-10-09 12:00:00,"555,4177856445312","504,369995",4,2,2024-10-09
2024-10-09 13:00:00,"575,6903076171875","575,51001",4,2,2024-10-09
2024-10-09 14:00:00,"607,3201904296875","708,48999",4,2,2024-10-09
2024-10-09 15:00:00,"622,7506713867188","875,909973",4,2,2024-10-09
2024-10-09 16:00:00,"646,287109375","913,799988",4,2,2024-10-09
2024-10-09 17:00:00,"606,0280151367188","948,030029",4,2,2024-10-09
2024-10-09 18:00:00,"568,693115234375","828,179993",4,2,2024-10-09
2024-10-09 19:00:00,"509,9172058105469","714,450012",4,2,2024-10-09
2024-10-09 20:00:00,"387,9409484863281","709,22998",4,2,2024-10-09
2024-10-09 21:00:00,"364,9331359863281","614,070007",4,2,2024-10-09
2024-10-09 22:00:00,"335,86859130859375","456,399994",4,2,2024-10-09
2024-10-09 23:00:00,"322,33587646484375","349,73999",4,2,2024-10-09
2024-10-10 00:00:00,"294,7041320800781","281,559998",4,2,2024-10-10
2024-10-10 01:00:00,"277,28448486328125","238,679993",4,2,2024-10-10
2024-10-10 02:00:00,"257,7702331542969","221,070007",4,2,2024-10-10
2024-10-10 03:00:00,"266,98358154296875","295,359985",4,2,2024-10-10
2024-10-10 04:00:00,"298,35687255859375","463,179993",4,2,2024-10-10
2024-10-10 05:00:00,"358,48663330078125","633,23999",4,2,2024-10-10
2024-10-10 06:00:00,"396,9280700683594","600,119995",4,2,2024-10-10
2024-10-10 07:00:00,"438,9936828613281","503,459991",4,2,2024-10-10
2024-10-10 08:00:00,"429,3659362792969","387,920013",4,2,2024-10-10
2024-10-10 09:00:00,"400,7978515625","290,369995",4,2,2024-10-10
2024-10-10 10:00:00,"366,8345642089844","163,270004",4,2,2024-10-10
2024-10-10 11:00:00,"344,8685607910156","118,889999",4,2,2024-10-10
2024-10-10 12:00:00,"375,9881286621094","149,25",4,2,2024-10-10
2024-10-10 13:00:00,"402,5123291015625","277,309998",4,2,2024-10-10
2024-10-10 14:00:00,"471,63629150390625","277,309998",4,2,2024-10-10
2024-10-10 15:00:00,"452,5752258300781","285,140015",4,2,2024-10-10
2024-10-10 16:00:00,"487,326904296875","294,470001",4,2,2024-10-10
2024-10-10 17:00:00,"436,0247802734375","288,200012",4,2,2024-10-10
2024-10-10 18:00:00,"409,3258361816406","274,630005",4,2,2024-10-10
2024-10-10 19:00:00,"349,47332763671875","186,759995",4,2,2024-10-10
2024-10-10 20:00:00,"316,5909423828125","100,540001",4,2,2024-10-10
2024-10-10 21:00:00,"296,72552490234375","24,540001",4,2,2024-10-10
2024-10-10 22:00:00,"253,5063018798828","24,389999",4,2,2024-10-10
2024-10-10 23:00:00,"240,09353637695312","24,389999",4,2,2024-10-10
2024-10-11 00:00:00,"208,80728149414062","24,459999",4,2,2024-10-11
2024-10-11 01:00:00,"195,87939453125","24,389999",4,2,2024-10-11
2024-10-11 02:00:00,"189,60655212402344","24,389999",4,2,2024-10-11
2024-10-11 03:00:00,"195,606689453125","24,459999",4,2,2024-10-11
2024-10-11 04:00:00,"213,1485595703125","252,839996",4,2,2024-10-11
2024-10-11 05:00:00,"269,5857238769531","439,230011",4,2,2024-10-11
2024-10-11 06:00:00,"323,70263671875","593,919983",4,2,2024-10-11
2024-10-11 07:00:00,"365,75506591796875","400,670013",4,2,2024-10-11
2024-10-11 08:00:00,"322,99560546875","367,859985",4,2,2024-10-11
2024-10-11 09:00:00,"292,97705078125","183,929993",4,2,2024-10-11
2024-10-11 10:00:00,"285,33148193359375","156,929993",4,2,2024-10-11
2024-10-11 11:00:00,"277,5152282714844","252,990005",4,2,2024-10-11
2024-10-11 12:00:00,"258,2731628417969","251,949997",4,2,2024-10-11
2024-10-11 13:00:00,"278,3869934082031","298,119995",4,2,2024-10-11
2024-10-11 14:00:00,"314,2408752441406","298,859985",4,2,2024-10-11
2024-10-11 15:00:00,"347,27813720703125","496,660004",4,2,2024-10-11
2024-10-11 16:00:00,"369,3284912109375","939,330017",4,2,2024-10-11
2024-10-11 17:00:00,"339,84423828125","1208,060059",4,2,2024-10-11
2024-10-11 18:00:00,"303,1021423339844","895,02002",4,2,2024-10-11
2024-10-11 19:00:00,"239,63540649414062","744,289978",4,2,2024-10-11
2024-10-11 20:00:00,"242,6188201904297","733,98999",4,2,2024-10-11
2024-10-11 21:00:00,"237,2037811279297","655,080017",4,2,2024-10-11
2024-10-11 22:00:00,"225,215576171875","672,190002",4,2,2024-10-11
2024-10-11 23:00:00,"201,5287628173828","592,580017",4,2,2024-10-11
2024-10-12 00:00:00,"167,26870727539062","563,929993",4,2,2024-10-12
2024-10-12 01:00:00,"158,41847229003906","559,75",4,2,2024-10-12
2024-10-12 02:00:00,"152,76229858398438","536,619995",4,2,2024-10-12
2024-10-12 03:00:00,"150,27088928222656","506,619995",4,2,2024-10-12
2024-10-12 04:00:00,"163,70199584960938","534,460022",4,2,2024-10-12
2024-10-12 05:00:00,"193,15069580078125","400,149994",4,2,2024-10-12
2024-10-12 06:00:00,"221,6296844482422","378,359985",4,2,2024-10-12
2024-10-12 07:00:00,"239,60606384277344","310,910004",4,2,2024-10-12
2024-10-12 08:00:00,"300,619873046875","263,390015",4,2,2024-10-12
2024-10-12 09:00:00,"279,45672607421875","255,770004",4,2,2024-10-12
2024-10-12 10:00:00,"271,6087341308594","184,970001",4,2,2024-10-12
2024-10-12 11:00:00,"271,0216064453125","106,919998",4,2,2024-10-12
2024-10-12 12:00:00,"286,8376770019531","174,149994",4,2,2024-10-12
2024-10-12 13:00:00,"316,2852783203125","263,459991",4,2,2024-10-12
2024-10-12 14:00:00,"387,15386962890625","218,990005",4,2,2024-10-12
2024-10-12 15:00:00,"434,0702209472656","423,799988",4,2,2024-10-12
2024-10-12 16:00:00,"508,445556640625","361,950012",4,2,2024-10-12
2024-10-12 17:00:00,"526,4287109375","299,049988",4,2,2024-10-12
2024-10-12 18:00:00,"462,98883056640625","207,429993",4,2,2024-10-12
2024-10-12 19:00:00,"414,2080993652344","134,899994",4,2,2024-10-12
2024-10-12 20:00:00,"339,3636474609375","102,220001",4,2,2024-10-12
2024-10-12 21:00:00,"287,2498779296875","41,779999",4,2,2024-10-12
2024-10-12 22:00:00,"257,9588317871094","0,0",4,2,2024-10-12
2024-10-12 23:00:00,"244,99484252929688","-0,07",4,2,2024-10-12
2024-10-13 00:00:00,"222,64918518066406","-0,52",4,2,2024-10-13
2024-10-13 01:00:00,"218,1815948486328","-2,76",4,2,2024-10-13
2024-10-13 02:00:00,"223,78713989257812","-3,81",4,2,2024-10-13
2024-10-13 03:00:00,"226,9063262939453","-0,67",4,2,2024-10-13
2024-10-13 04:00:00,"233,92689514160156","-0,07",4,2,2024-10-13
2024-10-13 05:00:00,"250,3528594970703","0,15",4,2,2024-10-13
2024-10-13 06:00:00,"270,2137145996094","20,52",4,2,2024-10-13
2024-10-13 07:00:00,"303,1406555175781","29,1",4,2,2024-10-13
2024-10-13 08:00:00,"298,3749694824219","36,630001",4,2,2024-10-13
2024-10-13 09:00:00,"290,8269348144531","46,330002",4,2,2024-10-13
2024-10-13 10:00:00,"292,72406005859375","47,599998",4,2,2024-10-13
2024-10-13 11:00:00,"282,7364196777344","52,970001",4,2,2024-10-13
2024-10-13 12:00:00,"278,80377197265625","59,09",4,2,2024-10-13
2024-10-13 13:00:00,"271,9301452636719","94,610001",4,2,2024-10-13
2024-10-13 14:00:00,"304,47967529296875","118,260002",4,2,2024-10-13
2024-10-13 15:00:00,"310,7440490722656","156,240005",4,2,2024-10-13
2024-10-13 16:00:00,"308,42987060546875","260,920013",4,2,2024-10-13
2024-10-13 17:00:00,"272,9853820800781","373,799988",4,2,2024-10-13
2024-10-13 18:00:00,"244,1704559326172","294,790009",4,2,2024-10-13
2024-10-13 19:00:00,"211,6212921142578","286,730011",4,2,2024-10-13
2024-10-13 20:00:00,"189,25462341308594","299,410004",4,2,2024-10-13
2024-10-13 21:00:00,"186,78501892089844","274,640015",4,2,2024-10-13
2024-10-13 22:00:00,"176,07069396972656","276,809998",4,2,2024-10-13
2024-10-13 23:00:00,"184,83811950683594","263,0",4,2,2024-10-13
2024-10-14 00:00:00,"194,50271606445312","262,410004",4,3,2024-10-14
2024-10-14 01:00:00,"199,49729919433594","256,359985",4,3,2024-10-14
2024-10-14 02:00:00,"209,24514770507812","293,450012",4,3,2024-10-14
2024-10-14 03:00:00,"204,82493591308594","464,079987",4,3,2024-10-14
2024-10-14 04:00:00,"209,7284698486328","736,710022",4,3,2024-10-14
2024-10-14 05:00:00,"275,1042785644531","973,900024",4,3,2024-10-14
2024-10-14 06:00:00,"325,3101806640625","1142,449951",4,3,2024-10-14
2024-10-14 07:00:00,"332,8935546875","879,960022",4,3,2024-10-14
2024-10-14 08:00:00,"325,0865783691406","753,200012",4,3,2024-10-14
2024-10-14 09:00:00,"321,6485595703125","695,599976",4,3,2024-10-14
2024-10-14 10:00:00,"308,6512756347656","643,450012",4,3,2024-10-14
2024-10-14 11:00:00,"298,6755676269531","616,289978",4,3,2024-10-14
2024-10-14 12:00:00,"294,6877746582031","553,320007",4,3,2024-10-14
2024-10-14 13:00:00,"311,9519348144531","649,710022",4,3,2024-10-14
2024-10-14 14:00:00,"340,4337463378906","789,309998",4,3,2024-10-14
2024-10-14 15:00:00,"363,5985412597656","1182,660034",4,3,2024-10-14
2024-10-14 16:00:00,"406,0373229980469","1865,280029",4,3,2024-10-14
2024-10-14 17:00:00,"392,6002502441406","1964,290039",4,3,2024-10-14
2024-10-14 18:00:00,"371,18450927734375","1178,859985",4,3,2024-10-14
2024-10-14 19:00:00,"338,15789794921875","851,460022",4,3,2024-10-14
2024-10-14 20:00:00,"317,59332275390625","743,580017",4,3,2024-10-14
2024-10-14 21:00:00,"296,7207946777344","707,309998",4,3,2024-10-14
2024-10-14 22:00:00,"290,1849670410156","680,679993",4,3,2024-10-14
2024-10-14 23:00:00,"286,94873046875","645,320007",4,3,2024-10-14
2024-10-15 00:00:00,"261,37347412109375","659,190002",4,3,2024-10-15
2024-10-15 01:00:00,"261,9257507324219","627,039978",4,3,2024-10-15
2024-10-15 02:00:00,"262,8756103515625","602,859985",4,3,2024-10-15
2024-10-15 03:00:00,"269,6463928222656","667,849976",4,3,2024-10-15
2024-10-15 04:00:00,"303,6427001953125","854,530029",4,3,2024-10-15
2024-10-15 05:00:00,"340,0321350097656","1383,22998",4,3,2024-10-15
2024-10-15 06:00:00,"383,10198974609375","1317,719971",4,3,2024-10-15
2024-10-15 07:00:00,"428,0099182128906","824,76001",4,3,2024-10-15
2024-10-15 08:00:00,"431,22369384765625","692,02002",4,3,2024-10-15
2024-10-15 09:00:00,"437,5503234863281","619,650024",4,3,2024-10-15
2024-10-15 10:00:00,"402,0444030761719","585,47998",4,3,2024-10-15
2024-10-15 11:00:00,"404,3738708496094","535,340027",4,3,2024-10-15
2024-10-15 12:00:00,"381,3319091796875","566,299988",4,3,2024-10-15
2024-10-15 13:00:00,"390,3765563964844","621,960022",4,3,2024-10-15
2024-10-15 14:00:00,"542,078369140625","664,27002",4,3,2024-10-15
2024-10-15 15:00:00,"584,837158203125","900,48999",4,3,2024-10-15
2024-10-15 16:00:00,"597,1371459960938","1020,609985",4,3,2024-10-15
2024-10-15 17:00:00,"557,46337890625","726,049988",4,3,2024-10-15
2024-10-15 18:00:00,"499,2696228027344","568,98999",4,3,2024-10-15
2024-10-15 19:00:00,"450,1197509765625","497,290009",4,3,2024-10-15
2024-10-15 20:00:00,"411,1600036621094","445,059998",4,3,2024-10-15
2024-10-15 21:00:00,"374,1370544433594","304,269989",4,3,2024-10-15
2024-10-15 22:00:00,"363,253173828125","174,210007",4,3,2024-10-15
2024-10-15 23:00:00,"342,76153564453125","95,5",4,3,2024-10-15
2024-10-16 00:00:00,"327,21142578125","39,540001",4,3,2024-10-16
2024-10-16 01:00:00,"327,9895324707031","26,93",4,3,2024-10-16
2024-10-16 02:00:00,"333,2517395019531","24,25",4,3,2024-10-16
2024-10-16 03:00:00,"319,2763671875","61,18",4,3,2024-10-16
2024-10-16 04:00:00,"315,0742492675781","301,049988",4,3,2024-10-16
2024-10-16 05:00:00,"376,9079895019531","353,720001",4,3,2024-10-16
2024-10-16 06:00:00,"439,341064453125","406,23999",4,3,2024-10-16
2024-10-16 07:00:00,"561,6028442382812","354,76001",4,3,2024-10-16
2024-10-16 08:00:00,"587,560791015625","199,059998",4,3,2024-10-16
2024-10-16 09:00:00,"584,8185424804688","105,650002",4,3,2024-10-16
2024-10-16 10:00:00,"559,90673828125","30,51",4,3,2024-10-16
2024-10-16 11:00:00,"563,302978515625","22,01",4,3,2024-10-16
2024-10-16 12:00:00,"533,7440795898438","30,809999",4,3,2024-10-16
2024-10-16 13:00:00,"562,6466064453125","104,830002",4,3,2024-10-16
2024-10-16 14:00:00,"600,9385375976562","123,550003",4,3,2024-10-16
2024-10-16 15:00:00,"617,7133178710938","263,0",4,3,2024-10-16
2024-10-16 16:00:00,"641,6530151367188","277,470001",4,3,2024-10-16
2024-10-16 17:00:00,"599,35546875","272,470001",4,3,2024-10-16
2024-10-16 18:00:00,"546,123779296875","267,470001",4,3,2024-10-16
2024-10-16 19:00:00,"496,1634216308594","85,730003",4,3,2024-10-16
2024-10-16 20:00:00,"383,17822265625","37,830002",4,3,2024-10-16
2024-10-16 21:00:00,"367,30072021484375","37,75",4,3,2024-10-16
2024-10-16 22:00:00,"327,94097900390625","24,549999",4,3,2024-10-16
2024-10-16 23:00:00,"313,1934814453125","24,549999",4,3,2024-10-16
2024-10-17 00:00:00,"292,1085510253906","24,549999",4,3,2024-10-17
2024-10-17 01:00:00,"279,36627197265625","24,469999",4,3,2024-10-17
2024-10-17 02:00:00,"259,4203796386719","24,4",4,3,2024-10-17
2024-10-17 03:00:00,"271,3571472167969","24,469999",4,3,2024-10-17
2024-10-17 04:00:00,"299,4476013183594","261,730011",4,3,2024-10-17
2024-10-17 05:00:00,"368,2635803222656","298,660004",4,3,2024-10-17
2024-10-17 06:00:00,"400,947265625","306,790009",4,3,2024-10-17
2024-10-17 07:00:00,"430,8502502441406","301,869995",4,3,2024-10-17
2024-10-17 08:00:00,"425,9662780761719","286,940002",4,3,2024-10-17
2024-10-17 09:00:00,"383,7337951660156","287,089996",4,3,2024-10-17
2024-10-17 10:00:00,"345,0263366699219","290,670013",4,3,2024-10-17
2024-10-17 11:00:00,"329,8275451660156","305,299988",4,3,2024-10-17
2024-10-17 12:00:00,"362,4523010253906","322,980011",4,3,2024-10-17
2024-10-17 13:00:00,"397,2234191894531","474,140015",4,3,2024-10-17
2024-10-17 14:00:00,"467,04571533203125","691,469971",4,3,2024-10-17
2024-10-17 15:00:00,"457,7511291503906","893,059998",4,3,2024-10-17
2024-10-17 16:00:00,"490,5339050292969","1292,290039",4,3,2024-10-17
2024-10-17 17:00:00,"436,7463684082031","1275,810059",4,3,2024-10-17
2024-10-17 18:00:00,"409,9187927246094","876,650024",4,3,2024-10-17
2024-10-17 19:00:00,"345,199951171875","729,75",4,3,2024-10-17
2024-10-17 20:00:00,"311,327392578125","664,390015",4,3,2024-10-17
2024-10-17 21:00:00,"298,2965087890625","613,359985",4,3,2024-10-17
2024-10-17 22:00:00,"258,1246032714844","603,929993",4,3,2024-10-17
2024-10-17 23:00:00,"247,21128845214844","605,5",4,3,2024-10-17
2024-10-18 00:00:00,"215,55580139160156","617,210022",4,3,2024-10-18
2024-10-18 01:00:00,"206,87191772460938","588,190002",4,3,2024-10-18
2024-10-18 02:00:00,"202,65719604492188","605,72998",4,3,2024-10-18
2024-10-18 03:00:00,"208,43914794921875","629,22998",4,3,2024-10-18
2024-10-18 04:00:00,"236,72500610351562","737,780029",4,3,2024-10-18
2024-10-18 05:00:00,"274,7165832519531","1117,449951",4,3,2024-10-18
2024-10-18 06:00:00,"329,34564208984375","1165,640015",4,3,2024-10-18
2024-10-18 07:00:00,"356,7906494140625","828,130005",4,3,2024-10-18
2024-10-18 08:00:00,"333,2756042480469","714,429993",4,3,2024-10-18
2024-10-18 09:00:00,"314,3383483886719","636,390015",4,3,2024-10-18
2024-10-18 10:00:00,"307,28216552734375","618,929993",4,3,2024-10-18
2024-10-18 11:00:00,"293,1318664550781","598,340027",4,3,2024-10-18
2024-10-18 12:00:00,"281,7794494628906","605,72998",4,3,2024-10-18
2024-10-18 13:00:00,"277,6790466308594","629,22998",4,3,2024-10-18
2024-10-18 14:00:00,"309,859619140625","770,599976",4,3,2024-10-18
2024-10-18 15:00:00,"345,3020324707031","997,26001",4,3,2024-10-18
2024-10-18 16:00:00,"371,0771179199219","1352,459961",4,3,2024-10-18
2024-10-18 17:00:00,"342,1490783691406","1063,72998",4,3,2024-10-18
2024-10-18 18:00:00,"311,944091796875","770,309998",4,3,2024-10-18
2024-10-18 19:00:00,"249,7590789794922","722,409973",4,3,2024-10-18
2024-10-18 20:00:00,"254,46592712402344","695,77002",4,3,2024-10-18
2024-10-18 21:00:00,"249,77439880371094","638,179993",4,3,2024-10-18
2024-10-18 22:00:00,"228,43130493164062","649,27002",4,3,2024-10-18
2024-10-18 23:00:00,"201,98455810546875","619,210022",4,3,2024-10-18
2024-10-19 00:00:00,"172,8107147216797","595,940002",4,3,2024-10-19
2024-10-19 01:00:00,"161,07083129882812","561,27002",4,3,2024-10-19
2024-10-19 02:00:00,"153,38572692871094","565,809998",4,3,2024-10-19
2024-10-19 03:00:00,"160,46449279785156","572,530029",4,3,2024-10-19
2024-10-19 04:00:00,"183,1092987060547","596,619995",4,3,2024-10-19
2024-10-19 05:00:00,"193,50575256347656","685,440002",4,3,2024-10-19
2024-10-19 06:00:00,"234,8749237060547","668,659973",4,3,2024-10-19
2024-10-19 07:00:00,"253,23382568359375","630,919983",4,3,2024-10-19
2024-10-19 08:00:00,"309,25","587,669983",4,3,2024-10-19
2024-10-19 09:00:00,"305,64349365234375","546,799988",4,3,2024-10-19
2024-10-19 10:00:00,"298,9762268066406","493,399994",4,3,2024-10-19
2024-10-19 11:00:00,"300,5561218261719","454,619995",4,3,2024-10-19
2024-10-19 12:00:00,"306,4523620605469","476,470001",4,3,2024-10-19
2024-10-19 13:00:00,"341,1326904296875","589,679993",4,3,2024-10-19
2024-10-19 14:00:00,"389,2283935546875","731,52002",4,3,2024-10-19
2024-10-19 15:00:00,"446,3201904296875","813,929993",4,3,2024-10-19
2024-10-19 16:00:00,"532,2030639648438","1012,900024",4,3,2024-10-19
2024-10-19 17:00:00,"561,2862548828125","886,940002",4,3,2024-10-19
2024-10-19 18:00:00,"490,98895263671875","721,900024",4,3,2024-10-19
2024-10-19 19:00:00,"424,49273681640625","672,530029",4,3,2024-10-19
2024-10-19 20:00:00,"349,9503173828125","625,179993",4,3,2024-10-19
2024-10-19 21:00:00,"303,2886657714844","546,869995",4,3,2024-10-19
2024-10-19 22:00:00,"270,1209716796875","403,059998",4,3,2024-10-19
2024-10-19 23:00:00,"259,2106018066406","409,470001",4,3,2024-10-19
2024-10-20 00:00:00,"229,85662841796875","407,079987",4,3,2024-10-20
2024-10-20 01:00:00,"229,28048706054688","417,0",4,3,2024-10-20
2024-10-20 02:00:00,"226,71719360351562","444,450012",4,3,2024-10-20
2024-10-20 03:00:00,"224,7666473388672","241,880005",4,3,2024-10-20
2024-10-20 04:00:00,"231,46987915039062","240,389999",4,3,2024-10-20
2024-10-20 05:00:00,"238,80596923828125","291,329987",4,3,2024-10-20
2024-10-20 06:00:00,"272,5398864746094","359,950012",4,3,2024-10-20
2024-10-20 07:00:00,"301,26373291015625","341,230011",4,3,2024-10-20
2024-10-20 08:00:00,"298,87548828125","47,509998",4,3,2024-10-20
2024-10-20 09:00:00,"292,2612609863281","0,6",4,3,2024-10-20
2024-10-20 10:00:00,"294,7743225097656","0,0",4,3,2024-10-20
2024-10-20 11:00:00,"284,9609069824219","-7,31",4,3,2024-10-20
2024-10-20 12:00:00,"285,1466979980469","-14,99",4,3,2024-10-20
2024-10-20 13:00:00,"278,8044128417969","0,0",4,3,2024-10-20
2024-10-20 14:00:00,"303,15057373046875","38,040001",4,3,2024-10-20
2024-10-20 15:00:00,"309,9603271484375","413,570007",4,3,2024-10-20
2024-10-20 16:00:00,"306,01251220703125","318,25",4,3,2024-10-20
2024-10-20 17:00:00,"266,1952209472656","268,950012",4,3,2024-10-20
2024-10-20 18:00:00,"241,22369384765625","252,919998",4,3,2024-10-20
2024-10-20 19:00:00,"209,7181854248047","156,259995",4,3,2024-10-20
2024-10-20 20:00:00,"189,79949951171875","90,620003",4,3,2024-10-20
2024-10-20 21:00:00,"185,2825927734375","14,39",4,3,2024-10-20
2024-10-20 22:00:00,"168,07980346679688","-0,75",4,3,2024-10-20
2024-10-20 23:00:00,"177,0293731689453","-0,75",4,3,2024-10-20
2024-10-21 00:00:00,"79,53190612792969","-1,04",4,4,2024-10-21
2024-10-21 01:00:00,"139,104736328125","-0,6",4,4,2024-10-21
2024-10-21 02:00:00,"174,57301330566406","-0,3",4,4,2024-10-21
2024-10-21 03:00:00,"176,5458984375","24,24",4,4,2024-10-21
2024-10-21 04:00:00,"185,9918975830078","32,59",4,4,2024-10-21
2024-10-21 05:00:00,"230,91355895996094","301,170013",4,4,2024-10-21
2024-10-21 06:00:00,"294,71771240234375","292,070007",4,4,2024-10-21
2024-10-21 07:00:00,"300,1275634765625","240,160004",4,4,2024-10-21
2024-10-21 08:00:00,"311,2386779785156","215,399994",4,4,2024-10-21
2024-10-21 09:00:00,"314,1614990234375","208,690002",4,4,2024-10-21
2024-10-21 10:00:00,"303,7703857421875","188,479996",4,4,2024-10-21
2024-10-21 11:00:00,"298,1220397949219","209,729996",4,4,2024-10-21
2024-10-21 12:00:00,"299,7242126464844","168,710007",4,4,2024-10-21
2024-10-21 13:00:00,"307,59130859375","434,609985",4,4,2024-10-21
2024-10-21 14:00:00,"326,145751953125","670,289978",4,4,2024-10-21
2024-10-21 15:00:00,"350,9971618652344","969,900024",4,4,2024-10-21
2024-10-21 16:00:00,"399,8578186035156","1582,319946",4,4,2024-10-21
2024-10-21 17:00:00,"392,34613037109375","1404,810059",4,4,2024-10-21
2024-10-21 18:00:00,"362,84912109375","957,969971",4,4,2024-10-21
2024-10-21 19:00:00,"339,24395751953125","750,320007",4,4,2024-10-21
2024-10-21 20:00:00,"316,9474792480469","729,440002",4,4,2024-10-21
2024-10-21 21:00:00,"296,0765686035156","693,419983",4,4,2024-10-21
2024-10-21 22:00:00,"294,8297119140625","666,929993",4,4,2024-10-21
2024-10-21 23:00:00,"296,37945556640625","652,76001",4,4,2024-10-21
2024-10-22 00:00:00,"262,60394287109375","639,109985",4,4,2024-10-22
2024-10-22 01:00:00,"267,3008728027344","623,52002",4,4,2024-10-22
2024-10-22 02:00:00,"269,05230712890625","619,190002",4,4,2024-10-22
2024-10-22 03:00:00,"276,1947937011719","641,419983",4,4,2024-10-22
2024-10-22 04:00:00,"301,4333190917969","731,960022",4,4,2024-10-22
2024-10-22 05:00:00,"327,899658203125","1182,300049",4,4,2024-10-22
2024-10-22 06:00:00,"376,1914367675781","1268,819946",4,4,2024-10-22
2024-10-22 07:00:00,"423,7255859375","846,080017",4,4,2024-10-22
2024-10-22 08:00:00,"428,51910400390625","740,02002",4,4,2024-10-22
2024-10-22 09:00:00,"435,7320251464844","654,469971",4,4,2024-10-22
2024-10-22 10:00:00,"393,80523681640625","575,109985",4,4,2024-10-22
2024-10-22 11:00:00,"394,96923828125","528,650024",4,4,2024-10-22
2024-10-22 12:00:00,"379,0557556152344","548,409973",4,4,2024-10-22
2024-10-22 13:00:00,"392,2918701171875","649,469971",4,4,2024-10-22
2024-10-22 14:00:00,"536,2536010742188","289,380005",4,4,2024-10-22
2024-10-22 15:00:00,"590,6587524414062","759,109985",4,4,2024-10-22
2024-10-22 16:00:00,"595,4830932617188","1043,579956",4,4,2024-10-22
2024-10-22 17:00:00,"551,6134643554688","1176,560059",4,4,2024-10-22
2024-10-22 18:00:00,"458,3282165527344","850,400024",4,4,2024-10-22
2024-10-22 19:00:00,"374,5545349121094","697,72998",4,4,2024-10-22
2024-10-22 20:00:00,"338,30950927734375","713,919983",4,4,2024-10-22
2024-10-22 21:00:00,"300,92803955078125","658,950012",4,4,2024-10-22
2024-10-22 22:00:00,"312,5080871582031","561,400024",4,4,2024-10-22
2024-10-22 23:00:00,"305,77178955078125","620,690002",4,4,2024-10-22
2024-10-23 00:00:00,"310,4671325683594","611,669983",4,4,2024-10-23
2024-10-23 01:00:00,"325,87603759765625","620,539978",4,4,2024-10-23
2024-10-23 02:00:00,"314,9183044433594","639,859985",4,4,2024-10-23
2024-10-23 03:00:00,"314,5684814453125","675,950012",4,4,2024-10-23
2024-10-23 04:00:00,"330,53271484375","780,950012",4,4,2024-10-23
2024-10-23 05:00:00,"383,6185302734375","1025,329956",4,4,2024-10-23
2024-10-23 06:00:00,"456,6634826660156","1205,72998",4,4,2024-10-23
2024-10-23 07:00:00,"569,25390625","957,690002",4,4,2024-10-23
2024-10-23 08:00:00,"585,60205078125","776,330017",4,4,2024-10-23
2024-10-23 09:00:00,"600,7262573242188","693,700012",4,4,2024-10-23
2024-10-23 10:00:00,"574,0853271484375","600,929993",4,4,2024-10-23
2024-10-23 11:00:00,"575,8828735351562","574,75",4,4,2024-10-23
2024-10-23 12:00:00,"550,4270629882812","562,450012",4,4,2024-10-23
2024-10-23 13:00:00,"572,7333374023438","657,830017",4,4,2024-10-23
2024-10-23 14:00:00,"604,372802734375","696,22998",4,4,2024-10-23
2024-10-23 15:00:00,"624,343994140625","1009,669983",4,4,2024-10-23
2024-10-23 16:00:00,"636,990478515625","1479,349976",4,4,2024-10-23
2024-10-23 17:00:00,"598,5697631835938","1312,52002",4,4,2024-10-23
2024-10-23 18:00:00,"549,7200927734375","833,080017",4,4,2024-10-23
2024-10-23 19:00:00,"497,717529296875","754,849976",4,4,2024-10-23
2024-10-23 20:00:00,"381,81842041015625","767,599976",4,4,2024-10-23
2024-10-23 21:00:00,"363,7664794921875","694,73999",4,4,2024-10-23
2024-10-23 22:00:00,"335,4031982421875","647,059998",4,4,2024-10-23
2024-10-23 23:00:00,"318,3149719238281","597,460022",4,4,2024-10-23
2024-10-24 00:00:00,"294,49188232421875","582,469971",4,4,2024-10-24
2024-10-24 01:00:00,"276,7214660644531","564,349976",4,4,2024-10-24
2024-10-24 02:00:00,"258,2418518066406","532,200012",4,4,2024-10-24
2024-10-24 03:00:00,"268,3863220214844","597,909973",4,4,2024-10-24
2024-10-24 04:00:00,"297,7113342285156","748,409973",4,4,2024-10-24
2024-10-24 05:00:00,"357,9764709472656","1057,98999",4,4,2024-10-24
2024-10-24 06:00:00,"397,1484375","1233,47998",4,4,2024-10-24
2024-10-24 07:00:00,"437,3443298339844","874,820007",4,4,2024-10-24
2024-10-24 08:00:00,"428,6432189941406","760,049988",4,4,2024-10-24
2024-10-24 09:00:00,"397,1151428222656","693,969971",4,4,2024-10-24
2024-10-24 10:00:00,"361,29638671875","626,169983",4,4,2024-10-24
2024-10-24 11:00:00,"332,2646789550781","590,299988",4,4,2024-10-24
2024-10-24 12:00:00,"367,9679260253906","607,900024",4,4,2024-10-24
2024-10-24 13:00:00,"393,1620788574219","713,72998",4,4,2024-10-24
2024-10-24 14:00:00,"459,8080749511719","866,400024",4,4,2024-10-24
2024-10-24 15:00:00,"458,9072265625","921,659973",4,4,2024-10-24
2024-10-24 16:00:00,"482,34320068359375","1034,430054",4,4,2024-10-24
2024-10-24 17:00:00,"434,03155517578125","851,630005",4,4,2024-10-24
2024-10-24 18:00:00,"407,481201171875","720,52002",4,4,2024-10-24
2024-10-24 19:00:00,"344,9400634765625","698,369995",4,4,2024-10-24
2024-10-24 20:00:00,"310,81671142578125","670,47998",4,4,2024-10-24
2024-10-24 21:00:00,"299,39501953125","623,559998",4,4,2024-10-24
2024-10-24 22:00:00,"258,05548095703125","615,460022",4,4,2024-10-24
2024-10-24 23:00:00,"241,7943878173828","612,25",4,4,2024-10-24
2024-10-25 00:00:00,"214,77340698242188","594,48999",4,4,2024-10-25
2024-10-25 01:00:00,"205,31590270996094","616,200012",4,4,2024-10-25
2024-10-25 02:00:00,"202,29420471191406","630,150024",4,4,2024-10-25
2024-10-25 03:00:00,"206,40176391601562","705,650024",4,4,2024-10-25
2024-10-25 04:00:00,"228,80760192871094","812,700012",4,4,2024-10-25
2024-10-25 05:00:00,"267,9214782714844","923,190002",4,4,2024-10-25
2024-10-25 06:00:00,"322,351806640625","1123,410034",4,4,2024-10-25
2024-10-25 07:00:00,"363,2135925292969","913,340027",4,4,2024-10-25
2024-10-25 08:00:00,"333,3071594238281","806,809998",4,4,2024-10-25
2024-10-25 09:00:00,"314,2181091308594","700,5",4,4,2024-10-25
2024-10-25 10:00:00,"307,463134765625","604,859985",4,4,2024-10-25
2024-10-25 11:00:00,"284,5646667480469","583,22998",4,4,2024-10-25
2024-10-25 12:00:00,"272,0396423339844","615,22998",4,4,2024-10-25
2024-10-25 13:00:00,"273,2354736328125","741,01001",4,4,2024-10-25
2024-10-25 14:00:00,"310,1308898925781","880,51001",4,4,2024-10-25
2024-10-25 15:00:00,"345,7186584472656","1184,140015",4,4,2024-10-25
2024-10-25 16:00:00,"362,3773193359375","1695,829956",4,4,2024-10-25
2024-10-25 17:00:00,"343,1641845703125","1379,0",4,4,2024-10-25
2024-10-25 18:00:00,"327,5411071777344","924,01001",4,4,2024-10-25
2024-10-25 19:00:00,"264,9830322265625","867,530029",4,4,2024-10-25
2024-10-25 20:00:00,"260,15570068359375","850,150024",4,4,2024-10-25
2024-10-25 21:00:00,"257,09954833984375","801,210022",4,4,2024-10-25
2024-10-25 22:00:00,"232,2156982421875","860,150024",4,4,2024-10-25
2024-10-25 23:00:00,"206,15380859375","818,0",4,4,2024-10-25
2024-10-26 00:00:00,"179,13462829589844","797,929993",4,4,2024-10-26
2024-10-26 01:00:00,"169,7314910888672","804,200012",4,4,2024-10-26
2024-10-26 02:00:00,"174,7080535888672","788,599976",4,4,2024-10-26
2024-10-26 03:00:00,"175,9326934814453","796,960022",4,4,2024-10-26
2024-10-26 04:00:00,"179,82070922851562","850,0",4,4,2024-10-26
2024-10-26 05:00:00,"194,2587890625","937,890015",4,4,2024-10-26
2024-10-26 06:00:00,"244,1206512451172","940,059998",4,4,2024-10-26
2024-10-26 07:00:00,"257,7418212890625","877,159973",4,4,2024-10-26
2024-10-26 08:00:00,"314,5419006347656","756,450012",4,4,2024-10-26
2024-10-26 09:00:00,"302,34259033203125","607,900024",4,4,2024-10-26
2024-10-26 10:00:00,"297,79632568359375","509,940002",4,4,2024-10-26
2024-10-26 11:00:00,"295,83734130859375","472,269989",4,4,2024-10-26
2024-10-26 12:00:00,"301,9295959472656","481,589996",4,4,2024-10-26
2024-10-26 13:00:00,"349,0863037109375","607,599976",4,4,2024-10-26
2024-10-26 14:00:00,"397,412353515625","750,549988",4,4,2024-10-26
2024-10-26 15:00:00,"446,65521240234375","938,039978",4,4,2024-10-26
2024-10-26 16:00:00,"521,8665771484375","1125,829956",4,4,2024-10-26
2024-10-26 17:00:00,"553,7669067382812","885,890015",4,4,2024-10-26
2024-10-26 18:00:00,"501,26171875","719,809998",4,4,2024-10-26
2024-10-26 19:00:00,"432,2820129394531","662,219971",4,4,2024-10-26
2024-10-26 20:00:00,"363,5799255371094","652,820007",4,4,2024-10-26
2024-10-26 21:00:00,"313,7693786621094","571,719971",4,4,2024-10-26
2024-10-26 22:00:00,"272,4429931640625","688,119995",4,4,2024-10-26
2024-10-26 23:00:00,"260,166015625","626,780029",4,4,2024-10-26
2024-10-27 00:00:00,"231,3263702392578","613,570007",4,4,2024-10-27
2024-10-27 01:00:00,"227,6655731201172","600,140015",4,4,2024-10-27
2024-10-27 02:00:00,"226,54200744628906","592,530029",4,4,2024-10-27
2024-10-27 03:00:00,"224,51531982421875","587,900024",4,4,2024-10-27
2024-10-27 04:00:00,"231,9302520751953","635,289978",4,4,2024-10-27
2024-10-27 05:00:00,"236,10491943359375","665,659973",4,4,2024-10-27
2024-10-27 06:00:00,"270,2362365722656","657,0",4,4,2024-10-27
2024-10-27 07:00:00,"300,9580383300781","629,320007",4,4,2024-10-27
2024-10-27 08:00:00,"302,3333435058594","496,049988",4,4,2024-10-27
2024-10-27 09:00:00,"295,5909729003906","408,299988",4,4,2024-10-27
2024-10-27 10:00:00,"298,49298095703125","317,119995",4,4,2024-10-27
2024-10-27 11:00:00,"291,9345397949219","298,390015",4,4,2024-10-27
2024-10-27 12:00:00,"286,5793762207031","298,470001",4,4,2024-10-27
2024-10-27 13:00:00,"279,1896667480469","480,01001",4,4,2024-10-27
2024-10-27 14:00:00,"301,8851623535156","753,109985",4,4,2024-10-27
2024-10-27 15:00:00,"311,78057861328125","878,97998",4,4,2024-10-27
2024-10-27 16:00:00,"298,4583435058594","1106,569946",4,4,2024-10-27
2024-10-27 17:00:00,"268,1790466308594","1087,23999",4,4,2024-10-27
2024-10-27 18:00:00,"241,91696166992188","973,52002",4,4,2024-10-27
2024-10-27 19:00:00,"225,6471710205078","881,299988",4,4,2024-10-27
2024-10-27 20:00:00,"211,6707763671875","831,159973",4,4,2024-10-27
2024-10-27 21:00:00,"208,28427124023438","820,48999",4,4,2024-10-27
2024-10-27 22:00:00,"201,83340454101562","651,109985",4,4,2024-10-27
2024-10-27 23:00:00,"207,66159057617188","713,340027",4,4,2024-10-27
