Time,Prediction,DKPrice,fold,week,Date
2024-01-01 00:00:00,"215,1916046142578","212,160004",1,1,2024-01-01
2024-01-01 01:00:00,"200,68179321289062","198,740005",1,1,2024-01-01
2024-01-01 02:00:00,"198,35890197753906","182,490005",1,1,2024-01-01
2024-01-01 03:00:00,"200,4312744140625","178,990005",1,1,2024-01-01
2024-01-01 04:00:00,"227,93515014648438","118,379997",1,1,2024-01-01
2024-01-01 05:00:00,"303,4151916503906","118,309998",1,1,2024-01-01
2024-01-01 06:00:00,"380,5681457519531","164,300003",1,1,2024-01-01
2024-01-01 07:00:00,"433,708740234375","189,5",1,1,2024-01-01
2024-01-01 08:00:00,"440,811767578125","240,119995",1,1,2024-01-01
2024-01-01 09:00:00,"431,89434814453125","308,179993",1,1,2024-01-01
2024-01-01 10:00:00,"421,731689453125","324,359985",1,1,2024-01-01
2024-01-01 11:00:00,"372,3346862792969","320,700012",1,1,2024-01-01
2024-01-01 12:00:00,"360,7674865722656","330,170013",1,1,2024-01-01
2024-01-01 13:00:00,"395,1058044433594","344,709991",1,1,2024-01-01
2024-01-01 14:00:00,"437,4148254394531","377,290009",1,1,2024-01-01
2024-01-01 15:00:00,"477,5941467285156","443,329987",1,1,2024-01-01
2024-01-01 16:00:00,"540,2310791015625","484,480011",1,1,2024-01-01
2024-01-01 17:00:00,"553,1870727539062","460,26001",1,1,2024-01-01
2024-01-01 18:00:00,"518,75341796875","410,529999",1,1,2024-01-01
2024-01-01 19:00:00,"434,529052734375","357,899994",1,1,2024-01-01
2024-01-01 20:00:00,"395,9721984863281","328,079987",1,1,2024-01-01
2024-01-01 21:00:00,"345,6007995605469","336,959991",1,1,2024-01-01
2024-01-01 22:00:00,"328,1729431152344","283,279999",1,1,2024-01-01
2024-01-01 23:00:00,"336,3362731933594","283,279999",1,1,2024-01-01
2024-01-02 00:00:00,"324,7079772949219","250,179993",1,1,2024-01-02
2024-01-02 01:00:00,"306,90283203125","238,779999",1,1,2024-01-02
2024-01-02 02:00:00,"316,5867004394531","240,710007",1,1,2024-01-02
2024-01-02 03:00:00,"326,9611511230469","273,589996",1,1,2024-01-02
2024-01-02 04:00:00,"337,013427734375","311,01001",1,1,2024-01-02
2024-01-02 05:00:00,"426,94000244140625","366,630005",1,1,2024-01-02
2024-01-02 06:00:00,"489,59539794921875","437,970001",1,1,2024-01-02
2024-01-02 07:00:00,"582,377197265625","489,549988",1,1,2024-01-02
2024-01-02 08:00:00,"569,8706665039062","492,829987",1,1,2024-01-02
2024-01-02 09:00:00,"561,7725830078125","514,22998",1,1,2024-01-02
2024-01-02 10:00:00,"526,8603515625","548,219971",1,1,2024-01-02
2024-01-02 11:00:00,"520,7025146484375","582,659973",1,1,2024-01-02
2024-01-02 12:00:00,"512,8718872070312","587,960022",1,1,2024-01-02
2024-01-02 13:00:00,"530,25830078125","590,719971",1,1,2024-01-02
2024-01-02 14:00:00,"667,2147216796875","596,080017",1,1,2024-01-02
2024-01-02 15:00:00,"709,5690307617188","607,26001",1,1,2024-01-02
2024-01-02 16:00:00,"719,7261352539062","603,23999",1,1,2024-01-02
2024-01-02 17:00:00,"673,7022094726562","558,72998",1,1,2024-01-02
2024-01-02 18:00:00,"524,98193359375","470,98999",1,1,2024-01-02
2024-01-02 19:00:00,"405,6778869628906","425,73999",1,1,2024-01-02
2024-01-02 20:00:00,"349,0897521972656","358,130005",1,1,2024-01-02
2024-01-02 21:00:00,"308,9378356933594","298,190002",1,1,2024-01-02
2024-01-02 22:00:00,"293,3185729980469","223,639999",1,1,2024-01-02
2024-01-02 23:00:00,"292,99139404296875","149,100006",1,1,2024-01-02
2024-01-03 00:00:00,"269,7159729003906","118,309998",1,1,2024-01-03
2024-01-03 01:00:00,"267,1792907714844","118,389999",1,1,2024-01-03
2024-01-03 02:00:00,"274,0078430175781","118,389999",1,1,2024-01-03
2024-01-03 03:00:00,"257,77801513671875","118,830002",1,1,2024-01-03
2024-01-03 04:00:00,"299,77337646484375","149,399994",1,1,2024-01-03
2024-01-03 05:00:00,"383,27630615234375","368,579987",1,1,2024-01-03
2024-01-03 06:00:00,"504,1830749511719","399,070007",1,1,2024-01-03
2024-01-03 07:00:00,"655,451171875","473,25",1,1,2024-01-03
2024-01-03 08:00:00,"663,6618041992188","484,51001",1,1,2024-01-03
2024-01-03 09:00:00,"683,6707763671875","448,720001",1,1,2024-01-03
2024-01-03 10:00:00,"681,4478149414062","447,01001",1,1,2024-01-03
2024-01-03 11:00:00,"674,7940673828125","445,820007",1,1,2024-01-03
2024-01-03 12:00:00,"625,94677734375","438,809998",1,1,2024-01-03
2024-01-03 13:00:00,"627,8351440429688","484,51001",1,1,2024-01-03
2024-01-03 14:00:00,"654,4678955078125","513,140015",1,1,2024-01-03
2024-01-03 15:00:00,"652,9920654296875","548,619995",1,1,2024-01-03
2024-01-03 16:00:00,"680,4124145507812","613,409973",1,1,2024-01-03
2024-01-03 17:00:00,"661,0885009765625","618,549988",1,1,2024-01-03
2024-01-03 18:00:00,"584,6512451171875","589,179993",1,1,2024-01-03
2024-01-03 19:00:00,"537,10498046875","545,940002",1,1,2024-01-03
2024-01-03 20:00:00,"474,64483642578125","502,549988",1,1,2024-01-03
2024-01-03 21:00:00,"422,30999755859375","484,579987",1,1,2024-01-03
2024-01-03 22:00:00,"378,18670654296875","433,290009",1,1,2024-01-03
2024-01-03 23:00:00,"360,2210693359375","437,850006",1,1,2024-01-03
2024-01-04 00:00:00,"352,0664978027344","399,73999",1,1,2024-01-04
2024-01-04 01:00:00,"337,3611145019531","406,0",1,1,2024-01-04
2024-01-04 02:00:00,"313,7578430175781","411,519989",1,1,2024-01-04
2024-01-04 03:00:00,"337,9762878417969","434,420013",1,1,2024-01-04
2024-01-04 04:00:00,"360,6750183105469","441,130005",1,1,2024-01-04
2024-01-04 05:00:00,"412,4842834472656","541,809998",1,1,2024-01-04
2024-01-04 06:00:00,"510,0873107910156","634,059998",1,1,2024-01-04
2024-01-04 07:00:00,"565,8036499023438","682,169983",1,1,2024-01-04
2024-01-04 08:00:00,"541,510986328125","702,530029",1,1,2024-01-04
2024-01-04 09:00:00,"545,0459594726562","685,969971",1,1,2024-01-04
2024-01-04 10:00:00,"492,1549072265625","674,190002",1,1,2024-01-04
2024-01-04 11:00:00,"462,80615234375","646,52002",1,1,2024-01-04
2024-01-04 12:00:00,"499,3369445800781","641,070007",1,1,2024-01-04
2024-01-04 13:00:00,"543,8408813476562","686,940002",1,1,2024-01-04
2024-01-04 14:00:00,"637,460205078125","735,48999",1,1,2024-01-04
2024-01-04 15:00:00,"650,7637329101562","788,51001",1,1,2024-01-04
2024-01-04 16:00:00,"650,3773803710938","993,599976",1,1,2024-01-04
2024-01-04 17:00:00,"580,55126953125","1078,77002",1,1,2024-01-04
2024-01-04 18:00:00,"503,1441650390625","932,22998",1,1,2024-01-04
2024-01-04 19:00:00,"426,2619323730469","772,549988",1,1,2024-01-04
2024-01-04 20:00:00,"404,4390869140625","745,859985",1,1,2024-01-04
2024-01-04 21:00:00,"374,0954895019531","707,450012",1,1,2024-01-04
2024-01-04 22:00:00,"310,598876953125","662,47998",1,1,2024-01-04
2024-01-04 23:00:00,"293,3353271484375","662,570007",1,1,2024-01-04
2024-01-05 00:00:00,"257,0337219238281","619,76001",1,1,2024-01-05
2024-01-05 01:00:00,"258,83233642578125","596,710022",1,1,2024-01-05
2024-01-05 02:00:00,"238,43331909179688","597,97998",1,1,2024-01-05
2024-01-05 03:00:00,"240,78445434570312","615,280029",1,1,2024-01-05
2024-01-05 04:00:00,"275,47802734375","657,419983",1,1,2024-01-05
2024-01-05 05:00:00,"358,2588806152344","818,909973",1,1,2024-01-05
2024-01-05 06:00:00,"423,4148254394531","1230,790039",1,1,2024-01-05
2024-01-05 07:00:00,"471,6225891113281","2230,280029",1,1,2024-01-05
2024-01-05 08:00:00,"449,3666076660156","1858,150024",1,1,2024-01-05
2024-01-05 09:00:00,"411,13494873046875","1908,430054",1,1,2024-01-05
2024-01-05 10:00:00,"391,3259582519531","1574,640015",1,1,2024-01-05
2024-01-05 11:00:00,"369,3674621582031","1516,23999",1,1,2024-01-05
2024-01-05 12:00:00,"351,4268798828125","1469,25",1,1,2024-01-05
2024-01-05 13:00:00,"363,7561340332031","1475,810059",1,1,2024-01-05
2024-01-05 14:00:00,"391,0520935058594","2237,209961",1,1,2024-01-05
2024-01-05 15:00:00,"434,3006591796875","3353,810059",1,1,2024-01-05
2024-01-05 16:00:00,"435,9235534667969","3925,22998",1,1,2024-01-05
2024-01-05 17:00:00,"428,3728332519531","2610,22998",1,1,2024-01-05
2024-01-05 18:00:00,"358,7769470214844","1356,839966",1,1,2024-01-05
2024-01-05 19:00:00,"302,24365234375","1115,849976",1,1,2024-01-05
2024-01-05 20:00:00,"288,93896484375","841,51001",1,1,2024-01-05
2024-01-05 21:00:00,"261,5208740234375","746,630005",1,1,2024-01-05
2024-01-05 22:00:00,"231,6268310546875","692,710022",1,1,2024-01-05
2024-01-05 23:00:00,"199,4130096435547","633,090027",1,1,2024-01-05
2024-01-06 00:00:00,"176,76174926757812","620,559998",1,1,2024-01-06
2024-01-06 01:00:00,"162,49478149414062","611,830017",1,1,2024-01-06
2024-01-06 02:00:00,"153,61497497558594","612,950012",1,1,2024-01-06
2024-01-06 03:00:00,"148,4855194091797","615,559998",1,1,2024-01-06
2024-01-06 04:00:00,"145,3385467529297","627,5",1,1,2024-01-06
2024-01-06 05:00:00,"171,7999267578125","630,109985",1,1,2024-01-06
2024-01-06 06:00:00,"194,56857299804688","652,109985",1,1,2024-01-06
2024-01-06 07:00:00,"203,60264587402344","677,77002",1,1,2024-01-06
2024-01-06 08:00:00,"232,14576721191406","708,419983",1,1,2024-01-06
2024-01-06 09:00:00,"249,9392852783203","748,929993",1,1,2024-01-06
2024-01-06 10:00:00,"251,2509307861328","773,090027",1,1,2024-01-06
2024-01-06 11:00:00,"247,89955139160156","763,25",1,1,2024-01-06
2024-01-06 12:00:00,"259,7413330078125","729,080017",1,1,2024-01-06
2024-01-06 13:00:00,"292,5672302246094","712,380005",1,1,2024-01-06
2024-01-06 14:00:00,"320,9114990234375","734,679993",1,1,2024-01-06
2024-01-06 15:00:00,"375,5101318359375","820,450012",1,1,2024-01-06
2024-01-06 16:00:00,"424,5162048339844","882,140015",1,1,2024-01-06
2024-01-06 17:00:00,"441,6878967285156","797,630005",1,1,2024-01-06
2024-01-06 18:00:00,"403,9169921875","762,799988",1,1,2024-01-06
2024-01-06 19:00:00,"333,8748779296875","708,419983",1,1,2024-01-06
2024-01-06 20:00:00,"276,8485412597656","675,97998",1,1,2024-01-06
2024-01-06 21:00:00,"223,3160858154297","666,359985",1,1,2024-01-06
2024-01-06 22:00:00,"208,50885009765625","617,580017",1,1,2024-01-06
2024-01-06 23:00:00,"207,39356994628906","642,570007",1,1,2024-01-06
2024-01-07 00:00:00,"194,0697021484375","615,049988",1,1,2024-01-07
2024-01-07 01:00:00,"187,06451416015625","590,880005",1,1,2024-01-07
2024-01-07 02:00:00,"180,43984985351562","578,280029",1,1,2024-01-07
2024-01-07 03:00:00,"168,76904296875","573,5",1,1,2024-01-07
2024-01-07 04:00:00,"186,04962158203125","577,460022",1,1,2024-01-07
2024-01-07 05:00:00,"202,66949462890625","585,140015",1,1,2024-01-07
2024-01-07 06:00:00,"224,01632690429688","599,460022",1,1,2024-01-07
2024-01-07 07:00:00,"256,5860290527344","628,099976",1,1,2024-01-07
2024-01-07 08:00:00,"254,39234924316406","653,159973",1,1,2024-01-07
2024-01-07 09:00:00,"243,7522430419922","669,419983",1,1,2024-01-07
2024-01-07 10:00:00,"234,24964904785156","686,130005",1,1,2024-01-07
2024-01-07 11:00:00,"233,0852813720703","682,469971",1,1,2024-01-07
2024-01-07 12:00:00,"235,70750427246094","652,789978",1,1,2024-01-07
2024-01-07 13:00:00,"240,67698669433594","650,630005",1,1,2024-01-07
2024-01-07 14:00:00,"260,4180603027344","676,059998",1,1,2024-01-07
2024-01-07 15:00:00,"282,5234069824219","717,609985",1,1,2024-01-07
2024-01-07 16:00:00,"263,4981689453125","777,719971",1,1,2024-01-07
2024-01-07 17:00:00,"261,09912109375","791,299988",1,1,2024-01-07
2024-01-07 18:00:00,"212,48037719726562","772,349976",1,1,2024-01-07
2024-01-07 19:00:00,"207,2117919921875","749,599976",1,1,2024-01-07
2024-01-07 20:00:00,"207,33828735351562","695,97998",1,1,2024-01-07
2024-01-07 21:00:00,"180,5474395751953","680,01001",1,1,2024-01-07
2024-01-07 22:00:00,"159,5328826904297","625,48999",1,1,2024-01-07
2024-01-07 23:00:00,"167,41812133789062","649,059998",1,1,2024-01-07
2024-01-08 00:00:00,"289,6804504394531","628,919983",1,2,2024-01-08
2024-01-08 01:00:00,"195,6906280517578","610,27002",1,2,2024-01-08
2024-01-08 02:00:00,"183,36158752441406","590,059998",1,2,2024-01-08
2024-01-08 03:00:00,"191,41860961914062","585,359985",1,2,2024-01-08
2024-01-08 04:00:00,"222,48269653320312","612,359985",1,2,2024-01-08
2024-01-08 05:00:00,"249,86798095703125","703,359985",1,2,2024-01-08
2024-01-08 06:00:00,"281,40576171875","829,559998",1,2,2024-01-08
2024-01-08 07:00:00,"294,73663330078125","903,330017",1,2,2024-01-08
2024-01-08 08:00:00,"303,1597900390625","900,48999",1,2,2024-01-08
2024-01-08 09:00:00,"301,9790344238281","849,549988",1,2,2024-01-08
2024-01-08 10:00:00,"293,67138671875","787,200012",1,2,2024-01-08
2024-01-08 11:00:00,"275,75506591796875","729,76001",1,2,2024-01-08
2024-01-08 12:00:00,"275,6910400390625","707,690002",1,2,2024-01-08
2024-01-08 13:00:00,"296,8487854003906","764,219971",1,2,2024-01-08
2024-01-08 14:00:00,"310,5227966308594","825,22998",1,2,2024-01-08
2024-01-08 15:00:00,"358,3408508300781","954,719971",1,2,2024-01-08
2024-01-08 16:00:00,"390,1501770019531","986,869995",1,2,2024-01-08
2024-01-08 17:00:00,"391,829833984375","969,710022",1,2,2024-01-08
2024-01-08 18:00:00,"380,03125","910,859985",1,2,2024-01-08
2024-01-08 19:00:00,"345,3691711425781","851,859985",1,2,2024-01-08
2024-01-08 20:00:00,"312,7525939941406","766,97998",1,2,2024-01-08
2024-01-08 21:00:00,"288,6703186035156","745,719971",1,2,2024-01-08
2024-01-08 22:00:00,"249,9436492919922","682,400024",1,2,2024-01-08
2024-01-08 23:00:00,"225,43814086914062","657,710022",1,2,2024-01-08
2024-01-09 00:00:00,"218,61997985839844","649,359985",1,2,2024-01-09
2024-01-09 01:00:00,"209,97129821777344","634,140015",1,2,2024-01-09
2024-01-09 02:00:00,"221,30784606933594","627,719971",1,2,2024-01-09
2024-01-09 03:00:00,"244,24114990234375","639,51001",1,2,2024-01-09
2024-01-09 04:00:00,"268,9284362792969","666,070007",1,2,2024-01-09
2024-01-09 05:00:00,"307,3083190917969","809,530029",1,2,2024-01-09
2024-01-09 06:00:00,"347,92242431640625","925,539978",1,2,2024-01-09
2024-01-09 07:00:00,"407,1153259277344","994,099976",1,2,2024-01-09
2024-01-09 08:00:00,"414,6807556152344","902,039978",1,2,2024-01-09
2024-01-09 09:00:00,"401,7883605957031","844,450012",1,2,2024-01-09
2024-01-09 10:00:00,"382,0320739746094","789,169983",1,2,2024-01-09
2024-01-09 11:00:00,"372,7831726074219","747,690002",1,2,2024-01-09
2024-01-09 12:00:00,"359,1800537109375","752,159973",1,2,2024-01-09
2024-01-09 13:00:00,"360,8074645996094","838,26001",1,2,2024-01-09
2024-01-09 14:00:00,"507,8675231933594","903,390015",1,2,2024-01-09
2024-01-09 15:00:00,"558,1648559570312","977,23999",1,2,2024-01-09
2024-01-09 16:00:00,"578,839111328125","1029,170044",1,2,2024-01-09
2024-01-09 17:00:00,"551,0078735351562","1028,050049",1,2,2024-01-09
2024-01-09 18:00:00,"488,1914978027344","973,070007",1,2,2024-01-09
2024-01-09 19:00:00,"439,8028259277344","897,039978",1,2,2024-01-09
2024-01-09 20:00:00,"393,8546447753906","833,179993",1,2,2024-01-09
2024-01-09 21:00:00,"354,34130859375","792,150024",1,2,2024-01-09
2024-01-09 22:00:00,"315,4421691894531","724,340027",1,2,2024-01-09
2024-01-09 23:00:00,"295,04693603515625","665,900024",1,2,2024-01-09
2024-01-10 00:00:00,"259,0120849609375","647,039978",1,2,2024-01-10
2024-01-10 01:00:00,"250,7378692626953","646,809998",1,2,2024-01-10
2024-01-10 02:00:00,"252,96258544921875","642,039978",1,2,2024-01-10
2024-01-10 03:00:00,"266,39593505859375","643,599976",1,2,2024-01-10
2024-01-10 04:00:00,"291,484130859375","664,109985",1,2,2024-01-10
2024-01-10 05:00:00,"333,8771057128906","812,0",1,2,2024-01-10
2024-01-10 06:00:00,"433,9463806152344","965,030029",1,2,2024-01-10
2024-01-10 07:00:00,"541,868408203125","1066,459961",1,2,2024-01-10
2024-01-10 08:00:00,"574,9872436523438","972,419983",1,2,2024-01-10
2024-01-10 09:00:00,"579,9397583007812","905,890015",1,2,2024-01-10
2024-01-10 10:00:00,"558,2221069335938","813,869995",1,2,2024-01-10
2024-01-10 11:00:00,"557,9931640625","762,26001",1,2,2024-01-10
2024-01-10 12:00:00,"544,9000854492188","806,929993",1,2,2024-01-10
2024-01-10 13:00:00,"569,6443481445312","862,710022",1,2,2024-01-10
2024-01-10 14:00:00,"597,4067993164062","923,27002",1,2,2024-01-10
2024-01-10 15:00:00,"615,5839233398438","1004,109985",1,2,2024-01-10
2024-01-10 16:00:00,"631,7335815429688","1072,349976",1,2,2024-01-10
2024-01-10 17:00:00,"615,801025390625","1044,089966",1,2,2024-01-10
2024-01-10 18:00:00,"553,4791870117188","985,539978",1,2,2024-01-10
2024-01-10 19:00:00,"504,57110595703125","894,929993",1,2,2024-01-10
2024-01-10 20:00:00,"404,85296630859375","818,559998",1,2,2024-01-10
2024-01-10 21:00:00,"366,2229919433594","779,26001",1,2,2024-01-10
2024-01-10 22:00:00,"322,3647155761719","716,169983",1,2,2024-01-10
2024-01-10 23:00:00,"282,4423522949219","684,27002",1,2,2024-01-10
2024-01-11 00:00:00,"251,73817443847656","660,700012",1,2,2024-01-11
2024-01-11 01:00:00,"253,52020263671875","650,710022",1,2,2024-01-11
2024-01-11 02:00:00,"245,38206481933594","614,390015",1,2,2024-01-11
2024-01-11 03:00:00,"251,6713409423828","611,179993",1,2,2024-01-11
2024-01-11 04:00:00,"268,6677551269531","666,440002",1,2,2024-01-11
2024-01-11 05:00:00,"309,9458312988281","761,22998",1,2,2024-01-11
2024-01-11 06:00:00,"392,4638671875","871,530029",1,2,2024-01-11
2024-01-11 07:00:00,"421,27587890625","1051,569946",1,2,2024-01-11
2024-01-11 08:00:00,"398,3067932128906","963,27002",1,2,2024-01-11
2024-01-11 09:00:00,"365,3736877441406","847,590027",1,2,2024-01-11
2024-01-11 10:00:00,"332,1500244140625","794,119995",1,2,2024-01-11
2024-01-11 11:00:00,"307,1413269042969","741,169983",1,2,2024-01-11
2024-01-11 12:00:00,"325,8099060058594","738,340027",1,2,2024-01-11
2024-01-11 13:00:00,"355,4300231933594","790,390015",1,2,2024-01-11
2024-01-11 14:00:00,"390,6180114746094","879,73999",1,2,2024-01-11
2024-01-11 15:00:00,"421,05413818359375","1024,349976",1,2,2024-01-11
2024-01-11 16:00:00,"412,5333557128906","1119,359985",1,2,2024-01-11
2024-01-11 17:00:00,"403,4978942871094","1019,429993",1,2,2024-01-11
2024-01-11 18:00:00,"365,1200866699219","986,76001",1,2,2024-01-11
2024-01-11 19:00:00,"349,63775634765625","887,119995",1,2,2024-01-11
2024-01-11 20:00:00,"310,28216552734375","799,419983",1,2,2024-01-11
2024-01-11 21:00:00,"271,1805725097656","745,789978",1,2,2024-01-11
2024-01-11 22:00:00,"209,03909301757812","725,059998",1,2,2024-01-11
2024-01-11 23:00:00,"208,82644653320312","678,890015",1,2,2024-01-11
2024-01-12 00:00:00,"198,2039337158203","657,859985",1,2,2024-01-12
2024-01-12 01:00:00,"172,45794677734375","635,48999",1,2,2024-01-12
2024-01-12 02:00:00,"161,56260681152344","631,090027",1,2,2024-01-12
2024-01-12 03:00:00,"168,4391326904297","628,929993",1,2,2024-01-12
2024-01-12 04:00:00,"187,0515899658203","636,23999",1,2,2024-01-12
2024-01-12 05:00:00,"242,11741638183594","686,869995",1,2,2024-01-12
2024-01-12 06:00:00,"295,28741455078125","881,130005",1,2,2024-01-12
2024-01-12 07:00:00,"328,696044921875","1049,51001",1,2,2024-01-12
2024-01-12 08:00:00,"299,9778747558594","1006,409973",1,2,2024-01-12
2024-01-12 09:00:00,"272,6417236328125","909,840027",1,2,2024-01-12
2024-01-12 10:00:00,"251,9463653564453","855,549988",1,2,2024-01-12
2024-01-12 11:00:00,"247,23687744140625","797,76001",1,2,2024-01-12
2024-01-12 12:00:00,"250,06080627441406","768,679993",1,2,2024-01-12
2024-01-12 13:00:00,"257,0705261230469","779,559998",1,2,2024-01-12
2024-01-12 14:00:00,"281,38360595703125","820,280029",1,2,2024-01-12
2024-01-12 15:00:00,"330,4284973144531","894,849976",1,2,2024-01-12
2024-01-12 16:00:00,"351,39935302734375","950,780029",1,2,2024-01-12
2024-01-12 17:00:00,"343,7368469238281","939,590027",1,2,2024-01-12
2024-01-12 18:00:00,"302,0463562011719","890,900024",1,2,2024-01-12
2024-01-12 19:00:00,"238,24314880371094","811,26001",1,2,2024-01-12
2024-01-12 20:00:00,"231,5352020263672","734,369995",1,2,2024-01-12
2024-01-12 21:00:00,"209,66299438476562","696,27002",1,2,2024-01-12
2024-01-12 22:00:00,"187,1426544189453","634,969971",1,2,2024-01-12
2024-01-12 23:00:00,"176,1077423095703","564,030029",1,2,2024-01-12
2024-01-13 00:00:00,"130,12551879882812","558,140015",1,2,2024-01-13
2024-01-13 01:00:00,"105,9758071899414","549,200012",1,2,2024-01-13
2024-01-13 02:00:00,"109,49396514892578","532,190002",1,2,2024-01-13
2024-01-13 03:00:00,"97,34679412841797","538,679993",1,2,2024-01-13
2024-01-13 04:00:00,"121,53651428222656","414,230011",1,2,2024-01-13
2024-01-13 05:00:00,"146,1796417236328","340,179993",1,2,2024-01-13
2024-01-13 06:00:00,"172,08763122558594","381,790009",1,2,2024-01-13
2024-01-13 07:00:00,"209,4369354248047","500,799988",1,2,2024-01-13
2024-01-13 08:00:00,"277,2723083496094","546,659973",1,2,2024-01-13
2024-01-13 09:00:00,"281,19482421875","537,039978",1,2,2024-01-13
2024-01-13 10:00:00,"270,5589599609375","529,289978",1,2,2024-01-13
2024-01-13 11:00:00,"272,1493835449219","521,609985",1,2,2024-01-13
2024-01-13 12:00:00,"271,8866882324219","474,779999",1,2,2024-01-13
2024-01-13 13:00:00,"313,8892822265625","506,390015",1,2,2024-01-13
2024-01-13 14:00:00,"386,8615417480469","511,609985",1,2,2024-01-13
2024-01-13 15:00:00,"441,6128234863281","527,789978",1,2,2024-01-13
2024-01-13 16:00:00,"501,3495178222656","553,450012",1,2,2024-01-13
2024-01-13 17:00:00,"508,7503967285156","565,299988",1,2,2024-01-13
2024-01-13 18:00:00,"453,00262451171875","550,460022",1,2,2024-01-13
2024-01-13 19:00:00,"377,0753173828125","544,799988",1,2,2024-01-13
2024-01-13 20:00:00,"314,4644775390625","528,909973",1,2,2024-01-13
2024-01-13 21:00:00,"263,5182800292969","467,98999",1,2,2024-01-13
2024-01-13 22:00:00,"239,78909301757812","459,709991",1,2,2024-01-13
2024-01-13 23:00:00,"220,1469268798828","477,420013",1,2,2024-01-13
2024-01-14 00:00:00,"201,9221954345703","463,179993",1,2,2024-01-14
2024-01-14 01:00:00,"201,66384887695312","469,290009",1,2,2024-01-14
2024-01-14 02:00:00,"205,65658569335938","477,350006",1,2,2024-01-14
2024-01-14 03:00:00,"219,93267822265625","482,269989",1,2,2024-01-14
2024-01-14 04:00:00,"225,57644653320312","486,220001",1,2,2024-01-14
2024-01-14 05:00:00,"227,95277404785156","501,950012",1,2,2024-01-14
2024-01-14 06:00:00,"264,47698974609375","534,390015",1,2,2024-01-14
2024-01-14 07:00:00,"320,72930908203125","572,280029",1,2,2024-01-14
2024-01-14 08:00:00,"296,9085998535156","605,090027",1,2,2024-01-14
2024-01-14 09:00:00,"298,64678955078125","601,289978",1,2,2024-01-14
2024-01-14 10:00:00,"295,1434020996094","610,309998",1,2,2024-01-14
2024-01-14 11:00:00,"285,10943603515625","599,5",1,2,2024-01-14
2024-01-14 12:00:00,"283,88751220703125","574,52002",1,2,2024-01-14
2024-01-14 13:00:00,"294,6763610839844","590,25",1,2,2024-01-14
2024-01-14 14:00:00,"300,25982666015625","613,890015",1,2,2024-01-14
2024-01-14 15:00:00,"314,3302307128906","645,960022",1,2,2024-01-14
2024-01-14 16:00:00,"290,8593444824219","685,030029",1,2,2024-01-14
2024-01-14 17:00:00,"259,46246337890625","705,76001",1,2,2024-01-14
2024-01-14 18:00:00,"216,12086486816406","635,809998",1,2,2024-01-14
2024-01-14 19:00:00,"201,5081329345703","589,580017",1,2,2024-01-14
2024-01-14 20:00:00,"191,49502563476562","586,150024",1,2,2024-01-14
2024-01-14 21:00:00,"180,73329162597656","562,210022",1,2,2024-01-14
2024-01-14 22:00:00,"163,0424346923828","498,820007",1,2,2024-01-14
2024-01-14 23:00:00,"164,0478515625","519,409973",1,2,2024-01-14
2024-01-15 00:00:00,"217,67857360839844","492,559998",1,3,2024-01-15
2024-01-15 01:00:00,"180,1080322265625","479,579987",1,3,2024-01-15
2024-01-15 02:00:00,"169,03553771972656","462,649994",1,3,2024-01-15
2024-01-15 03:00:00,"176,03659057617188","474,059998",1,3,2024-01-15
2024-01-15 04:00:00,"185,9517059326172","526,27002",1,3,2024-01-15
2024-01-15 05:00:00,"210,63104248046875","596,219971",1,3,2024-01-15
2024-01-15 06:00:00,"277,0325927734375","625,22998",1,3,2024-01-15
2024-01-15 07:00:00,"289,462646484375","740,52002",1,3,2024-01-15
2024-01-15 08:00:00,"292,3999938964844","747,900024",1,3,2024-01-15
2024-01-15 09:00:00,"278,9287109375","707,549988",1,3,2024-01-15
2024-01-15 10:00:00,"266,74737548828125","673,099976",1,3,2024-01-15
2024-01-15 11:00:00,"258,3948974609375","625,369995",1,3,2024-01-15
2024-01-15 12:00:00,"267,0987854003906","612,619995",1,3,2024-01-15
2024-01-15 13:00:00,"283,28155517578125","630,150024",1,3,2024-01-15
2024-01-15 14:00:00,"308,2645263671875","666,98999",1,3,2024-01-15
2024-01-15 15:00:00,"332,9083557128906","745,140015",1,3,2024-01-15
2024-01-15 16:00:00,"366,6865539550781","813,450012",1,3,2024-01-15
2024-01-15 17:00:00,"383,245849609375","861,849976",1,3,2024-01-15
2024-01-15 18:00:00,"335,5674743652344","825,22998",1,3,2024-01-15
2024-01-15 19:00:00,"328,3282165527344","769,22998",1,3,2024-01-15
2024-01-15 20:00:00,"318,3170166015625","693,159973",1,3,2024-01-15
2024-01-15 21:00:00,"287,63177490234375","667,359985",1,3,2024-01-15
2024-01-15 22:00:00,"263,9829406738281","644,539978",1,3,2024-01-15
2024-01-15 23:00:00,"239,3695526123047","612,98999",1,3,2024-01-15
2024-01-16 00:00:00,"225,0252227783203","607,099976",1,3,2024-01-16
2024-01-16 01:00:00,"225,4075469970703","597,179993",1,3,2024-01-16
2024-01-16 02:00:00,"230,6301727294922","583,679993",1,3,2024-01-16
2024-01-16 03:00:00,"248,65635681152344","578,679993",1,3,2024-01-16
2024-01-16 04:00:00,"272,82244873046875","622,390015",1,3,2024-01-16
2024-01-16 05:00:00,"299,15057373046875","917,359985",1,3,2024-01-16
2024-01-16 06:00:00,"351,589599609375","1442,560059",1,3,2024-01-16
2024-01-16 07:00:00,"393,84991455078125","2055,399902",1,3,2024-01-16
2024-01-16 08:00:00,"405,20965576171875","2017,890015",1,3,2024-01-16
2024-01-16 09:00:00,"397,7694091796875","1864,030029",1,3,2024-01-16
2024-01-16 10:00:00,"407,11114501953125","1495,73999",1,3,2024-01-16
2024-01-16 11:00:00,"387,3990783691406","1268,189941",1,3,2024-01-16
2024-01-16 12:00:00,"390,3398132324219","1058,839966",1,3,2024-01-16
2024-01-16 13:00:00,"407,76409912109375","1070,849976",1,3,2024-01-16
2024-01-16 14:00:00,"508,5017395019531","1164,670044",1,3,2024-01-16
2024-01-16 15:00:00,"553,631591796875","1268,48999",1,3,2024-01-16
2024-01-16 16:00:00,"561,9144287109375","1273,930054",1,3,2024-01-16
2024-01-16 17:00:00,"532,8399658203125","992,539978",1,3,2024-01-16
2024-01-16 18:00:00,"420,56732177734375","833,599976",1,3,2024-01-16
2024-01-16 19:00:00,"335,0998840332031","712,179993",1,3,2024-01-16
2024-01-16 20:00:00,"312,9845886230469","642,969971",1,3,2024-01-16
2024-01-16 21:00:00,"280,6709899902344","611,869995",1,3,2024-01-16
2024-01-16 22:00:00,"247,20352172851562","579,429993",1,3,2024-01-16
2024-01-16 23:00:00,"258,55426025390625","521,210022",1,3,2024-01-16
2024-01-17 00:00:00,"231,50961303710938","517,26001",1,3,2024-01-17
2024-01-17 01:00:00,"236,5157012939453","510,619995",1,3,2024-01-17
2024-01-17 02:00:00,"245,84385681152344","503,839996",1,3,2024-01-17
2024-01-17 03:00:00,"251,2734375","501,970001",1,3,2024-01-17
2024-01-17 04:00:00,"281,79583740234375","501,75",1,3,2024-01-17
2024-01-17 05:00:00,"318,5574645996094","526,880005",1,3,2024-01-17
2024-01-17 06:00:00,"431,9866638183594","596,159973",1,3,2024-01-17
2024-01-17 07:00:00,"570,9962158203125","715,929993",1,3,2024-01-17
2024-01-17 08:00:00,"605,8208618164062","767,159973",1,3,2024-01-17
2024-01-17 09:00:00,"598,7571411132812","797,289978",1,3,2024-01-17
2024-01-17 10:00:00,"576,0302734375","828,539978",1,3,2024-01-17
2024-01-17 11:00:00,"568,7742919921875","877,840027",1,3,2024-01-17
2024-01-17 12:00:00,"547,1358642578125","907,590027",1,3,2024-01-17
2024-01-17 13:00:00,"575,4553833007812","907,890015",1,3,2024-01-17
2024-01-17 14:00:00,"619,9275512695312","935,630005",1,3,2024-01-17
2024-01-17 15:00:00,"634,0103149414062","958,75",1,3,2024-01-17
2024-01-17 16:00:00,"648,1116333007812","1047,939941",1,3,2024-01-17
2024-01-17 17:00:00,"609,582763671875","921,690002",1,3,2024-01-17
2024-01-17 18:00:00,"533,4163208007812","852,26001",1,3,2024-01-17
2024-01-17 19:00:00,"481,1351013183594","818,849976",1,3,2024-01-17
2024-01-17 20:00:00,"409,34796142578125","753,890015",1,3,2024-01-17
2024-01-17 21:00:00,"355,7465515136719","703,099976",1,3,2024-01-17
2024-01-17 22:00:00,"302,4413757324219","627,710022",1,3,2024-01-17
2024-01-17 23:00:00,"285,0877685546875","606,580017",1,3,2024-01-17
2024-01-18 00:00:00,"254,41900634765625","575,780029",1,3,2024-01-18
2024-01-18 01:00:00,"251,57058715820312","561,530029",1,3,2024-01-18
2024-01-18 02:00:00,"251,71131896972656","558,700012",1,3,2024-01-18
2024-01-18 03:00:00,"260,2235107421875","578,539978",1,3,2024-01-18
2024-01-18 04:00:00,"287,2622375488281","604,119995",1,3,2024-01-18
2024-01-18 05:00:00,"329,6151123046875","681,97998",1,3,2024-01-18
2024-01-18 06:00:00,"394,43438720703125","831,969971",1,3,2024-01-18
2024-01-18 07:00:00,"434,0798034667969","938,919983",1,3,2024-01-18
2024-01-18 08:00:00,"401,7817687988281","911,179993",1,3,2024-01-18
2024-01-18 09:00:00,"405,7727355957031","827,119995",1,3,2024-01-18
2024-01-18 10:00:00,"345,1626281738281","805,119995",1,3,2024-01-18
2024-01-18 11:00:00,"344,1322021484375","697,719971",1,3,2024-01-18
2024-01-18 12:00:00,"353,840087890625","653,48999",1,3,2024-01-18
2024-01-18 13:00:00,"378,6016845703125","644,619995",1,3,2024-01-18
2024-01-18 14:00:00,"431,05950927734375","702,940002",1,3,2024-01-18
2024-01-18 15:00:00,"445,95208740234375","742,25",1,3,2024-01-18
2024-01-18 16:00:00,"452,1641540527344","780,72998",1,3,2024-01-18
2024-01-18 17:00:00,"433,790771484375","770,140015",1,3,2024-01-18
2024-01-18 18:00:00,"369,98663330078125","705,030029",1,3,2024-01-18
2024-01-18 19:00:00,"336,10260009765625","648,650024",1,3,2024-01-18
2024-01-18 20:00:00,"290,0264587402344","605,090027",1,3,2024-01-18
2024-01-18 21:00:00,"253,673828125","577,48999",1,3,2024-01-18
2024-01-18 22:00:00,"215,56417846679688","532,0",1,3,2024-01-18
2024-01-18 23:00:00,"216,3574676513672","510,089996",1,3,2024-01-18
2024-01-19 00:00:00,"180,8989715576172","487,269989",1,3,2024-01-19
2024-01-19 01:00:00,"162,10440063476562","477,649994",1,3,2024-01-19
2024-01-19 02:00:00,"170,21075439453125","468,029999",1,3,2024-01-19
2024-01-19 03:00:00,"177,53790283203125","472,209991",1,3,2024-01-19
2024-01-19 04:00:00,"187,0773468017578","491,079987",1,3,2024-01-19
2024-01-19 05:00:00,"262,09014892578125","564,830017",1,3,2024-01-19
2024-01-19 06:00:00,"297,59747314453125","666,549988",1,3,2024-01-19
2024-01-19 07:00:00,"364,44049072265625","777,590027",1,3,2024-01-19
2024-01-19 08:00:00,"331,65155029296875","770,359985",1,3,2024-01-19
2024-01-19 09:00:00,"302,7257080078125","714,799988",1,3,2024-01-19
2024-01-19 10:00:00,"279,486328125","645,52002",1,3,2024-01-19
2024-01-19 11:00:00,"255,26547241210938","587,049988",1,3,2024-01-19
2024-01-19 12:00:00,"256,56475830078125","560,429993",1,3,2024-01-19
2024-01-19 13:00:00,"271,5791015625","573,549988",1,3,2024-01-19
2024-01-19 14:00:00,"286,03240966796875","648,429993",1,3,2024-01-19
2024-01-19 15:00:00,"329,22882080078125","780,049988",1,3,2024-01-19
2024-01-19 16:00:00,"343,2601013183594","855,890015",1,3,2024-01-19
2024-01-19 17:00:00,"320,24737548828125","809,059998",1,3,2024-01-19
2024-01-19 18:00:00,"251,51132202148438","634,630005",1,3,2024-01-19
2024-01-19 19:00:00,"236,993896484375","565,429993",1,3,2024-01-19
2024-01-19 20:00:00,"223,46820068359375","544,469971",1,3,2024-01-19
2024-01-19 21:00:00,"204,32264709472656","527,169983",1,3,2024-01-19
2024-01-19 22:00:00,"175,3360595703125","497,339996",1,3,2024-01-19
2024-01-19 23:00:00,"157,97361755371094","504,279999",1,3,2024-01-19
2024-01-20 00:00:00,"142,20140075683594","484,809998",1,3,2024-01-20
2024-01-20 01:00:00,"122,3056869506836","485,480011",1,3,2024-01-20
2024-01-20 02:00:00,"116,33052062988281","472,359985",1,3,2024-01-20
2024-01-20 03:00:00,"122,5442123413086","472,579987",1,3,2024-01-20
2024-01-20 04:00:00,"136,70095825195312","460,5",1,3,2024-01-20
2024-01-20 05:00:00,"152,46377563476562","480,640015",1,3,2024-01-20
2024-01-20 06:00:00,"179,32774353027344","511,209991",1,3,2024-01-20
2024-01-20 07:00:00,"202,03530883789062","557,969971",1,3,2024-01-20
2024-01-20 08:00:00,"251,998046875","588,02002",1,3,2024-01-20
2024-01-20 09:00:00,"265,6413879394531","548,650024",1,3,2024-01-20
2024-01-20 10:00:00,"264,8037414550781","540,73999",1,3,2024-01-20
2024-01-20 11:00:00,"271,0221862792969","520,159973",1,3,2024-01-20
2024-01-20 12:00:00,"268,0419616699219","527,919983",1,3,2024-01-20
2024-01-20 13:00:00,"301,88812255859375","547,309998",1,3,2024-01-20
2024-01-20 14:00:00,"395,8444519042969","589,960022",1,3,2024-01-20
2024-01-20 15:00:00,"458,45855712890625","671,549988",1,3,2024-01-20
2024-01-20 16:00:00,"526,3626708984375","725,390015",1,3,2024-01-20
2024-01-20 17:00:00,"532,0467529296875","754,030029",1,3,2024-01-20
2024-01-20 18:00:00,"453,7703857421875","682,880005",1,3,2024-01-20
2024-01-20 19:00:00,"378,4301452636719","596,599976",1,3,2024-01-20
2024-01-20 20:00:00,"312,5847473144531","547,309998",1,3,2024-01-20
2024-01-20 21:00:00,"273,51519775390625","525,159973",1,3,2024-01-20
2024-01-20 22:00:00,"240,6345672607422","499,579987",1,3,2024-01-20
2024-01-20 23:00:00,"244,8036651611328","445,26001",1,3,2024-01-20
2024-01-21 00:00:00,"220,78826904296875","429,230011",1,3,2024-01-21
2024-01-21 01:00:00,"219,0956573486328","411,329987",1,3,2024-01-21
2024-01-21 02:00:00,"209,9542999267578","379,549988",1,3,2024-01-21
2024-01-21 03:00:00,"218,71499633789062","361,799988",1,3,2024-01-21
2024-01-21 04:00:00,"231,68003845214844","353,899994",1,3,2024-01-21
2024-01-21 05:00:00,"251,71524047851562","339,579987",1,3,2024-01-21
2024-01-21 06:00:00,"266,9157409667969","327,869995",1,3,2024-01-21
2024-01-21 07:00:00,"294,6956481933594","383,059998",1,3,2024-01-21
2024-01-21 08:00:00,"298,74981689453125","405,429993",1,3,2024-01-21
2024-01-21 09:00:00,"278,2982177734375","343,529999",1,3,2024-01-21
2024-01-21 10:00:00,"261,95855712890625","363,0",1,3,2024-01-21
2024-01-21 11:00:00,"254,72091674804688","287,0",1,3,2024-01-21
2024-01-21 12:00:00,"256,9705505371094","281,100006",1,3,2024-01-21
2024-01-21 13:00:00,"270,2189025878906","330,399994",1,3,2024-01-21
2024-01-21 14:00:00,"279,49481201171875","365,76001",1,3,2024-01-21
2024-01-21 15:00:00,"296,6221008300781","371,649994",1,3,2024-01-21
2024-01-21 16:00:00,"301,7829284667969","422,51001",1,3,2024-01-21
2024-01-21 17:00:00,"275,068603515625","458,309998",1,3,2024-01-21
2024-01-21 18:00:00,"214,865234375","437,359985",1,3,2024-01-21
2024-01-21 19:00:00,"200,0371856689453","384,100006",1,3,2024-01-21
2024-01-21 20:00:00,"187,8184814453125","391,26001",1,3,2024-01-21
2024-01-21 21:00:00,"178,21359252929688","375,829987",1,3,2024-01-21
2024-01-21 22:00:00,"159,94920349121094","216,520004",1,3,2024-01-21
2024-01-21 23:00:00,"164,26181030273438","203,610001",1,3,2024-01-21
2024-01-22 00:00:00,"172,59219360351562","165,869995",1,4,2024-01-22
2024-01-22 01:00:00,"157,4587860107422","138,869995",1,4,2024-01-22
2024-01-22 02:00:00,"141,78102111816406","37,59",1,4,2024-01-22
2024-01-22 03:00:00,"120,3742446899414","37,740002",1,4,2024-01-22
2024-01-22 04:00:00,"143,08819580078125","149,169998",1,4,2024-01-22
2024-01-22 05:00:00,"198,7051544189453","302,059998",1,4,2024-01-22
2024-01-22 06:00:00,"252,9459686279297","451,01001",1,4,2024-01-22
2024-01-22 07:00:00,"302,87969970703125","495,829987",1,4,2024-01-22
2024-01-22 08:00:00,"298,9330139160156","429,450012",1,4,2024-01-22
2024-01-22 09:00:00,"303,40008544921875","459,059998",1,4,2024-01-22
2024-01-22 10:00:00,"284,5981140136719","451,970001",1,4,2024-01-22
2024-01-22 11:00:00,"273,2411804199219","424,529999",1,4,2024-01-22
2024-01-22 12:00:00,"268,4317321777344","423,040009",1,4,2024-01-22
2024-01-22 13:00:00,"278,8101806640625","434,299988",1,4,2024-01-22
2024-01-22 14:00:00,"310,26947021484375","445,48999",1,4,2024-01-22
2024-01-22 15:00:00,"328,850341796875","447,429993",1,4,2024-01-22
2024-01-22 16:00:00,"383,36505126953125","461,299988",1,4,2024-01-22
2024-01-22 17:00:00,"385,585693359375","455,179993",1,4,2024-01-22
2024-01-22 18:00:00,"338,67498779296875","447,720001",1,4,2024-01-22
2024-01-22 19:00:00,"298,6308288574219","444,519989",1,4,2024-01-22
2024-01-22 20:00:00,"289,7438049316406","425,119995",1,4,2024-01-22
2024-01-22 21:00:00,"264,8424987792969","194,440002",1,4,2024-01-22
2024-01-22 22:00:00,"246,6492156982422","171,770004",1,4,2024-01-22
2024-01-22 23:00:00,"240,34255981445312","118,129997",1,4,2024-01-22
2024-01-23 00:00:00,"220,80384826660156","75,330002",1,4,2024-01-23
2024-01-23 01:00:00,"211,50868225097656","69,879997",1,4,2024-01-23
2024-01-23 02:00:00,"213,69508361816406","31,1",1,4,2024-01-23
2024-01-23 03:00:00,"228,32383728027344","76,220001",1,4,2024-01-23
2024-01-23 04:00:00,"266,5382995605469","161,320007",1,4,2024-01-23
2024-01-23 05:00:00,"300,96490478515625","191,889999",1,4,2024-01-23
2024-01-23 06:00:00,"372,93011474609375","454,410004",1,4,2024-01-23
2024-01-23 07:00:00,"435,763427734375","461,649994",1,4,2024-01-23
2024-01-23 08:00:00,"428,4180603027344","455,76001",1,4,2024-01-23
2024-01-23 09:00:00,"408,2223205566406","447,25",1,4,2024-01-23
2024-01-23 10:00:00,"394,3502502441406","443,299988",1,4,2024-01-23
2024-01-23 11:00:00,"400,2618408203125","310,100006",1,4,2024-01-23
2024-01-23 12:00:00,"387,8750915527344","199,570007",1,4,2024-01-23
2024-01-23 13:00:00,"405,2362365722656","320,019989",1,4,2024-01-23
2024-01-23 14:00:00,"514,5147705078125","468,059998",1,4,2024-01-23
2024-01-23 15:00:00,"596,4443359375","494,390015",1,4,2024-01-23
2024-01-23 16:00:00,"624,7534790039062","510,570007",1,4,2024-01-23
2024-01-23 17:00:00,"583,9899291992188","498,040009",1,4,2024-01-23
2024-01-23 18:00:00,"427,9875793457031","472,390015",1,4,2024-01-23
2024-01-23 19:00:00,"345,8290710449219","450,910004",1,4,2024-01-23
2024-01-23 20:00:00,"310,2438659667969","391,170013",1,4,2024-01-23
2024-01-23 21:00:00,"271,6641540527344","304,429993",1,4,2024-01-23
2024-01-23 22:00:00,"238,93832397460938","248,050003",1,4,2024-01-23
2024-01-23 23:00:00,"251,30728149414062","213,350006",1,4,2024-01-23
2024-01-24 00:00:00,"228,75244140625","187,699997",1,4,2024-01-24
2024-01-24 01:00:00,"230,4912567138672","153,910004",1,4,2024-01-24
2024-01-24 02:00:00,"234,17086791992188","140,339996",1,4,2024-01-24
2024-01-24 03:00:00,"253,87818908691406","133,110001",1,4,2024-01-24
2024-01-24 04:00:00,"266,5789794921875","145,789993",1,4,2024-01-24
2024-01-24 05:00:00,"307,4470520019531","190,160004",1,4,2024-01-24
2024-01-24 06:00:00,"419,8193054199219","288,809998",1,4,2024-01-24
2024-01-24 07:00:00,"525,7323608398438","373,380005",1,4,2024-01-24
2024-01-24 08:00:00,"592,3280639648438","369,429993",1,4,2024-01-24
2024-01-24 09:00:00,"612,3214721679688","373,600006",1,4,2024-01-24
2024-01-24 10:00:00,"574,896728515625","378,519989",1,4,2024-01-24
2024-01-24 11:00:00,"568,8235473632812","293,359985",1,4,2024-01-24
2024-01-24 12:00:00,"541,0426025390625","278,450012",1,4,2024-01-24
2024-01-24 13:00:00,"564,4359741210938","335,869995",1,4,2024-01-24
2024-01-24 14:00:00,"600,5097045898438","372,480011",1,4,2024-01-24
2024-01-24 15:00:00,"608,3014526367188","378,820007",1,4,2024-01-24
2024-01-24 16:00:00,"635,1898803710938","404,25",1,4,2024-01-24
2024-01-24 17:00:00,"613,6760864257812","397,609985",1,4,2024-01-24
2024-01-24 18:00:00,"539,7889404296875","373,529999",1,4,2024-01-24
2024-01-24 19:00:00,"461,7854309082031","314,540009",1,4,2024-01-24
2024-01-24 20:00:00,"382,7566223144531","298,579987",1,4,2024-01-24
2024-01-24 21:00:00,"362,5400390625","313,269989",1,4,2024-01-24
2024-01-24 22:00:00,"320,803955078125","287,320007",1,4,2024-01-24
2024-01-24 23:00:00,"284,21697998046875","326,899994",1,4,2024-01-24
2024-01-25 00:00:00,"274,4988708496094","327,869995",1,4,2024-01-25
2024-01-25 01:00:00,"260,976806640625","318,839996",1,4,2024-01-25
2024-01-25 02:00:00,"248,2724609375","326,970001",1,4,2024-01-25
2024-01-25 03:00:00,"257,20806884765625","336,369995",1,4,2024-01-25
2024-01-25 04:00:00,"279,9130554199219","380,359985",1,4,2024-01-25
2024-01-25 05:00:00,"363,1944580078125","442,850006",1,4,2024-01-25
2024-01-25 06:00:00,"404,89642333984375","492,51001",1,4,2024-01-25
2024-01-25 07:00:00,"438,58367919921875","663,789978",1,4,2024-01-25
2024-01-25 08:00:00,"410,834716796875","635,679993",1,4,2024-01-25
2024-01-25 09:00:00,"386,444580078125","606,599976",1,4,2024-01-25
2024-01-25 10:00:00,"386,9923095703125","568,340027",1,4,2024-01-25
2024-01-25 11:00:00,"366,9612121582031","545,450012",1,4,2024-01-25
2024-01-25 12:00:00,"386,79400634765625","566,630005",1,4,2024-01-25
2024-01-25 13:00:00,"412,6279602050781","633,659973",1,4,2024-01-25
2024-01-25 14:00:00,"500,5936584472656","686,530029",1,4,2024-01-25
2024-01-25 15:00:00,"499,66363525390625","755,950012",1,4,2024-01-25
2024-01-25 16:00:00,"501,0220947265625","920,0",1,4,2024-01-25
2024-01-25 17:00:00,"452,70294189453125","861,539978",1,4,2024-01-25
2024-01-25 18:00:00,"408,390380859375","736,640015",1,4,2024-01-25
2024-01-25 19:00:00,"364,221435546875","679,070007",1,4,2024-01-25
2024-01-25 20:00:00,"350,3805847167969","643,580017",1,4,2024-01-25
2024-01-25 21:00:00,"305,3517150878906","599,73999",1,4,2024-01-25
2024-01-25 22:00:00,"259,98406982421875","560,440002",1,4,2024-01-25
2024-01-25 23:00:00,"244,40577697753906","468,200012",1,4,2024-01-25
2024-01-26 00:00:00,"201,98098754882812","462,23999",1,4,2024-01-26
2024-01-26 01:00:00,"185,36012268066406","436,070007",1,4,2024-01-26
2024-01-26 02:00:00,"178,65562438964844","420,109985",1,4,2024-01-26
2024-01-26 03:00:00,"178,24464416503906","415,269989",1,4,2024-01-26
2024-01-26 04:00:00,"201,0560302734375","388,869995",1,4,2024-01-26
2024-01-26 05:00:00,"254,8948516845703","432,040009",1,4,2024-01-26
2024-01-26 06:00:00,"349,1317443847656","469,470001",1,4,2024-01-26
2024-01-26 07:00:00,"376,1457824707031","484,149994",1,4,2024-01-26
2024-01-26 08:00:00,"367,8352355957031","475,660004",1,4,2024-01-26
2024-01-26 09:00:00,"347,6336669921875","456,420013",1,4,2024-01-26
2024-01-26 10:00:00,"319,9373474121094","437,929993",1,4,2024-01-26
2024-01-26 11:00:00,"282,7254943847656","389,769989",1,4,2024-01-26
2024-01-26 12:00:00,"264,0046691894531","346,450012",1,4,2024-01-26
2024-01-26 13:00:00,"287,5876770019531","367,399994",1,4,2024-01-26
2024-01-26 14:00:00,"311,2683410644531","364,640015",1,4,2024-01-26
2024-01-26 15:00:00,"364,8150939941406","383,809998",1,4,2024-01-26
2024-01-26 16:00:00,"372,7414245605469","427,720001",1,4,2024-01-26
2024-01-26 17:00:00,"338,2781066894531","404,01001",1,4,2024-01-26
2024-01-26 18:00:00,"286,5326232910156","249,830002",1,4,2024-01-26
2024-01-26 19:00:00,"248,45022583007812","205,619995",1,4,2024-01-26
2024-01-26 20:00:00,"240,0019073486328","192,050003",1,4,2024-01-26
2024-01-26 21:00:00,"221,65380859375","181,839996",1,4,2024-01-26
2024-01-26 22:00:00,"189,2960968017578","163,869995",1,4,2024-01-26
2024-01-26 23:00:00,"166,80467224121094","144,039993",1,4,2024-01-26
2024-01-27 00:00:00,"143,36097717285156","136,130005",1,4,2024-01-27
2024-01-27 01:00:00,"120,15277862548828","131,440002",1,4,2024-01-27
2024-01-27 02:00:00,"111,06591796875","134,339996",1,4,2024-01-27
2024-01-27 03:00:00,"110,89535522460938","137,850006",1,4,2024-01-27
2024-01-27 04:00:00,"121,62922668457031","140,460007",1,4,2024-01-27
2024-01-27 05:00:00,"145,46066284179688","144,710007",1,4,2024-01-27
2024-01-27 06:00:00,"182,2979278564453","154,399994",1,4,2024-01-27
2024-01-27 07:00:00,"215,29409790039062","215,080002",1,4,2024-01-27
2024-01-27 08:00:00,"272,5572509765625","237,820007",1,4,2024-01-27
2024-01-27 09:00:00,"274,06964111328125","341,600006",1,4,2024-01-27
2024-01-27 10:00:00,"272,81353759765625","422,040009",1,4,2024-01-27
2024-01-27 11:00:00,"283,5511474609375","416,299988",1,4,2024-01-27
2024-01-27 12:00:00,"282,2626037597656","242,220001",1,4,2024-01-27
2024-01-27 13:00:00,"287,9383850097656","296,570007",1,4,2024-01-27
2024-01-27 14:00:00,"365,84759521484375","432,029999",1,4,2024-01-27
2024-01-27 15:00:00,"440,3336486816406","439,339996",1,4,2024-01-27
2024-01-27 16:00:00,"484,53668212890625","460,359985",1,4,2024-01-27
2024-01-27 17:00:00,"487,140380859375","457,079987",1,4,2024-01-27
2024-01-27 18:00:00,"446,2887268066406","443,070007",1,4,2024-01-27
2024-01-27 19:00:00,"388,9140930175781","433,970001",1,4,2024-01-27
2024-01-27 20:00:00,"323,8323059082031","431,290009",1,4,2024-01-27
2024-01-27 21:00:00,"268,48638916015625","430,390015",1,4,2024-01-27
2024-01-27 22:00:00,"216,6794891357422","429,5",1,4,2024-01-27
2024-01-27 23:00:00,"213,7813262939453","497,75",1,4,2024-01-27
2024-01-28 00:00:00,"187,1691131591797","438,339996",1,4,2024-01-28
2024-01-28 01:00:00,"190,04969787597656","434,309998",1,4,2024-01-28
2024-01-28 02:00:00,"184,62493896484375","430,290009",1,4,2024-01-28
2024-01-28 03:00:00,"175,80197143554688","431,399994",1,4,2024-01-28
2024-01-28 04:00:00,"194,8798065185547","429,609985",1,4,2024-01-28
2024-01-28 05:00:00,"231,1567840576172","430,290009",1,4,2024-01-28
2024-01-28 06:00:00,"267,1476745605469","439,679993",1,4,2024-01-28
2024-01-28 07:00:00,"278,0886535644531","441,320007",1,4,2024-01-28
2024-01-28 08:00:00,"257,29205322265625","410,609985",1,4,2024-01-28
2024-01-28 09:00:00,"251,45997619628906","381,380005",1,4,2024-01-28
2024-01-28 10:00:00,"246,0496368408203","341,049988",1,4,2024-01-28
2024-01-28 11:00:00,"243,1375274658203","309,970001",1,4,2024-01-28
2024-01-28 12:00:00,"245,34616088867188","298,859985",1,4,2024-01-28
2024-01-28 13:00:00,"258,6539611816406","377,579987",1,4,2024-01-28
2024-01-28 14:00:00,"278,1838684082031","420,519989",1,4,2024-01-28
2024-01-28 15:00:00,"284,3321228027344","431,850006",1,4,2024-01-28
2024-01-28 16:00:00,"282,7366943359375","431,329987",1,4,2024-01-28
2024-01-28 17:00:00,"243,6111297607422","427,380005",1,4,2024-01-28
2024-01-28 18:00:00,"214,0313720703125","422,01001",1,4,2024-01-28
2024-01-28 19:00:00,"191,6124267578125","217,75",1,4,2024-01-28
2024-01-28 20:00:00,"189,9093017578125","122,029999",1,4,2024-01-28
2024-01-28 21:00:00,"177,01995849609375","74,550003",1,4,2024-01-28
2024-01-28 22:00:00,"151,46466064453125","51,59",1,4,2024-01-28
2024-01-28 23:00:00,"161,7067108154297","111,82",1,4,2024-01-28
2024-04-01 00:00:00,"250,6685333251953","343,549988",2,1,2024-04-01
2024-04-01 01:00:00,"206,925537109375","325,049988",2,1,2024-04-01
2024-04-01 02:00:00,"205,7563018798828","368,459991",2,1,2024-04-01
2024-04-01 03:00:00,"207,87608337402344","390,459991",2,1,2024-04-01
2024-04-01 04:00:00,"227,15943908691406","437,899994",2,1,2024-04-01
2024-04-01 05:00:00,"256,8486633300781","481,01001",2,1,2024-04-01
2024-04-01 06:00:00,"299,0115051269531","437,899994",2,1,2024-04-01
2024-04-01 07:00:00,"311,6563720703125","454,160004",2,1,2024-04-01
2024-04-01 08:00:00,"307,7581481933594","405,450012",2,1,2024-04-01
2024-04-01 09:00:00,"304,787353515625","226,669998",2,1,2024-04-01
2024-04-01 10:00:00,"302,3233642578125","134,550003",2,1,2024-04-01
2024-04-01 11:00:00,"295,63287353515625","149,550003",2,1,2024-04-01
2024-04-01 12:00:00,"286,1802673339844","74,809998",2,1,2024-04-01
2024-04-01 13:00:00,"308,56524658203125","33,34",2,1,2024-04-01
2024-04-01 14:00:00,"336,39825439453125","30,73",2,1,2024-04-01
2024-04-01 15:00:00,"369,0729064941406","98,080002",2,1,2024-04-01
2024-04-01 16:00:00,"418,57916259765625","258,149994",2,1,2024-04-01
2024-04-01 17:00:00,"430,1637878417969","361,970001",2,1,2024-04-01
2024-04-01 18:00:00,"397,0498046875","372,040009",2,1,2024-04-01
2024-04-01 19:00:00,"336,15179443359375","340,790009",2,1,2024-04-01
2024-04-01 20:00:00,"323,6326599121094","193,699997",2,1,2024-04-01
2024-04-01 21:00:00,"304,69091796875","55,720001",2,1,2024-04-01
2024-04-01 22:00:00,"300,7875061035156","59,450001",2,1,2024-04-01
2024-04-01 23:00:00,"280,49554443359375","9,55",2,1,2024-04-01
2024-04-02 00:00:00,"232,2104949951172","4,55",2,1,2024-04-02
2024-04-02 01:00:00,"225,1500244140625","6,49",2,1,2024-04-02
2024-04-02 02:00:00,"229,98028564453125","14,47",2,1,2024-04-02
2024-04-02 03:00:00,"242,98233032226562","54,220001",2,1,2024-04-02
2024-04-02 04:00:00,"264,96923828125","426,790009",2,1,2024-04-02
2024-04-02 05:00:00,"302,8321838378906","554,630005",2,1,2024-04-02
2024-04-02 06:00:00,"359,25494384765625","501,820007",2,1,2024-04-02
2024-04-02 07:00:00,"399,60345458984375","349,220001",2,1,2024-04-02
2024-04-02 08:00:00,"406,213623046875","285,589996",2,1,2024-04-02
2024-04-02 09:00:00,"408,57891845703125","293,130005",2,1,2024-04-02
2024-04-02 10:00:00,"399,28271484375","292,980011",2,1,2024-04-02
2024-04-02 11:00:00,"401,805419921875","286,190002",2,1,2024-04-02
2024-04-02 12:00:00,"395,64068603515625","248,970001",2,1,2024-04-02
2024-04-02 13:00:00,"411,1507568359375","187,210007",2,1,2024-04-02
2024-04-02 14:00:00,"548,1494750976562","65,860001",2,1,2024-04-02
2024-04-02 15:00:00,"580,4894409179688","307,299988",2,1,2024-04-02
2024-04-02 16:00:00,"595,226318359375","542,25",2,1,2024-04-02
2024-04-02 17:00:00,"565,9157104492188","711,48999",2,1,2024-04-02
2024-04-02 18:00:00,"488,1731872558594","707,679993",2,1,2024-04-02
2024-04-02 19:00:00,"424,82427978515625","582,75",2,1,2024-04-02
2024-04-02 20:00:00,"365,76007080078125","558,359985",2,1,2024-04-02
2024-04-02 21:00:00,"348,0740966796875","528,669983",2,1,2024-04-02
2024-04-02 22:00:00,"318,3887023925781","552,840027",2,1,2024-04-02
2024-04-02 23:00:00,"287,0057678222656","535,090027",2,1,2024-04-02
2024-04-03 00:00:00,"272,3872985839844","522,419983",2,1,2024-04-03
2024-04-03 01:00:00,"268,38897705078125","482,220001",2,1,2024-04-03
2024-04-03 02:00:00,"261,236572265625","483,929993",2,1,2024-04-03
2024-04-03 03:00:00,"282,9683532714844","512,570007",2,1,2024-04-03
2024-04-03 04:00:00,"308,7958679199219","707,820007",2,1,2024-04-03
2024-04-03 05:00:00,"366,826416015625","879,48999",2,1,2024-04-03
2024-04-03 06:00:00,"451,8272399902344","879,48999",2,1,2024-04-03
2024-04-03 07:00:00,"566,754150390625","753,080017",2,1,2024-04-03
2024-04-03 08:00:00,"588,7379150390625","800,590027",2,1,2024-04-03
2024-04-03 09:00:00,"597,0881958007812","677,23999",2,1,2024-04-03
2024-04-03 10:00:00,"575,0975341796875","611,76001",2,1,2024-04-03
2024-04-03 11:00:00,"574,1716918945312","573,349976",2,1,2024-04-03
2024-04-03 12:00:00,"557,9638061523438","544,710022",2,1,2024-04-03
2024-04-03 13:00:00,"586,7835693359375","531,890015",2,1,2024-04-03
2024-04-03 14:00:00,"615,5714721679688","558,289978",2,1,2024-04-03
2024-04-03 15:00:00,"633,2708740234375","672,840027",2,1,2024-04-03
2024-04-03 16:00:00,"666,592041015625","806,47998",2,1,2024-04-03
2024-04-03 17:00:00,"639,3653564453125","897,539978",2,1,2024-04-03
2024-04-03 18:00:00,"533,8612060546875","739,359985",2,1,2024-04-03
2024-04-03 19:00:00,"488,8836364746094","557,169983",2,1,2024-04-03
2024-04-03 20:00:00,"396,3548583984375","458,579987",2,1,2024-04-03
2024-04-03 21:00:00,"361,9167785644531","412,640015",2,1,2024-04-03
2024-04-03 22:00:00,"324,57666015625","406,619995",2,1,2024-04-03
2024-04-03 23:00:00,"287,0055847167969","387,899994",2,1,2024-04-03
2024-04-04 00:00:00,"278,2677917480469","374,179993",2,1,2024-04-04
2024-04-04 01:00:00,"254,1784210205078","384,619995",2,1,2024-04-04
2024-04-04 02:00:00,"253,7084197998047","387,380005",2,1,2024-04-04
2024-04-04 03:00:00,"262,7916259765625","403,339996",2,1,2024-04-04
2024-04-04 04:00:00,"290,8471374511719","454,200012",2,1,2024-04-04
2024-04-04 05:00:00,"363,5682067871094","576,219971",2,1,2024-04-04
2024-04-04 06:00:00,"414,11767578125","561,830017",2,1,2024-04-04
2024-04-04 07:00:00,"414,0863952636719","535,419983",2,1,2024-04-04
2024-04-04 08:00:00,"395,08807373046875","515,880005",2,1,2024-04-04
2024-04-04 09:00:00,"399,18505859375","470,309998",2,1,2024-04-04
2024-04-04 10:00:00,"368,39337158203125","433,170013",2,1,2024-04-04
2024-04-04 11:00:00,"347,859130859375","419,299988",2,1,2024-04-04
2024-04-04 12:00:00,"343,4426574707031","413,850006",2,1,2024-04-04
2024-04-04 13:00:00,"383,8631591796875","418,929993",2,1,2024-04-04
2024-04-04 14:00:00,"462,5762634277344","425,709991",2,1,2024-04-04
2024-04-04 15:00:00,"480,8255615234375","515,210022",2,1,2024-04-04
2024-04-04 16:00:00,"491,839111328125","562,049988",2,1,2024-04-04
2024-04-04 17:00:00,"455,3995361328125","676,159973",2,1,2024-04-04
2024-04-04 18:00:00,"397,966796875","600,97998",2,1,2024-04-04
2024-04-04 19:00:00,"356,84808349609375","533,47998",2,1,2024-04-04
2024-04-04 20:00:00,"302,6838684082031","520,280029",2,1,2024-04-04
2024-04-04 21:00:00,"275,5715637207031","430,109985",2,1,2024-04-04
2024-04-04 22:00:00,"228,9075469970703","348,920013",2,1,2024-04-04
2024-04-04 23:00:00,"225,0052947998047","360,029999",2,1,2024-04-04
2024-04-05 00:00:00,"187,8701171875","354,440002",2,1,2024-04-05
2024-04-05 01:00:00,"178,8878631591797","347,049988",2,1,2024-04-05
2024-04-05 02:00:00,"167,70672607421875","353,320007",2,1,2024-04-05
2024-04-05 03:00:00,"178,71514892578125","352,720001",2,1,2024-04-05
2024-04-05 04:00:00,"200,38973999023438","555,380005",2,1,2024-04-05
2024-04-05 05:00:00,"253,65292358398438","613,26001",2,1,2024-04-05
2024-04-05 06:00:00,"293,4303283691406","604,159973",2,1,2024-04-05
2024-04-05 07:00:00,"359,09649658203125","496,679993",2,1,2024-04-05
2024-04-05 08:00:00,"326,51507568359375","376,660004",2,1,2024-04-05
2024-04-05 09:00:00,"286,69775390625","339,670013",2,1,2024-04-05
2024-04-05 10:00:00,"279,046142578125","331,390015",2,1,2024-04-05
2024-04-05 11:00:00,"261,0328674316406","298,570007",2,1,2024-04-05
2024-04-05 12:00:00,"246,91075134277344","276,48999",2,1,2024-04-05
2024-04-05 13:00:00,"259,56195068359375","231,520004",2,1,2024-04-05
2024-04-05 14:00:00,"312,54248046875","205,929993",2,1,2024-04-05
2024-04-05 15:00:00,"341,7015686035156","298,269989",2,1,2024-04-05
2024-04-05 16:00:00,"364,6622619628906","370,320007",2,1,2024-04-05
2024-04-05 17:00:00,"340,39349365234375","398,299988",2,1,2024-04-05
2024-04-05 18:00:00,"286,4649658203125","402,170013",2,1,2024-04-05
2024-04-05 19:00:00,"242,65298461914062","398,299988",2,1,2024-04-05
2024-04-05 20:00:00,"239,5590057373047","393,299988",2,1,2024-04-05
2024-04-05 21:00:00,"205,86868286132812","370,100006",2,1,2024-04-05
2024-04-05 22:00:00,"198,14785766601562","313,649994",2,1,2024-04-05
2024-04-05 23:00:00,"170,309814453125","326,549988",2,1,2024-04-05
2024-04-06 00:00:00,"144,5865936279297","328,190002",2,1,2024-04-06
2024-04-06 01:00:00,"123,41368865966797","334,679993",2,1,2024-04-06
2024-04-06 02:00:00,"115,12110900878906","354,369995",2,1,2024-04-06
2024-04-06 03:00:00,"114,858642578125","359,890015",2,1,2024-04-06
2024-04-06 04:00:00,"130,63552856445312","372,5",2,1,2024-04-06
2024-04-06 05:00:00,"156,8330841064453","382,339996",2,1,2024-04-06
2024-04-06 06:00:00,"182,51385498046875","374,660004",2,1,2024-04-06
2024-04-06 07:00:00,"194,8502655029297","359,890015",2,1,2024-04-06
2024-04-06 08:00:00,"259,74884033203125","291,790009",2,1,2024-04-06
2024-04-06 09:00:00,"266,6491394042969","298,279999",2,1,2024-04-06
2024-04-06 10:00:00,"272,42486572265625","295,0",2,1,2024-04-06
2024-04-06 11:00:00,"264,2351989746094","282,23999",2,1,2024-04-06
2024-04-06 12:00:00,"283,4944763183594","260,459991",2,1,2024-04-06
2024-04-06 13:00:00,"319,4092102050781","292,459991",2,1,2024-04-06
2024-04-06 14:00:00,"403,44873046875","297,380005",2,1,2024-04-06
2024-04-06 15:00:00,"459,4460144042969","345,200012",2,1,2024-04-06
2024-04-06 16:00:00,"527,9164428710938","393,079987",2,1,2024-04-06
2024-04-06 17:00:00,"537,4898071289062","435,369995",2,1,2024-04-06
2024-04-06 18:00:00,"465,5150146484375","360,109985",2,1,2024-04-06
2024-04-06 19:00:00,"402,1120300292969","335,799988",2,1,2024-04-06
2024-04-06 20:00:00,"329,3288269042969","297,309998",2,1,2024-04-06
2024-04-06 21:00:00,"287,74334716796875","188,410004",2,1,2024-04-06
2024-04-06 22:00:00,"235,6138916015625","84,279999",2,1,2024-04-06
2024-04-06 23:00:00,"225,19769287109375","0,75",2,1,2024-04-06
2024-04-07 00:00:00,"215,74618530273438","0,0",2,1,2024-04-07
2024-04-07 01:00:00,"215,9703826904297","0,0",2,1,2024-04-07
2024-04-07 02:00:00,"217,2621307373047","0,0",2,1,2024-04-07
2024-04-07 03:00:00,"214,47300720214844","0,0",2,1,2024-04-07
2024-04-07 04:00:00,"231,4410400390625","0,0",2,1,2024-04-07
2024-04-07 05:00:00,"243,8306427001953","0,0",2,1,2024-04-07
2024-04-07 06:00:00,"265,57708740234375","0,0",2,1,2024-04-07
2024-04-07 07:00:00,"287,3465881347656","-0,07",2,1,2024-04-07
2024-04-07 08:00:00,"279,05975341796875","-1,19",2,1,2024-04-07
2024-04-07 09:00:00,"249,12217712402344","-22,450001",2,1,2024-04-07
2024-04-07 10:00:00,"256,7138671875","-29,76",2,1,2024-04-07
2024-04-07 11:00:00,"250,89035034179688","-48,849998",2,1,2024-04-07
2024-04-07 12:00:00,"252,079345703125","-74,589996",2,1,2024-04-07
2024-04-07 13:00:00,"278,2206115722656","-37,59",2,1,2024-04-07
2024-04-07 14:00:00,"283,88873291015625","-1,19",2,1,2024-04-07
2024-04-07 15:00:00,"308,2137145996094","51,610001",2,1,2024-04-07
2024-04-07 16:00:00,"295,2352600097656","682,159973",2,1,2024-04-07
2024-04-07 17:00:00,"258,7438659667969","808,440002",2,1,2024-04-07
2024-04-07 18:00:00,"234,5699462890625","793,599976",2,1,2024-04-07
2024-04-07 19:00:00,"222,65374755859375","670,900024",2,1,2024-04-07
2024-04-07 20:00:00,"211,47315979003906","577,73999",2,1,2024-04-07
2024-04-07 21:00:00,"202,7994384765625","494,730011",2,1,2024-04-07
2024-04-07 22:00:00,"191,07025146484375","527,849976",2,1,2024-04-07
2024-04-07 23:00:00,"197,61190795898438","494,359985",2,1,2024-04-07
2024-04-08 00:00:00,"271,7525634765625","292,079987",2,2,2024-04-08
2024-04-08 01:00:00,"192,58447265625","312,290009",2,2,2024-04-08
2024-04-08 02:00:00,"183,2191925048828","328,480011",2,2,2024-04-08
2024-04-08 03:00:00,"175,46746826171875","494,799988",2,2,2024-04-08
2024-04-08 04:00:00,"202,17213439941406","760,700012",2,2,2024-04-08
2024-04-08 05:00:00,"247,96661376953125","1117,150024",2,2,2024-04-08
2024-04-08 06:00:00,"299,1412353515625","958,580017",2,2,2024-04-08
2024-04-08 07:00:00,"310,9571838378906","637,789978",2,2,2024-04-08
2024-04-08 08:00:00,"300,2173767089844","601,159973",2,2,2024-04-08
2024-04-08 09:00:00,"304,77886962890625","531,280029",2,2,2024-04-08
2024-04-08 10:00:00,"299,6971435546875","482,570007",2,2,2024-04-08
2024-04-08 11:00:00,"296,44183349609375","447,519989",2,2,2024-04-08
2024-04-08 12:00:00,"283,3666687011719","431,779999",2,2,2024-04-08
2024-04-08 13:00:00,"306,89154052734375","472,880005",2,2,2024-04-08
2024-04-08 14:00:00,"327,51446533203125","522,099976",2,2,2024-04-08
2024-04-08 15:00:00,"347,38519287109375","559,469971",2,2,2024-04-08
2024-04-08 16:00:00,"406,3076171875","782,409973",2,2,2024-04-08
2024-04-08 17:00:00,"415,77935791015625","1024,069946",2,2,2024-04-08
2024-04-08 18:00:00,"395,9006652832031","930,830017",2,2,2024-04-08
2024-04-08 19:00:00,"349,1802978515625","632,859985",2,2,2024-04-08
2024-04-08 20:00:00,"324,6300964355469","574,309998",2,2,2024-04-08
2024-04-08 21:00:00,"303,3253173828125","523,52002",2,2,2024-04-08
2024-04-08 22:00:00,"295,7159118652344","583,330017",2,2,2024-04-08
2024-04-08 23:00:00,"261,9941101074219","517,549988",2,2,2024-04-08
2024-04-09 00:00:00,"238,55914306640625","482,790009",2,2,2024-04-09
2024-04-09 01:00:00,"229,07188415527344","440,200012",2,2,2024-04-09
2024-04-09 02:00:00,"229,8564910888672","453,779999",2,2,2024-04-09
2024-04-09 03:00:00,"249,7023162841797","488,390015",2,2,2024-04-09
2024-04-09 04:00:00,"292,2806091308594","631,070007",2,2,2024-04-09
2024-04-09 05:00:00,"320,7972412109375","670,900024",2,2,2024-04-09
2024-04-09 06:00:00,"364,430419921875","595,039978",2,2,2024-04-09
2024-04-09 07:00:00,"414,9101867675781","509,420013",2,2,2024-04-09
2024-04-09 08:00:00,"387,7328186035156","376,51001",2,2,2024-04-09
2024-04-09 09:00:00,"405,6961364746094","336,160004",2,2,2024-04-09
2024-04-09 10:00:00,"397,05633544921875","279,920013",2,2,2024-04-09
2024-04-09 11:00:00,"400,737548828125","224,059998",2,2,2024-04-09
2024-04-09 12:00:00,"401,88165283203125","200,860001",2,2,2024-04-09
2024-04-09 13:00:00,"410,5478820800781","221,970001",2,2,2024-04-09
2024-04-09 14:00:00,"545,895263671875","296,850006",2,2,2024-04-09
2024-04-09 15:00:00,"589,700439453125","360,769989",2,2,2024-04-09
2024-04-09 16:00:00,"595,314697265625","479,730011",2,2,2024-04-09
2024-04-09 17:00:00,"565,4345092773438","595,119995",2,2,2024-04-09
2024-04-09 18:00:00,"493,48956298828125","447,140015",2,2,2024-04-09
2024-04-09 19:00:00,"414,4891357421875","359,649994",2,2,2024-04-09
2024-04-09 20:00:00,"361,958251953125","335,640015",2,2,2024-04-09
2024-04-09 21:00:00,"309,6853332519531","257,619995",2,2,2024-04-09
2024-04-09 22:00:00,"279,7931213378906","68,550003",2,2,2024-04-09
2024-04-09 23:00:00,"254,39134216308594","30,58",2,2,2024-04-09
2024-04-10 00:00:00,"243,60733032226562","11,64",2,2,2024-04-10
2024-04-10 01:00:00,"234,91944885253906","9,55",2,2,2024-04-10
2024-04-10 02:00:00,"238,38088989257812","1,27",2,2,2024-04-10
2024-04-10 03:00:00,"250,16734313964844","11,49",2,2,2024-04-10
2024-04-10 04:00:00,"286,7344970703125","23,049999",2,2,2024-04-10
2024-04-10 05:00:00,"332,3826599121094","101,290001",2,2,2024-04-10
2024-04-10 06:00:00,"429,9484558105469","145,0",2,2,2024-04-10
2024-04-10 07:00:00,"542,2010498046875","116,660004",2,2,2024-04-10
2024-04-10 08:00:00,"587,3256225585938","95,019997",2,2,2024-04-10
2024-04-10 09:00:00,"598,4425048828125","45,5",2,2,2024-04-10
2024-04-10 10:00:00,"571,877685546875","11,86",2,2,2024-04-10
2024-04-10 11:00:00,"567,5554809570312","2,69",2,2,2024-04-10
2024-04-10 12:00:00,"544,9754028320312","0,0",2,2,2024-04-10
2024-04-10 13:00:00,"573,3079833984375","0,07",2,2,2024-04-10
2024-04-10 14:00:00,"619,3367919921875","11,86",2,2,2024-04-10
2024-04-10 15:00:00,"628,857666015625","122,169998",2,2,2024-04-10
2024-04-10 16:00:00,"652,2481689453125","616,469971",2,2,2024-04-10
2024-04-10 17:00:00,"633,4451904296875","1084,949951",2,2,2024-04-10
2024-04-10 18:00:00,"577,3228149414062","1052,430054",2,2,2024-04-10
2024-04-10 19:00:00,"512,0155029296875","722,380005",2,2,2024-04-10
2024-04-10 20:00:00,"416,9087829589844","392,029999",2,2,2024-04-10
2024-04-10 21:00:00,"381,3211975097656","352,200012",2,2,2024-04-10
2024-04-10 22:00:00,"333,8290100097656","303,440002",2,2,2024-04-10
2024-04-10 23:00:00,"295,51129150390625","198,940002",2,2,2024-04-10
2024-04-11 00:00:00,"274,6270751953125","165,589996",2,2,2024-04-11
2024-04-11 01:00:00,"250,17193603515625","74,519997",2,2,2024-04-11
2024-04-11 02:00:00,"254,77857971191406","11,71",2,2,2024-04-11
2024-04-11 03:00:00,"260,9310302734375","11,64",2,2,2024-04-11
2024-04-11 04:00:00,"296,2665100097656","19,469999",2,2,2024-04-11
2024-04-11 05:00:00,"373,8283386230469","297,399994",2,2,2024-04-11
2024-04-11 06:00:00,"415,1734924316406","309,929993",2,2,2024-04-11
2024-04-11 07:00:00,"406,4334411621094","223,770004",2,2,2024-04-11
2024-04-11 08:00:00,"392,3248596191406","74,959999",2,2,2024-04-11
2024-04-11 09:00:00,"389,23138427734375","6,41",2,2,2024-04-11
2024-04-11 10:00:00,"366,5043640136719","6,79",2,2,2024-04-11
2024-04-11 11:00:00,"357,3772277832031","8,21",2,2,2024-04-11
2024-04-11 12:00:00,"358,60919189453125","4,25",2,2,2024-04-11
2024-04-11 13:00:00,"396,56829833984375","96,07",2,2,2024-04-11
2024-04-11 14:00:00,"474,45025634765625","64,75",2,2,2024-04-11
2024-04-11 15:00:00,"491,979248046875","347,070007",2,2,2024-04-11
2024-04-11 16:00:00,"487,3830261230469","711,75",2,2,2024-04-11
2024-04-11 17:00:00,"446,4490966796875","1002,210022",2,2,2024-04-11
2024-04-11 18:00:00,"389,9620361328125","893,609985",2,2,2024-04-11
2024-04-11 19:00:00,"344,58026123046875","679,159973",2,2,2024-04-11
2024-04-11 20:00:00,"300,4679260253906","541,159973",2,2,2024-04-11
2024-04-11 21:00:00,"277,2037353515625","451,059998",2,2,2024-04-11
2024-04-11 22:00:00,"229,14883422851562","339,720001",2,2,2024-04-11
2024-04-11 23:00:00,"225,6673583984375","325,029999",2,2,2024-04-11
2024-04-12 00:00:00,"190,5092010498047","331,73999",2,2,2024-04-12
2024-04-12 01:00:00,"186,37147521972656","304,51001",2,2,2024-04-12
2024-04-12 02:00:00,"184,50503540039062","298,399994",2,2,2024-04-12
2024-04-12 03:00:00,"177,79405212402344","298,399994",2,2,2024-04-12
2024-04-12 04:00:00,"198,58737182617188","308,019989",2,2,2024-04-12
2024-04-12 05:00:00,"253,91842651367188","362,619995",2,2,2024-04-12
2024-04-12 06:00:00,"314,85650634765625","516,75",2,2,2024-04-12
2024-04-12 07:00:00,"358,85516357421875","489,290009",2,2,2024-04-12
2024-04-12 08:00:00,"331,86749267578125","314,51001",2,2,2024-04-12
2024-04-12 09:00:00,"313,1357421875","186,050003",2,2,2024-04-12
2024-04-12 10:00:00,"289,5806884765625","149,869995",2,2,2024-04-12
2024-04-12 11:00:00,"277,5799560546875","37,150002",2,2,2024-04-12
2024-04-12 12:00:00,"255,91111755371094","6,04",2,2,2024-04-12
2024-04-12 13:00:00,"267,1205749511719","3,21",2,2,2024-04-12
2024-04-12 14:00:00,"306,2767639160156","128,460007",2,2,2024-04-12
2024-04-12 15:00:00,"338,2474365234375","293,920013",2,2,2024-04-12
2024-04-12 16:00:00,"362,6879577636719","351,51001",2,2,2024-04-12
2024-04-12 17:00:00,"339,2075500488281","351,730011",2,2,2024-04-12
2024-04-12 18:00:00,"291,6991882324219","352,029999",2,2,2024-04-12
2024-04-12 19:00:00,"240,73501586914062","351,429993",2,2,2024-04-12
2024-04-12 20:00:00,"244,93788146972656","342,329987",2,2,2024-04-12
2024-04-12 21:00:00,"211,7594451904297","329,200012",2,2,2024-04-12
2024-04-12 22:00:00,"208,29693603515625","175,020004",2,2,2024-04-12
2024-04-12 23:00:00,"183,2145233154297","193,369995",2,2,2024-04-12
2024-04-13 00:00:00,"155,3258819580078","144,429993",2,2,2024-04-13
2024-04-13 01:00:00,"139,55224609375","130,779999",2,2,2024-04-13
2024-04-13 02:00:00,"134,9503173828125","130,259995",2,2,2024-04-13
2024-04-13 03:00:00,"123,03226470947266","173,899994",2,2,2024-04-13
2024-04-13 04:00:00,"140,45387268066406","207,619995",2,2,2024-04-13
2024-04-13 05:00:00,"174,3215789794922","251,630005",2,2,2024-04-13
2024-04-13 06:00:00,"188,1298370361328","168,600006",2,2,2024-04-13
2024-04-13 07:00:00,"211,37098693847656","65,650002",2,2,2024-04-13
2024-04-13 08:00:00,"265,4735412597656","-0,15",2,2,2024-04-13
2024-04-13 09:00:00,"261,0836486816406","-30,139999",2,2,2024-04-13
2024-04-13 10:00:00,"265,8482971191406","-59,830002",2,2,2024-04-13
2024-04-13 11:00:00,"254,96749877929688","-150,699997",2,2,2024-04-13
2024-04-13 12:00:00,"261,0776062011719","-218,729996",2,2,2024-04-13
2024-04-13 13:00:00,"292,70379638671875","-235,740005",2,2,2024-04-13
2024-04-13 14:00:00,"369,3132629394531","-75,120003",2,2,2024-04-13
2024-04-13 15:00:00,"447,64947509765625","14,92",2,2,2024-04-13
2024-04-13 16:00:00,"523,0634155273438","213,740005",2,2,2024-04-13
2024-04-13 17:00:00,"532,735595703125","392,859985",2,2,2024-04-13
2024-04-13 18:00:00,"473,6252746582031","298,630005",2,2,2024-04-13
2024-04-13 19:00:00,"428,65496826171875","258,5",2,2,2024-04-13
2024-04-13 20:00:00,"345,90966796875","153,679993",2,2,2024-04-13
2024-04-13 21:00:00,"277,1324768066406","52,59",2,2,2024-04-13
2024-04-13 22:00:00,"225,97799682617188","3,21",2,2,2024-04-13
2024-04-13 23:00:00,"230,51681518554688","6,19",2,2,2024-04-13
2024-04-14 00:00:00,"208,6697540283203","6,79",2,2,2024-04-14
2024-04-14 01:00:00,"208,50753784179688","3,13",2,2,2024-04-14
2024-04-14 02:00:00,"206,70152282714844","3,66",2,2,2024-04-14
2024-04-14 03:00:00,"197,6041717529297","21,709999",2,2,2024-04-14
2024-04-14 04:00:00,"218,82321166992188","93,629997",2,2,2024-04-14
2024-04-14 05:00:00,"221,7619171142578","96,989998",2,2,2024-04-14
2024-04-14 06:00:00,"253,63943481445312","55,279999",2,2,2024-04-14
2024-04-14 07:00:00,"275,4671325683594","0,0",2,2,2024-04-14
2024-04-14 08:00:00,"258,5118713378906","-17,16",2,2,2024-04-14
2024-04-14 09:00:00,"235,29248046875","-89,379997",2,2,2024-04-14
2024-04-14 10:00:00,"241,31594848632812","-314,399994",2,2,2024-04-14
2024-04-14 11:00:00,"224,91062927246094","-397,73999",2,2,2024-04-14
2024-04-14 12:00:00,"234,49098205566406","-402,880005",2,2,2024-04-14
2024-04-14 13:00:00,"246,4457550048828","-298,809998",2,2,2024-04-14
2024-04-14 14:00:00,"276,505126953125","-46,630001",2,2,2024-04-14
2024-04-14 15:00:00,"295,560302734375","11,71",2,2,2024-04-14
2024-04-14 16:00:00,"289,21484375","157,419998",2,2,2024-04-14
2024-04-14 17:00:00,"269,9299011230469","655,059998",2,2,2024-04-14
2024-04-14 18:00:00,"245,75088500976562","894,619995",2,2,2024-04-14
2024-04-14 19:00:00,"203,436279296875","840,159973",2,2,2024-04-14
2024-04-14 20:00:00,"189,5758056640625","724,890015",2,2,2024-04-14
2024-04-14 21:00:00,"176,67076110839844","594,549988",2,2,2024-04-14
2024-04-14 22:00:00,"159,19610595703125","343,269989",2,2,2024-04-14
2024-04-14 23:00:00,"170,07772827148438","334,690002",2,2,2024-04-14
2024-04-15 00:00:00,"233,46498107910156","526,359985",2,3,2024-04-15
2024-04-15 01:00:00,"200,0030517578125","491,220001",2,3,2024-04-15
2024-04-15 02:00:00,"196,770263671875","561,280029",2,3,2024-04-15
2024-04-15 03:00:00,"200,14312744140625","647,150024",2,3,2024-04-15
2024-04-15 04:00:00,"217,49774169921875","863,440002",2,3,2024-04-15
2024-04-15 05:00:00,"255,01185607910156","1261,98999",2,3,2024-04-15
2024-04-15 06:00:00,"300,2538146972656","1143,290039",2,3,2024-04-15
2024-04-15 07:00:00,"310,0580749511719","683,109985",2,3,2024-04-15
2024-04-15 08:00:00,"301,44903564453125","568,809998",2,3,2024-04-15
2024-04-15 09:00:00,"299,947265625","425,269989",2,3,2024-04-15
2024-04-15 10:00:00,"300,5286560058594","320,809998",2,3,2024-04-15
2024-04-15 11:00:00,"296,8884582519531","245,389999",2,3,2024-04-15
2024-04-15 12:00:00,"285,6112060546875","145,490005",2,3,2024-04-15
2024-04-15 13:00:00,"313,8517761230469","223,380005",2,3,2024-04-15
2024-04-15 14:00:00,"332,8453674316406","265,459991",2,3,2024-04-15
2024-04-15 15:00:00,"369,5262145996094","345,440002",2,3,2024-04-15
2024-04-15 16:00:00,"421,0219421386719","516,289978",2,3,2024-04-15
2024-04-15 17:00:00,"428,02801513671875","588,809998",2,3,2024-04-15
2024-04-15 18:00:00,"403,1974182128906","574,630005",2,3,2024-04-15
2024-04-15 19:00:00,"317,1136474609375","494,730011",2,3,2024-04-15
2024-04-15 20:00:00,"283,20404052734375","394,899994",2,3,2024-04-15
2024-04-15 21:00:00,"262,78192138671875","261,200012",2,3,2024-04-15
2024-04-15 22:00:00,"255,7945556640625","231,639999",2,3,2024-04-15
2024-04-15 23:00:00,"241,90174865722656","132,720001",2,3,2024-04-15
2024-04-16 00:00:00,"230,4252471923828","49,610001",2,3,2024-04-16
2024-04-16 01:00:00,"221,31854248046875","40,959999",2,3,2024-04-16
2024-04-16 02:00:00,"235,34902954101562","133,539993",2,3,2024-04-16
2024-04-16 03:00:00,"252,22364807128906","270,209991",2,3,2024-04-16
2024-04-16 04:00:00,"285,43701171875","384,880005",2,3,2024-04-16
2024-04-16 05:00:00,"320,746337890625","554,0",2,3,2024-04-16
2024-04-16 06:00:00,"364,9458923339844","554,0",2,3,2024-04-16
2024-04-16 07:00:00,"425,77593994140625","483,5",2,3,2024-04-16
2024-04-16 08:00:00,"384,1890563964844","388,309998",2,3,2024-04-16
2024-04-16 09:00:00,"398,7265930175781","344,290009",2,3,2024-04-16
2024-04-16 10:00:00,"396,8789978027344","320,5",2,3,2024-04-16
2024-04-16 11:00:00,"400,5691833496094","316,089996",2,3,2024-04-16
2024-04-16 12:00:00,"394,8609313964844","322,359985",2,3,2024-04-16
2024-04-16 13:00:00,"409,89422607421875","362,049988",2,3,2024-04-16
2024-04-16 14:00:00,"549,9003295898438","457,540009",2,3,2024-04-16
2024-04-16 15:00:00,"587,7421875","594,359985",2,3,2024-04-16
2024-04-16 16:00:00,"597,1505126953125","693,210022",2,3,2024-04-16
2024-04-16 17:00:00,"565,130126953125","850,400024",2,3,2024-04-16
2024-04-16 18:00:00,"508,9259338378906","928,960022",2,3,2024-04-16
2024-04-16 19:00:00,"441,0127868652344","779,309998",2,3,2024-04-16
2024-04-16 20:00:00,"401,1322021484375","672,169983",2,3,2024-04-16
2024-04-16 21:00:00,"364,1396789550781","627,409973",2,3,2024-04-16
2024-04-16 22:00:00,"351,983154296875","625,48999",2,3,2024-04-16
2024-04-16 23:00:00,"321,24676513671875","625,48999",2,3,2024-04-16
2024-04-17 00:00:00,"295,9464416503906","606,919983",2,3,2024-04-17
2024-04-17 01:00:00,"284,95361328125","614,75",2,3,2024-04-17
2024-04-17 02:00:00,"279,9929504394531","618,929993",2,3,2024-04-17
2024-04-17 03:00:00,"283,88653564453125","624,669983",2,3,2024-04-17
2024-04-17 04:00:00,"316,6585693359375","816,109985",2,3,2024-04-17
2024-04-17 05:00:00,"365,7638854980469","1268,069946",2,3,2024-04-17
2024-04-17 06:00:00,"453,71771240234375","1157,650024",2,3,2024-04-17
2024-04-17 07:00:00,"561,4625854492188","780,52002",2,3,2024-04-17
2024-04-17 08:00:00,"584,0369262695312","625,940002",2,3,2024-04-17
2024-04-17 09:00:00,"596,4850463867188","596,099976",2,3,2024-04-17
2024-04-17 10:00:00,"576,698486328125","599,080017",2,3,2024-04-17
2024-04-17 11:00:00,"568,94189453125","589,830017",2,3,2024-04-17
2024-04-17 12:00:00,"555,5345458984375","579,76001",2,3,2024-04-17
2024-04-17 13:00:00,"584,2771606445312","574,690002",2,3,2024-04-17
2024-04-17 14:00:00,"612,9127807617188","596,840027",2,3,2024-04-17
2024-04-17 15:00:00,"629,8422241210938","648,320007",2,3,2024-04-17
2024-04-17 16:00:00,"659,7886352539062","857,73999",2,3,2024-04-17
2024-04-17 17:00:00,"628,34912109375","1193,089966",2,3,2024-04-17
2024-04-17 18:00:00,"579,5296020507812","1267,550049",2,3,2024-04-17
2024-04-17 19:00:00,"515,34033203125","970,320007",2,3,2024-04-17
2024-04-17 20:00:00,"415,827392578125","738,890015",2,3,2024-04-17
2024-04-17 21:00:00,"384,04083251953125","655,109985",2,3,2024-04-17
2024-04-17 22:00:00,"329,1238098144531","685,150024",2,3,2024-04-17
2024-04-17 23:00:00,"302,09600830078125","652,23999",2,3,2024-04-17
2024-04-18 00:00:00,"273,1058654785156","660,52002",2,3,2024-04-18
2024-04-18 01:00:00,"251,3435821533203","654,780029",2,3,2024-04-18
2024-04-18 02:00:00,"248,60340881347656","668,580017",2,3,2024-04-18
2024-04-18 03:00:00,"257,4452819824219","697,380005",2,3,2024-04-18
2024-04-18 04:00:00,"287,99932861328125","909,349976",2,3,2024-04-18
2024-04-18 05:00:00,"358,5480651855469","1162,430054",2,3,2024-04-18
2024-04-18 06:00:00,"404,43084716796875","978,809998",2,3,2024-04-18
2024-04-18 07:00:00,"415,80224609375","754,460022",2,3,2024-04-18
2024-04-18 08:00:00,"385,4930114746094","673,059998",2,3,2024-04-18
2024-04-18 09:00:00,"389,43243408203125","625,76001",2,3,2024-04-18
2024-04-18 10:00:00,"358,9549560546875","601,659973",2,3,2024-04-18
2024-04-18 11:00:00,"337,5897521972656","575,98999",2,3,2024-04-18
2024-04-18 12:00:00,"345,9694519042969","544,72998",2,3,2024-04-18
2024-04-18 13:00:00,"390,41790771484375","527,48999",2,3,2024-04-18
2024-04-18 14:00:00,"469,82757568359375","528,840027",2,3,2024-04-18
2024-04-18 15:00:00,"479,4798278808594","606,799988",2,3,2024-04-18
2024-04-18 16:00:00,"487,3517150878906","701,559998",2,3,2024-04-18
2024-04-18 17:00:00,"452,2969665527344","934,419983",2,3,2024-04-18
2024-04-18 18:00:00,"415,490478515625","961,200012",2,3,2024-04-18
2024-04-18 19:00:00,"353,813232421875","790,27002",2,3,2024-04-18
2024-04-18 20:00:00,"320,5208435058594","670,669983",2,3,2024-04-18
2024-04-18 21:00:00,"285,12213134765625","592,179993",2,3,2024-04-18
2024-04-18 22:00:00,"237,64627075195312","576,090027",2,3,2024-04-18
2024-04-18 23:00:00,"228,9395751953125","453,869995",2,3,2024-04-18
2024-04-19 00:00:00,"194,58982849121094","377,019989",2,3,2024-04-19
2024-04-19 01:00:00,"182,61441040039062","369,109985",2,3,2024-04-19
2024-04-19 02:00:00,"172,7830047607422","357,920013",2,3,2024-04-19
2024-04-19 03:00:00,"182,3203887939453","366,200012",2,3,2024-04-19
2024-04-19 04:00:00,"204,2754669189453","448,570007",2,3,2024-04-19
2024-04-19 05:00:00,"256,58795166015625","527,809998",2,3,2024-04-19
2024-04-19 06:00:00,"304,34417724609375","581,01001",2,3,2024-04-19
2024-04-19 07:00:00,"355,2629699707031","516,700012",2,3,2024-04-19
2024-04-19 08:00:00,"324,1662902832031","457,160004",2,3,2024-04-19
2024-04-19 09:00:00,"286,0379333496094","427,380005",2,3,2024-04-19
2024-04-19 10:00:00,"277,85162353515625","389,179993",2,3,2024-04-19
2024-04-19 11:00:00,"262,2456970214844","363,140015",2,3,2024-04-19
2024-04-19 12:00:00,"243,96714782714844","346,059998",2,3,2024-04-19
2024-04-19 13:00:00,"262,3137512207031","353,0",2,3,2024-04-19
2024-04-19 14:00:00,"309,62701416015625","379,859985",2,3,2024-04-19
2024-04-19 15:00:00,"336,94793701171875","427,980011",2,3,2024-04-19
2024-04-19 16:00:00,"363,989013671875","470,660004",2,3,2024-04-19
2024-04-19 17:00:00,"338,50567626953125","475,660004",2,3,2024-04-19
2024-04-19 18:00:00,"302,52679443359375","482,670013",2,3,2024-04-19
2024-04-19 19:00:00,"254,92628479003906","482,079987",2,3,2024-04-19
2024-04-19 20:00:00,"231,13534545898438","475,359985",2,3,2024-04-19
2024-04-19 21:00:00,"224,7267608642578","459,839996",2,3,2024-04-19
2024-04-19 22:00:00,"208,40040588378906","438,709991",2,3,2024-04-19
2024-04-19 23:00:00,"189,09133911132812","422,209991",2,3,2024-04-19
2024-04-20 00:00:00,"176,2472686767578","417,51001",2,3,2024-04-20
2024-04-20 01:00:00,"146,89340209960938","430,950012",2,3,2024-04-20
2024-04-20 02:00:00,"145,72837829589844","455,5",2,3,2024-04-20
2024-04-20 03:00:00,"153,14649963378906","468,850006",2,3,2024-04-20
2024-04-20 04:00:00,"166,4131317138672","476,98999",2,3,2024-04-20
2024-04-20 05:00:00,"186,04017639160156","507,279999",2,3,2024-04-20
2024-04-20 06:00:00,"212,29962158203125","485,350006",2,3,2024-04-20
2024-04-20 07:00:00,"218,9976806640625","446,98999",2,3,2024-04-20
2024-04-20 08:00:00,"278,3500671386719","373,48999",2,3,2024-04-20
2024-04-20 09:00:00,"272,36688232421875","286,769989",2,3,2024-04-20
2024-04-20 10:00:00,"271,8596496582031","216,179993",2,3,2024-04-20
2024-04-20 11:00:00,"267,083984375","92,010002",2,3,2024-04-20
2024-04-20 12:00:00,"282,1878356933594","78,730003",2,3,2024-04-20
2024-04-20 13:00:00,"314,9530334472656","136,779999",2,3,2024-04-20
2024-04-20 14:00:00,"397,3558654785156","279,160004",2,3,2024-04-20
2024-04-20 15:00:00,"458,3220520019531","468,850006",2,3,2024-04-20
2024-04-20 16:00:00,"523,4850463867188","588,77002",2,3,2024-04-20
2024-04-20 17:00:00,"535,1051635742188","668,690002",2,3,2024-04-20
2024-04-20 18:00:00,"503,37933349609375","724,140015",2,3,2024-04-20
2024-04-20 19:00:00,"438,2045593261719","673,919983",2,3,2024-04-20
2024-04-20 20:00:00,"377,72760009765625","642,280029",2,3,2024-04-20
2024-04-20 21:00:00,"326,5391540527344","618,619995",2,3,2024-04-20
2024-04-20 22:00:00,"261,9994812011719","610,679993",2,3,2024-04-20
2024-04-20 23:00:00,"235,626220703125","526,669983",2,3,2024-04-20
2024-04-21 00:00:00,"215,2541961669922","518,76001",2,3,2024-04-21
2024-04-21 01:00:00,"217,3063507080078","480,48999",2,3,2024-04-21
2024-04-21 02:00:00,"217,96893310546875","476,609985",2,3,2024-04-21
2024-04-21 03:00:00,"217,73577880859375","474,670013",2,3,2024-04-21
2024-04-21 04:00:00,"232,80384826660156","480,709991",2,3,2024-04-21
2024-04-21 05:00:00,"242,5334014892578","451,609985",2,3,2024-04-21
2024-04-21 06:00:00,"257,2623291015625","454,220001",2,3,2024-04-21
2024-04-21 07:00:00,"271,620361328125","408,339996",2,3,2024-04-21
2024-04-21 08:00:00,"258,3825378417969","322,980011",2,3,2024-04-21
2024-04-21 09:00:00,"238,92526245117188","316,869995",2,3,2024-04-21
2024-04-21 10:00:00,"244,79733276367188","327,829987",2,3,2024-04-21
2024-04-21 11:00:00,"242,1450653076172","314,399994",2,3,2024-04-21
2024-04-21 12:00:00,"243,46974182128906","309,480011",2,3,2024-04-21
2024-04-21 13:00:00,"269,6111145019531","312,839996",2,3,2024-04-21
2024-04-21 14:00:00,"276,85638427734375","355,890015",2,3,2024-04-21
2024-04-21 15:00:00,"298,4034118652344","437,809998",2,3,2024-04-21
2024-04-21 16:00:00,"296,238037109375","556,590027",2,3,2024-04-21
2024-04-21 17:00:00,"255,63507080078125","666,710022",2,3,2024-04-21
2024-04-21 18:00:00,"242,41941833496094","710,72998",2,3,2024-04-21
2024-04-21 19:00:00,"216,3961181640625","679,469971",2,3,2024-04-21
2024-04-21 20:00:00,"209,1675262451172","667,080017",2,3,2024-04-21
2024-04-21 21:00:00,"197,48947143554688","660,0",2,3,2024-04-21
2024-04-21 22:00:00,"186,71217346191406","589,190002",2,3,2024-04-21
2024-04-21 23:00:00,"196,80535888671875","582,330017",2,3,2024-04-21
2024-04-22 00:00:00,"256,5055847167969","585,23999",2,4,2024-04-22
2024-04-22 01:00:00,"201,3638153076172","596,280029",2,4,2024-04-22
2024-04-22 02:00:00,"193,7721405029297","595,309998",2,4,2024-04-22
2024-04-22 03:00:00,"200,52696228027344","652,830017",2,4,2024-04-22
2024-04-22 04:00:00,"215,60914611816406","790,109985",2,4,2024-04-22
2024-04-22 05:00:00,"246,75889587402344","975,820007",2,4,2024-04-22
2024-04-22 06:00:00,"297,8416442871094","876,359985",2,4,2024-04-22
2024-04-22 07:00:00,"303,52349853515625","724,090027",2,4,2024-04-22
2024-04-22 08:00:00,"302,5803527832031","610,75",2,4,2024-04-22
2024-04-22 09:00:00,"295,7074279785156","606,130005",2,4,2024-04-22
2024-04-22 10:00:00,"282,1639404296875","574,869995",2,4,2024-04-22
2024-04-22 11:00:00,"270,8929748535156","549,650024",2,4,2024-04-22
2024-04-22 12:00:00,"274,2269592285156","553,080017",2,4,2024-04-22
2024-04-22 13:00:00,"299,6880187988281","571,429993",2,4,2024-04-22
2024-04-22 14:00:00,"331,23553466796875","608,590027",2,4,2024-04-22
2024-04-22 15:00:00,"360,433349609375","722,150024",2,4,2024-04-22
2024-04-22 16:00:00,"403,47076416015625","881,880005",2,4,2024-04-22
2024-04-22 17:00:00,"414,00982666015625","1223,969971",2,4,2024-04-22
2024-04-22 18:00:00,"403,25518798828125","1275,52002",2,4,2024-04-22
2024-04-22 19:00:00,"338,2730407714844","970,299988",2,4,2024-04-22
2024-04-22 20:00:00,"319,4434814453125","789,140015",2,4,2024-04-22
2024-04-22 21:00:00,"296,58221435546875","723,640015",2,4,2024-04-22
2024-04-22 22:00:00,"277,0359191894531","658,969971",2,4,2024-04-22
2024-04-22 23:00:00,"254,51646423339844","646,809998",2,4,2024-04-22
2024-04-23 00:00:00,"227,89822387695312","641,289978",2,4,2024-04-23
2024-04-23 01:00:00,"218,2181396484375","637,340027",2,4,2024-04-23
2024-04-23 02:00:00,"233,9990997314453","644,280029",2,4,2024-04-23
2024-04-23 03:00:00,"254,0355224609375","728,890015",2,4,2024-04-23
2024-04-23 04:00:00,"281,79638671875","905,789978",2,4,2024-04-23
2024-04-23 05:00:00,"305,2733154296875","1352,420044",2,4,2024-04-23
2024-04-23 06:00:00,"358,95263671875","1016,820007",2,4,2024-04-23
2024-04-23 07:00:00,"408,3086853027344","734,030029",2,4,2024-04-23
2024-04-23 08:00:00,"396,4270935058594","618,309998",2,4,2024-04-23
2024-04-23 09:00:00,"400,92327880859375","576,450012",2,4,2024-04-23
2024-04-23 10:00:00,"388,6228332519531","577,950012",2,4,2024-04-23
2024-04-23 11:00:00,"391,42510986328125","592,27002",2,4,2024-04-23
2024-04-23 12:00:00,"385,0127258300781","586,599976",2,4,2024-04-23
2024-04-23 13:00:00,"398,98504638671875","597,049988",2,4,2024-04-23
2024-04-23 14:00:00,"523,619873046875","619,429993",2,4,2024-04-23
2024-04-23 15:00:00,"568,3778076171875","671,289978",2,4,2024-04-23
2024-04-23 16:00:00,"590,7699584960938","764,030029",2,4,2024-04-23
2024-04-23 17:00:00,"545,7342529296875","917,799988",2,4,2024-04-23
2024-04-23 18:00:00,"476,5543212890625","933,169983",2,4,2024-04-23
2024-04-23 19:00:00,"395,9991149902344","784,169983",2,4,2024-04-23
2024-04-23 20:00:00,"328,2535705566406","691,880005",2,4,2024-04-23
2024-04-23 21:00:00,"302,7379150390625","608,460022",2,4,2024-04-23
2024-04-23 22:00:00,"286,22509765625","595,640015",2,4,2024-04-23
2024-04-23 23:00:00,"268,5596923828125","567,73999",2,4,2024-04-23
2024-04-24 00:00:00,"253,82940673828125","561,840027",2,4,2024-04-24
2024-04-24 01:00:00,"267,25445556640625","545,130005",2,4,2024-04-24
2024-04-24 02:00:00,"268,12847900390625","567,289978",2,4,2024-04-24
2024-04-24 03:00:00,"283,08349609375","610,47998",2,4,2024-04-24
2024-04-24 04:00:00,"308,1978454589844","758,419983",2,4,2024-04-24
2024-04-24 05:00:00,"363,00634765625","979,700012",2,4,2024-04-24
2024-04-24 06:00:00,"447,0924072265625","964,109985",2,4,2024-04-24
2024-04-24 07:00:00,"547,2476806640625","724,25",2,4,2024-04-24
2024-04-24 08:00:00,"574,5206298828125","693,590027",2,4,2024-04-24
2024-04-24 09:00:00,"589,8526611328125","679,190002",2,4,2024-04-24
2024-04-24 10:00:00,"569,9010620117188","638,76001",2,4,2024-04-24
2024-04-24 11:00:00,"554,58349609375","622,789978",2,4,2024-04-24
2024-04-24 12:00:00,"546,8392944335938","600,929993",2,4,2024-04-24
2024-04-24 13:00:00,"572,18505859375","616,900024",2,4,2024-04-24
2024-04-24 14:00:00,"616,3598022460938","635,25",2,4,2024-04-24
2024-04-24 15:00:00,"635,2568969726562","716,869995",2,4,2024-04-24
2024-04-24 16:00:00,"665,616455078125","776,179993",2,4,2024-04-24
2024-04-24 17:00:00,"635,0521240234375","1008,640015",2,4,2024-04-24
2024-04-24 18:00:00,"577,6534423828125","1070,119995",2,4,2024-04-24
2024-04-24 19:00:00,"509,77630615234375","903,900024",2,4,2024-04-24
2024-04-24 20:00:00,"413,20794677734375","785,650024",2,4,2024-04-24
2024-04-24 21:00:00,"384,18035888671875","673,0",2,4,2024-04-24
2024-04-24 22:00:00,"333,0972595214844","622,700012",2,4,2024-04-24
2024-04-24 23:00:00,"290,820068359375","596,599976",2,4,2024-04-24
2024-04-25 00:00:00,"275,4388427734375","576,97998",2,4,2024-04-25
2024-04-25 01:00:00,"248,84315490722656","567,140015",2,4,2024-04-25
2024-04-25 02:00:00,"246,3751678466797","561,099976",2,4,2024-04-25
2024-04-25 03:00:00,"258,9193115234375","626,580017",2,4,2024-04-25
2024-04-25 04:00:00,"287,5187072753906","763,940002",2,4,2024-04-25
2024-04-25 05:00:00,"351,4949645996094","976,780029",2,4,2024-04-25
2024-04-25 06:00:00,"394,94207763671875","852,840027",2,4,2024-04-25
2024-04-25 07:00:00,"413,371826171875","690,26001",2,4,2024-04-25
2024-04-25 08:00:00,"383,474853515625","597,859985",2,4,2024-04-25
2024-04-25 09:00:00,"387,8302307128906","583,169983",2,4,2024-04-25
2024-04-25 10:00:00,"350,7679138183594","551,26001",2,4,2024-04-25
2024-04-25 11:00:00,"322,7762451171875","514,710022",2,4,2024-04-25
2024-04-25 12:00:00,"339,78753662109375","498,230011",2,4,2024-04-25
2024-04-25 13:00:00,"375,03717041015625","517,400024",2,4,2024-04-25
2024-04-25 14:00:00,"459,29217529296875","542,97998",2,4,2024-04-25
2024-04-25 15:00:00,"465,7857360839844","595,700012",2,4,2024-04-25
2024-04-25 16:00:00,"493,0756530761719","709,72998",2,4,2024-04-25
2024-04-25 17:00:00,"448,8033142089844","1052,170044",2,4,2024-04-25
2024-04-25 18:00:00,"416,2209167480469","1135,699951",2,4,2024-04-25
2024-04-25 19:00:00,"365,10137939453125","847,98999",2,4,2024-04-25
2024-04-25 20:00:00,"329,6391296386719","681,23999",2,4,2024-04-25
2024-04-25 21:00:00,"308,6080017089844","594,659973",2,4,2024-04-25
2024-04-25 22:00:00,"252,9833221435547","595,719971",2,4,2024-04-25
2024-04-25 23:00:00,"232,36094665527344","551,929993",2,4,2024-04-25
2024-04-26 00:00:00,"196,87464904785156","553,429993",2,4,2024-04-26
2024-04-26 01:00:00,"188,12881469726562","552,460022",2,4,2024-04-26
2024-04-26 02:00:00,"186,5309600830078","575,049988",2,4,2024-04-26
2024-04-26 03:00:00,"206,2012481689453","618,909973",2,4,2024-04-26
2024-04-26 04:00:00,"225,0196533203125","697,380005",2,4,2024-04-26
2024-04-26 05:00:00,"258,30078125","776,140015",2,4,2024-04-26
2024-04-26 06:00:00,"300,87445068359375","716,469971",2,4,2024-04-26
2024-04-26 07:00:00,"359,122802734375","604,73999",2,4,2024-04-26
2024-04-26 08:00:00,"322,96429443359375","580,349976",2,4,2024-04-26
2024-04-26 09:00:00,"296,6649169921875","544,099976",2,4,2024-04-26
2024-04-26 10:00:00,"281,1051940917969","524,710022",2,4,2024-04-26
2024-04-26 11:00:00,"258,5962219238281","512,700012",2,4,2024-04-26
2024-04-26 12:00:00,"244,53036499023438","487,570007",2,4,2024-04-26
2024-04-26 13:00:00,"258,0235900878906","521,5",2,4,2024-04-26
2024-04-26 14:00:00,"303,3871765136719","534,780029",2,4,2024-04-26
2024-04-26 15:00:00,"346,4370422363281","600,119995",2,4,2024-04-26
2024-04-26 16:00:00,"363,09869384765625","700,210022",2,4,2024-04-26
2024-04-26 17:00:00,"360,245849609375","960,219971",2,4,2024-04-26
2024-04-26 18:00:00,"316,2724609375","1018,539978",2,4,2024-04-26
2024-04-26 19:00:00,"265,914794921875","820,440002",2,4,2024-04-26
2024-04-26 20:00:00,"241,17190551757812","691,47998",2,4,2024-04-26
2024-04-26 21:00:00,"236,3699951171875","658,289978",2,4,2024-04-26
2024-04-26 22:00:00,"213,81590270996094","673,330017",2,4,2024-04-26
2024-04-26 23:00:00,"191,93760681152344","662,960022",2,4,2024-04-26
2024-04-27 00:00:00,"173,160400390625","645,72998",2,4,2024-04-27
2024-04-27 01:00:00,"145,80653381347656","663,929993",2,4,2024-04-27
2024-04-27 02:00:00,"143,63136291503906","653,940002",2,4,2024-04-27
2024-04-27 03:00:00,"155,291259765625","625,52002",2,4,2024-04-27
2024-04-27 04:00:00,"164,73626708984375","641,929993",2,4,2024-04-27
2024-04-27 05:00:00,"188,27447509765625","589,429993",2,4,2024-04-27
2024-04-27 06:00:00,"210,64678955078125","511,950012",2,4,2024-04-27
2024-04-27 07:00:00,"220,45501708984375","440,51001",2,4,2024-04-27
2024-04-27 08:00:00,"278,08251953125","284,950012",2,4,2024-04-27
2024-04-27 09:00:00,"271,2640075683594","194,559998",2,4,2024-04-27
2024-04-27 10:00:00,"266,4214172363281","294,640015",2,4,2024-04-27
2024-04-27 11:00:00,"266,4693908691406","308,809998",2,4,2024-04-27
2024-04-27 12:00:00,"280,7556457519531","182,710007",2,4,2024-04-27
2024-04-27 13:00:00,"307,5815734863281","75,019997",2,4,2024-04-27
2024-04-27 14:00:00,"384,8677062988281","156,080002",2,4,2024-04-27
2024-04-27 15:00:00,"440,8507385253906","465,040009",2,4,2024-04-27
2024-04-27 16:00:00,"509,4928283691406","641,330017",2,4,2024-04-27
2024-04-27 17:00:00,"525,6702270507812","894,140015",2,4,2024-04-27
2024-04-27 18:00:00,"465,3386535644531","837,23999",2,4,2024-04-27
2024-04-27 19:00:00,"394,44390869140625","633,880005",2,4,2024-04-27
2024-04-27 20:00:00,"310,6601867675781","566,01001",2,4,2024-04-27
2024-04-27 21:00:00,"261,0773010253906","486,440002",2,4,2024-04-27
2024-04-27 22:00:00,"229,59814453125","420,570007",2,4,2024-04-27
2024-04-27 23:00:00,"234,89437866210938","344,119995",2,4,2024-04-27
2024-04-28 00:00:00,"214,44493103027344","295,350006",2,4,2024-04-28
2024-04-28 01:00:00,"214,95372009277344","241,050003",2,4,2024-04-28
2024-04-28 02:00:00,"217,5986785888672","212,490005",2,4,2024-04-28
2024-04-28 03:00:00,"220,36126708984375","199,059998",2,4,2024-04-28
2024-04-28 04:00:00,"229,41529846191406","74,209999",2,4,2024-04-28
2024-04-28 05:00:00,"231,31822204589844","1,86",2,4,2024-04-28
2024-04-28 06:00:00,"244,40834045410156","1,94",2,4,2024-04-28
2024-04-28 07:00:00,"256,8677978515625","1,64",2,4,2024-04-28
2024-04-28 08:00:00,"256,40625","0,0",2,4,2024-04-28
2024-04-28 09:00:00,"238,8961639404297","-7,16",2,4,2024-04-28
2024-04-28 10:00:00,"250,46429443359375","-8,28",2,4,2024-04-28
2024-04-28 11:00:00,"248,11195373535156","-18,65",2,4,2024-04-28
2024-04-28 12:00:00,"249,3009490966797","-18,790001",2,4,2024-04-28
2024-04-28 13:00:00,"271,98443603515625","-15,14",2,4,2024-04-28
2024-04-28 14:00:00,"272,0450439453125","-7,31",2,4,2024-04-28
2024-04-28 15:00:00,"297,22113037109375","0,0",2,4,2024-04-28
2024-04-28 16:00:00,"282,6536865234375","264,320007",2,4,2024-04-28
2024-04-28 17:00:00,"253,05032348632812","442,350006",2,4,2024-04-28
2024-04-28 18:00:00,"246,85433959960938","577,640015",2,4,2024-04-28
2024-04-28 19:00:00,"211,36199951171875","583,159973",2,4,2024-04-28
2024-04-28 20:00:00,"203,1433563232422","468,079987",2,4,2024-04-28
2024-04-28 21:00:00,"180,10696411132812","417,890015",2,4,2024-04-28
2024-04-28 22:00:00,"155,95423889160156","306,529999",2,4,2024-04-28
2024-04-28 23:00:00,"167,16041564941406","370,75",2,4,2024-04-28
2024-07-01 00:00:00,"337,4955749511719","583,150024",3,1,2024-07-01
2024-07-01 01:00:00,"245,1152801513672","581,809998",3,1,2024-07-01
2024-07-01 02:00:00,"216,55941772460938","564,059998",3,1,2024-07-01
2024-07-01 03:00:00,"216,1686553955078","602,76001",3,1,2024-07-01
2024-07-01 04:00:00,"243,88662719726562","907,349976",3,1,2024-07-01
2024-07-01 05:00:00,"285,2695617675781","1028,550049",3,1,2024-07-01
2024-07-01 06:00:00,"311,9704895019531","1061,73999",3,1,2024-07-01
2024-07-01 07:00:00,"304,2336120605469","841,27002",3,1,2024-07-01
2024-07-01 08:00:00,"306,4176330566406","778,929993",3,1,2024-07-01
2024-07-01 09:00:00,"304,7159118652344","642,52002",3,1,2024-07-01
2024-07-01 10:00:00,"303,86199951171875","493,200012",3,1,2024-07-01
2024-07-01 11:00:00,"296,683837890625","318,609985",3,1,2024-07-01
2024-07-01 12:00:00,"287,3471374511719","258,5",3,1,2024-07-01
2024-07-01 13:00:00,"320,51837158203125","251,929993",3,1,2024-07-01
2024-07-01 14:00:00,"333,9905090332031","273,940002",3,1,2024-07-01
2024-07-01 15:00:00,"371,19964599609375","452,779999",3,1,2024-07-01
2024-07-01 16:00:00,"426,8005065917969","568,080017",3,1,2024-07-01
2024-07-01 17:00:00,"450,3262634277344","745,890015",3,1,2024-07-01
2024-07-01 18:00:00,"474,5448913574219","1214,109985",3,1,2024-07-01
2024-07-01 19:00:00,"399,2622985839844","939,719971",3,1,2024-07-01
2024-07-01 20:00:00,"311,3787536621094","782,580017",3,1,2024-07-01
2024-07-01 21:00:00,"304,14166259765625","653,700012",3,1,2024-07-01
2024-07-01 22:00:00,"305,39520263671875","593,919983",3,1,2024-07-01
2024-07-01 23:00:00,"292,6485290527344","462,350006",3,1,2024-07-01
2024-07-02 00:00:00,"247,92901611328125","375,829987",3,1,2024-07-02
2024-07-02 01:00:00,"244,8619842529297","402,829987",3,1,2024-07-02
2024-07-02 02:00:00,"259,5965270996094","343,98999",3,1,2024-07-02
2024-07-02 03:00:00,"274,6304016113281","379,040009",3,1,2024-07-02
2024-07-02 04:00:00,"305,67108154296875","571,320007",3,1,2024-07-02
2024-07-02 05:00:00,"343,21630859375","732,940002",3,1,2024-07-02
2024-07-02 06:00:00,"363,0845031738281","737,200012",3,1,2024-07-02
2024-07-02 07:00:00,"432,13525390625","636,950012",3,1,2024-07-02
2024-07-02 08:00:00,"410,1238098144531","605,030029",3,1,2024-07-02
2024-07-02 09:00:00,"403,1213073730469","542,75",3,1,2024-07-02
2024-07-02 10:00:00,"407,4338684082031","529,400024",3,1,2024-07-02
2024-07-02 11:00:00,"402,12506103515625","503,450012",3,1,2024-07-02
2024-07-02 12:00:00,"401,9002685546875","443,559998",3,1,2024-07-02
2024-07-02 13:00:00,"418,22430419921875","450,570007",3,1,2024-07-02
2024-07-02 14:00:00,"525,6700439453125","540,289978",3,1,2024-07-02
2024-07-02 15:00:00,"577,2930908203125","552,52002",3,1,2024-07-02
2024-07-02 16:00:00,"606,0675048828125","617,190002",3,1,2024-07-02
2024-07-02 17:00:00,"581,2870483398438","754,349976",3,1,2024-07-02
2024-07-02 18:00:00,"509,18621826171875","837,140015",3,1,2024-07-02
2024-07-02 19:00:00,"443,1674499511719","634,419983",3,1,2024-07-02
2024-07-02 20:00:00,"377,5116271972656","345,779999",3,1,2024-07-02
2024-07-02 21:00:00,"336,2869873046875","301,100006",3,1,2024-07-02
2024-07-02 22:00:00,"335,92425537109375","277,459991",3,1,2024-07-02
2024-07-02 23:00:00,"309,35528564453125","268,809998",3,1,2024-07-02
2024-07-03 00:00:00,"267,0657043457031","267,23999",3,1,2024-07-03
2024-07-03 01:00:00,"265,2207946777344","270,380005",3,1,2024-07-03
2024-07-03 02:00:00,"287,51214599609375","288,649994",3,1,2024-07-03
2024-07-03 03:00:00,"298,2706604003906","439,309998",3,1,2024-07-03
2024-07-03 04:00:00,"330,7270202636719","647,929993",3,1,2024-07-03
2024-07-03 05:00:00,"392,9549560546875","729,599976",3,1,2024-07-03
2024-07-03 06:00:00,"458,5192565917969","771,669983",3,1,2024-07-03
2024-07-03 07:00:00,"564,526123046875","457,959991",3,1,2024-07-03
2024-07-03 08:00:00,"587,744873046875","323,029999",3,1,2024-07-03
2024-07-03 09:00:00,"599,75048828125","298,119995",3,1,2024-07-03
2024-07-03 10:00:00,"579,716064453125","291,859985",3,1,2024-07-03
2024-07-03 11:00:00,"576,8499755859375","296,179993",3,1,2024-07-03
2024-07-03 12:00:00,"561,1306762695312","306,100006",3,1,2024-07-03
2024-07-03 13:00:00,"590,2075805664062","317,220001",3,1,2024-07-03
2024-07-03 14:00:00,"628,715576171875","376,660004",3,1,2024-07-03
2024-07-03 15:00:00,"651,7952270507812","590,5",3,1,2024-07-03
2024-07-03 16:00:00,"672,6021118164062","725,049988",3,1,2024-07-03
2024-07-03 17:00:00,"655,3032836914062","864,75",3,1,2024-07-03
2024-07-03 18:00:00,"610,7846069335938","1193,079956",3,1,2024-07-03
2024-07-03 19:00:00,"527,3963012695312","843,570007",3,1,2024-07-03
2024-07-03 20:00:00,"408,3362121582031","677,390015",3,1,2024-07-03
2024-07-03 21:00:00,"371,8023986816406","513,900024",3,1,2024-07-03
2024-07-03 22:00:00,"340,9656066894531","436,329987",3,1,2024-07-03
2024-07-03 23:00:00,"308,7007751464844","228,75",3,1,2024-07-03
2024-07-04 00:00:00,"279,95855712890625","191,240005",3,1,2024-07-04
2024-07-04 01:00:00,"257,84423828125","130,149994",3,1,2024-07-04
2024-07-04 02:00:00,"258,99786376953125","72,870003",3,1,2024-07-04
2024-07-04 03:00:00,"270,31829833984375","74,730003",3,1,2024-07-04
2024-07-04 04:00:00,"293,4223327636719","197,429993",3,1,2024-07-04
2024-07-04 05:00:00,"372,8531799316406","223,759995",3,1,2024-07-04
2024-07-04 06:00:00,"405,04083251953125","235,910004",3,1,2024-07-04
2024-07-04 07:00:00,"406,6458435058594","178,630005",3,1,2024-07-04
2024-07-04 08:00:00,"397,4698791503906","26,700001",3,1,2024-07-04
2024-07-04 09:00:00,"398,9833679199219","21,780001",3,1,2024-07-04
2024-07-04 10:00:00,"374,17193603515625","20,440001",3,1,2024-07-04
2024-07-04 11:00:00,"352,21563720703125","7,23",3,1,2024-07-04
2024-07-04 12:00:00,"353,6156311035156","0,0",3,1,2024-07-04
2024-07-04 13:00:00,"399,2772521972656","0,0",3,1,2024-07-04
2024-07-04 14:00:00,"480,2668762207031","-0,07",3,1,2024-07-04
2024-07-04 15:00:00,"493,29620361328125","11,26",3,1,2024-07-04
2024-07-04 16:00:00,"493,3799133300781","87,410004",3,1,2024-07-04
2024-07-04 17:00:00,"454,44464111328125","216,300003",3,1,2024-07-04
2024-07-04 18:00:00,"446,59039306640625","336,160004",3,1,2024-07-04
2024-07-04 19:00:00,"372,82562255859375","289,320007",3,1,2024-07-04
2024-07-04 20:00:00,"336,0434875488281","288,5",3,1,2024-07-04
2024-07-04 21:00:00,"307,0131530761719","284,170013",3,1,2024-07-04
2024-07-04 22:00:00,"263,0709533691406","51,610001",3,1,2024-07-04
2024-07-04 23:00:00,"230,04925537109375","35,130001",3,1,2024-07-04
2024-07-05 00:00:00,"177,6692657470703","30,73",3,1,2024-07-05
2024-07-05 01:00:00,"152,467041015625","19,91",3,1,2024-07-05
2024-07-05 02:00:00,"170,6157684326172","21,780001",3,1,2024-07-05
2024-07-05 03:00:00,"195,85592651367188","42,66",3,1,2024-07-05
2024-07-05 04:00:00,"213,82823181152344","149,100006",3,1,2024-07-05
2024-07-05 05:00:00,"259,3834533691406","213,990005",3,1,2024-07-05
2024-07-05 06:00:00,"305,52740478515625","221,369995",3,1,2024-07-05
2024-07-05 07:00:00,"354,1090393066406","138,429993",3,1,2024-07-05
2024-07-05 08:00:00,"327,6650695800781","22,0",3,1,2024-07-05
2024-07-05 09:00:00,"297,08984375","3,06",3,1,2024-07-05
2024-07-05 10:00:00,"281,5043640136719","-0,3",3,1,2024-07-05
2024-07-05 11:00:00,"270,674560546875","-4,1",3,1,2024-07-05
2024-07-05 12:00:00,"251,77383422851562","-5,74",3,1,2024-07-05
2024-07-05 13:00:00,"272,6309509277344","-0,22",3,1,2024-07-05
2024-07-05 14:00:00,"319,5385437011719","14,4",3,1,2024-07-05
2024-07-05 15:00:00,"353,6103515625","97,410004",3,1,2024-07-05
2024-07-05 16:00:00,"372,6234130859375","173,559998",3,1,2024-07-05
2024-07-05 17:00:00,"352,7688903808594","273,730011",3,1,2024-07-05
2024-07-05 18:00:00,"350,3136291503906","282,01001",3,1,2024-07-05
2024-07-05 19:00:00,"305,9957580566406","447,959991",3,1,2024-07-05
2024-07-05 20:00:00,"258,3399963378906","618,02002",3,1,2024-07-05
2024-07-05 21:00:00,"239,5530548095703","633,609985",3,1,2024-07-05
2024-07-05 22:00:00,"217,5724639892578","637,890015",3,1,2024-07-05
2024-07-05 23:00:00,"195,12611389160156","492,73999",3,1,2024-07-05
2024-07-06 00:00:00,"186,5664825439453","473,799988",3,1,2024-07-06
2024-07-06 01:00:00,"175,082763671875","346,540009",3,1,2024-07-06
2024-07-06 02:00:00,"167,9971923828125","288,070007",3,1,2024-07-06
2024-07-06 03:00:00,"171,95553588867188","117,029999",3,1,2024-07-06
2024-07-06 04:00:00,"170,92442321777344","41,77",3,1,2024-07-06
2024-07-06 05:00:00,"189,3914794921875","41,02",3,1,2024-07-06
2024-07-06 06:00:00,"209,85850524902344","25,959999",3,1,2024-07-06
2024-07-06 07:00:00,"227,08653259277344","2,39",3,1,2024-07-06
2024-07-06 08:00:00,"286,1244812011719","-0,3",3,1,2024-07-06
2024-07-06 09:00:00,"270,25048828125","-0,15",3,1,2024-07-06
2024-07-06 10:00:00,"274,7456359863281","-0,22",3,1,2024-07-06
2024-07-06 11:00:00,"268,16119384765625","-0,9",3,1,2024-07-06
2024-07-06 12:00:00,"274,860107421875","-16,26",3,1,2024-07-06
2024-07-06 13:00:00,"305,60418701171875","-20,209999",3,1,2024-07-06
2024-07-06 14:00:00,"391,6302185058594","-4,48",3,1,2024-07-06
2024-07-06 15:00:00,"468,1908264160156","0,07",3,1,2024-07-06
2024-07-06 16:00:00,"560,1161499023438","14,47",3,1,2024-07-06
2024-07-06 17:00:00,"570,4575805664062","3,28",3,1,2024-07-06
2024-07-06 18:00:00,"526,02099609375","49,900002",3,1,2024-07-06
2024-07-06 19:00:00,"466,7509765625","70,110001",3,1,2024-07-06
2024-07-06 20:00:00,"357,5788269042969","134,259995",3,1,2024-07-06
2024-07-06 21:00:00,"294,6722106933594","50,5",3,1,2024-07-06
2024-07-06 22:00:00,"240,79481506347656","-0,15",3,1,2024-07-06
2024-07-06 23:00:00,"234,2891845703125","-0,75",3,1,2024-07-06
2024-07-07 00:00:00,"211,31809997558594","-5,97",3,1,2024-07-07
2024-07-07 01:00:00,"212,749267578125","-3,58",3,1,2024-07-07
2024-07-07 02:00:00,"221,7932891845703","-0,45",3,1,2024-07-07
2024-07-07 03:00:00,"218,25985717773438","-0,07",3,1,2024-07-07
2024-07-07 04:00:00,"226,44200134277344","-0,07",3,1,2024-07-07
2024-07-07 05:00:00,"231,192626953125","-0,07",3,1,2024-07-07
2024-07-07 06:00:00,"264,6761474609375","-4,55",3,1,2024-07-07
2024-07-07 07:00:00,"274,6954650878906","-48,25",3,1,2024-07-07
2024-07-07 08:00:00,"267,4483337402344","-74,43",3,1,2024-07-07
2024-07-07 09:00:00,"254,6978302001953","-89,800003",3,1,2024-07-07
2024-07-07 10:00:00,"259,77862548828125","-100,610001",3,1,2024-07-07
2024-07-07 11:00:00,"256,84814453125","-112,019997",3,1,2024-07-07
2024-07-07 12:00:00,"254,04051208496094","-148,419998",3,1,2024-07-07
2024-07-07 13:00:00,"284,13232421875","-90,989998",3,1,2024-07-07
2024-07-07 14:00:00,"298,7405090332031","-45,939999",3,1,2024-07-07
2024-07-07 15:00:00,"322,2356872558594","-0,6",3,1,2024-07-07
2024-07-07 16:00:00,"306,3031311035156","477,23999",3,1,2024-07-07
2024-07-07 17:00:00,"277,58306884765625","673,23999",3,1,2024-07-07
2024-07-07 18:00:00,"309,0477600097656","937,030029",3,1,2024-07-07
2024-07-07 19:00:00,"275,36993408203125","993,190002",3,1,2024-07-07
2024-07-07 20:00:00,"216,55230712890625","859,169983",3,1,2024-07-07
2024-07-07 21:00:00,"210,1280975341797","724,400024",3,1,2024-07-07
2024-07-07 22:00:00,"206,05633544921875","608,72998",3,1,2024-07-07
2024-07-07 23:00:00,"212,58692932128906","571,659973",3,1,2024-07-07
2024-07-08 00:00:00,"297,5652770996094","552,48999",3,2,2024-07-08
2024-07-08 01:00:00,"211,4005889892578","579,640015",3,2,2024-07-08
2024-07-08 02:00:00,"208,2561798095703","568,900024",3,2,2024-07-08
2024-07-08 03:00:00,"212,9903106689453","592,469971",3,2,2024-07-08
2024-07-08 04:00:00,"241,73788452148438","820,390015",3,2,2024-07-08
2024-07-08 05:00:00,"261,49859619140625","948,52002",3,2,2024-07-08
2024-07-08 06:00:00,"310,72283935546875","750,580017",3,2,2024-07-08
2024-07-08 07:00:00,"313,24359130859375","578,820007",3,2,2024-07-08
2024-07-08 08:00:00,"308,1408386230469","402,209991",3,2,2024-07-08
2024-07-08 09:00:00,"302,2381896972656","286,609985",3,2,2024-07-08
2024-07-08 10:00:00,"297,4328308105469","237,089996",3,2,2024-07-08
2024-07-08 11:00:00,"275,2931213378906","219,639999",3,2,2024-07-08
2024-07-08 12:00:00,"274,7384338378906","220,460007",3,2,2024-07-08
2024-07-08 13:00:00,"311,59649658203125","274,079987",3,2,2024-07-08
2024-07-08 14:00:00,"342,7808837890625","477,320007",3,2,2024-07-08
2024-07-08 15:00:00,"377,6380310058594","598,140015",3,2,2024-07-08
2024-07-08 16:00:00,"430,86151123046875","765,419983",3,2,2024-07-08
2024-07-08 17:00:00,"443,0082092285156","1017,950012",3,2,2024-07-08
2024-07-08 18:00:00,"432,6914978027344","1919,339966",3,2,2024-07-08
2024-07-08 19:00:00,"385,73223876953125","1295,390015",3,2,2024-07-08
2024-07-08 20:00:00,"340,2177429199219","847,609985",3,2,2024-07-08
2024-07-08 21:00:00,"316,9239807128906","686,289978",3,2,2024-07-08
2024-07-08 22:00:00,"304,3773498535156","787,049988",3,2,2024-07-08
2024-07-08 23:00:00,"291,10284423828125","715,73999",3,2,2024-07-08
2024-07-09 00:00:00,"263,1363525390625","694,26001",3,2,2024-07-09
2024-07-09 01:00:00,"249,26780700683594","679,789978",3,2,2024-07-09
2024-07-09 02:00:00,"272,17218017578125","653,840027",3,2,2024-07-09
2024-07-09 03:00:00,"275,2174987792969","722,22998",3,2,2024-07-09
2024-07-09 04:00:00,"304,8642578125","830,76001",3,2,2024-07-09
2024-07-09 05:00:00,"345,7343444824219","773,919983",3,2,2024-07-09
2024-07-09 06:00:00,"365,3507080078125","701,119995",3,2,2024-07-09
2024-07-09 07:00:00,"435,35699462890625","501,679993",3,2,2024-07-09
2024-07-09 08:00:00,"409,6185607910156","347,799988",3,2,2024-07-09
2024-07-09 09:00:00,"410,2627868652344","251,440002",3,2,2024-07-09
2024-07-09 10:00:00,"397,1020812988281","163,720001",3,2,2024-07-09
2024-07-09 11:00:00,"395,6748046875","119,190002",3,2,2024-07-09
2024-07-09 12:00:00,"389,893798828125","32,369999",3,2,2024-07-09
2024-07-09 13:00:00,"412,55517578125","82,639999",3,2,2024-07-09
2024-07-09 14:00:00,"517,1288452148438","400,76001",3,2,2024-07-09
2024-07-09 15:00:00,"582,4805297851562","609,309998",3,2,2024-07-09
2024-07-09 16:00:00,"589,1300659179688","740,429993",3,2,2024-07-09
2024-07-09 17:00:00,"557,8931884765625","822,47998",3,2,2024-07-09
2024-07-09 18:00:00,"502,5295715332031","841,349976",3,2,2024-07-09
2024-07-09 19:00:00,"423,0348205566406","748,26001",3,2,2024-07-09
2024-07-09 20:00:00,"335,64288330078125","338,779999",3,2,2024-07-09
2024-07-09 21:00:00,"311,6191711425781","301,779999",3,2,2024-07-09
2024-07-09 22:00:00,"303,6184387207031","216,029999",3,2,2024-07-09
2024-07-09 23:00:00,"292,3516845703125","210,210007",3,2,2024-07-09
2024-07-10 00:00:00,"268,8170166015625","203,050003",3,2,2024-07-10
2024-07-10 01:00:00,"266,6464538574219","196,110001",3,2,2024-07-10
2024-07-10 02:00:00,"280,9521179199219","191,789993",3,2,2024-07-10
2024-07-10 03:00:00,"290,819580078125","201,710007",3,2,2024-07-10
2024-07-10 04:00:00,"314,3608703613281","300,700012",3,2,2024-07-10
2024-07-10 05:00:00,"372,7352600097656","325,089996",3,2,2024-07-10
2024-07-10 06:00:00,"457,2490234375","622,809998",3,2,2024-07-10
2024-07-10 07:00:00,"568,322265625","586,109985",3,2,2024-07-10
2024-07-10 08:00:00,"592,1332397460938","484,880005",3,2,2024-07-10
2024-07-10 09:00:00,"601,1650390625","416,029999",3,2,2024-07-10
2024-07-10 10:00:00,"580,329833984375","351,570007",3,2,2024-07-10
2024-07-10 11:00:00,"570,3482666015625","304,059998",3,2,2024-07-10
2024-07-10 12:00:00,"563,746337890625","392,149994",3,2,2024-07-10
2024-07-10 13:00:00,"590,5513305664062","394,690002",3,2,2024-07-10
2024-07-10 14:00:00,"620,0208129882812","503,380005",3,2,2024-07-10
2024-07-10 15:00:00,"637,1426391601562","597,820007",3,2,2024-07-10
2024-07-10 16:00:00,"668,72802734375","602,219971",3,2,2024-07-10
2024-07-10 17:00:00,"636,728271484375","743,880005",3,2,2024-07-10
2024-07-10 18:00:00,"584,8999633789062","1108,579956",3,2,2024-07-10
2024-07-10 19:00:00,"537,7503051757812","1223,97998",3,2,2024-07-10
2024-07-10 20:00:00,"422,1009826660156","850,179993",3,2,2024-07-10
2024-07-10 21:00:00,"392,1321105957031","693,150024",3,2,2024-07-10
2024-07-10 22:00:00,"340,5327453613281","716,380005",3,2,2024-07-10
2024-07-10 23:00:00,"313,5662536621094","596,48999",3,2,2024-07-10
2024-07-11 00:00:00,"281,1385192871094","574,919983",3,2,2024-07-11
2024-07-11 01:00:00,"259,9745178222656","593,869995",3,2,2024-07-11
2024-07-11 02:00:00,"255,95980834960938","599,169983",3,2,2024-07-11
2024-07-11 03:00:00,"266,5553894042969","611,630005",3,2,2024-07-11
2024-07-11 04:00:00,"297,389404296875","803,599976",3,2,2024-07-11
2024-07-11 05:00:00,"362,5245056152344","895,289978",3,2,2024-07-11
2024-07-11 06:00:00,"423,0339050292969","794,789978",3,2,2024-07-11
2024-07-11 07:00:00,"423,6037292480469","664,830017",3,2,2024-07-11
2024-07-11 08:00:00,"401,66943359375","602,01001",3,2,2024-07-11
2024-07-11 09:00:00,"405,8902587890625","496,880005",3,2,2024-07-11
2024-07-11 10:00:00,"364,37750244140625","428,540009",3,2,2024-07-11
2024-07-11 11:00:00,"349,19024658203125","355,880005",3,2,2024-07-11
2024-07-11 12:00:00,"345,8401794433594","331,850006",3,2,2024-07-11
2024-07-11 13:00:00,"390,1838684082031","373,779999",3,2,2024-07-11
2024-07-11 14:00:00,"465,2641906738281","454,959991",3,2,2024-07-11
2024-07-11 15:00:00,"484,740234375","611,109985",3,2,2024-07-11
2024-07-11 16:00:00,"496,8493957519531","683,25",3,2,2024-07-11
2024-07-11 17:00:00,"456,7333068847656","895,289978",3,2,2024-07-11
2024-07-11 18:00:00,"430,8525085449219","1375,23999",3,2,2024-07-11
2024-07-11 19:00:00,"390,9031982421875","1244,0",3,2,2024-07-11
2024-07-11 20:00:00,"342,8380432128906","907,150024",3,2,2024-07-11
2024-07-11 21:00:00,"310,6971435546875","732,049988",3,2,2024-07-11
2024-07-11 22:00:00,"269,9674072265625","764,130005",3,2,2024-07-11
2024-07-11 23:00:00,"242,37332153320312","651,400024",3,2,2024-07-11
2024-07-12 00:00:00,"208,19924926757812","609,619995",3,2,2024-07-12
2024-07-12 01:00:00,"209,2790985107422","604,619995",3,2,2024-07-12
2024-07-12 02:00:00,"209,94285583496094","598,650024",3,2,2024-07-12
2024-07-12 03:00:00,"222,57803344726562","613,5",3,2,2024-07-12
2024-07-12 04:00:00,"228,33871459960938","805,309998",3,2,2024-07-12
2024-07-12 05:00:00,"271,5673828125","820,080017",3,2,2024-07-12
2024-07-12 06:00:00,"321,4859924316406","817,690002",3,2,2024-07-12
2024-07-12 07:00:00,"359,6132507324219","763,97998",3,2,2024-07-12
2024-07-12 08:00:00,"329,4552917480469","715,26001",3,2,2024-07-12
2024-07-12 09:00:00,"307,2878112792969","670,200012",3,2,2024-07-12
2024-07-12 10:00:00,"271,70245361328125","621,099976",3,2,2024-07-12
2024-07-12 11:00:00,"252,7711181640625","586,409973",3,2,2024-07-12
2024-07-12 12:00:00,"238,6204376220703","582,22998",3,2,2024-07-12
2024-07-12 13:00:00,"265,4270935058594","583,349976",3,2,2024-07-12
2024-07-12 14:00:00,"317,74591064453125","624,159973",3,2,2024-07-12
2024-07-12 15:00:00,"359,10345458984375","589,400024",3,2,2024-07-12
2024-07-12 16:00:00,"382,384765625","671,840027",3,2,2024-07-12
2024-07-12 17:00:00,"371,6853942871094","720,849976",3,2,2024-07-12
2024-07-12 18:00:00,"367,17010498046875","679,299988",3,2,2024-07-12
2024-07-12 19:00:00,"292,5106506347656","688,919983",3,2,2024-07-12
2024-07-12 20:00:00,"250,87384033203125","313,950012",3,2,2024-07-12
2024-07-12 21:00:00,"217,24281311035156","197,559998",3,2,2024-07-12
2024-07-12 22:00:00,"208,03598022460938","154,669998",3,2,2024-07-12
2024-07-12 23:00:00,"181,5337677001953","99,459999",3,2,2024-07-12
2024-07-13 00:00:00,"134,21910095214844","68,339996",3,2,2024-07-13
2024-07-13 01:00:00,"99,59650421142578","59,689999",3,2,2024-07-13
2024-07-13 02:00:00,"111,13243865966797","46,040001",3,2,2024-07-13
2024-07-13 03:00:00,"139,6949462890625","88,410004",3,2,2024-07-13
2024-07-13 04:00:00,"168,3045196533203","227,860001",3,2,2024-07-13
2024-07-13 05:00:00,"201,320068359375","207,570007",3,2,2024-07-13
2024-07-13 06:00:00,"216,85809326171875","198,470001",3,2,2024-07-13
2024-07-13 07:00:00,"237,84652709960938","156,460007",3,2,2024-07-13
2024-07-13 08:00:00,"300,8405456542969","38,5",3,2,2024-07-13
2024-07-13 09:00:00,"308,5185546875","0,3",3,2,2024-07-13
2024-07-13 10:00:00,"301,29052734375","-0,07",3,2,2024-07-13
2024-07-13 11:00:00,"299,9783630371094","-6,49",3,2,2024-07-13
2024-07-13 12:00:00,"318,7027282714844","-6,04",3,2,2024-07-13
2024-07-13 13:00:00,"337,2112731933594","-0,45",3,2,2024-07-13
2024-07-13 14:00:00,"405,78564453125","11,34",3,2,2024-07-13
2024-07-13 15:00:00,"460,3634948730469","47,150002",3,2,2024-07-13
2024-07-13 16:00:00,"537,8785400390625","167,429993",3,2,2024-07-13
2024-07-13 17:00:00,"553,7916259765625","375,519989",3,2,2024-07-13
2024-07-13 18:00:00,"534,3597412109375","562,950012",3,2,2024-07-13
2024-07-13 19:00:00,"476,2369079589844","568,98999",3,2,2024-07-13
2024-07-13 20:00:00,"391,7635803222656","588,23999",3,2,2024-07-13
2024-07-13 21:00:00,"322,4413757324219","470,049988",3,2,2024-07-13
2024-07-13 22:00:00,"261,1463928222656","663,700012",3,2,2024-07-13
2024-07-13 23:00:00,"239,7722930908203","471,48999",3,2,2024-07-13
2024-07-14 00:00:00,"224,09083557128906","413,73999",3,2,2024-07-14
2024-07-14 01:00:00,"223,83094787597656","330,540009",3,2,2024-07-14
2024-07-14 02:00:00,"227,3023223876953","283,01001",3,2,2024-07-14
2024-07-14 03:00:00,"230,2837677001953","274,660004",3,2,2024-07-14
2024-07-14 04:00:00,"234,3674774169922","238,470001",3,2,2024-07-14
2024-07-14 05:00:00,"242,5665283203125","106,550003",3,2,2024-07-14
2024-07-14 06:00:00,"262,3194885253906","2,16",3,2,2024-07-14
2024-07-14 07:00:00,"276,8940124511719","-17,09",3,2,2024-07-14
2024-07-14 08:00:00,"271,2457580566406","-22,530001",3,2,2024-07-14
2024-07-14 09:00:00,"255,0872344970703","-25,370001",3,2,2024-07-14
2024-07-14 10:00:00,"257,089599609375","-31,49",3,2,2024-07-14
2024-07-14 11:00:00,"243,30593872070312","-38,5",3,2,2024-07-14
2024-07-14 12:00:00,"243,59188842773438","-47,830002",3,2,2024-07-14
2024-07-14 13:00:00,"276,67578125","-39,990002",3,2,2024-07-14
2024-07-14 14:00:00,"289,66400146484375","-75,809998",3,2,2024-07-14
2024-07-14 15:00:00,"317,11529541015625","13,95",3,2,2024-07-14
2024-07-14 16:00:00,"304,953369140625","301,890015",3,2,2024-07-14
2024-07-14 17:00:00,"280,4488830566406","685,929993",3,2,2024-07-14
2024-07-14 18:00:00,"336,39666748046875","864,030029",3,2,2024-07-14
2024-07-14 19:00:00,"275,1616516113281","810,909973",3,2,2024-07-14
2024-07-14 20:00:00,"209,2754669189453","789,719971",3,2,2024-07-14
2024-07-14 21:00:00,"203,1779327392578","649,590027",3,2,2024-07-14
2024-07-14 22:00:00,"189,58676147460938","592,070007",3,2,2024-07-14
2024-07-14 23:00:00,"204,70184326171875","494,25",3,2,2024-07-14
2024-07-15 00:00:00,"300,9678649902344","434,029999",3,3,2024-07-15
2024-07-15 01:00:00,"251,58004760742188","361,059998",3,3,2024-07-15
2024-07-15 02:00:00,"207,84657287597656","388,73999",3,3,2024-07-15
2024-07-15 03:00:00,"213,07440185546875","482,160004",3,3,2024-07-15
2024-07-15 04:00:00,"243,37391662597656","482,609985",3,3,2024-07-15
2024-07-15 05:00:00,"276,6726989746094","482,380005",3,3,2024-07-15
2024-07-15 06:00:00,"298,0995788574219","482,079987",3,3,2024-07-15
2024-07-15 07:00:00,"308,26708984375","299,200012",3,3,2024-07-15
2024-07-15 08:00:00,"293,16058349609375","196,979996",3,3,2024-07-15
2024-07-15 09:00:00,"281,0849914550781","149,449997",3,3,2024-07-15
2024-07-15 10:00:00,"279,44647216796875","3,28",3,3,2024-07-15
2024-07-15 11:00:00,"271,0768127441406","-0,07",3,3,2024-07-15
2024-07-15 12:00:00,"273,8004455566406","-0,52",3,3,2024-07-15
2024-07-15 13:00:00,"313,4898986816406","155,270004",3,3,2024-07-15
2024-07-15 14:00:00,"340,95098876953125","201,610001",3,3,2024-07-15
2024-07-15 15:00:00,"380,9323425292969","611,840027",3,3,2024-07-15
2024-07-15 16:00:00,"436,73516845703125","853,219971",3,3,2024-07-15
2024-07-15 17:00:00,"453,874267578125","1486,98999",3,3,2024-07-15
2024-07-15 18:00:00,"437,13134765625","1678,530029",3,3,2024-07-15
2024-07-15 19:00:00,"381,63653564453125","1071,160034",3,3,2024-07-15
2024-07-15 20:00:00,"337,92791748046875","690,030029",3,3,2024-07-15
2024-07-15 21:00:00,"320,75579833984375","597,659973",3,3,2024-07-15
2024-07-15 22:00:00,"303,0543212890625","571,47998",3,3,2024-07-15
2024-07-15 23:00:00,"292,106201171875","475,829987",3,3,2024-07-15
2024-07-16 00:00:00,"246,8719024658203","391,660004",3,3,2024-07-16
2024-07-16 01:00:00,"241,07049560546875","274,73999",3,3,2024-07-16
2024-07-16 02:00:00,"258,92535400390625","284,730011",3,3,2024-07-16
2024-07-16 03:00:00,"276,36944580078125","375,470001",3,3,2024-07-16
2024-07-16 04:00:00,"309,9154357910156","531,859985",3,3,2024-07-16
2024-07-16 05:00:00,"336,65087890625","593,049988",3,3,2024-07-16
2024-07-16 06:00:00,"369,0283508300781","568,349976",3,3,2024-07-16
2024-07-16 07:00:00,"436,26702880859375","440,76001",3,3,2024-07-16
2024-07-16 08:00:00,"412,9288330078125","187,960007",3,3,2024-07-16
2024-07-16 09:00:00,"406,15325927734375","158,630005",3,3,2024-07-16
2024-07-16 10:00:00,"407,86834716796875","118,190002",3,3,2024-07-16
2024-07-16 11:00:00,"409,2394104003906","101,400002",3,3,2024-07-16
2024-07-16 12:00:00,"408,7658996582031","30,290001",3,3,2024-07-16
2024-07-16 13:00:00,"420,1951904296875","21,639999",3,3,2024-07-16
2024-07-16 14:00:00,"545,2650146484375","0,07",3,3,2024-07-16
2024-07-16 15:00:00,"579,4512939453125","190,570007",3,3,2024-07-16
2024-07-16 16:00:00,"584,687744140625","444,709991",3,3,2024-07-16
2024-07-16 17:00:00,"573,1079711914062","611,780029",3,3,2024-07-16
2024-07-16 18:00:00,"524,693359375","907,330017",3,3,2024-07-16
2024-07-16 19:00:00,"471,6141052246094","852,710022",3,3,2024-07-16
2024-07-16 20:00:00,"436,6010437011719","789,51001",3,3,2024-07-16
2024-07-16 21:00:00,"396,2320251464844","629,090027",3,3,2024-07-16
2024-07-16 22:00:00,"356,77294921875","652,109985",3,3,2024-07-16
2024-07-16 23:00:00,"348,5756530761719","544,52002",3,3,2024-07-16
2024-07-17 00:00:00,"320,3842468261719","543,330017",3,3,2024-07-17
2024-07-17 01:00:00,"319,3513488769531","526,23999",3,3,2024-07-17
2024-07-17 02:00:00,"302,2929382324219","530,119995",3,3,2024-07-17
2024-07-17 03:00:00,"317,89892578125","577,799988",3,3,2024-07-17
2024-07-17 04:00:00,"336,3144226074219","671,880005",3,3,2024-07-17
2024-07-17 05:00:00,"396,451171875","744,330017",3,3,2024-07-17
2024-07-17 06:00:00,"465,7589111328125","788,650024",3,3,2024-07-17
2024-07-17 07:00:00,"571,6583251953125","575,559998",3,3,2024-07-17
2024-07-17 08:00:00,"584,3777465820312","434,170013",3,3,2024-07-17
2024-07-17 09:00:00,"599,5770874023438","311,51001",3,3,2024-07-17
2024-07-17 10:00:00,"579,1409912109375","243,160004",3,3,2024-07-17
2024-07-17 11:00:00,"573,6512451171875","163,029999",3,3,2024-07-17
2024-07-17 12:00:00,"551,035888671875","80,580002",3,3,2024-07-17
2024-07-17 13:00:00,"575,160888671875","100,5",3,3,2024-07-17
2024-07-17 14:00:00,"622,1015014648438","290,089996",3,3,2024-07-17
2024-07-17 15:00:00,"638,002685546875","460,209991",3,3,2024-07-17
2024-07-17 16:00:00,"659,9260864257812","618,76001",3,3,2024-07-17
2024-07-17 17:00:00,"638,5203247070312","797,530029",3,3,2024-07-17
2024-07-17 18:00:00,"590,8632202148438","984,280029",3,3,2024-07-17
2024-07-17 19:00:00,"512,0505981445312","1044,790039",3,3,2024-07-17
2024-07-17 20:00:00,"406,6451416015625","857,369995",3,3,2024-07-17
2024-07-17 21:00:00,"364,8791809082031","687,700012",3,3,2024-07-17
2024-07-17 22:00:00,"339,0144348144531","506,570007",3,3,2024-07-17
2024-07-17 23:00:00,"310,6875305175781","544,679993",3,3,2024-07-17
2024-07-18 00:00:00,"278,4487609863281","493,589996",3,3,2024-07-18
2024-07-18 01:00:00,"259,99859619140625","491,200012",3,3,2024-07-18
2024-07-18 02:00:00,"257,4314880371094","466,880005",3,3,2024-07-18
2024-07-18 03:00:00,"266,97991943359375","298,369995",3,3,2024-07-18
2024-07-18 04:00:00,"293,5518798828125","650,309998",3,3,2024-07-18
2024-07-18 05:00:00,"359,9179992675781","704,909973",3,3,2024-07-18
2024-07-18 06:00:00,"408,1940612792969","506,269989",3,3,2024-07-18
2024-07-18 07:00:00,"416,6381530761719","351,339996",3,3,2024-07-18
2024-07-18 08:00:00,"390,0530700683594","270,779999",3,3,2024-07-18
2024-07-18 09:00:00,"396,7792053222656","253,470001",3,3,2024-07-18
2024-07-18 10:00:00,"367,8653869628906","253,25",3,3,2024-07-18
2024-07-18 11:00:00,"347,8685302734375","252,800003",3,3,2024-07-18
2024-07-18 12:00:00,"340,8009033203125","254,360001",3,3,2024-07-18
2024-07-18 13:00:00,"385,4611511230469","260,929993",3,3,2024-07-18
2024-07-18 14:00:00,"468,9702453613281","197,080002",3,3,2024-07-18
2024-07-18 15:00:00,"487,8475646972656","637,630005",3,3,2024-07-18
2024-07-18 16:00:00,"494,3619384765625","686,26001",3,3,2024-07-18
2024-07-18 17:00:00,"455,26605224609375","952,26001",3,3,2024-07-18
2024-07-18 18:00:00,"428,8891296386719","1382,819946",3,3,2024-07-18
2024-07-18 19:00:00,"389,52081298828125","1318,290039",3,3,2024-07-18
2024-07-18 20:00:00,"342,9376525878906","891,690002",3,3,2024-07-18
2024-07-18 21:00:00,"310,2788391113281","760,26001",3,3,2024-07-18
2024-07-18 22:00:00,"266,6963806152344","672,26001",3,3,2024-07-18
2024-07-18 23:00:00,"240,7638702392578","600,200012",3,3,2024-07-18
2024-07-19 00:00:00,"204,27276611328125","596,169983",3,3,2024-07-19
2024-07-19 01:00:00,"198,5225830078125","583,47998",3,3,2024-07-19
2024-07-19 02:00:00,"197,26791381835938","606,390015",3,3,2024-07-19
2024-07-19 03:00:00,"215,58132934570312","667,039978",3,3,2024-07-19
2024-07-19 04:00:00,"234,14215087890625","827,289978",3,3,2024-07-19
2024-07-19 05:00:00,"273,6463623046875","810,72998",3,3,2024-07-19
2024-07-19 06:00:00,"321,7289123535156","734,109985",3,3,2024-07-19
2024-07-19 07:00:00,"360,20928955078125","607,51001",3,3,2024-07-19
2024-07-19 08:00:00,"329,4943542480469","522,22998",3,3,2024-07-19
2024-07-19 09:00:00,"300,0843505859375","438,299988",3,3,2024-07-19
2024-07-19 10:00:00,"284,2098083496094","330,799988",3,3,2024-07-19
2024-07-19 11:00:00,"270,5624694824219","272,309998",3,3,2024-07-19
2024-07-19 12:00:00,"238,4822998046875","270,070007",3,3,2024-07-19
2024-07-19 13:00:00,"266,1548156738281","317,369995",3,3,2024-07-19
2024-07-19 14:00:00,"309,5986633300781","475,899994",3,3,2024-07-19
2024-07-19 15:00:00,"356,6356506347656","576,98999",3,3,2024-07-19
2024-07-19 16:00:00,"378,4347839355469","683,460022",3,3,2024-07-19
2024-07-19 17:00:00,"372,0408630371094","888,099976",3,3,2024-07-19
2024-07-19 18:00:00,"361,4835510253906","1358,410034",3,3,2024-07-19
2024-07-19 19:00:00,"303,32537841796875","895,26001",3,3,2024-07-19
2024-07-19 20:00:00,"271,5382080078125","797,22998",3,3,2024-07-19
2024-07-19 21:00:00,"245,977294921875","683,01001",3,3,2024-07-19
2024-07-19 22:00:00,"225,88055419921875","706,789978",3,3,2024-07-19
2024-07-19 23:00:00,"202,3200225830078","667,099976",3,3,2024-07-19
2024-07-20 00:00:00,"194,31063842773438","658,440002",3,3,2024-07-20
2024-07-20 01:00:00,"180,35824584960938","670,599976",3,3,2024-07-20
2024-07-20 02:00:00,"172,17913818359375","703,130005",3,3,2024-07-20
2024-07-20 03:00:00,"172,02908325195312","699,849976",3,3,2024-07-20
2024-07-20 04:00:00,"176,9657440185547","665,159973",3,3,2024-07-20
2024-07-20 05:00:00,"194,91351318359375","641,580017",3,3,2024-07-20
2024-07-20 06:00:00,"213,3467254638672","508,850006",3,3,2024-07-20
2024-07-20 07:00:00,"221,10865783691406","291,359985",3,3,2024-07-20
2024-07-20 08:00:00,"277,291748046875","118,629997",3,3,2024-07-20
2024-07-20 09:00:00,"263,1734313964844","28,129999",3,3,2024-07-20
2024-07-20 10:00:00,"271,82818603515625","10,22",3,3,2024-07-20
2024-07-20 11:00:00,"157,12417602539062","0,15",3,3,2024-07-20
2024-07-20 12:00:00,"242,25067138671875","3,28",3,3,2024-07-20
2024-07-20 13:00:00,"322,7230529785156","34,32",3,3,2024-07-20
2024-07-20 14:00:00,"405,80029296875","134,369995",3,3,2024-07-20
2024-07-20 15:00:00,"451,5385437011719","273,820007",3,3,2024-07-20
2024-07-20 16:00:00,"536,4876098632812","634,190002",3,3,2024-07-20
2024-07-20 17:00:00,"543,3099365234375","817,440002",3,3,2024-07-20
2024-07-20 18:00:00,"512,934814453125","1005,380005",3,3,2024-07-20
2024-07-20 19:00:00,"479,6513366699219","811,840027",3,3,2024-07-20
2024-07-20 20:00:00,"402,8055419921875","627,47998",3,3,2024-07-20
2024-07-20 21:00:00,"326,0018310546875","555,929993",3,3,2024-07-20
2024-07-20 22:00:00,"270,18035888671875","474,790009",3,3,2024-07-20
2024-07-20 23:00:00,"250,18878173828125","420,089996",3,3,2024-07-20
2024-07-21 00:00:00,"226,7450408935547","411,880005",3,3,2024-07-21
2024-07-21 01:00:00,"227,6351776123047","450,540009",3,3,2024-07-21
2024-07-21 02:00:00,"224,5419158935547","496,570007",3,3,2024-07-21
2024-07-21 03:00:00,"226,18307495117188","561,419983",3,3,2024-07-21
2024-07-21 04:00:00,"234,09210205078125","480,529999",3,3,2024-07-21
2024-07-21 05:00:00,"242,49632263183594","421,809998",3,3,2024-07-21
2024-07-21 06:00:00,"253,79129028320312","303,540009",3,3,2024-07-21
2024-07-21 07:00:00,"265,70220947265625","138,559998",3,3,2024-07-21
2024-07-21 08:00:00,"269,9178771972656","7,54",3,3,2024-07-21
2024-07-21 09:00:00,"237,05714416503906","0,22",3,3,2024-07-21
2024-07-21 10:00:00,"246,03245544433594","0,15",3,3,2024-07-21
2024-07-21 11:00:00,"238,9926300048828","-0,45",3,3,2024-07-21
2024-07-21 12:00:00,"245,2650146484375","-1,34",3,3,2024-07-21
2024-07-21 13:00:00,"278,4004211425781","0,3",3,3,2024-07-21
2024-07-21 14:00:00,"293,84967041015625","139,380005",3,3,2024-07-21
2024-07-21 15:00:00,"320,8765869140625","307,640015",3,3,2024-07-21
2024-07-21 16:00:00,"310,2940368652344","600,289978",3,3,2024-07-21
2024-07-21 17:00:00,"283,0710754394531","807,880005",3,3,2024-07-21
2024-07-21 18:00:00,"337,2603454589844","841,150024",3,3,2024-07-21
2024-07-21 19:00:00,"271,2236633300781","919,950012",3,3,2024-07-21
2024-07-21 20:00:00,"197,15234375","814,590027",3,3,2024-07-21
2024-07-21 21:00:00,"195,67440795898438","672,73999",3,3,2024-07-21
2024-07-21 22:00:00,"196,7430877685547","901,669983",3,3,2024-07-21
2024-07-21 23:00:00,"204,30685424804688","721,02002",3,3,2024-07-21
2024-07-22 00:00:00,"345,5748291015625","648,27002",3,4,2024-07-22
2024-07-22 01:00:00,"255,14764404296875","648,640015",3,4,2024-07-22
2024-07-22 02:00:00,"207,8434295654297","610,659973",3,4,2024-07-22
2024-07-22 03:00:00,"214,6925811767578","591,859985",3,4,2024-07-22
2024-07-22 04:00:00,"245,7795867919922","811,159973",3,4,2024-07-22
2024-07-22 05:00:00,"287,0412292480469","896,070007",3,4,2024-07-22
2024-07-22 06:00:00,"322,18048095703125","852,719971",3,4,2024-07-22
2024-07-22 07:00:00,"321,77752685546875","703,929993",3,4,2024-07-22
2024-07-22 08:00:00,"316,66552734375","473,290009",3,4,2024-07-22
2024-07-22 09:00:00,"305,1771545410156","291,600006",3,4,2024-07-22
2024-07-22 10:00:00,"307,43743896484375","191,089996",3,4,2024-07-22
2024-07-22 11:00:00,"291,7763977050781","174,300003",3,4,2024-07-22
2024-07-22 12:00:00,"285,0695495605469","144,830002",3,4,2024-07-22
2024-07-22 13:00:00,"305,19287109375","152,070007",3,4,2024-07-22
2024-07-22 14:00:00,"324,2140808105469","170,279999",3,4,2024-07-22
2024-07-22 15:00:00,"338,32159423828125","463,820007",3,4,2024-07-22
2024-07-22 16:00:00,"384,4400939941406","603,719971",3,4,2024-07-22
2024-07-22 17:00:00,"406,7935791015625","739,0",3,4,2024-07-22
2024-07-22 18:00:00,"444,12921142578125","1043,660034",3,4,2024-07-22
2024-07-22 19:00:00,"368,6429138183594","1046,569946",3,4,2024-07-22
2024-07-22 20:00:00,"330,0428771972656","828,539978",3,4,2024-07-22
2024-07-22 21:00:00,"315,100341796875","712,73999",3,4,2024-07-22
2024-07-22 22:00:00,"294,2622375488281","618,22998",3,4,2024-07-22
2024-07-22 23:00:00,"276,0458984375","559,349976",3,4,2024-07-22
2024-07-23 00:00:00,"245,14572143554688","547,630005",3,4,2024-07-23
2024-07-23 01:00:00,"237,8616943359375","508,380005",3,4,2024-07-23
2024-07-23 02:00:00,"254,15603637695312","526,52002",3,4,2024-07-23
2024-07-23 03:00:00,"274,761962890625","549,799988",3,4,2024-07-23
2024-07-23 04:00:00,"305,1656494140625","745,450012",3,4,2024-07-23
2024-07-23 05:00:00,"347,3668212890625","865,590027",3,4,2024-07-23
2024-07-23 06:00:00,"366,3424072265625","824,179993",3,4,2024-07-23
2024-07-23 07:00:00,"431,2698059082031","651,359985",3,4,2024-07-23
2024-07-23 08:00:00,"406,1434020996094","513,909973",3,4,2024-07-23
2024-07-23 09:00:00,"405,4958801269531","457,940002",3,4,2024-07-23
2024-07-23 10:00:00,"400,17230224609375","324,0",3,4,2024-07-23
2024-07-23 11:00:00,"397,411376953125","285,720001",3,4,2024-07-23
2024-07-23 12:00:00,"404,3752136230469","268,709991",3,4,2024-07-23
2024-07-23 13:00:00,"416,0924987792969","313,100006",3,4,2024-07-23
2024-07-23 14:00:00,"543,4237060546875","483,980011",3,4,2024-07-23
2024-07-23 15:00:00,"580,9630737304688","593,450012",3,4,2024-07-23
2024-07-23 16:00:00,"593,1907348632812","596,359985",3,4,2024-07-23
2024-07-23 17:00:00,"571,5381469726562","716,570007",3,4,2024-07-23
2024-07-23 18:00:00,"519,0865478515625","872,530029",3,4,2024-07-23
2024-07-23 19:00:00,"470,1709289550781","761,200012",3,4,2024-07-23
2024-07-23 20:00:00,"434,3137512207031","740,450012",3,4,2024-07-23
2024-07-23 21:00:00,"402,5517883300781","683,369995",3,4,2024-07-23
2024-07-23 22:00:00,"359,59661865234375","623,359985",3,4,2024-07-23
2024-07-23 23:00:00,"346,7295837402344","584,419983",3,4,2024-07-23
2024-07-24 00:00:00,"318,7441101074219","541,369995",3,4,2024-07-24
2024-07-24 01:00:00,"316,5821838378906","549,130005",3,4,2024-07-24
2024-07-24 02:00:00,"298,1473693847656","423,630005",3,4,2024-07-24
2024-07-24 03:00:00,"320,3550109863281","299,179993",3,4,2024-07-24
2024-07-24 04:00:00,"334,9715881347656","323,429993",3,4,2024-07-24
2024-07-24 05:00:00,"394,665283203125","336,190002",3,4,2024-07-24
2024-07-24 06:00:00,"462,09759521484375","429,079987",3,4,2024-07-24
2024-07-24 07:00:00,"569,2870483398438","270,23999",3,4,2024-07-24
2024-07-24 08:00:00,"586,5343627929688","186,520004",3,4,2024-07-24
2024-07-24 09:00:00,"597,1476440429688","158,100006",3,4,2024-07-24
2024-07-24 10:00:00,"575,9747314453125","11,79",3,4,2024-07-24
2024-07-24 11:00:00,"573,8095092773438","0,0",3,4,2024-07-24
2024-07-24 12:00:00,"548,3328247070312","0,0",3,4,2024-07-24
2024-07-24 13:00:00,"576,4366455078125","-0,6",3,4,2024-07-24
2024-07-24 14:00:00,"622,8389282226562","124,599998",3,4,2024-07-24
2024-07-24 15:00:00,"636,8009033203125","184,880005",3,4,2024-07-24
2024-07-24 16:00:00,"658,4453735351562","387,149994",3,4,2024-07-24
2024-07-24 17:00:00,"636,5380859375","668,5",3,4,2024-07-24
2024-07-24 18:00:00,"591,9892578125","809,659973",3,4,2024-07-24
2024-07-24 19:00:00,"521,183837890625","881,210022",3,4,2024-07-24
2024-07-24 20:00:00,"413,015380859375","813,320007",3,4,2024-07-24
2024-07-24 21:00:00,"381,64874267578125","631,570007",3,4,2024-07-24
2024-07-24 22:00:00,"339,2138366699219","624,570007",3,4,2024-07-24
2024-07-24 23:00:00,"305,24493408203125","578,299988",3,4,2024-07-24
2024-07-25 00:00:00,"276,81353759765625","567,859985",3,4,2024-07-25
2024-07-25 01:00:00,"255,63192749023438","596,359985",3,4,2024-07-25
2024-07-25 02:00:00,"257,32025146484375","570,090027",3,4,2024-07-25
2024-07-25 03:00:00,"270,64984130859375","690,460022",3,4,2024-07-25
2024-07-25 04:00:00,"297,5561218261719","792,159973",3,4,2024-07-25
2024-07-25 05:00:00,"359,2633361816406","813,580017",3,4,2024-07-25
2024-07-25 06:00:00,"419,552978515625","678,890015",3,4,2024-07-25
2024-07-25 07:00:00,"415,2767028808594","537,109985",3,4,2024-07-25
2024-07-25 08:00:00,"390,83990478515625","411,0",3,4,2024-07-25
2024-07-25 09:00:00,"393,6119384765625","275,720001",3,4,2024-07-25
2024-07-25 10:00:00,"364,26507568359375","177,070007",3,4,2024-07-25
2024-07-25 11:00:00,"346,1589660644531","133,869995",3,4,2024-07-25
2024-07-25 12:00:00,"342,2874450683594","128,490005",3,4,2024-07-25
2024-07-25 13:00:00,"388,7140197753906","166,029999",3,4,2024-07-25
2024-07-25 14:00:00,"462,6386413574219","401,450012",3,4,2024-07-25
2024-07-25 15:00:00,"480,5518798828125","596,960022",3,4,2024-07-25
2024-07-25 16:00:00,"494,8065490722656","723,809998",3,4,2024-07-25
2024-07-25 17:00:00,"453,9551696777344","947,150024",3,4,2024-07-25
2024-07-25 18:00:00,"427,5782470703125","1161,97998",3,4,2024-07-25
2024-07-25 19:00:00,"388,5734558105469","982,070007",3,4,2024-07-25
2024-07-25 20:00:00,"339,027099609375","746,200012",3,4,2024-07-25
2024-07-25 21:00:00,"308,5181579589844","633,890015",3,4,2024-07-25
2024-07-25 22:00:00,"261,210693359375","604,460022",3,4,2024-07-25
2024-07-25 23:00:00,"238,8995819091797","548,48999",3,4,2024-07-25
2024-07-26 00:00:00,"202,0161590576172","559,76001",3,4,2024-07-26
2024-07-26 01:00:00,"194,7838592529297","576,849976",3,4,2024-07-26
2024-07-26 02:00:00,"191,2067108154297","573,859985",3,4,2024-07-26
2024-07-26 03:00:00,"213,68516540527344","596,919983",3,4,2024-07-26
2024-07-26 04:00:00,"235,3025665283203","608,109985",3,4,2024-07-26
2024-07-26 05:00:00,"274,0028991699219","795,940002",3,4,2024-07-26
2024-07-26 06:00:00,"324,5688781738281","776,840027",3,4,2024-07-26
2024-07-26 07:00:00,"358,640869140625","722,590027",3,4,2024-07-26
2024-07-26 08:00:00,"327,9315490722656","675,570007",3,4,2024-07-26
2024-07-26 09:00:00,"284,9405822753906","607,070007",3,4,2024-07-26
2024-07-26 10:00:00,"281,1190185546875","522,369995",3,4,2024-07-26
2024-07-26 11:00:00,"266,64208984375","471,029999",3,4,2024-07-26
2024-07-26 12:00:00,"245,74757385253906","449,160004",3,4,2024-07-26
2024-07-26 13:00:00,"260,1435241699219","508,48999",3,4,2024-07-26
2024-07-26 14:00:00,"311,15887451171875","543,559998",3,4,2024-07-26
2024-07-26 15:00:00,"354,3139953613281","660,580017",3,4,2024-07-26
2024-07-26 16:00:00,"379,67108154296875","704,01001",3,4,2024-07-26
2024-07-26 17:00:00,"374,6646728515625","804,380005",3,4,2024-07-26
2024-07-26 18:00:00,"346,8154602050781","1068,98999",3,4,2024-07-26
2024-07-26 19:00:00,"295,70849609375","1037,280029",3,4,2024-07-26
2024-07-26 20:00:00,"248,1483612060547","793,929993",3,4,2024-07-26
2024-07-26 21:00:00,"237,95701599121094","730,650024",3,4,2024-07-26
2024-07-26 22:00:00,"221,1306915283203","775,22998",3,4,2024-07-26
2024-07-26 23:00:00,"205,35121154785156","768,890015",3,4,2024-07-26
2024-07-27 00:00:00,"191,90817260742188","723,070007",3,4,2024-07-27
2024-07-27 01:00:00,"168,1275634765625","710,080017",3,4,2024-07-27
2024-07-27 02:00:00,"159,7089080810547","690,01001",3,4,2024-07-27
2024-07-27 03:00:00,"166,61061096191406","673,070007",3,4,2024-07-27
2024-07-27 04:00:00,"172,5822296142578","649,929993",3,4,2024-07-27
2024-07-27 05:00:00,"194,33506774902344","615,01001",3,4,2024-07-27
2024-07-27 06:00:00,"214,67454528808594","632,02002",3,4,2024-07-27
2024-07-27 07:00:00,"224,1360626220703","505,0",3,4,2024-07-27
2024-07-27 08:00:00,"276,98626708984375","453,589996",3,4,2024-07-27
2024-07-27 09:00:00,"282,05133056640625","297,76001",3,4,2024-07-27
2024-07-27 10:00:00,"267,4091796875","208,960007",3,4,2024-07-27
2024-07-27 11:00:00,"263,4476013183594","132,839996",3,4,2024-07-27
2024-07-27 12:00:00,"288,8402404785156","133,729996",3,4,2024-07-27
2024-07-27 13:00:00,"328,769775390625","261,350006",3,4,2024-07-27
2024-07-27 14:00:00,"406,2137451171875","505,380005",3,4,2024-07-27
2024-07-27 15:00:00,"451,8460998535156","649,710022",3,4,2024-07-27
2024-07-27 16:00:00,"534,839599609375","783,369995",3,4,2024-07-27
2024-07-27 17:00:00,"542,710693359375","870,830017",3,4,2024-07-27
2024-07-27 18:00:00,"512,4096069335938","918,669983",3,4,2024-07-27
2024-07-27 19:00:00,"473,67218017578125","909,109985",3,4,2024-07-27
2024-07-27 20:00:00,"403,4053649902344","806,719971",3,4,2024-07-27
2024-07-27 21:00:00,"326,0559387207031","730,900024",3,4,2024-07-27
2024-07-27 22:00:00,"269,1435546875","820,820007",3,4,2024-07-27
2024-07-27 23:00:00,"249,69857788085938","709,780029",3,4,2024-07-27
2024-07-28 00:00:00,"225,3321990966797","658,280029",3,4,2024-07-28
2024-07-28 01:00:00,"226,83876037597656","608,429993",3,4,2024-07-28
2024-07-28 02:00:00,"226,54635620117188","586,119995",3,4,2024-07-28
2024-07-28 03:00:00,"225,78468322753906","591,48999",3,4,2024-07-28
2024-07-28 04:00:00,"233,2813262939453","563,659973",3,4,2024-07-28
2024-07-28 05:00:00,"241,62428283691406","541,869995",3,4,2024-07-28
2024-07-28 06:00:00,"257,2431335449219","189,699997",3,4,2024-07-28
2024-07-28 07:00:00,"267,6863098144531","37,240002",3,4,2024-07-28
2024-07-28 08:00:00,"271,3941650390625","0,0",3,4,2024-07-28
2024-07-28 09:00:00,"255,48756408691406","-18,129999",3,4,2024-07-28
2024-07-28 10:00:00,"248,19976806640625","-112,239998",3,4,2024-07-28
2024-07-28 11:00:00,"248,89491271972656","-222,389999",3,4,2024-07-28
2024-07-28 12:00:00,"252,82666015625","-363,359985",3,4,2024-07-28
2024-07-28 13:00:00,"278,968017578125","-250,220001",3,4,2024-07-28
2024-07-28 14:00:00,"291,8230285644531","-99,099998",3,4,2024-07-28
2024-07-28 15:00:00,"320,091552734375","-1,94",3,4,2024-07-28
2024-07-28 16:00:00,"307,10235595703125","37,09",3,4,2024-07-28
2024-07-28 17:00:00,"284,9965515136719","349,480011",3,4,2024-07-28
2024-07-28 18:00:00,"344,95941162109375","588,580017",3,4,2024-07-28
2024-07-28 19:00:00,"275,4316711425781","579,630005",3,4,2024-07-28
2024-07-28 20:00:00,"208,70774841308594","589,400024",3,4,2024-07-28
2024-07-28 21:00:00,"199,95985412597656","322,98999",3,4,2024-07-28
2024-07-28 22:00:00,"187,3387908935547","382,160004",3,4,2024-07-28
2024-07-28 23:00:00,"189,51170349121094","275,670013",3,4,2024-07-28
2024-09-30 00:00:00,"142,52371215820312","62,630001",4,1,2024-09-30
2024-09-30 01:00:00,"182,0021209716797","41,23",4,1,2024-09-30
2024-09-30 02:00:00,"184,95071411132812","67,25",4,1,2024-09-30
2024-09-30 03:00:00,"187,69760131835938","126,599998",4,1,2024-09-30
2024-09-30 04:00:00,"218,59324645996094","314,869995",4,1,2024-09-30
2024-09-30 05:00:00,"271,2447814941406","597,22998",4,1,2024-09-30
2024-09-30 06:00:00,"306,556396484375","597,22998",4,1,2024-09-30
2024-09-30 07:00:00,"306,6817321777344","447,359985",4,1,2024-09-30
2024-09-30 08:00:00,"297,338623046875","272,73999",4,1,2024-09-30
2024-09-30 09:00:00,"275,9404296875","155,910004",4,1,2024-09-30
2024-09-30 10:00:00,"274,16229248046875","69,190002",4,1,2024-09-30
2024-09-30 11:00:00,"266,7118835449219","15,36",4,1,2024-09-30
2024-09-30 12:00:00,"269,3258972167969","94,919998",4,1,2024-09-30
2024-09-30 13:00:00,"295,45245361328125","125,709999",4,1,2024-09-30
2024-09-30 14:00:00,"306,2023620605469","180,360001",4,1,2024-09-30
2024-09-30 15:00:00,"337,09228515625","243,960007",4,1,2024-09-30
2024-09-30 16:00:00,"374,809814453125","268,339996",4,1,2024-09-30
2024-09-30 17:00:00,"370,0173645019531","273,119995",4,1,2024-09-30
2024-09-30 18:00:00,"333,3466491699219","127,5",4,1,2024-09-30
2024-09-30 19:00:00,"304,5712890625","31,24",4,1,2024-09-30
2024-09-30 20:00:00,"287,0724182128906","24,459999",4,1,2024-09-30
2024-09-30 21:00:00,"274,69427490234375","24,23",4,1,2024-09-30
2024-09-30 22:00:00,"255,5508575439453","23,93",4,1,2024-09-30
2024-09-30 23:00:00,"239,40846252441406","0,52",4,1,2024-09-30
2024-10-01 00:00:00,"210,83609008789062","0,37",4,1,2024-10-01
2024-10-01 01:00:00,"197,9689178466797","0,15",4,1,2024-10-01
2024-10-01 02:00:00,"207,72337341308594","0,67",4,1,2024-10-01
2024-10-01 03:00:00,"234,04928588867188","24,6",4,1,2024-10-01
2024-10-01 04:00:00,"276,80499267578125","75,080002",4,1,2024-10-01
2024-10-01 05:00:00,"311,6419677734375","293,910004",4,1,2024-10-01
2024-10-01 06:00:00,"358,37322998046875","308,079987",4,1,2024-10-01
2024-10-01 07:00:00,"407,97113037109375","309,5",4,1,2024-10-01
2024-10-01 08:00:00,"400,1054992675781","288,170013",4,1,2024-10-01
2024-10-01 09:00:00,"405,72235107421875","260,880005",4,1,2024-10-01
2024-10-01 10:00:00,"392,9444580078125","232,919998",4,1,2024-10-01
2024-10-01 11:00:00,"401,6754455566406","223,600006",4,1,2024-10-01
2024-10-01 12:00:00,"398,7384948730469","260,660004",4,1,2024-10-01
2024-10-01 13:00:00,"412,9400939941406","296,079987",4,1,2024-10-01
2024-10-01 14:00:00,"520,2589721679688","324,779999",4,1,2024-10-01
2024-10-01 15:00:00,"587,5390625","393,0",4,1,2024-10-01
2024-10-01 16:00:00,"600,2660522460938","405,600006",4,1,2024-10-01
2024-10-01 17:00:00,"565,2089233398438","421,410004",4,1,2024-10-01
2024-10-01 18:00:00,"466,9668884277344","366,829987",4,1,2024-10-01
2024-10-01 19:00:00,"397,9476318359375","345,429993",4,1,2024-10-01
2024-10-01 20:00:00,"331,71392822265625","321,649994",4,1,2024-10-01
2024-10-01 21:00:00,"307,60015869140625","309,940002",4,1,2024-10-01
2024-10-01 22:00:00,"276,0426940917969","432,829987",4,1,2024-10-01
2024-10-01 23:00:00,"265,44158935546875","367,350006",4,1,2024-10-01
2024-10-02 00:00:00,"252,23736572265625","373,540009",4,1,2024-10-02
2024-10-02 01:00:00,"248,48451232910156","365,339996",4,1,2024-10-02
2024-10-02 02:00:00,"242,56590270996094","300,230011",4,1,2024-10-02
2024-10-02 03:00:00,"255,33456420898438","363,470001",4,1,2024-10-02
2024-10-02 04:00:00,"284,984130859375","596,440002",4,1,2024-10-02
2024-10-02 05:00:00,"353,92620849609375","692,869995",4,1,2024-10-02
2024-10-02 06:00:00,"432,77008056640625","913,830017",4,1,2024-10-02
2024-10-02 07:00:00,"554,2971801757812","701,219971",4,1,2024-10-02
2024-10-02 08:00:00,"585,0838012695312","484,880005",4,1,2024-10-02
2024-10-02 09:00:00,"599,8483276367188","394,420013",4,1,2024-10-02
2024-10-02 10:00:00,"579,9185791015625","431,040009",4,1,2024-10-02
2024-10-02 11:00:00,"573,0696411132812","597,109985",4,1,2024-10-02
2024-10-02 12:00:00,"546,8206176757812","584,659973",4,1,2024-10-02
2024-10-02 13:00:00,"583,051513671875","607,26001",4,1,2024-10-02
2024-10-02 14:00:00,"633,3369140625","607,849976",4,1,2024-10-02
2024-10-02 15:00:00,"649,986083984375","746,48999",4,1,2024-10-02
2024-10-02 16:00:00,"672,157470703125","872,590027",4,1,2024-10-02
2024-10-02 17:00:00,"640,3783569335938","969,97998",4,1,2024-10-02
2024-10-02 18:00:00,"558,4600219726562","852,900024",4,1,2024-10-02
2024-10-02 19:00:00,"504,303955078125","719,940002",4,1,2024-10-02
2024-10-02 20:00:00,"394,1611328125","695,780029",4,1,2024-10-02
2024-10-02 21:00:00,"363,6060485839844","633,880005",4,1,2024-10-02
2024-10-02 22:00:00,"326,5880126953125","502,230011",4,1,2024-10-02
2024-10-02 23:00:00,"274,0917663574219","491,26001",4,1,2024-10-02
2024-10-03 00:00:00,"275,8699035644531","485,890015",4,1,2024-10-03
2024-10-03 01:00:00,"260,98907470703125","478,730011",4,1,2024-10-03
2024-10-03 02:00:00,"255,60757446289062","477,23999",4,1,2024-10-03
2024-10-03 03:00:00,"259,3529968261719","480,369995",4,1,2024-10-03
2024-10-03 04:00:00,"294,7139587402344","488,059998",4,1,2024-10-03
2024-10-03 05:00:00,"374,99847412109375","547,280029",4,1,2024-10-03
2024-10-03 06:00:00,"421,2218017578125","571,900024",4,1,2024-10-03
2024-10-03 07:00:00,"411,9178161621094","543,780029",4,1,2024-10-03
2024-10-03 08:00:00,"390,7184143066406","516,77002",4,1,2024-10-03
2024-10-03 09:00:00,"389,29241943359375","470,230011",4,1,2024-10-03
2024-10-03 10:00:00,"366,9403991699219","351,25",4,1,2024-10-03
2024-10-03 11:00:00,"355,11224365234375","253,460007",4,1,2024-10-03
2024-10-03 12:00:00,"357,7906799316406","291,950012",4,1,2024-10-03
2024-10-03 13:00:00,"400,7316589355469","383,109985",4,1,2024-10-03
2024-10-03 14:00:00,"477,9420471191406","492,609985",4,1,2024-10-03
2024-10-03 15:00:00,"486,0456848144531","669,090027",4,1,2024-10-03
2024-10-03 16:00:00,"494,9428405761719","821,039978",4,1,2024-10-03
2024-10-03 17:00:00,"445,2469787597656","860,200012",4,1,2024-10-03
2024-10-03 18:00:00,"410,3546447753906","807,679993",4,1,2024-10-03
2024-10-03 19:00:00,"374,3636169433594","736,669983",4,1,2024-10-03
2024-10-03 20:00:00,"346,3768310546875","678,48999",4,1,2024-10-03
2024-10-03 21:00:00,"315,2490539550781","607,630005",4,1,2024-10-03
2024-10-03 22:00:00,"272,0658264160156","551,23999",4,1,2024-10-03
2024-10-03 23:00:00,"241,94659423828125","540,950012",4,1,2024-10-03
2024-10-04 00:00:00,"208,76348876953125","537,809998",4,1,2024-10-04
2024-10-04 01:00:00,"209,95944213867188","537,070007",4,1,2024-10-04
2024-10-04 02:00:00,"203,26385498046875","539,530029",4,1,2024-10-04
2024-10-04 03:00:00,"206,82130432128906","575,109985",4,1,2024-10-04
2024-10-04 04:00:00,"229,6370086669922","768,299988",4,1,2024-10-04
2024-10-04 05:00:00,"276,79107666015625","943,890015",4,1,2024-10-04
2024-10-04 06:00:00,"323,4601745605469","1054,890015",4,1,2024-10-04
2024-10-04 07:00:00,"362,2645568847656","867,289978",4,1,2024-10-04
2024-10-04 08:00:00,"326,33465576171875","746,599976",4,1,2024-10-04
2024-10-04 09:00:00,"291,14715576171875","634,039978",4,1,2024-10-04
2024-10-04 10:00:00,"282,79974365234375","559,969971",4,1,2024-10-04
2024-10-04 11:00:00,"264,39373779296875","548,179993",4,1,2024-10-04
2024-10-04 12:00:00,"246,71527099609375","565,559998",4,1,2024-10-04
2024-10-04 13:00:00,"269,3157043457031","589,799988",4,1,2024-10-04
2024-10-04 14:00:00,"309,998046875","669,840027",4,1,2024-10-04
2024-10-04 15:00:00,"354,1567077636719","798,890015",4,1,2024-10-04
2024-10-04 16:00:00,"369,9949951171875","984,400024",4,1,2024-10-04
2024-10-04 17:00:00,"358,02642822265625","1111,579956",4,1,2024-10-04
2024-10-04 18:00:00,"309,40673828125","922,710022",4,1,2024-10-04
2024-10-04 19:00:00,"270,7554931640625","745,179993",4,1,2024-10-04
2024-10-04 20:00:00,"251,12478637695312","745,179993",4,1,2024-10-04
2024-10-04 21:00:00,"247,55177307128906","671,330017",4,1,2024-10-04
2024-10-04 22:00:00,"239,4665985107422","694,340027",4,1,2024-10-04
2024-10-04 23:00:00,"202,05218505859375","631,23999",4,1,2024-10-04
2024-10-05 00:00:00,"187,10482788085938","607,080017",4,1,2024-10-05
2024-10-05 01:00:00,"171,7634735107422","563,380005",4,1,2024-10-05
2024-10-05 02:00:00,"158,17861938476562","564,719971",4,1,2024-10-05
2024-10-05 03:00:00,"158,67730712890625","595,299988",4,1,2024-10-05
2024-10-05 04:00:00,"168,03305053710938","642,880005",4,1,2024-10-05
2024-10-05 05:00:00,"200,26417541503906","748,780029",4,1,2024-10-05
2024-10-05 06:00:00,"220,72293090820312","825,0",4,1,2024-10-05
2024-10-05 07:00:00,"230,9840545654297","768,169983",4,1,2024-10-05
2024-10-05 08:00:00,"290,09368896484375","614,690002",4,1,2024-10-05
2024-10-05 09:00:00,"286,1431884765625","509,160004",4,1,2024-10-05
2024-10-05 10:00:00,"284,9262390136719","383,640015",4,1,2024-10-05
2024-10-05 11:00:00,"280,69830322265625","289,970001",4,1,2024-10-05
2024-10-05 12:00:00,"292,61962890625","324,350006",4,1,2024-10-05
2024-10-05 13:00:00,"328,7290344238281","469,26001",4,1,2024-10-05
2024-10-05 14:00:00,"408,8745422363281","575,159973",4,1,2024-10-05
2024-10-05 15:00:00,"463,0927734375","741,919983",4,1,2024-10-05
2024-10-05 16:00:00,"552,531494140625","1108,630005",4,1,2024-10-05
2024-10-05 17:00:00,"549,7639770507812","1068,579956",4,1,2024-10-05
2024-10-05 18:00:00,"496,3062438964844","799,719971",4,1,2024-10-05
2024-10-05 19:00:00,"453,97662353515625","720,140015",4,1,2024-10-05
2024-10-05 20:00:00,"389,4728088378906","635,640015",4,1,2024-10-05
2024-10-05 21:00:00,"332,3681640625","499,690002",4,1,2024-10-05
2024-10-05 22:00:00,"287,7394714355469","486,98999",4,1,2024-10-05
2024-10-05 23:00:00,"255,8831024169922","452,100006",4,1,2024-10-05
2024-10-06 00:00:00,"228,1369171142578","440,549988",4,1,2024-10-06
2024-10-06 01:00:00,"229,55482482910156","433,320007",4,1,2024-10-06
2024-10-06 02:00:00,"224,75144958496094","424,369995",4,1,2024-10-06
2024-10-06 03:00:00,"221,96234130859375","433,320007",4,1,2024-10-06
2024-10-06 04:00:00,"234,5951690673828","431,829987",4,1,2024-10-06
2024-10-06 05:00:00,"254,3679962158203","524,929993",4,1,2024-10-06
2024-10-06 06:00:00,"269,1782531738281","575,469971",4,1,2024-10-06
2024-10-06 07:00:00,"287,7008056640625","492,429993",4,1,2024-10-06
2024-10-06 08:00:00,"284,2674560546875","193,960007",4,1,2024-10-06
2024-10-06 09:00:00,"264,0895690917969","126,720001",4,1,2024-10-06
2024-10-06 10:00:00,"262,0387878417969","105,849998",4,1,2024-10-06
2024-10-06 11:00:00,"255,13954162597656","93,330002",4,1,2024-10-06
2024-10-06 12:00:00,"257,52862548828125","113,900002",4,1,2024-10-06
2024-10-06 13:00:00,"274,0284118652344","139,539993",4,1,2024-10-06
2024-10-06 14:00:00,"283,31378173828125","202,759995",4,1,2024-10-06
2024-10-06 15:00:00,"318,5879211425781","677,890015",4,1,2024-10-06
2024-10-06 16:00:00,"306,4593811035156","792,390015",4,1,2024-10-06
2024-10-06 17:00:00,"268,9760437011719","724,710022",4,1,2024-10-06
2024-10-06 18:00:00,"226,69346618652344","544,01001",4,1,2024-10-06
2024-10-06 19:00:00,"222,93052673339844","442,559998",4,1,2024-10-06
2024-10-06 20:00:00,"213,84805297851562","437,48999",4,1,2024-10-06
2024-10-06 21:00:00,"192,18365478515625","385,459991",4,1,2024-10-06
2024-10-06 22:00:00,"197,15240478515625","257,769989",4,1,2024-10-06
2024-10-06 23:00:00,"196,5864715576172","263,429993",4,1,2024-10-06
2024-10-07 00:00:00,"216,06948852539062","247,850006",4,2,2024-10-07
2024-10-07 01:00:00,"203,94491577148438","224,75",4,2,2024-10-07
2024-10-07 02:00:00,"196,85142517089844","260,529999",4,2,2024-10-07
2024-10-07 03:00:00,"198,11343383789062","291,910004",4,2,2024-10-07
2024-10-07 04:00:00,"221,90284729003906","335,369995",4,2,2024-10-07
2024-10-07 05:00:00,"247,86537170410156","378,299988",4,2,2024-10-07
2024-10-07 06:00:00,"294,2716064453125","414,089996",4,2,2024-10-07
2024-10-07 07:00:00,"293,6819152832031","383,75",4,2,2024-10-07
2024-10-07 08:00:00,"291,8755798339844","372,420013",4,2,2024-10-07
2024-10-07 09:00:00,"291,6761779785156","356,309998",4,2,2024-10-07
2024-10-07 10:00:00,"294,6077575683594","340,880005",4,2,2024-10-07
2024-10-07 11:00:00,"286,2160339355469","322,019989",4,2,2024-10-07
2024-10-07 12:00:00,"295,2254638671875","358,399994",4,2,2024-10-07
2024-10-07 13:00:00,"315,70379638671875","458,070007",4,2,2024-10-07
2024-10-07 14:00:00,"336,689208984375","661,869995",4,2,2024-10-07
2024-10-07 15:00:00,"371,0279846191406","873,640015",4,2,2024-10-07
2024-10-07 16:00:00,"422,00640869140625","1405,060059",4,2,2024-10-07
2024-10-07 17:00:00,"422,5661926269531","1405,359985",4,2,2024-10-07
2024-10-07 18:00:00,"399,710205078125","909,27002",4,2,2024-10-07
2024-10-07 19:00:00,"348,5066223144531","744,909973",4,2,2024-10-07
2024-10-07 20:00:00,"329,2381896972656","685,119995",4,2,2024-10-07
2024-10-07 21:00:00,"326,7575378417969","589,780029",4,2,2024-10-07
2024-10-07 22:00:00,"297,42840576171875","539,340027",4,2,2024-10-07
2024-10-07 23:00:00,"265,8921203613281","500,119995",4,2,2024-10-07
2024-10-08 00:00:00,"247,60211181640625","477,149994",4,2,2024-10-08
2024-10-08 01:00:00,"236,5001220703125","444,940002",4,2,2024-10-08
2024-10-08 02:00:00,"245,69412231445312","445,089996",4,2,2024-10-08
2024-10-08 03:00:00,"259,5169372558594","502,799988",4,2,2024-10-08
2024-10-08 04:00:00,"297,263916015625","641,049988",4,2,2024-10-08
2024-10-08 05:00:00,"332,3618469238281","822,98999",4,2,2024-10-08
2024-10-08 06:00:00,"377,55999755859375","792,200012",4,2,2024-10-08
2024-10-08 07:00:00,"441,0675354003906","633,820007",4,2,2024-10-08
2024-10-08 08:00:00,"410,09014892578125","598,98999",4,2,2024-10-08
2024-10-08 09:00:00,"409,544189453125","547,469971",4,2,2024-10-08
2024-10-08 10:00:00,"406,6824035644531","495,940002",4,2,2024-10-08
2024-10-08 11:00:00,"407,4088134765625","529,200012",4,2,2024-10-08
2024-10-08 12:00:00,"407,9054870605469","565,140015",4,2,2024-10-08
2024-10-08 13:00:00,"417,4013671875","578,119995",4,2,2024-10-08
2024-10-08 14:00:00,"552,6863403320312","754,539978",4,2,2024-10-08
2024-10-08 15:00:00,"577,36083984375","942,080017",4,2,2024-10-08
2024-10-08 16:00:00,"596,471923828125","1168,97998",4,2,2024-10-08
2024-10-08 17:00:00,"564,9378662109375","1254,209961",4,2,2024-10-08
2024-10-08 18:00:00,"500,2118835449219","853,119995",4,2,2024-10-08
2024-10-08 19:00:00,"441,9158630371094","707,640015",4,2,2024-10-08
2024-10-08 20:00:00,"411,8895263671875","645,75",4,2,2024-10-08
2024-10-08 21:00:00,"387,70782470703125","504,070007",4,2,2024-10-08
2024-10-08 22:00:00,"375,1341247558594","461,859985",4,2,2024-10-08
2024-10-08 23:00:00,"349,66778564453125","447,459991",4,2,2024-10-08
2024-10-09 00:00:00,"322,1092834472656","428,670013",4,2,2024-10-09
2024-10-09 01:00:00,"320,9877624511719","405,100006",4,2,2024-10-09
2024-10-09 02:00:00,"297,6617431640625","427,480011",4,2,2024-10-09
2024-10-09 03:00:00,"311,01953125","476,329987",4,2,2024-10-09
2024-10-09 04:00:00,"334,16162109375","646,590027",4,2,2024-10-09
2024-10-09 05:00:00,"403,60882568359375","829,22998",4,2,2024-10-09
2024-10-09 06:00:00,"473,79449462890625","827,659973",4,2,2024-10-09
2024-10-09 07:00:00,"581,85888671875","648,820007",4,2,2024-10-09
2024-10-09 08:00:00,"590,9906616210938","537,630005",4,2,2024-10-09
2024-10-09 09:00:00,"599,0584716796875","446,720001",4,2,2024-10-09
2024-10-09 10:00:00,"577,9149169921875","445,970001",4,2,2024-10-09
2024-10-09 11:00:00,"571,6900024414062","446,350006",4,2,2024-10-09
2024-10-09 12:00:00,"561,0660400390625","504,369995",4,2,2024-10-09
2024-10-09 13:00:00,"587,74169921875","575,51001",4,2,2024-10-09
2024-10-09 14:00:00,"627,6012573242188","708,48999",4,2,2024-10-09
2024-10-09 15:00:00,"644,8495483398438","875,909973",4,2,2024-10-09
2024-10-09 16:00:00,"667,2763671875","913,799988",4,2,2024-10-09
2024-10-09 17:00:00,"627,5914916992188","948,030029",4,2,2024-10-09
2024-10-09 18:00:00,"567,9398803710938","828,179993",4,2,2024-10-09
2024-10-09 19:00:00,"513,6845703125","714,450012",4,2,2024-10-09
2024-10-09 20:00:00,"418,3617858886719","709,22998",4,2,2024-10-09
2024-10-09 21:00:00,"389,0716247558594","614,070007",4,2,2024-10-09
2024-10-09 22:00:00,"337,5787353515625","456,399994",4,2,2024-10-09
2024-10-09 23:00:00,"310,73968505859375","349,73999",4,2,2024-10-09
2024-10-10 00:00:00,"282,7391357421875","281,559998",4,2,2024-10-10
2024-10-10 01:00:00,"259,8898010253906","238,679993",4,2,2024-10-10
2024-10-10 02:00:00,"255,01107788085938","221,070007",4,2,2024-10-10
2024-10-10 03:00:00,"263,2198486328125","295,359985",4,2,2024-10-10
2024-10-10 04:00:00,"298,65203857421875","463,179993",4,2,2024-10-10
2024-10-10 05:00:00,"368,6507263183594","633,23999",4,2,2024-10-10
2024-10-10 06:00:00,"430,84197998046875","600,119995",4,2,2024-10-10
2024-10-10 07:00:00,"437,1556091308594","503,459991",4,2,2024-10-10
2024-10-10 08:00:00,"412,8371887207031","387,920013",4,2,2024-10-10
2024-10-10 09:00:00,"393,05242919921875","290,369995",4,2,2024-10-10
2024-10-10 10:00:00,"372,6618347167969","163,270004",4,2,2024-10-10
2024-10-10 11:00:00,"361,8774108886719","118,889999",4,2,2024-10-10
2024-10-10 12:00:00,"365,22540283203125","149,25",4,2,2024-10-10
2024-10-10 13:00:00,"408,2169494628906","277,309998",4,2,2024-10-10
2024-10-10 14:00:00,"467,81256103515625","277,309998",4,2,2024-10-10
2024-10-10 15:00:00,"492,8026428222656","285,140015",4,2,2024-10-10
2024-10-10 16:00:00,"487,3395690917969","294,470001",4,2,2024-10-10
2024-10-10 17:00:00,"440,5635986328125","288,200012",4,2,2024-10-10
2024-10-10 18:00:00,"392,763427734375","274,630005",4,2,2024-10-10
2024-10-10 19:00:00,"353,5271911621094","186,759995",4,2,2024-10-10
2024-10-10 20:00:00,"312,65570068359375","100,540001",4,2,2024-10-10
2024-10-10 21:00:00,"282,5272216796875","24,540001",4,2,2024-10-10
2024-10-10 22:00:00,"243,39678955078125","24,389999",4,2,2024-10-10
2024-10-10 23:00:00,"225,7305908203125","24,389999",4,2,2024-10-10
2024-10-11 00:00:00,"199,20770263671875","24,459999",4,2,2024-10-11
2024-10-11 01:00:00,"188,709716796875","24,389999",4,2,2024-10-11
2024-10-11 02:00:00,"187,72128295898438","24,389999",4,2,2024-10-11
2024-10-11 03:00:00,"213,4243927001953","24,459999",4,2,2024-10-11
2024-10-11 04:00:00,"222,30572509765625","252,839996",4,2,2024-10-11
2024-10-11 05:00:00,"275,7262268066406","439,230011",4,2,2024-10-11
2024-10-11 06:00:00,"323,6607971191406","593,919983",4,2,2024-10-11
2024-10-11 07:00:00,"359,8203125","400,670013",4,2,2024-10-11
2024-10-11 08:00:00,"337,8331604003906","367,859985",4,2,2024-10-11
2024-10-11 09:00:00,"310,170166015625","183,929993",4,2,2024-10-11
2024-10-11 10:00:00,"282,933349609375","156,929993",4,2,2024-10-11
2024-10-11 11:00:00,"269,7230224609375","252,990005",4,2,2024-10-11
2024-10-11 12:00:00,"255,98910522460938","251,949997",4,2,2024-10-11
2024-10-11 13:00:00,"277,5796813964844","298,119995",4,2,2024-10-11
2024-10-11 14:00:00,"317,20318603515625","298,859985",4,2,2024-10-11
2024-10-11 15:00:00,"354,1797790527344","496,660004",4,2,2024-10-11
2024-10-11 16:00:00,"378,2835998535156","939,330017",4,2,2024-10-11
2024-10-11 17:00:00,"348,04345703125","1208,060059",4,2,2024-10-11
2024-10-11 18:00:00,"294,9393615722656","895,02002",4,2,2024-10-11
2024-10-11 19:00:00,"249,1992645263672","744,289978",4,2,2024-10-11
2024-10-11 20:00:00,"231,78634643554688","733,98999",4,2,2024-10-11
2024-10-11 21:00:00,"226,97242736816406","655,080017",4,2,2024-10-11
2024-10-11 22:00:00,"217,32406616210938","672,190002",4,2,2024-10-11
2024-10-11 23:00:00,"194,0574493408203","592,580017",4,2,2024-10-11
2024-10-12 00:00:00,"174,65281677246094","563,929993",4,2,2024-10-12
2024-10-12 01:00:00,"154,99693298339844","559,75",4,2,2024-10-12
2024-10-12 02:00:00,"146,71322631835938","536,619995",4,2,2024-10-12
2024-10-12 03:00:00,"149,52719116210938","506,619995",4,2,2024-10-12
2024-10-12 04:00:00,"161,59437561035156","534,460022",4,2,2024-10-12
2024-10-12 05:00:00,"201,56304931640625","400,149994",4,2,2024-10-12
2024-10-12 06:00:00,"220,53164672851562","378,359985",4,2,2024-10-12
2024-10-12 07:00:00,"235,59103393554688","310,910004",4,2,2024-10-12
2024-10-12 08:00:00,"293,82196044921875","263,390015",4,2,2024-10-12
2024-10-12 09:00:00,"271,2790222167969","255,770004",4,2,2024-10-12
2024-10-12 10:00:00,"271,99212646484375","184,970001",4,2,2024-10-12
2024-10-12 11:00:00,"270,51226806640625","106,919998",4,2,2024-10-12
2024-10-12 12:00:00,"283,5310363769531","174,149994",4,2,2024-10-12
2024-10-12 13:00:00,"312,33270263671875","263,459991",4,2,2024-10-12
2024-10-12 14:00:00,"386,15081787109375","218,990005",4,2,2024-10-12
2024-10-12 15:00:00,"450,1888427734375","423,799988",4,2,2024-10-12
2024-10-12 16:00:00,"516,8303833007812","361,950012",4,2,2024-10-12
2024-10-12 17:00:00,"522,8834838867188","299,049988",4,2,2024-10-12
2024-10-12 18:00:00,"454,89544677734375","207,429993",4,2,2024-10-12
2024-10-12 19:00:00,"394,0601806640625","134,899994",4,2,2024-10-12
2024-10-12 20:00:00,"311,5906982421875","102,220001",4,2,2024-10-12
2024-10-12 21:00:00,"273,7141418457031","41,779999",4,2,2024-10-12
2024-10-12 22:00:00,"238,7641143798828","0,0",4,2,2024-10-12
2024-10-12 23:00:00,"231,62489318847656","-0,07",4,2,2024-10-12
2024-10-13 00:00:00,"220,97903442382812","-0,52",4,2,2024-10-13
2024-10-13 01:00:00,"213,95436096191406","-2,76",4,2,2024-10-13
2024-10-13 02:00:00,"213,99932861328125","-3,81",4,2,2024-10-13
2024-10-13 03:00:00,"209,94737243652344","-0,67",4,2,2024-10-13
2024-10-13 04:00:00,"227,05787658691406","-0,07",4,2,2024-10-13
2024-10-13 05:00:00,"249,55117797851562","0,15",4,2,2024-10-13
2024-10-13 06:00:00,"276,0095520019531","20,52",4,2,2024-10-13
2024-10-13 07:00:00,"289,64801025390625","29,1",4,2,2024-10-13
2024-10-13 08:00:00,"297,61444091796875","36,630001",4,2,2024-10-13
2024-10-13 09:00:00,"269,8841857910156","46,330002",4,2,2024-10-13
2024-10-13 10:00:00,"270,2544250488281","47,599998",4,2,2024-10-13
2024-10-13 11:00:00,"258,3531799316406","52,970001",4,2,2024-10-13
2024-10-13 12:00:00,"260,2738342285156","59,09",4,2,2024-10-13
2024-10-13 13:00:00,"273,51763916015625","94,610001",4,2,2024-10-13
2024-10-13 14:00:00,"283,9278564453125","118,260002",4,2,2024-10-13
2024-10-13 15:00:00,"313,6259460449219","156,240005",4,2,2024-10-13
2024-10-13 16:00:00,"306,9724426269531","260,920013",4,2,2024-10-13
2024-10-13 17:00:00,"272,06744384765625","373,799988",4,2,2024-10-13
2024-10-13 18:00:00,"224,46058654785156","294,790009",4,2,2024-10-13
2024-10-13 19:00:00,"209,674072265625","286,730011",4,2,2024-10-13
2024-10-13 20:00:00,"210,15301513671875","299,410004",4,2,2024-10-13
2024-10-13 21:00:00,"194,69158935546875","274,640015",4,2,2024-10-13
2024-10-13 22:00:00,"183,6663055419922","276,809998",4,2,2024-10-13
2024-10-13 23:00:00,"170,89369201660156","263,0",4,2,2024-10-13
2024-10-14 00:00:00,"210,45277404785156","262,410004",4,3,2024-10-14
2024-10-14 01:00:00,"194,92152404785156","256,359985",4,3,2024-10-14
2024-10-14 02:00:00,"191,28334045410156","293,450012",4,3,2024-10-14
2024-10-14 03:00:00,"197,2227020263672","464,079987",4,3,2024-10-14
2024-10-14 04:00:00,"220,958740234375","736,710022",4,3,2024-10-14
2024-10-14 05:00:00,"266,52557373046875","973,900024",4,3,2024-10-14
2024-10-14 06:00:00,"325,9384460449219","1142,449951",4,3,2024-10-14
2024-10-14 07:00:00,"324,30322265625","879,960022",4,3,2024-10-14
2024-10-14 08:00:00,"318,54638671875","753,200012",4,3,2024-10-14
2024-10-14 09:00:00,"310,5628967285156","695,599976",4,3,2024-10-14
2024-10-14 10:00:00,"313,4666748046875","643,450012",4,3,2024-10-14
2024-10-14 11:00:00,"306,63055419921875","616,289978",4,3,2024-10-14
2024-10-14 12:00:00,"309,0899353027344","553,320007",4,3,2024-10-14
2024-10-14 13:00:00,"328,0018615722656","649,710022",4,3,2024-10-14
2024-10-14 14:00:00,"351,9722595214844","789,309998",4,3,2024-10-14
2024-10-14 15:00:00,"364,0305480957031","1182,660034",4,3,2024-10-14
2024-10-14 16:00:00,"420,3642578125","1865,280029",4,3,2024-10-14
2024-10-14 17:00:00,"419,0427551269531","1964,290039",4,3,2024-10-14
2024-10-14 18:00:00,"394,5141906738281","1178,859985",4,3,2024-10-14
2024-10-14 19:00:00,"347,5116271972656","851,460022",4,3,2024-10-14
2024-10-14 20:00:00,"331,3657531738281","743,580017",4,3,2024-10-14
2024-10-14 21:00:00,"322,4794616699219","707,309998",4,3,2024-10-14
2024-10-14 22:00:00,"300,4852294921875","680,679993",4,3,2024-10-14
2024-10-14 23:00:00,"276,9504699707031","645,320007",4,3,2024-10-14
2024-10-15 00:00:00,"240,07373046875","659,190002",4,3,2024-10-15
2024-10-15 01:00:00,"233,22434997558594","627,039978",4,3,2024-10-15
2024-10-15 02:00:00,"244,08485412597656","602,859985",4,3,2024-10-15
2024-10-15 03:00:00,"258,81597900390625","667,849976",4,3,2024-10-15
2024-10-15 04:00:00,"298,3434753417969","854,530029",4,3,2024-10-15
2024-10-15 05:00:00,"349,2385559082031","1383,22998",4,3,2024-10-15
2024-10-15 06:00:00,"369,90533447265625","1317,719971",4,3,2024-10-15
2024-10-15 07:00:00,"432,0757141113281","824,76001",4,3,2024-10-15
2024-10-15 08:00:00,"410,04876708984375","692,02002",4,3,2024-10-15
2024-10-15 09:00:00,"409,8533935546875","619,650024",4,3,2024-10-15
2024-10-15 10:00:00,"403,5155029296875","585,47998",4,3,2024-10-15
2024-10-15 11:00:00,"406,3079833984375","535,340027",4,3,2024-10-15
2024-10-15 12:00:00,"408,4125061035156","566,299988",4,3,2024-10-15
2024-10-15 13:00:00,"422,32830810546875","621,960022",4,3,2024-10-15
2024-10-15 14:00:00,"544,4616088867188","664,27002",4,3,2024-10-15
2024-10-15 15:00:00,"579,6740112304688","900,48999",4,3,2024-10-15
2024-10-15 16:00:00,"593,4486083984375","1020,609985",4,3,2024-10-15
2024-10-15 17:00:00,"563,39453125","726,049988",4,3,2024-10-15
2024-10-15 18:00:00,"497,01446533203125","568,98999",4,3,2024-10-15
2024-10-15 19:00:00,"440,1568298339844","497,290009",4,3,2024-10-15
2024-10-15 20:00:00,"406,6277160644531","445,059998",4,3,2024-10-15
2024-10-15 21:00:00,"375,1030578613281","304,269989",4,3,2024-10-15
2024-10-15 22:00:00,"370,10968017578125","174,210007",4,3,2024-10-15
2024-10-15 23:00:00,"349,8274230957031","95,5",4,3,2024-10-15
2024-10-16 00:00:00,"319,86492919921875","39,540001",4,3,2024-10-16
2024-10-16 01:00:00,"318,83203125","26,93",4,3,2024-10-16
2024-10-16 02:00:00,"295,36859130859375","24,25",4,3,2024-10-16
2024-10-16 03:00:00,"292,85992431640625","61,18",4,3,2024-10-16
2024-10-16 04:00:00,"306,79931640625","301,049988",4,3,2024-10-16
2024-10-16 05:00:00,"368,92413330078125","353,720001",4,3,2024-10-16
2024-10-16 06:00:00,"456,9443359375","406,23999",4,3,2024-10-16
2024-10-16 07:00:00,"561,2937622070312","354,76001",4,3,2024-10-16
2024-10-16 08:00:00,"579,6727294921875","199,059998",4,3,2024-10-16
2024-10-16 09:00:00,"596,26513671875","105,650002",4,3,2024-10-16
2024-10-16 10:00:00,"577,0990600585938","30,51",4,3,2024-10-16
2024-10-16 11:00:00,"573,1759643554688","22,01",4,3,2024-10-16
2024-10-16 12:00:00,"556,2345581054688","30,809999",4,3,2024-10-16
2024-10-16 13:00:00,"578,236083984375","104,830002",4,3,2024-10-16
2024-10-16 14:00:00,"622,5263671875","123,550003",4,3,2024-10-16
2024-10-16 15:00:00,"639,5010375976562","263,0",4,3,2024-10-16
2024-10-16 16:00:00,"663,0116577148438","277,470001",4,3,2024-10-16
2024-10-16 17:00:00,"630,1370849609375","272,470001",4,3,2024-10-16
2024-10-16 18:00:00,"539,5750732421875","267,470001",4,3,2024-10-16
2024-10-16 19:00:00,"493,8583068847656","85,730003",4,3,2024-10-16
2024-10-16 20:00:00,"398,8907470703125","37,830002",4,3,2024-10-16
2024-10-16 21:00:00,"362,4682312011719","37,75",4,3,2024-10-16
2024-10-16 22:00:00,"328,3392333984375","24,549999",4,3,2024-10-16
2024-10-16 23:00:00,"307,66351318359375","24,549999",4,3,2024-10-16
2024-10-17 00:00:00,"282,6966247558594","24,549999",4,3,2024-10-17
2024-10-17 01:00:00,"258,9568786621094","24,469999",4,3,2024-10-17
2024-10-17 02:00:00,"258,9079284667969","24,4",4,3,2024-10-17
2024-10-17 03:00:00,"268,383056640625","24,469999",4,3,2024-10-17
2024-10-17 04:00:00,"300,0373229980469","261,730011",4,3,2024-10-17
2024-10-17 05:00:00,"383,1448974609375","298,660004",4,3,2024-10-17
2024-10-17 06:00:00,"423,9676818847656","306,790009",4,3,2024-10-17
2024-10-17 07:00:00,"405,7619323730469","301,869995",4,3,2024-10-17
2024-10-17 08:00:00,"393,9940185546875","286,940002",4,3,2024-10-17
2024-10-17 09:00:00,"386,8016357421875","287,089996",4,3,2024-10-17
2024-10-17 10:00:00,"362,4064025878906","290,670013",4,3,2024-10-17
2024-10-17 11:00:00,"345,19671630859375","305,299988",4,3,2024-10-17
2024-10-17 12:00:00,"365,7821350097656","322,980011",4,3,2024-10-17
2024-10-17 13:00:00,"409,20904541015625","474,140015",4,3,2024-10-17
2024-10-17 14:00:00,"470,5780029296875","691,469971",4,3,2024-10-17
2024-10-17 15:00:00,"485,4173583984375","893,059998",4,3,2024-10-17
2024-10-17 16:00:00,"496,2967529296875","1292,290039",4,3,2024-10-17
2024-10-17 17:00:00,"447,5539855957031","1275,810059",4,3,2024-10-17
2024-10-17 18:00:00,"395,58367919921875","876,650024",4,3,2024-10-17
2024-10-17 19:00:00,"353,22882080078125","729,75",4,3,2024-10-17
2024-10-17 20:00:00,"323,41717529296875","664,390015",4,3,2024-10-17
2024-10-17 21:00:00,"292,1934509277344","613,359985",4,3,2024-10-17
2024-10-17 22:00:00,"250,49075317382812","603,929993",4,3,2024-10-17
2024-10-17 23:00:00,"242,2549285888672","605,5",4,3,2024-10-17
2024-10-18 00:00:00,"205,53721618652344","617,210022",4,3,2024-10-18
2024-10-18 01:00:00,"207,2190399169922","588,190002",4,3,2024-10-18
2024-10-18 02:00:00,"203,90347290039062","605,72998",4,3,2024-10-18
2024-10-18 03:00:00,"208,85003662109375","629,22998",4,3,2024-10-18
2024-10-18 04:00:00,"230,2502899169922","737,780029",4,3,2024-10-18
2024-10-18 05:00:00,"274,9459533691406","1117,449951",4,3,2024-10-18
2024-10-18 06:00:00,"326,4314880371094","1165,640015",4,3,2024-10-18
2024-10-18 07:00:00,"362,87847900390625","828,130005",4,3,2024-10-18
2024-10-18 08:00:00,"343,26373291015625","714,429993",4,3,2024-10-18
2024-10-18 09:00:00,"310,0513916015625","636,390015",4,3,2024-10-18
2024-10-18 10:00:00,"283,0505065917969","618,929993",4,3,2024-10-18
2024-10-18 11:00:00,"269,100830078125","598,340027",4,3,2024-10-18
2024-10-18 12:00:00,"247,9572296142578","605,72998",4,3,2024-10-18
2024-10-18 13:00:00,"263,512451171875","629,22998",4,3,2024-10-18
2024-10-18 14:00:00,"308,1874084472656","770,599976",4,3,2024-10-18
2024-10-18 15:00:00,"348,8374328613281","997,26001",4,3,2024-10-18
2024-10-18 16:00:00,"367,98114013671875","1352,459961",4,3,2024-10-18
2024-10-18 17:00:00,"359,3716735839844","1063,72998",4,3,2024-10-18
2024-10-18 18:00:00,"307,7891845703125","770,309998",4,3,2024-10-18
2024-10-18 19:00:00,"270,4985656738281","722,409973",4,3,2024-10-18
2024-10-18 20:00:00,"241,8623046875","695,77002",4,3,2024-10-18
2024-10-18 21:00:00,"245,23341369628906","638,179993",4,3,2024-10-18
2024-10-18 22:00:00,"226,95144653320312","649,27002",4,3,2024-10-18
2024-10-18 23:00:00,"198,61830139160156","619,210022",4,3,2024-10-18
2024-10-19 00:00:00,"180,4452667236328","595,940002",4,3,2024-10-19
2024-10-19 01:00:00,"153,51588439941406","561,27002",4,3,2024-10-19
2024-10-19 02:00:00,"154,58441162109375","565,809998",4,3,2024-10-19
2024-10-19 03:00:00,"160,49298095703125","572,530029",4,3,2024-10-19
2024-10-19 04:00:00,"168,63682556152344","596,619995",4,3,2024-10-19
2024-10-19 05:00:00,"194,35374450683594","685,440002",4,3,2024-10-19
2024-10-19 06:00:00,"229,08460998535156","668,659973",4,3,2024-10-19
2024-10-19 07:00:00,"234,72203063964844","630,919983",4,3,2024-10-19
2024-10-19 08:00:00,"297,5533447265625","587,669983",4,3,2024-10-19
2024-10-19 09:00:00,"291,90777587890625","546,799988",4,3,2024-10-19
2024-10-19 10:00:00,"288,5238037109375","493,399994",4,3,2024-10-19
2024-10-19 11:00:00,"284,9284973144531","454,619995",4,3,2024-10-19
2024-10-19 12:00:00,"300,8038635253906","476,470001",4,3,2024-10-19
2024-10-19 13:00:00,"339,2972412109375","589,679993",4,3,2024-10-19
2024-10-19 14:00:00,"411,31805419921875","731,52002",4,3,2024-10-19
2024-10-19 15:00:00,"457,5992126464844","813,929993",4,3,2024-10-19
2024-10-19 16:00:00,"525,6957397460938","1012,900024",4,3,2024-10-19
2024-10-19 17:00:00,"529,1542358398438","886,940002",4,3,2024-10-19
2024-10-19 18:00:00,"461,78424072265625","721,900024",4,3,2024-10-19
2024-10-19 19:00:00,"429,4772644042969","672,530029",4,3,2024-10-19
2024-10-19 20:00:00,"355,5006103515625","625,179993",4,3,2024-10-19
2024-10-19 21:00:00,"309,1048278808594","546,869995",4,3,2024-10-19
2024-10-19 22:00:00,"258,49169921875","403,059998",4,3,2024-10-19
2024-10-19 23:00:00,"239,57180786132812","409,470001",4,3,2024-10-19
2024-10-20 00:00:00,"221,78311157226562","407,079987",4,3,2024-10-20
2024-10-20 01:00:00,"223,75282287597656","417,0",4,3,2024-10-20
2024-10-20 02:00:00,"223,5188751220703","444,450012",4,3,2024-10-20
2024-10-20 03:00:00,"219,2565155029297","241,880005",4,3,2024-10-20
2024-10-20 04:00:00,"232,560302734375","240,389999",4,3,2024-10-20
2024-10-20 05:00:00,"247,2436981201172","291,329987",4,3,2024-10-20
2024-10-20 06:00:00,"272,67816162109375","359,950012",4,3,2024-10-20
2024-10-20 07:00:00,"286,6929016113281","341,230011",4,3,2024-10-20
2024-10-20 08:00:00,"287,2657165527344","47,509998",4,3,2024-10-20
2024-10-20 09:00:00,"260,16729736328125","0,6",4,3,2024-10-20
2024-10-20 10:00:00,"252,60324096679688","0,0",4,3,2024-10-20
2024-10-20 11:00:00,"253,27210998535156","-7,31",4,3,2024-10-20
2024-10-20 12:00:00,"253,41896057128906","-14,99",4,3,2024-10-20
2024-10-20 13:00:00,"270,9000549316406","0,0",4,3,2024-10-20
2024-10-20 14:00:00,"278,9292907714844","38,040001",4,3,2024-10-20
2024-10-20 15:00:00,"303,5738830566406","413,570007",4,3,2024-10-20
2024-10-20 16:00:00,"302,7814025878906","318,25",4,3,2024-10-20
2024-10-20 17:00:00,"268,4736328125","268,950012",4,3,2024-10-20
2024-10-20 18:00:00,"225,7644805908203","252,919998",4,3,2024-10-20
2024-10-20 19:00:00,"213,0604705810547","156,259995",4,3,2024-10-20
2024-10-20 20:00:00,"204,5291290283203","90,620003",4,3,2024-10-20
2024-10-20 21:00:00,"187,4473876953125","14,39",4,3,2024-10-20
2024-10-20 22:00:00,"181,1756591796875","-0,75",4,3,2024-10-20
2024-10-20 23:00:00,"178,09127807617188","-0,75",4,3,2024-10-20
2024-10-21 00:00:00,"54,128997802734375","-1,04",4,4,2024-10-21
2024-10-21 01:00:00,"113,3983383178711","-0,6",4,4,2024-10-21
2024-10-21 02:00:00,"134,38784790039062","-0,3",4,4,2024-10-21
2024-10-21 03:00:00,"151,3834228515625","24,24",4,4,2024-10-21
2024-10-21 04:00:00,"194,78872680664062","32,59",4,4,2024-10-21
2024-10-21 05:00:00,"243,27996826171875","301,170013",4,4,2024-10-21
2024-10-21 06:00:00,"305,7593994140625","292,070007",4,4,2024-10-21
2024-10-21 07:00:00,"305,7105712890625","240,160004",4,4,2024-10-21
2024-10-21 08:00:00,"308,15216064453125","215,399994",4,4,2024-10-21
2024-10-21 09:00:00,"302,179443359375","208,690002",4,4,2024-10-21
2024-10-21 10:00:00,"304,8607482910156","188,479996",4,4,2024-10-21
2024-10-21 11:00:00,"297,6466979980469","209,729996",4,4,2024-10-21
2024-10-21 12:00:00,"290,1678466796875","168,710007",4,4,2024-10-21
2024-10-21 13:00:00,"303,9326477050781","434,609985",4,4,2024-10-21
2024-10-21 14:00:00,"336,5979309082031","670,289978",4,4,2024-10-21
2024-10-21 15:00:00,"370,3150329589844","969,900024",4,4,2024-10-21
2024-10-21 16:00:00,"422,2149963378906","1582,319946",4,4,2024-10-21
2024-10-21 17:00:00,"413,4747619628906","1404,810059",4,4,2024-10-21
2024-10-21 18:00:00,"390,7695617675781","957,969971",4,4,2024-10-21
2024-10-21 19:00:00,"346,9375305175781","750,320007",4,4,2024-10-21
2024-10-21 20:00:00,"329,3934326171875","729,440002",4,4,2024-10-21
2024-10-21 21:00:00,"326,31781005859375","693,419983",4,4,2024-10-21
2024-10-21 22:00:00,"295,2952575683594","666,929993",4,4,2024-10-21
2024-10-21 23:00:00,"264,4117126464844","652,76001",4,4,2024-10-21
2024-10-22 00:00:00,"242,1777801513672","639,109985",4,4,2024-10-22
2024-10-22 01:00:00,"230,5289306640625","623,52002",4,4,2024-10-22
2024-10-22 02:00:00,"242,6914825439453","619,190002",4,4,2024-10-22
2024-10-22 03:00:00,"256,3393249511719","641,419983",4,4,2024-10-22
2024-10-22 04:00:00,"296,9541320800781","731,960022",4,4,2024-10-22
2024-10-22 05:00:00,"326,1689758300781","1182,300049",4,4,2024-10-22
2024-10-22 06:00:00,"383,7622985839844","1268,819946",4,4,2024-10-22
2024-10-22 07:00:00,"437,1512145996094","846,080017",4,4,2024-10-22
2024-10-22 08:00:00,"411,1241455078125","740,02002",4,4,2024-10-22
2024-10-22 09:00:00,"398,77032470703125","654,469971",4,4,2024-10-22
2024-10-22 10:00:00,"396,25079345703125","575,109985",4,4,2024-10-22
2024-10-22 11:00:00,"394,60491943359375","528,650024",4,4,2024-10-22
2024-10-22 12:00:00,"391,4361572265625","548,409973",4,4,2024-10-22
2024-10-22 13:00:00,"404,3039245605469","649,469971",4,4,2024-10-22
2024-10-22 14:00:00,"522,0065307617188","289,380005",4,4,2024-10-22
2024-10-22 15:00:00,"579,316650390625","759,109985",4,4,2024-10-22
2024-10-22 16:00:00,"585,8580932617188","1043,579956",4,4,2024-10-22
2024-10-22 17:00:00,"554,270751953125","1176,560059",4,4,2024-10-22
2024-10-22 18:00:00,"458,2378234863281","850,400024",4,4,2024-10-22
2024-10-22 19:00:00,"365,2608337402344","697,72998",4,4,2024-10-22
2024-10-22 20:00:00,"322,4433288574219","713,919983",4,4,2024-10-22
2024-10-22 21:00:00,"289,7973327636719","658,950012",4,4,2024-10-22
2024-10-22 22:00:00,"293,6355895996094","561,400024",4,4,2024-10-22
2024-10-22 23:00:00,"284,1770324707031","620,690002",4,4,2024-10-22
2024-10-23 00:00:00,"280,0636901855469","611,669983",4,4,2024-10-23
2024-10-23 01:00:00,"283,5618896484375","620,539978",4,4,2024-10-23
2024-10-23 02:00:00,"283,7469177246094","639,859985",4,4,2024-10-23
2024-10-23 03:00:00,"293,29010009765625","675,950012",4,4,2024-10-23
2024-10-23 04:00:00,"318,0013122558594","780,950012",4,4,2024-10-23
2024-10-23 05:00:00,"381,00128173828125","1025,329956",4,4,2024-10-23
2024-10-23 06:00:00,"477,4960632324219","1205,72998",4,4,2024-10-23
2024-10-23 07:00:00,"573,98974609375","957,690002",4,4,2024-10-23
2024-10-23 08:00:00,"588,0971069335938","776,330017",4,4,2024-10-23
2024-10-23 09:00:00,"594,4866333007812","693,700012",4,4,2024-10-23
2024-10-23 10:00:00,"573,9890747070312","600,929993",4,4,2024-10-23
2024-10-23 11:00:00,"564,9960327148438","574,75",4,4,2024-10-23
2024-10-23 12:00:00,"556,4449462890625","562,450012",4,4,2024-10-23
2024-10-23 13:00:00,"582,6476440429688","657,830017",4,4,2024-10-23
2024-10-23 14:00:00,"618,3919067382812","696,22998",4,4,2024-10-23
2024-10-23 15:00:00,"631,13720703125","1009,669983",4,4,2024-10-23
2024-10-23 16:00:00,"653,32861328125","1479,349976",4,4,2024-10-23
2024-10-23 17:00:00,"616,6696166992188","1312,52002",4,4,2024-10-23
2024-10-23 18:00:00,"540,0933837890625","833,080017",4,4,2024-10-23
2024-10-23 19:00:00,"492,95623779296875","754,849976",4,4,2024-10-23
2024-10-23 20:00:00,"410,8756408691406","767,599976",4,4,2024-10-23
2024-10-23 21:00:00,"383,30029296875","694,73999",4,4,2024-10-23
2024-10-23 22:00:00,"344,04815673828125","647,059998",4,4,2024-10-23
2024-10-23 23:00:00,"310,1043701171875","597,460022",4,4,2024-10-23
2024-10-24 00:00:00,"278,89617919921875","582,469971",4,4,2024-10-24
2024-10-24 01:00:00,"257,2295227050781","564,349976",4,4,2024-10-24
2024-10-24 02:00:00,"254,430908203125","532,200012",4,4,2024-10-24
2024-10-24 03:00:00,"262,0696716308594","597,909973",4,4,2024-10-24
2024-10-24 04:00:00,"296,988525390625","748,409973",4,4,2024-10-24
2024-10-24 05:00:00,"365,5693359375","1057,98999",4,4,2024-10-24
2024-10-24 06:00:00,"428,9232177734375","1233,47998",4,4,2024-10-24
2024-10-24 07:00:00,"429,16571044921875","874,820007",4,4,2024-10-24
2024-10-24 08:00:00,"412,5352783203125","760,049988",4,4,2024-10-24
2024-10-24 09:00:00,"398,120849609375","693,969971",4,4,2024-10-24
2024-10-24 10:00:00,"377,3146057128906","626,169983",4,4,2024-10-24
2024-10-24 11:00:00,"356,5122985839844","590,299988",4,4,2024-10-24
2024-10-24 12:00:00,"354,7152404785156","607,900024",4,4,2024-10-24
2024-10-24 13:00:00,"390,72705078125","713,72998",4,4,2024-10-24
2024-10-24 14:00:00,"460,67742919921875","866,400024",4,4,2024-10-24
2024-10-24 15:00:00,"472,0247497558594","921,659973",4,4,2024-10-24
2024-10-24 16:00:00,"485,3117370605469","1034,430054",4,4,2024-10-24
2024-10-24 17:00:00,"436,36541748046875","851,630005",4,4,2024-10-24
2024-10-24 18:00:00,"387,9406433105469","720,52002",4,4,2024-10-24
2024-10-24 19:00:00,"354,1585388183594","698,369995",4,4,2024-10-24
2024-10-24 20:00:00,"321,07391357421875","670,47998",4,4,2024-10-24
2024-10-24 21:00:00,"289,5809326171875","623,559998",4,4,2024-10-24
2024-10-24 22:00:00,"248,1475067138672","615,460022",4,4,2024-10-24
2024-10-24 23:00:00,"237,4642333984375","612,25",4,4,2024-10-24
2024-10-25 00:00:00,"202,18426513671875","594,48999",4,4,2024-10-25
2024-10-25 01:00:00,"193,7237091064453","616,200012",4,4,2024-10-25
2024-10-25 02:00:00,"189,3002166748047","630,150024",4,4,2024-10-25
2024-10-25 03:00:00,"203,41879272460938","705,650024",4,4,2024-10-25
2024-10-25 04:00:00,"220,1475830078125","812,700012",4,4,2024-10-25
2024-10-25 05:00:00,"272,2532043457031","923,190002",4,4,2024-10-25
2024-10-25 06:00:00,"324,7674255371094","1123,410034",4,4,2024-10-25
2024-10-25 07:00:00,"362,5605773925781","913,340027",4,4,2024-10-25
2024-10-25 08:00:00,"330,7537841796875","806,809998",4,4,2024-10-25
2024-10-25 09:00:00,"309,8276062011719","700,5",4,4,2024-10-25
2024-10-25 10:00:00,"283,07183837890625","604,859985",4,4,2024-10-25
2024-10-25 11:00:00,"269,3356628417969","583,22998",4,4,2024-10-25
2024-10-25 12:00:00,"247,9292755126953","615,22998",4,4,2024-10-25
2024-10-25 13:00:00,"263,3791809082031","741,01001",4,4,2024-10-25
2024-10-25 14:00:00,"306,6900939941406","880,51001",4,4,2024-10-25
2024-10-25 15:00:00,"348,5959167480469","1184,140015",4,4,2024-10-25
2024-10-25 16:00:00,"358,3673095703125","1695,829956",4,4,2024-10-25
2024-10-25 17:00:00,"349,50555419921875","1379,0",4,4,2024-10-25
2024-10-25 18:00:00,"309,4963684082031","924,01001",4,4,2024-10-25
2024-10-25 19:00:00,"271,7366027832031","867,530029",4,4,2024-10-25
2024-10-25 20:00:00,"246,13502502441406","850,150024",4,4,2024-10-25
2024-10-25 21:00:00,"244,1783447265625","801,210022",4,4,2024-10-25
2024-10-25 22:00:00,"224,7367706298828","860,150024",4,4,2024-10-25
2024-10-25 23:00:00,"201,99232482910156","818,0",4,4,2024-10-25
2024-10-26 00:00:00,"182,94346618652344","797,929993",4,4,2024-10-26
2024-10-26 01:00:00,"151,69947814941406","804,200012",4,4,2024-10-26
2024-10-26 02:00:00,"150,30670166015625","788,599976",4,4,2024-10-26
2024-10-26 03:00:00,"159,18716430664062","796,960022",4,4,2024-10-26
2024-10-26 04:00:00,"166,54824829101562","850,0",4,4,2024-10-26
2024-10-26 05:00:00,"187,9689483642578","937,890015",4,4,2024-10-26
2024-10-26 06:00:00,"228,521484375","940,059998",4,4,2024-10-26
2024-10-26 07:00:00,"240,89749145507812","877,159973",4,4,2024-10-26
2024-10-26 08:00:00,"300,4667663574219","756,450012",4,4,2024-10-26
2024-10-26 09:00:00,"311,9942321777344","607,900024",4,4,2024-10-26
2024-10-26 10:00:00,"302,6664123535156","509,940002",4,4,2024-10-26
2024-10-26 11:00:00,"299,7135925292969","472,269989",4,4,2024-10-26
2024-10-26 12:00:00,"319,9332580566406","481,589996",4,4,2024-10-26
2024-10-26 13:00:00,"336,34295654296875","607,599976",4,4,2024-10-26
2024-10-26 14:00:00,"404,7947998046875","750,549988",4,4,2024-10-26
2024-10-26 15:00:00,"457,97332763671875","938,039978",4,4,2024-10-26
2024-10-26 16:00:00,"519,2900390625","1125,829956",4,4,2024-10-26
2024-10-26 17:00:00,"527,760986328125","885,890015",4,4,2024-10-26
2024-10-26 18:00:00,"478,0722961425781","719,809998",4,4,2024-10-26
2024-10-26 19:00:00,"439,34576416015625","662,219971",4,4,2024-10-26
2024-10-26 20:00:00,"372,0611572265625","652,820007",4,4,2024-10-26
2024-10-26 21:00:00,"319,98809814453125","571,719971",4,4,2024-10-26
2024-10-26 22:00:00,"257,0507507324219","688,119995",4,4,2024-10-26
2024-10-26 23:00:00,"245,83779907226562","626,780029",4,4,2024-10-26
2024-10-27 00:00:00,"221,74290466308594","613,570007",4,4,2024-10-27
2024-10-27 01:00:00,"222,38563537597656","600,140015",4,4,2024-10-27
2024-10-27 02:00:00,"220,5397186279297","592,530029",4,4,2024-10-27
2024-10-27 03:00:00,"217,75059509277344","587,900024",4,4,2024-10-27
2024-10-27 04:00:00,"229,92654418945312","635,289978",4,4,2024-10-27
2024-10-27 05:00:00,"244,19644165039062","665,659973",4,4,2024-10-27
2024-10-27 06:00:00,"274,4284973144531","657,0",4,4,2024-10-27
2024-10-27 07:00:00,"287,465087890625","629,320007",4,4,2024-10-27
2024-10-27 08:00:00,"291,01959228515625","496,049988",4,4,2024-10-27
2024-10-27 09:00:00,"269,3426818847656","408,299988",4,4,2024-10-27
2024-10-27 10:00:00,"261,1661071777344","317,119995",4,4,2024-10-27
2024-10-27 11:00:00,"263,0336608886719","298,390015",4,4,2024-10-27
2024-10-27 12:00:00,"259,35711669921875","298,470001",4,4,2024-10-27
2024-10-27 13:00:00,"271,6218566894531","480,01001",4,4,2024-10-27
2024-10-27 14:00:00,"286,235107421875","753,109985",4,4,2024-10-27
2024-10-27 15:00:00,"312,51806640625","878,97998",4,4,2024-10-27
2024-10-27 16:00:00,"291,2977294921875","1106,569946",4,4,2024-10-27
2024-10-27 17:00:00,"250,38963317871094","1087,23999",4,4,2024-10-27
2024-10-27 18:00:00,"224,29574584960938","973,52002",4,4,2024-10-27
2024-10-27 19:00:00,"221,32276916503906","881,299988",4,4,2024-10-27
2024-10-27 20:00:00,"214,49757385253906","831,159973",4,4,2024-10-27
2024-10-27 21:00:00,"202,2215576171875","820,48999",4,4,2024-10-27
2024-10-27 22:00:00,"191,75759887695312","651,109985",4,4,2024-10-27
2024-10-27 23:00:00,"201,69432067871094","713,340027",4,4,2024-10-27
