Time,Prediction,DKPrice,fold,week,Date
2024-01-01 00:00:00,"220,04480221431473","209,779999",1,1,2024-01-01
2024-01-01 01:00:00,"216,39463919431853","198,740005",1,1,2024-01-01
2024-01-01 02:00:00,"189,43006414400375","30,860001",1,1,2024-01-01
2024-01-01 03:00:00,"181,35380356261663","-0,22",1,1,2024-01-01
2024-01-01 04:00:00,"249,67244847797085","-0,15",1,1,2024-01-01
2024-01-01 05:00:00,"379,0818454251852","-0,37",1,1,2024-01-01
2024-01-01 06:00:00,"453,04132183644026","-0,15",1,1,2024-01-01
2024-01-01 07:00:00,"500,5804213659615","0,0",1,1,2024-01-01
2024-01-01 08:00:00,"484,14144778975424","0,6",1,1,2024-01-01
2024-01-01 09:00:00,"468,81109015657654","308,179993",1,1,2024-01-01
2024-01-01 10:00:00,"467,66409133966584","324,359985",1,1,2024-01-01
2024-01-01 11:00:00,"437,8944917507598","320,700012",1,1,2024-01-01
2024-01-01 12:00:00,"446,5188887255289","330,170013",1,1,2024-01-01
2024-01-01 13:00:00,"469,26893596075007","344,709991",1,1,2024-01-01
2024-01-01 14:00:00,"478,7428101722233","377,290009",1,1,2024-01-01
2024-01-01 15:00:00,"552,2441193852785","443,329987",1,1,2024-01-01
2024-01-01 16:00:00,"643,2918564677293","484,480011",1,1,2024-01-01
2024-01-01 17:00:00,"620,9073521015446","460,26001",1,1,2024-01-01
2024-01-01 18:00:00,"558,3127087882544","456,75",1,1,2024-01-01
2024-01-01 19:00:00,"473,35144196254794","447,059998",1,1,2024-01-01
2024-01-01 20:00:00,"452,24986846588376","409,420013",1,1,2024-01-01
2024-01-01 21:00:00,"427,07806479045064","355,220001",1,1,2024-01-01
2024-01-01 22:00:00,"393,15799104553224","265,019989",1,1,2024-01-01
2024-01-01 23:00:00,"361,0197374088718","228,039993",1,1,2024-01-01
2024-01-02 00:00:00,"367,46807772009726","149,619995",1,1,2024-01-02
2024-01-02 01:00:00,"358,5936660841482","231,320007",1,1,2024-01-02
2024-01-02 02:00:00,"363,7686250833496","137,089996",1,1,2024-01-02
2024-01-02 03:00:00,"375,4426199956621","82,599998",1,1,2024-01-02
2024-01-02 04:00:00,"417,33407351539336","102,730003",1,1,2024-01-02
2024-01-02 05:00:00,"463,9449454023191","355,070007",1,1,2024-01-02
2024-01-02 06:00:00,"532,6746445284996","433,119995",1,1,2024-01-02
2024-01-02 07:00:00,"577,1743016372894","489,549988",1,1,2024-01-02
2024-01-02 08:00:00,"555,5530065823955","482,549988",1,1,2024-01-02
2024-01-02 09:00:00,"550,6783872320635","514,22998",1,1,2024-01-02
2024-01-02 10:00:00,"534,2998165521544","548,219971",1,1,2024-01-02
2024-01-02 11:00:00,"522,7014296429106","582,659973",1,1,2024-01-02
2024-01-02 12:00:00,"503,1632004582958","587,960022",1,1,2024-01-02
2024-01-02 13:00:00,"489,0891656046536","590,719971",1,1,2024-01-02
2024-01-02 14:00:00,"544,2017809611613","596,080017",1,1,2024-01-02
2024-01-02 15:00:00,"673,4354946421437","607,26001",1,1,2024-01-02
2024-01-02 16:00:00,"699,4228916105288","603,23999",1,1,2024-01-02
2024-01-02 17:00:00,"640,5667548240982","558,72998",1,1,2024-01-02
2024-01-02 18:00:00,"587,3359296995844","470,98999",1,1,2024-01-02
2024-01-02 19:00:00,"574,3517429379889","425,73999",1,1,2024-01-02
2024-01-02 20:00:00,"520,2569480531051","349,549988",1,1,2024-01-02
2024-01-02 21:00:00,"490,0441561931242","298,190002",1,1,2024-01-02
2024-01-02 22:00:00,"460,69667733918067","162,589996",1,1,2024-01-02
2024-01-02 23:00:00,"430,0126546295088","7,75",1,1,2024-01-02
2024-01-03 00:00:00,"433,38975959459736","-0,07",1,1,2024-01-03
2024-01-03 01:00:00,"422,71085733794445","0,0",1,1,2024-01-03
2024-01-03 02:00:00,"396,4543479933652","-0,07",1,1,2024-01-03
2024-01-03 03:00:00,"390,02010991451726","0,0",1,1,2024-01-03
2024-01-03 04:00:00,"426,2915790888976","0,15",1,1,2024-01-03
2024-01-03 05:00:00,"481,0505956367209","8,13",1,1,2024-01-03
2024-01-03 06:00:00,"560,6707743884556","302,600006",1,1,2024-01-03
2024-01-03 07:00:00,"623,9315526064697","444,399994",1,1,2024-01-03
2024-01-03 08:00:00,"665,8543668344902","451,850006",1,1,2024-01-03
2024-01-03 09:00:00,"651,6184830318261","424,940002",1,1,2024-01-03
2024-01-03 10:00:00,"589,6245601921399","409,209991",1,1,2024-01-03
2024-01-03 11:00:00,"588,5995729991639","445,820007",1,1,2024-01-03
2024-01-03 12:00:00,"569,1919376103309","438,809998",1,1,2024-01-03
2024-01-03 13:00:00,"579,5143569301435","453,720001",1,1,2024-01-03
2024-01-03 14:00:00,"628,2849929977867","500,829987",1,1,2024-01-03
2024-01-03 15:00:00,"629,7133021609492","548,619995",1,1,2024-01-03
2024-01-03 16:00:00,"687,3849522219589","613,409973",1,1,2024-01-03
2024-01-03 17:00:00,"663,0964687120786","618,549988",1,1,2024-01-03
2024-01-03 18:00:00,"589,0309543415843","589,179993",1,1,2024-01-03
2024-01-03 19:00:00,"537,2717923652576","545,940002",1,1,2024-01-03
2024-01-03 20:00:00,"478,8914513609515","502,549988",1,1,2024-01-03
2024-01-03 21:00:00,"442,9091664397619","484,579987",1,1,2024-01-03
2024-01-03 22:00:00,"370,31616389248484","433,290009",1,1,2024-01-03
2024-01-03 23:00:00,"320,74615306751906","427,329987",1,1,2024-01-03
2024-01-04 00:00:00,"333,7758396237814","376,320007",1,1,2024-01-04
2024-01-04 01:00:00,"313,06230397718485","298,309998",1,1,2024-01-04
2024-01-04 02:00:00,"271,1467884106909","190,020004",1,1,2024-01-04
2024-01-04 03:00:00,"285,1718863211316","261,019989",1,1,2024-01-04
2024-01-04 04:00:00,"293,2926500963407","430,540009",1,1,2024-01-04
2024-01-04 05:00:00,"371,7147372318415","541,809998",1,1,2024-01-04
2024-01-04 06:00:00,"522,7571364172063","634,059998",1,1,2024-01-04
2024-01-04 07:00:00,"534,2444421124377","682,169983",1,1,2024-01-04
2024-01-04 08:00:00,"506,3196758931554","702,530029",1,1,2024-01-04
2024-01-04 09:00:00,"501,0974795633634","683,210022",1,1,2024-01-04
2024-01-04 10:00:00,"474,052954169557","671,429993",1,1,2024-01-04
2024-01-04 11:00:00,"463,3828441208165","643,609985",1,1,2024-01-04
2024-01-04 12:00:00,"441,78465750989943","641,070007",1,1,2024-01-04
2024-01-04 13:00:00,"485,18567154944424","686,940002",1,1,2024-01-04
2024-01-04 14:00:00,"498,72977386734595","735,48999",1,1,2024-01-04
2024-01-04 15:00:00,"515,3413459356585","788,51001",1,1,2024-01-04
2024-01-04 16:00:00,"592,7140868708198","993,599976",1,1,2024-01-04
2024-01-04 17:00:00,"559,0961715318989","1078,77002",1,1,2024-01-04
2024-01-04 18:00:00,"507,38037035509933","932,22998",1,1,2024-01-04
2024-01-04 19:00:00,"439,0875177916356","772,549988",1,1,2024-01-04
2024-01-04 20:00:00,"421,37915842634885","745,859985",1,1,2024-01-04
2024-01-04 21:00:00,"407,63691410053997","707,450012",1,1,2024-01-04
2024-01-04 22:00:00,"297,0624292616699","662,47998",1,1,2024-01-04
2024-01-04 23:00:00,"259,0936946840496","642,059998",1,1,2024-01-04
2024-01-05 00:00:00,"279,1252232352398","600,51001",1,1,2024-01-05
2024-01-05 01:00:00,"247,6489185747215","574,409973",1,1,2024-01-05
2024-01-05 02:00:00,"232,14082155743745","546,059998",1,1,2024-01-05
2024-01-05 03:00:00,"240,28322769816825","552,330017",1,1,2024-01-05
2024-01-05 04:00:00,"257,06794149625574","567,099976",1,1,2024-01-05
2024-01-05 05:00:00,"320,7490426179307","604,169983",1,1,2024-01-05
2024-01-05 06:00:00,"411,13245391791816","648,919983",1,1,2024-01-05
2024-01-05 07:00:00,"480,3042353297207","668,090027",1,1,2024-01-05
2024-01-05 08:00:00,"439,971026198821","708,070007",1,1,2024-01-05
2024-01-05 09:00:00,"386,6930446460825","718,140015",1,1,2024-01-05
2024-01-05 10:00:00,"405,4114249445501","732,609985",1,1,2024-01-05
2024-01-05 11:00:00,"372,08196519670946","688,01001",1,1,2024-01-05
2024-01-05 12:00:00,"365,23417676978954","682,780029",1,1,2024-01-05
2024-01-05 13:00:00,"356,7546257026313","719,109985",1,1,2024-01-05
2024-01-05 14:00:00,"391,36583925553737","746,26001",1,1,2024-01-05
2024-01-05 15:00:00,"448,73934742991486","768,039978",1,1,2024-01-05
2024-01-05 16:00:00,"470,4427253615362","800,929993",1,1,2024-01-05
2024-01-05 17:00:00,"446,41237874370455","808,909973",1,1,2024-01-05
2024-01-05 18:00:00,"413,88610477441574","775,419983",1,1,2024-01-05
2024-01-05 19:00:00,"332,6813796621598","746,559998",1,1,2024-01-05
2024-01-05 20:00:00,"330,0422616836568","702,549988",1,1,2024-01-05
2024-01-05 21:00:00,"363,2896071214758","708,0",1,1,2024-01-05
2024-01-05 22:00:00,"297,6170935706848","647,429993",1,1,2024-01-05
2024-01-05 23:00:00,"225,46065677077303","613,47998",1,1,2024-01-05
2024-01-06 00:00:00,"223,48376741626015","598,190002",1,1,2024-01-06
2024-01-06 01:00:00,"214,3759242653891","567,830017",1,1,2024-01-06
2024-01-06 02:00:00,"174,5363872919385","544,559998",1,1,2024-01-06
2024-01-06 03:00:00,"181,53655194680326","544,559998",1,1,2024-01-06
2024-01-06 04:00:00,"177,69848924123184","556,340027",1,1,2024-01-06
2024-01-06 05:00:00,"196,36711837369873","560,150024",1,1,2024-01-06
2024-01-06 06:00:00,"257,98664885138794","607,059998",1,1,2024-01-06
2024-01-06 07:00:00,"320,74185440833935","659,349976",1,1,2024-01-06
2024-01-06 08:00:00,"380,11544618256596","687,909973",1,1,2024-01-06
2024-01-06 09:00:00,"384,756368741854","725,72998",1,1,2024-01-06
2024-01-06 10:00:00,"367,49098079626486","749,070007",1,1,2024-01-06
2024-01-06 11:00:00,"352,03543749284916","739,599976",1,1,2024-01-06
2024-01-06 12:00:00,"348,3347247104083","710,210022",1,1,2024-01-06
2024-01-06 13:00:00,"391,6855141831888","690,299988",1,1,2024-01-06
2024-01-06 14:00:00,"437,1851956305022","709,23999",1,1,2024-01-06
2024-01-06 15:00:00,"516,8900172092697","744,75",1,1,2024-01-06
2024-01-06 16:00:00,"616,4809148822991","780,849976",1,1,2024-01-06
2024-01-06 17:00:00,"579,30223494193","774,51001",1,1,2024-01-06
2024-01-06 18:00:00,"526,9214826499478","740,719971",1,1,2024-01-06
2024-01-06 19:00:00,"455,4565691616229","687,909973",1,1,2024-01-06
2024-01-06 20:00:00,"384,6883392726271","656,359985",1,1,2024-01-06
2024-01-06 21:00:00,"337,1781815647827","647,039978",1,1,2024-01-06
2024-01-06 22:00:00,"291,8516059233076","596,919983",1,1,2024-01-06
2024-01-06 23:00:00,"282,5258578376048","642,570007",1,1,2024-01-06
2024-01-07 00:00:00,"208,25392263890006","615,049988",1,1,2024-01-07
2024-01-07 01:00:00,"206,4501429731801","573,72998",1,1,2024-01-07
2024-01-07 02:00:00,"181,01074756309063","561,48999",1,1,2024-01-07
2024-01-07 03:00:00,"144,27586153450343","546,950012",1,1,2024-01-07
2024-01-07 04:00:00,"140,65615954942143","550,309998",1,1,2024-01-07
2024-01-07 05:00:00,"160,9195580254996","560,450012",1,1,2024-01-07
2024-01-07 06:00:00,"189,04652333193718","582,080017",1,1,2024-01-07
2024-01-07 07:00:00,"221,8096036992901","610,049988",1,1,2024-01-07
2024-01-07 08:00:00,"230,25497191151746","634,219971",1,1,2024-01-07
2024-01-07 09:00:00,"234,50945099343622","650,030029",1,1,2024-01-07
2024-01-07 10:00:00,"238,4719162147069","666,210022",1,1,2024-01-07
2024-01-07 11:00:00,"237,22006361214852","682,469971",1,1,2024-01-07
2024-01-07 12:00:00,"239,14259881401446","652,789978",1,1,2024-01-07
2024-01-07 13:00:00,"237,56369885817793","634,219971",1,1,2024-01-07
2024-01-07 14:00:00,"253,39178950394307","656,440002",1,1,2024-01-07
2024-01-07 15:00:00,"279,53848831266146","696,799988",1,1,2024-01-07
2024-01-07 16:00:00,"312,1481790808229","759,080017",1,1,2024-01-07
2024-01-07 17:00:00,"297,1876881496222","782,049988",1,1,2024-01-07
2024-01-07 18:00:00,"232,69140873764047","772,349976",1,1,2024-01-07
2024-01-07 19:00:00,"213,40712487034298","749,599976",1,1,2024-01-07
2024-01-07 20:00:00,"200,29070226876289","695,97998",1,1,2024-01-07
2024-01-07 21:00:00,"208,46901096176904","680,01001",1,1,2024-01-07
2024-01-07 22:00:00,"187,03659566774903","625,48999",1,1,2024-01-07
2024-01-07 23:00:00,"176,35343650406142","649,059998",1,1,2024-01-07
2024-01-08 00:00:00,"207,66715723144398","628,919983",1,2,2024-01-08
2024-01-08 01:00:00,"195,93566445254734","610,27002",1,2,2024-01-08
2024-01-08 02:00:00,"182,09884814825153","590,059998",1,2,2024-01-08
2024-01-08 03:00:00,"187,81867626191936","585,359985",1,2,2024-01-08
2024-01-08 04:00:00,"192,2640651904933","612,359985",1,2,2024-01-08
2024-01-08 05:00:00,"228,12100090994238","703,359985",1,2,2024-01-08
2024-01-08 06:00:00,"279,4976168951893","828,669983",1,2,2024-01-08
2024-01-08 07:00:00,"287,7441182044401","903,330017",1,2,2024-01-08
2024-01-08 08:00:00,"280,5532810763213","878,859985",1,2,2024-01-08
2024-01-08 09:00:00,"252,2266660749993","824,940002",1,2,2024-01-08
2024-01-08 10:00:00,"263,0155264326559","768,25",1,2,2024-01-08
2024-01-08 11:00:00,"250,7235555312236","712,309998",1,2,2024-01-08
2024-01-08 12:00:00,"258,7638708201172","701,349976",1,2,2024-01-08
2024-01-08 13:00:00,"270,26039376795524","763,25",1,2,2024-01-08
2024-01-08 14:00:00,"290,9023940236542","805,390015",1,2,2024-01-08
2024-01-08 15:00:00,"370,6311803114651","923,619995",1,2,2024-01-08
2024-01-08 16:00:00,"391,7216615349517","963,299988",1,2,2024-01-08
2024-01-08 17:00:00,"419,17349872705796","969,710022",1,2,2024-01-08
2024-01-08 18:00:00,"416,2895650713143","910,859985",1,2,2024-01-08
2024-01-08 19:00:00,"337,69963582435577","851,859985",1,2,2024-01-08
2024-01-08 20:00:00,"306,5389937601553","766,97998",1,2,2024-01-08
2024-01-08 21:00:00,"303,7827572015661","745,719971",1,2,2024-01-08
2024-01-08 22:00:00,"269,4061911945887","682,400024",1,2,2024-01-08
2024-01-08 23:00:00,"244,17380737621852","657,710022",1,2,2024-01-08
2024-01-09 00:00:00,"209,72743681984835","649,359985",1,2,2024-01-09
2024-01-09 01:00:00,"228,30612254908732","634,140015",1,2,2024-01-09
2024-01-09 02:00:00,"210,7955207962008","627,719971",1,2,2024-01-09
2024-01-09 03:00:00,"209,995570176169","639,51001",1,2,2024-01-09
2024-01-09 04:00:00,"241,54791987874037","666,070007",1,2,2024-01-09
2024-01-09 05:00:00,"307,5175945486841","809,530029",1,2,2024-01-09
2024-01-09 06:00:00,"368,07475298520967","925,539978",1,2,2024-01-09
2024-01-09 07:00:00,"388,6195848431318","994,030029",1,2,2024-01-09
2024-01-09 08:00:00,"383,11472487712405","902,039978",1,2,2024-01-09
2024-01-09 09:00:00,"379,14761966422105","844,450012",1,2,2024-01-09
2024-01-09 10:00:00,"420,60041799835324","789,169983",1,2,2024-01-09
2024-01-09 11:00:00,"410,56695494501594","747,690002",1,2,2024-01-09
2024-01-09 12:00:00,"397,94454614991196","752,159973",1,2,2024-01-09
2024-01-09 13:00:00,"396,6690330062391","827,289978",1,2,2024-01-09
2024-01-09 14:00:00,"466,31827196304823","890,780029",1,2,2024-01-09
2024-01-09 15:00:00,"516,4661790400479","953,820007",1,2,2024-01-09
2024-01-09 16:00:00,"510,4387310943339","1028,349976",1,2,2024-01-09
2024-01-09 17:00:00,"496,4867858660061","1028,050049",1,2,2024-01-09
2024-01-09 18:00:00,"455,18656213623154","973,070007",1,2,2024-01-09
2024-01-09 19:00:00,"418,96651336437606","897,039978",1,2,2024-01-09
2024-01-09 20:00:00,"402,06199480362056","833,179993",1,2,2024-01-09
2024-01-09 21:00:00,"374,5282730299378","792,150024",1,2,2024-01-09
2024-01-09 22:00:00,"315,04478790232383","724,340027",1,2,2024-01-09
2024-01-09 23:00:00,"262,8789491482863","665,900024",1,2,2024-01-09
2024-01-10 00:00:00,"262,105097182097","647,039978",1,2,2024-01-10
2024-01-10 01:00:00,"274,740611628415","646,809998",1,2,2024-01-10
2024-01-10 02:00:00,"251,89394225228105","642,039978",1,2,2024-01-10
2024-01-10 03:00:00,"229,6517028041792","643,599976",1,2,2024-01-10
2024-01-10 04:00:00,"228,07749637037574","664,109985",1,2,2024-01-10
2024-01-10 05:00:00,"253,9743789789227","812,0",1,2,2024-01-10
2024-01-10 06:00:00,"398,2677854465941","941,840027",1,2,2024-01-10
2024-01-10 07:00:00,"472,607448016452","1053,630005",1,2,2024-01-10
2024-01-10 08:00:00,"510,6386572012654","972,419983",1,2,2024-01-10
2024-01-10 09:00:00,"467,62233230833743","884,190002",1,2,2024-01-10
2024-01-10 10:00:00,"475,4709349229654","813,869995",1,2,2024-01-10
2024-01-10 11:00:00,"475,572502634293","762,26001",1,2,2024-01-10
2024-01-10 12:00:00,"466,9769321928868","787,609985",1,2,2024-01-10
2024-01-10 13:00:00,"482,94318467172985","842,059998",1,2,2024-01-10
2024-01-10 14:00:00,"538,1840293207326","923,27002",1,2,2024-01-10
2024-01-10 15:00:00,"554,5226587927582","1004,109985",1,2,2024-01-10
2024-01-10 16:00:00,"592,708264884679","1072,349976",1,2,2024-01-10
2024-01-10 17:00:00,"577,9890083174712","1044,089966",1,2,2024-01-10
2024-01-10 18:00:00,"527,7914270716399","985,539978",1,2,2024-01-10
2024-01-10 19:00:00,"500,73065057482404","894,929993",1,2,2024-01-10
2024-01-10 20:00:00,"402,62373717128014","818,559998",1,2,2024-01-10
2024-01-10 21:00:00,"383,21667526456616","779,26001",1,2,2024-01-10
2024-01-10 22:00:00,"282,19814420245984","677,909973",1,2,2024-01-10
2024-01-10 23:00:00,"257,4010128600323","684,27002",1,2,2024-01-10
2024-01-11 00:00:00,"237,86583494132807","660,700012",1,2,2024-01-11
2024-01-11 01:00:00,"205,31119775646616","650,710022",1,2,2024-01-11
2024-01-11 02:00:00,"158,36941745533247","614,390015",1,2,2024-01-11
2024-01-11 03:00:00,"165,41335128581704","611,179993",1,2,2024-01-11
2024-01-11 04:00:00,"228,7821926706396","666,440002",1,2,2024-01-11
2024-01-11 05:00:00,"260,6787672379619","761,22998",1,2,2024-01-11
2024-01-11 06:00:00,"385,7381050066909","871,530029",1,2,2024-01-11
2024-01-11 07:00:00,"435,560381120907","1051,569946",1,2,2024-01-11
2024-01-11 08:00:00,"424,4680495710648","963,27002",1,2,2024-01-11
2024-01-11 09:00:00,"386,4675861404434","847,590027",1,2,2024-01-11
2024-01-11 10:00:00,"380,2717618880694","794,119995",1,2,2024-01-11
2024-01-11 11:00:00,"332,7426469021507","741,169983",1,2,2024-01-11
2024-01-11 12:00:00,"297,2057519864974","738,340027",1,2,2024-01-11
2024-01-11 13:00:00,"359,23849446593204","790,390015",1,2,2024-01-11
2024-01-11 14:00:00,"391,1858527973535","879,73999",1,2,2024-01-11
2024-01-11 15:00:00,"449,02302803474197","1024,349976",1,2,2024-01-11
2024-01-11 16:00:00,"540,8855660660264","1119,359985",1,2,2024-01-11
2024-01-11 17:00:00,"563,9577940347149","1019,429993",1,2,2024-01-11
2024-01-11 18:00:00,"482,14811453394486","986,76001",1,2,2024-01-11
2024-01-11 19:00:00,"409,41960566309456","879,140015",1,2,2024-01-11
2024-01-11 20:00:00,"407,6202577837746","799,419983",1,2,2024-01-11
2024-01-11 21:00:00,"378,9211000685284","745,789978",1,2,2024-01-11
2024-01-11 22:00:00,"259,014652000049","725,059998",1,2,2024-01-11
2024-01-11 23:00:00,"235,07990418639986","678,890015",1,2,2024-01-11
2024-01-12 00:00:00,"236,85142545509268","657,859985",1,2,2024-01-12
2024-01-12 01:00:00,"219,06064228887954","635,48999",1,2,2024-01-12
2024-01-12 02:00:00,"213,21432645589786","631,090027",1,2,2024-01-12
2024-01-12 03:00:00,"229,64512307805643","628,929993",1,2,2024-01-12
2024-01-12 04:00:00,"229,1109780487069","628,190002",1,2,2024-01-12
2024-01-12 05:00:00,"290,5195973723272","665,469971",1,2,2024-01-12
2024-01-12 06:00:00,"338,3342347461896","881,130005",1,2,2024-01-12
2024-01-12 07:00:00,"387,64050165793265","1049,51001",1,2,2024-01-12
2024-01-12 08:00:00,"420,00191426122603","1006,409973",1,2,2024-01-12
2024-01-12 09:00:00,"391,2006740528917","909,840027",1,2,2024-01-12
2024-01-12 10:00:00,"416,8581646509979","855,549988",1,2,2024-01-12
2024-01-12 11:00:00,"397,59296606933583","797,76001",1,2,2024-01-12
2024-01-12 12:00:00,"384,0812933232467","768,679993",1,2,2024-01-12
2024-01-12 13:00:00,"417,5010808563506","779,559998",1,2,2024-01-12
2024-01-12 14:00:00,"432,1941977041879","820,280029",1,2,2024-01-12
2024-01-12 15:00:00,"449,98591419864675","894,849976",1,2,2024-01-12
2024-01-12 16:00:00,"468,6969114236487","950,780029",1,2,2024-01-12
2024-01-12 17:00:00,"495,74427929696174","939,590027",1,2,2024-01-12
2024-01-12 18:00:00,"448,13664907718316","890,900024",1,2,2024-01-12
2024-01-12 19:00:00,"393,6879887579352","798,880005",1,2,2024-01-12
2024-01-12 20:00:00,"366,6154146285208","683,820007",1,2,2024-01-12
2024-01-12 21:00:00,"383,436499987097","634,0",1,2,2024-01-12
2024-01-12 22:00:00,"296,09503265295376","615,140015",1,2,2024-01-12
2024-01-12 23:00:00,"230,41431270200323","544,869995",1,2,2024-01-12
2024-01-13 00:00:00,"244,17407736156747","558,140015",1,2,2024-01-13
2024-01-13 01:00:00,"233,71482043735688","549,200012",1,2,2024-01-13
2024-01-13 02:00:00,"209,5514549770036","532,190002",1,2,2024-01-13
2024-01-13 03:00:00,"232,00847547411598","538,679993",1,2,2024-01-13
2024-01-13 04:00:00,"250,33475473803904","512,51001",1,2,2024-01-13
2024-01-13 05:00:00,"232,26429103792879","486,040009",1,2,2024-01-13
2024-01-13 06:00:00,"290,39418183634996","510,869995",1,2,2024-01-13
2024-01-13 07:00:00,"329,7470872146872","500,799988",1,2,2024-01-13
2024-01-13 08:00:00,"395,19749670381236","546,659973",1,2,2024-01-13
2024-01-13 09:00:00,"438,6195057141955","537,039978",1,2,2024-01-13
2024-01-13 10:00:00,"445,1423913424718","529,289978",1,2,2024-01-13
2024-01-13 11:00:00,"434,0052230761788","521,609985",1,2,2024-01-13
2024-01-13 12:00:00,"444,1759635315268","474,779999",1,2,2024-01-13
2024-01-13 13:00:00,"442,3196800353047","506,390015",1,2,2024-01-13
2024-01-13 14:00:00,"488,70067087075756","511,609985",1,2,2024-01-13
2024-01-13 15:00:00,"564,2631971497199","527,789978",1,2,2024-01-13
2024-01-13 16:00:00,"603,8919287217878","553,450012",1,2,2024-01-13
2024-01-13 17:00:00,"596,9150426617902","565,299988",1,2,2024-01-13
2024-01-13 18:00:00,"547,153704240164","550,460022",1,2,2024-01-13
2024-01-13 19:00:00,"474,5876870858765","544,799988",1,2,2024-01-13
2024-01-13 20:00:00,"445,61969083567186","528,909973",1,2,2024-01-13
2024-01-13 21:00:00,"413,4625895924628","479,470001",1,2,2024-01-13
2024-01-13 22:00:00,"335,86059431737175","470,970001",1,2,2024-01-13
2024-01-13 23:00:00,"325,38322689042957","477,420013",1,2,2024-01-13
2024-01-14 00:00:00,"256,90148701477364","463,179993",1,2,2024-01-14
2024-01-14 01:00:00,"253,52442693663568","469,290009",1,2,2024-01-14
2024-01-14 02:00:00,"258,57095247249407","477,350006",1,2,2024-01-14
2024-01-14 03:00:00,"231,01590498185215","482,269989",1,2,2024-01-14
2024-01-14 04:00:00,"232,42509033772285","486,220001",1,2,2024-01-14
2024-01-14 05:00:00,"235,3116952832023","501,950012",1,2,2024-01-14
2024-01-14 06:00:00,"286,3014115431719","534,390015",1,2,2024-01-14
2024-01-14 07:00:00,"288,13833703418425","572,280029",1,2,2024-01-14
2024-01-14 08:00:00,"285,1879978716147","605,090027",1,2,2024-01-14
2024-01-14 09:00:00,"286,6593008472733","601,289978",1,2,2024-01-14
2024-01-14 10:00:00,"286,187885524987","610,309998",1,2,2024-01-14
2024-01-14 11:00:00,"286,1578168049678","599,5",1,2,2024-01-14
2024-01-14 12:00:00,"276,82200462574025","574,52002",1,2,2024-01-14
2024-01-14 13:00:00,"279,04455589585416","590,25",1,2,2024-01-14
2024-01-14 14:00:00,"309,5512092066031","613,890015",1,2,2024-01-14
2024-01-14 15:00:00,"338,66131742044576","645,960022",1,2,2024-01-14
2024-01-14 16:00:00,"359,71666572212223","685,030029",1,2,2024-01-14
2024-01-14 17:00:00,"353,18448694201385","705,76001",1,2,2024-01-14
2024-01-14 18:00:00,"290,98764113312865","635,809998",1,2,2024-01-14
2024-01-14 19:00:00,"283,2934853245856","589,580017",1,2,2024-01-14
2024-01-14 20:00:00,"276,0545102213295","586,150024",1,2,2024-01-14
2024-01-14 21:00:00,"283,20542889534266","562,210022",1,2,2024-01-14
2024-01-14 22:00:00,"257,62773844873175","501,059998",1,2,2024-01-14
2024-01-14 23:00:00,"255,2982552177208","506,350006",1,2,2024-01-14
2024-01-15 00:00:00,"246,80420564450412","484,730011",1,3,2024-01-15
2024-01-15 01:00:00,"231,28252801241328","476,820007",1,3,2024-01-15
2024-01-15 02:00:00,"223,41199696955857","462,649994",1,3,2024-01-15
2024-01-15 03:00:00,"210,33857134493113","462,649994",1,3,2024-01-15
2024-01-15 04:00:00,"199,10117638173844","516,419983",1,3,2024-01-15
2024-01-15 05:00:00,"311,7194793250333","596,219971",1,3,2024-01-15
2024-01-15 06:00:00,"324,0466134528517","625,22998",1,3,2024-01-15
2024-01-15 07:00:00,"344,1643669278036","740,52002",1,3,2024-01-15
2024-01-15 08:00:00,"344,45964185364807","747,900024",1,3,2024-01-15
2024-01-15 09:00:00,"329,3964290735043","707,549988",1,3,2024-01-15
2024-01-15 10:00:00,"302,83789498896533","673,099976",1,3,2024-01-15
2024-01-15 11:00:00,"321,4640011369306","625,369995",1,3,2024-01-15
2024-01-15 12:00:00,"317,760287372091","612,619995",1,3,2024-01-15
2024-01-15 13:00:00,"334,4964294248686","630,150024",1,3,2024-01-15
2024-01-15 14:00:00,"362,5022994878599","666,98999",1,3,2024-01-15
2024-01-15 15:00:00,"502,6770949536426","745,140015",1,3,2024-01-15
2024-01-15 16:00:00,"507,7804143279415","813,450012",1,3,2024-01-15
2024-01-15 17:00:00,"523,0867791501399","861,849976",1,3,2024-01-15
2024-01-15 18:00:00,"482,95882066809224","825,22998",1,3,2024-01-15
2024-01-15 19:00:00,"440,97414587138064","769,22998",1,3,2024-01-15
2024-01-15 20:00:00,"402,4342266945861","693,159973",1,3,2024-01-15
2024-01-15 21:00:00,"395,25830647180345","667,359985",1,3,2024-01-15
2024-01-15 22:00:00,"351,74337407327664","644,539978",1,3,2024-01-15
2024-01-15 23:00:00,"319,7103982519309","607,469971",1,3,2024-01-15
2024-01-16 00:00:00,"289,97248253381355","607,099976",1,3,2024-01-16
2024-01-16 01:00:00,"304,3680219912368","597,179993",1,3,2024-01-16
2024-01-16 02:00:00,"271,9315094978986","583,679993",1,3,2024-01-16
2024-01-16 03:00:00,"262,69898330251215","578,679993",1,3,2024-01-16
2024-01-16 04:00:00,"287,478778172973","622,390015",1,3,2024-01-16
2024-01-16 05:00:00,"416,83318499780876","701,590027",1,3,2024-01-16
2024-01-16 06:00:00,"478,9592674600167","855,97998",1,3,2024-01-16
2024-01-16 07:00:00,"505,7006530103006","1119,849976",1,3,2024-01-16
2024-01-16 08:00:00,"492,12941953956414","1121,119995",1,3,2024-01-16
2024-01-16 09:00:00,"488,7674491518587","1039,670044",1,3,2024-01-16
2024-01-16 10:00:00,"479,4643796056549","871,940002",1,3,2024-01-16
2024-01-16 11:00:00,"470,65772091452664","771,400024",1,3,2024-01-16
2024-01-16 12:00:00,"466,50824467148254","708,380005",1,3,2024-01-16
2024-01-16 13:00:00,"498,7693666487185","715,98999",1,3,2024-01-16
2024-01-16 14:00:00,"537,9034420331081","822,27002",1,3,2024-01-16
2024-01-16 15:00:00,"650,9218630880883","830,77002",1,3,2024-01-16
2024-01-16 16:00:00,"662,2177808166103","955,77002",1,3,2024-01-16
2024-01-16 17:00:00,"663,1973440706453","949,5",1,3,2024-01-16
2024-01-16 18:00:00,"593,9636616350817","833,599976",1,3,2024-01-16
2024-01-16 19:00:00,"540,8936992792515","712,179993",1,3,2024-01-16
2024-01-16 20:00:00,"483,64511006121177","642,969971",1,3,2024-01-16
2024-01-16 21:00:00,"454,8630867637522","611,869995",1,3,2024-01-16
2024-01-16 22:00:00,"393,08822887142975","579,429993",1,3,2024-01-16
2024-01-16 23:00:00,"338,35608781132265","506,070007",1,3,2024-01-16
2024-01-17 00:00:00,"345,5017560570865","502,269989",1,3,2024-01-17
2024-01-17 01:00:00,"348,09969245979175","495,779999",1,3,2024-01-17
2024-01-17 02:00:00,"332,54807921621256","489,220001",1,3,2024-01-17
2024-01-17 03:00:00,"339,4489915426089","487,429993",1,3,2024-01-17
2024-01-17 04:00:00,"352,75754332722096","487,209991",1,3,2024-01-17
2024-01-17 05:00:00,"445,0647819238485","499,209991",1,3,2024-01-17
2024-01-17 06:00:00,"584,7460765541377","591,23999",1,3,2024-01-17
2024-01-17 07:00:00,"661,1397661721224","715,929993",1,3,2024-01-17
2024-01-17 08:00:00,"665,0936274064064","767,159973",1,3,2024-01-17
2024-01-17 09:00:00,"615,0252424558621","797,289978",1,3,2024-01-17
2024-01-17 10:00:00,"574,6957694704538","802,890015",1,3,2024-01-17
2024-01-17 11:00:00,"541,4981826177541","877,840027",1,3,2024-01-17
2024-01-17 12:00:00,"542,4264441097291","907,590027",1,3,2024-01-17
2024-01-17 13:00:00,"599,2223260182424","907,890015",1,3,2024-01-17
2024-01-17 14:00:00,"650,5476818573377","935,630005",1,3,2024-01-17
2024-01-17 15:00:00,"696,8619943253872","958,75",1,3,2024-01-17
2024-01-17 16:00:00,"756,0808050676782","1047,939941",1,3,2024-01-17
2024-01-17 17:00:00,"736,7653886964923","921,690002",1,3,2024-01-17
2024-01-17 18:00:00,"672,3626639783607","852,26001",1,3,2024-01-17
2024-01-17 19:00:00,"609,4459437823698","818,849976",1,3,2024-01-17
2024-01-17 20:00:00,"500,85851014994284","753,890015",1,3,2024-01-17
2024-01-17 21:00:00,"442,5227404751814","703,099976",1,3,2024-01-17
2024-01-17 22:00:00,"376,9804271837627","627,710022",1,3,2024-01-17
2024-01-17 23:00:00,"396,22722050816276","606,580017",1,3,2024-01-17
2024-01-18 00:00:00,"340,609535093707","575,780029",1,3,2024-01-18
2024-01-18 01:00:00,"308,5821428215015","561,530029",1,3,2024-01-18
2024-01-18 02:00:00,"275,40107472681694","558,700012",1,3,2024-01-18
2024-01-18 03:00:00,"290,64407545882517","578,539978",1,3,2024-01-18
2024-01-18 04:00:00,"353,120253068569","604,119995",1,3,2024-01-18
2024-01-18 05:00:00,"460,12906179650963","680,570007",1,3,2024-01-18
2024-01-18 06:00:00,"545,6351732573795","831,969971",1,3,2024-01-18
2024-01-18 07:00:00,"649,4878140528145","938,919983",1,3,2024-01-18
2024-01-18 08:00:00,"638,5997464989052","911,179993",1,3,2024-01-18
2024-01-18 09:00:00,"572,1573354218621","827,119995",1,3,2024-01-18
2024-01-18 10:00:00,"506,2628855815201","805,119995",1,3,2024-01-18
2024-01-18 11:00:00,"494,0570690084185","697,719971",1,3,2024-01-18
2024-01-18 12:00:00,"483,4270678003501","653,48999",1,3,2024-01-18
2024-01-18 13:00:00,"517,308994085787","644,619995",1,3,2024-01-18
2024-01-18 14:00:00,"566,9744937501539","702,940002",1,3,2024-01-18
2024-01-18 15:00:00,"694,500133997886","742,25",1,3,2024-01-18
2024-01-18 16:00:00,"807,6956394735821","780,72998",1,3,2024-01-18
2024-01-18 17:00:00,"804,5490758059213","770,140015",1,3,2024-01-18
2024-01-18 18:00:00,"713,4245868655545","705,030029",1,3,2024-01-18
2024-01-18 19:00:00,"608,7712881239664","648,650024",1,3,2024-01-18
2024-01-18 20:00:00,"544,226033943491","605,090027",1,3,2024-01-18
2024-01-18 21:00:00,"508,3685880362375","577,48999",1,3,2024-01-18
2024-01-18 22:00:00,"438,47343692170546","532,0",1,3,2024-01-18
2024-01-18 23:00:00,"449,05334697620225","510,089996",1,3,2024-01-18
2024-01-19 00:00:00,"431,5926747421123","487,269989",1,3,2024-01-19
2024-01-19 01:00:00,"420,70917867761176","477,649994",1,3,2024-01-19
2024-01-19 02:00:00,"412,8661923102515","468,029999",1,3,2024-01-19
2024-01-19 03:00:00,"412,02711553371","472,209991",1,3,2024-01-19
2024-01-19 04:00:00,"424,00796168455287","491,079987",1,3,2024-01-19
2024-01-19 05:00:00,"459,40558826321626","564,830017",1,3,2024-01-19
2024-01-19 06:00:00,"536,1794435695365","639,330017",1,3,2024-01-19
2024-01-19 07:00:00,"576,4204540902715","776,030029",1,3,2024-01-19
2024-01-19 08:00:00,"571,4442314581545","767,0",1,3,2024-01-19
2024-01-19 09:00:00,"542,8624963043598","709,580017",1,3,2024-01-19
2024-01-19 10:00:00,"503,66899322876077","644,030029",1,3,2024-01-19
2024-01-19 11:00:00,"479,4659117744466","572,960022",1,3,2024-01-19
2024-01-19 12:00:00,"495,4735604363261","547,01001",1,3,2024-01-19
2024-01-19 13:00:00,"510,4334425060887","560,880005",1,3,2024-01-19
2024-01-19 14:00:00,"551,2812907012586","577,580017",1,3,2024-01-19
2024-01-19 15:00:00,"599,586410598639","631,570007",1,3,2024-01-19
2024-01-19 16:00:00,"681,1667278504884","698,02002",1,3,2024-01-19
2024-01-19 17:00:00,"738,635714424975","656,630005",1,3,2024-01-19
2024-01-19 18:00:00,"634,3913363439726","576,98999",1,3,2024-01-19
2024-01-19 19:00:00,"553,3865174516691","551,849976",1,3,2024-01-19
2024-01-19 20:00:00,"484,24901501749855","530,380005",1,3,2024-01-19
2024-01-19 21:00:00,"499,13214039542623","511,880005",1,3,2024-01-19
2024-01-19 22:00:00,"459,9884981466074","482,869995",1,3,2024-01-19
2024-01-19 23:00:00,"426,3993507384374","492,200012",1,3,2024-01-19
2024-01-20 00:00:00,"423,56468761956927","473,179993",1,3,2024-01-20
2024-01-20 01:00:00,"421,3486731229683","473,850006",1,3,2024-01-20
2024-01-20 02:00:00,"416,112844921691","461,019989",1,3,2024-01-20
2024-01-20 03:00:00,"393,25066709277206","461,25",1,3,2024-01-20
2024-01-20 04:00:00,"417,95086523096563","460,5",1,3,2024-01-20
2024-01-20 05:00:00,"407,7535732627486","466,769989",1,3,2024-01-20
2024-01-20 06:00:00,"450,36316377729315","498,910004",1,3,2024-01-20
2024-01-20 07:00:00,"486,4894478353443","557,969971",1,3,2024-01-20
2024-01-20 08:00:00,"464,41336602506414","580,940002",1,3,2024-01-20
2024-01-20 09:00:00,"479,62329459681615","535,450012",1,3,2024-01-20
2024-01-20 10:00:00,"471,6020228135616","527,77002",1,3,2024-01-20
2024-01-20 11:00:00,"488,7841155043587","505,100006",1,3,2024-01-20
2024-01-20 12:00:00,"465,25662715214855","512,929993",1,3,2024-01-20
2024-01-20 13:00:00,"496,52536022693175","547,309998",1,3,2024-01-20
2024-01-20 14:00:00,"551,7103981405688","589,960022",1,3,2024-01-20
2024-01-20 15:00:00,"603,9023255269317","654,77002",1,3,2024-01-20
2024-01-20 16:00:00,"643,2156367434876","707,940002",1,3,2024-01-20
2024-01-20 17:00:00,"653,2348670512879","744,780029",1,3,2024-01-20
2024-01-20 18:00:00,"605,0792091978346","682,880005",1,3,2024-01-20
2024-01-20 19:00:00,"531,655517233611","596,599976",1,3,2024-01-20
2024-01-20 20:00:00,"486,82898709524983","547,309998",1,3,2024-01-20
2024-01-20 21:00:00,"459,4293993938018","525,159973",1,3,2024-01-20
2024-01-20 22:00:00,"438,65855774708757","499,579987",1,3,2024-01-20
2024-01-20 23:00:00,"431,6449207445332","445,26001",1,3,2024-01-20
2024-01-21 00:00:00,"397,46477760849376","429,230011",1,3,2024-01-21
2024-01-21 01:00:00,"379,7269916628089","411,329987",1,3,2024-01-21
2024-01-21 02:00:00,"368,0142813302914","379,549988",1,3,2024-01-21
2024-01-21 03:00:00,"346,49678925744706","361,799988",1,3,2024-01-21
2024-01-21 04:00:00,"365,3220793473716","353,899994",1,3,2024-01-21
2024-01-21 05:00:00,"385,7401436603545","339,579987",1,3,2024-01-21
2024-01-21 06:00:00,"409,12065478808296","327,869995",1,3,2024-01-21
2024-01-21 07:00:00,"465,3148224248034","383,059998",1,3,2024-01-21
2024-01-21 08:00:00,"467,78689407434433","405,429993",1,3,2024-01-21
2024-01-21 09:00:00,"464,9956125495987","343,529999",1,3,2024-01-21
2024-01-21 10:00:00,"458,80575109966816","363,0",1,3,2024-01-21
2024-01-21 11:00:00,"447,392148520755","287,0",1,3,2024-01-21
2024-01-21 12:00:00,"446,7848253764983","281,100006",1,3,2024-01-21
2024-01-21 13:00:00,"468,00540449087924","330,399994",1,3,2024-01-21
2024-01-21 14:00:00,"470,54573520854285","365,76001",1,3,2024-01-21
2024-01-21 15:00:00,"541,6633161157878","371,649994",1,3,2024-01-21
2024-01-21 16:00:00,"568,525152526948","422,51001",1,3,2024-01-21
2024-01-21 17:00:00,"564,3528884565776","458,309998",1,3,2024-01-21
2024-01-21 18:00:00,"500,40885958161806","437,359985",1,3,2024-01-21
2024-01-21 19:00:00,"474,2481178798681","384,100006",1,3,2024-01-21
2024-01-21 20:00:00,"440,970120439303","391,26001",1,3,2024-01-21
2024-01-21 21:00:00,"436,01235398450814","375,829987",1,3,2024-01-21
2024-01-21 22:00:00,"388,32254618672397","294,309998",1,3,2024-01-21
2024-01-21 23:00:00,"423,54734929992173","273,420013",1,3,2024-01-21
2024-01-22 00:00:00,"380,08568319857795","165,869995",1,4,2024-01-22
2024-01-22 01:00:00,"379,0760610655891","138,869995",1,4,2024-01-22
2024-01-22 02:00:00,"364,56052159060175","37,59",1,4,2024-01-22
2024-01-22 03:00:00,"365,6425433023282","37,740002",1,4,2024-01-22
2024-01-22 04:00:00,"399,7127346559253","149,169998",1,4,2024-01-22
2024-01-22 05:00:00,"412,58069498476067","302,059998",1,4,2024-01-22
2024-01-22 06:00:00,"447,4970749966021","451,01001",1,4,2024-01-22
2024-01-22 07:00:00,"476,2506186409105","495,829987",1,4,2024-01-22
2024-01-22 08:00:00,"505,39265973318294","429,450012",1,4,2024-01-22
2024-01-22 09:00:00,"471,80507808520787","459,059998",1,4,2024-01-22
2024-01-22 10:00:00,"426,653723964615","451,970001",1,4,2024-01-22
2024-01-22 11:00:00,"422,7885256117697","424,529999",1,4,2024-01-22
2024-01-22 12:00:00,"416,10413682201255","423,040009",1,4,2024-01-22
2024-01-22 13:00:00,"440,1574381205491","434,299988",1,4,2024-01-22
2024-01-22 14:00:00,"459,213810714042","445,48999",1,4,2024-01-22
2024-01-22 15:00:00,"627,9880982409808","447,429993",1,4,2024-01-22
2024-01-22 16:00:00,"701,3676145343849","461,299988",1,4,2024-01-22
2024-01-22 17:00:00,"728,5680732906638","455,179993",1,4,2024-01-22
2024-01-22 18:00:00,"668,0677294782985","447,720001",1,4,2024-01-22
2024-01-22 19:00:00,"631,808275462479","444,519989",1,4,2024-01-22
2024-01-22 20:00:00,"560,1151715268579","425,119995",1,4,2024-01-22
2024-01-22 21:00:00,"539,5079036275522","416,850006",1,4,2024-01-22
2024-01-22 22:00:00,"483,967496117384","372,019989",1,4,2024-01-22
2024-01-22 23:00:00,"446,4046439814168","121,040001",1,4,2024-01-22
2024-01-23 00:00:00,"451,31433695086923","75,330002",1,4,2024-01-23
2024-01-23 01:00:00,"460,18412245747584","69,879997",1,4,2024-01-23
2024-01-23 02:00:00,"433,47881607815594","31,1",1,4,2024-01-23
2024-01-23 03:00:00,"453,05653661190854","76,220001",1,4,2024-01-23
2024-01-23 04:00:00,"449,83387854227203","292,579987",1,4,2024-01-23
2024-01-23 05:00:00,"586,789448021137","439,940002",1,4,2024-01-23
2024-01-23 06:00:00,"724,2636477187332","454,410004",1,4,2024-01-23
2024-01-23 07:00:00,"817,4567767417345","461,649994",1,4,2024-01-23
2024-01-23 08:00:00,"736,5186359443497","455,76001",1,4,2024-01-23
2024-01-23 09:00:00,"750,5393938281236","447,25",1,4,2024-01-23
2024-01-23 10:00:00,"711,9272441215413","443,299988",1,4,2024-01-23
2024-01-23 11:00:00,"702,0675195958187","441,059998",1,4,2024-01-23
2024-01-23 12:00:00,"676,3843390260205","443,230011",1,4,2024-01-23
2024-01-23 13:00:00,"709,9842794983308","461,649994",1,4,2024-01-23
2024-01-23 14:00:00,"727,785198537075","468,059998",1,4,2024-01-23
2024-01-23 15:00:00,"774,2766222705277","494,390015",1,4,2024-01-23
2024-01-23 16:00:00,"843,8088930122669","510,570007",1,4,2024-01-23
2024-01-23 17:00:00,"818,5901599601284","498,040009",1,4,2024-01-23
2024-01-23 18:00:00,"701,7264376853991","472,390015",1,4,2024-01-23
2024-01-23 19:00:00,"640,7212425112438","450,910004",1,4,2024-01-23
2024-01-23 20:00:00,"565,3848486482646","400,790009",1,4,2024-01-23
2024-01-23 21:00:00,"511,60560972196663","338,290009",1,4,2024-01-23
2024-01-23 22:00:00,"421,1423204716161","248,050003",1,4,2024-01-23
2024-01-23 23:00:00,"380,1019000097572","22,74",1,4,2024-01-23
2024-01-24 00:00:00,"446,672136355985","-0,22",1,4,2024-01-24
2024-01-24 01:00:00,"425,9617914801309","0,0",1,4,2024-01-24
2024-01-24 02:00:00,"427,0537710212194","-0,07",1,4,2024-01-24
2024-01-24 03:00:00,"419,4227425800036","-0,15",1,4,2024-01-24
2024-01-24 04:00:00,"449,43078162778204","-1,34",1,4,2024-01-24
2024-01-24 05:00:00,"425,69593679220674","110,07",1,4,2024-01-24
2024-01-24 06:00:00,"577,1771099163004","313,869995",1,4,2024-01-24
2024-01-24 07:00:00,"648,7011487130226","373,380005",1,4,2024-01-24
2024-01-24 08:00:00,"658,063912750004","369,429993",1,4,2024-01-24
2024-01-24 09:00:00,"650,7529738715092","373,600006",1,4,2024-01-24
2024-01-24 10:00:00,"619,9266057596462","378,670013",1,4,2024-01-24
2024-01-24 11:00:00,"618,218233999496","293,209991",1,4,2024-01-24
2024-01-24 12:00:00,"627,3264313381538","271,73999",1,4,2024-01-24
2024-01-24 13:00:00,"675,1912875433048","335,869995",1,4,2024-01-24
2024-01-24 14:00:00,"727,9816786086069","372,480011",1,4,2024-01-24
2024-01-24 15:00:00,"766,4972539591023","378,820007",1,4,2024-01-24
2024-01-24 16:00:00,"863,5890264447705","404,25",1,4,2024-01-24
2024-01-24 17:00:00,"812,2116344335436","397,609985",1,4,2024-01-24
2024-01-24 18:00:00,"727,0259458679554","373,529999",1,4,2024-01-24
2024-01-24 19:00:00,"704,1425881667426","314,540009",1,4,2024-01-24
2024-01-24 20:00:00,"654,2011683093681","298,579987",1,4,2024-01-24
2024-01-24 21:00:00,"585,5842442348743","313,269989",1,4,2024-01-24
2024-01-24 22:00:00,"544,613551547418","287,320007",1,4,2024-01-24
2024-01-24 23:00:00,"497,59174096452153","330,630005",1,4,2024-01-24
2024-01-25 00:00:00,"453,277968519454","335,98999",1,4,2024-01-25
2024-01-25 01:00:00,"450,2677417021423","323,170013",1,4,2024-01-25
2024-01-25 02:00:00,"425,42156116210765","334,950012",1,4,2024-01-25
2024-01-25 03:00:00,"434,8357939642244","344,640015",1,4,2024-01-25
2024-01-25 04:00:00,"483,4235083812035","390,579987",1,4,2024-01-25
2024-01-25 05:00:00,"583,4021101546658","432,709991",1,4,2024-01-25
2024-01-25 06:00:00,"699,7495400193089","492,51001",1,4,2024-01-25
2024-01-25 07:00:00,"804,0182467967185","663,789978",1,4,2024-01-25
2024-01-25 08:00:00,"803,311149383138","635,679993",1,4,2024-01-25
2024-01-25 09:00:00,"674,1524551075778","606,599976",1,4,2024-01-25
2024-01-25 10:00:00,"687,2111077679552","568,340027",1,4,2024-01-25
2024-01-25 11:00:00,"639,8821433724418","545,450012",1,4,2024-01-25
2024-01-25 12:00:00,"629,708566508093","566,630005",1,4,2024-01-25
2024-01-25 13:00:00,"667,4680357019771","633,659973",1,4,2024-01-25
2024-01-25 14:00:00,"725,2552707567646","686,530029",1,4,2024-01-25
2024-01-25 15:00:00,"837,631077828683","755,950012",1,4,2024-01-25
2024-01-25 16:00:00,"936,0830112083809","920,0",1,4,2024-01-25
2024-01-25 17:00:00,"937,4156581774961","861,539978",1,4,2024-01-25
2024-01-25 18:00:00,"840,7394263804892","736,640015",1,4,2024-01-25
2024-01-25 19:00:00,"729,6307291510714","679,070007",1,4,2024-01-25
2024-01-25 20:00:00,"687,9576459682712","643,580017",1,4,2024-01-25
2024-01-25 21:00:00,"640,971259420188","599,73999",1,4,2024-01-25
2024-01-25 22:00:00,"602,5887454354042","560,440002",1,4,2024-01-25
2024-01-25 23:00:00,"572,3470703003248","468,200012",1,4,2024-01-25
2024-01-26 00:00:00,"540,1166629491589","461,940002",1,4,2024-01-26
2024-01-26 01:00:00,"515,1286675651664","436,070007",1,4,2024-01-26
2024-01-26 02:00:00,"522,6111006139348","408,480011",1,4,2024-01-26
2024-01-26 03:00:00,"517,2684793544101","355,029999",1,4,2024-01-26
2024-01-26 04:00:00,"527,0733646761466","377,619995",1,4,2024-01-26
2024-01-26 05:00:00,"608,6089165476097","419,519989",1,4,2024-01-26
2024-01-26 06:00:00,"750,7329343870688","469,470001",1,4,2024-01-26
2024-01-26 07:00:00,"759,4509833614463","484,149994",1,4,2024-01-26
2024-01-26 08:00:00,"756,0741207421141","475,660004",1,4,2024-01-26
2024-01-26 09:00:00,"721,9874796154411","456,420013",1,4,2024-01-26
2024-01-26 10:00:00,"726,6928019330825","437,929993",1,4,2024-01-26
2024-01-26 11:00:00,"710,3093599294248","389,769989",1,4,2024-01-26
2024-01-26 12:00:00,"707,9318876577441","346,450012",1,4,2024-01-26
2024-01-26 13:00:00,"722,294144870946","367,399994",1,4,2024-01-26
2024-01-26 14:00:00,"712,1316583850859","373,589996",1,4,2024-01-26
2024-01-26 15:00:00,"746,2257359714978","393,200012",1,4,2024-01-26
2024-01-26 16:00:00,"771,7850313798255","427,720001",1,4,2024-01-26
2024-01-26 17:00:00,"793,6321034152691","412,140015",1,4,2024-01-26
2024-01-26 18:00:00,"727,7817566635729","406,540009",1,4,2024-01-26
2024-01-26 19:00:00,"723,7753008711217","404,980011",1,4,2024-01-26
2024-01-26 20:00:00,"639,6916990870126","405,200012",1,4,2024-01-26
2024-01-26 21:00:00,"614,1278900171295","405,5",1,4,2024-01-26
2024-01-26 22:00:00,"552,2392325012013","400,429993",1,4,2024-01-26
2024-01-26 23:00:00,"535,335858392618","405,869995",1,4,2024-01-26
2024-01-27 00:00:00,"520,4490404072781","410,26001",1,4,2024-01-27
2024-01-27 01:00:00,"531,2011436338145","419,059998",1,4,2024-01-27
2024-01-27 02:00:00,"499,38832959933285","410,410004",1,4,2024-01-27
2024-01-27 03:00:00,"497,82800853408907","415,559998",1,4,2024-01-27
2024-01-27 04:00:00,"500,46440098046844","423,679993",1,4,2024-01-27
2024-01-27 05:00:00,"512,3385986244805","426,73999",1,4,2024-01-27
2024-01-27 06:00:00,"519,291588583018","431,359985",1,4,2024-01-27
2024-01-27 07:00:00,"547,3929924163685","433,380005",1,4,2024-01-27
2024-01-27 08:00:00,"568,462828193697","436,130005",1,4,2024-01-27
2024-01-27 09:00:00,"561,7054291685286","433,899994",1,4,2024-01-27
2024-01-27 10:00:00,"563,3972956734083","422,040009",1,4,2024-01-27
2024-01-27 11:00:00,"554,3804844420193","416,299988",1,4,2024-01-27
2024-01-27 12:00:00,"530,2895649294302","401,690002",1,4,2024-01-27
2024-01-27 13:00:00,"555,8008588244346","440,910004",1,4,2024-01-27
2024-01-27 14:00:00,"587,7508089798777","432,029999",1,4,2024-01-27
2024-01-27 15:00:00,"623,1665498847191","439,339996",1,4,2024-01-27
2024-01-27 16:00:00,"672,4064534382794","460,359985",1,4,2024-01-27
2024-01-27 17:00:00,"670,0252370020889","457,079987",1,4,2024-01-27
2024-01-27 18:00:00,"624,500154578016","443,070007",1,4,2024-01-27
2024-01-27 19:00:00,"589,1599336816001","433,970001",1,4,2024-01-27
2024-01-27 20:00:00,"547,4743045984784","431,290009",1,4,2024-01-27
2024-01-27 21:00:00,"517,1828031423876","430,390015",1,4,2024-01-27
2024-01-27 22:00:00,"490,8765676619279","429,5",1,4,2024-01-27
2024-01-27 23:00:00,"483,1424744861216","497,75",1,4,2024-01-27
2024-01-28 00:00:00,"452,4851731305505","438,339996",1,4,2024-01-28
2024-01-28 01:00:00,"460,36826766951475","434,309998",1,4,2024-01-28
2024-01-28 02:00:00,"458,28253636301594","430,290009",1,4,2024-01-28
2024-01-28 03:00:00,"449,29441702566817","431,399994",1,4,2024-01-28
2024-01-28 04:00:00,"454,74793428682784","429,609985",1,4,2024-01-28
2024-01-28 05:00:00,"457,22556237825927","430,290009",1,4,2024-01-28
2024-01-28 06:00:00,"466,2785674971755","439,679993",1,4,2024-01-28
2024-01-28 07:00:00,"490,9838374161462","441,320007",1,4,2024-01-28
2024-01-28 08:00:00,"483,51810212785284","410,609985",1,4,2024-01-28
2024-01-28 09:00:00,"464,2676342533337","381,380005",1,4,2024-01-28
2024-01-28 10:00:00,"471,759633161137","341,049988",1,4,2024-01-28
2024-01-28 11:00:00,"462,6773477460522","309,970001",1,4,2024-01-28
2024-01-28 12:00:00,"440,0576214670103","298,859985",1,4,2024-01-28
2024-01-28 13:00:00,"475,20158137142903","377,579987",1,4,2024-01-28
2024-01-28 14:00:00,"510,90826985512984","420,519989",1,4,2024-01-28
2024-01-28 15:00:00,"578,3483002356605","431,850006",1,4,2024-01-28
2024-01-28 16:00:00,"571,1319692759193","431,329987",1,4,2024-01-28
2024-01-28 17:00:00,"652,9288111767361","427,380005",1,4,2024-01-28
2024-01-28 18:00:00,"603,7981188450315","422,01001",1,4,2024-01-28
2024-01-28 19:00:00,"528,1555160294287","405,089996",1,4,2024-01-28
2024-01-28 20:00:00,"520,3348078773776","400,98999",1,4,2024-01-28
2024-01-28 21:00:00,"472,8416665448508","400,390015",1,4,2024-01-28
2024-01-28 22:00:00,"446,83849163500616","392,790009",1,4,2024-01-28
2024-01-28 23:00:00,"455,42169368065777","363,339996",1,4,2024-01-28
2024-04-01 00:00:00,"398,99582650721374","343,549988",2,1,2024-04-01
2024-04-01 01:00:00,"416,09479281975194","325,049988",2,1,2024-04-01
2024-04-01 02:00:00,"420,6013347516811","368,459991",2,1,2024-04-01
2024-04-01 03:00:00,"433,93622970081947","390,459991",2,1,2024-04-01
2024-04-01 04:00:00,"494,0957774163378","437,899994",2,1,2024-04-01
2024-04-01 05:00:00,"607,8315494585987","481,01001",2,1,2024-04-01
2024-04-01 06:00:00,"707,4764753912717","437,899994",2,1,2024-04-01
2024-04-01 07:00:00,"689,8644000333774","454,160004",2,1,2024-04-01
2024-04-01 08:00:00,"581,9582666074646","405,450012",2,1,2024-04-01
2024-04-01 09:00:00,"502,69226452977296","334,0",2,1,2024-04-01
2024-04-01 10:00:00,"459,09748512877326","363,609985",2,1,2024-04-01
2024-04-01 11:00:00,"449,12122067986024","262,470001",2,1,2024-04-01
2024-04-01 12:00:00,"460,2460270071277","253,740005",2,1,2024-04-01
2024-04-01 13:00:00,"466,8876659469726","325,799988",2,1,2024-04-01
2024-04-01 14:00:00,"528,8939963039334","331,170013",2,1,2024-04-01
2024-04-01 15:00:00,"593,6104592684103","304,089996",2,1,2024-04-01
2024-04-01 16:00:00,"723,9198230847552","364,429993",2,1,2024-04-01
2024-04-01 17:00:00,"964,0516621424291","373,529999",2,1,2024-04-01
2024-04-01 18:00:00,"937,1428275621226","381,290009",2,1,2024-04-01
2024-04-01 19:00:00,"718,1926173655106","365,399994",2,1,2024-04-01
2024-04-01 20:00:00,"575,4260361481743","305,809998",2,1,2024-04-01
2024-04-01 21:00:00,"527,7924555798417","221,0",2,1,2024-04-01
2024-04-01 22:00:00,"488,0879602022849","323,410004",2,1,2024-04-01
2024-04-01 23:00:00,"491,273478213808","270,970001",2,1,2024-04-01
2024-04-02 00:00:00,"473,81483553423215","122,769997",2,1,2024-04-02
2024-04-02 01:00:00,"474,89902529307057","56,240002",2,1,2024-04-02
2024-04-02 02:00:00,"470,16353338190964","14,47",2,1,2024-04-02
2024-04-02 03:00:00,"445,5539100094602","54,220001",2,1,2024-04-02
2024-04-02 04:00:00,"499,32900502860707","426,790009",2,1,2024-04-02
2024-04-02 05:00:00,"612,6222708385494","554,630005",2,1,2024-04-02
2024-04-02 06:00:00,"680,387862254261","514,130005",2,1,2024-04-02
2024-04-02 07:00:00,"664,8852723788744","350,410004",2,1,2024-04-02
2024-04-02 08:00:00,"547,8415475733223","285,589996",2,1,2024-04-02
2024-04-02 09:00:00,"457,4967728767143","293,130005",2,1,2024-04-02
2024-04-02 10:00:00,"422,3232553768071","298,869995",2,1,2024-04-02
2024-04-02 11:00:00,"392,8166216804576","325,420013",2,1,2024-04-02
2024-04-02 12:00:00,"397,1043671799431","248,970001",2,1,2024-04-02
2024-04-02 13:00:00,"424,52838309320714","187,210007",2,1,2024-04-02
2024-04-02 14:00:00,"491,3256824947324","65,860001",2,1,2024-04-02
2024-04-02 15:00:00,"580,6933317283613","309,23999",2,1,2024-04-02
2024-04-02 16:00:00,"684,8052332416582","542,25",2,1,2024-04-02
2024-04-02 17:00:00,"861,771438847182","711,48999",2,1,2024-04-02
2024-04-02 18:00:00,"814,0777343483663","707,679993",2,1,2024-04-02
2024-04-02 19:00:00,"696,3955206248636","582,75",2,1,2024-04-02
2024-04-02 20:00:00,"603,1507523876899","558,359985",2,1,2024-04-02
2024-04-02 21:00:00,"567,1122145502289","528,669983",2,1,2024-04-02
2024-04-02 22:00:00,"509,9810096881517","552,840027",2,1,2024-04-02
2024-04-02 23:00:00,"478,3122058560557","535,090027",2,1,2024-04-02
2024-04-03 00:00:00,"461,66586815736053","522,419983",2,1,2024-04-03
2024-04-03 01:00:00,"459,103621250265","482,220001",2,1,2024-04-03
2024-04-03 02:00:00,"465,70462009746143","483,929993",2,1,2024-04-03
2024-04-03 03:00:00,"466,397644262039","512,570007",2,1,2024-04-03
2024-04-03 04:00:00,"530,6095991295642","707,820007",2,1,2024-04-03
2024-04-03 05:00:00,"630,6277591690405","879,48999",2,1,2024-04-03
2024-04-03 06:00:00,"707,8786320466186","879,48999",2,1,2024-04-03
2024-04-03 07:00:00,"660,5488325757133","753,080017",2,1,2024-04-03
2024-04-03 08:00:00,"510,97154608941474","800,590027",2,1,2024-04-03
2024-04-03 09:00:00,"463,6144077421122","677,23999",2,1,2024-04-03
2024-04-03 10:00:00,"431,3773012078028","611,76001",2,1,2024-04-03
2024-04-03 11:00:00,"428,86117019280476","573,349976",2,1,2024-04-03
2024-04-03 12:00:00,"425,75568174502337","544,710022",2,1,2024-04-03
2024-04-03 13:00:00,"434,1285580636205","438,290009",2,1,2024-04-03
2024-04-03 14:00:00,"488,03198319653484","454,700012",2,1,2024-04-03
2024-04-03 15:00:00,"580,0350870506653","524,359985",2,1,2024-04-03
2024-04-03 16:00:00,"669,0255626763053","633,909973",2,1,2024-04-03
2024-04-03 17:00:00,"852,5062316752391","794,919983",2,1,2024-04-03
2024-04-03 18:00:00,"750,3951109653948","739,359985",2,1,2024-04-03
2024-04-03 19:00:00,"575,4734476391867","557,169983",2,1,2024-04-03
2024-04-03 20:00:00,"502,4503496859271","458,579987",2,1,2024-04-03
2024-04-03 21:00:00,"468,0068150017216","412,640015",2,1,2024-04-03
2024-04-03 22:00:00,"444,5806414582457","406,619995",2,1,2024-04-03
2024-04-03 23:00:00,"439,93995640479255","387,899994",2,1,2024-04-03
2024-04-04 00:00:00,"426,39768777891726","374,179993",2,1,2024-04-04
2024-04-04 01:00:00,"426,9183554083451","384,619995",2,1,2024-04-04
2024-04-04 02:00:00,"414,6310207707814","387,380005",2,1,2024-04-04
2024-04-04 03:00:00,"400,95442531951227","403,339996",2,1,2024-04-04
2024-04-04 04:00:00,"406,1090767265187","454,200012",2,1,2024-04-04
2024-04-04 05:00:00,"447,65101846487954","488,290009",2,1,2024-04-04
2024-04-04 06:00:00,"546,9172977120732","561,830017",2,1,2024-04-04
2024-04-04 07:00:00,"576,9002273910063","535,419983",2,1,2024-04-04
2024-04-04 08:00:00,"508,41371482576557","515,880005",2,1,2024-04-04
2024-04-04 09:00:00,"430,80242679219","470,309998",2,1,2024-04-04
2024-04-04 10:00:00,"382,13537549319386","433,170013",2,1,2024-04-04
2024-04-04 11:00:00,"314,54265328727143","419,299988",2,1,2024-04-04
2024-04-04 12:00:00,"283,30581001071806","413,850006",2,1,2024-04-04
2024-04-04 13:00:00,"312,320168192349","418,929993",2,1,2024-04-04
2024-04-04 14:00:00,"390,4146969616622","425,709991",2,1,2024-04-04
2024-04-04 15:00:00,"433,45848851341793","515,210022",2,1,2024-04-04
2024-04-04 16:00:00,"554,4825251563559","562,049988",2,1,2024-04-04
2024-04-04 17:00:00,"696,5619748624824","674,820007",2,1,2024-04-04
2024-04-04 18:00:00,"635,5545481109367","520,580017",2,1,2024-04-04
2024-04-04 19:00:00,"523,1033434666035","460,390015",2,1,2024-04-04
2024-04-04 20:00:00,"432,06059582532407","439,440002",2,1,2024-04-04
2024-04-04 21:00:00,"373,0729256165733","430,109985",2,1,2024-04-04
2024-04-04 22:00:00,"327,1646528604327","394,190002",2,1,2024-04-04
2024-04-04 23:00:00,"271,61144661293747","381,890015",2,1,2024-04-04
2024-04-05 00:00:00,"259,53080095344075","372,559998",2,1,2024-04-05
2024-04-05 01:00:00,"232,32566522032985","357,350006",2,1,2024-04-05
2024-04-05 02:00:00,"222,0427515582857","353,320007",2,1,2024-04-05
2024-04-05 03:00:00,"221,24768181006883","352,720001",2,1,2024-04-05
2024-04-05 04:00:00,"271,8508511764628","448,720001",2,1,2024-04-05
2024-04-05 05:00:00,"318,90998724441596","572,75",2,1,2024-04-05
2024-04-05 06:00:00,"359,8764105714911","596,700012",2,1,2024-04-05
2024-04-05 07:00:00,"358,4028210057318","504,130005",2,1,2024-04-05
2024-04-05 08:00:00,"311,01221781047116","376,660004",2,1,2024-04-05
2024-04-05 09:00:00,"286,01412382093457","339,670013",2,1,2024-04-05
2024-04-05 10:00:00,"267,93113011424","331,390015",2,1,2024-04-05
2024-04-05 11:00:00,"248,26057656274224","298,570007",2,1,2024-04-05
2024-04-05 12:00:00,"244,98266541442683","276,48999",2,1,2024-04-05
2024-04-05 13:00:00,"285,98094666318156","176,699997",2,1,2024-04-05
2024-04-05 14:00:00,"333,22279434359757","60,34",2,1,2024-04-05
2024-04-05 15:00:00,"401,25985340626437","279,399994",2,1,2024-04-05
2024-04-05 16:00:00,"446,74750631059266","370,320007",2,1,2024-04-05
2024-04-05 17:00:00,"453,6897105164057","398,299988",2,1,2024-04-05
2024-04-05 18:00:00,"435,31684086215887","402,170013",2,1,2024-04-05
2024-04-05 19:00:00,"395,3620698267186","398,299988",2,1,2024-04-05
2024-04-05 20:00:00,"357,1467898196029","393,299988",2,1,2024-04-05
2024-04-05 21:00:00,"334,54504209619165","370,100006",2,1,2024-04-05
2024-04-05 22:00:00,"364,4511822140591","315,579987",2,1,2024-04-05
2024-04-05 23:00:00,"381,8046566423914","326,549988",2,1,2024-04-05
2024-04-06 00:00:00,"387,8698506124485","328,190002",2,1,2024-04-06
2024-04-06 01:00:00,"381,16046322841163","334,679993",2,1,2024-04-06
2024-04-06 02:00:00,"372,94242697158546","354,369995",2,1,2024-04-06
2024-04-06 03:00:00,"361,4681329286825","359,890015",2,1,2024-04-06
2024-04-06 04:00:00,"375,57948243789656","372,5",2,1,2024-04-06
2024-04-06 05:00:00,"372,86420748770877","382,339996",2,1,2024-04-06
2024-04-06 06:00:00,"368,79503714230555","374,660004",2,1,2024-04-06
2024-04-06 07:00:00,"323,3078116248128","359,890015",2,1,2024-04-06
2024-04-06 08:00:00,"247,2787937187388","219,440002",2,1,2024-04-06
2024-04-06 09:00:00,"189,24301273327828","34,310001",2,1,2024-04-06
2024-04-06 10:00:00,"123,2585491380811","123,07",2,1,2024-04-06
2024-04-06 11:00:00,"122,73606526130007","14,92",2,1,2024-04-06
2024-04-06 12:00:00,"49,462092980385535","0,3",2,1,2024-04-06
2024-04-06 13:00:00,"75,83595634306104","0,45",2,1,2024-04-06
2024-04-06 14:00:00,"236,7074210242418","0,75",2,1,2024-04-06
2024-04-06 15:00:00,"304,86232119239787","117,919998",2,1,2024-04-06
2024-04-06 16:00:00,"434,23464237895826","393,079987",2,1,2024-04-06
2024-04-06 17:00:00,"505,47517986346327","380,100006",2,1,2024-04-06
2024-04-06 18:00:00,"511,9664503866995","349,670013",2,1,2024-04-06
2024-04-06 19:00:00,"468,6910912915677","326,029999",2,1,2024-04-06
2024-04-06 20:00:00,"421,3582088165168","295,73999",2,1,2024-04-06
2024-04-06 21:00:00,"383,85157422098445","188,410004",2,1,2024-04-06
2024-04-06 22:00:00,"330,65820135603775","81,82",2,1,2024-04-06
2024-04-06 23:00:00,"339,8784515003408","0,67",2,1,2024-04-06
2024-04-07 00:00:00,"325,8366795630229","0,0",2,1,2024-04-07
2024-04-07 01:00:00,"311,1186614474157","0,0",2,1,2024-04-07
2024-04-07 02:00:00,"307,86442597165524","0,0",2,1,2024-04-07
2024-04-07 03:00:00,"309,3999132063185","0,0",2,1,2024-04-07
2024-04-07 04:00:00,"324,3033126944053","0,0",2,1,2024-04-07
2024-04-07 05:00:00,"321,0576753932269","0,0",2,1,2024-04-07
2024-04-07 06:00:00,"330,4978094038832","0,0",2,1,2024-04-07
2024-04-07 07:00:00,"260,6110777556074","-0,07",2,1,2024-04-07
2024-04-07 08:00:00,"236,9124305481782","-1,19",2,1,2024-04-07
2024-04-07 09:00:00,"197,07474772580628","-22,450001",2,1,2024-04-07
2024-04-07 10:00:00,"186,64044064544743","-30,58",2,1,2024-04-07
2024-04-07 11:00:00,"111,71360177681274","-48,849998",2,1,2024-04-07
2024-04-07 12:00:00,"128,18053085099444","-74,589996",2,1,2024-04-07
2024-04-07 13:00:00,"189,3247172675861","-37,59",2,1,2024-04-07
2024-04-07 14:00:00,"303,1948385167351","-1,19",2,1,2024-04-07
2024-04-07 15:00:00,"400,79424846280796","31,92",2,1,2024-04-07
2024-04-07 16:00:00,"486,3963455687958","288,799988",2,1,2024-04-07
2024-04-07 17:00:00,"610,172813208935","343,98999",2,1,2024-04-07
2024-04-07 18:00:00,"589,0623880567842","356,450012",2,1,2024-04-07
2024-04-07 19:00:00,"502,95891727195004","359,579987",2,1,2024-04-07
2024-04-07 20:00:00,"452,99014244922677","340,779999",2,1,2024-04-07
2024-04-07 21:00:00,"439,41535844177207","318,859985",2,1,2024-04-07
2024-04-07 22:00:00,"390,6623325933188","308,339996",2,1,2024-04-07
2024-04-07 23:00:00,"386,4354163794945","295,140015",2,1,2024-04-07
2024-04-08 00:00:00,"362,32230910385584","292,079987",2,2,2024-04-08
2024-04-08 01:00:00,"390,18672793972246","312,290009",2,2,2024-04-08
2024-04-08 02:00:00,"407,498480902021","328,480011",2,2,2024-04-08
2024-04-08 03:00:00,"408,9552870852606","334,589996",2,2,2024-04-08
2024-04-08 04:00:00,"437,6160633040411","376,730011",2,2,2024-04-08
2024-04-08 05:00:00,"534,5542354483365","396,5",2,2,2024-04-08
2024-04-08 06:00:00,"654,0926716384092","432,600006",2,2,2024-04-08
2024-04-08 07:00:00,"603,3493384289635","603,25",2,2,2024-04-08
2024-04-08 08:00:00,"501,1964450117588","402,910004",2,2,2024-04-08
2024-04-08 09:00:00,"395,0715362481183","399,480011",2,2,2024-04-08
2024-04-08 10:00:00,"328,0187408392805","397,100006",2,2,2024-04-08
2024-04-08 11:00:00,"302,1998889367559","421,859985",2,2,2024-04-08
2024-04-08 12:00:00,"320,7361933058256","431,779999",2,2,2024-04-08
2024-04-08 13:00:00,"333,0257677898845","395,679993",2,2,2024-04-08
2024-04-08 14:00:00,"357,1292446268685","522,099976",2,2,2024-04-08
2024-04-08 15:00:00,"405,9733130353732","559,469971",2,2,2024-04-08
2024-04-08 16:00:00,"586,192083123119","782,409973",2,2,2024-04-08
2024-04-08 17:00:00,"856,2773537965442","1024,069946",2,2,2024-04-08
2024-04-08 18:00:00,"764,8508596930766","930,830017",2,2,2024-04-08
2024-04-08 19:00:00,"598,9038299611057","632,859985",2,2,2024-04-08
2024-04-08 20:00:00,"453,68294623814376","574,309998",2,2,2024-04-08
2024-04-08 21:00:00,"383,1621704696413","523,52002",2,2,2024-04-08
2024-04-08 22:00:00,"371,53533769869387","583,330017",2,2,2024-04-08
2024-04-08 23:00:00,"362,8860305539945","517,549988",2,2,2024-04-08
2024-04-09 00:00:00,"317,78813901023665","482,790009",2,2,2024-04-09
2024-04-09 01:00:00,"321,9474335457221","440,200012",2,2,2024-04-09
2024-04-09 02:00:00,"322,35106618754446","453,779999",2,2,2024-04-09
2024-04-09 03:00:00,"330,30568643364984","488,390015",2,2,2024-04-09
2024-04-09 04:00:00,"443,3631054356848","575,799988",2,2,2024-04-09
2024-04-09 05:00:00,"540,7820918155504","670,900024",2,2,2024-04-09
2024-04-09 06:00:00,"614,6511090259561","595,039978",2,2,2024-04-09
2024-04-09 07:00:00,"503,20683974600377","509,420013",2,2,2024-04-09
2024-04-09 08:00:00,"346,9681487276736","384,559998",2,2,2024-04-09
2024-04-09 09:00:00,"323,51410410924115","328,029999",2,2,2024-04-09
2024-04-09 10:00:00,"254,81416202169848","268,880005",2,2,2024-04-09
2024-04-09 11:00:00,"222,91367214771935","75,260002",2,2,2024-04-09
2024-04-09 12:00:00,"261,15810333376294","78,309998",2,2,2024-04-09
2024-04-09 13:00:00,"271,8503680439847","216,600006",2,2,2024-04-09
2024-04-09 14:00:00,"316,0790371542563","285,440002",2,2,2024-04-09
2024-04-09 15:00:00,"427,95017433049463","372,179993",2,2,2024-04-09
2024-04-09 16:00:00,"534,2392687817866","390,899994",2,2,2024-04-09
2024-04-09 17:00:00,"696,5130438408122","375,089996",2,2,2024-04-09
2024-04-09 18:00:00,"609,57033314349","378,970001",2,2,2024-04-09
2024-04-09 19:00:00,"500,76338376558624","359,649994",2,2,2024-04-09
2024-04-09 20:00:00,"479,1144779963234","335,640015",2,2,2024-04-09
2024-04-09 21:00:00,"432,700121195541","257,619995",2,2,2024-04-09
2024-04-09 22:00:00,"402,9620061580612","96,220001",2,2,2024-04-09
2024-04-09 23:00:00,"362,9733894098617","38,040001",2,2,2024-04-09
2024-04-10 00:00:00,"343,3007321213581","37,290001",2,2,2024-04-10
2024-04-10 01:00:00,"326,34999283417136","67,050003",2,2,2024-04-10
2024-04-10 02:00:00,"318,67819972813567","184,229996",2,2,2024-04-10
2024-04-10 03:00:00,"385,8570585871596","261,059998",2,2,2024-04-10
2024-04-10 04:00:00,"464,2900963130264","261,130005",2,2,2024-04-10
2024-04-10 05:00:00,"572,3888046245501","302,299988",2,2,2024-04-10
2024-04-10 06:00:00,"654,5167375953152","311,700012",2,2,2024-04-10
2024-04-10 07:00:00,"623,6157103452202","309,390015",2,2,2024-04-10
2024-04-10 08:00:00,"529,437119070319","309,390015",2,2,2024-04-10
2024-04-10 09:00:00,"418,827436821016","239,130005",2,2,2024-04-10
2024-04-10 10:00:00,"390,5658852505375","143,279999",2,2,2024-04-10
2024-04-10 11:00:00,"359,6757329399073","66,610001",2,2,2024-04-10
2024-04-10 12:00:00,"352,18828890804343","0,45",2,2,2024-04-10
2024-04-10 13:00:00,"341,91584789864635","2,09",2,2,2024-04-10
2024-04-10 14:00:00,"375,29723039585645","39,529999",2,2,2024-04-10
2024-04-10 15:00:00,"537,7563367959933","122,169998",2,2,2024-04-10
2024-04-10 16:00:00,"646,8173546625761","616,469971",2,2,2024-04-10
2024-04-10 17:00:00,"847,3887131678902","1084,949951",2,2,2024-04-10
2024-04-10 18:00:00,"732,039234423311","1052,430054",2,2,2024-04-10
2024-04-10 19:00:00,"603,534036165065","722,380005",2,2,2024-04-10
2024-04-10 20:00:00,"545,1311890890616","392,029999",2,2,2024-04-10
2024-04-10 21:00:00,"503,2949647309139","352,200012",2,2,2024-04-10
2024-04-10 22:00:00,"443,9571521375662","303,440002",2,2,2024-04-10
2024-04-10 23:00:00,"422,51556364997384","198,940002",2,2,2024-04-10
2024-04-11 00:00:00,"403,7969645537577","165,589996",2,2,2024-04-11
2024-04-11 01:00:00,"374,76905823916195","74,519997",2,2,2024-04-11
2024-04-11 02:00:00,"367,1134197536104","59,52",2,2,2024-04-11
2024-04-11 03:00:00,"366,46970729874016","149,179993",2,2,2024-04-11
2024-04-11 04:00:00,"395,19630223223027","192,070007",2,2,2024-04-11
2024-04-11 05:00:00,"520,7554150043348","297,399994",2,2,2024-04-11
2024-04-11 06:00:00,"581,3670715960345","309,929993",2,2,2024-04-11
2024-04-11 07:00:00,"554,36048117031","223,770004",2,2,2024-04-11
2024-04-11 08:00:00,"455,48684766366375","74,959999",2,2,2024-04-11
2024-04-11 09:00:00,"400,6060417740428","6,41",2,2,2024-04-11
2024-04-11 10:00:00,"361,70693963024286","6,79",2,2,2024-04-11
2024-04-11 11:00:00,"296,4367289530112","8,21",2,2,2024-04-11
2024-04-11 12:00:00,"272,9124791055005","4,25",2,2,2024-04-11
2024-04-11 13:00:00,"313,11653293605207","96,07",2,2,2024-04-11
2024-04-11 14:00:00,"329,6339030459238","64,75",2,2,2024-04-11
2024-04-11 15:00:00,"412,67369550794973","347,070007",2,2,2024-04-11
2024-04-11 16:00:00,"551,0277860305661","711,75",2,2,2024-04-11
2024-04-11 17:00:00,"682,6281839109097","1002,210022",2,2,2024-04-11
2024-04-11 18:00:00,"625,6281919899906","893,609985",2,2,2024-04-11
2024-04-11 19:00:00,"508,64804372240184","679,159973",2,2,2024-04-11
2024-04-11 20:00:00,"463,77664415018114","541,159973",2,2,2024-04-11
2024-04-11 21:00:00,"414,3580601867418","451,059998",2,2,2024-04-11
2024-04-11 22:00:00,"369,69368978821797","339,720001",2,2,2024-04-11
2024-04-11 23:00:00,"321,53783076044976","325,029999",2,2,2024-04-11
2024-04-12 00:00:00,"290,6840216077321","331,73999",2,2,2024-04-12
2024-04-12 01:00:00,"271,73071523998857","304,51001",2,2,2024-04-12
2024-04-12 02:00:00,"257,49534814425687","298,399994",2,2,2024-04-12
2024-04-12 03:00:00,"265,0086996170821","298,399994",2,2,2024-04-12
2024-04-12 04:00:00,"296,06617853656866","308,019989",2,2,2024-04-12
2024-04-12 05:00:00,"314,0459557540318","362,619995",2,2,2024-04-12
2024-04-12 06:00:00,"372,59844660803543","516,75",2,2,2024-04-12
2024-04-12 07:00:00,"349,0254549100411","489,290009",2,2,2024-04-12
2024-04-12 08:00:00,"286,4527964234394","319,730011",2,2,2024-04-12
2024-04-12 09:00:00,"214,75036844447789","140,690002",2,2,2024-04-12
2024-04-12 10:00:00,"190,3570171710696","0,0",2,2,2024-04-12
2024-04-12 11:00:00,"156,08287940616012","-0,52",2,2,2024-04-12
2024-04-12 12:00:00,"168,49368552180246","0,07",2,2,2024-04-12
2024-04-12 13:00:00,"164,1969190793581","1,34",2,2,2024-04-12
2024-04-12 14:00:00,"225,36293948016788","1,64",2,2,2024-04-12
2024-04-12 15:00:00,"363,4265172314293","375,600006",2,2,2024-04-12
2024-04-12 16:00:00,"416,68489329316463","445,279999",2,2,2024-04-12
2024-04-12 17:00:00,"447,944847234156","370,160004",2,2,2024-04-12
2024-04-12 18:00:00,"413,84909273683564","369,48999",2,2,2024-04-12
2024-04-12 19:00:00,"371,16275714665323","351,429993",2,2,2024-04-12
2024-04-12 20:00:00,"368,6153357303166","342,329987",2,2,2024-04-12
2024-04-12 21:00:00,"371,4693845054906","329,200012",2,2,2024-04-12
2024-04-12 22:00:00,"376,5356297177286","246,039993",2,2,2024-04-12
2024-04-12 23:00:00,"389,94685204433796","193,369995",2,2,2024-04-12
2024-04-13 00:00:00,"384,8834257111028","144,429993",2,2,2024-04-13
2024-04-13 01:00:00,"383,4346891851932","130,779999",2,2,2024-04-13
2024-04-13 02:00:00,"387,00975824422954","130,259995",2,2,2024-04-13
2024-04-13 03:00:00,"381,82205270480574","173,899994",2,2,2024-04-13
2024-04-13 04:00:00,"405,48494414490807","207,619995",2,2,2024-04-13
2024-04-13 05:00:00,"395,81536730458004","251,630005",2,2,2024-04-13
2024-04-13 06:00:00,"373,3468052657906","168,600006",2,2,2024-04-13
2024-04-13 07:00:00,"311,8280232311666","65,650002",2,2,2024-04-13
2024-04-13 08:00:00,"196,9889881456464","-0,15",2,2,2024-04-13
2024-04-13 09:00:00,"93,3112233393906","-30,139999",2,2,2024-04-13
2024-04-13 10:00:00,"-2,7649944733664125","-59,830002",2,2,2024-04-13
2024-04-13 11:00:00,"-122,7826671326966","-150,699997",2,2,2024-04-13
2024-04-13 12:00:00,"-153,50713278480777","-218,729996",2,2,2024-04-13
2024-04-13 13:00:00,"-58,29803763262107","-235,740005",2,2,2024-04-13
2024-04-13 14:00:00,"52,644396420498296","-142,710007",2,2,2024-04-13
2024-04-13 15:00:00,"210,38778914683644","-1,19",2,2,2024-04-13
2024-04-13 16:00:00,"438,45772793331736","248,949997",2,2,2024-04-13
2024-04-13 17:00:00,"487,0357577462188","373,76001",2,2,2024-04-13
2024-04-13 18:00:00,"467,23892138866114","298,630005",2,2,2024-04-13
2024-04-13 19:00:00,"380,86845476682635","258,5",2,2,2024-04-13
2024-04-13 20:00:00,"349,8408475665593","153,679993",2,2,2024-04-13
2024-04-13 21:00:00,"290,0311302933101","52,59",2,2,2024-04-13
2024-04-13 22:00:00,"230,27570040342763","3,21",2,2,2024-04-13
2024-04-13 23:00:00,"210,51910812698435","6,19",2,2,2024-04-13
2024-04-14 00:00:00,"128,43714509606352","6,94",2,2,2024-04-14
2024-04-14 01:00:00,"129,36488147737055","8,43",2,2,2024-04-14
2024-04-14 02:00:00,"128,8692638865394","17,459999",2,2,2024-04-14
2024-04-14 03:00:00,"136,52502646018658","44,389999",2,2,2024-04-14
2024-04-14 04:00:00,"169,66195245949245","95,949997",2,2,2024-04-14
2024-04-14 05:00:00,"180,61692479100154","96,989998",2,2,2024-04-14
2024-04-14 06:00:00,"154,29608924259549","55,279999",2,2,2024-04-14
2024-04-14 07:00:00,"116,5894768842269","0,0",2,2,2024-04-14
2024-04-14 08:00:00,"92,11569760342923","-17,68",2,2,2024-04-14
2024-04-14 09:00:00,"43,168137673330406","-90,800003",2,2,2024-04-14
2024-04-14 10:00:00,"8,705488363860638","-315,070007",2,2,2024-04-14
2024-04-14 11:00:00,"-16,860293699968306","-448,019989",2,2,2024-04-14
2024-04-14 12:00:00,"-25,382111622351733","-447,720001",2,2,2024-04-14
2024-04-14 13:00:00,"1,0439375828171966","-298,809998",2,2,2024-04-14
2024-04-14 14:00:00,"116,41381278094339","-46,630001",2,2,2024-04-14
2024-04-14 15:00:00,"264,7470650269735","11,71",2,2,2024-04-14
2024-04-14 16:00:00,"422,18033066722916","407,51001",2,2,2024-04-14
2024-04-14 17:00:00,"480,5790321143877","655,059998",2,2,2024-04-14
2024-04-14 18:00:00,"436,6801852125876","894,619995",2,2,2024-04-14
2024-04-14 19:00:00,"396,0139076578423","840,159973",2,2,2024-04-14
2024-04-14 20:00:00,"392,86810225009015","724,890015",2,2,2024-04-14
2024-04-14 21:00:00,"399,56183944365023","594,549988",2,2,2024-04-14
2024-04-14 22:00:00,"400,7859963960553","410,640015",2,2,2024-04-14
2024-04-14 23:00:00,"405,349817274572","437,730011",2,2,2024-04-14
2024-04-15 00:00:00,"388,33138632812813","526,359985",2,3,2024-04-15
2024-04-15 01:00:00,"386,0107295947063","491,220001",2,3,2024-04-15
2024-04-15 02:00:00,"400,123442273637","561,280029",2,3,2024-04-15
2024-04-15 03:00:00,"408,67799187617976","647,150024",2,3,2024-04-15
2024-04-15 04:00:00,"526,8634396215153","863,440002",2,3,2024-04-15
2024-04-15 05:00:00,"643,420707956027","1261,98999",2,3,2024-04-15
2024-04-15 06:00:00,"707,853318620693","1143,290039",2,3,2024-04-15
2024-04-15 07:00:00,"585,6695865421668","683,109985",2,3,2024-04-15
2024-04-15 08:00:00,"470,0382240892864","568,809998",2,3,2024-04-15
2024-04-15 09:00:00,"365,9151771253841","425,269989",2,3,2024-04-15
2024-04-15 10:00:00,"280,83854516249215","329,390015",2,3,2024-04-15
2024-04-15 11:00:00,"369,9330941938987","236,809998",2,3,2024-04-15
2024-04-15 12:00:00,"249,99034972788527","96,690002",2,3,2024-04-15
2024-04-15 13:00:00,"398,91371859894656","58,189999",2,3,2024-04-15
2024-04-15 14:00:00,"348,8283757881214","59,610001",2,3,2024-04-15
2024-04-15 15:00:00,"414,1222287674212","345,440002",2,3,2024-04-15
2024-04-15 16:00:00,"577,2424978867107","516,289978",2,3,2024-04-15
2024-04-15 17:00:00,"828,5288016373646","588,809998",2,3,2024-04-15
2024-04-15 18:00:00,"746,4760177825988","574,630005",2,3,2024-04-15
2024-04-15 19:00:00,"526,0306405117084","494,730011",2,3,2024-04-15
2024-04-15 20:00:00,"428,15699255694904","401,170013",2,3,2024-04-15
2024-04-15 21:00:00,"367,81912144054644","254,940002",2,3,2024-04-15
2024-04-15 22:00:00,"367,5173793805412","15,07",2,3,2024-04-15
2024-04-15 23:00:00,"353,63130010449163","0,3",2,3,2024-04-15
2024-04-16 00:00:00,"316,98399915989694","1,04",2,3,2024-04-16
2024-04-16 01:00:00,"364,89303344944244","5,45",2,3,2024-04-16
2024-04-16 02:00:00,"311,66785675197843","130,330002",2,3,2024-04-16
2024-04-16 03:00:00,"415,21040776087386","270,209991",2,3,2024-04-16
2024-04-16 04:00:00,"519,0814479504405","384,880005",2,3,2024-04-16
2024-04-16 05:00:00,"572,3535499407276","554,0",2,3,2024-04-16
2024-04-16 06:00:00,"547,2781204835303","554,0",2,3,2024-04-16
2024-04-16 07:00:00,"438,0641359989906","483,5",2,3,2024-04-16
2024-04-16 08:00:00,"236,51843075014799","380,700012",2,3,2024-04-16
2024-04-16 09:00:00,"259,6462860082737","318,109985",2,3,2024-04-16
2024-04-16 10:00:00,"169,96645120800233","298,410004",2,3,2024-04-16
2024-04-16 11:00:00,"65,54661479735303","300,049988",2,3,2024-04-16
2024-04-16 12:00:00,"181,23294923733582","313,929993",2,3,2024-04-16
2024-04-16 13:00:00,"366,97688387244193","362,049988",2,3,2024-04-16
2024-04-16 14:00:00,"235,17372511168804","385,470001",2,3,2024-04-16
2024-04-16 15:00:00,"472,10711958319416","594,359985",2,3,2024-04-16
2024-04-16 16:00:00,"525,2740936590887","693,210022",2,3,2024-04-16
2024-04-16 17:00:00,"590,9989997974758","850,400024",2,3,2024-04-16
2024-04-16 18:00:00,"614,436745191597","928,960022",2,3,2024-04-16
2024-04-16 19:00:00,"520,6026046028101","779,309998",2,3,2024-04-16
2024-04-16 20:00:00,"468,55161925208904","672,169983",2,3,2024-04-16
2024-04-16 21:00:00,"409,287195740047","627,409973",2,3,2024-04-16
2024-04-16 22:00:00,"347,40497660748656","625,48999",2,3,2024-04-16
2024-04-16 23:00:00,"303,2419444735298","625,48999",2,3,2024-04-16
2024-04-17 00:00:00,"361,13727898363226","606,919983",2,3,2024-04-17
2024-04-17 01:00:00,"304,7711923033553","614,75",2,3,2024-04-17
2024-04-17 02:00:00,"398,8379357579173","618,929993",2,3,2024-04-17
2024-04-17 03:00:00,"403,7565781456023","624,669983",2,3,2024-04-17
2024-04-17 04:00:00,"459,2026814827302","816,109985",2,3,2024-04-17
2024-04-17 05:00:00,"561,6757395916043","1268,069946",2,3,2024-04-17
2024-04-17 06:00:00,"661,0206408281578","1157,650024",2,3,2024-04-17
2024-04-17 07:00:00,"586,6885092621304","780,52002",2,3,2024-04-17
2024-04-17 08:00:00,"507,48661006009957","625,940002",2,3,2024-04-17
2024-04-17 09:00:00,"444,8980583793886","596,099976",2,3,2024-04-17
2024-04-17 10:00:00,"397,81699589740106","619,080017",2,3,2024-04-17
2024-04-17 11:00:00,"349,8327841376166","602,960022",2,3,2024-04-17
2024-04-17 12:00:00,"306,0060907256888","579,76001",2,3,2024-04-17
2024-04-17 13:00:00,"450,6107474077604","574,690002",2,3,2024-04-17
2024-04-17 14:00:00,"459,60796626316454","596,840027",2,3,2024-04-17
2024-04-17 15:00:00,"533,2378017357074","648,320007",2,3,2024-04-17
2024-04-17 16:00:00,"662,9974194148941","857,73999",2,3,2024-04-17
2024-04-17 17:00:00,"900,4326615044267","1193,089966",2,3,2024-04-17
2024-04-17 18:00:00,"970,3919029698594","1267,550049",2,3,2024-04-17
2024-04-17 19:00:00,"704,1816068706287","970,320007",2,3,2024-04-17
2024-04-17 20:00:00,"550,3395287208724","738,890015",2,3,2024-04-17
2024-04-17 21:00:00,"488,10549755625993","655,109985",2,3,2024-04-17
2024-04-17 22:00:00,"446,89167202219994","685,150024",2,3,2024-04-17
2024-04-17 23:00:00,"426,7691666949947","652,23999",2,3,2024-04-17
2024-04-18 00:00:00,"413,9888523581209","660,52002",2,3,2024-04-18
2024-04-18 01:00:00,"395,62183069606345","654,780029",2,3,2024-04-18
2024-04-18 02:00:00,"379,3586553833856","668,580017",2,3,2024-04-18
2024-04-18 03:00:00,"388,2465552745996","697,380005",2,3,2024-04-18
2024-04-18 04:00:00,"441,3627081714427","909,349976",2,3,2024-04-18
2024-04-18 05:00:00,"483,6337940851992","1162,430054",2,3,2024-04-18
2024-04-18 06:00:00,"497,3479562066711","978,809998",2,3,2024-04-18
2024-04-18 07:00:00,"416,63075951237664","754,460022",2,3,2024-04-18
2024-04-18 08:00:00,"309,96851053955413","673,059998",2,3,2024-04-18
2024-04-18 09:00:00,"331,47662655431327","625,76001",2,3,2024-04-18
2024-04-18 10:00:00,"206,0860589502641","601,659973",2,3,2024-04-18
2024-04-18 11:00:00,"271,21219220907955","575,98999",2,3,2024-04-18
2024-04-18 12:00:00,"160,0945684012016","544,72998",2,3,2024-04-18
2024-04-18 13:00:00,"470,75154375449677","527,48999",2,3,2024-04-18
2024-04-18 14:00:00,"296,18685543130977","528,840027",2,3,2024-04-18
2024-04-18 15:00:00,"495,58634964993297","606,799988",2,3,2024-04-18
2024-04-18 16:00:00,"546,3288679695893","701,559998",2,3,2024-04-18
2024-04-18 17:00:00,"656,7418431930971","934,419983",2,3,2024-04-18
2024-04-18 18:00:00,"675,4555765374429","961,200012",2,3,2024-04-18
2024-04-18 19:00:00,"554,6394645321479","790,27002",2,3,2024-04-18
2024-04-18 20:00:00,"484,00532573199763","670,669983",2,3,2024-04-18
2024-04-18 21:00:00,"402,00424210959955","592,179993",2,3,2024-04-18
2024-04-18 22:00:00,"352,887693184819","576,090027",2,3,2024-04-18
2024-04-18 23:00:00,"327,5244668243902","453,869995",2,3,2024-04-18
2024-04-19 00:00:00,"262,78922024862226","377,019989",2,3,2024-04-19
2024-04-19 01:00:00,"305,5003215620675","369,109985",2,3,2024-04-19
2024-04-19 02:00:00,"299,97720126538906","357,920013",2,3,2024-04-19
2024-04-19 03:00:00,"346,95507258176644","366,200012",2,3,2024-04-19
2024-04-19 04:00:00,"336,12455468219935","448,570007",2,3,2024-04-19
2024-04-19 05:00:00,"373,86609728742144","515,130005",2,3,2024-04-19
2024-04-19 06:00:00,"393,35274588061253","567,059998",2,3,2024-04-19
2024-04-19 07:00:00,"377,9908068237827","509,609985",2,3,2024-04-19
2024-04-19 08:00:00,"276,3801293205336","449,170013",2,3,2024-04-19
2024-04-19 09:00:00,"156,73646993591237","418,429993",2,3,2024-04-19
2024-04-19 10:00:00,"60,36353474205534","379,859985",2,3,2024-04-19
2024-04-19 11:00:00,"32,20299917745727","350,679993",2,3,2024-04-19
2024-04-19 12:00:00,"60,92742011113374","335,309998",2,3,2024-04-19
2024-04-19 13:00:00,"66,57517083507078","332,480011",2,3,2024-04-19
2024-04-19 14:00:00,"165,61829246206867","379,859985",2,3,2024-04-19
2024-04-19 15:00:00,"448,3151897814471","424,920013",2,3,2024-04-19
2024-04-19 16:00:00,"479,2344626708274","473,720001",2,3,2024-04-19
2024-04-19 17:00:00,"531,1961205215789","475,660004",2,3,2024-04-19
2024-04-19 18:00:00,"578,1749910499826","482,670013",2,3,2024-04-19
2024-04-19 19:00:00,"511,7489946871411","493,940002",2,3,2024-04-19
2024-04-19 20:00:00,"482,7287390610998","477,149994",2,3,2024-04-19
2024-04-19 21:00:00,"458,38054240753456","471,179993",2,3,2024-04-19
2024-04-19 22:00:00,"407,4413043694271","449,529999",2,3,2024-04-19
2024-04-19 23:00:00,"347,49497944552945","432,589996",2,3,2024-04-19
2024-04-20 00:00:00,"295,2394962983608","427,809998",2,3,2024-04-20
2024-04-20 01:00:00,"352,63955359883266","430,950012",2,3,2024-04-20
2024-04-20 02:00:00,"304,40810411681383","455,5",2,3,2024-04-20
2024-04-20 03:00:00,"393,30112864290174","468,850006",2,3,2024-04-20
2024-04-20 04:00:00,"362,3629060765979","476,98999",2,3,2024-04-20
2024-04-20 05:00:00,"344,7675602491752","507,279999",2,3,2024-04-20
2024-04-20 06:00:00,"300,1324153651364","485,350006",2,3,2024-04-20
2024-04-20 07:00:00,"305,64751766079837","446,98999",2,3,2024-04-20
2024-04-20 08:00:00,"151,63675081496535","373,48999",2,3,2024-04-20
2024-04-20 09:00:00,"152,86925546495613","286,769989",2,3,2024-04-20
2024-04-20 10:00:00,"62,68288885514468","216,179993",2,3,2024-04-20
2024-04-20 11:00:00,"0,9784609512980491","92,010002",2,3,2024-04-20
2024-04-20 12:00:00,"-45,14928508060379","78,730003",2,3,2024-04-20
2024-04-20 13:00:00,"-133,88980297027973","136,779999",2,3,2024-04-20
2024-04-20 14:00:00,"2,2879411070064135","279,160004",2,3,2024-04-20
2024-04-20 15:00:00,"352,1816788836052","468,850006",2,3,2024-04-20
2024-04-20 16:00:00,"410,15941810498373","588,77002",2,3,2024-04-20
2024-04-20 17:00:00,"476,0425266115251","668,690002",2,3,2024-04-20
2024-04-20 18:00:00,"502,5462639211886","724,140015",2,3,2024-04-20
2024-04-20 19:00:00,"385,78108564568936","673,919983",2,3,2024-04-20
2024-04-20 20:00:00,"331,5389800768268","642,280029",2,3,2024-04-20
2024-04-20 21:00:00,"245,98191204947693","618,619995",2,3,2024-04-20
2024-04-20 22:00:00,"193,88670049577212","610,679993",2,3,2024-04-20
2024-04-20 23:00:00,"458,1336505028937","526,669983",2,3,2024-04-20
2024-04-21 00:00:00,"188,96156175574356","518,76001",2,3,2024-04-21
2024-04-21 01:00:00,"376,32506247191174","480,48999",2,3,2024-04-21
2024-04-21 02:00:00,"122,04149583156183","476,609985",2,3,2024-04-21
2024-04-21 03:00:00,"406,019254610316","474,670013",2,3,2024-04-21
2024-04-21 04:00:00,"193,7661444447796","480,709991",2,3,2024-04-21
2024-04-21 05:00:00,"396,5176075346912","451,609985",2,3,2024-04-21
2024-04-21 06:00:00,"129,02657690362955","454,220001",2,3,2024-04-21
2024-04-21 07:00:00,"150,62897095925436","413,190002",2,3,2024-04-21
2024-04-21 08:00:00,"176,28383804836793","246,139999",2,3,2024-04-21
2024-04-21 09:00:00,"78,85186122101618","275,76001",2,3,2024-04-21
2024-04-21 10:00:00,"10,510365555130935","45,209999",2,3,2024-04-21
2024-04-21 11:00:00,"-25,31380346974833","2,09",2,3,2024-04-21
2024-04-21 12:00:00,"-68,63300692100471","-6,71",2,3,2024-04-21
2024-04-21 13:00:00,"-127,49041685249459","5,6",2,3,2024-04-21
2024-04-21 14:00:00,"145,98847931383827","44,84",2,3,2024-04-21
2024-04-21 15:00:00,"531,198130948204","434,380005",2,3,2024-04-21
2024-04-21 16:00:00,"610,696504875934","556,590027",2,3,2024-04-21
2024-04-21 17:00:00,"690,3196124606113","666,710022",2,3,2024-04-21
2024-04-21 18:00:00,"726,6330792852491","710,72998",2,3,2024-04-21
2024-04-21 19:00:00,"630,7503950608763","679,469971",2,3,2024-04-21
2024-04-21 20:00:00,"570,690748667526","667,080017",2,3,2024-04-21
2024-04-21 21:00:00,"491,1947919178148","660,0",2,3,2024-04-21
2024-04-21 22:00:00,"450,7230057673802","589,190002",2,3,2024-04-21
2024-04-21 23:00:00,"454,8706421000763","582,330017",2,3,2024-04-21
2024-04-22 00:00:00,"424,0854937366236","585,23999",2,4,2024-04-22
2024-04-22 01:00:00,"389,73734086818706","596,280029",2,4,2024-04-22
2024-04-22 02:00:00,"365,0730387226727","595,309998",2,4,2024-04-22
2024-04-22 03:00:00,"368,05918135806354","652,830017",2,4,2024-04-22
2024-04-22 04:00:00,"548,249647332988","790,109985",2,4,2024-04-22
2024-04-22 05:00:00,"828,6188276023163","975,820007",2,4,2024-04-22
2024-04-22 06:00:00,"739,9542500959775","876,359985",2,4,2024-04-22
2024-04-22 07:00:00,"562,250567098792","724,090027",2,4,2024-04-22
2024-04-22 08:00:00,"478,15174438002845","610,75",2,4,2024-04-22
2024-04-22 09:00:00,"371,5078965893124","606,130005",2,4,2024-04-22
2024-04-22 10:00:00,"276,2025521417037","574,869995",2,4,2024-04-22
2024-04-22 11:00:00,"213,0213211782501","549,650024",2,4,2024-04-22
2024-04-22 12:00:00,"172,4460309528046","553,080017",2,4,2024-04-22
2024-04-22 13:00:00,"169,34417588451817","559,650024",2,4,2024-04-22
2024-04-22 14:00:00,"223,54730294572659","536,440002",2,4,2024-04-22
2024-04-22 15:00:00,"329,74193483189555","722,150024",2,4,2024-04-22
2024-04-22 16:00:00,"495,04199345644594","881,880005",2,4,2024-04-22
2024-04-22 17:00:00,"583,3047785302896","1223,969971",2,4,2024-04-22
2024-04-22 18:00:00,"551,3187950920197","1275,52002",2,4,2024-04-22
2024-04-22 19:00:00,"471,77585831305737","970,299988",2,4,2024-04-22
2024-04-22 20:00:00,"351,0113495143122","789,140015",2,4,2024-04-22
2024-04-22 21:00:00,"249,32500851347646","723,640015",2,4,2024-04-22
2024-04-22 22:00:00,"207,30912156919823","658,969971",2,4,2024-04-22
2024-04-22 23:00:00,"142,41430922755828","646,809998",2,4,2024-04-22
2024-04-23 00:00:00,"128,18090821725784","641,289978",2,4,2024-04-23
2024-04-23 01:00:00,"121,75739257448447","637,340027",2,4,2024-04-23
2024-04-23 02:00:00,"145,3819200243034","644,280029",2,4,2024-04-23
2024-04-23 03:00:00,"281,8795852919185","728,890015",2,4,2024-04-23
2024-04-23 04:00:00,"429,8247898626605","905,789978",2,4,2024-04-23
2024-04-23 05:00:00,"528,1601837651104","1352,420044",2,4,2024-04-23
2024-04-23 06:00:00,"527,05177991474","1016,820007",2,4,2024-04-23
2024-04-23 07:00:00,"410,8229435232273","734,030029",2,4,2024-04-23
2024-04-23 08:00:00,"244,25958272873524","618,309998",2,4,2024-04-23
2024-04-23 09:00:00,"200,37125227522102","576,450012",2,4,2024-04-23
2024-04-23 10:00:00,"201,82817536366136","577,950012",2,4,2024-04-23
2024-04-23 11:00:00,"94,96135695693894","592,27002",2,4,2024-04-23
2024-04-23 12:00:00,"97,48851924174936","586,599976",2,4,2024-04-23
2024-04-23 13:00:00,"190,5286040866961","597,049988",2,4,2024-04-23
2024-04-23 14:00:00,"272,0055077124557","619,429993",2,4,2024-04-23
2024-04-23 15:00:00,"404,471001404666","671,289978",2,4,2024-04-23
2024-04-23 16:00:00,"524,6524466141539","764,030029",2,4,2024-04-23
2024-04-23 17:00:00,"622,8555698615407","917,799988",2,4,2024-04-23
2024-04-23 18:00:00,"675,9320261659292","933,169983",2,4,2024-04-23
2024-04-23 19:00:00,"541,7804087355386","784,169983",2,4,2024-04-23
2024-04-23 20:00:00,"474,32035637181775","691,880005",2,4,2024-04-23
2024-04-23 21:00:00,"426,15329786833854","608,460022",2,4,2024-04-23
2024-04-23 22:00:00,"364,3619473661484","600,929993",2,4,2024-04-23
2024-04-23 23:00:00,"307,19626546835735","569,150024",2,4,2024-04-23
2024-04-24 00:00:00,"302,3367183261791","566,090027",2,4,2024-04-24
2024-04-24 01:00:00,"306,34731944966853","545,130005",2,4,2024-04-24
2024-04-24 02:00:00,"365,19289249238994","567,289978",2,4,2024-04-24
2024-04-24 03:00:00,"406,1877569048886","610,47998",2,4,2024-04-24
2024-04-24 04:00:00,"510,08907917028625","758,419983",2,4,2024-04-24
2024-04-24 05:00:00,"691,2355744608811","956,200012",2,4,2024-04-24
2024-04-24 06:00:00,"732,6557113590861","798,780029",2,4,2024-04-24
2024-04-24 07:00:00,"665,8038486795025","684,940002",2,4,2024-04-24
2024-04-24 08:00:00,"594,9158067852362","676,960022",2,4,2024-04-24
2024-04-24 09:00:00,"519,3662276180883","659,130005",2,4,2024-04-24
2024-04-24 10:00:00,"502,67207641838417","616,22998",2,4,2024-04-24
2024-04-24 11:00:00,"443,27635905076136","597,5",2,4,2024-04-24
2024-04-24 12:00:00,"360,66714683091783","570,940002",2,4,2024-04-24
2024-04-24 13:00:00,"367,32452139042414","602,130005",2,4,2024-04-24
2024-04-24 14:00:00,"423,52551423105365","605,190002",2,4,2024-04-24
2024-04-24 15:00:00,"507,3836041860936","646,070007",2,4,2024-04-24
2024-04-24 16:00:00,"614,1067150729416","757,530029",2,4,2024-04-24
2024-04-24 17:00:00,"924,9744848377833","1008,640015",2,4,2024-04-24
2024-04-24 18:00:00,"1038,6266672839754","1070,119995",2,4,2024-04-24
2024-04-24 19:00:00,"797,6263269031301","903,900024",2,4,2024-04-24
2024-04-24 20:00:00,"610,4575490334064","785,650024",2,4,2024-04-24
2024-04-24 21:00:00,"523,5630144682","673,0",2,4,2024-04-24
2024-04-24 22:00:00,"495,1251115496677","622,700012",2,4,2024-04-24
2024-04-24 23:00:00,"469,45349451615743","596,599976",2,4,2024-04-24
2024-04-25 00:00:00,"443,5776001582034","576,97998",2,4,2024-04-25
2024-04-25 01:00:00,"416,0191929254959","567,140015",2,4,2024-04-25
2024-04-25 02:00:00,"402,3743413067366","561,099976",2,4,2024-04-25
2024-04-25 03:00:00,"395,22679497283843","626,580017",2,4,2024-04-25
2024-04-25 04:00:00,"517,9358916581684","763,940002",2,4,2024-04-25
2024-04-25 05:00:00,"657,7194768828736","962,390015",2,4,2024-04-25
2024-04-25 06:00:00,"624,6915802011583","840,530029",2,4,2024-04-25
2024-04-25 07:00:00,"475,8410910974507","686,830017",2,4,2024-04-25
2024-04-25 08:00:00,"402,01866356035913","596,669983",2,4,2024-04-25
2024-04-25 09:00:00,"349,44762806331636","583,169983",2,4,2024-04-25
2024-04-25 10:00:00,"328,5824690509388","551,26001",2,4,2024-04-25
2024-04-25 11:00:00,"311,55013729806643","512,099976",2,4,2024-04-25
2024-04-25 12:00:00,"299,2862379988147","495,25",2,4,2024-04-25
2024-04-25 13:00:00,"351,18743994712975","516,950012",2,4,2024-04-25
2024-04-25 14:00:00,"402,82649987438145","542,97998",2,4,2024-04-25
2024-04-25 15:00:00,"484,8846917206801","595,700012",2,4,2024-04-25
2024-04-25 16:00:00,"563,726106386328","709,72998",2,4,2024-04-25
2024-04-25 17:00:00,"690,7223755826814","1052,170044",2,4,2024-04-25
2024-04-25 18:00:00,"753,5072461572138","1135,699951",2,4,2024-04-25
2024-04-25 19:00:00,"674,1200411066288","847,98999",2,4,2024-04-25
2024-04-25 20:00:00,"562,5770977716587","681,23999",2,4,2024-04-25
2024-04-25 21:00:00,"504,9466471042917","594,659973",2,4,2024-04-25
2024-04-25 22:00:00,"491,7040370841696","595,719971",2,4,2024-04-25
2024-04-25 23:00:00,"444,2160598111168","551,929993",2,4,2024-04-25
2024-04-26 00:00:00,"387,0650706892912","553,429993",2,4,2024-04-26
2024-04-26 01:00:00,"371,8146693575402","552,460022",2,4,2024-04-26
2024-04-26 02:00:00,"345,6539592637744","575,049988",2,4,2024-04-26
2024-04-26 03:00:00,"344,6492931875293","618,909973",2,4,2024-04-26
2024-04-26 04:00:00,"458,52899828448835","697,380005",2,4,2024-04-26
2024-04-26 05:00:00,"543,6756740660668","776,140015",2,4,2024-04-26
2024-04-26 06:00:00,"556,8926021374461","716,469971",2,4,2024-04-26
2024-04-26 07:00:00,"494,74114169161766","604,73999",2,4,2024-04-26
2024-04-26 08:00:00,"354,02420459601655","580,349976",2,4,2024-04-26
2024-04-26 09:00:00,"225,95998599370606","544,099976",2,4,2024-04-26
2024-04-26 10:00:00,"116,337368694117","524,710022",2,4,2024-04-26
2024-04-26 11:00:00,"88,38018812894266","512,700012",2,4,2024-04-26
2024-04-26 12:00:00,"54,674194383781234","487,570007",2,4,2024-04-26
2024-04-26 13:00:00,"68,86033201388082","521,5",2,4,2024-04-26
2024-04-26 14:00:00,"127,36608520237338","534,780029",2,4,2024-04-26
2024-04-26 15:00:00,"338,6675581297307","600,119995",2,4,2024-04-26
2024-04-26 16:00:00,"423,138408568153","700,210022",2,4,2024-04-26
2024-04-26 17:00:00,"496,211251634025","959,25",2,4,2024-04-26
2024-04-26 18:00:00,"547,3625505809465","1018,539978",2,4,2024-04-26
2024-04-26 19:00:00,"493,61962665771364","820,440002",2,4,2024-04-26
2024-04-26 20:00:00,"456,456750241608","691,47998",2,4,2024-04-26
2024-04-26 21:00:00,"427,41521476822294","658,289978",2,4,2024-04-26
2024-04-26 22:00:00,"368,9974564860991","673,330017",2,4,2024-04-26
2024-04-26 23:00:00,"330,6580272149026","662,960022",2,4,2024-04-26
2024-04-27 00:00:00,"308,6899009691698","645,72998",2,4,2024-04-27
2024-04-27 01:00:00,"299,25445087354626","663,929993",2,4,2024-04-27
2024-04-27 02:00:00,"311,4397051818452","653,940002",2,4,2024-04-27
2024-04-27 03:00:00,"328,2458442324824","625,52002",2,4,2024-04-27
2024-04-27 04:00:00,"362,97547210504206","641,929993",2,4,2024-04-27
2024-04-27 05:00:00,"364,2594320090084","589,429993",2,4,2024-04-27
2024-04-27 06:00:00,"339,46251896877806","511,950012",2,4,2024-04-27
2024-04-27 07:00:00,"286,15606427216363","440,51001",2,4,2024-04-27
2024-04-27 08:00:00,"188,0984354133088","284,950012",2,4,2024-04-27
2024-04-27 09:00:00,"106,97082330916244","194,559998",2,4,2024-04-27
2024-04-27 10:00:00,"34,526300380962105","294,640015",2,4,2024-04-27
2024-04-27 11:00:00,"-65,67227468901129","308,809998",2,4,2024-04-27
2024-04-27 12:00:00,"-181,72880352661917","182,710007",2,4,2024-04-27
2024-04-27 13:00:00,"-189,43908312864986","75,019997",2,4,2024-04-27
2024-04-27 14:00:00,"-7,218100607256095","156,080002",2,4,2024-04-27
2024-04-27 15:00:00,"191,0187863217308","463,700012",2,4,2024-04-27
2024-04-27 16:00:00,"423,5776804315087","642,679993",2,4,2024-04-27
2024-04-27 17:00:00,"550,730421293762","894,140015",2,4,2024-04-27
2024-04-27 18:00:00,"560,6561137699326","837,23999",2,4,2024-04-27
2024-04-27 19:00:00,"418,069056498249","633,880005",2,4,2024-04-27
2024-04-27 20:00:00,"344,9278689533671","566,01001",2,4,2024-04-27
2024-04-27 21:00:00,"250,21430658031775","486,440002",2,4,2024-04-27
2024-04-27 22:00:00,"200,00468476107707","420,570007",2,4,2024-04-27
2024-04-27 23:00:00,"147,36129254301352","344,119995",2,4,2024-04-27
2024-04-28 00:00:00,"132,6165385738479","295,350006",2,4,2024-04-28
2024-04-28 01:00:00,"128,94816862410252","235,309998",2,4,2024-04-28
2024-04-28 02:00:00,"129,68150820248408","205,850006",2,4,2024-04-28
2024-04-28 03:00:00,"136,82238787396815","194,289993",2,4,2024-04-28
2024-04-28 04:00:00,"168,89416923850135","74,209999",2,4,2024-04-28
2024-04-28 05:00:00,"160,7561421353904","1,86",2,4,2024-04-28
2024-04-28 06:00:00,"130,7884923405381","1,94",2,4,2024-04-28
2024-04-28 07:00:00,"96,74432037881634","1,64",2,4,2024-04-28
2024-04-28 08:00:00,"24,594077999114777","0,0",2,4,2024-04-28
2024-04-28 09:00:00,"-11,342355039309997","-7,16",2,4,2024-04-28
2024-04-28 10:00:00,"-162,44074554805366","-18,049999",2,4,2024-04-28
2024-04-28 11:00:00,"-233,38920749518542","-18,65",2,4,2024-04-28
2024-04-28 12:00:00,"-199,82091990572528","-18,790001",2,4,2024-04-28
2024-04-28 13:00:00,"-121,69175675718633","-15,66",2,4,2024-04-28
2024-04-28 14:00:00,"-46,79400733642031","-15,51",2,4,2024-04-28
2024-04-28 15:00:00,"137,91497703705278","-0,15",2,4,2024-04-28
2024-04-28 16:00:00,"422,50208694313875","189,289993",2,4,2024-04-28
2024-04-28 17:00:00,"520,2531806477958","517,299988",2,4,2024-04-28
2024-04-28 18:00:00,"582,3066987640385","577,640015",2,4,2024-04-28
2024-04-28 19:00:00,"494,38877152061514","583,159973",2,4,2024-04-28
2024-04-28 20:00:00,"431,2446471350269","468,079987",2,4,2024-04-28
2024-04-28 21:00:00,"395,92883049405503","417,890015",2,4,2024-04-28
2024-04-28 22:00:00,"352,7005422339075","306,529999",2,4,2024-04-28
2024-04-28 23:00:00,"353,7055129931911","370,75",2,4,2024-04-28
2024-07-01 00:00:00,"525,0386639754518","583,150024",3,1,2024-07-01
2024-07-01 01:00:00,"535,028671108429","581,809998",3,1,2024-07-01
2024-07-01 02:00:00,"534,0715232305174","564,059998",3,1,2024-07-01
2024-07-01 03:00:00,"595,5938974785469","602,76001",3,1,2024-07-01
2024-07-01 04:00:00,"828,8157257745378","907,349976",3,1,2024-07-01
2024-07-01 05:00:00,"1058,570908964006","1018,109985",3,1,2024-07-01
2024-07-01 06:00:00,"913,2196472320248","963,590027",3,1,2024-07-01
2024-07-01 07:00:00,"652,2629561750084","841,27002",3,1,2024-07-01
2024-07-01 08:00:00,"509,73205305217334","750,289978",3,1,2024-07-01
2024-07-01 09:00:00,"420,27429630367584","642,070007",3,1,2024-07-01
2024-07-01 10:00:00,"353,09709213677155","493,200012",3,1,2024-07-01
2024-07-01 11:00:00,"285,75912247884924","318,609985",3,1,2024-07-01
2024-07-01 12:00:00,"308,5442606127757","258,5",3,1,2024-07-01
2024-07-01 13:00:00,"364,0477701492503","242,759995",3,1,2024-07-01
2024-07-01 14:00:00,"398,8170138864904","231,649994",3,1,2024-07-01
2024-07-01 15:00:00,"518,1657872264669","410,200012",3,1,2024-07-01
2024-07-01 16:00:00,"697,446801177939","538,77002",3,1,2024-07-01
2024-07-01 17:00:00,"990,4678004735964","733,72998",3,1,2024-07-01
2024-07-01 18:00:00,"1311,3427701258308","791,080017",3,1,2024-07-01
2024-07-01 19:00:00,"1185,4643385834274","939,719971",3,1,2024-07-01
2024-07-01 20:00:00,"922,4291509978273","782,580017",3,1,2024-07-01
2024-07-01 21:00:00,"667,1962097215123","653,700012",3,1,2024-07-01
2024-07-01 22:00:00,"568,0990054303248","593,919983",3,1,2024-07-01
2024-07-01 23:00:00,"533,0732451461703","462,350006",3,1,2024-07-01
2024-07-02 00:00:00,"530,1904089405585","375,829987",3,1,2024-07-02
2024-07-02 01:00:00,"522,6885528417635","402,829987",3,1,2024-07-02
2024-07-02 02:00:00,"538,2384966406601","343,98999",3,1,2024-07-02
2024-07-02 03:00:00,"582,5295732975057","379,040009",3,1,2024-07-02
2024-07-02 04:00:00,"783,3772259338581","518,070007",3,1,2024-07-02
2024-07-02 05:00:00,"827,3592880588546","496,140015",3,1,2024-07-02
2024-07-02 06:00:00,"710,9619629474698","611,299988",3,1,2024-07-02
2024-07-02 07:00:00,"537,2756678543858","498,970001",3,1,2024-07-02
2024-07-02 08:00:00,"401,7877898011728","293,119995",3,1,2024-07-02
2024-07-02 09:00:00,"271,1569204996248","265,369995",3,1,2024-07-02
2024-07-02 10:00:00,"198,71027344245286","263,51001",3,1,2024-07-02
2024-07-02 11:00:00,"141,15072701121994","257,98999",3,1,2024-07-02
2024-07-02 12:00:00,"438,20101551278503","252,990005",3,1,2024-07-02
2024-07-02 13:00:00,"265,8395398263012","243,070007",3,1,2024-07-02
2024-07-02 14:00:00,"363,93543469400214","249,410004",3,1,2024-07-02
2024-07-02 15:00:00,"483,7505310352414","262,170013",3,1,2024-07-02
2024-07-02 16:00:00,"667,7646991162031","261,720001",3,1,2024-07-02
2024-07-02 17:00:00,"852,8498111853444","267,160004",3,1,2024-07-02
2024-07-02 18:00:00,"907,121840873903","311,98999",3,1,2024-07-02
2024-07-02 19:00:00,"811,3281887036248","436,920013",3,1,2024-07-02
2024-07-02 20:00:00,"705,8210177746531","345,779999",3,1,2024-07-02
2024-07-02 21:00:00,"657,7055190342004","301,100006",3,1,2024-07-02
2024-07-02 22:00:00,"657,9785934589304","277,459991",3,1,2024-07-02
2024-07-02 23:00:00,"573,0652451023756","268,809998",3,1,2024-07-02
2024-07-03 00:00:00,"552,3060454199065","267,23999",3,1,2024-07-03
2024-07-03 01:00:00,"592,7326976235161","270,380005",3,1,2024-07-03
2024-07-03 02:00:00,"662,4396619890108","288,649994",3,1,2024-07-03
2024-07-03 03:00:00,"898,6756380436325","439,309998",3,1,2024-07-03
2024-07-03 04:00:00,"1507,8397818201952","647,929993",3,1,2024-07-03
2024-07-03 05:00:00,"1874,0232385972845","729,599976",3,1,2024-07-03
2024-07-03 06:00:00,"1458,0267154020576","771,669983",3,1,2024-07-03
2024-07-03 07:00:00,"701,9776852693221","416,709991",3,1,2024-07-03
2024-07-03 08:00:00,"467,38036551865315","323,029999",3,1,2024-07-03
2024-07-03 09:00:00,"380,9353047042193","298,119995",3,1,2024-07-03
2024-07-03 10:00:00,"273,8564230711085","291,859985",3,1,2024-07-03
2024-07-03 11:00:00,"268,3428439151775","296,179993",3,1,2024-07-03
2024-07-03 12:00:00,"223,32227198276547","306,100006",3,1,2024-07-03
2024-07-03 13:00:00,"260,92415633123693","317,220001",3,1,2024-07-03
2024-07-03 14:00:00,"322,3992392497014","376,660004",3,1,2024-07-03
2024-07-03 15:00:00,"487,60995641939024","590,5",3,1,2024-07-03
2024-07-03 16:00:00,"840,8399673511152","697,830017",3,1,2024-07-03
2024-07-03 17:00:00,"1483,9648468576368","831,27002",3,1,2024-07-03
2024-07-03 18:00:00,"2244,4471203190274","1149,969971",3,1,2024-07-03
2024-07-03 19:00:00,"2906,676466398035","784,130005",3,1,2024-07-03
2024-07-03 20:00:00,"1562,8593663550025","655,23999",3,1,2024-07-03
2024-07-03 21:00:00,"1574,5032951231544","513,900024",3,1,2024-07-03
2024-07-03 22:00:00,"857,461130196738","436,329987",3,1,2024-07-03
2024-07-03 23:00:00,"641,6378527679171","228,75",3,1,2024-07-03
2024-07-04 00:00:00,"561,0359238130883","154,240005",3,1,2024-07-04
2024-07-04 01:00:00,"562,531346950878","130,149994",3,1,2024-07-04
2024-07-04 02:00:00,"512,7181323428607","70,779999",3,1,2024-07-04
2024-07-04 03:00:00,"476,69590680237565","74,730003",3,1,2024-07-04
2024-07-04 04:00:00,"622,8939483255979","197,429993",3,1,2024-07-04
2024-07-04 05:00:00,"832,493738609969","223,759995",3,1,2024-07-04
2024-07-04 06:00:00,"814,1092836306112","235,910004",3,1,2024-07-04
2024-07-04 07:00:00,"630,772075106387","168,940002",3,1,2024-07-04
2024-07-04 08:00:00,"447,8995895480376","14,17",3,1,2024-07-04
2024-07-04 09:00:00,"386,49046767468417","0,0",3,1,2024-07-04
2024-07-04 10:00:00,"346,70492694498114","-0,3",3,1,2024-07-04
2024-07-04 11:00:00,"314,91360097593156","-37,52",3,1,2024-07-04
2024-07-04 12:00:00,"352,80388432100096","-142,380005",3,1,2024-07-04
2024-07-04 13:00:00,"355,0114459318062","-100,470001",3,1,2024-07-04
2024-07-04 14:00:00,"352,97729734806217","-39,599998",3,1,2024-07-04
2024-07-04 15:00:00,"476,3338664848927","-0,22",3,1,2024-07-04
2024-07-04 16:00:00,"608,7544891192855","50,490002",3,1,2024-07-04
2024-07-04 17:00:00,"911,9267454749296","216,300003",3,1,2024-07-04
2024-07-04 18:00:00,"1366,478175291807","336,160004",3,1,2024-07-04
2024-07-04 19:00:00,"1233,332826970406","289,320007",3,1,2024-07-04
2024-07-04 20:00:00,"886,8064556661641","288,5",3,1,2024-07-04
2024-07-04 21:00:00,"706,2417414997278","284,170013",3,1,2024-07-04
2024-07-04 22:00:00,"610,6385549824055","51,610001",3,1,2024-07-04
2024-07-04 23:00:00,"536,3522035770069","36,02",3,1,2024-07-04
2024-07-05 00:00:00,"523,0106733465076","29,83",3,1,2024-07-05
2024-07-05 01:00:00,"483,89962062002957","19,91",3,1,2024-07-05
2024-07-05 02:00:00,"485,87498675291533","21,780001",3,1,2024-07-05
2024-07-05 03:00:00,"525,7937167980101","42,66",3,1,2024-07-05
2024-07-05 04:00:00,"550,9611561373702","149,100006",3,1,2024-07-05
2024-07-05 05:00:00,"623,9275947741895","216,970001",3,1,2024-07-05
2024-07-05 06:00:00,"588,8759346907032","234,720001",3,1,2024-07-05
2024-07-05 07:00:00,"543,7495262169996","138,429993",3,1,2024-07-05
2024-07-05 08:00:00,"436,9249234439119","22,0",3,1,2024-07-05
2024-07-05 09:00:00,"326,74819444413276","3,06",3,1,2024-07-05
2024-07-05 10:00:00,"282,4767975965326","-0,3",3,1,2024-07-05
2024-07-05 11:00:00,"243,85799643881455","-4,1",3,1,2024-07-05
2024-07-05 12:00:00,"256,0468422713409","-5,74",3,1,2024-07-05
2024-07-05 13:00:00,"242,7041024782974","-0,22",3,1,2024-07-05
2024-07-05 14:00:00,"263,3560794949257","14,4",3,1,2024-07-05
2024-07-05 15:00:00,"359,51454137143816","125,379997",3,1,2024-07-05
2024-07-05 16:00:00,"429,41140243516867","186,839996",3,1,2024-07-05
2024-07-05 17:00:00,"467,38154058797306","273,730011",3,1,2024-07-05
2024-07-05 18:00:00,"541,5085937997123","282,01001",3,1,2024-07-05
2024-07-05 19:00:00,"583,8462048631842","447,959991",3,1,2024-07-05
2024-07-05 20:00:00,"545,118609545083","618,02002",3,1,2024-07-05
2024-07-05 21:00:00,"540,4501339015609","633,609985",3,1,2024-07-05
2024-07-05 22:00:00,"546,2441990196513","637,890015",3,1,2024-07-05
2024-07-05 23:00:00,"456,4817039955543","492,73999",3,1,2024-07-05
2024-07-06 00:00:00,"470,982848497697","473,799988",3,1,2024-07-06
2024-07-06 01:00:00,"448,7347075773239","346,540009",3,1,2024-07-06
2024-07-06 02:00:00,"415,97538046741494","288,070007",3,1,2024-07-06
2024-07-06 03:00:00,"355,69902946999827","117,029999",3,1,2024-07-06
2024-07-06 04:00:00,"332,2108752123622","42,740002",3,1,2024-07-06
2024-07-06 05:00:00,"303,3403943777829","40,049999",3,1,2024-07-06
2024-07-06 06:00:00,"264,9069248174848","25,360001",3,1,2024-07-06
2024-07-06 07:00:00,"159,79784702623158","2,39",3,1,2024-07-06
2024-07-06 08:00:00,"167,7590114063275","-0,3",3,1,2024-07-06
2024-07-06 09:00:00,"162,2283314635946","-0,15",3,1,2024-07-06
2024-07-06 10:00:00,"120,21659084067836","-0,22",3,1,2024-07-06
2024-07-06 11:00:00,"-56,27822281716076","-0,9",3,1,2024-07-06
2024-07-06 12:00:00,"-176,63241266672796","-16,26",3,1,2024-07-06
2024-07-06 13:00:00,"-263,45990436815293","-20,209999",3,1,2024-07-06
2024-07-06 14:00:00,"61,106519534507534","-4,48",3,1,2024-07-06
2024-07-06 15:00:00,"313,9232945634426","-0,45",3,1,2024-07-06
2024-07-06 16:00:00,"489,6232652818624","14,02",3,1,2024-07-06
2024-07-06 17:00:00,"576,5099053026323","1,64",3,1,2024-07-06
2024-07-06 18:00:00,"620,9277799707661","49,900002",3,1,2024-07-06
2024-07-06 19:00:00,"528,4118392123306","70,110001",3,1,2024-07-06
2024-07-06 20:00:00,"441,38633031122396","134,259995",3,1,2024-07-06
2024-07-06 21:00:00,"360,24350788166487","104,580002",3,1,2024-07-06
2024-07-06 22:00:00,"311,1724907585737","-0,22",3,1,2024-07-06
2024-07-06 23:00:00,"290,8563202383872","-0,75",3,1,2024-07-06
2024-07-07 00:00:00,"296,4657454390246","-5,97",3,1,2024-07-07
2024-07-07 01:00:00,"277,30292407112165","-3,58",3,1,2024-07-07
2024-07-07 02:00:00,"263,0735864946743","-0,45",3,1,2024-07-07
2024-07-07 03:00:00,"261,65589516283376","-0,07",3,1,2024-07-07
2024-07-07 04:00:00,"253,6845445435934","-0,07",3,1,2024-07-07
2024-07-07 05:00:00,"145,84531272558897","-0,07",3,1,2024-07-07
2024-07-07 06:00:00,"158,6581060643451","-4,47",3,1,2024-07-07
2024-07-07 07:00:00,"152,34822242259125","-48,400002",3,1,2024-07-07
2024-07-07 08:00:00,"127,72432565550146","-74,43",3,1,2024-07-07
2024-07-07 09:00:00,"94,64103378898623","-89,800003",3,1,2024-07-07
2024-07-07 10:00:00,"91,75028181681277","-100,610001",3,1,2024-07-07
2024-07-07 11:00:00,"-118,95668010286686","-112,019997",3,1,2024-07-07
2024-07-07 12:00:00,"-268,42259564892976","-156,470001",3,1,2024-07-07
2024-07-07 13:00:00,"-245,28925005771967","-90,989998",3,1,2024-07-07
2024-07-07 14:00:00,"18,4359904579458","-45,939999",3,1,2024-07-07
2024-07-07 15:00:00,"338,77604112247053","-0,6",3,1,2024-07-07
2024-07-07 16:00:00,"430,59765078599605","477,23999",3,1,2024-07-07
2024-07-07 17:00:00,"563,584844868619","673,23999",3,1,2024-07-07
2024-07-07 18:00:00,"820,1917107288159","890,48999",3,1,2024-07-07
2024-07-07 19:00:00,"849,5959405173444","947,549988",3,1,2024-07-07
2024-07-07 20:00:00,"803,939883466798","859,169983",3,1,2024-07-07
2024-07-07 21:00:00,"709,1972717590094","724,400024",3,1,2024-07-07
2024-07-07 22:00:00,"671,2788891242986","608,72998",3,1,2024-07-07
2024-07-07 23:00:00,"585,7240707057288","571,659973",3,1,2024-07-07
2024-07-08 00:00:00,"536,9148065496137","552,48999",3,2,2024-07-08
2024-07-08 01:00:00,"534,1047639297047","579,640015",3,2,2024-07-08
2024-07-08 02:00:00,"536,8736289998958","568,900024",3,2,2024-07-08
2024-07-08 03:00:00,"627,3496296101381","592,469971",3,2,2024-07-08
2024-07-08 04:00:00,"855,9734586419229","820,390015",3,2,2024-07-08
2024-07-08 05:00:00,"993,2128399948787","924,580017",3,2,2024-07-08
2024-07-08 06:00:00,"888,0248919447101","750,580017",3,2,2024-07-08
2024-07-08 07:00:00,"662,7090731956793","578,820007",3,2,2024-07-08
2024-07-08 08:00:00,"548,552607499008","402,209991",3,2,2024-07-08
2024-07-08 09:00:00,"442,80502679757234","286,609985",3,2,2024-07-08
2024-07-08 10:00:00,"368,0642110850714","237,089996",3,2,2024-07-08
2024-07-08 11:00:00,"304,3027624218733","219,639999",3,2,2024-07-08
2024-07-08 12:00:00,"283,03462438037235","220,460007",3,2,2024-07-08
2024-07-08 13:00:00,"330,92373213981756","274,079987",3,2,2024-07-08
2024-07-08 14:00:00,"388,2807347962959","477,320007",3,2,2024-07-08
2024-07-08 15:00:00,"547,1409165785376","598,140015",3,2,2024-07-08
2024-07-08 16:00:00,"730,2068342865086","765,419983",3,2,2024-07-08
2024-07-08 17:00:00,"971,0775861477227","1006,840027",3,2,2024-07-08
2024-07-08 18:00:00,"1494,2075655832307","1857,140015",3,2,2024-07-08
2024-07-08 19:00:00,"1201,1963433052053","1295,390015",3,2,2024-07-08
2024-07-08 20:00:00,"923,4177096291095","847,609985",3,2,2024-07-08
2024-07-08 21:00:00,"683,7004816707353","686,289978",3,2,2024-07-08
2024-07-08 22:00:00,"662,4504602888252","787,049988",3,2,2024-07-08
2024-07-08 23:00:00,"625,1135257081152","715,73999",3,2,2024-07-08
2024-07-09 00:00:00,"596,7005471505831","694,26001",3,2,2024-07-09
2024-07-09 01:00:00,"580,8089860629508","679,789978",3,2,2024-07-09
2024-07-09 02:00:00,"581,6614262112548","653,840027",3,2,2024-07-09
2024-07-09 03:00:00,"624,4489923897979","722,22998",3,2,2024-07-09
2024-07-09 04:00:00,"842,4822231307942","830,76001",3,2,2024-07-09
2024-07-09 05:00:00,"879,7121484884118","773,919983",3,2,2024-07-09
2024-07-09 06:00:00,"730,5974467752537","701,119995",3,2,2024-07-09
2024-07-09 07:00:00,"606,5223851940667","501,679993",3,2,2024-07-09
2024-07-09 08:00:00,"501,2541565404857","347,799988",3,2,2024-07-09
2024-07-09 09:00:00,"369,5301094119961","251,440002",3,2,2024-07-09
2024-07-09 10:00:00,"288,1607209018025","163,720001",3,2,2024-07-09
2024-07-09 11:00:00,"305,2080664727808","119,190002",3,2,2024-07-09
2024-07-09 12:00:00,"300,3468579603363","32,369999",3,2,2024-07-09
2024-07-09 13:00:00,"309,8818688398375","82,639999",3,2,2024-07-09
2024-07-09 14:00:00,"394,19565049678783","400,76001",3,2,2024-07-09
2024-07-09 15:00:00,"499,36551143224176","609,309998",3,2,2024-07-09
2024-07-09 16:00:00,"711,8491328056849","740,429993",3,2,2024-07-09
2024-07-09 17:00:00,"935,090207412339","822,47998",3,2,2024-07-09
2024-07-09 18:00:00,"1035,776396536227","841,349976",3,2,2024-07-09
2024-07-09 19:00:00,"906,4198054621021","748,26001",3,2,2024-07-09
2024-07-09 20:00:00,"752,5487363221532","338,779999",3,2,2024-07-09
2024-07-09 21:00:00,"653,2482510079279","301,779999",3,2,2024-07-09
2024-07-09 22:00:00,"733,7413661851614","243,110001",3,2,2024-07-09
2024-07-09 23:00:00,"704,9986574003484","246,089996",3,2,2024-07-09
2024-07-10 00:00:00,"694,7666819479253","224,009995",3,2,2024-07-10
2024-07-10 01:00:00,"790,9565830630326","214,320007",3,2,2024-07-10
2024-07-10 02:00:00,"1152,935166295385","223,789993",3,2,2024-07-10
2024-07-10 03:00:00,"1683,8445861902073","243,779999",3,2,2024-07-10
2024-07-10 04:00:00,"4303,822573601608","300,700012",3,2,2024-07-10
2024-07-10 05:00:00,"2509,1545510833403","325,089996",3,2,2024-07-10
2024-07-10 06:00:00,"1481,3602849375714","622,809998",3,2,2024-07-10
2024-07-10 07:00:00,"798,6495950772114","586,109985",3,2,2024-07-10
2024-07-10 08:00:00,"585,1116020145066","484,880005",3,2,2024-07-10
2024-07-10 09:00:00,"390,8752731686194","416,029999",3,2,2024-07-10
2024-07-10 10:00:00,"283,12939532827835","351,570007",3,2,2024-07-10
2024-07-10 11:00:00,"275,104254167297","304,059998",3,2,2024-07-10
2024-07-10 12:00:00,"235,94530720495058","392,149994",3,2,2024-07-10
2024-07-10 13:00:00,"278,0683036467305","394,690002",3,2,2024-07-10
2024-07-10 14:00:00,"320,7168008225098","441,089996",3,2,2024-07-10
2024-07-10 15:00:00,"530,1224226201068","597,820007",3,2,2024-07-10
2024-07-10 16:00:00,"779,6995595203917","595,059998",3,2,2024-07-10
2024-07-10 17:00:00,"1293,1250385131718","743,880005",3,2,2024-07-10
2024-07-10 18:00:00,"1917,3718092466622","872,780029",3,2,2024-07-10
2024-07-10 19:00:00,"2406,252059001219","1122,75",3,2,2024-07-10
2024-07-10 20:00:00,"1471,6479340094822","850,179993",3,2,2024-07-10
2024-07-10 21:00:00,"1429,3832316889273","693,150024",3,2,2024-07-10
2024-07-10 22:00:00,"811,7301397119762","716,380005",3,2,2024-07-10
2024-07-10 23:00:00,"616,5176465112191","596,48999",3,2,2024-07-10
2024-07-11 00:00:00,"428,7597032226597","574,919983",3,2,2024-07-11
2024-07-11 01:00:00,"382,66915677152497","593,869995",3,2,2024-07-11
2024-07-11 02:00:00,"347,2024022380991","599,169983",3,2,2024-07-11
2024-07-11 03:00:00,"328,26500393575816","611,630005",3,2,2024-07-11
2024-07-11 04:00:00,"485,2587797957674","801,72998",3,2,2024-07-11
2024-07-11 05:00:00,"583,7833670811923","895,289978",3,2,2024-07-11
2024-07-11 06:00:00,"567,2182286855904","794,789978",3,2,2024-07-11
2024-07-11 07:00:00,"451,76211896841625","664,830017",3,2,2024-07-11
2024-07-11 08:00:00,"339,1648168605689","602,01001",3,2,2024-07-11
2024-07-11 09:00:00,"237,40567449809456","496,880005",3,2,2024-07-11
2024-07-11 10:00:00,"215,07666783919933","428,540009",3,2,2024-07-11
2024-07-11 11:00:00,"262,6831636904616","355,880005",3,2,2024-07-11
2024-07-11 12:00:00,"151,95303195195257","331,850006",3,2,2024-07-11
2024-07-11 13:00:00,"411,4182791807137","373,779999",3,2,2024-07-11
2024-07-11 14:00:00,"316,3346660451987","454,959991",3,2,2024-07-11
2024-07-11 15:00:00,"443,89805363009685","611,109985",3,2,2024-07-11
2024-07-11 16:00:00,"511,2332101222363","683,25",3,2,2024-07-11
2024-07-11 17:00:00,"646,9501424109228","872,909973",3,2,2024-07-11
2024-07-11 18:00:00,"1057,8875689411445","1375,23999",3,2,2024-07-11
2024-07-11 19:00:00,"1073,219189583231","1244,0",3,2,2024-07-11
2024-07-11 20:00:00,"824,3336023597366","907,150024",3,2,2024-07-11
2024-07-11 21:00:00,"655,7383038666234","732,049988",3,2,2024-07-11
2024-07-11 22:00:00,"566,6015644757455","764,130005",3,2,2024-07-11
2024-07-11 23:00:00,"478,6313494603969","651,400024",3,2,2024-07-11
2024-07-12 00:00:00,"461,5577467061506","609,619995",3,2,2024-07-12
2024-07-12 01:00:00,"439,4754255817161","596,710022",3,2,2024-07-12
2024-07-12 02:00:00,"400,61444615920095","570,0",3,2,2024-07-12
2024-07-12 03:00:00,"392,01343691540933","592,159973",3,2,2024-07-12
2024-07-12 04:00:00,"435,96746397900665","805,309998",3,2,2024-07-12
2024-07-12 05:00:00,"472,0914560353566","820,080017",3,2,2024-07-12
2024-07-12 06:00:00,"524,8902815909139","817,690002",3,2,2024-07-12
2024-07-12 07:00:00,"438,69017944054394","763,97998",3,2,2024-07-12
2024-07-12 08:00:00,"304,6513212905911","715,26001",3,2,2024-07-12
2024-07-12 09:00:00,"162,47038784212813","670,200012",3,2,2024-07-12
2024-07-12 10:00:00,"381,75497619299085","621,099976",3,2,2024-07-12
2024-07-12 11:00:00,"144,78745957502196","586,409973",3,2,2024-07-12
2024-07-12 12:00:00,"363,7713839492104","582,22998",3,2,2024-07-12
2024-07-12 13:00:00,"149,9566103872523","583,349976",3,2,2024-07-12
2024-07-12 14:00:00,"513,973793750577","624,159973",3,2,2024-07-12
2024-07-12 15:00:00,"319,89745391323333","589,400024",3,2,2024-07-12
2024-07-12 16:00:00,"458,5545228174419","671,840027",3,2,2024-07-12
2024-07-12 17:00:00,"598,8464194542341","720,849976",3,2,2024-07-12
2024-07-12 18:00:00,"731,6775495918175","683,400024",3,2,2024-07-12
2024-07-12 19:00:00,"768,8110612513133","705,859985",3,2,2024-07-12
2024-07-12 20:00:00,"760,5114562872967","639,090027",3,2,2024-07-12
2024-07-12 21:00:00,"658,1692607603301","522,330017",3,2,2024-07-12
2024-07-12 22:00:00,"597,7556392636033","251,740005",3,2,2024-07-12
2024-07-12 23:00:00,"549,88611948516","242,940002",3,2,2024-07-12
2024-07-13 00:00:00,"509,37227779911257","259,869995",3,2,2024-07-13
2024-07-13 01:00:00,"451,9138116992427","247,710007",3,2,2024-07-13
2024-07-13 02:00:00,"415,8826951818172","243,610001",3,2,2024-07-13
2024-07-13 03:00:00,"355,17704401953654","231,149994",3,2,2024-07-13
2024-07-13 04:00:00,"309,2013811172143","227,860001",3,2,2024-07-13
2024-07-13 05:00:00,"310,28403427724226","207,570007",3,2,2024-07-13
2024-07-13 06:00:00,"266,22847936802697","198,470001",3,2,2024-07-13
2024-07-13 07:00:00,"139,02432591085238","156,460007",3,2,2024-07-13
2024-07-13 08:00:00,"94,91389880983708","38,5",3,2,2024-07-13
2024-07-13 09:00:00,"72,01961012329008","0,3",3,2,2024-07-13
2024-07-13 10:00:00,"-258,16640399148986","-0,07",3,2,2024-07-13
2024-07-13 11:00:00,"-368,58676221202427","-6,49",3,2,2024-07-13
2024-07-13 12:00:00,"-333,1821763742785","-6,04",3,2,2024-07-13
2024-07-13 13:00:00,"-98,38839883654468","-0,45",3,2,2024-07-13
2024-07-13 14:00:00,"66,55893715231626","10,52",3,2,2024-07-13
2024-07-13 15:00:00,"504,87171899568585","-0,07",3,2,2024-07-13
2024-07-13 16:00:00,"479,9452035309227","214,660004",3,2,2024-07-13
2024-07-13 17:00:00,"583,334895928383","375,519989",3,2,2024-07-13
2024-07-13 18:00:00,"641,9777167574437","562,950012",3,2,2024-07-13
2024-07-13 19:00:00,"607,5563171960108","568,98999",3,2,2024-07-13
2024-07-13 20:00:00,"544,3464551634522","588,23999",3,2,2024-07-13
2024-07-13 21:00:00,"444,81332023963364","470,049988",3,2,2024-07-13
2024-07-13 22:00:00,"378,31439070238014","663,700012",3,2,2024-07-13
2024-07-13 23:00:00,"298,7520192858983","471,48999",3,2,2024-07-13
2024-07-14 00:00:00,"310,43221417352277","413,73999",3,2,2024-07-14
2024-07-14 01:00:00,"299,4474755555425","330,540009",3,2,2024-07-14
2024-07-14 02:00:00,"293,9478587877843","283,01001",3,2,2024-07-14
2024-07-14 03:00:00,"271,31009537282233","274,660004",3,2,2024-07-14
2024-07-14 04:00:00,"264,15290367868226","238,470001",3,2,2024-07-14
2024-07-14 05:00:00,"176,17090586500998","106,550003",3,2,2024-07-14
2024-07-14 06:00:00,"182,24023754502147","2,16",3,2,2024-07-14
2024-07-14 07:00:00,"128,747880836493","-17,09",3,2,2024-07-14
2024-07-14 08:00:00,"87,49073147095748","-22,530001",3,2,2024-07-14
2024-07-14 09:00:00,"3,4685564635903936","-25,370001",3,2,2024-07-14
2024-07-14 10:00:00,"-4,892682072937839","-31,49",3,2,2024-07-14
2024-07-14 11:00:00,"-97,53366997750452","-38,5",3,2,2024-07-14
2024-07-14 12:00:00,"-150,32480162205692","-47,830002",3,2,2024-07-14
2024-07-14 13:00:00,"-95,88822725920392","-39,990002",3,2,2024-07-14
2024-07-14 14:00:00,"12,530866648477353","-75,809998",3,2,2024-07-14
2024-07-14 15:00:00,"419,0366599260908","-0,37",3,2,2024-07-14
2024-07-14 16:00:00,"475,326042312376","347,26001",3,2,2024-07-14
2024-07-14 17:00:00,"560,2627989951615","654,820007",3,2,2024-07-14
2024-07-14 18:00:00,"799,7569590388134","841,650024",3,2,2024-07-14
2024-07-14 19:00:00,"848,8865314090181","806,059998",3,2,2024-07-14
2024-07-14 20:00:00,"739,4397791413653","789,719971",3,2,2024-07-14
2024-07-14 21:00:00,"627,2768145600788","649,590027",3,2,2024-07-14
2024-07-14 22:00:00,"625,4473058301281","592,070007",3,2,2024-07-14
2024-07-14 23:00:00,"596,1595264528003","494,25",3,2,2024-07-14
2024-07-15 00:00:00,"541,9539801916357","434,029999",3,3,2024-07-15
2024-07-15 01:00:00,"552,1299617894007","361,059998",3,3,2024-07-15
2024-07-15 02:00:00,"549,6278926827982","388,73999",3,3,2024-07-15
2024-07-15 03:00:00,"599,001534036483","482,160004",3,3,2024-07-15
2024-07-15 04:00:00,"717,9232568100828","482,609985",3,3,2024-07-15
2024-07-15 05:00:00,"739,1535273908529","482,380005",3,3,2024-07-15
2024-07-15 06:00:00,"689,3059011019833","482,079987",3,3,2024-07-15
2024-07-15 07:00:00,"621,0446311827272","299,200012",3,3,2024-07-15
2024-07-15 08:00:00,"501,75751749330163","265,029999",3,3,2024-07-15
2024-07-15 09:00:00,"386,7380999825719","84,239998",3,3,2024-07-15
2024-07-15 10:00:00,"322,12323646000124","0,52",3,3,2024-07-15
2024-07-15 11:00:00,"286,6799383900185","-0,07",3,3,2024-07-15
2024-07-15 12:00:00,"257,71067825559","-0,52",3,3,2024-07-15
2024-07-15 13:00:00,"302,4810852196827","26,41",3,3,2024-07-15
2024-07-15 14:00:00,"373,49233649639","330,470001",3,3,2024-07-15
2024-07-15 15:00:00,"462,36554084758296","611,840027",3,3,2024-07-15
2024-07-15 16:00:00,"575,6966860510388","853,219971",3,3,2024-07-15
2024-07-15 17:00:00,"812,2284244683177","1389,619995",3,3,2024-07-15
2024-07-15 18:00:00,"1253,5341499178817","1598,540039",3,3,2024-07-15
2024-07-15 19:00:00,"1116,0897562764317","1050,27002",3,3,2024-07-15
2024-07-15 20:00:00,"861,149842169686","690,030029",3,3,2024-07-15
2024-07-15 21:00:00,"663,5715575525666","597,659973",3,3,2024-07-15
2024-07-15 22:00:00,"651,5298665019961","571,47998",3,3,2024-07-15
2024-07-15 23:00:00,"604,0474332367577","475,829987",3,3,2024-07-15
2024-07-16 00:00:00,"589,51653515107","391,660004",3,3,2024-07-16
2024-07-16 01:00:00,"584,6935035044947","274,73999",3,3,2024-07-16
2024-07-16 02:00:00,"586,7716661877772","284,730011",3,3,2024-07-16
2024-07-16 03:00:00,"633,2000236947612","375,470001",3,3,2024-07-16
2024-07-16 04:00:00,"756,5348158070834","531,859985",3,3,2024-07-16
2024-07-16 05:00:00,"787,889067609601","593,049988",3,3,2024-07-16
2024-07-16 06:00:00,"759,0727364899215","568,349976",3,3,2024-07-16
2024-07-16 07:00:00,"581,7054961570356","468,359985",3,3,2024-07-16
2024-07-16 08:00:00,"437,7695067607807","160,350006",3,3,2024-07-16
2024-07-16 09:00:00,"318,7987582205111","10,67",3,3,2024-07-16
2024-07-16 10:00:00,"251,3884929010831","15,15",3,3,2024-07-16
2024-07-16 11:00:00,"227,81641722221764","98,489998",3,3,2024-07-16
2024-07-16 12:00:00,"213,1052917839431","30,290001",3,3,2024-07-16
2024-07-16 13:00:00,"268,35319483139574","10,97",3,3,2024-07-16
2024-07-16 14:00:00,"374,642785399303","-0,07",3,3,2024-07-16
2024-07-16 15:00:00,"476,21292452342215","165,050003",3,3,2024-07-16
2024-07-16 16:00:00,"607,0888304064134","470,230011",3,3,2024-07-16
2024-07-16 17:00:00,"914,1660733061269","611,780029",3,3,2024-07-16
2024-07-16 18:00:00,"973,7124015869568","907,330017",3,3,2024-07-16
2024-07-16 19:00:00,"849,1073509307115","852,710022",3,3,2024-07-16
2024-07-16 20:00:00,"725,9793657215693","789,51001",3,3,2024-07-16
2024-07-16 21:00:00,"624,4714438858667","629,090027",3,3,2024-07-16
2024-07-16 22:00:00,"856,3322995817549","652,109985",3,3,2024-07-16
2024-07-16 23:00:00,"860,4080387547782","544,52002",3,3,2024-07-16
2024-07-17 00:00:00,"948,1168472380106","543,330017",3,3,2024-07-17
2024-07-17 01:00:00,"1222,4396362109364","526,23999",3,3,2024-07-17
2024-07-17 02:00:00,"1357,2483684913761","530,119995",3,3,2024-07-17
2024-07-17 03:00:00,"2248,4402969572066","577,799988",3,3,2024-07-17
2024-07-17 04:00:00,"4867,589038022935","671,880005",3,3,2024-07-17
2024-07-17 05:00:00,"2726,548515516021","744,330017",3,3,2024-07-17
2024-07-17 06:00:00,"1462,2515048993548","788,650024",3,3,2024-07-17
2024-07-17 07:00:00,"844,1914352386682","575,559998",3,3,2024-07-17
2024-07-17 08:00:00,"603,6537162231933","434,170013",3,3,2024-07-17
2024-07-17 09:00:00,"384,26832506150237","311,51001",3,3,2024-07-17
2024-07-17 10:00:00,"273,99089102355583","243,160004",3,3,2024-07-17
2024-07-17 11:00:00,"266,3854545467191","163,029999",3,3,2024-07-17
2024-07-17 12:00:00,"287,0659200812614","80,580002",3,3,2024-07-17
2024-07-17 13:00:00,"312,08858906526666","100,5",3,3,2024-07-17
2024-07-17 14:00:00,"379,801496147078","290,089996",3,3,2024-07-17
2024-07-17 15:00:00,"535,5283068521773","460,209991",3,3,2024-07-17
2024-07-17 16:00:00,"789,8112857845156","618,76001",3,3,2024-07-17
2024-07-17 17:00:00,"1272,955026499552","797,530029",3,3,2024-07-17
2024-07-17 18:00:00,"1749,055672337209","984,280029",3,3,2024-07-17
2024-07-17 19:00:00,"2264,2857923665756","1044,790039",3,3,2024-07-17
2024-07-17 20:00:00,"1500,428182200306","857,369995",3,3,2024-07-17
2024-07-17 21:00:00,"1422,5110251536296","687,700012",3,3,2024-07-17
2024-07-17 22:00:00,"704,3770949757289","506,570007",3,3,2024-07-17
2024-07-17 23:00:00,"493,90917415915334","544,679993",3,3,2024-07-17
2024-07-18 00:00:00,"408,306186721878","493,589996",3,3,2024-07-18
2024-07-18 01:00:00,"400,6622559229376","491,200012",3,3,2024-07-18
2024-07-18 02:00:00,"368,691708950554","466,880005",3,3,2024-07-18
2024-07-18 03:00:00,"401,66655312519913","298,369995",3,3,2024-07-18
2024-07-18 04:00:00,"491,06225236128364","650,309998",3,3,2024-07-18
2024-07-18 05:00:00,"570,4243226916192","704,909973",3,3,2024-07-18
2024-07-18 06:00:00,"561,1906604696668","506,269989",3,3,2024-07-18
2024-07-18 07:00:00,"421,5935555836709","351,339996",3,3,2024-07-18
2024-07-18 08:00:00,"336,1750900703248","270,779999",3,3,2024-07-18
2024-07-18 09:00:00,"260,25592983015633","253,470001",3,3,2024-07-18
2024-07-18 10:00:00,"241,10970556605517","253,25",3,3,2024-07-18
2024-07-18 11:00:00,"215,85303655439947","252,800003",3,3,2024-07-18
2024-07-18 12:00:00,"156,9832615527768","254,360001",3,3,2024-07-18
2024-07-18 13:00:00,"323,0734369798553","260,929993",3,3,2024-07-18
2024-07-18 14:00:00,"253,15873230433704","197,080002",3,3,2024-07-18
2024-07-18 15:00:00,"326,0380602509967","637,630005",3,3,2024-07-18
2024-07-18 16:00:00,"437,5839961894901","686,26001",3,3,2024-07-18
2024-07-18 17:00:00,"532,3567439625431","952,26001",3,3,2024-07-18
2024-07-18 18:00:00,"1036,1323372942659","1382,819946",3,3,2024-07-18
2024-07-18 19:00:00,"1105,7662054238103","1318,290039",3,3,2024-07-18
2024-07-18 20:00:00,"857,4168727443774","891,690002",3,3,2024-07-18
2024-07-18 21:00:00,"660,7339291422177","760,26001",3,3,2024-07-18
2024-07-18 22:00:00,"552,3455682404681","672,26001",3,3,2024-07-18
2024-07-18 23:00:00,"483,0285412234218","600,200012",3,3,2024-07-18
2024-07-19 00:00:00,"460,59285892988197","596,169983",3,3,2024-07-19
2024-07-19 01:00:00,"429,5545636438365","583,47998",3,3,2024-07-19
2024-07-19 02:00:00,"399,3761356688379","606,390015",3,3,2024-07-19
2024-07-19 03:00:00,"433,00677411833857","667,039978",3,3,2024-07-19
2024-07-19 04:00:00,"541,9127261328513","827,289978",3,3,2024-07-19
2024-07-19 05:00:00,"612,2169313407354","810,72998",3,3,2024-07-19
2024-07-19 06:00:00,"571,3147359194253","734,109985",3,3,2024-07-19
2024-07-19 07:00:00,"439,9360372489933","607,51001",3,3,2024-07-19
2024-07-19 08:00:00,"266,25490543624136","522,22998",3,3,2024-07-19
2024-07-19 09:00:00,"186,76376947908744","438,299988",3,3,2024-07-19
2024-07-19 10:00:00,"356,9674702816849","330,799988",3,3,2024-07-19
2024-07-19 11:00:00,"175,19421660273255","272,309998",3,3,2024-07-19
2024-07-19 12:00:00,"316,889142496695","270,070007",3,3,2024-07-19
2024-07-19 13:00:00,"162,32863511103125","317,369995",3,3,2024-07-19
2024-07-19 14:00:00,"400,1442919595836","475,899994",3,3,2024-07-19
2024-07-19 15:00:00,"274,5241801454156","576,98999",3,3,2024-07-19
2024-07-19 16:00:00,"389,1571301001922","683,460022",3,3,2024-07-19
2024-07-19 17:00:00,"503,0314162991895","888,099976",3,3,2024-07-19
2024-07-19 18:00:00,"679,3456797176701","1358,410034",3,3,2024-07-19
2024-07-19 19:00:00,"823,0688569458205","895,26001",3,3,2024-07-19
2024-07-19 20:00:00,"758,665884643805","797,22998",3,3,2024-07-19
2024-07-19 21:00:00,"652,9002386748251","683,01001",3,3,2024-07-19
2024-07-19 22:00:00,"600,5677284555906","706,789978",3,3,2024-07-19
2024-07-19 23:00:00,"559,9037906323462","667,099976",3,3,2024-07-19
2024-07-20 00:00:00,"511,49185509285667","658,440002",3,3,2024-07-20
2024-07-20 01:00:00,"467,7667698711093","670,599976",3,3,2024-07-20
2024-07-20 02:00:00,"439,87505925718557","703,130005",3,3,2024-07-20
2024-07-20 03:00:00,"360,66940074789386","699,849976",3,3,2024-07-20
2024-07-20 04:00:00,"306,5930722607715","665,159973",3,3,2024-07-20
2024-07-20 05:00:00,"271,2308382158519","641,580017",3,3,2024-07-20
2024-07-20 06:00:00,"213,82137045724383","508,850006",3,3,2024-07-20
2024-07-20 07:00:00,"161,68564757188125","371,559998",3,3,2024-07-20
2024-07-20 08:00:00,"177,93082583085356","38,419998",3,3,2024-07-20
2024-07-20 09:00:00,"184,50241664756362","0,0",3,3,2024-07-20
2024-07-20 10:00:00,"196,0692158711057","-1,57",3,3,2024-07-20
2024-07-20 11:00:00,"198,36673244748457","0,15",3,3,2024-07-20
2024-07-20 12:00:00,"172,29839801357883","-1,87",3,3,2024-07-20
2024-07-20 13:00:00,"215,58278716140515","-20,219999",3,3,2024-07-20
2024-07-20 14:00:00,"185,30872830999598","18,059999",3,3,2024-07-20
2024-07-20 15:00:00,"369,29490068165256","390,140015",3,3,2024-07-20
2024-07-20 16:00:00,"320,49184862759813","634,190002",3,3,2024-07-20
2024-07-20 17:00:00,"379,8933312103881","817,440002",3,3,2024-07-20
2024-07-20 18:00:00,"459,89198437834915","1005,380005",3,3,2024-07-20
2024-07-20 19:00:00,"475,32003034971797","811,840027",3,3,2024-07-20
2024-07-20 20:00:00,"474,2828306380806","627,47998",3,3,2024-07-20
2024-07-20 21:00:00,"411,70566575614583","555,929993",3,3,2024-07-20
2024-07-20 22:00:00,"338,3645620924794","474,790009",3,3,2024-07-20
2024-07-20 23:00:00,"290,6844796831322","420,089996",3,3,2024-07-20
2024-07-21 00:00:00,"268,17313574778575","411,880005",3,3,2024-07-21
2024-07-21 01:00:00,"257,50048231821506","450,540009",3,3,2024-07-21
2024-07-21 02:00:00,"252,4772234775593","496,570007",3,3,2024-07-21
2024-07-21 03:00:00,"232,78348525899435","561,419983",3,3,2024-07-21
2024-07-21 04:00:00,"201,2391905819742","480,529999",3,3,2024-07-21
2024-07-21 05:00:00,"193,00358637374364","421,809998",3,3,2024-07-21
2024-07-21 06:00:00,"194,73342001601785","363,230011",3,3,2024-07-21
2024-07-21 07:00:00,"157,24325756414743","78,870003",3,3,2024-07-21
2024-07-21 08:00:00,"156,0666732821029","0,52",3,3,2024-07-21
2024-07-21 09:00:00,"159,43313523871905","0,22",3,3,2024-07-21
2024-07-21 10:00:00,"157,66955696097514","0,15",3,3,2024-07-21
2024-07-21 11:00:00,"156,07998796380315","-0,45",3,3,2024-07-21
2024-07-21 12:00:00,"78,24615248630487","-1,34",3,3,2024-07-21
2024-07-21 13:00:00,"-69,20968948099328","0,3",3,3,2024-07-21
2024-07-21 14:00:00,"25,558457123244004","0,82",3,3,2024-07-21
2024-07-21 15:00:00,"324,3776727161271","446,279999",3,3,2024-07-21
2024-07-21 16:00:00,"395,14703704227514","600,289978",3,3,2024-07-21
2024-07-21 17:00:00,"471,35298552454924","807,880005",3,3,2024-07-21
2024-07-21 18:00:00,"703,0126924728343","841,150024",3,3,2024-07-21
2024-07-21 19:00:00,"768,6521076135605","919,950012",3,3,2024-07-21
2024-07-21 20:00:00,"763,7764528745791","814,590027",3,3,2024-07-21
2024-07-21 21:00:00,"660,7325122404018","672,73999",3,3,2024-07-21
2024-07-21 22:00:00,"587,3127954873986","901,669983",3,3,2024-07-21
2024-07-21 23:00:00,"532,6159950997331","721,02002",3,3,2024-07-21
2024-07-22 00:00:00,"526,9485224654926","648,27002",3,4,2024-07-22
2024-07-22 01:00:00,"520,6097710350667","648,640015",3,4,2024-07-22
2024-07-22 02:00:00,"520,2978335140263","610,659973",3,4,2024-07-22
2024-07-22 03:00:00,"560,9667310733587","591,859985",3,4,2024-07-22
2024-07-22 04:00:00,"736,5751310151754","811,159973",3,4,2024-07-22
2024-07-22 05:00:00,"859,0643015933414","896,070007",3,4,2024-07-22
2024-07-22 06:00:00,"785,0097406234233","852,719971",3,4,2024-07-22
2024-07-22 07:00:00,"622,4540563024461","703,929993",3,4,2024-07-22
2024-07-22 08:00:00,"458,20822776477536","473,290009",3,4,2024-07-22
2024-07-22 09:00:00,"341,8604423380857","291,600006",3,4,2024-07-22
2024-07-22 10:00:00,"232,63291231599203","191,089996",3,4,2024-07-22
2024-07-22 11:00:00,"206,20489235162782","174,300003",3,4,2024-07-22
2024-07-22 12:00:00,"205,12919317090166","144,830002",3,4,2024-07-22
2024-07-22 13:00:00,"248,96073892768862","152,070007",3,4,2024-07-22
2024-07-22 14:00:00,"364,0987872175769","170,279999",3,4,2024-07-22
2024-07-22 15:00:00,"404,6914032495806","463,820007",3,4,2024-07-22
2024-07-22 16:00:00,"496,4322687718854","603,719971",3,4,2024-07-22
2024-07-22 17:00:00,"899,6126025835828","739,0",3,4,2024-07-22
2024-07-22 18:00:00,"1287,774693637699","1043,660034",3,4,2024-07-22
2024-07-22 19:00:00,"1115,0017313021397","1046,569946",3,4,2024-07-22
2024-07-22 20:00:00,"796,5272608278243","828,539978",3,4,2024-07-22
2024-07-22 21:00:00,"632,0316170622532","712,73999",3,4,2024-07-22
2024-07-22 22:00:00,"604,9472722505649","618,22998",3,4,2024-07-22
2024-07-22 23:00:00,"567,1803176384943","559,349976",3,4,2024-07-22
2024-07-23 00:00:00,"547,0384671984806","547,630005",3,4,2024-07-23
2024-07-23 01:00:00,"490,7364817221504","508,380005",3,4,2024-07-23
2024-07-23 02:00:00,"484,38790234691066","526,52002",3,4,2024-07-23
2024-07-23 03:00:00,"523,3349189769621","549,799988",3,4,2024-07-23
2024-07-23 04:00:00,"621,6331516584362","745,450012",3,4,2024-07-23
2024-07-23 05:00:00,"728,9770020439898","865,590027",3,4,2024-07-23
2024-07-23 06:00:00,"682,9389957930275","824,179993",3,4,2024-07-23
2024-07-23 07:00:00,"534,8384542926468","651,359985",3,4,2024-07-23
2024-07-23 08:00:00,"373,7582110823353","513,909973",3,4,2024-07-23
2024-07-23 09:00:00,"266,5585442281064","457,940002",3,4,2024-07-23
2024-07-23 10:00:00,"230,14541402976946","324,0",3,4,2024-07-23
2024-07-23 11:00:00,"198,1244556508627","285,720001",3,4,2024-07-23
2024-07-23 12:00:00,"194,6208606177203","268,709991",3,4,2024-07-23
2024-07-23 13:00:00,"236,26239234299902","313,100006",3,4,2024-07-23
2024-07-23 14:00:00,"289,7864500003349","483,980011",3,4,2024-07-23
2024-07-23 15:00:00,"461,1521451814097","593,450012",3,4,2024-07-23
2024-07-23 16:00:00,"570,810293732766","596,359985",3,4,2024-07-23
2024-07-23 17:00:00,"768,2654782456149","716,570007",3,4,2024-07-23
2024-07-23 18:00:00,"925,4428876280866","872,530029",3,4,2024-07-23
2024-07-23 19:00:00,"824,2029882127869","761,200012",3,4,2024-07-23
2024-07-23 20:00:00,"737,55585570572","740,450012",3,4,2024-07-23
2024-07-23 21:00:00,"597,7577714346379","683,369995",3,4,2024-07-23
2024-07-23 22:00:00,"495,7093920800943","623,359985",3,4,2024-07-23
2024-07-23 23:00:00,"434,9047333777473","584,419983",3,4,2024-07-23
2024-07-24 00:00:00,"421,63134310124053","541,369995",3,4,2024-07-24
2024-07-24 01:00:00,"411,27381418778356","549,130005",3,4,2024-07-24
2024-07-24 02:00:00,"370,2921155074584","423,630005",3,4,2024-07-24
2024-07-24 03:00:00,"372,88953306633874","299,179993",3,4,2024-07-24
2024-07-24 04:00:00,"388,85217828199336","323,429993",3,4,2024-07-24
2024-07-24 05:00:00,"472,58546101030726","336,190002",3,4,2024-07-24
2024-07-24 06:00:00,"471,8641113371139","429,079987",3,4,2024-07-24
2024-07-24 07:00:00,"430,73975766726693","270,23999",3,4,2024-07-24
2024-07-24 08:00:00,"397,1722497001948","186,520004",3,4,2024-07-24
2024-07-24 09:00:00,"354,75894565914905","158,100006",3,4,2024-07-24
2024-07-24 10:00:00,"274,37204202530774","11,79",3,4,2024-07-24
2024-07-24 11:00:00,"300,1024622137301","-1,12",3,4,2024-07-24
2024-07-24 12:00:00,"233,93256272663086","-15,37",3,4,2024-07-24
2024-07-24 13:00:00,"267,0464740299411","-14,62",3,4,2024-07-24
2024-07-24 14:00:00,"394,3047966937954","16,49",3,4,2024-07-24
2024-07-24 15:00:00,"427,62789279208","292,98999",3,4,2024-07-24
2024-07-24 16:00:00,"536,0470835781696","387,149994",3,4,2024-07-24
2024-07-24 17:00:00,"764,9350035891495","668,5",3,4,2024-07-24
2024-07-24 18:00:00,"1096,7374894524453","809,659973",3,4,2024-07-24
2024-07-24 19:00:00,"1086,6666807065064","881,210022",3,4,2024-07-24
2024-07-24 20:00:00,"812,6011887399028","813,320007",3,4,2024-07-24
2024-07-24 21:00:00,"633,2343117997384","631,570007",3,4,2024-07-24
2024-07-24 22:00:00,"580,8343684337314","624,570007",3,4,2024-07-24
2024-07-24 23:00:00,"480,1715811243813","578,299988",3,4,2024-07-24
2024-07-25 00:00:00,"428,7142947629339","567,859985",3,4,2024-07-25
2024-07-25 01:00:00,"404,76156452546076","596,359985",3,4,2024-07-25
2024-07-25 02:00:00,"366,37173958691045","570,090027",3,4,2024-07-25
2024-07-25 03:00:00,"355,91401608608356","690,460022",3,4,2024-07-25
2024-07-25 04:00:00,"386,4261457526665","792,159973",3,4,2024-07-25
2024-07-25 05:00:00,"428,1787570131025","813,580017",3,4,2024-07-25
2024-07-25 06:00:00,"464,1003345827709","678,890015",3,4,2024-07-25
2024-07-25 07:00:00,"438,16055764371976","537,109985",3,4,2024-07-25
2024-07-25 08:00:00,"352,0712334594062","411,0",3,4,2024-07-25
2024-07-25 09:00:00,"266,0594624528188","275,720001",3,4,2024-07-25
2024-07-25 10:00:00,"208,12326046430084","181,399994",3,4,2024-07-25
2024-07-25 11:00:00,"236,61332098829482","129,539993",3,4,2024-07-25
2024-07-25 12:00:00,"149,46594645644444","99,019997",3,4,2024-07-25
2024-07-25 13:00:00,"380,6128212390552","195,5",3,4,2024-07-25
2024-07-25 14:00:00,"294,26723693971195","401,450012",3,4,2024-07-25
2024-07-25 15:00:00,"299,12851497174324","596,960022",3,4,2024-07-25
2024-07-25 16:00:00,"347,42960642535587","723,809998",3,4,2024-07-25
2024-07-25 17:00:00,"605,3237555853073","894,690002",3,4,2024-07-25
2024-07-25 18:00:00,"904,9132176681441","1106,609985",3,4,2024-07-25
2024-07-25 19:00:00,"1075,1149263796856","969,830017",3,4,2024-07-25
2024-07-25 20:00:00,"821,0665941287173","746,200012",3,4,2024-07-25
2024-07-25 21:00:00,"636,9291589142338","633,890015",3,4,2024-07-25
2024-07-25 22:00:00,"515,4730382060991","604,460022",3,4,2024-07-25
2024-07-25 23:00:00,"425,3426762379804","548,48999",3,4,2024-07-25
2024-07-26 00:00:00,"396,1749553657151","559,76001",3,4,2024-07-26
2024-07-26 01:00:00,"368,5241468121043","576,849976",3,4,2024-07-26
2024-07-26 02:00:00,"345,64573920535213","573,859985",3,4,2024-07-26
2024-07-26 03:00:00,"326,2347699107486","596,919983",3,4,2024-07-26
2024-07-26 04:00:00,"446,3449709467366","608,109985",3,4,2024-07-26
2024-07-26 05:00:00,"503,2495161766111","795,940002",3,4,2024-07-26
2024-07-26 06:00:00,"554,7185325369358","776,840027",3,4,2024-07-26
2024-07-26 07:00:00,"490,98325036674015","722,590027",3,4,2024-07-26
2024-07-26 08:00:00,"402,95211385123656","675,570007",3,4,2024-07-26
2024-07-26 09:00:00,"327,4358391011636","607,070007",3,4,2024-07-26
2024-07-26 10:00:00,"252,23809279046174","522,369995",3,4,2024-07-26
2024-07-26 11:00:00,"241,58420193556944","471,029999",3,4,2024-07-26
2024-07-26 12:00:00,"228,5645786472154","449,160004",3,4,2024-07-26
2024-07-26 13:00:00,"252,3675406498474","508,48999",3,4,2024-07-26
2024-07-26 14:00:00,"349,1201675755563","543,559998",3,4,2024-07-26
2024-07-26 15:00:00,"366,7677476973595","660,580017",3,4,2024-07-26
2024-07-26 16:00:00,"516,0440116523766","704,01001",3,4,2024-07-26
2024-07-26 17:00:00,"617,8681262628029","804,380005",3,4,2024-07-26
2024-07-26 18:00:00,"926,1840474940564","1068,98999",3,4,2024-07-26
2024-07-26 19:00:00,"829,8709419900765","1037,280029",3,4,2024-07-26
2024-07-26 20:00:00,"706,8839616271334","793,929993",3,4,2024-07-26
2024-07-26 21:00:00,"622,4661848602424","730,650024",3,4,2024-07-26
2024-07-26 22:00:00,"564,0717324889904","775,22998",3,4,2024-07-26
2024-07-26 23:00:00,"508,18433728845235","768,890015",3,4,2024-07-26
2024-07-27 00:00:00,"460,4619348078524","723,070007",3,4,2024-07-27
2024-07-27 01:00:00,"431,30150160316333","710,080017",3,4,2024-07-27
2024-07-27 02:00:00,"371,40129035547744","690,01001",3,4,2024-07-27
2024-07-27 03:00:00,"309,0847541488213","673,070007",3,4,2024-07-27
2024-07-27 04:00:00,"323,8177950637861","649,929993",3,4,2024-07-27
2024-07-27 05:00:00,"271,0579573681271","615,01001",3,4,2024-07-27
2024-07-27 06:00:00,"234,49982558820997","632,02002",3,4,2024-07-27
2024-07-27 07:00:00,"197,72301567241468","505,0",3,4,2024-07-27
2024-07-27 08:00:00,"139,98313052746664","453,589996",3,4,2024-07-27
2024-07-27 09:00:00,"128,9317684446786","297,76001",3,4,2024-07-27
2024-07-27 10:00:00,"62,678831253352634","208,960007",3,4,2024-07-27
2024-07-27 11:00:00,"32,13260687885462","132,839996",3,4,2024-07-27
2024-07-27 12:00:00,"35,64732021509089","133,729996",3,4,2024-07-27
2024-07-27 13:00:00,"6,486372971481145","261,350006",3,4,2024-07-27
2024-07-27 14:00:00,"89,09820453075305","505,380005",3,4,2024-07-27
2024-07-27 15:00:00,"247,36289898923405","649,710022",3,4,2024-07-27
2024-07-27 16:00:00,"287,825289081484","783,369995",3,4,2024-07-27
2024-07-27 17:00:00,"331,9141638681506","863,140015",3,4,2024-07-27
2024-07-27 18:00:00,"454,79053523895305","908,669983",3,4,2024-07-27
2024-07-27 19:00:00,"459,3941213729349","909,109985",3,4,2024-07-27
2024-07-27 20:00:00,"434,71069025168725","806,719971",3,4,2024-07-27
2024-07-27 21:00:00,"359,3934795008112","730,900024",3,4,2024-07-27
2024-07-27 22:00:00,"344,4918691564601","820,820007",3,4,2024-07-27
2024-07-27 23:00:00,"293,1169349066745","709,780029",3,4,2024-07-27
2024-07-28 00:00:00,"264,4425324878678","658,280029",3,4,2024-07-28
2024-07-28 01:00:00,"250,93237759163202","608,429993",3,4,2024-07-28
2024-07-28 02:00:00,"290,1869968851268","586,119995",3,4,2024-07-28
2024-07-28 03:00:00,"284,1238947655129","591,48999",3,4,2024-07-28
2024-07-28 04:00:00,"248,57074844825635","563,659973",3,4,2024-07-28
2024-07-28 05:00:00,"196,2145474409031","541,869995",3,4,2024-07-28
2024-07-28 06:00:00,"159,3388494522945","190,220001",3,4,2024-07-28
2024-07-28 07:00:00,"130,39340352660963","36,720001",3,4,2024-07-28
2024-07-28 08:00:00,"46,35271066812573","0,0",3,4,2024-07-28
2024-07-28 09:00:00,"-25,534224231002685","-18,129999",3,4,2024-07-28
2024-07-28 10:00:00,"-131,2161978607292","-112,239998",3,4,2024-07-28
2024-07-28 11:00:00,"-227,34402789307805","-222,389999",3,4,2024-07-28
2024-07-28 12:00:00,"-246,45835881151416","-363,359985",3,4,2024-07-28
2024-07-28 13:00:00,"-195,160161585777","-250,220001",3,4,2024-07-28
2024-07-28 14:00:00,"-9,923629827258132","-99,099998",3,4,2024-07-28
2024-07-28 15:00:00,"355,1115847396395","-14,85",3,4,2024-07-28
2024-07-28 16:00:00,"375,13979438081304","181,570007",3,4,2024-07-28
2024-07-28 17:00:00,"485,0916289545795","443,209991",3,4,2024-07-28
2024-07-28 18:00:00,"803,5339742943157","588,580017",3,4,2024-07-28
2024-07-28 19:00:00,"857,3448401339928","579,630005",3,4,2024-07-28
2024-07-28 20:00:00,"793,2804083256665","589,400024",3,4,2024-07-28
2024-07-28 21:00:00,"629,9251260912137","566,200012",3,4,2024-07-28
2024-07-28 22:00:00,"620,2131735123718","513,659973",3,4,2024-07-28
2024-07-28 23:00:00,"534,6629861666469","508,959991",3,4,2024-07-28
2024-09-30 00:00:00,"167,02872981502614","62,630001",4,1,2024-09-30
2024-09-30 01:00:00,"246,257424010212","41,23",4,1,2024-09-30
2024-09-30 02:00:00,"286,54784891384213","41,830002",4,1,2024-09-30
2024-09-30 03:00:00,"320,9486342281493","126,599998",4,1,2024-09-30
2024-09-30 04:00:00,"411,33744956451363","314,869995",4,1,2024-09-30
2024-09-30 05:00:00,"621,0307964215332","597,22998",4,1,2024-09-30
2024-09-30 06:00:00,"825,7210311048742","597,22998",4,1,2024-09-30
2024-09-30 07:00:00,"775,7941606286732","447,359985",4,1,2024-09-30
2024-09-30 08:00:00,"566,7512978063202","272,73999",4,1,2024-09-30
2024-09-30 09:00:00,"352,46921353459334","155,910004",4,1,2024-09-30
2024-09-30 10:00:00,"252,39602384924927","69,190002",4,1,2024-09-30
2024-09-30 11:00:00,"195,02912005562558","15,36",4,1,2024-09-30
2024-09-30 12:00:00,"199,3588018837238","56,889999",4,1,2024-09-30
2024-09-30 13:00:00,"229,57753171749258","163,740005",4,1,2024-09-30
2024-09-30 14:00:00,"226,9799069599648","180,360001",4,1,2024-09-30
2024-09-30 15:00:00,"347,0107589086391","243,960007",4,1,2024-09-30
2024-09-30 16:00:00,"394,72572279368666","268,339996",4,1,2024-09-30
2024-09-30 17:00:00,"376,7989069026962","273,119995",4,1,2024-09-30
2024-09-30 18:00:00,"333,32207161053765","270,660004",4,1,2024-09-30
2024-09-30 19:00:00,"301,03474154470734","163,509995",4,1,2024-09-30
2024-09-30 20:00:00,"266,21923182146503","149,199997",4,1,2024-09-30
2024-09-30 21:00:00,"249,12422200626173","73,370003",4,1,2024-09-30
2024-09-30 22:00:00,"219,7512059690116","23,93",4,1,2024-09-30
2024-09-30 23:00:00,"203,7603015610579","0,52",4,1,2024-09-30
2024-10-01 00:00:00,"156,0919026105666","0,37",4,1,2024-10-01
2024-10-01 01:00:00,"161,56666816283357","0,15",4,1,2024-10-01
2024-10-01 02:00:00,"151,9497980518561","0,67",4,1,2024-10-01
2024-10-01 03:00:00,"162,6774010357778","50,700001",4,1,2024-10-01
2024-10-01 04:00:00,"182,66215186786442","249,619995",4,1,2024-10-01
2024-10-01 05:00:00,"273,33848124893007","293,910004",4,1,2024-10-01
2024-10-01 06:00:00,"348,644419137248","308,079987",4,1,2024-10-01
2024-10-01 07:00:00,"321,4219028540949","309,5",4,1,2024-10-01
2024-10-01 08:00:00,"245,2249345085054","288,170013",4,1,2024-10-01
2024-10-01 09:00:00,"215,25940082802848","260,880005",4,1,2024-10-01
2024-10-01 10:00:00,"173,38777761900184","260,660004",4,1,2024-10-01
2024-10-01 11:00:00,"150,22087552770373","260,880005",4,1,2024-10-01
2024-10-01 12:00:00,"129,6320000946327","260,660004",4,1,2024-10-01
2024-10-01 13:00:00,"159,19057857370257","296,079987",4,1,2024-10-01
2024-10-01 14:00:00,"204,7940855891762","324,779999",4,1,2024-10-01
2024-10-01 15:00:00,"285,1357218598382","393,0",4,1,2024-10-01
2024-10-01 16:00:00,"387,38925380961405","405,600006",4,1,2024-10-01
2024-10-01 17:00:00,"323,9808738278841","421,410004",4,1,2024-10-01
2024-10-01 18:00:00,"334,85220174815646","366,829987",4,1,2024-10-01
2024-10-01 19:00:00,"297,06860554744793","345,429993",4,1,2024-10-01
2024-10-01 20:00:00,"269,92903409622477","321,649994",4,1,2024-10-01
2024-10-01 21:00:00,"271,2816192781594","309,940002",4,1,2024-10-01
2024-10-01 22:00:00,"244,7131581571231","432,829987",4,1,2024-10-01
2024-10-01 23:00:00,"230,0904145005496","367,350006",4,1,2024-10-01
2024-10-02 00:00:00,"219,34465181912685","373,540009",4,1,2024-10-02
2024-10-02 01:00:00,"184,17759568926556","365,339996",4,1,2024-10-02
2024-10-02 02:00:00,"193,63830608704404","362,730011",4,1,2024-10-02
2024-10-02 03:00:00,"185,1748288461227","363,470001",4,1,2024-10-02
2024-10-02 04:00:00,"247,31801940590137","596,440002",4,1,2024-10-02
2024-10-02 05:00:00,"363,2145891325966","692,869995",4,1,2024-10-02
2024-10-02 06:00:00,"394,29218529266547","913,830017",4,1,2024-10-02
2024-10-02 07:00:00,"362,6108945642576","701,219971",4,1,2024-10-02
2024-10-02 08:00:00,"309,6953205503501","484,880005",4,1,2024-10-02
2024-10-02 09:00:00,"214,6457990822016","394,420013",4,1,2024-10-02
2024-10-02 10:00:00,"146,17437079173897","431,040009",4,1,2024-10-02
2024-10-02 11:00:00,"122,10110528269973","597,109985",4,1,2024-10-02
2024-10-02 12:00:00,"149,03323483914534","584,659973",4,1,2024-10-02
2024-10-02 13:00:00,"169,1790590009372","607,26001",4,1,2024-10-02
2024-10-02 14:00:00,"236,89220510899148","607,849976",4,1,2024-10-02
2024-10-02 15:00:00,"394,6042628878668","746,48999",4,1,2024-10-02
2024-10-02 16:00:00,"580,1808516286816","872,590027",4,1,2024-10-02
2024-10-02 17:00:00,"829,1396276103992","969,97998",4,1,2024-10-02
2024-10-02 18:00:00,"811,1950307313405","852,900024",4,1,2024-10-02
2024-10-02 19:00:00,"704,9289667039549","719,940002",4,1,2024-10-02
2024-10-02 20:00:00,"648,8280848565157","695,780029",4,1,2024-10-02
2024-10-02 21:00:00,"546,9031190406358","633,880005",4,1,2024-10-02
2024-10-02 22:00:00,"506,63841877283494","502,230011",4,1,2024-10-02
2024-10-02 23:00:00,"507,6832555491735","491,26001",4,1,2024-10-02
2024-10-03 00:00:00,"482,8380152895569","485,890015",4,1,2024-10-03
2024-10-03 01:00:00,"457,7004337422053","478,730011",4,1,2024-10-03
2024-10-03 02:00:00,"428,5722398008295","477,23999",4,1,2024-10-03
2024-10-03 03:00:00,"440,7393490793663","480,369995",4,1,2024-10-03
2024-10-03 04:00:00,"450,2257559466919","488,059998",4,1,2024-10-03
2024-10-03 05:00:00,"498,471808363233","547,280029",4,1,2024-10-03
2024-10-03 06:00:00,"568,8168738343521","571,900024",4,1,2024-10-03
2024-10-03 07:00:00,"541,0749076590968","543,780029",4,1,2024-10-03
2024-10-03 08:00:00,"479,0336570127875","516,77002",4,1,2024-10-03
2024-10-03 09:00:00,"349,4205623975973","470,230011",4,1,2024-10-03
2024-10-03 10:00:00,"204,06256734054736","351,25",4,1,2024-10-03
2024-10-03 11:00:00,"169,37392958899153","253,460007",4,1,2024-10-03
2024-10-03 12:00:00,"163,77218768497184","291,950012",4,1,2024-10-03
2024-10-03 13:00:00,"236,17299747758761","383,109985",4,1,2024-10-03
2024-10-03 14:00:00,"316,80711114683294","492,609985",4,1,2024-10-03
2024-10-03 15:00:00,"391,14885609111093","669,090027",4,1,2024-10-03
2024-10-03 16:00:00,"520,5882859263718","821,039978",4,1,2024-10-03
2024-10-03 17:00:00,"845,3326734745453","860,200012",4,1,2024-10-03
2024-10-03 18:00:00,"884,2376660071329","807,679993",4,1,2024-10-03
2024-10-03 19:00:00,"664,9094684820185","736,669983",4,1,2024-10-03
2024-10-03 20:00:00,"568,5349864609389","678,48999",4,1,2024-10-03
2024-10-03 21:00:00,"499,37651344924615","607,630005",4,1,2024-10-03
2024-10-03 22:00:00,"435,0085852934443","551,23999",4,1,2024-10-03
2024-10-03 23:00:00,"354,9210514769941","540,950012",4,1,2024-10-03
2024-10-04 00:00:00,"311,74747868198557","537,809998",4,1,2024-10-04
2024-10-04 01:00:00,"281,6802980407438","537,070007",4,1,2024-10-04
2024-10-04 02:00:00,"257,1955858337403","539,530029",4,1,2024-10-04
2024-10-04 03:00:00,"266,8076463096357","575,109985",4,1,2024-10-04
2024-10-04 04:00:00,"271,4780930947416","768,299988",4,1,2024-10-04
2024-10-04 05:00:00,"401,29990143689383","943,890015",4,1,2024-10-04
2024-10-04 06:00:00,"501,00117917125004","1054,890015",4,1,2024-10-04
2024-10-04 07:00:00,"474,9068827114153","867,289978",4,1,2024-10-04
2024-10-04 08:00:00,"378,9249062491685","746,599976",4,1,2024-10-04
2024-10-04 09:00:00,"277,08534729092617","634,039978",4,1,2024-10-04
2024-10-04 10:00:00,"195,02266945714047","559,969971",4,1,2024-10-04
2024-10-04 11:00:00,"131,03445361361432","548,179993",4,1,2024-10-04
2024-10-04 12:00:00,"135,82996777032778","565,559998",4,1,2024-10-04
2024-10-04 13:00:00,"156,72975761230788","589,799988",4,1,2024-10-04
2024-10-04 14:00:00,"212,7082824737592","669,840027",4,1,2024-10-04
2024-10-04 15:00:00,"302,34479712785776","798,890015",4,1,2024-10-04
2024-10-04 16:00:00,"370,23131021553337","984,400024",4,1,2024-10-04
2024-10-04 17:00:00,"496,912793822465","1111,579956",4,1,2024-10-04
2024-10-04 18:00:00,"531,8918736630733","922,710022",4,1,2024-10-04
2024-10-04 19:00:00,"471,97196940691384","745,179993",4,1,2024-10-04
2024-10-04 20:00:00,"444,784632188108","745,179993",4,1,2024-10-04
2024-10-04 21:00:00,"409,47397380796","671,330017",4,1,2024-10-04
2024-10-04 22:00:00,"335,75092927994353","694,340027",4,1,2024-10-04
2024-10-04 23:00:00,"307,28972793743833","631,23999",4,1,2024-10-04
2024-10-05 00:00:00,"263,9461110548966","607,080017",4,1,2024-10-05
2024-10-05 01:00:00,"248,96121095069975","563,380005",4,1,2024-10-05
2024-10-05 02:00:00,"250,41193874634897","564,719971",4,1,2024-10-05
2024-10-05 03:00:00,"246,69588703009455","595,299988",4,1,2024-10-05
2024-10-05 04:00:00,"247,4091556195667","642,880005",4,1,2024-10-05
2024-10-05 05:00:00,"253,73399309752347","748,780029",4,1,2024-10-05
2024-10-05 06:00:00,"256,64234416776196","825,0",4,1,2024-10-05
2024-10-05 07:00:00,"256,4170782511711","768,169983",4,1,2024-10-05
2024-10-05 08:00:00,"160,3356713735642","614,690002",4,1,2024-10-05
2024-10-05 09:00:00,"48,21208196117258","509,160004",4,1,2024-10-05
2024-10-05 10:00:00,"19,064445445071467","383,640015",4,1,2024-10-05
2024-10-05 11:00:00,"22,804282450441445","289,970001",4,1,2024-10-05
2024-10-05 12:00:00,"14,985390159275157","324,350006",4,1,2024-10-05
2024-10-05 13:00:00,"13,027307540683866","418,839996",4,1,2024-10-05
2024-10-05 14:00:00,"123,75445657523235","544,280029",4,1,2024-10-05
2024-10-05 15:00:00,"281,58394751864006","690,23999",4,1,2024-10-05
2024-10-05 16:00:00,"387,34147984833606","1029,719971",4,1,2024-10-05
2024-10-05 17:00:00,"531,4083692822043","1028,97998",4,1,2024-10-05
2024-10-05 18:00:00,"645,6118570526835","799,719971",4,1,2024-10-05
2024-10-05 19:00:00,"590,7285626944314","705,299988",4,1,2024-10-05
2024-10-05 20:00:00,"516,1601942682106","633,710022",4,1,2024-10-05
2024-10-05 21:00:00,"533,6567076161044","499,690002",4,1,2024-10-05
2024-10-05 22:00:00,"552,4602327500232","485,420013",4,1,2024-10-05
2024-10-05 23:00:00,"498,3730856533156","452,100006",4,1,2024-10-05
2024-10-06 00:00:00,"456,0097749607998","440,549988",4,1,2024-10-06
2024-10-06 01:00:00,"442,0284813667427","433,320007",4,1,2024-10-06
2024-10-06 02:00:00,"434,18947883012856","424,369995",4,1,2024-10-06
2024-10-06 03:00:00,"445,38032690057474","433,320007",4,1,2024-10-06
2024-10-06 04:00:00,"453,92364140251664","431,829987",4,1,2024-10-06
2024-10-06 05:00:00,"502,3905855353411","524,929993",4,1,2024-10-06
2024-10-06 06:00:00,"505,85215015674015","491,01001",4,1,2024-10-06
2024-10-06 07:00:00,"390,24506549633224","447,700012",4,1,2024-10-06
2024-10-06 08:00:00,"163,374317629921","262,98999",4,1,2024-10-06
2024-10-06 09:00:00,"73,16386880485796","124,339996",4,1,2024-10-06
2024-10-06 10:00:00,"14,003720441533526","79,690002",4,1,2024-10-06
2024-10-06 11:00:00,"-2,30911883965964","41,889999",4,1,2024-10-06
2024-10-06 12:00:00,"2,123348537029584","16,25",4,1,2024-10-06
2024-10-06 13:00:00,"39,64454922735322","13,34",4,1,2024-10-06
2024-10-06 14:00:00,"212,97766537904113","395,820007",4,1,2024-10-06
2024-10-06 15:00:00,"425,8324784650029","617,070007",4,1,2024-10-06
2024-10-06 16:00:00,"664,3712476595197","792,390015",4,1,2024-10-06
2024-10-06 17:00:00,"809,5435687796313","724,710022",4,1,2024-10-06
2024-10-06 18:00:00,"791,537265004227","544,01001",4,1,2024-10-06
2024-10-06 19:00:00,"732,1615015254515","442,559998",4,1,2024-10-06
2024-10-06 20:00:00,"646,0270261022821","437,48999",4,1,2024-10-06
2024-10-06 21:00:00,"472,1334258495776","385,459991",4,1,2024-10-06
2024-10-06 22:00:00,"455,26526947523456","257,769989",4,1,2024-10-06
2024-10-06 23:00:00,"409,11981920747667","263,429993",4,1,2024-10-06
2024-10-07 00:00:00,"209,11169818004987","247,850006",4,2,2024-10-07
2024-10-07 01:00:00,"200,69450525319309","224,75",4,2,2024-10-07
2024-10-07 02:00:00,"210,85751214346237","260,529999",4,2,2024-10-07
2024-10-07 03:00:00,"247,10415720650528","291,910004",4,2,2024-10-07
2024-10-07 04:00:00,"331,6382783347922","335,369995",4,2,2024-10-07
2024-10-07 05:00:00,"466,6491395398244","378,299988",4,2,2024-10-07
2024-10-07 06:00:00,"640,7605626364127","414,089996",4,2,2024-10-07
2024-10-07 07:00:00,"488,55394552009585","383,75",4,2,2024-10-07
2024-10-07 08:00:00,"450,63300528236","372,420013",4,2,2024-10-07
2024-10-07 09:00:00,"392,91482146447396","356,309998",4,2,2024-10-07
2024-10-07 10:00:00,"311,3413550546577","340,880005",4,2,2024-10-07
2024-10-07 11:00:00,"254,86539103258116","322,019989",4,2,2024-10-07
2024-10-07 12:00:00,"234,8738774920441","358,399994",4,2,2024-10-07
2024-10-07 13:00:00,"276,9057131436427","458,070007",4,2,2024-10-07
2024-10-07 14:00:00,"287,85311452756355","661,869995",4,2,2024-10-07
2024-10-07 15:00:00,"362,77130124920143","873,640015",4,2,2024-10-07
2024-10-07 16:00:00,"568,4720792539883","1405,060059",4,2,2024-10-07
2024-10-07 17:00:00,"686,8684533050042","1405,359985",4,2,2024-10-07
2024-10-07 18:00:00,"567,5069028251179","909,27002",4,2,2024-10-07
2024-10-07 19:00:00,"485,9658391610252","744,909973",4,2,2024-10-07
2024-10-07 20:00:00,"432,2143342456902","685,119995",4,2,2024-10-07
2024-10-07 21:00:00,"345,5557074106557","589,780029",4,2,2024-10-07
2024-10-07 22:00:00,"297,3791424015186","539,340027",4,2,2024-10-07
2024-10-07 23:00:00,"237,9914820401496","500,119995",4,2,2024-10-07
2024-10-08 00:00:00,"217,5885645027682","477,149994",4,2,2024-10-08
2024-10-08 01:00:00,"208,7268527260227","444,940002",4,2,2024-10-08
2024-10-08 02:00:00,"205,33714957233812","445,089996",4,2,2024-10-08
2024-10-08 03:00:00,"210,96729926263887","502,799988",4,2,2024-10-08
2024-10-08 04:00:00,"297,1670853101315","641,049988",4,2,2024-10-08
2024-10-08 05:00:00,"427,97289780670536","822,98999",4,2,2024-10-08
2024-10-08 06:00:00,"522,683172365935","792,200012",4,2,2024-10-08
2024-10-08 07:00:00,"431,173797960412","633,820007",4,2,2024-10-08
2024-10-08 08:00:00,"393,5704666464536","598,98999",4,2,2024-10-08
2024-10-08 09:00:00,"359,02928529967653","547,469971",4,2,2024-10-08
2024-10-08 10:00:00,"336,86699933273127","495,940002",4,2,2024-10-08
2024-10-08 11:00:00,"322,1556357607609","529,200012",4,2,2024-10-08
2024-10-08 12:00:00,"267,1571988255812","565,140015",4,2,2024-10-08
2024-10-08 13:00:00,"324,3068068410035","578,119995",4,2,2024-10-08
2024-10-08 14:00:00,"354,3123055616166","694,440002",4,2,2024-10-08
2024-10-08 15:00:00,"428,5957723416499","850,059998",4,2,2024-10-08
2024-10-08 16:00:00,"579,0436058955663","1073,76001",4,2,2024-10-08
2024-10-08 17:00:00,"781,2425712429648","1141,540039",4,2,2024-10-08
2024-10-08 18:00:00,"682,0541375007473","853,119995",4,2,2024-10-08
2024-10-08 19:00:00,"616,4132295262212","707,640015",4,2,2024-10-08
2024-10-08 20:00:00,"524,363524910712","645,75",4,2,2024-10-08
2024-10-08 21:00:00,"487,8774306460379","504,070007",4,2,2024-10-08
2024-10-08 22:00:00,"487,6095053240959","461,859985",4,2,2024-10-08
2024-10-08 23:00:00,"462,9075443063438","447,459991",4,2,2024-10-08
2024-10-09 00:00:00,"411,5363288601976","428,670013",4,2,2024-10-09
2024-10-09 01:00:00,"355,25131386715947","405,100006",4,2,2024-10-09
2024-10-09 02:00:00,"283,1434202293569","427,480011",4,2,2024-10-09
2024-10-09 03:00:00,"274,53301441444626","476,329987",4,2,2024-10-09
2024-10-09 04:00:00,"327,36259436297183","646,590027",4,2,2024-10-09
2024-10-09 05:00:00,"491,76012364350396","826,320007",4,2,2024-10-09
2024-10-09 06:00:00,"634,0198593911831","827,659973",4,2,2024-10-09
2024-10-09 07:00:00,"674,7919535313935","648,820007",4,2,2024-10-09
2024-10-09 08:00:00,"525,769652071386","537,630005",4,2,2024-10-09
2024-10-09 09:00:00,"410,63664518052263","446,720001",4,2,2024-10-09
2024-10-09 10:00:00,"255,9120393845826","445,970001",4,2,2024-10-09
2024-10-09 11:00:00,"229,9839385645008","446,350006",4,2,2024-10-09
2024-10-09 12:00:00,"240,1336030781462","504,369995",4,2,2024-10-09
2024-10-09 13:00:00,"280,074386910598","575,51001",4,2,2024-10-09
2024-10-09 14:00:00,"342,49324818534666","708,48999",4,2,2024-10-09
2024-10-09 15:00:00,"426,27168575880887","875,909973",4,2,2024-10-09
2024-10-09 16:00:00,"630,5635314148317","913,799988",4,2,2024-10-09
2024-10-09 17:00:00,"777,6404596725638","948,030029",4,2,2024-10-09
2024-10-09 18:00:00,"728,513998986632","828,179993",4,2,2024-10-09
2024-10-09 19:00:00,"683,9516287761146","714,450012",4,2,2024-10-09
2024-10-09 20:00:00,"614,1401350449356","709,22998",4,2,2024-10-09
2024-10-09 21:00:00,"517,1240504546311","614,070007",4,2,2024-10-09
2024-10-09 22:00:00,"468,1671693525058","456,399994",4,2,2024-10-09
2024-10-09 23:00:00,"435,83120683416615","349,73999",4,2,2024-10-09
2024-10-10 00:00:00,"416,75526417034473","281,559998",4,2,2024-10-10
2024-10-10 01:00:00,"397,67970166982246","238,679993",4,2,2024-10-10
2024-10-10 02:00:00,"397,29155519604626","221,070007",4,2,2024-10-10
2024-10-10 03:00:00,"392,5451275889837","295,359985",4,2,2024-10-10
2024-10-10 04:00:00,"485,0801108235015","463,179993",4,2,2024-10-10
2024-10-10 05:00:00,"587,110024563963","633,23999",4,2,2024-10-10
2024-10-10 06:00:00,"660,5039084660814","600,119995",4,2,2024-10-10
2024-10-10 07:00:00,"515,4048191647153","503,459991",4,2,2024-10-10
2024-10-10 08:00:00,"420,91609581020447","387,920013",4,2,2024-10-10
2024-10-10 09:00:00,"317,60561047010833","290,369995",4,2,2024-10-10
2024-10-10 10:00:00,"139,44937720124565","163,270004",4,2,2024-10-10
2024-10-10 11:00:00,"84,4650128942647","118,889999",4,2,2024-10-10
2024-10-10 12:00:00,"96,79415214825401","149,25",4,2,2024-10-10
2024-10-10 13:00:00,"190,0546494550638","277,309998",4,2,2024-10-10
2024-10-10 14:00:00,"265,9394276447589","277,309998",4,2,2024-10-10
2024-10-10 15:00:00,"270,8111926641956","285,140015",4,2,2024-10-10
2024-10-10 16:00:00,"319,3299627894654","294,470001",4,2,2024-10-10
2024-10-10 17:00:00,"308,6468911465944","288,200012",4,2,2024-10-10
2024-10-10 18:00:00,"351,56513623327373","274,630005",4,2,2024-10-10
2024-10-10 19:00:00,"294,7516610467074","263,890015",4,2,2024-10-10
2024-10-10 20:00:00,"257,0721815277939","223,759995",4,2,2024-10-10
2024-10-10 21:00:00,"227,70743000469784","236,289993",4,2,2024-10-10
2024-10-10 22:00:00,"236,21866409260517","258,890015",4,2,2024-10-10
2024-10-10 23:00:00,"194,94566712460426","258,959991",4,2,2024-10-10
2024-10-11 00:00:00,"146,37237013688963","261,720001",4,2,2024-10-11
2024-10-11 01:00:00,"148,39453069373027","267,609985",4,2,2024-10-11
2024-10-11 02:00:00,"148,15344992915115","267,839996",4,2,2024-10-11
2024-10-11 03:00:00,"171,37384028164757","274,179993",4,2,2024-10-11
2024-10-11 04:00:00,"210,7268327475896","308,190002",4,2,2024-10-11
2024-10-11 05:00:00,"519,3518418965823","439,230011",4,2,2024-10-11
2024-10-11 06:00:00,"561,426947879321","593,919983",4,2,2024-10-11
2024-10-11 07:00:00,"488,3425598074598","400,670013",4,2,2024-10-11
2024-10-11 08:00:00,"348,6265710357061","367,859985",4,2,2024-10-11
2024-10-11 09:00:00,"225,46329663651753","324,970001",4,2,2024-10-11
2024-10-11 10:00:00,"150,617840402443","316,470001",4,2,2024-10-11
2024-10-11 11:00:00,"102,2102914623041","310,200012",4,2,2024-10-11
2024-10-11 12:00:00,"108,72260618179749","299,309998",4,2,2024-10-11
2024-10-11 13:00:00,"152,37344522090973","298,119995",4,2,2024-10-11
2024-10-11 14:00:00,"214,3071136437817","298,859985",4,2,2024-10-11
2024-10-11 15:00:00,"305,76266407102366","496,660004",4,2,2024-10-11
2024-10-11 16:00:00,"447,98069485651183","939,330017",4,2,2024-10-11
2024-10-11 17:00:00,"457,8429598373966","1208,060059",4,2,2024-10-11
2024-10-11 18:00:00,"399,39853960582616","895,02002",4,2,2024-10-11
2024-10-11 19:00:00,"327,7985446825963","744,289978",4,2,2024-10-11
2024-10-11 20:00:00,"277,872428644283","733,98999",4,2,2024-10-11
2024-10-11 21:00:00,"297,312724776342","655,080017",4,2,2024-10-11
2024-10-11 22:00:00,"308,5943108838531","672,190002",4,2,2024-10-11
2024-10-11 23:00:00,"270,6025545478913","592,580017",4,2,2024-10-11
2024-10-12 00:00:00,"227,72648908601388","563,929993",4,2,2024-10-12
2024-10-12 01:00:00,"240,57197243920368","559,75",4,2,2024-10-12
2024-10-12 02:00:00,"244,63400647562685","536,619995",4,2,2024-10-12
2024-10-12 03:00:00,"218,2655312847892","506,619995",4,2,2024-10-12
2024-10-12 04:00:00,"246,30889034891314","534,460022",4,2,2024-10-12
2024-10-12 05:00:00,"288,9100296679955","400,149994",4,2,2024-10-12
2024-10-12 06:00:00,"321,0362559055827","378,359985",4,2,2024-10-12
2024-10-12 07:00:00,"272,85217481330795","310,910004",4,2,2024-10-12
2024-10-12 08:00:00,"212,47410972567715","263,390015",4,2,2024-10-12
2024-10-12 09:00:00,"135,59702845991984","255,770004",4,2,2024-10-12
2024-10-12 10:00:00,"78,38869969883856","184,970001",4,2,2024-10-12
2024-10-12 11:00:00,"44,118041148793914","106,919998",4,2,2024-10-12
2024-10-12 12:00:00,"73,28859010232479","174,149994",4,2,2024-10-12
2024-10-12 13:00:00,"125,12080596151414","263,459991",4,2,2024-10-12
2024-10-12 14:00:00,"212,12620724648684","218,990005",4,2,2024-10-12
2024-10-12 15:00:00,"371,07937743896235","423,799988",4,2,2024-10-12
2024-10-12 16:00:00,"395,08569372247104","361,950012",4,2,2024-10-12
2024-10-12 17:00:00,"356,235552302766","299,049988",4,2,2024-10-12
2024-10-12 18:00:00,"273,9041272330337","289,350006",4,2,2024-10-12
2024-10-12 19:00:00,"262,31357720214714","288,309998",4,2,2024-10-12
2024-10-12 20:00:00,"252,30616014403944","260,179993",4,2,2024-10-12
2024-10-12 21:00:00,"266,6120564931144","189,289993",4,2,2024-10-12
2024-10-12 22:00:00,"279,863371924825","0,0",4,2,2024-10-12
2024-10-12 23:00:00,"278,4873707951127","-0,07",4,2,2024-10-12
2024-10-13 00:00:00,"293,187574731641","-0,52",4,2,2024-10-13
2024-10-13 01:00:00,"312,22374188792014","-2,76",4,2,2024-10-13
2024-10-13 02:00:00,"301,2597458188746","-3,81",4,2,2024-10-13
2024-10-13 03:00:00,"300,6458371075887","-0,67",4,2,2024-10-13
2024-10-13 04:00:00,"342,49551897554244","-0,07",4,2,2024-10-13
2024-10-13 05:00:00,"383,4009208084572","12,83",4,2,2024-10-13
2024-10-13 06:00:00,"406,97111125662957","134,0",4,2,2024-10-13
2024-10-13 07:00:00,"353,632754151222","73,489998",4,2,2024-10-13
2024-10-13 08:00:00,"162,0209193512712","36,630001",4,2,2024-10-13
2024-10-13 09:00:00,"78,20112728486971","46,330002",4,2,2024-10-13
2024-10-13 10:00:00,"29,308343550209162","47,599998",4,2,2024-10-13
2024-10-13 11:00:00,"15,277169438877857","52,970001",4,2,2024-10-13
2024-10-13 12:00:00,"26,382602233181586","59,09",4,2,2024-10-13
2024-10-13 13:00:00,"56,77540139025341","94,610001",4,2,2024-10-13
2024-10-13 14:00:00,"278,84537943130533","118,260002",4,2,2024-10-13
2024-10-13 15:00:00,"440,17423213846206","166,009995",4,2,2024-10-13
2024-10-13 16:00:00,"543,0002495293509","267,329987",4,2,2024-10-13
2024-10-13 17:00:00,"577,3213009396469","403,269989",4,2,2024-10-13
2024-10-13 18:00:00,"506,7357111948221","294,790009",4,2,2024-10-13
2024-10-13 19:00:00,"509,9181051003138","286,730011",4,2,2024-10-13
2024-10-13 20:00:00,"495,6862292743624","299,410004",4,2,2024-10-13
2024-10-13 21:00:00,"415,62417073801396","274,640015",4,2,2024-10-13
2024-10-13 22:00:00,"320,3150766589732","276,809998",4,2,2024-10-13
2024-10-13 23:00:00,"250,97458681489144","263,0",4,2,2024-10-13
2024-10-14 00:00:00,"224,82823344186892","262,410004",4,3,2024-10-14
2024-10-14 01:00:00,"208,73996692659327","256,359985",4,3,2024-10-14
2024-10-14 02:00:00,"211,1124755760021","293,450012",4,3,2024-10-14
2024-10-14 03:00:00,"230,7907294953843","464,079987",4,3,2024-10-14
2024-10-14 04:00:00,"320,1213610536333","736,710022",4,3,2024-10-14
2024-10-14 05:00:00,"467,09390952722697","973,900024",4,3,2024-10-14
2024-10-14 06:00:00,"530,6345016190766","1142,449951",4,3,2024-10-14
2024-10-14 07:00:00,"486,6698843509645","879,960022",4,3,2024-10-14
2024-10-14 08:00:00,"431,90749390047705","753,200012",4,3,2024-10-14
2024-10-14 09:00:00,"324,88428378520314","695,599976",4,3,2024-10-14
2024-10-14 10:00:00,"239,18095548330766","643,450012",4,3,2024-10-14
2024-10-14 11:00:00,"209,36534989910135","616,289978",4,3,2024-10-14
2024-10-14 12:00:00,"190,96978380609005","553,320007",4,3,2024-10-14
2024-10-14 13:00:00,"273,13817273654763","649,710022",4,3,2024-10-14
2024-10-14 14:00:00,"299,77342021643","789,309998",4,3,2024-10-14
2024-10-14 15:00:00,"418,1727380541148","1182,660034",4,3,2024-10-14
2024-10-14 16:00:00,"624,7052844451921","1865,280029",4,3,2024-10-14
2024-10-14 17:00:00,"779,8982262916766","1964,290039",4,3,2024-10-14
2024-10-14 18:00:00,"685,598960433998","1178,859985",4,3,2024-10-14
2024-10-14 19:00:00,"439,8808034450559","851,460022",4,3,2024-10-14
2024-10-14 20:00:00,"388,09181897258605","743,580017",4,3,2024-10-14
2024-10-14 21:00:00,"340,9032858198328","707,309998",4,3,2024-10-14
2024-10-14 22:00:00,"289,27323255047736","680,679993",4,3,2024-10-14
2024-10-14 23:00:00,"256,6965605792717","645,320007",4,3,2024-10-14
2024-10-15 00:00:00,"213,77508183770843","659,190002",4,3,2024-10-15
2024-10-15 01:00:00,"201,1302654613922","627,039978",4,3,2024-10-15
2024-10-15 02:00:00,"234,58200093926592","602,859985",4,3,2024-10-15
2024-10-15 03:00:00,"279,36025263219824","667,849976",4,3,2024-10-15
2024-10-15 04:00:00,"381,9881973529236","854,530029",4,3,2024-10-15
2024-10-15 05:00:00,"457,73513505957806","1383,22998",4,3,2024-10-15
2024-10-15 06:00:00,"584,2468490720612","1317,719971",4,3,2024-10-15
2024-10-15 07:00:00,"660,6037969046598","824,76001",4,3,2024-10-15
2024-10-15 08:00:00,"554,5797695003021","692,02002",4,3,2024-10-15
2024-10-15 09:00:00,"500,97522384256473","619,650024",4,3,2024-10-15
2024-10-15 10:00:00,"471,0635806095393","585,47998",4,3,2024-10-15
2024-10-15 11:00:00,"459,8525301373128","535,340027",4,3,2024-10-15
2024-10-15 12:00:00,"443,4037758719291","566,299988",4,3,2024-10-15
2024-10-15 13:00:00,"481,2996847912551","621,960022",4,3,2024-10-15
2024-10-15 14:00:00,"536,2737566507191","664,27002",4,3,2024-10-15
2024-10-15 15:00:00,"718,7018136326499","900,48999",4,3,2024-10-15
2024-10-15 16:00:00,"836,8757641446448","1020,609985",4,3,2024-10-15
2024-10-15 17:00:00,"900,1293268819143","726,049988",4,3,2024-10-15
2024-10-15 18:00:00,"743,3645582647085","568,98999",4,3,2024-10-15
2024-10-15 19:00:00,"645,4435826192108","497,290009",4,3,2024-10-15
2024-10-15 20:00:00,"544,2802218293252","445,059998",4,3,2024-10-15
2024-10-15 21:00:00,"446,38401736096233","304,269989",4,3,2024-10-15
2024-10-15 22:00:00,"426,85667682113973","174,210007",4,3,2024-10-15
2024-10-15 23:00:00,"396,5571682010199","95,5",4,3,2024-10-15
2024-10-16 00:00:00,"347,1074466271414","39,540001",4,3,2024-10-16
2024-10-16 01:00:00,"321,9308930111515","26,93",4,3,2024-10-16
2024-10-16 02:00:00,"295,0365163974081","23,58",4,3,2024-10-16
2024-10-16 03:00:00,"293,2445168586145","61,18",4,3,2024-10-16
2024-10-16 04:00:00,"306,28249377679236","301,049988",4,3,2024-10-16
2024-10-16 05:00:00,"384,36293615902485","353,720001",4,3,2024-10-16
2024-10-16 06:00:00,"456,699986823311","406,23999",4,3,2024-10-16
2024-10-16 07:00:00,"444,24617984468836","354,76001",4,3,2024-10-16
2024-10-16 08:00:00,"380,06364320761713","199,059998",4,3,2024-10-16
2024-10-16 09:00:00,"301,0027289174684","105,650002",4,3,2024-10-16
2024-10-16 10:00:00,"264,82068312393443","30,51",4,3,2024-10-16
2024-10-16 11:00:00,"240,212147747362","15,22",4,3,2024-10-16
2024-10-16 12:00:00,"209,71190692562323","29,84",4,3,2024-10-16
2024-10-16 13:00:00,"227,36184644371545","105,800003",4,3,2024-10-16
2024-10-16 14:00:00,"276,53863541020013","246,210007",4,3,2024-10-16
2024-10-16 15:00:00,"346,2259433494607","263,0",4,3,2024-10-16
2024-10-16 16:00:00,"363,3911838224179","277,470001",4,3,2024-10-16
2024-10-16 17:00:00,"362,84425154758304","272,470001",4,3,2024-10-16
2024-10-16 18:00:00,"330,05194905966874","267,470001",4,3,2024-10-16
2024-10-16 19:00:00,"217,3270925358205","257,619995",4,3,2024-10-16
2024-10-16 20:00:00,"279,485340175765","242,029999",4,3,2024-10-16
2024-10-16 21:00:00,"279,4171700116819","198,009995",4,3,2024-10-16
2024-10-16 22:00:00,"284,8150422880404","127,129997",4,3,2024-10-16
2024-10-16 23:00:00,"293,4067658285277","90,650002",4,3,2024-10-16
2024-10-17 00:00:00,"286,192925461164","78,190002",4,3,2024-10-17
2024-10-17 01:00:00,"272,9330443274399","41,860001",4,3,2024-10-17
2024-10-17 02:00:00,"253,15636069677367","74,68",4,3,2024-10-17
2024-10-17 03:00:00,"274,7663213505522","216,139999",4,3,2024-10-17
2024-10-17 04:00:00,"314,8006837454938","261,730011",4,3,2024-10-17
2024-10-17 05:00:00,"389,15768797265764","298,660004",4,3,2024-10-17
2024-10-17 06:00:00,"397,8745771353163","306,790009",4,3,2024-10-17
2024-10-17 07:00:00,"392,6421779150726","301,869995",4,3,2024-10-17
2024-10-17 08:00:00,"330,17318078980225","286,940002",4,3,2024-10-17
2024-10-17 09:00:00,"283,23484551627456","287,089996",4,3,2024-10-17
2024-10-17 10:00:00,"168,72672260666477","290,670013",4,3,2024-10-17
2024-10-17 11:00:00,"117,15812449949642","305,299988",4,3,2024-10-17
2024-10-17 12:00:00,"147,04820147127032","322,980011",4,3,2024-10-17
2024-10-17 13:00:00,"225,3302969376156","474,140015",4,3,2024-10-17
2024-10-17 14:00:00,"326,3191855825601","691,469971",4,3,2024-10-17
2024-10-17 15:00:00,"350,81479072373287","893,059998",4,3,2024-10-17
2024-10-17 16:00:00,"388,07233360113935","1292,290039",4,3,2024-10-17
2024-10-17 17:00:00,"504,32933073190895","1275,810059",4,3,2024-10-17
2024-10-17 18:00:00,"542,5328818397934","876,650024",4,3,2024-10-17
2024-10-17 19:00:00,"480,86103452922026","729,75",4,3,2024-10-17
2024-10-17 20:00:00,"483,00587686424","664,390015",4,3,2024-10-17
2024-10-17 21:00:00,"418,82077640619156","613,359985",4,3,2024-10-17
2024-10-17 22:00:00,"340,96881545495205","603,929993",4,3,2024-10-17
2024-10-17 23:00:00,"282,1659053746478","605,5",4,3,2024-10-17
2024-10-18 00:00:00,"215,68962920422143","617,210022",4,3,2024-10-18
2024-10-18 01:00:00,"220,56411936790366","588,190002",4,3,2024-10-18
2024-10-18 02:00:00,"228,81089826037095","605,72998",4,3,2024-10-18
2024-10-18 03:00:00,"242,42726606146877","629,22998",4,3,2024-10-18
2024-10-18 04:00:00,"244,67049326765166","737,780029",4,3,2024-10-18
2024-10-18 05:00:00,"476,1506286804599","1117,449951",4,3,2024-10-18
2024-10-18 06:00:00,"583,9441193233998","1165,640015",4,3,2024-10-18
2024-10-18 07:00:00,"561,9946419744672","828,130005",4,3,2024-10-18
2024-10-18 08:00:00,"447,52514264417255","714,429993",4,3,2024-10-18
2024-10-18 09:00:00,"368,04273631344006","636,390015",4,3,2024-10-18
2024-10-18 10:00:00,"281,924054456488","618,929993",4,3,2024-10-18
2024-10-18 11:00:00,"244,81611925298043","598,340027",4,3,2024-10-18
2024-10-18 12:00:00,"222,2052072823022","605,72998",4,3,2024-10-18
2024-10-18 13:00:00,"228,9888667124053","629,22998",4,3,2024-10-18
2024-10-18 14:00:00,"301,5880721094866","770,599976",4,3,2024-10-18
2024-10-18 15:00:00,"382,90039615104047","997,26001",4,3,2024-10-18
2024-10-18 16:00:00,"600,1144794849689","1352,459961",4,3,2024-10-18
2024-10-18 17:00:00,"818,2654952117231","1063,72998",4,3,2024-10-18
2024-10-18 18:00:00,"678,9771915584435","770,309998",4,3,2024-10-18
2024-10-18 19:00:00,"514,6374894655705","722,409973",4,3,2024-10-18
2024-10-18 20:00:00,"475,26907776813925","695,77002",4,3,2024-10-18
2024-10-18 21:00:00,"457,4783867900979","638,179993",4,3,2024-10-18
2024-10-18 22:00:00,"403,66656094910206","649,27002",4,3,2024-10-18
2024-10-18 23:00:00,"313,1699337463409","619,210022",4,3,2024-10-18
2024-10-19 00:00:00,"246,71901081156278","595,940002",4,3,2024-10-19
2024-10-19 01:00:00,"254,3633951653433","561,27002",4,3,2024-10-19
2024-10-19 02:00:00,"250,5110513441704","565,809998",4,3,2024-10-19
2024-10-19 03:00:00,"238,91105174951903","572,530029",4,3,2024-10-19
2024-10-19 04:00:00,"267,6522088531591","596,619995",4,3,2024-10-19
2024-10-19 05:00:00,"316,1528394506043","685,440002",4,3,2024-10-19
2024-10-19 06:00:00,"338,76113536471644","668,659973",4,3,2024-10-19
2024-10-19 07:00:00,"296,4154275365401","630,919983",4,3,2024-10-19
2024-10-19 08:00:00,"242,85979526665983","587,669983",4,3,2024-10-19
2024-10-19 09:00:00,"222,1277633031109","546,799988",4,3,2024-10-19
2024-10-19 10:00:00,"166,4598981175744","493,399994",4,3,2024-10-19
2024-10-19 11:00:00,"119,21536269020409","454,619995",4,3,2024-10-19
2024-10-19 12:00:00,"153,30877873814617","476,470001",4,3,2024-10-19
2024-10-19 13:00:00,"216,839776760452","589,679993",4,3,2024-10-19
2024-10-19 14:00:00,"274,5930791398956","731,52002",4,3,2024-10-19
2024-10-19 15:00:00,"368,2183309213288","813,929993",4,3,2024-10-19
2024-10-19 16:00:00,"446,66765260552853","1012,900024",4,3,2024-10-19
2024-10-19 17:00:00,"525,6594653107228","886,940002",4,3,2024-10-19
2024-10-19 18:00:00,"520,6948651962551","721,900024",4,3,2024-10-19
2024-10-19 19:00:00,"395,3503456046206","672,530029",4,3,2024-10-19
2024-10-19 20:00:00,"390,48758482781534","625,179993",4,3,2024-10-19
2024-10-19 21:00:00,"346,49696096086376","546,869995",4,3,2024-10-19
2024-10-19 22:00:00,"268,9593720133376","403,059998",4,3,2024-10-19
2024-10-19 23:00:00,"241,71662094006388","409,470001",4,3,2024-10-19
2024-10-20 00:00:00,"209,51750514200052","407,079987",4,3,2024-10-20
2024-10-20 01:00:00,"206,0169858306024","417,0",4,3,2024-10-20
2024-10-20 02:00:00,"191,30214208399664","444,450012",4,3,2024-10-20
2024-10-20 03:00:00,"203,85238991664872","241,880005",4,3,2024-10-20
2024-10-20 04:00:00,"219,9637137632688","240,389999",4,3,2024-10-20
2024-10-20 05:00:00,"238,00800664082408","291,329987",4,3,2024-10-20
2024-10-20 06:00:00,"268,58581485214927","359,950012",4,3,2024-10-20
2024-10-20 07:00:00,"238,80878627442993","341,230011",4,3,2024-10-20
2024-10-20 08:00:00,"126,51960346615797","47,509998",4,3,2024-10-20
2024-10-20 09:00:00,"56,03617703131949","0,6",4,3,2024-10-20
2024-10-20 10:00:00,"19,632268711469166","0,0",4,3,2024-10-20
2024-10-20 11:00:00,"22,740751941413915","-7,31",4,3,2024-10-20
2024-10-20 12:00:00,"7,760759210569821","-14,99",4,3,2024-10-20
2024-10-20 13:00:00,"25,073796272432702","0,0",4,3,2024-10-20
2024-10-20 14:00:00,"199,4952220570454","38,040001",4,3,2024-10-20
2024-10-20 15:00:00,"310,61497358473554","413,570007",4,3,2024-10-20
2024-10-20 16:00:00,"336,8222115626941","318,25",4,3,2024-10-20
2024-10-20 17:00:00,"351,566992682284","268,950012",4,3,2024-10-20
2024-10-20 18:00:00,"331,7196058747505","252,919998",4,3,2024-10-20
2024-10-20 19:00:00,"282,82378691702223","156,259995",4,3,2024-10-20
2024-10-20 20:00:00,"282,68773025988924","90,620003",4,3,2024-10-20
2024-10-20 21:00:00,"278,92830400368405","14,39",4,3,2024-10-20
2024-10-20 22:00:00,"202,64262990153418","-0,75",4,3,2024-10-20
2024-10-20 23:00:00,"181,2845064525083","-0,75",4,3,2024-10-20
2024-10-21 00:00:00,"143,1758766648372","-1,04",4,4,2024-10-21
2024-10-21 01:00:00,"151,97455341030312","-0,6",4,4,2024-10-21
2024-10-21 02:00:00,"204,21786981365864","-0,3",4,4,2024-10-21
2024-10-21 03:00:00,"240,7015243634329","24,24",4,4,2024-10-21
2024-10-21 04:00:00,"396,262883687184","32,59",4,4,2024-10-21
2024-10-21 05:00:00,"542,8574684391609","301,170013",4,4,2024-10-21
2024-10-21 06:00:00,"548,0406291838401","292,070007",4,4,2024-10-21
2024-10-21 07:00:00,"512,4637550017397","240,160004",4,4,2024-10-21
2024-10-21 08:00:00,"424,3983987970502","215,399994",4,4,2024-10-21
2024-10-21 09:00:00,"361,1249978402525","208,690002",4,4,2024-10-21
2024-10-21 10:00:00,"300,8858542676249","188,479996",4,4,2024-10-21
2024-10-21 11:00:00,"297,04007603962486","209,729996",4,4,2024-10-21
2024-10-21 12:00:00,"286,9001697064577","168,710007",4,4,2024-10-21
2024-10-21 13:00:00,"315,60397100005287","434,609985",4,4,2024-10-21
2024-10-21 14:00:00,"411,0926766605541","670,289978",4,4,2024-10-21
2024-10-21 15:00:00,"512,8355249506653","969,900024",4,4,2024-10-21
2024-10-21 16:00:00,"758,9620850434561","1582,319946",4,4,2024-10-21
2024-10-21 17:00:00,"876,2642652500514","1404,810059",4,4,2024-10-21
2024-10-21 18:00:00,"668,2605472439117","957,969971",4,4,2024-10-21
2024-10-21 19:00:00,"448,9345888827161","750,320007",4,4,2024-10-21
2024-10-21 20:00:00,"421,78177084070614","729,440002",4,4,2024-10-21
2024-10-21 21:00:00,"367,7755538869656","693,419983",4,4,2024-10-21
2024-10-21 22:00:00,"306,5949672962426","666,929993",4,4,2024-10-21
2024-10-21 23:00:00,"251,88556201890648","652,76001",4,4,2024-10-21
2024-10-22 00:00:00,"236,0837177474733","639,109985",4,4,2024-10-22
2024-10-22 01:00:00,"236,68716073088274","623,52002",4,4,2024-10-22
2024-10-22 02:00:00,"244,62372558326126","619,190002",4,4,2024-10-22
2024-10-22 03:00:00,"283,45427722487","641,419983",4,4,2024-10-22
2024-10-22 04:00:00,"382,10727094034416","731,960022",4,4,2024-10-22
2024-10-22 05:00:00,"696,1666632788184","1118,76001",4,4,2024-10-22
2024-10-22 06:00:00,"757,0328077156265","1215,27002",4,4,2024-10-22
2024-10-22 07:00:00,"733,771732334573","846,080017",4,4,2024-10-22
2024-10-22 08:00:00,"606,3453966686259","736,809998",4,4,2024-10-22
2024-10-22 09:00:00,"416,5914094873035","639,109985",4,4,2024-10-22
2024-10-22 10:00:00,"343,48711558932433","246,720001",4,4,2024-10-22
2024-10-22 11:00:00,"292,17648280301455","232,550003",4,4,2024-10-22
2024-10-22 12:00:00,"281,06147707117816","225,539993",4,4,2024-10-22
2024-10-22 13:00:00,"294,15410195832595","229,789993",4,4,2024-10-22
2024-10-22 14:00:00,"360,19476493862936","263,130005",4,4,2024-10-22
2024-10-22 15:00:00,"492,2188021157677","759,109985",4,4,2024-10-22
2024-10-22 16:00:00,"547,3623307022831","1043,579956",4,4,2024-10-22
2024-10-22 17:00:00,"509,00138241184425","1176,560059",4,4,2024-10-22
2024-10-22 18:00:00,"416,56241190019335","850,400024",4,4,2024-10-22
2024-10-22 19:00:00,"365,32804154816944","697,72998",4,4,2024-10-22
2024-10-22 20:00:00,"310,4040914748209","713,919983",4,4,2024-10-22
2024-10-22 21:00:00,"287,37276566487776","658,950012",4,4,2024-10-22
2024-10-22 22:00:00,"275,2965747945917","602,789978",4,4,2024-10-22
2024-10-22 23:00:00,"229,3047604457733","620,690002",4,4,2024-10-22
2024-10-23 00:00:00,"219,02371407116843","611,669983",4,4,2024-10-23
2024-10-23 01:00:00,"212,86686109289266","620,539978",4,4,2024-10-23
2024-10-23 02:00:00,"198,61368304681852","639,859985",4,4,2024-10-23
2024-10-23 03:00:00,"246,1123721959057","675,950012",4,4,2024-10-23
2024-10-23 04:00:00,"360,3564297715789","780,950012",4,4,2024-10-23
2024-10-23 05:00:00,"485,95213875410894","1025,329956",4,4,2024-10-23
2024-10-23 06:00:00,"580,0496197569895","1205,72998",4,4,2024-10-23
2024-10-23 07:00:00,"587,5729484290971","957,690002",4,4,2024-10-23
2024-10-23 08:00:00,"476,8890606318091","776,330017",4,4,2024-10-23
2024-10-23 09:00:00,"383,4489437777948","693,700012",4,4,2024-10-23
2024-10-23 10:00:00,"287,1687114360056","600,929993",4,4,2024-10-23
2024-10-23 11:00:00,"231,82771853839913","574,75",4,4,2024-10-23
2024-10-23 12:00:00,"219,10975673931028","562,450012",4,4,2024-10-23
2024-10-23 13:00:00,"278,22105467611607","657,830017",4,4,2024-10-23
2024-10-23 14:00:00,"342,2179258814135","696,22998",4,4,2024-10-23
2024-10-23 15:00:00,"427,0051362091608","1009,669983",4,4,2024-10-23
2024-10-23 16:00:00,"522,5734991825107","1428,859985",4,4,2024-10-23
2024-10-23 17:00:00,"523,6100681718646","1312,52002",4,4,2024-10-23
2024-10-23 18:00:00,"458,13802684026643","833,080017",4,4,2024-10-23
2024-10-23 19:00:00,"403,65333868959203","754,849976",4,4,2024-10-23
2024-10-23 20:00:00,"353,83579409013635","767,599976",4,4,2024-10-23
2024-10-23 21:00:00,"331,33452629814116","694,73999",4,4,2024-10-23
2024-10-23 22:00:00,"283,5155250488831","647,059998",4,4,2024-10-23
2024-10-23 23:00:00,"226,26743521703202","597,460022",4,4,2024-10-23
2024-10-24 00:00:00,"229,045787548415","582,469971",4,4,2024-10-24
2024-10-24 01:00:00,"215,58029011711963","564,349976",4,4,2024-10-24
2024-10-24 02:00:00,"208,133945688369","532,200012",4,4,2024-10-24
2024-10-24 03:00:00,"269,6666249289335","597,909973",4,4,2024-10-24
2024-10-24 04:00:00,"349,0565649506821","748,409973",4,4,2024-10-24
2024-10-24 05:00:00,"419,2874239013933","1057,98999",4,4,2024-10-24
2024-10-24 06:00:00,"479,3252026080292","1233,47998",4,4,2024-10-24
2024-10-24 07:00:00,"498,78229220843576","874,820007",4,4,2024-10-24
2024-10-24 08:00:00,"425,99719869081673","760,049988",4,4,2024-10-24
2024-10-24 09:00:00,"363,2679513395987","693,969971",4,4,2024-10-24
2024-10-24 10:00:00,"276,24757692963135","626,169983",4,4,2024-10-24
2024-10-24 11:00:00,"211,31201371285553","590,299988",4,4,2024-10-24
2024-10-24 12:00:00,"230,99950551819114","607,900024",4,4,2024-10-24
2024-10-24 13:00:00,"308,7116889495792","713,72998",4,4,2024-10-24
2024-10-24 14:00:00,"347,7197254732449","809,869995",4,4,2024-10-24
2024-10-24 15:00:00,"420,07937073427036","921,659973",4,4,2024-10-24
2024-10-24 16:00:00,"560,9455096762146","1034,430054",4,4,2024-10-24
2024-10-24 17:00:00,"610,3615977827426","851,630005",4,4,2024-10-24
2024-10-24 18:00:00,"500,85854135225304","720,52002",4,4,2024-10-24
2024-10-24 19:00:00,"426,1497042641434","698,369995",4,4,2024-10-24
2024-10-24 20:00:00,"367,74303576723656","670,47998",4,4,2024-10-24
2024-10-24 21:00:00,"334,1138268651871","623,559998",4,4,2024-10-24
2024-10-24 22:00:00,"318,6561587324662","615,460022",4,4,2024-10-24
2024-10-24 23:00:00,"318,62201265214327","612,25",4,4,2024-10-24
2024-10-25 00:00:00,"332,10402889554047","594,48999",4,4,2024-10-25
2024-10-25 01:00:00,"307,5350307725874","616,200012",4,4,2024-10-25
2024-10-25 02:00:00,"320,25149469624984","630,150024",4,4,2024-10-25
2024-10-25 03:00:00,"327,7757288442308","705,650024",4,4,2024-10-25
2024-10-25 04:00:00,"411,9156121994711","812,700012",4,4,2024-10-25
2024-10-25 05:00:00,"663,3582332716368","923,190002",4,4,2024-10-25
2024-10-25 06:00:00,"803,8168651722714","1123,410034",4,4,2024-10-25
2024-10-25 07:00:00,"794,0471353935532","913,340027",4,4,2024-10-25
2024-10-25 08:00:00,"714,5401421793326","806,809998",4,4,2024-10-25
2024-10-25 09:00:00,"565,4569020814967","700,5",4,4,2024-10-25
2024-10-25 10:00:00,"477,0275292216785","604,859985",4,4,2024-10-25
2024-10-25 11:00:00,"477,4298394122029","583,22998",4,4,2024-10-25
2024-10-25 12:00:00,"479,91193439083946","615,22998",4,4,2024-10-25
2024-10-25 13:00:00,"512,47056603001","741,01001",4,4,2024-10-25
2024-10-25 14:00:00,"547,8195615631602","880,51001",4,4,2024-10-25
2024-10-25 15:00:00,"727,0459385271092","1184,140015",4,4,2024-10-25
2024-10-25 16:00:00,"885,2725660278735","1695,829956",4,4,2024-10-25
2024-10-25 17:00:00,"999,9770152320469","1379,0",4,4,2024-10-25
2024-10-25 18:00:00,"825,8813134434848","924,01001",4,4,2024-10-25
2024-10-25 19:00:00,"711,7834051373726","867,530029",4,4,2024-10-25
2024-10-25 20:00:00,"659,8336788701221","850,150024",4,4,2024-10-25
2024-10-25 21:00:00,"566,5913138145946","801,210022",4,4,2024-10-25
2024-10-25 22:00:00,"592,418929261932","860,150024",4,4,2024-10-25
2024-10-25 23:00:00,"490,78408605841105","818,0",4,4,2024-10-25
2024-10-26 00:00:00,"535,1128363219204","797,929993",4,4,2024-10-26
2024-10-26 01:00:00,"523,0020088098516","804,200012",4,4,2024-10-26
2024-10-26 02:00:00,"514,4746036547403","788,599976",4,4,2024-10-26
2024-10-26 03:00:00,"517,4563803253469","796,960022",4,4,2024-10-26
2024-10-26 04:00:00,"553,3837157194595","850,0",4,4,2024-10-26
2024-10-26 05:00:00,"561,5680299561701","937,890015",4,4,2024-10-26
2024-10-26 06:00:00,"574,912076553616","940,059998",4,4,2024-10-26
2024-10-26 07:00:00,"485,9425985572846","877,159973",4,4,2024-10-26
2024-10-26 08:00:00,"467,14442254862854","756,450012",4,4,2024-10-26
2024-10-26 09:00:00,"408,16212202896276","607,900024",4,4,2024-10-26
2024-10-26 10:00:00,"333,8601109544832","509,940002",4,4,2024-10-26
2024-10-26 11:00:00,"241,7973292209144","472,269989",4,4,2024-10-26
2024-10-26 12:00:00,"247,20881404341793","481,589996",4,4,2024-10-26
2024-10-26 13:00:00,"294,77213816976075","607,599976",4,4,2024-10-26
2024-10-26 14:00:00,"348,7106901874835","750,549988",4,4,2024-10-26
2024-10-26 15:00:00,"443,23936012141877","938,039978",4,4,2024-10-26
2024-10-26 16:00:00,"563,1676490190962","1125,829956",4,4,2024-10-26
2024-10-26 17:00:00,"596,9180090592453","885,890015",4,4,2024-10-26
2024-10-26 18:00:00,"511,2345346946533","719,809998",4,4,2024-10-26
2024-10-26 19:00:00,"458,85095559501616","662,219971",4,4,2024-10-26
2024-10-26 20:00:00,"419,41242865171216","652,820007",4,4,2024-10-26
2024-10-26 21:00:00,"325,9142129747464","571,719971",4,4,2024-10-26
2024-10-26 22:00:00,"241,53983035607334","688,119995",4,4,2024-10-26
2024-10-26 23:00:00,"222,37998198723648","626,780029",4,4,2024-10-26
2024-10-27 00:00:00,"221,80358465357818","613,570007",4,4,2024-10-27
2024-10-27 01:00:00,"221,44500640720685","600,140015",4,4,2024-10-27
2024-10-27 02:00:00,"222,81267453132196","592,530029",4,4,2024-10-27
2024-10-27 03:00:00,"215,67218099145722","587,900024",4,4,2024-10-27
2024-10-27 04:00:00,"201,3684435796863","635,289978",4,4,2024-10-27
2024-10-27 05:00:00,"239,51305518486168","665,659973",4,4,2024-10-27
2024-10-27 06:00:00,"274,8797533932957","657,0",4,4,2024-10-27
2024-10-27 07:00:00,"253,85832642360486","629,320007",4,4,2024-10-27
2024-10-27 08:00:00,"163,11552682194193","496,049988",4,4,2024-10-27
2024-10-27 09:00:00,"78,9951356698182","408,299988",4,4,2024-10-27
2024-10-27 10:00:00,"26,78888962544724","317,119995",4,4,2024-10-27
2024-10-27 11:00:00,"8,98800371881059","298,390015",4,4,2024-10-27
2024-10-27 12:00:00,"-4,055326749498114","298,470001",4,4,2024-10-27
2024-10-27 13:00:00,"15,514759148341643","480,01001",4,4,2024-10-27
2024-10-27 14:00:00,"136,22343450157513","753,109985",4,4,2024-10-27
2024-10-27 15:00:00,"265,82085739374605","878,97998",4,4,2024-10-27
2024-10-27 16:00:00,"331,2748979074048","1106,569946",4,4,2024-10-27
2024-10-27 17:00:00,"357,7629661711192","1087,23999",4,4,2024-10-27
2024-10-27 18:00:00,"341,8460692369536","973,52002",4,4,2024-10-27
2024-10-27 19:00:00,"267,89935739426465","881,299988",4,4,2024-10-27
2024-10-27 20:00:00,"230,443994406052","831,159973",4,4,2024-10-27
2024-10-27 21:00:00,"199,56446223073925","820,48999",4,4,2024-10-27
2024-10-27 22:00:00,"133,52856758164043","651,109985",4,4,2024-10-27
2024-10-27 23:00:00,"119,83321568339946","713,340027",4,4,2024-10-27
