Time,Prediction,DKPrice,fold,week,Date
2024-01-01 00:00:00,"216,6886823628404","212,160004",1,1,2024-01-01
2024-01-01 01:00:00,"220,95252707217514","198,740005",1,1,2024-01-01
2024-01-01 02:00:00,"216,76694532802588","182,490005",1,1,2024-01-01
2024-01-01 03:00:00,"227,01395616192937","178,990005",1,1,2024-01-01
2024-01-01 04:00:00,"244,50092272330738","118,379997",1,1,2024-01-01
2024-01-01 05:00:00,"304,94115165101465","118,309998",1,1,2024-01-01
2024-01-01 06:00:00,"369,01100110632257","164,300003",1,1,2024-01-01
2024-01-01 07:00:00,"411,4437631165849","189,5",1,1,2024-01-01
2024-01-01 08:00:00,"421,86462504560905","240,119995",1,1,2024-01-01
2024-01-01 09:00:00,"426,1217155039137","308,179993",1,1,2024-01-01
2024-01-01 10:00:00,"409,8319381315141","324,359985",1,1,2024-01-01
2024-01-01 11:00:00,"390,8967320797419","320,700012",1,1,2024-01-01
2024-01-01 12:00:00,"388,170799447075","330,170013",1,1,2024-01-01
2024-01-01 13:00:00,"408,459759834351","344,709991",1,1,2024-01-01
2024-01-01 14:00:00,"435,61507684933883","377,290009",1,1,2024-01-01
2024-01-01 15:00:00,"453,9253957702405","443,329987",1,1,2024-01-01
2024-01-01 16:00:00,"518,9328716611928","484,480011",1,1,2024-01-01
2024-01-01 17:00:00,"541,1745599821253","460,26001",1,1,2024-01-01
2024-01-01 18:00:00,"500,3172146759265","410,529999",1,1,2024-01-01
2024-01-01 19:00:00,"436,98209675210927","357,899994",1,1,2024-01-01
2024-01-01 20:00:00,"395,3343468581081","328,079987",1,1,2024-01-01
2024-01-01 21:00:00,"381,73228739359706","336,959991",1,1,2024-01-01
2024-01-01 22:00:00,"354,76773457774436","283,279999",1,1,2024-01-01
2024-01-01 23:00:00,"331,29316148696523","283,279999",1,1,2024-01-01
2024-01-02 00:00:00,"323,1092549983005","250,179993",1,1,2024-01-02
2024-01-02 01:00:00,"305,20865327845246","238,779999",1,1,2024-01-02
2024-01-02 02:00:00,"309,5293446224408","240,710007",1,1,2024-01-02
2024-01-02 03:00:00,"327,1860678581111","273,589996",1,1,2024-01-02
2024-01-02 04:00:00,"360,3464494366672","311,01001",1,1,2024-01-02
2024-01-02 05:00:00,"405,8437895567735","366,630005",1,1,2024-01-02
2024-01-02 06:00:00,"484,23956087908226","437,970001",1,1,2024-01-02
2024-01-02 07:00:00,"571,3119730208833","489,549988",1,1,2024-01-02
2024-01-02 08:00:00,"565,2632378665312","492,829987",1,1,2024-01-02
2024-01-02 09:00:00,"565,5097028517216","514,22998",1,1,2024-01-02
2024-01-02 10:00:00,"540,6664932512194","548,219971",1,1,2024-01-02
2024-01-02 11:00:00,"516,5066116883937","582,659973",1,1,2024-01-02
2024-01-02 12:00:00,"527,7611431417499","587,960022",1,1,2024-01-02
2024-01-02 13:00:00,"533,4746149600118","590,719971",1,1,2024-01-02
2024-01-02 14:00:00,"624,7845469288817","596,080017",1,1,2024-01-02
2024-01-02 15:00:00,"695,2530316792419","607,26001",1,1,2024-01-02
2024-01-02 16:00:00,"717,4515126996927","603,23999",1,1,2024-01-02
2024-01-02 17:00:00,"664,5369122542182","558,72998",1,1,2024-01-02
2024-01-02 18:00:00,"523,804808690284","470,98999",1,1,2024-01-02
2024-01-02 19:00:00,"450,1065998591503","425,73999",1,1,2024-01-02
2024-01-02 20:00:00,"366,864919959791","358,130005",1,1,2024-01-02
2024-01-02 21:00:00,"312,96197729845545","298,190002",1,1,2024-01-02
2024-01-02 22:00:00,"274,0738640996179","223,639999",1,1,2024-01-02
2024-01-02 23:00:00,"273,05685052262913","149,100006",1,1,2024-01-02
2024-01-03 00:00:00,"270,87143823734874","118,309998",1,1,2024-01-03
2024-01-03 01:00:00,"263,34275509044545","118,389999",1,1,2024-01-03
2024-01-03 02:00:00,"265,65322088532906","118,389999",1,1,2024-01-03
2024-01-03 03:00:00,"279,86698951855976","118,830002",1,1,2024-01-03
2024-01-03 04:00:00,"302,94302503507816","149,399994",1,1,2024-01-03
2024-01-03 05:00:00,"369,9420108988998","368,579987",1,1,2024-01-03
2024-01-03 06:00:00,"505,0613818208313","399,070007",1,1,2024-01-03
2024-01-03 07:00:00,"640,7113904944342","473,25",1,1,2024-01-03
2024-01-03 08:00:00,"638,6005174627954","484,51001",1,1,2024-01-03
2024-01-03 09:00:00,"648,4513511018711","448,720001",1,1,2024-01-03
2024-01-03 10:00:00,"648,189152736445","447,01001",1,1,2024-01-03
2024-01-03 11:00:00,"648,2364247324989","445,820007",1,1,2024-01-03
2024-01-03 12:00:00,"614,2157139485852","438,809998",1,1,2024-01-03
2024-01-03 13:00:00,"605,992694967566","484,51001",1,1,2024-01-03
2024-01-03 14:00:00,"628,3963950806542","513,140015",1,1,2024-01-03
2024-01-03 15:00:00,"631,5750879026623","548,619995",1,1,2024-01-03
2024-01-03 16:00:00,"664,6082193887933","613,409973",1,1,2024-01-03
2024-01-03 17:00:00,"629,3741540015528","618,549988",1,1,2024-01-03
2024-01-03 18:00:00,"555,2576865146104","589,179993",1,1,2024-01-03
2024-01-03 19:00:00,"518,2254941412215","545,940002",1,1,2024-01-03
2024-01-03 20:00:00,"463,5411854626484","502,549988",1,1,2024-01-03
2024-01-03 21:00:00,"420,93962954504144","484,579987",1,1,2024-01-03
2024-01-03 22:00:00,"370,25618710383844","433,290009",1,1,2024-01-03
2024-01-03 23:00:00,"335,0086974005287","437,850006",1,1,2024-01-03
2024-01-04 00:00:00,"338,053302067364","399,73999",1,1,2024-01-04
2024-01-04 01:00:00,"333,98012455440676","406,0",1,1,2024-01-04
2024-01-04 02:00:00,"311,1804582145787","411,519989",1,1,2024-01-04
2024-01-04 03:00:00,"316,2601393396187","434,420013",1,1,2024-01-04
2024-01-04 04:00:00,"335,9528910588604","441,130005",1,1,2024-01-04
2024-01-04 05:00:00,"420,43428558630944","541,809998",1,1,2024-01-04
2024-01-04 06:00:00,"493,5697057896847","634,059998",1,1,2024-01-04
2024-01-04 07:00:00,"552,1814111240386","682,169983",1,1,2024-01-04
2024-01-04 08:00:00,"543,4175522132604","702,530029",1,1,2024-01-04
2024-01-04 09:00:00,"529,5093173304991","685,969971",1,1,2024-01-04
2024-01-04 10:00:00,"496,38077177602975","674,190002",1,1,2024-01-04
2024-01-04 11:00:00,"455,13801067276233","646,52002",1,1,2024-01-04
2024-01-04 12:00:00,"487,7842921679899","641,070007",1,1,2024-01-04
2024-01-04 13:00:00,"530,0966937050839","686,940002",1,1,2024-01-04
2024-01-04 14:00:00,"584,1798529635146","735,48999",1,1,2024-01-04
2024-01-04 15:00:00,"626,8077219444395","788,51001",1,1,2024-01-04
2024-01-04 16:00:00,"642,9165899331537","993,599976",1,1,2024-01-04
2024-01-04 17:00:00,"585,0243562752307","1078,77002",1,1,2024-01-04
2024-01-04 18:00:00,"542,7131164019235","932,22998",1,1,2024-01-04
2024-01-04 19:00:00,"486,01641518076434","772,549988",1,1,2024-01-04
2024-01-04 20:00:00,"434,0278974521875","745,859985",1,1,2024-01-04
2024-01-04 21:00:00,"396,7617548408016","707,450012",1,1,2024-01-04
2024-01-04 22:00:00,"329,71932123803396","662,47998",1,1,2024-01-04
2024-01-04 23:00:00,"314,08484814466567","662,570007",1,1,2024-01-04
2024-01-05 00:00:00,"283,92894311146557","619,76001",1,1,2024-01-05
2024-01-05 01:00:00,"267,5492885573308","596,710022",1,1,2024-01-05
2024-01-05 02:00:00,"252,04129064997082","597,97998",1,1,2024-01-05
2024-01-05 03:00:00,"258,5982944233924","615,280029",1,1,2024-01-05
2024-01-05 04:00:00,"287,158108150161","657,419983",1,1,2024-01-05
2024-01-05 05:00:00,"328,2745263282985","818,909973",1,1,2024-01-05
2024-01-05 06:00:00,"419,9948968838739","1230,790039",1,1,2024-01-05
2024-01-05 07:00:00,"439,2058389130805","2230,280029",1,1,2024-01-05
2024-01-05 08:00:00,"423,34327032347653","1858,150024",1,1,2024-01-05
2024-01-05 09:00:00,"410,4125506376307","1908,430054",1,1,2024-01-05
2024-01-05 10:00:00,"383,7698862582288","1574,640015",1,1,2024-01-05
2024-01-05 11:00:00,"365,96182015591023","1516,23999",1,1,2024-01-05
2024-01-05 12:00:00,"349,52945704063495","1469,25",1,1,2024-01-05
2024-01-05 13:00:00,"362,36503862390407","1475,810059",1,1,2024-01-05
2024-01-05 14:00:00,"371,58912687283066","2237,209961",1,1,2024-01-05
2024-01-05 15:00:00,"424,8465289419861","3353,810059",1,1,2024-01-05
2024-01-05 16:00:00,"440,84800982465316","3925,22998",1,1,2024-01-05
2024-01-05 17:00:00,"405,0981791345499","2610,22998",1,1,2024-01-05
2024-01-05 18:00:00,"357,4956795561545","1356,839966",1,1,2024-01-05
2024-01-05 19:00:00,"305,6125423407309","1115,849976",1,1,2024-01-05
2024-01-05 20:00:00,"290,8745097263494","841,51001",1,1,2024-01-05
2024-01-05 21:00:00,"255,808670741743","746,630005",1,1,2024-01-05
2024-01-05 22:00:00,"242,6130968642782","692,710022",1,1,2024-01-05
2024-01-05 23:00:00,"198,2123620195293","633,090027",1,1,2024-01-05
2024-01-06 00:00:00,"184,89738858900773","620,559998",1,1,2024-01-06
2024-01-06 01:00:00,"167,74508116781033","611,830017",1,1,2024-01-06
2024-01-06 02:00:00,"157,79392539318758","612,950012",1,1,2024-01-06
2024-01-06 03:00:00,"151,59148908768248","615,559998",1,1,2024-01-06
2024-01-06 04:00:00,"157,81134686462792","627,5",1,1,2024-01-06
2024-01-06 05:00:00,"169,7778472256008","630,109985",1,1,2024-01-06
2024-01-06 06:00:00,"198,25497409088197","652,109985",1,1,2024-01-06
2024-01-06 07:00:00,"218,57375276585435","677,77002",1,1,2024-01-06
2024-01-06 08:00:00,"256,67666193046847","708,419983",1,1,2024-01-06
2024-01-06 09:00:00,"254,69655130320473","748,929993",1,1,2024-01-06
2024-01-06 10:00:00,"253,7000386850053","773,090027",1,1,2024-01-06
2024-01-06 11:00:00,"250,24934598697146","763,25",1,1,2024-01-06
2024-01-06 12:00:00,"257,15305196976635","729,080017",1,1,2024-01-06
2024-01-06 13:00:00,"291,3441729096785","712,380005",1,1,2024-01-06
2024-01-06 14:00:00,"311,1641809103107","734,679993",1,1,2024-01-06
2024-01-06 15:00:00,"364,49670097054127","820,450012",1,1,2024-01-06
2024-01-06 16:00:00,"417,9309249620851","882,140015",1,1,2024-01-06
2024-01-06 17:00:00,"430,30274527822263","797,630005",1,1,2024-01-06
2024-01-06 18:00:00,"383,1967627655679","762,799988",1,1,2024-01-06
2024-01-06 19:00:00,"325,1242093377955","708,419983",1,1,2024-01-06
2024-01-06 20:00:00,"277,00974570505946","675,97998",1,1,2024-01-06
2024-01-06 21:00:00,"210,31181703657123","666,359985",1,1,2024-01-06
2024-01-06 22:00:00,"192,85751788778308","617,580017",1,1,2024-01-06
2024-01-06 23:00:00,"184,97528304006897","642,570007",1,1,2024-01-06
2024-01-07 00:00:00,"165,2532223223299","615,049988",1,1,2024-01-07
2024-01-07 01:00:00,"169,75655879086983","590,880005",1,1,2024-01-07
2024-01-07 02:00:00,"183,38188082082115","578,280029",1,1,2024-01-07
2024-01-07 03:00:00,"191,45822501828184","573,5",1,1,2024-01-07
2024-01-07 04:00:00,"223,96789634160467","577,460022",1,1,2024-01-07
2024-01-07 05:00:00,"246,12467253924285","585,140015",1,1,2024-01-07
2024-01-07 06:00:00,"239,01386419473667","599,460022",1,1,2024-01-07
2024-01-07 07:00:00,"250,97958296458953","628,099976",1,1,2024-01-07
2024-01-07 08:00:00,"254,78440631542054","653,159973",1,1,2024-01-07
2024-01-07 09:00:00,"238,89701931859588","669,419983",1,1,2024-01-07
2024-01-07 10:00:00,"227,67882004549315","686,130005",1,1,2024-01-07
2024-01-07 11:00:00,"228,7941505810107","682,469971",1,1,2024-01-07
2024-01-07 12:00:00,"236,27663861807923","652,789978",1,1,2024-01-07
2024-01-07 13:00:00,"254,1706936668794","650,630005",1,1,2024-01-07
2024-01-07 14:00:00,"267,3243403345363","676,059998",1,1,2024-01-07
2024-01-07 15:00:00,"277,04249757302944","717,609985",1,1,2024-01-07
2024-01-07 16:00:00,"279,7031200715363","777,719971",1,1,2024-01-07
2024-01-07 17:00:00,"261,29556242352066","791,299988",1,1,2024-01-07
2024-01-07 18:00:00,"193,78464413758675","772,349976",1,1,2024-01-07
2024-01-07 19:00:00,"175,77108137558295","749,599976",1,1,2024-01-07
2024-01-07 20:00:00,"157,01955748157513","695,97998",1,1,2024-01-07
2024-01-07 21:00:00,"140,39359096747455","680,01001",1,1,2024-01-07
2024-01-07 22:00:00,"140,0428454838815","625,48999",1,1,2024-01-07
2024-01-07 23:00:00,"147,97039357883307","649,059998",1,1,2024-01-07
2024-01-08 00:00:00,"436,8582907229009","628,919983",1,2,2024-01-08
2024-01-08 01:00:00,"260,22291846021136","610,27002",1,2,2024-01-08
2024-01-08 02:00:00,"204,38809404432425","590,059998",1,2,2024-01-08
2024-01-08 03:00:00,"210,579164476576","585,359985",1,2,2024-01-08
2024-01-08 04:00:00,"220,96814173162554","612,359985",1,2,2024-01-08
2024-01-08 05:00:00,"241,62907059745564","703,359985",1,2,2024-01-08
2024-01-08 06:00:00,"285,3348736429003","829,559998",1,2,2024-01-08
2024-01-08 07:00:00,"296,3546837533759","903,330017",1,2,2024-01-08
2024-01-08 08:00:00,"294,5322312441968","900,48999",1,2,2024-01-08
2024-01-08 09:00:00,"273,5925463075279","849,549988",1,2,2024-01-08
2024-01-08 10:00:00,"262,77239602345577","787,200012",1,2,2024-01-08
2024-01-08 11:00:00,"254,2305169443577","729,76001",1,2,2024-01-08
2024-01-08 12:00:00,"272,2626679412135","707,690002",1,2,2024-01-08
2024-01-08 13:00:00,"291,8070507298809","764,219971",1,2,2024-01-08
2024-01-08 14:00:00,"303,12277086058026","825,22998",1,2,2024-01-08
2024-01-08 15:00:00,"343,9362332046494","954,719971",1,2,2024-01-08
2024-01-08 16:00:00,"373,9498726049678","986,869995",1,2,2024-01-08
2024-01-08 17:00:00,"382,90816143675363","969,710022",1,2,2024-01-08
2024-01-08 18:00:00,"353,52059955920413","910,859985",1,2,2024-01-08
2024-01-08 19:00:00,"320,6374084337627","851,859985",1,2,2024-01-08
2024-01-08 20:00:00,"286,17181200458873","766,97998",1,2,2024-01-08
2024-01-08 21:00:00,"268,11879752809676","745,719971",1,2,2024-01-08
2024-01-08 22:00:00,"230,74618912676772","682,400024",1,2,2024-01-08
2024-01-08 23:00:00,"237,003914557649","657,710022",1,2,2024-01-08
2024-01-09 00:00:00,"230,63281825743326","649,359985",1,2,2024-01-09
2024-01-09 01:00:00,"223,37322835293415","634,140015",1,2,2024-01-09
2024-01-09 02:00:00,"236,866918317634","627,719971",1,2,2024-01-09
2024-01-09 03:00:00,"246,59675434128118","639,51001",1,2,2024-01-09
2024-01-09 04:00:00,"272,96197786126294","666,070007",1,2,2024-01-09
2024-01-09 05:00:00,"300,94548104175476","809,530029",1,2,2024-01-09
2024-01-09 06:00:00,"347,59131252389653","925,539978",1,2,2024-01-09
2024-01-09 07:00:00,"387,765293908615","994,099976",1,2,2024-01-09
2024-01-09 08:00:00,"411,2406142842846","902,039978",1,2,2024-01-09
2024-01-09 09:00:00,"393,365875447484","844,450012",1,2,2024-01-09
2024-01-09 10:00:00,"391,513030939845","789,169983",1,2,2024-01-09
2024-01-09 11:00:00,"391,513030939845","747,690002",1,2,2024-01-09
2024-01-09 12:00:00,"383,12242661523015","752,159973",1,2,2024-01-09
2024-01-09 13:00:00,"395,2067251759449","838,26001",1,2,2024-01-09
2024-01-09 14:00:00,"510,15097045628585","903,390015",1,2,2024-01-09
2024-01-09 15:00:00,"588,7388184219855","977,23999",1,2,2024-01-09
2024-01-09 16:00:00,"596,2604933356039","1029,170044",1,2,2024-01-09
2024-01-09 17:00:00,"574,8305122824771","1028,050049",1,2,2024-01-09
2024-01-09 18:00:00,"513,6212200671852","973,070007",1,2,2024-01-09
2024-01-09 19:00:00,"443,7385398109653","897,039978",1,2,2024-01-09
2024-01-09 20:00:00,"377,7770454667204","833,179993",1,2,2024-01-09
2024-01-09 21:00:00,"324,4734628473989","792,150024",1,2,2024-01-09
2024-01-09 22:00:00,"277,83923692285487","724,340027",1,2,2024-01-09
2024-01-09 23:00:00,"241,09606526395973","665,900024",1,2,2024-01-09
2024-01-10 00:00:00,"238,6512401347373","647,039978",1,2,2024-01-10
2024-01-10 01:00:00,"244,5177491527001","646,809998",1,2,2024-01-10
2024-01-10 02:00:00,"241,18585822084574","642,039978",1,2,2024-01-10
2024-01-10 03:00:00,"251,23151658427778","643,599976",1,2,2024-01-10
2024-01-10 04:00:00,"285,43910307821125","664,109985",1,2,2024-01-10
2024-01-10 05:00:00,"325,29270157980477","812,0",1,2,2024-01-10
2024-01-10 06:00:00,"429,63781591900107","965,030029",1,2,2024-01-10
2024-01-10 07:00:00,"543,2265922813369","1066,459961",1,2,2024-01-10
2024-01-10 08:00:00,"580,0443364331014","972,419983",1,2,2024-01-10
2024-01-10 09:00:00,"579,9373802958071","905,890015",1,2,2024-01-10
2024-01-10 10:00:00,"559,0995878258476","813,869995",1,2,2024-01-10
2024-01-10 11:00:00,"551,2939370466157","762,26001",1,2,2024-01-10
2024-01-10 12:00:00,"544,036382344277","806,929993",1,2,2024-01-10
2024-01-10 13:00:00,"553,8560276357891","862,710022",1,2,2024-01-10
2024-01-10 14:00:00,"598,2909451038573","923,27002",1,2,2024-01-10
2024-01-10 15:00:00,"619,9254641339169","1004,109985",1,2,2024-01-10
2024-01-10 16:00:00,"654,1723756091457","1072,349976",1,2,2024-01-10
2024-01-10 17:00:00,"621,3470233175794","1044,089966",1,2,2024-01-10
2024-01-10 18:00:00,"584,4705817977675","985,539978",1,2,2024-01-10
2024-01-10 19:00:00,"520,893041068024","894,929993",1,2,2024-01-10
2024-01-10 20:00:00,"449,63490476764883","818,559998",1,2,2024-01-10
2024-01-10 21:00:00,"410,4998961232822","779,26001",1,2,2024-01-10
2024-01-10 22:00:00,"337,15582335896465","716,169983",1,2,2024-01-10
2024-01-10 23:00:00,"292,26689431319494","684,27002",1,2,2024-01-10
2024-01-11 00:00:00,"259,60576148237385","660,700012",1,2,2024-01-11
2024-01-11 01:00:00,"250,69336343277345","650,710022",1,2,2024-01-11
2024-01-11 02:00:00,"258,4116450375728","614,390015",1,2,2024-01-11
2024-01-11 03:00:00,"264,68859702538697","611,179993",1,2,2024-01-11
2024-01-11 04:00:00,"279,89827420664375","666,440002",1,2,2024-01-11
2024-01-11 05:00:00,"299,0458287528764","761,22998",1,2,2024-01-11
2024-01-11 06:00:00,"370,5667969650194","871,530029",1,2,2024-01-11
2024-01-11 07:00:00,"400,6242620345954","1051,569946",1,2,2024-01-11
2024-01-11 08:00:00,"395,77436969373355","963,27002",1,2,2024-01-11
2024-01-11 09:00:00,"375,770053053483","847,590027",1,2,2024-01-11
2024-01-11 10:00:00,"350,6980185378788","794,119995",1,2,2024-01-11
2024-01-11 11:00:00,"311,211572862681","741,169983",1,2,2024-01-11
2024-01-11 12:00:00,"310,2340500634297","738,340027",1,2,2024-01-11
2024-01-11 13:00:00,"335,7078599056805","790,390015",1,2,2024-01-11
2024-01-11 14:00:00,"374,4115381807761","879,73999",1,2,2024-01-11
2024-01-11 15:00:00,"425,9566370911","1024,349976",1,2,2024-01-11
2024-01-11 16:00:00,"440,8270492133261","1119,359985",1,2,2024-01-11
2024-01-11 17:00:00,"410,96997309434323","1019,429993",1,2,2024-01-11
2024-01-11 18:00:00,"387,6632681159719","986,76001",1,2,2024-01-11
2024-01-11 19:00:00,"375,7974148084598","887,119995",1,2,2024-01-11
2024-01-11 20:00:00,"329,2231870166348","799,419983",1,2,2024-01-11
2024-01-11 21:00:00,"300,16335634655997","745,789978",1,2,2024-01-11
2024-01-11 22:00:00,"235,5016448019132","725,059998",1,2,2024-01-11
2024-01-11 23:00:00,"221,0329486748573","678,890015",1,2,2024-01-11
2024-01-12 00:00:00,"216,41444418612784","657,859985",1,2,2024-01-12
2024-01-12 01:00:00,"220,49531317017065","635,48999",1,2,2024-01-12
2024-01-12 02:00:00,"222,4308535142928","631,090027",1,2,2024-01-12
2024-01-12 03:00:00,"228,67791288017713","628,929993",1,2,2024-01-12
2024-01-12 04:00:00,"238,3073176424777","636,23999",1,2,2024-01-12
2024-01-12 05:00:00,"271,1829226911261","686,869995",1,2,2024-01-12
2024-01-12 06:00:00,"300,76729155825444","881,130005",1,2,2024-01-12
2024-01-12 07:00:00,"333,51073746954637","1049,51001",1,2,2024-01-12
2024-01-12 08:00:00,"315,934655845127","1006,409973",1,2,2024-01-12
2024-01-12 09:00:00,"282,2912586865838","909,840027",1,2,2024-01-12
2024-01-12 10:00:00,"252,57030995212506","855,549988",1,2,2024-01-12
2024-01-12 11:00:00,"256,3315773079647","797,76001",1,2,2024-01-12
2024-01-12 12:00:00,"261,03019707180107","768,679993",1,2,2024-01-12
2024-01-12 13:00:00,"270,0971748584568","779,559998",1,2,2024-01-12
2024-01-12 14:00:00,"281,6053805444299","820,280029",1,2,2024-01-12
2024-01-12 15:00:00,"316,857330108424","894,849976",1,2,2024-01-12
2024-01-12 16:00:00,"362,4821720016474","950,780029",1,2,2024-01-12
2024-01-12 17:00:00,"334,5662526257954","939,590027",1,2,2024-01-12
2024-01-12 18:00:00,"309,081444352614","890,900024",1,2,2024-01-12
2024-01-12 19:00:00,"251,5228041187511","811,26001",1,2,2024-01-12
2024-01-12 20:00:00,"233,38935695871228","734,369995",1,2,2024-01-12
2024-01-12 21:00:00,"218,8882195164785","696,27002",1,2,2024-01-12
2024-01-12 22:00:00,"204,08396626184427","634,969971",1,2,2024-01-12
2024-01-12 23:00:00,"202,74725145309466","564,030029",1,2,2024-01-12
2024-01-13 00:00:00,"191,75880842980953","558,140015",1,2,2024-01-13
2024-01-13 01:00:00,"190,75098120847042","549,200012",1,2,2024-01-13
2024-01-13 02:00:00,"189,75434206684307","532,190002",1,2,2024-01-13
2024-01-13 03:00:00,"195,22942377875808","538,679993",1,2,2024-01-13
2024-01-13 04:00:00,"195,27637642463162","414,230011",1,2,2024-01-13
2024-01-13 05:00:00,"204,43958826992525","340,179993",1,2,2024-01-13
2024-01-13 06:00:00,"211,61778313314105","381,790009",1,2,2024-01-13
2024-01-13 07:00:00,"216,25869430864677","500,799988",1,2,2024-01-13
2024-01-13 08:00:00,"277,47783524679363","546,659973",1,2,2024-01-13
2024-01-13 09:00:00,"281,3040811852785","537,039978",1,2,2024-01-13
2024-01-13 10:00:00,"268,2512072552208","529,289978",1,2,2024-01-13
2024-01-13 11:00:00,"270,6912950735745","521,609985",1,2,2024-01-13
2024-01-13 12:00:00,"277,5593669496149","474,779999",1,2,2024-01-13
2024-01-13 13:00:00,"303,42430229489116","506,390015",1,2,2024-01-13
2024-01-13 14:00:00,"356,5697291866996","511,609985",1,2,2024-01-13
2024-01-13 15:00:00,"431,0792311445131","527,789978",1,2,2024-01-13
2024-01-13 16:00:00,"479,5234813959516","553,450012",1,2,2024-01-13
2024-01-13 17:00:00,"499,08808063421475","565,299988",1,2,2024-01-13
2024-01-13 18:00:00,"428,3711944958492","550,460022",1,2,2024-01-13
2024-01-13 19:00:00,"375,65932458744055","544,799988",1,2,2024-01-13
2024-01-13 20:00:00,"327,5130589418032","528,909973",1,2,2024-01-13
2024-01-13 21:00:00,"287,0026625041988","467,98999",1,2,2024-01-13
2024-01-13 22:00:00,"236,14380696971338","459,709991",1,2,2024-01-13
2024-01-13 23:00:00,"218,80765452218333","477,420013",1,2,2024-01-13
2024-01-14 00:00:00,"223,91536176682575","463,179993",1,2,2024-01-14
2024-01-14 01:00:00,"227,8440855116873","469,290009",1,2,2024-01-14
2024-01-14 02:00:00,"203,24375584015147","477,350006",1,2,2024-01-14
2024-01-14 03:00:00,"211,9796511677786","482,269989",1,2,2024-01-14
2024-01-14 04:00:00,"246,35426942605392","486,220001",1,2,2024-01-14
2024-01-14 05:00:00,"247,80946333521217","501,950012",1,2,2024-01-14
2024-01-14 06:00:00,"267,6515959249493","534,390015",1,2,2024-01-14
2024-01-14 07:00:00,"294,3918064034619","572,280029",1,2,2024-01-14
2024-01-14 08:00:00,"271,40988844907355","605,090027",1,2,2024-01-14
2024-01-14 09:00:00,"275,08650192806914","601,289978",1,2,2024-01-14
2024-01-14 10:00:00,"264,7502980866426","610,309998",1,2,2024-01-14
2024-01-14 11:00:00,"256,32044809787214","599,5",1,2,2024-01-14
2024-01-14 12:00:00,"267,4271554906682","574,52002",1,2,2024-01-14
2024-01-14 13:00:00,"276,2635043271965","590,25",1,2,2024-01-14
2024-01-14 14:00:00,"283,9563815894867","613,890015",1,2,2024-01-14
2024-01-14 15:00:00,"305,47948481317013","645,960022",1,2,2024-01-14
2024-01-14 16:00:00,"293,00468661621295","685,030029",1,2,2024-01-14
2024-01-14 17:00:00,"253,59909198708718","705,76001",1,2,2024-01-14
2024-01-14 18:00:00,"215,49916294994458","635,809998",1,2,2024-01-14
2024-01-14 19:00:00,"184,21828608635556","589,580017",1,2,2024-01-14
2024-01-14 20:00:00,"144,9645212238872","586,150024",1,2,2024-01-14
2024-01-14 21:00:00,"129,28459125437834","562,210022",1,2,2024-01-14
2024-01-14 22:00:00,"96,46557078905879","498,820007",1,2,2024-01-14
2024-01-14 23:00:00,"92,52796358223246","519,409973",1,2,2024-01-14
2024-01-15 00:00:00,"340,84743017958914","492,559998",1,3,2024-01-15
2024-01-15 01:00:00,"226,5699618092774","479,579987",1,3,2024-01-15
2024-01-15 02:00:00,"197,334253032442","462,649994",1,3,2024-01-15
2024-01-15 03:00:00,"194,03479091309464","474,059998",1,3,2024-01-15
2024-01-15 04:00:00,"205,14464446170868","526,27002",1,3,2024-01-15
2024-01-15 05:00:00,"217,23749593909943","596,219971",1,3,2024-01-15
2024-01-15 06:00:00,"288,61316056667005","625,22998",1,3,2024-01-15
2024-01-15 07:00:00,"285,9549959469785","740,52002",1,3,2024-01-15
2024-01-15 08:00:00,"279,22465107324297","747,900024",1,3,2024-01-15
2024-01-15 09:00:00,"275,4076137556168","707,549988",1,3,2024-01-15
2024-01-15 10:00:00,"257,19470228107843","673,099976",1,3,2024-01-15
2024-01-15 11:00:00,"257,19470228107843","625,369995",1,3,2024-01-15
2024-01-15 12:00:00,"263,16391827484694","612,619995",1,3,2024-01-15
2024-01-15 13:00:00,"278,7633883322624","630,150024",1,3,2024-01-15
2024-01-15 14:00:00,"298,92146015154844","666,98999",1,3,2024-01-15
2024-01-15 15:00:00,"330,91169090353725","745,140015",1,3,2024-01-15
2024-01-15 16:00:00,"372,5857716040825","813,450012",1,3,2024-01-15
2024-01-15 17:00:00,"381,1335792541886","861,849976",1,3,2024-01-15
2024-01-15 18:00:00,"337,08148984180974","825,22998",1,3,2024-01-15
2024-01-15 19:00:00,"323,4927260771126","769,22998",1,3,2024-01-15
2024-01-15 20:00:00,"295,92090542177505","693,159973",1,3,2024-01-15
2024-01-15 21:00:00,"287,8141048517562","667,359985",1,3,2024-01-15
2024-01-15 22:00:00,"267,17763020793626","644,539978",1,3,2024-01-15
2024-01-15 23:00:00,"253,4012464008593","612,98999",1,3,2024-01-15
2024-01-16 00:00:00,"242,93193857895858","607,099976",1,3,2024-01-16
2024-01-16 01:00:00,"224,17229915616534","597,179993",1,3,2024-01-16
2024-01-16 02:00:00,"226,09253729073976","583,679993",1,3,2024-01-16
2024-01-16 03:00:00,"255,90678211140033","578,679993",1,3,2024-01-16
2024-01-16 04:00:00,"291,82616695162835","622,390015",1,3,2024-01-16
2024-01-16 05:00:00,"312,8921812267585","917,359985",1,3,2024-01-16
2024-01-16 06:00:00,"361,4090093860741","1442,560059",1,3,2024-01-16
2024-01-16 07:00:00,"384,2793334200949","2055,399902",1,3,2024-01-16
2024-01-16 08:00:00,"408,0071562055636","2017,890015",1,3,2024-01-16
2024-01-16 09:00:00,"410,13375737113364","1864,030029",1,3,2024-01-16
2024-01-16 10:00:00,"408,7645797573799","1495,73999",1,3,2024-01-16
2024-01-16 11:00:00,"407,8499960844739","1268,189941",1,3,2024-01-16
2024-01-16 12:00:00,"397,3092381812672","1058,839966",1,3,2024-01-16
2024-01-16 13:00:00,"409,2704983189853","1070,849976",1,3,2024-01-16
2024-01-16 14:00:00,"500,3935782754407","1164,670044",1,3,2024-01-16
2024-01-16 15:00:00,"566,6131529585638","1268,48999",1,3,2024-01-16
2024-01-16 16:00:00,"570,9844441329396","1273,930054",1,3,2024-01-16
2024-01-16 17:00:00,"542,3309691999941","992,539978",1,3,2024-01-16
2024-01-16 18:00:00,"432,6083663188533","833,599976",1,3,2024-01-16
2024-01-16 19:00:00,"335,64822482444276","712,179993",1,3,2024-01-16
2024-01-16 20:00:00,"292,7868875383882","642,969971",1,3,2024-01-16
2024-01-16 21:00:00,"250,7658716127759","611,869995",1,3,2024-01-16
2024-01-16 22:00:00,"250,51844549995113","579,429993",1,3,2024-01-16
2024-01-16 23:00:00,"254,74857110348213","521,210022",1,3,2024-01-16
2024-01-17 00:00:00,"243,80647896491476","517,26001",1,3,2024-01-17
2024-01-17 01:00:00,"243,70064651756516","510,619995",1,3,2024-01-17
2024-01-17 02:00:00,"243,25277985691133","503,839996",1,3,2024-01-17
2024-01-17 03:00:00,"251,97731499124734","501,970001",1,3,2024-01-17
2024-01-17 04:00:00,"289,3393143537587","501,75",1,3,2024-01-17
2024-01-17 05:00:00,"313,18047873067235","526,880005",1,3,2024-01-17
2024-01-17 06:00:00,"418,8239429246412","596,159973",1,3,2024-01-17
2024-01-17 07:00:00,"537,9229235390238","715,929993",1,3,2024-01-17
2024-01-17 08:00:00,"571,32596894699","767,159973",1,3,2024-01-17
2024-01-17 09:00:00,"589,6094819456456","797,289978",1,3,2024-01-17
2024-01-17 10:00:00,"564,0380456187082","828,539978",1,3,2024-01-17
2024-01-17 11:00:00,"555,9974485084598","877,840027",1,3,2024-01-17
2024-01-17 12:00:00,"539,5556855812051","907,590027",1,3,2024-01-17
2024-01-17 13:00:00,"539,9327704747375","907,890015",1,3,2024-01-17
2024-01-17 14:00:00,"594,5175666102058","935,630005",1,3,2024-01-17
2024-01-17 15:00:00,"633,4791506340867","958,75",1,3,2024-01-17
2024-01-17 16:00:00,"648,7085234161817","1047,939941",1,3,2024-01-17
2024-01-17 17:00:00,"615,4496700964883","921,690002",1,3,2024-01-17
2024-01-17 18:00:00,"564,9563987867284","852,26001",1,3,2024-01-17
2024-01-17 19:00:00,"489,7902611881373","818,849976",1,3,2024-01-17
2024-01-17 20:00:00,"419,7680748059908","753,890015",1,3,2024-01-17
2024-01-17 21:00:00,"389,13727363396157","703,099976",1,3,2024-01-17
2024-01-17 22:00:00,"318,0562302620898","627,710022",1,3,2024-01-17
2024-01-17 23:00:00,"288,809655802046","606,580017",1,3,2024-01-17
2024-01-18 00:00:00,"264,51672439363153","575,780029",1,3,2024-01-18
2024-01-18 01:00:00,"260,9646753098846","561,530029",1,3,2024-01-18
2024-01-18 02:00:00,"265,6079091506762","558,700012",1,3,2024-01-18
2024-01-18 03:00:00,"277,6552154425579","578,539978",1,3,2024-01-18
2024-01-18 04:00:00,"293,540813262194","604,119995",1,3,2024-01-18
2024-01-18 05:00:00,"317,134189606788","681,97998",1,3,2024-01-18
2024-01-18 06:00:00,"386,23276327070676","831,969971",1,3,2024-01-18
2024-01-18 07:00:00,"436,0086517443393","938,919983",1,3,2024-01-18
2024-01-18 08:00:00,"396,5515241873176","911,179993",1,3,2024-01-18
2024-01-18 09:00:00,"389,67349864894413","827,119995",1,3,2024-01-18
2024-01-18 10:00:00,"358,6586584260905","805,119995",1,3,2024-01-18
2024-01-18 11:00:00,"320,8009741570719","697,719971",1,3,2024-01-18
2024-01-18 12:00:00,"316,9721430270816","653,48999",1,3,2024-01-18
2024-01-18 13:00:00,"347,63905716875377","644,619995",1,3,2024-01-18
2024-01-18 14:00:00,"410,74015662380634","702,940002",1,3,2024-01-18
2024-01-18 15:00:00,"460,1817788129052","742,25",1,3,2024-01-18
2024-01-18 16:00:00,"462,65634553999917","780,72998",1,3,2024-01-18
2024-01-18 17:00:00,"444,57882788260565","770,140015",1,3,2024-01-18
2024-01-18 18:00:00,"379,2999085475323","705,030029",1,3,2024-01-18
2024-01-18 19:00:00,"341,5244091939365","648,650024",1,3,2024-01-18
2024-01-18 20:00:00,"274,55216466842575","605,090027",1,3,2024-01-18
2024-01-18 21:00:00,"240,1975261288195","577,48999",1,3,2024-01-18
2024-01-18 22:00:00,"211,02233088000037","532,0",1,3,2024-01-18
2024-01-18 23:00:00,"220,62686929691094","510,089996",1,3,2024-01-18
2024-01-19 00:00:00,"190,44596652234898","487,269989",1,3,2024-01-19
2024-01-19 01:00:00,"181,72563868104208","477,649994",1,3,2024-01-19
2024-01-19 02:00:00,"169,02034380731374","468,029999",1,3,2024-01-19
2024-01-19 03:00:00,"175,45103264550204","472,209991",1,3,2024-01-19
2024-01-19 04:00:00,"181,346231991443","491,079987",1,3,2024-01-19
2024-01-19 05:00:00,"240,2695176546118","564,830017",1,3,2024-01-19
2024-01-19 06:00:00,"278,3740713170195","666,549988",1,3,2024-01-19
2024-01-19 07:00:00,"312,3593795795632","777,590027",1,3,2024-01-19
2024-01-19 08:00:00,"292,90287355345276","770,359985",1,3,2024-01-19
2024-01-19 09:00:00,"263,2656303235829","714,799988",1,3,2024-01-19
2024-01-19 10:00:00,"252,3129031231464","645,52002",1,3,2024-01-19
2024-01-19 11:00:00,"252,3129031231464","587,049988",1,3,2024-01-19
2024-01-19 12:00:00,"249,2833941987566","560,429993",1,3,2024-01-19
2024-01-19 13:00:00,"258,7603642239138","573,549988",1,3,2024-01-19
2024-01-19 14:00:00,"279,6373899780783","648,429993",1,3,2024-01-19
2024-01-19 15:00:00,"317,26017187730093","780,049988",1,3,2024-01-19
2024-01-19 16:00:00,"321,5641151377316","855,890015",1,3,2024-01-19
2024-01-19 17:00:00,"300,7082342574404","809,059998",1,3,2024-01-19
2024-01-19 18:00:00,"251,05873804345242","634,630005",1,3,2024-01-19
2024-01-19 19:00:00,"221,46331291187974","565,429993",1,3,2024-01-19
2024-01-19 20:00:00,"201,04246022940384","544,469971",1,3,2024-01-19
2024-01-19 21:00:00,"183,2559960209186","527,169983",1,3,2024-01-19
2024-01-19 22:00:00,"142,5901309086263","497,339996",1,3,2024-01-19
2024-01-19 23:00:00,"143,88685853866343","504,279999",1,3,2024-01-19
2024-01-20 00:00:00,"140,07153395526333","484,809998",1,3,2024-01-20
2024-01-20 01:00:00,"132,2221929411038","485,480011",1,3,2024-01-20
2024-01-20 02:00:00,"117,85125766223167","472,359985",1,3,2024-01-20
2024-01-20 03:00:00,"100,37868258386243","472,579987",1,3,2024-01-20
2024-01-20 04:00:00,"119,10605846783889","460,5",1,3,2024-01-20
2024-01-20 05:00:00,"134,25774145386734","480,640015",1,3,2024-01-20
2024-01-20 06:00:00,"152,65937496822846","511,209991",1,3,2024-01-20
2024-01-20 07:00:00,"169,6129245491386","557,969971",1,3,2024-01-20
2024-01-20 08:00:00,"246,58254407375418","588,02002",1,3,2024-01-20
2024-01-20 09:00:00,"265,5559922378941","548,650024",1,3,2024-01-20
2024-01-20 10:00:00,"264,4606603275453","540,73999",1,3,2024-01-20
2024-01-20 11:00:00,"257,4406688748375","520,159973",1,3,2024-01-20
2024-01-20 12:00:00,"259,3834735341809","527,919983",1,3,2024-01-20
2024-01-20 13:00:00,"294,1295194959745","547,309998",1,3,2024-01-20
2024-01-20 14:00:00,"340,073605999746","589,960022",1,3,2024-01-20
2024-01-20 15:00:00,"431,3143650509141","671,549988",1,3,2024-01-20
2024-01-20 16:00:00,"484,3908279220533","725,390015",1,3,2024-01-20
2024-01-20 17:00:00,"498,67194899735443","754,030029",1,3,2024-01-20
2024-01-20 18:00:00,"421,7716832133992","682,880005",1,3,2024-01-20
2024-01-20 19:00:00,"355,8512274337689","596,599976",1,3,2024-01-20
2024-01-20 20:00:00,"303,10870658248604","547,309998",1,3,2024-01-20
2024-01-20 21:00:00,"263,01543983286206","525,159973",1,3,2024-01-20
2024-01-20 22:00:00,"241,85101062004026","499,579987",1,3,2024-01-20
2024-01-20 23:00:00,"232,56045841645832","445,26001",1,3,2024-01-20
2024-01-21 00:00:00,"223,3168257051616","429,230011",1,3,2024-01-21
2024-01-21 01:00:00,"228,02817711573053","411,329987",1,3,2024-01-21
2024-01-21 02:00:00,"225,0923659697248","379,549988",1,3,2024-01-21
2024-01-21 03:00:00,"209,9559822802851","361,799988",1,3,2024-01-21
2024-01-21 04:00:00,"242,46070132078944","353,899994",1,3,2024-01-21
2024-01-21 05:00:00,"249,5216957984055","339,579987",1,3,2024-01-21
2024-01-21 06:00:00,"267,27104596997106","327,869995",1,3,2024-01-21
2024-01-21 07:00:00,"277,7226620555308","383,059998",1,3,2024-01-21
2024-01-21 08:00:00,"272,27164404448956","405,429993",1,3,2024-01-21
2024-01-21 09:00:00,"256,2953268198835","343,529999",1,3,2024-01-21
2024-01-21 10:00:00,"261,20504487086646","363,0",1,3,2024-01-21
2024-01-21 11:00:00,"251,9691213683601","287,0",1,3,2024-01-21
2024-01-21 12:00:00,"259,8748153403033","281,100006",1,3,2024-01-21
2024-01-21 13:00:00,"266,57324787331333","330,399994",1,3,2024-01-21
2024-01-21 14:00:00,"283,9563815894867","365,76001",1,3,2024-01-21
2024-01-21 15:00:00,"303,86891311153755","371,649994",1,3,2024-01-21
2024-01-21 16:00:00,"297,23742372423595","422,51001",1,3,2024-01-21
2024-01-21 17:00:00,"270,75294207252927","458,309998",1,3,2024-01-21
2024-01-21 18:00:00,"212,8827493097785","437,359985",1,3,2024-01-21
2024-01-21 19:00:00,"183,04342562859165","384,100006",1,3,2024-01-21
2024-01-21 20:00:00,"144,36218590735658","391,26001",1,3,2024-01-21
2024-01-21 21:00:00,"128,06674531459305","375,829987",1,3,2024-01-21
2024-01-21 22:00:00,"97,14384342769705","216,520004",1,3,2024-01-21
2024-01-21 23:00:00,"102,21498302697445","203,610001",1,3,2024-01-21
2024-01-22 00:00:00,"182,76445570079733","165,869995",1,4,2024-01-22
2024-01-22 01:00:00,"160,22332851520895","138,869995",1,4,2024-01-22
2024-01-22 02:00:00,"146,68369848618977","37,59",1,4,2024-01-22
2024-01-22 03:00:00,"153,72989794763276","37,740002",1,4,2024-01-22
2024-01-22 04:00:00,"170,64292876625385","149,169998",1,4,2024-01-22
2024-01-22 05:00:00,"211,61406551657151","302,059998",1,4,2024-01-22
2024-01-22 06:00:00,"286,967009266338","451,01001",1,4,2024-01-22
2024-01-22 07:00:00,"299,7334935003989","495,829987",1,4,2024-01-22
2024-01-22 08:00:00,"309,06553384470897","429,450012",1,4,2024-01-22
2024-01-22 09:00:00,"296,3395781254071","459,059998",1,4,2024-01-22
2024-01-22 10:00:00,"289,5796698025533","451,970001",1,4,2024-01-22
2024-01-22 11:00:00,"264,15014510138565","424,529999",1,4,2024-01-22
2024-01-22 12:00:00,"269,27968164424277","423,040009",1,4,2024-01-22
2024-01-22 13:00:00,"281,58541944936337","434,299988",1,4,2024-01-22
2024-01-22 14:00:00,"297,53656196819253","445,48999",1,4,2024-01-22
2024-01-22 15:00:00,"340,6642637970255","447,429993",1,4,2024-01-22
2024-01-22 16:00:00,"379,66995983235506","461,299988",1,4,2024-01-22
2024-01-22 17:00:00,"388,3836366012054","455,179993",1,4,2024-01-22
2024-01-22 18:00:00,"340,3254002309652","447,720001",1,4,2024-01-22
2024-01-22 19:00:00,"308,0190006121023","444,519989",1,4,2024-01-22
2024-01-22 20:00:00,"280,27319766259546","425,119995",1,4,2024-01-22
2024-01-22 21:00:00,"250,93588585483565","194,440002",1,4,2024-01-22
2024-01-22 22:00:00,"247,5679228204846","171,770004",1,4,2024-01-22
2024-01-22 23:00:00,"238,2226381629649","118,129997",1,4,2024-01-22
2024-01-23 00:00:00,"230,2226778112239","75,330002",1,4,2024-01-23
2024-01-23 01:00:00,"207,8491479015338","69,879997",1,4,2024-01-23
2024-01-23 02:00:00,"210,76194901294815","31,1",1,4,2024-01-23
2024-01-23 03:00:00,"252,14660347797755","76,220001",1,4,2024-01-23
2024-01-23 04:00:00,"287,45282643405153","161,320007",1,4,2024-01-23
2024-01-23 05:00:00,"299,1502434788592","191,889999",1,4,2024-01-23
2024-01-23 06:00:00,"359,2519286062437","454,410004",1,4,2024-01-23
2024-01-23 07:00:00,"416,0890762105186","461,649994",1,4,2024-01-23
2024-01-23 08:00:00,"422,61730170204874","455,76001",1,4,2024-01-23
2024-01-23 09:00:00,"412,50974127566633","447,25",1,4,2024-01-23
2024-01-23 10:00:00,"402,1002248385082","443,299988",1,4,2024-01-23
2024-01-23 11:00:00,"417,26242591842345","310,100006",1,4,2024-01-23
2024-01-23 12:00:00,"407,22976138136534","199,570007",1,4,2024-01-23
2024-01-23 13:00:00,"419,8563731591283","320,019989",1,4,2024-01-23
2024-01-23 14:00:00,"504,5769838415792","468,059998",1,4,2024-01-23
2024-01-23 15:00:00,"590,3390788632591","494,390015",1,4,2024-01-23
2024-01-23 16:00:00,"605,5888017869365","510,570007",1,4,2024-01-23
2024-01-23 17:00:00,"552,2338485324957","498,040009",1,4,2024-01-23
2024-01-23 18:00:00,"448,0363424599533","472,390015",1,4,2024-01-23
2024-01-23 19:00:00,"353,97809887334563","450,910004",1,4,2024-01-23
2024-01-23 20:00:00,"297,34481137184565","391,170013",1,4,2024-01-23
2024-01-23 21:00:00,"268,7833097435308","304,429993",1,4,2024-01-23
2024-01-23 22:00:00,"250,395521101323","248,050003",1,4,2024-01-23
2024-01-23 23:00:00,"259,8422408093155","213,350006",1,4,2024-01-23
2024-01-24 00:00:00,"245,62663714422177","187,699997",1,4,2024-01-24
2024-01-24 01:00:00,"244,1090662529582","153,910004",1,4,2024-01-24
2024-01-24 02:00:00,"244,39097193087468","140,339996",1,4,2024-01-24
2024-01-24 03:00:00,"255,83467801669894","133,110001",1,4,2024-01-24
2024-01-24 04:00:00,"288,0237991611821","145,789993",1,4,2024-01-24
2024-01-24 05:00:00,"312,46729885462645","190,160004",1,4,2024-01-24
2024-01-24 06:00:00,"424,0992173488667","288,809998",1,4,2024-01-24
2024-01-24 07:00:00,"538,5334200040013","373,380005",1,4,2024-01-24
2024-01-24 08:00:00,"570,496159922465","369,429993",1,4,2024-01-24
2024-01-24 09:00:00,"593,4842252815278","373,600006",1,4,2024-01-24
2024-01-24 10:00:00,"564,3577212698807","378,519989",1,4,2024-01-24
2024-01-24 11:00:00,"555,284268632414","293,359985",1,4,2024-01-24
2024-01-24 12:00:00,"538,1788822756498","278,450012",1,4,2024-01-24
2024-01-24 13:00:00,"550,0782199764657","335,869995",1,4,2024-01-24
2024-01-24 14:00:00,"592,9978958659129","372,480011",1,4,2024-01-24
2024-01-24 15:00:00,"614,8371003137012","378,820007",1,4,2024-01-24
2024-01-24 16:00:00,"649,7514730195933","404,25",1,4,2024-01-24
2024-01-24 17:00:00,"607,0512802529583","397,609985",1,4,2024-01-24
2024-01-24 18:00:00,"530,2743069589447","373,529999",1,4,2024-01-24
2024-01-24 19:00:00,"474,68813205030966","314,540009",1,4,2024-01-24
2024-01-24 20:00:00,"422,6948088536965","298,579987",1,4,2024-01-24
2024-01-24 21:00:00,"364,5969368219988","313,269989",1,4,2024-01-24
2024-01-24 22:00:00,"322,2898623559231","287,320007",1,4,2024-01-24
2024-01-24 23:00:00,"294,3857716049999","326,899994",1,4,2024-01-24
2024-01-25 00:00:00,"265,48170700883713","327,869995",1,4,2024-01-25
2024-01-25 01:00:00,"261,6588534035665","318,839996",1,4,2024-01-25
2024-01-25 02:00:00,"256,4279112572818","326,970001",1,4,2024-01-25
2024-01-25 03:00:00,"270,98819269253977","336,369995",1,4,2024-01-25
2024-01-25 04:00:00,"290,379911226691","380,359985",1,4,2024-01-25
2024-01-25 05:00:00,"324,0026011801973","442,850006",1,4,2024-01-25
2024-01-25 06:00:00,"404,03791691572957","492,51001",1,4,2024-01-25
2024-01-25 07:00:00,"441,62745707911114","663,789978",1,4,2024-01-25
2024-01-25 08:00:00,"410,73367176384437","635,679993",1,4,2024-01-25
2024-01-25 09:00:00,"403,2160614780997","606,599976",1,4,2024-01-25
2024-01-25 10:00:00,"377,9264437029627","568,340027",1,4,2024-01-25
2024-01-25 11:00:00,"360,3304111200584","545,450012",1,4,2024-01-25
2024-01-25 12:00:00,"356,86226859615994","566,630005",1,4,2024-01-25
2024-01-25 13:00:00,"381,9408852684236","633,659973",1,4,2024-01-25
2024-01-25 14:00:00,"481,28395866406686","686,530029",1,4,2024-01-25
2024-01-25 15:00:00,"512,3705326679187","755,950012",1,4,2024-01-25
2024-01-25 16:00:00,"537,8299443289386","920,0",1,4,2024-01-25
2024-01-25 17:00:00,"497,82739463494335","861,539978",1,4,2024-01-25
2024-01-25 18:00:00,"444,57935949989854","736,640015",1,4,2024-01-25
2024-01-25 19:00:00,"400,1003835430643","679,070007",1,4,2024-01-25
2024-01-25 20:00:00,"347,2267579003738","643,580017",1,4,2024-01-25
2024-01-25 21:00:00,"312,31875974375083","599,73999",1,4,2024-01-25
2024-01-25 22:00:00,"269,2063955185764","560,440002",1,4,2024-01-25
2024-01-25 23:00:00,"253,91943067410983","468,200012",1,4,2024-01-25
2024-01-26 00:00:00,"218,4695090985138","462,23999",1,4,2024-01-26
2024-01-26 01:00:00,"217,33558149545857","436,070007",1,4,2024-01-26
2024-01-26 02:00:00,"218,22471371937937","420,109985",1,4,2024-01-26
2024-01-26 03:00:00,"228,6918047558356","415,269989",1,4,2024-01-26
2024-01-26 04:00:00,"227,295601498031","388,869995",1,4,2024-01-26
2024-01-26 05:00:00,"268,4134165066165","432,040009",1,4,2024-01-26
2024-01-26 06:00:00,"320,4040711849465","469,470001",1,4,2024-01-26
2024-01-26 07:00:00,"349,61179150690754","484,149994",1,4,2024-01-26
2024-01-26 08:00:00,"351,74414488543897","475,660004",1,4,2024-01-26
2024-01-26 09:00:00,"336,0719438937581","456,420013",1,4,2024-01-26
2024-01-26 10:00:00,"313,2104550524898","437,929993",1,4,2024-01-26
2024-01-26 11:00:00,"280,97890675631606","389,769989",1,4,2024-01-26
2024-01-26 12:00:00,"262,23661964753666","346,450012",1,4,2024-01-26
2024-01-26 13:00:00,"268,5290128960067","367,399994",1,4,2024-01-26
2024-01-26 14:00:00,"293,94893386989287","364,640015",1,4,2024-01-26
2024-01-26 15:00:00,"337,8321656304374","383,809998",1,4,2024-01-26
2024-01-26 16:00:00,"361,43635785028266","427,720001",1,4,2024-01-26
2024-01-26 17:00:00,"329,87672148867756","404,01001",1,4,2024-01-26
2024-01-26 18:00:00,"291,24914181688473","249,830002",1,4,2024-01-26
2024-01-26 19:00:00,"232,07454517611538","205,619995",1,4,2024-01-26
2024-01-26 20:00:00,"223,3883782759135","192,050003",1,4,2024-01-26
2024-01-26 21:00:00,"223,5967631843206","181,839996",1,4,2024-01-26
2024-01-26 22:00:00,"177,18402771721605","163,869995",1,4,2024-01-26
2024-01-26 23:00:00,"163,42753451633084","144,039993",1,4,2024-01-26
2024-01-27 00:00:00,"159,9115276600414","136,130005",1,4,2024-01-27
2024-01-27 01:00:00,"135,90467577605568","131,440002",1,4,2024-01-27
2024-01-27 02:00:00,"121,53374049718352","134,339996",1,4,2024-01-27
2024-01-27 03:00:00,"113,47914743045098","137,850006",1,4,2024-01-27
2024-01-27 04:00:00,"112,08461853838561","140,460007",1,4,2024-01-27
2024-01-27 05:00:00,"126,03032232307665","144,710007",1,4,2024-01-27
2024-01-27 06:00:00,"140,48888110481172","154,399994",1,4,2024-01-27
2024-01-27 07:00:00,"184,28691043461177","215,080002",1,4,2024-01-27
2024-01-27 08:00:00,"230,13102767856998","237,820007",1,4,2024-01-27
2024-01-27 09:00:00,"268,7916221926105","341,600006",1,4,2024-01-27
2024-01-27 10:00:00,"263,4543307855864","422,040009",1,4,2024-01-27
2024-01-27 11:00:00,"263,35154117761476","416,299988",1,4,2024-01-27
2024-01-27 12:00:00,"276,9082786747815","242,220001",1,4,2024-01-27
2024-01-27 13:00:00,"286,6718759908392","296,570007",1,4,2024-01-27
2024-01-27 14:00:00,"329,7858842923929","432,029999",1,4,2024-01-27
2024-01-27 15:00:00,"407,89197287300505","439,339996",1,4,2024-01-27
2024-01-27 16:00:00,"468,989719916656","460,359985",1,4,2024-01-27
2024-01-27 17:00:00,"466,5758572360024","457,079987",1,4,2024-01-27
2024-01-27 18:00:00,"413,7688698142509","443,070007",1,4,2024-01-27
2024-01-27 19:00:00,"367,5892491052259","433,970001",1,4,2024-01-27
2024-01-27 20:00:00,"300,12832137181005","431,290009",1,4,2024-01-27
2024-01-27 21:00:00,"266,6532464819865","430,390015",1,4,2024-01-27
2024-01-27 22:00:00,"217,81241910803186","429,5",1,4,2024-01-27
2024-01-27 23:00:00,"200,09540723506316","497,75",1,4,2024-01-27
2024-01-28 00:00:00,"181,2876009658411","438,339996",1,4,2024-01-28
2024-01-28 01:00:00,"176,64465039029363","434,309998",1,4,2024-01-28
2024-01-28 02:00:00,"179,85503511553003","430,290009",1,4,2024-01-28
2024-01-28 03:00:00,"193,3992939889793","431,399994",1,4,2024-01-28
2024-01-28 04:00:00,"223,22952413571747","429,609985",1,4,2024-01-28
2024-01-28 05:00:00,"241,39859338797842","430,290009",1,4,2024-01-28
2024-01-28 06:00:00,"283,54652136770295","439,679993",1,4,2024-01-28
2024-01-28 07:00:00,"286,4719556124661","441,320007",1,4,2024-01-28
2024-01-28 08:00:00,"263,5174399861685","410,609985",1,4,2024-01-28
2024-01-28 09:00:00,"256,7285333400555","381,380005",1,4,2024-01-28
2024-01-28 10:00:00,"241,808311790131","341,049988",1,4,2024-01-28
2024-01-28 11:00:00,"240,03713410106982","309,970001",1,4,2024-01-28
2024-01-28 12:00:00,"247,94282807301303","298,859985",1,4,2024-01-28
2024-01-28 13:00:00,"258,87605786004355","377,579987",1,4,2024-01-28
2024-01-28 14:00:00,"279,1972961010177","420,519989",1,4,2024-01-28
2024-01-28 15:00:00,"297,3078121149085","431,850006",1,4,2024-01-28
2024-01-28 16:00:00,"300,24346390365804","431,329987",1,4,2024-01-28
2024-01-28 17:00:00,"270,62451526188585","427,380005",1,4,2024-01-28
2024-01-28 18:00:00,"211,8060807354698","422,01001",1,4,2024-01-28
2024-01-28 19:00:00,"175,0607497219333","217,75",1,4,2024-01-28
2024-01-28 20:00:00,"143,66946589560013","122,029999",1,4,2024-01-28
2024-01-28 21:00:00,"127,37402530283651","74,550003",1,4,2024-01-28
2024-01-28 22:00:00,"96,97757119688742","51,59",1,4,2024-01-28
2024-01-28 23:00:00,"103,02668728013299","111,82",1,4,2024-01-28
2024-04-01 00:00:00,"256,2893398527593","343,549988",2,1,2024-04-01
2024-04-01 01:00:00,"221,0835756476228","325,049988",2,1,2024-04-01
2024-04-01 02:00:00,"219,17309280358168","368,459991",2,1,2024-04-01
2024-04-01 03:00:00,"228,67077057200518","390,459991",2,1,2024-04-01
2024-04-01 04:00:00,"242,91672985019778","437,899994",2,1,2024-04-01
2024-04-01 05:00:00,"275,50653896171855","481,01001",2,1,2024-04-01
2024-04-01 06:00:00,"308,11765539024395","437,899994",2,1,2024-04-01
2024-04-01 07:00:00,"304,7711333805766","454,160004",2,1,2024-04-01
2024-04-01 08:00:00,"303,0646343812916","405,450012",2,1,2024-04-01
2024-04-01 09:00:00,"310,3503291218956","226,669998",2,1,2024-04-01
2024-04-01 10:00:00,"295,99714164610776","134,550003",2,1,2024-04-01
2024-04-01 11:00:00,"299,127543415969","149,550003",2,1,2024-04-01
2024-04-01 12:00:00,"306,9037886172188","74,809998",2,1,2024-04-01
2024-04-01 13:00:00,"319,43440557017635","33,34",2,1,2024-04-01
2024-04-01 14:00:00,"332,6629345517149","30,73",2,1,2024-04-01
2024-04-01 15:00:00,"372,2922533164686","98,080002",2,1,2024-04-01
2024-04-01 16:00:00,"433,0940836076794","258,149994",2,1,2024-04-01
2024-04-01 17:00:00,"435,4840316921224","361,970001",2,1,2024-04-01
2024-04-01 18:00:00,"368,7970791169235","372,040009",2,1,2024-04-01
2024-04-01 19:00:00,"329,36598665463487","340,790009",2,1,2024-04-01
2024-04-01 20:00:00,"315,56077615514533","193,699997",2,1,2024-04-01
2024-04-01 21:00:00,"301,8025478803735","55,720001",2,1,2024-04-01
2024-04-01 22:00:00,"308,7120075312926","59,450001",2,1,2024-04-01
2024-04-01 23:00:00,"292,0096676727144","9,55",2,1,2024-04-01
2024-04-02 00:00:00,"223,92723293201186","4,55",2,1,2024-04-02
2024-04-02 01:00:00,"218,26947185178994","6,49",2,1,2024-04-02
2024-04-02 02:00:00,"223,93945613143822","14,47",2,1,2024-04-02
2024-04-02 03:00:00,"248,46337381197563","54,220001",2,1,2024-04-02
2024-04-02 04:00:00,"292,13289989449567","426,790009",2,1,2024-04-02
2024-04-02 05:00:00,"304,5455970337321","554,630005",2,1,2024-04-02
2024-04-02 06:00:00,"357,8320978292076","501,820007",2,1,2024-04-02
2024-04-02 07:00:00,"378,4267747622865","349,220001",2,1,2024-04-02
2024-04-02 08:00:00,"418,0464702206624","285,589996",2,1,2024-04-02
2024-04-02 09:00:00,"407,97542329356776","293,130005",2,1,2024-04-02
2024-04-02 10:00:00,"408,74031813539375","292,980011",2,1,2024-04-02
2024-04-02 11:00:00,"407,3716413263951","286,190002",2,1,2024-04-02
2024-04-02 12:00:00,"389,4696327115705","248,970001",2,1,2024-04-02
2024-04-02 13:00:00,"402,6465347819589","187,210007",2,1,2024-04-02
2024-04-02 14:00:00,"522,9521901158092","65,860001",2,1,2024-04-02
2024-04-02 15:00:00,"587,4428990410039","307,299988",2,1,2024-04-02
2024-04-02 16:00:00,"616,4415221299073","542,25",2,1,2024-04-02
2024-04-02 17:00:00,"593,248432430534","711,48999",2,1,2024-04-02
2024-04-02 18:00:00,"501,91425846260984","707,679993",2,1,2024-04-02
2024-04-02 19:00:00,"406,68673249569184","582,75",2,1,2024-04-02
2024-04-02 20:00:00,"342,3864427615204","558,359985",2,1,2024-04-02
2024-04-02 21:00:00,"310,84772886779916","528,669983",2,1,2024-04-02
2024-04-02 22:00:00,"279,7317908705143","552,840027",2,1,2024-04-02
2024-04-02 23:00:00,"260,18233301242554","535,090027",2,1,2024-04-02
2024-04-03 00:00:00,"258,64472867671753","522,419983",2,1,2024-04-03
2024-04-03 01:00:00,"256,5285596220664","482,220001",2,1,2024-04-03
2024-04-03 02:00:00,"255,9123408235048","483,929993",2,1,2024-04-03
2024-04-03 03:00:00,"273,66642565515474","512,570007",2,1,2024-04-03
2024-04-03 04:00:00,"322,0288713219971","707,820007",2,1,2024-04-03
2024-04-03 05:00:00,"366,3740875163152","879,48999",2,1,2024-04-03
2024-04-03 06:00:00,"462,02153504065546","879,48999",2,1,2024-04-03
2024-04-03 07:00:00,"558,4550782126054","753,080017",2,1,2024-04-03
2024-04-03 08:00:00,"573,2394595862369","800,590027",2,1,2024-04-03
2024-04-03 09:00:00,"594,2763144448481","677,23999",2,1,2024-04-03
2024-04-03 10:00:00,"575,1400059885724","611,76001",2,1,2024-04-03
2024-04-03 11:00:00,"569,9385067476238","573,349976",2,1,2024-04-03
2024-04-03 12:00:00,"556,3415182625981","544,710022",2,1,2024-04-03
2024-04-03 13:00:00,"579,5448926867246","531,890015",2,1,2024-04-03
2024-04-03 14:00:00,"629,3214839737918","558,289978",2,1,2024-04-03
2024-04-03 15:00:00,"661,312445714265","672,840027",2,1,2024-04-03
2024-04-03 16:00:00,"667,4227330373673","806,47998",2,1,2024-04-03
2024-04-03 17:00:00,"647,5294173897565","897,539978",2,1,2024-04-03
2024-04-03 18:00:00,"561,8193519903195","739,359985",2,1,2024-04-03
2024-04-03 19:00:00,"489,62728761504815","557,169983",2,1,2024-04-03
2024-04-03 20:00:00,"403,33722536083974","458,579987",2,1,2024-04-03
2024-04-03 21:00:00,"350,90226172235555","412,640015",2,1,2024-04-03
2024-04-03 22:00:00,"305,6301745923489","406,619995",2,1,2024-04-03
2024-04-03 23:00:00,"270,4372681697271","387,899994",2,1,2024-04-03
2024-04-04 00:00:00,"254,7167603605959","374,179993",2,1,2024-04-04
2024-04-04 01:00:00,"251,63395833021713","384,619995",2,1,2024-04-04
2024-04-04 02:00:00,"253,42621398169882","387,380005",2,1,2024-04-04
2024-04-04 03:00:00,"263,4327031830188","403,339996",2,1,2024-04-04
2024-04-04 04:00:00,"291,2798164221669","454,200012",2,1,2024-04-04
2024-04-04 05:00:00,"320,11642620017597","576,219971",2,1,2024-04-04
2024-04-04 06:00:00,"386,46200511534647","561,830017",2,1,2024-04-04
2024-04-04 07:00:00,"428,0626438523116","535,419983",2,1,2024-04-04
2024-04-04 08:00:00,"406,2305844625341","515,880005",2,1,2024-04-04
2024-04-04 09:00:00,"393,59747341621033","470,309998",2,1,2024-04-04
2024-04-04 10:00:00,"368,9573768715937","433,170013",2,1,2024-04-04
2024-04-04 11:00:00,"350,1806886141271","419,299988",2,1,2024-04-04
2024-04-04 12:00:00,"336,99531221136124","413,850006",2,1,2024-04-04
2024-04-04 13:00:00,"372,39615183443414","418,929993",2,1,2024-04-04
2024-04-04 14:00:00,"448,5165933834892","425,709991",2,1,2024-04-04
2024-04-04 15:00:00,"470,186294335419","515,210022",2,1,2024-04-04
2024-04-04 16:00:00,"500,5383343509912","562,049988",2,1,2024-04-04
2024-04-04 17:00:00,"484,68624858185353","676,159973",2,1,2024-04-04
2024-04-04 18:00:00,"427,8986958438132","600,97998",2,1,2024-04-04
2024-04-04 19:00:00,"370,7471470464431","533,47998",2,1,2024-04-04
2024-04-04 20:00:00,"298,323255390448","520,280029",2,1,2024-04-04
2024-04-04 21:00:00,"266,09810709665044","430,109985",2,1,2024-04-04
2024-04-04 22:00:00,"226,36371545006392","348,920013",2,1,2024-04-04
2024-04-04 23:00:00,"228,8629600121058","360,029999",2,1,2024-04-04
2024-04-05 00:00:00,"187,2859578431888","354,440002",2,1,2024-04-05
2024-04-05 01:00:00,"181,62208545731383","347,049988",2,1,2024-04-05
2024-04-05 02:00:00,"164,2495076482001","353,320007",2,1,2024-04-05
2024-04-05 03:00:00,"171,23884980273064","352,720001",2,1,2024-04-05
2024-04-05 04:00:00,"195,71213530076625","555,380005",2,1,2024-04-05
2024-04-05 05:00:00,"271,54814282768547","613,26001",2,1,2024-04-05
2024-04-05 06:00:00,"303,5639362130604","604,159973",2,1,2024-04-05
2024-04-05 07:00:00,"343,23029066347254","496,679993",2,1,2024-04-05
2024-04-05 08:00:00,"337,535175197971","376,660004",2,1,2024-04-05
2024-04-05 09:00:00,"310,16745860795254","339,670013",2,1,2024-04-05
2024-04-05 10:00:00,"284,3950185317079","331,390015",2,1,2024-04-05
2024-04-05 11:00:00,"259,1749406839999","298,570007",2,1,2024-04-05
2024-04-05 12:00:00,"252,2552978704109","276,48999",2,1,2024-04-05
2024-04-05 13:00:00,"266,5022780351508","231,520004",2,1,2024-04-05
2024-04-05 14:00:00,"290,11091090151103","205,929993",2,1,2024-04-05
2024-04-05 15:00:00,"327,78188707674013","298,269989",2,1,2024-04-05
2024-04-05 16:00:00,"368,41489708380465","370,320007",2,1,2024-04-05
2024-04-05 17:00:00,"356,29571116085515","398,299988",2,1,2024-04-05
2024-04-05 18:00:00,"289,71335738943645","402,170013",2,1,2024-04-05
2024-04-05 19:00:00,"226,79510350037185","398,299988",2,1,2024-04-05
2024-04-05 20:00:00,"222,5243328473135","393,299988",2,1,2024-04-05
2024-04-05 21:00:00,"189,83836077381747","370,100006",2,1,2024-04-05
2024-04-05 22:00:00,"176,8413174814353","313,649994",2,1,2024-04-05
2024-04-05 23:00:00,"162,0064421072345","326,549988",2,1,2024-04-05
2024-04-06 00:00:00,"140,7149064302507","328,190002",2,1,2024-04-06
2024-04-06 01:00:00,"133,2222598550464","334,679993",2,1,2024-04-06
2024-04-06 02:00:00,"131,6440790545746","354,369995",2,1,2024-04-06
2024-04-06 03:00:00,"143,8255343799357","359,890015",2,1,2024-04-06
2024-04-06 04:00:00,"179,95724292909557","372,5",2,1,2024-04-06
2024-04-06 05:00:00,"210,96854591024305","382,339996",2,1,2024-04-06
2024-04-06 06:00:00,"227,76044409583773","374,660004",2,1,2024-04-06
2024-04-06 07:00:00,"220,38782981032912","359,890015",2,1,2024-04-06
2024-04-06 08:00:00,"259,19157785787274","291,790009",2,1,2024-04-06
2024-04-06 09:00:00,"266,92816458676276","298,279999",2,1,2024-04-06
2024-04-06 10:00:00,"270,5695797281629","295,0",2,1,2024-04-06
2024-04-06 11:00:00,"265,4610594669014","282,23999",2,1,2024-04-06
2024-04-06 12:00:00,"277,8928969332388","260,459991",2,1,2024-04-06
2024-04-06 13:00:00,"300,95677145092645","292,459991",2,1,2024-04-06
2024-04-06 14:00:00,"372,4861685713316","297,380005",2,1,2024-04-06
2024-04-06 15:00:00,"465,4191142242892","345,200012",2,1,2024-04-06
2024-04-06 16:00:00,"520,856341492372","393,079987",2,1,2024-04-06
2024-04-06 17:00:00,"539,8301193558309","435,369995",2,1,2024-04-06
2024-04-06 18:00:00,"466,2936485357517","360,109985",2,1,2024-04-06
2024-04-06 19:00:00,"404,7616759070225","335,799988",2,1,2024-04-06
2024-04-06 20:00:00,"317,94591309042903","297,309998",2,1,2024-04-06
2024-04-06 21:00:00,"266,1271940369091","188,410004",2,1,2024-04-06
2024-04-06 22:00:00,"238,28979405422228","84,279999",2,1,2024-04-06
2024-04-06 23:00:00,"244,56118626096242","0,75",2,1,2024-04-06
2024-04-07 00:00:00,"210,52306946445162","0,0",2,1,2024-04-07
2024-04-07 01:00:00,"214,78691417378636","0,0",2,1,2024-04-07
2024-04-07 02:00:00,"218,1612953188876","0,0",2,1,2024-04-07
2024-04-07 03:00:00,"226,23763951634822","0,0",2,1,2024-04-07
2024-04-07 04:00:00,"238,24384649695733","0,0",2,1,2024-04-07
2024-04-07 05:00:00,"266,2755692315014","0,0",2,1,2024-04-07
2024-04-07 06:00:00,"272,8055437707232","0,0",2,1,2024-04-07
2024-04-07 07:00:00,"260,96761595219573","-0,07",2,1,2024-04-07
2024-04-07 08:00:00,"260,1096445361414","-1,19",2,1,2024-04-07
2024-04-07 09:00:00,"255,76483646677525","-22,450001",2,1,2024-04-07
2024-04-07 10:00:00,"249,11832883042803","-29,76",2,1,2024-04-07
2024-04-07 11:00:00,"236,56978414302364","-48,849998",2,1,2024-04-07
2024-04-07 12:00:00,"246,36221067893416","-74,589996",2,1,2024-04-07
2024-04-07 13:00:00,"262,2202404954419","-37,59",2,1,2024-04-07
2024-04-07 14:00:00,"286,2923261406888","-1,19",2,1,2024-04-07
2024-04-07 15:00:00,"297,9012365751545","51,610001",2,1,2024-04-07
2024-04-07 16:00:00,"319,6751855405444","682,159973",2,1,2024-04-07
2024-04-07 17:00:00,"296,9336384784694","808,440002",2,1,2024-04-07
2024-04-07 18:00:00,"259,3104829877325","793,599976",2,1,2024-04-07
2024-04-07 19:00:00,"217,00252182125217","670,900024",2,1,2024-04-07
2024-04-07 20:00:00,"215,38545671809428","577,73999",2,1,2024-04-07
2024-04-07 21:00:00,"212,0273028715532","494,730011",2,1,2024-04-07
2024-04-07 22:00:00,"225,18883509554615","527,849976",2,1,2024-04-07
2024-04-07 23:00:00,"229,07783355399673","494,359985",2,1,2024-04-07
2024-04-08 00:00:00,"332,84110128019097","292,079987",2,2,2024-04-08
2024-04-08 01:00:00,"238,92828650097954","312,290009",2,2,2024-04-08
2024-04-08 02:00:00,"194,7732005936649","328,480011",2,2,2024-04-08
2024-04-08 03:00:00,"211,38411845057684","494,799988",2,2,2024-04-08
2024-04-08 04:00:00,"242,704358582533","760,700012",2,2,2024-04-08
2024-04-08 05:00:00,"272,540972325535","1117,150024",2,2,2024-04-08
2024-04-08 06:00:00,"308,1242670710788","958,580017",2,2,2024-04-08
2024-04-08 07:00:00,"302,67160107033436","637,789978",2,2,2024-04-08
2024-04-08 08:00:00,"288,43856395375855","601,159973",2,2,2024-04-08
2024-04-08 09:00:00,"276,26426158531507","531,280029",2,2,2024-04-08
2024-04-08 10:00:00,"274,23511151667645","482,570007",2,2,2024-04-08
2024-04-08 11:00:00,"276,1002393051446","447,519989",2,2,2024-04-08
2024-04-08 12:00:00,"283,1165084119691","431,779999",2,2,2024-04-08
2024-04-08 13:00:00,"300,712579632498","472,880005",2,2,2024-04-08
2024-04-08 14:00:00,"324,8399445624567","522,099976",2,2,2024-04-08
2024-04-08 15:00:00,"363,3322095973537","559,469971",2,2,2024-04-08
2024-04-08 16:00:00,"408,44629162186254","782,409973",2,2,2024-04-08
2024-04-08 17:00:00,"423,31066431804965","1024,069946",2,2,2024-04-08
2024-04-08 18:00:00,"384,63306677500634","930,830017",2,2,2024-04-08
2024-04-08 19:00:00,"352,57507110961313","632,859985",2,2,2024-04-08
2024-04-08 20:00:00,"320,4083042385587","574,309998",2,2,2024-04-08
2024-04-08 21:00:00,"301,80915956120833","523,52002",2,2,2024-04-08
2024-04-08 22:00:00,"303,87770280954896","583,330017",2,2,2024-04-08
2024-04-08 23:00:00,"286,95638000247106","517,549988",2,2,2024-04-08
2024-04-09 00:00:00,"224,86164164004882","482,790009",2,2,2024-04-09
2024-04-09 01:00:00,"222,77822500579427","440,200012",2,2,2024-04-09
2024-04-09 02:00:00,"228,8529444332198","453,779999",2,2,2024-04-09
2024-04-09 03:00:00,"267,21613697182084","488,390015",2,2,2024-04-09
2024-04-09 04:00:00,"308,4828832962398","631,070007",2,2,2024-04-09
2024-04-09 05:00:00,"323,657574754236","670,900024",2,2,2024-04-09
2024-04-09 06:00:00,"356,1491299822066","595,039978",2,2,2024-04-09
2024-04-09 07:00:00,"371,90478999746483","509,420013",2,2,2024-04-09
2024-04-09 08:00:00,"392,1403031197698","376,51001",2,2,2024-04-09
2024-04-09 09:00:00,"420,67538807290595","336,160004",2,2,2024-04-09
2024-04-09 10:00:00,"403,95332582702326","279,920013",2,2,2024-04-09
2024-04-09 11:00:00,"404,42681808979324","224,059998",2,2,2024-04-09
2024-04-09 12:00:00,"402,3461268726893","200,860001",2,2,2024-04-09
2024-04-09 13:00:00,"413,1124518529608","221,970001",2,2,2024-04-09
2024-04-09 14:00:00,"507,78998903589405","296,850006",2,2,2024-04-09
2024-04-09 15:00:00,"587,0472223473964","360,769989",2,2,2024-04-09
2024-04-09 16:00:00,"614,9583624079874","479,730011",2,2,2024-04-09
2024-04-09 17:00:00,"594,0250340338979","595,119995",2,2,2024-04-09
2024-04-09 18:00:00,"508,3898158560148","447,140015",2,2,2024-04-09
2024-04-09 19:00:00,"411,0823663918592","359,649994",2,2,2024-04-09
2024-04-09 20:00:00,"321,0560273922697","335,640015",2,2,2024-04-09
2024-04-09 21:00:00,"273,46256623651817","257,619995",2,2,2024-04-09
2024-04-09 22:00:00,"241,14131507149952","68,550003",2,2,2024-04-09
2024-04-09 23:00:00,"239,41515526743467","30,58",2,2,2024-04-09
2024-04-10 00:00:00,"241,70649652981086","11,64",2,2,2024-04-10
2024-04-10 01:00:00,"240,41382430403772","9,55",2,2,2024-04-10
2024-04-10 02:00:00,"238,74082411114026","1,27",2,2,2024-04-10
2024-04-10 03:00:00,"253,8377211829057","11,49",2,2,2024-04-10
2024-04-10 04:00:00,"299,33742399591426","23,049999",2,2,2024-04-10
2024-04-10 05:00:00,"340,33243845826985","101,290001",2,2,2024-04-10
2024-04-10 06:00:00,"428,0898016648652","145,0",2,2,2024-04-10
2024-04-10 07:00:00,"507,54324011073527","116,660004",2,2,2024-04-10
2024-04-10 08:00:00,"552,4494537425289","95,019997",2,2,2024-04-10
2024-04-10 09:00:00,"564,3664009554999","45,5",2,2,2024-04-10
2024-04-10 10:00:00,"542,355774112523","11,86",2,2,2024-04-10
2024-04-10 11:00:00,"533,3051849394047","2,69",2,2,2024-04-10
2024-04-10 12:00:00,"519,8996842086752","0,0",2,2,2024-04-10
2024-04-10 13:00:00,"556,9741624841718","0,07",2,2,2024-04-10
2024-04-10 14:00:00,"595,4560510861356","11,86",2,2,2024-04-10
2024-04-10 15:00:00,"616,8949771051301","122,169998",2,2,2024-04-10
2024-04-10 16:00:00,"647,4767195726646","616,469971",2,2,2024-04-10
2024-04-10 17:00:00,"653,7657118512362","1084,949951",2,2,2024-04-10
2024-04-10 18:00:00,"590,2695599845823","1052,430054",2,2,2024-04-10
2024-04-10 19:00:00,"521,8950158027247","722,380005",2,2,2024-04-10
2024-04-10 20:00:00,"446,4223991324474","392,029999",2,2,2024-04-10
2024-04-10 21:00:00,"405,7257180059102","352,200012",2,2,2024-04-10
2024-04-10 22:00:00,"334,87568168639893","303,440002",2,2,2024-04-10
2024-04-10 23:00:00,"309,19446776759594","198,940002",2,2,2024-04-10
2024-04-11 00:00:00,"279,4652742273504","165,589996",2,2,2024-04-11
2024-04-11 01:00:00,"251,52258660747455","74,519997",2,2,2024-04-11
2024-04-11 02:00:00,"253,34799230761206","11,71",2,2,2024-04-11
2024-04-11 03:00:00,"260,0213828974379","11,64",2,2,2024-04-11
2024-04-11 04:00:00,"288,484670993624","19,469999",2,2,2024-04-11
2024-04-11 05:00:00,"322,39775485128285","297,399994",2,2,2024-04-11
2024-04-11 06:00:00,"379,3710724629671","309,929993",2,2,2024-04-11
2024-04-11 07:00:00,"419,0958106684629","223,770004",2,2,2024-04-11
2024-04-11 08:00:00,"406,064937560392","74,959999",2,2,2024-04-11
2024-04-11 09:00:00,"394,397746675277","6,41",2,2,2024-04-11
2024-04-11 10:00:00,"365,4444780814881","6,79",2,2,2024-04-11
2024-04-11 11:00:00,"342,08304163777547","8,21",2,2,2024-04-11
2024-04-11 12:00:00,"335,5221342493488","4,25",2,2,2024-04-11
2024-04-11 13:00:00,"373,90719561529266","96,07",2,2,2024-04-11
2024-04-11 14:00:00,"450,565537098501","64,75",2,2,2024-04-11
2024-04-11 15:00:00,"466,84624411451057","347,070007",2,2,2024-04-11
2024-04-11 16:00:00,"492,06230752047856","711,75",2,2,2024-04-11
2024-04-11 17:00:00,"475,90359439258","1002,210022",2,2,2024-04-11
2024-04-11 18:00:00,"423,5075832813669","893,609985",2,2,2024-04-11
2024-04-11 19:00:00,"361,2904223072977","679,159973",2,2,2024-04-11
2024-04-11 20:00:00,"290,589333798728","541,159973",2,2,2024-04-11
2024-04-11 21:00:00,"248,47411370261025","451,059998",2,2,2024-04-11
2024-04-11 22:00:00,"219,53759231935322","339,720001",2,2,2024-04-11
2024-04-11 23:00:00,"227,31212393529583","325,029999",2,2,2024-04-11
2024-04-12 00:00:00,"204,31368637623757","331,73999",2,2,2024-04-12
2024-04-12 01:00:00,"205,9827930648953","304,51001",2,2,2024-04-12
2024-04-12 02:00:00,"216,00973262432382","298,399994",2,2,2024-04-12
2024-04-12 03:00:00,"225,50741039274732","298,399994",2,2,2024-04-12
2024-04-12 04:00:00,"243,47425768486053","308,019989",2,2,2024-04-12
2024-04-12 05:00:00,"280,37420176325014","362,619995",2,2,2024-04-12
2024-04-12 06:00:00,"304,26899571774857","516,75",2,2,2024-04-12
2024-04-12 07:00:00,"326,5779798367935","489,290009",2,2,2024-04-12
2024-04-12 08:00:00,"326,528080802806","314,51001",2,2,2024-04-12
2024-04-12 09:00:00,"306,41784740967705","186,050003",2,2,2024-04-12
2024-04-12 10:00:00,"282,07402599545594","149,869995",2,2,2024-04-12
2024-04-12 11:00:00,"256,60205806488693","37,150002",2,2,2024-04-12
2024-04-12 12:00:00,"252,53492704459455","6,04",2,2,2024-04-12
2024-04-12 13:00:00,"265,0655439975522","3,21",2,2,2024-04-12
2024-04-12 14:00:00,"293,57304893320173","128,460007",2,2,2024-04-12
2024-04-12 15:00:00,"327,8936192203834","293,920013",2,2,2024-04-12
2024-04-12 16:00:00,"368,41489708380465","351,51001",2,2,2024-04-12
2024-04-12 17:00:00,"359,30889924032965","351,730011",2,2,2024-04-12
2024-04-12 18:00:00,"298,1998502067202","352,029999",2,2,2024-04-12
2024-04-12 19:00:00,"243,9694134501032","351,429993",2,2,2024-04-12
2024-04-12 20:00:00,"221,94245739507227","342,329987",2,2,2024-04-12
2024-04-12 21:00:00,"191,62857297070366","329,200012",2,2,2024-04-12
2024-04-12 22:00:00,"197,38546756373123","175,020004",2,2,2024-04-12
2024-04-12 23:00:00,"208,48888559977098","193,369995",2,2,2024-04-12
2024-04-13 00:00:00,"201,89499756276803","144,429993",2,2,2024-04-13
2024-04-13 01:00:00,"194,590014776984","130,779999",2,2,2024-04-13
2024-04-13 02:00:00,"190,11223813684444","130,259995",2,2,2024-04-13
2024-04-13 03:00:00,"198,42968913900768","173,899994",2,2,2024-04-13
2024-04-13 04:00:00,"222,4464772556095","207,619995",2,2,2024-04-13
2024-04-13 05:00:00,"239,1758663469221","251,630005",2,2,2024-04-13
2024-04-13 06:00:00,"227,06156100597394","168,600006",2,2,2024-04-13
2024-04-13 07:00:00,"205,94349886451278","65,650002",2,2,2024-04-13
2024-04-13 08:00:00,"251,91971284725864","-0,15",2,2,2024-04-13
2024-04-13 09:00:00,"256,5829578311799","-30,139999",2,2,2024-04-13
2024-04-13 10:00:00,"257,5599682084841","-59,830002",2,2,2024-04-13
2024-04-13 11:00:00,"254,20039971238867","-150,699997",2,2,2024-04-13
2024-04-13 12:00:00,"267,23576559591555","-218,729996",2,2,2024-04-13
2024-04-13 13:00:00,"290,54324452041783","-235,740005",2,2,2024-04-13
2024-04-13 14:00:00,"333,9969096801796","-75,120003",2,2,2024-04-13
2024-04-13 15:00:00,"437,5857573181459","14,92",2,2,2024-04-13
2024-04-13 16:00:00,"499,1306958513026","213,740005",2,2,2024-04-13
2024-04-13 17:00:00,"526,74795795943","392,859985",2,2,2024-04-13
2024-04-13 18:00:00,"482,96053482569965","298,630005",2,2,2024-04-13
2024-04-13 19:00:00,"444,9494511370773","258,5",2,2,2024-04-13
2024-04-13 20:00:00,"360,88987157154617","153,679993",2,2,2024-04-13
2024-04-13 21:00:00,"279,09039193931426","52,59",2,2,2024-04-13
2024-04-13 22:00:00,"229,5464546399516","3,21",2,2,2024-04-13
2024-04-13 23:00:00,"229,114632961846","6,19",2,2,2024-04-13
2024-04-14 00:00:00,"196,0810090418953","6,79",2,2,2024-04-14
2024-04-14 01:00:00,"196,75343393899456","3,13",2,2,2024-04-14
2024-04-14 02:00:00,"198,60783973646545","3,66",2,2,2024-04-14
2024-04-14 03:00:00,"196,4089962809958","21,709999",2,2,2024-04-14
2024-04-14 04:00:00,"217,2319900153966","93,629997",2,2,2024-04-14
2024-04-14 05:00:00,"240,1890172377515","96,989998",2,2,2024-04-14
2024-04-14 06:00:00,"261,8871824242909","55,279999",2,2,2024-04-14
2024-04-14 07:00:00,"258,07447982944024","0,0",2,2,2024-04-14
2024-04-14 08:00:00,"243,90003053392","-17,16",2,2,2024-04-14
2024-04-14 09:00:00,"217,1609454227448","-89,379997",2,2,2024-04-14
2024-04-14 10:00:00,"224,51682182603162","-314,399994",2,2,2024-04-14
2024-04-14 11:00:00,"214,89406233163663","-397,73999",2,2,2024-04-14
2024-04-14 12:00:00,"236,0980102208614","-402,880005",2,2,2024-04-14
2024-04-14 13:00:00,"251,95604003736906","-298,809998",2,2,2024-04-14
2024-04-14 14:00:00,"285,65517627618965","-46,630001",2,2,2024-04-14
2024-04-14 15:00:00,"295,9350906049634","11,71",2,2,2024-04-14
2024-04-14 16:00:00,"315,5553215698407","157,419998",2,2,2024-04-14
2024-04-14 17:00:00,"295,66628630106254","655,059998",2,2,2024-04-14
2024-04-14 18:00:00,"263,91130724100276","894,619995",2,2,2024-04-14
2024-04-14 19:00:00,"187,49694178802721","840,159973",2,2,2024-04-14
2024-04-14 20:00:00,"167,21970167832427","724,890015",2,2,2024-04-14
2024-04-14 21:00:00,"155,42151240504882","594,549988",2,2,2024-04-14
2024-04-14 22:00:00,"158,76353361069144","343,269989",2,2,2024-04-14
2024-04-14 23:00:00,"162,17563592500656","334,690002",2,2,2024-04-14
2024-04-15 00:00:00,"245,39777710509568","526,359985",2,3,2024-04-15
2024-04-15 01:00:00,"213,33792434519958","491,220001",2,3,2024-04-15
2024-04-15 02:00:00,"217,77070080424417","561,280029",2,3,2024-04-15
2024-04-15 03:00:00,"230,43564462220425","647,150024",2,3,2024-04-15
2024-04-15 04:00:00,"241,44628770740542","863,440002",2,3,2024-04-15
2024-04-15 05:00:00,"258,1678099235889","1261,98999",2,3,2024-04-15
2024-04-15 06:00:00,"303,5213026860087","1143,290039",2,3,2024-04-15
2024-04-15 07:00:00,"301,7728767950127","683,109985",2,3,2024-04-15
2024-04-15 08:00:00,"288,0255996360833","568,809998",2,3,2024-04-15
2024-04-15 09:00:00,"269,6647084845317","425,269989",2,3,2024-04-15
2024-04-15 10:00:00,"264,97115365179707","320,809998",2,3,2024-04-15
2024-04-15 11:00:00,"263,94407079653035","245,389999",2,3,2024-04-15
2024-04-15 12:00:00,"268,7766790210282","145,490005",2,3,2024-04-15
2024-04-15 13:00:00,"275,45154457627683","223,380005",2,3,2024-04-15
2024-04-15 14:00:00,"296,1962300741631","265,459991",2,3,2024-04-15
2024-04-15 15:00:00,"333,77688934362817","345,440002",2,3,2024-04-15
2024-04-15 16:00:00,"399,8127057116936","516,289978",2,3,2024-04-15
2024-04-15 17:00:00,"422,79705316098807","588,809998",2,3,2024-04-15
2024-04-15 18:00:00,"378,94971185960895","574,630005",2,3,2024-04-15
2024-04-15 19:00:00,"317,4867429424735","494,730011",2,3,2024-04-15
2024-04-15 20:00:00,"269,4152116246856","394,899994",2,3,2024-04-15
2024-04-15 21:00:00,"251,53733358723818","261,200012",2,3,2024-04-15
2024-04-15 22:00:00,"252,75567119443997","231,639999",2,3,2024-04-15
2024-04-15 23:00:00,"249,77502507766042","132,720001",2,3,2024-04-15
2024-04-16 00:00:00,"217,2684707982106","49,610001",2,3,2024-04-16
2024-04-16 01:00:00,"215,37981319191263","40,959999",2,3,2024-04-16
2024-04-16 02:00:00,"226,09767856102002","133,539993",2,3,2024-04-16
2024-04-16 03:00:00,"264,8599611822943","270,209991",2,3,2024-04-16
2024-04-16 04:00:00,"312,46970880922487","384,880005",2,3,2024-04-16
2024-04-16 05:00:00,"339,0080379680405","554,0",2,3,2024-04-16
2024-04-16 06:00:00,"377,5337374821209","554,0",2,3,2024-04-16
2024-04-16 07:00:00,"411,7243430914222","483,5",2,3,2024-04-16
2024-04-16 08:00:00,"407,86056808036324","388,309998",2,3,2024-04-16
2024-04-16 09:00:00,"414,79973509281496","344,290009",2,3,2024-04-16
2024-04-16 10:00:00,"394,3140215297571","320,5",2,3,2024-04-16
2024-04-16 11:00:00,"400,1552640129396","316,089996",2,3,2024-04-16
2024-04-16 12:00:00,"393,3663664621684","322,359985",2,3,2024-04-16
2024-04-16 13:00:00,"400,53012952246047","362,049988",2,3,2024-04-16
2024-04-16 14:00:00,"521,0188748471172","457,540009",2,3,2024-04-16
2024-04-16 15:00:00,"580,038751154349","594,359985",2,3,2024-04-16
2024-04-16 16:00:00,"611,4930822898198","693,210022",2,3,2024-04-16
2024-04-16 17:00:00,"590,7735011880601","850,400024",2,3,2024-04-16
2024-04-16 18:00:00,"519,5671691282898","928,960022",2,3,2024-04-16
2024-04-16 19:00:00,"444,79137152496435","779,309998",2,3,2024-04-16
2024-04-16 20:00:00,"383,18918485888605","672,169983",2,3,2024-04-16
2024-04-16 21:00:00,"348,9915178153657","627,409973",2,3,2024-04-16
2024-04-16 22:00:00,"314,93543340641213","625,48999",2,3,2024-04-16
2024-04-16 23:00:00,"292,43077991062864","625,48999",2,3,2024-04-16
2024-04-17 00:00:00,"263,9787110434865","606,919983",2,3,2024-04-17
2024-04-17 01:00:00,"274,02831139535135","614,75",2,3,2024-04-17
2024-04-17 02:00:00,"266,2979541487756","618,929993",2,3,2024-04-17
2024-04-17 03:00:00,"281,096883292491","624,669983",2,3,2024-04-17
2024-04-17 04:00:00,"320,77080044686943","816,109985",2,3,2024-04-17
2024-04-17 05:00:00,"353,9964285184276","1268,069946",2,3,2024-04-17
2024-04-17 06:00:00,"442,82876716714395","1157,650024",2,3,2024-04-17
2024-04-17 07:00:00,"531,483837345805","780,52002",2,3,2024-04-17
2024-04-17 08:00:00,"548,7848939719717","625,940002",2,3,2024-04-17
2024-04-17 09:00:00,"575,451607473488","596,099976",2,3,2024-04-17
2024-04-17 10:00:00,"567,468877697456","599,080017",2,3,2024-04-17
2024-04-17 11:00:00,"561,4907768531435","589,830017",2,3,2024-04-17
2024-04-17 12:00:00,"539,4953419691708","579,76001",2,3,2024-04-17
2024-04-17 13:00:00,"562,0889204553961","574,690002",2,3,2024-04-17
2024-04-17 14:00:00,"614,4036435725129","596,840027",2,3,2024-04-17
2024-04-17 15:00:00,"645,5078179188381","648,320007",2,3,2024-04-17
2024-04-17 16:00:00,"663,1025062778609","857,73999",2,3,2024-04-17
2024-04-17 17:00:00,"659,9785422200998","1193,089966",2,3,2024-04-17
2024-04-17 18:00:00,"596,9494036530216","1267,550049",2,3,2024-04-17
2024-04-17 19:00:00,"520,2918537214854","970,320007",2,3,2024-04-17
2024-04-17 20:00:00,"450,17055930630505","738,890015",2,3,2024-04-17
2024-04-17 21:00:00,"409,34507653973","655,109985",2,3,2024-04-17
2024-04-17 22:00:00,"340,65102383641215","685,150024",2,3,2024-04-17
2024-04-17 23:00:00,"305,10462500325144","652,23999",2,3,2024-04-17
2024-04-18 00:00:00,"279,92286493457925","660,52002",2,3,2024-04-18
2024-04-18 01:00:00,"263,46224682358957","654,780029",2,3,2024-04-18
2024-04-18 02:00:00,"264,37367164187464","668,580017",2,3,2024-04-18
2024-04-18 03:00:00,"273,1856617407649","697,380005",2,3,2024-04-18
2024-04-18 04:00:00,"292,2195198496845","909,349976",2,3,2024-04-18
2024-04-18 05:00:00,"313,1168286053031","1162,430054",2,3,2024-04-18
2024-04-18 06:00:00,"377,5898640884339","978,809998",2,3,2024-04-18
2024-04-18 07:00:00,"412,5123610840143","754,460022",2,3,2024-04-18
2024-04-18 08:00:00,"394,23573729207277","673,059998",2,3,2024-04-18
2024-04-18 09:00:00,"381,00578782595016","625,76001",2,3,2024-04-18
2024-04-18 10:00:00,"352,2722884142089","601,659973",2,3,2024-04-18
2024-04-18 11:00:00,"318,26516689785257","575,98999",2,3,2024-04-18
2024-04-18 12:00:00,"309,30005256787246","544,72998",2,3,2024-04-18
2024-04-18 13:00:00,"350,07574701152265","527,48999",2,3,2024-04-18
2024-04-18 14:00:00,"427,47659987137496","528,840027",2,3,2024-04-18
2024-04-18 15:00:00,"448,2380179526663","606,799988",2,3,2024-04-18
2024-04-18 16:00:00,"492,43955809194847","701,559998",2,3,2024-04-18
2024-04-18 17:00:00,"482,46179859128233","934,419983",2,3,2024-04-18
2024-04-18 18:00:00,"443,93746901189076","961,200012",2,3,2024-04-18
2024-04-18 19:00:00,"388,12849911654723","790,27002",2,3,2024-04-18
2024-04-18 20:00:00,"325,4416847384902","670,669983",2,3,2024-04-18
2024-04-18 21:00:00,"287,4456808899515","592,179993",2,3,2024-04-18
2024-04-18 22:00:00,"231,97850275753746","576,090027",2,3,2024-04-18
2024-04-18 23:00:00,"237,8428724322575","453,869995",2,3,2024-04-18
2024-04-19 00:00:00,"209,3624389465209","377,019989",2,3,2024-04-19
2024-04-19 01:00:00,"212,54810175905783","369,109985",2,3,2024-04-19
2024-04-19 02:00:00,"215,07067521016288","357,920013",2,3,2024-04-19
2024-04-19 03:00:00,"223,2956322020702","366,200012",2,3,2024-04-19
2024-04-19 04:00:00,"239,7232268730947","448,570007",2,3,2024-04-19
2024-04-19 05:00:00,"275,26156153469105","527,809998",2,3,2024-04-19
2024-04-19 06:00:00,"306,33642937126785","581,01001",2,3,2024-04-19
2024-04-19 07:00:00,"334,7263061068513","516,700012",2,3,2024-04-19
2024-04-19 08:00:00,"327,1144668296785","457,160004",2,3,2024-04-19
2024-04-19 09:00:00,"307,84289299470896","427,380005",2,3,2024-04-19
2024-04-19 10:00:00,"277,7424538792514","389,179993",2,3,2024-04-19
2024-04-19 11:00:00,"257,34148725954964","363,140015",2,3,2024-04-19
2024-04-19 12:00:00,"250,2802897833803","346,059998",2,3,2024-04-19
2024-04-19 13:00:00,"255,27188484801152","353,0",2,3,2024-04-19
2024-04-19 14:00:00,"292,2970820709357","379,859985",2,3,2024-04-19
2024-04-19 15:00:00,"324,5303542309022","427,980011",2,3,2024-04-19
2024-04-19 16:00:00,"365,16336423796673","470,660004",2,3,2024-04-19
2024-04-19 17:00:00,"352,93244617137395","475,660004",2,3,2024-04-19
2024-04-19 18:00:00,"307,7129721838991","482,670013",2,3,2024-04-19
2024-04-19 19:00:00,"248,90164363448656","482,079987",2,3,2024-04-19
2024-04-19 20:00:00,"221,99547485256923","475,359985",2,3,2024-04-19
2024-04-19 21:00:00,"203,65672040050504","459,839996",2,3,2024-04-19
2024-04-19 22:00:00,"220,64749031017487","438,709991",2,3,2024-04-19
2024-04-19 23:00:00,"229,24360287315844","422,209991",2,3,2024-04-19
2024-04-20 00:00:00,"211,872575169839","417,51001",2,3,2024-04-20
2024-04-20 01:00:00,"206,82389455294373","430,950012",2,3,2024-04-20
2024-04-20 02:00:00,"209,06003700600635","455,5",2,3,2024-04-20
2024-04-20 03:00:00,"221,19896840747234","468,850006",2,3,2024-04-20
2024-04-20 04:00:00,"225,96288431229596","476,98999",2,3,2024-04-20
2024-04-20 05:00:00,"232,6723697996655","507,279999",2,3,2024-04-20
2024-04-20 06:00:00,"226,22594633131504","485,350006",2,3,2024-04-20
2024-04-20 07:00:00,"223,23530208638522","446,98999",2,3,2024-04-20
2024-04-20 08:00:00,"266,4127467200553","373,48999",2,3,2024-04-20
2024-04-20 09:00:00,"273,3727318455814","286,769989",2,3,2024-04-20
2024-04-20 10:00:00,"272,35628025217534","216,179993",2,3,2024-04-20
2024-04-20 11:00:00,"265,3826322024457","92,010002",2,3,2024-04-20
2024-04-20 12:00:00,"281,2554760362429","78,730003",2,3,2024-04-20
2024-04-20 13:00:00,"303,1233952811069","136,779999",2,3,2024-04-20
2024-04-20 14:00:00,"362,6435565050066","279,160004",2,3,2024-04-20
2024-04-20 15:00:00,"437,5454673448192","468,850006",2,3,2024-04-20
2024-04-20 16:00:00,"493,971389652996","588,77002",2,3,2024-04-20
2024-04-20 17:00:00,"524,7716347310211","668,690002",2,3,2024-04-20
2024-04-20 18:00:00,"499,4363898412316","724,140015",2,3,2024-04-20
2024-04-20 19:00:00,"453,37042239624475","673,919983",2,3,2024-04-20
2024-04-20 20:00:00,"389,69680033491596","642,280029",2,3,2024-04-20
2024-04-20 21:00:00,"326,31773411997654","618,619995",2,3,2024-04-20
2024-04-20 22:00:00,"301,1238950606568","610,679993",2,3,2024-04-20
2024-04-20 23:00:00,"274,79186351609394","526,669983",2,3,2024-04-20
2024-04-21 00:00:00,"215,13559022402546","518,76001",2,3,2024-04-21
2024-04-21 01:00:00,"216,8049781937195","480,48999",2,3,2024-04-21
2024-04-21 02:00:00,"217,5736099037455","476,609985",2,3,2024-04-21
2024-04-21 03:00:00,"231,5265239272401","474,670013",2,3,2024-04-21
2024-04-21 04:00:00,"236,98577562182976","480,709991",2,3,2024-04-21
2024-04-21 05:00:00,"248,27540314427023","451,609985",2,3,2024-04-21
2024-04-21 06:00:00,"265,7380528893807","454,220001",2,3,2024-04-21
2024-04-21 07:00:00,"261,92535029453","408,339996",2,3,2024-04-21
2024-04-21 08:00:00,"241,6065491752333","322,980011",2,3,2024-04-21
2024-04-21 09:00:00,"239,4168430922634","316,869995",2,3,2024-04-21
2024-04-21 10:00:00,"238,06127189337008","327,829987",2,3,2024-04-21
2024-04-21 11:00:00,"232,61320128452974","314,399994",2,3,2024-04-21
2024-04-21 12:00:00,"243,65605931814235","309,480011",2,3,2024-04-21
2024-04-21 13:00:00,"259,8461625261563","312,839996",2,3,2024-04-21
2024-04-21 14:00:00,"282,88497554982683","355,890015",2,3,2024-04-21
2024-04-21 15:00:00,"297,2043946700427","437,809998",2,3,2024-04-21
2024-04-21 16:00:00,"320,8932063964995","556,590027",2,3,2024-04-21
2024-04-21 17:00:00,"293,6821056326315","666,710022",2,3,2024-04-21
2024-04-21 18:00:00,"256,3368430680452","710,72998",2,3,2024-04-21
2024-04-21 19:00:00,"214,70682885022197","679,469971",2,3,2024-04-21
2024-04-21 20:00:00,"211,28262690874118","667,080017",2,3,2024-04-21
2024-04-21 21:00:00,"211,43961745641116","660,0",2,3,2024-04-21
2024-04-21 22:00:00,"224,60114968040412","589,190002",2,3,2024-04-21
2024-04-21 23:00:00,"230,66452161309456","582,330017",2,3,2024-04-21
2024-04-22 00:00:00,"420,82208836130576","585,23999",2,4,2024-04-22
2024-04-22 01:00:00,"268,1216290162858","596,280029",2,4,2024-04-22
2024-04-22 02:00:00,"222,82264526986606","595,309998",2,4,2024-04-22
2024-04-22 03:00:00,"233,12731494979138","652,830017",2,4,2024-04-22
2024-04-22 04:00:00,"238,7565140662049","790,109985",2,4,2024-04-22
2024-04-22 05:00:00,"251,64235161527267","975,820007",2,4,2024-04-22
2024-04-22 06:00:00,"299,68370424177556","876,359985",2,4,2024-04-22
2024-04-22 07:00:00,"291,67958730588583","724,090027",2,4,2024-04-22
2024-04-22 08:00:00,"275,77950070684943","610,75",2,4,2024-04-22
2024-04-22 09:00:00,"273,56883525158025","606,130005",2,4,2024-04-22
2024-04-22 10:00:00,"270,2358555311996","574,869995",2,4,2024-04-22
2024-04-22 11:00:00,"276,380207354976","549,650024",2,4,2024-04-22
2024-04-22 12:00:00,"284,9477980012406","553,080017",2,4,2024-04-22
2024-04-22 13:00:00,"295,6490821206537","571,429993",2,4,2024-04-22
2024-04-22 14:00:00,"322,81940114776296","608,590027",2,4,2024-04-22
2024-04-22 15:00:00,"344,9747906531411","722,150024",2,4,2024-04-22
2024-04-22 16:00:00,"402,8825646493859","881,880005",2,4,2024-04-22
2024-04-22 17:00:00,"418,96828940452866","1223,969971",2,4,2024-04-22
2024-04-22 18:00:00,"391,1520985380323","1275,52002",2,4,2024-04-22
2024-04-22 19:00:00,"347,5727362918267","970,299988",2,4,2024-04-22
2024-04-22 20:00:00,"318,4370534873851","789,140015",2,4,2024-04-22
2024-04-22 21:00:00,"302,5045989566224","723,640015",2,4,2024-04-22
2024-04-22 22:00:00,"307,41775392093945","658,969971",2,4,2024-04-22
2024-04-22 23:00:00,"289,826045653876","646,809998",2,4,2024-04-22
2024-04-23 00:00:00,"225,532596861492","641,289978",2,4,2024-04-23
2024-04-23 01:00:00,"219,8132182765785","637,340027",2,4,2024-04-23
2024-04-23 02:00:00,"231,46442659394216","644,280029",2,4,2024-04-23
2024-04-23 03:00:00,"275,6137628180627","728,890015",2,4,2024-04-23
2024-04-23 04:00:00,"318,7153600735394","905,789978",2,4,2024-04-23
2024-04-23 05:00:00,"322,4265711966575","1352,420044",2,4,2024-04-23
2024-04-23 06:00:00,"357,77895319994207","1016,820007",2,4,2024-04-23
2024-04-23 07:00:00,"382,0466151082255","734,030029",2,4,2024-04-23
2024-04-23 08:00:00,"410,6827907400482","618,309998",2,4,2024-04-23
2024-04-23 09:00:00,"416,1225649544731","576,450012",2,4,2024-04-23
2024-04-23 10:00:00,"396,34867944509404","577,950012",2,4,2024-04-23
2024-04-23 11:00:00,"396,6257885665828","592,27002",2,4,2024-04-23
2024-04-23 12:00:00,"388,00685689593695","586,599976",2,4,2024-04-23
2024-04-23 13:00:00,"400,15997641093","597,049988",2,4,2024-04-23
2024-04-23 14:00:00,"516,7742009491119","619,429993",2,4,2024-04-23
2024-04-23 15:00:00,"572,707312961027","671,289978",2,4,2024-04-23
2024-04-23 16:00:00,"600,0582594009798","764,030029",2,4,2024-04-23
2024-04-23 17:00:00,"566,5616666173659","917,799988",2,4,2024-04-23
2024-04-23 18:00:00,"485,91422646077115","933,169983",2,4,2024-04-23
2024-04-23 19:00:00,"370,98594986886036","784,169983",2,4,2024-04-23
2024-04-23 20:00:00,"299,69895813030354","691,880005",2,4,2024-04-23
2024-04-23 21:00:00,"272,16170094533015","608,460022",2,4,2024-04-23
2024-04-23 22:00:00,"243,46597988240268","595,640015",2,4,2024-04-23
2024-04-23 23:00:00,"236,47763009792328","567,73999",2,4,2024-04-23
2024-04-24 00:00:00,"248,6357777352453","561,840027",2,4,2024-04-24
2024-04-24 01:00:00,"258,68537808711017","545,130005",2,4,2024-04-24
2024-04-24 02:00:00,"264,30824171575523","567,289978",2,4,2024-04-24
2024-04-24 03:00:00,"281,1658383599868","610,47998",2,4,2024-04-24
2024-04-24 04:00:00,"318,4131001971751","758,419983",2,4,2024-04-24
2024-04-24 05:00:00,"349,68750325735476","979,700012",2,4,2024-04-24
2024-04-24 06:00:00,"434,5630462508437","964,109985",2,4,2024-04-24
2024-04-24 07:00:00,"521,0840599803464","724,25",2,4,2024-04-24
2024-04-24 08:00:00,"554,7291683976392","693,590027",2,4,2024-04-24
2024-04-24 09:00:00,"558,4695761401972","679,190002",2,4,2024-04-24
2024-04-24 10:00:00,"543,8088850227199","638,76001",2,4,2024-04-24
2024-04-24 11:00:00,"533,6699773083482","622,789978",2,4,2024-04-24
2024-04-24 12:00:00,"522,1378476628485","600,929993",2,4,2024-04-24
2024-04-24 13:00:00,"557,5748986729715","616,900024",2,4,2024-04-24
2024-04-24 14:00:00,"616,2016920485386","635,25",2,4,2024-04-24
2024-04-24 15:00:00,"638,2797154523341","716,869995",2,4,2024-04-24
2024-04-24 16:00:00,"652,79256569523","776,179993",2,4,2024-04-24
2024-04-24 17:00:00,"642,0091172170354","1008,640015",2,4,2024-04-24
2024-04-24 18:00:00,"597,6689960072823","1070,119995",2,4,2024-04-24
2024-04-24 19:00:00,"517,0629293809405","903,900024",2,4,2024-04-24
2024-04-24 20:00:00,"446,9416349657603","785,650024",2,4,2024-04-24
2024-04-24 21:00:00,"408,906948137417","673,0",2,4,2024-04-24
2024-04-24 22:00:00,"339,81745876955677","622,700012",2,4,2024-04-24
2024-04-24 23:00:00,"303,33665122835913","596,599976",2,4,2024-04-24
2024-04-25 00:00:00,"280,87382649656115","576,97998",2,4,2024-04-25
2024-04-25 01:00:00,"257,00121243008203","567,140015",2,4,2024-04-25
2024-04-25 02:00:00,"257,58056385686086","561,099976",2,4,2024-04-25
2024-04-25 03:00:00,"276,11619434925336","626,580017",2,4,2024-04-25
2024-04-25 04:00:00,"289,86181959999016","763,940002",2,4,2024-04-25
2024-04-25 05:00:00,"308,54259530836555","976,780029",2,4,2024-04-25
2024-04-25 06:00:00,"372,81120317138897","852,840027",2,4,2024-04-25
2024-04-25 07:00:00,"409,4498988406074","690,26001",2,4,2024-04-25
2024-04-25 08:00:00,"391,5257725668738","597,859985",2,4,2024-04-25
2024-04-25 09:00:00,"381,38113413500855","583,169983",2,4,2024-04-25
2024-04-25 10:00:00,"353,8382877060211","551,26001",2,4,2024-04-25
2024-04-25 11:00:00,"322,6199046722565","514,710022",2,4,2024-04-25
2024-04-25 12:00:00,"305,1130114410706","498,230011",2,4,2024-04-25
2024-04-25 13:00:00,"343,31934173071454","517,400024",2,4,2024-04-25
2024-04-25 14:00:00,"423,9303774157766","542,97998",2,4,2024-04-25
2024-04-25 15:00:00,"451,43795836482695","595,700012",2,4,2024-04-25
2024-04-25 16:00:00,"499,0904858404555","709,72998",2,4,2024-04-25
2024-04-25 17:00:00,"480,67201138727313","1052,170044",2,4,2024-04-25
2024-04-25 18:00:00,"445,0665467258596","1135,699951",2,4,2024-04-25
2024-04-25 19:00:00,"407,17827625300004","847,98999",2,4,2024-04-25
2024-04-25 20:00:00,"339,23408242904685","681,23999",2,4,2024-04-25
2024-04-25 21:00:00,"312,78716399313697","594,659973",2,4,2024-04-25
2024-04-25 22:00:00,"262,5574484140325","595,719971",2,4,2024-04-25
2024-04-25 23:00:00,"252,3287230606936","551,929993",2,4,2024-04-25
2024-04-26 00:00:00,"218,8301698830829","553,429993",2,4,2024-04-26
2024-04-26 01:00:00,"218,1851117170044","552,460022",2,4,2024-04-26
2024-04-26 02:00:00,"220,10534985157875","575,049988",2,4,2024-04-26
2024-04-26 03:00:00,"232,24428125304473","618,909973",2,4,2024-04-26
2024-04-26 04:00:00,"238,67797360554258","697,380005",2,4,2024-04-26
2024-04-26 05:00:00,"269,03203735221376","776,140015",2,4,2024-04-26
2024-04-26 06:00:00,"292,88089469902167","716,469971",2,4,2024-04-26
2024-04-26 07:00:00,"312,85287004213404","604,73999",2,4,2024-04-26
2024-04-26 08:00:00,"302,2678426307232","580,349976",2,4,2024-04-26
2024-04-26 09:00:00,"285,465953276855","544,099976",2,4,2024-04-26
2024-04-26 10:00:00,"257,55583935867355","524,710022",2,4,2024-04-26
2024-04-26 11:00:00,"254,8880447755196","512,700012",2,4,2024-04-26
2024-04-26 12:00:00,"243,06571011491093","487,570007",2,4,2024-04-26
2024-04-26 13:00:00,"250,7279839933501","521,5",2,4,2024-04-26
2024-04-26 14:00:00,"295,4218210676002","534,780029",2,4,2024-04-26
2024-04-26 15:00:00,"352,27719197829373","600,119995",2,4,2024-04-26
2024-04-26 16:00:00,"379,3821832325015","700,210022",2,4,2024-04-26
2024-04-26 17:00:00,"380,87208470552486","960,219971",2,4,2024-04-26
2024-04-26 18:00:00,"348,031428052037","1018,539978",2,4,2024-04-26
2024-04-26 19:00:00,"281,88511783724067","820,440002",2,4,2024-04-26
2024-04-26 20:00:00,"247,14346265234258","691,47998",2,4,2024-04-26
2024-04-26 21:00:00,"223,8401816496855","658,289978",2,4,2024-04-26
2024-04-26 22:00:00,"224,81947009133245","673,330017",2,4,2024-04-26
2024-04-26 23:00:00,"226,46502918455832","662,960022",2,4,2024-04-26
2024-04-27 00:00:00,"213,0626434402631","645,72998",2,4,2024-04-27
2024-04-27 01:00:00,"206,11071467689789","663,929993",2,4,2024-04-27
2024-04-27 02:00:00,"205,11154093696902","653,940002",2,4,2024-04-27
2024-04-27 03:00:00,"220,57899964203145","625,52002",2,4,2024-04-27
2024-04-27 04:00:00,"234,70872629047273","641,929993",2,4,2024-04-27
2024-04-27 05:00:00,"224,87583902118894","589,429993",2,4,2024-04-27
2024-04-27 06:00:00,"225,5127664552692","511,950012",2,4,2024-04-27
2024-04-27 07:00:00,"222,52212221033938","440,51001",2,4,2024-04-27
2024-04-27 08:00:00,"265,6995668440094","284,950012",2,4,2024-04-27
2024-04-27 09:00:00,"272,6595519695355","194,559998",2,4,2024-04-27
2024-04-27 10:00:00,"267,0392215169408","294,640015",2,4,2024-04-27
2024-04-27 11:00:00,"257,7117733007138","308,809998",2,4,2024-04-27
2024-04-27 12:00:00,"273,02353128500954","182,710007",2,4,2024-04-27
2024-04-27 13:00:00,"292,02177750165544","75,019997",2,4,2024-04-27
2024-04-27 14:00:00,"332,6900646905897","156,080002",2,4,2024-04-27
2024-04-27 15:00:00,"431,1223419983652","465,040009",2,4,2024-04-27
2024-04-27 16:00:00,"479,62891194653196","641,330017",2,4,2024-04-27
2024-04-27 17:00:00,"507,4694410372558","894,140015",2,4,2024-04-27
2024-04-27 18:00:00,"459,1580534153676","837,23999",2,4,2024-04-27
2024-04-27 19:00:00,"416,1834295406929","633,880005",2,4,2024-04-27
2024-04-27 20:00:00,"337,4913399702887","566,01001",2,4,2024-04-27
2024-04-27 21:00:00,"278,2200845187365","486,440002",2,4,2024-04-27
2024-04-27 22:00:00,"236,7954394471842","420,570007",2,4,2024-04-27
2024-04-27 23:00:00,"243,94099520572203","344,119995",2,4,2024-04-27
2024-04-28 00:00:00,"212,85816612392264","295,350006",2,4,2024-04-28
2024-04-28 01:00:00,"217,66272864509654","241,050003",2,4,2024-04-28
2024-04-28 02:00:00,"218,19249807422122","212,490005",2,4,2024-04-28
2024-04-28 03:00:00,"230,81334405119426","199,059998",2,4,2024-04-28
2024-04-28 04:00:00,"231,7813532420163","74,209999",2,4,2024-04-28
2024-04-28 05:00:00,"243,36909645582642","1,86",2,4,2024-04-28
2024-04-28 06:00:00,"256,4205440455698","1,94",2,4,2024-04-28
2024-04-28 07:00:00,"239,06508526812846","1,64",2,4,2024-04-28
2024-04-28 08:00:00,"228,2935455845613","0,0",2,4,2024-04-28
2024-04-28 09:00:00,"232,76334927329532","-7,16",2,4,2024-04-28
2024-04-28 10:00:00,"243,07293747298732","-8,28",2,4,2024-04-28
2024-04-28 11:00:00,"233,45017797859234","-18,65",2,4,2024-04-28
2024-04-28 12:00:00,"243,24260451450286","-18,790001",2,4,2024-04-28
2024-04-28 13:00:00,"259,1006343310105","-15,14",2,4,2024-04-28
2024-04-28 14:00:00,"285,96380857752496","-7,31",2,4,2024-04-28
2024-04-28 15:00:00,"295,99518731180046","0,0",2,4,2024-04-28
2024-04-28 16:00:00,"322,2824249235502","264,320007",2,4,2024-04-28
2024-04-28 17:00:00,"294,7392507681759","442,350006",2,4,2024-04-28
2024-04-28 18:00:00,"252,34357383155566","577,640015",2,4,2024-04-28
2024-04-28 19:00:00,"193,3143924956411","583,159973",2,4,2024-04-28
2024-04-28 20:00:00,"176,39746259923317","468,079987",2,4,2024-04-28
2024-04-28 21:00:00,"160,31416979581934","417,890015",2,4,2024-04-28
2024-04-28 22:00:00,"156,42093556284814","306,529999",2,4,2024-04-28
2024-04-28 23:00:00,"159,63954856131312","370,75",2,4,2024-04-28
2024-07-01 00:00:00,"502,98287338824167","583,150024",3,1,2024-07-01
2024-07-01 01:00:00,"344,8435549839754","581,809998",3,1,2024-07-01
2024-07-01 02:00:00,"271,9491095181688","564,059998",3,1,2024-07-01
2024-07-01 03:00:00,"248,9523186144597","602,76001",3,1,2024-07-01
2024-07-01 04:00:00,"238,26253413536105","907,349976",3,1,2024-07-01
2024-07-01 05:00:00,"268,6415749722263","1028,550049",3,1,2024-07-01
2024-07-01 06:00:00,"299,59928928643484","1061,73999",3,1,2024-07-01
2024-07-01 07:00:00,"295,67987997905806","841,27002",3,1,2024-07-01
2024-07-01 08:00:00,"294,5913537939538","778,929993",3,1,2024-07-01
2024-07-01 09:00:00,"282,13784405814687","642,52002",3,1,2024-07-01
2024-07-01 10:00:00,"281,47642754197597","493,200012",3,1,2024-07-01
2024-07-01 11:00:00,"281,47642754197597","318,609985",3,1,2024-07-01
2024-07-01 12:00:00,"285,38809602150684","258,5",3,1,2024-07-01
2024-07-01 13:00:00,"300,3093460521706","251,929993",3,1,2024-07-01
2024-07-01 14:00:00,"329,5611352961173","273,940002",3,1,2024-07-01
2024-07-01 15:00:00,"371,76834689763376","452,779999",3,1,2024-07-01
2024-07-01 16:00:00,"424,09737025047895","568,080017",3,1,2024-07-01
2024-07-01 17:00:00,"444,16953032004585","745,890015",3,1,2024-07-01
2024-07-01 18:00:00,"417,46420020399546","1214,109985",3,1,2024-07-01
2024-07-01 19:00:00,"379,2962241134109","939,719971",3,1,2024-07-01
2024-07-01 20:00:00,"323,87541872071455","782,580017",3,1,2024-07-01
2024-07-01 21:00:00,"301,8492771861827","653,700012",3,1,2024-07-01
2024-07-01 22:00:00,"317,8819707124114","593,919983",3,1,2024-07-01
2024-07-01 23:00:00,"301,17963085383315","462,350006",3,1,2024-07-01
2024-07-02 00:00:00,"248,56984938747777","375,829987",3,1,2024-07-02
2024-07-02 01:00:00,"226,2374164327095","402,829987",3,1,2024-07-02
2024-07-02 02:00:00,"244,13808666968256","343,98999",3,1,2024-07-02
2024-07-02 03:00:00,"285,6461692607607","379,040009",3,1,2024-07-02
2024-07-02 04:00:00,"317,2044817615044","571,320007",3,1,2024-07-02
2024-07-02 05:00:00,"336,8813917169228","732,940002",3,1,2024-07-02
2024-07-02 06:00:00,"381,9754941766663","737,200012",3,1,2024-07-02
2024-07-02 07:00:00,"412,7983769563453","636,950012",3,1,2024-07-02
2024-07-02 08:00:00,"416,45322731499544","605,030029",3,1,2024-07-02
2024-07-02 09:00:00,"411,5826025610883","542,75",3,1,2024-07-02
2024-07-02 10:00:00,"412,648592429076","529,400024",3,1,2024-07-02
2024-07-02 11:00:00,"408,6300433961234","503,450012",3,1,2024-07-02
2024-07-02 12:00:00,"398,42228552350105","443,559998",3,1,2024-07-02
2024-07-02 13:00:00,"409,1677337779939","450,570007",3,1,2024-07-02
2024-07-02 14:00:00,"528,0191231517286","540,289978",3,1,2024-07-02
2024-07-02 15:00:00,"580,3771597807221","552,52002",3,1,2024-07-02
2024-07-02 16:00:00,"611,790521624109","617,190002",3,1,2024-07-02
2024-07-02 17:00:00,"585,60670341616","754,349976",3,1,2024-07-02
2024-07-02 18:00:00,"501,7437032869593","837,140015",3,1,2024-07-02
2024-07-02 19:00:00,"411,92485427068146","634,419983",3,1,2024-07-02
2024-07-02 20:00:00,"327,5792191633633","345,779999",3,1,2024-07-02
2024-07-02 21:00:00,"295,68206695044796","301,100006",3,1,2024-07-02
2024-07-02 22:00:00,"273,698755927225","277,459991",3,1,2024-07-02
2024-07-02 23:00:00,"248,3997317738845","268,809998",3,1,2024-07-02
2024-07-03 00:00:00,"249,81493561297106","267,23999",3,1,2024-07-03
2024-07-03 01:00:00,"255,89713642009502","270,380005",3,1,2024-07-03
2024-07-03 02:00:00,"269,6879202151326","288,649994",3,1,2024-07-03
2024-07-03 03:00:00,"289,4579821947006","439,309998",3,1,2024-07-03
2024-07-03 04:00:00,"317,29721201127364","647,929993",3,1,2024-07-03
2024-07-03 05:00:00,"348,55650593218724","729,599976",3,1,2024-07-03
2024-07-03 06:00:00,"441,75550069201654","771,669983",3,1,2024-07-03
2024-07-03 07:00:00,"512,7729431835027","457,959991",3,1,2024-07-03
2024-07-03 08:00:00,"547,6845612858278","323,029999",3,1,2024-07-03
2024-07-03 09:00:00,"569,4080626535629","298,119995",3,1,2024-07-03
2024-07-03 10:00:00,"556,2701640216408","291,859985",3,1,2024-07-03
2024-07-03 11:00:00,"549,7096884683822","296,179993",3,1,2024-07-03
2024-07-03 12:00:00,"538,5592596169539","306,100006",3,1,2024-07-03
2024-07-03 13:00:00,"558,9209890425028","317,220001",3,1,2024-07-03
2024-07-03 14:00:00,"611,4272364662518","376,660004",3,1,2024-07-03
2024-07-03 15:00:00,"632,3632102487043","590,5",3,1,2024-07-03
2024-07-03 16:00:00,"660,3388351286115","725,049988",3,1,2024-07-03
2024-07-03 17:00:00,"647,2260322496744","864,75",3,1,2024-07-03
2024-07-03 18:00:00,"606,8401968171648","1193,079956",3,1,2024-07-03
2024-07-03 19:00:00,"532,9066861919789","843,570007",3,1,2024-07-03
2024-07-03 20:00:00,"443,2377283935025","677,390015",3,1,2024-07-03
2024-07-03 21:00:00,"366,39214188578666","513,900024",3,1,2024-07-03
2024-07-03 22:00:00,"315,51264483144763","436,329987",3,1,2024-07-03
2024-07-03 23:00:00,"273,32034414156914","228,75",3,1,2024-07-03
2024-07-04 00:00:00,"262,9712894393905","191,240005",3,1,2024-07-04
2024-07-04 01:00:00,"258,5267940741738","130,149994",3,1,2024-07-04
2024-07-04 02:00:00,"270,42493882302955","72,870003",3,1,2024-07-04
2024-07-04 03:00:00,"274,4383496981392","74,730003",3,1,2024-07-04
2024-07-04 04:00:00,"281,94447838157055","197,429993",3,1,2024-07-04
2024-07-04 05:00:00,"310,0291788077754","223,759995",3,1,2024-07-04
2024-07-04 06:00:00,"376,21667936275315","235,910004",3,1,2024-07-04
2024-07-04 07:00:00,"418,11789567558145","178,630005",3,1,2024-07-04
2024-07-04 08:00:00,"411,02832420384294","26,700001",3,1,2024-07-04
2024-07-04 09:00:00,"400,27794082894366","21,780001",3,1,2024-07-04
2024-07-04 10:00:00,"366,681775275703","20,440001",3,1,2024-07-04
2024-07-04 11:00:00,"336,6160474334626","7,23",3,1,2024-07-04
2024-07-04 12:00:00,"332,97949470490596","0,0",3,1,2024-07-04
2024-07-04 13:00:00,"372,24724968923647","0,0",3,1,2024-07-04
2024-07-04 14:00:00,"448,9055911724448","-0,07",3,1,2024-07-04
2024-07-04 15:00:00,"460,7064939430256","11,26",3,1,2024-07-04
2024-07-04 16:00:00,"497,95812988663926","87,410004",3,1,2024-07-04
2024-07-04 17:00:00,"483,03978995507106","216,300003",3,1,2024-07-04
2024-07-04 18:00:00,"447,60047651672204","336,160004",3,1,2024-07-04
2024-07-04 19:00:00,"413,4922902455397","289,320007",3,1,2024-07-04
2024-07-04 20:00:00,"333,5846869231023","288,5",3,1,2024-07-04
2024-07-04 21:00:00,"292,6853300932849","284,170013",3,1,2024-07-04
2024-07-04 22:00:00,"227,7817654823313","51,610001",3,1,2024-07-04
2024-07-04 23:00:00,"227,61603257009236","35,130001",3,1,2024-07-04
2024-07-05 00:00:00,"193,94527855499553","30,73",3,1,2024-07-05
2024-07-05 01:00:00,"186,3041524245038","19,91",3,1,2024-07-05
2024-07-05 02:00:00,"175,57468123096461","21,780001",3,1,2024-07-05
2024-07-05 03:00:00,"182,67575552913846","42,66",3,1,2024-07-05
2024-07-05 04:00:00,"178,76678303476362","149,100006",3,1,2024-07-05
2024-07-05 05:00:00,"241,91091101522238","213,990005",3,1,2024-07-05
2024-07-05 06:00:00,"293,9435099113388","221,369995",3,1,2024-07-05
2024-07-05 07:00:00,"309,55932037953085","138,429993",3,1,2024-07-05
2024-07-05 08:00:00,"302,5824927692179","22,0",3,1,2024-07-05
2024-07-05 09:00:00,"284,9652043123117","3,06",3,1,2024-07-05
2024-07-05 10:00:00,"259,14550057512923","-0,3",3,1,2024-07-05
2024-07-05 11:00:00,"251,1350638605739","-4,1",3,1,2024-07-05
2024-07-05 12:00:00,"248,48434804083217","-5,74",3,1,2024-07-05
2024-07-05 13:00:00,"262,1713427373043","-0,22",3,1,2024-07-05
2024-07-05 14:00:00,"294,753173058384","14,4",3,1,2024-07-05
2024-07-05 15:00:00,"330,28162108106926","97,410004",3,1,2024-07-05
2024-07-05 16:00:00,"374,19898730632207","173,559998",3,1,2024-07-05
2024-07-05 17:00:00,"377,3192786182395","273,730011",3,1,2024-07-05
2024-07-05 18:00:00,"338,2651427040436","282,01001",3,1,2024-07-05
2024-07-05 19:00:00,"287,79179374062034","447,959991",3,1,2024-07-05
2024-07-05 20:00:00,"240,31707349939592","618,02002",3,1,2024-07-05
2024-07-05 21:00:00,"208,88098038227716","633,609985",3,1,2024-07-05
2024-07-05 22:00:00,"220,14074050065884","637,890015",3,1,2024-07-05
2024-07-05 23:00:00,"231,29304618904843","492,73999",3,1,2024-07-05
2024-07-06 00:00:00,"215,59365871651255","473,799988",3,1,2024-07-06
2024-07-06 01:00:00,"207,94398943953112","346,540009",3,1,2024-07-06
2024-07-06 02:00:00,"219,32531661796455","288,070007",3,1,2024-07-06
2024-07-06 03:00:00,"228,82299438638805","117,029999",3,1,2024-07-06
2024-07-06 04:00:00,"221,00519816597026","41,77",3,1,2024-07-06
2024-07-06 05:00:00,"229,83050051598144","41,02",3,1,2024-07-06
2024-07-06 06:00:00,"218,45140751876048","25,959999",3,1,2024-07-06
2024-07-06 07:00:00,"205,21825493050827","2,39",3,1,2024-07-06
2024-07-06 08:00:00,"267,2400092637584","-0,3",3,1,2024-07-06
2024-07-06 09:00:00,"266,70007061589024","-0,15",3,1,2024-07-06
2024-07-06 10:00:00,"263,4413761402154","-0,22",3,1,2024-07-06
2024-07-06 11:00:00,"259,559323453686","-0,9",3,1,2024-07-06
2024-07-06 12:00:00,"272,70642148085614","-16,26",3,1,2024-07-06
2024-07-06 13:00:00,"297,2695742304388","-20,209999",3,1,2024-07-06
2024-07-06 14:00:00,"364,40798923153386","-4,48",3,1,2024-07-06
2024-07-06 15:00:00,"454,5475918059543","0,07",3,1,2024-07-06
2024-07-06 16:00:00,"516,1011271253875","14,47",3,1,2024-07-06
2024-07-06 17:00:00,"540,6876497560642","3,28",3,1,2024-07-06
2024-07-06 18:00:00,"497,2469706581047","49,900002",3,1,2024-07-06
2024-07-06 19:00:00,"454,56079462409735","70,110001",3,1,2024-07-06
2024-07-06 20:00:00,"366,46810716706557","134,259995",3,1,2024-07-06
2024-07-06 21:00:00,"292,98501867579233","50,5",3,1,2024-07-06
2024-07-06 22:00:00,"235,94641445927442","-0,15",3,1,2024-07-06
2024-07-06 23:00:00,"236,6755814140417","-0,75",3,1,2024-07-06
2024-07-07 00:00:00,"201,8469844708635","-5,97",3,1,2024-07-07
2024-07-07 01:00:00,"207,61762720973567","-3,58",3,1,2024-07-07
2024-07-07 02:00:00,"219,52082263033805","-0,45",3,1,2024-07-07
2024-07-07 03:00:00,"215,20547349453676","-0,07",3,1,2024-07-07
2024-07-07 04:00:00,"219,2668405569738","-0,07",3,1,2024-07-07
2024-07-07 05:00:00,"240,18377041234314","-0,07",3,1,2024-07-07
2024-07-07 06:00:00,"264,5246161920948","-4,55",3,1,2024-07-07
2024-07-07 07:00:00,"249,70355363163677","-48,25",3,1,2024-07-07
2024-07-07 08:00:00,"244,3571343313264","-74,43",3,1,2024-07-07
2024-07-07 09:00:00,"248,23580607095653","-89,800003",3,1,2024-07-07
2024-07-07 10:00:00,"249,2742004538026","-100,610001",3,1,2024-07-07
2024-07-07 11:00:00,"243,1528423894375","-112,019997",3,1,2024-07-07
2024-07-07 12:00:00,"251,69483742764592","-148,419998",3,1,2024-07-07
2024-07-07 13:00:00,"270,18332989402154","-90,989998",3,1,2024-07-07
2024-07-07 14:00:00,"294,158348378258","-45,939999",3,1,2024-07-07
2024-07-07 15:00:00,"287,64751277061237","-0,6",3,1,2024-07-07
2024-07-07 16:00:00,"311,28953619356224","477,23999",3,1,2024-07-07
2024-07-07 17:00:00,"303,4049645812399","673,23999",3,1,2024-07-07
2024-07-07 18:00:00,"284,71017058024455","937,030029",3,1,2024-07-07
2024-07-07 19:00:00,"247,42787496864804","993,190002",3,1,2024-07-07
2024-07-07 20:00:00,"223,35340129901383","859,169983",3,1,2024-07-07
2024-07-07 21:00:00,"219,99524745247274","724,400024",3,1,2024-07-07
2024-07-07 22:00:00,"233,1567796764657","608,72998",3,1,2024-07-07
2024-07-07 23:00:00,"237,04577813491628","571,659973",3,1,2024-07-07
2024-07-08 00:00:00,"454,44754053323334","552,48999",3,2,2024-07-08
2024-07-08 01:00:00,"343,67628314756325","579,640015",3,2,2024-07-08
2024-07-08 02:00:00,"268,42509915747587","568,900024",3,2,2024-07-08
2024-07-08 03:00:00,"248,7399473467949","592,469971",3,2,2024-07-08
2024-07-08 04:00:00,"257,7790092067612","820,390015",3,2,2024-07-08
2024-07-08 05:00:00,"277,71676531157846","948,52002",3,2,2024-07-08
2024-07-08 06:00:00,"312,0845544938604","750,580017",3,2,2024-07-08
2024-07-08 07:00:00,"303,77517695269233","578,820007",3,2,2024-07-08
2024-07-08 08:00:00,"298,82411706339394","402,209991",3,2,2024-07-08
2024-07-08 09:00:00,"295,10517901202576","286,609985",3,2,2024-07-08
2024-07-08 10:00:00,"286,97381747673904","237,089996",3,2,2024-07-08
2024-07-08 11:00:00,"260,89249959804954","219,639999",3,2,2024-07-08
2024-07-08 12:00:00,"267,9338980461747","220,460007",3,2,2024-07-08
2024-07-08 13:00:00,"285,0459232358901","274,079987",3,2,2024-07-08
2024-07-08 14:00:00,"311,62787683357845","477,320007",3,2,2024-07-08
2024-07-08 15:00:00,"350,82934169506916","598,140015",3,2,2024-07-08
2024-07-08 16:00:00,"420,26509381202794","765,419983",3,2,2024-07-08
2024-07-08 17:00:00,"439,8751449665581","1017,950012",3,2,2024-07-08
2024-07-08 18:00:00,"403,4624180324728","1919,339966",3,2,2024-07-08
2024-07-08 19:00:00,"374,62684349294227","1295,390015",3,2,2024-07-08
2024-07-08 20:00:00,"336,66353316993036","847,609985",3,2,2024-07-08
2024-07-08 21:00:00,"326,5116920988895","686,289978",3,2,2024-07-08
2024-07-08 22:00:00,"337,46778206598435","787,049988",3,2,2024-07-08
2024-07-08 23:00:00,"320,54645925890645","715,73999",3,2,2024-07-08
2024-07-09 00:00:00,"251,082387711948","694,26001",3,2,2024-07-09
2024-07-09 01:00:00,"232,31041381077085","679,789978",3,2,2024-07-09
2024-07-09 02:00:00,"244,13808666968256","653,840027",3,2,2024-07-09
2024-07-09 03:00:00,"292,6050004011211","722,22998",3,2,2024-07-09
2024-07-09 04:00:00,"310,58945019656215","830,76001",3,2,2024-07-09
2024-07-09 05:00:00,"327,71430216039823","773,919983",3,2,2024-07-09
2024-07-09 06:00:00,"382,1082885698157","701,119995",3,2,2024-07-09
2024-07-09 07:00:00,"418,7383011600143","501,679993",3,2,2024-07-09
2024-07-09 08:00:00,"420,9743341666277","347,799988",3,2,2024-07-09
2024-07-09 09:00:00,"411,9386948705884","251,440002",3,2,2024-07-09
2024-07-09 10:00:00,"412,2280831352122","163,720001",3,2,2024-07-09
2024-07-09 11:00:00,"406,02919086383906","119,190002",3,2,2024-07-09
2024-07-09 12:00:00,"390,37752108578593","32,369999",3,2,2024-07-09
2024-07-09 13:00:00,"404,9821017329269","82,639999",3,2,2024-07-09
2024-07-09 14:00:00,"520,643792958694","400,76001",3,2,2024-07-09
2024-07-09 15:00:00,"571,0677219260392","609,309998",3,2,2024-07-09
2024-07-09 16:00:00,"602,3029137857413","740,429993",3,2,2024-07-09
2024-07-09 17:00:00,"571,6917905486872","822,47998",3,2,2024-07-09
2024-07-09 18:00:00,"499,94497771172746","841,349976",3,2,2024-07-09
2024-07-09 19:00:00,"411,94998361198213","748,26001",3,2,2024-07-09
2024-07-09 20:00:00,"322,126563092332","338,779999",3,2,2024-07-09
2024-07-09 21:00:00,"278,64978545515777","301,779999",3,2,2024-07-09
2024-07-09 22:00:00,"255,0287879796409","216,029999",3,2,2024-07-09
2024-07-09 23:00:00,"248,53513853053303","210,210007",3,2,2024-07-09
2024-07-10 00:00:00,"244,8840538452346","203,050003",3,2,2024-07-10
2024-07-10 01:00:00,"255,57277092026234","196,110001",3,2,2024-07-10
2024-07-10 02:00:00,"269,07311759410743","191,789993",3,2,2024-07-10
2024-07-10 03:00:00,"288,26594714517734","201,710007",3,2,2024-07-10
2024-07-10 04:00:00,"307,99732806159966","300,700012",3,2,2024-07-10
2024-07-10 05:00:00,"355,54796112294014","325,089996",3,2,2024-07-10
2024-07-10 06:00:00,"449,0014143735101","622,809998",3,2,2024-07-10
2024-07-10 07:00:00,"555,2565466813523","586,109985",3,2,2024-07-10
2024-07-10 08:00:00,"575,9250645724181","484,880005",3,2,2024-07-10
2024-07-10 09:00:00,"596,9848909603327","416,029999",3,2,2024-07-10
2024-07-10 10:00:00,"572,6514549388845","351,570007",3,2,2024-07-10
2024-07-10 11:00:00,"563,2737798803092","304,059998",3,2,2024-07-10
2024-07-10 12:00:00,"553,8981277251113","392,149994",3,2,2024-07-10
2024-07-10 13:00:00,"583,6212027546769","394,690002",3,2,2024-07-10
2024-07-10 14:00:00,"628,9345188761473","503,380005",3,2,2024-07-10
2024-07-10 15:00:00,"651,3882265432709","597,820007",3,2,2024-07-10
2024-07-10 16:00:00,"669,4343361611774","602,219971",3,2,2024-07-10
2024-07-10 17:00:00,"666,8858758400262","743,880005",3,2,2024-07-10
2024-07-10 18:00:00,"615,7900150221776","1108,579956",3,2,2024-07-10
2024-07-10 19:00:00,"556,354103184155","1223,97998",3,2,2024-07-10
2024-07-10 20:00:00,"485,2562645564694","850,179993",3,2,2024-07-10
2024-07-10 21:00:00,"428,5059536345522","693,150024",3,2,2024-07-10
2024-07-10 22:00:00,"359,39513749808185","716,380005",3,2,2024-07-10
2024-07-10 23:00:00,"313,7283051427679","596,48999",3,2,2024-07-10
2024-07-11 00:00:00,"284,9760165277742","574,919983",3,2,2024-07-11
2024-07-11 01:00:00,"263,98000639364625","593,869995",3,2,2024-07-11
2024-07-11 02:00:00,"268,72908272145344","599,169983",3,2,2024-07-11
2024-07-11 03:00:00,"281,52309737335736","611,630005",3,2,2024-07-11
2024-07-11 04:00:00,"308,8772831807116","803,599976",3,2,2024-07-11
2024-07-11 05:00:00,"345,98891310011913","895,289978",3,2,2024-07-11
2024-07-11 06:00:00,"403,31216357333864","794,789978",3,2,2024-07-11
2024-07-11 07:00:00,"430,7620751941888","664,830017",3,2,2024-07-11
2024-07-11 08:00:00,"413,0341138526934","602,01001",3,2,2024-07-11
2024-07-11 09:00:00,"401,3081077817857","496,880005",3,2,2024-07-11
2024-07-11 10:00:00,"373,17896219345175","428,540009",3,2,2024-07-11
2024-07-11 11:00:00,"365,66399756750536","355,880005",3,2,2024-07-11
2024-07-11 12:00:00,"344,9285709939802","331,850006",3,2,2024-07-11
2024-07-11 13:00:00,"369,3814718566464","373,779999",3,2,2024-07-11
2024-07-11 14:00:00,"436,64826837752355","454,959991",3,2,2024-07-11
2024-07-11 15:00:00,"447,75854682955","611,109985",3,2,2024-07-11
2024-07-11 16:00:00,"499,82320992651813","683,25",3,2,2024-07-11
2024-07-11 17:00:00,"489,78225341219473","895,289978",3,2,2024-07-11
2024-07-11 18:00:00,"460,8235505866233","1375,23999",3,2,2024-07-11
2024-07-11 19:00:00,"447,5209037813377","1244,0",3,2,2024-07-11
2024-07-11 20:00:00,"376,92738467110905","907,150024",3,2,2024-07-11
2024-07-11 21:00:00,"339,9630067357781","732,049988",3,2,2024-07-11
2024-07-11 22:00:00,"287,61933545514603","764,130005",3,2,2024-07-11
2024-07-11 23:00:00,"259,3921901659208","651,400024",3,2,2024-07-11
2024-07-12 00:00:00,"221,963520475863","609,619995",3,2,2024-07-12
2024-07-12 01:00:00,"219,416051163107","604,619995",3,2,2024-07-12
2024-07-12 02:00:00,"228,4855799002315","598,650024",3,2,2024-07-12
2024-07-12 03:00:00,"237,983257668655","613,5",3,2,2024-07-12
2024-07-12 04:00:00,"237,03544454153214","805,309998",3,2,2024-07-12
2024-07-12 05:00:00,"276,99811218701603","820,080017",3,2,2024-07-12
2024-07-12 06:00:00,"305,98555260766057","817,690002",3,2,2024-07-12
2024-07-12 07:00:00,"337,4487911200712","763,97998",3,2,2024-07-12
2024-07-12 08:00:00,"326,1344330736145","715,26001",3,2,2024-07-12
2024-07-12 09:00:00,"308,5171446167082","670,200012",3,2,2024-07-12
2024-07-12 10:00:00,"283,01139414638226","621,099976",3,2,2024-07-12
2024-07-12 11:00:00,"253,2345672597718","586,409973",3,2,2024-07-12
2024-07-12 12:00:00,"246,57487434195696","582,22998",3,2,2024-07-12
2024-07-12 13:00:00,"256,20180563435736","583,349976",3,2,2024-07-12
2024-07-12 14:00:00,"292,5678498675352","624,159973",3,2,2024-07-12
2024-07-12 15:00:00,"335,6299653951758","589,400024",3,2,2024-07-12
2024-07-12 16:00:00,"376,50733556809723","671,840027",3,2,2024-07-12
2024-07-12 17:00:00,"381,13450840936264","720,849976",3,2,2024-07-12
2024-07-12 18:00:00,"339,9568056126435","679,299988",3,2,2024-07-12
2024-07-12 19:00:00,"292,2947868974565","688,919983",3,2,2024-07-12
2024-07-12 20:00:00,"234,32299840684865","313,950012",3,2,2024-07-12
2024-07-12 21:00:00,"198,40864067126776","197,559998",3,2,2024-07-12
2024-07-12 22:00:00,"184,80926206235492","154,669998",3,2,2024-07-12
2024-07-12 23:00:00,"169,58060734469183","99,459999",3,2,2024-07-12
2024-07-13 00:00:00,"157,71882251441056","68,339996",3,2,2024-07-13
2024-07-13 01:00:00,"137,50029149197997","59,689999",3,2,2024-07-13
2024-07-13 02:00:00,"121,80532575889275","46,040001",3,2,2024-07-13
2024-07-13 03:00:00,"143,1725351843829","88,410004",3,2,2024-07-13
2024-07-13 04:00:00,"185,86013781020952","227,860001",3,2,2024-07-13
2024-07-13 05:00:00,"219,24313246105746","207,570007",3,2,2024-07-13
2024-07-13 06:00:00,"241,71758578379715","198,470001",3,2,2024-07-13
2024-07-13 07:00:00,"240,07844651113243","156,460007",3,2,2024-07-13
2024-07-13 08:00:00,"284,9444834216909","38,5",3,2,2024-07-13
2024-07-13 09:00:00,"287,47810856047323","0,3",3,2,2024-07-13
2024-07-13 10:00:00,"288,4806181239517","-0,07",3,2,2024-07-13
2024-07-13 11:00:00,"282,2835716775859","-6,49",3,2,2024-07-13
2024-07-13 12:00:00,"299,425187663911","-6,04",3,2,2024-07-13
2024-07-13 13:00:00,"334,96779773140645","-0,45",3,2,2024-07-13
2024-07-13 14:00:00,"391,8981258531907","11,34",3,2,2024-07-13
2024-07-13 15:00:00,"471,0686397122383","47,150002",3,2,2024-07-13
2024-07-13 16:00:00,"528,2854054625367","167,429993",3,2,2024-07-13
2024-07-13 17:00:00,"554,9581309229474","375,519989",3,2,2024-07-13
2024-07-13 18:00:00,"518,3268250068973","562,950012",3,2,2024-07-13
2024-07-13 19:00:00,"499,0866796451234","568,98999",3,2,2024-07-13
2024-07-13 20:00:00,"390,56138621003265","588,23999",3,2,2024-07-13
2024-07-13 21:00:00,"323,5161130094378","470,049988",3,2,2024-07-13
2024-07-13 22:00:00,"273,31238213059754","663,700012",3,2,2024-07-13
2024-07-13 23:00:00,"238,15684888705655","471,48999",3,2,2024-07-13
2024-07-14 00:00:00,"204,6654592054426","413,73999",3,2,2024-07-14
2024-07-14 01:00:00,"215,44637345794683","330,540009",3,2,2024-07-14
2024-07-14 02:00:00,"219,77646032371695","283,01001",3,2,2024-07-14
2024-07-14 03:00:00,"233,67846660022497","274,660004",3,2,2024-07-14
2024-07-14 04:00:00,"232,22220982095928","238,470001",3,2,2024-07-14
2024-07-14 05:00:00,"237,6270684849205","106,550003",3,2,2024-07-14
2024-07-14 06:00:00,"263,23687536124703","2,16",3,2,2024-07-14
2024-07-14 07:00:00,"250,24893142898983","-17,09",3,2,2024-07-14
2024-07-14 08:00:00,"244,26367940550193","-22,530001",3,2,2024-07-14
2024-07-14 09:00:00,"244,74949536716463","-25,370001",3,2,2024-07-14
2024-07-14 10:00:00,"249,0070119541016","-31,49",3,2,2024-07-14
2024-07-14 11:00:00,"232,41729026771114","-38,5",3,2,2024-07-14
2024-07-14 12:00:00,"246,67927050541468","-47,830002",3,2,2024-07-14
2024-07-14 13:00:00,"262,69920563452","-39,990002",3,2,2024-07-14
2024-07-14 14:00:00,"287,42050851632126","-75,809998",3,2,2024-07-14
2024-07-14 15:00:00,"292,20848328041586","13,95",3,2,2024-07-14
2024-07-14 16:00:00,"307,65138889632163","301,890015",3,2,2024-07-14
2024-07-14 17:00:00,"302,25583013849854","685,929993",3,2,2024-07-14
2024-07-14 18:00:00,"282,2765900504239","864,030029",3,2,2024-07-14
2024-07-14 19:00:00,"245,95013431363515","810,909973",3,2,2024-07-14
2024-07-14 20:00:00,"214,40965508708223","789,719971",3,2,2024-07-14
2024-07-14 21:00:00,"213,96431031822152","649,590027",3,2,2024-07-14
2024-07-14 22:00:00,"227,72817785874517","592,070007",3,2,2024-07-14
2024-07-14 23:00:00,"225,26785198154565","494,25",3,2,2024-07-14
2024-07-15 00:00:00,"363,3546373421599","434,029999",3,3,2024-07-15
2024-07-15 01:00:00,"256,95169645567574","361,059998",3,3,2024-07-15
2024-07-15 02:00:00,"224,8068562974085","388,73999",3,3,2024-07-15
2024-07-15 03:00:00,"242,0353725015998","482,160004",3,3,2024-07-15
2024-07-15 04:00:00,"245,61591988516574","482,609985",3,3,2024-07-15
2024-07-15 05:00:00,"264,34164387668847","482,380005",3,3,2024-07-15
2024-07-15 06:00:00,"294,23641565989334","482,079987",3,3,2024-07-15
2024-07-15 07:00:00,"274,0742979125892","299,200012",3,3,2024-07-15
2024-07-15 08:00:00,"260,32702075365984","196,979996",3,3,2024-07-15
2024-07-15 09:00:00,"261,94537294748034","149,449997",3,3,2024-07-15
2024-07-15 10:00:00,"261,28395643130943","3,28",3,3,2024-07-15
2024-07-15 11:00:00,"261,28395643130943","-0,07",3,3,2024-07-15
2024-07-15 12:00:00,"267,8623603374858","-0,52",3,3,2024-07-15
2024-07-15 13:00:00,"284,1387751793996","155,270004",3,3,2024-07-15
2024-07-15 14:00:00,"307,36986305437256","201,610001",3,3,2024-07-15
2024-07-15 15:00:00,"349,1360951594012","611,840027",3,3,2024-07-15
2024-07-15 16:00:00,"417,7289998754961","853,219971",3,3,2024-07-15
2024-07-15 17:00:00,"437,3390510300262","1486,98999",3,3,2024-07-15
2024-07-15 18:00:00,"400,21088518663487","1678,530029",3,3,2024-07-15
2024-07-15 19:00:00,"370,3376885512017","1071,160034",3,3,2024-07-15
2024-07-15 20:00:00,"327,91096102903407","690,030029",3,3,2024-07-15
2024-07-15 21:00:00,"331,96694168652516","597,659973",3,3,2024-07-15
2024-07-15 22:00:00,"337,4824319673729","571,47998",3,3,2024-07-15
2024-07-15 23:00:00,"319,8907237003095","475,829987",3,3,2024-07-15
2024-07-16 00:00:00,"249,9539844849668","391,660004",3,3,2024-07-16
2024-07-16 01:00:00,"229,48045199618295","274,73999",3,3,2024-07-16
2024-07-16 02:00:00,"243,45719014393558","284,730011",3,3,2024-07-16
2024-07-16 03:00:00,"284,38809838563304","375,470001",3,3,2024-07-16
2024-07-16 04:00:00,"325,70164334715787","531,859985",3,3,2024-07-16
2024-07-16 05:00:00,"352,94053319364014","593,049988",3,3,2024-07-16
2024-07-16 06:00:00,"391,9939010163673","568,349976",3,3,2024-07-16
2024-07-16 07:00:00,"418,1956691941927","440,76001",3,3,2024-07-16
2024-07-16 08:00:00,"424,624829013204","187,960007",3,3,2024-07-16
2024-07-16 09:00:00,"418,6779204475882","158,630005",3,3,2024-07-16
2024-07-16 10:00:00,"416,9852911100323","118,190002",3,3,2024-07-16
2024-07-16 11:00:00,"416,3251664520941","101,400002",3,3,2024-07-16
2024-07-16 12:00:00,"406,2804360310837","30,290001",3,3,2024-07-16
2024-07-16 13:00:00,"416,92659869935693","21,639999",3,3,2024-07-16
2024-07-16 14:00:00,"508,8319074426162","0,07",3,3,2024-07-16
2024-07-16 15:00:00,"591,1699420612628","190,570007",3,3,2024-07-16
2024-07-16 16:00:00,"615,0034375864785","444,709991",3,3,2024-07-16
2024-07-16 17:00:00,"595,0638326206156","611,780029",3,3,2024-07-16
2024-07-16 18:00:00,"527,5351137092094","907,330017",3,3,2024-07-16
2024-07-16 19:00:00,"474,0709751356534","852,710022",3,3,2024-07-16
2024-07-16 20:00:00,"423,7710274866275","789,51001",3,3,2024-07-16
2024-07-16 21:00:00,"361,7046943427841","629,090027",3,3,2024-07-16
2024-07-16 22:00:00,"317,46012626822244","652,109985",3,3,2024-07-16
2024-07-16 23:00:00,"294,95547277243895","544,52002",3,3,2024-07-16
2024-07-17 00:00:00,"287,6869187909155","543,330017",3,3,2024-07-17
2024-07-17 01:00:00,"281,99625597627085","526,23999",3,3,2024-07-17
2024-07-17 02:00:00,"274,2658987296951","530,119995",3,3,2024-07-17
2024-07-17 03:00:00,"294,54509258686187","577,799988",3,3,2024-07-17
2024-07-17 04:00:00,"334,00273498480243","671,880005",3,3,2024-07-17
2024-07-17 05:00:00,"376,71385973693344","744,330017",3,3,2024-07-17
2024-07-17 06:00:00,"477,17405124281566","788,650024",3,3,2024-07-17
2024-07-17 07:00:00,"563,36822190798","575,559998",3,3,2024-07-17
2024-07-17 08:00:00,"559,881709471207","434,170013",3,3,2024-07-17
2024-07-17 09:00:00,"571,270362616979","311,51001",3,3,2024-07-17
2024-07-17 10:00:00,"562,828374315415","243,160004",3,3,2024-07-17
2024-07-17 11:00:00,"547,578607470139","163,029999",3,3,2024-07-17
2024-07-17 12:00:00,"532,9592114015798","80,580002",3,3,2024-07-17
2024-07-17 13:00:00,"546,9993385402089","100,5",3,3,2024-07-17
2024-07-17 14:00:00,"587,2854135407738","290,089996",3,3,2024-07-17
2024-07-17 15:00:00,"616,8061823171777","460,209991",3,3,2024-07-17
2024-07-17 16:00:00,"648,6575891042793","618,76001",3,3,2024-07-17
2024-07-17 17:00:00,"634,3772643400822","797,530029",3,3,2024-07-17
2024-07-17 18:00:00,"587,1079999386639","984,280029",3,3,2024-07-17
2024-07-17 19:00:00,"528,5662106889042","1044,790039",3,3,2024-07-17
2024-07-17 20:00:00,"436,77897654445854","857,369995",3,3,2024-07-17
2024-07-17 21:00:00,"363,8109944999343","687,700012",3,3,2024-07-17
2024-07-17 22:00:00,"308,5279004655794","506,570007",3,3,2024-07-17
2024-07-17 23:00:00,"277,67225228430027","544,679993",3,3,2024-07-17
2024-07-18 00:00:00,"260,55453406845055","493,589996",3,3,2024-07-18
2024-07-18 01:00:00,"251,31813014207208","491,200012",3,3,2024-07-18
2024-07-18 02:00:00,"265,8015429268722","466,880005",3,3,2024-07-18
2024-07-18 03:00:00,"278,62050612458125","298,369995",3,3,2024-07-18
2024-07-18 04:00:00,"289,1341645980921","650,309998",3,3,2024-07-18
2024-07-18 05:00:00,"313,2477275556252","704,909973",3,3,2024-07-18
2024-07-18 06:00:00,"375,22157184371457","506,269989",3,3,2024-07-18
2024-07-18 07:00:00,"410,6360697568377","351,339996",3,3,2024-07-18
2024-07-18 08:00:00,"398,7365728851215","270,779999",3,3,2024-07-18
2024-07-18 09:00:00,"388,5618883536539","253,470001",3,3,2024-07-18
2024-07-18 10:00:00,"363,5266222235727","253,25",3,3,2024-07-18
2024-07-18 11:00:00,"339,87756639314256","252,800003",3,3,2024-07-18
2024-07-18 12:00:00,"332,8413946794708","254,360001",3,3,2024-07-18
2024-07-18 13:00:00,"362,40199544969494","260,929993",3,3,2024-07-18
2024-07-18 14:00:00,"430,64888638882775","197,080002",3,3,2024-07-18
2024-07-18 15:00:00,"457,5204109829346","637,630005",3,3,2024-07-18
2024-07-18 16:00:00,"503,1854611764516","686,26001",3,3,2024-07-18
2024-07-18 17:00:00,"486,5307205663568","952,26001",3,3,2024-07-18
2024-07-18 18:00:00,"457,5720177407854","1382,819946",3,3,2024-07-18
2024-07-18 19:00:00,"443,2317488395972","1318,290039",3,3,2024-07-18
2024-07-18 20:00:00,"356,65290098746607","891,690002",3,3,2024-07-18
2024-07-18 21:00:00,"320,6198342024789","760,26001",3,3,2024-07-18
2024-07-18 22:00:00,"271,6910314533136","672,26001",3,3,2024-07-18
2024-07-18 23:00:00,"258,13411929079314","600,200012",3,3,2024-07-18
2024-07-19 00:00:00,"220,23278193235117","596,169983",3,3,2024-07-19
2024-07-19 01:00:00,"218,8283657479649","583,47998",3,3,2024-07-19
2024-07-19 02:00:00,"224,5862553920614","606,390015",3,3,2024-07-19
2024-07-19 03:00:00,"236,72518679352737","667,039978",3,3,2024-07-19
2024-07-19 04:00:00,"228,69402276397386","827,289978",3,3,2024-07-19
2024-07-19 05:00:00,"275,7400413118884","810,72998",3,3,2024-07-19
2024-07-19 06:00:00,"289,86824416962446","734,109985",3,3,2024-07-19
2024-07-19 07:00:00,"319,881976716954","607,51001",3,3,2024-07-19
2024-07-19 08:00:00,"307,97663615174787","522,22998",3,3,2024-07-19
2024-07-19 09:00:00,"290,7700997416324","438,299988",3,3,2024-07-19
2024-07-19 10:00:00,"263,45111777255494","330,799988",3,3,2024-07-19
2024-07-19 11:00:00,"255,0212677837844","272,309998",3,3,2024-07-19
2024-07-19 12:00:00,"251,0259796300652","270,070007",3,3,2024-07-19
2024-07-19 13:00:00,"266,51525999609805","317,369995",3,3,2024-07-19
2024-07-19 14:00:00,"291,8829473029454","475,899994",3,3,2024-07-19
2024-07-19 15:00:00,"329,9755096391572","576,98999",3,3,2024-07-19
2024-07-19 16:00:00,"384,93629937242383","683,460022",3,3,2024-07-19
2024-07-19 17:00:00,"388,05659068434124","888,099976",3,3,2024-07-19
2024-07-19 18:00:00,"356,71255250900236","1358,410034",3,3,2024-07-19
2024-07-19 19:00:00,"301,427648970753","895,26001",3,3,2024-07-19
2024-07-19 20:00:00,"272,37610187821934","797,22998",3,3,2024-07-19
2024-07-19 21:00:00,"235,7496917687358","683,01001",3,3,2024-07-19
2024-07-19 22:00:00,"232,89825923176716","706,789978",3,3,2024-07-19
2024-07-19 23:00:00,"234,54381832499308","667,099976",3,3,2024-07-19
2024-07-20 00:00:00,"214,46525548953136","658,440002",3,3,2024-07-20
2024-07-20 01:00:00,"207,3563040243891","670,599976",3,3,2024-07-20
2024-07-20 02:00:00,"215,00070760768327","703,130005",3,3,2024-07-20
2024-07-20 03:00:00,"227,2328501197542","699,849976",3,3,2024-07-20
2024-07-20 04:00:00,"217,43869853192152","665,159973",3,3,2024-07-20
2024-07-20 05:00:00,"232,9658315290505","641,580017",3,3,2024-07-20
2024-07-20 06:00:00,"220,9913110433906","508,850006",3,3,2024-07-20
2024-07-20 07:00:00,"219,58085078886756","291,359985",3,3,2024-07-20
2024-07-20 08:00:00,"271,38479459093077","118,629997",3,3,2024-07-20
2024-07-20 09:00:00,"278,84217395245736","28,129999",3,3,2024-07-20
2024-07-20 10:00:00,"278,4168543081551","10,22",3,3,2024-07-20
2024-07-20 11:00:00,"272,2198078617893","0,15",3,3,2024-07-20
2024-07-20 12:00:00,"288,09265169558654","3,28",3,3,2024-07-20
2024-07-20 13:00:00,"308,8720447553463","34,32",3,3,2024-07-20
2024-07-20 14:00:00,"368,0263564226728","134,369995",3,3,2024-07-20
2024-07-20 15:00:00,"440,26212997516654","273,820007",3,3,2024-07-20
2024-07-20 16:00:00,"501,3592525318266","634,190002",3,3,2024-07-20
2024-07-20 17:00:00,"531,2429608337917","817,440002",3,3,2024-07-20
2024-07-20 18:00:00,"507,4043344221507","1005,380005",3,3,2024-07-20
2024-07-20 19:00:00,"489,0441205560463","811,840027",3,3,2024-07-20
2024-07-20 20:00:00,"398,73231189835815","627,47998",3,3,2024-07-20
2024-07-20 21:00:00,"334,285678700896","555,929993",3,3,2024-07-20
2024-07-20 22:00:00,"309,0918396415763","474,790009",3,3,2024-07-20
2024-07-20 23:00:00,"283,3621434135441","420,089996",3,3,2024-07-20
2024-07-21 00:00:00,"222,38549431314829","411,880005",3,3,2024-07-21
2024-07-21 01:00:00,"224,6797116640341","450,540009",3,3,2024-07-21
2024-07-21 02:00:00,"224,5766517611738","496,570007",3,3,2024-07-21
2024-07-21 03:00:00,"235,2942495916769","561,419983",3,3,2024-07-21
2024-07-21 04:00:00,"226,2886449042152","480,529999",3,3,2024-07-21
2024-07-21 05:00:00,"251,7840702511094","421,809998",3,3,2024-07-21
2024-07-21 06:00:00,"262,31713736177625","303,540009",3,3,2024-07-21
2024-07-21 07:00:00,"247,32587065611176","138,559998",3,3,2024-07-21
2024-07-21 08:00:00,"241,41836550629992","7,54",3,3,2024-07-21
2024-07-21 09:00:00,"243,19933879705624","0,22",3,3,2024-07-21
2024-07-21 10:00:00,"244,2377331799023","0,15",3,3,2024-07-21
2024-07-21 11:00:00,"234,94704707701354","-0,45",3,3,2024-07-21
2024-07-21 12:00:00,"238,8045119233927","-1,34",3,3,2024-07-21
2024-07-21 13:00:00,"258,36505868937553","0,3",3,3,2024-07-21
2024-07-21 14:00:00,"286,44675804027776","139,380005",3,3,2024-07-21
2024-07-21 15:00:00,"285,2410864822269","307,640015",3,3,2024-07-21
2024-07-21 16:00:00,"298,95755258353836","600,289978",3,3,2024-07-21
2024-07-21 17:00:00,"305,157866404492","807,880005",3,3,2024-07-21
2024-07-21 18:00:00,"272,70958369019695","841,150024",3,3,2024-07-21
2024-07-21 19:00:00,"231,37548425208","919,950012",3,3,2024-07-21
2024-07-21 20:00:00,"194,6079766138882","814,590027",3,3,2024-07-21
2024-07-21 21:00:00,"205,98756632315505","672,73999",3,3,2024-07-21
2024-07-21 22:00:00,"229,97045425819098","901,669983",3,3,2024-07-21
2024-07-21 23:00:00,"230,34445554067952","721,02002",3,3,2024-07-21
2024-07-22 00:00:00,"549,9148958667861","648,27002",3,4,2024-07-22
2024-07-22 01:00:00,"415,84373761577643","648,640015",3,4,2024-07-22
2024-07-22 02:00:00,"278,520459771553","610,659973",3,4,2024-07-22
2024-07-22 03:00:00,"246,76869659562144","591,859985",3,4,2024-07-22
2024-07-22 04:00:00,"250,54376849857414","811,159973",3,4,2024-07-22
2024-07-22 05:00:00,"286,3783536588799","896,070007",3,4,2024-07-22
2024-07-22 06:00:00,"321,38978145751554","852,719971",3,4,2024-07-22
2024-07-22 07:00:00,"310,05442201637226","703,929993",3,4,2024-07-22
2024-07-22 08:00:00,"302,2035711933109","473,290009",3,4,2024-07-22
2024-07-22 09:00:00,"299,3767597372267","291,600006",3,4,2024-07-22
2024-07-22 10:00:00,"285,28280980423125","191,089996",3,4,2024-07-22
2024-07-22 11:00:00,"270,62636820899183","174,300003",3,4,2024-07-22
2024-07-22 12:00:00,"275,75590475184896","144,830002",3,4,2024-07-22
2024-07-22 13:00:00,"287,24889960890386","152,070007",3,4,2024-07-22
2024-07-22 14:00:00,"299,96214999063386","170,279999",3,4,2024-07-22
2024-07-22 15:00:00,"343,60979061042974","463,820007",3,4,2024-07-22
2024-07-22 16:00:00,"398,20137795939996","603,719971",3,4,2024-07-22
2024-07-22 17:00:00,"412,29346084615736","739,0",3,4,2024-07-22
2024-07-22 18:00:00,"380,16274996512726","1043,660034",3,4,2024-07-22
2024-07-22 19:00:00,"365,80016211719544","1046,569946",3,4,2024-07-22
2024-07-22 20:00:00,"329,2732115161262","828,539978",3,4,2024-07-22
2024-07-22 21:00:00,"320,369910405123","712,73999",3,4,2024-07-22
2024-07-22 22:00:00,"319,20765569314113","618,22998",3,4,2024-07-22
2024-07-22 23:00:00,"303,83692523757327","559,349976",3,4,2024-07-22
2024-07-23 00:00:00,"249,2408046089209","547,630005",3,4,2024-07-23
2024-07-23 01:00:00,"227,27203865157233","508,380005",3,4,2024-07-23
2024-07-23 02:00:00,"239,43237117486166","526,52002",3,4,2024-07-23
2024-07-23 03:00:00,"283,67491850958714","549,799988",3,4,2024-07-23
2024-07-23 04:00:00,"312,34296803447774","745,450012",3,4,2024-07-23
2024-07-23 05:00:00,"329,80338382847316","865,590027",3,4,2024-07-23
2024-07-23 06:00:00,"384,19737023789065","824,179993",3,4,2024-07-23
2024-07-23 07:00:00,"411,3381374943704","651,359985",3,4,2024-07-23
2024-07-23 08:00:00,"415,7459276263407","513,909973",3,4,2024-07-23
2024-07-23 09:00:00,"401,11306067115765","457,940002",3,4,2024-07-23
2024-07-23 10:00:00,"407,30862846664337","324,0",3,4,2024-07-23
2024-07-23 11:00:00,"401,63418620435596","285,720001",3,4,2024-07-23
2024-07-23 12:00:00,"404,85201004595973","268,709991",3,4,2024-07-23
2024-07-23 13:00:00,"411,1743716989798","313,100006",3,4,2024-07-23
2024-07-23 14:00:00,"523,637020955986","483,980011",3,4,2024-07-23
2024-07-23 15:00:00,"586,8397590107035","593,450012",3,4,2024-07-23
2024-07-23 16:00:00,"614,2902577104327","596,359985",3,4,2024-07-23
2024-07-23 17:00:00,"594,3506527445697","716,570007",3,4,2024-07-23
2024-07-23 18:00:00,"524,6167772183784","872,530029",3,4,2024-07-23
2024-07-23 19:00:00,"469,1563339582201","761,200012",3,4,2024-07-23
2024-07-23 20:00:00,"409,55305262387736","740,450012",3,4,2024-07-23
2024-07-23 21:00:00,"355,6439472037086","683,369995",3,4,2024-07-23
2024-07-23 22:00:00,"321,58786279475504","623,359985",3,4,2024-07-23
2024-07-23 23:00:00,"299,68554461550224","584,419983",3,4,2024-07-23
2024-07-24 00:00:00,"286,37140359833893","541,369995",3,4,2024-07-24
2024-07-24 01:00:00,"277,8361290677178","549,130005",3,4,2024-07-24
2024-07-24 02:00:00,"270,10577182114207","423,630005",3,4,2024-07-24
2024-07-24 03:00:00,"293,83191271081597","299,179993",3,4,2024-07-24
2024-07-24 04:00:00,"323,5343226479754","323,429993",3,4,2024-07-24
2024-07-24 05:00:00,"347,76443193949643","336,190002",3,4,2024-07-24
2024-07-24 06:00:00,"441,93985888265934","429,079987",3,4,2024-07-24
2024-07-24 07:00:00,"520,2478690547848","270,23999",3,4,2024-07-24
2024-07-24 08:00:00,"553,4340734180248","186,520004",3,4,2024-07-24
2024-07-24 09:00:00,"566,2884564891317","158,100006",3,4,2024-07-24
2024-07-24 10:00:00,"553,1643973977169","11,79",3,4,2024-07-24
2024-07-24 11:00:00,"543,1436305125667","0,0",3,4,2024-07-24
2024-07-24 12:00:00,"519,4593991012612","0,0",3,4,2024-07-24
2024-07-24 13:00:00,"556,4218309087248","-0,6",3,4,2024-07-24
2024-07-24 14:00:00,"594,9037195106887","124,599998",3,4,2024-07-24
2024-07-24 15:00:00,"606,9035386364612","184,880005",3,4,2024-07-24
2024-07-24 16:00:00,"637,2692224152738","387,149994",3,4,2024-07-24
2024-07-24 17:00:00,"633,6640844640364","668,5",3,4,2024-07-24
2024-07-24 18:00:00,"589,5750201293151","809,659973",3,4,2024-07-24
2024-07-24 19:00:00,"535,1806468303363","881,210022",3,4,2024-07-24
2024-07-24 20:00:00,"463,03465996182257","813,320007",3,4,2024-07-24
2024-07-24 21:00:00,"417,37038478537505","631,570007",3,4,2024-07-24
2024-07-24 22:00:00,"353,5854291958216","624,570007",3,4,2024-07-24
2024-07-24 23:00:00,"306,91613798901585","578,299988",3,4,2024-07-24
2024-07-25 00:00:00,"280,62189510027684","567,859985",3,4,2024-07-25
2024-07-25 01:00:00,"260,16660277798803","596,359985",3,4,2024-07-25
2024-07-25 02:00:00,"261,6803629128038","570,090027",3,4,2024-07-25
2024-07-25 03:00:00,"279,5518466221838","690,460022",3,4,2024-07-25
2024-07-25 04:00:00,"292,95576807154777","792,159973",3,4,2024-07-25
2024-07-25 05:00:00,"319,78046136107287","813,580017",3,4,2024-07-25
2024-07-25 06:00:00,"384,25349684420365","678,890015",3,4,2024-07-25
2024-07-25 07:00:00,"418,2535563159676","537,109985",3,4,2024-07-25
2024-07-25 08:00:00,"398,0426585074189","411,0",3,4,2024-07-25
2024-07-25 09:00:00,"389,8642897229336","275,720001",3,4,2024-07-25
2024-07-25 10:00:00,"368,56007779712536","177,070007",3,4,2024-07-25
2024-07-25 11:00:00,"348,04086777508604","133,869995",3,4,2024-07-25
2024-07-25 12:00:00,"333,31029233039715","128,490005",3,4,2024-07-25
2024-07-25 13:00:00,"364,76258746032","166,029999",3,4,2024-07-25
2024-07-25 14:00:00,"433,52866221309216","401,450012",3,4,2024-07-25
2024-07-25 15:00:00,"444,63894066511864","596,960022",3,4,2024-07-25
2024-07-25 16:00:00,"496,57393611394036","723,809998",3,4,2024-07-25
2024-07-25 17:00:00,"485,8175406903109","947,150024",3,4,2024-07-25
2024-07-25 18:00:00,"456,8588378647395","1161,97998",3,4,2024-07-25
2024-07-25 19:00:00,"442,5185689635513","982,070007",3,4,2024-07-25
2024-07-25 20:00:00,"355,93972111142017","746,200012",3,4,2024-07-25
2024-07-25 21:00:00,"319,906654326433","633,890015",3,4,2024-07-25
2024-07-25 22:00:00,"266,1369351746892","604,460022",3,4,2024-07-25
2024-07-25 23:00:00,"251,97768769563794","548,48999",3,4,2024-07-25
2024-07-26 00:00:00,"217,00706373183505","559,76001",3,4,2024-07-26
2024-07-26 01:00:00,"215,27057415594257","576,849976",3,4,2024-07-26
2024-07-26 02:00:00,"214,58221168702093","573,859985",3,4,2024-07-26
2024-07-26 03:00:00,"234,36748654383317","596,919983",3,4,2024-07-26
2024-07-26 04:00:00,"251,90472112420193","608,109985",3,4,2024-07-26
2024-07-26 05:00:00,"285,9409333168888","795,940002",3,4,2024-07-26
2024-07-26 06:00:00,"306,47653815706417","776,840027",3,4,2024-07-26
2024-07-26 07:00:00,"342,36261579465696","722,590027",3,4,2024-07-26
2024-07-26 08:00:00,"327,6833448186057","675,570007",3,4,2024-07-26
2024-07-26 09:00:00,"299,0122022524112","607,070007",3,4,2024-07-26
2024-07-26 10:00:00,"280,72671985943816","522,369995",3,4,2024-07-26
2024-07-26 11:00:00,"260,5813047958597","471,029999",3,4,2024-07-26
2024-07-26 12:00:00,"252,74805906679475","449,160004",3,4,2024-07-26
2024-07-26 13:00:00,"265,9143889586637","508,48999",3,4,2024-07-26
2024-07-26 14:00:00,"297,98467931807915","543,559998",3,4,2024-07-26
2024-07-26 15:00:00,"358,18743223156275","660,580017",3,4,2024-07-26
2024-07-26 16:00:00,"386,6234893044745","704,01001",3,4,2024-07-26
2024-07-26 17:00:00,"389,74979217482917","804,380005",3,4,2024-07-26
2024-07-26 18:00:00,"351,84295268348984","1068,98999",3,4,2024-07-26
2024-07-26 19:00:00,"298,71816440810505","1037,280029",3,4,2024-07-26
2024-07-26 20:00:00,"266,82200559959495","793,929993",3,4,2024-07-26
2024-07-26 21:00:00,"230,19559549011134","730,650024",3,4,2024-07-26
2024-07-26 22:00:00,"230,1887746691193","775,22998",3,4,2024-07-26
2024-07-26 23:00:00,"232,43666907887587","768,890015",3,4,2024-07-26
2024-07-27 00:00:00,"214,35441093001614","723,070007",3,4,2024-07-27
2024-07-27 01:00:00,"206,6431241483432","710,080017",3,4,2024-07-27
2024-07-27 02:00:00,"211,05221153864593","690,01001",3,4,2024-07-27
2024-07-27 03:00:00,"226,5196702437083","673,070007",3,4,2024-07-27
2024-07-27 04:00:00,"223,80886955830638","649,929993",3,4,2024-07-27
2024-07-27 05:00:00,"232,25265165300465","615,01001",3,4,2024-07-27
2024-07-27 06:00:00,"231,14278169581374","632,02002",3,4,2024-07-27
2024-07-27 07:00:00,"219,95619709792595","505,0",3,4,2024-07-27
2024-07-27 08:00:00,"272,1708929467799","453,589996",3,4,2024-07-27
2024-07-27 09:00:00,"278,5397461232022","297,76001",3,4,2024-07-27
2024-07-27 10:00:00,"277,7036744321092","208,960007",3,4,2024-07-27
2024-07-27 11:00:00,"271,91738003253414","132,839996",3,4,2024-07-27
2024-07-27 12:00:00,"287,37947181954064","133,729996",3,4,2024-07-27
2024-07-27 13:00:00,"308,1588648793004","261,350006",3,4,2024-07-27
2024-07-27 14:00:00,"367,3131765466269","505,380005",3,4,2024-07-27
2024-07-27 15:00:00,"439,54895009912065","649,710022",3,4,2024-07-27
2024-07-27 16:00:00,"501,00216496528077","783,369995",3,4,2024-07-27
2024-07-27 17:00:00,"530,5297809577459","870,830017",3,4,2024-07-27
2024-07-27 18:00:00,"506,6911545461049","918,669983",3,4,2024-07-27
2024-07-27 19:00:00,"488,3309406800004","909,109985",3,4,2024-07-27
2024-07-27 20:00:00,"399,2162496088909","806,719971",3,4,2024-07-27
2024-07-27 21:00:00,"332,97016350831944","730,900024",3,4,2024-07-27
2024-07-27 22:00:00,"307,77632444899973","820,820007",3,4,2024-07-27
2024-07-27 23:00:00,"282,04662822096753","709,780029",3,4,2024-07-27
2024-07-28 00:00:00,"221,57910332649743","658,280029",3,4,2024-07-28
2024-07-28 01:00:00,"223,9665317879882","608,429993",3,4,2024-07-28
2024-07-28 02:00:00,"220,62815569213646","586,119995",3,4,2024-07-28
2024-07-28 03:00:00,"234,58106971563106","591,48999",3,4,2024-07-28
2024-07-28 04:00:00,"245,30431136723422","563,659973",3,4,2024-07-28
2024-07-28 05:00:00,"250,73881698355729","541,869995",3,4,2024-07-28
2024-07-28 06:00:00,"268,2652084408543","189,699997",3,4,2024-07-28
2024-07-28 07:00:00,"245,536411370899","37,240002",3,4,2024-07-28
2024-07-28 08:00:00,"240,15764375148865","0,0",3,4,2024-07-28
2024-07-28 09:00:00,"242,7858839934167","-18,129999",3,4,2024-07-28
2024-07-28 10:00:00,"248,40556422169908","-112,239998",3,4,2024-07-28
2024-07-28 11:00:00,"238,7828047273041","-222,389999",3,4,2024-07-28
2024-07-28 12:00:00,"247,067291803895","-363,359985",3,4,2024-07-28
2024-07-28 13:00:00,"261,8367954352983","-250,220001",3,4,2024-07-28
2024-07-28 14:00:00,"286,5176146750325","-99,099998",3,4,2024-07-28
2024-07-28 15:00:00,"289,43123963268863","-1,94",3,4,2024-07-28
2024-07-28 16:00:00,"304,2995528838196","37,09",3,4,2024-07-28
2024-07-28 17:00:00,"296,84314668235083","349,480011",3,4,2024-07-28
2024-07-28 18:00:00,"267,7437715572521","588,580017",3,4,2024-07-28
2024-07-28 19:00:00,"226,4624089569546","579,630005",3,4,2024-07-28
2024-07-28 20:00:00,"183,7199148079651","589,400024",3,4,2024-07-28
2024-07-28 21:00:00,"155,77331222142152","322,98999",3,4,2024-07-28
2024-07-28 22:00:00,"152,48241330498107","382,160004",3,4,2024-07-28
2024-07-28 23:00:00,"164,24649006152592","275,670013",3,4,2024-07-28
2024-09-30 00:00:00,"115,67469747678108","62,630001",4,1,2024-09-30
2024-09-30 01:00:00,"134,57655014918316","41,23",4,1,2024-09-30
2024-09-30 02:00:00,"155,82496989323678","67,25",4,1,2024-09-30
2024-09-30 03:00:00,"182,5839763019559","126,599998",4,1,2024-09-30
2024-09-30 04:00:00,"207,10022132569136","314,869995",4,1,2024-09-30
2024-09-30 05:00:00,"277,10398418966884","597,22998",4,1,2024-09-30
2024-09-30 06:00:00,"307,7809723700971","597,22998",4,1,2024-09-30
2024-09-30 07:00:00,"290,65123604176557","447,359985",4,1,2024-09-30
2024-09-30 08:00:00,"267,05632523715616","272,73999",4,1,2024-09-30
2024-09-30 09:00:00,"265,1006877584891","155,910004",4,1,2024-09-30
2024-09-30 10:00:00,"260,2630954246915","69,190002",4,1,2024-09-30
2024-09-30 11:00:00,"260,2630954246915","15,36",4,1,2024-09-30
2024-09-30 12:00:00,"271,45554034914267","94,919998",4,1,2024-09-30
2024-09-30 13:00:00,"284,49985674563766","125,709999",4,1,2024-09-30
2024-09-30 14:00:00,"297,7893410715937","180,360001",4,1,2024-09-30
2024-09-30 15:00:00,"337,0985806624139","243,960007",4,1,2024-09-30
2024-09-30 16:00:00,"391,7117378935212","268,339996",4,1,2024-09-30
2024-09-30 17:00:00,"388,2474596846321","273,119995",4,1,2024-09-30
2024-09-30 18:00:00,"333,2398776091062","127,5",4,1,2024-09-30
2024-09-30 19:00:00,"297,2390717222621","31,24",4,1,2024-09-30
2024-09-30 20:00:00,"275,1415770059502","24,459999",4,1,2024-09-30
2024-09-30 21:00:00,"257,39589097643557","24,23",4,1,2024-09-30
2024-09-30 22:00:00,"258,5024964399942","23,93",4,1,2024-09-30
2024-09-30 23:00:00,"248,96909515153956","0,52",4,1,2024-09-30
2024-10-01 00:00:00,"211,11610411973365","0,37",4,1,2024-10-01
2024-10-01 01:00:00,"202,6986275819838","0,15",4,1,2024-10-01
2024-10-01 02:00:00,"211,1145197063559","0,67",4,1,2024-10-01
2024-10-01 03:00:00,"248,39911622919496","24,6",4,1,2024-10-01
2024-10-01 04:00:00,"288,8673013824519","75,080002",4,1,2024-10-01
2024-10-01 05:00:00,"307,5988735563431","293,910004",4,1,2024-10-01
2024-10-01 06:00:00,"361,83588799576233","308,079987",4,1,2024-10-01
2024-10-01 07:00:00,"381,44799564367656","309,5",4,1,2024-10-01
2024-10-01 08:00:00,"424,516918111042","288,170013",4,1,2024-10-01
2024-10-01 09:00:00,"407,1626207487391","260,880005",4,1,2024-10-01
2024-10-01 10:00:00,"407,64123042779386","232,919998",4,1,2024-10-01
2024-10-01 11:00:00,"407,00933670023","223,600006",4,1,2024-10-01
2024-10-01 12:00:00,"403,7148740755404","260,660004",4,1,2024-10-01
2024-10-01 13:00:00,"416,90561568643614","296,079987",4,1,2024-10-01
2024-10-01 14:00:00,"516,9119150152609","324,779999",4,1,2024-10-01
2024-10-01 15:00:00,"588,0663754930547","393,0",4,1,2024-10-01
2024-10-01 16:00:00,"608,7739342744305","405,600006",4,1,2024-10-01
2024-10-01 17:00:00,"557,0163281057904","421,410004",4,1,2024-10-01
2024-10-01 18:00:00,"477,0106275698278","366,829987",4,1,2024-10-01
2024-10-01 19:00:00,"391,0313994215982","345,429993",4,1,2024-10-01
2024-10-01 20:00:00,"328,802491927721","321,649994",4,1,2024-10-01
2024-10-01 21:00:00,"304,47758472226985","309,940002",4,1,2024-10-01
2024-10-01 22:00:00,"276,8291725530069","432,829987",4,1,2024-10-01
2024-10-01 23:00:00,"258,6242769868221","367,350006",4,1,2024-10-01
2024-10-02 00:00:00,"252,09157517041393","373,540009",4,1,2024-10-02
2024-10-02 01:00:00,"257,57144066100705","365,339996",4,1,2024-10-02
2024-10-02 02:00:00,"251,14182498720604","300,230011",4,1,2024-10-02
2024-10-02 03:00:00,"265,63638674244083","363,470001",4,1,2024-10-02
2024-10-02 04:00:00,"298,4535976661626","596,440002",4,1,2024-10-02
2024-10-02 05:00:00,"350,51823605913575","692,869995",4,1,2024-10-02
2024-10-02 06:00:00,"434,55083067664197","913,830017",4,1,2024-10-02
2024-10-02 07:00:00,"505,9683730631743","701,219971",4,1,2024-10-02
2024-10-02 08:00:00,"549,5187635334544","484,880005",4,1,2024-10-02
2024-10-02 09:00:00,"558,8726324294757","394,420013",4,1,2024-10-02
2024-10-02 10:00:00,"544,8030732611023","431,040009",4,1,2024-10-02
2024-10-02 11:00:00,"536,8410102730884","597,109985",4,1,2024-10-02
2024-10-02 12:00:00,"528,254459315214","584,659973",4,1,2024-10-02
2024-10-02 13:00:00,"553,2630885750609","607,26001",4,1,2024-10-02
2024-10-02 14:00:00,"616,1603119059902","607,849976",4,1,2024-10-02
2024-10-02 15:00:00,"642,6784556594831","746,48999",4,1,2024-10-02
2024-10-02 16:00:00,"663,5932792578993","872,590027",4,1,2024-10-02
2024-10-02 17:00:00,"629,5899027339833","969,97998",4,1,2024-10-02
2024-10-02 18:00:00,"566,7707957159105","852,900024",4,1,2024-10-02
2024-10-02 19:00:00,"513,4140445128344","719,940002",4,1,2024-10-02
2024-10-02 20:00:00,"442,2551280017514","695,780029",4,1,2024-10-02
2024-10-02 21:00:00,"386,0303071625164","633,880005",4,1,2024-10-02
2024-10-02 22:00:00,"335,9202357228503","502,230011",4,1,2024-10-02
2024-10-02 23:00:00,"303,2943988264413","491,26001",4,1,2024-10-02
2024-10-03 00:00:00,"278,3707903751085","485,890015",4,1,2024-10-03
2024-10-03 01:00:00,"256,3753692590073","478,730011",4,1,2024-10-03
2024-10-03 02:00:00,"254,27926428721287","477,23999",4,1,2024-10-03
2024-10-03 03:00:00,"263,7616398460889","480,369995",4,1,2024-10-03
2024-10-03 04:00:00,"283,5393809338144","488,059998",4,1,2024-10-03
2024-10-03 05:00:00,"327,62864558864015","547,280029",4,1,2024-10-03
2024-10-03 06:00:00,"398,3583186806195","571,900024",4,1,2024-10-03
2024-10-03 07:00:00,"418,7986640819517","543,780029",4,1,2024-10-03
2024-10-03 08:00:00,"409,9622952189421","516,77002",4,1,2024-10-03
2024-10-03 09:00:00,"390,35403665922394","470,230011",4,1,2024-10-03
2024-10-03 10:00:00,"360,95427791863625","351,25",4,1,2024-10-03
2024-10-03 11:00:00,"330,59344720766694","253,460007",4,1,2024-10-03
2024-10-03 12:00:00,"333,95628874636697","291,950012",4,1,2024-10-03
2024-10-03 13:00:00,"376,5933601728268","383,109985",4,1,2024-10-03
2024-10-03 14:00:00,"457,8813739794296","492,609985",4,1,2024-10-03
2024-10-03 15:00:00,"483,2269561704215","669,090027",4,1,2024-10-03
2024-10-03 16:00:00,"521,5749354165503","821,039978",4,1,2024-10-03
2024-10-03 17:00:00,"497,23321124457175","860,200012",4,1,2024-10-03
2024-10-03 18:00:00,"442,2160046263273","807,679993",4,1,2024-10-03
2024-10-03 19:00:00,"401,788657361603","736,669983",4,1,2024-10-03
2024-10-03 20:00:00,"350,3182854842267","678,48999",4,1,2024-10-03
2024-10-03 21:00:00,"321,207519617621","607,630005",4,1,2024-10-03
2024-10-03 22:00:00,"267,39844704638847","551,23999",4,1,2024-10-03
2024-10-03 23:00:00,"259,3921901659208","540,950012",4,1,2024-10-03
2024-10-04 00:00:00,"221,963520475863","537,809998",4,1,2024-10-04
2024-10-04 01:00:00,"220,01838647963763","537,070007",4,1,2024-10-04
2024-10-04 02:00:00,"221,93862461421205","539,530029",4,1,2024-10-04
2024-10-04 03:00:00,"231,43630238263555","575,109985",4,1,2024-10-04
2024-10-04 04:00:00,"241,2686897318693","768,299988",4,1,2024-10-04
2024-10-04 05:00:00,"292,86639908235315","943,890015",4,1,2024-10-04
2024-10-04 06:00:00,"308,4477889082377","1054,890015",4,1,2024-10-04
2024-10-04 07:00:00,"348,3720743785298","867,289978",4,1,2024-10-04
2024-10-04 08:00:00,"331,39913507634543","746,599976",4,1,2024-10-04
2024-10-04 09:00:00,"310,0164228486032","634,039978",4,1,2024-10-04
2024-10-04 10:00:00,"284,51067237827726","559,969971",4,1,2024-10-04
2024-10-04 11:00:00,"258,926972304065","548,179993",4,1,2024-10-04
2024-10-04 12:00:00,"254,9316841503459","565,559998",4,1,2024-10-04
2024-10-04 13:00:00,"270,66456892319314","589,799988",4,1,2024-10-04
2024-10-04 14:00:00,"300,6932947337283","669,840027",4,1,2024-10-04
2024-10-04 15:00:00,"360,63892282792045","798,890015",4,1,2024-10-04
2024-10-04 16:00:00,"388,0478970455655","984,400024",4,1,2024-10-04
2024-10-04 17:00:00,"381,08391671623326","1111,579956",4,1,2024-10-04
2024-10-04 18:00:00,"346,2579197440678","922,710022",4,1,2024-10-04
2024-10-04 19:00:00,"292,0106383017211","745,179993",4,1,2024-10-04
2024-10-04 20:00:00,"259,076119955146","745,179993",4,1,2024-10-04
2024-10-04 21:00:00,"236,93971250040852","671,330017",4,1,2024-10-04
2024-10-04 22:00:00,"234,08827996343987","694,340027",4,1,2024-10-04
2024-10-04 23:00:00,"236,40422451665134","631,23999",4,1,2024-10-04
2024-10-05 00:00:00,"216,19599403304318","607,080017",4,1,2024-10-05
2024-10-05 01:00:00,"207,94398943953112","563,380005",4,1,2024-10-05
2024-10-05 02:00:00,"212,35307682983387","564,719971",4,1,2024-10-05
2024-10-05 03:00:00,"221,85075459825737","595,299988",4,1,2024-10-05
2024-10-05 04:00:00,"229,92015438921206","642,880005",4,1,2024-10-05
2024-10-05 05:00:00,"250,09218929951507","748,780029",4,1,2024-10-05
2024-10-05 06:00:00,"238,69155081687387","825,0",4,1,2024-10-05
2024-10-05 07:00:00,"235,31537840822287","768,169983",4,1,2024-10-05
2024-10-05 08:00:00,"282,3342883556849","614,690002",4,1,2024-10-05
2024-10-05 09:00:00,"280,7544165020276","509,160004",4,1,2024-10-05
2024-10-05 10:00:00,"282,3225588284356","383,640015",4,1,2024-10-05
2024-10-05 11:00:00,"276,1255123820698","289,970001",4,1,2024-10-05
2024-10-05 12:00:00,"296,1745320334937","324,350006",4,1,2024-10-05
2024-10-05 13:00:00,"335,2469943183618","469,26001",4,1,2024-10-05
2024-10-05 14:00:00,"392,3967338672558","575,159973",4,1,2024-10-05
2024-10-05 15:00:00,"469,79692271471305","741,919983",4,1,2024-10-05
2024-10-05 16:00:00,"527,0136884650112","1108,630005",4,1,2024-10-05
2024-10-05 17:00:00,"542,3959107470353","1068,579956",4,1,2024-10-05
2024-10-05 18:00:00,"493,3138931811621","799,719971",4,1,2024-10-05
2024-10-05 19:00:00,"464,8283348188814","720,140015",4,1,2024-10-05
2024-10-05 20:00:00,"398,9228157909631","635,640015",4,1,2024-10-05
2024-10-05 21:00:00,"334,87336411603815","499,690002",4,1,2024-10-05
2024-10-05 22:00:00,"309,67952505671843","486,98999",4,1,2024-10-05
2024-10-05 23:00:00,"284,6202142886718","452,100006",4,1,2024-10-05
2024-10-06 00:00:00,"223,42068642952452","440,549988",4,1,2024-10-06
2024-10-06 01:00:00,"225,26739707917613","433,320007",4,1,2024-10-06
2024-10-06 02:00:00,"221,9290209833244","424,369995",4,1,2024-10-06
2024-10-06 03:00:00,"230,00536518078508","433,320007",4,1,2024-10-06
2024-10-06 04:00:00,"238,86331187211064","431,829987",4,1,2024-10-06
2024-10-06 05:00:00,"268,57835463006813","524,929993",4,1,2024-10-06
2024-10-06 06:00:00,"279,5349657090385","575,469971",4,1,2024-10-06
2024-10-06 07:00:00,"269,2954006726222","492,429993",4,1,2024-10-06
2024-10-06 08:00:00,"260,5178662363673","193,960007",4,1,2024-10-06
2024-10-06 09:00:00,"267,5511143742698","126,720001",4,1,2024-10-06
2024-10-06 10:00:00,"263,72843335955855","105,849998",4,1,2024-10-06
2024-10-06 11:00:00,"256,0991358358738","93,330002",4,1,2024-10-06
2024-10-06 12:00:00,"261,74179369739767","113,900002",4,1,2024-10-06
2024-10-06 13:00:00,"274,5866612568601","139,539993",4,1,2024-10-06
2024-10-06 14:00:00,"297,0781228982759","202,759995",4,1,2024-10-06
2024-10-06 15:00:00,"325,00395276597015","677,890015",4,1,2024-10-06
2024-10-06 16:00:00,"345,3793157137825","792,390015",4,1,2024-10-06
2024-10-06 17:00:00,"301,754443924243","724,710022",4,1,2024-10-06
2024-10-06 18:00:00,"252,33524205205575","544,01001",4,1,2024-10-06
2024-10-06 19:00:00,"210,37973237275745","442,559998",4,1,2024-10-06
2024-10-06 20:00:00,"206,38390534113933","437,48999",4,1,2024-10-06
2024-10-06 21:00:00,"204,843427573557","385,459991",4,1,2024-10-06
2024-10-06 22:00:00,"198,53279218666611","257,769989",4,1,2024-10-06
2024-10-06 23:00:00,"200,5769947762168","263,429993",4,1,2024-10-06
2024-10-07 00:00:00,"200,38705053044683","247,850006",4,2,2024-10-07
2024-10-07 01:00:00,"192,52425915573173","224,75",4,2,2024-10-07
2024-10-07 02:00:00,"192,27155235306597","260,529999",4,2,2024-10-07
2024-10-07 03:00:00,"196,05605757054028","291,910004",4,2,2024-10-07
2024-10-07 04:00:00,"205,64916040668524","335,369995",4,2,2024-10-07
2024-10-07 05:00:00,"247,44064908390268","378,299988",4,2,2024-10-07
2024-10-07 06:00:00,"298,1546645370292","414,089996",4,2,2024-10-07
2024-10-07 07:00:00,"294,3447484080732","383,75",4,2,2024-10-07
2024-10-07 08:00:00,"274,76896041404024","372,420013",4,2,2024-10-07
2024-10-07 09:00:00,"274,6487906813838","356,309998",4,2,2024-10-07
2024-10-07 10:00:00,"275,6287030267783","340,880005",4,2,2024-10-07
2024-10-07 11:00:00,"275,6287030267783","322,019989",4,2,2024-10-07
2024-10-07 12:00:00,"279,43974203077346","358,399994",4,2,2024-10-07
2024-10-07 13:00:00,"293,918799464764","458,070007",4,2,2024-10-07
2024-10-07 14:00:00,"313,9731521305916","661,869995",4,2,2024-10-07
2024-10-07 15:00:00,"355,4108294777954","873,640015",4,2,2024-10-07
2024-10-07 16:00:00,"414,4728672690413","1405,060059",4,2,2024-10-07
2024-10-07 17:00:00,"426,9194300294111","1405,359985",4,2,2024-10-07
2024-10-07 18:00:00,"378,4632982872777","909,27002",4,2,2024-10-07
2024-10-07 19:00:00,"355,7020992879541","744,909973",4,2,2024-10-07
2024-10-07 20:00:00,"328,3762488194782","685,119995",4,2,2024-10-07
2024-10-07 21:00:00,"327,1140274154202","589,780029",4,2,2024-10-07
2024-10-07 22:00:00,"320,5177934208593","539,340027",4,2,2024-10-07
2024-10-07 23:00:00,"299,76524098596906","500,119995",4,2,2024-10-07
2024-10-08 00:00:00,"251,082387711948","477,149994",4,2,2024-10-08
2024-10-08 01:00:00,"232,91274912730154","444,940002",4,2,2024-10-08
2024-10-08 02:00:00,"237,49792027305816","445,089996",4,2,2024-10-08
2024-10-08 03:00:00,"274,08597663834144","502,799988",4,2,2024-10-08
2024-10-08 04:00:00,"310,92562603609275","641,049988",4,2,2024-10-08
2024-10-08 05:00:00,"342,86402209263633","822,98999",4,2,2024-10-08
2024-10-08 06:00:00,"390,2959639572557","792,200012",4,2,2024-10-08
2024-10-08 07:00:00,"419,73798932088863","633,820007",4,2,2024-10-08
2024-10-08 08:00:00,"422,1438523220284","598,98999",4,2,2024-10-08
2024-10-08 09:00:00,"418,2016955279162","547,469971",4,2,2024-10-08
2024-10-08 10:00:00,"417,4251210701217","495,940002",4,2,2024-10-08
2024-10-08 11:00:00,"416,90040316883204","529,200012",4,2,2024-10-08
2024-10-08 12:00:00,"405,26625686067723","565,140015",4,2,2024-10-08
2024-10-08 13:00:00,"415,38607465117065","578,119995",4,2,2024-10-08
2024-10-08 14:00:00,"512,8360292364333","754,539978",4,2,2024-10-08
2024-10-08 15:00:00,"590,664536559891","942,080017",4,2,2024-10-08
2024-10-08 16:00:00,"618,2549704323163","1168,97998",4,2,2024-10-08
2024-10-08 17:00:00,"588,737177821123","1254,209961",4,2,2024-10-08
2024-10-08 18:00:00,"516,0827089632015","853,119995",4,2,2024-10-08
2024-10-08 19:00:00,"453,2059401323258","707,640015",4,2,2024-10-08
2024-10-08 20:00:00,"417,9218967351831","645,75",4,2,2024-10-08
2024-10-08 21:00:00,"367,7356314770354","504,070007",4,2,2024-10-08
2024-10-08 22:00:00,"330,4904576697304","461,859985",4,2,2024-10-08
2024-10-08 23:00:00,"316,9974139533661","447,459991",4,2,2024-10-08
2024-10-09 00:00:00,"288,8153220178968","428,670013",4,2,2024-10-09
2024-10-09 01:00:00,"282,58394139141296","405,100006",4,2,2024-10-09
2024-10-09 02:00:00,"274,8535841448372","427,480011",4,2,2024-10-09
2024-10-09 03:00:00,"287,0875825555467","476,329987",4,2,2024-10-09
2024-10-09 04:00:00,"324,77314110381474","646,590027",4,2,2024-10-09
2024-10-09 05:00:00,"389,86812033818495","829,22998",4,2,2024-10-09
2024-10-09 06:00:00,"504,40311793725084","827,659973",4,2,2024-10-09
2024-10-09 07:00:00,"573,2306217508727","648,820007",4,2,2024-10-09
2024-10-09 08:00:00,"578,7499814318066","537,630005",4,2,2024-10-09
2024-10-09 09:00:00,"588,6797672347083","446,720001",4,2,2024-10-09
2024-10-09 10:00:00,"576,8082090318892","445,970001",4,2,2024-10-09
2024-10-09 11:00:00,"571,6067097909406","446,350006",4,2,2024-10-09
2024-10-09 12:00:00,"554,1685757650716","504,369995",4,2,2024-10-09
2024-10-09 13:00:00,"578,9032008762148","575,51001",4,2,2024-10-09
2024-10-09 14:00:00,"636,2023907464041","708,48999",4,2,2024-10-09
2024-10-09 15:00:00,"664,2616883697975","875,909973",4,2,2024-10-09
2024-10-09 16:00:00,"680,8495243849179","913,799988",4,2,2024-10-09
2024-10-09 17:00:00,"664,4986502180785","948,030029",4,2,2024-10-09
2024-10-09 18:00:00,"597,1824690618815","828,179993",4,2,2024-10-09
2024-10-09 19:00:00,"522,6314332824331","714,450012",4,2,2024-10-09
2024-10-09 20:00:00,"456,54912033048396","709,22998",4,2,2024-10-09
2024-10-09 21:00:00,"427,6646407239362","614,070007",4,2,2024-10-09
2024-10-09 22:00:00,"355,15655641203404","456,399994",4,2,2024-10-09
2024-10-09 23:00:00,"309,4897240567201","349,73999",4,2,2024-10-09
2024-10-10 00:00:00,"283,0658135198347","281,559998",4,2,2024-10-10
2024-10-10 01:00:00,"261,7377299942005","238,679993",4,2,2024-10-10
2024-10-10 02:00:00,"262,64915481248556","221,070007",4,2,2024-10-10
2024-10-10 03:00:00,"274,9761420873378","295,359985",4,2,2024-10-10
2024-10-10 04:00:00,"296,2700010372054","463,179993",4,2,2024-10-10
2024-10-10 05:00:00,"351,31313647661506","633,23999",4,2,2024-10-10
2024-10-10 06:00:00,"413,37446823106154","600,119995",4,2,2024-10-10
2024-10-10 07:00:00,"445,42167191884795","503,459991",4,2,2024-10-10
2024-10-10 08:00:00,"434,6069754046297","387,920013",4,2,2024-10-10
2024-10-10 09:00:00,"396,5351832743897","290,369995",4,2,2024-10-10
2024-10-10 10:00:00,"371,3662068399672","163,270004",4,2,2024-10-10
2024-10-10 11:00:00,"348,4426355969027","118,889999",4,2,2024-10-10
2024-10-10 12:00:00,"341,9934603521193","149,25",4,2,2024-10-10
2024-10-10 13:00:00,"378,8705822587436","277,309998",4,2,2024-10-10
2024-10-10 14:00:00,"455,5289237419519","277,309998",4,2,2024-10-10
2024-10-10 15:00:00,"477,35188363492676","285,140015",4,2,2024-10-10
2024-10-10 16:00:00,"512,6596630403869","294,470001",4,2,2024-10-10
2024-10-10 17:00:00,"477,78389580280117","288,200012",4,2,2024-10-10
2024-10-10 18:00:00,"421,01526283071416","274,630005",4,2,2024-10-10
2024-10-10 19:00:00,"367,8621595725409","186,759995",4,2,2024-10-10
2024-10-10 20:00:00,"304,7628006477585","100,540001",4,2,2024-10-10
2024-10-10 21:00:00,"272,66984436189364","24,540001",4,2,2024-10-10
2024-10-10 22:00:00,"234,44339217462678","24,389999",4,2,2024-10-10
2024-10-10 23:00:00,"234,27765926238783","24,389999",4,2,2024-10-10
2024-10-11 00:00:00,"191,9247736695766","24,459999",4,2,2024-10-11
2024-10-11 01:00:00,"186,49410624223393","24,389999",4,2,2024-10-11
2024-10-11 02:00:00,"188,30261223316504","24,389999",4,2,2024-10-11
2024-10-11 03:00:00,"198,32440364403234","24,459999",4,2,2024-10-11
2024-10-11 04:00:00,"213,92804610341696","252,839996",4,2,2024-10-11
2024-10-11 05:00:00,"285,7275574567066","439,230011",4,2,2024-10-11
2024-10-11 06:00:00,"308,4300493675781","593,919983",4,2,2024-10-11
2024-10-11 07:00:00,"334,97344247246997","400,670013",4,2,2024-10-11
2024-10-11 08:00:00,"330,97503580564745","367,859985",4,2,2024-10-11
2024-10-11 09:00:00,"307,48921640784323","183,929993",4,2,2024-10-11
2024-10-11 10:00:00,"277,80729011989064","156,929993",4,2,2024-10-11
2024-10-11 11:00:00,"252,1118579020348","252,990005",4,2,2024-10-11
2024-10-11 12:00:00,"255,1452573592393","251,949997",4,2,2024-10-11
2024-10-11 13:00:00,"270,8496342200696","298,119995",4,2,2024-10-11
2024-10-11 14:00:00,"299,93264289232894","298,859985",4,2,2024-10-11
2024-10-11 15:00:00,"354,53198348807024","496,660004",4,2,2024-10-11
2024-10-11 16:00:00,"377,46626325398506","939,330017",4,2,2024-10-11
2024-10-11 17:00:00,"358,9973216099153","1208,060059",4,2,2024-10-11
2024-10-11 18:00:00,"293,9156393309133","895,02002",4,2,2024-10-11
2024-10-11 19:00:00,"234,1811726290501","744,289978",4,2,2024-10-11
2024-10-11 20:00:00,"227,48196696191968","733,98999",4,2,2024-10-11
2024-10-11 21:00:00,"202,7964763933743","655,080017",4,2,2024-10-11
2024-10-11 22:00:00,"203,07580219801625","672,190002",4,2,2024-10-11
2024-10-11 23:00:00,"211,33688210214268","592,580017",4,2,2024-10-11
2024-10-12 00:00:00,"206,6759554005008","563,929993",4,2,2024-10-12
2024-10-12 01:00:00,"198,10759881656412","559,75",4,2,2024-10-12
2024-10-12 02:00:00,"196,23436265753404","536,619995",4,2,2024-10-12
2024-10-12 03:00:00,"205,73204042595754","506,619995",4,2,2024-10-12
2024-10-12 04:00:00,"223,28943436196772","534,460022",4,2,2024-10-12
2024-10-12 05:00:00,"246,49644391448817","400,149994",4,2,2024-10-12
2024-10-12 06:00:00,"240,3283977492371","378,359985",4,2,2024-10-12
2024-10-12 07:00:00,"224,240647028275","310,910004",4,2,2024-10-12
2024-10-12 08:00:00,"267,77079597297006","263,390015",4,2,2024-10-12
2024-10-12 09:00:00,"267,13793581653835","255,770004",4,2,2024-10-12
2024-10-12 10:00:00,"264,5299023253197","184,970001",4,2,2024-10-12
2024-10-12 11:00:00,"265,2347775032076","106,919998",4,2,2024-10-12
2024-10-12 12:00:00,"281,5556354382504","174,149994",4,2,2024-10-12
2024-10-12 13:00:00,"302,80438061484165","263,459991",4,2,2024-10-12
2024-10-12 14:00:00,"358,34010530956687","218,990005",4,2,2024-10-12
2024-10-12 15:00:00,"437,9374331177054","423,799988",4,2,2024-10-12
2024-10-12 16:00:00,"481,8385141258123","361,950012",4,2,2024-10-12
2024-10-12 17:00:00,"490,5208189234878","299,049988",4,2,2024-10-12
2024-10-12 18:00:00,"431,48322118083706","207,429993",4,2,2024-10-12
2024-10-12 19:00:00,"379,41081115965915","134,899994",4,2,2024-10-12
2024-10-12 20:00:00,"322,4637248753653","102,220001",4,2,2024-10-12
2024-10-12 21:00:00,"270,64500582184536","41,779999",4,2,2024-10-12
2024-10-12 22:00:00,"237,454353918594","0,0",4,2,2024-10-12
2024-10-12 23:00:00,"238,07178872971795","-0,07",4,2,2024-10-12
2024-10-13 00:00:00,"204,14599274999523","-0,52",4,2,2024-10-13
2024-10-13 01:00:00,"211,01792348069173","-2,76",4,2,2024-10-13
2024-10-13 02:00:00,"206,4436587281348","-3,81",4,2,2024-10-13
2024-10-13 03:00:00,"208,29937849354835","-0,67",4,2,2024-10-13
2024-10-13 04:00:00,"218,4314997709927","-0,07",4,2,2024-10-13
2024-10-13 05:00:00,"255,40455708098793","0,15",4,2,2024-10-13
2024-10-13 06:00:00,"281,4537848116713","20,52",4,2,2024-10-13
2024-10-13 07:00:00,"271,2526805500502","29,1",4,2,2024-10-13
2024-10-13 08:00:00,"264,0157534141078","36,630001",4,2,2024-10-13
2024-10-13 09:00:00,"266,73671321983323","46,330002",4,2,2024-10-13
2024-10-13 10:00:00,"265,94084104111283","47,599998",4,2,2024-10-13
2024-10-13 11:00:00,"252,6886857056809","52,970001",4,2,2024-10-13
2024-10-13 12:00:00,"264,52233876571063","59,09",4,2,2024-10-13
2024-10-13 13:00:00,"272,16571388300895","94,610001",4,2,2024-10-13
2024-10-13 14:00:00,"298,3450968602867","118,260002",4,2,2024-10-13
2024-10-13 15:00:00,"319,87544535871814","156,240005",4,2,2024-10-13
2024-10-13 16:00:00,"322,8378537203498","260,920013",4,2,2024-10-13
2024-10-13 17:00:00,"283,57887686257044","373,799988",4,2,2024-10-13
2024-10-13 18:00:00,"223,710273332806","294,790009",4,2,2024-10-13
2024-10-13 19:00:00,"193,29905833936365","286,730011",4,2,2024-10-13
2024-10-13 20:00:00,"173,48670441351007","299,410004",4,2,2024-10-13
2024-10-13 21:00:00,"153,24658389700866","274,640015",4,2,2024-10-13
2024-10-13 22:00:00,"150,05250880999324","276,809998",4,2,2024-10-13
2024-10-13 23:00:00,"153,79709315985315","263,0",4,2,2024-10-13
2024-10-14 00:00:00,"196,82897616161932","262,410004",4,3,2024-10-14
2024-10-14 01:00:00,"189,50690259874332","256,359985",4,3,2024-10-14
2024-10-14 02:00:00,"205,10773039847732","293,450012",4,3,2024-10-14
2024-10-14 03:00:00,"223,2709229487548","464,079987",4,3,2024-10-14
2024-10-14 04:00:00,"234,275410827059","736,710022",4,3,2024-10-14
2024-10-14 05:00:00,"270,9584084332345","973,900024",4,3,2024-10-14
2024-10-14 06:00:00,"319,1469533993222","1142,449951",4,3,2024-10-14
2024-10-14 07:00:00,"302,7450866075607","879,960022",4,3,2024-10-14
2024-10-14 08:00:00,"291,60706112178957","753,200012",4,3,2024-10-14
2024-10-14 09:00:00,"270,5927819417098","695,599976",4,3,2024-10-14
2024-10-14 10:00:00,"267,0953422035641","643,450012",4,3,2024-10-14
2024-10-14 11:00:00,"267,20561961891195","616,289978",4,3,2024-10-14
2024-10-14 12:00:00,"274,5779810352365","553,320007",4,3,2024-10-14
2024-10-14 13:00:00,"297,09351995294116","649,710022",4,3,2024-10-14
2024-10-14 14:00:00,"330,2844812477469","789,309998",4,3,2024-10-14
2024-10-14 15:00:00,"365,72959020705736","1182,660034",4,3,2024-10-14
2024-10-14 16:00:00,"417,84306649882285","1865,280029",4,3,2024-10-14
2024-10-14 17:00:00,"426,11707223500724","1964,290039",4,3,2024-10-14
2024-10-14 18:00:00,"380,28836900057365","1178,859985",4,3,2024-10-14
2024-10-14 19:00:00,"354,25755606219","851,460022",4,3,2024-10-14
2024-10-14 20:00:00,"325,12187325774846","743,580017",4,3,2024-10-14
2024-10-14 21:00:00,"324,530037313676","707,309998",4,3,2024-10-14
2024-10-14 22:00:00,"326,59858056201665","680,679993",4,3,2024-10-14
2024-10-14 23:00:00,"309,33894568645945","645,320007",4,3,2024-10-14
2024-10-15 00:00:00,"247,1093727689903","659,190002",4,3,2024-10-15
2024-10-15 01:00:00,"225,6497310175674","627,039978",4,3,2024-10-15
2024-10-15 02:00:00,"234,06562314193962","602,859985",4,3,2024-10-15
2024-10-15 03:00:00,"275,6725174791902","667,849976",4,3,2024-10-15
2024-10-15 04:00:00,"315,12076748043756","854,530029",4,3,2024-10-15
2024-10-15 05:00:00,"346,3848505998562","1383,22998",4,3,2024-10-15
2024-10-15 06:00:00,"394,8841639922204","1317,719971",4,3,2024-10-15
2024-10-15 07:00:00,"417,41906759082883","824,76001",4,3,2024-10-15
2024-10-15 08:00:00,"422,10143001856903","692,02002",4,3,2024-10-15
2024-10-15 09:00:00,"415,4383523360309","619,650024",4,3,2024-10-15
2024-10-15 10:00:00,"412,1944014590349","585,47998",4,3,2024-10-15
2024-10-15 11:00:00,"411,5342768010967","535,340027",4,3,2024-10-15
2024-10-15 12:00:00,"407,0579606422918","566,299988",4,3,2024-10-15
2024-10-15 13:00:00,"417,282691008857","621,960022",4,3,2024-10-15
2024-10-15 14:00:00,"508,69197226992","664,27002",4,3,2024-10-15
2024-10-15 15:00:00,"591,1699420612628","900,48999",4,3,2024-10-15
2024-10-15 16:00:00,"612,5663464496649","1020,609985",4,3,2024-10-15
2024-10-15 17:00:00,"584,7791618597245","726,049988",4,3,2024-10-15
2024-10-15 18:00:00,"512,8311761173637","568,98999",4,3,2024-10-15
2024-10-15 19:00:00,"448,91678519058524","497,290009",4,3,2024-10-15
2024-10-15 20:00:00,"387,31459852450695","445,059998",4,3,2024-10-15
2024-10-15 21:00:00,"354,9631577096831","304,269989",4,3,2024-10-15
2024-10-15 22:00:00,"318,97385416088713","174,210007",4,3,2024-10-15
2024-10-15 23:00:00,"299,3439305927017","95,5",4,3,2024-10-15
2024-10-16 00:00:00,"284,8423070749391","39,540001",4,3,2024-10-16
2024-10-16 01:00:00,"279,1516442602944","26,93",4,3,2024-10-16
2024-10-16 02:00:00,"265,0783748669238","24,25",4,3,2024-10-16
2024-10-16 03:00:00,"274,4317509650605","61,18",4,3,2024-10-16
2024-10-16 04:00:00,"298,6442365871768","301,049988",4,3,2024-10-16
2024-10-16 05:00:00,"355,1707695889912","353,720001",4,3,2024-10-16
2024-10-16 06:00:00,"439,90779136645654","406,23999",4,3,2024-10-16
2024-10-16 07:00:00,"508,0249478046329","354,76001",4,3,2024-10-16
2024-10-16 08:00:00,"551,2658514070722","199,059998",4,3,2024-10-16
2024-10-16 09:00:00,"562,4896010324242","105,650002",4,3,2024-10-16
2024-10-16 10:00:00,"546,8687203246105","30,51",4,3,2024-10-16
2024-10-16 11:00:00,"538,9066573365966","22,01",4,3,2024-10-16
2024-10-16 12:00:00,"528,0912533389561","30,809999",4,3,2024-10-16
2024-10-16 13:00:00,"549,3263657956755","104,830002",4,3,2024-10-16
2024-10-16 14:00:00,"599,4448992116444","123,550003",4,3,2024-10-16
2024-10-16 15:00:00,"616,9621446787484","263,0",4,3,2024-10-16
2024-10-16 16:00:00,"645,7397938983686","277,470001",4,3,2024-10-16
2024-10-16 17:00:00,"609,1763246180055","272,470001",4,3,2024-10-16
2024-10-16 18:00:00,"539,8553828293275","267,470001",4,3,2024-10-16
2024-10-16 19:00:00,"482,42516267878614","85,730003",4,3,2024-10-16
2024-10-16 20:00:00,"406,54569763660174","37,830002",4,3,2024-10-16
2024-10-16 21:00:00,"354,7811194581031","37,75",4,3,2024-10-16
2024-10-16 22:00:00,"305,25908537973146","24,549999",4,3,2024-10-16
2024-10-16 23:00:00,"277,1471418755189","24,549999",4,3,2024-10-16
2024-10-17 00:00:00,"258,11544081635896","24,549999",4,3,2024-10-17
2024-10-17 01:00:00,"254,813998579512","24,469999",4,3,2024-10-17
2024-10-17 02:00:00,"256,7179863746368","24,4",4,3,2024-10-17
2024-10-17 03:00:00,"263,1333730032776","24,469999",4,3,2024-10-17
2024-10-17 04:00:00,"282,91929249382565","261,730011",4,3,2024-10-17
2024-10-17 05:00:00,"327,0085571486513","298,660004",4,3,2024-10-17
2024-10-17 06:00:00,"397,6228522271817","306,790009",4,3,2024-10-17
2024-10-17 07:00:00,"414,86636282974354","301,869995",4,3,2024-10-17
2024-10-17 08:00:00,"406,386086276234","286,940002",4,3,2024-10-17
2024-10-17 09:00:00,"392,2789004122289","287,089996",4,3,2024-10-17
2024-10-17 10:00:00,"362,8357595915207","290,670013",4,3,2024-10-17
2024-10-17 11:00:00,"332,4749288805514","305,299988",4,3,2024-10-17
2024-10-17 12:00:00,"338,88186267897765","322,980011",4,3,2024-10-17
2024-10-17 13:00:00,"375,9776346326793","474,140015",4,3,2024-10-17
2024-10-17 14:00:00,"453,67622370815025","691,469971",4,3,2024-10-17
2024-10-17 15:00:00,"476,67221245367637","893,059998",4,3,2024-10-17
2024-10-17 16:00:00,"519,6898208891878","1292,290039",4,3,2024-10-17
2024-10-17 17:00:00,"482,59814915125","1275,810059",4,3,2024-10-17
2024-10-17 18:00:00,"417,39418399561293","876,650024",4,3,2024-10-17
2024-10-17 19:00:00,"368,18562703869895","729,75",4,3,2024-10-17
2024-10-17 20:00:00,"309,5021157393498","664,390015",4,3,2024-10-17
2024-10-17 21:00:00,"290,24234856093847","613,359985",4,3,2024-10-17
2024-10-17 22:00:00,"244,8159951432256","603,929993",4,3,2024-10-17
2024-10-17 23:00:00,"252,3070936255755","605,5",4,3,2024-10-17
2024-10-18 00:00:00,"220,8351172488818","617,210022",4,3,2024-10-18
2024-10-18 01:00:00,"219,4307010644956","588,190002",4,3,2024-10-18
2024-10-18 02:00:00,"220,74860388253933","605,72998",4,3,2024-10-18
2024-10-18 03:00:00,"230,17823150750792","629,22998",4,3,2024-10-18
2024-10-18 04:00:00,"239,40828354021104","737,780029",4,3,2024-10-18
2024-10-18 05:00:00,"291,6953841109334","1117,449951",4,3,2024-10-18
2024-10-18 06:00:00,"323,0580049284472","1165,640015",4,3,2024-10-18
2024-10-18 07:00:00,"356,30349839691","828,130005",4,3,2024-10-18
2024-10-18 08:00:00,"344,82898967755125","714,429993",4,3,2024-10-18
2024-10-18 09:00:00,"321,04661573063476","636,390015",4,3,2024-10-18
2024-10-18 10:00:00,"295,5408652603088","618,929993",4,3,2024-10-18
2024-10-18 11:00:00,"287,11101527153846","598,340027",4,3,2024-10-18
2024-10-18 12:00:00,"259,605590766617","605,72998",4,3,2024-10-18
2024-10-18 13:00:00,"276,13616966083384","629,22998",4,3,2024-10-18
2024-10-18 14:00:00,"295,103131971441","770,599976",4,3,2024-10-18
2024-10-18 15:00:00,"357,38738998208254","997,26001",4,3,2024-10-18
2024-10-18 16:00:00,"382,35927306291404","1352,459961",4,3,2024-10-18
2024-10-18 17:00:00,"377,83238387039535","1063,72998",4,3,2024-10-18
2024-10-18 18:00:00,"338,1654704956514","770,309998",4,3,2024-10-18
2024-10-18 19:00:00,"287,72148335998054","722,409973",4,3,2024-10-18
2024-10-18 20:00:00,"255,82458710930794","695,77002",4,3,2024-10-18
2024-10-18 21:00:00,"236,35202708526643","638,179993",4,3,2024-10-18
2024-10-18 22:00:00,"226,0216847230979","649,27002",4,3,2024-10-18
2024-10-18 23:00:00,"233,1498489549217","619,210022",4,3,2024-10-18
2024-10-19 00:00:00,"215,067590806062","595,940002",4,3,2024-10-19
2024-10-19 01:00:00,"207,3563040243891","561,27002",4,3,2024-10-19
2024-10-19 02:00:00,"208,92077969871534","565,809998",4,3,2024-10-19
2024-10-19 03:00:00,"220,5926837231298","572,530029",4,3,2024-10-19
2024-10-19 04:00:00,"228,66208351408443","596,619995",4,3,2024-10-19
2024-10-19 05:00:00,"248,82796321749043","685,440002",4,3,2024-10-19
2024-10-19 06:00:00,"249,4710458584677","668,659973",4,3,2024-10-19
2024-10-19 07:00:00,"231,97032471177442","630,919983",4,3,2024-10-19
2024-10-19 08:00:00,"281,0546187907671","587,669983",4,3,2024-10-19
2024-10-19 09:00:00,"280,8103864441738","546,799988",4,3,2024-10-19
2024-10-19 10:00:00,"278,8312768917786","493,399994",4,3,2024-10-19
2024-10-19 11:00:00,"275,1510946567609","454,619995",4,3,2024-10-19
2024-10-19 12:00:00,"290,5279110083618","476,470001",4,3,2024-10-19
2024-10-19 13:00:00,"309,4503505997231","589,679993",4,3,2024-10-19
2024-10-19 14:00:00,"373,32084906619593","731,52002",4,3,2024-10-19
2024-10-19 15:00:00,"468,31571488046546","813,929993",4,3,2024-10-19
2024-10-19 16:00:00,"513,4904290798667","1012,900024",4,3,2024-10-19
2024-10-19 17:00:00,"526,0043246603678","886,940002",4,3,2024-10-19
2024-10-19 18:00:00,"468,20317190978636","721,900024",4,3,2024-10-19
2024-10-19 19:00:00,"428,5653579600805","672,530029",4,3,2024-10-19
2024-10-19 20:00:00,"335,4044247572135","625,179993",4,3,2024-10-19
2024-10-19 21:00:00,"303,27516032981583","546,869995",4,3,2024-10-19
2024-10-19 22:00:00,"274,3898392826056","403,059998",4,3,2024-10-19
2024-10-19 23:00:00,"250,94495323228236","409,470001",4,3,2024-10-19
2024-10-20 00:00:00,"216,23673556654015","407,079987",4,3,2024-10-20
2024-10-20 01:00:00,"221,23276463152692","417,0",4,3,2024-10-20
2024-10-20 02:00:00,"217,89438853567518","444,450012",4,3,2024-10-20
2024-10-20 03:00:00,"225,30034727315032","241,880005",4,3,2024-10-20
2024-10-20 04:00:00,"234,1582939644759","240,389999",4,3,2024-10-20
2024-10-20 05:00:00,"265,41088040157354","291,329987",4,3,2024-10-20
2024-10-20 06:00:00,"290,7865994159063","359,950012",4,3,2024-10-20
2024-10-20 07:00:00,"270,1434737885716","341,230011",4,3,2024-10-20
2024-10-20 08:00:00,"262,1812447464335","47,509998",4,3,2024-10-20
2024-10-20 09:00:00,"261,7733892003868","0,6",4,3,2024-10-20
2024-10-20 10:00:00,"258,0092590048295","0,0",4,3,2024-10-20
2024-10-20 11:00:00,"249,41327322495522","-7,31",4,3,2024-10-20
2024-10-20 12:00:00,"256,41422036803675","-14,99",4,3,2024-10-20
2024-10-20 13:00:00,"270,4070130459641","0,0",4,3,2024-10-20
2024-10-20 14:00:00,"292,04904598549007","38,040001",4,3,2024-10-20
2024-10-20 15:00:00,"303,17969329061685","413,570007",4,3,2024-10-20
2024-10-20 16:00:00,"306,3824348163611","318,25",4,3,2024-10-20
2024-10-20 17:00:00,"280,23745625477426","268,950012",4,3,2024-10-20
2024-10-20 18:00:00,"220,46674532814586","252,919998",4,3,2024-10-20
2024-10-20 19:00:00,"191,0113702095112","156,259995",4,3,2024-10-20
2024-10-20 20:00:00,"172,72724155244757","90,620003",4,3,2024-10-20
2024-10-20 21:00:00,"152,4871210359461","14,39",4,3,2024-10-20
2024-10-20 22:00:00,"148,69071063240006","-0,75",4,3,2024-10-20
2024-10-20 23:00:00,"151,79759148722172","-0,75",4,3,2024-10-20
2024-10-21 00:00:00,"38,63942202732564","-1,04",4,4,2024-10-21
2024-10-21 01:00:00,"78,02163478090426","-0,6",4,4,2024-10-21
2024-10-21 02:00:00,"100,57543687135896","-0,3",4,4,2024-10-21
2024-10-21 03:00:00,"121,69284889616785","24,24",4,4,2024-10-21
2024-10-21 04:00:00,"138,4303224033773","32,59",4,4,2024-10-21
2024-10-21 05:00:00,"174,59132803118968","301,170013",4,4,2024-10-21
2024-10-21 06:00:00,"275,0489057137668","292,070007",4,4,2024-10-21
2024-10-21 07:00:00,"275,8210953038603","240,160004",4,4,2024-10-21
2024-10-21 08:00:00,"274,2263284482186","215,399994",4,4,2024-10-21
2024-10-21 09:00:00,"272,1126967448519","208,690002",4,4,2024-10-21
2024-10-21 10:00:00,"271,451280228681","188,479996",4,4,2024-10-21
2024-10-21 11:00:00,"271,451280228681","209,729996",4,4,2024-10-21
2024-10-21 12:00:00,"276,46908462789486","168,710007",4,4,2024-10-21
2024-10-21 13:00:00,"291,57891039723","434,609985",4,4,2024-10-21
2024-10-21 14:00:00,"299,7426293960902","670,289978",4,4,2024-10-21
2024-10-21 15:00:00,"352,5408944961603","969,900024",4,4,2024-10-21
2024-10-21 16:00:00,"398,2208396026468","1582,319946",4,4,2024-10-21
2024-10-21 17:00:00,"407,1311924643112","1404,810059",4,4,2024-10-21
2024-10-21 18:00:00,"363,03591090946196","957,969971",4,4,2024-10-21
2024-10-21 19:00:00,"328,43180235486295","750,320007",4,4,2024-10-21
2024-10-21 20:00:00,"321,67492622524134","729,440002",4,4,2024-10-21
2024-10-21 21:00:00,"310,5833880970571","693,419983",4,4,2024-10-21
2024-10-21 22:00:00,"315,49654306137415","666,929993",4,4,2024-10-21
2024-10-21 23:00:00,"297,9048347943107","652,76001",4,4,2024-10-21
2024-10-22 00:00:00,"249,2408046089209","639,109985",4,4,2024-10-22
2024-10-22 01:00:00,"227,78116285749806","623,52002",4,4,2024-10-22
2024-10-22 02:00:00,"236,19705498187022","619,190002",4,4,2024-10-22
2024-10-22 03:00:00,"274,35700228661364","641,419983",4,4,2024-10-22
2024-10-22 04:00:00,"314,40758760439167","731,960022",4,4,2024-10-22
2024-10-22 05:00:00,"337,603384208732","1182,300049",4,4,2024-10-22
2024-10-22 06:00:00,"400,0656571332278","1268,819946",4,4,2024-10-22
2024-10-22 07:00:00,"427,45610319643066","846,080017",4,4,2024-10-22
2024-10-22 08:00:00,"423,9116491371581","740,02002",4,4,2024-10-22
2024-10-22 09:00:00,"407,5567271451467","654,469971",4,4,2024-10-22
2024-10-22 10:00:00,"405,0419410098262","575,109985",4,4,2024-10-22
2024-10-22 11:00:00,"401,65607054526106","528,650024",4,4,2024-10-22
2024-10-22 12:00:00,"390,48800378821875","548,409973",4,4,2024-10-22
2024-10-22 13:00:00,"406,05350214035616","649,469971",4,4,2024-10-22
2024-10-22 14:00:00,"522,1160697747233","289,380005",4,4,2024-10-22
2024-10-22 15:00:00,"583,6159027108587","759,109985",4,4,2024-10-22
2024-10-22 16:00:00,"589,3235924453012","1043,579956",4,4,2024-10-22
2024-10-22 17:00:00,"553,3210970731301","1176,560059",4,4,2024-10-22
2024-10-22 18:00:00,"462,4522772584531","850,400024",4,4,2024-10-22
2024-10-22 19:00:00,"364,9380628528782","697,72998",4,4,2024-10-22
2024-10-22 20:00:00,"304,77589993359527","713,919983",4,4,2024-10-22
2024-10-22 21:00:00,"276,74658484743907","658,950012",4,4,2024-10-22
2024-10-22 22:00:00,"256,04266588308246","561,400024",4,4,2024-10-22
2024-10-22 23:00:00,"264,23864508007574","620,690002",4,4,2024-10-22
2024-10-23 00:00:00,"264,3666765099552","611,669983",4,4,2024-10-23
2024-10-23 01:00:00,"278,4384643842485","620,539978",4,4,2024-10-23
2024-10-23 02:00:00,"270,70810713767276","639,859985",4,4,2024-10-23
2024-10-23 03:00:00,"282,2717200883967","675,950012",4,4,2024-10-23
2024-10-23 04:00:00,"323,1339637441474","780,950012",4,4,2024-10-23
2024-10-23 05:00:00,"372,5562510003212","1025,329956",4,4,2024-10-23
2024-10-23 06:00:00,"499,9316764722151","1205,72998",4,4,2024-10-23
2024-10-23 07:00:00,"567,0662441873013","957,690002",4,4,2024-10-23
2024-10-23 08:00:00,"575,5997838935393","776,330017",4,4,2024-10-23
2024-10-23 09:00:00,"583,5816303923443","693,700012",4,4,2024-10-23
2024-10-23 10:00:00,"567,0149845631053","600,929993",4,4,2024-10-23
2024-10-23 11:00:00,"563,6714342203576","574,75",4,4,2024-10-23
2024-10-23 12:00:00,"541,9876378774092","562,450012",4,4,2024-10-23
2024-10-23 13:00:00,"559,756482236906","657,830017",4,4,2024-10-23
2024-10-23 14:00:00,"621,4913583169513","696,22998",4,4,2024-10-23
2024-10-23 15:00:00,"659,52037404455","1009,669983",4,4,2024-10-23
2024-10-23 16:00:00,"658,3651277972858","1479,349976",4,4,2024-10-23
2024-10-23 17:00:00,"634,3082301971242","1312,52002",4,4,2024-10-23
2024-10-23 18:00:00,"580,4539777002032","833,080017",4,4,2024-10-23
2024-10-23 19:00:00,"516,9505460303685","754,849976",4,4,2024-10-23
2024-10-23 20:00:00,"451,78522050857674","767,599976",4,4,2024-10-23
2024-10-23 21:00:00,"423,76797814550724","694,73999",4,4,2024-10-23
2024-10-23 22:00:00,"358,6966075234245","647,059998",4,4,2024-10-23
2024-10-23 23:00:00,"311,75705439159435","597,460022",4,4,2024-10-23
2024-10-24 00:00:00,"283,73676874127773","582,469971",4,4,2024-10-24
2024-10-24 01:00:00,"263,2814764189889","564,349976",4,4,2024-10-24
2024-10-24 02:00:00,"264,192901237274","532,200012",4,4,2024-10-24
2024-10-24 03:00:00,"273,00489133616423","597,909973",4,4,2024-10-24
2024-10-24 04:00:00,"293,6964149695012","748,409973",4,4,2024-10-24
2024-10-24 05:00:00,"332,50048796712645","1057,98999",4,4,2024-10-24
2024-10-24 06:00:00,"417,2091997175022","1233,47998",4,4,2024-10-24
2024-10-24 07:00:00,"434,8532404451048","874,820007",4,4,2024-10-24
2024-10-24 08:00:00,"416,3713310232786","760,049988",4,4,2024-10-24
2024-10-24 09:00:00,"402,97939126835166","693,969971",4,4,2024-10-24
2024-10-24 10:00:00,"377,63571641587333","626,169983",4,4,2024-10-24
2024-10-24 11:00:00,"369,7646594804269","590,299988",4,4,2024-10-24
2024-10-24 12:00:00,"349,3853252164018","607,900024",4,4,2024-10-24
2024-10-24 13:00:00,"369,91394342326277","713,72998",4,4,2024-10-24
2024-10-24 14:00:00,"438,2692661292442","866,400024",4,4,2024-10-24
2024-10-24 15:00:00,"454,8969709226021","921,659973",4,4,2024-10-24
2024-10-24 16:00:00,"498,1428408902687","1034,430054",4,4,2024-10-24
2024-10-24 17:00:00,"466,15863238237995","851,630005",4,4,2024-10-24
2024-10-24 18:00:00,"421,22611961328295","720,52002",4,4,2024-10-24
2024-10-24 19:00:00,"370,19819296928","698,369995",4,4,2024-10-24
2024-10-24 20:00:00,"314,86023586360074","670,47998",4,4,2024-10-24
2024-10-24 21:00:00,"274,9545186233375","623,559998",4,4,2024-10-24
2024-10-24 22:00:00,"239,83560277894185","615,460022",4,4,2024-10-24
2024-10-24 23:00:00,"243,67269847441926","612,25",4,4,2024-10-24
2024-10-25 00:00:00,"210,50593068324164","594,48999",4,4,2024-10-25
2024-10-25 01:00:00,"212,93223547747093","616,200012",4,4,2024-10-25
2024-10-25 02:00:00,"214,85247361204534","630,150024",4,4,2024-10-25
2024-10-25 03:00:00,"220,27752776869076","705,650024",4,4,2024-10-25
2024-10-25 04:00:00,"233,51215326971706","812,700012",4,4,2024-10-25
2024-10-25 05:00:00,"284,9022763259196","923,190002",4,4,2024-10-25
2024-10-25 06:00:00,"322,3448250524013","1123,410034",4,4,2024-10-25
2024-10-25 07:00:00,"358,4805814967172","913,340027",4,4,2024-10-25
2024-10-25 08:00:00,"336,2876737863707","806,809998",4,4,2024-10-25
2024-10-25 09:00:00,"315,86388215279584","700,5",4,4,2024-10-25
2024-10-25 10:00:00,"288,96742660069884","604,859985",4,4,2024-10-25
2024-10-25 11:00:00,"263,38372652648656","583,22998",4,4,2024-10-25
2024-10-25 12:00:00,"258,8924108905711","615,22998",4,4,2024-10-25
2024-10-25 13:00:00,"270,9534360829949","741,01001",4,4,2024-10-25
2024-10-25 14:00:00,"294,3899520953951","880,51001",4,4,2024-10-25
2024-10-25 15:00:00,"339,5203600205948","1184,140015",4,4,2024-10-25
2024-10-25 16:00:00,"380,4544238926643","1695,829956",4,4,2024-10-25
2024-10-25 17:00:00,"377,11920399434945","1379,0",4,4,2024-10-25
2024-10-25 18:00:00,"342,293207022184","924,01001",4,4,2024-10-25
2024-10-25 19:00:00,"287,00830348393464","867,530029",4,4,2024-10-25
2024-10-25 20:00:00,"255,11140723326204","850,150024",4,4,2024-10-25
2024-10-25 21:00:00,"235,6388472092206","801,210022",4,4,2024-10-25
2024-10-25 22:00:00,"232,78741467225194","860,150024",4,4,2024-10-25
2024-10-25 23:00:00,"234,43297376547787","818,0",4,4,2024-10-25
2024-10-26 00:00:00,"214,35441093001614","797,929993",4,4,2024-10-26
2024-10-26 01:00:00,"206,6431241483432","804,200012",4,4,2024-10-26
2024-10-26 02:00:00,"211,05221153864593","788,599976",4,4,2024-10-26
2024-10-26 03:00:00,"219,8795038470839","796,960022",4,4,2024-10-26
2024-10-26 04:00:00,"227,9489036380386","850,0",4,4,2024-10-26
2024-10-26 05:00:00,"244,87946714845316","937,890015",4,4,2024-10-26
2024-10-26 06:00:00,"248,75786598242186","940,059998",4,4,2024-10-26
2024-10-26 07:00:00,"247,12352664625433","877,159973",4,4,2024-10-26
2024-10-26 08:00:00,"287,66496749698035","756,450012",4,4,2024-10-26
2024-10-26 09:00:00,"290,1985926357627","607,900024",4,4,2024-10-26
2024-10-26 10:00:00,"286,7793130508572","509,940002",4,4,2024-10-26
2024-10-26 11:00:00,"280,5822666044914","472,269989",4,4,2024-10-26
2024-10-26 12:00:00,"296,4551104382886","481,589996",4,4,2024-10-26
2024-10-26 13:00:00,"330,4640709276851","607,599976",4,4,2024-10-26
2024-10-26 14:00:00,"385,8739798018129","750,549988",4,4,2024-10-26
2024-10-26 15:00:00,"465,83220999282923","938,039978",4,4,2024-10-26
2024-10-26 16:00:00,"516,583593936079","1125,829956",4,4,2024-10-26
2024-10-26 17:00:00,"535,9811829644007","885,890015",4,4,2024-10-26
2024-10-26 18:00:00,"485,3074511567232","719,809998",4,4,2024-10-26
2024-10-26 19:00:00,"450,37559374789976","662,219971",4,4,2024-10-26
2024-10-26 20:00:00,"374,42265645806435","652,820007",4,4,2024-10-26
2024-10-26 21:00:00,"323,6549788631378","571,719971",4,4,2024-10-26
2024-10-26 22:00:00,"279,38620967382894","688,119995",4,4,2024-10-26
2024-10-26 23:00:00,"241,26710231254023","626,780029",4,4,2024-10-26
2024-10-27 00:00:00,"211,71999763716823","613,570007",4,4,2024-10-27
2024-10-27 01:00:00,"217,2249673245571","600,140015",4,4,2024-10-27
2024-10-27 02:00:00,"213,88659122870536","592,530029",4,4,2024-10-27
2024-10-27 03:00:00,"221,2925499661805","587,900024",4,4,2024-10-27
2024-10-27 04:00:00,"226,5253604996831","635,289978",4,4,2024-10-27
2024-10-27 05:00:00,"258,02271498722655","665,659973",4,4,2024-10-27
2024-10-27 06:00:00,"285,43242101060974","657,0",4,4,2024-10-27
2024-10-27 07:00:00,"274,7629092615589","629,320007",4,4,2024-10-27
2024-10-27 08:00:00,"269,9388300477147","496,049988",4,4,2024-10-27
2024-10-27 09:00:00,"276,7415814890938","408,299988",4,4,2024-10-27
2024-10-27 10:00:00,"277,13462677791864","317,119995",4,4,2024-10-27
2024-10-27 11:00:00,"269,4884610486783","298,390015",4,4,2024-10-27
2024-10-27 12:00:00,"265,6761132943828","298,470001",4,4,2024-10-27
2024-10-27 13:00:00,"270,1336716228932","480,01001",4,4,2024-10-27
2024-10-27 14:00:00,"286,33402566098675","753,109985",4,4,2024-10-27
2024-10-27 15:00:00,"297,80286765375985","878,97998",4,4,2024-10-27
2024-10-27 16:00:00,"307,6452421234169","1106,569946",4,4,2024-10-27
2024-10-27 17:00:00,"286,43988761632426","1087,23999",4,4,2024-10-27
2024-10-27 18:00:00,"239,13789451984027","973,52002",4,4,2024-10-27
2024-10-27 19:00:00,"218,1308725764802","881,299988",4,4,2024-10-27
2024-10-27 20:00:00,"215,9387516104822","831,159973",4,4,2024-10-27
2024-10-27 21:00:00,"216,09574215815218","820,48999",4,4,2024-10-27
2024-10-27 22:00:00,"229,85960969867577","651,109985",4,4,2024-10-27
2024-10-27 23:00:00,"229,63127566463368","713,340027",4,4,2024-10-27
