Time,Prediction,DKPrice,fold,week,Date
2024-01-01 00:00:00,"658,9000591376441","212,160004",1,1,2024-01-01
2024-01-01 01:00:00,"727,6613028911116","198,740005",1,1,2024-01-01
2024-01-01 02:00:00,"806,7099182808447","182,490005",1,1,2024-01-01
2024-01-01 03:00:00,"835,1501666428902","178,990005",1,1,2024-01-01
2024-01-01 04:00:00,"835,1501666428902","118,379997",1,1,2024-01-01
2024-01-01 05:00:00,"835,1501666428902","118,309998",1,1,2024-01-01
2024-01-01 06:00:00,"835,1501666428902","164,300003",1,1,2024-01-01
2024-01-01 07:00:00,"835,1501666428902","189,5",1,1,2024-01-01
2024-01-01 08:00:00,"835,1501666428902","240,119995",1,1,2024-01-01
2024-01-01 09:00:00,"835,1501666428902","308,179993",1,1,2024-01-01
2024-01-01 10:00:00,"835,1501666428902","324,359985",1,1,2024-01-01
2024-01-01 11:00:00,"835,1501666428902","320,700012",1,1,2024-01-01
2024-01-01 12:00:00,"835,1501666428902","330,170013",1,1,2024-01-01
2024-01-01 13:00:00,"835,1501666428902","344,709991",1,1,2024-01-01
2024-01-01 14:00:00,"835,1501666428902","377,290009",1,1,2024-01-01
2024-01-01 15:00:00,"835,1501666428902","443,329987",1,1,2024-01-01
2024-01-01 16:00:00,"835,1501666428902","484,480011",1,1,2024-01-01
2024-01-01 17:00:00,"835,1501666428902","460,26001",1,1,2024-01-01
2024-01-01 18:00:00,"835,1501666428902","410,529999",1,1,2024-01-01
2024-01-01 19:00:00,"835,1501666428902","357,899994",1,1,2024-01-01
2024-01-01 20:00:00,"835,1501666428902","328,079987",1,1,2024-01-01
2024-01-01 21:00:00,"835,1501666428902","336,959991",1,1,2024-01-01
2024-01-01 22:00:00,"835,1501666428902","283,279999",1,1,2024-01-01
2024-01-01 23:00:00,"835,1501666428902","283,279999",1,1,2024-01-01
2024-01-02 00:00:00,"835,1501666428902","250,179993",1,1,2024-01-02
2024-01-02 01:00:00,"835,1501666428902","238,779999",1,1,2024-01-02
2024-01-02 02:00:00,"835,1501666428902","240,710007",1,1,2024-01-02
2024-01-02 03:00:00,"835,1501666428902","273,589996",1,1,2024-01-02
2024-01-02 04:00:00,"835,1501666428902","311,01001",1,1,2024-01-02
2024-01-02 05:00:00,"835,1501666428902","366,630005",1,1,2024-01-02
2024-01-02 06:00:00,"835,1501666428902","437,970001",1,1,2024-01-02
2024-01-02 07:00:00,"835,1501666428902","489,549988",1,1,2024-01-02
2024-01-02 08:00:00,"835,1501666428902","492,829987",1,1,2024-01-02
2024-01-02 09:00:00,"835,1501666428902","514,22998",1,1,2024-01-02
2024-01-02 10:00:00,"835,1501666428902","548,219971",1,1,2024-01-02
2024-01-02 11:00:00,"835,1501666428902","582,659973",1,1,2024-01-02
2024-01-02 12:00:00,"835,1501666428902","587,960022",1,1,2024-01-02
2024-01-02 13:00:00,"835,1501666428902","590,719971",1,1,2024-01-02
2024-01-02 14:00:00,"835,1501666428902","596,080017",1,1,2024-01-02
2024-01-02 15:00:00,"835,1501666428902","607,26001",1,1,2024-01-02
2024-01-02 16:00:00,"835,1501666428902","603,23999",1,1,2024-01-02
2024-01-02 17:00:00,"835,1501666428902","558,72998",1,1,2024-01-02
2024-01-02 18:00:00,"835,1501666428902","470,98999",1,1,2024-01-02
2024-01-02 19:00:00,"835,1501666428902","425,73999",1,1,2024-01-02
2024-01-02 20:00:00,"835,1501666428902","358,130005",1,1,2024-01-02
2024-01-02 21:00:00,"835,1501666428902","298,190002",1,1,2024-01-02
2024-01-02 22:00:00,"835,1501666428902","223,639999",1,1,2024-01-02
2024-01-02 23:00:00,"835,1501666428902","149,100006",1,1,2024-01-02
2024-01-03 00:00:00,"835,1501666428902","118,309998",1,1,2024-01-03
2024-01-03 01:00:00,"835,1501666428902","118,389999",1,1,2024-01-03
2024-01-03 02:00:00,"835,1501666428902","118,389999",1,1,2024-01-03
2024-01-03 03:00:00,"835,1501666428902","118,830002",1,1,2024-01-03
2024-01-03 04:00:00,"835,1501666428902","149,399994",1,1,2024-01-03
2024-01-03 05:00:00,"835,1501666428902","368,579987",1,1,2024-01-03
2024-01-03 06:00:00,"835,1501666428902","399,070007",1,1,2024-01-03
2024-01-03 07:00:00,"835,1501666428902","473,25",1,1,2024-01-03
2024-01-03 08:00:00,"835,1501666428902","484,51001",1,1,2024-01-03
2024-01-03 09:00:00,"835,1501666428902","448,720001",1,1,2024-01-03
2024-01-03 10:00:00,"835,1501666428902","447,01001",1,1,2024-01-03
2024-01-03 11:00:00,"835,1501666428902","445,820007",1,1,2024-01-03
2024-01-03 12:00:00,"835,1501666428902","438,809998",1,1,2024-01-03
2024-01-03 13:00:00,"835,1501666428902","484,51001",1,1,2024-01-03
2024-01-03 14:00:00,"835,1501666428902","513,140015",1,1,2024-01-03
2024-01-03 15:00:00,"835,1501666428902","548,619995",1,1,2024-01-03
2024-01-03 16:00:00,"839,1046299522272","613,409973",1,1,2024-01-03
2024-01-03 17:00:00,"835,1501666428902","618,549988",1,1,2024-01-03
2024-01-03 18:00:00,"835,1501666428902","589,179993",1,1,2024-01-03
2024-01-03 19:00:00,"835,1501666428902","545,940002",1,1,2024-01-03
2024-01-03 20:00:00,"835,1501666428902","502,549988",1,1,2024-01-03
2024-01-03 21:00:00,"835,1501666428902","484,579987",1,1,2024-01-03
2024-01-03 22:00:00,"835,1501666428902","433,290009",1,1,2024-01-03
2024-01-03 23:00:00,"835,1501666428902","437,850006",1,1,2024-01-03
2024-01-04 00:00:00,"835,1501666428902","399,73999",1,1,2024-01-04
2024-01-04 01:00:00,"835,1501666428902","406,0",1,1,2024-01-04
2024-01-04 02:00:00,"835,1501666428902","411,519989",1,1,2024-01-04
2024-01-04 03:00:00,"835,1501666428902","434,420013",1,1,2024-01-04
2024-01-04 04:00:00,"835,1501666428902","441,130005",1,1,2024-01-04
2024-01-04 05:00:00,"835,1501666428902","541,809998",1,1,2024-01-04
2024-01-04 06:00:00,"835,1501666428902","634,059998",1,1,2024-01-04
2024-01-04 07:00:00,"835,1501666428902","682,169983",1,1,2024-01-04
2024-01-04 08:00:00,"835,1501666428902","702,530029",1,1,2024-01-04
2024-01-04 09:00:00,"835,1501666428902","685,969971",1,1,2024-01-04
2024-01-04 10:00:00,"835,1501666428902","674,190002",1,1,2024-01-04
2024-01-04 11:00:00,"835,1501666428902","646,52002",1,1,2024-01-04
2024-01-04 12:00:00,"835,1501666428902","641,070007",1,1,2024-01-04
2024-01-04 13:00:00,"835,1501666428902","686,940002",1,1,2024-01-04
2024-01-04 14:00:00,"835,1501666428902","735,48999",1,1,2024-01-04
2024-01-04 15:00:00,"835,1501666428902","788,51001",1,1,2024-01-04
2024-01-04 16:00:00,"835,1501666428902","993,599976",1,1,2024-01-04
2024-01-04 17:00:00,"835,1501666428902","1078,77002",1,1,2024-01-04
2024-01-04 18:00:00,"835,1501666428902","932,22998",1,1,2024-01-04
2024-01-04 19:00:00,"835,1501666428902","772,549988",1,1,2024-01-04
2024-01-04 20:00:00,"835,1501666428902","745,859985",1,1,2024-01-04
2024-01-04 21:00:00,"835,1501666428902","707,450012",1,1,2024-01-04
2024-01-04 22:00:00,"835,1501666428902","662,47998",1,1,2024-01-04
2024-01-04 23:00:00,"835,1501666428902","662,570007",1,1,2024-01-04
2024-01-05 00:00:00,"835,1501666428902","619,76001",1,1,2024-01-05
2024-01-05 01:00:00,"835,1501666428902","596,710022",1,1,2024-01-05
2024-01-05 02:00:00,"835,1501666428902","597,97998",1,1,2024-01-05
2024-01-05 03:00:00,"835,1501666428902","615,280029",1,1,2024-01-05
2024-01-05 04:00:00,"835,1501666428902","657,419983",1,1,2024-01-05
2024-01-05 05:00:00,"835,1501666428902","818,909973",1,1,2024-01-05
2024-01-05 06:00:00,"835,1501666428902","1230,790039",1,1,2024-01-05
2024-01-05 07:00:00,"835,1501666428902","2230,280029",1,1,2024-01-05
2024-01-05 08:00:00,"835,1501666428902","1858,150024",1,1,2024-01-05
2024-01-05 09:00:00,"835,1501666428902","1908,430054",1,1,2024-01-05
2024-01-05 10:00:00,"835,1501666428902","1574,640015",1,1,2024-01-05
2024-01-05 11:00:00,"835,1501666428902","1516,23999",1,1,2024-01-05
2024-01-05 12:00:00,"835,1501666428902","1469,25",1,1,2024-01-05
2024-01-05 13:00:00,"835,1501666428902","1475,810059",1,1,2024-01-05
2024-01-05 14:00:00,"835,1501666428902","2237,209961",1,1,2024-01-05
2024-01-05 15:00:00,"835,1501666428902","3353,810059",1,1,2024-01-05
2024-01-05 16:00:00,"835,1501666428902","3925,22998",1,1,2024-01-05
2024-01-05 17:00:00,"835,1501666428902","2610,22998",1,1,2024-01-05
2024-01-05 18:00:00,"835,1501666428902","1356,839966",1,1,2024-01-05
2024-01-05 19:00:00,"835,1501666428902","1115,849976",1,1,2024-01-05
2024-01-05 20:00:00,"835,1501666428902","841,51001",1,1,2024-01-05
2024-01-05 21:00:00,"835,1501666428902","746,630005",1,1,2024-01-05
2024-01-05 22:00:00,"835,1501666428902","692,710022",1,1,2024-01-05
2024-01-05 23:00:00,"835,1501666428902","633,090027",1,1,2024-01-05
2024-01-06 00:00:00,"835,1501666428902","620,559998",1,1,2024-01-06
2024-01-06 01:00:00,"835,1501666428902","611,830017",1,1,2024-01-06
2024-01-06 02:00:00,"835,1501666428902","612,950012",1,1,2024-01-06
2024-01-06 03:00:00,"835,1501666428902","615,559998",1,1,2024-01-06
2024-01-06 04:00:00,"835,1501666428902","627,5",1,1,2024-01-06
2024-01-06 05:00:00,"835,1501666428902","630,109985",1,1,2024-01-06
2024-01-06 06:00:00,"835,1501666428902","652,109985",1,1,2024-01-06
2024-01-06 07:00:00,"835,1501666428902","677,77002",1,1,2024-01-06
2024-01-06 08:00:00,"835,1501666428902","708,419983",1,1,2024-01-06
2024-01-06 09:00:00,"835,1501666428902","748,929993",1,1,2024-01-06
2024-01-06 10:00:00,"835,1501666428902","773,090027",1,1,2024-01-06
2024-01-06 11:00:00,"835,1501666428902","763,25",1,1,2024-01-06
2024-01-06 12:00:00,"835,1501666428902","729,080017",1,1,2024-01-06
2024-01-06 13:00:00,"835,1501666428902","712,380005",1,1,2024-01-06
2024-01-06 14:00:00,"835,1501666428902","734,679993",1,1,2024-01-06
2024-01-06 15:00:00,"835,1501666428902","820,450012",1,1,2024-01-06
2024-01-06 16:00:00,"835,1501666428902","882,140015",1,1,2024-01-06
2024-01-06 17:00:00,"835,1501666428902","797,630005",1,1,2024-01-06
2024-01-06 18:00:00,"835,1501666428902","762,799988",1,1,2024-01-06
2024-01-06 19:00:00,"835,1501666428902","708,419983",1,1,2024-01-06
2024-01-06 20:00:00,"835,1501666428902","675,97998",1,1,2024-01-06
2024-01-06 21:00:00,"835,1501666428902","666,359985",1,1,2024-01-06
2024-01-06 22:00:00,"835,1501666428902","617,580017",1,1,2024-01-06
2024-01-06 23:00:00,"835,1501666428902","642,570007",1,1,2024-01-06
2024-01-07 00:00:00,"835,1501666428902","615,049988",1,1,2024-01-07
2024-01-07 01:00:00,"835,1501666428902","590,880005",1,1,2024-01-07
2024-01-07 02:00:00,"835,1501666428902","578,280029",1,1,2024-01-07
2024-01-07 03:00:00,"835,1501666428902","573,5",1,1,2024-01-07
2024-01-07 04:00:00,"835,1501666428902","577,460022",1,1,2024-01-07
2024-01-07 05:00:00,"835,1501666428902","585,140015",1,1,2024-01-07
2024-01-07 06:00:00,"835,1501666428902","599,460022",1,1,2024-01-07
2024-01-07 07:00:00,"835,1501666428902","628,099976",1,1,2024-01-07
2024-01-07 08:00:00,"835,1501666428902","653,159973",1,1,2024-01-07
2024-01-07 09:00:00,"835,1501666428902","669,419983",1,1,2024-01-07
2024-01-07 10:00:00,"835,1501666428902","686,130005",1,1,2024-01-07
2024-01-07 11:00:00,"835,1501666428902","682,469971",1,1,2024-01-07
2024-01-07 12:00:00,"835,1501666428902","652,789978",1,1,2024-01-07
2024-01-07 13:00:00,"835,1501666428902","650,630005",1,1,2024-01-07
2024-01-07 14:00:00,"835,1501666428902","676,059998",1,1,2024-01-07
2024-01-07 15:00:00,"835,1501666428902","717,609985",1,1,2024-01-07
2024-01-07 16:00:00,"835,1501666428902","777,719971",1,1,2024-01-07
2024-01-07 17:00:00,"835,1501666428902","791,299988",1,1,2024-01-07
2024-01-07 18:00:00,"835,1501666428902","772,349976",1,1,2024-01-07
2024-01-07 19:00:00,"835,1501666428902","749,599976",1,1,2024-01-07
2024-01-07 20:00:00,"835,1501666428902","695,97998",1,1,2024-01-07
2024-01-07 21:00:00,"835,1501666428902","680,01001",1,1,2024-01-07
2024-01-07 22:00:00,"835,1501666428902","625,48999",1,1,2024-01-07
2024-01-07 23:00:00,"835,1501666428902","649,059998",1,1,2024-01-07
2024-01-08 00:00:00,"710,4871005478113","628,919983",1,2,2024-01-08
2024-01-08 01:00:00,"730,6849017084061","610,27002",1,2,2024-01-08
2024-01-08 02:00:00,"806,7099182808447","590,059998",1,2,2024-01-08
2024-01-08 03:00:00,"835,1501666428902","585,359985",1,2,2024-01-08
2024-01-08 04:00:00,"835,1501666428902","612,359985",1,2,2024-01-08
2024-01-08 05:00:00,"835,1501666428902","703,359985",1,2,2024-01-08
2024-01-08 06:00:00,"835,1501666428902","829,559998",1,2,2024-01-08
2024-01-08 07:00:00,"835,1501666428902","903,330017",1,2,2024-01-08
2024-01-08 08:00:00,"835,1501666428902","900,48999",1,2,2024-01-08
2024-01-08 09:00:00,"835,1501666428902","849,549988",1,2,2024-01-08
2024-01-08 10:00:00,"835,1501666428902","787,200012",1,2,2024-01-08
2024-01-08 11:00:00,"835,1501666428902","729,76001",1,2,2024-01-08
2024-01-08 12:00:00,"835,1501666428902","707,690002",1,2,2024-01-08
2024-01-08 13:00:00,"835,1501666428902","764,219971",1,2,2024-01-08
2024-01-08 14:00:00,"835,1501666428902","825,22998",1,2,2024-01-08
2024-01-08 15:00:00,"835,1501666428902","954,719971",1,2,2024-01-08
2024-01-08 16:00:00,"835,1501666428902","986,869995",1,2,2024-01-08
2024-01-08 17:00:00,"835,1501666428902","969,710022",1,2,2024-01-08
2024-01-08 18:00:00,"835,1501666428902","910,859985",1,2,2024-01-08
2024-01-08 19:00:00,"835,1501666428902","851,859985",1,2,2024-01-08
2024-01-08 20:00:00,"835,1501666428902","766,97998",1,2,2024-01-08
2024-01-08 21:00:00,"835,1501666428902","745,719971",1,2,2024-01-08
2024-01-08 22:00:00,"835,1501666428902","682,400024",1,2,2024-01-08
2024-01-08 23:00:00,"835,1501666428902","657,710022",1,2,2024-01-08
2024-01-09 00:00:00,"835,1501666428902","649,359985",1,2,2024-01-09
2024-01-09 01:00:00,"835,1501666428902","634,140015",1,2,2024-01-09
2024-01-09 02:00:00,"835,1501666428902","627,719971",1,2,2024-01-09
2024-01-09 03:00:00,"835,1501666428902","639,51001",1,2,2024-01-09
2024-01-09 04:00:00,"835,1501666428902","666,070007",1,2,2024-01-09
2024-01-09 05:00:00,"835,1501666428902","809,530029",1,2,2024-01-09
2024-01-09 06:00:00,"835,1501666428902","925,539978",1,2,2024-01-09
2024-01-09 07:00:00,"835,1501666428902","994,099976",1,2,2024-01-09
2024-01-09 08:00:00,"835,1501666428902","902,039978",1,2,2024-01-09
2024-01-09 09:00:00,"835,1501666428902","844,450012",1,2,2024-01-09
2024-01-09 10:00:00,"835,1501666428902","789,169983",1,2,2024-01-09
2024-01-09 11:00:00,"835,1501666428902","747,690002",1,2,2024-01-09
2024-01-09 12:00:00,"835,1501666428902","752,159973",1,2,2024-01-09
2024-01-09 13:00:00,"835,1501666428902","838,26001",1,2,2024-01-09
2024-01-09 14:00:00,"835,1501666428902","903,390015",1,2,2024-01-09
2024-01-09 15:00:00,"835,1501666428902","977,23999",1,2,2024-01-09
2024-01-09 16:00:00,"835,1501666428902","1029,170044",1,2,2024-01-09
2024-01-09 17:00:00,"835,1501666428902","1028,050049",1,2,2024-01-09
2024-01-09 18:00:00,"835,1501666428902","973,070007",1,2,2024-01-09
2024-01-09 19:00:00,"835,1501666428902","897,039978",1,2,2024-01-09
2024-01-09 20:00:00,"835,1501666428902","833,179993",1,2,2024-01-09
2024-01-09 21:00:00,"835,1501666428902","792,150024",1,2,2024-01-09
2024-01-09 22:00:00,"835,1501666428902","724,340027",1,2,2024-01-09
2024-01-09 23:00:00,"835,1501666428902","665,900024",1,2,2024-01-09
2024-01-10 00:00:00,"835,1501666428902","647,039978",1,2,2024-01-10
2024-01-10 01:00:00,"835,1501666428902","646,809998",1,2,2024-01-10
2024-01-10 02:00:00,"835,1501666428902","642,039978",1,2,2024-01-10
2024-01-10 03:00:00,"835,1501666428902","643,599976",1,2,2024-01-10
2024-01-10 04:00:00,"835,1501666428902","664,109985",1,2,2024-01-10
2024-01-10 05:00:00,"835,1501666428902","812,0",1,2,2024-01-10
2024-01-10 06:00:00,"835,1501666428902","965,030029",1,2,2024-01-10
2024-01-10 07:00:00,"835,1501666428902","1066,459961",1,2,2024-01-10
2024-01-10 08:00:00,"835,1501666428902","972,419983",1,2,2024-01-10
2024-01-10 09:00:00,"835,1501666428902","905,890015",1,2,2024-01-10
2024-01-10 10:00:00,"835,1501666428902","813,869995",1,2,2024-01-10
2024-01-10 11:00:00,"835,1501666428902","762,26001",1,2,2024-01-10
2024-01-10 12:00:00,"835,1501666428902","806,929993",1,2,2024-01-10
2024-01-10 13:00:00,"835,1501666428902","862,710022",1,2,2024-01-10
2024-01-10 14:00:00,"835,1501666428902","923,27002",1,2,2024-01-10
2024-01-10 15:00:00,"835,1501666428902","1004,109985",1,2,2024-01-10
2024-01-10 16:00:00,"835,1501666428902","1072,349976",1,2,2024-01-10
2024-01-10 17:00:00,"835,1501666428902","1044,089966",1,2,2024-01-10
2024-01-10 18:00:00,"835,1501666428902","985,539978",1,2,2024-01-10
2024-01-10 19:00:00,"835,1501666428902","894,929993",1,2,2024-01-10
2024-01-10 20:00:00,"835,1501666428902","818,559998",1,2,2024-01-10
2024-01-10 21:00:00,"835,1501666428902","779,26001",1,2,2024-01-10
2024-01-10 22:00:00,"835,1501666428902","716,169983",1,2,2024-01-10
2024-01-10 23:00:00,"835,1501666428902","684,27002",1,2,2024-01-10
2024-01-11 00:00:00,"835,1501666428902","660,700012",1,2,2024-01-11
2024-01-11 01:00:00,"835,1501666428902","650,710022",1,2,2024-01-11
2024-01-11 02:00:00,"835,1501666428902","614,390015",1,2,2024-01-11
2024-01-11 03:00:00,"835,1501666428902","611,179993",1,2,2024-01-11
2024-01-11 04:00:00,"835,1501666428902","666,440002",1,2,2024-01-11
2024-01-11 05:00:00,"835,1501666428902","761,22998",1,2,2024-01-11
2024-01-11 06:00:00,"835,1501666428902","871,530029",1,2,2024-01-11
2024-01-11 07:00:00,"835,1501666428902","1051,569946",1,2,2024-01-11
2024-01-11 08:00:00,"835,1501666428902","963,27002",1,2,2024-01-11
2024-01-11 09:00:00,"835,1501666428902","847,590027",1,2,2024-01-11
2024-01-11 10:00:00,"835,1501666428902","794,119995",1,2,2024-01-11
2024-01-11 11:00:00,"835,1501666428902","741,169983",1,2,2024-01-11
2024-01-11 12:00:00,"835,1501666428902","738,340027",1,2,2024-01-11
2024-01-11 13:00:00,"835,1501666428902","790,390015",1,2,2024-01-11
2024-01-11 14:00:00,"835,1501666428902","879,73999",1,2,2024-01-11
2024-01-11 15:00:00,"835,1501666428902","1024,349976",1,2,2024-01-11
2024-01-11 16:00:00,"835,1501666428902","1119,359985",1,2,2024-01-11
2024-01-11 17:00:00,"835,1501666428902","1019,429993",1,2,2024-01-11
2024-01-11 18:00:00,"835,1501666428902","986,76001",1,2,2024-01-11
2024-01-11 19:00:00,"835,1501666428902","887,119995",1,2,2024-01-11
2024-01-11 20:00:00,"835,1501666428902","799,419983",1,2,2024-01-11
2024-01-11 21:00:00,"835,1501666428902","745,789978",1,2,2024-01-11
2024-01-11 22:00:00,"835,1501666428902","725,059998",1,2,2024-01-11
2024-01-11 23:00:00,"835,1501666428902","678,890015",1,2,2024-01-11
2024-01-12 00:00:00,"835,1501666428902","657,859985",1,2,2024-01-12
2024-01-12 01:00:00,"835,1501666428902","635,48999",1,2,2024-01-12
2024-01-12 02:00:00,"835,1501666428902","631,090027",1,2,2024-01-12
2024-01-12 03:00:00,"835,1501666428902","628,929993",1,2,2024-01-12
2024-01-12 04:00:00,"835,1501666428902","636,23999",1,2,2024-01-12
2024-01-12 05:00:00,"835,1501666428902","686,869995",1,2,2024-01-12
2024-01-12 06:00:00,"835,1501666428902","881,130005",1,2,2024-01-12
2024-01-12 07:00:00,"835,1501666428902","1049,51001",1,2,2024-01-12
2024-01-12 08:00:00,"835,1501666428902","1006,409973",1,2,2024-01-12
2024-01-12 09:00:00,"835,1501666428902","909,840027",1,2,2024-01-12
2024-01-12 10:00:00,"835,1501666428902","855,549988",1,2,2024-01-12
2024-01-12 11:00:00,"835,1501666428902","797,76001",1,2,2024-01-12
2024-01-12 12:00:00,"835,1501666428902","768,679993",1,2,2024-01-12
2024-01-12 13:00:00,"835,1501666428902","779,559998",1,2,2024-01-12
2024-01-12 14:00:00,"835,1501666428902","820,280029",1,2,2024-01-12
2024-01-12 15:00:00,"835,1501666428902","894,849976",1,2,2024-01-12
2024-01-12 16:00:00,"835,1501666428902","950,780029",1,2,2024-01-12
2024-01-12 17:00:00,"835,1501666428902","939,590027",1,2,2024-01-12
2024-01-12 18:00:00,"835,1501666428902","890,900024",1,2,2024-01-12
2024-01-12 19:00:00,"835,1501666428902","811,26001",1,2,2024-01-12
2024-01-12 20:00:00,"835,1501666428902","734,369995",1,2,2024-01-12
2024-01-12 21:00:00,"835,1501666428902","696,27002",1,2,2024-01-12
2024-01-12 22:00:00,"835,1501666428902","634,969971",1,2,2024-01-12
2024-01-12 23:00:00,"835,1501666428902","564,030029",1,2,2024-01-12
2024-01-13 00:00:00,"835,1501666428902","558,140015",1,2,2024-01-13
2024-01-13 01:00:00,"835,1501666428902","549,200012",1,2,2024-01-13
2024-01-13 02:00:00,"835,1501666428902","532,190002",1,2,2024-01-13
2024-01-13 03:00:00,"835,1501666428902","538,679993",1,2,2024-01-13
2024-01-13 04:00:00,"835,1501666428902","414,230011",1,2,2024-01-13
2024-01-13 05:00:00,"835,1501666428902","340,179993",1,2,2024-01-13
2024-01-13 06:00:00,"835,1501666428902","381,790009",1,2,2024-01-13
2024-01-13 07:00:00,"835,1501666428902","500,799988",1,2,2024-01-13
2024-01-13 08:00:00,"835,1501666428902","546,659973",1,2,2024-01-13
2024-01-13 09:00:00,"835,1501666428902","537,039978",1,2,2024-01-13
2024-01-13 10:00:00,"835,1501666428902","529,289978",1,2,2024-01-13
2024-01-13 11:00:00,"835,1501666428902","521,609985",1,2,2024-01-13
2024-01-13 12:00:00,"835,1501666428902","474,779999",1,2,2024-01-13
2024-01-13 13:00:00,"835,1501666428902","506,390015",1,2,2024-01-13
2024-01-13 14:00:00,"835,1501666428902","511,609985",1,2,2024-01-13
2024-01-13 15:00:00,"835,1501666428902","527,789978",1,2,2024-01-13
2024-01-13 16:00:00,"835,1501666428902","553,450012",1,2,2024-01-13
2024-01-13 17:00:00,"835,1501666428902","565,299988",1,2,2024-01-13
2024-01-13 18:00:00,"835,1501666428902","550,460022",1,2,2024-01-13
2024-01-13 19:00:00,"835,1501666428902","544,799988",1,2,2024-01-13
2024-01-13 20:00:00,"835,1501666428902","528,909973",1,2,2024-01-13
2024-01-13 21:00:00,"835,1501666428902","467,98999",1,2,2024-01-13
2024-01-13 22:00:00,"835,1501666428902","459,709991",1,2,2024-01-13
2024-01-13 23:00:00,"835,1501666428902","477,420013",1,2,2024-01-13
2024-01-14 00:00:00,"835,1501666428902","463,179993",1,2,2024-01-14
2024-01-14 01:00:00,"835,1501666428902","469,290009",1,2,2024-01-14
2024-01-14 02:00:00,"835,1501666428902","477,350006",1,2,2024-01-14
2024-01-14 03:00:00,"835,1501666428902","482,269989",1,2,2024-01-14
2024-01-14 04:00:00,"835,1501666428902","486,220001",1,2,2024-01-14
2024-01-14 05:00:00,"835,1501666428902","501,950012",1,2,2024-01-14
2024-01-14 06:00:00,"835,1501666428902","534,390015",1,2,2024-01-14
2024-01-14 07:00:00,"835,1501666428902","572,280029",1,2,2024-01-14
2024-01-14 08:00:00,"835,1501666428902","605,090027",1,2,2024-01-14
2024-01-14 09:00:00,"835,1501666428902","601,289978",1,2,2024-01-14
2024-01-14 10:00:00,"835,1501666428902","610,309998",1,2,2024-01-14
2024-01-14 11:00:00,"835,1501666428902","599,5",1,2,2024-01-14
2024-01-14 12:00:00,"835,1501666428902","574,52002",1,2,2024-01-14
2024-01-14 13:00:00,"835,1501666428902","590,25",1,2,2024-01-14
2024-01-14 14:00:00,"835,1501666428902","613,890015",1,2,2024-01-14
2024-01-14 15:00:00,"835,1501666428902","645,960022",1,2,2024-01-14
2024-01-14 16:00:00,"835,1501666428902","685,030029",1,2,2024-01-14
2024-01-14 17:00:00,"835,1501666428902","705,76001",1,2,2024-01-14
2024-01-14 18:00:00,"835,1501666428902","635,809998",1,2,2024-01-14
2024-01-14 19:00:00,"835,1501666428902","589,580017",1,2,2024-01-14
2024-01-14 20:00:00,"835,1501666428902","586,150024",1,2,2024-01-14
2024-01-14 21:00:00,"835,1501666428902","562,210022",1,2,2024-01-14
2024-01-14 22:00:00,"835,1501666428902","498,820007",1,2,2024-01-14
2024-01-14 23:00:00,"835,1501666428902","519,409973",1,2,2024-01-14
2024-01-15 00:00:00,"708,8899794149517","492,559998",1,3,2024-01-15
2024-01-15 01:00:00,"730,6849017084061","479,579987",1,3,2024-01-15
2024-01-15 02:00:00,"806,7099182808447","462,649994",1,3,2024-01-15
2024-01-15 03:00:00,"835,1501666428902","474,059998",1,3,2024-01-15
2024-01-15 04:00:00,"835,1501666428902","526,27002",1,3,2024-01-15
2024-01-15 05:00:00,"835,1501666428902","596,219971",1,3,2024-01-15
2024-01-15 06:00:00,"835,1501666428902","625,22998",1,3,2024-01-15
2024-01-15 07:00:00,"835,1501666428902","740,52002",1,3,2024-01-15
2024-01-15 08:00:00,"835,1501666428902","747,900024",1,3,2024-01-15
2024-01-15 09:00:00,"835,1501666428902","707,549988",1,3,2024-01-15
2024-01-15 10:00:00,"835,1501666428902","673,099976",1,3,2024-01-15
2024-01-15 11:00:00,"835,1501666428902","625,369995",1,3,2024-01-15
2024-01-15 12:00:00,"835,1501666428902","612,619995",1,3,2024-01-15
2024-01-15 13:00:00,"835,1501666428902","630,150024",1,3,2024-01-15
2024-01-15 14:00:00,"835,1501666428902","666,98999",1,3,2024-01-15
2024-01-15 15:00:00,"835,1501666428902","745,140015",1,3,2024-01-15
2024-01-15 16:00:00,"835,1501666428902","813,450012",1,3,2024-01-15
2024-01-15 17:00:00,"835,1501666428902","861,849976",1,3,2024-01-15
2024-01-15 18:00:00,"835,1501666428902","825,22998",1,3,2024-01-15
2024-01-15 19:00:00,"835,1501666428902","769,22998",1,3,2024-01-15
2024-01-15 20:00:00,"835,1501666428902","693,159973",1,3,2024-01-15
2024-01-15 21:00:00,"835,1501666428902","667,359985",1,3,2024-01-15
2024-01-15 22:00:00,"835,1501666428902","644,539978",1,3,2024-01-15
2024-01-15 23:00:00,"835,1501666428902","612,98999",1,3,2024-01-15
2024-01-16 00:00:00,"835,1501666428902","607,099976",1,3,2024-01-16
2024-01-16 01:00:00,"835,1501666428902","597,179993",1,3,2024-01-16
2024-01-16 02:00:00,"835,1501666428902","583,679993",1,3,2024-01-16
2024-01-16 03:00:00,"835,1501666428902","578,679993",1,3,2024-01-16
2024-01-16 04:00:00,"835,1501666428902","622,390015",1,3,2024-01-16
2024-01-16 05:00:00,"835,1501666428902","917,359985",1,3,2024-01-16
2024-01-16 06:00:00,"835,1501666428902","1442,560059",1,3,2024-01-16
2024-01-16 07:00:00,"835,1501666428902","2055,399902",1,3,2024-01-16
2024-01-16 08:00:00,"835,1501666428902","2017,890015",1,3,2024-01-16
2024-01-16 09:00:00,"835,1501666428902","1864,030029",1,3,2024-01-16
2024-01-16 10:00:00,"835,1501666428902","1495,73999",1,3,2024-01-16
2024-01-16 11:00:00,"835,1501666428902","1268,189941",1,3,2024-01-16
2024-01-16 12:00:00,"835,1501666428902","1058,839966",1,3,2024-01-16
2024-01-16 13:00:00,"835,1501666428902","1070,849976",1,3,2024-01-16
2024-01-16 14:00:00,"835,1501666428902","1164,670044",1,3,2024-01-16
2024-01-16 15:00:00,"835,1501666428902","1268,48999",1,3,2024-01-16
2024-01-16 16:00:00,"835,1501666428902","1273,930054",1,3,2024-01-16
2024-01-16 17:00:00,"835,1501666428902","992,539978",1,3,2024-01-16
2024-01-16 18:00:00,"835,1501666428902","833,599976",1,3,2024-01-16
2024-01-16 19:00:00,"835,1501666428902","712,179993",1,3,2024-01-16
2024-01-16 20:00:00,"835,1501666428902","642,969971",1,3,2024-01-16
2024-01-16 21:00:00,"835,1501666428902","611,869995",1,3,2024-01-16
2024-01-16 22:00:00,"835,1501666428902","579,429993",1,3,2024-01-16
2024-01-16 23:00:00,"835,1501666428902","521,210022",1,3,2024-01-16
2024-01-17 00:00:00,"835,1501666428902","517,26001",1,3,2024-01-17
2024-01-17 01:00:00,"835,1501666428902","510,619995",1,3,2024-01-17
2024-01-17 02:00:00,"835,1501666428902","503,839996",1,3,2024-01-17
2024-01-17 03:00:00,"835,1501666428902","501,970001",1,3,2024-01-17
2024-01-17 04:00:00,"835,1501666428902","501,75",1,3,2024-01-17
2024-01-17 05:00:00,"835,1501666428902","526,880005",1,3,2024-01-17
2024-01-17 06:00:00,"835,1501666428902","596,159973",1,3,2024-01-17
2024-01-17 07:00:00,"835,1501666428902","715,929993",1,3,2024-01-17
2024-01-17 08:00:00,"835,1501666428902","767,159973",1,3,2024-01-17
2024-01-17 09:00:00,"835,1501666428902","797,289978",1,3,2024-01-17
2024-01-17 10:00:00,"835,1501666428902","828,539978",1,3,2024-01-17
2024-01-17 11:00:00,"835,1501666428902","877,840027",1,3,2024-01-17
2024-01-17 12:00:00,"835,1501666428902","907,590027",1,3,2024-01-17
2024-01-17 13:00:00,"835,1501666428902","907,890015",1,3,2024-01-17
2024-01-17 14:00:00,"835,1501666428902","935,630005",1,3,2024-01-17
2024-01-17 15:00:00,"835,1501666428902","958,75",1,3,2024-01-17
2024-01-17 16:00:00,"835,1501666428902","1047,939941",1,3,2024-01-17
2024-01-17 17:00:00,"835,1501666428902","921,690002",1,3,2024-01-17
2024-01-17 18:00:00,"835,1501666428902","852,26001",1,3,2024-01-17
2024-01-17 19:00:00,"835,1501666428902","818,849976",1,3,2024-01-17
2024-01-17 20:00:00,"835,1501666428902","753,890015",1,3,2024-01-17
2024-01-17 21:00:00,"835,1501666428902","703,099976",1,3,2024-01-17
2024-01-17 22:00:00,"835,1501666428902","627,710022",1,3,2024-01-17
2024-01-17 23:00:00,"835,1501666428902","606,580017",1,3,2024-01-17
2024-01-18 00:00:00,"835,1501666428902","575,780029",1,3,2024-01-18
2024-01-18 01:00:00,"835,1501666428902","561,530029",1,3,2024-01-18
2024-01-18 02:00:00,"835,1501666428902","558,700012",1,3,2024-01-18
2024-01-18 03:00:00,"835,1501666428902","578,539978",1,3,2024-01-18
2024-01-18 04:00:00,"835,1501666428902","604,119995",1,3,2024-01-18
2024-01-18 05:00:00,"835,1501666428902","681,97998",1,3,2024-01-18
2024-01-18 06:00:00,"835,1501666428902","831,969971",1,3,2024-01-18
2024-01-18 07:00:00,"835,1501666428902","938,919983",1,3,2024-01-18
2024-01-18 08:00:00,"835,1501666428902","911,179993",1,3,2024-01-18
2024-01-18 09:00:00,"835,1501666428902","827,119995",1,3,2024-01-18
2024-01-18 10:00:00,"835,1501666428902","805,119995",1,3,2024-01-18
2024-01-18 11:00:00,"835,1501666428902","697,719971",1,3,2024-01-18
2024-01-18 12:00:00,"835,1501666428902","653,48999",1,3,2024-01-18
2024-01-18 13:00:00,"835,1501666428902","644,619995",1,3,2024-01-18
2024-01-18 14:00:00,"835,1501666428902","702,940002",1,3,2024-01-18
2024-01-18 15:00:00,"835,1501666428902","742,25",1,3,2024-01-18
2024-01-18 16:00:00,"835,1501666428902","780,72998",1,3,2024-01-18
2024-01-18 17:00:00,"835,1501666428902","770,140015",1,3,2024-01-18
2024-01-18 18:00:00,"835,1501666428902","705,030029",1,3,2024-01-18
2024-01-18 19:00:00,"835,1501666428902","648,650024",1,3,2024-01-18
2024-01-18 20:00:00,"835,1501666428902","605,090027",1,3,2024-01-18
2024-01-18 21:00:00,"835,1501666428902","577,48999",1,3,2024-01-18
2024-01-18 22:00:00,"835,1501666428902","532,0",1,3,2024-01-18
2024-01-18 23:00:00,"835,1501666428902","510,089996",1,3,2024-01-18
2024-01-19 00:00:00,"835,1501666428902","487,269989",1,3,2024-01-19
2024-01-19 01:00:00,"835,1501666428902","477,649994",1,3,2024-01-19
2024-01-19 02:00:00,"835,1501666428902","468,029999",1,3,2024-01-19
2024-01-19 03:00:00,"835,1501666428902","472,209991",1,3,2024-01-19
2024-01-19 04:00:00,"835,1501666428902","491,079987",1,3,2024-01-19
2024-01-19 05:00:00,"835,1501666428902","564,830017",1,3,2024-01-19
2024-01-19 06:00:00,"835,1501666428902","666,549988",1,3,2024-01-19
2024-01-19 07:00:00,"835,1501666428902","777,590027",1,3,2024-01-19
2024-01-19 08:00:00,"835,1501666428902","770,359985",1,3,2024-01-19
2024-01-19 09:00:00,"835,1501666428902","714,799988",1,3,2024-01-19
2024-01-19 10:00:00,"835,1501666428902","645,52002",1,3,2024-01-19
2024-01-19 11:00:00,"835,1501666428902","587,049988",1,3,2024-01-19
2024-01-19 12:00:00,"835,1501666428902","560,429993",1,3,2024-01-19
2024-01-19 13:00:00,"835,1501666428902","573,549988",1,3,2024-01-19
2024-01-19 14:00:00,"835,1501666428902","648,429993",1,3,2024-01-19
2024-01-19 15:00:00,"835,1501666428902","780,049988",1,3,2024-01-19
2024-01-19 16:00:00,"835,1501666428902","855,890015",1,3,2024-01-19
2024-01-19 17:00:00,"835,1501666428902","809,059998",1,3,2024-01-19
2024-01-19 18:00:00,"835,1501666428902","634,630005",1,3,2024-01-19
2024-01-19 19:00:00,"835,1501666428902","565,429993",1,3,2024-01-19
2024-01-19 20:00:00,"835,1501666428902","544,469971",1,3,2024-01-19
2024-01-19 21:00:00,"835,1501666428902","527,169983",1,3,2024-01-19
2024-01-19 22:00:00,"835,1501666428902","497,339996",1,3,2024-01-19
2024-01-19 23:00:00,"835,1501666428902","504,279999",1,3,2024-01-19
2024-01-20 00:00:00,"835,1501666428902","484,809998",1,3,2024-01-20
2024-01-20 01:00:00,"835,1501666428902","485,480011",1,3,2024-01-20
2024-01-20 02:00:00,"835,1501666428902","472,359985",1,3,2024-01-20
2024-01-20 03:00:00,"835,1501666428902","472,579987",1,3,2024-01-20
2024-01-20 04:00:00,"835,1501666428902","460,5",1,3,2024-01-20
2024-01-20 05:00:00,"835,1501666428902","480,640015",1,3,2024-01-20
2024-01-20 06:00:00,"835,1501666428902","511,209991",1,3,2024-01-20
2024-01-20 07:00:00,"835,1501666428902","557,969971",1,3,2024-01-20
2024-01-20 08:00:00,"835,1501666428902","588,02002",1,3,2024-01-20
2024-01-20 09:00:00,"835,1501666428902","548,650024",1,3,2024-01-20
2024-01-20 10:00:00,"835,1501666428902","540,73999",1,3,2024-01-20
2024-01-20 11:00:00,"835,1501666428902","520,159973",1,3,2024-01-20
2024-01-20 12:00:00,"835,1501666428902","527,919983",1,3,2024-01-20
2024-01-20 13:00:00,"835,1501666428902","547,309998",1,3,2024-01-20
2024-01-20 14:00:00,"835,1501666428902","589,960022",1,3,2024-01-20
2024-01-20 15:00:00,"835,1501666428902","671,549988",1,3,2024-01-20
2024-01-20 16:00:00,"835,1501666428902","725,390015",1,3,2024-01-20
2024-01-20 17:00:00,"835,1501666428902","754,030029",1,3,2024-01-20
2024-01-20 18:00:00,"835,1501666428902","682,880005",1,3,2024-01-20
2024-01-20 19:00:00,"835,1501666428902","596,599976",1,3,2024-01-20
2024-01-20 20:00:00,"835,1501666428902","547,309998",1,3,2024-01-20
2024-01-20 21:00:00,"835,1501666428902","525,159973",1,3,2024-01-20
2024-01-20 22:00:00,"835,1501666428902","499,579987",1,3,2024-01-20
2024-01-20 23:00:00,"835,1501666428902","445,26001",1,3,2024-01-20
2024-01-21 00:00:00,"835,1501666428902","429,230011",1,3,2024-01-21
2024-01-21 01:00:00,"835,1501666428902","411,329987",1,3,2024-01-21
2024-01-21 02:00:00,"835,1501666428902","379,549988",1,3,2024-01-21
2024-01-21 03:00:00,"835,1501666428902","361,799988",1,3,2024-01-21
2024-01-21 04:00:00,"835,1501666428902","353,899994",1,3,2024-01-21
2024-01-21 05:00:00,"835,1501666428902","339,579987",1,3,2024-01-21
2024-01-21 06:00:00,"835,1501666428902","327,869995",1,3,2024-01-21
2024-01-21 07:00:00,"835,1501666428902","383,059998",1,3,2024-01-21
2024-01-21 08:00:00,"835,1501666428902","405,429993",1,3,2024-01-21
2024-01-21 09:00:00,"835,1501666428902","343,529999",1,3,2024-01-21
2024-01-21 10:00:00,"835,1501666428902","363,0",1,3,2024-01-21
2024-01-21 11:00:00,"835,1501666428902","287,0",1,3,2024-01-21
2024-01-21 12:00:00,"835,1501666428902","281,100006",1,3,2024-01-21
2024-01-21 13:00:00,"835,1501666428902","330,399994",1,3,2024-01-21
2024-01-21 14:00:00,"835,1501666428902","365,76001",1,3,2024-01-21
2024-01-21 15:00:00,"835,1501666428902","371,649994",1,3,2024-01-21
2024-01-21 16:00:00,"835,1501666428902","422,51001",1,3,2024-01-21
2024-01-21 17:00:00,"835,1501666428902","458,309998",1,3,2024-01-21
2024-01-21 18:00:00,"835,1501666428902","437,359985",1,3,2024-01-21
2024-01-21 19:00:00,"835,1501666428902","384,100006",1,3,2024-01-21
2024-01-21 20:00:00,"835,1501666428902","391,26001",1,3,2024-01-21
2024-01-21 21:00:00,"835,1501666428902","375,829987",1,3,2024-01-21
2024-01-21 22:00:00,"835,1501666428902","216,520004",1,3,2024-01-21
2024-01-21 23:00:00,"835,1501666428902","203,610001",1,3,2024-01-21
2024-01-22 00:00:00,"647,7209253022218","165,869995",1,4,2024-01-22
2024-01-22 01:00:00,"710,4871005478113","138,869995",1,4,2024-01-22
2024-01-22 02:00:00,"730,6849017084061","37,59",1,4,2024-01-22
2024-01-22 03:00:00,"806,7099182808447","37,740002",1,4,2024-01-22
2024-01-22 04:00:00,"835,1501666428902","149,169998",1,4,2024-01-22
2024-01-22 05:00:00,"835,1501666428902","302,059998",1,4,2024-01-22
2024-01-22 06:00:00,"835,1501666428902","451,01001",1,4,2024-01-22
2024-01-22 07:00:00,"835,1501666428902","495,829987",1,4,2024-01-22
2024-01-22 08:00:00,"835,1501666428902","429,450012",1,4,2024-01-22
2024-01-22 09:00:00,"835,1501666428902","459,059998",1,4,2024-01-22
2024-01-22 10:00:00,"835,1501666428902","451,970001",1,4,2024-01-22
2024-01-22 11:00:00,"835,1501666428902","424,529999",1,4,2024-01-22
2024-01-22 12:00:00,"835,1501666428902","423,040009",1,4,2024-01-22
2024-01-22 13:00:00,"835,1501666428902","434,299988",1,4,2024-01-22
2024-01-22 14:00:00,"835,1501666428902","445,48999",1,4,2024-01-22
2024-01-22 15:00:00,"835,1501666428902","447,429993",1,4,2024-01-22
2024-01-22 16:00:00,"835,1501666428902","461,299988",1,4,2024-01-22
2024-01-22 17:00:00,"835,1501666428902","455,179993",1,4,2024-01-22
2024-01-22 18:00:00,"835,1501666428902","447,720001",1,4,2024-01-22
2024-01-22 19:00:00,"835,1501666428902","444,519989",1,4,2024-01-22
2024-01-22 20:00:00,"835,1501666428902","425,119995",1,4,2024-01-22
2024-01-22 21:00:00,"835,1501666428902","194,440002",1,4,2024-01-22
2024-01-22 22:00:00,"835,1501666428902","171,770004",1,4,2024-01-22
2024-01-22 23:00:00,"835,1501666428902","118,129997",1,4,2024-01-22
2024-01-23 00:00:00,"835,1501666428902","75,330002",1,4,2024-01-23
2024-01-23 01:00:00,"835,1501666428902","69,879997",1,4,2024-01-23
2024-01-23 02:00:00,"835,1501666428902","31,1",1,4,2024-01-23
2024-01-23 03:00:00,"835,1501666428902","76,220001",1,4,2024-01-23
2024-01-23 04:00:00,"835,1501666428902","161,320007",1,4,2024-01-23
2024-01-23 05:00:00,"835,1501666428902","191,889999",1,4,2024-01-23
2024-01-23 06:00:00,"835,1501666428902","454,410004",1,4,2024-01-23
2024-01-23 07:00:00,"835,1501666428902","461,649994",1,4,2024-01-23
2024-01-23 08:00:00,"835,1501666428902","455,76001",1,4,2024-01-23
2024-01-23 09:00:00,"835,1501666428902","447,25",1,4,2024-01-23
2024-01-23 10:00:00,"835,1501666428902","443,299988",1,4,2024-01-23
2024-01-23 11:00:00,"835,1501666428902","310,100006",1,4,2024-01-23
2024-01-23 12:00:00,"835,1501666428902","199,570007",1,4,2024-01-23
2024-01-23 13:00:00,"835,1501666428902","320,019989",1,4,2024-01-23
2024-01-23 14:00:00,"835,1501666428902","468,059998",1,4,2024-01-23
2024-01-23 15:00:00,"835,1501666428902","494,390015",1,4,2024-01-23
2024-01-23 16:00:00,"835,1501666428902","510,570007",1,4,2024-01-23
2024-01-23 17:00:00,"835,1501666428902","498,040009",1,4,2024-01-23
2024-01-23 18:00:00,"835,1501666428902","472,390015",1,4,2024-01-23
2024-01-23 19:00:00,"835,1501666428902","450,910004",1,4,2024-01-23
2024-01-23 20:00:00,"835,1501666428902","391,170013",1,4,2024-01-23
2024-01-23 21:00:00,"835,1501666428902","304,429993",1,4,2024-01-23
2024-01-23 22:00:00,"835,1501666428902","248,050003",1,4,2024-01-23
2024-01-23 23:00:00,"835,1501666428902","213,350006",1,4,2024-01-23
2024-01-24 00:00:00,"835,1501666428902","187,699997",1,4,2024-01-24
2024-01-24 01:00:00,"835,1501666428902","153,910004",1,4,2024-01-24
2024-01-24 02:00:00,"835,1501666428902","140,339996",1,4,2024-01-24
2024-01-24 03:00:00,"835,1501666428902","133,110001",1,4,2024-01-24
2024-01-24 04:00:00,"835,1501666428902","145,789993",1,4,2024-01-24
2024-01-24 05:00:00,"835,1501666428902","190,160004",1,4,2024-01-24
2024-01-24 06:00:00,"835,1501666428902","288,809998",1,4,2024-01-24
2024-01-24 07:00:00,"835,1501666428902","373,380005",1,4,2024-01-24
2024-01-24 08:00:00,"835,1501666428902","369,429993",1,4,2024-01-24
2024-01-24 09:00:00,"835,1501666428902","373,600006",1,4,2024-01-24
2024-01-24 10:00:00,"835,1501666428902","378,519989",1,4,2024-01-24
2024-01-24 11:00:00,"835,1501666428902","293,359985",1,4,2024-01-24
2024-01-24 12:00:00,"835,1501666428902","278,450012",1,4,2024-01-24
2024-01-24 13:00:00,"835,1501666428902","335,869995",1,4,2024-01-24
2024-01-24 14:00:00,"835,1501666428902","372,480011",1,4,2024-01-24
2024-01-24 15:00:00,"835,1501666428902","378,820007",1,4,2024-01-24
2024-01-24 16:00:00,"835,1501666428902","404,25",1,4,2024-01-24
2024-01-24 17:00:00,"835,1501666428902","397,609985",1,4,2024-01-24
2024-01-24 18:00:00,"835,1501666428902","373,529999",1,4,2024-01-24
2024-01-24 19:00:00,"835,1501666428902","314,540009",1,4,2024-01-24
2024-01-24 20:00:00,"835,1501666428902","298,579987",1,4,2024-01-24
2024-01-24 21:00:00,"835,1501666428902","313,269989",1,4,2024-01-24
2024-01-24 22:00:00,"835,1501666428902","287,320007",1,4,2024-01-24
2024-01-24 23:00:00,"835,1501666428902","326,899994",1,4,2024-01-24
2024-01-25 00:00:00,"835,1501666428902","327,869995",1,4,2024-01-25
2024-01-25 01:00:00,"835,1501666428902","318,839996",1,4,2024-01-25
2024-01-25 02:00:00,"835,1501666428902","326,970001",1,4,2024-01-25
2024-01-25 03:00:00,"835,1501666428902","336,369995",1,4,2024-01-25
2024-01-25 04:00:00,"835,1501666428902","380,359985",1,4,2024-01-25
2024-01-25 05:00:00,"835,1501666428902","442,850006",1,4,2024-01-25
2024-01-25 06:00:00,"835,1501666428902","492,51001",1,4,2024-01-25
2024-01-25 07:00:00,"835,1501666428902","663,789978",1,4,2024-01-25
2024-01-25 08:00:00,"835,1501666428902","635,679993",1,4,2024-01-25
2024-01-25 09:00:00,"835,1501666428902","606,599976",1,4,2024-01-25
2024-01-25 10:00:00,"835,1501666428902","568,340027",1,4,2024-01-25
2024-01-25 11:00:00,"835,1501666428902","545,450012",1,4,2024-01-25
2024-01-25 12:00:00,"835,1501666428902","566,630005",1,4,2024-01-25
2024-01-25 13:00:00,"835,1501666428902","633,659973",1,4,2024-01-25
2024-01-25 14:00:00,"835,1501666428902","686,530029",1,4,2024-01-25
2024-01-25 15:00:00,"835,1501666428902","755,950012",1,4,2024-01-25
2024-01-25 16:00:00,"835,1501666428902","920,0",1,4,2024-01-25
2024-01-25 17:00:00,"835,1501666428902","861,539978",1,4,2024-01-25
2024-01-25 18:00:00,"835,1501666428902","736,640015",1,4,2024-01-25
2024-01-25 19:00:00,"835,1501666428902","679,070007",1,4,2024-01-25
2024-01-25 20:00:00,"835,1501666428902","643,580017",1,4,2024-01-25
2024-01-25 21:00:00,"835,1501666428902","599,73999",1,4,2024-01-25
2024-01-25 22:00:00,"835,1501666428902","560,440002",1,4,2024-01-25
2024-01-25 23:00:00,"835,1501666428902","468,200012",1,4,2024-01-25
2024-01-26 00:00:00,"835,1501666428902","462,23999",1,4,2024-01-26
2024-01-26 01:00:00,"835,1501666428902","436,070007",1,4,2024-01-26
2024-01-26 02:00:00,"835,1501666428902","420,109985",1,4,2024-01-26
2024-01-26 03:00:00,"835,1501666428902","415,269989",1,4,2024-01-26
2024-01-26 04:00:00,"835,1501666428902","388,869995",1,4,2024-01-26
2024-01-26 05:00:00,"835,1501666428902","432,040009",1,4,2024-01-26
2024-01-26 06:00:00,"835,1501666428902","469,470001",1,4,2024-01-26
2024-01-26 07:00:00,"835,1501666428902","484,149994",1,4,2024-01-26
2024-01-26 08:00:00,"835,1501666428902","475,660004",1,4,2024-01-26
2024-01-26 09:00:00,"835,1501666428902","456,420013",1,4,2024-01-26
2024-01-26 10:00:00,"835,1501666428902","437,929993",1,4,2024-01-26
2024-01-26 11:00:00,"835,1501666428902","389,769989",1,4,2024-01-26
2024-01-26 12:00:00,"835,1501666428902","346,450012",1,4,2024-01-26
2024-01-26 13:00:00,"835,1501666428902","367,399994",1,4,2024-01-26
2024-01-26 14:00:00,"835,1501666428902","364,640015",1,4,2024-01-26
2024-01-26 15:00:00,"835,1501666428902","383,809998",1,4,2024-01-26
2024-01-26 16:00:00,"835,1501666428902","427,720001",1,4,2024-01-26
2024-01-26 17:00:00,"835,1501666428902","404,01001",1,4,2024-01-26
2024-01-26 18:00:00,"835,1501666428902","249,830002",1,4,2024-01-26
2024-01-26 19:00:00,"835,1501666428902","205,619995",1,4,2024-01-26
2024-01-26 20:00:00,"835,1501666428902","192,050003",1,4,2024-01-26
2024-01-26 21:00:00,"835,1501666428902","181,839996",1,4,2024-01-26
2024-01-26 22:00:00,"835,1501666428902","163,869995",1,4,2024-01-26
2024-01-26 23:00:00,"835,1501666428902","144,039993",1,4,2024-01-26
2024-01-27 00:00:00,"835,1501666428902","136,130005",1,4,2024-01-27
2024-01-27 01:00:00,"835,1501666428902","131,440002",1,4,2024-01-27
2024-01-27 02:00:00,"835,1501666428902","134,339996",1,4,2024-01-27
2024-01-27 03:00:00,"835,1501666428902","137,850006",1,4,2024-01-27
2024-01-27 04:00:00,"835,1501666428902","140,460007",1,4,2024-01-27
2024-01-27 05:00:00,"835,1501666428902","144,710007",1,4,2024-01-27
2024-01-27 06:00:00,"835,1501666428902","154,399994",1,4,2024-01-27
2024-01-27 07:00:00,"835,1501666428902","215,080002",1,4,2024-01-27
2024-01-27 08:00:00,"835,1501666428902","237,820007",1,4,2024-01-27
2024-01-27 09:00:00,"835,1501666428902","341,600006",1,4,2024-01-27
2024-01-27 10:00:00,"835,1501666428902","422,040009",1,4,2024-01-27
2024-01-27 11:00:00,"835,1501666428902","416,299988",1,4,2024-01-27
2024-01-27 12:00:00,"835,1501666428902","242,220001",1,4,2024-01-27
2024-01-27 13:00:00,"835,1501666428902","296,570007",1,4,2024-01-27
2024-01-27 14:00:00,"835,1501666428902","432,029999",1,4,2024-01-27
2024-01-27 15:00:00,"835,1501666428902","439,339996",1,4,2024-01-27
2024-01-27 16:00:00,"835,1501666428902","460,359985",1,4,2024-01-27
2024-01-27 17:00:00,"835,1501666428902","457,079987",1,4,2024-01-27
2024-01-27 18:00:00,"835,1501666428902","443,070007",1,4,2024-01-27
2024-01-27 19:00:00,"835,1501666428902","433,970001",1,4,2024-01-27
2024-01-27 20:00:00,"835,1501666428902","431,290009",1,4,2024-01-27
2024-01-27 21:00:00,"835,1501666428902","430,390015",1,4,2024-01-27
2024-01-27 22:00:00,"835,1501666428902","429,5",1,4,2024-01-27
2024-01-27 23:00:00,"835,1501666428902","497,75",1,4,2024-01-27
2024-01-28 00:00:00,"835,1501666428902","438,339996",1,4,2024-01-28
2024-01-28 01:00:00,"835,1501666428902","434,309998",1,4,2024-01-28
2024-01-28 02:00:00,"835,1501666428902","430,290009",1,4,2024-01-28
2024-01-28 03:00:00,"835,1501666428902","431,399994",1,4,2024-01-28
2024-01-28 04:00:00,"835,1501666428902","429,609985",1,4,2024-01-28
2024-01-28 05:00:00,"835,1501666428902","430,290009",1,4,2024-01-28
2024-01-28 06:00:00,"835,1501666428902","439,679993",1,4,2024-01-28
2024-01-28 07:00:00,"835,1501666428902","441,320007",1,4,2024-01-28
2024-01-28 08:00:00,"835,1501666428902","410,609985",1,4,2024-01-28
2024-01-28 09:00:00,"835,1501666428902","381,380005",1,4,2024-01-28
2024-01-28 10:00:00,"835,1501666428902","341,049988",1,4,2024-01-28
2024-01-28 11:00:00,"835,1501666428902","309,970001",1,4,2024-01-28
2024-01-28 12:00:00,"835,1501666428902","298,859985",1,4,2024-01-28
2024-01-28 13:00:00,"835,1501666428902","377,579987",1,4,2024-01-28
2024-01-28 14:00:00,"835,1501666428902","420,519989",1,4,2024-01-28
2024-01-28 15:00:00,"835,1501666428902","431,850006",1,4,2024-01-28
2024-01-28 16:00:00,"835,1501666428902","431,329987",1,4,2024-01-28
2024-01-28 17:00:00,"835,1501666428902","427,380005",1,4,2024-01-28
2024-01-28 18:00:00,"835,1501666428902","422,01001",1,4,2024-01-28
2024-01-28 19:00:00,"835,1501666428902","217,75",1,4,2024-01-28
2024-01-28 20:00:00,"835,1501666428902","122,029999",1,4,2024-01-28
2024-01-28 21:00:00,"835,1501666428902","74,550003",1,4,2024-01-28
2024-01-28 22:00:00,"835,1501666428902","51,59",1,4,2024-01-28
2024-01-28 23:00:00,"835,1501666428902","111,82",1,4,2024-01-28
2024-04-01 00:00:00,"677,9842431693211","343,549988",2,1,2024-04-01
2024-04-01 01:00:00,"730,6849017084061","325,049988",2,1,2024-04-01
2024-04-01 02:00:00,"806,7099182808447","368,459991",2,1,2024-04-01
2024-04-01 03:00:00,"835,1501666428902","390,459991",2,1,2024-04-01
2024-04-01 04:00:00,"835,1501666428902","437,899994",2,1,2024-04-01
2024-04-01 05:00:00,"835,1501666428902","481,01001",2,1,2024-04-01
2024-04-01 06:00:00,"835,1501666428902","437,899994",2,1,2024-04-01
2024-04-01 07:00:00,"835,1501666428902","454,160004",2,1,2024-04-01
2024-04-01 08:00:00,"835,1501666428902","405,450012",2,1,2024-04-01
2024-04-01 09:00:00,"835,1501666428902","226,669998",2,1,2024-04-01
2024-04-01 10:00:00,"835,1501666428902","134,550003",2,1,2024-04-01
2024-04-01 11:00:00,"835,1501666428902","149,550003",2,1,2024-04-01
2024-04-01 12:00:00,"835,1501666428902","74,809998",2,1,2024-04-01
2024-04-01 13:00:00,"835,1501666428902","33,34",2,1,2024-04-01
2024-04-01 14:00:00,"835,1501666428902","30,73",2,1,2024-04-01
2024-04-01 15:00:00,"835,1501666428902","98,080002",2,1,2024-04-01
2024-04-01 16:00:00,"835,1501666428902","258,149994",2,1,2024-04-01
2024-04-01 17:00:00,"835,1501666428902","361,970001",2,1,2024-04-01
2024-04-01 18:00:00,"835,1501666428902","372,040009",2,1,2024-04-01
2024-04-01 19:00:00,"835,1501666428902","340,790009",2,1,2024-04-01
2024-04-01 20:00:00,"835,1501666428902","193,699997",2,1,2024-04-01
2024-04-01 21:00:00,"835,1501666428902","55,720001",2,1,2024-04-01
2024-04-01 22:00:00,"835,1501666428902","59,450001",2,1,2024-04-01
2024-04-01 23:00:00,"835,1501666428902","9,55",2,1,2024-04-01
2024-04-02 00:00:00,"835,1501666428902","4,55",2,1,2024-04-02
2024-04-02 01:00:00,"835,1501666428902","6,49",2,1,2024-04-02
2024-04-02 02:00:00,"835,1501666428902","14,47",2,1,2024-04-02
2024-04-02 03:00:00,"835,1501666428902","54,220001",2,1,2024-04-02
2024-04-02 04:00:00,"835,1501666428902","426,790009",2,1,2024-04-02
2024-04-02 05:00:00,"835,1501666428902","554,630005",2,1,2024-04-02
2024-04-02 06:00:00,"835,1501666428902","501,820007",2,1,2024-04-02
2024-04-02 07:00:00,"835,1501666428902","349,220001",2,1,2024-04-02
2024-04-02 08:00:00,"835,1501666428902","285,589996",2,1,2024-04-02
2024-04-02 09:00:00,"835,1501666428902","293,130005",2,1,2024-04-02
2024-04-02 10:00:00,"835,1501666428902","292,980011",2,1,2024-04-02
2024-04-02 11:00:00,"835,1501666428902","286,190002",2,1,2024-04-02
2024-04-02 12:00:00,"835,1501666428902","248,970001",2,1,2024-04-02
2024-04-02 13:00:00,"835,1501666428902","187,210007",2,1,2024-04-02
2024-04-02 14:00:00,"835,1501666428902","65,860001",2,1,2024-04-02
2024-04-02 15:00:00,"835,1501666428902","307,299988",2,1,2024-04-02
2024-04-02 16:00:00,"835,1501666428902","542,25",2,1,2024-04-02
2024-04-02 17:00:00,"835,1501666428902","711,48999",2,1,2024-04-02
2024-04-02 18:00:00,"835,1501666428902","707,679993",2,1,2024-04-02
2024-04-02 19:00:00,"835,1501666428902","582,75",2,1,2024-04-02
2024-04-02 20:00:00,"835,1501666428902","558,359985",2,1,2024-04-02
2024-04-02 21:00:00,"835,1501666428902","528,669983",2,1,2024-04-02
2024-04-02 22:00:00,"835,1501666428902","552,840027",2,1,2024-04-02
2024-04-02 23:00:00,"835,1501666428902","535,090027",2,1,2024-04-02
2024-04-03 00:00:00,"835,1501666428902","522,419983",2,1,2024-04-03
2024-04-03 01:00:00,"835,1501666428902","482,220001",2,1,2024-04-03
2024-04-03 02:00:00,"835,1501666428902","483,929993",2,1,2024-04-03
2024-04-03 03:00:00,"835,1501666428902","512,570007",2,1,2024-04-03
2024-04-03 04:00:00,"835,1501666428902","707,820007",2,1,2024-04-03
2024-04-03 05:00:00,"835,1501666428902","879,48999",2,1,2024-04-03
2024-04-03 06:00:00,"835,1501666428902","879,48999",2,1,2024-04-03
2024-04-03 07:00:00,"835,1501666428902","753,080017",2,1,2024-04-03
2024-04-03 08:00:00,"835,1501666428902","800,590027",2,1,2024-04-03
2024-04-03 09:00:00,"835,1501666428902","677,23999",2,1,2024-04-03
2024-04-03 10:00:00,"835,1501666428902","611,76001",2,1,2024-04-03
2024-04-03 11:00:00,"835,1501666428902","573,349976",2,1,2024-04-03
2024-04-03 12:00:00,"835,1501666428902","544,710022",2,1,2024-04-03
2024-04-03 13:00:00,"835,1501666428902","531,890015",2,1,2024-04-03
2024-04-03 14:00:00,"835,1501666428902","558,289978",2,1,2024-04-03
2024-04-03 15:00:00,"835,1501666428902","672,840027",2,1,2024-04-03
2024-04-03 16:00:00,"835,1501666428902","806,47998",2,1,2024-04-03
2024-04-03 17:00:00,"835,1501666428902","897,539978",2,1,2024-04-03
2024-04-03 18:00:00,"835,1501666428902","739,359985",2,1,2024-04-03
2024-04-03 19:00:00,"835,1501666428902","557,169983",2,1,2024-04-03
2024-04-03 20:00:00,"835,1501666428902","458,579987",2,1,2024-04-03
2024-04-03 21:00:00,"835,1501666428902","412,640015",2,1,2024-04-03
2024-04-03 22:00:00,"835,1501666428902","406,619995",2,1,2024-04-03
2024-04-03 23:00:00,"835,1501666428902","387,899994",2,1,2024-04-03
2024-04-04 00:00:00,"835,1501666428902","374,179993",2,1,2024-04-04
2024-04-04 01:00:00,"835,1501666428902","384,619995",2,1,2024-04-04
2024-04-04 02:00:00,"835,1501666428902","387,380005",2,1,2024-04-04
2024-04-04 03:00:00,"835,1501666428902","403,339996",2,1,2024-04-04
2024-04-04 04:00:00,"835,1501666428902","454,200012",2,1,2024-04-04
2024-04-04 05:00:00,"835,1501666428902","576,219971",2,1,2024-04-04
2024-04-04 06:00:00,"835,1501666428902","561,830017",2,1,2024-04-04
2024-04-04 07:00:00,"835,1501666428902","535,419983",2,1,2024-04-04
2024-04-04 08:00:00,"835,1501666428902","515,880005",2,1,2024-04-04
2024-04-04 09:00:00,"835,1501666428902","470,309998",2,1,2024-04-04
2024-04-04 10:00:00,"835,1501666428902","433,170013",2,1,2024-04-04
2024-04-04 11:00:00,"835,1501666428902","419,299988",2,1,2024-04-04
2024-04-04 12:00:00,"835,1501666428902","413,850006",2,1,2024-04-04
2024-04-04 13:00:00,"835,1501666428902","418,929993",2,1,2024-04-04
2024-04-04 14:00:00,"835,1501666428902","425,709991",2,1,2024-04-04
2024-04-04 15:00:00,"835,1501666428902","515,210022",2,1,2024-04-04
2024-04-04 16:00:00,"835,1501666428902","562,049988",2,1,2024-04-04
2024-04-04 17:00:00,"835,1501666428902","676,159973",2,1,2024-04-04
2024-04-04 18:00:00,"835,1501666428902","600,97998",2,1,2024-04-04
2024-04-04 19:00:00,"835,1501666428902","533,47998",2,1,2024-04-04
2024-04-04 20:00:00,"835,1501666428902","520,280029",2,1,2024-04-04
2024-04-04 21:00:00,"835,1501666428902","430,109985",2,1,2024-04-04
2024-04-04 22:00:00,"835,1501666428902","348,920013",2,1,2024-04-04
2024-04-04 23:00:00,"835,1501666428902","360,029999",2,1,2024-04-04
2024-04-05 00:00:00,"835,1501666428902","354,440002",2,1,2024-04-05
2024-04-05 01:00:00,"835,1501666428902","347,049988",2,1,2024-04-05
2024-04-05 02:00:00,"835,1501666428902","353,320007",2,1,2024-04-05
2024-04-05 03:00:00,"835,1501666428902","352,720001",2,1,2024-04-05
2024-04-05 04:00:00,"835,1501666428902","555,380005",2,1,2024-04-05
2024-04-05 05:00:00,"835,1501666428902","613,26001",2,1,2024-04-05
2024-04-05 06:00:00,"835,1501666428902","604,159973",2,1,2024-04-05
2024-04-05 07:00:00,"835,1501666428902","496,679993",2,1,2024-04-05
2024-04-05 08:00:00,"835,1501666428902","376,660004",2,1,2024-04-05
2024-04-05 09:00:00,"835,1501666428902","339,670013",2,1,2024-04-05
2024-04-05 10:00:00,"835,1501666428902","331,390015",2,1,2024-04-05
2024-04-05 11:00:00,"835,1501666428902","298,570007",2,1,2024-04-05
2024-04-05 12:00:00,"835,1501666428902","276,48999",2,1,2024-04-05
2024-04-05 13:00:00,"835,1501666428902","231,520004",2,1,2024-04-05
2024-04-05 14:00:00,"835,1501666428902","205,929993",2,1,2024-04-05
2024-04-05 15:00:00,"835,1501666428902","298,269989",2,1,2024-04-05
2024-04-05 16:00:00,"835,1501666428902","370,320007",2,1,2024-04-05
2024-04-05 17:00:00,"835,1501666428902","398,299988",2,1,2024-04-05
2024-04-05 18:00:00,"835,1501666428902","402,170013",2,1,2024-04-05
2024-04-05 19:00:00,"835,1501666428902","398,299988",2,1,2024-04-05
2024-04-05 20:00:00,"835,1501666428902","393,299988",2,1,2024-04-05
2024-04-05 21:00:00,"835,1501666428902","370,100006",2,1,2024-04-05
2024-04-05 22:00:00,"835,1501666428902","313,649994",2,1,2024-04-05
2024-04-05 23:00:00,"835,1501666428902","326,549988",2,1,2024-04-05
2024-04-06 00:00:00,"835,1501666428902","328,190002",2,1,2024-04-06
2024-04-06 01:00:00,"835,1501666428902","334,679993",2,1,2024-04-06
2024-04-06 02:00:00,"835,1501666428902","354,369995",2,1,2024-04-06
2024-04-06 03:00:00,"835,1501666428902","359,890015",2,1,2024-04-06
2024-04-06 04:00:00,"835,1501666428902","372,5",2,1,2024-04-06
2024-04-06 05:00:00,"835,1501666428902","382,339996",2,1,2024-04-06
2024-04-06 06:00:00,"835,1501666428902","374,660004",2,1,2024-04-06
2024-04-06 07:00:00,"835,1501666428902","359,890015",2,1,2024-04-06
2024-04-06 08:00:00,"835,1501666428902","291,790009",2,1,2024-04-06
2024-04-06 09:00:00,"835,1501666428902","298,279999",2,1,2024-04-06
2024-04-06 10:00:00,"835,1501666428902","295,0",2,1,2024-04-06
2024-04-06 11:00:00,"835,1501666428902","282,23999",2,1,2024-04-06
2024-04-06 12:00:00,"835,1501666428902","260,459991",2,1,2024-04-06
2024-04-06 13:00:00,"835,1501666428902","292,459991",2,1,2024-04-06
2024-04-06 14:00:00,"835,1501666428902","297,380005",2,1,2024-04-06
2024-04-06 15:00:00,"835,1501666428902","345,200012",2,1,2024-04-06
2024-04-06 16:00:00,"835,1501666428902","393,079987",2,1,2024-04-06
2024-04-06 17:00:00,"835,1501666428902","435,369995",2,1,2024-04-06
2024-04-06 18:00:00,"835,1501666428902","360,109985",2,1,2024-04-06
2024-04-06 19:00:00,"835,1501666428902","335,799988",2,1,2024-04-06
2024-04-06 20:00:00,"835,1501666428902","297,309998",2,1,2024-04-06
2024-04-06 21:00:00,"835,1501666428902","188,410004",2,1,2024-04-06
2024-04-06 22:00:00,"835,1501666428902","84,279999",2,1,2024-04-06
2024-04-06 23:00:00,"835,1501666428902","0,75",2,1,2024-04-06
2024-04-07 00:00:00,"835,1501666428902","0,0",2,1,2024-04-07
2024-04-07 01:00:00,"835,1501666428902","0,0",2,1,2024-04-07
2024-04-07 02:00:00,"835,1501666428902","0,0",2,1,2024-04-07
2024-04-07 03:00:00,"835,1501666428902","0,0",2,1,2024-04-07
2024-04-07 04:00:00,"835,1501666428902","0,0",2,1,2024-04-07
2024-04-07 05:00:00,"835,1501666428902","0,0",2,1,2024-04-07
2024-04-07 06:00:00,"835,1501666428902","0,0",2,1,2024-04-07
2024-04-07 07:00:00,"835,1501666428902","-0,07",2,1,2024-04-07
2024-04-07 08:00:00,"835,1501666428902","-1,19",2,1,2024-04-07
2024-04-07 09:00:00,"835,1501666428902","-22,450001",2,1,2024-04-07
2024-04-07 10:00:00,"835,1501666428902","-29,76",2,1,2024-04-07
2024-04-07 11:00:00,"835,1501666428902","-48,849998",2,1,2024-04-07
2024-04-07 12:00:00,"835,1501666428902","-74,589996",2,1,2024-04-07
2024-04-07 13:00:00,"835,1501666428902","-37,59",2,1,2024-04-07
2024-04-07 14:00:00,"835,1501666428902","-1,19",2,1,2024-04-07
2024-04-07 15:00:00,"835,1501666428902","51,610001",2,1,2024-04-07
2024-04-07 16:00:00,"835,1501666428902","682,159973",2,1,2024-04-07
2024-04-07 17:00:00,"835,1501666428902","808,440002",2,1,2024-04-07
2024-04-07 18:00:00,"835,1501666428902","793,599976",2,1,2024-04-07
2024-04-07 19:00:00,"835,1501666428902","670,900024",2,1,2024-04-07
2024-04-07 20:00:00,"835,1501666428902","577,73999",2,1,2024-04-07
2024-04-07 21:00:00,"835,1501666428902","494,730011",2,1,2024-04-07
2024-04-07 22:00:00,"835,1501666428902","527,849976",2,1,2024-04-07
2024-04-07 23:00:00,"835,1501666428902","494,359985",2,1,2024-04-07
2024-04-08 00:00:00,"701,9756828114117","292,079987",2,2,2024-04-08
2024-04-08 01:00:00,"730,6849017084061","312,290009",2,2,2024-04-08
2024-04-08 02:00:00,"806,7099182808447","328,480011",2,2,2024-04-08
2024-04-08 03:00:00,"835,1501666428902","494,799988",2,2,2024-04-08
2024-04-08 04:00:00,"835,1501666428902","760,700012",2,2,2024-04-08
2024-04-08 05:00:00,"835,1501666428902","1117,150024",2,2,2024-04-08
2024-04-08 06:00:00,"835,1501666428902","958,580017",2,2,2024-04-08
2024-04-08 07:00:00,"835,1501666428902","637,789978",2,2,2024-04-08
2024-04-08 08:00:00,"835,1501666428902","601,159973",2,2,2024-04-08
2024-04-08 09:00:00,"835,1501666428902","531,280029",2,2,2024-04-08
2024-04-08 10:00:00,"835,1501666428902","482,570007",2,2,2024-04-08
2024-04-08 11:00:00,"835,1501666428902","447,519989",2,2,2024-04-08
2024-04-08 12:00:00,"835,1501666428902","431,779999",2,2,2024-04-08
2024-04-08 13:00:00,"835,1501666428902","472,880005",2,2,2024-04-08
2024-04-08 14:00:00,"835,1501666428902","522,099976",2,2,2024-04-08
2024-04-08 15:00:00,"835,1501666428902","559,469971",2,2,2024-04-08
2024-04-08 16:00:00,"835,1501666428902","782,409973",2,2,2024-04-08
2024-04-08 17:00:00,"835,1501666428902","1024,069946",2,2,2024-04-08
2024-04-08 18:00:00,"835,1501666428902","930,830017",2,2,2024-04-08
2024-04-08 19:00:00,"835,1501666428902","632,859985",2,2,2024-04-08
2024-04-08 20:00:00,"835,1501666428902","574,309998",2,2,2024-04-08
2024-04-08 21:00:00,"835,1501666428902","523,52002",2,2,2024-04-08
2024-04-08 22:00:00,"835,1501666428902","583,330017",2,2,2024-04-08
2024-04-08 23:00:00,"835,1501666428902","517,549988",2,2,2024-04-08
2024-04-09 00:00:00,"835,1501666428902","482,790009",2,2,2024-04-09
2024-04-09 01:00:00,"835,1501666428902","440,200012",2,2,2024-04-09
2024-04-09 02:00:00,"835,1501666428902","453,779999",2,2,2024-04-09
2024-04-09 03:00:00,"835,1501666428902","488,390015",2,2,2024-04-09
2024-04-09 04:00:00,"835,1501666428902","631,070007",2,2,2024-04-09
2024-04-09 05:00:00,"835,1501666428902","670,900024",2,2,2024-04-09
2024-04-09 06:00:00,"835,1501666428902","595,039978",2,2,2024-04-09
2024-04-09 07:00:00,"835,1501666428902","509,420013",2,2,2024-04-09
2024-04-09 08:00:00,"835,1501666428902","376,51001",2,2,2024-04-09
2024-04-09 09:00:00,"835,1501666428902","336,160004",2,2,2024-04-09
2024-04-09 10:00:00,"835,1501666428902","279,920013",2,2,2024-04-09
2024-04-09 11:00:00,"835,1501666428902","224,059998",2,2,2024-04-09
2024-04-09 12:00:00,"835,1501666428902","200,860001",2,2,2024-04-09
2024-04-09 13:00:00,"835,1501666428902","221,970001",2,2,2024-04-09
2024-04-09 14:00:00,"835,1501666428902","296,850006",2,2,2024-04-09
2024-04-09 15:00:00,"835,1501666428902","360,769989",2,2,2024-04-09
2024-04-09 16:00:00,"835,1501666428902","479,730011",2,2,2024-04-09
2024-04-09 17:00:00,"835,1501666428902","595,119995",2,2,2024-04-09
2024-04-09 18:00:00,"835,1501666428902","447,140015",2,2,2024-04-09
2024-04-09 19:00:00,"835,1501666428902","359,649994",2,2,2024-04-09
2024-04-09 20:00:00,"835,1501666428902","335,640015",2,2,2024-04-09
2024-04-09 21:00:00,"835,1501666428902","257,619995",2,2,2024-04-09
2024-04-09 22:00:00,"835,1501666428902","68,550003",2,2,2024-04-09
2024-04-09 23:00:00,"835,1501666428902","30,58",2,2,2024-04-09
2024-04-10 00:00:00,"835,1501666428902","11,64",2,2,2024-04-10
2024-04-10 01:00:00,"835,1501666428902","9,55",2,2,2024-04-10
2024-04-10 02:00:00,"835,1501666428902","1,27",2,2,2024-04-10
2024-04-10 03:00:00,"835,1501666428902","11,49",2,2,2024-04-10
2024-04-10 04:00:00,"835,1501666428902","23,049999",2,2,2024-04-10
2024-04-10 05:00:00,"835,1501666428902","101,290001",2,2,2024-04-10
2024-04-10 06:00:00,"835,1501666428902","145,0",2,2,2024-04-10
2024-04-10 07:00:00,"835,1501666428902","116,660004",2,2,2024-04-10
2024-04-10 08:00:00,"835,1501666428902","95,019997",2,2,2024-04-10
2024-04-10 09:00:00,"835,1501666428902","45,5",2,2,2024-04-10
2024-04-10 10:00:00,"835,1501666428902","11,86",2,2,2024-04-10
2024-04-10 11:00:00,"835,1501666428902","2,69",2,2,2024-04-10
2024-04-10 12:00:00,"835,1501666428902","0,0",2,2,2024-04-10
2024-04-10 13:00:00,"835,1501666428902","0,07",2,2,2024-04-10
2024-04-10 14:00:00,"835,1501666428902","11,86",2,2,2024-04-10
2024-04-10 15:00:00,"835,1501666428902","122,169998",2,2,2024-04-10
2024-04-10 16:00:00,"835,1501666428902","616,469971",2,2,2024-04-10
2024-04-10 17:00:00,"835,1501666428902","1084,949951",2,2,2024-04-10
2024-04-10 18:00:00,"835,1501666428902","1052,430054",2,2,2024-04-10
2024-04-10 19:00:00,"835,1501666428902","722,380005",2,2,2024-04-10
2024-04-10 20:00:00,"835,1501666428902","392,029999",2,2,2024-04-10
2024-04-10 21:00:00,"835,1501666428902","352,200012",2,2,2024-04-10
2024-04-10 22:00:00,"835,1501666428902","303,440002",2,2,2024-04-10
2024-04-10 23:00:00,"835,1501666428902","198,940002",2,2,2024-04-10
2024-04-11 00:00:00,"835,1501666428902","165,589996",2,2,2024-04-11
2024-04-11 01:00:00,"835,1501666428902","74,519997",2,2,2024-04-11
2024-04-11 02:00:00,"835,1501666428902","11,71",2,2,2024-04-11
2024-04-11 03:00:00,"835,1501666428902","11,64",2,2,2024-04-11
2024-04-11 04:00:00,"835,1501666428902","19,469999",2,2,2024-04-11
2024-04-11 05:00:00,"835,1501666428902","297,399994",2,2,2024-04-11
2024-04-11 06:00:00,"835,1501666428902","309,929993",2,2,2024-04-11
2024-04-11 07:00:00,"835,1501666428902","223,770004",2,2,2024-04-11
2024-04-11 08:00:00,"835,1501666428902","74,959999",2,2,2024-04-11
2024-04-11 09:00:00,"835,1501666428902","6,41",2,2,2024-04-11
2024-04-11 10:00:00,"835,1501666428902","6,79",2,2,2024-04-11
2024-04-11 11:00:00,"835,1501666428902","8,21",2,2,2024-04-11
2024-04-11 12:00:00,"835,1501666428902","4,25",2,2,2024-04-11
2024-04-11 13:00:00,"835,1501666428902","96,07",2,2,2024-04-11
2024-04-11 14:00:00,"835,1501666428902","64,75",2,2,2024-04-11
2024-04-11 15:00:00,"835,1501666428902","347,070007",2,2,2024-04-11
2024-04-11 16:00:00,"835,1501666428902","711,75",2,2,2024-04-11
2024-04-11 17:00:00,"835,1501666428902","1002,210022",2,2,2024-04-11
2024-04-11 18:00:00,"835,1501666428902","893,609985",2,2,2024-04-11
2024-04-11 19:00:00,"835,1501666428902","679,159973",2,2,2024-04-11
2024-04-11 20:00:00,"835,1501666428902","541,159973",2,2,2024-04-11
2024-04-11 21:00:00,"835,1501666428902","451,059998",2,2,2024-04-11
2024-04-11 22:00:00,"835,1501666428902","339,720001",2,2,2024-04-11
2024-04-11 23:00:00,"835,1501666428902","325,029999",2,2,2024-04-11
2024-04-12 00:00:00,"835,1501666428902","331,73999",2,2,2024-04-12
2024-04-12 01:00:00,"835,1501666428902","304,51001",2,2,2024-04-12
2024-04-12 02:00:00,"835,1501666428902","298,399994",2,2,2024-04-12
2024-04-12 03:00:00,"835,1501666428902","298,399994",2,2,2024-04-12
2024-04-12 04:00:00,"835,1501666428902","308,019989",2,2,2024-04-12
2024-04-12 05:00:00,"835,1501666428902","362,619995",2,2,2024-04-12
2024-04-12 06:00:00,"835,1501666428902","516,75",2,2,2024-04-12
2024-04-12 07:00:00,"835,1501666428902","489,290009",2,2,2024-04-12
2024-04-12 08:00:00,"835,1501666428902","314,51001",2,2,2024-04-12
2024-04-12 09:00:00,"835,1501666428902","186,050003",2,2,2024-04-12
2024-04-12 10:00:00,"835,1501666428902","149,869995",2,2,2024-04-12
2024-04-12 11:00:00,"835,1501666428902","37,150002",2,2,2024-04-12
2024-04-12 12:00:00,"835,1501666428902","6,04",2,2,2024-04-12
2024-04-12 13:00:00,"835,1501666428902","3,21",2,2,2024-04-12
2024-04-12 14:00:00,"835,1501666428902","128,460007",2,2,2024-04-12
2024-04-12 15:00:00,"835,1501666428902","293,920013",2,2,2024-04-12
2024-04-12 16:00:00,"835,1501666428902","351,51001",2,2,2024-04-12
2024-04-12 17:00:00,"835,1501666428902","351,730011",2,2,2024-04-12
2024-04-12 18:00:00,"835,1501666428902","352,029999",2,2,2024-04-12
2024-04-12 19:00:00,"835,1501666428902","351,429993",2,2,2024-04-12
2024-04-12 20:00:00,"835,1501666428902","342,329987",2,2,2024-04-12
2024-04-12 21:00:00,"835,1501666428902","329,200012",2,2,2024-04-12
2024-04-12 22:00:00,"835,1501666428902","175,020004",2,2,2024-04-12
2024-04-12 23:00:00,"835,1501666428902","193,369995",2,2,2024-04-12
2024-04-13 00:00:00,"835,1501666428902","144,429993",2,2,2024-04-13
2024-04-13 01:00:00,"835,1501666428902","130,779999",2,2,2024-04-13
2024-04-13 02:00:00,"835,1501666428902","130,259995",2,2,2024-04-13
2024-04-13 03:00:00,"835,1501666428902","173,899994",2,2,2024-04-13
2024-04-13 04:00:00,"835,1501666428902","207,619995",2,2,2024-04-13
2024-04-13 05:00:00,"835,1501666428902","251,630005",2,2,2024-04-13
2024-04-13 06:00:00,"835,1501666428902","168,600006",2,2,2024-04-13
2024-04-13 07:00:00,"835,1501666428902","65,650002",2,2,2024-04-13
2024-04-13 08:00:00,"835,1501666428902","-0,15",2,2,2024-04-13
2024-04-13 09:00:00,"835,1501666428902","-30,139999",2,2,2024-04-13
2024-04-13 10:00:00,"835,1501666428902","-59,830002",2,2,2024-04-13
2024-04-13 11:00:00,"835,1501666428902","-150,699997",2,2,2024-04-13
2024-04-13 12:00:00,"835,1501666428902","-218,729996",2,2,2024-04-13
2024-04-13 13:00:00,"835,1501666428902","-235,740005",2,2,2024-04-13
2024-04-13 14:00:00,"835,1501666428902","-75,120003",2,2,2024-04-13
2024-04-13 15:00:00,"835,1501666428902","14,92",2,2,2024-04-13
2024-04-13 16:00:00,"835,1501666428902","213,740005",2,2,2024-04-13
2024-04-13 17:00:00,"835,1501666428902","392,859985",2,2,2024-04-13
2024-04-13 18:00:00,"835,1501666428902","298,630005",2,2,2024-04-13
2024-04-13 19:00:00,"835,1501666428902","258,5",2,2,2024-04-13
2024-04-13 20:00:00,"835,1501666428902","153,679993",2,2,2024-04-13
2024-04-13 21:00:00,"835,1501666428902","52,59",2,2,2024-04-13
2024-04-13 22:00:00,"835,1501666428902","3,21",2,2,2024-04-13
2024-04-13 23:00:00,"835,1501666428902","6,19",2,2,2024-04-13
2024-04-14 00:00:00,"835,1501666428902","6,79",2,2,2024-04-14
2024-04-14 01:00:00,"835,1501666428902","3,13",2,2,2024-04-14
2024-04-14 02:00:00,"835,1501666428902","3,66",2,2,2024-04-14
2024-04-14 03:00:00,"835,1501666428902","21,709999",2,2,2024-04-14
2024-04-14 04:00:00,"835,1501666428902","93,629997",2,2,2024-04-14
2024-04-14 05:00:00,"835,1501666428902","96,989998",2,2,2024-04-14
2024-04-14 06:00:00,"835,1501666428902","55,279999",2,2,2024-04-14
2024-04-14 07:00:00,"835,1501666428902","0,0",2,2,2024-04-14
2024-04-14 08:00:00,"835,1501666428902","-17,16",2,2,2024-04-14
2024-04-14 09:00:00,"835,1501666428902","-89,379997",2,2,2024-04-14
2024-04-14 10:00:00,"835,1501666428902","-314,399994",2,2,2024-04-14
2024-04-14 11:00:00,"835,1501666428902","-397,73999",2,2,2024-04-14
2024-04-14 12:00:00,"835,1501666428902","-402,880005",2,2,2024-04-14
2024-04-14 13:00:00,"835,1501666428902","-298,809998",2,2,2024-04-14
2024-04-14 14:00:00,"835,1501666428902","-46,630001",2,2,2024-04-14
2024-04-14 15:00:00,"835,1501666428902","11,71",2,2,2024-04-14
2024-04-14 16:00:00,"835,1501666428902","157,419998",2,2,2024-04-14
2024-04-14 17:00:00,"835,1501666428902","655,059998",2,2,2024-04-14
2024-04-14 18:00:00,"835,1501666428902","894,619995",2,2,2024-04-14
2024-04-14 19:00:00,"835,1501666428902","840,159973",2,2,2024-04-14
2024-04-14 20:00:00,"835,1501666428902","724,890015",2,2,2024-04-14
2024-04-14 21:00:00,"835,1501666428902","594,549988",2,2,2024-04-14
2024-04-14 22:00:00,"835,1501666428902","343,269989",2,2,2024-04-14
2024-04-14 23:00:00,"835,1501666428902","334,690002",2,2,2024-04-14
2024-04-15 00:00:00,"662,3986145165759","526,359985",2,3,2024-04-15
2024-04-15 01:00:00,"727,6613028911116","491,220001",2,3,2024-04-15
2024-04-15 02:00:00,"806,7099182808447","561,280029",2,3,2024-04-15
2024-04-15 03:00:00,"835,1501666428902","647,150024",2,3,2024-04-15
2024-04-15 04:00:00,"835,1501666428902","863,440002",2,3,2024-04-15
2024-04-15 05:00:00,"835,1501666428902","1261,98999",2,3,2024-04-15
2024-04-15 06:00:00,"835,1501666428902","1143,290039",2,3,2024-04-15
2024-04-15 07:00:00,"835,1501666428902","683,109985",2,3,2024-04-15
2024-04-15 08:00:00,"835,1501666428902","568,809998",2,3,2024-04-15
2024-04-15 09:00:00,"835,1501666428902","425,269989",2,3,2024-04-15
2024-04-15 10:00:00,"835,1501666428902","320,809998",2,3,2024-04-15
2024-04-15 11:00:00,"835,1501666428902","245,389999",2,3,2024-04-15
2024-04-15 12:00:00,"835,1501666428902","145,490005",2,3,2024-04-15
2024-04-15 13:00:00,"835,1501666428902","223,380005",2,3,2024-04-15
2024-04-15 14:00:00,"835,1501666428902","265,459991",2,3,2024-04-15
2024-04-15 15:00:00,"835,1501666428902","345,440002",2,3,2024-04-15
2024-04-15 16:00:00,"835,1501666428902","516,289978",2,3,2024-04-15
2024-04-15 17:00:00,"835,1501666428902","588,809998",2,3,2024-04-15
2024-04-15 18:00:00,"835,1501666428902","574,630005",2,3,2024-04-15
2024-04-15 19:00:00,"835,1501666428902","494,730011",2,3,2024-04-15
2024-04-15 20:00:00,"835,1501666428902","394,899994",2,3,2024-04-15
2024-04-15 21:00:00,"835,1501666428902","261,200012",2,3,2024-04-15
2024-04-15 22:00:00,"835,1501666428902","231,639999",2,3,2024-04-15
2024-04-15 23:00:00,"835,1501666428902","132,720001",2,3,2024-04-15
2024-04-16 00:00:00,"835,1501666428902","49,610001",2,3,2024-04-16
2024-04-16 01:00:00,"835,1501666428902","40,959999",2,3,2024-04-16
2024-04-16 02:00:00,"835,1501666428902","133,539993",2,3,2024-04-16
2024-04-16 03:00:00,"835,1501666428902","270,209991",2,3,2024-04-16
2024-04-16 04:00:00,"835,1501666428902","384,880005",2,3,2024-04-16
2024-04-16 05:00:00,"835,1501666428902","554,0",2,3,2024-04-16
2024-04-16 06:00:00,"835,1501666428902","554,0",2,3,2024-04-16
2024-04-16 07:00:00,"835,1501666428902","483,5",2,3,2024-04-16
2024-04-16 08:00:00,"835,1501666428902","388,309998",2,3,2024-04-16
2024-04-16 09:00:00,"835,1501666428902","344,290009",2,3,2024-04-16
2024-04-16 10:00:00,"835,1501666428902","320,5",2,3,2024-04-16
2024-04-16 11:00:00,"835,1501666428902","316,089996",2,3,2024-04-16
2024-04-16 12:00:00,"835,1501666428902","322,359985",2,3,2024-04-16
2024-04-16 13:00:00,"835,1501666428902","362,049988",2,3,2024-04-16
2024-04-16 14:00:00,"835,1501666428902","457,540009",2,3,2024-04-16
2024-04-16 15:00:00,"835,1501666428902","594,359985",2,3,2024-04-16
2024-04-16 16:00:00,"835,1501666428902","693,210022",2,3,2024-04-16
2024-04-16 17:00:00,"835,1501666428902","850,400024",2,3,2024-04-16
2024-04-16 18:00:00,"835,1501666428902","928,960022",2,3,2024-04-16
2024-04-16 19:00:00,"835,1501666428902","779,309998",2,3,2024-04-16
2024-04-16 20:00:00,"835,1501666428902","672,169983",2,3,2024-04-16
2024-04-16 21:00:00,"835,1501666428902","627,409973",2,3,2024-04-16
2024-04-16 22:00:00,"835,1501666428902","625,48999",2,3,2024-04-16
2024-04-16 23:00:00,"835,1501666428902","625,48999",2,3,2024-04-16
2024-04-17 00:00:00,"835,1501666428902","606,919983",2,3,2024-04-17
2024-04-17 01:00:00,"835,1501666428902","614,75",2,3,2024-04-17
2024-04-17 02:00:00,"835,1501666428902","618,929993",2,3,2024-04-17
2024-04-17 03:00:00,"835,1501666428902","624,669983",2,3,2024-04-17
2024-04-17 04:00:00,"835,1501666428902","816,109985",2,3,2024-04-17
2024-04-17 05:00:00,"835,1501666428902","1268,069946",2,3,2024-04-17
2024-04-17 06:00:00,"835,1501666428902","1157,650024",2,3,2024-04-17
2024-04-17 07:00:00,"835,1501666428902","780,52002",2,3,2024-04-17
2024-04-17 08:00:00,"835,1501666428902","625,940002",2,3,2024-04-17
2024-04-17 09:00:00,"835,1501666428902","596,099976",2,3,2024-04-17
2024-04-17 10:00:00,"835,1501666428902","599,080017",2,3,2024-04-17
2024-04-17 11:00:00,"835,1501666428902","589,830017",2,3,2024-04-17
2024-04-17 12:00:00,"835,1501666428902","579,76001",2,3,2024-04-17
2024-04-17 13:00:00,"835,1501666428902","574,690002",2,3,2024-04-17
2024-04-17 14:00:00,"835,1501666428902","596,840027",2,3,2024-04-17
2024-04-17 15:00:00,"835,1501666428902","648,320007",2,3,2024-04-17
2024-04-17 16:00:00,"835,1501666428902","857,73999",2,3,2024-04-17
2024-04-17 17:00:00,"835,1501666428902","1193,089966",2,3,2024-04-17
2024-04-17 18:00:00,"835,1501666428902","1267,550049",2,3,2024-04-17
2024-04-17 19:00:00,"835,1501666428902","970,320007",2,3,2024-04-17
2024-04-17 20:00:00,"835,1501666428902","738,890015",2,3,2024-04-17
2024-04-17 21:00:00,"835,1501666428902","655,109985",2,3,2024-04-17
2024-04-17 22:00:00,"835,1501666428902","685,150024",2,3,2024-04-17
2024-04-17 23:00:00,"835,1501666428902","652,23999",2,3,2024-04-17
2024-04-18 00:00:00,"835,1501666428902","660,52002",2,3,2024-04-18
2024-04-18 01:00:00,"835,1501666428902","654,780029",2,3,2024-04-18
2024-04-18 02:00:00,"835,1501666428902","668,580017",2,3,2024-04-18
2024-04-18 03:00:00,"835,1501666428902","697,380005",2,3,2024-04-18
2024-04-18 04:00:00,"835,1501666428902","909,349976",2,3,2024-04-18
2024-04-18 05:00:00,"835,1501666428902","1162,430054",2,3,2024-04-18
2024-04-18 06:00:00,"835,1501666428902","978,809998",2,3,2024-04-18
2024-04-18 07:00:00,"835,1501666428902","754,460022",2,3,2024-04-18
2024-04-18 08:00:00,"835,1501666428902","673,059998",2,3,2024-04-18
2024-04-18 09:00:00,"835,1501666428902","625,76001",2,3,2024-04-18
2024-04-18 10:00:00,"835,1501666428902","601,659973",2,3,2024-04-18
2024-04-18 11:00:00,"835,1501666428902","575,98999",2,3,2024-04-18
2024-04-18 12:00:00,"835,1501666428902","544,72998",2,3,2024-04-18
2024-04-18 13:00:00,"835,1501666428902","527,48999",2,3,2024-04-18
2024-04-18 14:00:00,"835,1501666428902","528,840027",2,3,2024-04-18
2024-04-18 15:00:00,"835,1501666428902","606,799988",2,3,2024-04-18
2024-04-18 16:00:00,"835,1501666428902","701,559998",2,3,2024-04-18
2024-04-18 17:00:00,"835,1501666428902","934,419983",2,3,2024-04-18
2024-04-18 18:00:00,"835,1501666428902","961,200012",2,3,2024-04-18
2024-04-18 19:00:00,"835,1501666428902","790,27002",2,3,2024-04-18
2024-04-18 20:00:00,"835,1501666428902","670,669983",2,3,2024-04-18
2024-04-18 21:00:00,"835,1501666428902","592,179993",2,3,2024-04-18
2024-04-18 22:00:00,"835,1501666428902","576,090027",2,3,2024-04-18
2024-04-18 23:00:00,"835,1501666428902","453,869995",2,3,2024-04-18
2024-04-19 00:00:00,"835,1501666428902","377,019989",2,3,2024-04-19
2024-04-19 01:00:00,"835,1501666428902","369,109985",2,3,2024-04-19
2024-04-19 02:00:00,"835,1501666428902","357,920013",2,3,2024-04-19
2024-04-19 03:00:00,"835,1501666428902","366,200012",2,3,2024-04-19
2024-04-19 04:00:00,"835,1501666428902","448,570007",2,3,2024-04-19
2024-04-19 05:00:00,"835,1501666428902","527,809998",2,3,2024-04-19
2024-04-19 06:00:00,"835,1501666428902","581,01001",2,3,2024-04-19
2024-04-19 07:00:00,"835,1501666428902","516,700012",2,3,2024-04-19
2024-04-19 08:00:00,"835,1501666428902","457,160004",2,3,2024-04-19
2024-04-19 09:00:00,"835,1501666428902","427,380005",2,3,2024-04-19
2024-04-19 10:00:00,"835,1501666428902","389,179993",2,3,2024-04-19
2024-04-19 11:00:00,"835,1501666428902","363,140015",2,3,2024-04-19
2024-04-19 12:00:00,"835,1501666428902","346,059998",2,3,2024-04-19
2024-04-19 13:00:00,"835,1501666428902","353,0",2,3,2024-04-19
2024-04-19 14:00:00,"835,1501666428902","379,859985",2,3,2024-04-19
2024-04-19 15:00:00,"835,1501666428902","427,980011",2,3,2024-04-19
2024-04-19 16:00:00,"835,1501666428902","470,660004",2,3,2024-04-19
2024-04-19 17:00:00,"835,1501666428902","475,660004",2,3,2024-04-19
2024-04-19 18:00:00,"835,1501666428902","482,670013",2,3,2024-04-19
2024-04-19 19:00:00,"835,1501666428902","482,079987",2,3,2024-04-19
2024-04-19 20:00:00,"835,1501666428902","475,359985",2,3,2024-04-19
2024-04-19 21:00:00,"835,1501666428902","459,839996",2,3,2024-04-19
2024-04-19 22:00:00,"835,1501666428902","438,709991",2,3,2024-04-19
2024-04-19 23:00:00,"835,1501666428902","422,209991",2,3,2024-04-19
2024-04-20 00:00:00,"835,1501666428902","417,51001",2,3,2024-04-20
2024-04-20 01:00:00,"835,1501666428902","430,950012",2,3,2024-04-20
2024-04-20 02:00:00,"835,1501666428902","455,5",2,3,2024-04-20
2024-04-20 03:00:00,"835,1501666428902","468,850006",2,3,2024-04-20
2024-04-20 04:00:00,"835,1501666428902","476,98999",2,3,2024-04-20
2024-04-20 05:00:00,"835,1501666428902","507,279999",2,3,2024-04-20
2024-04-20 06:00:00,"835,1501666428902","485,350006",2,3,2024-04-20
2024-04-20 07:00:00,"835,1501666428902","446,98999",2,3,2024-04-20
2024-04-20 08:00:00,"835,1501666428902","373,48999",2,3,2024-04-20
2024-04-20 09:00:00,"835,1501666428902","286,769989",2,3,2024-04-20
2024-04-20 10:00:00,"835,1501666428902","216,179993",2,3,2024-04-20
2024-04-20 11:00:00,"835,1501666428902","92,010002",2,3,2024-04-20
2024-04-20 12:00:00,"835,1501666428902","78,730003",2,3,2024-04-20
2024-04-20 13:00:00,"835,1501666428902","136,779999",2,3,2024-04-20
2024-04-20 14:00:00,"835,1501666428902","279,160004",2,3,2024-04-20
2024-04-20 15:00:00,"835,1501666428902","468,850006",2,3,2024-04-20
2024-04-20 16:00:00,"835,1501666428902","588,77002",2,3,2024-04-20
2024-04-20 17:00:00,"835,1501666428902","668,690002",2,3,2024-04-20
2024-04-20 18:00:00,"835,1501666428902","724,140015",2,3,2024-04-20
2024-04-20 19:00:00,"835,1501666428902","673,919983",2,3,2024-04-20
2024-04-20 20:00:00,"835,1501666428902","642,280029",2,3,2024-04-20
2024-04-20 21:00:00,"835,1501666428902","618,619995",2,3,2024-04-20
2024-04-20 22:00:00,"835,1501666428902","610,679993",2,3,2024-04-20
2024-04-20 23:00:00,"835,1501666428902","526,669983",2,3,2024-04-20
2024-04-21 00:00:00,"835,1501666428902","518,76001",2,3,2024-04-21
2024-04-21 01:00:00,"835,1501666428902","480,48999",2,3,2024-04-21
2024-04-21 02:00:00,"835,1501666428902","476,609985",2,3,2024-04-21
2024-04-21 03:00:00,"835,1501666428902","474,670013",2,3,2024-04-21
2024-04-21 04:00:00,"835,1501666428902","480,709991",2,3,2024-04-21
2024-04-21 05:00:00,"835,1501666428902","451,609985",2,3,2024-04-21
2024-04-21 06:00:00,"835,1501666428902","454,220001",2,3,2024-04-21
2024-04-21 07:00:00,"835,1501666428902","408,339996",2,3,2024-04-21
2024-04-21 08:00:00,"835,1501666428902","322,980011",2,3,2024-04-21
2024-04-21 09:00:00,"835,1501666428902","316,869995",2,3,2024-04-21
2024-04-21 10:00:00,"835,1501666428902","327,829987",2,3,2024-04-21
2024-04-21 11:00:00,"835,1501666428902","314,399994",2,3,2024-04-21
2024-04-21 12:00:00,"835,1501666428902","309,480011",2,3,2024-04-21
2024-04-21 13:00:00,"835,1501666428902","312,839996",2,3,2024-04-21
2024-04-21 14:00:00,"835,1501666428902","355,890015",2,3,2024-04-21
2024-04-21 15:00:00,"835,1501666428902","437,809998",2,3,2024-04-21
2024-04-21 16:00:00,"835,1501666428902","556,590027",2,3,2024-04-21
2024-04-21 17:00:00,"835,1501666428902","666,710022",2,3,2024-04-21
2024-04-21 18:00:00,"835,1501666428902","710,72998",2,3,2024-04-21
2024-04-21 19:00:00,"835,1501666428902","679,469971",2,3,2024-04-21
2024-04-21 20:00:00,"835,1501666428902","667,080017",2,3,2024-04-21
2024-04-21 21:00:00,"835,1501666428902","660,0",2,3,2024-04-21
2024-04-21 22:00:00,"835,1501666428902","589,190002",2,3,2024-04-21
2024-04-21 23:00:00,"835,1501666428902","582,330017",2,3,2024-04-21
2024-04-22 00:00:00,"710,4871005478113","585,23999",2,4,2024-04-22
2024-04-22 01:00:00,"730,6849017084061","596,280029",2,4,2024-04-22
2024-04-22 02:00:00,"806,7099182808447","595,309998",2,4,2024-04-22
2024-04-22 03:00:00,"835,1501666428902","652,830017",2,4,2024-04-22
2024-04-22 04:00:00,"835,1501666428902","790,109985",2,4,2024-04-22
2024-04-22 05:00:00,"835,1501666428902","975,820007",2,4,2024-04-22
2024-04-22 06:00:00,"835,1501666428902","876,359985",2,4,2024-04-22
2024-04-22 07:00:00,"835,1501666428902","724,090027",2,4,2024-04-22
2024-04-22 08:00:00,"835,1501666428902","610,75",2,4,2024-04-22
2024-04-22 09:00:00,"835,1501666428902","606,130005",2,4,2024-04-22
2024-04-22 10:00:00,"835,1501666428902","574,869995",2,4,2024-04-22
2024-04-22 11:00:00,"835,1501666428902","549,650024",2,4,2024-04-22
2024-04-22 12:00:00,"835,1501666428902","553,080017",2,4,2024-04-22
2024-04-22 13:00:00,"835,1501666428902","571,429993",2,4,2024-04-22
2024-04-22 14:00:00,"835,1501666428902","608,590027",2,4,2024-04-22
2024-04-22 15:00:00,"835,1501666428902","722,150024",2,4,2024-04-22
2024-04-22 16:00:00,"835,1501666428902","881,880005",2,4,2024-04-22
2024-04-22 17:00:00,"835,1501666428902","1223,969971",2,4,2024-04-22
2024-04-22 18:00:00,"835,1501666428902","1275,52002",2,4,2024-04-22
2024-04-22 19:00:00,"835,1501666428902","970,299988",2,4,2024-04-22
2024-04-22 20:00:00,"835,1501666428902","789,140015",2,4,2024-04-22
2024-04-22 21:00:00,"835,1501666428902","723,640015",2,4,2024-04-22
2024-04-22 22:00:00,"835,1501666428902","658,969971",2,4,2024-04-22
2024-04-22 23:00:00,"835,1501666428902","646,809998",2,4,2024-04-22
2024-04-23 00:00:00,"835,1501666428902","641,289978",2,4,2024-04-23
2024-04-23 01:00:00,"835,1501666428902","637,340027",2,4,2024-04-23
2024-04-23 02:00:00,"835,1501666428902","644,280029",2,4,2024-04-23
2024-04-23 03:00:00,"835,1501666428902","728,890015",2,4,2024-04-23
2024-04-23 04:00:00,"835,1501666428902","905,789978",2,4,2024-04-23
2024-04-23 05:00:00,"835,1501666428902","1352,420044",2,4,2024-04-23
2024-04-23 06:00:00,"835,1501666428902","1016,820007",2,4,2024-04-23
2024-04-23 07:00:00,"835,1501666428902","734,030029",2,4,2024-04-23
2024-04-23 08:00:00,"835,1501666428902","618,309998",2,4,2024-04-23
2024-04-23 09:00:00,"835,1501666428902","576,450012",2,4,2024-04-23
2024-04-23 10:00:00,"835,1501666428902","577,950012",2,4,2024-04-23
2024-04-23 11:00:00,"835,1501666428902","592,27002",2,4,2024-04-23
2024-04-23 12:00:00,"835,1501666428902","586,599976",2,4,2024-04-23
2024-04-23 13:00:00,"835,1501666428902","597,049988",2,4,2024-04-23
2024-04-23 14:00:00,"835,1501666428902","619,429993",2,4,2024-04-23
2024-04-23 15:00:00,"835,1501666428902","671,289978",2,4,2024-04-23
2024-04-23 16:00:00,"835,1501666428902","764,030029",2,4,2024-04-23
2024-04-23 17:00:00,"835,1501666428902","917,799988",2,4,2024-04-23
2024-04-23 18:00:00,"835,1501666428902","933,169983",2,4,2024-04-23
2024-04-23 19:00:00,"835,1501666428902","784,169983",2,4,2024-04-23
2024-04-23 20:00:00,"835,1501666428902","691,880005",2,4,2024-04-23
2024-04-23 21:00:00,"835,1501666428902","608,460022",2,4,2024-04-23
2024-04-23 22:00:00,"835,1501666428902","595,640015",2,4,2024-04-23
2024-04-23 23:00:00,"835,1501666428902","567,73999",2,4,2024-04-23
2024-04-24 00:00:00,"835,1501666428902","561,840027",2,4,2024-04-24
2024-04-24 01:00:00,"835,1501666428902","545,130005",2,4,2024-04-24
2024-04-24 02:00:00,"835,1501666428902","567,289978",2,4,2024-04-24
2024-04-24 03:00:00,"835,1501666428902","610,47998",2,4,2024-04-24
2024-04-24 04:00:00,"835,1501666428902","758,419983",2,4,2024-04-24
2024-04-24 05:00:00,"835,1501666428902","979,700012",2,4,2024-04-24
2024-04-24 06:00:00,"835,1501666428902","964,109985",2,4,2024-04-24
2024-04-24 07:00:00,"835,1501666428902","724,25",2,4,2024-04-24
2024-04-24 08:00:00,"835,1501666428902","693,590027",2,4,2024-04-24
2024-04-24 09:00:00,"835,1501666428902","679,190002",2,4,2024-04-24
2024-04-24 10:00:00,"835,1501666428902","638,76001",2,4,2024-04-24
2024-04-24 11:00:00,"835,1501666428902","622,789978",2,4,2024-04-24
2024-04-24 12:00:00,"835,1501666428902","600,929993",2,4,2024-04-24
2024-04-24 13:00:00,"835,1501666428902","616,900024",2,4,2024-04-24
2024-04-24 14:00:00,"835,1501666428902","635,25",2,4,2024-04-24
2024-04-24 15:00:00,"835,1501666428902","716,869995",2,4,2024-04-24
2024-04-24 16:00:00,"835,1501666428902","776,179993",2,4,2024-04-24
2024-04-24 17:00:00,"835,1501666428902","1008,640015",2,4,2024-04-24
2024-04-24 18:00:00,"835,1501666428902","1070,119995",2,4,2024-04-24
2024-04-24 19:00:00,"835,1501666428902","903,900024",2,4,2024-04-24
2024-04-24 20:00:00,"835,1501666428902","785,650024",2,4,2024-04-24
2024-04-24 21:00:00,"835,1501666428902","673,0",2,4,2024-04-24
2024-04-24 22:00:00,"835,1501666428902","622,700012",2,4,2024-04-24
2024-04-24 23:00:00,"835,1501666428902","596,599976",2,4,2024-04-24
2024-04-25 00:00:00,"835,1501666428902","576,97998",2,4,2024-04-25
2024-04-25 01:00:00,"835,1501666428902","567,140015",2,4,2024-04-25
2024-04-25 02:00:00,"835,1501666428902","561,099976",2,4,2024-04-25
2024-04-25 03:00:00,"835,1501666428902","626,580017",2,4,2024-04-25
2024-04-25 04:00:00,"835,1501666428902","763,940002",2,4,2024-04-25
2024-04-25 05:00:00,"835,1501666428902","976,780029",2,4,2024-04-25
2024-04-25 06:00:00,"835,1501666428902","852,840027",2,4,2024-04-25
2024-04-25 07:00:00,"835,1501666428902","690,26001",2,4,2024-04-25
2024-04-25 08:00:00,"835,1501666428902","597,859985",2,4,2024-04-25
2024-04-25 09:00:00,"835,1501666428902","583,169983",2,4,2024-04-25
2024-04-25 10:00:00,"835,1501666428902","551,26001",2,4,2024-04-25
2024-04-25 11:00:00,"835,1501666428902","514,710022",2,4,2024-04-25
2024-04-25 12:00:00,"835,1501666428902","498,230011",2,4,2024-04-25
2024-04-25 13:00:00,"835,1501666428902","517,400024",2,4,2024-04-25
2024-04-25 14:00:00,"835,1501666428902","542,97998",2,4,2024-04-25
2024-04-25 15:00:00,"835,1501666428902","595,700012",2,4,2024-04-25
2024-04-25 16:00:00,"835,1501666428902","709,72998",2,4,2024-04-25
2024-04-25 17:00:00,"835,1501666428902","1052,170044",2,4,2024-04-25
2024-04-25 18:00:00,"835,1501666428902","1135,699951",2,4,2024-04-25
2024-04-25 19:00:00,"835,1501666428902","847,98999",2,4,2024-04-25
2024-04-25 20:00:00,"835,1501666428902","681,23999",2,4,2024-04-25
2024-04-25 21:00:00,"835,1501666428902","594,659973",2,4,2024-04-25
2024-04-25 22:00:00,"835,1501666428902","595,719971",2,4,2024-04-25
2024-04-25 23:00:00,"835,1501666428902","551,929993",2,4,2024-04-25
2024-04-26 00:00:00,"835,1501666428902","553,429993",2,4,2024-04-26
2024-04-26 01:00:00,"835,1501666428902","552,460022",2,4,2024-04-26
2024-04-26 02:00:00,"835,1501666428902","575,049988",2,4,2024-04-26
2024-04-26 03:00:00,"835,1501666428902","618,909973",2,4,2024-04-26
2024-04-26 04:00:00,"835,1501666428902","697,380005",2,4,2024-04-26
2024-04-26 05:00:00,"835,1501666428902","776,140015",2,4,2024-04-26
2024-04-26 06:00:00,"835,1501666428902","716,469971",2,4,2024-04-26
2024-04-26 07:00:00,"835,1501666428902","604,73999",2,4,2024-04-26
2024-04-26 08:00:00,"835,1501666428902","580,349976",2,4,2024-04-26
2024-04-26 09:00:00,"835,1501666428902","544,099976",2,4,2024-04-26
2024-04-26 10:00:00,"835,1501666428902","524,710022",2,4,2024-04-26
2024-04-26 11:00:00,"835,1501666428902","512,700012",2,4,2024-04-26
2024-04-26 12:00:00,"835,1501666428902","487,570007",2,4,2024-04-26
2024-04-26 13:00:00,"835,1501666428902","521,5",2,4,2024-04-26
2024-04-26 14:00:00,"835,1501666428902","534,780029",2,4,2024-04-26
2024-04-26 15:00:00,"835,1501666428902","600,119995",2,4,2024-04-26
2024-04-26 16:00:00,"835,1501666428902","700,210022",2,4,2024-04-26
2024-04-26 17:00:00,"835,1501666428902","960,219971",2,4,2024-04-26
2024-04-26 18:00:00,"835,1501666428902","1018,539978",2,4,2024-04-26
2024-04-26 19:00:00,"835,1501666428902","820,440002",2,4,2024-04-26
2024-04-26 20:00:00,"835,1501666428902","691,47998",2,4,2024-04-26
2024-04-26 21:00:00,"835,1501666428902","658,289978",2,4,2024-04-26
2024-04-26 22:00:00,"835,1501666428902","673,330017",2,4,2024-04-26
2024-04-26 23:00:00,"835,1501666428902","662,960022",2,4,2024-04-26
2024-04-27 00:00:00,"835,1501666428902","645,72998",2,4,2024-04-27
2024-04-27 01:00:00,"835,1501666428902","663,929993",2,4,2024-04-27
2024-04-27 02:00:00,"835,1501666428902","653,940002",2,4,2024-04-27
2024-04-27 03:00:00,"835,1501666428902","625,52002",2,4,2024-04-27
2024-04-27 04:00:00,"835,1501666428902","641,929993",2,4,2024-04-27
2024-04-27 05:00:00,"835,1501666428902","589,429993",2,4,2024-04-27
2024-04-27 06:00:00,"835,1501666428902","511,950012",2,4,2024-04-27
2024-04-27 07:00:00,"835,1501666428902","440,51001",2,4,2024-04-27
2024-04-27 08:00:00,"835,1501666428902","284,950012",2,4,2024-04-27
2024-04-27 09:00:00,"835,1501666428902","194,559998",2,4,2024-04-27
2024-04-27 10:00:00,"835,1501666428902","294,640015",2,4,2024-04-27
2024-04-27 11:00:00,"835,1501666428902","308,809998",2,4,2024-04-27
2024-04-27 12:00:00,"835,1501666428902","182,710007",2,4,2024-04-27
2024-04-27 13:00:00,"835,1501666428902","75,019997",2,4,2024-04-27
2024-04-27 14:00:00,"835,1501666428902","156,080002",2,4,2024-04-27
2024-04-27 15:00:00,"835,1501666428902","465,040009",2,4,2024-04-27
2024-04-27 16:00:00,"835,1501666428902","641,330017",2,4,2024-04-27
2024-04-27 17:00:00,"835,1501666428902","894,140015",2,4,2024-04-27
2024-04-27 18:00:00,"835,1501666428902","837,23999",2,4,2024-04-27
2024-04-27 19:00:00,"835,1501666428902","633,880005",2,4,2024-04-27
2024-04-27 20:00:00,"835,1501666428902","566,01001",2,4,2024-04-27
2024-04-27 21:00:00,"835,1501666428902","486,440002",2,4,2024-04-27
2024-04-27 22:00:00,"835,1501666428902","420,570007",2,4,2024-04-27
2024-04-27 23:00:00,"835,1501666428902","344,119995",2,4,2024-04-27
2024-04-28 00:00:00,"835,1501666428902","295,350006",2,4,2024-04-28
2024-04-28 01:00:00,"835,1501666428902","241,050003",2,4,2024-04-28
2024-04-28 02:00:00,"835,1501666428902","212,490005",2,4,2024-04-28
2024-04-28 03:00:00,"835,1501666428902","199,059998",2,4,2024-04-28
2024-04-28 04:00:00,"835,1501666428902","74,209999",2,4,2024-04-28
2024-04-28 05:00:00,"835,1501666428902","1,86",2,4,2024-04-28
2024-04-28 06:00:00,"835,1501666428902","1,94",2,4,2024-04-28
2024-04-28 07:00:00,"835,1501666428902","1,64",2,4,2024-04-28
2024-04-28 08:00:00,"835,1501666428902","0,0",2,4,2024-04-28
2024-04-28 09:00:00,"835,1501666428902","-7,16",2,4,2024-04-28
2024-04-28 10:00:00,"835,1501666428902","-8,28",2,4,2024-04-28
2024-04-28 11:00:00,"835,1501666428902","-18,65",2,4,2024-04-28
2024-04-28 12:00:00,"835,1501666428902","-18,790001",2,4,2024-04-28
2024-04-28 13:00:00,"835,1501666428902","-15,14",2,4,2024-04-28
2024-04-28 14:00:00,"835,1501666428902","-7,31",2,4,2024-04-28
2024-04-28 15:00:00,"835,1501666428902","0,0",2,4,2024-04-28
2024-04-28 16:00:00,"835,1501666428902","264,320007",2,4,2024-04-28
2024-04-28 17:00:00,"835,1501666428902","442,350006",2,4,2024-04-28
2024-04-28 18:00:00,"835,1501666428902","577,640015",2,4,2024-04-28
2024-04-28 19:00:00,"835,1501666428902","583,159973",2,4,2024-04-28
2024-04-28 20:00:00,"835,1501666428902","468,079987",2,4,2024-04-28
2024-04-28 21:00:00,"835,1501666428902","417,890015",2,4,2024-04-28
2024-04-28 22:00:00,"835,1501666428902","306,529999",2,4,2024-04-28
2024-04-28 23:00:00,"835,1501666428902","370,75",2,4,2024-04-28
2024-07-01 00:00:00,"710,4871005478113","583,150024",3,1,2024-07-01
2024-07-01 01:00:00,"730,6849017084061","581,809998",3,1,2024-07-01
2024-07-01 02:00:00,"806,7099182808447","564,059998",3,1,2024-07-01
2024-07-01 03:00:00,"835,1501666428902","602,76001",3,1,2024-07-01
2024-07-01 04:00:00,"835,1501666428902","907,349976",3,1,2024-07-01
2024-07-01 05:00:00,"835,1501666428902","1028,550049",3,1,2024-07-01
2024-07-01 06:00:00,"835,1501666428902","1061,73999",3,1,2024-07-01
2024-07-01 07:00:00,"835,1501666428902","841,27002",3,1,2024-07-01
2024-07-01 08:00:00,"835,1501666428902","778,929993",3,1,2024-07-01
2024-07-01 09:00:00,"835,1501666428902","642,52002",3,1,2024-07-01
2024-07-01 10:00:00,"835,1501666428902","493,200012",3,1,2024-07-01
2024-07-01 11:00:00,"835,1501666428902","318,609985",3,1,2024-07-01
2024-07-01 12:00:00,"835,1501666428902","258,5",3,1,2024-07-01
2024-07-01 13:00:00,"835,1501666428902","251,929993",3,1,2024-07-01
2024-07-01 14:00:00,"835,1501666428902","273,940002",3,1,2024-07-01
2024-07-01 15:00:00,"835,1501666428902","452,779999",3,1,2024-07-01
2024-07-01 16:00:00,"835,1501666428902","568,080017",3,1,2024-07-01
2024-07-01 17:00:00,"835,1501666428902","745,890015",3,1,2024-07-01
2024-07-01 18:00:00,"835,1501666428902","1214,109985",3,1,2024-07-01
2024-07-01 19:00:00,"835,1501666428902","939,719971",3,1,2024-07-01
2024-07-01 20:00:00,"835,1501666428902","782,580017",3,1,2024-07-01
2024-07-01 21:00:00,"835,1501666428902","653,700012",3,1,2024-07-01
2024-07-01 22:00:00,"835,1501666428902","593,919983",3,1,2024-07-01
2024-07-01 23:00:00,"835,1501666428902","462,350006",3,1,2024-07-01
2024-07-02 00:00:00,"835,1501666428902","375,829987",3,1,2024-07-02
2024-07-02 01:00:00,"835,1501666428902","402,829987",3,1,2024-07-02
2024-07-02 02:00:00,"835,1501666428902","343,98999",3,1,2024-07-02
2024-07-02 03:00:00,"835,1501666428902","379,040009",3,1,2024-07-02
2024-07-02 04:00:00,"835,1501666428902","571,320007",3,1,2024-07-02
2024-07-02 05:00:00,"835,1501666428902","732,940002",3,1,2024-07-02
2024-07-02 06:00:00,"835,1501666428902","737,200012",3,1,2024-07-02
2024-07-02 07:00:00,"835,1501666428902","636,950012",3,1,2024-07-02
2024-07-02 08:00:00,"835,1501666428902","605,030029",3,1,2024-07-02
2024-07-02 09:00:00,"835,1501666428902","542,75",3,1,2024-07-02
2024-07-02 10:00:00,"835,1501666428902","529,400024",3,1,2024-07-02
2024-07-02 11:00:00,"835,1501666428902","503,450012",3,1,2024-07-02
2024-07-02 12:00:00,"835,1501666428902","443,559998",3,1,2024-07-02
2024-07-02 13:00:00,"835,1501666428902","450,570007",3,1,2024-07-02
2024-07-02 14:00:00,"835,1501666428902","540,289978",3,1,2024-07-02
2024-07-02 15:00:00,"835,1501666428902","552,52002",3,1,2024-07-02
2024-07-02 16:00:00,"835,1501666428902","617,190002",3,1,2024-07-02
2024-07-02 17:00:00,"835,1501666428902","754,349976",3,1,2024-07-02
2024-07-02 18:00:00,"835,1501666428902","837,140015",3,1,2024-07-02
2024-07-02 19:00:00,"835,1501666428902","634,419983",3,1,2024-07-02
2024-07-02 20:00:00,"835,1501666428902","345,779999",3,1,2024-07-02
2024-07-02 21:00:00,"835,1501666428902","301,100006",3,1,2024-07-02
2024-07-02 22:00:00,"835,1501666428902","277,459991",3,1,2024-07-02
2024-07-02 23:00:00,"835,1501666428902","268,809998",3,1,2024-07-02
2024-07-03 00:00:00,"835,1501666428902","267,23999",3,1,2024-07-03
2024-07-03 01:00:00,"835,1501666428902","270,380005",3,1,2024-07-03
2024-07-03 02:00:00,"835,1501666428902","288,649994",3,1,2024-07-03
2024-07-03 03:00:00,"835,1501666428902","439,309998",3,1,2024-07-03
2024-07-03 04:00:00,"835,1501666428902","647,929993",3,1,2024-07-03
2024-07-03 05:00:00,"835,1501666428902","729,599976",3,1,2024-07-03
2024-07-03 06:00:00,"835,1501666428902","771,669983",3,1,2024-07-03
2024-07-03 07:00:00,"835,1501666428902","457,959991",3,1,2024-07-03
2024-07-03 08:00:00,"835,1501666428902","323,029999",3,1,2024-07-03
2024-07-03 09:00:00,"835,1501666428902","298,119995",3,1,2024-07-03
2024-07-03 10:00:00,"835,1501666428902","291,859985",3,1,2024-07-03
2024-07-03 11:00:00,"835,1501666428902","296,179993",3,1,2024-07-03
2024-07-03 12:00:00,"835,1501666428902","306,100006",3,1,2024-07-03
2024-07-03 13:00:00,"835,1501666428902","317,220001",3,1,2024-07-03
2024-07-03 14:00:00,"835,1501666428902","376,660004",3,1,2024-07-03
2024-07-03 15:00:00,"835,1501666428902","590,5",3,1,2024-07-03
2024-07-03 16:00:00,"835,1501666428902","725,049988",3,1,2024-07-03
2024-07-03 17:00:00,"835,1501666428902","864,75",3,1,2024-07-03
2024-07-03 18:00:00,"835,1501666428902","1193,079956",3,1,2024-07-03
2024-07-03 19:00:00,"835,1501666428902","843,570007",3,1,2024-07-03
2024-07-03 20:00:00,"835,1501666428902","677,390015",3,1,2024-07-03
2024-07-03 21:00:00,"835,1501666428902","513,900024",3,1,2024-07-03
2024-07-03 22:00:00,"835,1501666428902","436,329987",3,1,2024-07-03
2024-07-03 23:00:00,"835,1501666428902","228,75",3,1,2024-07-03
2024-07-04 00:00:00,"835,1501666428902","191,240005",3,1,2024-07-04
2024-07-04 01:00:00,"835,1501666428902","130,149994",3,1,2024-07-04
2024-07-04 02:00:00,"835,1501666428902","72,870003",3,1,2024-07-04
2024-07-04 03:00:00,"835,1501666428902","74,730003",3,1,2024-07-04
2024-07-04 04:00:00,"835,1501666428902","197,429993",3,1,2024-07-04
2024-07-04 05:00:00,"835,1501666428902","223,759995",3,1,2024-07-04
2024-07-04 06:00:00,"835,1501666428902","235,910004",3,1,2024-07-04
2024-07-04 07:00:00,"835,1501666428902","178,630005",3,1,2024-07-04
2024-07-04 08:00:00,"835,1501666428902","26,700001",3,1,2024-07-04
2024-07-04 09:00:00,"835,1501666428902","21,780001",3,1,2024-07-04
2024-07-04 10:00:00,"835,1501666428902","20,440001",3,1,2024-07-04
2024-07-04 11:00:00,"835,1501666428902","7,23",3,1,2024-07-04
2024-07-04 12:00:00,"835,1501666428902","0,0",3,1,2024-07-04
2024-07-04 13:00:00,"835,1501666428902","0,0",3,1,2024-07-04
2024-07-04 14:00:00,"835,1501666428902","-0,07",3,1,2024-07-04
2024-07-04 15:00:00,"835,1501666428902","11,26",3,1,2024-07-04
2024-07-04 16:00:00,"835,1501666428902","87,410004",3,1,2024-07-04
2024-07-04 17:00:00,"835,1501666428902","216,300003",3,1,2024-07-04
2024-07-04 18:00:00,"835,1501666428902","336,160004",3,1,2024-07-04
2024-07-04 19:00:00,"835,1501666428902","289,320007",3,1,2024-07-04
2024-07-04 20:00:00,"835,1501666428902","288,5",3,1,2024-07-04
2024-07-04 21:00:00,"835,1501666428902","284,170013",3,1,2024-07-04
2024-07-04 22:00:00,"835,1501666428902","51,610001",3,1,2024-07-04
2024-07-04 23:00:00,"835,1501666428902","35,130001",3,1,2024-07-04
2024-07-05 00:00:00,"835,1501666428902","30,73",3,1,2024-07-05
2024-07-05 01:00:00,"835,1501666428902","19,91",3,1,2024-07-05
2024-07-05 02:00:00,"835,1501666428902","21,780001",3,1,2024-07-05
2024-07-05 03:00:00,"835,1501666428902","42,66",3,1,2024-07-05
2024-07-05 04:00:00,"835,1501666428902","149,100006",3,1,2024-07-05
2024-07-05 05:00:00,"835,1501666428902","213,990005",3,1,2024-07-05
2024-07-05 06:00:00,"835,1501666428902","221,369995",3,1,2024-07-05
2024-07-05 07:00:00,"835,1501666428902","138,429993",3,1,2024-07-05
2024-07-05 08:00:00,"835,1501666428902","22,0",3,1,2024-07-05
2024-07-05 09:00:00,"835,1501666428902","3,06",3,1,2024-07-05
2024-07-05 10:00:00,"835,1501666428902","-0,3",3,1,2024-07-05
2024-07-05 11:00:00,"835,1501666428902","-4,1",3,1,2024-07-05
2024-07-05 12:00:00,"835,1501666428902","-5,74",3,1,2024-07-05
2024-07-05 13:00:00,"835,1501666428902","-0,22",3,1,2024-07-05
2024-07-05 14:00:00,"835,1501666428902","14,4",3,1,2024-07-05
2024-07-05 15:00:00,"835,1501666428902","97,410004",3,1,2024-07-05
2024-07-05 16:00:00,"835,1501666428902","173,559998",3,1,2024-07-05
2024-07-05 17:00:00,"835,1501666428902","273,730011",3,1,2024-07-05
2024-07-05 18:00:00,"835,1501666428902","282,01001",3,1,2024-07-05
2024-07-05 19:00:00,"835,1501666428902","447,959991",3,1,2024-07-05
2024-07-05 20:00:00,"835,1501666428902","618,02002",3,1,2024-07-05
2024-07-05 21:00:00,"835,1501666428902","633,609985",3,1,2024-07-05
2024-07-05 22:00:00,"835,1501666428902","637,890015",3,1,2024-07-05
2024-07-05 23:00:00,"835,1501666428902","492,73999",3,1,2024-07-05
2024-07-06 00:00:00,"835,1501666428902","473,799988",3,1,2024-07-06
2024-07-06 01:00:00,"835,1501666428902","346,540009",3,1,2024-07-06
2024-07-06 02:00:00,"835,1501666428902","288,070007",3,1,2024-07-06
2024-07-06 03:00:00,"835,1501666428902","117,029999",3,1,2024-07-06
2024-07-06 04:00:00,"835,1501666428902","41,77",3,1,2024-07-06
2024-07-06 05:00:00,"835,1501666428902","41,02",3,1,2024-07-06
2024-07-06 06:00:00,"835,1501666428902","25,959999",3,1,2024-07-06
2024-07-06 07:00:00,"835,1501666428902","2,39",3,1,2024-07-06
2024-07-06 08:00:00,"835,1501666428902","-0,3",3,1,2024-07-06
2024-07-06 09:00:00,"835,1501666428902","-0,15",3,1,2024-07-06
2024-07-06 10:00:00,"835,1501666428902","-0,22",3,1,2024-07-06
2024-07-06 11:00:00,"835,1501666428902","-0,9",3,1,2024-07-06
2024-07-06 12:00:00,"835,1501666428902","-16,26",3,1,2024-07-06
2024-07-06 13:00:00,"835,1501666428902","-20,209999",3,1,2024-07-06
2024-07-06 14:00:00,"835,1501666428902","-4,48",3,1,2024-07-06
2024-07-06 15:00:00,"835,1501666428902","0,07",3,1,2024-07-06
2024-07-06 16:00:00,"835,1501666428902","14,47",3,1,2024-07-06
2024-07-06 17:00:00,"835,1501666428902","3,28",3,1,2024-07-06
2024-07-06 18:00:00,"835,1501666428902","49,900002",3,1,2024-07-06
2024-07-06 19:00:00,"835,1501666428902","70,110001",3,1,2024-07-06
2024-07-06 20:00:00,"835,1501666428902","134,259995",3,1,2024-07-06
2024-07-06 21:00:00,"835,1501666428902","50,5",3,1,2024-07-06
2024-07-06 22:00:00,"835,1501666428902","-0,15",3,1,2024-07-06
2024-07-06 23:00:00,"835,1501666428902","-0,75",3,1,2024-07-06
2024-07-07 00:00:00,"835,1501666428902","-5,97",3,1,2024-07-07
2024-07-07 01:00:00,"835,1501666428902","-3,58",3,1,2024-07-07
2024-07-07 02:00:00,"835,1501666428902","-0,45",3,1,2024-07-07
2024-07-07 03:00:00,"835,1501666428902","-0,07",3,1,2024-07-07
2024-07-07 04:00:00,"835,1501666428902","-0,07",3,1,2024-07-07
2024-07-07 05:00:00,"835,1501666428902","-0,07",3,1,2024-07-07
2024-07-07 06:00:00,"835,1501666428902","-4,55",3,1,2024-07-07
2024-07-07 07:00:00,"835,1501666428902","-48,25",3,1,2024-07-07
2024-07-07 08:00:00,"835,1501666428902","-74,43",3,1,2024-07-07
2024-07-07 09:00:00,"835,1501666428902","-89,800003",3,1,2024-07-07
2024-07-07 10:00:00,"835,1501666428902","-100,610001",3,1,2024-07-07
2024-07-07 11:00:00,"835,1501666428902","-112,019997",3,1,2024-07-07
2024-07-07 12:00:00,"835,1501666428902","-148,419998",3,1,2024-07-07
2024-07-07 13:00:00,"835,1501666428902","-90,989998",3,1,2024-07-07
2024-07-07 14:00:00,"835,1501666428902","-45,939999",3,1,2024-07-07
2024-07-07 15:00:00,"835,1501666428902","-0,6",3,1,2024-07-07
2024-07-07 16:00:00,"835,1501666428902","477,23999",3,1,2024-07-07
2024-07-07 17:00:00,"835,1501666428902","673,23999",3,1,2024-07-07
2024-07-07 18:00:00,"835,1501666428902","937,030029",3,1,2024-07-07
2024-07-07 19:00:00,"835,1501666428902","993,190002",3,1,2024-07-07
2024-07-07 20:00:00,"835,1501666428902","859,169983",3,1,2024-07-07
2024-07-07 21:00:00,"835,1501666428902","724,400024",3,1,2024-07-07
2024-07-07 22:00:00,"835,1501666428902","608,72998",3,1,2024-07-07
2024-07-07 23:00:00,"835,1501666428902","571,659973",3,1,2024-07-07
2024-07-08 00:00:00,"710,4871005478113","552,48999",3,2,2024-07-08
2024-07-08 01:00:00,"730,6849017084061","579,640015",3,2,2024-07-08
2024-07-08 02:00:00,"806,7099182808447","568,900024",3,2,2024-07-08
2024-07-08 03:00:00,"835,1501666428902","592,469971",3,2,2024-07-08
2024-07-08 04:00:00,"835,1501666428902","820,390015",3,2,2024-07-08
2024-07-08 05:00:00,"835,1501666428902","948,52002",3,2,2024-07-08
2024-07-08 06:00:00,"835,1501666428902","750,580017",3,2,2024-07-08
2024-07-08 07:00:00,"835,1501666428902","578,820007",3,2,2024-07-08
2024-07-08 08:00:00,"835,1501666428902","402,209991",3,2,2024-07-08
2024-07-08 09:00:00,"835,1501666428902","286,609985",3,2,2024-07-08
2024-07-08 10:00:00,"835,1501666428902","237,089996",3,2,2024-07-08
2024-07-08 11:00:00,"835,1501666428902","219,639999",3,2,2024-07-08
2024-07-08 12:00:00,"835,1501666428902","220,460007",3,2,2024-07-08
2024-07-08 13:00:00,"835,1501666428902","274,079987",3,2,2024-07-08
2024-07-08 14:00:00,"835,1501666428902","477,320007",3,2,2024-07-08
2024-07-08 15:00:00,"835,1501666428902","598,140015",3,2,2024-07-08
2024-07-08 16:00:00,"835,1501666428902","765,419983",3,2,2024-07-08
2024-07-08 17:00:00,"835,1501666428902","1017,950012",3,2,2024-07-08
2024-07-08 18:00:00,"835,1501666428902","1919,339966",3,2,2024-07-08
2024-07-08 19:00:00,"835,1501666428902","1295,390015",3,2,2024-07-08
2024-07-08 20:00:00,"835,1501666428902","847,609985",3,2,2024-07-08
2024-07-08 21:00:00,"835,1501666428902","686,289978",3,2,2024-07-08
2024-07-08 22:00:00,"835,1501666428902","787,049988",3,2,2024-07-08
2024-07-08 23:00:00,"835,1501666428902","715,73999",3,2,2024-07-08
2024-07-09 00:00:00,"835,1501666428902","694,26001",3,2,2024-07-09
2024-07-09 01:00:00,"835,1501666428902","679,789978",3,2,2024-07-09
2024-07-09 02:00:00,"835,1501666428902","653,840027",3,2,2024-07-09
2024-07-09 03:00:00,"835,1501666428902","722,22998",3,2,2024-07-09
2024-07-09 04:00:00,"835,1501666428902","830,76001",3,2,2024-07-09
2024-07-09 05:00:00,"835,1501666428902","773,919983",3,2,2024-07-09
2024-07-09 06:00:00,"835,1501666428902","701,119995",3,2,2024-07-09
2024-07-09 07:00:00,"835,1501666428902","501,679993",3,2,2024-07-09
2024-07-09 08:00:00,"835,1501666428902","347,799988",3,2,2024-07-09
2024-07-09 09:00:00,"835,1501666428902","251,440002",3,2,2024-07-09
2024-07-09 10:00:00,"835,1501666428902","163,720001",3,2,2024-07-09
2024-07-09 11:00:00,"835,1501666428902","119,190002",3,2,2024-07-09
2024-07-09 12:00:00,"835,1501666428902","32,369999",3,2,2024-07-09
2024-07-09 13:00:00,"835,1501666428902","82,639999",3,2,2024-07-09
2024-07-09 14:00:00,"835,1501666428902","400,76001",3,2,2024-07-09
2024-07-09 15:00:00,"835,1501666428902","609,309998",3,2,2024-07-09
2024-07-09 16:00:00,"835,1501666428902","740,429993",3,2,2024-07-09
2024-07-09 17:00:00,"835,1501666428902","822,47998",3,2,2024-07-09
2024-07-09 18:00:00,"835,1501666428902","841,349976",3,2,2024-07-09
2024-07-09 19:00:00,"835,1501666428902","748,26001",3,2,2024-07-09
2024-07-09 20:00:00,"835,1501666428902","338,779999",3,2,2024-07-09
2024-07-09 21:00:00,"835,1501666428902","301,779999",3,2,2024-07-09
2024-07-09 22:00:00,"835,1501666428902","216,029999",3,2,2024-07-09
2024-07-09 23:00:00,"835,1501666428902","210,210007",3,2,2024-07-09
2024-07-10 00:00:00,"835,1501666428902","203,050003",3,2,2024-07-10
2024-07-10 01:00:00,"835,1501666428902","196,110001",3,2,2024-07-10
2024-07-10 02:00:00,"835,1501666428902","191,789993",3,2,2024-07-10
2024-07-10 03:00:00,"835,1501666428902","201,710007",3,2,2024-07-10
2024-07-10 04:00:00,"835,1501666428902","300,700012",3,2,2024-07-10
2024-07-10 05:00:00,"835,1501666428902","325,089996",3,2,2024-07-10
2024-07-10 06:00:00,"835,1501666428902","622,809998",3,2,2024-07-10
2024-07-10 07:00:00,"835,1501666428902","586,109985",3,2,2024-07-10
2024-07-10 08:00:00,"835,1501666428902","484,880005",3,2,2024-07-10
2024-07-10 09:00:00,"835,1501666428902","416,029999",3,2,2024-07-10
2024-07-10 10:00:00,"835,1501666428902","351,570007",3,2,2024-07-10
2024-07-10 11:00:00,"835,1501666428902","304,059998",3,2,2024-07-10
2024-07-10 12:00:00,"835,1501666428902","392,149994",3,2,2024-07-10
2024-07-10 13:00:00,"835,1501666428902","394,690002",3,2,2024-07-10
2024-07-10 14:00:00,"835,1501666428902","503,380005",3,2,2024-07-10
2024-07-10 15:00:00,"835,1501666428902","597,820007",3,2,2024-07-10
2024-07-10 16:00:00,"835,1501666428902","602,219971",3,2,2024-07-10
2024-07-10 17:00:00,"835,1501666428902","743,880005",3,2,2024-07-10
2024-07-10 18:00:00,"835,1501666428902","1108,579956",3,2,2024-07-10
2024-07-10 19:00:00,"835,1501666428902","1223,97998",3,2,2024-07-10
2024-07-10 20:00:00,"835,1501666428902","850,179993",3,2,2024-07-10
2024-07-10 21:00:00,"835,1501666428902","693,150024",3,2,2024-07-10
2024-07-10 22:00:00,"835,1501666428902","716,380005",3,2,2024-07-10
2024-07-10 23:00:00,"835,1501666428902","596,48999",3,2,2024-07-10
2024-07-11 00:00:00,"835,1501666428902","574,919983",3,2,2024-07-11
2024-07-11 01:00:00,"835,1501666428902","593,869995",3,2,2024-07-11
2024-07-11 02:00:00,"835,1501666428902","599,169983",3,2,2024-07-11
2024-07-11 03:00:00,"835,1501666428902","611,630005",3,2,2024-07-11
2024-07-11 04:00:00,"835,1501666428902","803,599976",3,2,2024-07-11
2024-07-11 05:00:00,"835,1501666428902","895,289978",3,2,2024-07-11
2024-07-11 06:00:00,"835,1501666428902","794,789978",3,2,2024-07-11
2024-07-11 07:00:00,"835,1501666428902","664,830017",3,2,2024-07-11
2024-07-11 08:00:00,"835,1501666428902","602,01001",3,2,2024-07-11
2024-07-11 09:00:00,"835,1501666428902","496,880005",3,2,2024-07-11
2024-07-11 10:00:00,"835,1501666428902","428,540009",3,2,2024-07-11
2024-07-11 11:00:00,"835,1501666428902","355,880005",3,2,2024-07-11
2024-07-11 12:00:00,"835,1501666428902","331,850006",3,2,2024-07-11
2024-07-11 13:00:00,"835,1501666428902","373,779999",3,2,2024-07-11
2024-07-11 14:00:00,"835,1501666428902","454,959991",3,2,2024-07-11
2024-07-11 15:00:00,"835,1501666428902","611,109985",3,2,2024-07-11
2024-07-11 16:00:00,"835,1501666428902","683,25",3,2,2024-07-11
2024-07-11 17:00:00,"835,1501666428902","895,289978",3,2,2024-07-11
2024-07-11 18:00:00,"835,1501666428902","1375,23999",3,2,2024-07-11
2024-07-11 19:00:00,"835,1501666428902","1244,0",3,2,2024-07-11
2024-07-11 20:00:00,"835,1501666428902","907,150024",3,2,2024-07-11
2024-07-11 21:00:00,"835,1501666428902","732,049988",3,2,2024-07-11
2024-07-11 22:00:00,"835,1501666428902","764,130005",3,2,2024-07-11
2024-07-11 23:00:00,"835,1501666428902","651,400024",3,2,2024-07-11
2024-07-12 00:00:00,"835,1501666428902","609,619995",3,2,2024-07-12
2024-07-12 01:00:00,"835,1501666428902","604,619995",3,2,2024-07-12
2024-07-12 02:00:00,"835,1501666428902","598,650024",3,2,2024-07-12
2024-07-12 03:00:00,"835,1501666428902","613,5",3,2,2024-07-12
2024-07-12 04:00:00,"835,1501666428902","805,309998",3,2,2024-07-12
2024-07-12 05:00:00,"835,1501666428902","820,080017",3,2,2024-07-12
2024-07-12 06:00:00,"835,1501666428902","817,690002",3,2,2024-07-12
2024-07-12 07:00:00,"835,1501666428902","763,97998",3,2,2024-07-12
2024-07-12 08:00:00,"835,1501666428902","715,26001",3,2,2024-07-12
2024-07-12 09:00:00,"835,1501666428902","670,200012",3,2,2024-07-12
2024-07-12 10:00:00,"835,1501666428902","621,099976",3,2,2024-07-12
2024-07-12 11:00:00,"835,1501666428902","586,409973",3,2,2024-07-12
2024-07-12 12:00:00,"835,1501666428902","582,22998",3,2,2024-07-12
2024-07-12 13:00:00,"835,1501666428902","583,349976",3,2,2024-07-12
2024-07-12 14:00:00,"835,1501666428902","624,159973",3,2,2024-07-12
2024-07-12 15:00:00,"835,1501666428902","589,400024",3,2,2024-07-12
2024-07-12 16:00:00,"835,1501666428902","671,840027",3,2,2024-07-12
2024-07-12 17:00:00,"835,1501666428902","720,849976",3,2,2024-07-12
2024-07-12 18:00:00,"835,1501666428902","679,299988",3,2,2024-07-12
2024-07-12 19:00:00,"835,1501666428902","688,919983",3,2,2024-07-12
2024-07-12 20:00:00,"835,1501666428902","313,950012",3,2,2024-07-12
2024-07-12 21:00:00,"835,1501666428902","197,559998",3,2,2024-07-12
2024-07-12 22:00:00,"835,1501666428902","154,669998",3,2,2024-07-12
2024-07-12 23:00:00,"835,1501666428902","99,459999",3,2,2024-07-12
2024-07-13 00:00:00,"835,1501666428902","68,339996",3,2,2024-07-13
2024-07-13 01:00:00,"835,1501666428902","59,689999",3,2,2024-07-13
2024-07-13 02:00:00,"835,1501666428902","46,040001",3,2,2024-07-13
2024-07-13 03:00:00,"835,1501666428902","88,410004",3,2,2024-07-13
2024-07-13 04:00:00,"835,1501666428902","227,860001",3,2,2024-07-13
2024-07-13 05:00:00,"835,1501666428902","207,570007",3,2,2024-07-13
2024-07-13 06:00:00,"835,1501666428902","198,470001",3,2,2024-07-13
2024-07-13 07:00:00,"835,1501666428902","156,460007",3,2,2024-07-13
2024-07-13 08:00:00,"835,1501666428902","38,5",3,2,2024-07-13
2024-07-13 09:00:00,"835,1501666428902","0,3",3,2,2024-07-13
2024-07-13 10:00:00,"835,1501666428902","-0,07",3,2,2024-07-13
2024-07-13 11:00:00,"835,1501666428902","-6,49",3,2,2024-07-13
2024-07-13 12:00:00,"835,1501666428902","-6,04",3,2,2024-07-13
2024-07-13 13:00:00,"835,1501666428902","-0,45",3,2,2024-07-13
2024-07-13 14:00:00,"835,1501666428902","11,34",3,2,2024-07-13
2024-07-13 15:00:00,"835,1501666428902","47,150002",3,2,2024-07-13
2024-07-13 16:00:00,"835,1501666428902","167,429993",3,2,2024-07-13
2024-07-13 17:00:00,"835,1501666428902","375,519989",3,2,2024-07-13
2024-07-13 18:00:00,"835,1501666428902","562,950012",3,2,2024-07-13
2024-07-13 19:00:00,"835,1501666428902","568,98999",3,2,2024-07-13
2024-07-13 20:00:00,"835,1501666428902","588,23999",3,2,2024-07-13
2024-07-13 21:00:00,"835,1501666428902","470,049988",3,2,2024-07-13
2024-07-13 22:00:00,"835,1501666428902","663,700012",3,2,2024-07-13
2024-07-13 23:00:00,"835,1501666428902","471,48999",3,2,2024-07-13
2024-07-14 00:00:00,"835,1501666428902","413,73999",3,2,2024-07-14
2024-07-14 01:00:00,"835,1501666428902","330,540009",3,2,2024-07-14
2024-07-14 02:00:00,"835,1501666428902","283,01001",3,2,2024-07-14
2024-07-14 03:00:00,"835,1501666428902","274,660004",3,2,2024-07-14
2024-07-14 04:00:00,"835,1501666428902","238,470001",3,2,2024-07-14
2024-07-14 05:00:00,"835,1501666428902","106,550003",3,2,2024-07-14
2024-07-14 06:00:00,"835,1501666428902","2,16",3,2,2024-07-14
2024-07-14 07:00:00,"835,1501666428902","-17,09",3,2,2024-07-14
2024-07-14 08:00:00,"835,1501666428902","-22,530001",3,2,2024-07-14
2024-07-14 09:00:00,"835,1501666428902","-25,370001",3,2,2024-07-14
2024-07-14 10:00:00,"835,1501666428902","-31,49",3,2,2024-07-14
2024-07-14 11:00:00,"835,1501666428902","-38,5",3,2,2024-07-14
2024-07-14 12:00:00,"835,1501666428902","-47,830002",3,2,2024-07-14
2024-07-14 13:00:00,"835,1501666428902","-39,990002",3,2,2024-07-14
2024-07-14 14:00:00,"835,1501666428902","-75,809998",3,2,2024-07-14
2024-07-14 15:00:00,"835,1501666428902","13,95",3,2,2024-07-14
2024-07-14 16:00:00,"835,1501666428902","301,890015",3,2,2024-07-14
2024-07-14 17:00:00,"835,1501666428902","685,929993",3,2,2024-07-14
2024-07-14 18:00:00,"835,1501666428902","864,030029",3,2,2024-07-14
2024-07-14 19:00:00,"835,1501666428902","810,909973",3,2,2024-07-14
2024-07-14 20:00:00,"835,1501666428902","789,719971",3,2,2024-07-14
2024-07-14 21:00:00,"835,1501666428902","649,590027",3,2,2024-07-14
2024-07-14 22:00:00,"835,1501666428902","592,070007",3,2,2024-07-14
2024-07-14 23:00:00,"835,1501666428902","494,25",3,2,2024-07-14
2024-07-15 00:00:00,"701,9756828114117","434,029999",3,3,2024-07-15
2024-07-15 01:00:00,"730,6849017084061","361,059998",3,3,2024-07-15
2024-07-15 02:00:00,"806,7099182808447","388,73999",3,3,2024-07-15
2024-07-15 03:00:00,"835,1501666428902","482,160004",3,3,2024-07-15
2024-07-15 04:00:00,"835,1501666428902","482,609985",3,3,2024-07-15
2024-07-15 05:00:00,"835,1501666428902","482,380005",3,3,2024-07-15
2024-07-15 06:00:00,"835,1501666428902","482,079987",3,3,2024-07-15
2024-07-15 07:00:00,"835,1501666428902","299,200012",3,3,2024-07-15
2024-07-15 08:00:00,"835,1501666428902","196,979996",3,3,2024-07-15
2024-07-15 09:00:00,"835,1501666428902","149,449997",3,3,2024-07-15
2024-07-15 10:00:00,"835,1501666428902","3,28",3,3,2024-07-15
2024-07-15 11:00:00,"835,1501666428902","-0,07",3,3,2024-07-15
2024-07-15 12:00:00,"835,1501666428902","-0,52",3,3,2024-07-15
2024-07-15 13:00:00,"835,1501666428902","155,270004",3,3,2024-07-15
2024-07-15 14:00:00,"835,1501666428902","201,610001",3,3,2024-07-15
2024-07-15 15:00:00,"835,1501666428902","611,840027",3,3,2024-07-15
2024-07-15 16:00:00,"835,1501666428902","853,219971",3,3,2024-07-15
2024-07-15 17:00:00,"835,1501666428902","1486,98999",3,3,2024-07-15
2024-07-15 18:00:00,"835,1501666428902","1678,530029",3,3,2024-07-15
2024-07-15 19:00:00,"835,1501666428902","1071,160034",3,3,2024-07-15
2024-07-15 20:00:00,"835,1501666428902","690,030029",3,3,2024-07-15
2024-07-15 21:00:00,"835,1501666428902","597,659973",3,3,2024-07-15
2024-07-15 22:00:00,"835,1501666428902","571,47998",3,3,2024-07-15
2024-07-15 23:00:00,"835,1501666428902","475,829987",3,3,2024-07-15
2024-07-16 00:00:00,"835,1501666428902","391,660004",3,3,2024-07-16
2024-07-16 01:00:00,"835,1501666428902","274,73999",3,3,2024-07-16
2024-07-16 02:00:00,"835,1501666428902","284,730011",3,3,2024-07-16
2024-07-16 03:00:00,"835,1501666428902","375,470001",3,3,2024-07-16
2024-07-16 04:00:00,"835,1501666428902","531,859985",3,3,2024-07-16
2024-07-16 05:00:00,"835,1501666428902","593,049988",3,3,2024-07-16
2024-07-16 06:00:00,"835,1501666428902","568,349976",3,3,2024-07-16
2024-07-16 07:00:00,"835,1501666428902","440,76001",3,3,2024-07-16
2024-07-16 08:00:00,"835,1501666428902","187,960007",3,3,2024-07-16
2024-07-16 09:00:00,"835,1501666428902","158,630005",3,3,2024-07-16
2024-07-16 10:00:00,"835,1501666428902","118,190002",3,3,2024-07-16
2024-07-16 11:00:00,"835,1501666428902","101,400002",3,3,2024-07-16
2024-07-16 12:00:00,"835,1501666428902","30,290001",3,3,2024-07-16
2024-07-16 13:00:00,"835,1501666428902","21,639999",3,3,2024-07-16
2024-07-16 14:00:00,"835,1501666428902","0,07",3,3,2024-07-16
2024-07-16 15:00:00,"835,1501666428902","190,570007",3,3,2024-07-16
2024-07-16 16:00:00,"835,1501666428902","444,709991",3,3,2024-07-16
2024-07-16 17:00:00,"835,1501666428902","611,780029",3,3,2024-07-16
2024-07-16 18:00:00,"835,1501666428902","907,330017",3,3,2024-07-16
2024-07-16 19:00:00,"835,1501666428902","852,710022",3,3,2024-07-16
2024-07-16 20:00:00,"835,1501666428902","789,51001",3,3,2024-07-16
2024-07-16 21:00:00,"835,1501666428902","629,090027",3,3,2024-07-16
2024-07-16 22:00:00,"835,1501666428902","652,109985",3,3,2024-07-16
2024-07-16 23:00:00,"835,1501666428902","544,52002",3,3,2024-07-16
2024-07-17 00:00:00,"835,1501666428902","543,330017",3,3,2024-07-17
2024-07-17 01:00:00,"835,1501666428902","526,23999",3,3,2024-07-17
2024-07-17 02:00:00,"835,1501666428902","530,119995",3,3,2024-07-17
2024-07-17 03:00:00,"835,1501666428902","577,799988",3,3,2024-07-17
2024-07-17 04:00:00,"835,1501666428902","671,880005",3,3,2024-07-17
2024-07-17 05:00:00,"835,1501666428902","744,330017",3,3,2024-07-17
2024-07-17 06:00:00,"835,1501666428902","788,650024",3,3,2024-07-17
2024-07-17 07:00:00,"835,1501666428902","575,559998",3,3,2024-07-17
2024-07-17 08:00:00,"835,1501666428902","434,170013",3,3,2024-07-17
2024-07-17 09:00:00,"835,1501666428902","311,51001",3,3,2024-07-17
2024-07-17 10:00:00,"835,1501666428902","243,160004",3,3,2024-07-17
2024-07-17 11:00:00,"835,1501666428902","163,029999",3,3,2024-07-17
2024-07-17 12:00:00,"835,1501666428902","80,580002",3,3,2024-07-17
2024-07-17 13:00:00,"835,1501666428902","100,5",3,3,2024-07-17
2024-07-17 14:00:00,"835,1501666428902","290,089996",3,3,2024-07-17
2024-07-17 15:00:00,"835,1501666428902","460,209991",3,3,2024-07-17
2024-07-17 16:00:00,"835,1501666428902","618,76001",3,3,2024-07-17
2024-07-17 17:00:00,"835,1501666428902","797,530029",3,3,2024-07-17
2024-07-17 18:00:00,"835,1501666428902","984,280029",3,3,2024-07-17
2024-07-17 19:00:00,"835,1501666428902","1044,790039",3,3,2024-07-17
2024-07-17 20:00:00,"835,1501666428902","857,369995",3,3,2024-07-17
2024-07-17 21:00:00,"835,1501666428902","687,700012",3,3,2024-07-17
2024-07-17 22:00:00,"835,1501666428902","506,570007",3,3,2024-07-17
2024-07-17 23:00:00,"835,1501666428902","544,679993",3,3,2024-07-17
2024-07-18 00:00:00,"835,1501666428902","493,589996",3,3,2024-07-18
2024-07-18 01:00:00,"835,1501666428902","491,200012",3,3,2024-07-18
2024-07-18 02:00:00,"835,1501666428902","466,880005",3,3,2024-07-18
2024-07-18 03:00:00,"835,1501666428902","298,369995",3,3,2024-07-18
2024-07-18 04:00:00,"835,1501666428902","650,309998",3,3,2024-07-18
2024-07-18 05:00:00,"835,1501666428902","704,909973",3,3,2024-07-18
2024-07-18 06:00:00,"835,1501666428902","506,269989",3,3,2024-07-18
2024-07-18 07:00:00,"835,1501666428902","351,339996",3,3,2024-07-18
2024-07-18 08:00:00,"835,1501666428902","270,779999",3,3,2024-07-18
2024-07-18 09:00:00,"835,1501666428902","253,470001",3,3,2024-07-18
2024-07-18 10:00:00,"835,1501666428902","253,25",3,3,2024-07-18
2024-07-18 11:00:00,"835,1501666428902","252,800003",3,3,2024-07-18
2024-07-18 12:00:00,"835,1501666428902","254,360001",3,3,2024-07-18
2024-07-18 13:00:00,"835,1501666428902","260,929993",3,3,2024-07-18
2024-07-18 14:00:00,"835,1501666428902","197,080002",3,3,2024-07-18
2024-07-18 15:00:00,"835,1501666428902","637,630005",3,3,2024-07-18
2024-07-18 16:00:00,"835,1501666428902","686,26001",3,3,2024-07-18
2024-07-18 17:00:00,"835,1501666428902","952,26001",3,3,2024-07-18
2024-07-18 18:00:00,"835,1501666428902","1382,819946",3,3,2024-07-18
2024-07-18 19:00:00,"835,1501666428902","1318,290039",3,3,2024-07-18
2024-07-18 20:00:00,"835,1501666428902","891,690002",3,3,2024-07-18
2024-07-18 21:00:00,"835,1501666428902","760,26001",3,3,2024-07-18
2024-07-18 22:00:00,"835,1501666428902","672,26001",3,3,2024-07-18
2024-07-18 23:00:00,"835,1501666428902","600,200012",3,3,2024-07-18
2024-07-19 00:00:00,"835,1501666428902","596,169983",3,3,2024-07-19
2024-07-19 01:00:00,"835,1501666428902","583,47998",3,3,2024-07-19
2024-07-19 02:00:00,"835,1501666428902","606,390015",3,3,2024-07-19
2024-07-19 03:00:00,"835,1501666428902","667,039978",3,3,2024-07-19
2024-07-19 04:00:00,"835,1501666428902","827,289978",3,3,2024-07-19
2024-07-19 05:00:00,"835,1501666428902","810,72998",3,3,2024-07-19
2024-07-19 06:00:00,"835,1501666428902","734,109985",3,3,2024-07-19
2024-07-19 07:00:00,"835,1501666428902","607,51001",3,3,2024-07-19
2024-07-19 08:00:00,"835,1501666428902","522,22998",3,3,2024-07-19
2024-07-19 09:00:00,"835,1501666428902","438,299988",3,3,2024-07-19
2024-07-19 10:00:00,"835,1501666428902","330,799988",3,3,2024-07-19
2024-07-19 11:00:00,"835,1501666428902","272,309998",3,3,2024-07-19
2024-07-19 12:00:00,"835,1501666428902","270,070007",3,3,2024-07-19
2024-07-19 13:00:00,"835,1501666428902","317,369995",3,3,2024-07-19
2024-07-19 14:00:00,"835,1501666428902","475,899994",3,3,2024-07-19
2024-07-19 15:00:00,"835,1501666428902","576,98999",3,3,2024-07-19
2024-07-19 16:00:00,"835,1501666428902","683,460022",3,3,2024-07-19
2024-07-19 17:00:00,"835,1501666428902","888,099976",3,3,2024-07-19
2024-07-19 18:00:00,"835,1501666428902","1358,410034",3,3,2024-07-19
2024-07-19 19:00:00,"835,1501666428902","895,26001",3,3,2024-07-19
2024-07-19 20:00:00,"835,1501666428902","797,22998",3,3,2024-07-19
2024-07-19 21:00:00,"835,1501666428902","683,01001",3,3,2024-07-19
2024-07-19 22:00:00,"835,1501666428902","706,789978",3,3,2024-07-19
2024-07-19 23:00:00,"835,1501666428902","667,099976",3,3,2024-07-19
2024-07-20 00:00:00,"835,1501666428902","658,440002",3,3,2024-07-20
2024-07-20 01:00:00,"835,1501666428902","670,599976",3,3,2024-07-20
2024-07-20 02:00:00,"835,1501666428902","703,130005",3,3,2024-07-20
2024-07-20 03:00:00,"835,1501666428902","699,849976",3,3,2024-07-20
2024-07-20 04:00:00,"835,1501666428902","665,159973",3,3,2024-07-20
2024-07-20 05:00:00,"835,1501666428902","641,580017",3,3,2024-07-20
2024-07-20 06:00:00,"835,1501666428902","508,850006",3,3,2024-07-20
2024-07-20 07:00:00,"835,1501666428902","291,359985",3,3,2024-07-20
2024-07-20 08:00:00,"835,1501666428902","118,629997",3,3,2024-07-20
2024-07-20 09:00:00,"835,1501666428902","28,129999",3,3,2024-07-20
2024-07-20 10:00:00,"835,1501666428902","10,22",3,3,2024-07-20
2024-07-20 11:00:00,"835,1501666428902","0,15",3,3,2024-07-20
2024-07-20 12:00:00,"835,1501666428902","3,28",3,3,2024-07-20
2024-07-20 13:00:00,"835,1501666428902","34,32",3,3,2024-07-20
2024-07-20 14:00:00,"835,1501666428902","134,369995",3,3,2024-07-20
2024-07-20 15:00:00,"835,1501666428902","273,820007",3,3,2024-07-20
2024-07-20 16:00:00,"835,1501666428902","634,190002",3,3,2024-07-20
2024-07-20 17:00:00,"835,1501666428902","817,440002",3,3,2024-07-20
2024-07-20 18:00:00,"835,1501666428902","1005,380005",3,3,2024-07-20
2024-07-20 19:00:00,"835,1501666428902","811,840027",3,3,2024-07-20
2024-07-20 20:00:00,"835,1501666428902","627,47998",3,3,2024-07-20
2024-07-20 21:00:00,"835,1501666428902","555,929993",3,3,2024-07-20
2024-07-20 22:00:00,"835,1501666428902","474,790009",3,3,2024-07-20
2024-07-20 23:00:00,"835,1501666428902","420,089996",3,3,2024-07-20
2024-07-21 00:00:00,"835,1501666428902","411,880005",3,3,2024-07-21
2024-07-21 01:00:00,"835,1501666428902","450,540009",3,3,2024-07-21
2024-07-21 02:00:00,"835,1501666428902","496,570007",3,3,2024-07-21
2024-07-21 03:00:00,"835,1501666428902","561,419983",3,3,2024-07-21
2024-07-21 04:00:00,"835,1501666428902","480,529999",3,3,2024-07-21
2024-07-21 05:00:00,"835,1501666428902","421,809998",3,3,2024-07-21
2024-07-21 06:00:00,"835,1501666428902","303,540009",3,3,2024-07-21
2024-07-21 07:00:00,"835,1501666428902","138,559998",3,3,2024-07-21
2024-07-21 08:00:00,"835,1501666428902","7,54",3,3,2024-07-21
2024-07-21 09:00:00,"835,1501666428902","0,22",3,3,2024-07-21
2024-07-21 10:00:00,"835,1501666428902","0,15",3,3,2024-07-21
2024-07-21 11:00:00,"835,1501666428902","-0,45",3,3,2024-07-21
2024-07-21 12:00:00,"835,1501666428902","-1,34",3,3,2024-07-21
2024-07-21 13:00:00,"835,1501666428902","0,3",3,3,2024-07-21
2024-07-21 14:00:00,"835,1501666428902","139,380005",3,3,2024-07-21
2024-07-21 15:00:00,"835,1501666428902","307,640015",3,3,2024-07-21
2024-07-21 16:00:00,"835,1501666428902","600,289978",3,3,2024-07-21
2024-07-21 17:00:00,"835,1501666428902","807,880005",3,3,2024-07-21
2024-07-21 18:00:00,"835,1501666428902","841,150024",3,3,2024-07-21
2024-07-21 19:00:00,"835,1501666428902","919,950012",3,3,2024-07-21
2024-07-21 20:00:00,"835,1501666428902","814,590027",3,3,2024-07-21
2024-07-21 21:00:00,"835,1501666428902","672,73999",3,3,2024-07-21
2024-07-21 22:00:00,"835,1501666428902","901,669983",3,3,2024-07-21
2024-07-21 23:00:00,"835,1501666428902","721,02002",3,3,2024-07-21
2024-07-22 00:00:00,"733,576200738422","648,27002",3,4,2024-07-22
2024-07-22 01:00:00,"806,7099182808447","648,640015",3,4,2024-07-22
2024-07-22 02:00:00,"835,1501666428902","610,659973",3,4,2024-07-22
2024-07-22 03:00:00,"835,1501666428902","591,859985",3,4,2024-07-22
2024-07-22 04:00:00,"835,1501666428902","811,159973",3,4,2024-07-22
2024-07-22 05:00:00,"835,1501666428902","896,070007",3,4,2024-07-22
2024-07-22 06:00:00,"835,1501666428902","852,719971",3,4,2024-07-22
2024-07-22 07:00:00,"835,1501666428902","703,929993",3,4,2024-07-22
2024-07-22 08:00:00,"835,1501666428902","473,290009",3,4,2024-07-22
2024-07-22 09:00:00,"835,1501666428902","291,600006",3,4,2024-07-22
2024-07-22 10:00:00,"835,1501666428902","191,089996",3,4,2024-07-22
2024-07-22 11:00:00,"835,1501666428902","174,300003",3,4,2024-07-22
2024-07-22 12:00:00,"835,1501666428902","144,830002",3,4,2024-07-22
2024-07-22 13:00:00,"835,1501666428902","152,070007",3,4,2024-07-22
2024-07-22 14:00:00,"835,1501666428902","170,279999",3,4,2024-07-22
2024-07-22 15:00:00,"835,1501666428902","463,820007",3,4,2024-07-22
2024-07-22 16:00:00,"835,1501666428902","603,719971",3,4,2024-07-22
2024-07-22 17:00:00,"835,1501666428902","739,0",3,4,2024-07-22
2024-07-22 18:00:00,"835,1501666428902","1043,660034",3,4,2024-07-22
2024-07-22 19:00:00,"835,1501666428902","1046,569946",3,4,2024-07-22
2024-07-22 20:00:00,"835,1501666428902","828,539978",3,4,2024-07-22
2024-07-22 21:00:00,"835,1501666428902","712,73999",3,4,2024-07-22
2024-07-22 22:00:00,"835,1501666428902","618,22998",3,4,2024-07-22
2024-07-22 23:00:00,"835,1501666428902","559,349976",3,4,2024-07-22
2024-07-23 00:00:00,"835,1501666428902","547,630005",3,4,2024-07-23
2024-07-23 01:00:00,"835,1501666428902","508,380005",3,4,2024-07-23
2024-07-23 02:00:00,"835,1501666428902","526,52002",3,4,2024-07-23
2024-07-23 03:00:00,"835,1501666428902","549,799988",3,4,2024-07-23
2024-07-23 04:00:00,"835,1501666428902","745,450012",3,4,2024-07-23
2024-07-23 05:00:00,"835,1501666428902","865,590027",3,4,2024-07-23
2024-07-23 06:00:00,"835,1501666428902","824,179993",3,4,2024-07-23
2024-07-23 07:00:00,"835,1501666428902","651,359985",3,4,2024-07-23
2024-07-23 08:00:00,"835,1501666428902","513,909973",3,4,2024-07-23
2024-07-23 09:00:00,"835,1501666428902","457,940002",3,4,2024-07-23
2024-07-23 10:00:00,"835,1501666428902","324,0",3,4,2024-07-23
2024-07-23 11:00:00,"835,1501666428902","285,720001",3,4,2024-07-23
2024-07-23 12:00:00,"835,1501666428902","268,709991",3,4,2024-07-23
2024-07-23 13:00:00,"835,1501666428902","313,100006",3,4,2024-07-23
2024-07-23 14:00:00,"835,1501666428902","483,980011",3,4,2024-07-23
2024-07-23 15:00:00,"835,1501666428902","593,450012",3,4,2024-07-23
2024-07-23 16:00:00,"835,1501666428902","596,359985",3,4,2024-07-23
2024-07-23 17:00:00,"835,1501666428902","716,570007",3,4,2024-07-23
2024-07-23 18:00:00,"835,1501666428902","872,530029",3,4,2024-07-23
2024-07-23 19:00:00,"835,1501666428902","761,200012",3,4,2024-07-23
2024-07-23 20:00:00,"835,1501666428902","740,450012",3,4,2024-07-23
2024-07-23 21:00:00,"835,1501666428902","683,369995",3,4,2024-07-23
2024-07-23 22:00:00,"835,1501666428902","623,359985",3,4,2024-07-23
2024-07-23 23:00:00,"835,1501666428902","584,419983",3,4,2024-07-23
2024-07-24 00:00:00,"835,1501666428902","541,369995",3,4,2024-07-24
2024-07-24 01:00:00,"835,1501666428902","549,130005",3,4,2024-07-24
2024-07-24 02:00:00,"835,1501666428902","423,630005",3,4,2024-07-24
2024-07-24 03:00:00,"835,1501666428902","299,179993",3,4,2024-07-24
2024-07-24 04:00:00,"835,1501666428902","323,429993",3,4,2024-07-24
2024-07-24 05:00:00,"835,1501666428902","336,190002",3,4,2024-07-24
2024-07-24 06:00:00,"835,1501666428902","429,079987",3,4,2024-07-24
2024-07-24 07:00:00,"835,1501666428902","270,23999",3,4,2024-07-24
2024-07-24 08:00:00,"835,1501666428902","186,520004",3,4,2024-07-24
2024-07-24 09:00:00,"835,1501666428902","158,100006",3,4,2024-07-24
2024-07-24 10:00:00,"835,1501666428902","11,79",3,4,2024-07-24
2024-07-24 11:00:00,"835,1501666428902","0,0",3,4,2024-07-24
2024-07-24 12:00:00,"835,1501666428902","0,0",3,4,2024-07-24
2024-07-24 13:00:00,"835,1501666428902","-0,6",3,4,2024-07-24
2024-07-24 14:00:00,"835,1501666428902","124,599998",3,4,2024-07-24
2024-07-24 15:00:00,"835,1501666428902","184,880005",3,4,2024-07-24
2024-07-24 16:00:00,"835,1501666428902","387,149994",3,4,2024-07-24
2024-07-24 17:00:00,"835,1501666428902","668,5",3,4,2024-07-24
2024-07-24 18:00:00,"835,1501666428902","809,659973",3,4,2024-07-24
2024-07-24 19:00:00,"835,1501666428902","881,210022",3,4,2024-07-24
2024-07-24 20:00:00,"835,1501666428902","813,320007",3,4,2024-07-24
2024-07-24 21:00:00,"835,1501666428902","631,570007",3,4,2024-07-24
2024-07-24 22:00:00,"835,1501666428902","624,570007",3,4,2024-07-24
2024-07-24 23:00:00,"835,1501666428902","578,299988",3,4,2024-07-24
2024-07-25 00:00:00,"835,1501666428902","567,859985",3,4,2024-07-25
2024-07-25 01:00:00,"835,1501666428902","596,359985",3,4,2024-07-25
2024-07-25 02:00:00,"835,1501666428902","570,090027",3,4,2024-07-25
2024-07-25 03:00:00,"835,1501666428902","690,460022",3,4,2024-07-25
2024-07-25 04:00:00,"835,1501666428902","792,159973",3,4,2024-07-25
2024-07-25 05:00:00,"835,1501666428902","813,580017",3,4,2024-07-25
2024-07-25 06:00:00,"835,1501666428902","678,890015",3,4,2024-07-25
2024-07-25 07:00:00,"835,1501666428902","537,109985",3,4,2024-07-25
2024-07-25 08:00:00,"835,1501666428902","411,0",3,4,2024-07-25
2024-07-25 09:00:00,"835,1501666428902","275,720001",3,4,2024-07-25
2024-07-25 10:00:00,"835,1501666428902","177,070007",3,4,2024-07-25
2024-07-25 11:00:00,"835,1501666428902","133,869995",3,4,2024-07-25
2024-07-25 12:00:00,"835,1501666428902","128,490005",3,4,2024-07-25
2024-07-25 13:00:00,"835,1501666428902","166,029999",3,4,2024-07-25
2024-07-25 14:00:00,"835,1501666428902","401,450012",3,4,2024-07-25
2024-07-25 15:00:00,"835,1501666428902","596,960022",3,4,2024-07-25
2024-07-25 16:00:00,"835,1501666428902","723,809998",3,4,2024-07-25
2024-07-25 17:00:00,"835,1501666428902","947,150024",3,4,2024-07-25
2024-07-25 18:00:00,"835,1501666428902","1161,97998",3,4,2024-07-25
2024-07-25 19:00:00,"835,1501666428902","982,070007",3,4,2024-07-25
2024-07-25 20:00:00,"835,1501666428902","746,200012",3,4,2024-07-25
2024-07-25 21:00:00,"835,1501666428902","633,890015",3,4,2024-07-25
2024-07-25 22:00:00,"835,1501666428902","604,460022",3,4,2024-07-25
2024-07-25 23:00:00,"835,1501666428902","548,48999",3,4,2024-07-25
2024-07-26 00:00:00,"835,1501666428902","559,76001",3,4,2024-07-26
2024-07-26 01:00:00,"835,1501666428902","576,849976",3,4,2024-07-26
2024-07-26 02:00:00,"835,1501666428902","573,859985",3,4,2024-07-26
2024-07-26 03:00:00,"835,1501666428902","596,919983",3,4,2024-07-26
2024-07-26 04:00:00,"835,1501666428902","608,109985",3,4,2024-07-26
2024-07-26 05:00:00,"835,1501666428902","795,940002",3,4,2024-07-26
2024-07-26 06:00:00,"835,1501666428902","776,840027",3,4,2024-07-26
2024-07-26 07:00:00,"835,1501666428902","722,590027",3,4,2024-07-26
2024-07-26 08:00:00,"835,1501666428902","675,570007",3,4,2024-07-26
2024-07-26 09:00:00,"835,1501666428902","607,070007",3,4,2024-07-26
2024-07-26 10:00:00,"835,1501666428902","522,369995",3,4,2024-07-26
2024-07-26 11:00:00,"835,1501666428902","471,029999",3,4,2024-07-26
2024-07-26 12:00:00,"835,1501666428902","449,160004",3,4,2024-07-26
2024-07-26 13:00:00,"835,1501666428902","508,48999",3,4,2024-07-26
2024-07-26 14:00:00,"835,1501666428902","543,559998",3,4,2024-07-26
2024-07-26 15:00:00,"835,1501666428902","660,580017",3,4,2024-07-26
2024-07-26 16:00:00,"835,1501666428902","704,01001",3,4,2024-07-26
2024-07-26 17:00:00,"835,1501666428902","804,380005",3,4,2024-07-26
2024-07-26 18:00:00,"835,1501666428902","1068,98999",3,4,2024-07-26
2024-07-26 19:00:00,"835,1501666428902","1037,280029",3,4,2024-07-26
2024-07-26 20:00:00,"835,1501666428902","793,929993",3,4,2024-07-26
2024-07-26 21:00:00,"835,1501666428902","730,650024",3,4,2024-07-26
2024-07-26 22:00:00,"835,1501666428902","775,22998",3,4,2024-07-26
2024-07-26 23:00:00,"835,1501666428902","768,890015",3,4,2024-07-26
2024-07-27 00:00:00,"835,1501666428902","723,070007",3,4,2024-07-27
2024-07-27 01:00:00,"835,1501666428902","710,080017",3,4,2024-07-27
2024-07-27 02:00:00,"835,1501666428902","690,01001",3,4,2024-07-27
2024-07-27 03:00:00,"835,1501666428902","673,070007",3,4,2024-07-27
2024-07-27 04:00:00,"835,1501666428902","649,929993",3,4,2024-07-27
2024-07-27 05:00:00,"835,1501666428902","615,01001",3,4,2024-07-27
2024-07-27 06:00:00,"835,1501666428902","632,02002",3,4,2024-07-27
2024-07-27 07:00:00,"835,1501666428902","505,0",3,4,2024-07-27
2024-07-27 08:00:00,"835,1501666428902","453,589996",3,4,2024-07-27
2024-07-27 09:00:00,"835,1501666428902","297,76001",3,4,2024-07-27
2024-07-27 10:00:00,"835,1501666428902","208,960007",3,4,2024-07-27
2024-07-27 11:00:00,"835,1501666428902","132,839996",3,4,2024-07-27
2024-07-27 12:00:00,"835,1501666428902","133,729996",3,4,2024-07-27
2024-07-27 13:00:00,"835,1501666428902","261,350006",3,4,2024-07-27
2024-07-27 14:00:00,"835,1501666428902","505,380005",3,4,2024-07-27
2024-07-27 15:00:00,"835,1501666428902","649,710022",3,4,2024-07-27
2024-07-27 16:00:00,"835,1501666428902","783,369995",3,4,2024-07-27
2024-07-27 17:00:00,"835,1501666428902","870,830017",3,4,2024-07-27
2024-07-27 18:00:00,"835,1501666428902","918,669983",3,4,2024-07-27
2024-07-27 19:00:00,"835,1501666428902","909,109985",3,4,2024-07-27
2024-07-27 20:00:00,"835,1501666428902","806,719971",3,4,2024-07-27
2024-07-27 21:00:00,"835,1501666428902","730,900024",3,4,2024-07-27
2024-07-27 22:00:00,"835,1501666428902","820,820007",3,4,2024-07-27
2024-07-27 23:00:00,"835,1501666428902","709,780029",3,4,2024-07-27
2024-07-28 00:00:00,"835,1501666428902","658,280029",3,4,2024-07-28
2024-07-28 01:00:00,"835,1501666428902","608,429993",3,4,2024-07-28
2024-07-28 02:00:00,"835,1501666428902","586,119995",3,4,2024-07-28
2024-07-28 03:00:00,"835,1501666428902","591,48999",3,4,2024-07-28
2024-07-28 04:00:00,"835,1501666428902","563,659973",3,4,2024-07-28
2024-07-28 05:00:00,"835,1501666428902","541,869995",3,4,2024-07-28
2024-07-28 06:00:00,"835,1501666428902","189,699997",3,4,2024-07-28
2024-07-28 07:00:00,"835,1501666428902","37,240002",3,4,2024-07-28
2024-07-28 08:00:00,"835,1501666428902","0,0",3,4,2024-07-28
2024-07-28 09:00:00,"835,1501666428902","-18,129999",3,4,2024-07-28
2024-07-28 10:00:00,"835,1501666428902","-112,239998",3,4,2024-07-28
2024-07-28 11:00:00,"835,1501666428902","-222,389999",3,4,2024-07-28
2024-07-28 12:00:00,"835,1501666428902","-363,359985",3,4,2024-07-28
2024-07-28 13:00:00,"835,1501666428902","-250,220001",3,4,2024-07-28
2024-07-28 14:00:00,"835,1501666428902","-99,099998",3,4,2024-07-28
2024-07-28 15:00:00,"835,1501666428902","-1,94",3,4,2024-07-28
2024-07-28 16:00:00,"835,1501666428902","37,09",3,4,2024-07-28
2024-07-28 17:00:00,"835,1501666428902","349,480011",3,4,2024-07-28
2024-07-28 18:00:00,"835,1501666428902","588,580017",3,4,2024-07-28
2024-07-28 19:00:00,"835,1501666428902","579,630005",3,4,2024-07-28
2024-07-28 20:00:00,"835,1501666428902","589,400024",3,4,2024-07-28
2024-07-28 21:00:00,"835,1501666428902","322,98999",3,4,2024-07-28
2024-07-28 22:00:00,"835,1501666428902","382,160004",3,4,2024-07-28
2024-07-28 23:00:00,"835,1501666428902","275,670013",3,4,2024-07-28
2024-09-30 00:00:00,"624,9625497546432","62,630001",4,1,2024-09-30
2024-09-30 01:00:00,"710,4871005478113","41,23",4,1,2024-09-30
2024-09-30 02:00:00,"730,6849017084061","67,25",4,1,2024-09-30
2024-09-30 03:00:00,"806,7099182808447","126,599998",4,1,2024-09-30
2024-09-30 04:00:00,"835,1501666428902","314,869995",4,1,2024-09-30
2024-09-30 05:00:00,"835,1501666428902","597,22998",4,1,2024-09-30
2024-09-30 06:00:00,"835,1501666428902","597,22998",4,1,2024-09-30
2024-09-30 07:00:00,"835,1501666428902","447,359985",4,1,2024-09-30
2024-09-30 08:00:00,"835,1501666428902","272,73999",4,1,2024-09-30
2024-09-30 09:00:00,"835,1501666428902","155,910004",4,1,2024-09-30
2024-09-30 10:00:00,"835,1501666428902","69,190002",4,1,2024-09-30
2024-09-30 11:00:00,"835,1501666428902","15,36",4,1,2024-09-30
2024-09-30 12:00:00,"835,1501666428902","94,919998",4,1,2024-09-30
2024-09-30 13:00:00,"835,1501666428902","125,709999",4,1,2024-09-30
2024-09-30 14:00:00,"835,1501666428902","180,360001",4,1,2024-09-30
2024-09-30 15:00:00,"835,1501666428902","243,960007",4,1,2024-09-30
2024-09-30 16:00:00,"835,1501666428902","268,339996",4,1,2024-09-30
2024-09-30 17:00:00,"835,1501666428902","273,119995",4,1,2024-09-30
2024-09-30 18:00:00,"835,1501666428902","127,5",4,1,2024-09-30
2024-09-30 19:00:00,"835,1501666428902","31,24",4,1,2024-09-30
2024-09-30 20:00:00,"835,1501666428902","24,459999",4,1,2024-09-30
2024-09-30 21:00:00,"835,1501666428902","24,23",4,1,2024-09-30
2024-09-30 22:00:00,"835,1501666428902","23,93",4,1,2024-09-30
2024-09-30 23:00:00,"835,1501666428902","0,52",4,1,2024-09-30
2024-10-01 00:00:00,"835,1501666428902","0,37",4,1,2024-10-01
2024-10-01 01:00:00,"835,1501666428902","0,15",4,1,2024-10-01
2024-10-01 02:00:00,"835,1501666428902","0,67",4,1,2024-10-01
2024-10-01 03:00:00,"835,1501666428902","24,6",4,1,2024-10-01
2024-10-01 04:00:00,"835,1501666428902","75,080002",4,1,2024-10-01
2024-10-01 05:00:00,"835,1501666428902","293,910004",4,1,2024-10-01
2024-10-01 06:00:00,"835,1501666428902","308,079987",4,1,2024-10-01
2024-10-01 07:00:00,"835,1501666428902","309,5",4,1,2024-10-01
2024-10-01 08:00:00,"835,1501666428902","288,170013",4,1,2024-10-01
2024-10-01 09:00:00,"835,1501666428902","260,880005",4,1,2024-10-01
2024-10-01 10:00:00,"835,1501666428902","232,919998",4,1,2024-10-01
2024-10-01 11:00:00,"835,1501666428902","223,600006",4,1,2024-10-01
2024-10-01 12:00:00,"835,1501666428902","260,660004",4,1,2024-10-01
2024-10-01 13:00:00,"835,1501666428902","296,079987",4,1,2024-10-01
2024-10-01 14:00:00,"835,1501666428902","324,779999",4,1,2024-10-01
2024-10-01 15:00:00,"835,1501666428902","393,0",4,1,2024-10-01
2024-10-01 16:00:00,"835,1501666428902","405,600006",4,1,2024-10-01
2024-10-01 17:00:00,"835,1501666428902","421,410004",4,1,2024-10-01
2024-10-01 18:00:00,"835,1501666428902","366,829987",4,1,2024-10-01
2024-10-01 19:00:00,"835,1501666428902","345,429993",4,1,2024-10-01
2024-10-01 20:00:00,"835,1501666428902","321,649994",4,1,2024-10-01
2024-10-01 21:00:00,"835,1501666428902","309,940002",4,1,2024-10-01
2024-10-01 22:00:00,"835,1501666428902","432,829987",4,1,2024-10-01
2024-10-01 23:00:00,"835,1501666428902","367,350006",4,1,2024-10-01
2024-10-02 00:00:00,"835,1501666428902","373,540009",4,1,2024-10-02
2024-10-02 01:00:00,"835,1501666428902","365,339996",4,1,2024-10-02
2024-10-02 02:00:00,"835,1501666428902","300,230011",4,1,2024-10-02
2024-10-02 03:00:00,"835,1501666428902","363,470001",4,1,2024-10-02
2024-10-02 04:00:00,"835,1501666428902","596,440002",4,1,2024-10-02
2024-10-02 05:00:00,"835,1501666428902","692,869995",4,1,2024-10-02
2024-10-02 06:00:00,"835,1501666428902","913,830017",4,1,2024-10-02
2024-10-02 07:00:00,"835,1501666428902","701,219971",4,1,2024-10-02
2024-10-02 08:00:00,"835,1501666428902","484,880005",4,1,2024-10-02
2024-10-02 09:00:00,"835,1501666428902","394,420013",4,1,2024-10-02
2024-10-02 10:00:00,"835,1501666428902","431,040009",4,1,2024-10-02
2024-10-02 11:00:00,"835,1501666428902","597,109985",4,1,2024-10-02
2024-10-02 12:00:00,"835,1501666428902","584,659973",4,1,2024-10-02
2024-10-02 13:00:00,"835,1501666428902","607,26001",4,1,2024-10-02
2024-10-02 14:00:00,"835,1501666428902","607,849976",4,1,2024-10-02
2024-10-02 15:00:00,"835,1501666428902","746,48999",4,1,2024-10-02
2024-10-02 16:00:00,"835,1501666428902","872,590027",4,1,2024-10-02
2024-10-02 17:00:00,"835,1501666428902","969,97998",4,1,2024-10-02
2024-10-02 18:00:00,"835,1501666428902","852,900024",4,1,2024-10-02
2024-10-02 19:00:00,"835,1501666428902","719,940002",4,1,2024-10-02
2024-10-02 20:00:00,"835,1501666428902","695,780029",4,1,2024-10-02
2024-10-02 21:00:00,"835,1501666428902","633,880005",4,1,2024-10-02
2024-10-02 22:00:00,"835,1501666428902","502,230011",4,1,2024-10-02
2024-10-02 23:00:00,"835,1501666428902","491,26001",4,1,2024-10-02
2024-10-03 00:00:00,"835,1501666428902","485,890015",4,1,2024-10-03
2024-10-03 01:00:00,"835,1501666428902","478,730011",4,1,2024-10-03
2024-10-03 02:00:00,"835,1501666428902","477,23999",4,1,2024-10-03
2024-10-03 03:00:00,"835,1501666428902","480,369995",4,1,2024-10-03
2024-10-03 04:00:00,"835,1501666428902","488,059998",4,1,2024-10-03
2024-10-03 05:00:00,"835,1501666428902","547,280029",4,1,2024-10-03
2024-10-03 06:00:00,"835,1501666428902","571,900024",4,1,2024-10-03
2024-10-03 07:00:00,"835,1501666428902","543,780029",4,1,2024-10-03
2024-10-03 08:00:00,"835,1501666428902","516,77002",4,1,2024-10-03
2024-10-03 09:00:00,"835,1501666428902","470,230011",4,1,2024-10-03
2024-10-03 10:00:00,"835,1501666428902","351,25",4,1,2024-10-03
2024-10-03 11:00:00,"835,1501666428902","253,460007",4,1,2024-10-03
2024-10-03 12:00:00,"835,1501666428902","291,950012",4,1,2024-10-03
2024-10-03 13:00:00,"835,1501666428902","383,109985",4,1,2024-10-03
2024-10-03 14:00:00,"835,1501666428902","492,609985",4,1,2024-10-03
2024-10-03 15:00:00,"835,1501666428902","669,090027",4,1,2024-10-03
2024-10-03 16:00:00,"835,1501666428902","821,039978",4,1,2024-10-03
2024-10-03 17:00:00,"835,1501666428902","860,200012",4,1,2024-10-03
2024-10-03 18:00:00,"835,1501666428902","807,679993",4,1,2024-10-03
2024-10-03 19:00:00,"835,1501666428902","736,669983",4,1,2024-10-03
2024-10-03 20:00:00,"835,1501666428902","678,48999",4,1,2024-10-03
2024-10-03 21:00:00,"835,1501666428902","607,630005",4,1,2024-10-03
2024-10-03 22:00:00,"835,1501666428902","551,23999",4,1,2024-10-03
2024-10-03 23:00:00,"835,1501666428902","540,950012",4,1,2024-10-03
2024-10-04 00:00:00,"835,1501666428902","537,809998",4,1,2024-10-04
2024-10-04 01:00:00,"835,1501666428902","537,070007",4,1,2024-10-04
2024-10-04 02:00:00,"835,1501666428902","539,530029",4,1,2024-10-04
2024-10-04 03:00:00,"835,1501666428902","575,109985",4,1,2024-10-04
2024-10-04 04:00:00,"835,1501666428902","768,299988",4,1,2024-10-04
2024-10-04 05:00:00,"835,1501666428902","943,890015",4,1,2024-10-04
2024-10-04 06:00:00,"835,1501666428902","1054,890015",4,1,2024-10-04
2024-10-04 07:00:00,"835,1501666428902","867,289978",4,1,2024-10-04
2024-10-04 08:00:00,"835,1501666428902","746,599976",4,1,2024-10-04
2024-10-04 09:00:00,"835,1501666428902","634,039978",4,1,2024-10-04
2024-10-04 10:00:00,"835,1501666428902","559,969971",4,1,2024-10-04
2024-10-04 11:00:00,"835,1501666428902","548,179993",4,1,2024-10-04
2024-10-04 12:00:00,"835,1501666428902","565,559998",4,1,2024-10-04
2024-10-04 13:00:00,"835,1501666428902","589,799988",4,1,2024-10-04
2024-10-04 14:00:00,"835,1501666428902","669,840027",4,1,2024-10-04
2024-10-04 15:00:00,"835,1501666428902","798,890015",4,1,2024-10-04
2024-10-04 16:00:00,"835,1501666428902","984,400024",4,1,2024-10-04
2024-10-04 17:00:00,"835,1501666428902","1111,579956",4,1,2024-10-04
2024-10-04 18:00:00,"835,1501666428902","922,710022",4,1,2024-10-04
2024-10-04 19:00:00,"835,1501666428902","745,179993",4,1,2024-10-04
2024-10-04 20:00:00,"835,1501666428902","745,179993",4,1,2024-10-04
2024-10-04 21:00:00,"835,1501666428902","671,330017",4,1,2024-10-04
2024-10-04 22:00:00,"835,1501666428902","694,340027",4,1,2024-10-04
2024-10-04 23:00:00,"835,1501666428902","631,23999",4,1,2024-10-04
2024-10-05 00:00:00,"835,1501666428902","607,080017",4,1,2024-10-05
2024-10-05 01:00:00,"835,1501666428902","563,380005",4,1,2024-10-05
2024-10-05 02:00:00,"835,1501666428902","564,719971",4,1,2024-10-05
2024-10-05 03:00:00,"835,1501666428902","595,299988",4,1,2024-10-05
2024-10-05 04:00:00,"835,1501666428902","642,880005",4,1,2024-10-05
2024-10-05 05:00:00,"835,1501666428902","748,780029",4,1,2024-10-05
2024-10-05 06:00:00,"835,1501666428902","825,0",4,1,2024-10-05
2024-10-05 07:00:00,"835,1501666428902","768,169983",4,1,2024-10-05
2024-10-05 08:00:00,"835,1501666428902","614,690002",4,1,2024-10-05
2024-10-05 09:00:00,"835,1501666428902","509,160004",4,1,2024-10-05
2024-10-05 10:00:00,"835,1501666428902","383,640015",4,1,2024-10-05
2024-10-05 11:00:00,"835,1501666428902","289,970001",4,1,2024-10-05
2024-10-05 12:00:00,"835,1501666428902","324,350006",4,1,2024-10-05
2024-10-05 13:00:00,"835,1501666428902","469,26001",4,1,2024-10-05
2024-10-05 14:00:00,"835,1501666428902","575,159973",4,1,2024-10-05
2024-10-05 15:00:00,"835,1501666428902","741,919983",4,1,2024-10-05
2024-10-05 16:00:00,"835,1501666428902","1108,630005",4,1,2024-10-05
2024-10-05 17:00:00,"835,1501666428902","1068,579956",4,1,2024-10-05
2024-10-05 18:00:00,"835,1501666428902","799,719971",4,1,2024-10-05
2024-10-05 19:00:00,"835,1501666428902","720,140015",4,1,2024-10-05
2024-10-05 20:00:00,"835,1501666428902","635,640015",4,1,2024-10-05
2024-10-05 21:00:00,"835,1501666428902","499,690002",4,1,2024-10-05
2024-10-05 22:00:00,"835,1501666428902","486,98999",4,1,2024-10-05
2024-10-05 23:00:00,"835,1501666428902","452,100006",4,1,2024-10-05
2024-10-06 00:00:00,"835,1501666428902","440,549988",4,1,2024-10-06
2024-10-06 01:00:00,"835,1501666428902","433,320007",4,1,2024-10-06
2024-10-06 02:00:00,"835,1501666428902","424,369995",4,1,2024-10-06
2024-10-06 03:00:00,"835,1501666428902","433,320007",4,1,2024-10-06
2024-10-06 04:00:00,"835,1501666428902","431,829987",4,1,2024-10-06
2024-10-06 05:00:00,"835,1501666428902","524,929993",4,1,2024-10-06
2024-10-06 06:00:00,"835,1501666428902","575,469971",4,1,2024-10-06
2024-10-06 07:00:00,"835,1501666428902","492,429993",4,1,2024-10-06
2024-10-06 08:00:00,"835,1501666428902","193,960007",4,1,2024-10-06
2024-10-06 09:00:00,"835,1501666428902","126,720001",4,1,2024-10-06
2024-10-06 10:00:00,"835,1501666428902","105,849998",4,1,2024-10-06
2024-10-06 11:00:00,"835,1501666428902","93,330002",4,1,2024-10-06
2024-10-06 12:00:00,"835,1501666428902","113,900002",4,1,2024-10-06
2024-10-06 13:00:00,"835,1501666428902","139,539993",4,1,2024-10-06
2024-10-06 14:00:00,"835,1501666428902","202,759995",4,1,2024-10-06
2024-10-06 15:00:00,"835,1501666428902","677,890015",4,1,2024-10-06
2024-10-06 16:00:00,"835,1501666428902","792,390015",4,1,2024-10-06
2024-10-06 17:00:00,"835,1501666428902","724,710022",4,1,2024-10-06
2024-10-06 18:00:00,"835,1501666428902","544,01001",4,1,2024-10-06
2024-10-06 19:00:00,"835,1501666428902","442,559998",4,1,2024-10-06
2024-10-06 20:00:00,"835,1501666428902","437,48999",4,1,2024-10-06
2024-10-06 21:00:00,"835,1501666428902","385,459991",4,1,2024-10-06
2024-10-06 22:00:00,"835,1501666428902","257,769989",4,1,2024-10-06
2024-10-06 23:00:00,"835,1501666428902","263,429993",4,1,2024-10-06
2024-10-07 00:00:00,"654,8442248387072","247,850006",4,2,2024-10-07
2024-10-07 01:00:00,"710,4871005478113","224,75",4,2,2024-10-07
2024-10-07 02:00:00,"730,6849017084061","260,529999",4,2,2024-10-07
2024-10-07 03:00:00,"806,7099182808447","291,910004",4,2,2024-10-07
2024-10-07 04:00:00,"835,1501666428902","335,369995",4,2,2024-10-07
2024-10-07 05:00:00,"835,1501666428902","378,299988",4,2,2024-10-07
2024-10-07 06:00:00,"835,1501666428902","414,089996",4,2,2024-10-07
2024-10-07 07:00:00,"835,1501666428902","383,75",4,2,2024-10-07
2024-10-07 08:00:00,"835,1501666428902","372,420013",4,2,2024-10-07
2024-10-07 09:00:00,"835,1501666428902","356,309998",4,2,2024-10-07
2024-10-07 10:00:00,"835,1501666428902","340,880005",4,2,2024-10-07
2024-10-07 11:00:00,"835,1501666428902","322,019989",4,2,2024-10-07
2024-10-07 12:00:00,"835,1501666428902","358,399994",4,2,2024-10-07
2024-10-07 13:00:00,"835,1501666428902","458,070007",4,2,2024-10-07
2024-10-07 14:00:00,"835,1501666428902","661,869995",4,2,2024-10-07
2024-10-07 15:00:00,"835,1501666428902","873,640015",4,2,2024-10-07
2024-10-07 16:00:00,"835,1501666428902","1405,060059",4,2,2024-10-07
2024-10-07 17:00:00,"835,1501666428902","1405,359985",4,2,2024-10-07
2024-10-07 18:00:00,"835,1501666428902","909,27002",4,2,2024-10-07
2024-10-07 19:00:00,"835,1501666428902","744,909973",4,2,2024-10-07
2024-10-07 20:00:00,"835,1501666428902","685,119995",4,2,2024-10-07
2024-10-07 21:00:00,"835,1501666428902","589,780029",4,2,2024-10-07
2024-10-07 22:00:00,"835,1501666428902","539,340027",4,2,2024-10-07
2024-10-07 23:00:00,"835,1501666428902","500,119995",4,2,2024-10-07
2024-10-08 00:00:00,"835,1501666428902","477,149994",4,2,2024-10-08
2024-10-08 01:00:00,"835,1501666428902","444,940002",4,2,2024-10-08
2024-10-08 02:00:00,"835,1501666428902","445,089996",4,2,2024-10-08
2024-10-08 03:00:00,"835,1501666428902","502,799988",4,2,2024-10-08
2024-10-08 04:00:00,"835,1501666428902","641,049988",4,2,2024-10-08
2024-10-08 05:00:00,"835,1501666428902","822,98999",4,2,2024-10-08
2024-10-08 06:00:00,"835,1501666428902","792,200012",4,2,2024-10-08
2024-10-08 07:00:00,"835,1501666428902","633,820007",4,2,2024-10-08
2024-10-08 08:00:00,"835,1501666428902","598,98999",4,2,2024-10-08
2024-10-08 09:00:00,"835,1501666428902","547,469971",4,2,2024-10-08
2024-10-08 10:00:00,"835,1501666428902","495,940002",4,2,2024-10-08
2024-10-08 11:00:00,"835,1501666428902","529,200012",4,2,2024-10-08
2024-10-08 12:00:00,"835,1501666428902","565,140015",4,2,2024-10-08
2024-10-08 13:00:00,"835,1501666428902","578,119995",4,2,2024-10-08
2024-10-08 14:00:00,"835,1501666428902","754,539978",4,2,2024-10-08
2024-10-08 15:00:00,"835,1501666428902","942,080017",4,2,2024-10-08
2024-10-08 16:00:00,"835,1501666428902","1168,97998",4,2,2024-10-08
2024-10-08 17:00:00,"835,1501666428902","1254,209961",4,2,2024-10-08
2024-10-08 18:00:00,"835,1501666428902","853,119995",4,2,2024-10-08
2024-10-08 19:00:00,"835,1501666428902","707,640015",4,2,2024-10-08
2024-10-08 20:00:00,"835,1501666428902","645,75",4,2,2024-10-08
2024-10-08 21:00:00,"835,1501666428902","504,070007",4,2,2024-10-08
2024-10-08 22:00:00,"835,1501666428902","461,859985",4,2,2024-10-08
2024-10-08 23:00:00,"835,1501666428902","447,459991",4,2,2024-10-08
2024-10-09 00:00:00,"835,1501666428902","428,670013",4,2,2024-10-09
2024-10-09 01:00:00,"835,1501666428902","405,100006",4,2,2024-10-09
2024-10-09 02:00:00,"835,1501666428902","427,480011",4,2,2024-10-09
2024-10-09 03:00:00,"835,1501666428902","476,329987",4,2,2024-10-09
2024-10-09 04:00:00,"835,1501666428902","646,590027",4,2,2024-10-09
2024-10-09 05:00:00,"835,1501666428902","829,22998",4,2,2024-10-09
2024-10-09 06:00:00,"835,1501666428902","827,659973",4,2,2024-10-09
2024-10-09 07:00:00,"835,1501666428902","648,820007",4,2,2024-10-09
2024-10-09 08:00:00,"835,1501666428902","537,630005",4,2,2024-10-09
2024-10-09 09:00:00,"835,1501666428902","446,720001",4,2,2024-10-09
2024-10-09 10:00:00,"835,1501666428902","445,970001",4,2,2024-10-09
2024-10-09 11:00:00,"835,1501666428902","446,350006",4,2,2024-10-09
2024-10-09 12:00:00,"835,1501666428902","504,369995",4,2,2024-10-09
2024-10-09 13:00:00,"835,1501666428902","575,51001",4,2,2024-10-09
2024-10-09 14:00:00,"835,1501666428902","708,48999",4,2,2024-10-09
2024-10-09 15:00:00,"835,1501666428902","875,909973",4,2,2024-10-09
2024-10-09 16:00:00,"835,1501666428902","913,799988",4,2,2024-10-09
2024-10-09 17:00:00,"835,1501666428902","948,030029",4,2,2024-10-09
2024-10-09 18:00:00,"835,1501666428902","828,179993",4,2,2024-10-09
2024-10-09 19:00:00,"835,1501666428902","714,450012",4,2,2024-10-09
2024-10-09 20:00:00,"835,1501666428902","709,22998",4,2,2024-10-09
2024-10-09 21:00:00,"835,1501666428902","614,070007",4,2,2024-10-09
2024-10-09 22:00:00,"835,1501666428902","456,399994",4,2,2024-10-09
2024-10-09 23:00:00,"835,1501666428902","349,73999",4,2,2024-10-09
2024-10-10 00:00:00,"835,1501666428902","281,559998",4,2,2024-10-10
2024-10-10 01:00:00,"835,1501666428902","238,679993",4,2,2024-10-10
2024-10-10 02:00:00,"835,1501666428902","221,070007",4,2,2024-10-10
2024-10-10 03:00:00,"835,1501666428902","295,359985",4,2,2024-10-10
2024-10-10 04:00:00,"835,1501666428902","463,179993",4,2,2024-10-10
2024-10-10 05:00:00,"835,1501666428902","633,23999",4,2,2024-10-10
2024-10-10 06:00:00,"835,1501666428902","600,119995",4,2,2024-10-10
2024-10-10 07:00:00,"835,1501666428902","503,459991",4,2,2024-10-10
2024-10-10 08:00:00,"835,1501666428902","387,920013",4,2,2024-10-10
2024-10-10 09:00:00,"835,1501666428902","290,369995",4,2,2024-10-10
2024-10-10 10:00:00,"835,1501666428902","163,270004",4,2,2024-10-10
2024-10-10 11:00:00,"835,1501666428902","118,889999",4,2,2024-10-10
2024-10-10 12:00:00,"835,1501666428902","149,25",4,2,2024-10-10
2024-10-10 13:00:00,"835,1501666428902","277,309998",4,2,2024-10-10
2024-10-10 14:00:00,"835,1501666428902","277,309998",4,2,2024-10-10
2024-10-10 15:00:00,"835,1501666428902","285,140015",4,2,2024-10-10
2024-10-10 16:00:00,"835,1501666428902","294,470001",4,2,2024-10-10
2024-10-10 17:00:00,"835,1501666428902","288,200012",4,2,2024-10-10
2024-10-10 18:00:00,"835,1501666428902","274,630005",4,2,2024-10-10
2024-10-10 19:00:00,"835,1501666428902","186,759995",4,2,2024-10-10
2024-10-10 20:00:00,"835,1501666428902","100,540001",4,2,2024-10-10
2024-10-10 21:00:00,"835,1501666428902","24,540001",4,2,2024-10-10
2024-10-10 22:00:00,"835,1501666428902","24,389999",4,2,2024-10-10
2024-10-10 23:00:00,"835,1501666428902","24,389999",4,2,2024-10-10
2024-10-11 00:00:00,"835,1501666428902","24,459999",4,2,2024-10-11
2024-10-11 01:00:00,"835,1501666428902","24,389999",4,2,2024-10-11
2024-10-11 02:00:00,"835,1501666428902","24,389999",4,2,2024-10-11
2024-10-11 03:00:00,"835,1501666428902","24,459999",4,2,2024-10-11
2024-10-11 04:00:00,"835,1501666428902","252,839996",4,2,2024-10-11
2024-10-11 05:00:00,"835,1501666428902","439,230011",4,2,2024-10-11
2024-10-11 06:00:00,"835,1501666428902","593,919983",4,2,2024-10-11
2024-10-11 07:00:00,"835,1501666428902","400,670013",4,2,2024-10-11
2024-10-11 08:00:00,"835,1501666428902","367,859985",4,2,2024-10-11
2024-10-11 09:00:00,"835,1501666428902","183,929993",4,2,2024-10-11
2024-10-11 10:00:00,"835,1501666428902","156,929993",4,2,2024-10-11
2024-10-11 11:00:00,"835,1501666428902","252,990005",4,2,2024-10-11
2024-10-11 12:00:00,"835,1501666428902","251,949997",4,2,2024-10-11
2024-10-11 13:00:00,"835,1501666428902","298,119995",4,2,2024-10-11
2024-10-11 14:00:00,"835,1501666428902","298,859985",4,2,2024-10-11
2024-10-11 15:00:00,"835,1501666428902","496,660004",4,2,2024-10-11
2024-10-11 16:00:00,"835,1501666428902","939,330017",4,2,2024-10-11
2024-10-11 17:00:00,"835,1501666428902","1208,060059",4,2,2024-10-11
2024-10-11 18:00:00,"835,1501666428902","895,02002",4,2,2024-10-11
2024-10-11 19:00:00,"835,1501666428902","744,289978",4,2,2024-10-11
2024-10-11 20:00:00,"835,1501666428902","733,98999",4,2,2024-10-11
2024-10-11 21:00:00,"835,1501666428902","655,080017",4,2,2024-10-11
2024-10-11 22:00:00,"835,1501666428902","672,190002",4,2,2024-10-11
2024-10-11 23:00:00,"835,1501666428902","592,580017",4,2,2024-10-11
2024-10-12 00:00:00,"835,1501666428902","563,929993",4,2,2024-10-12
2024-10-12 01:00:00,"835,1501666428902","559,75",4,2,2024-10-12
2024-10-12 02:00:00,"835,1501666428902","536,619995",4,2,2024-10-12
2024-10-12 03:00:00,"835,1501666428902","506,619995",4,2,2024-10-12
2024-10-12 04:00:00,"835,1501666428902","534,460022",4,2,2024-10-12
2024-10-12 05:00:00,"835,1501666428902","400,149994",4,2,2024-10-12
2024-10-12 06:00:00,"835,1501666428902","378,359985",4,2,2024-10-12
2024-10-12 07:00:00,"835,1501666428902","310,910004",4,2,2024-10-12
2024-10-12 08:00:00,"835,1501666428902","263,390015",4,2,2024-10-12
2024-10-12 09:00:00,"835,1501666428902","255,770004",4,2,2024-10-12
2024-10-12 10:00:00,"835,1501666428902","184,970001",4,2,2024-10-12
2024-10-12 11:00:00,"835,1501666428902","106,919998",4,2,2024-10-12
2024-10-12 12:00:00,"835,1501666428902","174,149994",4,2,2024-10-12
2024-10-12 13:00:00,"835,1501666428902","263,459991",4,2,2024-10-12
2024-10-12 14:00:00,"835,1501666428902","218,990005",4,2,2024-10-12
2024-10-12 15:00:00,"835,1501666428902","423,799988",4,2,2024-10-12
2024-10-12 16:00:00,"835,1501666428902","361,950012",4,2,2024-10-12
2024-10-12 17:00:00,"835,1501666428902","299,049988",4,2,2024-10-12
2024-10-12 18:00:00,"835,1501666428902","207,429993",4,2,2024-10-12
2024-10-12 19:00:00,"835,1501666428902","134,899994",4,2,2024-10-12
2024-10-12 20:00:00,"835,1501666428902","102,220001",4,2,2024-10-12
2024-10-12 21:00:00,"835,1501666428902","41,779999",4,2,2024-10-12
2024-10-12 22:00:00,"835,1501666428902","0,0",4,2,2024-10-12
2024-10-12 23:00:00,"835,1501666428902","-0,07",4,2,2024-10-12
2024-10-13 00:00:00,"835,1501666428902","-0,52",4,2,2024-10-13
2024-10-13 01:00:00,"835,1501666428902","-2,76",4,2,2024-10-13
2024-10-13 02:00:00,"835,1501666428902","-3,81",4,2,2024-10-13
2024-10-13 03:00:00,"835,1501666428902","-0,67",4,2,2024-10-13
2024-10-13 04:00:00,"835,1501666428902","-0,07",4,2,2024-10-13
2024-10-13 05:00:00,"835,1501666428902","0,15",4,2,2024-10-13
2024-10-13 06:00:00,"835,1501666428902","20,52",4,2,2024-10-13
2024-10-13 07:00:00,"835,1501666428902","29,1",4,2,2024-10-13
2024-10-13 08:00:00,"835,1501666428902","36,630001",4,2,2024-10-13
2024-10-13 09:00:00,"835,1501666428902","46,330002",4,2,2024-10-13
2024-10-13 10:00:00,"835,1501666428902","47,599998",4,2,2024-10-13
2024-10-13 11:00:00,"835,1501666428902","52,970001",4,2,2024-10-13
2024-10-13 12:00:00,"835,1501666428902","59,09",4,2,2024-10-13
2024-10-13 13:00:00,"835,1501666428902","94,610001",4,2,2024-10-13
2024-10-13 14:00:00,"835,1501666428902","118,260002",4,2,2024-10-13
2024-10-13 15:00:00,"835,1501666428902","156,240005",4,2,2024-10-13
2024-10-13 16:00:00,"835,1501666428902","260,920013",4,2,2024-10-13
2024-10-13 17:00:00,"835,1501666428902","373,799988",4,2,2024-10-13
2024-10-13 18:00:00,"835,1501666428902","294,790009",4,2,2024-10-13
2024-10-13 19:00:00,"835,1501666428902","286,730011",4,2,2024-10-13
2024-10-13 20:00:00,"835,1501666428902","299,410004",4,2,2024-10-13
2024-10-13 21:00:00,"835,1501666428902","274,640015",4,2,2024-10-13
2024-10-13 22:00:00,"835,1501666428902","276,809998",4,2,2024-10-13
2024-10-13 23:00:00,"835,1501666428902","263,0",4,2,2024-10-13
2024-10-14 00:00:00,"654,8442248387072","262,410004",4,3,2024-10-14
2024-10-14 01:00:00,"710,4871005478113","256,359985",4,3,2024-10-14
2024-10-14 02:00:00,"730,6849017084061","293,450012",4,3,2024-10-14
2024-10-14 03:00:00,"806,7099182808447","464,079987",4,3,2024-10-14
2024-10-14 04:00:00,"835,1501666428902","736,710022",4,3,2024-10-14
2024-10-14 05:00:00,"835,1501666428902","973,900024",4,3,2024-10-14
2024-10-14 06:00:00,"835,1501666428902","1142,449951",4,3,2024-10-14
2024-10-14 07:00:00,"835,1501666428902","879,960022",4,3,2024-10-14
2024-10-14 08:00:00,"835,1501666428902","753,200012",4,3,2024-10-14
2024-10-14 09:00:00,"835,1501666428902","695,599976",4,3,2024-10-14
2024-10-14 10:00:00,"835,1501666428902","643,450012",4,3,2024-10-14
2024-10-14 11:00:00,"835,1501666428902","616,289978",4,3,2024-10-14
2024-10-14 12:00:00,"835,1501666428902","553,320007",4,3,2024-10-14
2024-10-14 13:00:00,"835,1501666428902","649,710022",4,3,2024-10-14
2024-10-14 14:00:00,"835,1501666428902","789,309998",4,3,2024-10-14
2024-10-14 15:00:00,"835,1501666428902","1182,660034",4,3,2024-10-14
2024-10-14 16:00:00,"835,1501666428902","1865,280029",4,3,2024-10-14
2024-10-14 17:00:00,"835,1501666428902","1964,290039",4,3,2024-10-14
2024-10-14 18:00:00,"835,1501666428902","1178,859985",4,3,2024-10-14
2024-10-14 19:00:00,"835,1501666428902","851,460022",4,3,2024-10-14
2024-10-14 20:00:00,"835,1501666428902","743,580017",4,3,2024-10-14
2024-10-14 21:00:00,"835,1501666428902","707,309998",4,3,2024-10-14
2024-10-14 22:00:00,"835,1501666428902","680,679993",4,3,2024-10-14
2024-10-14 23:00:00,"835,1501666428902","645,320007",4,3,2024-10-14
2024-10-15 00:00:00,"835,1501666428902","659,190002",4,3,2024-10-15
2024-10-15 01:00:00,"835,1501666428902","627,039978",4,3,2024-10-15
2024-10-15 02:00:00,"835,1501666428902","602,859985",4,3,2024-10-15
2024-10-15 03:00:00,"835,1501666428902","667,849976",4,3,2024-10-15
2024-10-15 04:00:00,"835,1501666428902","854,530029",4,3,2024-10-15
2024-10-15 05:00:00,"835,1501666428902","1383,22998",4,3,2024-10-15
2024-10-15 06:00:00,"835,1501666428902","1317,719971",4,3,2024-10-15
2024-10-15 07:00:00,"835,1501666428902","824,76001",4,3,2024-10-15
2024-10-15 08:00:00,"835,1501666428902","692,02002",4,3,2024-10-15
2024-10-15 09:00:00,"835,1501666428902","619,650024",4,3,2024-10-15
2024-10-15 10:00:00,"835,1501666428902","585,47998",4,3,2024-10-15
2024-10-15 11:00:00,"835,1501666428902","535,340027",4,3,2024-10-15
2024-10-15 12:00:00,"835,1501666428902","566,299988",4,3,2024-10-15
2024-10-15 13:00:00,"835,1501666428902","621,960022",4,3,2024-10-15
2024-10-15 14:00:00,"835,1501666428902","664,27002",4,3,2024-10-15
2024-10-15 15:00:00,"835,1501666428902","900,48999",4,3,2024-10-15
2024-10-15 16:00:00,"835,1501666428902","1020,609985",4,3,2024-10-15
2024-10-15 17:00:00,"835,1501666428902","726,049988",4,3,2024-10-15
2024-10-15 18:00:00,"835,1501666428902","568,98999",4,3,2024-10-15
2024-10-15 19:00:00,"835,1501666428902","497,290009",4,3,2024-10-15
2024-10-15 20:00:00,"835,1501666428902","445,059998",4,3,2024-10-15
2024-10-15 21:00:00,"835,1501666428902","304,269989",4,3,2024-10-15
2024-10-15 22:00:00,"835,1501666428902","174,210007",4,3,2024-10-15
2024-10-15 23:00:00,"835,1501666428902","95,5",4,3,2024-10-15
2024-10-16 00:00:00,"835,1501666428902","39,540001",4,3,2024-10-16
2024-10-16 01:00:00,"835,1501666428902","26,93",4,3,2024-10-16
2024-10-16 02:00:00,"835,1501666428902","24,25",4,3,2024-10-16
2024-10-16 03:00:00,"835,1501666428902","61,18",4,3,2024-10-16
2024-10-16 04:00:00,"835,1501666428902","301,049988",4,3,2024-10-16
2024-10-16 05:00:00,"835,1501666428902","353,720001",4,3,2024-10-16
2024-10-16 06:00:00,"835,1501666428902","406,23999",4,3,2024-10-16
2024-10-16 07:00:00,"835,1501666428902","354,76001",4,3,2024-10-16
2024-10-16 08:00:00,"835,1501666428902","199,059998",4,3,2024-10-16
2024-10-16 09:00:00,"835,1501666428902","105,650002",4,3,2024-10-16
2024-10-16 10:00:00,"835,1501666428902","30,51",4,3,2024-10-16
2024-10-16 11:00:00,"835,1501666428902","22,01",4,3,2024-10-16
2024-10-16 12:00:00,"835,1501666428902","30,809999",4,3,2024-10-16
2024-10-16 13:00:00,"835,1501666428902","104,830002",4,3,2024-10-16
2024-10-16 14:00:00,"835,1501666428902","123,550003",4,3,2024-10-16
2024-10-16 15:00:00,"835,1501666428902","263,0",4,3,2024-10-16
2024-10-16 16:00:00,"835,1501666428902","277,470001",4,3,2024-10-16
2024-10-16 17:00:00,"835,1501666428902","272,470001",4,3,2024-10-16
2024-10-16 18:00:00,"835,1501666428902","267,470001",4,3,2024-10-16
2024-10-16 19:00:00,"835,1501666428902","85,730003",4,3,2024-10-16
2024-10-16 20:00:00,"835,1501666428902","37,830002",4,3,2024-10-16
2024-10-16 21:00:00,"835,1501666428902","37,75",4,3,2024-10-16
2024-10-16 22:00:00,"835,1501666428902","24,549999",4,3,2024-10-16
2024-10-16 23:00:00,"835,1501666428902","24,549999",4,3,2024-10-16
2024-10-17 00:00:00,"835,1501666428902","24,549999",4,3,2024-10-17
2024-10-17 01:00:00,"835,1501666428902","24,469999",4,3,2024-10-17
2024-10-17 02:00:00,"835,1501666428902","24,4",4,3,2024-10-17
2024-10-17 03:00:00,"835,1501666428902","24,469999",4,3,2024-10-17
2024-10-17 04:00:00,"835,1501666428902","261,730011",4,3,2024-10-17
2024-10-17 05:00:00,"835,1501666428902","298,660004",4,3,2024-10-17
2024-10-17 06:00:00,"835,1501666428902","306,790009",4,3,2024-10-17
2024-10-17 07:00:00,"835,1501666428902","301,869995",4,3,2024-10-17
2024-10-17 08:00:00,"835,1501666428902","286,940002",4,3,2024-10-17
2024-10-17 09:00:00,"835,1501666428902","287,089996",4,3,2024-10-17
2024-10-17 10:00:00,"835,1501666428902","290,670013",4,3,2024-10-17
2024-10-17 11:00:00,"835,1501666428902","305,299988",4,3,2024-10-17
2024-10-17 12:00:00,"835,1501666428902","322,980011",4,3,2024-10-17
2024-10-17 13:00:00,"835,1501666428902","474,140015",4,3,2024-10-17
2024-10-17 14:00:00,"835,1501666428902","691,469971",4,3,2024-10-17
2024-10-17 15:00:00,"835,1501666428902","893,059998",4,3,2024-10-17
2024-10-17 16:00:00,"835,1501666428902","1292,290039",4,3,2024-10-17
2024-10-17 17:00:00,"835,1501666428902","1275,810059",4,3,2024-10-17
2024-10-17 18:00:00,"835,1501666428902","876,650024",4,3,2024-10-17
2024-10-17 19:00:00,"835,1501666428902","729,75",4,3,2024-10-17
2024-10-17 20:00:00,"835,1501666428902","664,390015",4,3,2024-10-17
2024-10-17 21:00:00,"835,1501666428902","613,359985",4,3,2024-10-17
2024-10-17 22:00:00,"835,1501666428902","603,929993",4,3,2024-10-17
2024-10-17 23:00:00,"835,1501666428902","605,5",4,3,2024-10-17
2024-10-18 00:00:00,"835,1501666428902","617,210022",4,3,2024-10-18
2024-10-18 01:00:00,"835,1501666428902","588,190002",4,3,2024-10-18
2024-10-18 02:00:00,"835,1501666428902","605,72998",4,3,2024-10-18
2024-10-18 03:00:00,"835,1501666428902","629,22998",4,3,2024-10-18
2024-10-18 04:00:00,"835,1501666428902","737,780029",4,3,2024-10-18
2024-10-18 05:00:00,"835,1501666428902","1117,449951",4,3,2024-10-18
2024-10-18 06:00:00,"835,1501666428902","1165,640015",4,3,2024-10-18
2024-10-18 07:00:00,"835,1501666428902","828,130005",4,3,2024-10-18
2024-10-18 08:00:00,"835,1501666428902","714,429993",4,3,2024-10-18
2024-10-18 09:00:00,"835,1501666428902","636,390015",4,3,2024-10-18
2024-10-18 10:00:00,"835,1501666428902","618,929993",4,3,2024-10-18
2024-10-18 11:00:00,"835,1501666428902","598,340027",4,3,2024-10-18
2024-10-18 12:00:00,"835,1501666428902","605,72998",4,3,2024-10-18
2024-10-18 13:00:00,"835,1501666428902","629,22998",4,3,2024-10-18
2024-10-18 14:00:00,"835,1501666428902","770,599976",4,3,2024-10-18
2024-10-18 15:00:00,"835,1501666428902","997,26001",4,3,2024-10-18
2024-10-18 16:00:00,"835,1501666428902","1352,459961",4,3,2024-10-18
2024-10-18 17:00:00,"835,1501666428902","1063,72998",4,3,2024-10-18
2024-10-18 18:00:00,"835,1501666428902","770,309998",4,3,2024-10-18
2024-10-18 19:00:00,"835,1501666428902","722,409973",4,3,2024-10-18
2024-10-18 20:00:00,"835,1501666428902","695,77002",4,3,2024-10-18
2024-10-18 21:00:00,"835,1501666428902","638,179993",4,3,2024-10-18
2024-10-18 22:00:00,"835,1501666428902","649,27002",4,3,2024-10-18
2024-10-18 23:00:00,"835,1501666428902","619,210022",4,3,2024-10-18
2024-10-19 00:00:00,"835,1501666428902","595,940002",4,3,2024-10-19
2024-10-19 01:00:00,"835,1501666428902","561,27002",4,3,2024-10-19
2024-10-19 02:00:00,"835,1501666428902","565,809998",4,3,2024-10-19
2024-10-19 03:00:00,"835,1501666428902","572,530029",4,3,2024-10-19
2024-10-19 04:00:00,"835,1501666428902","596,619995",4,3,2024-10-19
2024-10-19 05:00:00,"835,1501666428902","685,440002",4,3,2024-10-19
2024-10-19 06:00:00,"835,1501666428902","668,659973",4,3,2024-10-19
2024-10-19 07:00:00,"835,1501666428902","630,919983",4,3,2024-10-19
2024-10-19 08:00:00,"835,1501666428902","587,669983",4,3,2024-10-19
2024-10-19 09:00:00,"835,1501666428902","546,799988",4,3,2024-10-19
2024-10-19 10:00:00,"835,1501666428902","493,399994",4,3,2024-10-19
2024-10-19 11:00:00,"835,1501666428902","454,619995",4,3,2024-10-19
2024-10-19 12:00:00,"835,1501666428902","476,470001",4,3,2024-10-19
2024-10-19 13:00:00,"835,1501666428902","589,679993",4,3,2024-10-19
2024-10-19 14:00:00,"835,1501666428902","731,52002",4,3,2024-10-19
2024-10-19 15:00:00,"835,1501666428902","813,929993",4,3,2024-10-19
2024-10-19 16:00:00,"835,1501666428902","1012,900024",4,3,2024-10-19
2024-10-19 17:00:00,"835,1501666428902","886,940002",4,3,2024-10-19
2024-10-19 18:00:00,"835,1501666428902","721,900024",4,3,2024-10-19
2024-10-19 19:00:00,"835,1501666428902","672,530029",4,3,2024-10-19
2024-10-19 20:00:00,"835,1501666428902","625,179993",4,3,2024-10-19
2024-10-19 21:00:00,"835,1501666428902","546,869995",4,3,2024-10-19
2024-10-19 22:00:00,"835,1501666428902","403,059998",4,3,2024-10-19
2024-10-19 23:00:00,"835,1501666428902","409,470001",4,3,2024-10-19
2024-10-20 00:00:00,"835,1501666428902","407,079987",4,3,2024-10-20
2024-10-20 01:00:00,"835,1501666428902","417,0",4,3,2024-10-20
2024-10-20 02:00:00,"835,1501666428902","444,450012",4,3,2024-10-20
2024-10-20 03:00:00,"835,1501666428902","241,880005",4,3,2024-10-20
2024-10-20 04:00:00,"835,1501666428902","240,389999",4,3,2024-10-20
2024-10-20 05:00:00,"835,1501666428902","291,329987",4,3,2024-10-20
2024-10-20 06:00:00,"835,1501666428902","359,950012",4,3,2024-10-20
2024-10-20 07:00:00,"835,1501666428902","341,230011",4,3,2024-10-20
2024-10-20 08:00:00,"835,1501666428902","47,509998",4,3,2024-10-20
2024-10-20 09:00:00,"835,1501666428902","0,6",4,3,2024-10-20
2024-10-20 10:00:00,"835,1501666428902","0,0",4,3,2024-10-20
2024-10-20 11:00:00,"835,1501666428902","-7,31",4,3,2024-10-20
2024-10-20 12:00:00,"835,1501666428902","-14,99",4,3,2024-10-20
2024-10-20 13:00:00,"835,1501666428902","0,0",4,3,2024-10-20
2024-10-20 14:00:00,"835,1501666428902","38,040001",4,3,2024-10-20
2024-10-20 15:00:00,"835,1501666428902","413,570007",4,3,2024-10-20
2024-10-20 16:00:00,"835,1501666428902","318,25",4,3,2024-10-20
2024-10-20 17:00:00,"835,1501666428902","268,950012",4,3,2024-10-20
2024-10-20 18:00:00,"835,1501666428902","252,919998",4,3,2024-10-20
2024-10-20 19:00:00,"835,1501666428902","156,259995",4,3,2024-10-20
2024-10-20 20:00:00,"835,1501666428902","90,620003",4,3,2024-10-20
2024-10-20 21:00:00,"835,1501666428902","14,39",4,3,2024-10-20
2024-10-20 22:00:00,"835,1501666428902","-0,75",4,3,2024-10-20
2024-10-20 23:00:00,"835,1501666428902","-0,75",4,3,2024-10-20
2024-10-21 00:00:00,"614,8533404055345","-1,04",4,4,2024-10-21
2024-10-21 01:00:00,"710,4871005478113","-0,6",4,4,2024-10-21
2024-10-21 02:00:00,"730,6849017084061","-0,3",4,4,2024-10-21
2024-10-21 03:00:00,"806,7099182808447","24,24",4,4,2024-10-21
2024-10-21 04:00:00,"835,1501666428902","32,59",4,4,2024-10-21
2024-10-21 05:00:00,"835,1501666428902","301,170013",4,4,2024-10-21
2024-10-21 06:00:00,"835,1501666428902","292,070007",4,4,2024-10-21
2024-10-21 07:00:00,"835,1501666428902","240,160004",4,4,2024-10-21
2024-10-21 08:00:00,"835,1501666428902","215,399994",4,4,2024-10-21
2024-10-21 09:00:00,"835,1501666428902","208,690002",4,4,2024-10-21
2024-10-21 10:00:00,"835,1501666428902","188,479996",4,4,2024-10-21
2024-10-21 11:00:00,"835,1501666428902","209,729996",4,4,2024-10-21
2024-10-21 12:00:00,"835,1501666428902","168,710007",4,4,2024-10-21
2024-10-21 13:00:00,"835,1501666428902","434,609985",4,4,2024-10-21
2024-10-21 14:00:00,"835,1501666428902","670,289978",4,4,2024-10-21
2024-10-21 15:00:00,"835,1501666428902","969,900024",4,4,2024-10-21
2024-10-21 16:00:00,"835,1501666428902","1582,319946",4,4,2024-10-21
2024-10-21 17:00:00,"835,1501666428902","1404,810059",4,4,2024-10-21
2024-10-21 18:00:00,"835,1501666428902","957,969971",4,4,2024-10-21
2024-10-21 19:00:00,"835,1501666428902","750,320007",4,4,2024-10-21
2024-10-21 20:00:00,"835,1501666428902","729,440002",4,4,2024-10-21
2024-10-21 21:00:00,"835,1501666428902","693,419983",4,4,2024-10-21
2024-10-21 22:00:00,"835,1501666428902","666,929993",4,4,2024-10-21
2024-10-21 23:00:00,"835,1501666428902","652,76001",4,4,2024-10-21
2024-10-22 00:00:00,"835,1501666428902","639,109985",4,4,2024-10-22
2024-10-22 01:00:00,"835,1501666428902","623,52002",4,4,2024-10-22
2024-10-22 02:00:00,"835,1501666428902","619,190002",4,4,2024-10-22
2024-10-22 03:00:00,"835,1501666428902","641,419983",4,4,2024-10-22
2024-10-22 04:00:00,"835,1501666428902","731,960022",4,4,2024-10-22
2024-10-22 05:00:00,"835,1501666428902","1182,300049",4,4,2024-10-22
2024-10-22 06:00:00,"835,1501666428902","1268,819946",4,4,2024-10-22
2024-10-22 07:00:00,"835,1501666428902","846,080017",4,4,2024-10-22
2024-10-22 08:00:00,"835,1501666428902","740,02002",4,4,2024-10-22
2024-10-22 09:00:00,"835,1501666428902","654,469971",4,4,2024-10-22
2024-10-22 10:00:00,"835,1501666428902","575,109985",4,4,2024-10-22
2024-10-22 11:00:00,"835,1501666428902","528,650024",4,4,2024-10-22
2024-10-22 12:00:00,"835,1501666428902","548,409973",4,4,2024-10-22
2024-10-22 13:00:00,"835,1501666428902","649,469971",4,4,2024-10-22
2024-10-22 14:00:00,"835,1501666428902","289,380005",4,4,2024-10-22
2024-10-22 15:00:00,"835,1501666428902","759,109985",4,4,2024-10-22
2024-10-22 16:00:00,"835,1501666428902","1043,579956",4,4,2024-10-22
2024-10-22 17:00:00,"835,1501666428902","1176,560059",4,4,2024-10-22
2024-10-22 18:00:00,"835,1501666428902","850,400024",4,4,2024-10-22
2024-10-22 19:00:00,"835,1501666428902","697,72998",4,4,2024-10-22
2024-10-22 20:00:00,"835,1501666428902","713,919983",4,4,2024-10-22
2024-10-22 21:00:00,"835,1501666428902","658,950012",4,4,2024-10-22
2024-10-22 22:00:00,"835,1501666428902","561,400024",4,4,2024-10-22
2024-10-22 23:00:00,"835,1501666428902","620,690002",4,4,2024-10-22
2024-10-23 00:00:00,"835,1501666428902","611,669983",4,4,2024-10-23
2024-10-23 01:00:00,"835,1501666428902","620,539978",4,4,2024-10-23
2024-10-23 02:00:00,"835,1501666428902","639,859985",4,4,2024-10-23
2024-10-23 03:00:00,"835,1501666428902","675,950012",4,4,2024-10-23
2024-10-23 04:00:00,"835,1501666428902","780,950012",4,4,2024-10-23
2024-10-23 05:00:00,"835,1501666428902","1025,329956",4,4,2024-10-23
2024-10-23 06:00:00,"835,1501666428902","1205,72998",4,4,2024-10-23
2024-10-23 07:00:00,"835,1501666428902","957,690002",4,4,2024-10-23
2024-10-23 08:00:00,"835,1501666428902","776,330017",4,4,2024-10-23
2024-10-23 09:00:00,"835,1501666428902","693,700012",4,4,2024-10-23
2024-10-23 10:00:00,"835,1501666428902","600,929993",4,4,2024-10-23
2024-10-23 11:00:00,"835,1501666428902","574,75",4,4,2024-10-23
2024-10-23 12:00:00,"835,1501666428902","562,450012",4,4,2024-10-23
2024-10-23 13:00:00,"835,1501666428902","657,830017",4,4,2024-10-23
2024-10-23 14:00:00,"835,1501666428902","696,22998",4,4,2024-10-23
2024-10-23 15:00:00,"835,1501666428902","1009,669983",4,4,2024-10-23
2024-10-23 16:00:00,"835,1501666428902","1479,349976",4,4,2024-10-23
2024-10-23 17:00:00,"835,1501666428902","1312,52002",4,4,2024-10-23
2024-10-23 18:00:00,"835,1501666428902","833,080017",4,4,2024-10-23
2024-10-23 19:00:00,"835,1501666428902","754,849976",4,4,2024-10-23
2024-10-23 20:00:00,"835,1501666428902","767,599976",4,4,2024-10-23
2024-10-23 21:00:00,"835,1501666428902","694,73999",4,4,2024-10-23
2024-10-23 22:00:00,"835,1501666428902","647,059998",4,4,2024-10-23
2024-10-23 23:00:00,"835,1501666428902","597,460022",4,4,2024-10-23
2024-10-24 00:00:00,"835,1501666428902","582,469971",4,4,2024-10-24
2024-10-24 01:00:00,"835,1501666428902","564,349976",4,4,2024-10-24
2024-10-24 02:00:00,"835,1501666428902","532,200012",4,4,2024-10-24
2024-10-24 03:00:00,"835,1501666428902","597,909973",4,4,2024-10-24
2024-10-24 04:00:00,"835,1501666428902","748,409973",4,4,2024-10-24
2024-10-24 05:00:00,"835,1501666428902","1057,98999",4,4,2024-10-24
2024-10-24 06:00:00,"835,1501666428902","1233,47998",4,4,2024-10-24
2024-10-24 07:00:00,"835,1501666428902","874,820007",4,4,2024-10-24
2024-10-24 08:00:00,"835,1501666428902","760,049988",4,4,2024-10-24
2024-10-24 09:00:00,"835,1501666428902","693,969971",4,4,2024-10-24
2024-10-24 10:00:00,"835,1501666428902","626,169983",4,4,2024-10-24
2024-10-24 11:00:00,"835,1501666428902","590,299988",4,4,2024-10-24
2024-10-24 12:00:00,"835,1501666428902","607,900024",4,4,2024-10-24
2024-10-24 13:00:00,"835,1501666428902","713,72998",4,4,2024-10-24
2024-10-24 14:00:00,"835,1501666428902","866,400024",4,4,2024-10-24
2024-10-24 15:00:00,"835,1501666428902","921,659973",4,4,2024-10-24
2024-10-24 16:00:00,"835,1501666428902","1034,430054",4,4,2024-10-24
2024-10-24 17:00:00,"835,1501666428902","851,630005",4,4,2024-10-24
2024-10-24 18:00:00,"835,1501666428902","720,52002",4,4,2024-10-24
2024-10-24 19:00:00,"835,1501666428902","698,369995",4,4,2024-10-24
2024-10-24 20:00:00,"835,1501666428902","670,47998",4,4,2024-10-24
2024-10-24 21:00:00,"835,1501666428902","623,559998",4,4,2024-10-24
2024-10-24 22:00:00,"835,1501666428902","615,460022",4,4,2024-10-24
2024-10-24 23:00:00,"835,1501666428902","612,25",4,4,2024-10-24
2024-10-25 00:00:00,"835,1501666428902","594,48999",4,4,2024-10-25
2024-10-25 01:00:00,"835,1501666428902","616,200012",4,4,2024-10-25
2024-10-25 02:00:00,"835,1501666428902","630,150024",4,4,2024-10-25
2024-10-25 03:00:00,"835,1501666428902","705,650024",4,4,2024-10-25
2024-10-25 04:00:00,"835,1501666428902","812,700012",4,4,2024-10-25
2024-10-25 05:00:00,"835,1501666428902","923,190002",4,4,2024-10-25
2024-10-25 06:00:00,"835,1501666428902","1123,410034",4,4,2024-10-25
2024-10-25 07:00:00,"835,1501666428902","913,340027",4,4,2024-10-25
2024-10-25 08:00:00,"835,1501666428902","806,809998",4,4,2024-10-25
2024-10-25 09:00:00,"835,1501666428902","700,5",4,4,2024-10-25
2024-10-25 10:00:00,"835,1501666428902","604,859985",4,4,2024-10-25
2024-10-25 11:00:00,"835,1501666428902","583,22998",4,4,2024-10-25
2024-10-25 12:00:00,"835,1501666428902","615,22998",4,4,2024-10-25
2024-10-25 13:00:00,"835,1501666428902","741,01001",4,4,2024-10-25
2024-10-25 14:00:00,"835,1501666428902","880,51001",4,4,2024-10-25
2024-10-25 15:00:00,"835,1501666428902","1184,140015",4,4,2024-10-25
2024-10-25 16:00:00,"835,1501666428902","1695,829956",4,4,2024-10-25
2024-10-25 17:00:00,"835,1501666428902","1379,0",4,4,2024-10-25
2024-10-25 18:00:00,"835,1501666428902","924,01001",4,4,2024-10-25
2024-10-25 19:00:00,"835,1501666428902","867,530029",4,4,2024-10-25
2024-10-25 20:00:00,"835,1501666428902","850,150024",4,4,2024-10-25
2024-10-25 21:00:00,"835,1501666428902","801,210022",4,4,2024-10-25
2024-10-25 22:00:00,"835,1501666428902","860,150024",4,4,2024-10-25
2024-10-25 23:00:00,"835,1501666428902","818,0",4,4,2024-10-25
2024-10-26 00:00:00,"835,1501666428902","797,929993",4,4,2024-10-26
2024-10-26 01:00:00,"835,1501666428902","804,200012",4,4,2024-10-26
2024-10-26 02:00:00,"835,1501666428902","788,599976",4,4,2024-10-26
2024-10-26 03:00:00,"835,1501666428902","796,960022",4,4,2024-10-26
2024-10-26 04:00:00,"835,1501666428902","850,0",4,4,2024-10-26
2024-10-26 05:00:00,"835,1501666428902","937,890015",4,4,2024-10-26
2024-10-26 06:00:00,"835,1501666428902","940,059998",4,4,2024-10-26
2024-10-26 07:00:00,"835,1501666428902","877,159973",4,4,2024-10-26
2024-10-26 08:00:00,"835,1501666428902","756,450012",4,4,2024-10-26
2024-10-26 09:00:00,"835,1501666428902","607,900024",4,4,2024-10-26
2024-10-26 10:00:00,"835,1501666428902","509,940002",4,4,2024-10-26
2024-10-26 11:00:00,"835,1501666428902","472,269989",4,4,2024-10-26
2024-10-26 12:00:00,"835,1501666428902","481,589996",4,4,2024-10-26
2024-10-26 13:00:00,"835,1501666428902","607,599976",4,4,2024-10-26
2024-10-26 14:00:00,"835,1501666428902","750,549988",4,4,2024-10-26
2024-10-26 15:00:00,"835,1501666428902","938,039978",4,4,2024-10-26
2024-10-26 16:00:00,"835,1501666428902","1125,829956",4,4,2024-10-26
2024-10-26 17:00:00,"835,1501666428902","885,890015",4,4,2024-10-26
2024-10-26 18:00:00,"835,1501666428902","719,809998",4,4,2024-10-26
2024-10-26 19:00:00,"835,1501666428902","662,219971",4,4,2024-10-26
2024-10-26 20:00:00,"835,1501666428902","652,820007",4,4,2024-10-26
2024-10-26 21:00:00,"835,1501666428902","571,719971",4,4,2024-10-26
2024-10-26 22:00:00,"835,1501666428902","688,119995",4,4,2024-10-26
2024-10-26 23:00:00,"835,1501666428902","626,780029",4,4,2024-10-26
2024-10-27 00:00:00,"835,1501666428902","613,570007",4,4,2024-10-27
2024-10-27 01:00:00,"835,1501666428902","600,140015",4,4,2024-10-27
2024-10-27 02:00:00,"835,1501666428902","592,530029",4,4,2024-10-27
2024-10-27 03:00:00,"835,1501666428902","587,900024",4,4,2024-10-27
2024-10-27 04:00:00,"835,1501666428902","635,289978",4,4,2024-10-27
2024-10-27 05:00:00,"835,1501666428902","665,659973",4,4,2024-10-27
2024-10-27 06:00:00,"835,1501666428902","657,0",4,4,2024-10-27
2024-10-27 07:00:00,"835,1501666428902","629,320007",4,4,2024-10-27
2024-10-27 08:00:00,"835,1501666428902","496,049988",4,4,2024-10-27
2024-10-27 09:00:00,"835,1501666428902","408,299988",4,4,2024-10-27
2024-10-27 10:00:00,"835,1501666428902","317,119995",4,4,2024-10-27
2024-10-27 11:00:00,"835,1501666428902","298,390015",4,4,2024-10-27
2024-10-27 12:00:00,"835,1501666428902","298,470001",4,4,2024-10-27
2024-10-27 13:00:00,"835,1501666428902","480,01001",4,4,2024-10-27
2024-10-27 14:00:00,"835,1501666428902","753,109985",4,4,2024-10-27
2024-10-27 15:00:00,"835,1501666428902","878,97998",4,4,2024-10-27
2024-10-27 16:00:00,"835,1501666428902","1106,569946",4,4,2024-10-27
2024-10-27 17:00:00,"835,1501666428902","1087,23999",4,4,2024-10-27
2024-10-27 18:00:00,"835,1501666428902","973,52002",4,4,2024-10-27
2024-10-27 19:00:00,"835,1501666428902","881,299988",4,4,2024-10-27
2024-10-27 20:00:00,"835,1501666428902","831,159973",4,4,2024-10-27
2024-10-27 21:00:00,"835,1501666428902","820,48999",4,4,2024-10-27
2024-10-27 22:00:00,"835,1501666428902","651,109985",4,4,2024-10-27
2024-10-27 23:00:00,"835,1501666428902","713,340027",4,4,2024-10-27
