Time,Prediction,DKPrice,fold,week,Date
2024-01-01 00:00:00,"166,04862429263326","209,779999",1,1,2024-01-01
2024-01-01 01:00:00,"152,51420620356862","198,740005",1,1,2024-01-01
2024-01-01 02:00:00,"149,57060560308568","30,860001",1,1,2024-01-01
2024-01-01 03:00:00,"133,524816006636","-0,22",1,1,2024-01-01
2024-01-01 04:00:00,"238,23226021410497","-0,15",1,1,2024-01-01
2024-01-01 05:00:00,"367,54538957200043","-0,37",1,1,2024-01-01
2024-01-01 06:00:00,"437,5638761475518","-0,15",1,1,2024-01-01
2024-01-01 07:00:00,"478,2648526610453","0,0",1,1,2024-01-01
2024-01-01 08:00:00,"481,53980324576037","0,6",1,1,2024-01-01
2024-01-01 09:00:00,"466,03610846424294","308,179993",1,1,2024-01-01
2024-01-01 10:00:00,"429,65434753347085","324,359985",1,1,2024-01-01
2024-01-01 11:00:00,"419,2933259140527","320,700012",1,1,2024-01-01
2024-01-01 12:00:00,"419,2815136514331","330,170013",1,1,2024-01-01
2024-01-01 13:00:00,"431,40715074566805","344,709991",1,1,2024-01-01
2024-01-01 14:00:00,"456,15849350150455","377,290009",1,1,2024-01-01
2024-01-01 15:00:00,"493,8947659926855","443,329987",1,1,2024-01-01
2024-01-01 16:00:00,"554,0841797666255","484,480011",1,1,2024-01-01
2024-01-01 17:00:00,"579,3857547655065","460,26001",1,1,2024-01-01
2024-01-01 18:00:00,"559,4200868268222","456,75",1,1,2024-01-01
2024-01-01 19:00:00,"487,29288216575355","447,059998",1,1,2024-01-01
2024-01-01 20:00:00,"445,26079952242094","409,420013",1,1,2024-01-01
2024-01-01 21:00:00,"423,98162399631644","355,220001",1,1,2024-01-01
2024-01-01 22:00:00,"372,70271933872084","265,019989",1,1,2024-01-01
2024-01-01 23:00:00,"345,8159688098991","228,039993",1,1,2024-01-01
2024-01-02 00:00:00,"341,30564940761053","149,619995",1,1,2024-01-02
2024-01-02 01:00:00,"336,9262824401365","231,320007",1,1,2024-01-02
2024-01-02 02:00:00,"352,7641416883837","137,089996",1,1,2024-01-02
2024-01-02 03:00:00,"363,5487047967967","82,599998",1,1,2024-01-02
2024-01-02 04:00:00,"383,35524058286586","102,730003",1,1,2024-01-02
2024-01-02 05:00:00,"450,4690674463485","355,070007",1,1,2024-01-02
2024-01-02 06:00:00,"516,2581889802294","433,119995",1,1,2024-01-02
2024-01-02 07:00:00,"594,3799903480184","489,549988",1,1,2024-01-02
2024-01-02 08:00:00,"548,5604019278167","482,549988",1,1,2024-01-02
2024-01-02 09:00:00,"524,2749064652483","514,22998",1,1,2024-01-02
2024-01-02 10:00:00,"514,0256077570477","548,219971",1,1,2024-01-02
2024-01-02 11:00:00,"511,5216898789485","582,659973",1,1,2024-01-02
2024-01-02 12:00:00,"510,36415670272095","587,960022",1,1,2024-01-02
2024-01-02 13:00:00,"515,178013108683","590,719971",1,1,2024-01-02
2024-01-02 14:00:00,"553,289976037752","596,080017",1,1,2024-01-02
2024-01-02 15:00:00,"609,2023953530664","607,26001",1,1,2024-01-02
2024-01-02 16:00:00,"652,3615090019244","603,23999",1,1,2024-01-02
2024-01-02 17:00:00,"639,3778531940723","558,72998",1,1,2024-01-02
2024-01-02 18:00:00,"579,1342427880663","470,98999",1,1,2024-01-02
2024-01-02 19:00:00,"550,4035475646858","425,73999",1,1,2024-01-02
2024-01-02 20:00:00,"512,2852388190992","349,549988",1,1,2024-01-02
2024-01-02 21:00:00,"489,8241884296176","298,190002",1,1,2024-01-02
2024-01-02 22:00:00,"456,1556048342494","162,589996",1,1,2024-01-02
2024-01-02 23:00:00,"433,9551472283572","7,75",1,1,2024-01-02
2024-01-03 00:00:00,"414,7967858201156","-0,07",1,1,2024-01-03
2024-01-03 01:00:00,"427,94606815136586","0,0",1,1,2024-01-03
2024-01-03 02:00:00,"402,5341456827401","-0,07",1,1,2024-01-03
2024-01-03 03:00:00,"379,38425229261355","0,0",1,1,2024-01-03
2024-01-03 04:00:00,"407,1465244419878","0,15",1,1,2024-01-03
2024-01-03 05:00:00,"444,37400781109875","8,13",1,1,2024-01-03
2024-01-03 06:00:00,"551,6321453846328","302,600006",1,1,2024-01-03
2024-01-03 07:00:00,"594,2867231468939","444,399994",1,1,2024-01-03
2024-01-03 08:00:00,"622,8938014503813","451,850006",1,1,2024-01-03
2024-01-03 09:00:00,"625,0314391362077","424,940002",1,1,2024-01-03
2024-01-03 10:00:00,"608,1720541596231","409,209991",1,1,2024-01-03
2024-01-03 11:00:00,"592,8047385265335","445,820007",1,1,2024-01-03
2024-01-03 12:00:00,"587,5221200645512","438,809998",1,1,2024-01-03
2024-01-03 13:00:00,"607,419356580031","453,720001",1,1,2024-01-03
2024-01-03 14:00:00,"625,3992094470501","500,829987",1,1,2024-01-03
2024-01-03 15:00:00,"640,1267124186387","548,619995",1,1,2024-01-03
2024-01-03 16:00:00,"642,2078267056062","613,409973",1,1,2024-01-03
2024-01-03 17:00:00,"643,6871385323876","618,549988",1,1,2024-01-03
2024-01-03 18:00:00,"605,639411217605","589,179993",1,1,2024-01-03
2024-01-03 19:00:00,"558,6861981360206","545,940002",1,1,2024-01-03
2024-01-03 20:00:00,"464,2885175042915","502,549988",1,1,2024-01-03
2024-01-03 21:00:00,"453,6385310568495","484,579987",1,1,2024-01-03
2024-01-03 22:00:00,"359,2100707361187","433,290009",1,1,2024-01-03
2024-01-03 23:00:00,"301,8520403915393","427,329987",1,1,2024-01-03
2024-01-04 00:00:00,"296,95405212630413","376,320007",1,1,2024-01-04
2024-01-04 01:00:00,"265,60305271318754","298,309998",1,1,2024-01-04
2024-01-04 02:00:00,"254,15636362651915","190,020004",1,1,2024-01-04
2024-01-04 03:00:00,"246,67774114192068","261,019989",1,1,2024-01-04
2024-01-04 04:00:00,"270,0641579159288","430,540009",1,1,2024-01-04
2024-01-04 05:00:00,"356,7732737357851","541,809998",1,1,2024-01-04
2024-01-04 06:00:00,"485,7361515883126","634,059998",1,1,2024-01-04
2024-01-04 07:00:00,"541,6269336029148","682,169983",1,1,2024-01-04
2024-01-04 08:00:00,"501,6886026877448","702,530029",1,1,2024-01-04
2024-01-04 09:00:00,"490,91198517426574","683,210022",1,1,2024-01-04
2024-01-04 10:00:00,"465,6404648887579","671,429993",1,1,2024-01-04
2024-01-04 11:00:00,"424,9137615579677","643,609985",1,1,2024-01-04
2024-01-04 12:00:00,"372,50823435845473","641,070007",1,1,2024-01-04
2024-01-04 13:00:00,"456,6956285287235","686,940002",1,1,2024-01-04
2024-01-04 14:00:00,"455,39921312272173","735,48999",1,1,2024-01-04
2024-01-04 15:00:00,"467,9782624529186","788,51001",1,1,2024-01-04
2024-01-04 16:00:00,"439,99778277223606","993,599976",1,1,2024-01-04
2024-01-04 17:00:00,"542,8226996811777","1078,77002",1,1,2024-01-04
2024-01-04 18:00:00,"497,1943741465614","932,22998",1,1,2024-01-04
2024-01-04 19:00:00,"428,27012628341953","772,549988",1,1,2024-01-04
2024-01-04 20:00:00,"361,02691483031845","745,859985",1,1,2024-01-04
2024-01-04 21:00:00,"359,8042770917927","707,450012",1,1,2024-01-04
2024-01-04 22:00:00,"261,2074483183615","662,47998",1,1,2024-01-04
2024-01-04 23:00:00,"238,56904834539537","642,059998",1,1,2024-01-04
2024-01-05 00:00:00,"230,86128574157846","600,51001",1,1,2024-01-05
2024-01-05 01:00:00,"207,23371039593872","574,409973",1,1,2024-01-05
2024-01-05 02:00:00,"215,39162854157556","546,059998",1,1,2024-01-05
2024-01-05 03:00:00,"208,8883075937476","552,330017",1,1,2024-01-05
2024-01-05 04:00:00,"213,5331931242157","567,099976",1,1,2024-01-05
2024-01-05 05:00:00,"273,3821361108978","604,169983",1,1,2024-01-05
2024-01-05 06:00:00,"354,2181110036624","648,919983",1,1,2024-01-05
2024-01-05 07:00:00,"428,23220925697007","668,090027",1,1,2024-01-05
2024-01-05 08:00:00,"419,729261776006","708,070007",1,1,2024-01-05
2024-01-05 09:00:00,"350,6616169936537","718,140015",1,1,2024-01-05
2024-01-05 10:00:00,"334,5102032247277","732,609985",1,1,2024-01-05
2024-01-05 11:00:00,"313,47806731305735","688,01001",1,1,2024-01-05
2024-01-05 12:00:00,"304,9049437701157","682,780029",1,1,2024-01-05
2024-01-05 13:00:00,"308,97673170807866","719,109985",1,1,2024-01-05
2024-01-05 14:00:00,"323,0572333610209","746,26001",1,1,2024-01-05
2024-01-05 15:00:00,"384,57002291675053","768,039978",1,1,2024-01-05
2024-01-05 16:00:00,"417,099388968453","800,929993",1,1,2024-01-05
2024-01-05 17:00:00,"428,6096002684101","808,909973",1,1,2024-01-05
2024-01-05 18:00:00,"386,2288608959037","775,419983",1,1,2024-01-05
2024-01-05 19:00:00,"339,83473282712646","746,559998",1,1,2024-01-05
2024-01-05 20:00:00,"311,6144183533374","702,549988",1,1,2024-01-05
2024-01-05 21:00:00,"327,35848402388405","708,0",1,1,2024-01-05
2024-01-05 22:00:00,"284,1526604326225","647,429993",1,1,2024-01-05
2024-01-05 23:00:00,"200,6449289502426","613,47998",1,1,2024-01-05
2024-01-06 00:00:00,"166,46454507001826","598,190002",1,1,2024-01-06
2024-01-06 01:00:00,"150,45941821305865","567,830017",1,1,2024-01-06
2024-01-06 02:00:00,"164,4265367704095","544,559998",1,1,2024-01-06
2024-01-06 03:00:00,"142,40494229949277","544,559998",1,1,2024-01-06
2024-01-06 04:00:00,"149,4502025539908","556,340027",1,1,2024-01-06
2024-01-06 05:00:00,"175,01164396851237","560,150024",1,1,2024-01-06
2024-01-06 06:00:00,"234,94967440190547","607,059998",1,1,2024-01-06
2024-01-06 07:00:00,"306,6478076172811","659,349976",1,1,2024-01-06
2024-01-06 08:00:00,"353,06483939266036","687,909973",1,1,2024-01-06
2024-01-06 09:00:00,"362,27749537305067","725,72998",1,1,2024-01-06
2024-01-06 10:00:00,"344,74229371090246","749,070007",1,1,2024-01-06
2024-01-06 11:00:00,"336,6742294126809","739,599976",1,1,2024-01-06
2024-01-06 12:00:00,"353,0838869016982","710,210022",1,1,2024-01-06
2024-01-06 13:00:00,"396,6416976089081","690,299988",1,1,2024-01-06
2024-01-06 14:00:00,"431,8673893760765","709,23999",1,1,2024-01-06
2024-01-06 15:00:00,"463,7540623832536","744,75",1,1,2024-01-06
2024-01-06 16:00:00,"498,11654558589976","780,849976",1,1,2024-01-06
2024-01-06 17:00:00,"521,1853745484073","774,51001",1,1,2024-01-06
2024-01-06 18:00:00,"494,4261776916201","740,719971",1,1,2024-01-06
2024-01-06 19:00:00,"457,3064253955128","687,909973",1,1,2024-01-06
2024-01-06 20:00:00,"403,3622458122352","656,359985",1,1,2024-01-06
2024-01-06 21:00:00,"342,51185355587813","647,039978",1,1,2024-01-06
2024-01-06 22:00:00,"262,5755711343875","596,919983",1,1,2024-01-06
2024-01-06 23:00:00,"233,90095583530018","642,570007",1,1,2024-01-06
2024-01-07 00:00:00,"214,67758443333193","615,049988",1,1,2024-01-07
2024-01-07 01:00:00,"182,60255400185272","573,72998",1,1,2024-01-07
2024-01-07 02:00:00,"118,10217912758286","561,48999",1,1,2024-01-07
2024-01-07 03:00:00,"108,79503520427697","546,950012",1,1,2024-01-07
2024-01-07 04:00:00,"106,04397300628297","550,309998",1,1,2024-01-07
2024-01-07 05:00:00,"110,38538002597502","560,450012",1,1,2024-01-07
2024-01-07 06:00:00,"139,547479579826","582,080017",1,1,2024-01-07
2024-01-07 07:00:00,"199,005705835161","610,049988",1,1,2024-01-07
2024-01-07 08:00:00,"188,4330177830574","634,219971",1,1,2024-01-07
2024-01-07 09:00:00,"169,12032839760752","650,030029",1,1,2024-01-07
2024-01-07 10:00:00,"152,56054764972478","666,210022",1,1,2024-01-07
2024-01-07 11:00:00,"161,2693034600863","682,469971",1,1,2024-01-07
2024-01-07 12:00:00,"148,16592420887287","652,789978",1,1,2024-01-07
2024-01-07 13:00:00,"136,39362901224996","634,219971",1,1,2024-01-07
2024-01-07 14:00:00,"196,16568803466845","656,440002",1,1,2024-01-07
2024-01-07 15:00:00,"222,9894702281647","696,799988",1,1,2024-01-07
2024-01-07 16:00:00,"274,2376052987029","759,080017",1,1,2024-01-07
2024-01-07 17:00:00,"255,06084613624938","782,049988",1,1,2024-01-07
2024-01-07 18:00:00,"186,6370291848204","772,349976",1,1,2024-01-07
2024-01-07 19:00:00,"161,64346457573996","749,599976",1,1,2024-01-07
2024-01-07 20:00:00,"158,39945505461148","695,97998",1,1,2024-01-07
2024-01-07 21:00:00,"181,90851552431965","680,01001",1,1,2024-01-07
2024-01-07 22:00:00,"155,0289761219966","625,48999",1,1,2024-01-07
2024-01-07 23:00:00,"180,61208473450418","649,059998",1,1,2024-01-07
2024-01-08 00:00:00,"108,92594165601825","628,919983",1,2,2024-01-08
2024-01-08 01:00:00,"111,03553773124271","610,27002",1,2,2024-01-08
2024-01-08 02:00:00,"102,82877023813253","590,059998",1,2,2024-01-08
2024-01-08 03:00:00,"119,4327943930094","585,359985",1,2,2024-01-08
2024-01-08 04:00:00,"124,80045294459235","612,359985",1,2,2024-01-08
2024-01-08 05:00:00,"191,44254228633872","703,359985",1,2,2024-01-08
2024-01-08 06:00:00,"257,26714288761934","828,669983",1,2,2024-01-08
2024-01-08 07:00:00,"283,2752864383505","903,330017",1,2,2024-01-08
2024-01-08 08:00:00,"260,27297255305626","878,859985",1,2,2024-01-08
2024-01-08 09:00:00,"231,676781286354","824,940002",1,2,2024-01-08
2024-01-08 10:00:00,"224,19609883067986","768,25",1,2,2024-01-08
2024-01-08 11:00:00,"205,996192838831","712,309998",1,2,2024-01-08
2024-01-08 12:00:00,"257,8636372849041","701,349976",1,2,2024-01-08
2024-01-08 13:00:00,"248,2804791010217","763,25",1,2,2024-01-08
2024-01-08 14:00:00,"252,5857563858892","805,390015",1,2,2024-01-08
2024-01-08 15:00:00,"367,4272002502105","923,619995",1,2,2024-01-08
2024-01-08 16:00:00,"393,5668738172818","963,299988",1,2,2024-01-08
2024-01-08 17:00:00,"418,9606104901387","969,710022",1,2,2024-01-08
2024-01-08 18:00:00,"401,4139516077926","910,859985",1,2,2024-01-08
2024-01-08 19:00:00,"337,4018630770803","851,859985",1,2,2024-01-08
2024-01-08 20:00:00,"286,13763524211123","766,97998",1,2,2024-01-08
2024-01-08 21:00:00,"277,6869715653544","745,719971",1,2,2024-01-08
2024-01-08 22:00:00,"252,35241359851253","682,400024",1,2,2024-01-08
2024-01-08 23:00:00,"213,50757095175848","657,710022",1,2,2024-01-08
2024-01-09 00:00:00,"179,96798102994964","649,359985",1,2,2024-01-09
2024-01-09 01:00:00,"194,89762420183473","634,140015",1,2,2024-01-09
2024-01-09 02:00:00,"176,4133004534895","627,719971",1,2,2024-01-09
2024-01-09 03:00:00,"182,51027202563455","639,51001",1,2,2024-01-09
2024-01-09 04:00:00,"220,05314333229015","666,070007",1,2,2024-01-09
2024-01-09 05:00:00,"317,74525958539436","809,530029",1,2,2024-01-09
2024-01-09 06:00:00,"371,0694259382661","925,539978",1,2,2024-01-09
2024-01-09 07:00:00,"405,30745481760846","994,030029",1,2,2024-01-09
2024-01-09 08:00:00,"390,9902295503724","902,039978",1,2,2024-01-09
2024-01-09 09:00:00,"373,9918636687395","844,450012",1,2,2024-01-09
2024-01-09 10:00:00,"391,5051001771973","789,169983",1,2,2024-01-09
2024-01-09 11:00:00,"378,49897875639874","747,690002",1,2,2024-01-09
2024-01-09 12:00:00,"371,78997451368997","752,159973",1,2,2024-01-09
2024-01-09 13:00:00,"388,4999854215628","827,289978",1,2,2024-01-09
2024-01-09 14:00:00,"446,9507954279452","890,780029",1,2,2024-01-09
2024-01-09 15:00:00,"482,408373414124","953,820007",1,2,2024-01-09
2024-01-09 16:00:00,"489,097860469103","1028,349976",1,2,2024-01-09
2024-01-09 17:00:00,"505,2788513555234","1028,050049",1,2,2024-01-09
2024-01-09 18:00:00,"479,3191743059054","973,070007",1,2,2024-01-09
2024-01-09 19:00:00,"453,498480126043","897,039978",1,2,2024-01-09
2024-01-09 20:00:00,"425,54119543696766","833,179993",1,2,2024-01-09
2024-01-09 21:00:00,"394,5845782611449","792,150024",1,2,2024-01-09
2024-01-09 22:00:00,"318,6845928729439","724,340027",1,2,2024-01-09
2024-01-09 23:00:00,"256,93286010488134","665,900024",1,2,2024-01-09
2024-01-10 00:00:00,"264,0416372087544","647,039978",1,2,2024-01-10
2024-01-10 01:00:00,"292,13255176996097","646,809998",1,2,2024-01-10
2024-01-10 02:00:00,"253,47763374015145","642,039978",1,2,2024-01-10
2024-01-10 03:00:00,"219,71188758054913","643,599976",1,2,2024-01-10
2024-01-10 04:00:00,"261,6502716696111","664,109985",1,2,2024-01-10
2024-01-10 05:00:00,"287,17351397512584","812,0",1,2,2024-01-10
2024-01-10 06:00:00,"469,76775180923823","941,840027",1,2,2024-01-10
2024-01-10 07:00:00,"517,7694816932521","1053,630005",1,2,2024-01-10
2024-01-10 08:00:00,"500,4211158320743","972,419983",1,2,2024-01-10
2024-01-10 09:00:00,"479,8593910883608","884,190002",1,2,2024-01-10
2024-01-10 10:00:00,"452,3097662656222","813,869995",1,2,2024-01-10
2024-01-10 11:00:00,"460,5362257967515","762,26001",1,2,2024-01-10
2024-01-10 12:00:00,"471,99944239285753","787,609985",1,2,2024-01-10
2024-01-10 13:00:00,"500,79794854402905","842,059998",1,2,2024-01-10
2024-01-10 14:00:00,"530,7430683743085","923,27002",1,2,2024-01-10
2024-01-10 15:00:00,"543,3893269106981","1004,109985",1,2,2024-01-10
2024-01-10 16:00:00,"587,0664528963603","1072,349976",1,2,2024-01-10
2024-01-10 17:00:00,"574,939768506779","1044,089966",1,2,2024-01-10
2024-01-10 18:00:00,"534,7645849129323","985,539978",1,2,2024-01-10
2024-01-10 19:00:00,"498,10682911933674","894,929993",1,2,2024-01-10
2024-01-10 20:00:00,"399,4449338796438","818,559998",1,2,2024-01-10
2024-01-10 21:00:00,"399,8646689674394","779,26001",1,2,2024-01-10
2024-01-10 22:00:00,"289,2147871747253","677,909973",1,2,2024-01-10
2024-01-10 23:00:00,"276,13398690078895","684,27002",1,2,2024-01-10
2024-01-11 00:00:00,"224,30151305020635","660,700012",1,2,2024-01-11
2024-01-11 01:00:00,"168,2902489097718","650,710022",1,2,2024-01-11
2024-01-11 02:00:00,"95,84193260928626","614,390015",1,2,2024-01-11
2024-01-11 03:00:00,"111,12751591834741","611,179993",1,2,2024-01-11
2024-01-11 04:00:00,"175,04613994148662","666,440002",1,2,2024-01-11
2024-01-11 05:00:00,"272,2612505562441","761,22998",1,2,2024-01-11
2024-01-11 06:00:00,"384,0709768326928","871,530029",1,2,2024-01-11
2024-01-11 07:00:00,"444,65736206051366","1051,569946",1,2,2024-01-11
2024-01-11 08:00:00,"430,2917261829753","963,27002",1,2,2024-01-11
2024-01-11 09:00:00,"390,33232820400707","847,590027",1,2,2024-01-11
2024-01-11 10:00:00,"350,7419263127166","794,119995",1,2,2024-01-11
2024-01-11 11:00:00,"314,8773407498351","741,169983",1,2,2024-01-11
2024-01-11 12:00:00,"275,94901567699617","738,340027",1,2,2024-01-11
2024-01-11 13:00:00,"320,7649902348101","790,390015",1,2,2024-01-11
2024-01-11 14:00:00,"340,067091128431","879,73999",1,2,2024-01-11
2024-01-11 15:00:00,"424,9193086540519","1024,349976",1,2,2024-01-11
2024-01-11 16:00:00,"522,5588566910742","1119,359985",1,2,2024-01-11
2024-01-11 17:00:00,"562,2140622807918","1019,429993",1,2,2024-01-11
2024-01-11 18:00:00,"527,4136949058193","986,76001",1,2,2024-01-11
2024-01-11 19:00:00,"412,6522687333469","879,140015",1,2,2024-01-11
2024-01-11 20:00:00,"374,37860598440244","799,419983",1,2,2024-01-11
2024-01-11 21:00:00,"382,38794373882695","745,789978",1,2,2024-01-11
2024-01-11 22:00:00,"255,257739616908","725,059998",1,2,2024-01-11
2024-01-11 23:00:00,"241,65070298350096","678,890015",1,2,2024-01-11
2024-01-12 00:00:00,"208,75894425955724","657,859985",1,2,2024-01-12
2024-01-12 01:00:00,"211,73954096619275","635,48999",1,2,2024-01-12
2024-01-12 02:00:00,"184,10437944537927","631,090027",1,2,2024-01-12
2024-01-12 03:00:00,"228,03802112698224","628,929993",1,2,2024-01-12
2024-01-12 04:00:00,"197,71546636834006","628,190002",1,2,2024-01-12
2024-01-12 05:00:00,"284,13547834498877","665,469971",1,2,2024-01-12
2024-01-12 06:00:00,"321,54426927445223","881,130005",1,2,2024-01-12
2024-01-12 07:00:00,"494,16145692834215","1049,51001",1,2,2024-01-12
2024-01-12 08:00:00,"468,579061902264","1006,409973",1,2,2024-01-12
2024-01-12 09:00:00,"460,70035929768045","909,840027",1,2,2024-01-12
2024-01-12 10:00:00,"445,947797575776","855,549988",1,2,2024-01-12
2024-01-12 11:00:00,"414,3517395969758","797,76001",1,2,2024-01-12
2024-01-12 12:00:00,"400,09742309819643","768,679993",1,2,2024-01-12
2024-01-12 13:00:00,"451,3217081169757","779,559998",1,2,2024-01-12
2024-01-12 14:00:00,"449,88081924445805","820,280029",1,2,2024-01-12
2024-01-12 15:00:00,"468,7360494536278","894,849976",1,2,2024-01-12
2024-01-12 16:00:00,"488,6088363870589","950,780029",1,2,2024-01-12
2024-01-12 17:00:00,"489,7503388247942","939,590027",1,2,2024-01-12
2024-01-12 18:00:00,"493,5950949484685","890,900024",1,2,2024-01-12
2024-01-12 19:00:00,"410,3203150190488","798,880005",1,2,2024-01-12
2024-01-12 20:00:00,"332,0057796822708","683,820007",1,2,2024-01-12
2024-01-12 21:00:00,"363,39543224388086","634,0",1,2,2024-01-12
2024-01-12 22:00:00,"298,6844899109833","615,140015",1,2,2024-01-12
2024-01-12 23:00:00,"249,862022100263","544,869995",1,2,2024-01-12
2024-01-13 00:00:00,"234,91325560210845","558,140015",1,2,2024-01-13
2024-01-13 01:00:00,"236,0254904349819","549,200012",1,2,2024-01-13
2024-01-13 02:00:00,"215,49834535602187","532,190002",1,2,2024-01-13
2024-01-13 03:00:00,"223,76309525033935","538,679993",1,2,2024-01-13
2024-01-13 04:00:00,"227,25881856101753","512,51001",1,2,2024-01-13
2024-01-13 05:00:00,"213,68567472989187","486,040009",1,2,2024-01-13
2024-01-13 06:00:00,"297,2278136200761","510,869995",1,2,2024-01-13
2024-01-13 07:00:00,"344,7319993027365","500,799988",1,2,2024-01-13
2024-01-13 08:00:00,"398,94685133637677","546,659973",1,2,2024-01-13
2024-01-13 09:00:00,"425,55153887873314","537,039978",1,2,2024-01-13
2024-01-13 10:00:00,"441,16402753736827","529,289978",1,2,2024-01-13
2024-01-13 11:00:00,"437,59318366025195","521,609985",1,2,2024-01-13
2024-01-13 12:00:00,"433,5034632223213","474,779999",1,2,2024-01-13
2024-01-13 13:00:00,"472,20609086787886","506,390015",1,2,2024-01-13
2024-01-13 14:00:00,"510,39256291090953","511,609985",1,2,2024-01-13
2024-01-13 15:00:00,"564,7025170212901","527,789978",1,2,2024-01-13
2024-01-13 16:00:00,"631,1162833245864","553,450012",1,2,2024-01-13
2024-01-13 17:00:00,"620,5752117144947","565,299988",1,2,2024-01-13
2024-01-13 18:00:00,"574,0926168352951","550,460022",1,2,2024-01-13
2024-01-13 19:00:00,"517,6742775457224","544,799988",1,2,2024-01-13
2024-01-13 20:00:00,"468,7450272180909","528,909973",1,2,2024-01-13
2024-01-13 21:00:00,"396,4852281078666","479,470001",1,2,2024-01-13
2024-01-13 22:00:00,"380,338526539874","470,970001",1,2,2024-01-13
2024-01-13 23:00:00,"364,0379512020213","477,420013",1,2,2024-01-13
2024-01-14 00:00:00,"281,8295745024648","463,179993",1,2,2024-01-14
2024-01-14 01:00:00,"276,32290829276417","469,290009",1,2,2024-01-14
2024-01-14 02:00:00,"265,7344081683325","477,350006",1,2,2024-01-14
2024-01-14 03:00:00,"273,47875409723866","482,269989",1,2,2024-01-14
2024-01-14 04:00:00,"265,5088847571823","486,220001",1,2,2024-01-14
2024-01-14 05:00:00,"294,9436284873066","501,950012",1,2,2024-01-14
2024-01-14 06:00:00,"269,05682888050916","534,390015",1,2,2024-01-14
2024-01-14 07:00:00,"297,9933418689419","572,280029",1,2,2024-01-14
2024-01-14 08:00:00,"295,5406249382636","605,090027",1,2,2024-01-14
2024-01-14 09:00:00,"261,4217619557097","601,289978",1,2,2024-01-14
2024-01-14 10:00:00,"246,06951731216063","610,309998",1,2,2024-01-14
2024-01-14 11:00:00,"239,01732527906273","599,5",1,2,2024-01-14
2024-01-14 12:00:00,"253,89149798162344","574,52002",1,2,2024-01-14
2024-01-14 13:00:00,"293,1881536407757","590,25",1,2,2024-01-14
2024-01-14 14:00:00,"279,1107681282678","613,890015",1,2,2024-01-14
2024-01-14 15:00:00,"304,1443818365219","645,960022",1,2,2024-01-14
2024-01-14 16:00:00,"340,47450456373315","685,030029",1,2,2024-01-14
2024-01-14 17:00:00,"345,9252172352147","705,76001",1,2,2024-01-14
2024-01-14 18:00:00,"311,07545579449635","635,809998",1,2,2024-01-14
2024-01-14 19:00:00,"293,64448788959953","589,580017",1,2,2024-01-14
2024-01-14 20:00:00,"286,0212149101675","586,150024",1,2,2024-01-14
2024-01-14 21:00:00,"298,2356333227421","562,210022",1,2,2024-01-14
2024-01-14 22:00:00,"262,4780479709919","501,059998",1,2,2024-01-14
2024-01-14 23:00:00,"242,25593418331454","506,350006",1,2,2024-01-14
2024-01-15 00:00:00,"257,628804971795","484,730011",1,3,2024-01-15
2024-01-15 01:00:00,"245,823145493854","476,820007",1,3,2024-01-15
2024-01-15 02:00:00,"213,59277925181058","462,649994",1,3,2024-01-15
2024-01-15 03:00:00,"188,6897593156093","462,649994",1,3,2024-01-15
2024-01-15 04:00:00,"177,4468547203201","516,419983",1,3,2024-01-15
2024-01-15 05:00:00,"265,3879715811154","596,219971",1,3,2024-01-15
2024-01-15 06:00:00,"315,19157768039435","625,22998",1,3,2024-01-15
2024-01-15 07:00:00,"367,13346101095453","740,52002",1,3,2024-01-15
2024-01-15 08:00:00,"345,7704974871151","747,900024",1,3,2024-01-15
2024-01-15 09:00:00,"308,02971946385463","707,549988",1,3,2024-01-15
2024-01-15 10:00:00,"269,63891795906824","673,099976",1,3,2024-01-15
2024-01-15 11:00:00,"291,6256477104214","625,369995",1,3,2024-01-15
2024-01-15 12:00:00,"287,73054591149776","612,619995",1,3,2024-01-15
2024-01-15 13:00:00,"285,5198778240732","630,150024",1,3,2024-01-15
2024-01-15 14:00:00,"306,8572442633837","666,98999",1,3,2024-01-15
2024-01-15 15:00:00,"473,94073446893753","745,140015",1,3,2024-01-15
2024-01-15 16:00:00,"523,2421056364047","813,450012",1,3,2024-01-15
2024-01-15 17:00:00,"528,8239856281093","861,849976",1,3,2024-01-15
2024-01-15 18:00:00,"481,8750289000074","825,22998",1,3,2024-01-15
2024-01-15 19:00:00,"449,96784786626193","769,22998",1,3,2024-01-15
2024-01-15 20:00:00,"404,7566711980839","693,159973",1,3,2024-01-15
2024-01-15 21:00:00,"420,00522108484944","667,359985",1,3,2024-01-15
2024-01-15 22:00:00,"335,090444796254","644,539978",1,3,2024-01-15
2024-01-15 23:00:00,"321,25311871365","607,469971",1,3,2024-01-15
2024-01-16 00:00:00,"323,04385566653167","607,099976",1,3,2024-01-16
2024-01-16 01:00:00,"317,6355438441294","597,179993",1,3,2024-01-16
2024-01-16 02:00:00,"287,3013378486541","583,679993",1,3,2024-01-16
2024-01-16 03:00:00,"286,54873613776005","578,679993",1,3,2024-01-16
2024-01-16 04:00:00,"290,096917768814","622,390015",1,3,2024-01-16
2024-01-16 05:00:00,"388,6017557940923","701,590027",1,3,2024-01-16
2024-01-16 06:00:00,"498,7674528216065","855,97998",1,3,2024-01-16
2024-01-16 07:00:00,"502,5431909019724","1119,849976",1,3,2024-01-16
2024-01-16 08:00:00,"503,870742084113","1121,119995",1,3,2024-01-16
2024-01-16 09:00:00,"509,5850437860535","1039,670044",1,3,2024-01-16
2024-01-16 10:00:00,"500,09055710115456","871,940002",1,3,2024-01-16
2024-01-16 11:00:00,"498,1820052571775","771,400024",1,3,2024-01-16
2024-01-16 12:00:00,"498,9231674978255","708,380005",1,3,2024-01-16
2024-01-16 13:00:00,"495,7707350564505","715,98999",1,3,2024-01-16
2024-01-16 14:00:00,"520,0898333164668","822,27002",1,3,2024-01-16
2024-01-16 15:00:00,"614,6226454239713","830,77002",1,3,2024-01-16
2024-01-16 16:00:00,"642,2197297743996","955,77002",1,3,2024-01-16
2024-01-16 17:00:00,"663,0106669576218","949,5",1,3,2024-01-16
2024-01-16 18:00:00,"608,3902785630135","833,599976",1,3,2024-01-16
2024-01-16 19:00:00,"560,6735048803523","712,179993",1,3,2024-01-16
2024-01-16 20:00:00,"494,54276525734656","642,969971",1,3,2024-01-16
2024-01-16 21:00:00,"468,8940471979977","611,869995",1,3,2024-01-16
2024-01-16 22:00:00,"407,94736451842584","579,429993",1,3,2024-01-16
2024-01-16 23:00:00,"335,8519926713482","506,070007",1,3,2024-01-16
2024-01-17 00:00:00,"371,8232407981613","502,269989",1,3,2024-01-17
2024-01-17 01:00:00,"375,8299746284171","495,779999",1,3,2024-01-17
2024-01-17 02:00:00,"357,00576851142984","489,220001",1,3,2024-01-17
2024-01-17 03:00:00,"361,4754562050876","487,429993",1,3,2024-01-17
2024-01-17 04:00:00,"386,4331408971882","487,209991",1,3,2024-01-17
2024-01-17 05:00:00,"441,6136461576296","499,209991",1,3,2024-01-17
2024-01-17 06:00:00,"578,734605323312","591,23999",1,3,2024-01-17
2024-01-17 07:00:00,"709,3607571577406","715,929993",1,3,2024-01-17
2024-01-17 08:00:00,"671,2459749619247","767,159973",1,3,2024-01-17
2024-01-17 09:00:00,"623,5485123661065","797,289978",1,3,2024-01-17
2024-01-17 10:00:00,"594,451696367251","802,890015",1,3,2024-01-17
2024-01-17 11:00:00,"566,2161471205384","877,840027",1,3,2024-01-17
2024-01-17 12:00:00,"573,3701426522185","907,590027",1,3,2024-01-17
2024-01-17 13:00:00,"620,3703209086993","907,890015",1,3,2024-01-17
2024-01-17 14:00:00,"672,2948144166492","935,630005",1,3,2024-01-17
2024-01-17 15:00:00,"704,2840044804174","958,75",1,3,2024-01-17
2024-01-17 16:00:00,"757,9131390038857","1047,939941",1,3,2024-01-17
2024-01-17 17:00:00,"738,59165933103","921,690002",1,3,2024-01-17
2024-01-17 18:00:00,"684,9960765183133","852,26001",1,3,2024-01-17
2024-01-17 19:00:00,"620,4154272405955","818,849976",1,3,2024-01-17
2024-01-17 20:00:00,"508,7080483890805","753,890015",1,3,2024-01-17
2024-01-17 21:00:00,"467,16831078157094","703,099976",1,3,2024-01-17
2024-01-17 22:00:00,"371,12524984661","627,710022",1,3,2024-01-17
2024-01-17 23:00:00,"403,6486902306593","606,580017",1,3,2024-01-17
2024-01-18 00:00:00,"354,2806406799719","575,780029",1,3,2024-01-18
2024-01-18 01:00:00,"322,70407371811075","561,530029",1,3,2024-01-18
2024-01-18 02:00:00,"291,15672107870466","558,700012",1,3,2024-01-18
2024-01-18 03:00:00,"304,1462369334157","578,539978",1,3,2024-01-18
2024-01-18 04:00:00,"366,3692491917937","604,119995",1,3,2024-01-18
2024-01-18 05:00:00,"448,65664434678683","680,570007",1,3,2024-01-18
2024-01-18 06:00:00,"553,546493191512","831,969971",1,3,2024-01-18
2024-01-18 07:00:00,"683,9945738107012","938,919983",1,3,2024-01-18
2024-01-18 08:00:00,"655,1096310643828","911,179993",1,3,2024-01-18
2024-01-18 09:00:00,"591,8752840024254","827,119995",1,3,2024-01-18
2024-01-18 10:00:00,"535,3748379066169","805,119995",1,3,2024-01-18
2024-01-18 11:00:00,"491,30910960809763","697,719971",1,3,2024-01-18
2024-01-18 12:00:00,"493,65348174102303","653,48999",1,3,2024-01-18
2024-01-18 13:00:00,"543,581851887078","644,619995",1,3,2024-01-18
2024-01-18 14:00:00,"600,598603075494","702,940002",1,3,2024-01-18
2024-01-18 15:00:00,"692,2920962519753","742,25",1,3,2024-01-18
2024-01-18 16:00:00,"826,1501021793978","780,72998",1,3,2024-01-18
2024-01-18 17:00:00,"811,9077264052388","770,140015",1,3,2024-01-18
2024-01-18 18:00:00,"743,4918620648858","705,030029",1,3,2024-01-18
2024-01-18 19:00:00,"617,910525019207","648,650024",1,3,2024-01-18
2024-01-18 20:00:00,"558,8527792445512","605,090027",1,3,2024-01-18
2024-01-18 21:00:00,"532,9930983989543","577,48999",1,3,2024-01-18
2024-01-18 22:00:00,"473,80909429334565","532,0",1,3,2024-01-18
2024-01-18 23:00:00,"444,73035301615846","510,089996",1,3,2024-01-18
2024-01-19 00:00:00,"437,51250655383524","487,269989",1,3,2024-01-19
2024-01-19 01:00:00,"434,35170422867935","477,649994",1,3,2024-01-19
2024-01-19 02:00:00,"428,81780737325596","468,029999",1,3,2024-01-19
2024-01-19 03:00:00,"432,19970711042646","472,209991",1,3,2024-01-19
2024-01-19 04:00:00,"436,39029530861734","491,079987",1,3,2024-01-19
2024-01-19 05:00:00,"460,1431288187562","564,830017",1,3,2024-01-19
2024-01-19 06:00:00,"508,37775612063075","639,330017",1,3,2024-01-19
2024-01-19 07:00:00,"590,3630650113104","776,030029",1,3,2024-01-19
2024-01-19 08:00:00,"586,3236439789667","767,0",1,3,2024-01-19
2024-01-19 09:00:00,"570,8423227640559","709,580017",1,3,2024-01-19
2024-01-19 10:00:00,"544,9210824330638","644,030029",1,3,2024-01-19
2024-01-19 11:00:00,"512,3723972836592","572,960022",1,3,2024-01-19
2024-01-19 12:00:00,"480,54017226985104","547,01001",1,3,2024-01-19
2024-01-19 13:00:00,"493,80492074648583","560,880005",1,3,2024-01-19
2024-01-19 14:00:00,"520,2465020949912","577,580017",1,3,2024-01-19
2024-01-19 15:00:00,"568,1078625621883","631,570007",1,3,2024-01-19
2024-01-19 16:00:00,"636,8507976967313","698,02002",1,3,2024-01-19
2024-01-19 17:00:00,"692,0768085763008","656,630005",1,3,2024-01-19
2024-01-19 18:00:00,"631,6327976514692","576,98999",1,3,2024-01-19
2024-01-19 19:00:00,"574,0539306575123","551,849976",1,3,2024-01-19
2024-01-19 20:00:00,"517,3408101061303","530,380005",1,3,2024-01-19
2024-01-19 21:00:00,"500,86964046872424","511,880005",1,3,2024-01-19
2024-01-19 22:00:00,"471,4999470129892","482,869995",1,3,2024-01-19
2024-01-19 23:00:00,"447,4589805882327","492,200012",1,3,2024-01-19
2024-01-20 00:00:00,"429,7635785090353","473,179993",1,3,2024-01-20
2024-01-20 01:00:00,"427,2335508598166","473,850006",1,3,2024-01-20
2024-01-20 02:00:00,"408,95594666187753","461,019989",1,3,2024-01-20
2024-01-20 03:00:00,"410,1530856944214","461,25",1,3,2024-01-20
2024-01-20 04:00:00,"405,26704402441425","460,5",1,3,2024-01-20
2024-01-20 05:00:00,"397,07295473137924","466,769989",1,3,2024-01-20
2024-01-20 06:00:00,"434,14065070869003","498,910004",1,3,2024-01-20
2024-01-20 07:00:00,"478,02178098620885","557,969971",1,3,2024-01-20
2024-01-20 08:00:00,"475,0214961311464","580,940002",1,3,2024-01-20
2024-01-20 09:00:00,"465,91203194255473","535,450012",1,3,2024-01-20
2024-01-20 10:00:00,"487,7767405794889","527,77002",1,3,2024-01-20
2024-01-20 11:00:00,"464,0950789123719","505,100006",1,3,2024-01-20
2024-01-20 12:00:00,"469,78154795636215","512,929993",1,3,2024-01-20
2024-01-20 13:00:00,"501,9691677057893","547,309998",1,3,2024-01-20
2024-01-20 14:00:00,"550,9396339911718","589,960022",1,3,2024-01-20
2024-01-20 15:00:00,"569,135811524386","654,77002",1,3,2024-01-20
2024-01-20 16:00:00,"515,9952523154053","707,940002",1,3,2024-01-20
2024-01-20 17:00:00,"493,7503230960587","744,780029",1,3,2024-01-20
2024-01-20 18:00:00,"565,2970394334977","682,880005",1,3,2024-01-20
2024-01-20 19:00:00,"557,538467768232","596,599976",1,3,2024-01-20
2024-01-20 20:00:00,"533,998135463622","547,309998",1,3,2024-01-20
2024-01-20 21:00:00,"494,47307796251147","525,159973",1,3,2024-01-20
2024-01-20 22:00:00,"463,59775407994164","499,579987",1,3,2024-01-20
2024-01-20 23:00:00,"465,6454799738015","445,26001",1,3,2024-01-20
2024-01-21 00:00:00,"415,498011513151","429,230011",1,3,2024-01-21
2024-01-21 01:00:00,"410,98644594324674","411,329987",1,3,2024-01-21
2024-01-21 02:00:00,"392,0110252884892","379,549988",1,3,2024-01-21
2024-01-21 03:00:00,"377,60419623728995","361,799988",1,3,2024-01-21
2024-01-21 04:00:00,"398,31825318645997","353,899994",1,3,2024-01-21
2024-01-21 05:00:00,"403,736778610557","339,579987",1,3,2024-01-21
2024-01-21 06:00:00,"413,2927600533447","327,869995",1,3,2024-01-21
2024-01-21 07:00:00,"441,69115237743233","383,059998",1,3,2024-01-21
2024-01-21 08:00:00,"451,4241640066929","405,429993",1,3,2024-01-21
2024-01-21 09:00:00,"474,4629327483763","343,529999",1,3,2024-01-21
2024-01-21 10:00:00,"485,9515506614673","363,0",1,3,2024-01-21
2024-01-21 11:00:00,"466,18950697437356","287,0",1,3,2024-01-21
2024-01-21 12:00:00,"440,0393363466012","281,100006",1,3,2024-01-21
2024-01-21 13:00:00,"446,16737975620504","330,399994",1,3,2024-01-21
2024-01-21 14:00:00,"482,83222516756035","365,76001",1,3,2024-01-21
2024-01-21 15:00:00,"524,0364796604977","371,649994",1,3,2024-01-21
2024-01-21 16:00:00,"566,1748388631949","422,51001",1,3,2024-01-21
2024-01-21 17:00:00,"573,5391609453643","458,309998",1,3,2024-01-21
2024-01-21 18:00:00,"530,3827895866777","437,359985",1,3,2024-01-21
2024-01-21 19:00:00,"482,917847832888","384,100006",1,3,2024-01-21
2024-01-21 20:00:00,"449,7370110911295","391,26001",1,3,2024-01-21
2024-01-21 21:00:00,"445,93070240054664","375,829987",1,3,2024-01-21
2024-01-21 22:00:00,"402,8668985554332","294,309998",1,3,2024-01-21
2024-01-21 23:00:00,"431,5203116951402","273,420013",1,3,2024-01-21
2024-01-22 00:00:00,"391,690675590889","165,869995",1,4,2024-01-22
2024-01-22 01:00:00,"406,40000367990683","138,869995",1,4,2024-01-22
2024-01-22 02:00:00,"370,5954358471289","37,59",1,4,2024-01-22
2024-01-22 03:00:00,"369,36314568831045","37,740002",1,4,2024-01-22
2024-01-22 04:00:00,"401,43876778641703","149,169998",1,4,2024-01-22
2024-01-22 05:00:00,"439,1579363568041","302,059998",1,4,2024-01-22
2024-01-22 06:00:00,"504,31201264099275","451,01001",1,4,2024-01-22
2024-01-22 07:00:00,"547,5555309797099","495,829987",1,4,2024-01-22
2024-01-22 08:00:00,"556,1433217352742","429,450012",1,4,2024-01-22
2024-01-22 09:00:00,"545,8064160184779","459,059998",1,4,2024-01-22
2024-01-22 10:00:00,"499,0648052300529","451,970001",1,4,2024-01-22
2024-01-22 11:00:00,"495,4865395309631","424,529999",1,4,2024-01-22
2024-01-22 12:00:00,"473,8200357188839","423,040009",1,4,2024-01-22
2024-01-22 13:00:00,"506,28910092991543","434,299988",1,4,2024-01-22
2024-01-22 14:00:00,"529,3783124768368","445,48999",1,4,2024-01-22
2024-01-22 15:00:00,"664,9290600699055","447,429993",1,4,2024-01-22
2024-01-22 16:00:00,"709,1046068099605","461,299988",1,4,2024-01-22
2024-01-22 17:00:00,"739,7270835204002","455,179993",1,4,2024-01-22
2024-01-22 18:00:00,"708,3356089022762","447,720001",1,4,2024-01-22
2024-01-22 19:00:00,"659,4921418873301","444,519989",1,4,2024-01-22
2024-01-22 20:00:00,"596,6341614418828","425,119995",1,4,2024-01-22
2024-01-22 21:00:00,"591,6523224421364","416,850006",1,4,2024-01-22
2024-01-22 22:00:00,"532,8965995490568","372,019989",1,4,2024-01-22
2024-01-22 23:00:00,"494,2883708592837","121,040001",1,4,2024-01-22
2024-01-23 00:00:00,"472,20695886579585","75,330002",1,4,2024-01-23
2024-01-23 01:00:00,"486,6358790143052","69,879997",1,4,2024-01-23
2024-01-23 02:00:00,"469,62036430570595","31,1",1,4,2024-01-23
2024-01-23 03:00:00,"452,27046036825266","76,220001",1,4,2024-01-23
2024-01-23 04:00:00,"467,9883745086976","292,579987",1,4,2024-01-23
2024-01-23 05:00:00,"602,2209423715177","439,940002",1,4,2024-01-23
2024-01-23 06:00:00,"777,9850791576238","454,410004",1,4,2024-01-23
2024-01-23 07:00:00,"856,2000251805185","461,649994",1,4,2024-01-23
2024-01-23 08:00:00,"793,238803050587","455,76001",1,4,2024-01-23
2024-01-23 09:00:00,"774,1296944873436","447,25",1,4,2024-01-23
2024-01-23 10:00:00,"728,4380583358824","443,299988",1,4,2024-01-23
2024-01-23 11:00:00,"739,6732839427069","441,059998",1,4,2024-01-23
2024-01-23 12:00:00,"710,6212775281288","443,230011",1,4,2024-01-23
2024-01-23 13:00:00,"756,3279198257445","461,649994",1,4,2024-01-23
2024-01-23 14:00:00,"806,7566303333439","468,059998",1,4,2024-01-23
2024-01-23 15:00:00,"814,5304453752635","494,390015",1,4,2024-01-23
2024-01-23 16:00:00,"879,7487569660432","510,570007",1,4,2024-01-23
2024-01-23 17:00:00,"832,7545063464612","498,040009",1,4,2024-01-23
2024-01-23 18:00:00,"765,527228345644","472,390015",1,4,2024-01-23
2024-01-23 19:00:00,"685,923877314083","450,910004",1,4,2024-01-23
2024-01-23 20:00:00,"609,2267127269945","400,790009",1,4,2024-01-23
2024-01-23 21:00:00,"567,1351599803236","338,290009",1,4,2024-01-23
2024-01-23 22:00:00,"477,7878202207037","248,050003",1,4,2024-01-23
2024-01-23 23:00:00,"443,05000085462245","22,74",1,4,2024-01-23
2024-01-24 00:00:00,"423,5112122908625","-0,22",1,4,2024-01-24
2024-01-24 01:00:00,"419,2060664579823","0,0",1,4,2024-01-24
2024-01-24 02:00:00,"413,76345238491484","-0,07",1,4,2024-01-24
2024-01-24 03:00:00,"413,4088347407854","-0,15",1,4,2024-01-24
2024-01-24 04:00:00,"425,35485214820955","-1,34",1,4,2024-01-24
2024-01-24 05:00:00,"484,51410790580456","110,07",1,4,2024-01-24
2024-01-24 06:00:00,"611,4096283772667","313,869995",1,4,2024-01-24
2024-01-24 07:00:00,"754,6595338021588","373,380005",1,4,2024-01-24
2024-01-24 08:00:00,"744,7317673723103","369,429993",1,4,2024-01-24
2024-01-24 09:00:00,"708,9597854537343","373,600006",1,4,2024-01-24
2024-01-24 10:00:00,"686,6722907900543","378,670013",1,4,2024-01-24
2024-01-24 11:00:00,"685,3061703865019","293,209991",1,4,2024-01-24
2024-01-24 12:00:00,"690,8400939428635","271,73999",1,4,2024-01-24
2024-01-24 13:00:00,"729,7958764824829","335,869995",1,4,2024-01-24
2024-01-24 14:00:00,"803,602897459461","372,480011",1,4,2024-01-24
2024-01-24 15:00:00,"832,4049548360873","378,820007",1,4,2024-01-24
2024-01-24 16:00:00,"904,2930658965263","404,25",1,4,2024-01-24
2024-01-24 17:00:00,"854,4542987391746","397,609985",1,4,2024-01-24
2024-01-24 18:00:00,"803,7893488643288","373,529999",1,4,2024-01-24
2024-01-24 19:00:00,"756,1699509834976","314,540009",1,4,2024-01-24
2024-01-24 20:00:00,"688,8002575972898","298,579987",1,4,2024-01-24
2024-01-24 21:00:00,"633,4974513293768","313,269989",1,4,2024-01-24
2024-01-24 22:00:00,"588,458105839606","287,320007",1,4,2024-01-24
2024-01-24 23:00:00,"554,1372524099438","330,630005",1,4,2024-01-24
2024-01-25 00:00:00,"535,57112655391","335,98999",1,4,2024-01-25
2024-01-25 01:00:00,"488,35489561589816","323,170013",1,4,2024-01-25
2024-01-25 02:00:00,"456,19037136061604","334,950012",1,4,2024-01-25
2024-01-25 03:00:00,"468,708752968644","344,640015",1,4,2024-01-25
2024-01-25 04:00:00,"518,4867292335779","390,579987",1,4,2024-01-25
2024-01-25 05:00:00,"646,5077086734483","432,709991",1,4,2024-01-25
2024-01-25 06:00:00,"782,4805840915799","492,51001",1,4,2024-01-25
2024-01-25 07:00:00,"887,8263343321556","663,789978",1,4,2024-01-25
2024-01-25 08:00:00,"851,6035947383907","635,679993",1,4,2024-01-25
2024-01-25 09:00:00,"783,9934689954313","606,599976",1,4,2024-01-25
2024-01-25 10:00:00,"754,3950305432597","568,340027",1,4,2024-01-25
2024-01-25 11:00:00,"688,8204858499694","545,450012",1,4,2024-01-25
2024-01-25 12:00:00,"673,4537873502711","566,630005",1,4,2024-01-25
2024-01-25 13:00:00,"704,3490434434398","633,659973",1,4,2024-01-25
2024-01-25 14:00:00,"776,9709457359297","686,530029",1,4,2024-01-25
2024-01-25 15:00:00,"854,4436294671716","755,950012",1,4,2024-01-25
2024-01-25 16:00:00,"968,0511143967657","920,0",1,4,2024-01-25
2024-01-25 17:00:00,"945,8998241234882","861,539978",1,4,2024-01-25
2024-01-25 18:00:00,"874,8705479104705","736,640015",1,4,2024-01-25
2024-01-25 19:00:00,"765,5836003685436","679,070007",1,4,2024-01-25
2024-01-25 20:00:00,"714,0757831097027","643,580017",1,4,2024-01-25
2024-01-25 21:00:00,"688,7640094244134","599,73999",1,4,2024-01-25
2024-01-25 22:00:00,"644,5001544173258","560,440002",1,4,2024-01-25
2024-01-25 23:00:00,"619,0029797541755","468,200012",1,4,2024-01-25
2024-01-26 00:00:00,"585,11180028295","461,940002",1,4,2024-01-26
2024-01-26 01:00:00,"562,313955398562","436,070007",1,4,2024-01-26
2024-01-26 02:00:00,"551,1220790599835","408,480011",1,4,2024-01-26
2024-01-26 03:00:00,"552,6819443717416","355,029999",1,4,2024-01-26
2024-01-26 04:00:00,"565,3068970977987","377,619995",1,4,2024-01-26
2024-01-26 05:00:00,"637,0025171985297","419,519989",1,4,2024-01-26
2024-01-26 06:00:00,"771,7641560438641","469,470001",1,4,2024-01-26
2024-01-26 07:00:00,"825,2335437216117","484,149994",1,4,2024-01-26
2024-01-26 08:00:00,"837,5120633456685","475,660004",1,4,2024-01-26
2024-01-26 09:00:00,"761,5634462320703","456,420013",1,4,2024-01-26
2024-01-26 10:00:00,"790,7602342645488","437,929993",1,4,2024-01-26
2024-01-26 11:00:00,"707,8147396126946","389,769989",1,4,2024-01-26
2024-01-26 12:00:00,"724,4951695114784","346,450012",1,4,2024-01-26
2024-01-26 13:00:00,"730,8299765525342","367,399994",1,4,2024-01-26
2024-01-26 14:00:00,"741,5670982023001","373,589996",1,4,2024-01-26
2024-01-26 15:00:00,"751,3150131116573","393,200012",1,4,2024-01-26
2024-01-26 16:00:00,"798,7410056192613","427,720001",1,4,2024-01-26
2024-01-26 17:00:00,"799,2560121817669","412,140015",1,4,2024-01-26
2024-01-26 18:00:00,"771,3460608112645","406,540009",1,4,2024-01-26
2024-01-26 19:00:00,"719,3281248870921","404,980011",1,4,2024-01-26
2024-01-26 20:00:00,"658,8402448603848","405,200012",1,4,2024-01-26
2024-01-26 21:00:00,"648,3398667993022","405,5",1,4,2024-01-26
2024-01-26 22:00:00,"602,7863094778844","400,429993",1,4,2024-01-26
2024-01-26 23:00:00,"589,3528250682725","405,869995",1,4,2024-01-26
2024-01-27 00:00:00,"558,2213779992054","410,26001",1,4,2024-01-27
2024-01-27 01:00:00,"542,5091955428439","419,059998",1,4,2024-01-27
2024-01-27 02:00:00,"528,1366654601263","410,410004",1,4,2024-01-27
2024-01-27 03:00:00,"521,4410413566383","415,559998",1,4,2024-01-27
2024-01-27 04:00:00,"517,4332903886166","423,679993",1,4,2024-01-27
2024-01-27 05:00:00,"522,1505421220347","426,73999",1,4,2024-01-27
2024-01-27 06:00:00,"517,3959587400781","431,359985",1,4,2024-01-27
2024-01-27 07:00:00,"598,3584884442494","433,380005",1,4,2024-01-27
2024-01-27 08:00:00,"609,2624612178244","436,130005",1,4,2024-01-27
2024-01-27 09:00:00,"597,1210622103291","433,899994",1,4,2024-01-27
2024-01-27 10:00:00,"598,2554312603294","422,040009",1,4,2024-01-27
2024-01-27 11:00:00,"586,9924964736977","416,299988",1,4,2024-01-27
2024-01-27 12:00:00,"563,1536344049","401,690002",1,4,2024-01-27
2024-01-27 13:00:00,"581,3512685169538","440,910004",1,4,2024-01-27
2024-01-27 14:00:00,"562,6630342856072","432,029999",1,4,2024-01-27
2024-01-27 15:00:00,"543,9633729492928","439,339996",1,4,2024-01-27
2024-01-27 16:00:00,"644,9629582074543","460,359985",1,4,2024-01-27
2024-01-27 17:00:00,"665,688036346613","457,079987",1,4,2024-01-27
2024-01-27 18:00:00,"645,0941222728638","443,070007",1,4,2024-01-27
2024-01-27 19:00:00,"617,6377888641595","433,970001",1,4,2024-01-27
2024-01-27 20:00:00,"586,2597559719064","431,290009",1,4,2024-01-27
2024-01-27 21:00:00,"553,6699454527028","430,390015",1,4,2024-01-27
2024-01-27 22:00:00,"496,79114321167697","429,5",1,4,2024-01-27
2024-01-27 23:00:00,"523,9316079816276","497,75",1,4,2024-01-27
2024-01-28 00:00:00,"488,5523964776103","438,339996",1,4,2024-01-28
2024-01-28 01:00:00,"475,52077814247195","434,309998",1,4,2024-01-28
2024-01-28 02:00:00,"462,38266889241953","430,290009",1,4,2024-01-28
2024-01-28 03:00:00,"457,3832642415899","431,399994",1,4,2024-01-28
2024-01-28 04:00:00,"457,32754360732025","429,609985",1,4,2024-01-28
2024-01-28 05:00:00,"460,9993871762588","430,290009",1,4,2024-01-28
2024-01-28 06:00:00,"481,0435486651351","439,679993",1,4,2024-01-28
2024-01-28 07:00:00,"506,00292017690526","441,320007",1,4,2024-01-28
2024-01-28 08:00:00,"542,0397859686591","410,609985",1,4,2024-01-28
2024-01-28 09:00:00,"529,8596745504894","381,380005",1,4,2024-01-28
2024-01-28 10:00:00,"535,2204157918706","341,049988",1,4,2024-01-28
2024-01-28 11:00:00,"512,9166296310593","309,970001",1,4,2024-01-28
2024-01-28 12:00:00,"488,331570731822","298,859985",1,4,2024-01-28
2024-01-28 13:00:00,"514,9348499420485","377,579987",1,4,2024-01-28
2024-01-28 14:00:00,"541,5503022402828","420,519989",1,4,2024-01-28
2024-01-28 15:00:00,"570,834589031323","431,850006",1,4,2024-01-28
2024-01-28 16:00:00,"619,0972930434655","431,329987",1,4,2024-01-28
2024-01-28 17:00:00,"648,9045256712382","427,380005",1,4,2024-01-28
2024-01-28 18:00:00,"621,2024725471565","422,01001",1,4,2024-01-28
2024-01-28 19:00:00,"574,3737140620888","405,089996",1,4,2024-01-28
2024-01-28 20:00:00,"551,576923480758","400,98999",1,4,2024-01-28
2024-01-28 21:00:00,"534,9614434173565","400,390015",1,4,2024-01-28
2024-01-28 22:00:00,"477,4232375265954","392,790009",1,4,2024-01-28
2024-01-28 23:00:00,"472,71139334017533","363,339996",1,4,2024-01-28
2024-04-01 00:00:00,"388,6179648605899","343,549988",2,1,2024-04-01
2024-04-01 01:00:00,"387,3239325343773","325,049988",2,1,2024-04-01
2024-04-01 02:00:00,"392,1109681880347","368,459991",2,1,2024-04-01
2024-04-01 03:00:00,"434,66437053058115","390,459991",2,1,2024-04-01
2024-04-01 04:00:00,"486,51614650097235","437,899994",2,1,2024-04-01
2024-04-01 05:00:00,"609,1313612507869","481,01001",2,1,2024-04-01
2024-04-01 06:00:00,"677,6624613403071","437,899994",2,1,2024-04-01
2024-04-01 07:00:00,"668,5200421472231","454,160004",2,1,2024-04-01
2024-04-01 08:00:00,"589,3230633972686","405,450012",2,1,2024-04-01
2024-04-01 09:00:00,"528,8665713166769","334,0",2,1,2024-04-01
2024-04-01 10:00:00,"479,41732852616354","363,609985",2,1,2024-04-01
2024-04-01 11:00:00,"464,90009303064153","262,470001",2,1,2024-04-01
2024-04-01 12:00:00,"483,8668512043334","253,740005",2,1,2024-04-01
2024-04-01 13:00:00,"487,10171510291354","325,799988",2,1,2024-04-01
2024-04-01 14:00:00,"536,8700159206203","331,170013",2,1,2024-04-01
2024-04-01 15:00:00,"579,7571760832661","304,089996",2,1,2024-04-01
2024-04-01 16:00:00,"704,6419489520184","364,429993",2,1,2024-04-01
2024-04-01 17:00:00,"974,6934540311659","373,529999",2,1,2024-04-01
2024-04-01 18:00:00,"939,6900837224593","381,290009",2,1,2024-04-01
2024-04-01 19:00:00,"733,238111773679","365,399994",2,1,2024-04-01
2024-04-01 20:00:00,"591,33340000575","305,809998",2,1,2024-04-01
2024-04-01 21:00:00,"564,5217338109142","221,0",2,1,2024-04-01
2024-04-01 22:00:00,"535,1711842128949","323,410004",2,1,2024-04-01
2024-04-01 23:00:00,"546,1153015171988","270,970001",2,1,2024-04-01
2024-04-02 00:00:00,"523,3187500433681","122,769997",2,1,2024-04-02
2024-04-02 01:00:00,"513,5664813565594","56,240002",2,1,2024-04-02
2024-04-02 02:00:00,"507,4178171245979","14,47",2,1,2024-04-02
2024-04-02 03:00:00,"512,042067225837","54,220001",2,1,2024-04-02
2024-04-02 04:00:00,"527,2587012989628","426,790009",2,1,2024-04-02
2024-04-02 05:00:00,"620,6152759130476","554,630005",2,1,2024-04-02
2024-04-02 06:00:00,"712,3331809527068","514,130005",2,1,2024-04-02
2024-04-02 07:00:00,"664,5913455796433","350,410004",2,1,2024-04-02
2024-04-02 08:00:00,"561,0310970440905","285,589996",2,1,2024-04-02
2024-04-02 09:00:00,"494,31783350435154","293,130005",2,1,2024-04-02
2024-04-02 10:00:00,"452,8532327116867","298,869995",2,1,2024-04-02
2024-04-02 11:00:00,"372,18556465093076","325,420013",2,1,2024-04-02
2024-04-02 12:00:00,"416,84758900441045","248,970001",2,1,2024-04-02
2024-04-02 13:00:00,"438,9839851650312","187,210007",2,1,2024-04-02
2024-04-02 14:00:00,"508,97338047707217","65,860001",2,1,2024-04-02
2024-04-02 15:00:00,"592,9529894183521","309,23999",2,1,2024-04-02
2024-04-02 16:00:00,"698,2362414545869","542,25",2,1,2024-04-02
2024-04-02 17:00:00,"851,4505363501654","711,48999",2,1,2024-04-02
2024-04-02 18:00:00,"880,0753303865142","707,679993",2,1,2024-04-02
2024-04-02 19:00:00,"712,0185050328033","582,75",2,1,2024-04-02
2024-04-02 20:00:00,"598,300784927731","558,359985",2,1,2024-04-02
2024-04-02 21:00:00,"541,4121369194975","528,669983",2,1,2024-04-02
2024-04-02 22:00:00,"527,9643861745319","552,840027",2,1,2024-04-02
2024-04-02 23:00:00,"491,7020335704048","535,090027",2,1,2024-04-02
2024-04-03 00:00:00,"472,25149316501495","522,419983",2,1,2024-04-03
2024-04-03 01:00:00,"468,37248740158117","482,220001",2,1,2024-04-03
2024-04-03 02:00:00,"477,89041127904216","483,929993",2,1,2024-04-03
2024-04-03 03:00:00,"486,3164480408541","512,570007",2,1,2024-04-03
2024-04-03 04:00:00,"540,9871194898877","707,820007",2,1,2024-04-03
2024-04-03 05:00:00,"643,5784585589621","879,48999",2,1,2024-04-03
2024-04-03 06:00:00,"682,3101604594359","879,48999",2,1,2024-04-03
2024-04-03 07:00:00,"653,4495938295692","753,080017",2,1,2024-04-03
2024-04-03 08:00:00,"526,0763498194251","800,590027",2,1,2024-04-03
2024-04-03 09:00:00,"483,86860148576784","677,23999",2,1,2024-04-03
2024-04-03 10:00:00,"463,5814562925312","611,76001",2,1,2024-04-03
2024-04-03 11:00:00,"455,56117481523665","573,349976",2,1,2024-04-03
2024-04-03 12:00:00,"459,2891328545007","544,710022",2,1,2024-04-03
2024-04-03 13:00:00,"474,46320284701784","438,290009",2,1,2024-04-03
2024-04-03 14:00:00,"515,2578561398924","454,700012",2,1,2024-04-03
2024-04-03 15:00:00,"563,428447948673","524,359985",2,1,2024-04-03
2024-04-03 16:00:00,"668,7793413151612","633,909973",2,1,2024-04-03
2024-04-03 17:00:00,"849,368920687256","794,919983",2,1,2024-04-03
2024-04-03 18:00:00,"838,7480658118078","739,359985",2,1,2024-04-03
2024-04-03 19:00:00,"654,9397389172074","557,169983",2,1,2024-04-03
2024-04-03 20:00:00,"600,4535616692177","458,579987",2,1,2024-04-03
2024-04-03 21:00:00,"571,0513648146549","412,640015",2,1,2024-04-03
2024-04-03 22:00:00,"525,5029782828403","406,619995",2,1,2024-04-03
2024-04-03 23:00:00,"539,7290858964407","387,899994",2,1,2024-04-03
2024-04-04 00:00:00,"505,2215030415141","374,179993",2,1,2024-04-04
2024-04-04 01:00:00,"483,400959344656","384,619995",2,1,2024-04-04
2024-04-04 02:00:00,"462,12930278342196","387,380005",2,1,2024-04-04
2024-04-04 03:00:00,"485,94928993850067","403,339996",2,1,2024-04-04
2024-04-04 04:00:00,"510,5789863852849","454,200012",2,1,2024-04-04
2024-04-04 05:00:00,"591,2295724442513","488,290009",2,1,2024-04-04
2024-04-04 06:00:00,"623,8060122613252","561,830017",2,1,2024-04-04
2024-04-04 07:00:00,"605,4002884733943","535,419983",2,1,2024-04-04
2024-04-04 08:00:00,"517,2941706481193","515,880005",2,1,2024-04-04
2024-04-04 09:00:00,"438,67669407932914","470,309998",2,1,2024-04-04
2024-04-04 10:00:00,"391,90295236467","433,170013",2,1,2024-04-04
2024-04-04 11:00:00,"328,75053243037445","419,299988",2,1,2024-04-04
2024-04-04 12:00:00,"290,54050908509885","413,850006",2,1,2024-04-04
2024-04-04 13:00:00,"310,9436575599054","418,929993",2,1,2024-04-04
2024-04-04 14:00:00,"347,30279333144836","425,709991",2,1,2024-04-04
2024-04-04 15:00:00,"432,15843779285206","515,210022",2,1,2024-04-04
2024-04-04 16:00:00,"541,9498711194385","562,049988",2,1,2024-04-04
2024-04-04 17:00:00,"643,7066273958776","674,820007",2,1,2024-04-04
2024-04-04 18:00:00,"626,245774177589","520,580017",2,1,2024-04-04
2024-04-04 19:00:00,"561,2763773818671","460,390015",2,1,2024-04-04
2024-04-04 20:00:00,"473,9494559997716","439,440002",2,1,2024-04-04
2024-04-04 21:00:00,"407,366783961411","430,109985",2,1,2024-04-04
2024-04-04 22:00:00,"367,5788752778937","394,190002",2,1,2024-04-04
2024-04-04 23:00:00,"298,44890155384036","381,890015",2,1,2024-04-04
2024-04-05 00:00:00,"286,88363745684114","372,559998",2,1,2024-04-05
2024-04-05 01:00:00,"234,6698614683549","357,350006",2,1,2024-04-05
2024-04-05 02:00:00,"234,2622661766657","353,320007",2,1,2024-04-05
2024-04-05 03:00:00,"227,7584693822596","352,720001",2,1,2024-04-05
2024-04-05 04:00:00,"253,39903031234329","448,720001",2,1,2024-04-05
2024-04-05 05:00:00,"293,3846304691911","572,75",2,1,2024-04-05
2024-04-05 06:00:00,"359,0316125809924","596,700012",2,1,2024-04-05
2024-04-05 07:00:00,"376,27037366197266","504,130005",2,1,2024-04-05
2024-04-05 08:00:00,"300,00415322434344","376,660004",2,1,2024-04-05
2024-04-05 09:00:00,"295,61189575464215","339,670013",2,1,2024-04-05
2024-04-05 10:00:00,"274,277937737146","331,390015",2,1,2024-04-05
2024-04-05 11:00:00,"257,53928367965045","298,570007",2,1,2024-04-05
2024-04-05 12:00:00,"259,53679518489986","276,48999",2,1,2024-04-05
2024-04-05 13:00:00,"294,3148229666976","176,699997",2,1,2024-04-05
2024-04-05 14:00:00,"334,0716128654525","60,34",2,1,2024-04-05
2024-04-05 15:00:00,"406,40042175929045","279,399994",2,1,2024-04-05
2024-04-05 16:00:00,"452,054363399923","370,320007",2,1,2024-04-05
2024-04-05 17:00:00,"490,481618165405","398,299988",2,1,2024-04-05
2024-04-05 18:00:00,"503,79110185257485","402,170013",2,1,2024-04-05
2024-04-05 19:00:00,"500,4651794258333","398,299988",2,1,2024-04-05
2024-04-05 20:00:00,"479,9448084057973","393,299988",2,1,2024-04-05
2024-04-05 21:00:00,"498,4100105707587","370,100006",2,1,2024-04-05
2024-04-05 22:00:00,"485,46458007104997","315,579987",2,1,2024-04-05
2024-04-05 23:00:00,"464,56902455627704","326,549988",2,1,2024-04-05
2024-04-06 00:00:00,"421,13355180204525","328,190002",2,1,2024-04-06
2024-04-06 01:00:00,"394,5186723669507","334,679993",2,1,2024-04-06
2024-04-06 02:00:00,"379,2853161971972","354,369995",2,1,2024-04-06
2024-04-06 03:00:00,"370,4677748955237","359,890015",2,1,2024-04-06
2024-04-06 04:00:00,"380,0374280998491","372,5",2,1,2024-04-06
2024-04-06 05:00:00,"382,1875418669613","382,339996",2,1,2024-04-06
2024-04-06 06:00:00,"368,0657121175064","374,660004",2,1,2024-04-06
2024-04-06 07:00:00,"323,34472879610746","359,890015",2,1,2024-04-06
2024-04-06 08:00:00,"263,1543419669229","219,440002",2,1,2024-04-06
2024-04-06 09:00:00,"199,91229104880136","34,310001",2,1,2024-04-06
2024-04-06 10:00:00,"170,7850620392808","123,07",2,1,2024-04-06
2024-04-06 11:00:00,"138,24823215512416","14,92",2,1,2024-04-06
2024-04-06 12:00:00,"66,06192170196128","0,3",2,1,2024-04-06
2024-04-06 13:00:00,"60,015047475100275","0,45",2,1,2024-04-06
2024-04-06 14:00:00,"183,03861070213432","0,75",2,1,2024-04-06
2024-04-06 15:00:00,"264,3055950566033","117,919998",2,1,2024-04-06
2024-04-06 16:00:00,"422,5826871863407","393,079987",2,1,2024-04-06
2024-04-06 17:00:00,"491,8284745811417","380,100006",2,1,2024-04-06
2024-04-06 18:00:00,"499,38929652516697","349,670013",2,1,2024-04-06
2024-04-06 19:00:00,"470,45542142670854","326,029999",2,1,2024-04-06
2024-04-06 20:00:00,"441,02904658560755","295,73999",2,1,2024-04-06
2024-04-06 21:00:00,"425,25741297018925","188,410004",2,1,2024-04-06
2024-04-06 22:00:00,"383,67582967605307","81,82",2,1,2024-04-06
2024-04-06 23:00:00,"407,1785698917335","0,67",2,1,2024-04-06
2024-04-07 00:00:00,"345,9140988885529","0,0",2,1,2024-04-07
2024-04-07 01:00:00,"325,61148125307597","0,0",2,1,2024-04-07
2024-04-07 02:00:00,"338,268554400231","0,0",2,1,2024-04-07
2024-04-07 03:00:00,"334,4144300389758","0,0",2,1,2024-04-07
2024-04-07 04:00:00,"359,174332059212","0,0",2,1,2024-04-07
2024-04-07 05:00:00,"357,6839587885694","0,0",2,1,2024-04-07
2024-04-07 06:00:00,"330,4214651462521","0,0",2,1,2024-04-07
2024-04-07 07:00:00,"279,8075239951557","-0,07",2,1,2024-04-07
2024-04-07 08:00:00,"274,5312262495576","-1,19",2,1,2024-04-07
2024-04-07 09:00:00,"230,18965451269756","-22,450001",2,1,2024-04-07
2024-04-07 10:00:00,"190,62446639875998","-30,58",2,1,2024-04-07
2024-04-07 11:00:00,"132,9272928653379","-48,849998",2,1,2024-04-07
2024-04-07 12:00:00,"184,3223368124747","-74,589996",2,1,2024-04-07
2024-04-07 13:00:00,"191,0671788055378","-37,59",2,1,2024-04-07
2024-04-07 14:00:00,"288,6378055531689","-1,19",2,1,2024-04-07
2024-04-07 15:00:00,"389,1431978443586","31,92",2,1,2024-04-07
2024-04-07 16:00:00,"493,37189826269946","288,799988",2,1,2024-04-07
2024-04-07 17:00:00,"648,9355222711882","343,98999",2,1,2024-04-07
2024-04-07 18:00:00,"588,9182414364085","356,450012",2,1,2024-04-07
2024-04-07 19:00:00,"504,69330284392163","359,579987",2,1,2024-04-07
2024-04-07 20:00:00,"497,9347963264361","340,779999",2,1,2024-04-07
2024-04-07 21:00:00,"469,11038572217575","318,859985",2,1,2024-04-07
2024-04-07 22:00:00,"438,6645125214991","308,339996",2,1,2024-04-07
2024-04-07 23:00:00,"419,5650098302539","295,140015",2,1,2024-04-07
2024-04-08 00:00:00,"368,50017645050127","292,079987",2,2,2024-04-08
2024-04-08 01:00:00,"388,9678267441147","312,290009",2,2,2024-04-08
2024-04-08 02:00:00,"400,62002154439864","328,480011",2,2,2024-04-08
2024-04-08 03:00:00,"421,9737463931192","334,589996",2,2,2024-04-08
2024-04-08 04:00:00,"490,7560718296115","376,730011",2,2,2024-04-08
2024-04-08 05:00:00,"557,0966528802225","396,5",2,2,2024-04-08
2024-04-08 06:00:00,"638,6342669922261","432,600006",2,2,2024-04-08
2024-04-08 07:00:00,"597,1982632851978","603,25",2,2,2024-04-08
2024-04-08 08:00:00,"508,40216355708714","402,910004",2,2,2024-04-08
2024-04-08 09:00:00,"443,2064737651091","399,480011",2,2,2024-04-08
2024-04-08 10:00:00,"362,3178000817389","397,100006",2,2,2024-04-08
2024-04-08 11:00:00,"331,3329067995708","421,859985",2,2,2024-04-08
2024-04-08 12:00:00,"348,27576031943363","431,779999",2,2,2024-04-08
2024-04-08 13:00:00,"347,9470716992665","395,679993",2,2,2024-04-08
2024-04-08 14:00:00,"369,89590288501194","522,099976",2,2,2024-04-08
2024-04-08 15:00:00,"418,6494583435048","559,469971",2,2,2024-04-08
2024-04-08 16:00:00,"588,4430832144494","782,409973",2,2,2024-04-08
2024-04-08 17:00:00,"888,7042209024906","1024,069946",2,2,2024-04-08
2024-04-08 18:00:00,"775,0521804767676","930,830017",2,2,2024-04-08
2024-04-08 19:00:00,"594,432610345816","632,859985",2,2,2024-04-08
2024-04-08 20:00:00,"449,718851865797","574,309998",2,2,2024-04-08
2024-04-08 21:00:00,"409,51561197157406","523,52002",2,2,2024-04-08
2024-04-08 22:00:00,"384,64823448845914","583,330017",2,2,2024-04-08
2024-04-08 23:00:00,"384,11829830385375","517,549988",2,2,2024-04-08
2024-04-09 00:00:00,"351,38824058525876","482,790009",2,2,2024-04-09
2024-04-09 01:00:00,"341,79286568906707","440,200012",2,2,2024-04-09
2024-04-09 02:00:00,"337,3325552136425","453,779999",2,2,2024-04-09
2024-04-09 03:00:00,"357,538690235834","488,390015",2,2,2024-04-09
2024-04-09 04:00:00,"448,154168483824","575,799988",2,2,2024-04-09
2024-04-09 05:00:00,"559,4349101052389","670,900024",2,2,2024-04-09
2024-04-09 06:00:00,"627,1389799596566","595,039978",2,2,2024-04-09
2024-04-09 07:00:00,"534,0037518572865","509,420013",2,2,2024-04-09
2024-04-09 08:00:00,"359,42160627142056","384,559998",2,2,2024-04-09
2024-04-09 09:00:00,"316,6192100964849","328,029999",2,2,2024-04-09
2024-04-09 10:00:00,"267,8239070067098","268,880005",2,2,2024-04-09
2024-04-09 11:00:00,"268,22851183432147","75,260002",2,2,2024-04-09
2024-04-09 12:00:00,"266,59780875417044","78,309998",2,2,2024-04-09
2024-04-09 13:00:00,"284,2578335465413","216,600006",2,2,2024-04-09
2024-04-09 14:00:00,"343,88156193581165","285,440002",2,2,2024-04-09
2024-04-09 15:00:00,"438,1442395693171","372,179993",2,2,2024-04-09
2024-04-09 16:00:00,"566,5246586145356","390,899994",2,2,2024-04-09
2024-04-09 17:00:00,"658,0279889460834","375,089996",2,2,2024-04-09
2024-04-09 18:00:00,"631,5344738052398","378,970001",2,2,2024-04-09
2024-04-09 19:00:00,"540,2917341791057","359,649994",2,2,2024-04-09
2024-04-09 20:00:00,"526,0548471739595","335,640015",2,2,2024-04-09
2024-04-09 21:00:00,"514,3300226106568","257,619995",2,2,2024-04-09
2024-04-09 22:00:00,"495,5465776209195","96,220001",2,2,2024-04-09
2024-04-09 23:00:00,"500,33119216960694","38,040001",2,2,2024-04-09
2024-04-10 00:00:00,"487,3260383963835","37,290001",2,2,2024-04-10
2024-04-10 01:00:00,"505,46060986841536","67,050003",2,2,2024-04-10
2024-04-10 02:00:00,"511,9330148826686","184,229996",2,2,2024-04-10
2024-04-10 03:00:00,"526,0329329094507","261,059998",2,2,2024-04-10
2024-04-10 04:00:00,"603,9808940112063","261,130005",2,2,2024-04-10
2024-04-10 05:00:00,"691,2121559723042","302,299988",2,2,2024-04-10
2024-04-10 06:00:00,"748,5693794876952","311,700012",2,2,2024-04-10
2024-04-10 07:00:00,"667,8287382819234","309,390015",2,2,2024-04-10
2024-04-10 08:00:00,"601,7775383313896","309,390015",2,2,2024-04-10
2024-04-10 09:00:00,"541,6979412770557","239,130005",2,2,2024-04-10
2024-04-10 10:00:00,"504,70397675921447","143,279999",2,2,2024-04-10
2024-04-10 11:00:00,"481,6998568699334","66,610001",2,2,2024-04-10
2024-04-10 12:00:00,"479,2303432842236","0,45",2,2,2024-04-10
2024-04-10 13:00:00,"494,8915020966259","2,09",2,2,2024-04-10
2024-04-10 14:00:00,"535,7344338535061","39,529999",2,2,2024-04-10
2024-04-10 15:00:00,"590,8407226889838","122,169998",2,2,2024-04-10
2024-04-10 16:00:00,"684,700289913196","616,469971",2,2,2024-04-10
2024-04-10 17:00:00,"898,5494535994436","1084,949951",2,2,2024-04-10
2024-04-10 18:00:00,"898,0718843245508","1052,430054",2,2,2024-04-10
2024-04-10 19:00:00,"711,9755707661573","722,380005",2,2,2024-04-10
2024-04-10 20:00:00,"639,3060043835923","392,029999",2,2,2024-04-10
2024-04-10 21:00:00,"599,0070578220053","352,200012",2,2,2024-04-10
2024-04-10 22:00:00,"514,0523226498906","303,440002",2,2,2024-04-10
2024-04-10 23:00:00,"500,4118256994934","198,940002",2,2,2024-04-10
2024-04-11 00:00:00,"477,48135648581945","165,589996",2,2,2024-04-11
2024-04-11 01:00:00,"442,8286244005035","74,519997",2,2,2024-04-11
2024-04-11 02:00:00,"440,68937488727556","59,52",2,2,2024-04-11
2024-04-11 03:00:00,"439,66187759073966","149,179993",2,2,2024-04-11
2024-04-11 04:00:00,"504,8037419614926","192,070007",2,2,2024-04-11
2024-04-11 05:00:00,"584,5779531233549","297,399994",2,2,2024-04-11
2024-04-11 06:00:00,"608,9332559441025","309,929993",2,2,2024-04-11
2024-04-11 07:00:00,"615,2753898820669","223,770004",2,2,2024-04-11
2024-04-11 08:00:00,"528,4862687192187","74,959999",2,2,2024-04-11
2024-04-11 09:00:00,"462,68306630335184","6,41",2,2,2024-04-11
2024-04-11 10:00:00,"398,194580802115","6,79",2,2,2024-04-11
2024-04-11 11:00:00,"345,8499312149639","8,21",2,2,2024-04-11
2024-04-11 12:00:00,"312,0459089971415","4,25",2,2,2024-04-11
2024-04-11 13:00:00,"336,9703066343793","96,07",2,2,2024-04-11
2024-04-11 14:00:00,"351,9408618785143","64,75",2,2,2024-04-11
2024-04-11 15:00:00,"431,01171541433956","347,070007",2,2,2024-04-11
2024-04-11 16:00:00,"562,0907828262036","711,75",2,2,2024-04-11
2024-04-11 17:00:00,"690,5706857715599","1002,210022",2,2,2024-04-11
2024-04-11 18:00:00,"680,4912944696888","893,609985",2,2,2024-04-11
2024-04-11 19:00:00,"552,5676755414873","679,159973",2,2,2024-04-11
2024-04-11 20:00:00,"496,84104189190367","541,159973",2,2,2024-04-11
2024-04-11 21:00:00,"420,41491989829","451,059998",2,2,2024-04-11
2024-04-11 22:00:00,"390,4900189902819","339,720001",2,2,2024-04-11
2024-04-11 23:00:00,"330,18712537537874","325,029999",2,2,2024-04-11
2024-04-12 00:00:00,"317,66020501973975","331,73999",2,2,2024-04-12
2024-04-12 01:00:00,"289,5504361035712","304,51001",2,2,2024-04-12
2024-04-12 02:00:00,"265,7893699828721","298,399994",2,2,2024-04-12
2024-04-12 03:00:00,"277,97370572380225","298,399994",2,2,2024-04-12
2024-04-12 04:00:00,"303,573789563933","308,019989",2,2,2024-04-12
2024-04-12 05:00:00,"382,44345423996856","362,619995",2,2,2024-04-12
2024-04-12 06:00:00,"399,1420266918214","516,75",2,2,2024-04-12
2024-04-12 07:00:00,"382,15694932199835","489,290009",2,2,2024-04-12
2024-04-12 08:00:00,"306,589618563066","319,730011",2,2,2024-04-12
2024-04-12 09:00:00,"239,68813005716663","140,690002",2,2,2024-04-12
2024-04-12 10:00:00,"206,10794174797397","0,0",2,2,2024-04-12
2024-04-12 11:00:00,"167,71480170133276","-0,52",2,2,2024-04-12
2024-04-12 12:00:00,"157,7371293674761","0,07",2,2,2024-04-12
2024-04-12 13:00:00,"175,96342764684337","1,34",2,2,2024-04-12
2024-04-12 14:00:00,"219,00112841492293","1,64",2,2,2024-04-12
2024-04-12 15:00:00,"376,55196350476217","375,600006",2,2,2024-04-12
2024-04-12 16:00:00,"471,54672683395466","445,279999",2,2,2024-04-12
2024-04-12 17:00:00,"520,4113865594363","370,160004",2,2,2024-04-12
2024-04-12 18:00:00,"481,6749496044725","369,48999",2,2,2024-04-12
2024-04-12 19:00:00,"480,3844668055189","351,429993",2,2,2024-04-12
2024-04-12 20:00:00,"450,64078030668355","342,329987",2,2,2024-04-12
2024-04-12 21:00:00,"478,41041577808386","329,200012",2,2,2024-04-12
2024-04-12 22:00:00,"454,3265624834825","246,039993",2,2,2024-04-12
2024-04-12 23:00:00,"469,5805223384349","193,369995",2,2,2024-04-12
2024-04-13 00:00:00,"426,76087309978465","144,429993",2,2,2024-04-13
2024-04-13 01:00:00,"416,1675236844403","130,779999",2,2,2024-04-13
2024-04-13 02:00:00,"412,36590951756017","130,259995",2,2,2024-04-13
2024-04-13 03:00:00,"404,3261178259998","173,899994",2,2,2024-04-13
2024-04-13 04:00:00,"414,5086795557592","207,619995",2,2,2024-04-13
2024-04-13 05:00:00,"413,67270578665443","251,630005",2,2,2024-04-13
2024-04-13 06:00:00,"392,41215493853053","168,600006",2,2,2024-04-13
2024-04-13 07:00:00,"332,75919405391465","65,650002",2,2,2024-04-13
2024-04-13 08:00:00,"255,41463466665533","-0,15",2,2,2024-04-13
2024-04-13 09:00:00,"183,39739307534478","-30,139999",2,2,2024-04-13
2024-04-13 10:00:00,"70,56896993816477","-59,830002",2,2,2024-04-13
2024-04-13 11:00:00,"62,638836799522615","-150,699997",2,2,2024-04-13
2024-04-13 12:00:00,"47,19869799018498","-218,729996",2,2,2024-04-13
2024-04-13 13:00:00,"24,641925717109395","-235,740005",2,2,2024-04-13
2024-04-13 14:00:00,"94,13194982897319","-142,710007",2,2,2024-04-13
2024-04-13 15:00:00,"222,84848810028979","-1,19",2,2,2024-04-13
2024-04-13 16:00:00,"433,43744698300804","248,949997",2,2,2024-04-13
2024-04-13 17:00:00,"510,6243270834824","373,76001",2,2,2024-04-13
2024-04-13 18:00:00,"517,8298187320855","298,630005",2,2,2024-04-13
2024-04-13 19:00:00,"427,9324439898111","258,5",2,2,2024-04-13
2024-04-13 20:00:00,"387,8918387436088","153,679993",2,2,2024-04-13
2024-04-13 21:00:00,"318,93213360804873","52,59",2,2,2024-04-13
2024-04-13 22:00:00,"252,85879338264573","3,21",2,2,2024-04-13
2024-04-13 23:00:00,"249,44593833121687","6,19",2,2,2024-04-13
2024-04-14 00:00:00,"194,16417773934398","6,94",2,2,2024-04-14
2024-04-14 01:00:00,"191,4548696728342","8,43",2,2,2024-04-14
2024-04-14 02:00:00,"196,33650087636158","17,459999",2,2,2024-04-14
2024-04-14 03:00:00,"194,87810681705022","44,389999",2,2,2024-04-14
2024-04-14 04:00:00,"219,1088272494591","95,949997",2,2,2024-04-14
2024-04-14 05:00:00,"213,97146655298974","96,989998",2,2,2024-04-14
2024-04-14 06:00:00,"179,60281878753636","55,279999",2,2,2024-04-14
2024-04-14 07:00:00,"135,74373134468618","0,0",2,2,2024-04-14
2024-04-14 08:00:00,"121,4062981008523","-17,68",2,2,2024-04-14
2024-04-14 09:00:00,"122,72137951450924","-90,800003",2,2,2024-04-14
2024-04-14 10:00:00,"90,9413386619223","-315,070007",2,2,2024-04-14
2024-04-14 11:00:00,"66,07051221268237","-448,019989",2,2,2024-04-14
2024-04-14 12:00:00,"27,072752428907112","-447,720001",2,2,2024-04-14
2024-04-14 13:00:00,"46,65679445010748","-298,809998",2,2,2024-04-14
2024-04-14 14:00:00,"119,20303060824217","-46,630001",2,2,2024-04-14
2024-04-14 15:00:00,"264,77311857362304","11,71",2,2,2024-04-14
2024-04-14 16:00:00,"480,6623169083495","407,51001",2,2,2024-04-14
2024-04-14 17:00:00,"619,464190850789","655,059998",2,2,2024-04-14
2024-04-14 18:00:00,"588,2969300779916","894,619995",2,2,2024-04-14
2024-04-14 19:00:00,"530,6736221154764","840,159973",2,2,2024-04-14
2024-04-14 20:00:00,"510,97425546479604","724,890015",2,2,2024-04-14
2024-04-14 21:00:00,"476,2825395915532","594,549988",2,2,2024-04-14
2024-04-14 22:00:00,"443,71793400630514","410,640015",2,2,2024-04-14
2024-04-14 23:00:00,"444,06394914572","437,730011",2,2,2024-04-14
2024-04-15 00:00:00,"420,29517664271026","526,359985",2,3,2024-04-15
2024-04-15 01:00:00,"419,813188415374","491,220001",2,3,2024-04-15
2024-04-15 02:00:00,"434,1010676171301","561,280029",2,3,2024-04-15
2024-04-15 03:00:00,"468,49453035423755","647,150024",2,3,2024-04-15
2024-04-15 04:00:00,"551,541474303616","863,440002",2,3,2024-04-15
2024-04-15 05:00:00,"653,6281819526138","1261,98999",2,3,2024-04-15
2024-04-15 06:00:00,"684,8729550737612","1143,290039",2,3,2024-04-15
2024-04-15 07:00:00,"564,3486659840742","683,109985",2,3,2024-04-15
2024-04-15 08:00:00,"496,75638663835696","568,809998",2,3,2024-04-15
2024-04-15 09:00:00,"433,86581337068753","425,269989",2,3,2024-04-15
2024-04-15 10:00:00,"357,317843953345","329,390015",2,3,2024-04-15
2024-04-15 11:00:00,"316,05105407429824","236,809998",2,3,2024-04-15
2024-04-15 12:00:00,"318,22798595276265","96,690002",2,3,2024-04-15
2024-04-15 13:00:00,"322,3476139739283","58,189999",2,3,2024-04-15
2024-04-15 14:00:00,"357,6323009736512","59,610001",2,3,2024-04-15
2024-04-15 15:00:00,"404,14837442082336","345,440002",2,3,2024-04-15
2024-04-15 16:00:00,"581,1813249508871","516,289978",2,3,2024-04-15
2024-04-15 17:00:00,"844,0729161733143","588,809998",2,3,2024-04-15
2024-04-15 18:00:00,"763,7914517773064","574,630005",2,3,2024-04-15
2024-04-15 19:00:00,"574,2104106571445","494,730011",2,3,2024-04-15
2024-04-15 20:00:00,"445,81337975812016","401,170013",2,3,2024-04-15
2024-04-15 21:00:00,"395,9949953577089","254,940002",2,3,2024-04-15
2024-04-15 22:00:00,"388,61338558764936","15,07",2,3,2024-04-15
2024-04-15 23:00:00,"374,18151212243214","0,3",2,3,2024-04-15
2024-04-16 00:00:00,"327,1832856882827","1,04",2,3,2024-04-16
2024-04-16 01:00:00,"306,33038520293206","5,45",2,3,2024-04-16
2024-04-16 02:00:00,"306,5880171392675","130,330002",2,3,2024-04-16
2024-04-16 03:00:00,"352,12855259879035","270,209991",2,3,2024-04-16
2024-04-16 04:00:00,"492,6962376559824","384,880005",2,3,2024-04-16
2024-04-16 05:00:00,"593,7212495109882","554,0",2,3,2024-04-16
2024-04-16 06:00:00,"559,7153289100441","554,0",2,3,2024-04-16
2024-04-16 07:00:00,"467,9797245946056","483,5",2,3,2024-04-16
2024-04-16 08:00:00,"279,093529418126","380,700012",2,3,2024-04-16
2024-04-16 09:00:00,"265,418695472698","318,109985",2,3,2024-04-16
2024-04-16 10:00:00,"215,21509891359938","298,410004",2,3,2024-04-16
2024-04-16 11:00:00,"104,7767834731593","300,049988",2,3,2024-04-16
2024-04-16 12:00:00,"126,2841700149963","313,929993",2,3,2024-04-16
2024-04-16 13:00:00,"187,78894617487364","362,049988",2,3,2024-04-16
2024-04-16 14:00:00,"256,1378360175707","385,470001",2,3,2024-04-16
2024-04-16 15:00:00,"383,51248094388745","594,359985",2,3,2024-04-16
2024-04-16 16:00:00,"493,5907175428186","693,210022",2,3,2024-04-16
2024-04-16 17:00:00,"607,1489925250166","850,400024",2,3,2024-04-16
2024-04-16 18:00:00,"600,8092430821266","928,960022",2,3,2024-04-16
2024-04-16 19:00:00,"530,2967672820577","779,309998",2,3,2024-04-16
2024-04-16 20:00:00,"487,6485391485988","672,169983",2,3,2024-04-16
2024-04-16 21:00:00,"433,70894759184944","627,409973",2,3,2024-04-16
2024-04-16 22:00:00,"378,60750399513694","625,48999",2,3,2024-04-16
2024-04-16 23:00:00,"327,1363462385719","625,48999",2,3,2024-04-16
2024-04-17 00:00:00,"308,2630666649371","606,919983",2,3,2024-04-17
2024-04-17 01:00:00,"317,561774622263","614,75",2,3,2024-04-17
2024-04-17 02:00:00,"333,60421522167877","618,929993",2,3,2024-04-17
2024-04-17 03:00:00,"372,78603055500867","624,669983",2,3,2024-04-17
2024-04-17 04:00:00,"434,7176831639593","816,109985",2,3,2024-04-17
2024-04-17 05:00:00,"483,3661354724429","1268,069946",2,3,2024-04-17
2024-04-17 06:00:00,"515,4227914769659","1157,650024",2,3,2024-04-17
2024-04-17 07:00:00,"503,2171103077754","780,52002",2,3,2024-04-17
2024-04-17 08:00:00,"504,36846326242085","625,940002",2,3,2024-04-17
2024-04-17 09:00:00,"469,27925769863447","596,099976",2,3,2024-04-17
2024-04-17 10:00:00,"431,6054177677553","619,080017",2,3,2024-04-17
2024-04-17 11:00:00,"395,10894259140224","602,960022",2,3,2024-04-17
2024-04-17 12:00:00,"349,81531604958576","579,76001",2,3,2024-04-17
2024-04-17 13:00:00,"346,2318595940994","574,690002",2,3,2024-04-17
2024-04-17 14:00:00,"400,2901551245509","596,840027",2,3,2024-04-17
2024-04-17 15:00:00,"446,80438971425184","648,320007",2,3,2024-04-17
2024-04-17 16:00:00,"516,7974035811058","857,73999",2,3,2024-04-17
2024-04-17 17:00:00,"690,2865474185979","1193,089966",2,3,2024-04-17
2024-04-17 18:00:00,"743,5604370493463","1267,550049",2,3,2024-04-17
2024-04-17 19:00:00,"677,813715275714","970,320007",2,3,2024-04-17
2024-04-17 20:00:00,"557,755221189867","738,890015",2,3,2024-04-17
2024-04-17 21:00:00,"554,9051950037359","655,109985",2,3,2024-04-17
2024-04-17 22:00:00,"482,8808609098012","685,150024",2,3,2024-04-17
2024-04-17 23:00:00,"486,32047630357437","652,23999",2,3,2024-04-17
2024-04-18 00:00:00,"464,459562564387","660,52002",2,3,2024-04-18
2024-04-18 01:00:00,"438,69889760542924","654,780029",2,3,2024-04-18
2024-04-18 02:00:00,"392,9263955106713","668,580017",2,3,2024-04-18
2024-04-18 03:00:00,"369,2885478519737","697,380005",2,3,2024-04-18
2024-04-18 04:00:00,"431,3988547677765","909,349976",2,3,2024-04-18
2024-04-18 05:00:00,"496,86649259425457","1162,430054",2,3,2024-04-18
2024-04-18 06:00:00,"520,2496588445417","978,809998",2,3,2024-04-18
2024-04-18 07:00:00,"458,67784900800547","754,460022",2,3,2024-04-18
2024-04-18 08:00:00,"364,92486461105403","673,059998",2,3,2024-04-18
2024-04-18 09:00:00,"275,7376930617847","625,76001",2,3,2024-04-18
2024-04-18 10:00:00,"254,87239713827842","601,659973",2,3,2024-04-18
2024-04-18 11:00:00,"193,5569817097791","575,98999",2,3,2024-04-18
2024-04-18 12:00:00,"164,02807702098087","544,72998",2,3,2024-04-18
2024-04-18 13:00:00,"212,18180504425732","527,48999",2,3,2024-04-18
2024-04-18 14:00:00,"275,5676083504854","528,840027",2,3,2024-04-18
2024-04-18 15:00:00,"402,71651583570934","606,799988",2,3,2024-04-18
2024-04-18 16:00:00,"440,9865946620608","701,559998",2,3,2024-04-18
2024-04-18 17:00:00,"514,9687479664301","934,419983",2,3,2024-04-18
2024-04-18 18:00:00,"494,16977392088734","961,200012",2,3,2024-04-18
2024-04-18 19:00:00,"496,5082152743695","790,27002",2,3,2024-04-18
2024-04-18 20:00:00,"488,6287569786136","670,669983",2,3,2024-04-18
2024-04-18 21:00:00,"421,02189803841947","592,179993",2,3,2024-04-18
2024-04-18 22:00:00,"386,5502084620951","576,090027",2,3,2024-04-18
2024-04-18 23:00:00,"334,39287224288216","453,869995",2,3,2024-04-18
2024-04-19 00:00:00,"315,0912118471494","377,019989",2,3,2024-04-19
2024-04-19 01:00:00,"281,7862193530712","369,109985",2,3,2024-04-19
2024-04-19 02:00:00,"281,3083338551734","357,920013",2,3,2024-04-19
2024-04-19 03:00:00,"255,3468942329319","366,200012",2,3,2024-04-19
2024-04-19 04:00:00,"315,5091475859246","448,570007",2,3,2024-04-19
2024-04-19 05:00:00,"374,03238166868175","515,130005",2,3,2024-04-19
2024-04-19 06:00:00,"439,534455813617","567,059998",2,3,2024-04-19
2024-04-19 07:00:00,"384,75142992769867","509,609985",2,3,2024-04-19
2024-04-19 08:00:00,"264,3863770061161","449,170013",2,3,2024-04-19
2024-04-19 09:00:00,"175,71136608695656","418,429993",2,3,2024-04-19
2024-04-19 10:00:00,"94,01528050689387","379,859985",2,3,2024-04-19
2024-04-19 11:00:00,"49,96998141841882","350,679993",2,3,2024-04-19
2024-04-19 12:00:00,"38,40963862063614","335,309998",2,3,2024-04-19
2024-04-19 13:00:00,"23,994004413457006","332,480011",2,3,2024-04-19
2024-04-19 14:00:00,"79,9574299984647","379,859985",2,3,2024-04-19
2024-04-19 15:00:00,"341,03612936552173","424,920013",2,3,2024-04-19
2024-04-19 16:00:00,"400,15074125038086","473,720001",2,3,2024-04-19
2024-04-19 17:00:00,"438,1482894301698","475,660004",2,3,2024-04-19
2024-04-19 18:00:00,"447,94189237558334","482,670013",2,3,2024-04-19
2024-04-19 19:00:00,"436,2668236958105","493,940002",2,3,2024-04-19
2024-04-19 20:00:00,"455,75907554523167","477,149994",2,3,2024-04-19
2024-04-19 21:00:00,"456,8084622592783","471,179993",2,3,2024-04-19
2024-04-19 22:00:00,"431,59524328385913","449,529999",2,3,2024-04-19
2024-04-19 23:00:00,"381,1637259601306","432,589996",2,3,2024-04-19
2024-04-20 00:00:00,"324,75068296328766","427,809998",2,3,2024-04-20
2024-04-20 01:00:00,"302,24263235015434","430,950012",2,3,2024-04-20
2024-04-20 02:00:00,"303,74274894190586","455,5",2,3,2024-04-20
2024-04-20 03:00:00,"320,9082843847502","468,850006",2,3,2024-04-20
2024-04-20 04:00:00,"324,2817145391262","476,98999",2,3,2024-04-20
2024-04-20 05:00:00,"334,006833004524","507,279999",2,3,2024-04-20
2024-04-20 06:00:00,"312,08589207313975","485,350006",2,3,2024-04-20
2024-04-20 07:00:00,"258,7914044347985","446,98999",2,3,2024-04-20
2024-04-20 08:00:00,"196,0326794525386","373,48999",2,3,2024-04-20
2024-04-20 09:00:00,"130,27587763272393","286,769989",2,3,2024-04-20
2024-04-20 10:00:00,"73,59400092795687","216,179993",2,3,2024-04-20
2024-04-20 11:00:00,"49,52821203633771","92,010002",2,3,2024-04-20
2024-04-20 12:00:00,"22,921091076249006","78,730003",2,3,2024-04-20
2024-04-20 13:00:00,"36,14157119308148","136,779999",2,3,2024-04-20
2024-04-20 14:00:00,"35,78379061332199","279,160004",2,3,2024-04-20
2024-04-20 15:00:00,"167,018534442922","468,850006",2,3,2024-04-20
2024-04-20 16:00:00,"417,46646946925233","588,77002",2,3,2024-04-20
2024-04-20 17:00:00,"476,05908754675806","668,690002",2,3,2024-04-20
2024-04-20 18:00:00,"490,68096673042976","724,140015",2,3,2024-04-20
2024-04-20 19:00:00,"385,6322554918906","673,919983",2,3,2024-04-20
2024-04-20 20:00:00,"307,9186602744557","642,280029",2,3,2024-04-20
2024-04-20 21:00:00,"235,00508989611166","618,619995",2,3,2024-04-20
2024-04-20 22:00:00,"142,98186060960182","610,679993",2,3,2024-04-20
2024-04-20 23:00:00,"160,09236568695238","526,669983",2,3,2024-04-20
2024-04-21 00:00:00,"141,5729528601484","518,76001",2,3,2024-04-21
2024-04-21 01:00:00,"145,01775237247784","480,48999",2,3,2024-04-21
2024-04-21 02:00:00,"138,5463987447442","476,609985",2,3,2024-04-21
2024-04-21 03:00:00,"145,5644505120727","474,670013",2,3,2024-04-21
2024-04-21 04:00:00,"174,25428482559226","480,709991",2,3,2024-04-21
2024-04-21 05:00:00,"190,73730292043643","451,609985",2,3,2024-04-21
2024-04-21 06:00:00,"175,28992257946845","454,220001",2,3,2024-04-21
2024-04-21 07:00:00,"111,76507855158636","413,190002",2,3,2024-04-21
2024-04-21 08:00:00,"112,48473486486455","246,139999",2,3,2024-04-21
2024-04-21 09:00:00,"43,61300222574893","275,76001",2,3,2024-04-21
2024-04-21 10:00:00,"-149,08365620640677","45,209999",2,3,2024-04-21
2024-04-21 11:00:00,"-324,07880195629946","2,09",2,3,2024-04-21
2024-04-21 12:00:00,"-315,03066667904204","-6,71",2,3,2024-04-21
2024-04-21 13:00:00,"-1784,6822577014252","5,6",2,3,2024-04-21
2024-04-21 14:00:00,"89,5901560994724","44,84",2,3,2024-04-21
2024-04-21 15:00:00,"202,89077473677057","434,380005",2,3,2024-04-21
2024-04-21 16:00:00,"393,85521521461317","556,590027",2,3,2024-04-21
2024-04-21 17:00:00,"503,0346104979246","666,710022",2,3,2024-04-21
2024-04-21 18:00:00,"507,4426404362553","710,72998",2,3,2024-04-21
2024-04-21 19:00:00,"476,91072929288504","679,469971",2,3,2024-04-21
2024-04-21 20:00:00,"455,8070324708521","667,080017",2,3,2024-04-21
2024-04-21 21:00:00,"433,0397973366576","660,0",2,3,2024-04-21
2024-04-21 22:00:00,"422,9385344665282","589,190002",2,3,2024-04-21
2024-04-21 23:00:00,"404,48132552320675","582,330017",2,3,2024-04-21
2024-04-22 00:00:00,"432,85120941823436","585,23999",2,4,2024-04-22
2024-04-22 01:00:00,"410,7501745541214","596,280029",2,4,2024-04-22
2024-04-22 02:00:00,"392,9667888982175","595,309998",2,4,2024-04-22
2024-04-22 03:00:00,"383,29790024706807","652,830017",2,4,2024-04-22
2024-04-22 04:00:00,"526,5758131485829","790,109985",2,4,2024-04-22
2024-04-22 05:00:00,"778,5996478234538","975,820007",2,4,2024-04-22
2024-04-22 06:00:00,"744,8437349433302","876,359985",2,4,2024-04-22
2024-04-22 07:00:00,"598,0219763785179","724,090027",2,4,2024-04-22
2024-04-22 08:00:00,"516,4448430598562","610,75",2,4,2024-04-22
2024-04-22 09:00:00,"396,7277140446705","606,130005",2,4,2024-04-22
2024-04-22 10:00:00,"317,5318563973563","574,869995",2,4,2024-04-22
2024-04-22 11:00:00,"245,06374123321083","549,650024",2,4,2024-04-22
2024-04-22 12:00:00,"179,92877203063748","553,080017",2,4,2024-04-22
2024-04-22 13:00:00,"169,05972196462986","559,650024",2,4,2024-04-22
2024-04-22 14:00:00,"210,26784795941515","536,440002",2,4,2024-04-22
2024-04-22 15:00:00,"304,81238614894096","722,150024",2,4,2024-04-22
2024-04-22 16:00:00,"486,9349523087107","881,880005",2,4,2024-04-22
2024-04-22 17:00:00,"606,6213170018164","1223,969971",2,4,2024-04-22
2024-04-22 18:00:00,"574,4946057157315","1275,52002",2,4,2024-04-22
2024-04-22 19:00:00,"449,460016992682","970,299988",2,4,2024-04-22
2024-04-22 20:00:00,"385,53961153807404","789,140015",2,4,2024-04-22
2024-04-22 21:00:00,"271,1028061255406","723,640015",2,4,2024-04-22
2024-04-22 22:00:00,"219,9331504777527","658,969971",2,4,2024-04-22
2024-04-22 23:00:00,"167,48208923188596","646,809998",2,4,2024-04-22
2024-04-23 00:00:00,"137,2706178220172","641,289978",2,4,2024-04-23
2024-04-23 01:00:00,"137,64031251806276","637,340027",2,4,2024-04-23
2024-04-23 02:00:00,"190,64578082555866","644,280029",2,4,2024-04-23
2024-04-23 03:00:00,"278,0990445745469","728,890015",2,4,2024-04-23
2024-04-23 04:00:00,"476,1534118609792","905,789978",2,4,2024-04-23
2024-04-23 05:00:00,"562,751192331474","1352,420044",2,4,2024-04-23
2024-04-23 06:00:00,"550,2784209768259","1016,820007",2,4,2024-04-23
2024-04-23 07:00:00,"452,5975483406436","734,030029",2,4,2024-04-23
2024-04-23 08:00:00,"294,89592695973397","618,309998",2,4,2024-04-23
2024-04-23 09:00:00,"249,44775916187737","576,450012",2,4,2024-04-23
2024-04-23 10:00:00,"209,1155562835752","577,950012",2,4,2024-04-23
2024-04-23 11:00:00,"167,68647356875286","592,27002",2,4,2024-04-23
2024-04-23 12:00:00,"140,29439442174393","586,599976",2,4,2024-04-23
2024-04-23 13:00:00,"219,39223779382874","597,049988",2,4,2024-04-23
2024-04-23 14:00:00,"284,78682788709295","619,429993",2,4,2024-04-23
2024-04-23 15:00:00,"443,08538469987946","671,289978",2,4,2024-04-23
2024-04-23 16:00:00,"541,5325956313321","764,030029",2,4,2024-04-23
2024-04-23 17:00:00,"701,8295311565469","917,799988",2,4,2024-04-23
2024-04-23 18:00:00,"740,6225991943438","933,169983",2,4,2024-04-23
2024-04-23 19:00:00,"612,3137926660648","784,169983",2,4,2024-04-23
2024-04-23 20:00:00,"542,9614797731067","691,880005",2,4,2024-04-23
2024-04-23 21:00:00,"442,0802881460262","608,460022",2,4,2024-04-23
2024-04-23 22:00:00,"403,99679991671667","600,929993",2,4,2024-04-23
2024-04-23 23:00:00,"354,99999695697596","569,150024",2,4,2024-04-23
2024-04-24 00:00:00,"339,2376390892734","566,090027",2,4,2024-04-24
2024-04-24 01:00:00,"336,1763761077319","545,130005",2,4,2024-04-24
2024-04-24 02:00:00,"361,1998950764908","567,289978",2,4,2024-04-24
2024-04-24 03:00:00,"420,55436366572286","610,47998",2,4,2024-04-24
2024-04-24 04:00:00,"543,6522016246831","758,419983",2,4,2024-04-24
2024-04-24 05:00:00,"754,9586782099307","956,200012",2,4,2024-04-24
2024-04-24 06:00:00,"736,4482849223366","798,780029",2,4,2024-04-24
2024-04-24 07:00:00,"607,5572318274673","684,940002",2,4,2024-04-24
2024-04-24 08:00:00,"553,3942414027254","676,960022",2,4,2024-04-24
2024-04-24 09:00:00,"519,9933608636562","659,130005",2,4,2024-04-24
2024-04-24 10:00:00,"504,5590896446699","616,22998",2,4,2024-04-24
2024-04-24 11:00:00,"442,29381668696004","597,5",2,4,2024-04-24
2024-04-24 12:00:00,"402,56086464357577","570,940002",2,4,2024-04-24
2024-04-24 13:00:00,"410,44884884304196","602,130005",2,4,2024-04-24
2024-04-24 14:00:00,"455,9002166144104","605,190002",2,4,2024-04-24
2024-04-24 15:00:00,"521,2028911635199","646,070007",2,4,2024-04-24
2024-04-24 16:00:00,"645,6137376773928","757,530029",2,4,2024-04-24
2024-04-24 17:00:00,"846,3522304264953","1008,640015",2,4,2024-04-24
2024-04-24 18:00:00,"915,3267587103046","1070,119995",2,4,2024-04-24
2024-04-24 19:00:00,"772,8961748871529","903,900024",2,4,2024-04-24
2024-04-24 20:00:00,"634,1226831146527","785,650024",2,4,2024-04-24
2024-04-24 21:00:00,"561,0750208966954","673,0",2,4,2024-04-24
2024-04-24 22:00:00,"533,9818732041615","622,700012",2,4,2024-04-24
2024-04-24 23:00:00,"512,1914047866717","596,599976",2,4,2024-04-24
2024-04-25 00:00:00,"462,9872653602087","576,97998",2,4,2024-04-25
2024-04-25 01:00:00,"440,99225863659825","567,140015",2,4,2024-04-25
2024-04-25 02:00:00,"396,19447884128806","561,099976",2,4,2024-04-25
2024-04-25 03:00:00,"398,8362454246351","626,580017",2,4,2024-04-25
2024-04-25 04:00:00,"497,33310332308974","763,940002",2,4,2024-04-25
2024-04-25 05:00:00,"647,5562257625185","962,390015",2,4,2024-04-25
2024-04-25 06:00:00,"616,2204818268077","840,530029",2,4,2024-04-25
2024-04-25 07:00:00,"507,95441964563787","686,830017",2,4,2024-04-25
2024-04-25 08:00:00,"398,6454429762429","596,669983",2,4,2024-04-25
2024-04-25 09:00:00,"375,0964126597691","583,169983",2,4,2024-04-25
2024-04-25 10:00:00,"343,9918875622108","551,26001",2,4,2024-04-25
2024-04-25 11:00:00,"336,9165116613778","512,099976",2,4,2024-04-25
2024-04-25 12:00:00,"327,69417942643076","495,25",2,4,2024-04-25
2024-04-25 13:00:00,"362,6207978077768","516,950012",2,4,2024-04-25
2024-04-25 14:00:00,"412,91694083371766","542,97998",2,4,2024-04-25
2024-04-25 15:00:00,"497,11239672473255","595,700012",2,4,2024-04-25
2024-04-25 16:00:00,"548,9996937573459","709,72998",2,4,2024-04-25
2024-04-25 17:00:00,"656,1479052008353","1052,170044",2,4,2024-04-25
2024-04-25 18:00:00,"559,6404809579526","1135,699951",2,4,2024-04-25
2024-04-25 19:00:00,"473,56875819785546","847,98999",2,4,2024-04-25
2024-04-25 20:00:00,"455,2684804361289","681,23999",2,4,2024-04-25
2024-04-25 21:00:00,"477,73179981885323","594,659973",2,4,2024-04-25
2024-04-25 22:00:00,"508,9117576897389","595,719971",2,4,2024-04-25
2024-04-25 23:00:00,"472,0883929896095","551,929993",2,4,2024-04-25
2024-04-26 00:00:00,"436,25807679086176","553,429993",2,4,2024-04-26
2024-04-26 01:00:00,"416,0428581602396","552,460022",2,4,2024-04-26
2024-04-26 02:00:00,"382,42589725215674","575,049988",2,4,2024-04-26
2024-04-26 03:00:00,"388,98140538199624","618,909973",2,4,2024-04-26
2024-04-26 04:00:00,"450,77138129936765","697,380005",2,4,2024-04-26
2024-04-26 05:00:00,"564,4296588930806","776,140015",2,4,2024-04-26
2024-04-26 06:00:00,"589,1842784071546","716,469971",2,4,2024-04-26
2024-04-26 07:00:00,"503,9086925360022","604,73999",2,4,2024-04-26
2024-04-26 08:00:00,"376,1039964748837","580,349976",2,4,2024-04-26
2024-04-26 09:00:00,"276,49603112594025","544,099976",2,4,2024-04-26
2024-04-26 10:00:00,"196,60729026833812","524,710022",2,4,2024-04-26
2024-04-26 11:00:00,"141,08668659060214","512,700012",2,4,2024-04-26
2024-04-26 12:00:00,"121,21395396629799","487,570007",2,4,2024-04-26
2024-04-26 13:00:00,"121,95368090922821","521,5",2,4,2024-04-26
2024-04-26 14:00:00,"175,52789459829776","534,780029",2,4,2024-04-26
2024-04-26 15:00:00,"321,754540366004","600,119995",2,4,2024-04-26
2024-04-26 16:00:00,"420,5246314621227","700,210022",2,4,2024-04-26
2024-04-26 17:00:00,"540,3726830537106","959,25",2,4,2024-04-26
2024-04-26 18:00:00,"563,865283937431","1018,539978",2,4,2024-04-26
2024-04-26 19:00:00,"502,4844091399032","820,440002",2,4,2024-04-26
2024-04-26 20:00:00,"487,8171831315551","691,47998",2,4,2024-04-26
2024-04-26 21:00:00,"460,89554505105946","658,289978",2,4,2024-04-26
2024-04-26 22:00:00,"398,6064906112902","673,330017",2,4,2024-04-26
2024-04-26 23:00:00,"344,3708604649878","662,960022",2,4,2024-04-26
2024-04-27 00:00:00,"311,3478040801115","645,72998",2,4,2024-04-27
2024-04-27 01:00:00,"309,47027320406806","663,929993",2,4,2024-04-27
2024-04-27 02:00:00,"314,89577773006346","653,940002",2,4,2024-04-27
2024-04-27 03:00:00,"319,1381678627092","625,52002",2,4,2024-04-27
2024-04-27 04:00:00,"354,93259845315555","641,929993",2,4,2024-04-27
2024-04-27 05:00:00,"358,223774393711","589,429993",2,4,2024-04-27
2024-04-27 06:00:00,"341,50632397749376","511,950012",2,4,2024-04-27
2024-04-27 07:00:00,"288,1623117688234","440,51001",2,4,2024-04-27
2024-04-27 08:00:00,"200,0630444781473","284,950012",2,4,2024-04-27
2024-04-27 09:00:00,"114,13420107153054","194,559998",2,4,2024-04-27
2024-04-27 10:00:00,"60,00326170307863","294,640015",2,4,2024-04-27
2024-04-27 11:00:00,"34,26835400709882","308,809998",2,4,2024-04-27
2024-04-27 12:00:00,"17,170146729000155","182,710007",2,4,2024-04-27
2024-04-27 13:00:00,"7,964025713629512","75,019997",2,4,2024-04-27
2024-04-27 14:00:00,"38,897718791772334","156,080002",2,4,2024-04-27
2024-04-27 15:00:00,"242,45114277080725","463,700012",2,4,2024-04-27
2024-04-27 16:00:00,"426,1482938299969","642,679993",2,4,2024-04-27
2024-04-27 17:00:00,"510,4883950083891","894,140015",2,4,2024-04-27
2024-04-27 18:00:00,"542,2705385687786","837,23999",2,4,2024-04-27
2024-04-27 19:00:00,"439,820742272329","633,880005",2,4,2024-04-27
2024-04-27 20:00:00,"366,8725679117814","566,01001",2,4,2024-04-27
2024-04-27 21:00:00,"278,27112927854324","486,440002",2,4,2024-04-27
2024-04-27 22:00:00,"232,60973004078554","420,570007",2,4,2024-04-27
2024-04-27 23:00:00,"138,60125416996485","344,119995",2,4,2024-04-27
2024-04-28 00:00:00,"151,5120832271081","295,350006",2,4,2024-04-28
2024-04-28 01:00:00,"140,165725219313","235,309998",2,4,2024-04-28
2024-04-28 02:00:00,"148,02436393077318","205,850006",2,4,2024-04-28
2024-04-28 03:00:00,"157,51791055676","194,289993",2,4,2024-04-28
2024-04-28 04:00:00,"190,44514528792072","74,209999",2,4,2024-04-28
2024-04-28 05:00:00,"179,77604920882894","1,86",2,4,2024-04-28
2024-04-28 06:00:00,"158,56694965739084","1,94",2,4,2024-04-28
2024-04-28 07:00:00,"129,84834108888012","1,64",2,4,2024-04-28
2024-04-28 08:00:00,"79,27306858895038","0,0",2,4,2024-04-28
2024-04-28 09:00:00,"59,877554363351535","-7,16",2,4,2024-04-28
2024-04-28 10:00:00,"29,906754786746955","-18,049999",2,4,2024-04-28
2024-04-28 11:00:00,"-1316,6156462341416","-18,65",2,4,2024-04-28
2024-04-28 12:00:00,"-315,03066667904204","-18,790001",2,4,2024-04-28
2024-04-28 13:00:00,"-97,61228267836663","-15,66",2,4,2024-04-28
2024-04-28 14:00:00,"-40,146199843731516","-15,51",2,4,2024-04-28
2024-04-28 15:00:00,"162,41305815119722","-0,15",2,4,2024-04-28
2024-04-28 16:00:00,"385,723910546669","189,289993",2,4,2024-04-28
2024-04-28 17:00:00,"440,9872500223509","517,299988",2,4,2024-04-28
2024-04-28 18:00:00,"480,27082749583684","577,640015",2,4,2024-04-28
2024-04-28 19:00:00,"468,6020034831763","583,159973",2,4,2024-04-28
2024-04-28 20:00:00,"470,3706750378256","468,079987",2,4,2024-04-28
2024-04-28 21:00:00,"469,40737989675245","417,890015",2,4,2024-04-28
2024-04-28 22:00:00,"482,57970796332904","306,529999",2,4,2024-04-28
2024-04-28 23:00:00,"531,3228076233179","370,75",2,4,2024-04-28
2024-07-01 00:00:00,"487,34567272092033","583,150024",3,1,2024-07-01
2024-07-01 01:00:00,"514,1523439342136","581,809998",3,1,2024-07-01
2024-07-01 02:00:00,"529,9146826001877","564,059998",3,1,2024-07-01
2024-07-01 03:00:00,"598,6789263255923","602,76001",3,1,2024-07-01
2024-07-01 04:00:00,"708,1973368672955","907,349976",3,1,2024-07-01
2024-07-01 05:00:00,"746,8111716468427","1018,109985",3,1,2024-07-01
2024-07-01 06:00:00,"708,0017987087865","963,590027",3,1,2024-07-01
2024-07-01 07:00:00,"573,2134539910735","841,27002",3,1,2024-07-01
2024-07-01 08:00:00,"472,24067067679374","750,289978",3,1,2024-07-01
2024-07-01 09:00:00,"411,3793536255943","642,070007",3,1,2024-07-01
2024-07-01 10:00:00,"325,6247913387099","493,200012",3,1,2024-07-01
2024-07-01 11:00:00,"277,76898037768086","318,609985",3,1,2024-07-01
2024-07-01 12:00:00,"274,14643152429807","258,5",3,1,2024-07-01
2024-07-01 13:00:00,"326,14972023287123","242,759995",3,1,2024-07-01
2024-07-01 14:00:00,"406,8297153633515","231,649994",3,1,2024-07-01
2024-07-01 15:00:00,"510,5830002679386","410,200012",3,1,2024-07-01
2024-07-01 16:00:00,"664,2489952769879","538,77002",3,1,2024-07-01
2024-07-01 17:00:00,"990,8441575951374","733,72998",3,1,2024-07-01
2024-07-01 18:00:00,"1239,2901146437864","791,080017",3,1,2024-07-01
2024-07-01 19:00:00,"1161,7185473880302","939,719971",3,1,2024-07-01
2024-07-01 20:00:00,"839,8198288951751","782,580017",3,1,2024-07-01
2024-07-01 21:00:00,"663,7685584670756","653,700012",3,1,2024-07-01
2024-07-01 22:00:00,"561,9288222795378","593,919983",3,1,2024-07-01
2024-07-01 23:00:00,"568,5970138859025","462,350006",3,1,2024-07-01
2024-07-02 00:00:00,"580,1033765133008","375,829987",3,1,2024-07-02
2024-07-02 01:00:00,"568,6096241641611","402,829987",3,1,2024-07-02
2024-07-02 02:00:00,"583,9865711826541","343,98999",3,1,2024-07-02
2024-07-02 03:00:00,"623,8443700845897","379,040009",3,1,2024-07-02
2024-07-02 04:00:00,"845,206049102321","518,070007",3,1,2024-07-02
2024-07-02 05:00:00,"881,2987320552262","496,140015",3,1,2024-07-02
2024-07-02 06:00:00,"729,2733591693145","611,299988",3,1,2024-07-02
2024-07-02 07:00:00,"554,7516661338077","498,970001",3,1,2024-07-02
2024-07-02 08:00:00,"375,6061979389935","293,119995",3,1,2024-07-02
2024-07-02 09:00:00,"261,68893976203816","265,369995",3,1,2024-07-02
2024-07-02 10:00:00,"188,48798311896493","263,51001",3,1,2024-07-02
2024-07-02 11:00:00,"136,51576599385757","257,98999",3,1,2024-07-02
2024-07-02 12:00:00,"145,4296391491348","252,990005",3,1,2024-07-02
2024-07-02 13:00:00,"213,0791190014366","243,070007",3,1,2024-07-02
2024-07-02 14:00:00,"291,83337282018346","249,410004",3,1,2024-07-02
2024-07-02 15:00:00,"437,7918108196971","262,170013",3,1,2024-07-02
2024-07-02 16:00:00,"597,6903343777517","261,720001",3,1,2024-07-02
2024-07-02 17:00:00,"962,2410511656838","267,160004",3,1,2024-07-02
2024-07-02 18:00:00,"1087,7135753064344","311,98999",3,1,2024-07-02
2024-07-02 19:00:00,"918,0637366175208","436,920013",3,1,2024-07-02
2024-07-02 20:00:00,"797,8784035865732","345,779999",3,1,2024-07-02
2024-07-02 21:00:00,"669,4931171197372","301,100006",3,1,2024-07-02
2024-07-02 22:00:00,"921,1882139639345","277,459991",3,1,2024-07-02
2024-07-02 23:00:00,"954,5484697729842","268,809998",3,1,2024-07-02
2024-07-03 00:00:00,"1060,3188023053515","267,23999",3,1,2024-07-03
2024-07-03 01:00:00,"1369,797730262979","270,380005",3,1,2024-07-03
2024-07-03 02:00:00,"1463,2916083916534","288,649994",3,1,2024-07-03
2024-07-03 03:00:00,"2162,215774581975","439,309998",3,1,2024-07-03
2024-07-03 04:00:00,"4993,69603819272","647,929993",3,1,2024-07-03
2024-07-03 05:00:00,"2367,8014792210192","729,599976",3,1,2024-07-03
2024-07-03 06:00:00,"1459,6611876832687","771,669983",3,1,2024-07-03
2024-07-03 07:00:00,"679,2167206785861","416,709991",3,1,2024-07-03
2024-07-03 08:00:00,"476,1627725130048","323,029999",3,1,2024-07-03
2024-07-03 09:00:00,"364,29130859089895","298,119995",3,1,2024-07-03
2024-07-03 10:00:00,"264,1559500440695","291,859985",3,1,2024-07-03
2024-07-03 11:00:00,"218,36568562729803","296,179993",3,1,2024-07-03
2024-07-03 12:00:00,"186,95081199157812","306,100006",3,1,2024-07-03
2024-07-03 13:00:00,"213,66954309091446","317,220001",3,1,2024-07-03
2024-07-03 14:00:00,"260,7823996459981","376,660004",3,1,2024-07-03
2024-07-03 15:00:00,"403,7080663908481","590,5",3,1,2024-07-03
2024-07-03 16:00:00,"552,4096692245139","697,830017",3,1,2024-07-03
2024-07-03 17:00:00,"973,5996496720877","831,27002",3,1,2024-07-03
2024-07-03 18:00:00,"1762,681634867635","1149,969971",3,1,2024-07-03
2024-07-03 19:00:00,"2768,8241176708743","784,130005",3,1,2024-07-03
2024-07-03 20:00:00,"1307,536203303412","655,23999",3,1,2024-07-03
2024-07-03 21:00:00,"1496,4416243580304","513,900024",3,1,2024-07-03
2024-07-03 22:00:00,"593,4049745335521","436,329987",3,1,2024-07-03
2024-07-03 23:00:00,"428,8384490262779","228,75",3,1,2024-07-03
2024-07-04 00:00:00,"347,2037387205972","154,240005",3,1,2024-07-04
2024-07-04 01:00:00,"347,08007706258246","130,149994",3,1,2024-07-04
2024-07-04 02:00:00,"326,2398965551927","70,779999",3,1,2024-07-04
2024-07-04 03:00:00,"322,1019038481091","74,730003",3,1,2024-07-04
2024-07-04 04:00:00,"507,00124981440064","197,429993",3,1,2024-07-04
2024-07-04 05:00:00,"714,8304718695363","223,759995",3,1,2024-07-04
2024-07-04 06:00:00,"748,9490808542018","235,910004",3,1,2024-07-04
2024-07-04 07:00:00,"625,4024900308688","168,940002",3,1,2024-07-04
2024-07-04 08:00:00,"492,42287450055744","14,17",3,1,2024-07-04
2024-07-04 09:00:00,"440,0572249451908","0,0",3,1,2024-07-04
2024-07-04 10:00:00,"379,5821585636984","-0,3",3,1,2024-07-04
2024-07-04 11:00:00,"316,92086643843635","-37,52",3,1,2024-07-04
2024-07-04 12:00:00,"331,8071044562063","-142,380005",3,1,2024-07-04
2024-07-04 13:00:00,"340,70699860743383","-100,470001",3,1,2024-07-04
2024-07-04 14:00:00,"400,76952966122815","-39,599998",3,1,2024-07-04
2024-07-04 15:00:00,"526,6498506744055","-0,22",3,1,2024-07-04
2024-07-04 16:00:00,"662,9177626928433","50,490002",3,1,2024-07-04
2024-07-04 17:00:00,"930,3420410361929","216,300003",3,1,2024-07-04
2024-07-04 18:00:00,"1340,5260417965544","336,160004",3,1,2024-07-04
2024-07-04 19:00:00,"1166,9178095924526","289,320007",3,1,2024-07-04
2024-07-04 20:00:00,"822,7407371751143","288,5",3,1,2024-07-04
2024-07-04 21:00:00,"636,2458772776952","284,170013",3,1,2024-07-04
2024-07-04 22:00:00,"581,3582101739721","51,610001",3,1,2024-07-04
2024-07-04 23:00:00,"450,4066414840487","36,02",3,1,2024-07-04
2024-07-05 00:00:00,"393,4435062609049","29,83",3,1,2024-07-05
2024-07-05 01:00:00,"340,94034097915556","19,91",3,1,2024-07-05
2024-07-05 02:00:00,"301,06071463418215","21,780001",3,1,2024-07-05
2024-07-05 03:00:00,"328,75671058175476","42,66",3,1,2024-07-05
2024-07-05 04:00:00,"388,4265589582606","149,100006",3,1,2024-07-05
2024-07-05 05:00:00,"401,4150505827825","216,970001",3,1,2024-07-05
2024-07-05 06:00:00,"340,34010832091286","234,720001",3,1,2024-07-05
2024-07-05 07:00:00,"341,51210066846164","138,429993",3,1,2024-07-05
2024-07-05 08:00:00,"304,9070413873872","22,0",3,1,2024-07-05
2024-07-05 09:00:00,"263,63330923839885","3,06",3,1,2024-07-05
2024-07-05 10:00:00,"235,9477051818377","-0,3",3,1,2024-07-05
2024-07-05 11:00:00,"244,8220268368196","-4,1",3,1,2024-07-05
2024-07-05 12:00:00,"251,18024089748482","-5,74",3,1,2024-07-05
2024-07-05 13:00:00,"241,1094979546689","-0,22",3,1,2024-07-05
2024-07-05 14:00:00,"277,34351014898965","14,4",3,1,2024-07-05
2024-07-05 15:00:00,"375,49841791274696","125,379997",3,1,2024-07-05
2024-07-05 16:00:00,"447,7035236991509","186,839996",3,1,2024-07-05
2024-07-05 17:00:00,"505,7576261427415","273,730011",3,1,2024-07-05
2024-07-05 18:00:00,"530,4718633526476","282,01001",3,1,2024-07-05
2024-07-05 19:00:00,"519,630077412355","447,959991",3,1,2024-07-05
2024-07-05 20:00:00,"432,53793567994325","618,02002",3,1,2024-07-05
2024-07-05 21:00:00,"374,9864429165108","633,609985",3,1,2024-07-05
2024-07-05 22:00:00,"420,6509975572668","637,890015",3,1,2024-07-05
2024-07-05 23:00:00,"365,61094077393807","492,73999",3,1,2024-07-05
2024-07-06 00:00:00,"302,1818126789232","473,799988",3,1,2024-07-06
2024-07-06 01:00:00,"318,03401409414647","346,540009",3,1,2024-07-06
2024-07-06 02:00:00,"330,8000647421069","288,070007",3,1,2024-07-06
2024-07-06 03:00:00,"331,97853908294695","117,029999",3,1,2024-07-06
2024-07-06 04:00:00,"323,79263309079204","42,740002",3,1,2024-07-06
2024-07-06 05:00:00,"296,19234043132144","40,049999",3,1,2024-07-06
2024-07-06 06:00:00,"272,02665715141967","25,360001",3,1,2024-07-06
2024-07-06 07:00:00,"140,8091961578254","2,39",3,1,2024-07-06
2024-07-06 08:00:00,"31,86443123828891","-0,3",3,1,2024-07-06
2024-07-06 09:00:00,"-0,9098747529606769","-0,15",3,1,2024-07-06
2024-07-06 10:00:00,"-27,612661640576903","-0,22",3,1,2024-07-06
2024-07-06 11:00:00,"-17,316886473072202","-0,9",3,1,2024-07-06
2024-07-06 12:00:00,"-49,00210203651873","-16,26",3,1,2024-07-06
2024-07-06 13:00:00,"-147,13981517736732","-20,209999",3,1,2024-07-06
2024-07-06 14:00:00,"-15,84621958357591","-4,48",3,1,2024-07-06
2024-07-06 15:00:00,"211,83897560845085","-0,45",3,1,2024-07-06
2024-07-06 16:00:00,"379,63636434569224","14,02",3,1,2024-07-06
2024-07-06 17:00:00,"554,1733828392595","1,64",3,1,2024-07-06
2024-07-06 18:00:00,"720,2647765923226","49,900002",3,1,2024-07-06
2024-07-06 19:00:00,"711,8987101647356","70,110001",3,1,2024-07-06
2024-07-06 20:00:00,"653,854146408188","134,259995",3,1,2024-07-06
2024-07-06 21:00:00,"527,8715489361767","104,580002",3,1,2024-07-06
2024-07-06 22:00:00,"447,3781816103319","-0,22",3,1,2024-07-06
2024-07-06 23:00:00,"353,63935475631735","-0,75",3,1,2024-07-06
2024-07-07 00:00:00,"308,9847176852443","-5,97",3,1,2024-07-07
2024-07-07 01:00:00,"288,3989335710717","-3,58",3,1,2024-07-07
2024-07-07 02:00:00,"280,99779030561433","-0,45",3,1,2024-07-07
2024-07-07 03:00:00,"242,13458153811703","-0,07",3,1,2024-07-07
2024-07-07 04:00:00,"224,10147104848645","-0,07",3,1,2024-07-07
2024-07-07 05:00:00,"141,15512658031517","-0,07",3,1,2024-07-07
2024-07-07 06:00:00,"69,85597696620637","-4,47",3,1,2024-07-07
2024-07-07 07:00:00,"19,64054980970064","-48,400002",3,1,2024-07-07
2024-07-07 08:00:00,"-6,554972173127762","-74,43",3,1,2024-07-07
2024-07-07 09:00:00,"-21,103962622807757","-89,800003",3,1,2024-07-07
2024-07-07 10:00:00,"-27,013197020243116","-100,610001",3,1,2024-07-07
2024-07-07 11:00:00,"-217,96349172718908","-112,019997",3,1,2024-07-07
2024-07-07 12:00:00,"-320,6409867737824","-156,470001",3,1,2024-07-07
2024-07-07 13:00:00,"-125,5871140649839","-90,989998",3,1,2024-07-07
2024-07-07 14:00:00,"-47,1762954331397","-45,939999",3,1,2024-07-07
2024-07-07 15:00:00,"149,2591773029276","-0,6",3,1,2024-07-07
2024-07-07 16:00:00,"440,0964369884479","477,23999",3,1,2024-07-07
2024-07-07 17:00:00,"579,3327468010183","673,23999",3,1,2024-07-07
2024-07-07 18:00:00,"836,6240648814613","890,48999",3,1,2024-07-07
2024-07-07 19:00:00,"854,8728691198818","947,549988",3,1,2024-07-07
2024-07-07 20:00:00,"783,729324445399","859,169983",3,1,2024-07-07
2024-07-07 21:00:00,"681,9606860330291","724,400024",3,1,2024-07-07
2024-07-07 22:00:00,"667,6869954425687","608,72998",3,1,2024-07-07
2024-07-07 23:00:00,"571,8503305390342","571,659973",3,1,2024-07-07
2024-07-08 00:00:00,"550,8877715441107","552,48999",3,2,2024-07-08
2024-07-08 01:00:00,"560,9966297187083","579,640015",3,2,2024-07-08
2024-07-08 02:00:00,"568,6386004044602","568,900024",3,2,2024-07-08
2024-07-08 03:00:00,"637,2825416026539","592,469971",3,2,2024-07-08
2024-07-08 04:00:00,"843,6313780194588","820,390015",3,2,2024-07-08
2024-07-08 05:00:00,"895,7696991205671","924,580017",3,2,2024-07-08
2024-07-08 06:00:00,"884,3139493427446","750,580017",3,2,2024-07-08
2024-07-08 07:00:00,"694,2151137772895","578,820007",3,2,2024-07-08
2024-07-08 08:00:00,"534,6037064741884","402,209991",3,2,2024-07-08
2024-07-08 09:00:00,"455,10646327961865","286,609985",3,2,2024-07-08
2024-07-08 10:00:00,"372,9547861562034","237,089996",3,2,2024-07-08
2024-07-08 11:00:00,"314,6097956314133","219,639999",3,2,2024-07-08
2024-07-08 12:00:00,"270,0446989141837","220,460007",3,2,2024-07-08
2024-07-08 13:00:00,"306,5179897868371","274,079987",3,2,2024-07-08
2024-07-08 14:00:00,"382,0489196545367","477,320007",3,2,2024-07-08
2024-07-08 15:00:00,"545,4519931423561","598,140015",3,2,2024-07-08
2024-07-08 16:00:00,"711,3828635459599","765,419983",3,2,2024-07-08
2024-07-08 17:00:00,"956,6738818246189","1006,840027",3,2,2024-07-08
2024-07-08 18:00:00,"1297,7188875999223","1857,140015",3,2,2024-07-08
2024-07-08 19:00:00,"1147,326806946604","1295,390015",3,2,2024-07-08
2024-07-08 20:00:00,"872,527711260487","847,609985",3,2,2024-07-08
2024-07-08 21:00:00,"695,1453644895844","686,289978",3,2,2024-07-08
2024-07-08 22:00:00,"659,4605016202926","787,049988",3,2,2024-07-08
2024-07-08 23:00:00,"610,8370455056289","715,73999",3,2,2024-07-08
2024-07-09 00:00:00,"616,7207802415794","694,26001",3,2,2024-07-09
2024-07-09 01:00:00,"614,4215406337778","679,789978",3,2,2024-07-09
2024-07-09 02:00:00,"620,2877823994335","653,840027",3,2,2024-07-09
2024-07-09 03:00:00,"631,1739836025005","722,22998",3,2,2024-07-09
2024-07-09 04:00:00,"880,5348000254211","830,76001",3,2,2024-07-09
2024-07-09 05:00:00,"886,9876819408826","773,919983",3,2,2024-07-09
2024-07-09 06:00:00,"748,9777258745916","701,119995",3,2,2024-07-09
2024-07-09 07:00:00,"603,9538229212309","501,679993",3,2,2024-07-09
2024-07-09 08:00:00,"436,0828450474355","347,799988",3,2,2024-07-09
2024-07-09 09:00:00,"344,52775620211986","251,440002",3,2,2024-07-09
2024-07-09 10:00:00,"318,6669808980796","163,720001",3,2,2024-07-09
2024-07-09 11:00:00,"312,5109180640712","119,190002",3,2,2024-07-09
2024-07-09 12:00:00,"296,70800148438644","32,369999",3,2,2024-07-09
2024-07-09 13:00:00,"290,8630116401989","82,639999",3,2,2024-07-09
2024-07-09 14:00:00,"393,1706761973507","400,76001",3,2,2024-07-09
2024-07-09 15:00:00,"528,3175075422893","609,309998",3,2,2024-07-09
2024-07-09 16:00:00,"704,0011895500912","740,429993",3,2,2024-07-09
2024-07-09 17:00:00,"998,5617412495036","822,47998",3,2,2024-07-09
2024-07-09 18:00:00,"1064,5913747177556","841,349976",3,2,2024-07-09
2024-07-09 19:00:00,"904,5964056810781","748,26001",3,2,2024-07-09
2024-07-09 20:00:00,"763,7781263024518","338,779999",3,2,2024-07-09
2024-07-09 21:00:00,"640,6270967361484","301,779999",3,2,2024-07-09
2024-07-09 22:00:00,"962,0808248162773","243,110001",3,2,2024-07-09
2024-07-09 23:00:00,"970,1039025892096","246,089996",3,2,2024-07-09
2024-07-10 00:00:00,"1073,6455060879173","224,009995",3,2,2024-07-10
2024-07-10 01:00:00,"1346,8924585217715","214,320007",3,2,2024-07-10
2024-07-10 02:00:00,"1419,5898979520055","223,789993",3,2,2024-07-10
2024-07-10 03:00:00,"1977,8038233440507","243,779999",3,2,2024-07-10
2024-07-10 04:00:00,"5048,894099924075","300,700012",3,2,2024-07-10
2024-07-10 05:00:00,"2212,127007819575","325,089996",3,2,2024-07-10
2024-07-10 06:00:00,"1487,1464817979054","622,809998",3,2,2024-07-10
2024-07-10 07:00:00,"693,1881878268831","586,109985",3,2,2024-07-10
2024-07-10 08:00:00,"505,2124257954467","484,880005",3,2,2024-07-10
2024-07-10 09:00:00,"381,60894779436893","416,029999",3,2,2024-07-10
2024-07-10 10:00:00,"314,4198720346362","351,570007",3,2,2024-07-10
2024-07-10 11:00:00,"268,80799128182156","304,059998",3,2,2024-07-10
2024-07-10 12:00:00,"235,9074371406765","392,149994",3,2,2024-07-10
2024-07-10 13:00:00,"251,26043348066284","394,690002",3,2,2024-07-10
2024-07-10 14:00:00,"262,07583899929693","441,089996",3,2,2024-07-10
2024-07-10 15:00:00,"402,67750357726754","597,820007",3,2,2024-07-10
2024-07-10 16:00:00,"689,6298112873691","595,059998",3,2,2024-07-10
2024-07-10 17:00:00,"1123,4222443584335","743,880005",3,2,2024-07-10
2024-07-10 18:00:00,"1716,5394676703083","872,780029",3,2,2024-07-10
2024-07-10 19:00:00,"2234,7581522243217","1122,75",3,2,2024-07-10
2024-07-10 20:00:00,"1457,2215849799097","850,179993",3,2,2024-07-10
2024-07-10 21:00:00,"1414,5815226932307","693,150024",3,2,2024-07-10
2024-07-10 22:00:00,"619,5461224151228","716,380005",3,2,2024-07-10
2024-07-10 23:00:00,"467,8405871330081","596,48999",3,2,2024-07-10
2024-07-11 00:00:00,"413,2159384350352","574,919983",3,2,2024-07-11
2024-07-11 01:00:00,"365,33176298902146","593,869995",3,2,2024-07-11
2024-07-11 02:00:00,"317,92450276123196","599,169983",3,2,2024-07-11
2024-07-11 03:00:00,"268,89504680477756","611,630005",3,2,2024-07-11
2024-07-11 04:00:00,"469,9569757701763","801,72998",3,2,2024-07-11
2024-07-11 05:00:00,"553,5876973127803","895,289978",3,2,2024-07-11
2024-07-11 06:00:00,"608,2923617842945","794,789978",3,2,2024-07-11
2024-07-11 07:00:00,"462,8606737547659","664,830017",3,2,2024-07-11
2024-07-11 08:00:00,"336,58072368737834","602,01001",3,2,2024-07-11
2024-07-11 09:00:00,"274,0125111126846","496,880005",3,2,2024-07-11
2024-07-11 10:00:00,"236,20962614932364","428,540009",3,2,2024-07-11
2024-07-11 11:00:00,"217,30008445801803","355,880005",3,2,2024-07-11
2024-07-11 12:00:00,"172,72467972944867","331,850006",3,2,2024-07-11
2024-07-11 13:00:00,"208,26838591588054","373,779999",3,2,2024-07-11
2024-07-11 14:00:00,"227,72067950602417","454,959991",3,2,2024-07-11
2024-07-11 15:00:00,"382,34282740465164","611,109985",3,2,2024-07-11
2024-07-11 16:00:00,"487,0425018738848","683,25",3,2,2024-07-11
2024-07-11 17:00:00,"643,2181252998712","872,909973",3,2,2024-07-11
2024-07-11 18:00:00,"1105,5147766097575","1375,23999",3,2,2024-07-11
2024-07-11 19:00:00,"990,3774650814289","1244,0",3,2,2024-07-11
2024-07-11 20:00:00,"717,0435147751281","907,150024",3,2,2024-07-11
2024-07-11 21:00:00,"557,4417196599595","732,049988",3,2,2024-07-11
2024-07-11 22:00:00,"405,83372710413886","764,130005",3,2,2024-07-11
2024-07-11 23:00:00,"282,23873051259835","651,400024",3,2,2024-07-11
2024-07-12 00:00:00,"220,92026172560463","609,619995",3,2,2024-07-12
2024-07-12 01:00:00,"208,81905263172072","596,710022",3,2,2024-07-12
2024-07-12 02:00:00,"213,23354997360806","570,0",3,2,2024-07-12
2024-07-12 03:00:00,"233,60298898791734","592,159973",3,2,2024-07-12
2024-07-12 04:00:00,"338,6367163467171","805,309998",3,2,2024-07-12
2024-07-12 05:00:00,"352,3872666936126","820,080017",3,2,2024-07-12
2024-07-12 06:00:00,"320,77367715175075","817,690002",3,2,2024-07-12
2024-07-12 07:00:00,"283,3993251080556","763,97998",3,2,2024-07-12
2024-07-12 08:00:00,"238,36673723961323","715,26001",3,2,2024-07-12
2024-07-12 09:00:00,"145,416572807095","670,200012",3,2,2024-07-12
2024-07-12 10:00:00,"157,27219491357206","621,099976",3,2,2024-07-12
2024-07-12 11:00:00,"146,37718041751117","586,409973",3,2,2024-07-12
2024-07-12 12:00:00,"140,2203439832103","582,22998",3,2,2024-07-12
2024-07-12 13:00:00,"156,25819768789697","583,349976",3,2,2024-07-12
2024-07-12 14:00:00,"215,981702245319","624,159973",3,2,2024-07-12
2024-07-12 15:00:00,"282,7532922190487","589,400024",3,2,2024-07-12
2024-07-12 16:00:00,"410,70137404668526","671,840027",3,2,2024-07-12
2024-07-12 17:00:00,"426,5577326159998","720,849976",3,2,2024-07-12
2024-07-12 18:00:00,"554,1356175378525","683,400024",3,2,2024-07-12
2024-07-12 19:00:00,"486,1809887921575","705,859985",3,2,2024-07-12
2024-07-12 20:00:00,"445,952254431588","639,090027",3,2,2024-07-12
2024-07-12 21:00:00,"374,40557417947076","522,330017",3,2,2024-07-12
2024-07-12 22:00:00,"397,2864131090379","251,740005",3,2,2024-07-12
2024-07-12 23:00:00,"365,67977269478405","242,940002",3,2,2024-07-12
2024-07-13 00:00:00,"282,1032806979216","259,869995",3,2,2024-07-13
2024-07-13 01:00:00,"287,0315946661545","247,710007",3,2,2024-07-13
2024-07-13 02:00:00,"341,2667986113782","243,610001",3,2,2024-07-13
2024-07-13 03:00:00,"341,519134061227","231,149994",3,2,2024-07-13
2024-07-13 04:00:00,"330,9560703766592","227,860001",3,2,2024-07-13
2024-07-13 05:00:00,"314,01164605649456","207,570007",3,2,2024-07-13
2024-07-13 06:00:00,"291,1734985143337","198,470001",3,2,2024-07-13
2024-07-13 07:00:00,"141,78689773154142","156,460007",3,2,2024-07-13
2024-07-13 08:00:00,"34,73160043578323","38,5",3,2,2024-07-13
2024-07-13 09:00:00,"-1,475766467773882","0,3",3,2,2024-07-13
2024-07-13 10:00:00,"-28,714997945234742","-0,07",3,2,2024-07-13
2024-07-13 11:00:00,"-9,023667211710176","-6,49",3,2,2024-07-13
2024-07-13 12:00:00,"-52,34428741825748","-6,04",3,2,2024-07-13
2024-07-13 13:00:00,"-198,3473363476633","-0,45",3,2,2024-07-13
2024-07-13 14:00:00,"7,784141171015692","10,52",3,2,2024-07-13
2024-07-13 15:00:00,"226,86518898765564","-0,07",3,2,2024-07-13
2024-07-13 16:00:00,"430,6135546902342","214,660004",3,2,2024-07-13
2024-07-13 17:00:00,"561,9327506385158","375,519989",3,2,2024-07-13
2024-07-13 18:00:00,"624,8283414788287","562,950012",3,2,2024-07-13
2024-07-13 19:00:00,"462,2012114845368","568,98999",3,2,2024-07-13
2024-07-13 20:00:00,"434,37536171757455","588,23999",3,2,2024-07-13
2024-07-13 21:00:00,"383,47517975489893","470,049988",3,2,2024-07-13
2024-07-13 22:00:00,"343,0342946078527","663,700012",3,2,2024-07-13
2024-07-13 23:00:00,"305,5778184026036","471,48999",3,2,2024-07-13
2024-07-14 00:00:00,"293,48149177952394","413,73999",3,2,2024-07-14
2024-07-14 01:00:00,"283,0980230532672","330,540009",3,2,2024-07-14
2024-07-14 02:00:00,"243,64324817538463","283,01001",3,2,2024-07-14
2024-07-14 03:00:00,"230,3329841778093","274,660004",3,2,2024-07-14
2024-07-14 04:00:00,"213,08838810754983","238,470001",3,2,2024-07-14
2024-07-14 05:00:00,"137,8096536984015","106,550003",3,2,2024-07-14
2024-07-14 06:00:00,"71,23713552748828","2,16",3,2,2024-07-14
2024-07-14 07:00:00,"15,049735727390809","-17,09",3,2,2024-07-14
2024-07-14 08:00:00,"-10,378916910932016","-22,530001",3,2,2024-07-14
2024-07-14 09:00:00,"-27,788227037488955","-25,370001",3,2,2024-07-14
2024-07-14 10:00:00,"-65,47352600157836","-31,49",3,2,2024-07-14
2024-07-14 11:00:00,"-19,680254492099667","-38,5",3,2,2024-07-14
2024-07-14 12:00:00,"-47,164329768216724","-47,830002",3,2,2024-07-14
2024-07-14 13:00:00,"-73,80916080166185","-39,990002",3,2,2024-07-14
2024-07-14 14:00:00,"77,2875444311117","-75,809998",3,2,2024-07-14
2024-07-14 15:00:00,"145,29483063973908","-0,37",3,2,2024-07-14
2024-07-14 16:00:00,"400,7255548347931","347,26001",3,2,2024-07-14
2024-07-14 17:00:00,"472,8020666271289","654,820007",3,2,2024-07-14
2024-07-14 18:00:00,"706,2142841396297","841,650024",3,2,2024-07-14
2024-07-14 19:00:00,"803,9701825175899","806,059998",3,2,2024-07-14
2024-07-14 20:00:00,"716,7741675192613","789,719971",3,2,2024-07-14
2024-07-14 21:00:00,"661,7121389598094","649,590027",3,2,2024-07-14
2024-07-14 22:00:00,"678,3966033644884","592,070007",3,2,2024-07-14
2024-07-14 23:00:00,"633,0297713059128","494,25",3,2,2024-07-14
2024-07-15 00:00:00,"563,0353067299432","434,029999",3,3,2024-07-15
2024-07-15 01:00:00,"579,425187562233","361,059998",3,3,2024-07-15
2024-07-15 02:00:00,"590,3202842381105","388,73999",3,3,2024-07-15
2024-07-15 03:00:00,"624,4665975964563","482,160004",3,3,2024-07-15
2024-07-15 04:00:00,"784,4212182375685","482,609985",3,3,2024-07-15
2024-07-15 05:00:00,"780,718319043368","482,380005",3,3,2024-07-15
2024-07-15 06:00:00,"678,2405832291383","482,079987",3,3,2024-07-15
2024-07-15 07:00:00,"596,6717311837722","299,200012",3,3,2024-07-15
2024-07-15 08:00:00,"423,5208713699876","265,029999",3,3,2024-07-15
2024-07-15 09:00:00,"385,36579464012004","84,239998",3,3,2024-07-15
2024-07-15 10:00:00,"344,4484749118348","0,52",3,3,2024-07-15
2024-07-15 11:00:00,"285,74483079023526","-0,07",3,3,2024-07-15
2024-07-15 12:00:00,"247,23533639013846","-0,52",3,3,2024-07-15
2024-07-15 13:00:00,"279,8243263796167","26,41",3,3,2024-07-15
2024-07-15 14:00:00,"329,8888394291584","330,470001",3,3,2024-07-15
2024-07-15 15:00:00,"474,79748618871594","611,840027",3,3,2024-07-15
2024-07-15 16:00:00,"544,1066602608738","853,219971",3,3,2024-07-15
2024-07-15 17:00:00,"752,5547282478477","1389,619995",3,3,2024-07-15
2024-07-15 18:00:00,"868,1473826954298","1598,540039",3,3,2024-07-15
2024-07-15 19:00:00,"1035,9754791222742","1050,27002",3,3,2024-07-15
2024-07-15 20:00:00,"771,6122404394215","690,030029",3,3,2024-07-15
2024-07-15 21:00:00,"658,751797706597","597,659973",3,3,2024-07-15
2024-07-15 22:00:00,"615,6645944870232","571,47998",3,3,2024-07-15
2024-07-15 23:00:00,"512,3161149887693","475,829987",3,3,2024-07-15
2024-07-16 00:00:00,"471,32899474818043","391,660004",3,3,2024-07-16
2024-07-16 01:00:00,"428,69884218461345","274,73999",3,3,2024-07-16
2024-07-16 02:00:00,"370,5092700886476","284,730011",3,3,2024-07-16
2024-07-16 03:00:00,"360,89300684991235","375,470001",3,3,2024-07-16
2024-07-16 04:00:00,"490,8010842246034","531,859985",3,3,2024-07-16
2024-07-16 05:00:00,"530,8214163869512","593,049988",3,3,2024-07-16
2024-07-16 06:00:00,"468,5086455743948","568,349976",3,3,2024-07-16
2024-07-16 07:00:00,"463,6463965944388","468,359985",3,3,2024-07-16
2024-07-16 08:00:00,"402,2710570241641","160,350006",3,3,2024-07-16
2024-07-16 09:00:00,"309,1787939332376","10,67",3,3,2024-07-16
2024-07-16 10:00:00,"234,5235327584201","15,15",3,3,2024-07-16
2024-07-16 11:00:00,"191,01634437185174","98,489998",3,3,2024-07-16
2024-07-16 12:00:00,"198,69895379561265","30,290001",3,3,2024-07-16
2024-07-16 13:00:00,"208,41238118241154","10,97",3,3,2024-07-16
2024-07-16 14:00:00,"340,0392356731603","-0,07",3,3,2024-07-16
2024-07-16 15:00:00,"469,7320706108127","165,050003",3,3,2024-07-16
2024-07-16 16:00:00,"579,6001107106387","470,230011",3,3,2024-07-16
2024-07-16 17:00:00,"948,0136422974199","611,780029",3,3,2024-07-16
2024-07-16 18:00:00,"996,4387641493031","907,330017",3,3,2024-07-16
2024-07-16 19:00:00,"853,4123633362392","852,710022",3,3,2024-07-16
2024-07-16 20:00:00,"645,7539377650043","789,51001",3,3,2024-07-16
2024-07-16 21:00:00,"523,3645557355478","629,090027",3,3,2024-07-16
2024-07-16 22:00:00,"704,8257282906579","652,109985",3,3,2024-07-16
2024-07-16 23:00:00,"553,7862229963843","544,52002",3,3,2024-07-16
2024-07-17 00:00:00,"855,9519844428519","543,330017",3,3,2024-07-17
2024-07-17 01:00:00,"1276,2420867097844","526,23999",3,3,2024-07-17
2024-07-17 02:00:00,"1346,9732301144938","530,119995",3,3,2024-07-17
2024-07-17 03:00:00,"1874,5444673265608","577,799988",3,3,2024-07-17
2024-07-17 04:00:00,"4959,500665553794","671,880005",3,3,2024-07-17
2024-07-17 05:00:00,"2198,2274823628695","744,330017",3,3,2024-07-17
2024-07-17 06:00:00,"1410,0510162826433","788,650024",3,3,2024-07-17
2024-07-17 07:00:00,"608,0804977787755","575,559998",3,3,2024-07-17
2024-07-17 08:00:00,"373,0994265504164","434,170013",3,3,2024-07-17
2024-07-17 09:00:00,"321,78618680319755","311,51001",3,3,2024-07-17
2024-07-17 10:00:00,"282,4833726109682","243,160004",3,3,2024-07-17
2024-07-17 11:00:00,"258,9036709066147","163,029999",3,3,2024-07-17
2024-07-17 12:00:00,"265,41113586650266","80,580002",3,3,2024-07-17
2024-07-17 13:00:00,"261,1430567066405","100,5",3,3,2024-07-17
2024-07-17 14:00:00,"351,90367494916177","290,089996",3,3,2024-07-17
2024-07-17 15:00:00,"592,0658755568761","460,209991",3,3,2024-07-17
2024-07-17 16:00:00,"996,0876342841946","618,76001",3,3,2024-07-17
2024-07-17 17:00:00,"1657,2959865913324","797,530029",3,3,2024-07-17
2024-07-17 18:00:00,"4439,56993268442","984,280029",3,3,2024-07-17
2024-07-17 19:00:00,"2497,6004332576463","1044,790039",3,3,2024-07-17
2024-07-17 20:00:00,"1456,0825977508723","857,369995",3,3,2024-07-17
2024-07-17 21:00:00,"1417,727908469689","687,700012",3,3,2024-07-17
2024-07-17 22:00:00,"696,7178689163163","506,570007",3,3,2024-07-17
2024-07-17 23:00:00,"505,2380869539151","544,679993",3,3,2024-07-17
2024-07-18 00:00:00,"445,79065961837733","493,589996",3,3,2024-07-18
2024-07-18 01:00:00,"428,66356764554956","491,200012",3,3,2024-07-18
2024-07-18 02:00:00,"397,30334818622885","466,880005",3,3,2024-07-18
2024-07-18 03:00:00,"402,210965562622","298,369995",3,3,2024-07-18
2024-07-18 04:00:00,"539,9918816716746","650,309998",3,3,2024-07-18
2024-07-18 05:00:00,"640,6777350590306","704,909973",3,3,2024-07-18
2024-07-18 06:00:00,"566,726097417701","506,269989",3,3,2024-07-18
2024-07-18 07:00:00,"452,38473249822226","351,339996",3,3,2024-07-18
2024-07-18 08:00:00,"368,48667977345787","270,779999",3,3,2024-07-18
2024-07-18 09:00:00,"308,93614137784357","253,470001",3,3,2024-07-18
2024-07-18 10:00:00,"243,94672599730382","253,25",3,3,2024-07-18
2024-07-18 11:00:00,"189,37561109499865","252,800003",3,3,2024-07-18
2024-07-18 12:00:00,"140,44392551947558","254,360001",3,3,2024-07-18
2024-07-18 13:00:00,"144,4319556415069","260,929993",3,3,2024-07-18
2024-07-18 14:00:00,"194,58019809834062","197,080002",3,3,2024-07-18
2024-07-18 15:00:00,"307,49084443632194","637,630005",3,3,2024-07-18
2024-07-18 16:00:00,"356,9874869753216","686,26001",3,3,2024-07-18
2024-07-18 17:00:00,"492,91289583953414","952,26001",3,3,2024-07-18
2024-07-18 18:00:00,"1049,1365040720382","1382,819946",3,3,2024-07-18
2024-07-18 19:00:00,"1114,2042856566693","1318,290039",3,3,2024-07-18
2024-07-18 20:00:00,"737,3197168874433","891,690002",3,3,2024-07-18
2024-07-18 21:00:00,"624,669593656388","760,26001",3,3,2024-07-18
2024-07-18 22:00:00,"472,27801516344476","672,26001",3,3,2024-07-18
2024-07-18 23:00:00,"403,6742208854153","600,200012",3,3,2024-07-18
2024-07-19 00:00:00,"378,90996672349064","596,169983",3,3,2024-07-19
2024-07-19 01:00:00,"376,8022712171406","583,47998",3,3,2024-07-19
2024-07-19 02:00:00,"388,8454922310826","606,390015",3,3,2024-07-19
2024-07-19 03:00:00,"449,24768196315995","667,039978",3,3,2024-07-19
2024-07-19 04:00:00,"591,1572871385048","827,289978",3,3,2024-07-19
2024-07-19 05:00:00,"625,8834839725081","810,72998",3,3,2024-07-19
2024-07-19 06:00:00,"532,5247019332828","734,109985",3,3,2024-07-19
2024-07-19 07:00:00,"451,1098720816825","607,51001",3,3,2024-07-19
2024-07-19 08:00:00,"261,95966753931083","522,22998",3,3,2024-07-19
2024-07-19 09:00:00,"162,66627057332695","438,299988",3,3,2024-07-19
2024-07-19 10:00:00,"144,16365271974516","330,799988",3,3,2024-07-19
2024-07-19 11:00:00,"115,35754230787022","272,309998",3,3,2024-07-19
2024-07-19 12:00:00,"116,0105978225988","270,070007",3,3,2024-07-19
2024-07-19 13:00:00,"118,01123032272105","317,369995",3,3,2024-07-19
2024-07-19 14:00:00,"179,86977211321351","475,899994",3,3,2024-07-19
2024-07-19 15:00:00,"216,38176505209546","576,98999",3,3,2024-07-19
2024-07-19 16:00:00,"353,4730605422632","683,460022",3,3,2024-07-19
2024-07-19 17:00:00,"359,38536843284004","888,099976",3,3,2024-07-19
2024-07-19 18:00:00,"437,25003428886555","1358,410034",3,3,2024-07-19
2024-07-19 19:00:00,"528,8612588051164","895,26001",3,3,2024-07-19
2024-07-19 20:00:00,"379,26896612617975","797,22998",3,3,2024-07-19
2024-07-19 21:00:00,"294,42812893644526","683,01001",3,3,2024-07-19
2024-07-19 22:00:00,"288,9427700202563","706,789978",3,3,2024-07-19
2024-07-19 23:00:00,"269,45832692876303","667,099976",3,3,2024-07-19
2024-07-20 00:00:00,"264,6036379265925","658,440002",3,3,2024-07-20
2024-07-20 01:00:00,"277,38205606593283","670,599976",3,3,2024-07-20
2024-07-20 02:00:00,"279,89677606713826","703,130005",3,3,2024-07-20
2024-07-20 03:00:00,"259,5121020231356","699,849976",3,3,2024-07-20
2024-07-20 04:00:00,"262,15909334710665","665,159973",3,3,2024-07-20
2024-07-20 05:00:00,"249,15388951980552","641,580017",3,3,2024-07-20
2024-07-20 06:00:00,"158,76085224539455","508,850006",3,3,2024-07-20
2024-07-20 07:00:00,"113,5332192287358","371,559998",3,3,2024-07-20
2024-07-20 08:00:00,"20,695917495404174","38,419998",3,3,2024-07-20
2024-07-20 09:00:00,"-5,801422750956535","0,0",3,3,2024-07-20
2024-07-20 10:00:00,"-9,023667211710176","-1,57",3,3,2024-07-20
2024-07-20 11:00:00,"-16,025652193964543","0,15",3,3,2024-07-20
2024-07-20 12:00:00,"-48,16779209508445","-1,87",3,3,2024-07-20
2024-07-20 13:00:00,"-194,70791477135108","-20,219999",3,3,2024-07-20
2024-07-20 14:00:00,"-14,496739029989586","18,059999",3,3,2024-07-20
2024-07-20 15:00:00,"140,02731748318774","390,140015",3,3,2024-07-20
2024-07-20 16:00:00,"268,5865594617851","634,190002",3,3,2024-07-20
2024-07-20 17:00:00,"297,28739904082124","817,440002",3,3,2024-07-20
2024-07-20 18:00:00,"327,7775531792197","1005,380005",3,3,2024-07-20
2024-07-20 19:00:00,"307,70552453412733","811,840027",3,3,2024-07-20
2024-07-20 20:00:00,"291,0981577107412","627,47998",3,3,2024-07-20
2024-07-20 21:00:00,"268,5997742278247","555,929993",3,3,2024-07-20
2024-07-20 22:00:00,"242,58962842001282","474,790009",3,3,2024-07-20
2024-07-20 23:00:00,"235,88013754668714","420,089996",3,3,2024-07-20
2024-07-21 00:00:00,"234,1891228162306","411,880005",3,3,2024-07-21
2024-07-21 01:00:00,"237,97200493120297","450,540009",3,3,2024-07-21
2024-07-21 02:00:00,"229,04354048379116","496,570007",3,3,2024-07-21
2024-07-21 03:00:00,"210,42984105592305","561,419983",3,3,2024-07-21
2024-07-21 04:00:00,"167,91829778656634","480,529999",3,3,2024-07-21
2024-07-21 05:00:00,"72,21744309532157","421,809998",3,3,2024-07-21
2024-07-21 06:00:00,"15,189808797099683","363,230011",3,3,2024-07-21
2024-07-21 07:00:00,"-26,104296897126904","78,870003",3,3,2024-07-21
2024-07-21 08:00:00,"-80,45515359906341","0,52",3,3,2024-07-21
2024-07-21 09:00:00,"-216,97456038487317","0,22",3,3,2024-07-21
2024-07-21 10:00:00,"-216,97456038487317","0,15",3,3,2024-07-21
2024-07-21 11:00:00,"-412,0865153864373","-0,45",3,3,2024-07-21
2024-07-21 12:00:00,"-304,5478129672944","-1,34",3,3,2024-07-21
2024-07-21 13:00:00,"-86,43230476717203","0,3",3,3,2024-07-21
2024-07-21 14:00:00,"23,25415172883413","0,82",3,3,2024-07-21
2024-07-21 15:00:00,"83,01750180881014","446,279999",3,3,2024-07-21
2024-07-21 16:00:00,"251,66690717543895","600,289978",3,3,2024-07-21
2024-07-21 17:00:00,"353,0955776336245","807,880005",3,3,2024-07-21
2024-07-21 18:00:00,"517,9116064077707","841,150024",3,3,2024-07-21
2024-07-21 19:00:00,"545,9346023925714","919,950012",3,3,2024-07-21
2024-07-21 20:00:00,"458,74711797849017","814,590027",3,3,2024-07-21
2024-07-21 21:00:00,"332,59532434111736","672,73999",3,3,2024-07-21
2024-07-21 22:00:00,"397,43692143000203","901,669983",3,3,2024-07-21
2024-07-21 23:00:00,"389,468346902207","721,02002",3,3,2024-07-21
2024-07-22 00:00:00,"490,1508371553112","648,27002",3,4,2024-07-22
2024-07-22 01:00:00,"515,3224138463321","648,640015",3,4,2024-07-22
2024-07-22 02:00:00,"513,3079966128937","610,659973",3,4,2024-07-22
2024-07-22 03:00:00,"491,27918923929326","591,859985",3,4,2024-07-22
2024-07-22 04:00:00,"548,579314158094","811,159973",3,4,2024-07-22
2024-07-22 05:00:00,"561,5872314262722","896,070007",3,4,2024-07-22
2024-07-22 06:00:00,"370,6965928786105","852,719971",3,4,2024-07-22
2024-07-22 07:00:00,"387,3828777570806","703,929993",3,4,2024-07-22
2024-07-22 08:00:00,"348,3915761296355","473,290009",3,4,2024-07-22
2024-07-22 09:00:00,"328,53077376630733","291,600006",3,4,2024-07-22
2024-07-22 10:00:00,"268,6180140356889","191,089996",3,4,2024-07-22
2024-07-22 11:00:00,"216,67149122801473","174,300003",3,4,2024-07-22
2024-07-22 12:00:00,"156,53730093811214","144,830002",3,4,2024-07-22
2024-07-22 13:00:00,"194,26086277439003","152,070007",3,4,2024-07-22
2024-07-22 14:00:00,"248,398705935929","170,279999",3,4,2024-07-22
2024-07-22 15:00:00,"318,737251216262","463,820007",3,4,2024-07-22
2024-07-22 16:00:00,"342,97895708372863","603,719971",3,4,2024-07-22
2024-07-22 17:00:00,"700,4479085151456","739,0",3,4,2024-07-22
2024-07-22 18:00:00,"840,5187980637874","1043,660034",3,4,2024-07-22
2024-07-22 19:00:00,"702,4282799626587","1046,569946",3,4,2024-07-22
2024-07-22 20:00:00,"501,3331850548805","828,539978",3,4,2024-07-22
2024-07-22 21:00:00,"471,7839490505782","712,73999",3,4,2024-07-22
2024-07-22 22:00:00,"435,4213894271867","618,22998",3,4,2024-07-22
2024-07-22 23:00:00,"336,0693136682242","559,349976",3,4,2024-07-22
2024-07-23 00:00:00,"307,1782821990105","547,630005",3,4,2024-07-23
2024-07-23 01:00:00,"310,80441855891667","508,380005",3,4,2024-07-23
2024-07-23 02:00:00,"304,9003634513614","526,52002",3,4,2024-07-23
2024-07-23 03:00:00,"310,52278180759396","549,799988",3,4,2024-07-23
2024-07-23 04:00:00,"352,69300784621896","745,450012",3,4,2024-07-23
2024-07-23 05:00:00,"449,3786709806313","865,590027",3,4,2024-07-23
2024-07-23 06:00:00,"359,28734598091245","824,179993",3,4,2024-07-23
2024-07-23 07:00:00,"333,38235470470744","651,359985",3,4,2024-07-23
2024-07-23 08:00:00,"345,863276555415","513,909973",3,4,2024-07-23
2024-07-23 09:00:00,"280,21454933380056","457,940002",3,4,2024-07-23
2024-07-23 10:00:00,"220,5618668053005","324,0",3,4,2024-07-23
2024-07-23 11:00:00,"166,51165543881453","285,720001",3,4,2024-07-23
2024-07-23 12:00:00,"148,1759085971219","268,709991",3,4,2024-07-23
2024-07-23 13:00:00,"194,94921036230824","313,100006",3,4,2024-07-23
2024-07-23 14:00:00,"258,3209549592865","483,980011",3,4,2024-07-23
2024-07-23 15:00:00,"396,42574975733487","593,450012",3,4,2024-07-23
2024-07-23 16:00:00,"535,6644039873229","596,359985",3,4,2024-07-23
2024-07-23 17:00:00,"717,0147963313459","716,570007",3,4,2024-07-23
2024-07-23 18:00:00,"862,3677029133929","872,530029",3,4,2024-07-23
2024-07-23 19:00:00,"732,0682324425433","761,200012",3,4,2024-07-23
2024-07-23 20:00:00,"653,122136492218","740,450012",3,4,2024-07-23
2024-07-23 21:00:00,"533,4229397288116","683,369995",3,4,2024-07-23
2024-07-23 22:00:00,"477,5164225402507","623,359985",3,4,2024-07-23
2024-07-23 23:00:00,"328,03939176570105","584,419983",3,4,2024-07-23
2024-07-24 00:00:00,"301,0987892611819","541,369995",3,4,2024-07-24
2024-07-24 01:00:00,"250,70241376931918","549,130005",3,4,2024-07-24
2024-07-24 02:00:00,"233,59582562818238","423,630005",3,4,2024-07-24
2024-07-24 03:00:00,"247,14192768876345","299,179993",3,4,2024-07-24
2024-07-24 04:00:00,"301,59017287551023","323,429993",3,4,2024-07-24
2024-07-24 05:00:00,"274,8760905094279","336,190002",3,4,2024-07-24
2024-07-24 06:00:00,"330,03324205888134","429,079987",3,4,2024-07-24
2024-07-24 07:00:00,"279,51627066697387","270,23999",3,4,2024-07-24
2024-07-24 08:00:00,"267,4547787042527","186,520004",3,4,2024-07-24
2024-07-24 09:00:00,"283,88801906586514","158,100006",3,4,2024-07-24
2024-07-24 10:00:00,"250,71874724514603","11,79",3,4,2024-07-24
2024-07-24 11:00:00,"249,0995701416191","-1,12",3,4,2024-07-24
2024-07-24 12:00:00,"243,4148377320293","-15,37",3,4,2024-07-24
2024-07-24 13:00:00,"246,35369969459165","-14,62",3,4,2024-07-24
2024-07-24 14:00:00,"299,83853457220175","16,49",3,4,2024-07-24
2024-07-24 15:00:00,"426,9846665707289","292,98999",3,4,2024-07-24
2024-07-24 16:00:00,"564,6090890078109","387,149994",3,4,2024-07-24
2024-07-24 17:00:00,"775,3331194423253","668,5",3,4,2024-07-24
2024-07-24 18:00:00,"1081,93258826189","809,659973",3,4,2024-07-24
2024-07-24 19:00:00,"1054,3927558759603","881,210022",3,4,2024-07-24
2024-07-24 20:00:00,"813,844832550031","813,320007",3,4,2024-07-24
2024-07-24 21:00:00,"620,8483641556229","631,570007",3,4,2024-07-24
2024-07-24 22:00:00,"598,4475488605935","624,570007",3,4,2024-07-24
2024-07-24 23:00:00,"360,9113914383564","578,299988",3,4,2024-07-24
2024-07-25 00:00:00,"310,3874014334559","567,859985",3,4,2024-07-25
2024-07-25 01:00:00,"275,3935626668554","596,359985",3,4,2024-07-25
2024-07-25 02:00:00,"245,28448623891532","570,090027",3,4,2024-07-25
2024-07-25 03:00:00,"244,91003469971236","690,460022",3,4,2024-07-25
2024-07-25 04:00:00,"329,6918536115859","792,159973",3,4,2024-07-25
2024-07-25 05:00:00,"347,5001880592647","813,580017",3,4,2024-07-25
2024-07-25 06:00:00,"340,0478820571495","678,890015",3,4,2024-07-25
2024-07-25 07:00:00,"316,3933323695223","537,109985",3,4,2024-07-25
2024-07-25 08:00:00,"290,0427671379622","411,0",3,4,2024-07-25
2024-07-25 09:00:00,"266,96588577368095","275,720001",3,4,2024-07-25
2024-07-25 10:00:00,"218,73594580621295","181,399994",3,4,2024-07-25
2024-07-25 11:00:00,"177,0618711920485","129,539993",3,4,2024-07-25
2024-07-25 12:00:00,"132,44984709557878","99,019997",3,4,2024-07-25
2024-07-25 13:00:00,"173,52421446430435","195,5",3,4,2024-07-25
2024-07-25 14:00:00,"220,33282011362897","401,450012",3,4,2024-07-25
2024-07-25 15:00:00,"263,4066459839239","596,960022",3,4,2024-07-25
2024-07-25 16:00:00,"286,0310469946186","723,809998",3,4,2024-07-25
2024-07-25 17:00:00,"371,30814221444416","894,690002",3,4,2024-07-25
2024-07-25 18:00:00,"689,0586259052542","1106,609985",3,4,2024-07-25
2024-07-25 19:00:00,"520,7705317828779","969,830017",3,4,2024-07-25
2024-07-25 20:00:00,"305,4787105334159","746,200012",3,4,2024-07-25
2024-07-25 21:00:00,"325,24978407754026","633,890015",3,4,2024-07-25
2024-07-25 22:00:00,"245,33367571172934","604,460022",3,4,2024-07-25
2024-07-25 23:00:00,"241,3324393859885","548,48999",3,4,2024-07-25
2024-07-26 00:00:00,"239,68026548344972","559,76001",3,4,2024-07-26
2024-07-26 01:00:00,"222,70852789654757","576,849976",3,4,2024-07-26
2024-07-26 02:00:00,"206,82465618832575","573,859985",3,4,2024-07-26
2024-07-26 03:00:00,"233,74834573169557","596,919983",3,4,2024-07-26
2024-07-26 04:00:00,"312,3800450659785","608,109985",3,4,2024-07-26
2024-07-26 05:00:00,"366,9219061723673","795,940002",3,4,2024-07-26
2024-07-26 06:00:00,"479,1284282067718","776,840027",3,4,2024-07-26
2024-07-26 07:00:00,"358,9091201457184","722,590027",3,4,2024-07-26
2024-07-26 08:00:00,"325,88401925003603","675,570007",3,4,2024-07-26
2024-07-26 09:00:00,"312,4118927507944","607,070007",3,4,2024-07-26
2024-07-26 10:00:00,"302,37583510373275","522,369995",3,4,2024-07-26
2024-07-26 11:00:00,"266,0390113327971","471,029999",3,4,2024-07-26
2024-07-26 12:00:00,"245,60242035705477","449,160004",3,4,2024-07-26
2024-07-26 13:00:00,"240,31427374586627","508,48999",3,4,2024-07-26
2024-07-26 14:00:00,"270,9094477255321","543,559998",3,4,2024-07-26
2024-07-26 15:00:00,"301,0859535216663","660,580017",3,4,2024-07-26
2024-07-26 16:00:00,"405,8749674659661","704,01001",3,4,2024-07-26
2024-07-26 17:00:00,"497,5032932946388","804,380005",3,4,2024-07-26
2024-07-26 18:00:00,"703,4666794614155","1068,98999",3,4,2024-07-26
2024-07-26 19:00:00,"503,19488702394483","1037,280029",3,4,2024-07-26
2024-07-26 20:00:00,"390,5828818289456","793,929993",3,4,2024-07-26
2024-07-26 21:00:00,"308,0825998905234","730,650024",3,4,2024-07-26
2024-07-26 22:00:00,"288,5242934594215","775,22998",3,4,2024-07-26
2024-07-26 23:00:00,"266,0070093446626","768,890015",3,4,2024-07-26
2024-07-27 00:00:00,"249,37914692012237","723,070007",3,4,2024-07-27
2024-07-27 01:00:00,"255,5219302237957","710,080017",3,4,2024-07-27
2024-07-27 02:00:00,"224,60540480979844","690,01001",3,4,2024-07-27
2024-07-27 03:00:00,"203,48598445534353","673,070007",3,4,2024-07-27
2024-07-27 04:00:00,"180,1652566168049","649,929993",3,4,2024-07-27
2024-07-27 05:00:00,"172,50957989483348","615,01001",3,4,2024-07-27
2024-07-27 06:00:00,"183,0010182587346","632,02002",3,4,2024-07-27
2024-07-27 07:00:00,"122,80002429132652","505,0",3,4,2024-07-27
2024-07-27 08:00:00,"25,99219364887841","453,589996",3,4,2024-07-27
2024-07-27 09:00:00,"-5,330187081782468","297,76001",3,4,2024-07-27
2024-07-27 10:00:00,"-31,94615752757135","208,960007",3,4,2024-07-27
2024-07-27 11:00:00,"-20,516071528384263","132,839996",3,4,2024-07-27
2024-07-27 12:00:00,"-22,856398419819197","133,729996",3,4,2024-07-27
2024-07-27 13:00:00,"-27,27925152549881","261,350006",3,4,2024-07-27
2024-07-27 14:00:00,"-6,78133969576205","505,380005",3,4,2024-07-27
2024-07-27 15:00:00,"106,0444794662603","649,710022",3,4,2024-07-27
2024-07-27 16:00:00,"244,67571794519912","783,369995",3,4,2024-07-27
2024-07-27 17:00:00,"281,29613929208864","863,140015",3,4,2024-07-27
2024-07-27 18:00:00,"314,33053417276574","908,669983",3,4,2024-07-27
2024-07-27 19:00:00,"299,86942479007234","909,109985",3,4,2024-07-27
2024-07-27 20:00:00,"279,8707064208958","806,719971",3,4,2024-07-27
2024-07-27 21:00:00,"226,88202471173685","730,900024",3,4,2024-07-27
2024-07-27 22:00:00,"230,15588246911656","820,820007",3,4,2024-07-27
2024-07-27 23:00:00,"234,0838230359831","709,780029",3,4,2024-07-27
2024-07-28 00:00:00,"201,19387675351203","658,280029",3,4,2024-07-28
2024-07-28 01:00:00,"194,33812250139715","608,429993",3,4,2024-07-28
2024-07-28 02:00:00,"185,39133911843675","586,119995",3,4,2024-07-28
2024-07-28 03:00:00,"182,21150934624774","591,48999",3,4,2024-07-28
2024-07-28 04:00:00,"158,87281890598902","563,659973",3,4,2024-07-28
2024-07-28 05:00:00,"127,89207111213356","541,869995",3,4,2024-07-28
2024-07-28 06:00:00,"61,59181215642841","190,220001",3,4,2024-07-28
2024-07-28 07:00:00,"15,876092975420848","36,720001",3,4,2024-07-28
2024-07-28 08:00:00,"23,665513327741184","0,0",3,4,2024-07-28
2024-07-28 09:00:00,"-361,9595100335998","-18,129999",3,4,2024-07-28
2024-07-28 10:00:00,"-216,97456038487317","-112,239998",3,4,2024-07-28
2024-07-28 11:00:00,"-412,0865153864373","-222,389999",3,4,2024-07-28
2024-07-28 12:00:00,"-412,0865153864373","-363,359985",3,4,2024-07-28
2024-07-28 13:00:00,"-237,93305119246713","-250,220001",3,4,2024-07-28
2024-07-28 14:00:00,"-67,37110329820598","-99,099998",3,4,2024-07-28
2024-07-28 15:00:00,"125,95284310586926","-14,85",3,4,2024-07-28
2024-07-28 16:00:00,"357,4581213061068","181,570007",3,4,2024-07-28
2024-07-28 17:00:00,"361,51176146711384","443,209991",3,4,2024-07-28
2024-07-28 18:00:00,"520,2066294812917","588,580017",3,4,2024-07-28
2024-07-28 19:00:00,"561,7221976092482","579,630005",3,4,2024-07-28
2024-07-28 20:00:00,"424,33331931029744","589,400024",3,4,2024-07-28
2024-07-28 21:00:00,"349,3395972781065","566,200012",3,4,2024-07-28
2024-07-28 22:00:00,"323,9721483593746","513,659973",3,4,2024-07-28
2024-07-28 23:00:00,"282,0378382569409","508,959991",3,4,2024-07-28
2024-09-30 00:00:00,"118,03195027284622","62,630001",4,1,2024-09-30
2024-09-30 01:00:00,"184,85266648042432","41,23",4,1,2024-09-30
2024-09-30 02:00:00,"240,05208755923908","41,830002",4,1,2024-09-30
2024-09-30 03:00:00,"329,3213658669924","126,599998",4,1,2024-09-30
2024-09-30 04:00:00,"383,3035098045409","314,869995",4,1,2024-09-30
2024-09-30 05:00:00,"453,7387161968155","597,22998",4,1,2024-09-30
2024-09-30 06:00:00,"574,2815039580819","597,22998",4,1,2024-09-30
2024-09-30 07:00:00,"548,8958019069486","447,359985",4,1,2024-09-30
2024-09-30 08:00:00,"449,6283738981576","272,73999",4,1,2024-09-30
2024-09-30 09:00:00,"357,7325208211998","155,910004",4,1,2024-09-30
2024-09-30 10:00:00,"304,4845420236164","69,190002",4,1,2024-09-30
2024-09-30 11:00:00,"305,5880274143052","15,36",4,1,2024-09-30
2024-09-30 12:00:00,"307,5120667557601","56,889999",4,1,2024-09-30
2024-09-30 13:00:00,"294,2509894130814","163,740005",4,1,2024-09-30
2024-09-30 14:00:00,"306,058220623795","180,360001",4,1,2024-09-30
2024-09-30 15:00:00,"325,14295609628414","243,960007",4,1,2024-09-30
2024-09-30 16:00:00,"472,2686837429715","268,339996",4,1,2024-09-30
2024-09-30 17:00:00,"365,98088942347016","273,119995",4,1,2024-09-30
2024-09-30 18:00:00,"371,73555395213265","270,660004",4,1,2024-09-30
2024-09-30 19:00:00,"289,3841026178989","163,509995",4,1,2024-09-30
2024-09-30 20:00:00,"239,22574423078242","149,199997",4,1,2024-09-30
2024-09-30 21:00:00,"203,45141346306883","73,370003",4,1,2024-09-30
2024-09-30 22:00:00,"184,70101849245987","23,93",4,1,2024-09-30
2024-09-30 23:00:00,"182,21017989343625","0,52",4,1,2024-09-30
2024-10-01 00:00:00,"172,09460689146758","0,37",4,1,2024-10-01
2024-10-01 01:00:00,"169,28296183677682","0,15",4,1,2024-10-01
2024-10-01 02:00:00,"166,92885346846572","0,67",4,1,2024-10-01
2024-10-01 03:00:00,"188,22044067249456","50,700001",4,1,2024-10-01
2024-10-01 04:00:00,"214,73133244183455","249,619995",4,1,2024-10-01
2024-10-01 05:00:00,"229,3765009967664","293,910004",4,1,2024-10-01
2024-10-01 06:00:00,"320,9898061894432","308,079987",4,1,2024-10-01
2024-10-01 07:00:00,"333,6514147066853","309,5",4,1,2024-10-01
2024-10-01 08:00:00,"313,02206767875424","288,170013",4,1,2024-10-01
2024-10-01 09:00:00,"259,9735147367279","260,880005",4,1,2024-10-01
2024-10-01 10:00:00,"232,51551219265838","260,660004",4,1,2024-10-01
2024-10-01 11:00:00,"210,2540289814243","260,880005",4,1,2024-10-01
2024-10-01 12:00:00,"174,91197905567222","260,660004",4,1,2024-10-01
2024-10-01 13:00:00,"206,31983323925698","296,079987",4,1,2024-10-01
2024-10-01 14:00:00,"218,00952237815696","324,779999",4,1,2024-10-01
2024-10-01 15:00:00,"249,5948348602184","393,0",4,1,2024-10-01
2024-10-01 16:00:00,"336,077003006892","405,600006",4,1,2024-10-01
2024-10-01 17:00:00,"350,8759850164663","421,410004",4,1,2024-10-01
2024-10-01 18:00:00,"297,35512269797226","366,829987",4,1,2024-10-01
2024-10-01 19:00:00,"280,71915740131755","345,429993",4,1,2024-10-01
2024-10-01 20:00:00,"231,1124397529828","321,649994",4,1,2024-10-01
2024-10-01 21:00:00,"219,18187057705987","309,940002",4,1,2024-10-01
2024-10-01 22:00:00,"210,29047337629447","432,829987",4,1,2024-10-01
2024-10-01 23:00:00,"194,20473319916","367,350006",4,1,2024-10-01
2024-10-02 00:00:00,"162,53407562753478","373,540009",4,1,2024-10-02
2024-10-02 01:00:00,"158,6556115423549","365,339996",4,1,2024-10-02
2024-10-02 02:00:00,"167,8078398735054","362,730011",4,1,2024-10-02
2024-10-02 03:00:00,"169,55203825011114","363,470001",4,1,2024-10-02
2024-10-02 04:00:00,"235,2419443442993","596,440002",4,1,2024-10-02
2024-10-02 05:00:00,"294,1555005094774","692,869995",4,1,2024-10-02
2024-10-02 06:00:00,"323,28880348624494","913,830017",4,1,2024-10-02
2024-10-02 07:00:00,"305,01456705527454","701,219971",4,1,2024-10-02
2024-10-02 08:00:00,"266,8202509388052","484,880005",4,1,2024-10-02
2024-10-02 09:00:00,"237,28125893803372","394,420013",4,1,2024-10-02
2024-10-02 10:00:00,"180,8767049954019","431,040009",4,1,2024-10-02
2024-10-02 11:00:00,"160,8178805875263","597,109985",4,1,2024-10-02
2024-10-02 12:00:00,"175,64536117936592","584,659973",4,1,2024-10-02
2024-10-02 13:00:00,"215,39097008125185","607,26001",4,1,2024-10-02
2024-10-02 14:00:00,"200,30164143913692","607,849976",4,1,2024-10-02
2024-10-02 15:00:00,"333,4634932514468","746,48999",4,1,2024-10-02
2024-10-02 16:00:00,"331,82658526546817","872,590027",4,1,2024-10-02
2024-10-02 17:00:00,"406,30762960381946","969,97998",4,1,2024-10-02
2024-10-02 18:00:00,"378,22385109183836","852,900024",4,1,2024-10-02
2024-10-02 19:00:00,"286,6355366976043","719,940002",4,1,2024-10-02
2024-10-02 20:00:00,"265,7493763728035","695,780029",4,1,2024-10-02
2024-10-02 21:00:00,"258,00547258778124","633,880005",4,1,2024-10-02
2024-10-02 22:00:00,"264,722111688816","502,230011",4,1,2024-10-02
2024-10-02 23:00:00,"272,40260896939986","491,26001",4,1,2024-10-02
2024-10-03 00:00:00,"299,77096899242537","485,890015",4,1,2024-10-03
2024-10-03 01:00:00,"318,8893011870159","478,730011",4,1,2024-10-03
2024-10-03 02:00:00,"325,6858298794056","477,23999",4,1,2024-10-03
2024-10-03 03:00:00,"319,74602502624526","480,369995",4,1,2024-10-03
2024-10-03 04:00:00,"379,4143184071062","488,059998",4,1,2024-10-03
2024-10-03 05:00:00,"404,25888979146595","547,280029",4,1,2024-10-03
2024-10-03 06:00:00,"305,18283025214714","571,900024",4,1,2024-10-03
2024-10-03 07:00:00,"285,56727352446467","543,780029",4,1,2024-10-03
2024-10-03 08:00:00,"297,02851123334756","516,77002",4,1,2024-10-03
2024-10-03 09:00:00,"267,29602563340376","470,230011",4,1,2024-10-03
2024-10-03 10:00:00,"211,9981800611035","351,25",4,1,2024-10-03
2024-10-03 11:00:00,"201,7039667070634","253,460007",4,1,2024-10-03
2024-10-03 12:00:00,"208,9567057751588","291,950012",4,1,2024-10-03
2024-10-03 13:00:00,"271,69958862418594","383,109985",4,1,2024-10-03
2024-10-03 14:00:00,"304,4233709288686","492,609985",4,1,2024-10-03
2024-10-03 15:00:00,"320,4699642533152","669,090027",4,1,2024-10-03
2024-10-03 16:00:00,"355,7913678952773","821,039978",4,1,2024-10-03
2024-10-03 17:00:00,"482,4734358906648","860,200012",4,1,2024-10-03
2024-10-03 18:00:00,"448,8859446571681","807,679993",4,1,2024-10-03
2024-10-03 19:00:00,"313,42077641159227","736,669983",4,1,2024-10-03
2024-10-03 20:00:00,"303,7393061411322","678,48999",4,1,2024-10-03
2024-10-03 21:00:00,"279,91092017964945","607,630005",4,1,2024-10-03
2024-10-03 22:00:00,"278,2680699380451","551,23999",4,1,2024-10-03
2024-10-03 23:00:00,"221,6074871680138","540,950012",4,1,2024-10-03
2024-10-04 00:00:00,"193,57304200095618","537,809998",4,1,2024-10-04
2024-10-04 01:00:00,"187,84580017280965","537,070007",4,1,2024-10-04
2024-10-04 02:00:00,"181,9915911084341","539,530029",4,1,2024-10-04
2024-10-04 03:00:00,"179,49360509219014","575,109985",4,1,2024-10-04
2024-10-04 04:00:00,"169,90237843201496","768,299988",4,1,2024-10-04
2024-10-04 05:00:00,"388,21220726367716","943,890015",4,1,2024-10-04
2024-10-04 06:00:00,"375,4987123964648","1054,890015",4,1,2024-10-04
2024-10-04 07:00:00,"274,32895700663835","867,289978",4,1,2024-10-04
2024-10-04 08:00:00,"236,92985717185672","746,599976",4,1,2024-10-04
2024-10-04 09:00:00,"203,4872469627833","634,039978",4,1,2024-10-04
2024-10-04 10:00:00,"186,16141669346004","559,969971",4,1,2024-10-04
2024-10-04 11:00:00,"143,4593542651547","548,179993",4,1,2024-10-04
2024-10-04 12:00:00,"136,55124629023516","565,559998",4,1,2024-10-04
2024-10-04 13:00:00,"165,92163831263974","589,799988",4,1,2024-10-04
2024-10-04 14:00:00,"219,5477452446603","669,840027",4,1,2024-10-04
2024-10-04 15:00:00,"207,47660130941165","798,890015",4,1,2024-10-04
2024-10-04 16:00:00,"261,46988737443394","984,400024",4,1,2024-10-04
2024-10-04 17:00:00,"417,81052946353867","1111,579956",4,1,2024-10-04
2024-10-04 18:00:00,"330,3146455728845","922,710022",4,1,2024-10-04
2024-10-04 19:00:00,"296,69852514295104","745,179993",4,1,2024-10-04
2024-10-04 20:00:00,"262,68795862175136","745,179993",4,1,2024-10-04
2024-10-04 21:00:00,"257,5351633306005","671,330017",4,1,2024-10-04
2024-10-04 22:00:00,"258,3273285985846","694,340027",4,1,2024-10-04
2024-10-04 23:00:00,"238,41800862886868","631,23999",4,1,2024-10-04
2024-10-05 00:00:00,"206,87136635559227","607,080017",4,1,2024-10-05
2024-10-05 01:00:00,"187,08878875236053","563,380005",4,1,2024-10-05
2024-10-05 02:00:00,"182,17835803791678","564,719971",4,1,2024-10-05
2024-10-05 03:00:00,"170,91909457370784","595,299988",4,1,2024-10-05
2024-10-05 04:00:00,"181,94153633946723","642,880005",4,1,2024-10-05
2024-10-05 05:00:00,"172,57986804493297","748,780029",4,1,2024-10-05
2024-10-05 06:00:00,"159,29776171289743","825,0",4,1,2024-10-05
2024-10-05 07:00:00,"173,88664455306227","768,169983",4,1,2024-10-05
2024-10-05 08:00:00,"131,42965161571317","614,690002",4,1,2024-10-05
2024-10-05 09:00:00,"31,91947874500517","509,160004",4,1,2024-10-05
2024-10-05 10:00:00,"2,5817420484840174","383,640015",4,1,2024-10-05
2024-10-05 11:00:00,"1,589930997789927","289,970001",4,1,2024-10-05
2024-10-05 12:00:00,"2,232055677528572","324,350006",4,1,2024-10-05
2024-10-05 13:00:00,"8,832342627970949","418,839996",4,1,2024-10-05
2024-10-05 14:00:00,"129,86746995001405","544,280029",4,1,2024-10-05
2024-10-05 15:00:00,"254,6871114613694","690,23999",4,1,2024-10-05
2024-10-05 16:00:00,"433,5755407773153","1029,719971",4,1,2024-10-05
2024-10-05 17:00:00,"359,20215127438075","1028,97998",4,1,2024-10-05
2024-10-05 18:00:00,"296,9895504442339","799,719971",4,1,2024-10-05
2024-10-05 19:00:00,"286,7805054580123","705,299988",4,1,2024-10-05
2024-10-05 20:00:00,"246,4379781302345","633,710022",4,1,2024-10-05
2024-10-05 21:00:00,"250,64826790165745","499,690002",4,1,2024-10-05
2024-10-05 22:00:00,"223,3150812640415","485,420013",4,1,2024-10-05
2024-10-05 23:00:00,"245,22366966042262","452,100006",4,1,2024-10-05
2024-10-06 00:00:00,"258,77592149603873","440,549988",4,1,2024-10-06
2024-10-06 01:00:00,"272,1233512406256","433,320007",4,1,2024-10-06
2024-10-06 02:00:00,"310,9253724260074","424,369995",4,1,2024-10-06
2024-10-06 03:00:00,"313,4835081781577","433,320007",4,1,2024-10-06
2024-10-06 04:00:00,"293,7282238081997","431,829987",4,1,2024-10-06
2024-10-06 05:00:00,"330,3628381003516","524,929993",4,1,2024-10-06
2024-10-06 06:00:00,"326,1032704251674","491,01001",4,1,2024-10-06
2024-10-06 07:00:00,"267,79459543056754","447,700012",4,1,2024-10-06
2024-10-06 08:00:00,"119,86839526405898","262,98999",4,1,2024-10-06
2024-10-06 09:00:00,"61,288139582055244","124,339996",4,1,2024-10-06
2024-10-06 10:00:00,"25,084804451305125","79,690002",4,1,2024-10-06
2024-10-06 11:00:00,"8,777254639765943","41,889999",4,1,2024-10-06
2024-10-06 12:00:00,"11,23123125415325","16,25",4,1,2024-10-06
2024-10-06 13:00:00,"30,267429139906376","13,34",4,1,2024-10-06
2024-10-06 14:00:00,"219,2827092054841","395,820007",4,1,2024-10-06
2024-10-06 15:00:00,"402,15463942703","617,070007",4,1,2024-10-06
2024-10-06 16:00:00,"475,6409697394797","792,390015",4,1,2024-10-06
2024-10-06 17:00:00,"377,491683910452","724,710022",4,1,2024-10-06
2024-10-06 18:00:00,"368,40674692867134","544,01001",4,1,2024-10-06
2024-10-06 19:00:00,"324,37733969028756","442,559998",4,1,2024-10-06
2024-10-06 20:00:00,"328,4665364395182","437,48999",4,1,2024-10-06
2024-10-06 21:00:00,"297,966746018848","385,459991",4,1,2024-10-06
2024-10-06 22:00:00,"261,5323620235796","257,769989",4,1,2024-10-06
2024-10-06 23:00:00,"230,01791601026886","263,429993",4,1,2024-10-06
2024-10-07 00:00:00,"226,5215389793735","247,850006",4,2,2024-10-07
2024-10-07 01:00:00,"204,3428750502822","224,75",4,2,2024-10-07
2024-10-07 02:00:00,"192,67847121416244","260,529999",4,2,2024-10-07
2024-10-07 03:00:00,"191,0810155638155","291,910004",4,2,2024-10-07
2024-10-07 04:00:00,"335,43361312494284","335,369995",4,2,2024-10-07
2024-10-07 05:00:00,"412,43361677874304","378,299988",4,2,2024-10-07
2024-10-07 06:00:00,"561,0180887998093","414,089996",4,2,2024-10-07
2024-10-07 07:00:00,"487,37068474532526","383,75",4,2,2024-10-07
2024-10-07 08:00:00,"454,7362052003641","372,420013",4,2,2024-10-07
2024-10-07 09:00:00,"355,5414577629044","356,309998",4,2,2024-10-07
2024-10-07 10:00:00,"290,78711867047303","340,880005",4,2,2024-10-07
2024-10-07 11:00:00,"263,71701628884","322,019989",4,2,2024-10-07
2024-10-07 12:00:00,"255,11026319605756","358,399994",4,2,2024-10-07
2024-10-07 13:00:00,"267,6570741919407","458,070007",4,2,2024-10-07
2024-10-07 14:00:00,"237,93271247981377","661,869995",4,2,2024-10-07
2024-10-07 15:00:00,"329,741240244182","873,640015",4,2,2024-10-07
2024-10-07 16:00:00,"382,13194735646925","1405,060059",4,2,2024-10-07
2024-10-07 17:00:00,"450,78339396017515","1405,359985",4,2,2024-10-07
2024-10-07 18:00:00,"322,33908326045025","909,27002",4,2,2024-10-07
2024-10-07 19:00:00,"238,96721631646778","744,909973",4,2,2024-10-07
2024-10-07 20:00:00,"187,60881460550755","685,119995",4,2,2024-10-07
2024-10-07 21:00:00,"179,36271446787876","589,780029",4,2,2024-10-07
2024-10-07 22:00:00,"174,22589489764616","539,340027",4,2,2024-10-07
2024-10-07 23:00:00,"160,75701173481798","500,119995",4,2,2024-10-07
2024-10-08 00:00:00,"165,90759529878804","477,149994",4,2,2024-10-08
2024-10-08 01:00:00,"166,9124874493156","444,940002",4,2,2024-10-08
2024-10-08 02:00:00,"175,825406683659","445,089996",4,2,2024-10-08
2024-10-08 03:00:00,"210,1589558272263","502,799988",4,2,2024-10-08
2024-10-08 04:00:00,"280,48330172245335","641,049988",4,2,2024-10-08
2024-10-08 05:00:00,"338,2006079542938","822,98999",4,2,2024-10-08
2024-10-08 06:00:00,"362,1132561377367","792,200012",4,2,2024-10-08
2024-10-08 07:00:00,"323,72539107530105","633,820007",4,2,2024-10-08
2024-10-08 08:00:00,"296,0879254974277","598,98999",4,2,2024-10-08
2024-10-08 09:00:00,"293,6184337592987","547,469971",4,2,2024-10-08
2024-10-08 10:00:00,"290,387090189663","495,940002",4,2,2024-10-08
2024-10-08 11:00:00,"303,0217454003864","529,200012",4,2,2024-10-08
2024-10-08 12:00:00,"291,26667339593706","565,140015",4,2,2024-10-08
2024-10-08 13:00:00,"357,11936084218814","578,119995",4,2,2024-10-08
2024-10-08 14:00:00,"334,3904489570806","694,440002",4,2,2024-10-08
2024-10-08 15:00:00,"428,4677253985918","850,059998",4,2,2024-10-08
2024-10-08 16:00:00,"543,2863822241675","1073,76001",4,2,2024-10-08
2024-10-08 17:00:00,"527,0438568269258","1141,540039",4,2,2024-10-08
2024-10-08 18:00:00,"434,7937360551086","853,119995",4,2,2024-10-08
2024-10-08 19:00:00,"355,8712983952274","707,640015",4,2,2024-10-08
2024-10-08 20:00:00,"275,9904082876562","645,75",4,2,2024-10-08
2024-10-08 21:00:00,"271,93595106070137","504,070007",4,2,2024-10-08
2024-10-08 22:00:00,"281,04797666612427","461,859985",4,2,2024-10-08
2024-10-08 23:00:00,"278,42751108747836","447,459991",4,2,2024-10-08
2024-10-09 00:00:00,"286,4983725630792","428,670013",4,2,2024-10-09
2024-10-09 01:00:00,"271,9973695134547","405,100006",4,2,2024-10-09
2024-10-09 02:00:00,"254,27654695026692","427,480011",4,2,2024-10-09
2024-10-09 03:00:00,"249,79003250860129","476,329987",4,2,2024-10-09
2024-10-09 04:00:00,"261,97642689849295","646,590027",4,2,2024-10-09
2024-10-09 05:00:00,"394,41936598123664","826,320007",4,2,2024-10-09
2024-10-09 06:00:00,"472,91706485539765","827,659973",4,2,2024-10-09
2024-10-09 07:00:00,"421,9573835487448","648,820007",4,2,2024-10-09
2024-10-09 08:00:00,"351,6318233207166","537,630005",4,2,2024-10-09
2024-10-09 09:00:00,"333,3607153167802","446,720001",4,2,2024-10-09
2024-10-09 10:00:00,"262,62549692320914","445,970001",4,2,2024-10-09
2024-10-09 11:00:00,"238,5343880827883","446,350006",4,2,2024-10-09
2024-10-09 12:00:00,"223,90025325600465","504,369995",4,2,2024-10-09
2024-10-09 13:00:00,"254,71008877941992","575,51001",4,2,2024-10-09
2024-10-09 14:00:00,"284,940059345944","708,48999",4,2,2024-10-09
2024-10-09 15:00:00,"417,04920173032707","875,909973",4,2,2024-10-09
2024-10-09 16:00:00,"483,6191460662359","913,799988",4,2,2024-10-09
2024-10-09 17:00:00,"481,8128902966788","948,030029",4,2,2024-10-09
2024-10-09 18:00:00,"405,1066557952882","828,179993",4,2,2024-10-09
2024-10-09 19:00:00,"295,1771268121403","714,450012",4,2,2024-10-09
2024-10-09 20:00:00,"322,1816451585527","709,22998",4,2,2024-10-09
2024-10-09 21:00:00,"310,60724157968775","614,070007",4,2,2024-10-09
2024-10-09 22:00:00,"299,84225096949064","456,399994",4,2,2024-10-09
2024-10-09 23:00:00,"290,4148247250401","349,73999",4,2,2024-10-09
2024-10-10 00:00:00,"285,8526218208449","281,559998",4,2,2024-10-10
2024-10-10 01:00:00,"270,9964513663483","238,679993",4,2,2024-10-10
2024-10-10 02:00:00,"278,20873728397","221,070007",4,2,2024-10-10
2024-10-10 03:00:00,"265,1836238169905","295,359985",4,2,2024-10-10
2024-10-10 04:00:00,"275,17366819852236","463,179993",4,2,2024-10-10
2024-10-10 05:00:00,"390,223572007595","633,23999",4,2,2024-10-10
2024-10-10 06:00:00,"366,69363362754535","600,119995",4,2,2024-10-10
2024-10-10 07:00:00,"357,82902481825477","503,459991",4,2,2024-10-10
2024-10-10 08:00:00,"320,7530548031822","387,920013",4,2,2024-10-10
2024-10-10 09:00:00,"291,6546451558339","290,369995",4,2,2024-10-10
2024-10-10 10:00:00,"192,94227057767324","163,270004",4,2,2024-10-10
2024-10-10 11:00:00,"133,66198357954246","118,889999",4,2,2024-10-10
2024-10-10 12:00:00,"135,82162774765507","149,25",4,2,2024-10-10
2024-10-10 13:00:00,"224,4043382513615","277,309998",4,2,2024-10-10
2024-10-10 14:00:00,"346,21015966511146","277,309998",4,2,2024-10-10
2024-10-10 15:00:00,"337,7354515972593","285,140015",4,2,2024-10-10
2024-10-10 16:00:00,"385,7403939856225","294,470001",4,2,2024-10-10
2024-10-10 17:00:00,"338,84343286306216","288,200012",4,2,2024-10-10
2024-10-10 18:00:00,"363,97847865028433","274,630005",4,2,2024-10-10
2024-10-10 19:00:00,"305,22950360783466","263,890015",4,2,2024-10-10
2024-10-10 20:00:00,"295,99944164262513","223,759995",4,2,2024-10-10
2024-10-10 21:00:00,"286,19241409306915","236,289993",4,2,2024-10-10
2024-10-10 22:00:00,"252,83831803237481","258,890015",4,2,2024-10-10
2024-10-10 23:00:00,"226,92502684963375","258,959991",4,2,2024-10-10
2024-10-11 00:00:00,"199,6316891767378","261,720001",4,2,2024-10-11
2024-10-11 01:00:00,"188,25512336944595","267,609985",4,2,2024-10-11
2024-10-11 02:00:00,"187,8332948706056","267,839996",4,2,2024-10-11
2024-10-11 03:00:00,"185,72196435033803","274,179993",4,2,2024-10-11
2024-10-11 04:00:00,"198,14026888181522","308,190002",4,2,2024-10-11
2024-10-11 05:00:00,"492,1612124801614","439,230011",4,2,2024-10-11
2024-10-11 06:00:00,"482,4527095182996","593,919983",4,2,2024-10-11
2024-10-11 07:00:00,"462,8212150570726","400,670013",4,2,2024-10-11
2024-10-11 08:00:00,"379,74965862298967","367,859985",4,2,2024-10-11
2024-10-11 09:00:00,"274,2580633634199","324,970001",4,2,2024-10-11
2024-10-11 10:00:00,"195,98478275449614","316,470001",4,2,2024-10-11
2024-10-11 11:00:00,"143,39717976800344","310,200012",4,2,2024-10-11
2024-10-11 12:00:00,"158,10773635230785","299,309998",4,2,2024-10-11
2024-10-11 13:00:00,"198,92522032629967","298,119995",4,2,2024-10-11
2024-10-11 14:00:00,"227,38643592705918","298,859985",4,2,2024-10-11
2024-10-11 15:00:00,"253,45397604826076","496,660004",4,2,2024-10-11
2024-10-11 16:00:00,"400,90298856951483","939,330017",4,2,2024-10-11
2024-10-11 17:00:00,"459,2214237243999","1208,060059",4,2,2024-10-11
2024-10-11 18:00:00,"354,44299426220255","895,02002",4,2,2024-10-11
2024-10-11 19:00:00,"310,2855930948271","744,289978",4,2,2024-10-11
2024-10-11 20:00:00,"285,66158197642505","733,98999",4,2,2024-10-11
2024-10-11 21:00:00,"246,70401394737135","655,080017",4,2,2024-10-11
2024-10-11 22:00:00,"233,33880985086165","672,190002",4,2,2024-10-11
2024-10-11 23:00:00,"202,40490132829964","592,580017",4,2,2024-10-11
2024-10-12 00:00:00,"181,9702344843955","563,929993",4,2,2024-10-12
2024-10-12 01:00:00,"178,26912455685863","559,75",4,2,2024-10-12
2024-10-12 02:00:00,"179,12537007831267","536,619995",4,2,2024-10-12
2024-10-12 03:00:00,"182,36502522085667","506,619995",4,2,2024-10-12
2024-10-12 04:00:00,"177,0188933572006","534,460022",4,2,2024-10-12
2024-10-12 05:00:00,"203,09802663229567","400,149994",4,2,2024-10-12
2024-10-12 06:00:00,"205,69873608464545","378,359985",4,2,2024-10-12
2024-10-12 07:00:00,"203,60856532287946","310,910004",4,2,2024-10-12
2024-10-12 08:00:00,"177,34494049869258","263,390015",4,2,2024-10-12
2024-10-12 09:00:00,"149,3391061956502","255,770004",4,2,2024-10-12
2024-10-12 10:00:00,"116,11121228774093","184,970001",4,2,2024-10-12
2024-10-12 11:00:00,"101,26568315108166","106,919998",4,2,2024-10-12
2024-10-12 12:00:00,"119,00848055772967","174,149994",4,2,2024-10-12
2024-10-12 13:00:00,"158,0237835352537","263,459991",4,2,2024-10-12
2024-10-12 14:00:00,"286,10871228279734","218,990005",4,2,2024-10-12
2024-10-12 15:00:00,"321,18580420417885","423,799988",4,2,2024-10-12
2024-10-12 16:00:00,"320,55260157876586","361,950012",4,2,2024-10-12
2024-10-12 17:00:00,"347,9639415856882","299,049988",4,2,2024-10-12
2024-10-12 18:00:00,"280,90170471384596","289,350006",4,2,2024-10-12
2024-10-12 19:00:00,"270,0280607030141","288,309998",4,2,2024-10-12
2024-10-12 20:00:00,"260,67253766754516","260,179993",4,2,2024-10-12
2024-10-12 21:00:00,"290,0190845199959","189,289993",4,2,2024-10-12
2024-10-12 22:00:00,"300,7236936721614","0,0",4,2,2024-10-12
2024-10-12 23:00:00,"268,0798473147736","-0,07",4,2,2024-10-12
2024-10-13 00:00:00,"278,4801287995461","-0,52",4,2,2024-10-13
2024-10-13 01:00:00,"274,02375813597024","-2,76",4,2,2024-10-13
2024-10-13 02:00:00,"307,2522023641226","-3,81",4,2,2024-10-13
2024-10-13 03:00:00,"317,9004193488197","-0,67",4,2,2024-10-13
2024-10-13 04:00:00,"324,1056207028661","-0,07",4,2,2024-10-13
2024-10-13 05:00:00,"313,9723019318035","12,83",4,2,2024-10-13
2024-10-13 06:00:00,"286,51467023745084","134,0",4,2,2024-10-13
2024-10-13 07:00:00,"257,75497691172393","73,489998",4,2,2024-10-13
2024-10-13 08:00:00,"172,66616344842197","36,630001",4,2,2024-10-13
2024-10-13 09:00:00,"96,77361129214462","46,330002",4,2,2024-10-13
2024-10-13 10:00:00,"46,223634231079764","47,599998",4,2,2024-10-13
2024-10-13 11:00:00,"22,36214987524848","52,970001",4,2,2024-10-13
2024-10-13 12:00:00,"6,870457022942272","59,09",4,2,2024-10-13
2024-10-13 13:00:00,"41,55731830931931","94,610001",4,2,2024-10-13
2024-10-13 14:00:00,"290,153283331082","118,260002",4,2,2024-10-13
2024-10-13 15:00:00,"410,4593835217897","166,009995",4,2,2024-10-13
2024-10-13 16:00:00,"457,6161643199623","267,329987",4,2,2024-10-13
2024-10-13 17:00:00,"408,4758909118647","403,269989",4,2,2024-10-13
2024-10-13 18:00:00,"343,5760206319787","294,790009",4,2,2024-10-13
2024-10-13 19:00:00,"328,9537596601017","286,730011",4,2,2024-10-13
2024-10-13 20:00:00,"355,4252135602777","299,410004",4,2,2024-10-13
2024-10-13 21:00:00,"316,7060572484032","274,640015",4,2,2024-10-13
2024-10-13 22:00:00,"312,72069778753837","276,809998",4,2,2024-10-13
2024-10-13 23:00:00,"285,826791209375","263,0",4,2,2024-10-13
2024-10-14 00:00:00,"236,5203846382433","262,410004",4,3,2024-10-14
2024-10-14 01:00:00,"212,70120363756865","256,359985",4,3,2024-10-14
2024-10-14 02:00:00,"215,44604842197418","293,450012",4,3,2024-10-14
2024-10-14 03:00:00,"213,084338885994","464,079987",4,3,2024-10-14
2024-10-14 04:00:00,"289,71467650944606","736,710022",4,3,2024-10-14
2024-10-14 05:00:00,"391,318681728496","973,900024",4,3,2024-10-14
2024-10-14 06:00:00,"407,1353116592062","1142,449951",4,3,2024-10-14
2024-10-14 07:00:00,"305,2549025777705","879,960022",4,3,2024-10-14
2024-10-14 08:00:00,"311,80040575812416","753,200012",4,3,2024-10-14
2024-10-14 09:00:00,"291,9401137389446","695,599976",4,3,2024-10-14
2024-10-14 10:00:00,"281,0733796636122","643,450012",4,3,2024-10-14
2024-10-14 11:00:00,"265,9761333416914","616,289978",4,3,2024-10-14
2024-10-14 12:00:00,"268,5034595729932","553,320007",4,3,2024-10-14
2024-10-14 13:00:00,"297,729887894493","649,710022",4,3,2024-10-14
2024-10-14 14:00:00,"262,979150905103","789,309998",4,3,2024-10-14
2024-10-14 15:00:00,"320,56560577158217","1182,660034",4,3,2024-10-14
2024-10-14 16:00:00,"442,0343023115429","1865,280029",4,3,2024-10-14
2024-10-14 17:00:00,"399,1397654289803","1964,290039",4,3,2024-10-14
2024-10-14 18:00:00,"336,5669101548455","1178,859985",4,3,2024-10-14
2024-10-14 19:00:00,"304,56628786121894","851,460022",4,3,2024-10-14
2024-10-14 20:00:00,"232,3592600474122","743,580017",4,3,2024-10-14
2024-10-14 21:00:00,"207,82142014989574","707,309998",4,3,2024-10-14
2024-10-14 22:00:00,"195,98564044500716","680,679993",4,3,2024-10-14
2024-10-14 23:00:00,"187,3231810039205","645,320007",4,3,2024-10-14
2024-10-15 00:00:00,"181,95344198585482","659,190002",4,3,2024-10-15
2024-10-15 01:00:00,"172,69867082760564","627,039978",4,3,2024-10-15
2024-10-15 02:00:00,"185,39723365270652","602,859985",4,3,2024-10-15
2024-10-15 03:00:00,"197,75130589214365","667,849976",4,3,2024-10-15
2024-10-15 04:00:00,"241,39752899703143","854,530029",4,3,2024-10-15
2024-10-15 05:00:00,"324,3272345106509","1383,22998",4,3,2024-10-15
2024-10-15 06:00:00,"387,0454513359725","1317,719971",4,3,2024-10-15
2024-10-15 07:00:00,"358,4295075989764","824,76001",4,3,2024-10-15
2024-10-15 08:00:00,"317,8625445290025","692,02002",4,3,2024-10-15
2024-10-15 09:00:00,"312,68541892758645","619,650024",4,3,2024-10-15
2024-10-15 10:00:00,"289,0662489222964","585,47998",4,3,2024-10-15
2024-10-15 11:00:00,"302,7081669373491","535,340027",4,3,2024-10-15
2024-10-15 12:00:00,"304,1998625715866","566,299988",4,3,2024-10-15
2024-10-15 13:00:00,"313,54733666699167","621,960022",4,3,2024-10-15
2024-10-15 14:00:00,"344,055316164005","664,27002",4,3,2024-10-15
2024-10-15 15:00:00,"415,6534563131642","900,48999",4,3,2024-10-15
2024-10-15 16:00:00,"399,2667430395213","1020,609985",4,3,2024-10-15
2024-10-15 17:00:00,"440,5846886956319","726,049988",4,3,2024-10-15
2024-10-15 18:00:00,"341,78592427943994","568,98999",4,3,2024-10-15
2024-10-15 19:00:00,"298,9718169242277","497,290009",4,3,2024-10-15
2024-10-15 20:00:00,"315,22147052993927","445,059998",4,3,2024-10-15
2024-10-15 21:00:00,"295,0554452428144","304,269989",4,3,2024-10-15
2024-10-15 22:00:00,"286,090687221082","174,210007",4,3,2024-10-15
2024-10-15 23:00:00,"278,60991698064555","95,5",4,3,2024-10-15
2024-10-16 00:00:00,"279,01616507484874","39,540001",4,3,2024-10-16
2024-10-16 01:00:00,"272,41146739047923","26,93",4,3,2024-10-16
2024-10-16 02:00:00,"260,0810866424397","23,58",4,3,2024-10-16
2024-10-16 03:00:00,"268,2300254137924","61,18",4,3,2024-10-16
2024-10-16 04:00:00,"271,1207166882136","301,049988",4,3,2024-10-16
2024-10-16 05:00:00,"381,6390546862285","353,720001",4,3,2024-10-16
2024-10-16 06:00:00,"388,5827485223814","406,23999",4,3,2024-10-16
2024-10-16 07:00:00,"376,20755555293016","354,76001",4,3,2024-10-16
2024-10-16 08:00:00,"315,73956938325824","199,059998",4,3,2024-10-16
2024-10-16 09:00:00,"303,60591775377145","105,650002",4,3,2024-10-16
2024-10-16 10:00:00,"297,5716818526402","30,51",4,3,2024-10-16
2024-10-16 11:00:00,"269,6855289557387","15,22",4,3,2024-10-16
2024-10-16 12:00:00,"271,7656442775295","29,84",4,3,2024-10-16
2024-10-16 13:00:00,"270,86831313548873","105,800003",4,3,2024-10-16
2024-10-16 14:00:00,"290,69386193027407","246,210007",4,3,2024-10-16
2024-10-16 15:00:00,"339,33024543127596","263,0",4,3,2024-10-16
2024-10-16 16:00:00,"350,69022102803683","277,470001",4,3,2024-10-16
2024-10-16 17:00:00,"396,3717227604964","272,470001",4,3,2024-10-16
2024-10-16 18:00:00,"295,1312365645422","267,470001",4,3,2024-10-16
2024-10-16 19:00:00,"299,9383424444912","257,619995",4,3,2024-10-16
2024-10-16 20:00:00,"318,7538658535502","242,029999",4,3,2024-10-16
2024-10-16 21:00:00,"282,2122724368033","198,009995",4,3,2024-10-16
2024-10-16 22:00:00,"284,2834097196813","127,129997",4,3,2024-10-16
2024-10-16 23:00:00,"293,43454254217033","90,650002",4,3,2024-10-16
2024-10-17 00:00:00,"294,59693949020624","78,190002",4,3,2024-10-17
2024-10-17 01:00:00,"280,43090155786933","41,860001",4,3,2024-10-17
2024-10-17 02:00:00,"244,96619489074266","74,68",4,3,2024-10-17
2024-10-17 03:00:00,"255,88949810978335","216,139999",4,3,2024-10-17
2024-10-17 04:00:00,"303,27253791401625","261,730011",4,3,2024-10-17
2024-10-17 05:00:00,"377,98623152222416","298,660004",4,3,2024-10-17
2024-10-17 06:00:00,"371,62682786147616","306,790009",4,3,2024-10-17
2024-10-17 07:00:00,"376,9809067864907","301,869995",4,3,2024-10-17
2024-10-17 08:00:00,"350,22375850903853","286,940002",4,3,2024-10-17
2024-10-17 09:00:00,"304,9074154205524","287,089996",4,3,2024-10-17
2024-10-17 10:00:00,"222,07145414383848","290,670013",4,3,2024-10-17
2024-10-17 11:00:00,"151,48768932731667","305,299988",4,3,2024-10-17
2024-10-17 12:00:00,"166,67914971940544","322,980011",4,3,2024-10-17
2024-10-17 13:00:00,"263,5808652537396","474,140015",4,3,2024-10-17
2024-10-17 14:00:00,"328,319717955878","691,469971",4,3,2024-10-17
2024-10-17 15:00:00,"317,5092808510681","893,059998",4,3,2024-10-17
2024-10-17 16:00:00,"347,2832201775964","1292,290039",4,3,2024-10-17
2024-10-17 17:00:00,"334,7507963394219","1275,810059",4,3,2024-10-17
2024-10-17 18:00:00,"321,0159247392678","876,650024",4,3,2024-10-17
2024-10-17 19:00:00,"289,11819617454967","729,75",4,3,2024-10-17
2024-10-17 20:00:00,"283,9427389462121","664,390015",4,3,2024-10-17
2024-10-17 21:00:00,"264,90634682763385","613,359985",4,3,2024-10-17
2024-10-17 22:00:00,"233,78574613289206","603,929993",4,3,2024-10-17
2024-10-17 23:00:00,"201,35214751443377","605,5",4,3,2024-10-17
2024-10-18 00:00:00,"184,19449227715344","617,210022",4,3,2024-10-18
2024-10-18 01:00:00,"184,64735345081306","588,190002",4,3,2024-10-18
2024-10-18 02:00:00,"176,94343807183057","605,72998",4,3,2024-10-18
2024-10-18 03:00:00,"178,07614285489143","629,22998",4,3,2024-10-18
2024-10-18 04:00:00,"193,83144991091464","737,780029",4,3,2024-10-18
2024-10-18 05:00:00,"470,77374623773596","1117,449951",4,3,2024-10-18
2024-10-18 06:00:00,"546,1654328814169","1165,640015",4,3,2024-10-18
2024-10-18 07:00:00,"453,53050153329974","828,130005",4,3,2024-10-18
2024-10-18 08:00:00,"385,27572996380877","714,429993",4,3,2024-10-18
2024-10-18 09:00:00,"344,07417072186314","636,390015",4,3,2024-10-18
2024-10-18 10:00:00,"299,646146552095","618,929993",4,3,2024-10-18
2024-10-18 11:00:00,"276,7240355403728","598,340027",4,3,2024-10-18
2024-10-18 12:00:00,"265,7020549200075","605,72998",4,3,2024-10-18
2024-10-18 13:00:00,"249,97826959925652","629,22998",4,3,2024-10-18
2024-10-18 14:00:00,"261,7793328256078","770,599976",4,3,2024-10-18
2024-10-18 15:00:00,"303,9625399815105","997,26001",4,3,2024-10-18
2024-10-18 16:00:00,"407,03055776958774","1352,459961",4,3,2024-10-18
2024-10-18 17:00:00,"419,233055374343","1063,72998",4,3,2024-10-18
2024-10-18 18:00:00,"361,03545770625","770,309998",4,3,2024-10-18
2024-10-18 19:00:00,"305,0971386434641","722,409973",4,3,2024-10-18
2024-10-18 20:00:00,"288,078376272988","695,77002",4,3,2024-10-18
2024-10-18 21:00:00,"268,2653902471433","638,179993",4,3,2024-10-18
2024-10-18 22:00:00,"260,5112436878434","649,27002",4,3,2024-10-18
2024-10-18 23:00:00,"238,72436360812102","619,210022",4,3,2024-10-18
2024-10-19 00:00:00,"209,21697742563984","595,940002",4,3,2024-10-19
2024-10-19 01:00:00,"207,7262190234145","561,27002",4,3,2024-10-19
2024-10-19 02:00:00,"209,1740258479092","565,809998",4,3,2024-10-19
2024-10-19 03:00:00,"209,1740258479092","572,530029",4,3,2024-10-19
2024-10-19 04:00:00,"208,31915055858934","596,619995",4,3,2024-10-19
2024-10-19 05:00:00,"229,2318085274346","685,440002",4,3,2024-10-19
2024-10-19 06:00:00,"224,94695070541428","668,659973",4,3,2024-10-19
2024-10-19 07:00:00,"209,29626034793978","630,919983",4,3,2024-10-19
2024-10-19 08:00:00,"197,43502072473422","587,669983",4,3,2024-10-19
2024-10-19 09:00:00,"175,13669449458646","546,799988",4,3,2024-10-19
2024-10-19 10:00:00,"142,68162148697277","493,399994",4,3,2024-10-19
2024-10-19 11:00:00,"113,63072021847233","454,619995",4,3,2024-10-19
2024-10-19 12:00:00,"124,99874553634697","476,470001",4,3,2024-10-19
2024-10-19 13:00:00,"194,46602280865338","589,679993",4,3,2024-10-19
2024-10-19 14:00:00,"234,9992614715799","731,52002",4,3,2024-10-19
2024-10-19 15:00:00,"242,09275923908726","813,929993",4,3,2024-10-19
2024-10-19 16:00:00,"286,60199361779934","1012,900024",4,3,2024-10-19
2024-10-19 17:00:00,"293,18529112552017","886,940002",4,3,2024-10-19
2024-10-19 18:00:00,"282,9198443386139","721,900024",4,3,2024-10-19
2024-10-19 19:00:00,"274,67193732911835","672,530029",4,3,2024-10-19
2024-10-19 20:00:00,"256,38171904401435","625,179993",4,3,2024-10-19
2024-10-19 21:00:00,"269,8111627294693","546,869995",4,3,2024-10-19
2024-10-19 22:00:00,"217,00849343188943","403,059998",4,3,2024-10-19
2024-10-19 23:00:00,"197,40505155494927","409,470001",4,3,2024-10-19
2024-10-20 00:00:00,"182,8799307572091","407,079987",4,3,2024-10-20
2024-10-20 01:00:00,"166,77079229471323","417,0",4,3,2024-10-20
2024-10-20 02:00:00,"174,9585123557386","444,450012",4,3,2024-10-20
2024-10-20 03:00:00,"178,6671471262932","241,880005",4,3,2024-10-20
2024-10-20 04:00:00,"168,7857191195573","240,389999",4,3,2024-10-20
2024-10-20 05:00:00,"184,0712442571509","291,329987",4,3,2024-10-20
2024-10-20 06:00:00,"197,1803988827874","359,950012",4,3,2024-10-20
2024-10-20 07:00:00,"188,24115820363517","341,230011",4,3,2024-10-20
2024-10-20 08:00:00,"78,7806383586556","47,509998",4,3,2024-10-20
2024-10-20 09:00:00,"42,719059385387496","0,6",4,3,2024-10-20
2024-10-20 10:00:00,"24,97626612513606","0,0",4,3,2024-10-20
2024-10-20 11:00:00,"13,345375814336268","-7,31",4,3,2024-10-20
2024-10-20 12:00:00,"10,170638455323914","-14,99",4,3,2024-10-20
2024-10-20 13:00:00,"9,800763016726668","0,0",4,3,2024-10-20
2024-10-20 14:00:00,"242,16615174238035","38,040001",4,3,2024-10-20
2024-10-20 15:00:00,"298,56089388955945","413,570007",4,3,2024-10-20
2024-10-20 16:00:00,"340,119564606069","318,25",4,3,2024-10-20
2024-10-20 17:00:00,"336,8166823664008","268,950012",4,3,2024-10-20
2024-10-20 18:00:00,"338,29736907589927","252,919998",4,3,2024-10-20
2024-10-20 19:00:00,"341,1874421824046","156,259995",4,3,2024-10-20
2024-10-20 20:00:00,"332,74035915775687","90,620003",4,3,2024-10-20
2024-10-20 21:00:00,"281,222353210645","14,39",4,3,2024-10-20
2024-10-20 22:00:00,"218,6996820446416","-0,75",4,3,2024-10-20
2024-10-20 23:00:00,"194,23378552236272","-0,75",4,3,2024-10-20
2024-10-21 00:00:00,"140,50178419760644","-1,04",4,4,2024-10-21
2024-10-21 01:00:00,"144,80261134790058","-0,6",4,4,2024-10-21
2024-10-21 02:00:00,"164,28889985558828","-0,3",4,4,2024-10-21
2024-10-21 03:00:00,"263,8123617491246","24,24",4,4,2024-10-21
2024-10-21 04:00:00,"440,8964249371138","32,59",4,4,2024-10-21
2024-10-21 05:00:00,"556,841248911004","301,170013",4,4,2024-10-21
2024-10-21 06:00:00,"645,821083770464","292,070007",4,4,2024-10-21
2024-10-21 07:00:00,"554,1171651791444","240,160004",4,4,2024-10-21
2024-10-21 08:00:00,"496,9612092461521","215,399994",4,4,2024-10-21
2024-10-21 09:00:00,"428,7627432304166","208,690002",4,4,2024-10-21
2024-10-21 10:00:00,"384,83513938805555","188,479996",4,4,2024-10-21
2024-10-21 11:00:00,"331,93149942918274","209,729996",4,4,2024-10-21
2024-10-21 12:00:00,"313,0064027022012","168,710007",4,4,2024-10-21
2024-10-21 13:00:00,"345,732948467589","434,609985",4,4,2024-10-21
2024-10-21 14:00:00,"411,7397890150642","670,289978",4,4,2024-10-21
2024-10-21 15:00:00,"525,0984463615512","969,900024",4,4,2024-10-21
2024-10-21 16:00:00,"960,6364506475479","1582,319946",4,4,2024-10-21
2024-10-21 17:00:00,"846,1298959538274","1404,810059",4,4,2024-10-21
2024-10-21 18:00:00,"527,8650411495174","957,969971",4,4,2024-10-21
2024-10-21 19:00:00,"453,5350869198377","750,320007",4,4,2024-10-21
2024-10-21 20:00:00,"372,6327331345156","729,440002",4,4,2024-10-21
2024-10-21 21:00:00,"324,9278827557778","693,419983",4,4,2024-10-21
2024-10-21 22:00:00,"290,380693204328","666,929993",4,4,2024-10-21
2024-10-21 23:00:00,"238,51407435263593","652,76001",4,4,2024-10-21
2024-10-22 00:00:00,"219,9790056278194","639,109985",4,4,2024-10-22
2024-10-22 01:00:00,"202,75482769717703","623,52002",4,4,2024-10-22
2024-10-22 02:00:00,"198,06537666034515","619,190002",4,4,2024-10-22
2024-10-22 03:00:00,"204,41802472614387","641,419983",4,4,2024-10-22
2024-10-22 04:00:00,"282,79682335223606","731,960022",4,4,2024-10-22
2024-10-22 05:00:00,"401,3126186083658","1118,76001",4,4,2024-10-22
2024-10-22 06:00:00,"754,384686082295","1215,27002",4,4,2024-10-22
2024-10-22 07:00:00,"656,3266910274185","846,080017",4,4,2024-10-22
2024-10-22 08:00:00,"564,5223578712017","736,809998",4,4,2024-10-22
2024-10-22 09:00:00,"477,18430349380213","639,109985",4,4,2024-10-22
2024-10-22 10:00:00,"441,4789281692972","246,720001",4,4,2024-10-22
2024-10-22 11:00:00,"379,527296085946","232,550003",4,4,2024-10-22
2024-10-22 12:00:00,"339,0484186694019","225,539993",4,4,2024-10-22
2024-10-22 13:00:00,"314,9339279758874","229,789993",4,4,2024-10-22
2024-10-22 14:00:00,"380,0779461068471","263,130005",4,4,2024-10-22
2024-10-22 15:00:00,"501,6325582571301","759,109985",4,4,2024-10-22
2024-10-22 16:00:00,"570,2199007596013","1043,579956",4,4,2024-10-22
2024-10-22 17:00:00,"483,6436031196518","1176,560059",4,4,2024-10-22
2024-10-22 18:00:00,"436,4402404625241","850,400024",4,4,2024-10-22
2024-10-22 19:00:00,"381,5756485123334","697,72998",4,4,2024-10-22
2024-10-22 20:00:00,"329,40779238088174","713,919983",4,4,2024-10-22
2024-10-22 21:00:00,"306,3414933953736","658,950012",4,4,2024-10-22
2024-10-22 22:00:00,"322,0675354903336","602,789978",4,4,2024-10-22
2024-10-22 23:00:00,"276,1804532604789","620,690002",4,4,2024-10-22
2024-10-23 00:00:00,"245,53909297912185","611,669983",4,4,2024-10-23
2024-10-23 01:00:00,"225,3319691988728","620,539978",4,4,2024-10-23
2024-10-23 02:00:00,"231,10639876074123","639,859985",4,4,2024-10-23
2024-10-23 03:00:00,"209,66765261757092","675,950012",4,4,2024-10-23
2024-10-23 04:00:00,"291,08073614359745","780,950012",4,4,2024-10-23
2024-10-23 05:00:00,"437,4811592814457","1025,329956",4,4,2024-10-23
2024-10-23 06:00:00,"528,5920965939339","1205,72998",4,4,2024-10-23
2024-10-23 07:00:00,"459,39698231240874","957,690002",4,4,2024-10-23
2024-10-23 08:00:00,"420,50630894155","776,330017",4,4,2024-10-23
2024-10-23 09:00:00,"387,10777247023594","693,700012",4,4,2024-10-23
2024-10-23 10:00:00,"351,1121185789892","600,929993",4,4,2024-10-23
2024-10-23 11:00:00,"282,05339712317726","574,75",4,4,2024-10-23
2024-10-23 12:00:00,"239,1284537713778","562,450012",4,4,2024-10-23
2024-10-23 13:00:00,"251,26617217952483","657,830017",4,4,2024-10-23
2024-10-23 14:00:00,"298,13050018888305","696,22998",4,4,2024-10-23
2024-10-23 15:00:00,"358,00971409446976","1009,669983",4,4,2024-10-23
2024-10-23 16:00:00,"304,06665714839846","1428,859985",4,4,2024-10-23
2024-10-23 17:00:00,"318,2335358021732","1312,52002",4,4,2024-10-23
2024-10-23 18:00:00,"296,11406513223386","833,080017",4,4,2024-10-23
2024-10-23 19:00:00,"271,6028830547753","754,849976",4,4,2024-10-23
2024-10-23 20:00:00,"274,83050491721644","767,599976",4,4,2024-10-23
2024-10-23 21:00:00,"259,44835636998204","694,73999",4,4,2024-10-23
2024-10-23 22:00:00,"246,06661103447058","647,059998",4,4,2024-10-23
2024-10-23 23:00:00,"207,18968614012033","597,460022",4,4,2024-10-23
2024-10-24 00:00:00,"211,83680543760875","582,469971",4,4,2024-10-24
2024-10-24 01:00:00,"205,48732046661803","564,349976",4,4,2024-10-24
2024-10-24 02:00:00,"202,82929942371365","532,200012",4,4,2024-10-24
2024-10-24 03:00:00,"231,8230943079116","597,909973",4,4,2024-10-24
2024-10-24 04:00:00,"290,5019729810167","748,409973",4,4,2024-10-24
2024-10-24 05:00:00,"406,0723960705969","1057,98999",4,4,2024-10-24
2024-10-24 06:00:00,"389,2462744281104","1233,47998",4,4,2024-10-24
2024-10-24 07:00:00,"403,7472131918575","874,820007",4,4,2024-10-24
2024-10-24 08:00:00,"342,53410544345996","760,049988",4,4,2024-10-24
2024-10-24 09:00:00,"317,4083891648397","693,969971",4,4,2024-10-24
2024-10-24 10:00:00,"272,3376615880416","626,169983",4,4,2024-10-24
2024-10-24 11:00:00,"233,34584498066752","590,299988",4,4,2024-10-24
2024-10-24 12:00:00,"235,486550083702","607,900024",4,4,2024-10-24
2024-10-24 13:00:00,"281,95159052857383","713,72998",4,4,2024-10-24
2024-10-24 14:00:00,"282,2336892577784","809,869995",4,4,2024-10-24
2024-10-24 15:00:00,"345,9270446218142","921,659973",4,4,2024-10-24
2024-10-24 16:00:00,"366,7929659049465","1034,430054",4,4,2024-10-24
2024-10-24 17:00:00,"341,3327469221646","851,630005",4,4,2024-10-24
2024-10-24 18:00:00,"348,10094626409654","720,52002",4,4,2024-10-24
2024-10-24 19:00:00,"311,0896262985344","698,369995",4,4,2024-10-24
2024-10-24 20:00:00,"307,348852196184","670,47998",4,4,2024-10-24
2024-10-24 21:00:00,"284,7280764190229","623,559998",4,4,2024-10-24
2024-10-24 22:00:00,"272,7115863180513","615,460022",4,4,2024-10-24
2024-10-24 23:00:00,"272,3349692746644","612,25",4,4,2024-10-24
2024-10-25 00:00:00,"267,99850528494096","594,48999",4,4,2024-10-25
2024-10-25 01:00:00,"267,9159375162081","616,200012",4,4,2024-10-25
2024-10-25 02:00:00,"267,56896580697946","630,150024",4,4,2024-10-25
2024-10-25 03:00:00,"270,84676175662486","705,650024",4,4,2024-10-25
2024-10-25 04:00:00,"391,3343843077525","812,700012",4,4,2024-10-25
2024-10-25 05:00:00,"412,61863412323675","923,190002",4,4,2024-10-25
2024-10-25 06:00:00,"456,1781253413726","1123,410034",4,4,2024-10-25
2024-10-25 07:00:00,"488,30965675533696","913,340027",4,4,2024-10-25
2024-10-25 08:00:00,"402,26633700165064","806,809998",4,4,2024-10-25
2024-10-25 09:00:00,"308,2524721107056","700,5",4,4,2024-10-25
2024-10-25 10:00:00,"301,911590185563","604,859985",4,4,2024-10-25
2024-10-25 11:00:00,"287,88881065677907","583,22998",4,4,2024-10-25
2024-10-25 12:00:00,"297,07562349037596","615,22998",4,4,2024-10-25
2024-10-25 13:00:00,"288,89365692921416","741,01001",4,4,2024-10-25
2024-10-25 14:00:00,"280,9729817119528","880,51001",4,4,2024-10-25
2024-10-25 15:00:00,"329,88331858714804","1184,140015",4,4,2024-10-25
2024-10-25 16:00:00,"446,07320012663973","1695,829956",4,4,2024-10-25
2024-10-25 17:00:00,"484,6995476056321","1379,0",4,4,2024-10-25
2024-10-25 18:00:00,"380,1206497955494","924,01001",4,4,2024-10-25
2024-10-25 19:00:00,"335,4712011458909","867,530029",4,4,2024-10-25
2024-10-25 20:00:00,"351,77750098320894","850,150024",4,4,2024-10-25
2024-10-25 21:00:00,"286,2004843876361","801,210022",4,4,2024-10-25
2024-10-25 22:00:00,"313,2035194998983","860,150024",4,4,2024-10-25
2024-10-25 23:00:00,"310,8349373984779","818,0",4,4,2024-10-25
2024-10-26 00:00:00,"299,4419137747249","797,929993",4,4,2024-10-26
2024-10-26 01:00:00,"294,15161056015137","804,200012",4,4,2024-10-26
2024-10-26 02:00:00,"289,26234473216084","788,599976",4,4,2024-10-26
2024-10-26 03:00:00,"289,94634290208427","796,960022",4,4,2024-10-26
2024-10-26 04:00:00,"280,9752225020613","850,0",4,4,2024-10-26
2024-10-26 05:00:00,"279,01715624785163","937,890015",4,4,2024-10-26
2024-10-26 06:00:00,"320,77130929162433","940,059998",4,4,2024-10-26
2024-10-26 07:00:00,"285,04458378419616","877,159973",4,4,2024-10-26
2024-10-26 08:00:00,"273,6485641138297","756,450012",4,4,2024-10-26
2024-10-26 09:00:00,"283,3274441365878","607,900024",4,4,2024-10-26
2024-10-26 10:00:00,"250,0351157650004","509,940002",4,4,2024-10-26
2024-10-26 11:00:00,"223,9882252535089","472,269989",4,4,2024-10-26
2024-10-26 12:00:00,"230,77271975146837","481,589996",4,4,2024-10-26
2024-10-26 13:00:00,"293,076284160669","607,599976",4,4,2024-10-26
2024-10-26 14:00:00,"311,68678267312634","750,549988",4,4,2024-10-26
2024-10-26 15:00:00,"325,72000148597596","938,039978",4,4,2024-10-26
2024-10-26 16:00:00,"344,32708862771534","1125,829956",4,4,2024-10-26
2024-10-26 17:00:00,"322,9777447521021","885,890015",4,4,2024-10-26
2024-10-26 18:00:00,"285,10990453677516","719,809998",4,4,2024-10-26
2024-10-26 19:00:00,"278,7608483139433","662,219971",4,4,2024-10-26
2024-10-26 20:00:00,"261,6525999337768","652,820007",4,4,2024-10-26
2024-10-26 21:00:00,"259,3994843250106","571,719971",4,4,2024-10-26
2024-10-26 22:00:00,"234,14969187107152","688,119995",4,4,2024-10-26
2024-10-26 23:00:00,"226,95468485145122","626,780029",4,4,2024-10-26
2024-10-27 00:00:00,"215,3741042819417","613,570007",4,4,2024-10-27
2024-10-27 01:00:00,"196,53267519213315","600,140015",4,4,2024-10-27
2024-10-27 02:00:00,"177,1758788246035","592,530029",4,4,2024-10-27
2024-10-27 03:00:00,"166,55692255763762","587,900024",4,4,2024-10-27
2024-10-27 04:00:00,"174,45912071673925","635,289978",4,4,2024-10-27
2024-10-27 05:00:00,"169,12219865505352","665,659973",4,4,2024-10-27
2024-10-27 06:00:00,"178,67167574087406","657,0",4,4,2024-10-27
2024-10-27 07:00:00,"176,69930241178224","629,320007",4,4,2024-10-27
2024-10-27 08:00:00,"103,29394800493169","496,049988",4,4,2024-10-27
2024-10-27 09:00:00,"44,874574135129556","408,299988",4,4,2024-10-27
2024-10-27 10:00:00,"30,046391195156755","317,119995",4,4,2024-10-27
2024-10-27 11:00:00,"11,66555362227665","298,390015",4,4,2024-10-27
2024-10-27 12:00:00,"10,995138402983077","298,470001",4,4,2024-10-27
2024-10-27 13:00:00,"12,26341674309514","480,01001",4,4,2024-10-27
2024-10-27 14:00:00,"135,03150651818257","753,109985",4,4,2024-10-27
2024-10-27 15:00:00,"183,5020670649513","878,97998",4,4,2024-10-27
2024-10-27 16:00:00,"221,1734486808804","1106,569946",4,4,2024-10-27
2024-10-27 17:00:00,"252,58902530799242","1087,23999",4,4,2024-10-27
2024-10-27 18:00:00,"277,5810621701232","973,52002",4,4,2024-10-27
2024-10-27 19:00:00,"243,07778271450132","881,299988",4,4,2024-10-27
2024-10-27 20:00:00,"221,4495101962341","831,159973",4,4,2024-10-27
2024-10-27 21:00:00,"184,3246214905869","820,48999",4,4,2024-10-27
2024-10-27 22:00:00,"145,4563091719172","651,109985",4,4,2024-10-27
2024-10-27 23:00:00,"142,83545682622585","713,340027",4,4,2024-10-27
