Time,Prediction,DKPrice,fold,week,Date
2024-01-01 00:00:00,"218,61096100621856","212,160004",1,1,2024-01-01
2024-01-01 01:00:00,"215,54603218191102","198,740005",1,1,2024-01-01
2024-01-01 02:00:00,"215,54603218191102","182,490005",1,1,2024-01-01
2024-01-01 03:00:00,"215,54603218191102","178,990005",1,1,2024-01-01
2024-01-01 04:00:00,"225,55853823835395","118,379997",1,1,2024-01-01
2024-01-01 05:00:00,"272,50983243905983","118,309998",1,1,2024-01-01
2024-01-01 06:00:00,"350,4928101523105","164,300003",1,1,2024-01-01
2024-01-01 07:00:00,"399,49990012491145","189,5",1,1,2024-01-01
2024-01-01 08:00:00,"407,24403670304474","240,119995",1,1,2024-01-01
2024-01-01 09:00:00,"403,39623769049183","308,179993",1,1,2024-01-01
2024-01-01 10:00:00,"388,1294731234705","324,359985",1,1,2024-01-01
2024-01-01 11:00:00,"379,89600163109986","320,700012",1,1,2024-01-01
2024-01-01 12:00:00,"371,7631842039323","330,170013",1,1,2024-01-01
2024-01-01 13:00:00,"383,30612167465057","344,709991",1,1,2024-01-01
2024-01-01 14:00:00,"406,7730891447338","377,290009",1,1,2024-01-01
2024-01-01 15:00:00,"415,7174142287281","443,329987",1,1,2024-01-01
2024-01-01 16:00:00,"468,0597408254018","484,480011",1,1,2024-01-01
2024-01-01 17:00:00,"502,6627901588472","460,26001",1,1,2024-01-01
2024-01-01 18:00:00,"500,46408785644627","410,529999",1,1,2024-01-01
2024-01-01 19:00:00,"466,99206385785175","357,899994",1,1,2024-01-01
2024-01-01 20:00:00,"444,9936550900708","328,079987",1,1,2024-01-01
2024-01-01 21:00:00,"407,2635089720779","336,959991",1,1,2024-01-01
2024-01-01 22:00:00,"357,0851223590226","283,279999",1,1,2024-01-01
2024-01-01 23:00:00,"335,12835674000974","283,279999",1,1,2024-01-01
2024-01-02 00:00:00,"332,8912559294323","250,179993",1,1,2024-01-02
2024-01-02 01:00:00,"321,30034551523784","238,779999",1,1,2024-01-02
2024-01-02 02:00:00,"311,5848517142837","240,710007",1,1,2024-01-02
2024-01-02 03:00:00,"320,0887119054807","273,589996",1,1,2024-01-02
2024-01-02 04:00:00,"330,03337546230495","311,01001",1,1,2024-01-02
2024-01-02 05:00:00,"399,66044807815314","366,630005",1,1,2024-01-02
2024-01-02 06:00:00,"439,31875679328044","437,970001",1,1,2024-01-02
2024-01-02 07:00:00,"540,417768527666","489,549988",1,1,2024-01-02
2024-01-02 08:00:00,"556,8040065374047","492,829987",1,1,2024-01-02
2024-01-02 09:00:00,"557,2762342995917","514,22998",1,1,2024-01-02
2024-01-02 10:00:00,"547,6040129048174","548,219971",1,1,2024-01-02
2024-01-02 11:00:00,"542,1017004263545","582,659973",1,1,2024-01-02
2024-01-02 12:00:00,"529,343171696323","587,960022",1,1,2024-01-02
2024-01-02 13:00:00,"529,8005692277626","590,719971",1,1,2024-01-02
2024-01-02 14:00:00,"634,6379867866973","596,080017",1,1,2024-01-02
2024-01-02 15:00:00,"689,7837640483252","607,26001",1,1,2024-01-02
2024-01-02 16:00:00,"701,7491849526116","603,23999",1,1,2024-01-02
2024-01-02 17:00:00,"670,3991335608431","558,72998",1,1,2024-01-02
2024-01-02 18:00:00,"608,1961609642013","470,98999",1,1,2024-01-02
2024-01-02 19:00:00,"530,051144358129","425,73999",1,1,2024-01-02
2024-01-02 20:00:00,"481,1915653569388","358,130005",1,1,2024-01-02
2024-01-02 21:00:00,"435,7314993275729","298,190002",1,1,2024-01-02
2024-01-02 22:00:00,"387,32551929333584","223,639999",1,1,2024-01-02
2024-01-02 23:00:00,"364,8631376456974","149,100006",1,1,2024-01-02
2024-01-03 00:00:00,"345,6460937080768","118,309998",1,1,2024-01-03
2024-01-03 01:00:00,"335,95678013686256","118,389999",1,1,2024-01-03
2024-01-03 02:00:00,"326,7430373491546","118,389999",1,1,2024-01-03
2024-01-03 03:00:00,"314,17881882547016","118,830002",1,1,2024-01-03
2024-01-03 04:00:00,"333,36211717066124","149,399994",1,1,2024-01-03
2024-01-03 05:00:00,"382,52848097875864","368,579987",1,1,2024-01-03
2024-01-03 06:00:00,"486,8658464367357","399,070007",1,1,2024-01-03
2024-01-03 07:00:00,"657,0076744531979","473,25",1,1,2024-01-03
2024-01-03 08:00:00,"657,7057739319448","484,51001",1,1,2024-01-03
2024-01-03 09:00:00,"666,0298607977237","448,720001",1,1,2024-01-03
2024-01-03 10:00:00,"667,4871691841182","447,01001",1,1,2024-01-03
2024-01-03 11:00:00,"663,7169836568107","445,820007",1,1,2024-01-03
2024-01-03 12:00:00,"623,1676051319403","438,809998",1,1,2024-01-03
2024-01-03 13:00:00,"624,6686748827668","484,51001",1,1,2024-01-03
2024-01-03 14:00:00,"637,5154748611563","513,140015",1,1,2024-01-03
2024-01-03 15:00:00,"641,7310070165132","548,619995",1,1,2024-01-03
2024-01-03 16:00:00,"660,198594572173","613,409973",1,1,2024-01-03
2024-01-03 17:00:00,"644,014355328552","618,549988",1,1,2024-01-03
2024-01-03 18:00:00,"614,4136956885228","589,179993",1,1,2024-01-03
2024-01-03 19:00:00,"578,1600704727445","545,940002",1,1,2024-01-03
2024-01-03 20:00:00,"526,7653953850319","502,549988",1,1,2024-01-03
2024-01-03 21:00:00,"495,9121199617371","484,579987",1,1,2024-01-03
2024-01-03 22:00:00,"446,609180451892","433,290009",1,1,2024-01-03
2024-01-03 23:00:00,"406,6467870128177","437,850006",1,1,2024-01-03
2024-01-04 00:00:00,"372,5270853662389","399,73999",1,1,2024-01-04
2024-01-04 01:00:00,"360,4866820116035","406,0",1,1,2024-01-04
2024-01-04 02:00:00,"323,9485318259852","411,519989",1,1,2024-01-04
2024-01-04 03:00:00,"324,6991557348967","434,420013",1,1,2024-01-04
2024-01-04 04:00:00,"347,4683540738824","441,130005",1,1,2024-01-04
2024-01-04 05:00:00,"398,0742444976916","541,809998",1,1,2024-01-04
2024-01-04 06:00:00,"481,5036414808539","634,059998",1,1,2024-01-04
2024-01-04 07:00:00,"555,978752467244","682,169983",1,1,2024-01-04
2024-01-04 08:00:00,"547,939741490004","702,530029",1,1,2024-01-04
2024-01-04 09:00:00,"543,3750862944901","685,969971",1,1,2024-01-04
2024-01-04 10:00:00,"505,93585191241147","674,190002",1,1,2024-01-04
2024-01-04 11:00:00,"477,9808652817251","646,52002",1,1,2024-01-04
2024-01-04 12:00:00,"509,75208010953213","641,070007",1,1,2024-01-04
2024-01-04 13:00:00,"524,7004897716286","686,940002",1,1,2024-01-04
2024-01-04 14:00:00,"579,2826556557422","735,48999",1,1,2024-01-04
2024-01-04 15:00:00,"590,7904720432191","788,51001",1,1,2024-01-04
2024-01-04 16:00:00,"594,7948573419588","993,599976",1,1,2024-01-04
2024-01-04 17:00:00,"556,5818257706941","1078,77002",1,1,2024-01-04
2024-01-04 18:00:00,"536,49973311231","932,22998",1,1,2024-01-04
2024-01-04 19:00:00,"491,5172809498111","772,549988",1,1,2024-01-04
2024-01-04 20:00:00,"447,17104084149315","745,859985",1,1,2024-01-04
2024-01-04 21:00:00,"416,807847484453","707,450012",1,1,2024-01-04
2024-01-04 22:00:00,"351,26606321681584","662,47998",1,1,2024-01-04
2024-01-04 23:00:00,"313,9493013251765","662,570007",1,1,2024-01-04
2024-01-05 00:00:00,"290,77753675691616","619,76001",1,1,2024-01-05
2024-01-05 01:00:00,"269,48652770785947","596,710022",1,1,2024-01-05
2024-01-05 02:00:00,"240,2284664440916","597,97998",1,1,2024-01-05
2024-01-05 03:00:00,"232,92844365171825","615,280029",1,1,2024-01-05
2024-01-05 04:00:00,"259,54149354499594","657,419983",1,1,2024-01-05
2024-01-05 05:00:00,"328,3862444644333","818,909973",1,1,2024-01-05
2024-01-05 06:00:00,"391,4361610103899","1230,790039",1,1,2024-01-05
2024-01-05 07:00:00,"424,5009703102379","2230,280029",1,1,2024-01-05
2024-01-05 08:00:00,"423,72441991800576","1858,150024",1,1,2024-01-05
2024-01-05 09:00:00,"416,13525054629423","1908,430054",1,1,2024-01-05
2024-01-05 10:00:00,"406,88539063182594","1574,640015",1,1,2024-01-05
2024-01-05 11:00:00,"390,02998768621904","1516,23999",1,1,2024-01-05
2024-01-05 12:00:00,"376,1587559309646","1469,25",1,1,2024-01-05
2024-01-05 13:00:00,"378,11646976919155","1475,810059",1,1,2024-01-05
2024-01-05 14:00:00,"391,11796082489127","2237,209961",1,1,2024-01-05
2024-01-05 15:00:00,"404,7130125609414","3353,810059",1,1,2024-01-05
2024-01-05 16:00:00,"415,10955348018257","3925,22998",1,1,2024-01-05
2024-01-05 17:00:00,"415,6917275100096","2610,22998",1,1,2024-01-05
2024-01-05 18:00:00,"391,7775565709794","1356,839966",1,1,2024-01-05
2024-01-05 19:00:00,"357,91786062957317","1115,849976",1,1,2024-01-05
2024-01-05 20:00:00,"339,44792837033924","841,51001",1,1,2024-01-05
2024-01-05 21:00:00,"317,2709062380059","746,630005",1,1,2024-01-05
2024-01-05 22:00:00,"284,8973570707778","692,710022",1,1,2024-01-05
2024-01-05 23:00:00,"237,86403751833768","633,090027",1,1,2024-01-05
2024-01-06 00:00:00,"213,05092909305793","620,559998",1,1,2024-01-06
2024-01-06 01:00:00,"206,95463515122705","611,830017",1,1,2024-01-06
2024-01-06 02:00:00,"203,52223761115633","612,950012",1,1,2024-01-06
2024-01-06 03:00:00,"192,61541365227998","615,559998",1,1,2024-01-06
2024-01-06 04:00:00,"186,3923648311722","627,5",1,1,2024-01-06
2024-01-06 05:00:00,"177,8978126196009","630,109985",1,1,2024-01-06
2024-01-06 06:00:00,"188,83171829293397","652,109985",1,1,2024-01-06
2024-01-06 07:00:00,"216,4799351519542","677,77002",1,1,2024-01-06
2024-01-06 08:00:00,"255,4339872435051","708,419983",1,1,2024-01-06
2024-01-06 09:00:00,"261,17287526314493","748,929993",1,1,2024-01-06
2024-01-06 10:00:00,"263,0798701890837","773,090027",1,1,2024-01-06
2024-01-06 11:00:00,"262,94874302940184","763,25",1,1,2024-01-06
2024-01-06 12:00:00,"263,0798701890837","729,080017",1,1,2024-01-06
2024-01-06 13:00:00,"284,72529735114017","712,380005",1,1,2024-01-06
2024-01-06 14:00:00,"325,35914158149","734,679993",1,1,2024-01-06
2024-01-06 15:00:00,"373,8555396156548","820,450012",1,1,2024-01-06
2024-01-06 16:00:00,"431,30012224085885","882,140015",1,1,2024-01-06
2024-01-06 17:00:00,"448,64754846881465","797,630005",1,1,2024-01-06
2024-01-06 18:00:00,"430,1035796673223","762,799988",1,1,2024-01-06
2024-01-06 19:00:00,"375,7546991498911","708,419983",1,1,2024-01-06
2024-01-06 20:00:00,"323,3841646615595","675,97998",1,1,2024-01-06
2024-01-06 21:00:00,"278,391022978248","666,359985",1,1,2024-01-06
2024-01-06 22:00:00,"237,03382742883716","617,580017",1,1,2024-01-06
2024-01-06 23:00:00,"222,39511702957742","642,570007",1,1,2024-01-06
2024-01-07 00:00:00,"216,44856715606576","615,049988",1,1,2024-01-07
2024-01-07 01:00:00,"215,54603218191102","590,880005",1,1,2024-01-07
2024-01-07 02:00:00,"215,54603218191102","578,280029",1,1,2024-01-07
2024-01-07 03:00:00,"210,83765982798332","573,5",1,1,2024-01-07
2024-01-07 04:00:00,"212,7581668175443","577,460022",1,1,2024-01-07
2024-01-07 05:00:00,"214,10940291623848","585,140015",1,1,2024-01-07
2024-01-07 06:00:00,"215,54603218191102","599,460022",1,1,2024-01-07
2024-01-07 07:00:00,"230,44911166110728","628,099976",1,1,2024-01-07
2024-01-07 08:00:00,"231,63239293893633","653,159973",1,1,2024-01-07
2024-01-07 09:00:00,"229,94564082346537","669,419983",1,1,2024-01-07
2024-01-07 10:00:00,"229,94564082346537","686,130005",1,1,2024-01-07
2024-01-07 11:00:00,"229,94564082346537","682,469971",1,1,2024-01-07
2024-01-07 12:00:00,"229,94564082346537","652,789978",1,1,2024-01-07
2024-01-07 13:00:00,"229,94564082346537","650,630005",1,1,2024-01-07
2024-01-07 14:00:00,"231,63239293893633","676,059998",1,1,2024-01-07
2024-01-07 15:00:00,"234,58321773761878","717,609985",1,1,2024-01-07
2024-01-07 16:00:00,"241,83488415584367","777,719971",1,1,2024-01-07
2024-01-07 17:00:00,"240,61588045471174","791,299988",1,1,2024-01-07
2024-01-07 18:00:00,"219,44429223089497","772,349976",1,1,2024-01-07
2024-01-07 19:00:00,"215,69025797720647","749,599976",1,1,2024-01-07
2024-01-07 20:00:00,"215,69025797720647","695,97998",1,1,2024-01-07
2024-01-07 21:00:00,"213,88570557711506","680,01001",1,1,2024-01-07
2024-01-07 22:00:00,"209,29689483936943","625,48999",1,1,2024-01-07
2024-01-07 23:00:00,"209,44112063466488","649,059998",1,1,2024-01-07
2024-01-08 00:00:00,"523,0032759635626","628,919983",1,2,2024-01-08
2024-01-08 01:00:00,"409,59264892412443","610,27002",1,2,2024-01-08
2024-01-08 02:00:00,"299,2438785878783","590,059998",1,2,2024-01-08
2024-01-08 03:00:00,"244,50676149670062","585,359985",1,2,2024-01-08
2024-01-08 04:00:00,"216,89103916201617","612,359985",1,2,2024-01-08
2024-01-08 05:00:00,"240,21815873603114","703,359985",1,2,2024-01-08
2024-01-08 06:00:00,"261,10163114831863","829,559998",1,2,2024-01-08
2024-01-08 07:00:00,"292,45051079276413","903,330017",1,2,2024-01-08
2024-01-08 08:00:00,"299,24694936379177","900,48999",1,2,2024-01-08
2024-01-08 09:00:00,"304,66728038804735","849,549988",1,2,2024-01-08
2024-01-08 10:00:00,"289,110093646771","787,200012",1,2,2024-01-08
2024-01-08 11:00:00,"273,96182292034496","729,76001",1,2,2024-01-08
2024-01-08 12:00:00,"263,2529029010837","707,690002",1,2,2024-01-08
2024-01-08 13:00:00,"263,0554853664038","764,219971",1,2,2024-01-08
2024-01-08 14:00:00,"263,18661252608564","825,22998",1,2,2024-01-08
2024-01-08 15:00:00,"292,79666653288285","954,719971",1,2,2024-01-08
2024-01-08 16:00:00,"328,0008417351174","986,869995",1,2,2024-01-08
2024-01-08 17:00:00,"343,5567032808952","969,710022",1,2,2024-01-08
2024-01-08 18:00:00,"336,2715379587765","910,859985",1,2,2024-01-08
2024-01-08 19:00:00,"317,60095157168115","851,859985",1,2,2024-01-08
2024-01-08 20:00:00,"291,3435995980949","766,97998",1,2,2024-01-08
2024-01-08 21:00:00,"276,62652690102937","745,719971",1,2,2024-01-08
2024-01-08 22:00:00,"237,14056976583913","682,400024",1,2,2024-01-08
2024-01-08 23:00:00,"227,8767885088689","657,710022",1,2,2024-01-08
2024-01-09 00:00:00,"226,32976966378962","649,359985",1,2,2024-01-09
2024-01-09 01:00:00,"220,9548405215001","634,140015",1,2,2024-01-09
2024-01-09 02:00:00,"226,89753398036683","627,719971",1,2,2024-01-09
2024-01-09 03:00:00,"227,54877336492152","639,51001",1,2,2024-01-09
2024-01-09 04:00:00,"240,69084682275016","666,070007",1,2,2024-01-09
2024-01-09 05:00:00,"256,37079291394065","809,530029",1,2,2024-01-09
2024-01-09 06:00:00,"314,4030448271078","925,539978",1,2,2024-01-09
2024-01-09 07:00:00,"365,5289094336985","994,099976",1,2,2024-01-09
2024-01-09 08:00:00,"389,76470237915527","902,039978",1,2,2024-01-09
2024-01-09 09:00:00,"392,24682593652585","844,450012",1,2,2024-01-09
2024-01-09 10:00:00,"391,6041639594838","789,169983",1,2,2024-01-09
2024-01-09 11:00:00,"388,3501473192761","747,690002",1,2,2024-01-09
2024-01-09 12:00:00,"375,5691083882205","752,159973",1,2,2024-01-09
2024-01-09 13:00:00,"374,25811162782026","838,26001",1,2,2024-01-09
2024-01-09 14:00:00,"477,0069204318649","903,390015",1,2,2024-01-09
2024-01-09 15:00:00,"554,8958239847658","977,23999",1,2,2024-01-09
2024-01-09 16:00:00,"572,9405603768307","1029,170044",1,2,2024-01-09
2024-01-09 17:00:00,"556,4608177755606","1028,050049",1,2,2024-01-09
2024-01-09 18:00:00,"503,21162642648056","973,070007",1,2,2024-01-09
2024-01-09 19:00:00,"418,8178014388069","897,039978",1,2,2024-01-09
2024-01-09 20:00:00,"354,7065021402768","833,179993",1,2,2024-01-09
2024-01-09 21:00:00,"322,97015359924586","792,150024",1,2,2024-01-09
2024-01-09 22:00:00,"291,8337999203326","724,340027",1,2,2024-01-09
2024-01-09 23:00:00,"268,3921325801327","665,900024",1,2,2024-01-09
2024-01-10 00:00:00,"255,5626771421565","647,039978",1,2,2024-01-10
2024-01-10 01:00:00,"252,65393422317896","646,809998",1,2,2024-01-10
2024-01-10 02:00:00,"248,32704098029947","642,039978",1,2,2024-01-10
2024-01-10 03:00:00,"243,39383147141348","643,599976",1,2,2024-01-10
2024-01-10 04:00:00,"251,9436061344416","664,109985",1,2,2024-01-10
2024-01-10 05:00:00,"291,9887094584716","812,0",1,2,2024-01-10
2024-01-10 06:00:00,"383,80461376727527","965,030029",1,2,2024-01-10
2024-01-10 07:00:00,"509,6717774039535","1066,459961",1,2,2024-01-10
2024-01-10 08:00:00,"555,856506319513","972,419983",1,2,2024-01-10
2024-01-10 09:00:00,"566,7301874155755","905,890015",1,2,2024-01-10
2024-01-10 10:00:00,"559,7356219858315","813,869995",1,2,2024-01-10
2024-01-10 11:00:00,"557,2762342995917","762,26001",1,2,2024-01-10
2024-01-10 12:00:00,"542,6154369949521","806,929993",1,2,2024-01-10
2024-01-10 13:00:00,"549,2210738858081","862,710022",1,2,2024-01-10
2024-01-10 14:00:00,"575,2013460315952","923,27002",1,2,2024-01-10
2024-01-10 15:00:00,"590,151015494709","1004,109985",1,2,2024-01-10
2024-01-10 16:00:00,"597,5266364518322","1072,349976",1,2,2024-01-10
2024-01-10 17:00:00,"589,6928686827669","1044,089966",1,2,2024-01-10
2024-01-10 18:00:00,"569,4374252868059","985,539978",1,2,2024-01-10
2024-01-10 19:00:00,"532,1421190745408","894,929993",1,2,2024-01-10
2024-01-10 20:00:00,"472,38678686956126","818,559998",1,2,2024-01-10
2024-01-10 21:00:00,"436,44325773641253","779,26001",1,2,2024-01-10
2024-01-10 22:00:00,"364,1155844029229","716,169983",1,2,2024-01-10
2024-01-10 23:00:00,"318,45068928713096","684,27002",1,2,2024-01-10
2024-01-11 00:00:00,"297,0127755061146","660,700012",1,2,2024-01-11
2024-01-11 01:00:00,"270,8265295687861","650,710022",1,2,2024-01-11
2024-01-11 02:00:00,"251,59071102165652","614,390015",1,2,2024-01-11
2024-01-11 03:00:00,"247,61708799687472","611,179993",1,2,2024-01-11
2024-01-11 04:00:00,"257,85474142952495","666,440002",1,2,2024-01-11
2024-01-11 05:00:00,"296,45246086242133","761,22998",1,2,2024-01-11
2024-01-11 06:00:00,"357,5607679776161","871,530029",1,2,2024-01-11
2024-01-11 07:00:00,"392,1679430057106","1051,569946",1,2,2024-01-11
2024-01-11 08:00:00,"391,6041639594838","963,27002",1,2,2024-01-11
2024-01-11 09:00:00,"386,1275365062952","847,590027",1,2,2024-01-11
2024-01-11 10:00:00,"359,633854955995","794,119995",1,2,2024-01-11
2024-01-11 11:00:00,"327,043582419963","741,169983",1,2,2024-01-11
2024-01-11 12:00:00,"326,93448102423093","738,340027",1,2,2024-01-11
2024-01-11 13:00:00,"342,62817411998276","790,390015",1,2,2024-01-11
2024-01-11 14:00:00,"368,0454116520309","879,73999",1,2,2024-01-11
2024-01-11 15:00:00,"392,1366197703348","1024,349976",1,2,2024-01-11
2024-01-11 16:00:00,"404,7130125609414","1119,359985",1,2,2024-01-11
2024-01-11 17:00:00,"392,1245820253432","1019,429993",1,2,2024-01-11
2024-01-11 18:00:00,"391,16675419821","986,76001",1,2,2024-01-11
2024-01-11 19:00:00,"373,7659458667712","887,119995",1,2,2024-01-11
2024-01-11 20:00:00,"334,0762514224843","799,419983",1,2,2024-01-11
2024-01-11 21:00:00,"301,3356528057804","745,789978",1,2,2024-01-11
2024-01-11 22:00:00,"250,75589883924204","725,059998",1,2,2024-01-11
2024-01-11 23:00:00,"221,76131033693406","678,890015",1,2,2024-01-11
2024-01-12 00:00:00,"214,676471046597","657,859985",1,2,2024-01-12
2024-01-12 01:00:00,"204,66875477471262","635,48999",1,2,2024-01-12
2024-01-12 02:00:00,"195,44868293130725","631,090027",1,2,2024-01-12
2024-01-12 03:00:00,"189,2256341101994","628,929993",1,2,2024-01-12
2024-01-12 04:00:00,"188,4335459221304","636,23999",1,2,2024-01-12
2024-01-12 05:00:00,"206,0123803836285","686,869995",1,2,2024-01-12
2024-01-12 06:00:00,"274,51843286448894","881,130005",1,2,2024-01-12
2024-01-12 07:00:00,"311,82325971198145","1049,51001",1,2,2024-01-12
2024-01-12 08:00:00,"304,54115007487803","1006,409973",1,2,2024-01-12
2024-01-12 09:00:00,"295,82770453228324","909,840027",1,2,2024-01-12
2024-01-12 10:00:00,"277,020202414548","855,549988",1,2,2024-01-12
2024-01-12 11:00:00,"255,76096365117303","797,76001",1,2,2024-01-12
2024-01-12 12:00:00,"252,5182684445386","768,679993",1,2,2024-01-12
2024-01-12 13:00:00,"252,5182684445386","779,559998",1,2,2024-01-12
2024-01-12 14:00:00,"265,73519741734424","820,280029",1,2,2024-01-12
2024-01-12 15:00:00,"305,35890136654683","894,849976",1,2,2024-01-12
2024-01-12 16:00:00,"328,74371955708057","950,780029",1,2,2024-01-12
2024-01-12 17:00:00,"324,65393064862735","939,590027",1,2,2024-01-12
2024-01-12 18:00:00,"307,9314944721464","890,900024",1,2,2024-01-12
2024-01-12 19:00:00,"264,6501680995802","811,26001",1,2,2024-01-12
2024-01-12 20:00:00,"238,99920378888282","734,369995",1,2,2024-01-12
2024-01-12 21:00:00,"228,9890498729989","696,27002",1,2,2024-01-12
2024-01-12 22:00:00,"214,9235136830634","634,969971",1,2,2024-01-12
2024-01-12 23:00:00,"209,29689483936943","564,030029",1,2,2024-01-12
2024-01-13 00:00:00,"200,39885623001277","558,140015",1,2,2024-01-13
2024-01-13 01:00:00,"183,02017949893326","549,200012",1,2,2024-01-13
2024-01-13 02:00:00,"168,6239346985464","532,190002",1,2,2024-01-13
2024-01-13 03:00:00,"169,78392974873975","538,679993",1,2,2024-01-13
2024-01-13 04:00:00,"170,55949076511274","414,230011",1,2,2024-01-13
2024-01-13 05:00:00,"176,21106050412988","340,179993",1,2,2024-01-13
2024-01-13 06:00:00,"182,62616467725672","381,790009",1,2,2024-01-13
2024-01-13 07:00:00,"195,0808556354756","500,799988",1,2,2024-01-13
2024-01-13 08:00:00,"255,97585202705756","546,659973",1,2,2024-01-13
2024-01-13 09:00:00,"276,4108797330011","537,039978",1,2,2024-01-13
2024-01-13 10:00:00,"283,412284107336","529,289978",1,2,2024-01-13
2024-01-13 11:00:00,"290,24977859915015","521,609985",1,2,2024-01-13
2024-01-13 12:00:00,"297,0910820138913","474,779999",1,2,2024-01-13
2024-01-13 13:00:00,"317,65006951449715","506,390015",1,2,2024-01-13
2024-01-13 14:00:00,"379,71714818882197","511,609985",1,2,2024-01-13
2024-01-13 15:00:00,"423,50015960770804","527,789978",1,2,2024-01-13
2024-01-13 16:00:00,"488,8534633598018","553,450012",1,2,2024-01-13
2024-01-13 17:00:00,"521,4733214162906","565,299988",1,2,2024-01-13
2024-01-13 18:00:00,"498,33831865110636","550,460022",1,2,2024-01-13
2024-01-13 19:00:00,"456,55424552348506","544,799988",1,2,2024-01-13
2024-01-13 20:00:00,"399,24773680059843","528,909973",1,2,2024-01-13
2024-01-13 21:00:00,"339,14208635900627","467,98999",1,2,2024-01-13
2024-01-13 22:00:00,"295,96072366349085","459,709991",1,2,2024-01-13
2024-01-13 23:00:00,"256,8206454221498","477,420013",1,2,2024-01-13
2024-01-14 00:00:00,"233,6678078271872","463,179993",1,2,2024-01-14
2024-01-14 01:00:00,"226,8145047567487","469,290009",1,2,2024-01-14
2024-01-14 02:00:00,"219,87628377433714","477,350006",1,2,2024-01-14
2024-01-14 03:00:00,"219,22504438978245","482,269989",1,2,2024-01-14
2024-01-14 04:00:00,"222,3368093710841","486,220001",1,2,2024-01-14
2024-01-14 05:00:00,"228,44957529112887","501,950012",1,2,2024-01-14
2024-01-14 06:00:00,"256,4144649214476","534,390015",1,2,2024-01-14
2024-01-14 07:00:00,"299,8330096310785","572,280029",1,2,2024-01-14
2024-01-14 08:00:00,"302,63465295558643","605,090027",1,2,2024-01-14
2024-01-14 09:00:00,"300,68611609399846","601,289978",1,2,2024-01-14
2024-01-14 10:00:00,"302,63465295558643","610,309998",1,2,2024-01-14
2024-01-14 11:00:00,"294,92349535008606","599,5",1,2,2024-01-14
2024-01-14 12:00:00,"286,72223221519","574,52002",1,2,2024-01-14
2024-01-14 13:00:00,"282,9117288522693","590,25",1,2,2024-01-14
2024-01-14 14:00:00,"280,20115355707577","613,890015",1,2,2024-01-14
2024-01-14 15:00:00,"290,3170147519874","645,960022",1,2,2024-01-14
2024-01-14 16:00:00,"284,1062807146005","685,030029",1,2,2024-01-14
2024-01-14 17:00:00,"261,51350044875085","705,76001",1,2,2024-01-14
2024-01-14 18:00:00,"238,09499460668562","635,809998",1,2,2024-01-14
2024-01-14 19:00:00,"221,46078607770997","589,580017",1,2,2024-01-14
2024-01-14 20:00:00,"216,44856715606576","586,150024",1,2,2024-01-14
2024-01-14 21:00:00,"215,69025797720647","562,210022",1,2,2024-01-14
2024-01-14 22:00:00,"215,54603218191102","498,820007",1,2,2024-01-14
2024-01-14 23:00:00,"209,44112063466488","519,409973",1,2,2024-01-14
2024-01-15 00:00:00,"407,34050676079806","492,559998",1,3,2024-01-15
2024-01-15 01:00:00,"293,18622726837975","479,579987",1,3,2024-01-15
2024-01-15 02:00:00,"239,93868420375674","462,649994",1,3,2024-01-15
2024-01-15 03:00:00,"216,95922798772978","474,059998",1,3,2024-01-15
2024-01-15 04:00:00,"214,10940291623848","526,27002",1,3,2024-01-15
2024-01-15 05:00:00,"220,18360909606443","596,219971",1,3,2024-01-15
2024-01-15 06:00:00,"266,5004265317936","625,22998",1,3,2024-01-15
2024-01-15 07:00:00,"286,63079613823123","740,52002",1,3,2024-01-15
2024-01-15 08:00:00,"294,0747426879815","747,900024",1,3,2024-01-15
2024-01-15 09:00:00,"292,5246762708343","707,549988",1,3,2024-01-15
2024-01-15 10:00:00,"284,05575089306444","673,099976",1,3,2024-01-15
2024-01-15 11:00:00,"272,06920961005386","625,369995",1,3,2024-01-15
2024-01-15 12:00:00,"264,97176900562005","612,619995",1,3,2024-01-15
2024-01-15 13:00:00,"264,07676334958353","630,150024",1,3,2024-01-15
2024-01-15 14:00:00,"286,2791607930058","666,98999",1,3,2024-01-15
2024-01-15 15:00:00,"308,18368774466586","745,140015",1,3,2024-01-15
2024-01-15 16:00:00,"350,3642259415583","813,450012",1,3,2024-01-15
2024-01-15 17:00:00,"365,23301961770716","861,849976",1,3,2024-01-15
2024-01-15 18:00:00,"348,5810597412429","825,22998",1,3,2024-01-15
2024-01-15 19:00:00,"332,0133268350787","769,22998",1,3,2024-01-15
2024-01-15 20:00:00,"316,27556208995344","693,159973",1,3,2024-01-15
2024-01-15 21:00:00,"296,99972914287196","667,359985",1,3,2024-01-15
2024-01-15 22:00:00,"274,8257893449611","644,539978",1,3,2024-01-15
2024-01-15 23:00:00,"240,70664452704392","612,98999",1,3,2024-01-15
2024-01-16 00:00:00,"228,23468019170707","607,099976",1,3,2024-01-16
2024-01-16 01:00:00,"221,29645920929545","597,179993",1,3,2024-01-16
2024-01-16 02:00:00,"220,64521982474076","583,679993",1,3,2024-01-16
2024-01-16 03:00:00,"232,89417295543748","578,679993",1,3,2024-01-16
2024-01-16 04:00:00,"251,03875135148232","622,390015",1,3,2024-01-16
2024-01-16 05:00:00,"281,1697960960013","917,359985",1,3,2024-01-16
2024-01-16 06:00:00,"323,4727824434327","1442,560059",1,3,2024-01-16
2024-01-16 07:00:00,"369,429832380869","2055,399902",1,3,2024-01-16
2024-01-16 08:00:00,"400,2127998259071","2017,890015",1,3,2024-01-16
2024-01-16 09:00:00,"405,3752387614832","1864,030029",1,3,2024-01-16
2024-01-16 10:00:00,"404,0353633699264","1495,73999",1,3,2024-01-16
2024-01-16 11:00:00,"403,0320939506747","1268,189941",1,3,2024-01-16
2024-01-16 12:00:00,"396,3108186595796","1058,839966",1,3,2024-01-16
2024-01-16 13:00:00,"396,3108186595796","1070,849976",1,3,2024-01-16
2024-01-16 14:00:00,"464,5762533333975","1164,670044",1,3,2024-01-16
2024-01-16 15:00:00,"545,092926580958","1268,48999",1,3,2024-01-16
2024-01-16 16:00:00,"549,8389724220089","1273,930054",1,3,2024-01-16
2024-01-16 17:00:00,"535,1463532304192","992,539978",1,3,2024-01-16
2024-01-16 18:00:00,"481,6760849941923","833,599976",1,3,2024-01-16
2024-01-16 19:00:00,"415,7641403048609","712,179993",1,3,2024-01-16
2024-01-16 20:00:00,"370,6217627163283","642,969971",1,3,2024-01-16
2024-01-16 21:00:00,"345,41710745989224","611,869995",1,3,2024-01-16
2024-01-16 22:00:00,"330,80585901708196","579,429993",1,3,2024-01-16
2024-01-16 23:00:00,"317,2709062380059","521,210022",1,3,2024-01-16
2024-01-17 00:00:00,"295,69487766365415","517,26001",1,3,2024-01-17
2024-01-17 01:00:00,"291,329756253796","510,619995",1,3,2024-01-17
2024-01-17 02:00:00,"278,31726383396546","503,839996",1,3,2024-01-17
2024-01-17 03:00:00,"264,415570469779","501,970001",1,3,2024-01-17
2024-01-17 04:00:00,"283,1300256680542","501,75",1,3,2024-01-17
2024-01-17 05:00:00,"325,35914158149","526,880005",1,3,2024-01-17
2024-01-17 06:00:00,"422,86676238063876","596,159973",1,3,2024-01-17
2024-01-17 07:00:00,"552,5641735860975","715,929993",1,3,2024-01-17
2024-01-17 08:00:00,"585,7597773101339","767,159973",1,3,2024-01-17
2024-01-17 09:00:00,"591,5647936334598","797,289978",1,3,2024-01-17
2024-01-17 10:00:00,"579,3753165725867","828,539978",1,3,2024-01-17
2024-01-17 11:00:00,"575,8146696561496","877,840027",1,3,2024-01-17
2024-01-17 12:00:00,"562,6203585773845","907,590027",1,3,2024-01-17
2024-01-17 13:00:00,"565,7998894371343","907,890015",1,3,2024-01-17
2024-01-17 14:00:00,"595,1761751350057","935,630005",1,3,2024-01-17
2024-01-17 15:00:00,"597,3495224188","958,75",1,3,2024-01-17
2024-01-17 16:00:00,"609,9865902544611","1047,939941",1,3,2024-01-17
2024-01-17 17:00:00,"597,3109696558838","921,690002",1,3,2024-01-17
2024-01-17 18:00:00,"564,1917694438778","852,26001",1,3,2024-01-17
2024-01-17 19:00:00,"522,4720240078728","818,849976",1,3,2024-01-17
2024-01-17 20:00:00,"457,472314420371","753,890015",1,3,2024-01-17
2024-01-17 21:00:00,"418,98182463147594","703,099976",1,3,2024-01-17
2024-01-17 22:00:00,"346,6617455776342","627,710022",1,3,2024-01-17
2024-01-17 23:00:00,"307,8571665337195","606,580017",1,3,2024-01-17
2024-01-18 00:00:00,"294,77926955479063","575,780029",1,3,2024-01-18
2024-01-18 01:00:00,"268,2105780681966","561,530029",1,3,2024-01-18
2024-01-18 02:00:00,"252,75070607184995","558,700012",1,3,2024-01-18
2024-01-18 03:00:00,"251,04774334140203","578,539978",1,3,2024-01-18
2024-01-18 04:00:00,"283,9486328146294","604,119995",1,3,2024-01-18
2024-01-18 05:00:00,"299,7375163660074","681,97998",1,3,2024-01-18
2024-01-18 06:00:00,"366,404693089554","831,969971",1,3,2024-01-18
2024-01-18 07:00:00,"404,94942489506883","938,919983",1,3,2024-01-18
2024-01-18 08:00:00,"398,67372757543524","911,179993",1,3,2024-01-18
2024-01-18 09:00:00,"397,86061011016443","827,119995",1,3,2024-01-18
2024-01-18 10:00:00,"373,7406399251844","805,119995",1,3,2024-01-18
2024-01-18 11:00:00,"358,4872058049431","697,719971",1,3,2024-01-18
2024-01-18 12:00:00,"357,4634290735164","653,48999",1,3,2024-01-18
2024-01-18 13:00:00,"370,1757701256064","644,619995",1,3,2024-01-18
2024-01-18 14:00:00,"393,71618278845153","702,940002",1,3,2024-01-18
2024-01-18 15:00:00,"411,28234904668267","742,25",1,3,2024-01-18
2024-01-18 16:00:00,"427,6898359188497","780,72998",1,3,2024-01-18
2024-01-18 17:00:00,"422,95500444704726","770,140015",1,3,2024-01-18
2024-01-18 18:00:00,"409,23754214899486","705,030029",1,3,2024-01-18
2024-01-18 19:00:00,"379,63324531938804","648,650024",1,3,2024-01-18
2024-01-18 20:00:00,"335,38724818288455","605,090027",1,3,2024-01-18
2024-01-18 21:00:00,"306,4808906740497","577,48999",1,3,2024-01-18
2024-01-18 22:00:00,"263,745958917383","532,0",1,3,2024-01-18
2024-01-18 23:00:00,"233,52358203189175","510,089996",1,3,2024-01-18
2024-01-19 00:00:00,"218,3958572534023","487,269989",1,3,2024-01-19
2024-01-19 01:00:00,"215,54603218191102","477,649994",1,3,2024-01-19
2024-01-19 02:00:00,"215,54603218191102","468,029999",1,3,2024-01-19
2024-01-19 03:00:00,"215,54603218191102","472,209991",1,3,2024-01-19
2024-01-19 04:00:00,"215,54603218191102","491,079987",1,3,2024-01-19
2024-01-19 05:00:00,"244,69818075483187","564,830017",1,3,2024-01-19
2024-01-19 06:00:00,"283,6434353491509","666,549988",1,3,2024-01-19
2024-01-19 07:00:00,"320,48809211541885","777,590027",1,3,2024-01-19
2024-01-19 08:00:00,"313,67070168715077","770,359985",1,3,2024-01-19
2024-01-19 09:00:00,"303,82383122751963","714,799988",1,3,2024-01-19
2024-01-19 10:00:00,"295,82770453228324","645,52002",1,3,2024-01-19
2024-01-19 11:00:00,"287,62644139738717","587,049988",1,3,2024-01-19
2024-01-19 12:00:00,"270,37696006884966","560,429993",1,3,2024-01-19
2024-01-19 13:00:00,"264,4873353491096","573,549988",1,3,2024-01-19
2024-01-19 14:00:00,"287,6269709629176","648,429993",1,3,2024-01-19
2024-01-19 15:00:00,"303,85230389283004","780,049988",1,3,2024-01-19
2024-01-19 16:00:00,"334,33112232366193","855,890015",1,3,2024-01-19
2024-01-19 17:00:00,"337,6692052419892","809,059998",1,3,2024-01-19
2024-01-19 18:00:00,"307,69989437518166","634,630005",1,3,2024-01-19
2024-01-19 19:00:00,"280,07622768117466","565,429993",1,3,2024-01-19
2024-01-19 20:00:00,"246,99165004935313","544,469971",1,3,2024-01-19
2024-01-19 21:00:00,"231,90975290201104","527,169983",1,3,2024-01-19
2024-01-19 22:00:00,"219,44429223089497","497,339996",1,3,2024-01-19
2024-01-19 23:00:00,"212,6097559374522","504,279999",1,3,2024-01-19
2024-01-20 00:00:00,"209,44112063466488","484,809998",1,3,2024-01-20
2024-01-20 01:00:00,"203,06765559699363","485,480011",1,3,2024-01-20
2024-01-20 02:00:00,"192,61541365227998","472,359985",1,3,2024-01-20
2024-01-20 03:00:00,"186,3923648311722","472,579987",1,3,2024-01-20
2024-01-20 04:00:00,"175,69981851810962","460,5",1,3,2024-01-20
2024-01-20 05:00:00,"179,6017551697648","480,640015",1,3,2024-01-20
2024-01-20 06:00:00,"187,1268421519693","511,209991",1,3,2024-01-20
2024-01-20 07:00:00,"202,8794840118982","557,969971",1,3,2024-01-20
2024-01-20 08:00:00,"261,2780147106054","588,02002",1,3,2024-01-20
2024-01-20 09:00:00,"273,0162598410472","548,650024",1,3,2024-01-20
2024-01-20 10:00:00,"273,4406943833899","540,73999",1,3,2024-01-20
2024-01-20 11:00:00,"264,97176900562005","520,159973",1,3,2024-01-20
2024-01-20 12:00:00,"257,59020025945273","527,919983",1,3,2024-01-20
2024-01-20 13:00:00,"308,7568125644357","547,309998",1,3,2024-01-20
2024-01-20 14:00:00,"376,37683001555445","589,960022",1,3,2024-01-20
2024-01-20 15:00:00,"429,4651545844552","671,549988",1,3,2024-01-20
2024-01-20 16:00:00,"500,59747238820745","725,390015",1,3,2024-01-20
2024-01-20 17:00:00,"533,1711312427846","754,030029",1,3,2024-01-20
2024-01-20 18:00:00,"507,8946500745522","682,880005",1,3,2024-01-20
2024-01-20 19:00:00,"475,7140681924585","596,599976",1,3,2024-01-20
2024-01-20 20:00:00,"414,10857787625565","547,309998",1,3,2024-01-20
2024-01-20 21:00:00,"350,70132976260805","525,159973",1,3,2024-01-20
2024-01-20 22:00:00,"313,2606826952596","499,579987",1,3,2024-01-20
2024-01-20 23:00:00,"269,83449884958645","445,26001",1,3,2024-01-20
2024-01-21 00:00:00,"239,09674259972414","429,230011",1,3,2024-01-21
2024-01-21 01:00:00,"231,2416915362473","411,329987",1,3,2024-01-21
2024-01-21 02:00:00,"225,3742282486714","379,549988",1,3,2024-01-21
2024-01-21 03:00:00,"218,43965450866455","361,799988",1,3,2024-01-21
2024-01-21 04:00:00,"222,52805041958493","353,899994",1,3,2024-01-21
2024-01-21 05:00:00,"229,8862045568014","339,579987",1,3,2024-01-21
2024-01-21 06:00:00,"247,35414093585354","327,869995",1,3,2024-01-21
2024-01-21 07:00:00,"281,9566832336799","383,059998",1,3,2024-01-21
2024-01-21 08:00:00,"280,20115355707577","405,429993",1,3,2024-01-21
2024-01-21 09:00:00,"266,65873831702027","343,529999",1,3,2024-01-21
2024-01-21 10:00:00,"283,771936982038","363,0",1,3,2024-01-21
2024-01-21 11:00:00,"266,65873831702027","287,0",1,3,2024-01-21
2024-01-21 12:00:00,"262,581378173874","281,100006",1,3,2024-01-21
2024-01-21 13:00:00,"253,52105418828035","330,399994",1,3,2024-01-21
2024-01-21 14:00:00,"284,0928586099248","365,76001",1,3,2024-01-21
2024-01-21 15:00:00,"287,6505264164592","371,649994",1,3,2024-01-21
2024-01-21 16:00:00,"284,18767849193216","422,51001",1,3,2024-01-21
2024-01-21 17:00:00,"267,56294749921744","458,309998",1,3,2024-01-21
2024-01-21 18:00:00,"238,09499460668562","437,359985",1,3,2024-01-21
2024-01-21 19:00:00,"221,46078607770997","384,100006",1,3,2024-01-21
2024-01-21 20:00:00,"216,44856715606576","391,26001",1,3,2024-01-21
2024-01-21 21:00:00,"215,69025797720647","375,829987",1,3,2024-01-21
2024-01-21 22:00:00,"215,69025797720647","216,520004",1,3,2024-01-21
2024-01-21 23:00:00,"215,69025797720647","203,610001",1,3,2024-01-21
2024-01-22 00:00:00,"206,3259603385057","165,869995",1,4,2024-01-22
2024-01-22 01:00:00,"206,3259603385057","138,869995",1,4,2024-01-22
2024-01-22 02:00:00,"206,3259603385057","37,59",1,4,2024-01-22
2024-01-22 03:00:00,"206,3259603385057","37,740002",1,4,2024-01-22
2024-01-22 04:00:00,"208,01271245397666","149,169998",1,4,2024-01-22
2024-01-22 05:00:00,"242,573741745814","302,059998",1,4,2024-01-22
2024-01-22 06:00:00,"273,92351882162455","451,01001",1,4,2024-01-22
2024-01-22 07:00:00,"320,2362946096212","495,829987",1,4,2024-01-22
2024-01-22 08:00:00,"326,64911109968403","429,450012",1,4,2024-01-22
2024-01-22 09:00:00,"324,7850578083092","459,059998",1,4,2024-01-22
2024-01-22 10:00:00,"324,65393064862735","451,970001",1,4,2024-01-22
2024-01-22 11:00:00,"313,06302023443277","424,529999",1,4,2024-01-22
2024-01-22 12:00:00,"308,36667433160414","423,040009",1,4,2024-01-22
2024-01-22 13:00:00,"309,3513457629597","434,299988",1,4,2024-01-22
2024-01-22 14:00:00,"320,0887119054807","445,48999",1,4,2024-01-22
2024-01-22 15:00:00,"344,2173698875077","447,429993",1,4,2024-01-22
2024-01-22 16:00:00,"396,1559870923905","461,299988",1,4,2024-01-22
2024-01-22 17:00:00,"405,90823823291663","455,179993",1,4,2024-01-22
2024-01-22 18:00:00,"386,0329776903249","447,720001",1,4,2024-01-22
2024-01-22 19:00:00,"361,41201560190194","444,519989",1,4,2024-01-22
2024-01-22 20:00:00,"336,1726966792956","425,119995",1,4,2024-01-22
2024-01-22 21:00:00,"321,30034551523784","194,440002",1,4,2024-01-22
2024-01-22 22:00:00,"300,3234166523724","171,770004",1,4,2024-01-22
2024-01-22 23:00:00,"274,1949257416841","118,129997",1,4,2024-01-22
2024-01-23 00:00:00,"249,54570942402512","75,330002",1,4,2024-01-23
2024-01-23 01:00:00,"231,90975290201104","69,879997",1,4,2024-01-23
2024-01-23 02:00:00,"231,90975290201104","31,1",1,4,2024-01-23
2024-01-23 03:00:00,"250,30380953361345","76,220001",1,4,2024-01-23
2024-01-23 04:00:00,"275,20509954447164","161,320007",1,4,2024-01-23
2024-01-23 05:00:00,"308,51900924887144","191,889999",1,4,2024-01-23
2024-01-23 06:00:00,"368,11022485275157","454,410004",1,4,2024-01-23
2024-01-23 07:00:00,"420,15228569959066","461,649994",1,4,2024-01-23
2024-01-23 08:00:00,"442,5932419399924","455,76001",1,4,2024-01-23
2024-01-23 09:00:00,"443,12766078257886","447,25",1,4,2024-01-23
2024-01-23 10:00:00,"432,40827443146094","443,299988",1,4,2024-01-23
2024-01-23 11:00:00,"427,3201538435319","310,100006",1,4,2024-01-23
2024-01-23 12:00:00,"417,1550834322646","199,570007",1,4,2024-01-23
2024-01-23 13:00:00,"417,1550834322646","320,019989",1,4,2024-01-23
2024-01-23 14:00:00,"517,1669391184669","468,059998",1,4,2024-01-23
2024-01-23 15:00:00,"577,9980738456201","494,390015",1,4,2024-01-23
2024-01-23 16:00:00,"602,7853831967172","510,570007",1,4,2024-01-23
2024-01-23 17:00:00,"580,5800487018151","498,040009",1,4,2024-01-23
2024-01-23 18:00:00,"515,7363950483794","472,390015",1,4,2024-01-23
2024-01-23 19:00:00,"449,12564246249644","450,910004",1,4,2024-01-23
2024-01-23 20:00:00,"394,1562221077294","391,170013",1,4,2024-01-23
2024-01-23 21:00:00,"359,38116576785507","304,429993",1,4,2024-01-23
2024-01-23 22:00:00,"335,431923393558","248,050003",1,4,2024-01-23
2024-01-23 23:00:00,"321,59779948088527","213,350006",1,4,2024-01-23
2024-01-24 00:00:00,"296,988171028678","187,699997",1,4,2024-01-24
2024-01-24 01:00:00,"291,329756253796","153,910004",1,4,2024-01-24
2024-01-24 02:00:00,"278,31726383396546","140,339996",1,4,2024-01-24
2024-01-24 03:00:00,"264,415570469779","133,110001",1,4,2024-01-24
2024-01-24 04:00:00,"283,1300256680542","145,789993",1,4,2024-01-24
2024-01-24 05:00:00,"325,35914158149","190,160004",1,4,2024-01-24
2024-01-24 06:00:00,"428,149240121662","288,809998",1,4,2024-01-24
2024-01-24 07:00:00,"554,4893625673238","373,380005",1,4,2024-01-24
2024-01-24 08:00:00,"588,8298382368407","369,429993",1,4,2024-01-24
2024-01-24 09:00:00,"604,071268944821","373,600006",1,4,2024-01-24
2024-01-24 10:00:00,"586,9479335385417","378,519989",1,4,2024-01-24
2024-01-24 11:00:00,"579,2357358454324","293,359985",1,4,2024-01-24
2024-01-24 12:00:00,"563,7870021085181","278,450012",1,4,2024-01-24
2024-01-24 13:00:00,"577,6316649033383","335,869995",1,4,2024-01-24
2024-01-24 14:00:00,"598,9757097866234","372,480011",1,4,2024-01-24
2024-01-24 15:00:00,"597,4562647558021","378,820007",1,4,2024-01-24
2024-01-24 16:00:00,"617,9798401971797","404,25",1,4,2024-01-24
2024-01-24 17:00:00,"608,3372708479899","397,609985",1,4,2024-01-24
2024-01-24 18:00:00,"581,9994411969257","373,529999",1,4,2024-01-24
2024-01-24 19:00:00,"543,4831358934885","314,540009",1,4,2024-01-24
2024-01-24 20:00:00,"479,24736676399834","298,579987",1,4,2024-01-24
2024-01-24 21:00:00,"446,5760340072029","313,269989",1,4,2024-01-24
2024-01-24 22:00:00,"387,5606465200008","287,320007",1,4,2024-01-24
2024-01-24 23:00:00,"337,29067816677747","326,899994",1,4,2024-01-24
2024-01-25 00:00:00,"314,7515111219994","327,869995",1,4,2024-01-25
2024-01-25 01:00:00,"298,6995276215856","318,839996",1,4,2024-01-25
2024-01-25 02:00:00,"284,1730305719515","326,970001",1,4,2024-01-25
2024-01-25 03:00:00,"278,6202984961078","336,369995",1,4,2024-01-25
2024-01-25 04:00:00,"289,1525286150908","380,359985",1,4,2024-01-25
2024-01-25 05:00:00,"318,70987494669595","442,850006",1,4,2024-01-25
2024-01-25 06:00:00,"390,0002848796919","492,51001",1,4,2024-01-25
2024-01-25 07:00:00,"433,3000536888545","663,789978",1,4,2024-01-25
2024-01-25 08:00:00,"432,9473568322036","635,679993",1,4,2024-01-25
2024-01-25 09:00:00,"423,20070450560127","606,599976",1,4,2024-01-25
2024-01-25 10:00:00,"408,3066547268029","568,340027",1,4,2024-01-25
2024-01-25 11:00:00,"389,7651953623215","545,450012",1,4,2024-01-25
2024-01-25 12:00:00,"383,4088560406244","566,630005",1,4,2024-01-25
2024-01-25 13:00:00,"392,3399076406561","633,659973",1,4,2024-01-25
2024-01-25 14:00:00,"447,8133843624421","686,530029",1,4,2024-01-25
2024-01-25 15:00:00,"474,59124416067567","755,950012",1,4,2024-01-25
2024-01-25 16:00:00,"522,8620100048339","920,0",1,4,2024-01-25
2024-01-25 17:00:00,"492,4209824949012","861,539978",1,4,2024-01-25
2024-01-25 18:00:00,"466,08158925232243","736,640015",1,4,2024-01-25
2024-01-25 19:00:00,"432,71963700989176","679,070007",1,4,2024-01-25
2024-01-25 20:00:00,"376,9539050596758","643,580017",1,4,2024-01-25
2024-01-25 21:00:00,"344,34149395208186","599,73999",1,4,2024-01-25
2024-01-25 22:00:00,"292,1056896826113","560,440002",1,4,2024-01-25
2024-01-25 23:00:00,"252,78451848660183","468,200012",1,4,2024-01-25
2024-01-26 00:00:00,"226,1186426316188","462,23999",1,4,2024-01-26
2024-01-26 01:00:00,"216,955580745325","436,070007",1,4,2024-01-26
2024-01-26 02:00:00,"214,10940291623848","420,109985",1,4,2024-01-26
2024-01-26 03:00:00,"215,54603218191102","415,269989",1,4,2024-01-26
2024-01-26 04:00:00,"218,4667352109231","388,869995",1,4,2024-01-26
2024-01-26 05:00:00,"257,0621615543848","432,040009",1,4,2024-01-26
2024-01-26 06:00:00,"326,6332231242324","469,470001",1,4,2024-01-26
2024-01-26 07:00:00,"369,67583408206673","484,149994",1,4,2024-01-26
2024-01-26 08:00:00,"374,34119645965836","475,660004",1,4,2024-01-26
2024-01-26 09:00:00,"360,2576957634189","456,420013",1,4,2024-01-26
2024-01-26 10:00:00,"327,65230766932365","437,929993",1,4,2024-01-26
2024-01-26 11:00:00,"303,47487523379414","389,769989",1,4,2024-01-26
2024-01-26 12:00:00,"295,82770453228324","346,450012",1,4,2024-01-26
2024-01-26 13:00:00,"290,57726619606956","367,399994",1,4,2024-01-26
2024-01-26 14:00:00,"300,31786828281395","364,640015",1,4,2024-01-26
2024-01-26 15:00:00,"344,9249662213351","383,809998",1,4,2024-01-26
2024-01-26 16:00:00,"375,1265067739853","427,720001",1,4,2024-01-26
2024-01-26 17:00:00,"365,82809154615603","404,01001",1,4,2024-01-26
2024-01-26 18:00:00,"341,1375203870638","249,830002",1,4,2024-01-26
2024-01-26 19:00:00,"301,3356528057804","205,619995",1,4,2024-01-26
2024-01-26 20:00:00,"283,02705247985705","192,050003",1,4,2024-01-26
2024-01-26 21:00:00,"269,67848114928626","181,839996",1,4,2024-01-26
2024-01-26 22:00:00,"230,10594229775887","163,869995",1,4,2024-01-26
2024-01-26 23:00:00,"214,01930450086624","144,039993",1,4,2024-01-26
2024-01-27 00:00:00,"207,77510588865948","136,130005",1,4,2024-01-27
2024-01-27 01:00:00,"201,83548549568536","131,440002",1,4,2024-01-27
2024-01-27 02:00:00,"192,61541365227998","134,339996",1,4,2024-01-27
2024-01-27 03:00:00,"186,3923648311722","137,850006",1,4,2024-01-27
2024-01-27 04:00:00,"171,99612003078533","140,460007",1,4,2024-01-27
2024-01-27 05:00:00,"177,9357404237594","144,710007",1,4,2024-01-27
2024-01-27 06:00:00,"184,04634011221503","154,399994",1,4,2024-01-27
2024-01-27 07:00:00,"204,76878471437732","215,080002",1,4,2024-01-27
2024-01-27 08:00:00,"245,27845778205906","237,820007",1,4,2024-01-27
2024-01-27 09:00:00,"271,32390333282734","341,600006",1,4,2024-01-27
2024-01-27 10:00:00,"278,11384246344886","422,040009",1,4,2024-01-27
2024-01-27 11:00:00,"278,44779475110573","416,299988",1,4,2024-01-27
2024-01-27 12:00:00,"278,44779475110573","242,220001",1,4,2024-01-27
2024-01-27 13:00:00,"288,90195403696697","296,570007",1,4,2024-01-27
2024-01-27 14:00:00,"352,76506497708453","432,029999",1,4,2024-01-27
2024-01-27 15:00:00,"412,5154330185269","439,339996",1,4,2024-01-27
2024-01-27 16:00:00,"464,50299620629886","460,359985",1,4,2024-01-27
2024-01-27 17:00:00,"498,58470214762394","457,079987",1,4,2024-01-27
2024-01-27 18:00:00,"471,92719257425387","443,070007",1,4,2024-01-27
2024-01-27 19:00:00,"443,3464685971292","433,970001",1,4,2024-01-27
2024-01-27 20:00:00,"376,5261851400791","431,290009",1,4,2024-01-27
2024-01-27 21:00:00,"333,14422941256396","430,390015",1,4,2024-01-27
2024-01-27 22:00:00,"287,1285969253174","429,5",1,4,2024-01-27
2024-01-27 23:00:00,"240,78474054734994","497,75",1,4,2024-01-27
2024-01-28 00:00:00,"218,54008304869777","438,339996",1,4,2024-01-28
2024-01-28 01:00:00,"215,54603218191102","434,309998",1,4,2024-01-28
2024-01-28 02:00:00,"215,54603218191102","430,290009",1,4,2024-01-28
2024-01-28 03:00:00,"214,10940291623848","431,399994",1,4,2024-01-28
2024-01-28 04:00:00,"213,91816186773764","429,609985",1,4,2024-01-28
2024-01-28 05:00:00,"218,4667352109231","430,290009",1,4,2024-01-28
2024-01-28 06:00:00,"244,5539549595364","439,679993",1,4,2024-01-28
2024-01-28 07:00:00,"279,1895260329844","441,320007",1,4,2024-01-28
2024-01-28 08:00:00,"266,65873831702027","410,609985",1,4,2024-01-28
2024-01-28 09:00:00,"262,581378173874","381,380005",1,4,2024-01-28
2024-01-28 10:00:00,"262,581378173874","341,049988",1,4,2024-01-28
2024-01-28 11:00:00,"262,581378173874","309,970001",1,4,2024-01-28
2024-01-28 12:00:00,"262,581378173874","298,859985",1,4,2024-01-28
2024-01-28 13:00:00,"253,52105418828035","377,579987",1,4,2024-01-28
2024-01-28 14:00:00,"261,88016343646467","420,519989",1,4,2024-01-28
2024-01-28 15:00:00,"285,458689097509","431,850006",1,4,2024-01-28
2024-01-28 16:00:00,"271,65290970851254","431,329987",1,4,2024-01-28
2024-01-28 17:00:00,"255,42701136351616","427,380005",1,4,2024-01-28
2024-01-28 18:00:00,"236,1879996807469","422,01001",1,4,2024-01-28
2024-01-28 19:00:00,"218,54008304869777","217,75",1,4,2024-01-28
2024-01-28 20:00:00,"215,69025797720647","122,029999",1,4,2024-01-28
2024-01-28 21:00:00,"215,69025797720647","74,550003",1,4,2024-01-28
2024-01-28 22:00:00,"212,46553014215675","51,59",1,4,2024-01-28
2024-01-28 23:00:00,"209,44112063466488","111,82",1,4,2024-01-28
2024-04-01 00:00:00,"278,6968584742815","343,549988",2,1,2024-04-01
2024-04-01 01:00:00,"226,44063480924075","325,049988",2,1,2024-04-01
2024-04-01 02:00:00,"216,955580745325","368,459991",2,1,2024-04-01
2024-04-01 03:00:00,"215,54603218191102","390,459991",2,1,2024-04-01
2024-04-01 04:00:00,"217,23278429738204","437,899994",2,1,2024-04-01
2024-04-01 05:00:00,"235,8237807679514","481,01001",2,1,2024-04-01
2024-04-01 06:00:00,"273,9501089471372","437,899994",2,1,2024-04-01
2024-04-01 07:00:00,"288,5680017493101","454,160004",2,1,2024-04-01
2024-04-01 08:00:00,"295,5421766242443","405,450012",2,1,2024-04-01
2024-04-01 09:00:00,"301,1500826280636","226,669998",2,1,2024-04-01
2024-04-01 10:00:00,"307,9082966493768","134,550003",2,1,2024-04-01
2024-04-01 11:00:00,"302,76305878110736","149,550003",2,1,2024-04-01
2024-04-01 12:00:00,"302,76305878110736","74,809998",2,1,2024-04-01
2024-04-01 13:00:00,"303,2214364633347","33,34",2,1,2024-04-01
2024-04-01 14:00:00,"309,48247292264153","30,73",2,1,2024-04-01
2024-04-01 15:00:00,"324,71280780285673","98,080002",2,1,2024-04-01
2024-04-01 16:00:00,"368,0322963021901","258,149994",2,1,2024-04-01
2024-04-01 17:00:00,"388,1227589702184","361,970001",2,1,2024-04-01
2024-04-01 18:00:00,"372,68103758819984","372,040009",2,1,2024-04-01
2024-04-01 19:00:00,"350,0115048547098","340,790009",2,1,2024-04-01
2024-04-01 20:00:00,"323,0790686435879","193,699997",2,1,2024-04-01
2024-04-01 21:00:00,"304,99656473243135","55,720001",2,1,2024-04-01
2024-04-01 22:00:00,"289,62098532327855","59,450001",2,1,2024-04-01
2024-04-01 23:00:00,"259,0356257421549","9,55",2,1,2024-04-01
2024-04-02 00:00:00,"237,39982647602207","4,55",2,1,2024-04-02
2024-04-02 01:00:00,"222,39511702957742","6,49",2,1,2024-04-02
2024-04-02 02:00:00,"225,67853027923493","14,47",2,1,2024-04-02
2024-04-02 03:00:00,"234,74841716713587","54,220001",2,1,2024-04-02
2024-04-02 04:00:00,"265,7298691152084","426,790009",2,1,2024-04-02
2024-04-02 05:00:00,"286,63079613823123","554,630005",2,1,2024-04-02
2024-04-02 06:00:00,"333,80498017330103","501,820007",2,1,2024-04-02
2024-04-02 07:00:00,"400,2887512034008","349,220001",2,1,2024-04-02
2024-04-02 08:00:00,"411,2763082776273","285,589996",2,1,2024-04-02
2024-04-02 09:00:00,"416,1369396069438","293,130005",2,1,2024-04-02
2024-04-02 10:00:00,"416,3854534113139","292,980011",2,1,2024-04-02
2024-04-02 11:00:00,"414,5913373542765","286,190002",2,1,2024-04-02
2024-04-02 12:00:00,"407,8700620631815","248,970001",2,1,2024-04-02
2024-04-02 13:00:00,"402,84632783010767","187,210007",2,1,2024-04-02
2024-04-02 14:00:00,"482,05496537134326","65,860001",2,1,2024-04-02
2024-04-02 15:00:00,"567,5065440936908","307,299988",2,1,2024-04-02
2024-04-02 16:00:00,"576,5276627530607","542,25",2,1,2024-04-02
2024-04-02 17:00:00,"563,0827975098445","711,48999",2,1,2024-04-02
2024-04-02 18:00:00,"502,57611460318896","707,679993",2,1,2024-04-02
2024-04-02 19:00:00,"418,477848099352","582,75",2,1,2024-04-02
2024-04-02 20:00:00,"370,65853169950293","558,359985",2,1,2024-04-02
2024-04-02 21:00:00,"345,6251229448042","528,669983",2,1,2024-04-02
2024-04-02 22:00:00,"315,37979943548703","552,840027",2,1,2024-04-02
2024-04-02 23:00:00,"291,3679844207748","535,090027",2,1,2024-04-02
2024-04-03 00:00:00,"282,6441570768448","522,419983",2,1,2024-04-03
2024-04-03 01:00:00,"281,46885736879517","482,220001",2,1,2024-04-03
2024-04-03 02:00:00,"266,64512967005544","483,929993",2,1,2024-04-03
2024-04-03 03:00:00,"263,0798701890837","512,570007",2,1,2024-04-03
2024-04-03 04:00:00,"283,1300256680542","707,820007",2,1,2024-04-03
2024-04-03 05:00:00,"325,35914158149","879,48999",2,1,2024-04-03
2024-04-03 06:00:00,"422,86676238063876","879,48999",2,1,2024-04-03
2024-04-03 07:00:00,"545,7942834720727","753,080017",2,1,2024-04-03
2024-04-03 08:00:00,"579,3181534063461","800,590027",2,1,2024-04-03
2024-04-03 09:00:00,"591,3563701203705","677,23999",2,1,2024-04-03
2024-04-03 10:00:00,"575,8146696561496","611,76001",2,1,2024-04-03
2024-04-03 11:00:00,"572,479401366938","573,349976",2,1,2024-04-03
2024-04-03 12:00:00,"561,2113425368499","544,710022",2,1,2024-04-03
2024-04-03 13:00:00,"574,6615070118671","531,890015",2,1,2024-04-03
2024-04-03 14:00:00,"596,0660679190643","558,289978",2,1,2024-04-03
2024-04-03 15:00:00,"597,3495224188","672,840027",2,1,2024-04-03
2024-04-03 16:00:00,"614,2166247085796","806,47998",2,1,2024-04-03
2024-04-03 17:00:00,"604,809462321705","897,539978",2,1,2024-04-03
2024-04-03 18:00:00,"577,1117310921403","739,359985",2,1,2024-04-03
2024-04-03 19:00:00,"542,1922956518782","557,169983",2,1,2024-04-03
2024-04-03 20:00:00,"472,5260914729035","458,579987",2,1,2024-04-03
2024-04-03 21:00:00,"436,44325773641253","412,640015",2,1,2024-04-03
2024-04-03 22:00:00,"367,88222993886825","406,619995",2,1,2024-04-03
2024-04-03 23:00:00,"318,45068928713096","387,899994",2,1,2024-04-03
2024-04-04 00:00:00,"297,0127755061146","374,179993",2,1,2024-04-04
2024-04-04 01:00:00,"275,9717674370554","384,619995",2,1,2024-04-04
2024-04-04 02:00:00,"253,27589940800775","387,380005",2,1,2024-04-04
2024-04-04 03:00:00,"260,10806732699587","403,339996",2,1,2024-04-04
2024-04-04 04:00:00,"284,6498475520387","454,200012",2,1,2024-04-04
2024-04-04 05:00:00,"312,1623381744469","576,219971",2,1,2024-04-04
2024-04-04 06:00:00,"376,663915353736","561,830017",2,1,2024-04-04
2024-04-04 07:00:00,"421,00818131673924","535,419983",2,1,2024-04-04
2024-04-04 08:00:00,"417,2618257692665","515,880005",2,1,2024-04-04
2024-04-04 09:00:00,"411,99966501817744","470,309998",2,1,2024-04-04
2024-04-04 10:00:00,"396,15708968387696","433,170013",2,1,2024-04-04
2024-04-04 11:00:00,"373,63389758818244","419,299988",2,1,2024-04-04
2024-04-04 12:00:00,"370,474825050098","413,850006",2,1,2024-04-04
2024-04-04 13:00:00,"379,1279148143779","418,929993",2,1,2024-04-04
2024-04-04 14:00:00,"415,3108837276036","425,709991",2,1,2024-04-04
2024-04-04 15:00:00,"427,88423018180606","515,210022",2,1,2024-04-04
2024-04-04 16:00:00,"445,8956768776007","562,049988",2,1,2024-04-04
2024-04-04 17:00:00,"443,6396896131446","676,159973",2,1,2024-04-04
2024-04-04 18:00:00,"428,54401881642684","600,97998",2,1,2024-04-04
2024-04-04 19:00:00,"402,03181245357445","533,47998",2,1,2024-04-04
2024-04-04 20:00:00,"344,317409489517","520,280029",2,1,2024-04-04
2024-04-04 21:00:00,"318,3061333580206","430,109985",2,1,2024-04-04
2024-04-04 22:00:00,"265,83523907341146","348,920013",2,1,2024-04-04
2024-04-04 23:00:00,"237,95076881139016","360,029999",2,1,2024-04-04
2024-04-05 00:00:00,"218,3958572534023","354,440002",2,1,2024-04-05
2024-04-05 01:00:00,"214,10940291623848","347,049988",2,1,2024-04-05
2024-04-05 02:00:00,"214,10940291623848","353,320007",2,1,2024-04-05
2024-04-05 03:00:00,"214,10940291623848","352,720001",2,1,2024-04-05
2024-04-05 04:00:00,"214,10940291623848","555,380005",2,1,2024-04-05
2024-04-05 05:00:00,"245,61906689239186","613,26001",2,1,2024-04-05
2024-04-05 06:00:00,"301,6331964315775","604,159973",2,1,2024-04-05
2024-04-05 07:00:00,"356,3172516944937","496,679993",2,1,2024-04-05
2024-04-05 08:00:00,"345,73466105658525","376,660004",2,1,2024-04-05
2024-04-05 09:00:00,"321,94138443946383","339,670013",2,1,2024-04-05
2024-04-05 10:00:00,"303,82383122751963","331,390015",2,1,2024-04-05
2024-04-05 11:00:00,"295,82770453228324","298,570007",2,1,2024-04-05
2024-04-05 12:00:00,"277,020202414548","276,48999",2,1,2024-04-05
2024-04-05 13:00:00,"264,8212876367665","231,520004",2,1,2024-04-05
2024-04-05 14:00:00,"294,02403647050323","205,929993",2,1,2024-04-05
2024-04-05 15:00:00,"318,8407596081176","298,269989",2,1,2024-04-05
2024-04-05 16:00:00,"348,601521286242","370,320007",2,1,2024-04-05
2024-04-05 17:00:00,"343,2515670139789","398,299988",2,1,2024-04-05
2024-04-05 18:00:00,"327,3523721864862","402,170013",2,1,2024-04-05
2024-04-05 19:00:00,"287,72339838268556","398,299988",2,1,2024-04-05
2024-04-05 20:00:00,"266,1359313827774","393,299988",2,1,2024-04-05
2024-04-05 21:00:00,"247,08775555492375","370,100006",2,1,2024-04-05
2024-04-05 22:00:00,"219,44429223089497","313,649994",2,1,2024-04-05
2024-04-05 23:00:00,"209,44112063466488","326,549988",2,1,2024-04-05
2024-04-06 00:00:00,"206,0504259690299","328,190002",2,1,2024-04-06
2024-04-06 01:00:00,"192,61541365227998","334,679993",2,1,2024-04-06
2024-04-06 02:00:00,"186,3923648311722","354,369995",2,1,2024-04-06
2024-04-06 03:00:00,"171,99612003078533","359,890015",2,1,2024-04-06
2024-04-06 04:00:00,"173,22829013209366","372,5",2,1,2024-04-06
2024-04-06 05:00:00,"177,9357404237594","382,339996",2,1,2024-04-06
2024-04-06 06:00:00,"184,04634011221503","374,660004",2,1,2024-04-06
2024-04-06 07:00:00,"196,29985933660754","359,890015",2,1,2024-04-06
2024-04-06 08:00:00,"255,05496588949745","291,790009",2,1,2024-04-06
2024-04-06 09:00:00,"275,20509954447164","298,279999",2,1,2024-04-06
2024-04-06 10:00:00,"278,44779475110573","295,0",2,1,2024-04-06
2024-04-06 11:00:00,"274,35196012174254","282,23999",2,1,2024-04-06
2024-04-06 12:00:00,"278,44779475110573","260,459991",2,1,2024-04-06
2024-04-06 13:00:00,"308,51900924887144","292,459991",2,1,2024-04-06
2024-04-06 14:00:00,"360,6831369198026","297,380005",2,1,2024-04-06
2024-04-06 15:00:00,"417,2070020609082","345,200012",2,1,2024-04-06
2024-04-06 16:00:00,"474,9771633496823","393,079987",2,1,2024-04-06
2024-04-06 17:00:00,"507,65284491080865","435,369995",2,1,2024-04-06
2024-04-06 18:00:00,"491,0188513209921","360,109985",2,1,2024-04-06
2024-04-06 19:00:00,"457,546670014515","335,799988",2,1,2024-04-06
2024-04-06 20:00:00,"392,63298321239097","297,309998",2,1,2024-04-06
2024-04-06 21:00:00,"334,4552261729642","188,410004",2,1,2024-04-06
2024-04-06 22:00:00,"287,1285969253174","84,279999",2,1,2024-04-06
2024-04-06 23:00:00,"250,7098718011825","0,75",2,1,2024-04-06
2024-04-07 00:00:00,"226,26286842691425","0,0",2,1,2024-04-07
2024-04-07 01:00:00,"219,87628377433714","0,0",2,1,2024-04-07
2024-04-07 02:00:00,"219,22504438978245","0,0",2,1,2024-04-07
2024-04-07 03:00:00,"214,10940291623848","0,0",2,1,2024-04-07
2024-04-07 04:00:00,"217,03010594525057","0,0",2,1,2024-04-07
2024-04-07 05:00:00,"223,96467968525747","0,0",2,1,2024-04-07
2024-04-07 06:00:00,"246,14836074732415","0,0",2,1,2024-04-07
2024-04-07 07:00:00,"281,9566832336799","-0,07",2,1,2024-04-07
2024-04-07 08:00:00,"280,20115355707577","-1,19",2,1,2024-04-07
2024-04-07 09:00:00,"280,20115355707577","-22,450001",2,1,2024-04-07
2024-04-07 10:00:00,"280,20115355707577","-29,76",2,1,2024-04-07
2024-04-07 11:00:00,"266,65873831702027","-48,849998",2,1,2024-04-07
2024-04-07 12:00:00,"262,581378173874","-74,589996",2,1,2024-04-07
2024-04-07 13:00:00,"253,52105418828035","-37,59",2,1,2024-04-07
2024-04-07 14:00:00,"283,0707222446287","-1,19",2,1,2024-04-07
2024-04-07 15:00:00,"280,20115355707577","51,610001",2,1,2024-04-07
2024-04-07 16:00:00,"281,88790567254676","682,159973",2,1,2024-04-07
2024-04-07 17:00:00,"262,417709630948","808,440002",2,1,2024-04-07
2024-04-07 18:00:00,"238,09499460668562","793,599976",2,1,2024-04-07
2024-04-07 19:00:00,"221,46078607770997","670,900024",2,1,2024-04-07
2024-04-07 20:00:00,"216,44856715606576","577,73999",2,1,2024-04-07
2024-04-07 21:00:00,"215,69025797720647","494,730011",2,1,2024-04-07
2024-04-07 22:00:00,"212,6097559374522","527,849976",2,1,2024-04-07
2024-04-07 23:00:00,"212,6097559374522","494,359985",2,1,2024-04-07
2024-04-08 00:00:00,"376,06257423030496","292,079987",2,2,2024-04-08
2024-04-08 01:00:00,"291,8752305079795","312,290009",2,2,2024-04-08
2024-04-08 02:00:00,"239,93868420375674","328,480011",2,2,2024-04-08
2024-04-08 03:00:00,"218,3958572534023","494,799988",2,2,2024-04-08
2024-04-08 04:00:00,"217,23278429738204","760,700012",2,2,2024-04-08
2024-04-08 05:00:00,"235,8237807679514","1117,150024",2,2,2024-04-08
2024-04-08 06:00:00,"273,9501089471372","958,580017",2,2,2024-04-08
2024-04-08 07:00:00,"288,5680017493101","637,789978",2,2,2024-04-08
2024-04-08 08:00:00,"295,5421766242443","601,159973",2,2,2024-04-08
2024-04-08 09:00:00,"301,1500826280636","531,280029",2,2,2024-04-08
2024-04-08 10:00:00,"308,36667433160414","482,570007",2,2,2024-04-08
2024-04-08 11:00:00,"302,76305878110736","447,519989",2,2,2024-04-08
2024-04-08 12:00:00,"302,76305878110736","431,779999",2,2,2024-04-08
2024-04-08 13:00:00,"303,2214364633347","472,880005",2,2,2024-04-08
2024-04-08 14:00:00,"309,48247292264153","522,099976",2,2,2024-04-08
2024-04-08 15:00:00,"324,71280780285673","559,469971",2,2,2024-04-08
2024-04-08 16:00:00,"368,0322963021901","782,409973",2,2,2024-04-08
2024-04-08 17:00:00,"388,1227589702184","1024,069946",2,2,2024-04-08
2024-04-08 18:00:00,"372,68103758819984","930,830017",2,2,2024-04-08
2024-04-08 19:00:00,"350,11824719171176","632,859985",2,2,2024-04-08
2024-04-08 20:00:00,"323,18581098058985","574,309998",2,2,2024-04-08
2024-04-08 21:00:00,"304,99656473243135","523,52002",2,2,2024-04-08
2024-04-08 22:00:00,"289,62098532327855","583,330017",2,2,2024-04-08
2024-04-08 23:00:00,"259,0356257421549","517,549988",2,2,2024-04-08
2024-04-09 00:00:00,"237,39982647602207","482,790009",2,2,2024-04-09
2024-04-09 01:00:00,"222,39511702957742","440,200012",2,2,2024-04-09
2024-04-09 02:00:00,"225,67853027923493","453,779999",2,2,2024-04-09
2024-04-09 03:00:00,"235,96742086826785","488,390015",2,2,2024-04-09
2024-04-09 04:00:00,"265,7298691152084","631,070007",2,2,2024-04-09
2024-04-09 05:00:00,"286,63079613823123","670,900024",2,2,2024-04-09
2024-04-09 06:00:00,"333,80498017330103","595,039978",2,2,2024-04-09
2024-04-09 07:00:00,"400,2887512034008","509,420013",2,2,2024-04-09
2024-04-09 08:00:00,"411,2763082776273","376,51001",2,2,2024-04-09
2024-04-09 09:00:00,"416,1369396069438","336,160004",2,2,2024-04-09
2024-04-09 10:00:00,"416,3854534113139","279,920013",2,2,2024-04-09
2024-04-09 11:00:00,"414,5913373542765","224,059998",2,2,2024-04-09
2024-04-09 12:00:00,"407,8700620631815","200,860001",2,2,2024-04-09
2024-04-09 13:00:00,"402,84632783010767","221,970001",2,2,2024-04-09
2024-04-09 14:00:00,"482,05496537134326","296,850006",2,2,2024-04-09
2024-04-09 15:00:00,"567,5065440936908","360,769989",2,2,2024-04-09
2024-04-09 16:00:00,"576,5276627530607","479,730011",2,2,2024-04-09
2024-04-09 17:00:00,"563,0827975098445","595,119995",2,2,2024-04-09
2024-04-09 18:00:00,"502,57611460318896","447,140015",2,2,2024-04-09
2024-04-09 19:00:00,"418,477848099352","359,649994",2,2,2024-04-09
2024-04-09 20:00:00,"370,65853169950293","335,640015",2,2,2024-04-09
2024-04-09 21:00:00,"345,6251229448042","257,619995",2,2,2024-04-09
2024-04-09 22:00:00,"315,37979943548703","68,550003",2,2,2024-04-09
2024-04-09 23:00:00,"291,3679844207748","30,58",2,2,2024-04-09
2024-04-10 00:00:00,"282,6441570768448","11,64",2,2,2024-04-10
2024-04-10 01:00:00,"281,46885736879517","9,55",2,2,2024-04-10
2024-04-10 02:00:00,"266,64512967005544","1,27",2,2,2024-04-10
2024-04-10 03:00:00,"263,0798701890837","11,49",2,2,2024-04-10
2024-04-10 04:00:00,"283,1300256680542","23,049999",2,2,2024-04-10
2024-04-10 05:00:00,"325,35914158149","101,290001",2,2,2024-04-10
2024-04-10 06:00:00,"422,86676238063876","145,0",2,2,2024-04-10
2024-04-10 07:00:00,"545,7942834720727","116,660004",2,2,2024-04-10
2024-04-10 08:00:00,"579,3181534063461","95,019997",2,2,2024-04-10
2024-04-10 09:00:00,"591,3563701203705","45,5",2,2,2024-04-10
2024-04-10 10:00:00,"579,3753165725867","11,86",2,2,2024-04-10
2024-04-10 11:00:00,"572,479401366938","2,69",2,2,2024-04-10
2024-04-10 12:00:00,"561,2113425368499","0,0",2,2,2024-04-10
2024-04-10 13:00:00,"574,6615070118671","0,07",2,2,2024-04-10
2024-04-10 14:00:00,"596,0660679190643","11,86",2,2,2024-04-10
2024-04-10 15:00:00,"597,3495224188","122,169998",2,2,2024-04-10
2024-04-10 16:00:00,"614,2166247085796","616,469971",2,2,2024-04-10
2024-04-10 17:00:00,"604,809462321705","1084,949951",2,2,2024-04-10
2024-04-10 18:00:00,"577,1117310921403","1052,430054",2,2,2024-04-10
2024-04-10 19:00:00,"542,1922956518782","722,380005",2,2,2024-04-10
2024-04-10 20:00:00,"472,5260914729035","392,029999",2,2,2024-04-10
2024-04-10 21:00:00,"436,44325773641253","352,200012",2,2,2024-04-10
2024-04-10 22:00:00,"367,88222993886825","303,440002",2,2,2024-04-10
2024-04-10 23:00:00,"318,45068928713096","198,940002",2,2,2024-04-10
2024-04-11 00:00:00,"297,0127755061146","165,589996",2,2,2024-04-11
2024-04-11 01:00:00,"275,9717674370554","74,519997",2,2,2024-04-11
2024-04-11 02:00:00,"253,27589940800775","11,71",2,2,2024-04-11
2024-04-11 03:00:00,"260,10806732699587","11,64",2,2,2024-04-11
2024-04-11 04:00:00,"284,6498475520387","19,469999",2,2,2024-04-11
2024-04-11 05:00:00,"312,1623381744469","297,399994",2,2,2024-04-11
2024-04-11 06:00:00,"376,663915353736","309,929993",2,2,2024-04-11
2024-04-11 07:00:00,"421,00818131673924","223,770004",2,2,2024-04-11
2024-04-11 08:00:00,"417,2618257692665","74,959999",2,2,2024-04-11
2024-04-11 09:00:00,"411,99966501817744","6,41",2,2,2024-04-11
2024-04-11 10:00:00,"396,15708968387696","6,79",2,2,2024-04-11
2024-04-11 11:00:00,"373,63389758818244","8,21",2,2,2024-04-11
2024-04-11 12:00:00,"370,474825050098","4,25",2,2,2024-04-11
2024-04-11 13:00:00,"379,1279148143779","96,07",2,2,2024-04-11
2024-04-11 14:00:00,"415,3108837276036","64,75",2,2,2024-04-11
2024-04-11 15:00:00,"427,88423018180606","347,070007",2,2,2024-04-11
2024-04-11 16:00:00,"445,8956768776007","711,75",2,2,2024-04-11
2024-04-11 17:00:00,"443,6396896131446","1002,210022",2,2,2024-04-11
2024-04-11 18:00:00,"428,54401881642684","893,609985",2,2,2024-04-11
2024-04-11 19:00:00,"402,03181245357445","679,159973",2,2,2024-04-11
2024-04-11 20:00:00,"344,317409489517","541,159973",2,2,2024-04-11
2024-04-11 21:00:00,"318,3061333580206","451,059998",2,2,2024-04-11
2024-04-11 22:00:00,"265,83523907341146","339,720001",2,2,2024-04-11
2024-04-11 23:00:00,"237,95076881139016","325,029999",2,2,2024-04-11
2024-04-12 00:00:00,"218,3958572534023","331,73999",2,2,2024-04-12
2024-04-12 01:00:00,"214,10940291623848","304,51001",2,2,2024-04-12
2024-04-12 02:00:00,"214,10940291623848","298,399994",2,2,2024-04-12
2024-04-12 03:00:00,"214,10940291623848","298,399994",2,2,2024-04-12
2024-04-12 04:00:00,"214,10940291623848","308,019989",2,2,2024-04-12
2024-04-12 05:00:00,"245,61906689239186","362,619995",2,2,2024-04-12
2024-04-12 06:00:00,"301,6331964315775","516,75",2,2,2024-04-12
2024-04-12 07:00:00,"356,3172516944937","489,290009",2,2,2024-04-12
2024-04-12 08:00:00,"345,73466105658525","314,51001",2,2,2024-04-12
2024-04-12 09:00:00,"321,94138443946383","186,050003",2,2,2024-04-12
2024-04-12 10:00:00,"303,82383122751963","149,869995",2,2,2024-04-12
2024-04-12 11:00:00,"295,82770453228324","37,150002",2,2,2024-04-12
2024-04-12 12:00:00,"277,020202414548","6,04",2,2,2024-04-12
2024-04-12 13:00:00,"264,8212876367665","3,21",2,2,2024-04-12
2024-04-12 14:00:00,"294,02403647050323","128,460007",2,2,2024-04-12
2024-04-12 15:00:00,"318,8407596081176","293,920013",2,2,2024-04-12
2024-04-12 16:00:00,"348,601521286242","351,51001",2,2,2024-04-12
2024-04-12 17:00:00,"343,2515670139789","351,730011",2,2,2024-04-12
2024-04-12 18:00:00,"327,3523721864862","352,029999",2,2,2024-04-12
2024-04-12 19:00:00,"287,72339838268556","351,429993",2,2,2024-04-12
2024-04-12 20:00:00,"266,1359313827774","342,329987",2,2,2024-04-12
2024-04-12 21:00:00,"247,08775555492375","329,200012",2,2,2024-04-12
2024-04-12 22:00:00,"219,44429223089497","175,020004",2,2,2024-04-12
2024-04-12 23:00:00,"209,44112063466488","193,369995",2,2,2024-04-12
2024-04-13 00:00:00,"206,0504259690299","144,429993",2,2,2024-04-13
2024-04-13 01:00:00,"192,61541365227998","130,779999",2,2,2024-04-13
2024-04-13 02:00:00,"186,3923648311722","130,259995",2,2,2024-04-13
2024-04-13 03:00:00,"171,99612003078533","173,899994",2,2,2024-04-13
2024-04-13 04:00:00,"173,22829013209366","207,619995",2,2,2024-04-13
2024-04-13 05:00:00,"177,9357404237594","251,630005",2,2,2024-04-13
2024-04-13 06:00:00,"184,04634011221503","168,600006",2,2,2024-04-13
2024-04-13 07:00:00,"196,29985933660754","65,650002",2,2,2024-04-13
2024-04-13 08:00:00,"255,05496588949745","-0,15",2,2,2024-04-13
2024-04-13 09:00:00,"275,20509954447164","-30,139999",2,2,2024-04-13
2024-04-13 10:00:00,"278,44779475110573","-59,830002",2,2,2024-04-13
2024-04-13 11:00:00,"274,35196012174254","-150,699997",2,2,2024-04-13
2024-04-13 12:00:00,"278,44779475110573","-218,729996",2,2,2024-04-13
2024-04-13 13:00:00,"308,51900924887144","-235,740005",2,2,2024-04-13
2024-04-13 14:00:00,"360,6831369198026","-75,120003",2,2,2024-04-13
2024-04-13 15:00:00,"417,2070020609082","14,92",2,2,2024-04-13
2024-04-13 16:00:00,"474,9771633496823","213,740005",2,2,2024-04-13
2024-04-13 17:00:00,"507,65284491080865","392,859985",2,2,2024-04-13
2024-04-13 18:00:00,"491,0188513209921","298,630005",2,2,2024-04-13
2024-04-13 19:00:00,"457,546670014515","258,5",2,2,2024-04-13
2024-04-13 20:00:00,"392,63298321239097","153,679993",2,2,2024-04-13
2024-04-13 21:00:00,"334,4552261729642","52,59",2,2,2024-04-13
2024-04-13 22:00:00,"287,1285969253174","3,21",2,2,2024-04-13
2024-04-13 23:00:00,"250,7098718011825","6,19",2,2,2024-04-13
2024-04-14 00:00:00,"226,26286842691425","6,79",2,2,2024-04-14
2024-04-14 01:00:00,"219,87628377433714","3,13",2,2,2024-04-14
2024-04-14 02:00:00,"219,22504438978245","3,66",2,2,2024-04-14
2024-04-14 03:00:00,"214,10940291623848","21,709999",2,2,2024-04-14
2024-04-14 04:00:00,"217,03010594525057","93,629997",2,2,2024-04-14
2024-04-14 05:00:00,"223,96467968525747","96,989998",2,2,2024-04-14
2024-04-14 06:00:00,"246,14836074732415","55,279999",2,2,2024-04-14
2024-04-14 07:00:00,"281,9566832336799","0,0",2,2,2024-04-14
2024-04-14 08:00:00,"280,20115355707577","-17,16",2,2,2024-04-14
2024-04-14 09:00:00,"266,65873831702027","-89,379997",2,2,2024-04-14
2024-04-14 10:00:00,"283,771936982038","-314,399994",2,2,2024-04-14
2024-04-14 11:00:00,"266,65873831702027","-397,73999",2,2,2024-04-14
2024-04-14 12:00:00,"262,581378173874","-402,880005",2,2,2024-04-14
2024-04-14 13:00:00,"253,52105418828035","-298,809998",2,2,2024-04-14
2024-04-14 14:00:00,"283,0707222446287","-46,630001",2,2,2024-04-14
2024-04-14 15:00:00,"280,20115355707577","11,71",2,2,2024-04-14
2024-04-14 16:00:00,"281,88790567254676","157,419998",2,2,2024-04-14
2024-04-14 17:00:00,"262,417709630948","655,059998",2,2,2024-04-14
2024-04-14 18:00:00,"238,09499460668562","894,619995",2,2,2024-04-14
2024-04-14 19:00:00,"221,46078607770997","840,159973",2,2,2024-04-14
2024-04-14 20:00:00,"216,44856715606576","724,890015",2,2,2024-04-14
2024-04-14 21:00:00,"215,69025797720647","594,549988",2,2,2024-04-14
2024-04-14 22:00:00,"212,6097559374522","343,269989",2,2,2024-04-14
2024-04-14 23:00:00,"212,6097559374522","334,690002",2,2,2024-04-14
2024-04-15 00:00:00,"263,68957002287596","526,359985",2,3,2024-04-15
2024-04-15 01:00:00,"225,1049345285454","491,220001",2,3,2024-04-15
2024-04-15 02:00:00,"216,955580745325","561,280029",2,3,2024-04-15
2024-04-15 03:00:00,"215,54603218191102","647,150024",2,3,2024-04-15
2024-04-15 04:00:00,"217,23278429738204","863,440002",2,3,2024-04-15
2024-04-15 05:00:00,"235,8237807679514","1261,98999",2,3,2024-04-15
2024-04-15 06:00:00,"273,9501089471372","1143,290039",2,3,2024-04-15
2024-04-15 07:00:00,"288,5680017493101","683,109985",2,3,2024-04-15
2024-04-15 08:00:00,"295,5421766242443","568,809998",2,3,2024-04-15
2024-04-15 09:00:00,"301,1500826280636","425,269989",2,3,2024-04-15
2024-04-15 10:00:00,"308,36667433160414","320,809998",2,3,2024-04-15
2024-04-15 11:00:00,"302,76305878110736","245,389999",2,3,2024-04-15
2024-04-15 12:00:00,"302,76305878110736","145,490005",2,3,2024-04-15
2024-04-15 13:00:00,"303,2214364633347","223,380005",2,3,2024-04-15
2024-04-15 14:00:00,"309,48247292264153","265,459991",2,3,2024-04-15
2024-04-15 15:00:00,"324,71280780285673","345,440002",2,3,2024-04-15
2024-04-15 16:00:00,"367,92555396518816","516,289978",2,3,2024-04-15
2024-04-15 17:00:00,"388,1227589702184","588,809998",2,3,2024-04-15
2024-04-15 18:00:00,"372,68103758819984","574,630005",2,3,2024-04-15
2024-04-15 19:00:00,"350,11824719171176","494,730011",2,3,2024-04-15
2024-04-15 20:00:00,"323,18581098058985","394,899994",2,3,2024-04-15
2024-04-15 21:00:00,"305,1033070694333","261,200012",2,3,2024-04-15
2024-04-15 22:00:00,"289,62098532327855","231,639999",2,3,2024-04-15
2024-04-15 23:00:00,"259,0356257421549","132,720001",2,3,2024-04-15
2024-04-16 00:00:00,"237,39982647602207","49,610001",2,3,2024-04-16
2024-04-16 01:00:00,"222,39511702957742","40,959999",2,3,2024-04-16
2024-04-16 02:00:00,"225,67853027923493","133,539993",2,3,2024-04-16
2024-04-16 03:00:00,"235,96742086826785","270,209991",2,3,2024-04-16
2024-04-16 04:00:00,"265,7298691152084","384,880005",2,3,2024-04-16
2024-04-16 05:00:00,"286,63079613823123","554,0",2,3,2024-04-16
2024-04-16 06:00:00,"333,80498017330103","554,0",2,3,2024-04-16
2024-04-16 07:00:00,"400,2887512034008","483,5",2,3,2024-04-16
2024-04-16 08:00:00,"411,2763082776273","388,309998",2,3,2024-04-16
2024-04-16 09:00:00,"416,1369396069438","344,290009",2,3,2024-04-16
2024-04-16 10:00:00,"416,3854534113139","320,5",2,3,2024-04-16
2024-04-16 11:00:00,"414,5913373542765","316,089996",2,3,2024-04-16
2024-04-16 12:00:00,"407,8700620631815","322,359985",2,3,2024-04-16
2024-04-16 13:00:00,"402,84632783010767","362,049988",2,3,2024-04-16
2024-04-16 14:00:00,"482,05496537134326","457,540009",2,3,2024-04-16
2024-04-16 15:00:00,"567,5065440936908","594,359985",2,3,2024-04-16
2024-04-16 16:00:00,"576,5276627530607","693,210022",2,3,2024-04-16
2024-04-16 17:00:00,"563,0827975098445","850,400024",2,3,2024-04-16
2024-04-16 18:00:00,"502,57611460318896","928,960022",2,3,2024-04-16
2024-04-16 19:00:00,"418,477848099352","779,309998",2,3,2024-04-16
2024-04-16 20:00:00,"370,65853169950293","672,169983",2,3,2024-04-16
2024-04-16 21:00:00,"345,6251229448042","627,409973",2,3,2024-04-16
2024-04-16 22:00:00,"315,37979943548703","625,48999",2,3,2024-04-16
2024-04-16 23:00:00,"291,3679844207748","625,48999",2,3,2024-04-16
2024-04-17 00:00:00,"282,6441570768448","606,919983",2,3,2024-04-17
2024-04-17 01:00:00,"281,46885736879517","614,75",2,3,2024-04-17
2024-04-17 02:00:00,"266,64512967005544","618,929993",2,3,2024-04-17
2024-04-17 03:00:00,"263,0798701890837","624,669983",2,3,2024-04-17
2024-04-17 04:00:00,"283,1300256680542","816,109985",2,3,2024-04-17
2024-04-17 05:00:00,"325,35914158149","1268,069946",2,3,2024-04-17
2024-04-17 06:00:00,"422,86676238063876","1157,650024",2,3,2024-04-17
2024-04-17 07:00:00,"545,7942834720727","780,52002",2,3,2024-04-17
2024-04-17 08:00:00,"579,3181534063461","625,940002",2,3,2024-04-17
2024-04-17 09:00:00,"591,3563701203705","596,099976",2,3,2024-04-17
2024-04-17 10:00:00,"579,3753165725867","599,080017",2,3,2024-04-17
2024-04-17 11:00:00,"572,479401366938","589,830017",2,3,2024-04-17
2024-04-17 12:00:00,"561,2113425368499","579,76001",2,3,2024-04-17
2024-04-17 13:00:00,"574,6615070118671","574,690002",2,3,2024-04-17
2024-04-17 14:00:00,"596,0660679190643","596,840027",2,3,2024-04-17
2024-04-17 15:00:00,"597,3495224188","648,320007",2,3,2024-04-17
2024-04-17 16:00:00,"614,2166247085796","857,73999",2,3,2024-04-17
2024-04-17 17:00:00,"604,809462321705","1193,089966",2,3,2024-04-17
2024-04-17 18:00:00,"577,1117310921403","1267,550049",2,3,2024-04-17
2024-04-17 19:00:00,"542,1922956518782","970,320007",2,3,2024-04-17
2024-04-17 20:00:00,"472,5260914729035","738,890015",2,3,2024-04-17
2024-04-17 21:00:00,"436,44325773641253","655,109985",2,3,2024-04-17
2024-04-17 22:00:00,"367,88222993886825","685,150024",2,3,2024-04-17
2024-04-17 23:00:00,"318,45068928713096","652,23999",2,3,2024-04-17
2024-04-18 00:00:00,"297,0127755061146","660,52002",2,3,2024-04-18
2024-04-18 01:00:00,"275,9717674370554","654,780029",2,3,2024-04-18
2024-04-18 02:00:00,"253,27589940800775","668,580017",2,3,2024-04-18
2024-04-18 03:00:00,"260,10806732699587","697,380005",2,3,2024-04-18
2024-04-18 04:00:00,"284,6498475520387","909,349976",2,3,2024-04-18
2024-04-18 05:00:00,"312,1623381744469","1162,430054",2,3,2024-04-18
2024-04-18 06:00:00,"376,663915353736","978,809998",2,3,2024-04-18
2024-04-18 07:00:00,"421,00818131673924","754,460022",2,3,2024-04-18
2024-04-18 08:00:00,"417,2618257692665","673,059998",2,3,2024-04-18
2024-04-18 09:00:00,"411,99966501817744","625,76001",2,3,2024-04-18
2024-04-18 10:00:00,"396,15708968387696","601,659973",2,3,2024-04-18
2024-04-18 11:00:00,"373,63389758818244","575,98999",2,3,2024-04-18
2024-04-18 12:00:00,"370,474825050098","544,72998",2,3,2024-04-18
2024-04-18 13:00:00,"379,1279148143779","527,48999",2,3,2024-04-18
2024-04-18 14:00:00,"415,3108837276036","528,840027",2,3,2024-04-18
2024-04-18 15:00:00,"427,88423018180606","606,799988",2,3,2024-04-18
2024-04-18 16:00:00,"445,8956768776007","701,559998",2,3,2024-04-18
2024-04-18 17:00:00,"443,6396896131446","934,419983",2,3,2024-04-18
2024-04-18 18:00:00,"428,54401881642684","961,200012",2,3,2024-04-18
2024-04-18 19:00:00,"402,03181245357445","790,27002",2,3,2024-04-18
2024-04-18 20:00:00,"344,317409489517","670,669983",2,3,2024-04-18
2024-04-18 21:00:00,"318,3061333580206","592,179993",2,3,2024-04-18
2024-04-18 22:00:00,"265,83523907341146","576,090027",2,3,2024-04-18
2024-04-18 23:00:00,"237,95076881139016","453,869995",2,3,2024-04-18
2024-04-19 00:00:00,"218,3958572534023","377,019989",2,3,2024-04-19
2024-04-19 01:00:00,"214,10940291623848","369,109985",2,3,2024-04-19
2024-04-19 02:00:00,"214,10940291623848","357,920013",2,3,2024-04-19
2024-04-19 03:00:00,"214,10940291623848","366,200012",2,3,2024-04-19
2024-04-19 04:00:00,"214,10940291623848","448,570007",2,3,2024-04-19
2024-04-19 05:00:00,"245,61906689239186","527,809998",2,3,2024-04-19
2024-04-19 06:00:00,"301,6331964315775","581,01001",2,3,2024-04-19
2024-04-19 07:00:00,"356,3172516944937","516,700012",2,3,2024-04-19
2024-04-19 08:00:00,"345,73466105658525","457,160004",2,3,2024-04-19
2024-04-19 09:00:00,"321,94138443946383","427,380005",2,3,2024-04-19
2024-04-19 10:00:00,"303,82383122751963","389,179993",2,3,2024-04-19
2024-04-19 11:00:00,"295,82770453228324","363,140015",2,3,2024-04-19
2024-04-19 12:00:00,"277,020202414548","346,059998",2,3,2024-04-19
2024-04-19 13:00:00,"264,8212876367665","353,0",2,3,2024-04-19
2024-04-19 14:00:00,"294,02403647050323","379,859985",2,3,2024-04-19
2024-04-19 15:00:00,"318,8407596081176","427,980011",2,3,2024-04-19
2024-04-19 16:00:00,"348,601521286242","470,660004",2,3,2024-04-19
2024-04-19 17:00:00,"343,2515670139789","475,660004",2,3,2024-04-19
2024-04-19 18:00:00,"327,3523721864862","482,670013",2,3,2024-04-19
2024-04-19 19:00:00,"287,72339838268556","482,079987",2,3,2024-04-19
2024-04-19 20:00:00,"266,1359313827774","475,359985",2,3,2024-04-19
2024-04-19 21:00:00,"247,08775555492375","459,839996",2,3,2024-04-19
2024-04-19 22:00:00,"219,44429223089497","438,709991",2,3,2024-04-19
2024-04-19 23:00:00,"209,44112063466488","422,209991",2,3,2024-04-19
2024-04-20 00:00:00,"206,0504259690299","417,51001",2,3,2024-04-20
2024-04-20 01:00:00,"192,61541365227998","430,950012",2,3,2024-04-20
2024-04-20 02:00:00,"186,3923648311722","455,5",2,3,2024-04-20
2024-04-20 03:00:00,"171,99612003078533","468,850006",2,3,2024-04-20
2024-04-20 04:00:00,"173,22829013209366","476,98999",2,3,2024-04-20
2024-04-20 05:00:00,"177,9357404237594","507,279999",2,3,2024-04-20
2024-04-20 06:00:00,"184,04634011221503","485,350006",2,3,2024-04-20
2024-04-20 07:00:00,"196,29985933660754","446,98999",2,3,2024-04-20
2024-04-20 08:00:00,"255,05496588949745","373,48999",2,3,2024-04-20
2024-04-20 09:00:00,"275,20509954447164","286,769989",2,3,2024-04-20
2024-04-20 10:00:00,"278,44779475110573","216,179993",2,3,2024-04-20
2024-04-20 11:00:00,"274,35196012174254","92,010002",2,3,2024-04-20
2024-04-20 12:00:00,"278,44779475110573","78,730003",2,3,2024-04-20
2024-04-20 13:00:00,"308,51900924887144","136,779999",2,3,2024-04-20
2024-04-20 14:00:00,"360,6831369198026","279,160004",2,3,2024-04-20
2024-04-20 15:00:00,"417,2070020609082","468,850006",2,3,2024-04-20
2024-04-20 16:00:00,"474,9771633496823","588,77002",2,3,2024-04-20
2024-04-20 17:00:00,"507,65284491080865","668,690002",2,3,2024-04-20
2024-04-20 18:00:00,"491,0188513209921","724,140015",2,3,2024-04-20
2024-04-20 19:00:00,"457,546670014515","673,919983",2,3,2024-04-20
2024-04-20 20:00:00,"392,63298321239097","642,280029",2,3,2024-04-20
2024-04-20 21:00:00,"334,4552261729642","618,619995",2,3,2024-04-20
2024-04-20 22:00:00,"287,1285969253174","610,679993",2,3,2024-04-20
2024-04-20 23:00:00,"250,7098718011825","526,669983",2,3,2024-04-20
2024-04-21 00:00:00,"226,26286842691425","518,76001",2,3,2024-04-21
2024-04-21 01:00:00,"219,87628377433714","480,48999",2,3,2024-04-21
2024-04-21 02:00:00,"219,22504438978245","476,609985",2,3,2024-04-21
2024-04-21 03:00:00,"214,10940291623848","474,670013",2,3,2024-04-21
2024-04-21 04:00:00,"217,03010594525057","480,709991",2,3,2024-04-21
2024-04-21 05:00:00,"223,96467968525747","451,609985",2,3,2024-04-21
2024-04-21 06:00:00,"246,14836074732415","454,220001",2,3,2024-04-21
2024-04-21 07:00:00,"281,9566832336799","408,339996",2,3,2024-04-21
2024-04-21 08:00:00,"280,20115355707577","322,980011",2,3,2024-04-21
2024-04-21 09:00:00,"280,20115355707577","316,869995",2,3,2024-04-21
2024-04-21 10:00:00,"280,20115355707577","327,829987",2,3,2024-04-21
2024-04-21 11:00:00,"266,65873831702027","314,399994",2,3,2024-04-21
2024-04-21 12:00:00,"262,581378173874","309,480011",2,3,2024-04-21
2024-04-21 13:00:00,"253,52105418828035","312,839996",2,3,2024-04-21
2024-04-21 14:00:00,"283,0707222446287","355,890015",2,3,2024-04-21
2024-04-21 15:00:00,"280,20115355707577","437,809998",2,3,2024-04-21
2024-04-21 16:00:00,"281,88790567254676","556,590027",2,3,2024-04-21
2024-04-21 17:00:00,"262,417709630948","666,710022",2,3,2024-04-21
2024-04-21 18:00:00,"238,09499460668562","710,72998",2,3,2024-04-21
2024-04-21 19:00:00,"221,46078607770997","679,469971",2,3,2024-04-21
2024-04-21 20:00:00,"216,44856715606576","667,080017",2,3,2024-04-21
2024-04-21 21:00:00,"215,69025797720647","660,0",2,3,2024-04-21
2024-04-21 22:00:00,"212,6097559374522","589,190002",2,3,2024-04-21
2024-04-21 23:00:00,"212,6097559374522","582,330017",2,3,2024-04-21
2024-04-22 00:00:00,"465,9636599227549","585,23999",2,4,2024-04-22
2024-04-22 01:00:00,"364,2173927953295","596,280029",2,4,2024-04-22
2024-04-22 02:00:00,"278,6968584742815","595,309998",2,4,2024-04-22
2024-04-22 03:00:00,"226,44063480924075","652,830017",2,4,2024-04-22
2024-04-22 04:00:00,"218,64233286079596","790,109985",2,4,2024-04-22
2024-04-22 05:00:00,"235,8237807679514","975,820007",2,4,2024-04-22
2024-04-22 06:00:00,"273,9501089471372","876,359985",2,4,2024-04-22
2024-04-22 07:00:00,"288,5680017493101","724,090027",2,4,2024-04-22
2024-04-22 08:00:00,"295,5421766242443","610,75",2,4,2024-04-22
2024-04-22 09:00:00,"301,1500826280636","606,130005",2,4,2024-04-22
2024-04-22 10:00:00,"308,36667433160414","574,869995",2,4,2024-04-22
2024-04-22 11:00:00,"302,76305878110736","549,650024",2,4,2024-04-22
2024-04-22 12:00:00,"302,76305878110736","553,080017",2,4,2024-04-22
2024-04-22 13:00:00,"303,2214364633347","571,429993",2,4,2024-04-22
2024-04-22 14:00:00,"309,48247292264153","608,590027",2,4,2024-04-22
2024-04-22 15:00:00,"324,71280780285673","722,150024",2,4,2024-04-22
2024-04-22 16:00:00,"367,92555396518816","881,880005",2,4,2024-04-22
2024-04-22 17:00:00,"388,1227589702184","1223,969971",2,4,2024-04-22
2024-04-22 18:00:00,"372,68103758819984","1275,52002",2,4,2024-04-22
2024-04-22 19:00:00,"350,11824719171176","970,299988",2,4,2024-04-22
2024-04-22 20:00:00,"323,18581098058985","789,140015",2,4,2024-04-22
2024-04-22 21:00:00,"305,1033070694333","723,640015",2,4,2024-04-22
2024-04-22 22:00:00,"289,7277276602805","658,969971",2,4,2024-04-22
2024-04-22 23:00:00,"259,1423680791568","646,809998",2,4,2024-04-22
2024-04-23 00:00:00,"237,39982647602207","641,289978",2,4,2024-04-23
2024-04-23 01:00:00,"222,39511702957742","637,340027",2,4,2024-04-23
2024-04-23 02:00:00,"225,67853027923493","644,280029",2,4,2024-04-23
2024-04-23 03:00:00,"235,96742086826785","728,890015",2,4,2024-04-23
2024-04-23 04:00:00,"265,7298691152084","905,789978",2,4,2024-04-23
2024-04-23 05:00:00,"286,63079613823123","1352,420044",2,4,2024-04-23
2024-04-23 06:00:00,"333,80498017330103","1016,820007",2,4,2024-04-23
2024-04-23 07:00:00,"400,2887512034008","734,030029",2,4,2024-04-23
2024-04-23 08:00:00,"411,2763082776273","618,309998",2,4,2024-04-23
2024-04-23 09:00:00,"416,1369396069438","576,450012",2,4,2024-04-23
2024-04-23 10:00:00,"416,3854534113139","577,950012",2,4,2024-04-23
2024-04-23 11:00:00,"414,5913373542765","592,27002",2,4,2024-04-23
2024-04-23 12:00:00,"407,8700620631815","586,599976",2,4,2024-04-23
2024-04-23 13:00:00,"402,84632783010767","597,049988",2,4,2024-04-23
2024-04-23 14:00:00,"482,05496537134326","619,429993",2,4,2024-04-23
2024-04-23 15:00:00,"567,5065440936908","671,289978",2,4,2024-04-23
2024-04-23 16:00:00,"576,5276627530607","764,030029",2,4,2024-04-23
2024-04-23 17:00:00,"563,0827975098445","917,799988",2,4,2024-04-23
2024-04-23 18:00:00,"502,57611460318896","933,169983",2,4,2024-04-23
2024-04-23 19:00:00,"418,477848099352","784,169983",2,4,2024-04-23
2024-04-23 20:00:00,"370,65853169950293","691,880005",2,4,2024-04-23
2024-04-23 21:00:00,"345,6251229448042","608,460022",2,4,2024-04-23
2024-04-23 22:00:00,"315,37979943548703","595,640015",2,4,2024-04-23
2024-04-23 23:00:00,"291,3679844207748","567,73999",2,4,2024-04-23
2024-04-24 00:00:00,"282,6441570768448","561,840027",2,4,2024-04-24
2024-04-24 01:00:00,"281,46885736879517","545,130005",2,4,2024-04-24
2024-04-24 02:00:00,"266,64512967005544","567,289978",2,4,2024-04-24
2024-04-24 03:00:00,"263,0798701890837","610,47998",2,4,2024-04-24
2024-04-24 04:00:00,"283,1300256680542","758,419983",2,4,2024-04-24
2024-04-24 05:00:00,"325,35914158149","979,700012",2,4,2024-04-24
2024-04-24 06:00:00,"422,86676238063876","964,109985",2,4,2024-04-24
2024-04-24 07:00:00,"545,7942834720727","724,25",2,4,2024-04-24
2024-04-24 08:00:00,"579,3181534063461","693,590027",2,4,2024-04-24
2024-04-24 09:00:00,"591,3563701203705","679,190002",2,4,2024-04-24
2024-04-24 10:00:00,"579,3753165725867","638,76001",2,4,2024-04-24
2024-04-24 11:00:00,"572,479401366938","622,789978",2,4,2024-04-24
2024-04-24 12:00:00,"561,2113425368499","600,929993",2,4,2024-04-24
2024-04-24 13:00:00,"574,6615070118671","616,900024",2,4,2024-04-24
2024-04-24 14:00:00,"596,0660679190643","635,25",2,4,2024-04-24
2024-04-24 15:00:00,"597,3495224188","716,869995",2,4,2024-04-24
2024-04-24 16:00:00,"614,2166247085796","776,179993",2,4,2024-04-24
2024-04-24 17:00:00,"604,809462321705","1008,640015",2,4,2024-04-24
2024-04-24 18:00:00,"577,1117310921403","1070,119995",2,4,2024-04-24
2024-04-24 19:00:00,"542,1922956518782","903,900024",2,4,2024-04-24
2024-04-24 20:00:00,"472,5260914729035","785,650024",2,4,2024-04-24
2024-04-24 21:00:00,"436,44325773641253","673,0",2,4,2024-04-24
2024-04-24 22:00:00,"367,88222993886825","622,700012",2,4,2024-04-24
2024-04-24 23:00:00,"318,45068928713096","596,599976",2,4,2024-04-24
2024-04-25 00:00:00,"297,0127755061146","576,97998",2,4,2024-04-25
2024-04-25 01:00:00,"275,9717674370554","567,140015",2,4,2024-04-25
2024-04-25 02:00:00,"253,27589940800775","561,099976",2,4,2024-04-25
2024-04-25 03:00:00,"260,10806732699587","626,580017",2,4,2024-04-25
2024-04-25 04:00:00,"284,6498475520387","763,940002",2,4,2024-04-25
2024-04-25 05:00:00,"312,1623381744469","976,780029",2,4,2024-04-25
2024-04-25 06:00:00,"376,663915353736","852,840027",2,4,2024-04-25
2024-04-25 07:00:00,"421,00818131673924","690,26001",2,4,2024-04-25
2024-04-25 08:00:00,"417,2618257692665","597,859985",2,4,2024-04-25
2024-04-25 09:00:00,"411,99966501817744","583,169983",2,4,2024-04-25
2024-04-25 10:00:00,"396,15708968387696","551,26001",2,4,2024-04-25
2024-04-25 11:00:00,"373,63389758818244","514,710022",2,4,2024-04-25
2024-04-25 12:00:00,"370,474825050098","498,230011",2,4,2024-04-25
2024-04-25 13:00:00,"379,1279148143779","517,400024",2,4,2024-04-25
2024-04-25 14:00:00,"415,3108837276036","542,97998",2,4,2024-04-25
2024-04-25 15:00:00,"427,88423018180606","595,700012",2,4,2024-04-25
2024-04-25 16:00:00,"445,8956768776007","709,72998",2,4,2024-04-25
2024-04-25 17:00:00,"443,6396896131446","1052,170044",2,4,2024-04-25
2024-04-25 18:00:00,"428,54401881642684","1135,699951",2,4,2024-04-25
2024-04-25 19:00:00,"402,03181245357445","847,98999",2,4,2024-04-25
2024-04-25 20:00:00,"344,317409489517","681,23999",2,4,2024-04-25
2024-04-25 21:00:00,"318,3061333580206","594,659973",2,4,2024-04-25
2024-04-25 22:00:00,"265,83523907341146","595,719971",2,4,2024-04-25
2024-04-25 23:00:00,"237,95076881139016","551,929993",2,4,2024-04-25
2024-04-26 00:00:00,"218,3958572534023","553,429993",2,4,2024-04-26
2024-04-26 01:00:00,"214,10940291623848","552,460022",2,4,2024-04-26
2024-04-26 02:00:00,"214,10940291623848","575,049988",2,4,2024-04-26
2024-04-26 03:00:00,"214,10940291623848","618,909973",2,4,2024-04-26
2024-04-26 04:00:00,"214,10940291623848","697,380005",2,4,2024-04-26
2024-04-26 05:00:00,"245,61906689239186","776,140015",2,4,2024-04-26
2024-04-26 06:00:00,"301,6331964315775","716,469971",2,4,2024-04-26
2024-04-26 07:00:00,"356,3172516944937","604,73999",2,4,2024-04-26
2024-04-26 08:00:00,"345,73466105658525","580,349976",2,4,2024-04-26
2024-04-26 09:00:00,"321,94138443946383","544,099976",2,4,2024-04-26
2024-04-26 10:00:00,"303,82383122751963","524,710022",2,4,2024-04-26
2024-04-26 11:00:00,"295,82770453228324","512,700012",2,4,2024-04-26
2024-04-26 12:00:00,"277,020202414548","487,570007",2,4,2024-04-26
2024-04-26 13:00:00,"264,8212876367665","521,5",2,4,2024-04-26
2024-04-26 14:00:00,"294,02403647050323","534,780029",2,4,2024-04-26
2024-04-26 15:00:00,"318,8407596081176","600,119995",2,4,2024-04-26
2024-04-26 16:00:00,"348,601521286242","700,210022",2,4,2024-04-26
2024-04-26 17:00:00,"343,2515670139789","960,219971",2,4,2024-04-26
2024-04-26 18:00:00,"327,3523721864862","1018,539978",2,4,2024-04-26
2024-04-26 19:00:00,"287,72339838268556","820,440002",2,4,2024-04-26
2024-04-26 20:00:00,"266,1359313827774","691,47998",2,4,2024-04-26
2024-04-26 21:00:00,"247,08775555492375","658,289978",2,4,2024-04-26
2024-04-26 22:00:00,"219,44429223089497","673,330017",2,4,2024-04-26
2024-04-26 23:00:00,"209,44112063466488","662,960022",2,4,2024-04-26
2024-04-27 00:00:00,"206,0504259690299","645,72998",2,4,2024-04-27
2024-04-27 01:00:00,"192,61541365227998","663,929993",2,4,2024-04-27
2024-04-27 02:00:00,"186,3923648311722","653,940002",2,4,2024-04-27
2024-04-27 03:00:00,"171,99612003078533","625,52002",2,4,2024-04-27
2024-04-27 04:00:00,"173,22829013209366","641,929993",2,4,2024-04-27
2024-04-27 05:00:00,"177,9357404237594","589,429993",2,4,2024-04-27
2024-04-27 06:00:00,"184,04634011221503","511,950012",2,4,2024-04-27
2024-04-27 07:00:00,"196,29985933660754","440,51001",2,4,2024-04-27
2024-04-27 08:00:00,"255,05496588949745","284,950012",2,4,2024-04-27
2024-04-27 09:00:00,"275,20509954447164","194,559998",2,4,2024-04-27
2024-04-27 10:00:00,"278,44779475110573","294,640015",2,4,2024-04-27
2024-04-27 11:00:00,"274,35196012174254","308,809998",2,4,2024-04-27
2024-04-27 12:00:00,"278,44779475110573","182,710007",2,4,2024-04-27
2024-04-27 13:00:00,"308,51900924887144","75,019997",2,4,2024-04-27
2024-04-27 14:00:00,"360,6831369198026","156,080002",2,4,2024-04-27
2024-04-27 15:00:00,"417,2070020609082","465,040009",2,4,2024-04-27
2024-04-27 16:00:00,"474,9771633496823","641,330017",2,4,2024-04-27
2024-04-27 17:00:00,"507,65284491080865","894,140015",2,4,2024-04-27
2024-04-27 18:00:00,"491,0188513209921","837,23999",2,4,2024-04-27
2024-04-27 19:00:00,"457,546670014515","633,880005",2,4,2024-04-27
2024-04-27 20:00:00,"392,63298321239097","566,01001",2,4,2024-04-27
2024-04-27 21:00:00,"334,4552261729642","486,440002",2,4,2024-04-27
2024-04-27 22:00:00,"287,1285969253174","420,570007",2,4,2024-04-27
2024-04-27 23:00:00,"250,7098718011825","344,119995",2,4,2024-04-27
2024-04-28 00:00:00,"226,26286842691425","295,350006",2,4,2024-04-28
2024-04-28 01:00:00,"219,87628377433714","241,050003",2,4,2024-04-28
2024-04-28 02:00:00,"219,22504438978245","212,490005",2,4,2024-04-28
2024-04-28 03:00:00,"214,10940291623848","199,059998",2,4,2024-04-28
2024-04-28 04:00:00,"217,03010594525057","74,209999",2,4,2024-04-28
2024-04-28 05:00:00,"223,96467968525747","1,86",2,4,2024-04-28
2024-04-28 06:00:00,"246,14836074732415","1,94",2,4,2024-04-28
2024-04-28 07:00:00,"281,9566832336799","1,64",2,4,2024-04-28
2024-04-28 08:00:00,"280,20115355707577","0,0",2,4,2024-04-28
2024-04-28 09:00:00,"280,20115355707577","-7,16",2,4,2024-04-28
2024-04-28 10:00:00,"280,20115355707577","-8,28",2,4,2024-04-28
2024-04-28 11:00:00,"266,65873831702027","-18,65",2,4,2024-04-28
2024-04-28 12:00:00,"262,581378173874","-18,790001",2,4,2024-04-28
2024-04-28 13:00:00,"253,52105418828035","-15,14",2,4,2024-04-28
2024-04-28 14:00:00,"283,0707222446287","-7,31",2,4,2024-04-28
2024-04-28 15:00:00,"280,20115355707577","0,0",2,4,2024-04-28
2024-04-28 16:00:00,"281,88790567254676","264,320007",2,4,2024-04-28
2024-04-28 17:00:00,"262,417709630948","442,350006",2,4,2024-04-28
2024-04-28 18:00:00,"238,09499460668562","577,640015",2,4,2024-04-28
2024-04-28 19:00:00,"221,46078607770997","583,159973",2,4,2024-04-28
2024-04-28 20:00:00,"216,44856715606576","468,079987",2,4,2024-04-28
2024-04-28 21:00:00,"215,69025797720647","417,890015",2,4,2024-04-28
2024-04-28 22:00:00,"212,6097559374522","306,529999",2,4,2024-04-28
2024-04-28 23:00:00,"212,6097559374522","370,75",2,4,2024-04-28
2024-07-01 00:00:00,"522,7523078312651","583,150024",3,1,2024-07-01
2024-07-01 01:00:00,"409,4859065871225","581,809998",3,1,2024-07-01
2024-07-01 02:00:00,"299,1371362508764","564,059998",3,1,2024-07-01
2024-07-01 03:00:00,"250,75589883924204","602,76001",3,1,2024-07-01
2024-07-01 04:00:00,"224,88469171807762","907,349976",3,1,2024-07-01
2024-07-01 05:00:00,"237,23332933136538","1028,550049",3,1,2024-07-01
2024-07-01 06:00:00,"273,9501089471372","1061,73999",3,1,2024-07-01
2024-07-01 07:00:00,"288,5680017493101","841,27002",3,1,2024-07-01
2024-07-01 08:00:00,"295,5421766242443","778,929993",3,1,2024-07-01
2024-07-01 09:00:00,"301,1500826280636","642,52002",3,1,2024-07-01
2024-07-01 10:00:00,"308,36667433160414","493,200012",3,1,2024-07-01
2024-07-01 11:00:00,"302,76305878110736","318,609985",3,1,2024-07-01
2024-07-01 12:00:00,"302,76305878110736","258,5",3,1,2024-07-01
2024-07-01 13:00:00,"303,2214364633347","251,929993",3,1,2024-07-01
2024-07-01 14:00:00,"309,48247292264153","273,940002",3,1,2024-07-01
2024-07-01 15:00:00,"324,71280780285673","452,779999",3,1,2024-07-01
2024-07-01 16:00:00,"367,92555396518816","568,080017",3,1,2024-07-01
2024-07-01 17:00:00,"388,1227589702184","745,890015",3,1,2024-07-01
2024-07-01 18:00:00,"372,68103758819984","1214,109985",3,1,2024-07-01
2024-07-01 19:00:00,"350,11824719171176","939,719971",3,1,2024-07-01
2024-07-01 20:00:00,"323,18581098058985","782,580017",3,1,2024-07-01
2024-07-01 21:00:00,"305,1033070694333","653,700012",3,1,2024-07-01
2024-07-01 22:00:00,"289,7277276602805","593,919983",3,1,2024-07-01
2024-07-01 23:00:00,"259,1423680791568","462,350006",3,1,2024-07-01
2024-07-02 00:00:00,"237,39982647602207","375,829987",3,1,2024-07-02
2024-07-02 01:00:00,"222,39511702957742","402,829987",3,1,2024-07-02
2024-07-02 02:00:00,"225,67853027923493","343,98999",3,1,2024-07-02
2024-07-02 03:00:00,"235,96742086826785","379,040009",3,1,2024-07-02
2024-07-02 04:00:00,"265,7298691152084","571,320007",3,1,2024-07-02
2024-07-02 05:00:00,"286,63079613823123","732,940002",3,1,2024-07-02
2024-07-02 06:00:00,"333,80498017330103","737,200012",3,1,2024-07-02
2024-07-02 07:00:00,"400,2887512034008","636,950012",3,1,2024-07-02
2024-07-02 08:00:00,"411,2763082776273","605,030029",3,1,2024-07-02
2024-07-02 09:00:00,"416,1369396069438","542,75",3,1,2024-07-02
2024-07-02 10:00:00,"416,3854534113139","529,400024",3,1,2024-07-02
2024-07-02 11:00:00,"414,5913373542765","503,450012",3,1,2024-07-02
2024-07-02 12:00:00,"407,8700620631815","443,559998",3,1,2024-07-02
2024-07-02 13:00:00,"402,84632783010767","450,570007",3,1,2024-07-02
2024-07-02 14:00:00,"482,05496537134326","540,289978",3,1,2024-07-02
2024-07-02 15:00:00,"567,5065440936908","552,52002",3,1,2024-07-02
2024-07-02 16:00:00,"576,5276627530607","617,190002",3,1,2024-07-02
2024-07-02 17:00:00,"563,0827975098445","754,349976",3,1,2024-07-02
2024-07-02 18:00:00,"502,57611460318896","837,140015",3,1,2024-07-02
2024-07-02 19:00:00,"418,477848099352","634,419983",3,1,2024-07-02
2024-07-02 20:00:00,"370,65853169950293","345,779999",3,1,2024-07-02
2024-07-02 21:00:00,"345,6251229448042","301,100006",3,1,2024-07-02
2024-07-02 22:00:00,"315,37979943548703","277,459991",3,1,2024-07-02
2024-07-02 23:00:00,"291,3679844207748","268,809998",3,1,2024-07-02
2024-07-03 00:00:00,"282,6441570768448","267,23999",3,1,2024-07-03
2024-07-03 01:00:00,"281,46885736879517","270,380005",3,1,2024-07-03
2024-07-03 02:00:00,"266,64512967005544","288,649994",3,1,2024-07-03
2024-07-03 03:00:00,"263,0798701890837","439,309998",3,1,2024-07-03
2024-07-03 04:00:00,"283,1300256680542","647,929993",3,1,2024-07-03
2024-07-03 05:00:00,"325,35914158149","729,599976",3,1,2024-07-03
2024-07-03 06:00:00,"422,86676238063876","771,669983",3,1,2024-07-03
2024-07-03 07:00:00,"545,7942834720727","457,959991",3,1,2024-07-03
2024-07-03 08:00:00,"579,3181534063461","323,029999",3,1,2024-07-03
2024-07-03 09:00:00,"591,3563701203705","298,119995",3,1,2024-07-03
2024-07-03 10:00:00,"579,3753165725867","291,859985",3,1,2024-07-03
2024-07-03 11:00:00,"572,479401366938","296,179993",3,1,2024-07-03
2024-07-03 12:00:00,"561,2113425368499","306,100006",3,1,2024-07-03
2024-07-03 13:00:00,"574,6615070118671","317,220001",3,1,2024-07-03
2024-07-03 14:00:00,"596,0660679190643","376,660004",3,1,2024-07-03
2024-07-03 15:00:00,"597,3495224188","590,5",3,1,2024-07-03
2024-07-03 16:00:00,"614,2166247085796","725,049988",3,1,2024-07-03
2024-07-03 17:00:00,"604,809462321705","864,75",3,1,2024-07-03
2024-07-03 18:00:00,"577,1117310921403","1193,079956",3,1,2024-07-03
2024-07-03 19:00:00,"542,1922956518782","843,570007",3,1,2024-07-03
2024-07-03 20:00:00,"472,5260914729035","677,390015",3,1,2024-07-03
2024-07-03 21:00:00,"436,44325773641253","513,900024",3,1,2024-07-03
2024-07-03 22:00:00,"367,88222993886825","436,329987",3,1,2024-07-03
2024-07-03 23:00:00,"318,45068928713096","228,75",3,1,2024-07-03
2024-07-04 00:00:00,"297,0127755061146","191,240005",3,1,2024-07-04
2024-07-04 01:00:00,"275,9717674370554","130,149994",3,1,2024-07-04
2024-07-04 02:00:00,"253,27589940800775","72,870003",3,1,2024-07-04
2024-07-04 03:00:00,"260,10806732699587","74,730003",3,1,2024-07-04
2024-07-04 04:00:00,"284,6498475520387","197,429993",3,1,2024-07-04
2024-07-04 05:00:00,"312,1623381744469","223,759995",3,1,2024-07-04
2024-07-04 06:00:00,"376,663915353736","235,910004",3,1,2024-07-04
2024-07-04 07:00:00,"421,00818131673924","178,630005",3,1,2024-07-04
2024-07-04 08:00:00,"417,2618257692665","26,700001",3,1,2024-07-04
2024-07-04 09:00:00,"411,99966501817744","21,780001",3,1,2024-07-04
2024-07-04 10:00:00,"396,15708968387696","20,440001",3,1,2024-07-04
2024-07-04 11:00:00,"373,63389758818244","7,23",3,1,2024-07-04
2024-07-04 12:00:00,"370,474825050098","0,0",3,1,2024-07-04
2024-07-04 13:00:00,"379,1279148143779","0,0",3,1,2024-07-04
2024-07-04 14:00:00,"415,3108837276036","-0,07",3,1,2024-07-04
2024-07-04 15:00:00,"427,88423018180606","11,26",3,1,2024-07-04
2024-07-04 16:00:00,"445,8956768776007","87,410004",3,1,2024-07-04
2024-07-04 17:00:00,"443,6396896131446","216,300003",3,1,2024-07-04
2024-07-04 18:00:00,"428,54401881642684","336,160004",3,1,2024-07-04
2024-07-04 19:00:00,"402,03181245357445","289,320007",3,1,2024-07-04
2024-07-04 20:00:00,"344,317409489517","288,5",3,1,2024-07-04
2024-07-04 21:00:00,"318,3061333580206","284,170013",3,1,2024-07-04
2024-07-04 22:00:00,"265,83523907341146","51,610001",3,1,2024-07-04
2024-07-04 23:00:00,"237,95076881139016","35,130001",3,1,2024-07-04
2024-07-05 00:00:00,"218,3958572534023","30,73",3,1,2024-07-05
2024-07-05 01:00:00,"214,10940291623848","19,91",3,1,2024-07-05
2024-07-05 02:00:00,"214,10940291623848","21,780001",3,1,2024-07-05
2024-07-05 03:00:00,"214,10940291623848","42,66",3,1,2024-07-05
2024-07-05 04:00:00,"214,10940291623848","149,100006",3,1,2024-07-05
2024-07-05 05:00:00,"245,61906689239186","213,990005",3,1,2024-07-05
2024-07-05 06:00:00,"301,6331964315775","221,369995",3,1,2024-07-05
2024-07-05 07:00:00,"356,3172516944937","138,429993",3,1,2024-07-05
2024-07-05 08:00:00,"345,73466105658525","22,0",3,1,2024-07-05
2024-07-05 09:00:00,"321,94138443946383","3,06",3,1,2024-07-05
2024-07-05 10:00:00,"303,82383122751963","-0,3",3,1,2024-07-05
2024-07-05 11:00:00,"295,82770453228324","-4,1",3,1,2024-07-05
2024-07-05 12:00:00,"277,020202414548","-5,74",3,1,2024-07-05
2024-07-05 13:00:00,"264,8212876367665","-0,22",3,1,2024-07-05
2024-07-05 14:00:00,"294,02403647050323","14,4",3,1,2024-07-05
2024-07-05 15:00:00,"318,8407596081176","97,410004",3,1,2024-07-05
2024-07-05 16:00:00,"348,601521286242","173,559998",3,1,2024-07-05
2024-07-05 17:00:00,"343,2515670139789","273,730011",3,1,2024-07-05
2024-07-05 18:00:00,"327,3523721864862","282,01001",3,1,2024-07-05
2024-07-05 19:00:00,"287,72339838268556","447,959991",3,1,2024-07-05
2024-07-05 20:00:00,"266,1359313827774","618,02002",3,1,2024-07-05
2024-07-05 21:00:00,"247,08775555492375","633,609985",3,1,2024-07-05
2024-07-05 22:00:00,"219,44429223089497","637,890015",3,1,2024-07-05
2024-07-05 23:00:00,"209,44112063466488","492,73999",3,1,2024-07-05
2024-07-06 00:00:00,"206,0504259690299","473,799988",3,1,2024-07-06
2024-07-06 01:00:00,"192,61541365227998","346,540009",3,1,2024-07-06
2024-07-06 02:00:00,"186,3923648311722","288,070007",3,1,2024-07-06
2024-07-06 03:00:00,"171,99612003078533","117,029999",3,1,2024-07-06
2024-07-06 04:00:00,"173,22829013209366","41,77",3,1,2024-07-06
2024-07-06 05:00:00,"177,9357404237594","41,02",3,1,2024-07-06
2024-07-06 06:00:00,"184,04634011221503","25,959999",3,1,2024-07-06
2024-07-06 07:00:00,"196,29985933660754","2,39",3,1,2024-07-06
2024-07-06 08:00:00,"255,05496588949745","-0,3",3,1,2024-07-06
2024-07-06 09:00:00,"275,20509954447164","-0,15",3,1,2024-07-06
2024-07-06 10:00:00,"278,44779475110573","-0,22",3,1,2024-07-06
2024-07-06 11:00:00,"274,35196012174254","-0,9",3,1,2024-07-06
2024-07-06 12:00:00,"278,44779475110573","-16,26",3,1,2024-07-06
2024-07-06 13:00:00,"308,51900924887144","-20,209999",3,1,2024-07-06
2024-07-06 14:00:00,"360,6831369198026","-4,48",3,1,2024-07-06
2024-07-06 15:00:00,"417,2070020609082","0,07",3,1,2024-07-06
2024-07-06 16:00:00,"474,9771633496823","14,47",3,1,2024-07-06
2024-07-06 17:00:00,"507,65284491080865","3,28",3,1,2024-07-06
2024-07-06 18:00:00,"491,0188513209921","49,900002",3,1,2024-07-06
2024-07-06 19:00:00,"457,546670014515","70,110001",3,1,2024-07-06
2024-07-06 20:00:00,"392,63298321239097","134,259995",3,1,2024-07-06
2024-07-06 21:00:00,"334,4552261729642","50,5",3,1,2024-07-06
2024-07-06 22:00:00,"287,1285969253174","-0,15",3,1,2024-07-06
2024-07-06 23:00:00,"250,7098718011825","-0,75",3,1,2024-07-06
2024-07-07 00:00:00,"226,26286842691425","-5,97",3,1,2024-07-07
2024-07-07 01:00:00,"219,87628377433714","-3,58",3,1,2024-07-07
2024-07-07 02:00:00,"219,22504438978245","-0,45",3,1,2024-07-07
2024-07-07 03:00:00,"214,10940291623848","-0,07",3,1,2024-07-07
2024-07-07 04:00:00,"217,03010594525057","-0,07",3,1,2024-07-07
2024-07-07 05:00:00,"223,96467968525747","-0,07",3,1,2024-07-07
2024-07-07 06:00:00,"246,14836074732415","-4,55",3,1,2024-07-07
2024-07-07 07:00:00,"281,9566832336799","-48,25",3,1,2024-07-07
2024-07-07 08:00:00,"280,20115355707577","-74,43",3,1,2024-07-07
2024-07-07 09:00:00,"280,20115355707577","-89,800003",3,1,2024-07-07
2024-07-07 10:00:00,"280,20115355707577","-100,610001",3,1,2024-07-07
2024-07-07 11:00:00,"266,65873831702027","-112,019997",3,1,2024-07-07
2024-07-07 12:00:00,"262,581378173874","-148,419998",3,1,2024-07-07
2024-07-07 13:00:00,"253,52105418828035","-90,989998",3,1,2024-07-07
2024-07-07 14:00:00,"283,0707222446287","-45,939999",3,1,2024-07-07
2024-07-07 15:00:00,"280,20115355707577","-0,6",3,1,2024-07-07
2024-07-07 16:00:00,"281,88790567254676","477,23999",3,1,2024-07-07
2024-07-07 17:00:00,"262,417709630948","673,23999",3,1,2024-07-07
2024-07-07 18:00:00,"238,09499460668562","937,030029",3,1,2024-07-07
2024-07-07 19:00:00,"221,46078607770997","993,190002",3,1,2024-07-07
2024-07-07 20:00:00,"216,44856715606576","859,169983",3,1,2024-07-07
2024-07-07 21:00:00,"215,69025797720647","724,400024",3,1,2024-07-07
2024-07-07 22:00:00,"212,6097559374522","608,72998",3,1,2024-07-07
2024-07-07 23:00:00,"212,6097559374522","571,659973",3,1,2024-07-07
2024-07-08 00:00:00,"463,12552025586086","552,48999",3,2,2024-07-08
2024-07-08 01:00:00,"364,2173927953295","579,640015",3,2,2024-07-08
2024-07-08 02:00:00,"278,6968584742815","568,900024",3,2,2024-07-08
2024-07-08 03:00:00,"226,44063480924075","592,469971",3,2,2024-07-08
2024-07-08 04:00:00,"218,64233286079596","820,390015",3,2,2024-07-08
2024-07-08 05:00:00,"235,8237807679514","948,52002",3,2,2024-07-08
2024-07-08 06:00:00,"273,9501089471372","750,580017",3,2,2024-07-08
2024-07-08 07:00:00,"288,5680017493101","578,820007",3,2,2024-07-08
2024-07-08 08:00:00,"295,5421766242443","402,209991",3,2,2024-07-08
2024-07-08 09:00:00,"301,1500826280636","286,609985",3,2,2024-07-08
2024-07-08 10:00:00,"308,36667433160414","237,089996",3,2,2024-07-08
2024-07-08 11:00:00,"302,76305878110736","219,639999",3,2,2024-07-08
2024-07-08 12:00:00,"302,76305878110736","220,460007",3,2,2024-07-08
2024-07-08 13:00:00,"303,2214364633347","274,079987",3,2,2024-07-08
2024-07-08 14:00:00,"309,48247292264153","477,320007",3,2,2024-07-08
2024-07-08 15:00:00,"324,71280780285673","598,140015",3,2,2024-07-08
2024-07-08 16:00:00,"367,92555396518816","765,419983",3,2,2024-07-08
2024-07-08 17:00:00,"388,1227589702184","1017,950012",3,2,2024-07-08
2024-07-08 18:00:00,"372,68103758819984","1919,339966",3,2,2024-07-08
2024-07-08 19:00:00,"350,11824719171176","1295,390015",3,2,2024-07-08
2024-07-08 20:00:00,"323,18581098058985","847,609985",3,2,2024-07-08
2024-07-08 21:00:00,"305,1033070694333","686,289978",3,2,2024-07-08
2024-07-08 22:00:00,"289,7277276602805","787,049988",3,2,2024-07-08
2024-07-08 23:00:00,"259,0356257421549","715,73999",3,2,2024-07-08
2024-07-09 00:00:00,"237,39982647602207","694,26001",3,2,2024-07-09
2024-07-09 01:00:00,"222,39511702957742","679,789978",3,2,2024-07-09
2024-07-09 02:00:00,"225,67853027923493","653,840027",3,2,2024-07-09
2024-07-09 03:00:00,"235,96742086826785","722,22998",3,2,2024-07-09
2024-07-09 04:00:00,"265,7298691152084","830,76001",3,2,2024-07-09
2024-07-09 05:00:00,"286,63079613823123","773,919983",3,2,2024-07-09
2024-07-09 06:00:00,"333,80498017330103","701,119995",3,2,2024-07-09
2024-07-09 07:00:00,"400,2887512034008","501,679993",3,2,2024-07-09
2024-07-09 08:00:00,"411,2763082776273","347,799988",3,2,2024-07-09
2024-07-09 09:00:00,"416,1369396069438","251,440002",3,2,2024-07-09
2024-07-09 10:00:00,"416,3854534113139","163,720001",3,2,2024-07-09
2024-07-09 11:00:00,"414,5913373542765","119,190002",3,2,2024-07-09
2024-07-09 12:00:00,"407,8700620631815","32,369999",3,2,2024-07-09
2024-07-09 13:00:00,"402,84632783010767","82,639999",3,2,2024-07-09
2024-07-09 14:00:00,"482,05496537134326","400,76001",3,2,2024-07-09
2024-07-09 15:00:00,"567,5065440936908","609,309998",3,2,2024-07-09
2024-07-09 16:00:00,"576,5276627530607","740,429993",3,2,2024-07-09
2024-07-09 17:00:00,"563,0827975098445","822,47998",3,2,2024-07-09
2024-07-09 18:00:00,"502,57611460318896","841,349976",3,2,2024-07-09
2024-07-09 19:00:00,"418,477848099352","748,26001",3,2,2024-07-09
2024-07-09 20:00:00,"370,65853169950293","338,779999",3,2,2024-07-09
2024-07-09 21:00:00,"345,6251229448042","301,779999",3,2,2024-07-09
2024-07-09 22:00:00,"315,37979943548703","216,029999",3,2,2024-07-09
2024-07-09 23:00:00,"291,3679844207748","210,210007",3,2,2024-07-09
2024-07-10 00:00:00,"282,6441570768448","203,050003",3,2,2024-07-10
2024-07-10 01:00:00,"281,46885736879517","196,110001",3,2,2024-07-10
2024-07-10 02:00:00,"266,64512967005544","191,789993",3,2,2024-07-10
2024-07-10 03:00:00,"263,0798701890837","201,710007",3,2,2024-07-10
2024-07-10 04:00:00,"283,1300256680542","300,700012",3,2,2024-07-10
2024-07-10 05:00:00,"325,35914158149","325,089996",3,2,2024-07-10
2024-07-10 06:00:00,"422,86676238063876","622,809998",3,2,2024-07-10
2024-07-10 07:00:00,"545,7942834720727","586,109985",3,2,2024-07-10
2024-07-10 08:00:00,"579,3181534063461","484,880005",3,2,2024-07-10
2024-07-10 09:00:00,"591,3563701203705","416,029999",3,2,2024-07-10
2024-07-10 10:00:00,"579,3753165725867","351,570007",3,2,2024-07-10
2024-07-10 11:00:00,"572,479401366938","304,059998",3,2,2024-07-10
2024-07-10 12:00:00,"561,2113425368499","392,149994",3,2,2024-07-10
2024-07-10 13:00:00,"574,6615070118671","394,690002",3,2,2024-07-10
2024-07-10 14:00:00,"596,0660679190643","503,380005",3,2,2024-07-10
2024-07-10 15:00:00,"597,3495224188","597,820007",3,2,2024-07-10
2024-07-10 16:00:00,"614,2166247085796","602,219971",3,2,2024-07-10
2024-07-10 17:00:00,"604,809462321705","743,880005",3,2,2024-07-10
2024-07-10 18:00:00,"577,1117310921403","1108,579956",3,2,2024-07-10
2024-07-10 19:00:00,"542,1922956518782","1223,97998",3,2,2024-07-10
2024-07-10 20:00:00,"472,5260914729035","850,179993",3,2,2024-07-10
2024-07-10 21:00:00,"436,44325773641253","693,150024",3,2,2024-07-10
2024-07-10 22:00:00,"367,88222993886825","716,380005",3,2,2024-07-10
2024-07-10 23:00:00,"318,45068928713096","596,48999",3,2,2024-07-10
2024-07-11 00:00:00,"297,0127755061146","574,919983",3,2,2024-07-11
2024-07-11 01:00:00,"275,9717674370554","593,869995",3,2,2024-07-11
2024-07-11 02:00:00,"253,27589940800775","599,169983",3,2,2024-07-11
2024-07-11 03:00:00,"260,10806732699587","611,630005",3,2,2024-07-11
2024-07-11 04:00:00,"284,6498475520387","803,599976",3,2,2024-07-11
2024-07-11 05:00:00,"312,1623381744469","895,289978",3,2,2024-07-11
2024-07-11 06:00:00,"376,663915353736","794,789978",3,2,2024-07-11
2024-07-11 07:00:00,"421,00818131673924","664,830017",3,2,2024-07-11
2024-07-11 08:00:00,"417,2618257692665","602,01001",3,2,2024-07-11
2024-07-11 09:00:00,"411,99966501817744","496,880005",3,2,2024-07-11
2024-07-11 10:00:00,"396,15708968387696","428,540009",3,2,2024-07-11
2024-07-11 11:00:00,"373,63389758818244","355,880005",3,2,2024-07-11
2024-07-11 12:00:00,"370,474825050098","331,850006",3,2,2024-07-11
2024-07-11 13:00:00,"379,1279148143779","373,779999",3,2,2024-07-11
2024-07-11 14:00:00,"415,3108837276036","454,959991",3,2,2024-07-11
2024-07-11 15:00:00,"427,88423018180606","611,109985",3,2,2024-07-11
2024-07-11 16:00:00,"445,8956768776007","683,25",3,2,2024-07-11
2024-07-11 17:00:00,"443,6396896131446","895,289978",3,2,2024-07-11
2024-07-11 18:00:00,"428,54401881642684","1375,23999",3,2,2024-07-11
2024-07-11 19:00:00,"402,03181245357445","1244,0",3,2,2024-07-11
2024-07-11 20:00:00,"344,317409489517","907,150024",3,2,2024-07-11
2024-07-11 21:00:00,"318,3061333580206","732,049988",3,2,2024-07-11
2024-07-11 22:00:00,"265,83523907341146","764,130005",3,2,2024-07-11
2024-07-11 23:00:00,"237,95076881139016","651,400024",3,2,2024-07-11
2024-07-12 00:00:00,"218,3958572534023","609,619995",3,2,2024-07-12
2024-07-12 01:00:00,"214,10940291623848","604,619995",3,2,2024-07-12
2024-07-12 02:00:00,"214,10940291623848","598,650024",3,2,2024-07-12
2024-07-12 03:00:00,"214,10940291623848","613,5",3,2,2024-07-12
2024-07-12 04:00:00,"214,10940291623848","805,309998",3,2,2024-07-12
2024-07-12 05:00:00,"245,61906689239186","820,080017",3,2,2024-07-12
2024-07-12 06:00:00,"301,6331964315775","817,690002",3,2,2024-07-12
2024-07-12 07:00:00,"356,3172516944937","763,97998",3,2,2024-07-12
2024-07-12 08:00:00,"345,73466105658525","715,26001",3,2,2024-07-12
2024-07-12 09:00:00,"321,94138443946383","670,200012",3,2,2024-07-12
2024-07-12 10:00:00,"303,82383122751963","621,099976",3,2,2024-07-12
2024-07-12 11:00:00,"295,82770453228324","586,409973",3,2,2024-07-12
2024-07-12 12:00:00,"277,020202414548","582,22998",3,2,2024-07-12
2024-07-12 13:00:00,"264,8212876367665","583,349976",3,2,2024-07-12
2024-07-12 14:00:00,"294,02403647050323","624,159973",3,2,2024-07-12
2024-07-12 15:00:00,"318,8407596081176","589,400024",3,2,2024-07-12
2024-07-12 16:00:00,"348,601521286242","671,840027",3,2,2024-07-12
2024-07-12 17:00:00,"343,2515670139789","720,849976",3,2,2024-07-12
2024-07-12 18:00:00,"327,3523721864862","679,299988",3,2,2024-07-12
2024-07-12 19:00:00,"287,72339838268556","688,919983",3,2,2024-07-12
2024-07-12 20:00:00,"266,1359313827774","313,950012",3,2,2024-07-12
2024-07-12 21:00:00,"247,08775555492375","197,559998",3,2,2024-07-12
2024-07-12 22:00:00,"219,44429223089497","154,669998",3,2,2024-07-12
2024-07-12 23:00:00,"209,44112063466488","99,459999",3,2,2024-07-12
2024-07-13 00:00:00,"206,0504259690299","68,339996",3,2,2024-07-13
2024-07-13 01:00:00,"192,61541365227998","59,689999",3,2,2024-07-13
2024-07-13 02:00:00,"186,3923648311722","46,040001",3,2,2024-07-13
2024-07-13 03:00:00,"171,99612003078533","88,410004",3,2,2024-07-13
2024-07-13 04:00:00,"173,22829013209366","227,860001",3,2,2024-07-13
2024-07-13 05:00:00,"177,9357404237594","207,570007",3,2,2024-07-13
2024-07-13 06:00:00,"184,04634011221503","198,470001",3,2,2024-07-13
2024-07-13 07:00:00,"196,29985933660754","156,460007",3,2,2024-07-13
2024-07-13 08:00:00,"255,05496588949745","38,5",3,2,2024-07-13
2024-07-13 09:00:00,"275,20509954447164","0,3",3,2,2024-07-13
2024-07-13 10:00:00,"278,44779475110573","-0,07",3,2,2024-07-13
2024-07-13 11:00:00,"274,35196012174254","-6,49",3,2,2024-07-13
2024-07-13 12:00:00,"278,44779475110573","-6,04",3,2,2024-07-13
2024-07-13 13:00:00,"308,51900924887144","-0,45",3,2,2024-07-13
2024-07-13 14:00:00,"360,6831369198026","11,34",3,2,2024-07-13
2024-07-13 15:00:00,"417,2070020609082","47,150002",3,2,2024-07-13
2024-07-13 16:00:00,"474,9771633496823","167,429993",3,2,2024-07-13
2024-07-13 17:00:00,"507,65284491080865","375,519989",3,2,2024-07-13
2024-07-13 18:00:00,"491,0188513209921","562,950012",3,2,2024-07-13
2024-07-13 19:00:00,"457,546670014515","568,98999",3,2,2024-07-13
2024-07-13 20:00:00,"392,63298321239097","588,23999",3,2,2024-07-13
2024-07-13 21:00:00,"334,4552261729642","470,049988",3,2,2024-07-13
2024-07-13 22:00:00,"287,1285969253174","663,700012",3,2,2024-07-13
2024-07-13 23:00:00,"250,7098718011825","471,48999",3,2,2024-07-13
2024-07-14 00:00:00,"226,26286842691425","413,73999",3,2,2024-07-14
2024-07-14 01:00:00,"219,87628377433714","330,540009",3,2,2024-07-14
2024-07-14 02:00:00,"219,22504438978245","283,01001",3,2,2024-07-14
2024-07-14 03:00:00,"214,10940291623848","274,660004",3,2,2024-07-14
2024-07-14 04:00:00,"217,03010594525057","238,470001",3,2,2024-07-14
2024-07-14 05:00:00,"223,96467968525747","106,550003",3,2,2024-07-14
2024-07-14 06:00:00,"246,14836074732415","2,16",3,2,2024-07-14
2024-07-14 07:00:00,"281,9566832336799","-17,09",3,2,2024-07-14
2024-07-14 08:00:00,"280,20115355707577","-22,530001",3,2,2024-07-14
2024-07-14 09:00:00,"280,20115355707577","-25,370001",3,2,2024-07-14
2024-07-14 10:00:00,"280,20115355707577","-31,49",3,2,2024-07-14
2024-07-14 11:00:00,"266,65873831702027","-38,5",3,2,2024-07-14
2024-07-14 12:00:00,"262,581378173874","-47,830002",3,2,2024-07-14
2024-07-14 13:00:00,"253,52105418828035","-39,990002",3,2,2024-07-14
2024-07-14 14:00:00,"283,0707222446287","-75,809998",3,2,2024-07-14
2024-07-14 15:00:00,"280,20115355707577","13,95",3,2,2024-07-14
2024-07-14 16:00:00,"281,88790567254676","301,890015",3,2,2024-07-14
2024-07-14 17:00:00,"262,417709630948","685,929993",3,2,2024-07-14
2024-07-14 18:00:00,"238,09499460668562","864,030029",3,2,2024-07-14
2024-07-14 19:00:00,"221,46078607770997","810,909973",3,2,2024-07-14
2024-07-14 20:00:00,"216,44856715606576","789,719971",3,2,2024-07-14
2024-07-14 21:00:00,"215,69025797720647","649,590027",3,2,2024-07-14
2024-07-14 22:00:00,"212,6097559374522","592,070007",3,2,2024-07-14
2024-07-14 23:00:00,"212,6097559374522","494,25",3,2,2024-07-14
2024-07-15 00:00:00,"376,06257423030496","434,029999",3,3,2024-07-15
2024-07-15 01:00:00,"291,8752305079795","361,059998",3,3,2024-07-15
2024-07-15 02:00:00,"239,93868420375674","388,73999",3,3,2024-07-15
2024-07-15 03:00:00,"218,3958572534023","482,160004",3,3,2024-07-15
2024-07-15 04:00:00,"217,23278429738204","482,609985",3,3,2024-07-15
2024-07-15 05:00:00,"235,8237807679514","482,380005",3,3,2024-07-15
2024-07-15 06:00:00,"273,9501089471372","482,079987",3,3,2024-07-15
2024-07-15 07:00:00,"288,5680017493101","299,200012",3,3,2024-07-15
2024-07-15 08:00:00,"295,5421766242443","196,979996",3,3,2024-07-15
2024-07-15 09:00:00,"301,1500826280636","149,449997",3,3,2024-07-15
2024-07-15 10:00:00,"308,36667433160414","3,28",3,3,2024-07-15
2024-07-15 11:00:00,"302,76305878110736","-0,07",3,3,2024-07-15
2024-07-15 12:00:00,"302,76305878110736","-0,52",3,3,2024-07-15
2024-07-15 13:00:00,"303,2214364633347","155,270004",3,3,2024-07-15
2024-07-15 14:00:00,"309,48247292264153","201,610001",3,3,2024-07-15
2024-07-15 15:00:00,"324,71280780285673","611,840027",3,3,2024-07-15
2024-07-15 16:00:00,"367,92555396518816","853,219971",3,3,2024-07-15
2024-07-15 17:00:00,"388,1227589702184","1486,98999",3,3,2024-07-15
2024-07-15 18:00:00,"372,68103758819984","1678,530029",3,3,2024-07-15
2024-07-15 19:00:00,"350,11824719171176","1071,160034",3,3,2024-07-15
2024-07-15 20:00:00,"323,18581098058985","690,030029",3,3,2024-07-15
2024-07-15 21:00:00,"305,1033070694333","597,659973",3,3,2024-07-15
2024-07-15 22:00:00,"289,7277276602805","571,47998",3,3,2024-07-15
2024-07-15 23:00:00,"259,0356257421549","475,829987",3,3,2024-07-15
2024-07-16 00:00:00,"237,39982647602207","391,660004",3,3,2024-07-16
2024-07-16 01:00:00,"222,39511702957742","274,73999",3,3,2024-07-16
2024-07-16 02:00:00,"225,67853027923493","284,730011",3,3,2024-07-16
2024-07-16 03:00:00,"235,96742086826785","375,470001",3,3,2024-07-16
2024-07-16 04:00:00,"265,7298691152084","531,859985",3,3,2024-07-16
2024-07-16 05:00:00,"286,63079613823123","593,049988",3,3,2024-07-16
2024-07-16 06:00:00,"333,80498017330103","568,349976",3,3,2024-07-16
2024-07-16 07:00:00,"400,2887512034008","440,76001",3,3,2024-07-16
2024-07-16 08:00:00,"411,2763082776273","187,960007",3,3,2024-07-16
2024-07-16 09:00:00,"416,1369396069438","158,630005",3,3,2024-07-16
2024-07-16 10:00:00,"416,3854534113139","118,190002",3,3,2024-07-16
2024-07-16 11:00:00,"414,5913373542765","101,400002",3,3,2024-07-16
2024-07-16 12:00:00,"407,8700620631815","30,290001",3,3,2024-07-16
2024-07-16 13:00:00,"402,84632783010767","21,639999",3,3,2024-07-16
2024-07-16 14:00:00,"482,05496537134326","0,07",3,3,2024-07-16
2024-07-16 15:00:00,"567,5065440936908","190,570007",3,3,2024-07-16
2024-07-16 16:00:00,"576,5276627530607","444,709991",3,3,2024-07-16
2024-07-16 17:00:00,"563,0827975098445","611,780029",3,3,2024-07-16
2024-07-16 18:00:00,"502,57611460318896","907,330017",3,3,2024-07-16
2024-07-16 19:00:00,"418,477848099352","852,710022",3,3,2024-07-16
2024-07-16 20:00:00,"370,65853169950293","789,51001",3,3,2024-07-16
2024-07-16 21:00:00,"345,6251229448042","629,090027",3,3,2024-07-16
2024-07-16 22:00:00,"315,37979943548703","652,109985",3,3,2024-07-16
2024-07-16 23:00:00,"291,3679844207748","544,52002",3,3,2024-07-16
2024-07-17 00:00:00,"282,6441570768448","543,330017",3,3,2024-07-17
2024-07-17 01:00:00,"281,46885736879517","526,23999",3,3,2024-07-17
2024-07-17 02:00:00,"266,64512967005544","530,119995",3,3,2024-07-17
2024-07-17 03:00:00,"263,0798701890837","577,799988",3,3,2024-07-17
2024-07-17 04:00:00,"283,1300256680542","671,880005",3,3,2024-07-17
2024-07-17 05:00:00,"325,35914158149","744,330017",3,3,2024-07-17
2024-07-17 06:00:00,"422,86676238063876","788,650024",3,3,2024-07-17
2024-07-17 07:00:00,"545,7942834720727","575,559998",3,3,2024-07-17
2024-07-17 08:00:00,"579,3181534063461","434,170013",3,3,2024-07-17
2024-07-17 09:00:00,"591,3563701203705","311,51001",3,3,2024-07-17
2024-07-17 10:00:00,"579,3753165725867","243,160004",3,3,2024-07-17
2024-07-17 11:00:00,"572,479401366938","163,029999",3,3,2024-07-17
2024-07-17 12:00:00,"561,2113425368499","80,580002",3,3,2024-07-17
2024-07-17 13:00:00,"574,6615070118671","100,5",3,3,2024-07-17
2024-07-17 14:00:00,"596,0660679190643","290,089996",3,3,2024-07-17
2024-07-17 15:00:00,"597,3495224188","460,209991",3,3,2024-07-17
2024-07-17 16:00:00,"614,2166247085796","618,76001",3,3,2024-07-17
2024-07-17 17:00:00,"604,809462321705","797,530029",3,3,2024-07-17
2024-07-17 18:00:00,"577,1117310921403","984,280029",3,3,2024-07-17
2024-07-17 19:00:00,"542,1922956518782","1044,790039",3,3,2024-07-17
2024-07-17 20:00:00,"472,5260914729035","857,369995",3,3,2024-07-17
2024-07-17 21:00:00,"436,44325773641253","687,700012",3,3,2024-07-17
2024-07-17 22:00:00,"367,88222993886825","506,570007",3,3,2024-07-17
2024-07-17 23:00:00,"318,45068928713096","544,679993",3,3,2024-07-17
2024-07-18 00:00:00,"297,0127755061146","493,589996",3,3,2024-07-18
2024-07-18 01:00:00,"275,9717674370554","491,200012",3,3,2024-07-18
2024-07-18 02:00:00,"253,27589940800775","466,880005",3,3,2024-07-18
2024-07-18 03:00:00,"260,10806732699587","298,369995",3,3,2024-07-18
2024-07-18 04:00:00,"284,6498475520387","650,309998",3,3,2024-07-18
2024-07-18 05:00:00,"312,1623381744469","704,909973",3,3,2024-07-18
2024-07-18 06:00:00,"376,663915353736","506,269989",3,3,2024-07-18
2024-07-18 07:00:00,"421,00818131673924","351,339996",3,3,2024-07-18
2024-07-18 08:00:00,"417,2618257692665","270,779999",3,3,2024-07-18
2024-07-18 09:00:00,"411,99966501817744","253,470001",3,3,2024-07-18
2024-07-18 10:00:00,"396,15708968387696","253,25",3,3,2024-07-18
2024-07-18 11:00:00,"373,63389758818244","252,800003",3,3,2024-07-18
2024-07-18 12:00:00,"370,474825050098","254,360001",3,3,2024-07-18
2024-07-18 13:00:00,"379,1279148143779","260,929993",3,3,2024-07-18
2024-07-18 14:00:00,"415,3108837276036","197,080002",3,3,2024-07-18
2024-07-18 15:00:00,"427,88423018180606","637,630005",3,3,2024-07-18
2024-07-18 16:00:00,"445,8956768776007","686,26001",3,3,2024-07-18
2024-07-18 17:00:00,"443,6396896131446","952,26001",3,3,2024-07-18
2024-07-18 18:00:00,"428,54401881642684","1382,819946",3,3,2024-07-18
2024-07-18 19:00:00,"402,03181245357445","1318,290039",3,3,2024-07-18
2024-07-18 20:00:00,"344,317409489517","891,690002",3,3,2024-07-18
2024-07-18 21:00:00,"318,3061333580206","760,26001",3,3,2024-07-18
2024-07-18 22:00:00,"265,83523907341146","672,26001",3,3,2024-07-18
2024-07-18 23:00:00,"237,95076881139016","600,200012",3,3,2024-07-18
2024-07-19 00:00:00,"218,3958572534023","596,169983",3,3,2024-07-19
2024-07-19 01:00:00,"214,10940291623848","583,47998",3,3,2024-07-19
2024-07-19 02:00:00,"214,10940291623848","606,390015",3,3,2024-07-19
2024-07-19 03:00:00,"214,10940291623848","667,039978",3,3,2024-07-19
2024-07-19 04:00:00,"214,10940291623848","827,289978",3,3,2024-07-19
2024-07-19 05:00:00,"245,61906689239186","810,72998",3,3,2024-07-19
2024-07-19 06:00:00,"301,6331964315775","734,109985",3,3,2024-07-19
2024-07-19 07:00:00,"356,3172516944937","607,51001",3,3,2024-07-19
2024-07-19 08:00:00,"345,73466105658525","522,22998",3,3,2024-07-19
2024-07-19 09:00:00,"321,94138443946383","438,299988",3,3,2024-07-19
2024-07-19 10:00:00,"303,82383122751963","330,799988",3,3,2024-07-19
2024-07-19 11:00:00,"295,82770453228324","272,309998",3,3,2024-07-19
2024-07-19 12:00:00,"277,020202414548","270,070007",3,3,2024-07-19
2024-07-19 13:00:00,"264,8212876367665","317,369995",3,3,2024-07-19
2024-07-19 14:00:00,"294,02403647050323","475,899994",3,3,2024-07-19
2024-07-19 15:00:00,"318,8407596081176","576,98999",3,3,2024-07-19
2024-07-19 16:00:00,"348,601521286242","683,460022",3,3,2024-07-19
2024-07-19 17:00:00,"343,2515670139789","888,099976",3,3,2024-07-19
2024-07-19 18:00:00,"327,3523721864862","1358,410034",3,3,2024-07-19
2024-07-19 19:00:00,"287,72339838268556","895,26001",3,3,2024-07-19
2024-07-19 20:00:00,"266,1359313827774","797,22998",3,3,2024-07-19
2024-07-19 21:00:00,"247,08775555492375","683,01001",3,3,2024-07-19
2024-07-19 22:00:00,"219,44429223089497","706,789978",3,3,2024-07-19
2024-07-19 23:00:00,"209,44112063466488","667,099976",3,3,2024-07-19
2024-07-20 00:00:00,"206,0504259690299","658,440002",3,3,2024-07-20
2024-07-20 01:00:00,"192,61541365227998","670,599976",3,3,2024-07-20
2024-07-20 02:00:00,"186,3923648311722","703,130005",3,3,2024-07-20
2024-07-20 03:00:00,"171,99612003078533","699,849976",3,3,2024-07-20
2024-07-20 04:00:00,"173,22829013209366","665,159973",3,3,2024-07-20
2024-07-20 05:00:00,"177,9357404237594","641,580017",3,3,2024-07-20
2024-07-20 06:00:00,"184,04634011221503","508,850006",3,3,2024-07-20
2024-07-20 07:00:00,"196,29985933660754","291,359985",3,3,2024-07-20
2024-07-20 08:00:00,"255,05496588949745","118,629997",3,3,2024-07-20
2024-07-20 09:00:00,"275,20509954447164","28,129999",3,3,2024-07-20
2024-07-20 10:00:00,"278,44779475110573","10,22",3,3,2024-07-20
2024-07-20 11:00:00,"274,35196012174254","0,15",3,3,2024-07-20
2024-07-20 12:00:00,"278,44779475110573","3,28",3,3,2024-07-20
2024-07-20 13:00:00,"308,51900924887144","34,32",3,3,2024-07-20
2024-07-20 14:00:00,"360,6831369198026","134,369995",3,3,2024-07-20
2024-07-20 15:00:00,"417,2070020609082","273,820007",3,3,2024-07-20
2024-07-20 16:00:00,"474,9771633496823","634,190002",3,3,2024-07-20
2024-07-20 17:00:00,"507,65284491080865","817,440002",3,3,2024-07-20
2024-07-20 18:00:00,"491,0188513209921","1005,380005",3,3,2024-07-20
2024-07-20 19:00:00,"457,546670014515","811,840027",3,3,2024-07-20
2024-07-20 20:00:00,"392,63298321239097","627,47998",3,3,2024-07-20
2024-07-20 21:00:00,"334,4552261729642","555,929993",3,3,2024-07-20
2024-07-20 22:00:00,"287,1285969253174","474,790009",3,3,2024-07-20
2024-07-20 23:00:00,"250,7098718011825","420,089996",3,3,2024-07-20
2024-07-21 00:00:00,"226,26286842691425","411,880005",3,3,2024-07-21
2024-07-21 01:00:00,"219,87628377433714","450,540009",3,3,2024-07-21
2024-07-21 02:00:00,"219,22504438978245","496,570007",3,3,2024-07-21
2024-07-21 03:00:00,"214,10940291623848","561,419983",3,3,2024-07-21
2024-07-21 04:00:00,"217,03010594525057","480,529999",3,3,2024-07-21
2024-07-21 05:00:00,"223,96467968525747","421,809998",3,3,2024-07-21
2024-07-21 06:00:00,"246,14836074732415","303,540009",3,3,2024-07-21
2024-07-21 07:00:00,"281,9566832336799","138,559998",3,3,2024-07-21
2024-07-21 08:00:00,"280,20115355707577","7,54",3,3,2024-07-21
2024-07-21 09:00:00,"280,20115355707577","0,22",3,3,2024-07-21
2024-07-21 10:00:00,"280,20115355707577","0,15",3,3,2024-07-21
2024-07-21 11:00:00,"266,65873831702027","-0,45",3,3,2024-07-21
2024-07-21 12:00:00,"262,581378173874","-1,34",3,3,2024-07-21
2024-07-21 13:00:00,"253,52105418828035","0,3",3,3,2024-07-21
2024-07-21 14:00:00,"283,0707222446287","139,380005",3,3,2024-07-21
2024-07-21 15:00:00,"280,20115355707577","307,640015",3,3,2024-07-21
2024-07-21 16:00:00,"281,88790567254676","600,289978",3,3,2024-07-21
2024-07-21 17:00:00,"262,417709630948","807,880005",3,3,2024-07-21
2024-07-21 18:00:00,"238,09499460668562","841,150024",3,3,2024-07-21
2024-07-21 19:00:00,"221,46078607770997","919,950012",3,3,2024-07-21
2024-07-21 20:00:00,"216,44856715606576","814,590027",3,3,2024-07-21
2024-07-21 21:00:00,"215,69025797720647","672,73999",3,3,2024-07-21
2024-07-21 22:00:00,"212,6097559374522","901,669983",3,3,2024-07-21
2024-07-21 23:00:00,"212,6097559374522","721,02002",3,3,2024-07-21
2024-07-22 00:00:00,"591,0718838907281","648,27002",3,4,2024-07-22
2024-07-22 01:00:00,"465,9636599227549","648,640015",3,4,2024-07-22
2024-07-22 02:00:00,"364,2173927953295","610,659973",3,4,2024-07-22
2024-07-22 03:00:00,"278,6968584742815","591,859985",3,4,2024-07-22
2024-07-22 04:00:00,"228,12738692471171","811,159973",3,4,2024-07-22
2024-07-22 05:00:00,"237,23332933136538","896,070007",3,4,2024-07-22
2024-07-22 06:00:00,"273,9501089471372","852,719971",3,4,2024-07-22
2024-07-22 07:00:00,"288,5680017493101","703,929993",3,4,2024-07-22
2024-07-22 08:00:00,"295,5421766242443","473,290009",3,4,2024-07-22
2024-07-22 09:00:00,"301,1500826280636","291,600006",3,4,2024-07-22
2024-07-22 10:00:00,"308,36667433160414","191,089996",3,4,2024-07-22
2024-07-22 11:00:00,"302,76305878110736","174,300003",3,4,2024-07-22
2024-07-22 12:00:00,"302,76305878110736","144,830002",3,4,2024-07-22
2024-07-22 13:00:00,"303,2214364633347","152,070007",3,4,2024-07-22
2024-07-22 14:00:00,"309,48247292264153","170,279999",3,4,2024-07-22
2024-07-22 15:00:00,"324,71280780285673","463,820007",3,4,2024-07-22
2024-07-22 16:00:00,"368,0322963021901","603,719971",3,4,2024-07-22
2024-07-22 17:00:00,"388,1227589702184","739,0",3,4,2024-07-22
2024-07-22 18:00:00,"372,68103758819984","1043,660034",3,4,2024-07-22
2024-07-22 19:00:00,"350,11824719171176","1046,569946",3,4,2024-07-22
2024-07-22 20:00:00,"323,18581098058985","828,539978",3,4,2024-07-22
2024-07-22 21:00:00,"305,1033070694333","712,73999",3,4,2024-07-22
2024-07-22 22:00:00,"289,7277276602805","618,22998",3,4,2024-07-22
2024-07-22 23:00:00,"259,1423680791568","559,349976",3,4,2024-07-22
2024-07-23 00:00:00,"237,50656881302405","547,630005",3,4,2024-07-23
2024-07-23 01:00:00,"222,39511702957742","508,380005",3,4,2024-07-23
2024-07-23 02:00:00,"225,67853027923493","526,52002",3,4,2024-07-23
2024-07-23 03:00:00,"235,96742086826785","549,799988",3,4,2024-07-23
2024-07-23 04:00:00,"265,7298691152084","745,450012",3,4,2024-07-23
2024-07-23 05:00:00,"286,63079613823123","865,590027",3,4,2024-07-23
2024-07-23 06:00:00,"333,80498017330103","824,179993",3,4,2024-07-23
2024-07-23 07:00:00,"400,2887512034008","651,359985",3,4,2024-07-23
2024-07-23 08:00:00,"411,2763082776273","513,909973",3,4,2024-07-23
2024-07-23 09:00:00,"416,1369396069438","457,940002",3,4,2024-07-23
2024-07-23 10:00:00,"416,3854534113139","324,0",3,4,2024-07-23
2024-07-23 11:00:00,"414,5913373542765","285,720001",3,4,2024-07-23
2024-07-23 12:00:00,"407,8700620631815","268,709991",3,4,2024-07-23
2024-07-23 13:00:00,"402,84632783010767","313,100006",3,4,2024-07-23
2024-07-23 14:00:00,"482,05496537134326","483,980011",3,4,2024-07-23
2024-07-23 15:00:00,"567,5065440936908","593,450012",3,4,2024-07-23
2024-07-23 16:00:00,"576,5276627530607","596,359985",3,4,2024-07-23
2024-07-23 17:00:00,"563,0827975098445","716,570007",3,4,2024-07-23
2024-07-23 18:00:00,"502,57611460318896","872,530029",3,4,2024-07-23
2024-07-23 19:00:00,"418,477848099352","761,200012",3,4,2024-07-23
2024-07-23 20:00:00,"370,65853169950293","740,450012",3,4,2024-07-23
2024-07-23 21:00:00,"345,6251229448042","683,369995",3,4,2024-07-23
2024-07-23 22:00:00,"315,37979943548703","623,359985",3,4,2024-07-23
2024-07-23 23:00:00,"291,3679844207748","584,419983",3,4,2024-07-23
2024-07-24 00:00:00,"282,6441570768448","541,369995",3,4,2024-07-24
2024-07-24 01:00:00,"281,46885736879517","549,130005",3,4,2024-07-24
2024-07-24 02:00:00,"266,64512967005544","423,630005",3,4,2024-07-24
2024-07-24 03:00:00,"263,0798701890837","299,179993",3,4,2024-07-24
2024-07-24 04:00:00,"283,1300256680542","323,429993",3,4,2024-07-24
2024-07-24 05:00:00,"325,35914158149","336,190002",3,4,2024-07-24
2024-07-24 06:00:00,"422,86676238063876","429,079987",3,4,2024-07-24
2024-07-24 07:00:00,"545,7942834720727","270,23999",3,4,2024-07-24
2024-07-24 08:00:00,"579,3181534063461","186,520004",3,4,2024-07-24
2024-07-24 09:00:00,"591,3563701203705","158,100006",3,4,2024-07-24
2024-07-24 10:00:00,"579,3753165725867","11,79",3,4,2024-07-24
2024-07-24 11:00:00,"572,479401366938","0,0",3,4,2024-07-24
2024-07-24 12:00:00,"561,2113425368499","0,0",3,4,2024-07-24
2024-07-24 13:00:00,"574,6615070118671","-0,6",3,4,2024-07-24
2024-07-24 14:00:00,"596,0660679190643","124,599998",3,4,2024-07-24
2024-07-24 15:00:00,"597,3495224188","184,880005",3,4,2024-07-24
2024-07-24 16:00:00,"614,2166247085796","387,149994",3,4,2024-07-24
2024-07-24 17:00:00,"604,809462321705","668,5",3,4,2024-07-24
2024-07-24 18:00:00,"577,1117310921403","809,659973",3,4,2024-07-24
2024-07-24 19:00:00,"542,1922956518782","881,210022",3,4,2024-07-24
2024-07-24 20:00:00,"472,5260914729035","813,320007",3,4,2024-07-24
2024-07-24 21:00:00,"436,44325773641253","631,570007",3,4,2024-07-24
2024-07-24 22:00:00,"367,88222993886825","624,570007",3,4,2024-07-24
2024-07-24 23:00:00,"318,45068928713096","578,299988",3,4,2024-07-24
2024-07-25 00:00:00,"297,0127755061146","567,859985",3,4,2024-07-25
2024-07-25 01:00:00,"275,9717674370554","596,359985",3,4,2024-07-25
2024-07-25 02:00:00,"253,27589940800775","570,090027",3,4,2024-07-25
2024-07-25 03:00:00,"260,10806732699587","690,460022",3,4,2024-07-25
2024-07-25 04:00:00,"284,6498475520387","792,159973",3,4,2024-07-25
2024-07-25 05:00:00,"312,1623381744469","813,580017",3,4,2024-07-25
2024-07-25 06:00:00,"376,663915353736","678,890015",3,4,2024-07-25
2024-07-25 07:00:00,"421,00818131673924","537,109985",3,4,2024-07-25
2024-07-25 08:00:00,"417,2618257692665","411,0",3,4,2024-07-25
2024-07-25 09:00:00,"411,99966501817744","275,720001",3,4,2024-07-25
2024-07-25 10:00:00,"396,15708968387696","177,070007",3,4,2024-07-25
2024-07-25 11:00:00,"373,63389758818244","133,869995",3,4,2024-07-25
2024-07-25 12:00:00,"370,474825050098","128,490005",3,4,2024-07-25
2024-07-25 13:00:00,"379,1279148143779","166,029999",3,4,2024-07-25
2024-07-25 14:00:00,"415,3108837276036","401,450012",3,4,2024-07-25
2024-07-25 15:00:00,"427,88423018180606","596,960022",3,4,2024-07-25
2024-07-25 16:00:00,"445,8956768776007","723,809998",3,4,2024-07-25
2024-07-25 17:00:00,"443,6396896131446","947,150024",3,4,2024-07-25
2024-07-25 18:00:00,"428,54401881642684","1161,97998",3,4,2024-07-25
2024-07-25 19:00:00,"402,03181245357445","982,070007",3,4,2024-07-25
2024-07-25 20:00:00,"344,317409489517","746,200012",3,4,2024-07-25
2024-07-25 21:00:00,"318,3061333580206","633,890015",3,4,2024-07-25
2024-07-25 22:00:00,"265,83523907341146","604,460022",3,4,2024-07-25
2024-07-25 23:00:00,"237,95076881139016","548,48999",3,4,2024-07-25
2024-07-26 00:00:00,"218,3958572534023","559,76001",3,4,2024-07-26
2024-07-26 01:00:00,"214,10940291623848","576,849976",3,4,2024-07-26
2024-07-26 02:00:00,"214,10940291623848","573,859985",3,4,2024-07-26
2024-07-26 03:00:00,"214,10940291623848","596,919983",3,4,2024-07-26
2024-07-26 04:00:00,"214,10940291623848","608,109985",3,4,2024-07-26
2024-07-26 05:00:00,"245,61906689239186","795,940002",3,4,2024-07-26
2024-07-26 06:00:00,"301,6331964315775","776,840027",3,4,2024-07-26
2024-07-26 07:00:00,"356,3172516944937","722,590027",3,4,2024-07-26
2024-07-26 08:00:00,"345,73466105658525","675,570007",3,4,2024-07-26
2024-07-26 09:00:00,"321,94138443946383","607,070007",3,4,2024-07-26
2024-07-26 10:00:00,"303,82383122751963","522,369995",3,4,2024-07-26
2024-07-26 11:00:00,"295,82770453228324","471,029999",3,4,2024-07-26
2024-07-26 12:00:00,"277,020202414548","449,160004",3,4,2024-07-26
2024-07-26 13:00:00,"264,8212876367665","508,48999",3,4,2024-07-26
2024-07-26 14:00:00,"294,02403647050323","543,559998",3,4,2024-07-26
2024-07-26 15:00:00,"318,8407596081176","660,580017",3,4,2024-07-26
2024-07-26 16:00:00,"348,601521286242","704,01001",3,4,2024-07-26
2024-07-26 17:00:00,"343,2515670139789","804,380005",3,4,2024-07-26
2024-07-26 18:00:00,"327,3523721864862","1068,98999",3,4,2024-07-26
2024-07-26 19:00:00,"287,72339838268556","1037,280029",3,4,2024-07-26
2024-07-26 20:00:00,"266,1359313827774","793,929993",3,4,2024-07-26
2024-07-26 21:00:00,"247,08775555492375","730,650024",3,4,2024-07-26
2024-07-26 22:00:00,"219,44429223089497","775,22998",3,4,2024-07-26
2024-07-26 23:00:00,"209,44112063466488","768,890015",3,4,2024-07-26
2024-07-27 00:00:00,"206,0504259690299","723,070007",3,4,2024-07-27
2024-07-27 01:00:00,"192,61541365227998","710,080017",3,4,2024-07-27
2024-07-27 02:00:00,"186,3923648311722","690,01001",3,4,2024-07-27
2024-07-27 03:00:00,"171,99612003078533","673,070007",3,4,2024-07-27
2024-07-27 04:00:00,"173,22829013209366","649,929993",3,4,2024-07-27
2024-07-27 05:00:00,"177,9357404237594","615,01001",3,4,2024-07-27
2024-07-27 06:00:00,"184,04634011221503","632,02002",3,4,2024-07-27
2024-07-27 07:00:00,"196,29985933660754","505,0",3,4,2024-07-27
2024-07-27 08:00:00,"255,05496588949745","453,589996",3,4,2024-07-27
2024-07-27 09:00:00,"275,20509954447164","297,76001",3,4,2024-07-27
2024-07-27 10:00:00,"278,44779475110573","208,960007",3,4,2024-07-27
2024-07-27 11:00:00,"274,35196012174254","132,839996",3,4,2024-07-27
2024-07-27 12:00:00,"278,44779475110573","133,729996",3,4,2024-07-27
2024-07-27 13:00:00,"308,51900924887144","261,350006",3,4,2024-07-27
2024-07-27 14:00:00,"360,6831369198026","505,380005",3,4,2024-07-27
2024-07-27 15:00:00,"417,2070020609082","649,710022",3,4,2024-07-27
2024-07-27 16:00:00,"474,9771633496823","783,369995",3,4,2024-07-27
2024-07-27 17:00:00,"507,65284491080865","870,830017",3,4,2024-07-27
2024-07-27 18:00:00,"491,0188513209921","918,669983",3,4,2024-07-27
2024-07-27 19:00:00,"457,546670014515","909,109985",3,4,2024-07-27
2024-07-27 20:00:00,"392,63298321239097","806,719971",3,4,2024-07-27
2024-07-27 21:00:00,"334,4552261729642","730,900024",3,4,2024-07-27
2024-07-27 22:00:00,"287,1285969253174","820,820007",3,4,2024-07-27
2024-07-27 23:00:00,"250,7098718011825","709,780029",3,4,2024-07-27
2024-07-28 00:00:00,"226,26286842691425","658,280029",3,4,2024-07-28
2024-07-28 01:00:00,"219,87628377433714","608,429993",3,4,2024-07-28
2024-07-28 02:00:00,"219,22504438978245","586,119995",3,4,2024-07-28
2024-07-28 03:00:00,"214,10940291623848","591,48999",3,4,2024-07-28
2024-07-28 04:00:00,"217,03010594525057","563,659973",3,4,2024-07-28
2024-07-28 05:00:00,"223,96467968525747","541,869995",3,4,2024-07-28
2024-07-28 06:00:00,"246,14836074732415","189,699997",3,4,2024-07-28
2024-07-28 07:00:00,"281,9566832336799","37,240002",3,4,2024-07-28
2024-07-28 08:00:00,"280,20115355707577","0,0",3,4,2024-07-28
2024-07-28 09:00:00,"280,20115355707577","-18,129999",3,4,2024-07-28
2024-07-28 10:00:00,"280,20115355707577","-112,239998",3,4,2024-07-28
2024-07-28 11:00:00,"266,65873831702027","-222,389999",3,4,2024-07-28
2024-07-28 12:00:00,"262,581378173874","-363,359985",3,4,2024-07-28
2024-07-28 13:00:00,"253,52105418828035","-250,220001",3,4,2024-07-28
2024-07-28 14:00:00,"283,0707222446287","-99,099998",3,4,2024-07-28
2024-07-28 15:00:00,"280,20115355707577","-1,94",3,4,2024-07-28
2024-07-28 16:00:00,"281,88790567254676","37,09",3,4,2024-07-28
2024-07-28 17:00:00,"262,417709630948","349,480011",3,4,2024-07-28
2024-07-28 18:00:00,"238,09499460668562","588,580017",3,4,2024-07-28
2024-07-28 19:00:00,"221,46078607770997","579,630005",3,4,2024-07-28
2024-07-28 20:00:00,"216,44856715606576","589,400024",3,4,2024-07-28
2024-07-28 21:00:00,"215,69025797720647","322,98999",3,4,2024-07-28
2024-07-28 22:00:00,"212,6097559374522","382,160004",3,4,2024-07-28
2024-07-28 23:00:00,"212,6097559374522","275,670013",3,4,2024-07-28
2024-09-30 00:00:00,"111,5061463958604","62,630001",4,1,2024-09-30
2024-09-30 01:00:00,"131,0637931633009","41,23",4,1,2024-09-30
2024-09-30 02:00:00,"142,10986615365522","67,25",4,1,2024-09-30
2024-09-30 03:00:00,"171,60318504345162","126,599998",4,1,2024-09-30
2024-09-30 04:00:00,"187,39341883248196","314,869995",4,1,2024-09-30
2024-09-30 05:00:00,"212,67078231534413","597,22998",4,1,2024-09-30
2024-09-30 06:00:00,"273,12004561370367","597,22998",4,1,2024-09-30
2024-09-30 07:00:00,"288,5680017493101","447,359985",4,1,2024-09-30
2024-09-30 08:00:00,"295,5421766242443","272,73999",4,1,2024-09-30
2024-09-30 09:00:00,"301,1500826280636","155,910004",4,1,2024-09-30
2024-09-30 10:00:00,"308,36667433160414","69,190002",4,1,2024-09-30
2024-09-30 11:00:00,"302,76305878110736","15,36",4,1,2024-09-30
2024-09-30 12:00:00,"302,76305878110736","94,919998",4,1,2024-09-30
2024-09-30 13:00:00,"303,2214364633347","125,709999",4,1,2024-09-30
2024-09-30 14:00:00,"309,48247292264153","180,360001",4,1,2024-09-30
2024-09-30 15:00:00,"324,8195501398587","243,960007",4,1,2024-09-30
2024-09-30 16:00:00,"368,0322963021901","268,339996",4,1,2024-09-30
2024-09-30 17:00:00,"388,1227589702184","273,119995",4,1,2024-09-30
2024-09-30 18:00:00,"372,68103758819984","127,5",4,1,2024-09-30
2024-09-30 19:00:00,"350,11824719171176","31,24",4,1,2024-09-30
2024-09-30 20:00:00,"323,0790686435879","24,459999",4,1,2024-09-30
2024-09-30 21:00:00,"304,99656473243135","24,23",4,1,2024-09-30
2024-09-30 22:00:00,"289,62098532327855","23,93",4,1,2024-09-30
2024-09-30 23:00:00,"259,0356257421549","0,52",4,1,2024-09-30
2024-10-01 00:00:00,"237,39982647602207","0,37",4,1,2024-10-01
2024-10-01 01:00:00,"222,39511702957742","0,15",4,1,2024-10-01
2024-10-01 02:00:00,"225,67853027923493","0,67",4,1,2024-10-01
2024-10-01 03:00:00,"235,96742086826785","24,6",4,1,2024-10-01
2024-10-01 04:00:00,"265,7298691152084","75,080002",4,1,2024-10-01
2024-10-01 05:00:00,"286,63079613823123","293,910004",4,1,2024-10-01
2024-10-01 06:00:00,"333,80498017330103","308,079987",4,1,2024-10-01
2024-10-01 07:00:00,"400,2887512034008","309,5",4,1,2024-10-01
2024-10-01 08:00:00,"411,2763082776273","288,170013",4,1,2024-10-01
2024-10-01 09:00:00,"416,1369396069438","260,880005",4,1,2024-10-01
2024-10-01 10:00:00,"416,3854534113139","232,919998",4,1,2024-10-01
2024-10-01 11:00:00,"414,5913373542765","223,600006",4,1,2024-10-01
2024-10-01 12:00:00,"407,8700620631815","260,660004",4,1,2024-10-01
2024-10-01 13:00:00,"402,84632783010767","296,079987",4,1,2024-10-01
2024-10-01 14:00:00,"482,05496537134326","324,779999",4,1,2024-10-01
2024-10-01 15:00:00,"567,5065440936908","393,0",4,1,2024-10-01
2024-10-01 16:00:00,"576,5276627530607","405,600006",4,1,2024-10-01
2024-10-01 17:00:00,"563,0827975098445","421,410004",4,1,2024-10-01
2024-10-01 18:00:00,"502,57611460318896","366,829987",4,1,2024-10-01
2024-10-01 19:00:00,"418,477848099352","345,429993",4,1,2024-10-01
2024-10-01 20:00:00,"370,65853169950293","321,649994",4,1,2024-10-01
2024-10-01 21:00:00,"345,6251229448042","309,940002",4,1,2024-10-01
2024-10-01 22:00:00,"315,37979943548703","432,829987",4,1,2024-10-01
2024-10-01 23:00:00,"291,3679844207748","367,350006",4,1,2024-10-01
2024-10-02 00:00:00,"282,6441570768448","373,540009",4,1,2024-10-02
2024-10-02 01:00:00,"281,46885736879517","365,339996",4,1,2024-10-02
2024-10-02 02:00:00,"266,64512967005544","300,230011",4,1,2024-10-02
2024-10-02 03:00:00,"263,0798701890837","363,470001",4,1,2024-10-02
2024-10-02 04:00:00,"283,1300256680542","596,440002",4,1,2024-10-02
2024-10-02 05:00:00,"325,35914158149","692,869995",4,1,2024-10-02
2024-10-02 06:00:00,"422,86676238063876","913,830017",4,1,2024-10-02
2024-10-02 07:00:00,"545,7942834720727","701,219971",4,1,2024-10-02
2024-10-02 08:00:00,"579,3181534063461","484,880005",4,1,2024-10-02
2024-10-02 09:00:00,"591,3563701203705","394,420013",4,1,2024-10-02
2024-10-02 10:00:00,"579,3753165725867","431,040009",4,1,2024-10-02
2024-10-02 11:00:00,"572,479401366938","597,109985",4,1,2024-10-02
2024-10-02 12:00:00,"561,2113425368499","584,659973",4,1,2024-10-02
2024-10-02 13:00:00,"574,6615070118671","607,26001",4,1,2024-10-02
2024-10-02 14:00:00,"596,0660679190643","607,849976",4,1,2024-10-02
2024-10-02 15:00:00,"597,3495224188","746,48999",4,1,2024-10-02
2024-10-02 16:00:00,"614,2166247085796","872,590027",4,1,2024-10-02
2024-10-02 17:00:00,"604,809462321705","969,97998",4,1,2024-10-02
2024-10-02 18:00:00,"577,1117310921403","852,900024",4,1,2024-10-02
2024-10-02 19:00:00,"542,1922956518782","719,940002",4,1,2024-10-02
2024-10-02 20:00:00,"472,5260914729035","695,780029",4,1,2024-10-02
2024-10-02 21:00:00,"436,44325773641253","633,880005",4,1,2024-10-02
2024-10-02 22:00:00,"367,88222993886825","502,230011",4,1,2024-10-02
2024-10-02 23:00:00,"318,45068928713096","491,26001",4,1,2024-10-02
2024-10-03 00:00:00,"297,0127755061146","485,890015",4,1,2024-10-03
2024-10-03 01:00:00,"275,9717674370554","478,730011",4,1,2024-10-03
2024-10-03 02:00:00,"253,27589940800775","477,23999",4,1,2024-10-03
2024-10-03 03:00:00,"260,10806732699587","480,369995",4,1,2024-10-03
2024-10-03 04:00:00,"284,6498475520387","488,059998",4,1,2024-10-03
2024-10-03 05:00:00,"312,1623381744469","547,280029",4,1,2024-10-03
2024-10-03 06:00:00,"376,663915353736","571,900024",4,1,2024-10-03
2024-10-03 07:00:00,"421,00818131673924","543,780029",4,1,2024-10-03
2024-10-03 08:00:00,"417,2618257692665","516,77002",4,1,2024-10-03
2024-10-03 09:00:00,"411,99966501817744","470,230011",4,1,2024-10-03
2024-10-03 10:00:00,"396,15708968387696","351,25",4,1,2024-10-03
2024-10-03 11:00:00,"373,63389758818244","253,460007",4,1,2024-10-03
2024-10-03 12:00:00,"370,474825050098","291,950012",4,1,2024-10-03
2024-10-03 13:00:00,"379,1279148143779","383,109985",4,1,2024-10-03
2024-10-03 14:00:00,"415,3108837276036","492,609985",4,1,2024-10-03
2024-10-03 15:00:00,"427,88423018180606","669,090027",4,1,2024-10-03
2024-10-03 16:00:00,"445,8956768776007","821,039978",4,1,2024-10-03
2024-10-03 17:00:00,"443,6396896131446","860,200012",4,1,2024-10-03
2024-10-03 18:00:00,"428,54401881642684","807,679993",4,1,2024-10-03
2024-10-03 19:00:00,"402,03181245357445","736,669983",4,1,2024-10-03
2024-10-03 20:00:00,"344,317409489517","678,48999",4,1,2024-10-03
2024-10-03 21:00:00,"318,3061333580206","607,630005",4,1,2024-10-03
2024-10-03 22:00:00,"265,83523907341146","551,23999",4,1,2024-10-03
2024-10-03 23:00:00,"237,95076881139016","540,950012",4,1,2024-10-03
2024-10-04 00:00:00,"218,3958572534023","537,809998",4,1,2024-10-04
2024-10-04 01:00:00,"214,10940291623848","537,070007",4,1,2024-10-04
2024-10-04 02:00:00,"214,10940291623848","539,530029",4,1,2024-10-04
2024-10-04 03:00:00,"214,10940291623848","575,109985",4,1,2024-10-04
2024-10-04 04:00:00,"214,10940291623848","768,299988",4,1,2024-10-04
2024-10-04 05:00:00,"245,61906689239186","943,890015",4,1,2024-10-04
2024-10-04 06:00:00,"301,6331964315775","1054,890015",4,1,2024-10-04
2024-10-04 07:00:00,"356,3172516944937","867,289978",4,1,2024-10-04
2024-10-04 08:00:00,"345,73466105658525","746,599976",4,1,2024-10-04
2024-10-04 09:00:00,"321,94138443946383","634,039978",4,1,2024-10-04
2024-10-04 10:00:00,"303,82383122751963","559,969971",4,1,2024-10-04
2024-10-04 11:00:00,"295,82770453228324","548,179993",4,1,2024-10-04
2024-10-04 12:00:00,"277,020202414548","565,559998",4,1,2024-10-04
2024-10-04 13:00:00,"264,8212876367665","589,799988",4,1,2024-10-04
2024-10-04 14:00:00,"294,02403647050323","669,840027",4,1,2024-10-04
2024-10-04 15:00:00,"318,8407596081176","798,890015",4,1,2024-10-04
2024-10-04 16:00:00,"348,601521286242","984,400024",4,1,2024-10-04
2024-10-04 17:00:00,"343,2515670139789","1111,579956",4,1,2024-10-04
2024-10-04 18:00:00,"327,3523721864862","922,710022",4,1,2024-10-04
2024-10-04 19:00:00,"287,72339838268556","745,179993",4,1,2024-10-04
2024-10-04 20:00:00,"266,1359313827774","745,179993",4,1,2024-10-04
2024-10-04 21:00:00,"247,08775555492375","671,330017",4,1,2024-10-04
2024-10-04 22:00:00,"219,44429223089497","694,340027",4,1,2024-10-04
2024-10-04 23:00:00,"209,44112063466488","631,23999",4,1,2024-10-04
2024-10-05 00:00:00,"206,0504259690299","607,080017",4,1,2024-10-05
2024-10-05 01:00:00,"192,61541365227998","563,380005",4,1,2024-10-05
2024-10-05 02:00:00,"186,3923648311722","564,719971",4,1,2024-10-05
2024-10-05 03:00:00,"171,99612003078533","595,299988",4,1,2024-10-05
2024-10-05 04:00:00,"173,22829013209366","642,880005",4,1,2024-10-05
2024-10-05 05:00:00,"177,9357404237594","748,780029",4,1,2024-10-05
2024-10-05 06:00:00,"184,04634011221503","825,0",4,1,2024-10-05
2024-10-05 07:00:00,"196,29985933660754","768,169983",4,1,2024-10-05
2024-10-05 08:00:00,"255,05496588949745","614,690002",4,1,2024-10-05
2024-10-05 09:00:00,"275,20509954447164","509,160004",4,1,2024-10-05
2024-10-05 10:00:00,"278,44779475110573","383,640015",4,1,2024-10-05
2024-10-05 11:00:00,"274,35196012174254","289,970001",4,1,2024-10-05
2024-10-05 12:00:00,"278,44779475110573","324,350006",4,1,2024-10-05
2024-10-05 13:00:00,"308,51900924887144","469,26001",4,1,2024-10-05
2024-10-05 14:00:00,"360,6831369198026","575,159973",4,1,2024-10-05
2024-10-05 15:00:00,"417,2070020609082","741,919983",4,1,2024-10-05
2024-10-05 16:00:00,"474,9771633496823","1108,630005",4,1,2024-10-05
2024-10-05 17:00:00,"507,65284491080865","1068,579956",4,1,2024-10-05
2024-10-05 18:00:00,"491,0188513209921","799,719971",4,1,2024-10-05
2024-10-05 19:00:00,"457,546670014515","720,140015",4,1,2024-10-05
2024-10-05 20:00:00,"392,63298321239097","635,640015",4,1,2024-10-05
2024-10-05 21:00:00,"334,4552261729642","499,690002",4,1,2024-10-05
2024-10-05 22:00:00,"287,1285969253174","486,98999",4,1,2024-10-05
2024-10-05 23:00:00,"250,7098718011825","452,100006",4,1,2024-10-05
2024-10-06 00:00:00,"226,26286842691425","440,549988",4,1,2024-10-06
2024-10-06 01:00:00,"219,87628377433714","433,320007",4,1,2024-10-06
2024-10-06 02:00:00,"219,22504438978245","424,369995",4,1,2024-10-06
2024-10-06 03:00:00,"214,10940291623848","433,320007",4,1,2024-10-06
2024-10-06 04:00:00,"217,03010594525057","431,829987",4,1,2024-10-06
2024-10-06 05:00:00,"223,96467968525747","524,929993",4,1,2024-10-06
2024-10-06 06:00:00,"246,14836074732415","575,469971",4,1,2024-10-06
2024-10-06 07:00:00,"281,9566832336799","492,429993",4,1,2024-10-06
2024-10-06 08:00:00,"280,20115355707577","193,960007",4,1,2024-10-06
2024-10-06 09:00:00,"280,20115355707577","126,720001",4,1,2024-10-06
2024-10-06 10:00:00,"280,20115355707577","105,849998",4,1,2024-10-06
2024-10-06 11:00:00,"266,65873831702027","93,330002",4,1,2024-10-06
2024-10-06 12:00:00,"262,581378173874","113,900002",4,1,2024-10-06
2024-10-06 13:00:00,"253,52105418828035","139,539993",4,1,2024-10-06
2024-10-06 14:00:00,"283,0707222446287","202,759995",4,1,2024-10-06
2024-10-06 15:00:00,"280,20115355707577","677,890015",4,1,2024-10-06
2024-10-06 16:00:00,"281,88790567254676","792,390015",4,1,2024-10-06
2024-10-06 17:00:00,"262,417709630948","724,710022",4,1,2024-10-06
2024-10-06 18:00:00,"238,09499460668562","544,01001",4,1,2024-10-06
2024-10-06 19:00:00,"221,46078607770997","442,559998",4,1,2024-10-06
2024-10-06 20:00:00,"216,44856715606576","437,48999",4,1,2024-10-06
2024-10-06 21:00:00,"215,69025797720647","385,459991",4,1,2024-10-06
2024-10-06 22:00:00,"212,6097559374522","257,769989",4,1,2024-10-06
2024-10-06 23:00:00,"212,6097559374522","263,429993",4,1,2024-10-06
2024-10-07 00:00:00,"225,1049345285454","247,850006",4,2,2024-10-07
2024-10-07 01:00:00,"216,955580745325","224,75",4,2,2024-10-07
2024-10-07 02:00:00,"215,54603218191102","260,529999",4,2,2024-10-07
2024-10-07 03:00:00,"215,54603218191102","291,910004",4,2,2024-10-07
2024-10-07 04:00:00,"217,23278429738204","335,369995",4,2,2024-10-07
2024-10-07 05:00:00,"235,8237807679514","378,299988",4,2,2024-10-07
2024-10-07 06:00:00,"274,05685128413916","414,089996",4,2,2024-10-07
2024-10-07 07:00:00,"288,5680017493101","383,75",4,2,2024-10-07
2024-10-07 08:00:00,"295,5421766242443","372,420013",4,2,2024-10-07
2024-10-07 09:00:00,"301,1500826280636","356,309998",4,2,2024-10-07
2024-10-07 10:00:00,"308,36667433160414","340,880005",4,2,2024-10-07
2024-10-07 11:00:00,"302,76305878110736","322,019989",4,2,2024-10-07
2024-10-07 12:00:00,"302,76305878110736","358,399994",4,2,2024-10-07
2024-10-07 13:00:00,"303,2214364633347","458,070007",4,2,2024-10-07
2024-10-07 14:00:00,"309,48247292264153","661,869995",4,2,2024-10-07
2024-10-07 15:00:00,"324,8195501398587","873,640015",4,2,2024-10-07
2024-10-07 16:00:00,"368,0322963021901","1405,060059",4,2,2024-10-07
2024-10-07 17:00:00,"388,1227589702184","1405,359985",4,2,2024-10-07
2024-10-07 18:00:00,"372,5742952511979","909,27002",4,2,2024-10-07
2024-10-07 19:00:00,"350,0115048547098","744,909973",4,2,2024-10-07
2024-10-07 20:00:00,"323,0790686435879","685,119995",4,2,2024-10-07
2024-10-07 21:00:00,"304,99656473243135","589,780029",4,2,2024-10-07
2024-10-07 22:00:00,"289,62098532327855","539,340027",4,2,2024-10-07
2024-10-07 23:00:00,"259,0356257421549","500,119995",4,2,2024-10-07
2024-10-08 00:00:00,"237,39982647602207","477,149994",4,2,2024-10-08
2024-10-08 01:00:00,"222,39511702957742","444,940002",4,2,2024-10-08
2024-10-08 02:00:00,"225,67853027923493","445,089996",4,2,2024-10-08
2024-10-08 03:00:00,"235,96742086826785","502,799988",4,2,2024-10-08
2024-10-08 04:00:00,"265,7298691152084","641,049988",4,2,2024-10-08
2024-10-08 05:00:00,"286,63079613823123","822,98999",4,2,2024-10-08
2024-10-08 06:00:00,"333,80498017330103","792,200012",4,2,2024-10-08
2024-10-08 07:00:00,"400,2887512034008","633,820007",4,2,2024-10-08
2024-10-08 08:00:00,"411,2763082776273","598,98999",4,2,2024-10-08
2024-10-08 09:00:00,"416,1369396069438","547,469971",4,2,2024-10-08
2024-10-08 10:00:00,"416,3854534113139","495,940002",4,2,2024-10-08
2024-10-08 11:00:00,"414,5913373542765","529,200012",4,2,2024-10-08
2024-10-08 12:00:00,"407,8700620631815","565,140015",4,2,2024-10-08
2024-10-08 13:00:00,"402,84632783010767","578,119995",4,2,2024-10-08
2024-10-08 14:00:00,"482,05496537134326","754,539978",4,2,2024-10-08
2024-10-08 15:00:00,"567,5065440936908","942,080017",4,2,2024-10-08
2024-10-08 16:00:00,"576,5276627530607","1168,97998",4,2,2024-10-08
2024-10-08 17:00:00,"563,0827975098445","1254,209961",4,2,2024-10-08
2024-10-08 18:00:00,"502,57611460318896","853,119995",4,2,2024-10-08
2024-10-08 19:00:00,"418,477848099352","707,640015",4,2,2024-10-08
2024-10-08 20:00:00,"370,65853169950293","645,75",4,2,2024-10-08
2024-10-08 21:00:00,"345,6251229448042","504,070007",4,2,2024-10-08
2024-10-08 22:00:00,"315,37979943548703","461,859985",4,2,2024-10-08
2024-10-08 23:00:00,"291,3679844207748","447,459991",4,2,2024-10-08
2024-10-09 00:00:00,"282,6441570768448","428,670013",4,2,2024-10-09
2024-10-09 01:00:00,"281,46885736879517","405,100006",4,2,2024-10-09
2024-10-09 02:00:00,"266,64512967005544","427,480011",4,2,2024-10-09
2024-10-09 03:00:00,"263,0798701890837","476,329987",4,2,2024-10-09
2024-10-09 04:00:00,"283,1300256680542","646,590027",4,2,2024-10-09
2024-10-09 05:00:00,"325,35914158149","829,22998",4,2,2024-10-09
2024-10-09 06:00:00,"422,86676238063876","827,659973",4,2,2024-10-09
2024-10-09 07:00:00,"545,7942834720727","648,820007",4,2,2024-10-09
2024-10-09 08:00:00,"579,3181534063461","537,630005",4,2,2024-10-09
2024-10-09 09:00:00,"591,3563701203705","446,720001",4,2,2024-10-09
2024-10-09 10:00:00,"579,3753165725867","445,970001",4,2,2024-10-09
2024-10-09 11:00:00,"572,479401366938","446,350006",4,2,2024-10-09
2024-10-09 12:00:00,"561,2113425368499","504,369995",4,2,2024-10-09
2024-10-09 13:00:00,"574,6615070118671","575,51001",4,2,2024-10-09
2024-10-09 14:00:00,"596,0660679190643","708,48999",4,2,2024-10-09
2024-10-09 15:00:00,"597,3495224188","875,909973",4,2,2024-10-09
2024-10-09 16:00:00,"614,2166247085796","913,799988",4,2,2024-10-09
2024-10-09 17:00:00,"604,809462321705","948,030029",4,2,2024-10-09
2024-10-09 18:00:00,"577,1117310921403","828,179993",4,2,2024-10-09
2024-10-09 19:00:00,"542,1922956518782","714,450012",4,2,2024-10-09
2024-10-09 20:00:00,"472,5260914729035","709,22998",4,2,2024-10-09
2024-10-09 21:00:00,"436,44325773641253","614,070007",4,2,2024-10-09
2024-10-09 22:00:00,"367,88222993886825","456,399994",4,2,2024-10-09
2024-10-09 23:00:00,"318,45068928713096","349,73999",4,2,2024-10-09
2024-10-10 00:00:00,"297,0127755061146","281,559998",4,2,2024-10-10
2024-10-10 01:00:00,"275,9717674370554","238,679993",4,2,2024-10-10
2024-10-10 02:00:00,"253,27589940800775","221,070007",4,2,2024-10-10
2024-10-10 03:00:00,"260,10806732699587","295,359985",4,2,2024-10-10
2024-10-10 04:00:00,"284,6498475520387","463,179993",4,2,2024-10-10
2024-10-10 05:00:00,"312,1623381744469","633,23999",4,2,2024-10-10
2024-10-10 06:00:00,"376,663915353736","600,119995",4,2,2024-10-10
2024-10-10 07:00:00,"421,00818131673924","503,459991",4,2,2024-10-10
2024-10-10 08:00:00,"417,2618257692665","387,920013",4,2,2024-10-10
2024-10-10 09:00:00,"411,99966501817744","290,369995",4,2,2024-10-10
2024-10-10 10:00:00,"396,15708968387696","163,270004",4,2,2024-10-10
2024-10-10 11:00:00,"373,63389758818244","118,889999",4,2,2024-10-10
2024-10-10 12:00:00,"370,474825050098","149,25",4,2,2024-10-10
2024-10-10 13:00:00,"379,1279148143779","277,309998",4,2,2024-10-10
2024-10-10 14:00:00,"415,3108837276036","277,309998",4,2,2024-10-10
2024-10-10 15:00:00,"427,88423018180606","285,140015",4,2,2024-10-10
2024-10-10 16:00:00,"445,8956768776007","294,470001",4,2,2024-10-10
2024-10-10 17:00:00,"443,6396896131446","288,200012",4,2,2024-10-10
2024-10-10 18:00:00,"428,54401881642684","274,630005",4,2,2024-10-10
2024-10-10 19:00:00,"402,03181245357445","186,759995",4,2,2024-10-10
2024-10-10 20:00:00,"344,317409489517","100,540001",4,2,2024-10-10
2024-10-10 21:00:00,"318,3061333580206","24,540001",4,2,2024-10-10
2024-10-10 22:00:00,"265,83523907341146","24,389999",4,2,2024-10-10
2024-10-10 23:00:00,"237,95076881139016","24,389999",4,2,2024-10-10
2024-10-11 00:00:00,"218,3958572534023","24,459999",4,2,2024-10-11
2024-10-11 01:00:00,"214,10940291623848","24,389999",4,2,2024-10-11
2024-10-11 02:00:00,"214,10940291623848","24,389999",4,2,2024-10-11
2024-10-11 03:00:00,"214,10940291623848","24,459999",4,2,2024-10-11
2024-10-11 04:00:00,"214,10940291623848","252,839996",4,2,2024-10-11
2024-10-11 05:00:00,"245,61906689239186","439,230011",4,2,2024-10-11
2024-10-11 06:00:00,"301,6331964315775","593,919983",4,2,2024-10-11
2024-10-11 07:00:00,"356,3172516944937","400,670013",4,2,2024-10-11
2024-10-11 08:00:00,"345,73466105658525","367,859985",4,2,2024-10-11
2024-10-11 09:00:00,"321,94138443946383","183,929993",4,2,2024-10-11
2024-10-11 10:00:00,"303,82383122751963","156,929993",4,2,2024-10-11
2024-10-11 11:00:00,"295,82770453228324","252,990005",4,2,2024-10-11
2024-10-11 12:00:00,"277,020202414548","251,949997",4,2,2024-10-11
2024-10-11 13:00:00,"264,8212876367665","298,119995",4,2,2024-10-11
2024-10-11 14:00:00,"294,02403647050323","298,859985",4,2,2024-10-11
2024-10-11 15:00:00,"318,8407596081176","496,660004",4,2,2024-10-11
2024-10-11 16:00:00,"348,601521286242","939,330017",4,2,2024-10-11
2024-10-11 17:00:00,"343,2515670139789","1208,060059",4,2,2024-10-11
2024-10-11 18:00:00,"327,3523721864862","895,02002",4,2,2024-10-11
2024-10-11 19:00:00,"287,72339838268556","744,289978",4,2,2024-10-11
2024-10-11 20:00:00,"266,1359313827774","733,98999",4,2,2024-10-11
2024-10-11 21:00:00,"247,08775555492375","655,080017",4,2,2024-10-11
2024-10-11 22:00:00,"219,44429223089497","672,190002",4,2,2024-10-11
2024-10-11 23:00:00,"209,44112063466488","592,580017",4,2,2024-10-11
2024-10-12 00:00:00,"206,0504259690299","563,929993",4,2,2024-10-12
2024-10-12 01:00:00,"192,61541365227998","559,75",4,2,2024-10-12
2024-10-12 02:00:00,"186,3923648311722","536,619995",4,2,2024-10-12
2024-10-12 03:00:00,"171,99612003078533","506,619995",4,2,2024-10-12
2024-10-12 04:00:00,"173,22829013209366","534,460022",4,2,2024-10-12
2024-10-12 05:00:00,"177,9357404237594","400,149994",4,2,2024-10-12
2024-10-12 06:00:00,"184,04634011221503","378,359985",4,2,2024-10-12
2024-10-12 07:00:00,"196,29985933660754","310,910004",4,2,2024-10-12
2024-10-12 08:00:00,"255,05496588949745","263,390015",4,2,2024-10-12
2024-10-12 09:00:00,"275,20509954447164","255,770004",4,2,2024-10-12
2024-10-12 10:00:00,"278,44779475110573","184,970001",4,2,2024-10-12
2024-10-12 11:00:00,"274,35196012174254","106,919998",4,2,2024-10-12
2024-10-12 12:00:00,"278,44779475110573","174,149994",4,2,2024-10-12
2024-10-12 13:00:00,"308,51900924887144","263,459991",4,2,2024-10-12
2024-10-12 14:00:00,"360,6831369198026","218,990005",4,2,2024-10-12
2024-10-12 15:00:00,"417,2070020609082","423,799988",4,2,2024-10-12
2024-10-12 16:00:00,"474,9771633496823","361,950012",4,2,2024-10-12
2024-10-12 17:00:00,"507,65284491080865","299,049988",4,2,2024-10-12
2024-10-12 18:00:00,"491,0188513209921","207,429993",4,2,2024-10-12
2024-10-12 19:00:00,"457,546670014515","134,899994",4,2,2024-10-12
2024-10-12 20:00:00,"392,63298321239097","102,220001",4,2,2024-10-12
2024-10-12 21:00:00,"334,4552261729642","41,779999",4,2,2024-10-12
2024-10-12 22:00:00,"287,1285969253174","0,0",4,2,2024-10-12
2024-10-12 23:00:00,"250,7098718011825","-0,07",4,2,2024-10-12
2024-10-13 00:00:00,"226,26286842691425","-0,52",4,2,2024-10-13
2024-10-13 01:00:00,"219,87628377433714","-2,76",4,2,2024-10-13
2024-10-13 02:00:00,"219,22504438978245","-3,81",4,2,2024-10-13
2024-10-13 03:00:00,"214,10940291623848","-0,67",4,2,2024-10-13
2024-10-13 04:00:00,"217,03010594525057","-0,07",4,2,2024-10-13
2024-10-13 05:00:00,"223,96467968525747","0,15",4,2,2024-10-13
2024-10-13 06:00:00,"246,14836074732415","20,52",4,2,2024-10-13
2024-10-13 07:00:00,"281,9566832336799","29,1",4,2,2024-10-13
2024-10-13 08:00:00,"280,20115355707577","36,630001",4,2,2024-10-13
2024-10-13 09:00:00,"280,20115355707577","46,330002",4,2,2024-10-13
2024-10-13 10:00:00,"280,20115355707577","47,599998",4,2,2024-10-13
2024-10-13 11:00:00,"266,65873831702027","52,970001",4,2,2024-10-13
2024-10-13 12:00:00,"262,581378173874","59,09",4,2,2024-10-13
2024-10-13 13:00:00,"253,52105418828035","94,610001",4,2,2024-10-13
2024-10-13 14:00:00,"283,0707222446287","118,260002",4,2,2024-10-13
2024-10-13 15:00:00,"280,20115355707577","156,240005",4,2,2024-10-13
2024-10-13 16:00:00,"281,88790567254676","260,920013",4,2,2024-10-13
2024-10-13 17:00:00,"262,417709630948","373,799988",4,2,2024-10-13
2024-10-13 18:00:00,"238,09499460668562","294,790009",4,2,2024-10-13
2024-10-13 19:00:00,"221,46078607770997","286,730011",4,2,2024-10-13
2024-10-13 20:00:00,"216,44856715606576","299,410004",4,2,2024-10-13
2024-10-13 21:00:00,"215,69025797720647","274,640015",4,2,2024-10-13
2024-10-13 22:00:00,"212,6097559374522","276,809998",4,2,2024-10-13
2024-10-13 23:00:00,"212,6097559374522","263,0",4,2,2024-10-13
2024-10-14 00:00:00,"225,1049345285454","262,410004",4,3,2024-10-14
2024-10-14 01:00:00,"216,955580745325","256,359985",4,3,2024-10-14
2024-10-14 02:00:00,"215,54603218191102","293,450012",4,3,2024-10-14
2024-10-14 03:00:00,"215,54603218191102","464,079987",4,3,2024-10-14
2024-10-14 04:00:00,"217,23278429738204","736,710022",4,3,2024-10-14
2024-10-14 05:00:00,"235,8237807679514","973,900024",4,3,2024-10-14
2024-10-14 06:00:00,"273,9501089471372","1142,449951",4,3,2024-10-14
2024-10-14 07:00:00,"288,5680017493101","879,960022",4,3,2024-10-14
2024-10-14 08:00:00,"295,5421766242443","753,200012",4,3,2024-10-14
2024-10-14 09:00:00,"301,1500826280636","695,599976",4,3,2024-10-14
2024-10-14 10:00:00,"308,36667433160414","643,450012",4,3,2024-10-14
2024-10-14 11:00:00,"302,76305878110736","616,289978",4,3,2024-10-14
2024-10-14 12:00:00,"302,76305878110736","553,320007",4,3,2024-10-14
2024-10-14 13:00:00,"303,2214364633347","649,710022",4,3,2024-10-14
2024-10-14 14:00:00,"309,48247292264153","789,309998",4,3,2024-10-14
2024-10-14 15:00:00,"324,71280780285673","1182,660034",4,3,2024-10-14
2024-10-14 16:00:00,"367,92555396518816","1865,280029",4,3,2024-10-14
2024-10-14 17:00:00,"388,01601663321645","1964,290039",4,3,2024-10-14
2024-10-14 18:00:00,"372,5742952511979","1178,859985",4,3,2024-10-14
2024-10-14 19:00:00,"350,0115048547098","851,460022",4,3,2024-10-14
2024-10-14 20:00:00,"323,0790686435879","743,580017",4,3,2024-10-14
2024-10-14 21:00:00,"304,99656473243135","707,309998",4,3,2024-10-14
2024-10-14 22:00:00,"289,62098532327855","680,679993",4,3,2024-10-14
2024-10-14 23:00:00,"259,0356257421549","645,320007",4,3,2024-10-14
2024-10-15 00:00:00,"237,39982647602207","659,190002",4,3,2024-10-15
2024-10-15 01:00:00,"222,39511702957742","627,039978",4,3,2024-10-15
2024-10-15 02:00:00,"225,67853027923493","602,859985",4,3,2024-10-15
2024-10-15 03:00:00,"235,96742086826785","667,849976",4,3,2024-10-15
2024-10-15 04:00:00,"265,7298691152084","854,530029",4,3,2024-10-15
2024-10-15 05:00:00,"286,63079613823123","1383,22998",4,3,2024-10-15
2024-10-15 06:00:00,"333,80498017330103","1317,719971",4,3,2024-10-15
2024-10-15 07:00:00,"400,2887512034008","824,76001",4,3,2024-10-15
2024-10-15 08:00:00,"411,2763082776273","692,02002",4,3,2024-10-15
2024-10-15 09:00:00,"416,1369396069438","619,650024",4,3,2024-10-15
2024-10-15 10:00:00,"416,3854534113139","585,47998",4,3,2024-10-15
2024-10-15 11:00:00,"414,5913373542765","535,340027",4,3,2024-10-15
2024-10-15 12:00:00,"407,8700620631815","566,299988",4,3,2024-10-15
2024-10-15 13:00:00,"402,84632783010767","621,960022",4,3,2024-10-15
2024-10-15 14:00:00,"482,05496537134326","664,27002",4,3,2024-10-15
2024-10-15 15:00:00,"567,5065440936908","900,48999",4,3,2024-10-15
2024-10-15 16:00:00,"576,5276627530607","1020,609985",4,3,2024-10-15
2024-10-15 17:00:00,"563,0827975098445","726,049988",4,3,2024-10-15
2024-10-15 18:00:00,"502,57611460318896","568,98999",4,3,2024-10-15
2024-10-15 19:00:00,"418,477848099352","497,290009",4,3,2024-10-15
2024-10-15 20:00:00,"370,65853169950293","445,059998",4,3,2024-10-15
2024-10-15 21:00:00,"345,6251229448042","304,269989",4,3,2024-10-15
2024-10-15 22:00:00,"315,37979943548703","174,210007",4,3,2024-10-15
2024-10-15 23:00:00,"291,3679844207748","95,5",4,3,2024-10-15
2024-10-16 00:00:00,"282,6441570768448","39,540001",4,3,2024-10-16
2024-10-16 01:00:00,"281,46885736879517","26,93",4,3,2024-10-16
2024-10-16 02:00:00,"266,64512967005544","24,25",4,3,2024-10-16
2024-10-16 03:00:00,"263,0798701890837","61,18",4,3,2024-10-16
2024-10-16 04:00:00,"283,1300256680542","301,049988",4,3,2024-10-16
2024-10-16 05:00:00,"325,35914158149","353,720001",4,3,2024-10-16
2024-10-16 06:00:00,"422,86676238063876","406,23999",4,3,2024-10-16
2024-10-16 07:00:00,"545,7942834720727","354,76001",4,3,2024-10-16
2024-10-16 08:00:00,"579,3181534063461","199,059998",4,3,2024-10-16
2024-10-16 09:00:00,"591,3563701203705","105,650002",4,3,2024-10-16
2024-10-16 10:00:00,"579,3753165725867","30,51",4,3,2024-10-16
2024-10-16 11:00:00,"572,479401366938","22,01",4,3,2024-10-16
2024-10-16 12:00:00,"561,2113425368499","30,809999",4,3,2024-10-16
2024-10-16 13:00:00,"574,6615070118671","104,830002",4,3,2024-10-16
2024-10-16 14:00:00,"596,0660679190643","123,550003",4,3,2024-10-16
2024-10-16 15:00:00,"597,3495224188","263,0",4,3,2024-10-16
2024-10-16 16:00:00,"614,2166247085796","277,470001",4,3,2024-10-16
2024-10-16 17:00:00,"604,809462321705","272,470001",4,3,2024-10-16
2024-10-16 18:00:00,"577,1117310921403","267,470001",4,3,2024-10-16
2024-10-16 19:00:00,"542,1922956518782","85,730003",4,3,2024-10-16
2024-10-16 20:00:00,"472,5260914729035","37,830002",4,3,2024-10-16
2024-10-16 21:00:00,"436,44325773641253","37,75",4,3,2024-10-16
2024-10-16 22:00:00,"367,88222993886825","24,549999",4,3,2024-10-16
2024-10-16 23:00:00,"318,45068928713096","24,549999",4,3,2024-10-16
2024-10-17 00:00:00,"297,0127755061146","24,549999",4,3,2024-10-17
2024-10-17 01:00:00,"275,9717674370554","24,469999",4,3,2024-10-17
2024-10-17 02:00:00,"253,27589940800775","24,4",4,3,2024-10-17
2024-10-17 03:00:00,"260,10806732699587","24,469999",4,3,2024-10-17
2024-10-17 04:00:00,"284,6498475520387","261,730011",4,3,2024-10-17
2024-10-17 05:00:00,"312,1623381744469","298,660004",4,3,2024-10-17
2024-10-17 06:00:00,"376,663915353736","306,790009",4,3,2024-10-17
2024-10-17 07:00:00,"421,00818131673924","301,869995",4,3,2024-10-17
2024-10-17 08:00:00,"417,2618257692665","286,940002",4,3,2024-10-17
2024-10-17 09:00:00,"411,99966501817744","287,089996",4,3,2024-10-17
2024-10-17 10:00:00,"396,15708968387696","290,670013",4,3,2024-10-17
2024-10-17 11:00:00,"373,63389758818244","305,299988",4,3,2024-10-17
2024-10-17 12:00:00,"370,474825050098","322,980011",4,3,2024-10-17
2024-10-17 13:00:00,"379,1279148143779","474,140015",4,3,2024-10-17
2024-10-17 14:00:00,"415,3108837276036","691,469971",4,3,2024-10-17
2024-10-17 15:00:00,"427,88423018180606","893,059998",4,3,2024-10-17
2024-10-17 16:00:00,"445,8956768776007","1292,290039",4,3,2024-10-17
2024-10-17 17:00:00,"443,6396896131446","1275,810059",4,3,2024-10-17
2024-10-17 18:00:00,"428,54401881642684","876,650024",4,3,2024-10-17
2024-10-17 19:00:00,"402,03181245357445","729,75",4,3,2024-10-17
2024-10-17 20:00:00,"344,317409489517","664,390015",4,3,2024-10-17
2024-10-17 21:00:00,"318,3061333580206","613,359985",4,3,2024-10-17
2024-10-17 22:00:00,"265,83523907341146","603,929993",4,3,2024-10-17
2024-10-17 23:00:00,"237,95076881139016","605,5",4,3,2024-10-17
2024-10-18 00:00:00,"218,3958572534023","617,210022",4,3,2024-10-18
2024-10-18 01:00:00,"214,10940291623848","588,190002",4,3,2024-10-18
2024-10-18 02:00:00,"214,10940291623848","605,72998",4,3,2024-10-18
2024-10-18 03:00:00,"214,10940291623848","629,22998",4,3,2024-10-18
2024-10-18 04:00:00,"214,10940291623848","737,780029",4,3,2024-10-18
2024-10-18 05:00:00,"245,61906689239186","1117,449951",4,3,2024-10-18
2024-10-18 06:00:00,"301,6331964315775","1165,640015",4,3,2024-10-18
2024-10-18 07:00:00,"356,3172516944937","828,130005",4,3,2024-10-18
2024-10-18 08:00:00,"345,73466105658525","714,429993",4,3,2024-10-18
2024-10-18 09:00:00,"321,94138443946383","636,390015",4,3,2024-10-18
2024-10-18 10:00:00,"303,82383122751963","618,929993",4,3,2024-10-18
2024-10-18 11:00:00,"295,82770453228324","598,340027",4,3,2024-10-18
2024-10-18 12:00:00,"277,020202414548","605,72998",4,3,2024-10-18
2024-10-18 13:00:00,"264,8212876367665","629,22998",4,3,2024-10-18
2024-10-18 14:00:00,"294,02403647050323","770,599976",4,3,2024-10-18
2024-10-18 15:00:00,"318,8407596081176","997,26001",4,3,2024-10-18
2024-10-18 16:00:00,"348,601521286242","1352,459961",4,3,2024-10-18
2024-10-18 17:00:00,"343,2515670139789","1063,72998",4,3,2024-10-18
2024-10-18 18:00:00,"327,3523721864862","770,309998",4,3,2024-10-18
2024-10-18 19:00:00,"287,72339838268556","722,409973",4,3,2024-10-18
2024-10-18 20:00:00,"266,1359313827774","695,77002",4,3,2024-10-18
2024-10-18 21:00:00,"247,08775555492375","638,179993",4,3,2024-10-18
2024-10-18 22:00:00,"219,44429223089497","649,27002",4,3,2024-10-18
2024-10-18 23:00:00,"209,44112063466488","619,210022",4,3,2024-10-18
2024-10-19 00:00:00,"206,0504259690299","595,940002",4,3,2024-10-19
2024-10-19 01:00:00,"192,61541365227998","561,27002",4,3,2024-10-19
2024-10-19 02:00:00,"186,3923648311722","565,809998",4,3,2024-10-19
2024-10-19 03:00:00,"171,99612003078533","572,530029",4,3,2024-10-19
2024-10-19 04:00:00,"173,22829013209366","596,619995",4,3,2024-10-19
2024-10-19 05:00:00,"177,9357404237594","685,440002",4,3,2024-10-19
2024-10-19 06:00:00,"184,04634011221503","668,659973",4,3,2024-10-19
2024-10-19 07:00:00,"196,29985933660754","630,919983",4,3,2024-10-19
2024-10-19 08:00:00,"255,05496588949745","587,669983",4,3,2024-10-19
2024-10-19 09:00:00,"275,20509954447164","546,799988",4,3,2024-10-19
2024-10-19 10:00:00,"278,44779475110573","493,399994",4,3,2024-10-19
2024-10-19 11:00:00,"274,35196012174254","454,619995",4,3,2024-10-19
2024-10-19 12:00:00,"278,44779475110573","476,470001",4,3,2024-10-19
2024-10-19 13:00:00,"308,51900924887144","589,679993",4,3,2024-10-19
2024-10-19 14:00:00,"360,6831369198026","731,52002",4,3,2024-10-19
2024-10-19 15:00:00,"417,2070020609082","813,929993",4,3,2024-10-19
2024-10-19 16:00:00,"474,9771633496823","1012,900024",4,3,2024-10-19
2024-10-19 17:00:00,"507,65284491080865","886,940002",4,3,2024-10-19
2024-10-19 18:00:00,"491,0188513209921","721,900024",4,3,2024-10-19
2024-10-19 19:00:00,"457,546670014515","672,530029",4,3,2024-10-19
2024-10-19 20:00:00,"392,63298321239097","625,179993",4,3,2024-10-19
2024-10-19 21:00:00,"334,4552261729642","546,869995",4,3,2024-10-19
2024-10-19 22:00:00,"287,1285969253174","403,059998",4,3,2024-10-19
2024-10-19 23:00:00,"250,7098718011825","409,470001",4,3,2024-10-19
2024-10-20 00:00:00,"226,26286842691425","407,079987",4,3,2024-10-20
2024-10-20 01:00:00,"219,87628377433714","417,0",4,3,2024-10-20
2024-10-20 02:00:00,"219,22504438978245","444,450012",4,3,2024-10-20
2024-10-20 03:00:00,"214,10940291623848","241,880005",4,3,2024-10-20
2024-10-20 04:00:00,"217,03010594525057","240,389999",4,3,2024-10-20
2024-10-20 05:00:00,"223,96467968525747","291,329987",4,3,2024-10-20
2024-10-20 06:00:00,"246,14836074732415","359,950012",4,3,2024-10-20
2024-10-20 07:00:00,"281,9566832336799","341,230011",4,3,2024-10-20
2024-10-20 08:00:00,"280,20115355707577","47,509998",4,3,2024-10-20
2024-10-20 09:00:00,"280,20115355707577","0,6",4,3,2024-10-20
2024-10-20 10:00:00,"280,20115355707577","0,0",4,3,2024-10-20
2024-10-20 11:00:00,"266,65873831702027","-7,31",4,3,2024-10-20
2024-10-20 12:00:00,"262,581378173874","-14,99",4,3,2024-10-20
2024-10-20 13:00:00,"253,52105418828035","0,0",4,3,2024-10-20
2024-10-20 14:00:00,"283,0707222446287","38,040001",4,3,2024-10-20
2024-10-20 15:00:00,"280,20115355707577","413,570007",4,3,2024-10-20
2024-10-20 16:00:00,"281,88790567254676","318,25",4,3,2024-10-20
2024-10-20 17:00:00,"262,417709630948","268,950012",4,3,2024-10-20
2024-10-20 18:00:00,"238,09499460668562","252,919998",4,3,2024-10-20
2024-10-20 19:00:00,"221,46078607770997","156,259995",4,3,2024-10-20
2024-10-20 20:00:00,"216,44856715606576","90,620003",4,3,2024-10-20
2024-10-20 21:00:00,"215,69025797720647","14,39",4,3,2024-10-20
2024-10-20 22:00:00,"212,6097559374522","-0,75",4,3,2024-10-20
2024-10-20 23:00:00,"212,6097559374522","-0,75",4,3,2024-10-20
2024-10-21 00:00:00,"60,588700854997796","-1,04",4,4,2024-10-21
2024-10-21 01:00:00,"91,9700360344157","-0,6",4,4,2024-10-21
2024-10-21 02:00:00,"111,5061463958604","-0,3",4,4,2024-10-21
2024-10-21 03:00:00,"131,0637931633009","24,24",4,4,2024-10-21
2024-10-21 04:00:00,"143,79661826912624","32,59",4,4,2024-10-21
2024-10-21 05:00:00,"191,88093362949206","301,170013",4,4,2024-10-21
2024-10-21 06:00:00,"250,78543751627086","292,070007",4,4,2024-10-21
2024-10-21 07:00:00,"286,8650390188623","240,160004",4,4,2024-10-21
2024-10-21 08:00:00,"295,5421766242443","215,399994",4,4,2024-10-21
2024-10-21 09:00:00,"301,1500826280636","208,690002",4,4,2024-10-21
2024-10-21 10:00:00,"308,36667433160414","188,479996",4,4,2024-10-21
2024-10-21 11:00:00,"302,76305878110736","209,729996",4,4,2024-10-21
2024-10-21 12:00:00,"302,76305878110736","168,710007",4,4,2024-10-21
2024-10-21 13:00:00,"303,2214364633347","434,609985",4,4,2024-10-21
2024-10-21 14:00:00,"309,48247292264153","670,289978",4,4,2024-10-21
2024-10-21 15:00:00,"324,71280780285673","969,900024",4,4,2024-10-21
2024-10-21 16:00:00,"367,92555396518816","1582,319946",4,4,2024-10-21
2024-10-21 17:00:00,"388,01601663321645","1404,810059",4,4,2024-10-21
2024-10-21 18:00:00,"372,5742952511979","957,969971",4,4,2024-10-21
2024-10-21 19:00:00,"350,0115048547098","750,320007",4,4,2024-10-21
2024-10-21 20:00:00,"323,0790686435879","729,440002",4,4,2024-10-21
2024-10-21 21:00:00,"304,99656473243135","693,419983",4,4,2024-10-21
2024-10-21 22:00:00,"289,62098532327855","666,929993",4,4,2024-10-21
2024-10-21 23:00:00,"259,0356257421549","652,76001",4,4,2024-10-21
2024-10-22 00:00:00,"237,39982647602207","639,109985",4,4,2024-10-22
2024-10-22 01:00:00,"222,39511702957742","623,52002",4,4,2024-10-22
2024-10-22 02:00:00,"225,67853027923493","619,190002",4,4,2024-10-22
2024-10-22 03:00:00,"235,96742086826785","641,419983",4,4,2024-10-22
2024-10-22 04:00:00,"265,7298691152084","731,960022",4,4,2024-10-22
2024-10-22 05:00:00,"286,63079613823123","1182,300049",4,4,2024-10-22
2024-10-22 06:00:00,"333,80498017330103","1268,819946",4,4,2024-10-22
2024-10-22 07:00:00,"400,2887512034008","846,080017",4,4,2024-10-22
2024-10-22 08:00:00,"411,2763082776273","740,02002",4,4,2024-10-22
2024-10-22 09:00:00,"416,1369396069438","654,469971",4,4,2024-10-22
2024-10-22 10:00:00,"416,3854534113139","575,109985",4,4,2024-10-22
2024-10-22 11:00:00,"414,5913373542765","528,650024",4,4,2024-10-22
2024-10-22 12:00:00,"407,8700620631815","548,409973",4,4,2024-10-22
2024-10-22 13:00:00,"402,84632783010767","649,469971",4,4,2024-10-22
2024-10-22 14:00:00,"482,05496537134326","289,380005",4,4,2024-10-22
2024-10-22 15:00:00,"567,5065440936908","759,109985",4,4,2024-10-22
2024-10-22 16:00:00,"576,5276627530607","1043,579956",4,4,2024-10-22
2024-10-22 17:00:00,"563,0827975098445","1176,560059",4,4,2024-10-22
2024-10-22 18:00:00,"502,57611460318896","850,400024",4,4,2024-10-22
2024-10-22 19:00:00,"418,477848099352","697,72998",4,4,2024-10-22
2024-10-22 20:00:00,"370,65853169950293","713,919983",4,4,2024-10-22
2024-10-22 21:00:00,"345,6251229448042","658,950012",4,4,2024-10-22
2024-10-22 22:00:00,"315,37979943548703","561,400024",4,4,2024-10-22
2024-10-22 23:00:00,"291,3679844207748","620,690002",4,4,2024-10-22
2024-10-23 00:00:00,"282,6441570768448","611,669983",4,4,2024-10-23
2024-10-23 01:00:00,"281,46885736879517","620,539978",4,4,2024-10-23
2024-10-23 02:00:00,"266,64512967005544","639,859985",4,4,2024-10-23
2024-10-23 03:00:00,"263,0798701890837","675,950012",4,4,2024-10-23
2024-10-23 04:00:00,"283,1300256680542","780,950012",4,4,2024-10-23
2024-10-23 05:00:00,"325,35914158149","1025,329956",4,4,2024-10-23
2024-10-23 06:00:00,"422,86676238063876","1205,72998",4,4,2024-10-23
2024-10-23 07:00:00,"545,7942834720727","957,690002",4,4,2024-10-23
2024-10-23 08:00:00,"579,3181534063461","776,330017",4,4,2024-10-23
2024-10-23 09:00:00,"591,3563701203705","693,700012",4,4,2024-10-23
2024-10-23 10:00:00,"579,3753165725867","600,929993",4,4,2024-10-23
2024-10-23 11:00:00,"572,479401366938","574,75",4,4,2024-10-23
2024-10-23 12:00:00,"561,2113425368499","562,450012",4,4,2024-10-23
2024-10-23 13:00:00,"574,6615070118671","657,830017",4,4,2024-10-23
2024-10-23 14:00:00,"596,0660679190643","696,22998",4,4,2024-10-23
2024-10-23 15:00:00,"597,3495224188","1009,669983",4,4,2024-10-23
2024-10-23 16:00:00,"614,2166247085796","1479,349976",4,4,2024-10-23
2024-10-23 17:00:00,"604,809462321705","1312,52002",4,4,2024-10-23
2024-10-23 18:00:00,"577,1117310921403","833,080017",4,4,2024-10-23
2024-10-23 19:00:00,"542,1922956518782","754,849976",4,4,2024-10-23
2024-10-23 20:00:00,"472,5260914729035","767,599976",4,4,2024-10-23
2024-10-23 21:00:00,"436,44325773641253","694,73999",4,4,2024-10-23
2024-10-23 22:00:00,"367,88222993886825","647,059998",4,4,2024-10-23
2024-10-23 23:00:00,"318,45068928713096","597,460022",4,4,2024-10-23
2024-10-24 00:00:00,"297,0127755061146","582,469971",4,4,2024-10-24
2024-10-24 01:00:00,"275,9717674370554","564,349976",4,4,2024-10-24
2024-10-24 02:00:00,"253,27589940800775","532,200012",4,4,2024-10-24
2024-10-24 03:00:00,"260,10806732699587","597,909973",4,4,2024-10-24
2024-10-24 04:00:00,"284,6498475520387","748,409973",4,4,2024-10-24
2024-10-24 05:00:00,"312,1623381744469","1057,98999",4,4,2024-10-24
2024-10-24 06:00:00,"376,663915353736","1233,47998",4,4,2024-10-24
2024-10-24 07:00:00,"421,00818131673924","874,820007",4,4,2024-10-24
2024-10-24 08:00:00,"417,2618257692665","760,049988",4,4,2024-10-24
2024-10-24 09:00:00,"411,99966501817744","693,969971",4,4,2024-10-24
2024-10-24 10:00:00,"396,15708968387696","626,169983",4,4,2024-10-24
2024-10-24 11:00:00,"373,63389758818244","590,299988",4,4,2024-10-24
2024-10-24 12:00:00,"370,474825050098","607,900024",4,4,2024-10-24
2024-10-24 13:00:00,"379,1279148143779","713,72998",4,4,2024-10-24
2024-10-24 14:00:00,"415,3108837276036","866,400024",4,4,2024-10-24
2024-10-24 15:00:00,"427,88423018180606","921,659973",4,4,2024-10-24
2024-10-24 16:00:00,"445,8956768776007","1034,430054",4,4,2024-10-24
2024-10-24 17:00:00,"443,6396896131446","851,630005",4,4,2024-10-24
2024-10-24 18:00:00,"428,54401881642684","720,52002",4,4,2024-10-24
2024-10-24 19:00:00,"402,03181245357445","698,369995",4,4,2024-10-24
2024-10-24 20:00:00,"344,317409489517","670,47998",4,4,2024-10-24
2024-10-24 21:00:00,"318,3061333580206","623,559998",4,4,2024-10-24
2024-10-24 22:00:00,"265,83523907341146","615,460022",4,4,2024-10-24
2024-10-24 23:00:00,"237,95076881139016","612,25",4,4,2024-10-24
2024-10-25 00:00:00,"218,3958572534023","594,48999",4,4,2024-10-25
2024-10-25 01:00:00,"214,10940291623848","616,200012",4,4,2024-10-25
2024-10-25 02:00:00,"214,10940291623848","630,150024",4,4,2024-10-25
2024-10-25 03:00:00,"214,10940291623848","705,650024",4,4,2024-10-25
2024-10-25 04:00:00,"214,10940291623848","812,700012",4,4,2024-10-25
2024-10-25 05:00:00,"245,61906689239186","923,190002",4,4,2024-10-25
2024-10-25 06:00:00,"301,6331964315775","1123,410034",4,4,2024-10-25
2024-10-25 07:00:00,"356,3172516944937","913,340027",4,4,2024-10-25
2024-10-25 08:00:00,"345,73466105658525","806,809998",4,4,2024-10-25
2024-10-25 09:00:00,"321,94138443946383","700,5",4,4,2024-10-25
2024-10-25 10:00:00,"303,82383122751963","604,859985",4,4,2024-10-25
2024-10-25 11:00:00,"295,82770453228324","583,22998",4,4,2024-10-25
2024-10-25 12:00:00,"277,020202414548","615,22998",4,4,2024-10-25
2024-10-25 13:00:00,"264,8212876367665","741,01001",4,4,2024-10-25
2024-10-25 14:00:00,"294,02403647050323","880,51001",4,4,2024-10-25
2024-10-25 15:00:00,"318,8407596081176","1184,140015",4,4,2024-10-25
2024-10-25 16:00:00,"348,601521286242","1695,829956",4,4,2024-10-25
2024-10-25 17:00:00,"343,2515670139789","1379,0",4,4,2024-10-25
2024-10-25 18:00:00,"327,3523721864862","924,01001",4,4,2024-10-25
2024-10-25 19:00:00,"287,72339838268556","867,530029",4,4,2024-10-25
2024-10-25 20:00:00,"266,1359313827774","850,150024",4,4,2024-10-25
2024-10-25 21:00:00,"247,08775555492375","801,210022",4,4,2024-10-25
2024-10-25 22:00:00,"219,44429223089497","860,150024",4,4,2024-10-25
2024-10-25 23:00:00,"209,44112063466488","818,0",4,4,2024-10-25
2024-10-26 00:00:00,"206,0504259690299","797,929993",4,4,2024-10-26
2024-10-26 01:00:00,"192,61541365227998","804,200012",4,4,2024-10-26
2024-10-26 02:00:00,"186,3923648311722","788,599976",4,4,2024-10-26
2024-10-26 03:00:00,"171,99612003078533","796,960022",4,4,2024-10-26
2024-10-26 04:00:00,"173,22829013209366","850,0",4,4,2024-10-26
2024-10-26 05:00:00,"177,9357404237594","937,890015",4,4,2024-10-26
2024-10-26 06:00:00,"184,04634011221503","940,059998",4,4,2024-10-26
2024-10-26 07:00:00,"196,29985933660754","877,159973",4,4,2024-10-26
2024-10-26 08:00:00,"255,05496588949745","756,450012",4,4,2024-10-26
2024-10-26 09:00:00,"275,20509954447164","607,900024",4,4,2024-10-26
2024-10-26 10:00:00,"278,44779475110573","509,940002",4,4,2024-10-26
2024-10-26 11:00:00,"274,35196012174254","472,269989",4,4,2024-10-26
2024-10-26 12:00:00,"278,44779475110573","481,589996",4,4,2024-10-26
2024-10-26 13:00:00,"308,51900924887144","607,599976",4,4,2024-10-26
2024-10-26 14:00:00,"360,6831369198026","750,549988",4,4,2024-10-26
2024-10-26 15:00:00,"417,2070020609082","938,039978",4,4,2024-10-26
2024-10-26 16:00:00,"474,9771633496823","1125,829956",4,4,2024-10-26
2024-10-26 17:00:00,"507,65284491080865","885,890015",4,4,2024-10-26
2024-10-26 18:00:00,"491,0188513209921","719,809998",4,4,2024-10-26
2024-10-26 19:00:00,"457,546670014515","662,219971",4,4,2024-10-26
2024-10-26 20:00:00,"392,63298321239097","652,820007",4,4,2024-10-26
2024-10-26 21:00:00,"334,4552261729642","571,719971",4,4,2024-10-26
2024-10-26 22:00:00,"287,1285969253174","688,119995",4,4,2024-10-26
2024-10-26 23:00:00,"250,7098718011825","626,780029",4,4,2024-10-26
2024-10-27 00:00:00,"226,26286842691425","613,570007",4,4,2024-10-27
2024-10-27 01:00:00,"219,87628377433714","600,140015",4,4,2024-10-27
2024-10-27 02:00:00,"219,22504438978245","592,530029",4,4,2024-10-27
2024-10-27 03:00:00,"214,10940291623848","587,900024",4,4,2024-10-27
2024-10-27 04:00:00,"217,03010594525057","635,289978",4,4,2024-10-27
2024-10-27 05:00:00,"223,96467968525747","665,659973",4,4,2024-10-27
2024-10-27 06:00:00,"246,14836074732415","657,0",4,4,2024-10-27
2024-10-27 07:00:00,"281,9566832336799","629,320007",4,4,2024-10-27
2024-10-27 08:00:00,"280,20115355707577","496,049988",4,4,2024-10-27
2024-10-27 09:00:00,"280,20115355707577","408,299988",4,4,2024-10-27
2024-10-27 10:00:00,"280,20115355707577","317,119995",4,4,2024-10-27
2024-10-27 11:00:00,"266,65873831702027","298,390015",4,4,2024-10-27
2024-10-27 12:00:00,"262,581378173874","298,470001",4,4,2024-10-27
2024-10-27 13:00:00,"253,52105418828035","480,01001",4,4,2024-10-27
2024-10-27 14:00:00,"283,0707222446287","753,109985",4,4,2024-10-27
2024-10-27 15:00:00,"280,20115355707577","878,97998",4,4,2024-10-27
2024-10-27 16:00:00,"281,88790567254676","1106,569946",4,4,2024-10-27
2024-10-27 17:00:00,"262,417709630948","1087,23999",4,4,2024-10-27
2024-10-27 18:00:00,"238,09499460668562","973,52002",4,4,2024-10-27
2024-10-27 19:00:00,"221,46078607770997","881,299988",4,4,2024-10-27
2024-10-27 20:00:00,"216,44856715606576","831,159973",4,4,2024-10-27
2024-10-27 21:00:00,"215,69025797720647","820,48999",4,4,2024-10-27
2024-10-27 22:00:00,"212,6097559374522","651,109985",4,4,2024-10-27
2024-10-27 23:00:00,"212,6097559374522","713,340027",4,4,2024-10-27
