Time,Prediction,DKPrice,fold,week,Date
2024-01-01 00:00:00,"157,84191304599508","209,779999",1,1,2024-01-01
2024-01-01 01:00:00,"168,28407751213823","198,740005",1,1,2024-01-01
2024-01-01 02:00:00,"162,9937273514073","30,860001",1,1,2024-01-01
2024-01-01 03:00:00,"166,3049583407388","-0,22",1,1,2024-01-01
2024-01-01 04:00:00,"214,79072945664882","-0,15",1,1,2024-01-01
2024-01-01 05:00:00,"317,1667932619872","-0,37",1,1,2024-01-01
2024-01-01 06:00:00,"393,31378138932376","-0,15",1,1,2024-01-01
2024-01-01 07:00:00,"436,4391678201335","0,0",1,1,2024-01-01
2024-01-01 08:00:00,"444,5421101649906","0,6",1,1,2024-01-01
2024-01-01 09:00:00,"437,0170380536167","308,179993",1,1,2024-01-01
2024-01-01 10:00:00,"421,3588703320914","324,359985",1,1,2024-01-01
2024-01-01 11:00:00,"407,8463124777696","320,700012",1,1,2024-01-01
2024-01-01 12:00:00,"397,0005054107906","330,170013",1,1,2024-01-01
2024-01-01 13:00:00,"409,28102357273025","344,709991",1,1,2024-01-01
2024-01-01 14:00:00,"426,27660242719736","377,290009",1,1,2024-01-01
2024-01-01 15:00:00,"465,3476133965374","443,329987",1,1,2024-01-01
2024-01-01 16:00:00,"529,6923611122393","484,480011",1,1,2024-01-01
2024-01-01 17:00:00,"557,381562938554","460,26001",1,1,2024-01-01
2024-01-01 18:00:00,"556,5868980090065","456,75",1,1,2024-01-01
2024-01-01 19:00:00,"520,6872778216137","447,059998",1,1,2024-01-01
2024-01-01 20:00:00,"465,5332211910928","409,420013",1,1,2024-01-01
2024-01-01 21:00:00,"434,8600755102664","355,220001",1,1,2024-01-01
2024-01-01 22:00:00,"393,60164293249704","265,019989",1,1,2024-01-01
2024-01-01 23:00:00,"370,1716658459322","228,039993",1,1,2024-01-01
2024-01-02 00:00:00,"360,4131891140571","149,619995",1,1,2024-01-02
2024-01-02 01:00:00,"349,26997373356943","231,320007",1,1,2024-01-02
2024-01-02 02:00:00,"348,19273900643344","137,089996",1,1,2024-01-02
2024-01-02 03:00:00,"356,41080745386193","82,599998",1,1,2024-01-02
2024-01-02 04:00:00,"370,2920577441372","102,730003",1,1,2024-01-02
2024-01-02 05:00:00,"415,9650142576217","355,070007",1,1,2024-01-02
2024-01-02 06:00:00,"465,3573317447074","433,119995",1,1,2024-01-02
2024-01-02 07:00:00,"531,6527598947993","489,549988",1,1,2024-01-02
2024-01-02 08:00:00,"532,3835773291397","482,549988",1,1,2024-01-02
2024-01-02 09:00:00,"531,2362035383732","514,22998",1,1,2024-01-02
2024-01-02 10:00:00,"509,39331924792","548,219971",1,1,2024-01-02
2024-01-02 11:00:00,"491,9094878484533","582,659973",1,1,2024-01-02
2024-01-02 12:00:00,"488,76355316093156","587,960022",1,1,2024-01-02
2024-01-02 13:00:00,"486,1763132339476","590,719971",1,1,2024-01-02
2024-01-02 14:00:00,"522,8680221055871","596,080017",1,1,2024-01-02
2024-01-02 15:00:00,"593,1516342461833","607,26001",1,1,2024-01-02
2024-01-02 16:00:00,"612,0879659345393","603,23999",1,1,2024-01-02
2024-01-02 17:00:00,"606,4187008230027","558,72998",1,1,2024-01-02
2024-01-02 18:00:00,"566,2220225370814","470,98999",1,1,2024-01-02
2024-01-02 19:00:00,"535,3525019026467","425,73999",1,1,2024-01-02
2024-01-02 20:00:00,"501,37247218075373","349,549988",1,1,2024-01-02
2024-01-02 21:00:00,"471,6237670686456","298,190002",1,1,2024-01-02
2024-01-02 22:00:00,"444,6484073193831","162,589996",1,1,2024-01-02
2024-01-02 23:00:00,"412,40584219221813","7,75",1,1,2024-01-02
2024-01-03 00:00:00,"400,2726730339135","-0,07",1,1,2024-01-03
2024-01-03 01:00:00,"394,796583274796","0,0",1,1,2024-01-03
2024-01-03 02:00:00,"377,1995877196714","-0,07",1,1,2024-01-03
2024-01-03 03:00:00,"367,41789444202306","0,0",1,1,2024-01-03
2024-01-03 04:00:00,"377,3800094542575","0,15",1,1,2024-01-03
2024-01-03 05:00:00,"408,32930078073406","8,13",1,1,2024-01-03
2024-01-03 06:00:00,"472,2706792157437","302,600006",1,1,2024-01-03
2024-01-03 07:00:00,"551,0240461925671","444,399994",1,1,2024-01-03
2024-01-03 08:00:00,"590,2273333524232","451,850006",1,1,2024-01-03
2024-01-03 09:00:00,"595,5170408648738","424,940002",1,1,2024-01-03
2024-01-03 10:00:00,"593,2420089967628","409,209991",1,1,2024-01-03
2024-01-03 11:00:00,"581,6167907605632","445,820007",1,1,2024-01-03
2024-01-03 12:00:00,"565,6532776917111","438,809998",1,1,2024-01-03
2024-01-03 13:00:00,"574,3002332320129","453,720001",1,1,2024-01-03
2024-01-03 14:00:00,"599,6152103253285","500,829987",1,1,2024-01-03
2024-01-03 15:00:00,"602,0061083069902","548,619995",1,1,2024-01-03
2024-01-03 16:00:00,"615,5698257597782","613,409973",1,1,2024-01-03
2024-01-03 17:00:00,"609,6780683329475","618,549988",1,1,2024-01-03
2024-01-03 18:00:00,"586,4191000867228","589,179993",1,1,2024-01-03
2024-01-03 19:00:00,"550,6712815528888","545,940002",1,1,2024-01-03
2024-01-03 20:00:00,"496,37582439595576","502,549988",1,1,2024-01-03
2024-01-03 21:00:00,"451,93943518278536","484,579987",1,1,2024-01-03
2024-01-03 22:00:00,"402,14326231117656","433,290009",1,1,2024-01-03
2024-01-03 23:00:00,"337,09782863723274","427,329987",1,1,2024-01-03
2024-01-04 00:00:00,"290,6241944377307","376,320007",1,1,2024-01-04
2024-01-04 01:00:00,"255,68721821120437","298,309998",1,1,2024-01-04
2024-01-04 02:00:00,"221,10581350065203","190,020004",1,1,2024-01-04
2024-01-04 03:00:00,"207,70998814968104","261,019989",1,1,2024-01-04
2024-01-04 04:00:00,"231,2780980149066","430,540009",1,1,2024-01-04
2024-01-04 05:00:00,"316,63393257566827","541,809998",1,1,2024-01-04
2024-01-04 06:00:00,"401,5773965475472","634,059998",1,1,2024-01-04
2024-01-04 07:00:00,"463,6842369464964","682,169983",1,1,2024-01-04
2024-01-04 08:00:00,"490,4121830955574","702,530029",1,1,2024-01-04
2024-01-04 09:00:00,"484,4947496416099","683,210022",1,1,2024-01-04
2024-01-04 10:00:00,"456,93455489460695","671,429993",1,1,2024-01-04
2024-01-04 11:00:00,"431,5182256952982","643,609985",1,1,2024-01-04
2024-01-04 12:00:00,"408,2474553632173","641,070007",1,1,2024-01-04
2024-01-04 13:00:00,"412,24582770159833","686,940002",1,1,2024-01-04
2024-01-04 14:00:00,"448,280252652194","735,48999",1,1,2024-01-04
2024-01-04 15:00:00,"481,7846917470627","788,51001",1,1,2024-01-04
2024-01-04 16:00:00,"516,4557483992396","993,599976",1,1,2024-01-04
2024-01-04 17:00:00,"518,4582229739322","1078,77002",1,1,2024-01-04
2024-01-04 18:00:00,"517,2436973073702","932,22998",1,1,2024-01-04
2024-01-04 19:00:00,"460,435986931523","772,549988",1,1,2024-01-04
2024-01-04 20:00:00,"423,2662177791355","745,859985",1,1,2024-01-04
2024-01-04 21:00:00,"396,47095750038994","707,450012",1,1,2024-01-04
2024-01-04 22:00:00,"311,95885434241364","662,47998",1,1,2024-01-04
2024-01-04 23:00:00,"278,09550524652394","642,059998",1,1,2024-01-04
2024-01-05 00:00:00,"259,6738855102738","600,51001",1,1,2024-01-05
2024-01-05 01:00:00,"228,00864734277394","574,409973",1,1,2024-01-05
2024-01-05 02:00:00,"225,12178206329105","546,059998",1,1,2024-01-05
2024-01-05 03:00:00,"224,87065513158302","552,330017",1,1,2024-01-05
2024-01-05 04:00:00,"221,3112907459979","567,099976",1,1,2024-01-05
2024-01-05 05:00:00,"251,3296191797365","604,169983",1,1,2024-01-05
2024-01-05 06:00:00,"336,3716280261376","648,919983",1,1,2024-01-05
2024-01-05 07:00:00,"383,9057106771206","668,090027",1,1,2024-01-05
2024-01-05 08:00:00,"391,76769667070965","708,070007",1,1,2024-01-05
2024-01-05 09:00:00,"379,11884803019007","718,140015",1,1,2024-01-05
2024-01-05 10:00:00,"361,9202191576009","732,609985",1,1,2024-01-05
2024-01-05 11:00:00,"345,01379342070305","688,01001",1,1,2024-01-05
2024-01-05 12:00:00,"329,2535922887103","682,780029",1,1,2024-01-05
2024-01-05 13:00:00,"326,88131319034454","719,109985",1,1,2024-01-05
2024-01-05 14:00:00,"341,17005466346393","746,26001",1,1,2024-01-05
2024-01-05 15:00:00,"375,0575741255613","768,039978",1,1,2024-01-05
2024-01-05 16:00:00,"406,0037885779065","800,929993",1,1,2024-01-05
2024-01-05 17:00:00,"411,64092326409263","808,909973",1,1,2024-01-05
2024-01-05 18:00:00,"384,9370663628978","775,419983",1,1,2024-01-05
2024-01-05 19:00:00,"354,50490624785544","746,559998",1,1,2024-01-05
2024-01-05 20:00:00,"335,5968881291761","702,549988",1,1,2024-01-05
2024-01-05 21:00:00,"344,9443090415104","708,0",1,1,2024-01-05
2024-01-05 22:00:00,"322,1008396721763","647,429993",1,1,2024-01-05
2024-01-05 23:00:00,"246,39414009296058","613,47998",1,1,2024-01-05
2024-01-06 00:00:00,"210,5644123473663","598,190002",1,1,2024-01-06
2024-01-06 01:00:00,"188,20519564890176","567,830017",1,1,2024-01-06
2024-01-06 02:00:00,"170,27767043243014","544,559998",1,1,2024-01-06
2024-01-06 03:00:00,"158,39299561658794","544,559998",1,1,2024-01-06
2024-01-06 04:00:00,"153,88642502742528","556,340027",1,1,2024-01-06
2024-01-06 05:00:00,"161,60126476171655","560,150024",1,1,2024-01-06
2024-01-06 06:00:00,"211,8959367733246","607,059998",1,1,2024-01-06
2024-01-06 07:00:00,"286,4146184156425","659,349976",1,1,2024-01-06
2024-01-06 08:00:00,"337,4336650393206","687,909973",1,1,2024-01-06
2024-01-06 09:00:00,"358,64696780521814","725,72998",1,1,2024-01-06
2024-01-06 10:00:00,"356,94149796212446","749,070007",1,1,2024-01-06
2024-01-06 11:00:00,"353,6523404103893","739,599976",1,1,2024-01-06
2024-01-06 12:00:00,"359,73635688129735","710,210022",1,1,2024-01-06
2024-01-06 13:00:00,"380,1587387242801","690,299988",1,1,2024-01-06
2024-01-06 14:00:00,"413,9488895524225","709,23999",1,1,2024-01-06
2024-01-06 15:00:00,"448,1667918723114","744,75",1,1,2024-01-06
2024-01-06 16:00:00,"495,69063938680745","780,849976",1,1,2024-01-06
2024-01-06 17:00:00,"523,1590183980816","774,51001",1,1,2024-01-06
2024-01-06 18:00:00,"510,60489854373606","740,719971",1,1,2024-01-06
2024-01-06 19:00:00,"470,5761404548899","687,909973",1,1,2024-01-06
2024-01-06 20:00:00,"433,92943072923464","656,359985",1,1,2024-01-06
2024-01-06 21:00:00,"383,15125628323676","647,039978",1,1,2024-01-06
2024-01-06 22:00:00,"315,47279902035706","596,919983",1,1,2024-01-06
2024-01-06 23:00:00,"276,97947095780756","642,570007",1,1,2024-01-06
2024-01-07 00:00:00,"214,21425792576204","615,049988",1,1,2024-01-07
2024-01-07 01:00:00,"189,90365718192672","573,72998",1,1,2024-01-07
2024-01-07 02:00:00,"160,41032714366503","561,48999",1,1,2024-01-07
2024-01-07 03:00:00,"145,92695143826947","546,950012",1,1,2024-01-07
2024-01-07 04:00:00,"134,82751469725608","550,309998",1,1,2024-01-07
2024-01-07 05:00:00,"142,74176069292943","560,450012",1,1,2024-01-07
2024-01-07 06:00:00,"153,755907053565","582,080017",1,1,2024-01-07
2024-01-07 07:00:00,"192,41950547518505","610,049988",1,1,2024-01-07
2024-01-07 08:00:00,"201,53629480117738","634,219971",1,1,2024-01-07
2024-01-07 09:00:00,"199,63451013886882","650,030029",1,1,2024-01-07
2024-01-07 10:00:00,"189,63854144036011","666,210022",1,1,2024-01-07
2024-01-07 11:00:00,"187,07337472559078","682,469971",1,1,2024-01-07
2024-01-07 12:00:00,"182,9163357293584","652,789978",1,1,2024-01-07
2024-01-07 13:00:00,"179,6244089850118","634,219971",1,1,2024-01-07
2024-01-07 14:00:00,"196,5716503659931","656,440002",1,1,2024-01-07
2024-01-07 15:00:00,"232,0064383651836","696,799988",1,1,2024-01-07
2024-01-07 16:00:00,"275,3050328563837","759,080017",1,1,2024-01-07
2024-01-07 17:00:00,"266,7427678528311","782,049988",1,1,2024-01-07
2024-01-07 18:00:00,"228,17624796369168","772,349976",1,1,2024-01-07
2024-01-07 19:00:00,"221,5917401188021","749,599976",1,1,2024-01-07
2024-01-07 20:00:00,"209,20597639473166","695,97998",1,1,2024-01-07
2024-01-07 21:00:00,"203,08269855135939","680,01001",1,1,2024-01-07
2024-01-07 22:00:00,"172,5084028136293","625,48999",1,1,2024-01-07
2024-01-07 23:00:00,"172,38253975680067","649,059998",1,1,2024-01-07
2024-01-08 00:00:00,"484,05332306144044","628,919983",1,2,2024-01-08
2024-01-08 01:00:00,"310,67240174663357","610,27002",1,2,2024-01-08
2024-01-08 02:00:00,"216,19090975393334","590,059998",1,2,2024-01-08
2024-01-08 03:00:00,"185,63733892784597","585,359985",1,2,2024-01-08
2024-01-08 04:00:00,"167,81569031663182","612,359985",1,2,2024-01-08
2024-01-08 05:00:00,"185,0462874177753","703,359985",1,2,2024-01-08
2024-01-08 06:00:00,"235,38095001535532","828,669983",1,2,2024-01-08
2024-01-08 07:00:00,"294,14972605814245","903,330017",1,2,2024-01-08
2024-01-08 08:00:00,"278,14695260308196","878,859985",1,2,2024-01-08
2024-01-08 09:00:00,"262,8516394714717","824,940002",1,2,2024-01-08
2024-01-08 10:00:00,"261,9289442176475","768,25",1,2,2024-01-08
2024-01-08 11:00:00,"235,4183764341935","712,309998",1,2,2024-01-08
2024-01-08 12:00:00,"232,8386245905291","701,349976",1,2,2024-01-08
2024-01-08 13:00:00,"259,1202840661269","763,25",1,2,2024-01-08
2024-01-08 14:00:00,"266,4860741011992","805,390015",1,2,2024-01-08
2024-01-08 15:00:00,"341,38607970302434","923,619995",1,2,2024-01-08
2024-01-08 16:00:00,"387,6402867968906","963,299988",1,2,2024-01-08
2024-01-08 17:00:00,"405,02337431315453","969,710022",1,2,2024-01-08
2024-01-08 18:00:00,"393,85024888492904","910,859985",1,2,2024-01-08
2024-01-08 19:00:00,"371,3305510199874","851,859985",1,2,2024-01-08
2024-01-08 20:00:00,"344,116841847563","766,97998",1,2,2024-01-08
2024-01-08 21:00:00,"330,4514042231865","745,719971",1,2,2024-01-08
2024-01-08 22:00:00,"285,3355419070111","682,400024",1,2,2024-01-08
2024-01-08 23:00:00,"234,84652621636405","657,710022",1,2,2024-01-08
2024-01-09 00:00:00,"215,28432840158746","649,359985",1,2,2024-01-09
2024-01-09 01:00:00,"204,3755466826267","634,140015",1,2,2024-01-09
2024-01-09 02:00:00,"197,78893250971706","627,719971",1,2,2024-01-09
2024-01-09 03:00:00,"194,71780058858485","639,51001",1,2,2024-01-09
2024-01-09 04:00:00,"202,99846951466316","666,070007",1,2,2024-01-09
2024-01-09 05:00:00,"282,4249084320688","809,530029",1,2,2024-01-09
2024-01-09 06:00:00,"345,8718772688803","925,539978",1,2,2024-01-09
2024-01-09 07:00:00,"379,23298547379704","994,030029",1,2,2024-01-09
2024-01-09 08:00:00,"387,57307873820423","902,039978",1,2,2024-01-09
2024-01-09 09:00:00,"385,67424741637154","844,450012",1,2,2024-01-09
2024-01-09 10:00:00,"393,4984614596294","789,169983",1,2,2024-01-09
2024-01-09 11:00:00,"394,8206337600724","747,690002",1,2,2024-01-09
2024-01-09 12:00:00,"391,0058910368275","752,159973",1,2,2024-01-09
2024-01-09 13:00:00,"397,1987475834574","827,289978",1,2,2024-01-09
2024-01-09 14:00:00,"428,30359372724104","890,780029",1,2,2024-01-09
2024-01-09 15:00:00,"489,1537513660318","953,820007",1,2,2024-01-09
2024-01-09 16:00:00,"527,8110805929514","1028,349976",1,2,2024-01-09
2024-01-09 17:00:00,"532,4609113096549","1028,050049",1,2,2024-01-09
2024-01-09 18:00:00,"516,3717318351682","973,070007",1,2,2024-01-09
2024-01-09 19:00:00,"477,0843882558911","897,039978",1,2,2024-01-09
2024-01-09 20:00:00,"439,0288046632839","833,179993",1,2,2024-01-09
2024-01-09 21:00:00,"405,88302304319956","792,150024",1,2,2024-01-09
2024-01-09 22:00:00,"354,0324175183489","724,340027",1,2,2024-01-09
2024-01-09 23:00:00,"307,03026394538324","665,900024",1,2,2024-01-09
2024-01-10 00:00:00,"287,178375156994","647,039978",1,2,2024-01-10
2024-01-10 01:00:00,"300,7796560746825","646,809998",1,2,2024-01-10
2024-01-10 02:00:00,"269,7408889910411","642,039978",1,2,2024-01-10
2024-01-10 03:00:00,"234,32150279190276","643,599976",1,2,2024-01-10
2024-01-10 04:00:00,"260,6836270129234","664,109985",1,2,2024-01-10
2024-01-10 05:00:00,"308,14530834997333","812,0",1,2,2024-01-10
2024-01-10 06:00:00,"394,9160698136386","941,840027",1,2,2024-01-10
2024-01-10 07:00:00,"463,5144791230356","1053,630005",1,2,2024-01-10
2024-01-10 08:00:00,"497,31213678015416","972,419983",1,2,2024-01-10
2024-01-10 09:00:00,"493,4060849376442","884,190002",1,2,2024-01-10
2024-01-10 10:00:00,"486,3493643732333","813,869995",1,2,2024-01-10
2024-01-10 11:00:00,"482,524883585699","762,26001",1,2,2024-01-10
2024-01-10 12:00:00,"477,01487509306014","787,609985",1,2,2024-01-10
2024-01-10 13:00:00,"493,19318905059924","842,059998",1,2,2024-01-10
2024-01-10 14:00:00,"519,5944121527442","923,27002",1,2,2024-01-10
2024-01-10 15:00:00,"546,6451969317143","1004,109985",1,2,2024-01-10
2024-01-10 16:00:00,"590,9904336102076","1072,349976",1,2,2024-01-10
2024-01-10 17:00:00,"598,3067467867385","1044,089966",1,2,2024-01-10
2024-01-10 18:00:00,"573,5369125428094","985,539978",1,2,2024-01-10
2024-01-10 19:00:00,"541,8572615649173","894,929993",1,2,2024-01-10
2024-01-10 20:00:00,"474,7421917288728","818,559998",1,2,2024-01-10
2024-01-10 21:00:00,"431,39258698147427","779,26001",1,2,2024-01-10
2024-01-10 22:00:00,"368,2017063584964","677,909973",1,2,2024-01-10
2024-01-10 23:00:00,"302,3269949919834","684,27002",1,2,2024-01-10
2024-01-11 00:00:00,"244,9748818359991","660,700012",1,2,2024-01-11
2024-01-11 01:00:00,"223,21960941216187","650,710022",1,2,2024-01-11
2024-01-11 02:00:00,"187,83567123084933","614,390015",1,2,2024-01-11
2024-01-11 03:00:00,"176,3574748660423","611,179993",1,2,2024-01-11
2024-01-11 04:00:00,"189,09950191804703","666,440002",1,2,2024-01-11
2024-01-11 05:00:00,"236,52016069926438","761,22998",1,2,2024-01-11
2024-01-11 06:00:00,"350,05123913483214","871,530029",1,2,2024-01-11
2024-01-11 07:00:00,"406,3526267534564","1051,569946",1,2,2024-01-11
2024-01-11 08:00:00,"414,8269706541673","963,27002",1,2,2024-01-11
2024-01-11 09:00:00,"411,05399335825393","847,590027",1,2,2024-01-11
2024-01-11 10:00:00,"379,17089085947055","794,119995",1,2,2024-01-11
2024-01-11 11:00:00,"360,95765085649407","741,169983",1,2,2024-01-11
2024-01-11 12:00:00,"321,4034394010898","738,340027",1,2,2024-01-11
2024-01-11 13:00:00,"339,7855399063034","790,390015",1,2,2024-01-11
2024-01-11 14:00:00,"361,59545771152494","879,73999",1,2,2024-01-11
2024-01-11 15:00:00,"400,23231822387874","1024,349976",1,2,2024-01-11
2024-01-11 16:00:00,"474,5981007612684","1119,359985",1,2,2024-01-11
2024-01-11 17:00:00,"530,7968244301808","1019,429993",1,2,2024-01-11
2024-01-11 18:00:00,"529,3659958085868","986,76001",1,2,2024-01-11
2024-01-11 19:00:00,"472,90583527284923","879,140015",1,2,2024-01-11
2024-01-11 20:00:00,"437,76180470323266","799,419983",1,2,2024-01-11
2024-01-11 21:00:00,"401,5611184225572","745,789978",1,2,2024-01-11
2024-01-11 22:00:00,"315,1719865329321","725,059998",1,2,2024-01-11
2024-01-11 23:00:00,"280,92575193912535","678,890015",1,2,2024-01-11
2024-01-12 00:00:00,"241,31302170642087","657,859985",1,2,2024-01-12
2024-01-12 01:00:00,"233,54731357549622","635,48999",1,2,2024-01-12
2024-01-12 02:00:00,"224,88863371120934","631,090027",1,2,2024-01-12
2024-01-12 03:00:00,"231,4752478841183","628,929993",1,2,2024-01-12
2024-01-12 04:00:00,"231,73891389491817","628,190002",1,2,2024-01-12
2024-01-12 05:00:00,"268,72546178179743","665,469971",1,2,2024-01-12
2024-01-12 06:00:00,"334,93281423331666","881,130005",1,2,2024-01-12
2024-01-12 07:00:00,"406,1678245064864","1049,51001",1,2,2024-01-12
2024-01-12 08:00:00,"418,2406955411031","1006,409973",1,2,2024-01-12
2024-01-12 09:00:00,"421,4159349446624","909,840027",1,2,2024-01-12
2024-01-12 10:00:00,"412,8935360946077","855,549988",1,2,2024-01-12
2024-01-12 11:00:00,"402,8447053623545","797,76001",1,2,2024-01-12
2024-01-12 12:00:00,"386,9146454465537","768,679993",1,2,2024-01-12
2024-01-12 13:00:00,"393,168930635932","779,559998",1,2,2024-01-12
2024-01-12 14:00:00,"441,4296884744113","820,280029",1,2,2024-01-12
2024-01-12 15:00:00,"478,4361379303293","894,849976",1,2,2024-01-12
2024-01-12 16:00:00,"520,7794000464713","950,780029",1,2,2024-01-12
2024-01-12 17:00:00,"556,4744058517394","939,590027",1,2,2024-01-12
2024-01-12 18:00:00,"505,4012246012085","890,900024",1,2,2024-01-12
2024-01-12 19:00:00,"440,286986966479","798,880005",1,2,2024-01-12
2024-01-12 20:00:00,"385,07060639632374","683,820007",1,2,2024-01-12
2024-01-12 21:00:00,"379,5491412076802","634,0",1,2,2024-01-12
2024-01-12 22:00:00,"341,82447786177397","615,140015",1,2,2024-01-12
2024-01-12 23:00:00,"277,9797696462536","544,869995",1,2,2024-01-12
2024-01-13 00:00:00,"254,65085458622224","558,140015",1,2,2024-01-13
2024-01-13 01:00:00,"242,4563226817198","549,200012",1,2,2024-01-13
2024-01-13 02:00:00,"219,7963216180542","532,190002",1,2,2024-01-13
2024-01-13 03:00:00,"212,94692608407297","538,679993",1,2,2024-01-13
2024-01-13 04:00:00,"229,89415779134467","512,51001",1,2,2024-01-13
2024-01-13 05:00:00,"226,915852816833","486,040009",1,2,2024-01-13
2024-01-13 06:00:00,"297,43799148071383","510,869995",1,2,2024-01-13
2024-01-13 07:00:00,"320,7144980810334","500,799988",1,2,2024-01-13
2024-01-13 08:00:00,"368,6617096785649","546,659973",1,2,2024-01-13
2024-01-13 09:00:00,"387,787880493182","537,039978",1,2,2024-01-13
2024-01-13 10:00:00,"396,5919667732145","529,289978",1,2,2024-01-13
2024-01-13 11:00:00,"401,9406787508133","521,609985",1,2,2024-01-13
2024-01-13 12:00:00,"401,7426289280757","474,779999",1,2,2024-01-13
2024-01-13 13:00:00,"420,6963645179467","506,390015",1,2,2024-01-13
2024-01-13 14:00:00,"453,0622633262185","511,609985",1,2,2024-01-13
2024-01-13 15:00:00,"502,8244325474716","527,789978",1,2,2024-01-13
2024-01-13 16:00:00,"559,4362855848236","553,450012",1,2,2024-01-13
2024-01-13 17:00:00,"581,1902347419281","565,299988",1,2,2024-01-13
2024-01-13 18:00:00,"563,7037633124346","550,460022",1,2,2024-01-13
2024-01-13 19:00:00,"530,7739808386071","544,799988",1,2,2024-01-13
2024-01-13 20:00:00,"493,6368337169241","528,909973",1,2,2024-01-13
2024-01-13 21:00:00,"446,2060895752976","479,470001",1,2,2024-01-13
2024-01-13 22:00:00,"393,9956825830597","470,970001",1,2,2024-01-13
2024-01-13 23:00:00,"364,5579683648567","477,420013",1,2,2024-01-13
2024-01-14 00:00:00,"300,4942030944567","463,179993",1,2,2024-01-14
2024-01-14 01:00:00,"247,66028547891187","469,290009",1,2,2024-01-14
2024-01-14 02:00:00,"238,66705941904516","477,350006",1,2,2024-01-14
2024-01-14 03:00:00,"232,08044524613572","482,269989",1,2,2024-01-14
2024-01-14 04:00:00,"229,68930491466827","486,220001",1,2,2024-01-14
2024-01-14 05:00:00,"228,20812594925056","501,950012",1,2,2024-01-14
2024-01-14 06:00:00,"237,48087487674286","534,390015",1,2,2024-01-14
2024-01-14 07:00:00,"270,1295341657972","572,280029",1,2,2024-01-14
2024-01-14 08:00:00,"276,21816590937254","605,090027",1,2,2024-01-14
2024-01-14 09:00:00,"279,3710746190804","601,289978",1,2,2024-01-14
2024-01-14 10:00:00,"279,5223701936626","610,309998",1,2,2024-01-14
2024-01-14 11:00:00,"278,69433511074396","599,5",1,2,2024-01-14
2024-01-14 12:00:00,"272,5952468103557","574,52002",1,2,2024-01-14
2024-01-14 13:00:00,"274,20994773110795","590,25",1,2,2024-01-14
2024-01-14 14:00:00,"288,2868546417326","613,890015",1,2,2024-01-14
2024-01-14 15:00:00,"323,83012342522403","645,960022",1,2,2024-01-14
2024-01-14 16:00:00,"341,99311730357493","685,030029",1,2,2024-01-14
2024-01-14 17:00:00,"348,5503041793274","705,76001",1,2,2024-01-14
2024-01-14 18:00:00,"313,1448005564087","635,809998",1,2,2024-01-14
2024-01-14 19:00:00,"300,3403326940529","589,580017",1,2,2024-01-14
2024-01-14 20:00:00,"274,0144203959573","586,150024",1,2,2024-01-14
2024-01-14 21:00:00,"274,4191775091682","562,210022",1,2,2024-01-14
2024-01-14 22:00:00,"238,86428613068952","501,059998",1,2,2024-01-14
2024-01-14 23:00:00,"255,61820256813795","506,350006",1,2,2024-01-14
2024-01-15 00:00:00,"346,47039183505694","484,730011",1,3,2024-01-15
2024-01-15 01:00:00,"246,66526191296074","476,820007",1,3,2024-01-15
2024-01-15 02:00:00,"215,17765564905994","462,649994",1,3,2024-01-15
2024-01-15 03:00:00,"191,88913642274585","462,649994",1,3,2024-01-15
2024-01-15 04:00:00,"180,39970242490236","516,419983",1,3,2024-01-15
2024-01-15 05:00:00,"214,25341483180796","596,219971",1,3,2024-01-15
2024-01-15 06:00:00,"288,2093778014405","625,22998",1,3,2024-01-15
2024-01-15 07:00:00,"327,4663861016271","740,52002",1,3,2024-01-15
2024-01-15 08:00:00,"345,43814451631187","747,900024",1,3,2024-01-15
2024-01-15 09:00:00,"348,7888387314991","707,549988",1,3,2024-01-15
2024-01-15 10:00:00,"318,4572260458315","673,099976",1,3,2024-01-15
2024-01-15 11:00:00,"310,62945216664497","625,369995",1,3,2024-01-15
2024-01-15 12:00:00,"298,2834246895208","612,619995",1,3,2024-01-15
2024-01-15 13:00:00,"302,20029586373374","630,150024",1,3,2024-01-15
2024-01-15 14:00:00,"335,3068548442504","666,98999",1,3,2024-01-15
2024-01-15 15:00:00,"411,8546725933058","745,140015",1,3,2024-01-15
2024-01-15 16:00:00,"465,0917705002345","813,450012",1,3,2024-01-15
2024-01-15 17:00:00,"503,90980351367244","861,849976",1,3,2024-01-15
2024-01-15 18:00:00,"496,55472212031754","825,22998",1,3,2024-01-15
2024-01-15 19:00:00,"468,99730968607844","769,22998",1,3,2024-01-15
2024-01-15 20:00:00,"445,2654708088605","693,159973",1,3,2024-01-15
2024-01-15 21:00:00,"427,3256181508806","667,359985",1,3,2024-01-15
2024-01-15 22:00:00,"394,91394589405655","644,539978",1,3,2024-01-15
2024-01-15 23:00:00,"366,39281652944794","607,469971",1,3,2024-01-15
2024-01-16 00:00:00,"343,04551977392754","607,099976",1,3,2024-01-16
2024-01-16 01:00:00,"338,02029327248647","597,179993",1,3,2024-01-16
2024-01-16 02:00:00,"304,57624680138343","583,679993",1,3,2024-01-16
2024-01-16 03:00:00,"285,59742629774087","578,679993",1,3,2024-01-16
2024-01-16 04:00:00,"292,230809853784","622,390015",1,3,2024-01-16
2024-01-16 05:00:00,"362,97967014040523","701,590027",1,3,2024-01-16
2024-01-16 06:00:00,"429,3460322012744","855,97998",1,3,2024-01-16
2024-01-16 07:00:00,"482,8815965177739","1119,849976",1,3,2024-01-16
2024-01-16 08:00:00,"496,91376897866877","1121,119995",1,3,2024-01-16
2024-01-16 09:00:00,"495,23229751124575","1039,670044",1,3,2024-01-16
2024-01-16 10:00:00,"487,39851099223375","871,940002",1,3,2024-01-16
2024-01-16 11:00:00,"481,8246898053379","771,400024",1,3,2024-01-16
2024-01-16 12:00:00,"478,63639178743284","708,380005",1,3,2024-01-16
2024-01-16 13:00:00,"495,0730829855543","715,98999",1,3,2024-01-16
2024-01-16 14:00:00,"516,8142827162602","822,27002",1,3,2024-01-16
2024-01-16 15:00:00,"589,5209074588217","830,77002",1,3,2024-01-16
2024-01-16 16:00:00,"630,6272889380484","955,77002",1,3,2024-01-16
2024-01-16 17:00:00,"631,2833677966717","949,5",1,3,2024-01-16
2024-01-16 18:00:00,"607,015376916907","833,599976",1,3,2024-01-16
2024-01-16 19:00:00,"570,7996543847702","712,179993",1,3,2024-01-16
2024-01-16 20:00:00,"533,9333456618132","642,969971",1,3,2024-01-16
2024-01-16 21:00:00,"508,5291518104052","611,869995",1,3,2024-01-16
2024-01-16 22:00:00,"438,8431116515911","579,429993",1,3,2024-01-16
2024-01-16 23:00:00,"386,8270946041322","506,070007",1,3,2024-01-16
2024-01-17 00:00:00,"365,3065796294032","502,269989",1,3,2024-01-17
2024-01-17 01:00:00,"361,94365616638646","495,779999",1,3,2024-01-17
2024-01-17 02:00:00,"349,47660370885427","489,220001",1,3,2024-01-17
2024-01-17 03:00:00,"349,11526828063757","487,429993",1,3,2024-01-17
2024-01-17 04:00:00,"358,4642972880431","487,209991",1,3,2024-01-17
2024-01-17 05:00:00,"396,7726719717129","499,209991",1,3,2024-01-17
2024-01-17 06:00:00,"487,40715065547613","591,23999",1,3,2024-01-17
2024-01-17 07:00:00,"600,7560874142505","715,929993",1,3,2024-01-17
2024-01-17 08:00:00,"631,4018547328955","767,159973",1,3,2024-01-17
2024-01-17 09:00:00,"613,2038003278394","797,289978",1,3,2024-01-17
2024-01-17 10:00:00,"592,7954390850236","802,890015",1,3,2024-01-17
2024-01-17 11:00:00,"571,6942234767915","877,840027",1,3,2024-01-17
2024-01-17 12:00:00,"573,9882045400827","907,590027",1,3,2024-01-17
2024-01-17 13:00:00,"610,8951128318762","907,890015",1,3,2024-01-17
2024-01-17 14:00:00,"643,005879167292","935,630005",1,3,2024-01-17
2024-01-17 15:00:00,"680,2474999464855","958,75",1,3,2024-01-17
2024-01-17 16:00:00,"728,9336632265641","1047,939941",1,3,2024-01-17
2024-01-17 17:00:00,"732,4474823359275","921,690002",1,3,2024-01-17
2024-01-17 18:00:00,"700,5624229634801","852,26001",1,3,2024-01-17
2024-01-17 19:00:00,"651,0218232750507","818,849976",1,3,2024-01-17
2024-01-17 20:00:00,"563,859154746536","753,890015",1,3,2024-01-17
2024-01-17 21:00:00,"518,6883067243576","703,099976",1,3,2024-01-17
2024-01-17 22:00:00,"446,2744861473135","627,710022",1,3,2024-01-17
2024-01-17 23:00:00,"425,86272910822913","606,580017",1,3,2024-01-17
2024-01-18 00:00:00,"388,5319182059157","575,780029",1,3,2024-01-18
2024-01-18 01:00:00,"354,21780072429806","561,530029",1,3,2024-01-18
2024-01-18 02:00:00,"336,12331364326076","558,700012",1,3,2024-01-18
2024-01-18 03:00:00,"334,1560580068779","578,539978",1,3,2024-01-18
2024-01-18 04:00:00,"364,72380145414473","604,119995",1,3,2024-01-18
2024-01-18 05:00:00,"419,4045713249836","680,570007",1,3,2024-01-18
2024-01-18 06:00:00,"501,4593080521061","831,969971",1,3,2024-01-18
2024-01-18 07:00:00,"602,4984465117677","938,919983",1,3,2024-01-18
2024-01-18 08:00:00,"628,9882549101225","911,179993",1,3,2024-01-18
2024-01-18 09:00:00,"600,2408109750706","827,119995",1,3,2024-01-18
2024-01-18 10:00:00,"559,5526305254914","805,119995",1,3,2024-01-18
2024-01-18 11:00:00,"531,7554769600825","697,719971",1,3,2024-01-18
2024-01-18 12:00:00,"511,38673861241125","653,48999",1,3,2024-01-18
2024-01-18 13:00:00,"515,0162553494364","644,619995",1,3,2024-01-18
2024-01-18 14:00:00,"548,5555239412926","702,940002",1,3,2024-01-18
2024-01-18 15:00:00,"653,6355996314088","742,25",1,3,2024-01-18
2024-01-18 16:00:00,"757,894989361558","780,72998",1,3,2024-01-18
2024-01-18 17:00:00,"779,0474392032205","770,140015",1,3,2024-01-18
2024-01-18 18:00:00,"733,1766819431858","705,030029",1,3,2024-01-18
2024-01-18 19:00:00,"651,68654092188","648,650024",1,3,2024-01-18
2024-01-18 20:00:00,"582,4070445352392","605,090027",1,3,2024-01-18
2024-01-18 21:00:00,"550,0957938723683","577,48999",1,3,2024-01-18
2024-01-18 22:00:00,"517,9344333232565","532,0",1,3,2024-01-18
2024-01-18 23:00:00,"482,38787038736785","510,089996",1,3,2024-01-18
2024-01-19 00:00:00,"450,5307994869744","487,269989",1,3,2024-01-19
2024-01-19 01:00:00,"439,1729008980639","477,649994",1,3,2024-01-19
2024-01-19 02:00:00,"416,36866688321527","468,029999",1,3,2024-01-19
2024-01-19 03:00:00,"410,9518583525189","472,209991",1,3,2024-01-19
2024-01-19 04:00:00,"407,8819484986658","491,079987",1,3,2024-01-19
2024-01-19 05:00:00,"425,9265027124427","564,830017",1,3,2024-01-19
2024-01-19 06:00:00,"511,7491916762917","639,330017",1,3,2024-01-19
2024-01-19 07:00:00,"586,5067980438954","776,030029",1,3,2024-01-19
2024-01-19 08:00:00,"640,0807885482886","767,0",1,3,2024-01-19
2024-01-19 09:00:00,"653,8049464795466","709,580017",1,3,2024-01-19
2024-01-19 10:00:00,"619,3808039044218","644,030029",1,3,2024-01-19
2024-01-19 11:00:00,"597,5141391035743","572,960022",1,3,2024-01-19
2024-01-19 12:00:00,"580,2494706458172","547,01001",1,3,2024-01-19
2024-01-19 13:00:00,"590,7615236555607","560,880005",1,3,2024-01-19
2024-01-19 14:00:00,"631,1897215042301","577,580017",1,3,2024-01-19
2024-01-19 15:00:00,"671,7330477350828","631,570007",1,3,2024-01-19
2024-01-19 16:00:00,"726,9227265305811","698,02002",1,3,2024-01-19
2024-01-19 17:00:00,"756,9629653916581","656,630005",1,3,2024-01-19
2024-01-19 18:00:00,"679,2366189890437","576,98999",1,3,2024-01-19
2024-01-19 19:00:00,"608,9451887813543","551,849976",1,3,2024-01-19
2024-01-19 20:00:00,"542,0676649870087","530,380005",1,3,2024-01-19
2024-01-19 21:00:00,"521,9655519597902","511,880005",1,3,2024-01-19
2024-01-19 22:00:00,"486,97718674065123","482,869995",1,3,2024-01-19
2024-01-19 23:00:00,"457,0926278211232","492,200012",1,3,2024-01-19
2024-01-20 00:00:00,"435,81245137025587","473,179993",1,3,2024-01-20
2024-01-20 01:00:00,"421,0381799951558","473,850006",1,3,2024-01-20
2024-01-20 02:00:00,"407,09555423210287","461,019989",1,3,2024-01-20
2024-01-20 03:00:00,"392,17657767854143","461,25",1,3,2024-01-20
2024-01-20 04:00:00,"388,2354217076037","460,5",1,3,2024-01-20
2024-01-20 05:00:00,"378,34500383957135","466,769989",1,3,2024-01-20
2024-01-20 06:00:00,"418,43326605701105","498,910004",1,3,2024-01-20
2024-01-20 07:00:00,"462,1546996810068","557,969971",1,3,2024-01-20
2024-01-20 08:00:00,"483,8931776174576","580,940002",1,3,2024-01-20
2024-01-20 09:00:00,"490,9108235180806","535,450012",1,3,2024-01-20
2024-01-20 10:00:00,"490,0203122204501","527,77002",1,3,2024-01-20
2024-01-20 11:00:00,"488,6399611210539","505,100006",1,3,2024-01-20
2024-01-20 12:00:00,"476,0109094373185","512,929993",1,3,2024-01-20
2024-01-20 13:00:00,"491,42408551000466","547,309998",1,3,2024-01-20
2024-01-20 14:00:00,"515,7798936509757","589,960022",1,3,2024-01-20
2024-01-20 15:00:00,"568,2793464828171","654,77002",1,3,2024-01-20
2024-01-20 16:00:00,"624,1414141229733","707,940002",1,3,2024-01-20
2024-01-20 17:00:00,"626,8991284483812","744,780029",1,3,2024-01-20
2024-01-20 18:00:00,"600,6782288079687","682,880005",1,3,2024-01-20
2024-01-20 19:00:00,"564,1183237784963","596,599976",1,3,2024-01-20
2024-01-20 20:00:00,"544,5638602866527","547,309998",1,3,2024-01-20
2024-01-20 21:00:00,"523,3766007233545","525,159973",1,3,2024-01-20
2024-01-20 22:00:00,"490,6846337153516","499,579987",1,3,2024-01-20
2024-01-20 23:00:00,"470,56627307906876","445,26001",1,3,2024-01-20
2024-01-21 00:00:00,"439,99142172929476","429,230011",1,3,2024-01-21
2024-01-21 01:00:00,"407,8830751262295","411,329987",1,3,2024-01-21
2024-01-21 02:00:00,"385,5786763903978","379,549988",1,3,2024-01-21
2024-01-21 03:00:00,"376,87829594819607","361,799988",1,3,2024-01-21
2024-01-21 04:00:00,"376,4941206900327","353,899994",1,3,2024-01-21
2024-01-21 05:00:00,"384,01347980349465","339,579987",1,3,2024-01-21
2024-01-21 06:00:00,"391,9975443733679","327,869995",1,3,2024-01-21
2024-01-21 07:00:00,"406,11245839301176","383,059998",1,3,2024-01-21
2024-01-21 08:00:00,"421,13265501079957","405,429993",1,3,2024-01-21
2024-01-21 09:00:00,"438,33398881608287","343,529999",1,3,2024-01-21
2024-01-21 10:00:00,"440,79793056349126","363,0",1,3,2024-01-21
2024-01-21 11:00:00,"438,6851453899102","287,0",1,3,2024-01-21
2024-01-21 12:00:00,"425,22743365628526","281,100006",1,3,2024-01-21
2024-01-21 13:00:00,"431,2080439468166","330,399994",1,3,2024-01-21
2024-01-21 14:00:00,"443,76406601888107","365,76001",1,3,2024-01-21
2024-01-21 15:00:00,"472,97027141645134","371,649994",1,3,2024-01-21
2024-01-21 16:00:00,"509,0665612547678","422,51001",1,3,2024-01-21
2024-01-21 17:00:00,"522,7276134466819","458,309998",1,3,2024-01-21
2024-01-21 18:00:00,"505,9837326911675","437,359985",1,3,2024-01-21
2024-01-21 19:00:00,"481,13061252366373","384,100006",1,3,2024-01-21
2024-01-21 20:00:00,"456,1856992398132","391,26001",1,3,2024-01-21
2024-01-21 21:00:00,"444,77517545840357","375,829987",1,3,2024-01-21
2024-01-21 22:00:00,"414,1000003251643","294,309998",1,3,2024-01-21
2024-01-21 23:00:00,"402,8435319419175","273,420013",1,3,2024-01-21
2024-01-22 00:00:00,"346,0213516420099","165,869995",1,4,2024-01-22
2024-01-22 01:00:00,"365,50363103111505","138,869995",1,4,2024-01-22
2024-01-22 02:00:00,"361,7283156840131","37,59",1,4,2024-01-22
2024-01-22 03:00:00,"361,72828536707544","37,740002",1,4,2024-01-22
2024-01-22 04:00:00,"379,8299868611985","149,169998",1,4,2024-01-22
2024-01-22 05:00:00,"404,61885277845164","302,059998",1,4,2024-01-22
2024-01-22 06:00:00,"433,40934387758216","451,01001",1,4,2024-01-22
2024-01-22 07:00:00,"484,55789720637745","495,829987",1,4,2024-01-22
2024-01-22 08:00:00,"509,2656456762844","429,450012",1,4,2024-01-22
2024-01-22 09:00:00,"505,3793754953158","459,059998",1,4,2024-01-22
2024-01-22 10:00:00,"489,9653239894395","451,970001",1,4,2024-01-22
2024-01-22 11:00:00,"469,4111226130185","424,529999",1,4,2024-01-22
2024-01-22 12:00:00,"459,6287801413189","423,040009",1,4,2024-01-22
2024-01-22 13:00:00,"470,97277650968016","434,299988",1,4,2024-01-22
2024-01-22 14:00:00,"492,55380047443646","445,48999",1,4,2024-01-22
2024-01-22 15:00:00,"576,1140615452424","447,429993",1,4,2024-01-22
2024-01-22 16:00:00,"653,5055125577745","461,299988",1,4,2024-01-22
2024-01-22 17:00:00,"685,7318021005542","455,179993",1,4,2024-01-22
2024-01-22 18:00:00,"674,7040673347458","447,720001",1,4,2024-01-22
2024-01-22 19:00:00,"629,9226107028977","444,519989",1,4,2024-01-22
2024-01-22 20:00:00,"587,1103445546214","425,119995",1,4,2024-01-22
2024-01-22 21:00:00,"575,4113845532958","416,850006",1,4,2024-01-22
2024-01-22 22:00:00,"540,6833436718887","372,019989",1,4,2024-01-22
2024-01-22 23:00:00,"510,4099081801177","121,040001",1,4,2024-01-22
2024-01-23 00:00:00,"475,30773123654285","75,330002",1,4,2024-01-23
2024-01-23 01:00:00,"466,58167402722586","69,879997",1,4,2024-01-23
2024-01-23 02:00:00,"456,2834189783446","31,1",1,4,2024-01-23
2024-01-23 03:00:00,"444,0834032742519","76,220001",1,4,2024-01-23
2024-01-23 04:00:00,"447,0036546550037","292,579987",1,4,2024-01-23
2024-01-23 05:00:00,"534,4791972618531","439,940002",1,4,2024-01-23
2024-01-23 06:00:00,"674,4211114572842","454,410004",1,4,2024-01-23
2024-01-23 07:00:00,"783,8590078851403","461,649994",1,4,2024-01-23
2024-01-23 08:00:00,"828,3882725645248","455,76001",1,4,2024-01-23
2024-01-23 09:00:00,"818,6558856810218","447,25",1,4,2024-01-23
2024-01-23 10:00:00,"776,6756224298601","443,299988",1,4,2024-01-23
2024-01-23 11:00:00,"727,7572131832504","441,059998",1,4,2024-01-23
2024-01-23 12:00:00,"691,2831397526361","443,230011",1,4,2024-01-23
2024-01-23 13:00:00,"718,3121270458234","461,649994",1,4,2024-01-23
2024-01-23 14:00:00,"764,2764202345703","468,059998",1,4,2024-01-23
2024-01-23 15:00:00,"814,5998948130806","494,390015",1,4,2024-01-23
2024-01-23 16:00:00,"858,7544837788831","510,570007",1,4,2024-01-23
2024-01-23 17:00:00,"813,0344468495758","498,040009",1,4,2024-01-23
2024-01-23 18:00:00,"749,2693708376839","472,390015",1,4,2024-01-23
2024-01-23 19:00:00,"676,097431654145","450,910004",1,4,2024-01-23
2024-01-23 20:00:00,"605,5702925967798","400,790009",1,4,2024-01-23
2024-01-23 21:00:00,"559,1416026387851","338,290009",1,4,2024-01-23
2024-01-23 22:00:00,"503,43888827067394","248,050003",1,4,2024-01-23
2024-01-23 23:00:00,"446,17605563769246","22,74",1,4,2024-01-23
2024-01-24 00:00:00,"415,3005671721304","-0,22",1,4,2024-01-24
2024-01-24 01:00:00,"403,4660960250129","0,0",1,4,2024-01-24
2024-01-24 02:00:00,"390,8628306163185","-0,07",1,4,2024-01-24
2024-01-24 03:00:00,"386,0893223694297","-0,15",1,4,2024-01-24
2024-01-24 04:00:00,"390,7288347943471","-1,34",1,4,2024-01-24
2024-01-24 05:00:00,"422,7251479193298","110,07",1,4,2024-01-24
2024-01-24 06:00:00,"521,1717558377119","313,869995",1,4,2024-01-24
2024-01-24 07:00:00,"635,5783218917265","373,380005",1,4,2024-01-24
2024-01-24 08:00:00,"670,4917557037264","369,429993",1,4,2024-01-24
2024-01-24 09:00:00,"662,8503412253262","373,600006",1,4,2024-01-24
2024-01-24 10:00:00,"650,9146573737828","378,670013",1,4,2024-01-24
2024-01-24 11:00:00,"642,642992318813","293,209991",1,4,2024-01-24
2024-01-24 12:00:00,"644,7634707066455","271,73999",1,4,2024-01-24
2024-01-24 13:00:00,"671,165371684538","335,869995",1,4,2024-01-24
2024-01-24 14:00:00,"714,8517514201594","372,480011",1,4,2024-01-24
2024-01-24 15:00:00,"759,0922030284108","378,820007",1,4,2024-01-24
2024-01-24 16:00:00,"807,9316483493811","404,25",1,4,2024-01-24
2024-01-24 17:00:00,"800,8508856298378","397,609985",1,4,2024-01-24
2024-01-24 18:00:00,"764,4584666871594","373,529999",1,4,2024-01-24
2024-01-24 19:00:00,"714,1614595573567","314,540009",1,4,2024-01-24
2024-01-24 20:00:00,"661,5903966193955","298,579987",1,4,2024-01-24
2024-01-24 21:00:00,"620,8079579803928","313,269989",1,4,2024-01-24
2024-01-24 22:00:00,"575,3444294286069","287,320007",1,4,2024-01-24
2024-01-24 23:00:00,"549,625539726674","330,630005",1,4,2024-01-24
2024-01-25 00:00:00,"517,4220183755891","335,98999",1,4,2024-01-25
2024-01-25 01:00:00,"474,22557976748755","323,170013",1,4,2024-01-25
2024-01-25 02:00:00,"450,4706833976925","334,950012",1,4,2024-01-25
2024-01-25 03:00:00,"451,66657783072077","344,640015",1,4,2024-01-25
2024-01-25 04:00:00,"485,72695209207507","390,579987",1,4,2024-01-25
2024-01-25 05:00:00,"563,6487584445811","432,709991",1,4,2024-01-25
2024-01-25 06:00:00,"679,7114490801408","492,51001",1,4,2024-01-25
2024-01-25 07:00:00,"768,9688452436974","663,789978",1,4,2024-01-25
2024-01-25 08:00:00,"807,7555086468876","635,679993",1,4,2024-01-25
2024-01-25 09:00:00,"770,972718010254","606,599976",1,4,2024-01-25
2024-01-25 10:00:00,"742,1242970462353","568,340027",1,4,2024-01-25
2024-01-25 11:00:00,"694,2277329651082","545,450012",1,4,2024-01-25
2024-01-25 12:00:00,"677,4725688322321","566,630005",1,4,2024-01-25
2024-01-25 13:00:00,"697,1624530356411","633,659973",1,4,2024-01-25
2024-01-25 14:00:00,"753,1158416490633","686,530029",1,4,2024-01-25
2024-01-25 15:00:00,"824,3926653679212","755,950012",1,4,2024-01-25
2024-01-25 16:00:00,"941,5090834503613","920,0",1,4,2024-01-25
2024-01-25 17:00:00,"965,6166670129691","861,539978",1,4,2024-01-25
2024-01-25 18:00:00,"903,4500648257997","736,640015",1,4,2024-01-25
2024-01-25 19:00:00,"812,2219711234087","679,070007",1,4,2024-01-25
2024-01-25 20:00:00,"748,614646695937","643,580017",1,4,2024-01-25
2024-01-25 21:00:00,"705,7507644477148","599,73999",1,4,2024-01-25
2024-01-25 22:00:00,"663,7197221415944","560,440002",1,4,2024-01-25
2024-01-25 23:00:00,"631,4935186175256","468,200012",1,4,2024-01-25
2024-01-26 00:00:00,"594,2355765158665","461,940002",1,4,2024-01-26
2024-01-26 01:00:00,"571,3289790862268","436,070007",1,4,2024-01-26
2024-01-26 02:00:00,"555,8524037554615","408,480011",1,4,2024-01-26
2024-01-26 03:00:00,"547,3073980063285","355,029999",1,4,2024-01-26
2024-01-26 04:00:00,"555,7025545441244","377,619995",1,4,2024-01-26
2024-01-26 05:00:00,"600,4242781234179","419,519989",1,4,2024-01-26
2024-01-26 06:00:00,"699,7123769254807","469,470001",1,4,2024-01-26
2024-01-26 07:00:00,"812,0438415485582","484,149994",1,4,2024-01-26
2024-01-26 08:00:00,"845,6186399573048","475,660004",1,4,2024-01-26
2024-01-26 09:00:00,"848,7173738359668","456,420013",1,4,2024-01-26
2024-01-26 10:00:00,"815,4786051444087","437,929993",1,4,2024-01-26
2024-01-26 11:00:00,"761,6471965562242","389,769989",1,4,2024-01-26
2024-01-26 12:00:00,"719,8709963574348","346,450012",1,4,2024-01-26
2024-01-26 13:00:00,"722,5216712032527","367,399994",1,4,2024-01-26
2024-01-26 14:00:00,"771,6873646135011","373,589996",1,4,2024-01-26
2024-01-26 15:00:00,"840,6710672016022","393,200012",1,4,2024-01-26
2024-01-26 16:00:00,"858,9513442136948","427,720001",1,4,2024-01-26
2024-01-26 17:00:00,"860,2376610170196","412,140015",1,4,2024-01-26
2024-01-26 18:00:00,"805,8894577585511","406,540009",1,4,2024-01-26
2024-01-26 19:00:00,"742,1572247820185","404,980011",1,4,2024-01-26
2024-01-26 20:00:00,"664,5030007547568","405,200012",1,4,2024-01-26
2024-01-26 21:00:00,"626,1147790102566","405,5",1,4,2024-01-26
2024-01-26 22:00:00,"587,8029756680196","400,429993",1,4,2024-01-26
2024-01-26 23:00:00,"572,936740056161","405,869995",1,4,2024-01-26
2024-01-27 00:00:00,"559,924676863801","410,26001",1,4,2024-01-27
2024-01-27 01:00:00,"546,4842003251343","419,059998",1,4,2024-01-27
2024-01-27 02:00:00,"533,5399129703031","410,410004",1,4,2024-01-27
2024-01-27 03:00:00,"533,6828104475767","415,559998",1,4,2024-01-27
2024-01-27 04:00:00,"531,2205105335139","423,679993",1,4,2024-01-27
2024-01-27 05:00:00,"526,4746579136591","426,73999",1,4,2024-01-27
2024-01-27 06:00:00,"546,1318367686845","431,359985",1,4,2024-01-27
2024-01-27 07:00:00,"583,2744175581571","433,380005",1,4,2024-01-27
2024-01-27 08:00:00,"600,59264092338","436,130005",1,4,2024-01-27
2024-01-27 09:00:00,"597,3957388575379","433,899994",1,4,2024-01-27
2024-01-27 10:00:00,"593,232524343684","422,040009",1,4,2024-01-27
2024-01-27 11:00:00,"587,0862679109098","416,299988",1,4,2024-01-27
2024-01-27 12:00:00,"568,6766138345189","401,690002",1,4,2024-01-27
2024-01-27 13:00:00,"574,0978843594336","440,910004",1,4,2024-01-27
2024-01-27 14:00:00,"590,699442556168","432,029999",1,4,2024-01-27
2024-01-27 15:00:00,"616,6987002056835","439,339996",1,4,2024-01-27
2024-01-27 16:00:00,"646,6796641512763","460,359985",1,4,2024-01-27
2024-01-27 17:00:00,"654,4918546466032","457,079987",1,4,2024-01-27
2024-01-27 18:00:00,"638,0198371503976","443,070007",1,4,2024-01-27
2024-01-27 19:00:00,"612,5737618580926","433,970001",1,4,2024-01-27
2024-01-27 20:00:00,"585,3839504352859","431,290009",1,4,2024-01-27
2024-01-27 21:00:00,"565,6096030593233","430,390015",1,4,2024-01-27
2024-01-27 22:00:00,"539,3300973161075","429,5",1,4,2024-01-27
2024-01-27 23:00:00,"542,676011263566","497,75",1,4,2024-01-27
2024-01-28 00:00:00,"522,2858383547721","438,339996",1,4,2024-01-28
2024-01-28 01:00:00,"500,5661080294213","434,309998",1,4,2024-01-28
2024-01-28 02:00:00,"482,060933059547","430,290009",1,4,2024-01-28
2024-01-28 03:00:00,"469,56615216451155","431,399994",1,4,2024-01-28
2024-01-28 04:00:00,"469,56615216451155","429,609985",1,4,2024-01-28
2024-01-28 05:00:00,"475,5042803358927","430,290009",1,4,2024-01-28
2024-01-28 06:00:00,"476,9713445844731","439,679993",1,4,2024-01-28
2024-01-28 07:00:00,"492,0732063204004","441,320007",1,4,2024-01-28
2024-01-28 08:00:00,"513,4924112886038","410,609985",1,4,2024-01-28
2024-01-28 09:00:00,"517,6893175657942","381,380005",1,4,2024-01-28
2024-01-28 10:00:00,"527,2358221473598","341,049988",1,4,2024-01-28
2024-01-28 11:00:00,"517,7284062655378","309,970001",1,4,2024-01-28
2024-01-28 12:00:00,"502,22857033815797","298,859985",1,4,2024-01-28
2024-01-28 13:00:00,"498,94972415694315","377,579987",1,4,2024-01-28
2024-01-28 14:00:00,"513,2033061379484","420,519989",1,4,2024-01-28
2024-01-28 15:00:00,"537,113802082765","431,850006",1,4,2024-01-28
2024-01-28 16:00:00,"589,2251143796144","431,329987",1,4,2024-01-28
2024-01-28 17:00:00,"615,7476233703613","427,380005",1,4,2024-01-28
2024-01-28 18:00:00,"604,8477121904203","422,01001",1,4,2024-01-28
2024-01-28 19:00:00,"570,9385732543091","405,089996",1,4,2024-01-28
2024-01-28 20:00:00,"555,4158725535843","400,98999",1,4,2024-01-28
2024-01-28 21:00:00,"541,425089837507","400,390015",1,4,2024-01-28
2024-01-28 22:00:00,"507,9939266037224","392,790009",1,4,2024-01-28
2024-01-28 23:00:00,"482,03042790920364","363,339996",1,4,2024-01-28
2024-04-01 00:00:00,"391,2333258997251","343,549988",2,1,2024-04-01
2024-04-01 01:00:00,"409,4614279739041","325,049988",2,1,2024-04-01
2024-04-01 02:00:00,"419,68588945749826","368,459991",2,1,2024-04-01
2024-04-01 03:00:00,"439,1350737147485","390,459991",2,1,2024-04-01
2024-04-01 04:00:00,"466,18458092854553","437,899994",2,1,2024-04-01
2024-04-01 05:00:00,"556,5235378909607","481,01001",2,1,2024-04-01
2024-04-01 06:00:00,"675,4053688286882","437,899994",2,1,2024-04-01
2024-04-01 07:00:00,"668,8595818396321","454,160004",2,1,2024-04-01
2024-04-01 08:00:00,"619,3597413899162","405,450012",2,1,2024-04-01
2024-04-01 09:00:00,"566,5653492916629","334,0",2,1,2024-04-01
2024-04-01 10:00:00,"525,9918600495738","363,609985",2,1,2024-04-01
2024-04-01 11:00:00,"496,6424532241112","262,470001",2,1,2024-04-01
2024-04-01 12:00:00,"488,5656248201117","253,740005",2,1,2024-04-01
2024-04-01 13:00:00,"486,9659191538603","325,799988",2,1,2024-04-01
2024-04-01 14:00:00,"514,0296488284849","331,170013",2,1,2024-04-01
2024-04-01 15:00:00,"557,774379347896","304,089996",2,1,2024-04-01
2024-04-01 16:00:00,"696,5757143602444","364,429993",2,1,2024-04-01
2024-04-01 17:00:00,"904,0286279837576","373,529999",2,1,2024-04-01
2024-04-01 18:00:00,"930,1130173579566","381,290009",2,1,2024-04-01
2024-04-01 19:00:00,"804,7226361655249","365,399994",2,1,2024-04-01
2024-04-01 20:00:00,"704,2505433733298","305,809998",2,1,2024-04-01
2024-04-01 21:00:00,"624,545847570149","221,0",2,1,2024-04-01
2024-04-01 22:00:00,"572,8385510673667","323,410004",2,1,2024-04-01
2024-04-01 23:00:00,"561,7119032247192","270,970001",2,1,2024-04-01
2024-04-02 00:00:00,"536,5686543092779","122,769997",2,1,2024-04-02
2024-04-02 01:00:00,"529,2820502784513","56,240002",2,1,2024-04-02
2024-04-02 02:00:00,"512,993589575539","14,47",2,1,2024-04-02
2024-04-02 03:00:00,"500,279807025528","54,220001",2,1,2024-04-02
2024-04-02 04:00:00,"508,7982485867328","426,790009",2,1,2024-04-02
2024-04-02 05:00:00,"563,3613525615615","554,630005",2,1,2024-04-02
2024-04-02 06:00:00,"649,1857516139764","514,130005",2,1,2024-04-02
2024-04-02 07:00:00,"635,2213580621033","350,410004",2,1,2024-04-02
2024-04-02 08:00:00,"573,4931797277474","285,589996",2,1,2024-04-02
2024-04-02 09:00:00,"530,9407372195861","293,130005",2,1,2024-04-02
2024-04-02 10:00:00,"482,6406239289685","298,869995",2,1,2024-04-02
2024-04-02 11:00:00,"439,7362027070651","325,420013",2,1,2024-04-02
2024-04-02 12:00:00,"424,20858332980464","248,970001",2,1,2024-04-02
2024-04-02 13:00:00,"436,34696871376553","187,210007",2,1,2024-04-02
2024-04-02 14:00:00,"474,79038675201707","65,860001",2,1,2024-04-02
2024-04-02 15:00:00,"549,5422450274114","309,23999",2,1,2024-04-02
2024-04-02 16:00:00,"675,1807544363965","542,25",2,1,2024-04-02
2024-04-02 17:00:00,"781,2820276383896","711,48999",2,1,2024-04-02
2024-04-02 18:00:00,"816,0575702741255","707,679993",2,1,2024-04-02
2024-04-02 19:00:00,"742,9164648821863","582,75",2,1,2024-04-02
2024-04-02 20:00:00,"669,5668725461128","558,359985",2,1,2024-04-02
2024-04-02 21:00:00,"607,2318773674139","528,669983",2,1,2024-04-02
2024-04-02 22:00:00,"554,6599150125252","552,840027",2,1,2024-04-02
2024-04-02 23:00:00,"524,6594233469049","535,090027",2,1,2024-04-02
2024-04-03 00:00:00,"493,9212288074785","522,419983",2,1,2024-04-03
2024-04-03 01:00:00,"479,6591154719125","482,220001",2,1,2024-04-03
2024-04-03 02:00:00,"474,97806932436623","483,929993",2,1,2024-04-03
2024-04-03 03:00:00,"477,69529486601607","512,570007",2,1,2024-04-03
2024-04-03 04:00:00,"507,91541618906524","707,820007",2,1,2024-04-03
2024-04-03 05:00:00,"599,2778407539322","879,48999",2,1,2024-04-03
2024-04-03 06:00:00,"666,7700946220042","879,48999",2,1,2024-04-03
2024-04-03 07:00:00,"651,598209954982","753,080017",2,1,2024-04-03
2024-04-03 08:00:00,"575,1470428784962","800,590027",2,1,2024-04-03
2024-04-03 09:00:00,"528,9289957446618","677,23999",2,1,2024-04-03
2024-04-03 10:00:00,"499,34319031819905","611,76001",2,1,2024-04-03
2024-04-03 11:00:00,"473,99430785179595","573,349976",2,1,2024-04-03
2024-04-03 12:00:00,"471,99489679887495","544,710022",2,1,2024-04-03
2024-04-03 13:00:00,"475,6302182488656","438,290009",2,1,2024-04-03
2024-04-03 14:00:00,"498,9955148750766","454,700012",2,1,2024-04-03
2024-04-03 15:00:00,"536,7868672134811","524,359985",2,1,2024-04-03
2024-04-03 16:00:00,"665,898475422895","633,909973",2,1,2024-04-03
2024-04-03 17:00:00,"782,2890526337903","794,919983",2,1,2024-04-03
2024-04-03 18:00:00,"785,187041190631","739,359985",2,1,2024-04-03
2024-04-03 19:00:00,"711,26947285728","557,169983",2,1,2024-04-03
2024-04-03 20:00:00,"636,8992010912627","458,579987",2,1,2024-04-03
2024-04-03 21:00:00,"591,5211560091274","412,640015",2,1,2024-04-03
2024-04-03 22:00:00,"535,765662879463","406,619995",2,1,2024-04-03
2024-04-03 23:00:00,"518,5363078059431","387,899994",2,1,2024-04-03
2024-04-04 00:00:00,"483,79694066735783","374,179993",2,1,2024-04-04
2024-04-04 01:00:00,"455,88710735885564","384,619995",2,1,2024-04-04
2024-04-04 02:00:00,"442,8299060345834","387,380005",2,1,2024-04-04
2024-04-04 03:00:00,"437,193609946388","403,339996",2,1,2024-04-04
2024-04-04 04:00:00,"443,6867216801255","454,200012",2,1,2024-04-04
2024-04-04 05:00:00,"499,31383756274096","488,290009",2,1,2024-04-04
2024-04-04 06:00:00,"562,2087448912746","561,830017",2,1,2024-04-04
2024-04-04 07:00:00,"592,3893123006925","535,419983",2,1,2024-04-04
2024-04-04 08:00:00,"535,684520497178","515,880005",2,1,2024-04-04
2024-04-04 09:00:00,"487,1735022401167","470,309998",2,1,2024-04-04
2024-04-04 10:00:00,"433,5217094269555","433,170013",2,1,2024-04-04
2024-04-04 11:00:00,"375,51628169338295","419,299988",2,1,2024-04-04
2024-04-04 12:00:00,"343,19064655141483","413,850006",2,1,2024-04-04
2024-04-04 13:00:00,"334,13143385275526","418,929993",2,1,2024-04-04
2024-04-04 14:00:00,"351,9951756455351","425,709991",2,1,2024-04-04
2024-04-04 15:00:00,"412,598220927145","515,210022",2,1,2024-04-04
2024-04-04 16:00:00,"517,9721213897477","562,049988",2,1,2024-04-04
2024-04-04 17:00:00,"651,3091802790163","674,820007",2,1,2024-04-04
2024-04-04 18:00:00,"655,7996194667412","520,580017",2,1,2024-04-04
2024-04-04 19:00:00,"586,2187402210476","460,390015",2,1,2024-04-04
2024-04-04 20:00:00,"508,79844767020944","439,440002",2,1,2024-04-04
2024-04-04 21:00:00,"433,61545302187216","430,109985",2,1,2024-04-04
2024-04-04 22:00:00,"376,49585623031066","394,190002",2,1,2024-04-04
2024-04-04 23:00:00,"312,03032680533306","381,890015",2,1,2024-04-04
2024-04-05 00:00:00,"275,2159998594733","372,559998",2,1,2024-04-05
2024-04-05 01:00:00,"245,76549724012875","357,350006",2,1,2024-04-05
2024-04-05 02:00:00,"229,14794819347907","353,320007",2,1,2024-04-05
2024-04-05 03:00:00,"239,73718007497445","352,720001",2,1,2024-04-05
2024-04-05 04:00:00,"274,8282126098708","448,720001",2,1,2024-04-05
2024-04-05 05:00:00,"330,74235713701194","572,75",2,1,2024-04-05
2024-04-05 06:00:00,"367,8387399896688","596,700012",2,1,2024-04-05
2024-04-05 07:00:00,"382,2170667019736","504,130005",2,1,2024-04-05
2024-04-05 08:00:00,"353,97915264603864","376,660004",2,1,2024-04-05
2024-04-05 09:00:00,"339,6355365802436","339,670013",2,1,2024-04-05
2024-04-05 10:00:00,"317,14840228107965","331,390015",2,1,2024-04-05
2024-04-05 11:00:00,"279,9644095315111","298,570007",2,1,2024-04-05
2024-04-05 12:00:00,"267,14411565392567","276,48999",2,1,2024-04-05
2024-04-05 13:00:00,"297,03291303293963","176,699997",2,1,2024-04-05
2024-04-05 14:00:00,"320,3246809140044","60,34",2,1,2024-04-05
2024-04-05 15:00:00,"383,88637970827074","279,399994",2,1,2024-04-05
2024-04-05 16:00:00,"443,6816085277586","370,320007",2,1,2024-04-05
2024-04-05 17:00:00,"501,9227114302306","398,299988",2,1,2024-04-05
2024-04-05 18:00:00,"551,6998159591288","402,170013",2,1,2024-04-05
2024-04-05 19:00:00,"545,0742523303287","398,299988",2,1,2024-04-05
2024-04-05 20:00:00,"517,4065340675255","393,299988",2,1,2024-04-05
2024-04-05 21:00:00,"480,43511198072355","370,100006",2,1,2024-04-05
2024-04-05 22:00:00,"455,8857059202825","315,579987",2,1,2024-04-05
2024-04-05 23:00:00,"448,47330760175197","326,549988",2,1,2024-04-05
2024-04-06 00:00:00,"421,3516544440779","328,190002",2,1,2024-04-06
2024-04-06 01:00:00,"406,5158777439325","334,679993",2,1,2024-04-06
2024-04-06 02:00:00,"393,63581944921424","354,369995",2,1,2024-04-06
2024-04-06 03:00:00,"389,6054602352169","359,890015",2,1,2024-04-06
2024-04-06 04:00:00,"392,8036077491108","372,5",2,1,2024-04-06
2024-04-06 05:00:00,"394,6562423750552","382,339996",2,1,2024-04-06
2024-04-06 06:00:00,"389,03129358608203","374,660004",2,1,2024-04-06
2024-04-06 07:00:00,"358,53127434251024","359,890015",2,1,2024-04-06
2024-04-06 08:00:00,"302,2076997577412","219,440002",2,1,2024-04-06
2024-04-06 09:00:00,"233,21629187366972","34,310001",2,1,2024-04-06
2024-04-06 10:00:00,"212,10093699335417","123,07",2,1,2024-04-06
2024-04-06 11:00:00,"181,11016822279012","14,92",2,1,2024-04-06
2024-04-06 12:00:00,"132,01919094512053","0,3",2,1,2024-04-06
2024-04-06 13:00:00,"113,6164647192208","0,45",2,1,2024-04-06
2024-04-06 14:00:00,"138,65411357476037","0,75",2,1,2024-04-06
2024-04-06 15:00:00,"204,82083482192616","117,919998",2,1,2024-04-06
2024-04-06 16:00:00,"340,2231056544859","393,079987",2,1,2024-04-06
2024-04-06 17:00:00,"417,47882386001385","380,100006",2,1,2024-04-06
2024-04-06 18:00:00,"476,9712317293586","349,670013",2,1,2024-04-06
2024-04-06 19:00:00,"468,2832325709178","326,029999",2,1,2024-04-06
2024-04-06 20:00:00,"450,64937166986704","295,73999",2,1,2024-04-06
2024-04-06 21:00:00,"439,68080845687547","188,410004",2,1,2024-04-06
2024-04-06 22:00:00,"390,3528282481862","81,82",2,1,2024-04-06
2024-04-06 23:00:00,"388,7986792757417","0,67",2,1,2024-04-06
2024-04-07 00:00:00,"358,61633551784837","0,0",2,1,2024-04-07
2024-04-07 01:00:00,"345,50879164797885","0,0",2,1,2024-04-07
2024-04-07 02:00:00,"343,87913446463693","0,0",2,1,2024-04-07
2024-04-07 03:00:00,"339,9349397207029","0,0",2,1,2024-04-07
2024-04-07 04:00:00,"356,1469136741225","0,0",2,1,2024-04-07
2024-04-07 05:00:00,"356,96466547284604","0,0",2,1,2024-04-07
2024-04-07 06:00:00,"337,1463875914906","0,0",2,1,2024-04-07
2024-04-07 07:00:00,"294,6345968475324","-0,07",2,1,2024-04-07
2024-04-07 08:00:00,"257,47922232131907","-1,19",2,1,2024-04-07
2024-04-07 09:00:00,"221,67407175151732","-22,450001",2,1,2024-04-07
2024-04-07 10:00:00,"200,85600267436902","-30,58",2,1,2024-04-07
2024-04-07 11:00:00,"163,5632679275965","-48,849998",2,1,2024-04-07
2024-04-07 12:00:00,"161,98397034476892","-74,589996",2,1,2024-04-07
2024-04-07 13:00:00,"178,66732609685417","-37,59",2,1,2024-04-07
2024-04-07 14:00:00,"233,08234813534503","-1,19",2,1,2024-04-07
2024-04-07 15:00:00,"340,9791079713781","31,92",2,1,2024-04-07
2024-04-07 16:00:00,"427,8446540631956","288,799988",2,1,2024-04-07
2024-04-07 17:00:00,"527,8250919250692","343,98999",2,1,2024-04-07
2024-04-07 18:00:00,"565,4468865759541","356,450012",2,1,2024-04-07
2024-04-07 19:00:00,"540,4056427439701","359,579987",2,1,2024-04-07
2024-04-07 20:00:00,"520,7762581862528","340,779999",2,1,2024-04-07
2024-04-07 21:00:00,"493,0388533541125","318,859985",2,1,2024-04-07
2024-04-07 22:00:00,"455,19815002008687","308,339996",2,1,2024-04-07
2024-04-07 23:00:00,"446,6932586472191","295,140015",2,1,2024-04-07
2024-04-08 00:00:00,"354,74829769991214","292,079987",2,2,2024-04-08
2024-04-08 01:00:00,"391,7095015653695","312,290009",2,2,2024-04-08
2024-04-08 02:00:00,"415,31597180540194","328,480011",2,2,2024-04-08
2024-04-08 03:00:00,"434,2290798479413","334,589996",2,2,2024-04-08
2024-04-08 04:00:00,"467,71746301515435","376,730011",2,2,2024-04-08
2024-04-08 05:00:00,"543,4073350432371","396,5",2,2,2024-04-08
2024-04-08 06:00:00,"627,4850871300021","432,600006",2,2,2024-04-08
2024-04-08 07:00:00,"620,0623294800508","603,25",2,2,2024-04-08
2024-04-08 08:00:00,"568,5604452303066","402,910004",2,2,2024-04-08
2024-04-08 09:00:00,"507,9353744654339","399,480011",2,2,2024-04-08
2024-04-08 10:00:00,"425,32925162711155","397,100006",2,2,2024-04-08
2024-04-08 11:00:00,"384,47036981666383","421,859985",2,2,2024-04-08
2024-04-08 12:00:00,"363,64353410875236","431,779999",2,2,2024-04-08
2024-04-08 13:00:00,"363,66379360320406","395,679993",2,2,2024-04-08
2024-04-08 14:00:00,"377,8139273350204","522,099976",2,2,2024-04-08
2024-04-08 15:00:00,"405,6480006117063","559,469971",2,2,2024-04-08
2024-04-08 16:00:00,"520,0110589182174","782,409973",2,2,2024-04-08
2024-04-08 17:00:00,"715,145224568315","1024,069946",2,2,2024-04-08
2024-04-08 18:00:00,"765,0633593207143","930,830017",2,2,2024-04-08
2024-04-08 19:00:00,"678,8369784367836","632,859985",2,2,2024-04-08
2024-04-08 20:00:00,"578,4377974318566","574,309998",2,2,2024-04-08
2024-04-08 21:00:00,"492,13697908462615","523,52002",2,2,2024-04-08
2024-04-08 22:00:00,"444,23133090692437","583,330017",2,2,2024-04-08
2024-04-08 23:00:00,"415,3956651493126","517,549988",2,2,2024-04-08
2024-04-09 00:00:00,"386,0435173172983","482,790009",2,2,2024-04-09
2024-04-09 01:00:00,"361,8853744660297","440,200012",2,2,2024-04-09
2024-04-09 02:00:00,"356,68809474921534","453,779999",2,2,2024-04-09
2024-04-09 03:00:00,"374,3464111868235","488,390015",2,2,2024-04-09
2024-04-09 04:00:00,"437,0696347672073","575,799988",2,2,2024-04-09
2024-04-09 05:00:00,"517,4939999320368","670,900024",2,2,2024-04-09
2024-04-09 06:00:00,"585,890694119894","595,039978",2,2,2024-04-09
2024-04-09 07:00:00,"557,1874217117042","509,420013",2,2,2024-04-09
2024-04-09 08:00:00,"467,3736581268504","384,559998",2,2,2024-04-09
2024-04-09 09:00:00,"404,01188621443794","328,029999",2,2,2024-04-09
2024-04-09 10:00:00,"311,1456456179417","268,880005",2,2,2024-04-09
2024-04-09 11:00:00,"251,12923855256997","75,260002",2,2,2024-04-09
2024-04-09 12:00:00,"261,89652885200235","78,309998",2,2,2024-04-09
2024-04-09 13:00:00,"278,8857828560646","216,600006",2,2,2024-04-09
2024-04-09 14:00:00,"315,6843115337509","285,440002",2,2,2024-04-09
2024-04-09 15:00:00,"404,5012744119835","372,179993",2,2,2024-04-09
2024-04-09 16:00:00,"502,46338478161374","390,899994",2,2,2024-04-09
2024-04-09 17:00:00,"633,5563594855369","375,089996",2,2,2024-04-09
2024-04-09 18:00:00,"700,2898773176888","378,970001",2,2,2024-04-09
2024-04-09 19:00:00,"637,264899311319","359,649994",2,2,2024-04-09
2024-04-09 20:00:00,"582,9065554474593","335,640015",2,2,2024-04-09
2024-04-09 21:00:00,"536,4221785370435","257,619995",2,2,2024-04-09
2024-04-09 22:00:00,"514,4989866144703","96,220001",2,2,2024-04-09
2024-04-09 23:00:00,"477,55297125162895","38,040001",2,2,2024-04-09
2024-04-10 00:00:00,"447,9904996586537","37,290001",2,2,2024-04-10
2024-04-10 01:00:00,"434,94291519194957","67,050003",2,2,2024-04-10
2024-04-10 02:00:00,"433,4451376751851","184,229996",2,2,2024-04-10
2024-04-10 03:00:00,"455,34203393902254","261,059998",2,2,2024-04-10
2024-04-10 04:00:00,"513,1405873133347","261,130005",2,2,2024-04-10
2024-04-10 05:00:00,"605,7207631871893","302,299988",2,2,2024-04-10
2024-04-10 06:00:00,"681,4705442017295","311,700012",2,2,2024-04-10
2024-04-10 07:00:00,"647,7970667628515","309,390015",2,2,2024-04-10
2024-04-10 08:00:00,"588,723302407531","309,390015",2,2,2024-04-10
2024-04-10 09:00:00,"538,3767336617738","239,130005",2,2,2024-04-10
2024-04-10 10:00:00,"508,7878566036331","143,279999",2,2,2024-04-10
2024-04-10 11:00:00,"473,1618469531757","66,610001",2,2,2024-04-10
2024-04-10 12:00:00,"465,78511301664133","0,45",2,2,2024-04-10
2024-04-10 13:00:00,"472,0446240785125","2,09",2,2,2024-04-10
2024-04-10 14:00:00,"492,87502214410705","39,529999",2,2,2024-04-10
2024-04-10 15:00:00,"545,6522942755644","122,169998",2,2,2024-04-10
2024-04-10 16:00:00,"663,1466477914922","616,469971",2,2,2024-04-10
2024-04-10 17:00:00,"790,0518740814001","1084,949951",2,2,2024-04-10
2024-04-10 18:00:00,"813,4895726776577","1052,430054",2,2,2024-04-10
2024-04-10 19:00:00,"751,6807669599324","722,380005",2,2,2024-04-10
2024-04-10 20:00:00,"673,4865882885613","392,029999",2,2,2024-04-10
2024-04-10 21:00:00,"606,7851595280679","352,200012",2,2,2024-04-10
2024-04-10 22:00:00,"541,200892196892","303,440002",2,2,2024-04-10
2024-04-10 23:00:00,"513,0919054631635","198,940002",2,2,2024-04-10
2024-04-11 00:00:00,"476,848314376535","165,589996",2,2,2024-04-11
2024-04-11 01:00:00,"455,5096263816441","74,519997",2,2,2024-04-11
2024-04-11 02:00:00,"448,85432573871486","59,52",2,2,2024-04-11
2024-04-11 03:00:00,"439,6210828302343","149,179993",2,2,2024-04-11
2024-04-11 04:00:00,"454,526955720454","192,070007",2,2,2024-04-11
2024-04-11 05:00:00,"516,1243096177268","297,399994",2,2,2024-04-11
2024-04-11 06:00:00,"553,5600055861615","309,929993",2,2,2024-04-11
2024-04-11 07:00:00,"573,7660564570742","223,770004",2,2,2024-04-11
2024-04-11 08:00:00,"531,2047226794866","74,959999",2,2,2024-04-11
2024-04-11 09:00:00,"481,92752912600736","6,41",2,2,2024-04-11
2024-04-11 10:00:00,"430,30478641826926","6,79",2,2,2024-04-11
2024-04-11 11:00:00,"372,4302101956194","8,21",2,2,2024-04-11
2024-04-11 12:00:00,"340,064063554322","4,25",2,2,2024-04-11
2024-04-11 13:00:00,"332,2387099766584","96,07",2,2,2024-04-11
2024-04-11 14:00:00,"344,2241661548212","64,75",2,2,2024-04-11
2024-04-11 15:00:00,"395,3657158081291","347,070007",2,2,2024-04-11
2024-04-11 16:00:00,"477,2797145413141","711,75",2,2,2024-04-11
2024-04-11 17:00:00,"600,630724387478","1002,210022",2,2,2024-04-11
2024-04-11 18:00:00,"640,999602197121","893,609985",2,2,2024-04-11
2024-04-11 19:00:00,"585,6103796702066","679,159973",2,2,2024-04-11
2024-04-11 20:00:00,"533,546377418675","541,159973",2,2,2024-04-11
2024-04-11 21:00:00,"484,1506802715516","451,059998",2,2,2024-04-11
2024-04-11 22:00:00,"425,9752456598095","339,720001",2,2,2024-04-11
2024-04-11 23:00:00,"373,4527659297432","325,029999",2,2,2024-04-11
2024-04-12 00:00:00,"344,8229159214746","331,73999",2,2,2024-04-12
2024-04-12 01:00:00,"307,8948393796011","304,51001",2,2,2024-04-12
2024-04-12 02:00:00,"294,41354099012324","298,399994",2,2,2024-04-12
2024-04-12 03:00:00,"291,2356959169595","298,399994",2,2,2024-04-12
2024-04-12 04:00:00,"327,41695001454787","308,019989",2,2,2024-04-12
2024-04-12 05:00:00,"363,97233996614403","362,619995",2,2,2024-04-12
2024-04-12 06:00:00,"384,0641049096835","516,75",2,2,2024-04-12
2024-04-12 07:00:00,"373,99185911049636","489,290009",2,2,2024-04-12
2024-04-12 08:00:00,"339,7299299054929","319,730011",2,2,2024-04-12
2024-04-12 09:00:00,"271,3451489934463","140,690002",2,2,2024-04-12
2024-04-12 10:00:00,"213,0623186699565","0,0",2,2,2024-04-12
2024-04-12 11:00:00,"179,80030979199995","-0,52",2,2,2024-04-12
2024-04-12 12:00:00,"162,39826401837462","0,07",2,2,2024-04-12
2024-04-12 13:00:00,"161,81402301219293","1,34",2,2,2024-04-12
2024-04-12 14:00:00,"202,4885086454705","1,64",2,2,2024-04-12
2024-04-12 15:00:00,"311,20013060529647","375,600006",2,2,2024-04-12
2024-04-12 16:00:00,"398,28961623737445","445,279999",2,2,2024-04-12
2024-04-12 17:00:00,"463,47584996636965","370,160004",2,2,2024-04-12
2024-04-12 18:00:00,"543,0002680195711","369,48999",2,2,2024-04-12
2024-04-12 19:00:00,"545,7054100198707","351,429993",2,2,2024-04-12
2024-04-12 20:00:00,"524,0392865737226","342,329987",2,2,2024-04-12
2024-04-12 21:00:00,"497,03860401685023","329,200012",2,2,2024-04-12
2024-04-12 22:00:00,"462,98440106006285","246,039993",2,2,2024-04-12
2024-04-12 23:00:00,"456,45579015802497","193,369995",2,2,2024-04-12
2024-04-13 00:00:00,"436,27936882852333","144,429993",2,2,2024-04-13
2024-04-13 01:00:00,"415,31777569149364","130,779999",2,2,2024-04-13
2024-04-13 02:00:00,"412,2899202160287","130,259995",2,2,2024-04-13
2024-04-13 03:00:00,"412,329007945383","173,899994",2,2,2024-04-13
2024-04-13 04:00:00,"425,6682817185671","207,619995",2,2,2024-04-13
2024-04-13 05:00:00,"421,44900084098225","251,630005",2,2,2024-04-13
2024-04-13 06:00:00,"404,5942055277529","168,600006",2,2,2024-04-13
2024-04-13 07:00:00,"351,8909805088569","65,650002",2,2,2024-04-13
2024-04-13 08:00:00,"272,30313183327","-0,15",2,2,2024-04-13
2024-04-13 09:00:00,"186,12302490123213","-30,139999",2,2,2024-04-13
2024-04-13 10:00:00,"132,91178178414393","-59,830002",2,2,2024-04-13
2024-04-13 11:00:00,"21,563921360877178","-150,699997",2,2,2024-04-13
2024-04-13 12:00:00,"-91,43809010882254","-218,729996",2,2,2024-04-13
2024-04-13 13:00:00,"-16,16681469328916","-235,740005",2,2,2024-04-13
2024-04-13 14:00:00,"69,02102680685098","-142,710007",2,2,2024-04-13
2024-04-13 15:00:00,"130,46596549941887","-1,19",2,2,2024-04-13
2024-04-13 16:00:00,"300,45360507767595","248,949997",2,2,2024-04-13
2024-04-13 17:00:00,"390,7455930368076","373,76001",2,2,2024-04-13
2024-04-13 18:00:00,"441,86397047381587","298,630005",2,2,2024-04-13
2024-04-13 19:00:00,"415,80556238734755","258,5",2,2,2024-04-13
2024-04-13 20:00:00,"396,729947086522","153,679993",2,2,2024-04-13
2024-04-13 21:00:00,"343,7082373211052","52,59",2,2,2024-04-13
2024-04-13 22:00:00,"263,23099628703756","3,21",2,2,2024-04-13
2024-04-13 23:00:00,"236,07136592237228","6,19",2,2,2024-04-13
2024-04-14 00:00:00,"198,09849253004845","6,94",2,2,2024-04-14
2024-04-14 01:00:00,"169,09799974489877","8,43",2,2,2024-04-14
2024-04-14 02:00:00,"162,455544088254","17,459999",2,2,2024-04-14
2024-04-14 03:00:00,"163,2484937888736","44,389999",2,2,2024-04-14
2024-04-14 04:00:00,"183,97339080383446","95,949997",2,2,2024-04-14
2024-04-14 05:00:00,"180,53531609240414","96,989998",2,2,2024-04-14
2024-04-14 06:00:00,"156,46382979322658","55,279999",2,2,2024-04-14
2024-04-14 07:00:00,"142,9169645811712","0,0",2,2,2024-04-14
2024-04-14 08:00:00,"121,40178655907603","-17,68",2,2,2024-04-14
2024-04-14 09:00:00,"102,86929871039935","-90,800003",2,2,2024-04-14
2024-04-14 10:00:00,"76,5672833998636","-315,070007",2,2,2024-04-14
2024-04-14 11:00:00,"61,26075980356538","-448,019989",2,2,2024-04-14
2024-04-14 12:00:00,"49,75489246667698","-447,720001",2,2,2024-04-14
2024-04-14 13:00:00,"59,52511719793417","-298,809998",2,2,2024-04-14
2024-04-14 14:00:00,"80,79458673175802","-46,630001",2,2,2024-04-14
2024-04-14 15:00:00,"147,94260821643763","11,71",2,2,2024-04-14
2024-04-14 16:00:00,"295,05545621341486","407,51001",2,2,2024-04-14
2024-04-14 17:00:00,"370,2196609096968","655,059998",2,2,2024-04-14
2024-04-14 18:00:00,"434,6722167525908","894,619995",2,2,2024-04-14
2024-04-14 19:00:00,"463,07891464435886","840,159973",2,2,2024-04-14
2024-04-14 20:00:00,"469,9264656586948","724,890015",2,2,2024-04-14
2024-04-14 21:00:00,"456,29969590238073","594,549988",2,2,2024-04-14
2024-04-14 22:00:00,"445,148284102912","410,640015",2,2,2024-04-14
2024-04-14 23:00:00,"434,08071955835374","437,730011",2,2,2024-04-14
2024-04-15 00:00:00,"426,8035515350147","526,359985",2,3,2024-04-15
2024-04-15 01:00:00,"426,78668716865747","491,220001",2,3,2024-04-15
2024-04-15 02:00:00,"440,1371062372665","561,280029",2,3,2024-04-15
2024-04-15 03:00:00,"449,6573665637526","647,150024",2,3,2024-04-15
2024-04-15 04:00:00,"528,6121554998227","863,440002",2,3,2024-04-15
2024-04-15 05:00:00,"661,0775383041658","1261,98999",2,3,2024-04-15
2024-04-15 06:00:00,"714,6062762419126","1143,290039",2,3,2024-04-15
2024-04-15 07:00:00,"652,2687576586333","683,109985",2,3,2024-04-15
2024-04-15 08:00:00,"569,404943973355","568,809998",2,3,2024-04-15
2024-04-15 09:00:00,"504,81041988373795","425,269989",2,3,2024-04-15
2024-04-15 10:00:00,"421,9038809008737","329,390015",2,3,2024-04-15
2024-04-15 11:00:00,"368,57720832009056","236,809998",2,3,2024-04-15
2024-04-15 12:00:00,"345,9289597721622","96,690002",2,3,2024-04-15
2024-04-15 13:00:00,"344,0493260464925","58,189999",2,3,2024-04-15
2024-04-15 14:00:00,"362,1592769717487","59,610001",2,3,2024-04-15
2024-04-15 15:00:00,"392,966320543401","345,440002",2,3,2024-04-15
2024-04-15 16:00:00,"504,6968518867778","516,289978",2,3,2024-04-15
2024-04-15 17:00:00,"681,3834893784026","588,809998",2,3,2024-04-15
2024-04-15 18:00:00,"746,9334613064897","574,630005",2,3,2024-04-15
2024-04-15 19:00:00,"643,8057486267447","494,730011",2,3,2024-04-15
2024-04-15 20:00:00,"546,1186968791123","401,170013",2,3,2024-04-15
2024-04-15 21:00:00,"471,0611302514369","254,940002",2,3,2024-04-15
2024-04-15 22:00:00,"436,2355872620486","15,07",2,3,2024-04-15
2024-04-15 23:00:00,"407,0985727343608","0,3",2,3,2024-04-15
2024-04-16 00:00:00,"363,8181992271721","1,04",2,3,2024-04-16
2024-04-16 01:00:00,"350,31863412388594","5,45",2,3,2024-04-16
2024-04-16 02:00:00,"347,1686336938106","130,330002",2,3,2024-04-16
2024-04-16 03:00:00,"365,2662206625112","270,209991",2,3,2024-04-16
2024-04-16 04:00:00,"460,00403968223947","384,880005",2,3,2024-04-16
2024-04-16 05:00:00,"543,3422509998355","554,0",2,3,2024-04-16
2024-04-16 06:00:00,"564,4376946153502","554,0",2,3,2024-04-16
2024-04-16 07:00:00,"520,0046364827414","483,5",2,3,2024-04-16
2024-04-16 08:00:00,"419,41517960976563","380,700012",2,3,2024-04-16
2024-04-16 09:00:00,"326,3720245000246","318,109985",2,3,2024-04-16
2024-04-16 10:00:00,"242,04980194854485","298,410004",2,3,2024-04-16
2024-04-16 11:00:00,"183,9773883671507","300,049988",2,3,2024-04-16
2024-04-16 12:00:00,"161,71649375408288","313,929993",2,3,2024-04-16
2024-04-16 13:00:00,"182,98421959242802","362,049988",2,3,2024-04-16
2024-04-16 14:00:00,"224,79944346515444","385,470001",2,3,2024-04-16
2024-04-16 15:00:00,"350,3939725765782","594,359985",2,3,2024-04-16
2024-04-16 16:00:00,"442,6473128410087","693,210022",2,3,2024-04-16
2024-04-16 17:00:00,"543,6059973869295","850,400024",2,3,2024-04-16
2024-04-16 18:00:00,"621,1395986284566","928,960022",2,3,2024-04-16
2024-04-16 19:00:00,"586,0778854268552","779,309998",2,3,2024-04-16
2024-04-16 20:00:00,"541,231358531335","672,169983",2,3,2024-04-16
2024-04-16 21:00:00,"482,34909095432454","627,409973",2,3,2024-04-16
2024-04-16 22:00:00,"427,96359112009293","625,48999",2,3,2024-04-16
2024-04-16 23:00:00,"370,4051064071185","625,48999",2,3,2024-04-16
2024-04-17 00:00:00,"339,18764664016726","606,919983",2,3,2024-04-17
2024-04-17 01:00:00,"336,16112624253714","614,75",2,3,2024-04-17
2024-04-17 02:00:00,"360,9462261444365","618,929993",2,3,2024-04-17
2024-04-17 03:00:00,"408,17366111967954","624,669983",2,3,2024-04-17
2024-04-17 04:00:00,"477,8005867463029","816,109985",2,3,2024-04-17
2024-04-17 05:00:00,"586,6968638945967","1268,069946",2,3,2024-04-17
2024-04-17 06:00:00,"666,0260986678181","1157,650024",2,3,2024-04-17
2024-04-17 07:00:00,"640,5545368147503","780,52002",2,3,2024-04-17
2024-04-17 08:00:00,"610,6478381469519","625,940002",2,3,2024-04-17
2024-04-17 09:00:00,"551,2999654415098","596,099976",2,3,2024-04-17
2024-04-17 10:00:00,"511,16613012423346","619,080017",2,3,2024-04-17
2024-04-17 11:00:00,"444,0803315719166","602,960022",2,3,2024-04-17
2024-04-17 12:00:00,"410,28982743230455","579,76001",2,3,2024-04-17
2024-04-17 13:00:00,"425,8782089610962","574,690002",2,3,2024-04-17
2024-04-17 14:00:00,"474,5916694386638","596,840027",2,3,2024-04-17
2024-04-17 15:00:00,"536,0239832066752","648,320007",2,3,2024-04-17
2024-04-17 16:00:00,"658,2342343253652","857,73999",2,3,2024-04-17
2024-04-17 17:00:00,"797,7737246038473","1193,089966",2,3,2024-04-17
2024-04-17 18:00:00,"908,5404376863349","1267,550049",2,3,2024-04-17
2024-04-17 19:00:00,"799,111813561303","970,320007",2,3,2024-04-17
2024-04-17 20:00:00,"705,4392600448808","738,890015",2,3,2024-04-17
2024-04-17 21:00:00,"620,1828056700583","655,109985",2,3,2024-04-17
2024-04-17 22:00:00,"558,8552153055554","685,150024",2,3,2024-04-17
2024-04-17 23:00:00,"515,6505133587816","652,23999",2,3,2024-04-17
2024-04-18 00:00:00,"464,73409375392725","660,52002",2,3,2024-04-18
2024-04-18 01:00:00,"438,27507463112056","654,780029",2,3,2024-04-18
2024-04-18 02:00:00,"414,30672700813665","668,580017",2,3,2024-04-18
2024-04-18 03:00:00,"412,84874592985364","697,380005",2,3,2024-04-18
2024-04-18 04:00:00,"465,79194450846063","909,349976",2,3,2024-04-18
2024-04-18 05:00:00,"509,6740472173843","1162,430054",2,3,2024-04-18
2024-04-18 06:00:00,"494,87052556671404","978,809998",2,3,2024-04-18
2024-04-18 07:00:00,"469,5109728137771","754,460022",2,3,2024-04-18
2024-04-18 08:00:00,"425,83280929150516","673,059998",2,3,2024-04-18
2024-04-18 09:00:00,"375,22447964318275","625,76001",2,3,2024-04-18
2024-04-18 10:00:00,"311,1397215927449","601,659973",2,3,2024-04-18
2024-04-18 11:00:00,"252,22156899336386","575,98999",2,3,2024-04-18
2024-04-18 12:00:00,"219,70681202679174","544,72998",2,3,2024-04-18
2024-04-18 13:00:00,"248,836866112169","527,48999",2,3,2024-04-18
2024-04-18 14:00:00,"312,5413769599575","528,840027",2,3,2024-04-18
2024-04-18 15:00:00,"382,75345427378045","606,799988",2,3,2024-04-18
2024-04-18 16:00:00,"458,0290196368873","701,559998",2,3,2024-04-18
2024-04-18 17:00:00,"569,8237862500755","934,419983",2,3,2024-04-18
2024-04-18 18:00:00,"638,6364764386129","961,200012",2,3,2024-04-18
2024-04-18 19:00:00,"599,0180148637112","790,27002",2,3,2024-04-18
2024-04-18 20:00:00,"540,1538964562269","670,669983",2,3,2024-04-18
2024-04-18 21:00:00,"481,41291167197903","592,179993",2,3,2024-04-18
2024-04-18 22:00:00,"427,96359112009293","576,090027",2,3,2024-04-18
2024-04-18 23:00:00,"397,6817631602245","453,869995",2,3,2024-04-18
2024-04-19 00:00:00,"355,51396814803627","377,019989",2,3,2024-04-19
2024-04-19 01:00:00,"312,6792248645501","369,109985",2,3,2024-04-19
2024-04-19 02:00:00,"299,5138917455831","357,920013",2,3,2024-04-19
2024-04-19 03:00:00,"294,73110764753375","366,200012",2,3,2024-04-19
2024-04-19 04:00:00,"337,0144899359316","448,570007",2,3,2024-04-19
2024-04-19 05:00:00,"399,58312907767566","515,130005",2,3,2024-04-19
2024-04-19 06:00:00,"430,9166022085819","567,059998",2,3,2024-04-19
2024-04-19 07:00:00,"403,9459851114309","509,609985",2,3,2024-04-19
2024-04-19 08:00:00,"337,74701651561617","449,170013",2,3,2024-04-19
2024-04-19 09:00:00,"226,83990318351667","418,429993",2,3,2024-04-19
2024-04-19 10:00:00,"168,7023963006624","379,859985",2,3,2024-04-19
2024-04-19 11:00:00,"108,15603498624527","350,679993",2,3,2024-04-19
2024-04-19 12:00:00,"64,7272115794763","335,309998",2,3,2024-04-19
2024-04-19 13:00:00,"61,087081259110825","332,480011",2,3,2024-04-19
2024-04-19 14:00:00,"73,01024394439429","379,859985",2,3,2024-04-19
2024-04-19 15:00:00,"222,19498759931383","424,920013",2,3,2024-04-19
2024-04-19 16:00:00,"355,75606781353304","473,720001",2,3,2024-04-19
2024-04-19 17:00:00,"454,90387948989314","475,660004",2,3,2024-04-19
2024-04-19 18:00:00,"545,0192365193154","482,670013",2,3,2024-04-19
2024-04-19 19:00:00,"544,3182795108764","493,940002",2,3,2024-04-19
2024-04-19 20:00:00,"531,0978891492106","477,149994",2,3,2024-04-19
2024-04-19 21:00:00,"495,30847834049325","471,179993",2,3,2024-04-19
2024-04-19 22:00:00,"447,92390211902176","449,529999",2,3,2024-04-19
2024-04-19 23:00:00,"408,0256509084919","432,589996",2,3,2024-04-19
2024-04-20 00:00:00,"361,8055042093852","427,809998",2,3,2024-04-20
2024-04-20 01:00:00,"344,475226805006","430,950012",2,3,2024-04-20
2024-04-20 02:00:00,"340,19586601615055","455,5",2,3,2024-04-20
2024-04-20 03:00:00,"350,4290717002408","468,850006",2,3,2024-04-20
2024-04-20 04:00:00,"366,8366636730164","476,98999",2,3,2024-04-20
2024-04-20 05:00:00,"376,58748825096586","507,279999",2,3,2024-04-20
2024-04-20 06:00:00,"357,07810238317035","485,350006",2,3,2024-04-20
2024-04-20 07:00:00,"309,71525363948643","446,98999",2,3,2024-04-20
2024-04-20 08:00:00,"251,51976599703806","373,48999",2,3,2024-04-20
2024-04-20 09:00:00,"191,22954032066679","286,769989",2,3,2024-04-20
2024-04-20 10:00:00,"141,5641348211123","216,179993",2,3,2024-04-20
2024-04-20 11:00:00,"5,772182745246757","92,010002",2,3,2024-04-20
2024-04-20 12:00:00,"-105,00472189755075","78,730003",2,3,2024-04-20
2024-04-20 13:00:00,"-137,8197091747933","136,779999",2,3,2024-04-20
2024-04-20 14:00:00,"-28,664932871602836","279,160004",2,3,2024-04-20
2024-04-20 15:00:00,"114,92695429944641","468,850006",2,3,2024-04-20
2024-04-20 16:00:00,"292,99124371021054","588,77002",2,3,2024-04-20
2024-04-20 17:00:00,"391,1809223704969","668,690002",2,3,2024-04-20
2024-04-20 18:00:00,"448,52212324528836","724,140015",2,3,2024-04-20
2024-04-20 19:00:00,"414,67491713048236","673,919983",2,3,2024-04-20
2024-04-20 20:00:00,"376,5101608628742","642,280029",2,3,2024-04-20
2024-04-20 21:00:00,"300,24303281040824","618,619995",2,3,2024-04-20
2024-04-20 22:00:00,"234,04126153796105","610,679993",2,3,2024-04-20
2024-04-20 23:00:00,"210,23113760071004","526,669983",2,3,2024-04-20
2024-04-21 00:00:00,"186,55721285143716","518,76001",2,3,2024-04-21
2024-04-21 01:00:00,"174,6210253096811","480,48999",2,3,2024-04-21
2024-04-21 02:00:00,"166,44187194228294","476,609985",2,3,2024-04-21
2024-04-21 03:00:00,"170,0096910981959","474,670013",2,3,2024-04-21
2024-04-21 04:00:00,"189,08528331350118","480,709991",2,3,2024-04-21
2024-04-21 05:00:00,"212,16871817366825","451,609985",2,3,2024-04-21
2024-04-21 06:00:00,"195,28498412041856","454,220001",2,3,2024-04-21
2024-04-21 07:00:00,"155,19761829156806","413,190002",2,3,2024-04-21
2024-04-21 08:00:00,"144,42991801439055","246,139999",2,3,2024-04-21
2024-04-21 09:00:00,"104,91546222626528","275,76001",2,3,2024-04-21
2024-04-21 10:00:00,"-37,87648993243201","45,209999",2,3,2024-04-21
2024-04-21 11:00:00,"-113,50052017184304","2,09",2,3,2024-04-21
2024-04-21 12:00:00,"-206,14901993207044","-6,71",2,3,2024-04-21
2024-04-21 13:00:00,"-196,72867105187404","5,6",2,3,2024-04-21
2024-04-21 14:00:00,"55,31454750390778","44,84",2,3,2024-04-21
2024-04-21 15:00:00,"127,93265549916251","434,380005",2,3,2024-04-21
2024-04-21 16:00:00,"298,64701899499164","556,590027",2,3,2024-04-21
2024-04-21 17:00:00,"417,00559852908077","666,710022",2,3,2024-04-21
2024-04-21 18:00:00,"516,1151363272708","710,72998",2,3,2024-04-21
2024-04-21 19:00:00,"566,0112618231747","679,469971",2,3,2024-04-21
2024-04-21 20:00:00,"580,4878121259629","667,080017",2,3,2024-04-21
2024-04-21 21:00:00,"540,1337028893919","660,0",2,3,2024-04-21
2024-04-21 22:00:00,"501,27188028092587","589,190002",2,3,2024-04-21
2024-04-21 23:00:00,"466,5059938253979","582,330017",2,3,2024-04-21
2024-04-22 00:00:00,"499,3334517541655","585,23999",2,4,2024-04-22
2024-04-22 01:00:00,"445,9560549837157","596,280029",2,4,2024-04-22
2024-04-22 02:00:00,"423,9573838056239","595,309998",2,4,2024-04-22
2024-04-22 03:00:00,"453,51813476380397","652,830017",2,4,2024-04-22
2024-04-22 04:00:00,"571,1155795079441","790,109985",2,4,2024-04-22
2024-04-22 05:00:00,"751,165104800347","975,820007",2,4,2024-04-22
2024-04-22 06:00:00,"778,0410880601746","876,359985",2,4,2024-04-22
2024-04-22 07:00:00,"666,6992313697353","724,090027",2,4,2024-04-22
2024-04-22 08:00:00,"576,3887168598419","610,75",2,4,2024-04-22
2024-04-22 09:00:00,"488,84370520882976","606,130005",2,4,2024-04-22
2024-04-22 10:00:00,"396,3908392995904","574,869995",2,4,2024-04-22
2024-04-22 11:00:00,"297,1425837942501","549,650024",2,4,2024-04-22
2024-04-22 12:00:00,"220,30801004377253","553,080017",2,4,2024-04-22
2024-04-22 13:00:00,"205,92968466601326","559,650024",2,4,2024-04-22
2024-04-22 14:00:00,"214,18823926205772","536,440002",2,4,2024-04-22
2024-04-22 15:00:00,"296,13075427768734","722,150024",2,4,2024-04-22
2024-04-22 16:00:00,"398,978235052226","881,880005",2,4,2024-04-22
2024-04-22 17:00:00,"502,7609300542206","1223,969971",2,4,2024-04-22
2024-04-22 18:00:00,"566,2447702265613","1275,52002",2,4,2024-04-22
2024-04-22 19:00:00,"529,7457229476092","970,299988",2,4,2024-04-22
2024-04-22 20:00:00,"447,70206164569896","789,140015",2,4,2024-04-22
2024-04-22 21:00:00,"370,1207251843287","723,640015",2,4,2024-04-22
2024-04-22 22:00:00,"290,32073500734083","658,969971",2,4,2024-04-22
2024-04-22 23:00:00,"219,7727998431315","646,809998",2,4,2024-04-22
2024-04-23 00:00:00,"198,38315185256118","641,289978",2,4,2024-04-23
2024-04-23 01:00:00,"166,57408881519757","637,340027",2,4,2024-04-23
2024-04-23 02:00:00,"202,72553388623726","644,280029",2,4,2024-04-23
2024-04-23 03:00:00,"270,06759204168776","728,890015",2,4,2024-04-23
2024-04-23 04:00:00,"379,99784033619187","905,789978",2,4,2024-04-23
2024-04-23 05:00:00,"481,8546567638564","1352,420044",2,4,2024-04-23
2024-04-23 06:00:00,"515,6449580618372","1016,820007",2,4,2024-04-23
2024-04-23 07:00:00,"469,5711005274295","734,030029",2,4,2024-04-23
2024-04-23 08:00:00,"383,93376604597097","618,309998",2,4,2024-04-23
2024-04-23 09:00:00,"286,9751803049256","576,450012",2,4,2024-04-23
2024-04-23 10:00:00,"223,13606364343266","577,950012",2,4,2024-04-23
2024-04-23 11:00:00,"183,44164810965472","592,27002",2,4,2024-04-23
2024-04-23 12:00:00,"159,25941476652207","586,599976",2,4,2024-04-23
2024-04-23 13:00:00,"184,120808523935","597,049988",2,4,2024-04-23
2024-04-23 14:00:00,"263,00990604766884","619,429993",2,4,2024-04-23
2024-04-23 15:00:00,"369,3945233973156","671,289978",2,4,2024-04-23
2024-04-23 16:00:00,"475,34464115160495","764,030029",2,4,2024-04-23
2024-04-23 17:00:00,"606,1904776277086","917,799988",2,4,2024-04-23
2024-04-23 18:00:00,"690,9337345774036","933,169983",2,4,2024-04-23
2024-04-23 19:00:00,"642,3720404957818","784,169983",2,4,2024-04-23
2024-04-23 20:00:00,"586,1006518043554","691,880005",2,4,2024-04-23
2024-04-23 21:00:00,"515,585981562596","608,460022",2,4,2024-04-23
2024-04-23 22:00:00,"455,74910405603043","600,929993",2,4,2024-04-23
2024-04-23 23:00:00,"410,8102747405846","569,150024",2,4,2024-04-23
2024-04-24 00:00:00,"366,40687206852687","566,090027",2,4,2024-04-24
2024-04-24 01:00:00,"368,8455435041806","545,130005",2,4,2024-04-24
2024-04-24 02:00:00,"396,03995404426837","567,289978",2,4,2024-04-24
2024-04-24 03:00:00,"440,4976558028927","610,47998",2,4,2024-04-24
2024-04-24 04:00:00,"532,2652447560674","758,419983",2,4,2024-04-24
2024-04-24 05:00:00,"731,3838609198847","956,200012",2,4,2024-04-24
2024-04-24 06:00:00,"817,873176176532","798,780029",2,4,2024-04-24
2024-04-24 07:00:00,"739,1980270773523","684,940002",2,4,2024-04-24
2024-04-24 08:00:00,"669,4947751430186","676,960022",2,4,2024-04-24
2024-04-24 09:00:00,"596,9763302807448","659,130005",2,4,2024-04-24
2024-04-24 10:00:00,"547,4371421485562","616,22998",2,4,2024-04-24
2024-04-24 11:00:00,"501,316981670099","597,5",2,4,2024-04-24
2024-04-24 12:00:00,"450,8418397378646","570,940002",2,4,2024-04-24
2024-04-24 13:00:00,"463,1635551411639","602,130005",2,4,2024-04-24
2024-04-24 14:00:00,"493,60961745240775","605,190002",2,4,2024-04-24
2024-04-24 15:00:00,"555,4736777567302","646,070007",2,4,2024-04-24
2024-04-24 16:00:00,"682,9595357532578","757,530029",2,4,2024-04-24
2024-04-24 17:00:00,"831,3814411453109","1008,640015",2,4,2024-04-24
2024-04-24 18:00:00,"941,2509088090891","1070,119995",2,4,2024-04-24
2024-04-24 19:00:00,"834,1648201782125","903,900024",2,4,2024-04-24
2024-04-24 20:00:00,"716,4902300543807","785,650024",2,4,2024-04-24
2024-04-24 21:00:00,"621,3966255630949","673,0",2,4,2024-04-24
2024-04-24 22:00:00,"571,2963748693853","622,700012",2,4,2024-04-24
2024-04-24 23:00:00,"534,6268048925348","596,599976",2,4,2024-04-24
2024-04-25 00:00:00,"503,5797595200338","576,97998",2,4,2024-04-25
2024-04-25 01:00:00,"465,8840602718491","567,140015",2,4,2024-04-25
2024-04-25 02:00:00,"456,81388297143275","561,099976",2,4,2024-04-25
2024-04-25 03:00:00,"458,94676411763515","626,580017",2,4,2024-04-25
2024-04-25 04:00:00,"550,9538281231976","763,940002",2,4,2024-04-25
2024-04-25 05:00:00,"675,9827092374117","962,390015",2,4,2024-04-25
2024-04-25 06:00:00,"640,6216690170603","840,530029",2,4,2024-04-25
2024-04-25 07:00:00,"561,0781267567821","686,830017",2,4,2024-04-25
2024-04-25 08:00:00,"488,45024592583127","596,669983",2,4,2024-04-25
2024-04-25 09:00:00,"431,94912370759926","583,169983",2,4,2024-04-25
2024-04-25 10:00:00,"392,17001257449874","551,26001",2,4,2024-04-25
2024-04-25 11:00:00,"370,95400313686866","512,099976",2,4,2024-04-25
2024-04-25 12:00:00,"354,336437878914","495,25",2,4,2024-04-25
2024-04-25 13:00:00,"375,3269377948167","516,950012",2,4,2024-04-25
2024-04-25 14:00:00,"414,6440323350937","542,97998",2,4,2024-04-25
2024-04-25 15:00:00,"483,6761687795257","595,700012",2,4,2024-04-25
2024-04-25 16:00:00,"567,2154841891676","709,72998",2,4,2024-04-25
2024-04-25 17:00:00,"708,5116919287296","1052,170044",2,4,2024-04-25
2024-04-25 18:00:00,"759,6593663297202","1135,699951",2,4,2024-04-25
2024-04-25 19:00:00,"700,9015757276592","847,98999",2,4,2024-04-25
2024-04-25 20:00:00,"637,5038573283741","681,23999",2,4,2024-04-25
2024-04-25 21:00:00,"575,8198031549288","594,659973",2,4,2024-04-25
2024-04-25 22:00:00,"543,4981185058035","595,719971",2,4,2024-04-25
2024-04-25 23:00:00,"502,1971259275834","551,929993",2,4,2024-04-25
2024-04-26 00:00:00,"448,8314765695334","553,429993",2,4,2024-04-26
2024-04-26 01:00:00,"419,3368903804833","552,460022",2,4,2024-04-26
2024-04-26 02:00:00,"404,4177872245887","575,049988",2,4,2024-04-26
2024-04-26 03:00:00,"412,87181751823726","618,909973",2,4,2024-04-26
2024-04-26 04:00:00,"487,2415813958651","697,380005",2,4,2024-04-26
2024-04-26 05:00:00,"545,7359844386256","776,140015",2,4,2024-04-26
2024-04-26 06:00:00,"573,052781549791","716,469971",2,4,2024-04-26
2024-04-26 07:00:00,"538,7357380123517","604,73999",2,4,2024-04-26
2024-04-26 08:00:00,"461,3450545396642","580,349976",2,4,2024-04-26
2024-04-26 09:00:00,"348,12410341437413","544,099976",2,4,2024-04-26
2024-04-26 10:00:00,"234,10802827701505","524,710022",2,4,2024-04-26
2024-04-26 11:00:00,"193,02170627571817","512,700012",2,4,2024-04-26
2024-04-26 12:00:00,"161,7644732122944","487,570007",2,4,2024-04-26
2024-04-26 13:00:00,"154,7539561231644","521,5",2,4,2024-04-26
2024-04-26 14:00:00,"179,70170080936376","534,780029",2,4,2024-04-26
2024-04-26 15:00:00,"295,2603663677878","600,119995",2,4,2024-04-26
2024-04-26 16:00:00,"372,66184141790905","700,210022",2,4,2024-04-26
2024-04-26 17:00:00,"462,27461896398","959,25",2,4,2024-04-26
2024-04-26 18:00:00,"526,8302410010668","1018,539978",2,4,2024-04-26
2024-04-26 19:00:00,"504,0998502614072","820,440002",2,4,2024-04-26
2024-04-26 20:00:00,"477,187352169052","691,47998",2,4,2024-04-26
2024-04-26 21:00:00,"459,6756575213366","658,289978",2,4,2024-04-26
2024-04-26 22:00:00,"417,4492879192938","673,330017",2,4,2024-04-26
2024-04-26 23:00:00,"389,87438419955","662,960022",2,4,2024-04-26
2024-04-27 00:00:00,"350,22836174110995","645,72998",2,4,2024-04-27
2024-04-27 01:00:00,"332,2420524015178","663,929993",2,4,2024-04-27
2024-04-27 02:00:00,"333,75721073428787","653,940002",2,4,2024-04-27
2024-04-27 03:00:00,"349,02207484555413","625,52002",2,4,2024-04-27
2024-04-27 04:00:00,"364,5526028670137","641,929993",2,4,2024-04-27
2024-04-27 05:00:00,"380,2175123604559","589,429993",2,4,2024-04-27
2024-04-27 06:00:00,"374,1447675253915","511,950012",2,4,2024-04-27
2024-04-27 07:00:00,"344,91031154720457","440,51001",2,4,2024-04-27
2024-04-27 08:00:00,"253,09941185334043","284,950012",2,4,2024-04-27
2024-04-27 09:00:00,"187,9177841320688","194,559998",2,4,2024-04-27
2024-04-27 10:00:00,"132,66481833070063","294,640015",2,4,2024-04-27
2024-04-27 11:00:00,"-45,883746908719424","308,809998",2,4,2024-04-27
2024-04-27 12:00:00,"-136,0040438805893","182,710007",2,4,2024-04-27
2024-04-27 13:00:00,"-136,0040438805893","75,019997",2,4,2024-04-27
2024-04-27 14:00:00,"-25,50797963172756","156,080002",2,4,2024-04-27
2024-04-27 15:00:00,"119,493759961141","463,700012",2,4,2024-04-27
2024-04-27 16:00:00,"293,70734714030044","642,679993",2,4,2024-04-27
2024-04-27 17:00:00,"401,5169790464186","894,140015",2,4,2024-04-27
2024-04-27 18:00:00,"474,81897446905384","837,23999",2,4,2024-04-27
2024-04-27 19:00:00,"453,05893253360716","633,880005",2,4,2024-04-27
2024-04-27 20:00:00,"408,3690657495437","566,01001",2,4,2024-04-27
2024-04-27 21:00:00,"310,9001258736634","486,440002",2,4,2024-04-27
2024-04-27 22:00:00,"259,1872035514194","420,570007",2,4,2024-04-27
2024-04-27 23:00:00,"198,60978855160226","344,119995",2,4,2024-04-27
2024-04-28 00:00:00,"170,50958138178348","295,350006",2,4,2024-04-28
2024-04-28 01:00:00,"161,44576381253785","235,309998",2,4,2024-04-28
2024-04-28 02:00:00,"163,31926638160164","205,850006",2,4,2024-04-28
2024-04-28 03:00:00,"172,37423878554495","194,289993",2,4,2024-04-28
2024-04-28 04:00:00,"185,9453959301801","74,209999",2,4,2024-04-28
2024-04-28 05:00:00,"189,24442933852504","1,86",2,4,2024-04-28
2024-04-28 06:00:00,"179,50192536811085","1,94",2,4,2024-04-28
2024-04-28 07:00:00,"133,57611349215912","1,64",2,4,2024-04-28
2024-04-28 08:00:00,"93,48454565562825","0,0",2,4,2024-04-28
2024-04-28 09:00:00,"45,693501505530435","-7,16",2,4,2024-04-28
2024-04-28 10:00:00,"-70,61554476524817","-18,049999",2,4,2024-04-28
2024-04-28 11:00:00,"-252,5153546129889","-18,65",2,4,2024-04-28
2024-04-28 12:00:00,"-251,68731953007025","-18,790001",2,4,2024-04-28
2024-04-28 13:00:00,"-150,13459874533444","-15,66",2,4,2024-04-28
2024-04-28 14:00:00,"-25,549378794837953","-15,51",2,4,2024-04-28
2024-04-28 15:00:00,"95,37547230589584","-0,15",2,4,2024-04-28
2024-04-28 16:00:00,"277,1865802855863","189,289993",2,4,2024-04-28
2024-04-28 17:00:00,"397,0365433716735","517,299988",2,4,2024-04-28
2024-04-28 18:00:00,"490,21794172407357","577,640015",2,4,2024-04-28
2024-04-28 19:00:00,"559,2929828708603","583,159973",2,4,2024-04-28
2024-04-28 20:00:00,"566,8109793796846","468,079987",2,4,2024-04-28
2024-04-28 21:00:00,"549,8494783729801","417,890015",2,4,2024-04-28
2024-04-28 22:00:00,"518,4057357706001","306,529999",2,4,2024-04-28
2024-04-28 23:00:00,"484,20174334373274","370,75",2,4,2024-04-28
2024-07-01 00:00:00,"563,9935990834094","583,150024",3,1,2024-07-01
2024-07-01 01:00:00,"544,0812524424207","581,809998",3,1,2024-07-01
2024-07-01 02:00:00,"541,6249385614628","564,059998",3,1,2024-07-01
2024-07-01 03:00:00,"591,7794447090741","602,76001",3,1,2024-07-01
2024-07-01 04:00:00,"744,2999614313674","907,349976",3,1,2024-07-01
2024-07-01 05:00:00,"884,2805509261811","1018,109985",3,1,2024-07-01
2024-07-01 06:00:00,"872,727331117666","963,590027",3,1,2024-07-01
2024-07-01 07:00:00,"755,62891365946","841,27002",3,1,2024-07-01
2024-07-01 08:00:00,"631,9154975182802","750,289978",3,1,2024-07-01
2024-07-01 09:00:00,"512,7505906450598","642,070007",3,1,2024-07-01
2024-07-01 10:00:00,"411,46231222240175","493,200012",3,1,2024-07-01
2024-07-01 11:00:00,"322,3406339862608","318,609985",3,1,2024-07-01
2024-07-01 12:00:00,"321,1864689881541","258,5",3,1,2024-07-01
2024-07-01 13:00:00,"354,0053780323415","242,759995",3,1,2024-07-01
2024-07-01 14:00:00,"419,638021835663","231,649994",3,1,2024-07-01
2024-07-01 15:00:00,"508,9445749062006","410,200012",3,1,2024-07-01
2024-07-01 16:00:00,"623,8858224669427","538,77002",3,1,2024-07-01
2024-07-01 17:00:00,"870,0734221094897","733,72998",3,1,2024-07-01
2024-07-01 18:00:00,"1122,7225259592951","791,080017",3,1,2024-07-01
2024-07-01 19:00:00,"1120,566409932656","939,719971",3,1,2024-07-01
2024-07-01 20:00:00,"911,9759855853817","782,580017",3,1,2024-07-01
2024-07-01 21:00:00,"777,1286622660712","653,700012",3,1,2024-07-01
2024-07-01 22:00:00,"659,543879693107","593,919983",3,1,2024-07-01
2024-07-01 23:00:00,"584,8211944698609","462,350006",3,1,2024-07-01
2024-07-02 00:00:00,"560,6917555747498","375,829987",3,1,2024-07-02
2024-07-02 01:00:00,"550,1539882876923","402,829987",3,1,2024-07-02
2024-07-02 02:00:00,"552,6369305864469","343,98999",3,1,2024-07-02
2024-07-02 03:00:00,"579,5730431909179","379,040009",3,1,2024-07-02
2024-07-02 04:00:00,"721,4579056549863","518,070007",3,1,2024-07-02
2024-07-02 05:00:00,"816,5110033062228","496,140015",3,1,2024-07-02
2024-07-02 06:00:00,"742,2098734556814","611,299988",3,1,2024-07-02
2024-07-02 07:00:00,"632,965811855269","498,970001",3,1,2024-07-02
2024-07-02 08:00:00,"508,75646037475667","293,119995",3,1,2024-07-02
2024-07-02 09:00:00,"350,73582816771875","265,369995",3,1,2024-07-02
2024-07-02 10:00:00,"238,11859253697645","263,51001",3,1,2024-07-02
2024-07-02 11:00:00,"188,17243356299585","257,98999",3,1,2024-07-02
2024-07-02 12:00:00,"165,6045918639888","252,990005",3,1,2024-07-02
2024-07-02 13:00:00,"190,66019600302405","243,070007",3,1,2024-07-02
2024-07-02 14:00:00,"270,85983604902384","249,410004",3,1,2024-07-02
2024-07-02 15:00:00,"366,7600982181315","262,170013",3,1,2024-07-02
2024-07-02 16:00:00,"498,5369032987995","261,720001",3,1,2024-07-02
2024-07-02 17:00:00,"664,1522684491471","267,160004",3,1,2024-07-02
2024-07-02 18:00:00,"816,4619425996163","311,98999",3,1,2024-07-02
2024-07-02 19:00:00,"836,5738191408755","436,920013",3,1,2024-07-02
2024-07-02 20:00:00,"751,2908757180486","345,779999",3,1,2024-07-02
2024-07-02 21:00:00,"655,8424628783765","301,100006",3,1,2024-07-02
2024-07-02 22:00:00,"732,1533488925534","277,459991",3,1,2024-07-02
2024-07-02 23:00:00,"768,4053090008887","268,809998",3,1,2024-07-02
2024-07-03 00:00:00,"808,784020164182","267,23999",3,1,2024-07-03
2024-07-03 01:00:00,"907,6448085232156","270,380005",3,1,2024-07-03
2024-07-03 02:00:00,"999,6859936421579","288,649994",3,1,2024-07-03
2024-07-03 03:00:00,"1342,8118066845948","439,309998",3,1,2024-07-03
2024-07-03 04:00:00,"1608,6363843312731","647,929993",3,1,2024-07-03
2024-07-03 05:00:00,"1797,2000923750345","729,599976",3,1,2024-07-03
2024-07-03 06:00:00,"1429,8127885914025","771,669983",3,1,2024-07-03
2024-07-03 07:00:00,"968,5135371747533","416,709991",3,1,2024-07-03
2024-07-03 08:00:00,"795,4200884090003","323,029999",3,1,2024-07-03
2024-07-03 09:00:00,"643,4416945577577","298,119995",3,1,2024-07-03
2024-07-03 10:00:00,"477,14320350249903","291,859985",3,1,2024-07-03
2024-07-03 11:00:00,"318,7991618367939","296,179993",3,1,2024-07-03
2024-07-03 12:00:00,"227,88336567547515","306,100006",3,1,2024-07-03
2024-07-03 13:00:00,"256,35201231189313","317,220001",3,1,2024-07-03
2024-07-03 14:00:00,"299,34853112733816","376,660004",3,1,2024-07-03
2024-07-03 15:00:00,"382,61011533883214","590,5",3,1,2024-07-03
2024-07-03 16:00:00,"567,9497533340824","697,830017",3,1,2024-07-03
2024-07-03 17:00:00,"1255,0279897541295","831,27002",3,1,2024-07-03
2024-07-03 18:00:00,"1804,9304444669488","1149,969971",3,1,2024-07-03
2024-07-03 19:00:00,"2673,2039829424875","784,130005",3,1,2024-07-03
2024-07-03 20:00:00,"1803,0857703736535","655,23999",3,1,2024-07-03
2024-07-03 21:00:00,"1567,9560405544612","513,900024",3,1,2024-07-03
2024-07-03 22:00:00,"1067,121184693457","436,329987",3,1,2024-07-03
2024-07-03 23:00:00,"846,8074700658698","228,75",3,1,2024-07-03
2024-07-04 00:00:00,"695,8658696304097","154,240005",3,1,2024-07-04
2024-07-04 01:00:00,"622,7111031066243","130,149994",3,1,2024-07-04
2024-07-04 02:00:00,"570,6637449807986","70,779999",3,1,2024-07-04
2024-07-04 03:00:00,"572,9493176342336","74,730003",3,1,2024-07-04
2024-07-04 04:00:00,"674,0232109789891","197,429993",3,1,2024-07-04
2024-07-04 05:00:00,"770,0119977429035","223,759995",3,1,2024-07-04
2024-07-04 06:00:00,"793,8063068535141","235,910004",3,1,2024-07-04
2024-07-04 07:00:00,"683,0963842779109","168,940002",3,1,2024-07-04
2024-07-04 08:00:00,"577,7171766316842","14,17",3,1,2024-07-04
2024-07-04 09:00:00,"476,76636102044534","0,0",3,1,2024-07-04
2024-07-04 10:00:00,"402,59936521527817","-0,3",3,1,2024-07-04
2024-07-04 11:00:00,"345,4096912963088","-37,52",3,1,2024-07-04
2024-07-04 12:00:00,"334,94072464043415","-142,380005",3,1,2024-07-04
2024-07-04 13:00:00,"355,99199114506354","-100,470001",3,1,2024-07-04
2024-07-04 14:00:00,"407,26451464416743","-39,599998",3,1,2024-07-04
2024-07-04 15:00:00,"471,28791615761935","-0,22",3,1,2024-07-04
2024-07-04 16:00:00,"587,5542935287385","50,490002",3,1,2024-07-04
2024-07-04 17:00:00,"806,8273580229619","216,300003",3,1,2024-07-04
2024-07-04 18:00:00,"1085,0199603581566","336,160004",3,1,2024-07-04
2024-07-04 19:00:00,"1118,4199842037963","289,320007",3,1,2024-07-04
2024-07-04 20:00:00,"904,3143402600342","288,5",3,1,2024-07-04
2024-07-04 21:00:00,"780,9457377682754","284,170013",3,1,2024-07-04
2024-07-04 22:00:00,"676,9714500995462","51,610001",3,1,2024-07-04
2024-07-04 23:00:00,"607,1844544868294","36,02",3,1,2024-07-04
2024-07-05 00:00:00,"554,3009856311438","29,83",3,1,2024-07-05
2024-07-05 01:00:00,"513,8831583114971","19,91",3,1,2024-07-05
2024-07-05 02:00:00,"484,93637438289664","21,780001",3,1,2024-07-05
2024-07-05 03:00:00,"493,12554445443163","42,66",3,1,2024-07-05
2024-07-05 04:00:00,"558,7719020256548","149,100006",3,1,2024-07-05
2024-07-05 05:00:00,"637,930774152556","216,970001",3,1,2024-07-05
2024-07-05 06:00:00,"659,34689034528","234,720001",3,1,2024-07-05
2024-07-05 07:00:00,"615,0350478484152","138,429993",3,1,2024-07-05
2024-07-05 08:00:00,"522,9308140666888","22,0",3,1,2024-07-05
2024-07-05 09:00:00,"377,11597953698094","3,06",3,1,2024-07-05
2024-07-05 10:00:00,"289,58722021698577","-0,3",3,1,2024-07-05
2024-07-05 11:00:00,"239,70285992928288","-4,1",3,1,2024-07-05
2024-07-05 12:00:00,"249,74079865328892","-5,74",3,1,2024-07-05
2024-07-05 13:00:00,"251,05657842415064","-0,22",3,1,2024-07-05
2024-07-05 14:00:00,"265,26076820015527","14,4",3,1,2024-07-05
2024-07-05 15:00:00,"338,5179831715392","125,379997",3,1,2024-07-05
2024-07-05 16:00:00,"401,4001348202804","186,839996",3,1,2024-07-05
2024-07-05 17:00:00,"470,77466343354405","273,730011",3,1,2024-07-05
2024-07-05 18:00:00,"552,8111688549873","282,01001",3,1,2024-07-05
2024-07-05 19:00:00,"663,8302301210009","447,959991",3,1,2024-07-05
2024-07-05 20:00:00,"667,8865207360462","618,02002",3,1,2024-07-05
2024-07-05 21:00:00,"607,2900484730243","633,609985",3,1,2024-07-05
2024-07-05 22:00:00,"581,9537059927334","637,890015",3,1,2024-07-05
2024-07-05 23:00:00,"531,7010314504189","492,73999",3,1,2024-07-05
2024-07-06 00:00:00,"483,56954144540794","473,799988",3,1,2024-07-06
2024-07-06 01:00:00,"450,1164971505164","346,540009",3,1,2024-07-06
2024-07-06 02:00:00,"422,01950069626906","288,070007",3,1,2024-07-06
2024-07-06 03:00:00,"356,391438342137","117,029999",3,1,2024-07-06
2024-07-06 04:00:00,"327,665946719305","42,740002",3,1,2024-07-06
2024-07-06 05:00:00,"308,41282273559636","40,049999",3,1,2024-07-06
2024-07-06 06:00:00,"285,2437600644288","25,360001",3,1,2024-07-06
2024-07-06 07:00:00,"206,9380847628086","2,39",3,1,2024-07-06
2024-07-06 08:00:00,"132,53425323281465","-0,3",3,1,2024-07-06
2024-07-06 09:00:00,"89,87340605432229","-0,15",3,1,2024-07-06
2024-07-06 10:00:00,"-20,250424132993167","-0,22",3,1,2024-07-06
2024-07-06 11:00:00,"-54,525853152486135","-0,9",3,1,2024-07-06
2024-07-06 12:00:00,"-79,29303558557777","-16,26",3,1,2024-07-06
2024-07-06 13:00:00,"-125,97702875286622","-20,209999",3,1,2024-07-06
2024-07-06 14:00:00,"39,35926266757518","-4,48",3,1,2024-07-06
2024-07-06 15:00:00,"157,64751241994733","-0,45",3,1,2024-07-06
2024-07-06 16:00:00,"333,7291537348341","14,02",3,1,2024-07-06
2024-07-06 17:00:00,"443,02554110322836","1,64",3,1,2024-07-06
2024-07-06 18:00:00,"540,0668679535445","49,900002",3,1,2024-07-06
2024-07-06 19:00:00,"623,4419826809926","70,110001",3,1,2024-07-06
2024-07-06 20:00:00,"609,2954951000897","134,259995",3,1,2024-07-06
2024-07-06 21:00:00,"531,4274270475817","104,580002",3,1,2024-07-06
2024-07-06 22:00:00,"456,3030219754866","-0,22",3,1,2024-07-06
2024-07-06 23:00:00,"380,40426798999056","-0,75",3,1,2024-07-06
2024-07-07 00:00:00,"304,0660164880707","-5,97",3,1,2024-07-07
2024-07-07 01:00:00,"274,47208186067036","-3,58",3,1,2024-07-07
2024-07-07 02:00:00,"260,37219486604255","-0,45",3,1,2024-07-07
2024-07-07 03:00:00,"244,24700792433433","-0,07",3,1,2024-07-07
2024-07-07 04:00:00,"242,0776842454983","-0,07",3,1,2024-07-07
2024-07-07 05:00:00,"173,46949423912093","-0,07",3,1,2024-07-07
2024-07-07 06:00:00,"101,93888104120099","-4,47",3,1,2024-07-07
2024-07-07 07:00:00,"43,527538607839936","-48,400002",3,1,2024-07-07
2024-07-07 08:00:00,"28,319196122276438","-74,43",3,1,2024-07-07
2024-07-07 09:00:00,"13,9976729203714","-89,800003",3,1,2024-07-07
2024-07-07 10:00:00,"12,2452908674217","-100,610001",3,1,2024-07-07
2024-07-07 11:00:00,"-56,24123642505003","-112,019997",3,1,2024-07-07
2024-07-07 12:00:00,"-91,52783824489784","-156,470001",3,1,2024-07-07
2024-07-07 13:00:00,"-91,15189422674942","-90,989998",3,1,2024-07-07
2024-07-07 14:00:00,"5,254223496889478","-45,939999",3,1,2024-07-07
2024-07-07 15:00:00,"91,44365446221529","-0,6",3,1,2024-07-07
2024-07-07 16:00:00,"234,8320705232582","477,23999",3,1,2024-07-07
2024-07-07 17:00:00,"438,1833330005349","673,23999",3,1,2024-07-07
2024-07-07 18:00:00,"592,999504256857","890,48999",3,1,2024-07-07
2024-07-07 19:00:00,"751,8413107313798","947,549988",3,1,2024-07-07
2024-07-07 20:00:00,"779,9790928359414","859,169983",3,1,2024-07-07
2024-07-07 21:00:00,"729,1463957374702","724,400024",3,1,2024-07-07
2024-07-07 22:00:00,"694,9113516429754","608,72998",3,1,2024-07-07
2024-07-07 23:00:00,"638,0452984681592","571,659973",3,1,2024-07-07
2024-07-08 00:00:00,"573,3380348847772","552,48999",3,2,2024-07-08
2024-07-08 01:00:00,"575,0632653458954","579,640015",3,2,2024-07-08
2024-07-08 02:00:00,"576,2161713209248","568,900024",3,2,2024-07-08
2024-07-08 03:00:00,"625,7164320339994","592,469971",3,2,2024-07-08
2024-07-08 04:00:00,"819,5722594776056","820,390015",3,2,2024-07-08
2024-07-08 05:00:00,"979,9930718639976","924,580017",3,2,2024-07-08
2024-07-08 06:00:00,"915,4069786475449","750,580017",3,2,2024-07-08
2024-07-08 07:00:00,"791,7778050462603","578,820007",3,2,2024-07-08
2024-07-08 08:00:00,"687,3016104381646","402,209991",3,2,2024-07-08
2024-07-08 09:00:00,"577,1511144613527","286,609985",3,2,2024-07-08
2024-07-08 10:00:00,"473,6623301475012","237,089996",3,2,2024-07-08
2024-07-08 11:00:00,"370,43839654780703","219,639999",3,2,2024-07-08
2024-07-08 12:00:00,"308,41551634226073","220,460007",3,2,2024-07-08
2024-07-08 13:00:00,"331,9773128870342","274,079987",3,2,2024-07-08
2024-07-08 14:00:00,"384,44037947519223","477,320007",3,2,2024-07-08
2024-07-08 15:00:00,"496,8899150489561","598,140015",3,2,2024-07-08
2024-07-08 16:00:00,"631,0948620166581","765,419983",3,2,2024-07-08
2024-07-08 17:00:00,"905,0544988663387","1006,840027",3,2,2024-07-08
2024-07-08 18:00:00,"1252,3565273551444","1857,140015",3,2,2024-07-08
2024-07-08 19:00:00,"1223,7492005286233","1295,390015",3,2,2024-07-08
2024-07-08 20:00:00,"971,7907584353704","847,609985",3,2,2024-07-08
2024-07-08 21:00:00,"836,5725349241869","686,289978",3,2,2024-07-08
2024-07-08 22:00:00,"720,1873309866203","787,049988",3,2,2024-07-08
2024-07-08 23:00:00,"654,9348639458478","715,73999",3,2,2024-07-08
2024-07-09 00:00:00,"623,3774338377268","694,26001",3,2,2024-07-09
2024-07-09 01:00:00,"610,9647301578054","679,789978",3,2,2024-07-09
2024-07-09 02:00:00,"607,4342180563931","653,840027",3,2,2024-07-09
2024-07-09 03:00:00,"627,9022950716385","722,22998",3,2,2024-07-09
2024-07-09 04:00:00,"758,7554028666541","830,76001",3,2,2024-07-09
2024-07-09 05:00:00,"841,1389299017678","773,919983",3,2,2024-07-09
2024-07-09 06:00:00,"776,3073008745835","701,119995",3,2,2024-07-09
2024-07-09 07:00:00,"676,8148917062936","501,679993",3,2,2024-07-09
2024-07-09 08:00:00,"582,69305589674","347,799988",3,2,2024-07-09
2024-07-09 09:00:00,"474,5071574965258","251,440002",3,2,2024-07-09
2024-07-09 10:00:00,"387,33973668463557","163,720001",3,2,2024-07-09
2024-07-09 11:00:00,"318,4026577477433","119,190002",3,2,2024-07-09
2024-07-09 12:00:00,"288,9284785352804","32,369999",3,2,2024-07-09
2024-07-09 13:00:00,"316,83596870102247","82,639999",3,2,2024-07-09
2024-07-09 14:00:00,"398,0974509813782","400,76001",3,2,2024-07-09
2024-07-09 15:00:00,"483,52820199358877","609,309998",3,2,2024-07-09
2024-07-09 16:00:00,"621,2053119109177","740,429993",3,2,2024-07-09
2024-07-09 17:00:00,"824,2575931268016","822,47998",3,2,2024-07-09
2024-07-09 18:00:00,"952,9827131647105","841,349976",3,2,2024-07-09
2024-07-09 19:00:00,"889,3007403905931","748,26001",3,2,2024-07-09
2024-07-09 20:00:00,"785,5249988365078","338,779999",3,2,2024-07-09
2024-07-09 21:00:00,"674,7590693499393","301,779999",3,2,2024-07-09
2024-07-09 22:00:00,"769,5549243809604","243,110001",3,2,2024-07-09
2024-07-09 23:00:00,"802,3650861838368","246,089996",3,2,2024-07-09
2024-07-10 00:00:00,"861,448913708972","224,009995",3,2,2024-07-10
2024-07-10 01:00:00,"956,9290974406163","214,320007",3,2,2024-07-10
2024-07-10 02:00:00,"1057,9723526308762","223,789993",3,2,2024-07-10
2024-07-10 03:00:00,"1522,2954879491067","243,779999",3,2,2024-07-10
2024-07-10 04:00:00,"2002,565622573535","300,700012",3,2,2024-07-10
2024-07-10 05:00:00,"2707,5323608295307","325,089996",3,2,2024-07-10
2024-07-10 06:00:00,"1644,2979641150412","622,809998",3,2,2024-07-10
2024-07-10 07:00:00,"1142,1884743800117","586,109985",3,2,2024-07-10
2024-07-10 08:00:00,"852,1010607866974","484,880005",3,2,2024-07-10
2024-07-10 09:00:00,"681,5545191693637","416,029999",3,2,2024-07-10
2024-07-10 10:00:00,"537,6469397285149","351,570007",3,2,2024-07-10
2024-07-10 11:00:00,"411,74126856894424","304,059998",3,2,2024-07-10
2024-07-10 12:00:00,"296,0725924699638","392,149994",3,2,2024-07-10
2024-07-10 13:00:00,"283,79194604931405","394,690002",3,2,2024-07-10
2024-07-10 14:00:00,"303,3190607425064","441,089996",3,2,2024-07-10
2024-07-10 15:00:00,"423,7335468640851","597,820007",3,2,2024-07-10
2024-07-10 16:00:00,"698,3794920911938","595,059998",3,2,2024-07-10
2024-07-10 17:00:00,"1356,2148378198156","743,880005",3,2,2024-07-10
2024-07-10 18:00:00,"1885,2193228792787","872,780029",3,2,2024-07-10
2024-07-10 19:00:00,"2649,6020102822913","1122,75",3,2,2024-07-10
2024-07-10 20:00:00,"1696,455141444709","850,179993",3,2,2024-07-10
2024-07-10 21:00:00,"1506,5402066316385","693,150024",3,2,2024-07-10
2024-07-10 22:00:00,"1034,8306063019636","716,380005",3,2,2024-07-10
2024-07-10 23:00:00,"833,723470064367","596,48999",3,2,2024-07-10
2024-07-11 00:00:00,"697,3639433456568","574,919983",3,2,2024-07-11
2024-07-11 01:00:00,"568,3342152918542","593,869995",3,2,2024-07-11
2024-07-11 02:00:00,"465,94079770803677","599,169983",3,2,2024-07-11
2024-07-11 03:00:00,"397,12792090982134","611,630005",3,2,2024-07-11
2024-07-11 04:00:00,"500,53483472413023","801,72998",3,2,2024-07-11
2024-07-11 05:00:00,"591,7130428685444","895,289978",3,2,2024-07-11
2024-07-11 06:00:00,"612,4669013288019","794,789978",3,2,2024-07-11
2024-07-11 07:00:00,"535,1381554871887","664,830017",3,2,2024-07-11
2024-07-11 08:00:00,"431,2599005361366","602,01001",3,2,2024-07-11
2024-07-11 09:00:00,"328,72624354778026","496,880005",3,2,2024-07-11
2024-07-11 10:00:00,"278,00342213411903","428,540009",3,2,2024-07-11
2024-07-11 11:00:00,"249,2321721092168","355,880005",3,2,2024-07-11
2024-07-11 12:00:00,"183,3654348616906","331,850006",3,2,2024-07-11
2024-07-11 13:00:00,"173,0202386339293","373,779999",3,2,2024-07-11
2024-07-11 14:00:00,"243,26677612256253","454,959991",3,2,2024-07-11
2024-07-11 15:00:00,"315,4716631537533","611,109985",3,2,2024-07-11
2024-07-11 16:00:00,"427,5565862218447","683,25",3,2,2024-07-11
2024-07-11 17:00:00,"574,181454313","872,909973",3,2,2024-07-11
2024-07-11 18:00:00,"912,4672617768854","1375,23999",3,2,2024-07-11
2024-07-11 19:00:00,"1010,9087125688748","1244,0",3,2,2024-07-11
2024-07-11 20:00:00,"867,9346478190391","907,150024",3,2,2024-07-11
2024-07-11 21:00:00,"743,364620855076","732,049988",3,2,2024-07-11
2024-07-11 22:00:00,"634,7673821880375","764,130005",3,2,2024-07-11
2024-07-11 23:00:00,"530,7669108567279","651,400024",3,2,2024-07-11
2024-07-12 00:00:00,"440,8307022792893","609,619995",3,2,2024-07-12
2024-07-12 01:00:00,"373,8746073530752","596,710022",3,2,2024-07-12
2024-07-12 02:00:00,"341,28240001752766","570,0",3,2,2024-07-12
2024-07-12 03:00:00,"341,5666195506223","592,159973",3,2,2024-07-12
2024-07-12 04:00:00,"412,9770641911073","805,309998",3,2,2024-07-12
2024-07-12 05:00:00,"496,7297605016189","820,080017",3,2,2024-07-12
2024-07-12 06:00:00,"524,9163587391809","817,690002",3,2,2024-07-12
2024-07-12 07:00:00,"467,64608751989635","763,97998",3,2,2024-07-12
2024-07-12 08:00:00,"366,50988488661886","715,26001",3,2,2024-07-12
2024-07-12 09:00:00,"271,5513020554728","670,200012",3,2,2024-07-12
2024-07-12 10:00:00,"228,87168587819536","621,099976",3,2,2024-07-12
2024-07-12 11:00:00,"208,21216203038043","586,409973",3,2,2024-07-12
2024-07-12 12:00:00,"183,9508748855873","582,22998",3,2,2024-07-12
2024-07-12 13:00:00,"174,64506077856436","583,349976",3,2,2024-07-12
2024-07-12 14:00:00,"212,2076954317757","624,159973",3,2,2024-07-12
2024-07-12 15:00:00,"278,2385064308111","589,400024",3,2,2024-07-12
2024-07-12 16:00:00,"378,0320114685762","671,840027",3,2,2024-07-12
2024-07-12 17:00:00,"484,1792550163303","720,849976",3,2,2024-07-12
2024-07-12 18:00:00,"624,4275920009933","683,400024",3,2,2024-07-12
2024-07-12 19:00:00,"720,2301100988534","705,859985",3,2,2024-07-12
2024-07-12 20:00:00,"731,5785229500507","639,090027",3,2,2024-07-12
2024-07-12 21:00:00,"673,983461607075","522,330017",3,2,2024-07-12
2024-07-12 22:00:00,"637,3288652410398","251,740005",3,2,2024-07-12
2024-07-12 23:00:00,"589,5706756616665","242,940002",3,2,2024-07-12
2024-07-13 00:00:00,"530,500536524638","259,869995",3,2,2024-07-13
2024-07-13 01:00:00,"483,3249563800453","247,710007",3,2,2024-07-13
2024-07-13 02:00:00,"459,4578142911239","243,610001",3,2,2024-07-13
2024-07-13 03:00:00,"378,57204260068784","231,149994",3,2,2024-07-13
2024-07-13 04:00:00,"325,51590017781206","227,860001",3,2,2024-07-13
2024-07-13 05:00:00,"288,9546320733087","207,570007",3,2,2024-07-13
2024-07-13 06:00:00,"262,31207825326265","198,470001",3,2,2024-07-13
2024-07-13 07:00:00,"189,28110811857437","156,460007",3,2,2024-07-13
2024-07-13 08:00:00,"111,02077244531073","38,5",3,2,2024-07-13
2024-07-13 09:00:00,"73,93515321846378","0,3",3,2,2024-07-13
2024-07-13 10:00:00,"-14,063403656952868","-0,07",3,2,2024-07-13
2024-07-13 11:00:00,"-45,26120387000515","-6,49",3,2,2024-07-13
2024-07-13 12:00:00,"-76,22457103949831","-6,04",3,2,2024-07-13
2024-07-13 13:00:00,"-119,077262898545","-0,45",3,2,2024-07-13
2024-07-13 14:00:00,"29,677082008398152","10,52",3,2,2024-07-13
2024-07-13 15:00:00,"158,83133825129465","-0,07",3,2,2024-07-13
2024-07-13 16:00:00,"281,2917988372459","214,660004",3,2,2024-07-13
2024-07-13 17:00:00,"364,7542354592697","375,519989",3,2,2024-07-13
2024-07-13 18:00:00,"468,1552152744893","562,950012",3,2,2024-07-13
2024-07-13 19:00:00,"526,4495851703435","568,98999",3,2,2024-07-13
2024-07-13 20:00:00,"520,6603055481219","588,23999",3,2,2024-07-13
2024-07-13 21:00:00,"472,6324401763618","470,049988",3,2,2024-07-13
2024-07-13 22:00:00,"385,8069497744626","663,700012",3,2,2024-07-13
2024-07-13 23:00:00,"322,506699087671","471,48999",3,2,2024-07-13
2024-07-14 00:00:00,"301,4076217707815","413,73999",3,2,2024-07-14
2024-07-14 01:00:00,"291,4041322740027","330,540009",3,2,2024-07-14
2024-07-14 02:00:00,"282,6052425732784","283,01001",3,2,2024-07-14
2024-07-14 03:00:00,"275,09281453018633","274,660004",3,2,2024-07-14
2024-07-14 04:00:00,"270,25399717718295","238,470001",3,2,2024-07-14
2024-07-14 05:00:00,"207,95523983313188","106,550003",3,2,2024-07-14
2024-07-14 06:00:00,"149,63733985792075","2,16",3,2,2024-07-14
2024-07-14 07:00:00,"102,52559626792595","-17,09",3,2,2024-07-14
2024-07-14 08:00:00,"70,25019734033899","-22,530001",3,2,2024-07-14
2024-07-14 09:00:00,"2,1140467695238963","-25,370001",3,2,2024-07-14
2024-07-14 10:00:00,"-17,047271503915816","-31,49",3,2,2024-07-14
2024-07-14 11:00:00,"-17,811218480465364","-38,5",3,2,2024-07-14
2024-07-14 12:00:00,"-20,989916113191857","-47,830002",3,2,2024-07-14
2024-07-14 13:00:00,"-18,816875128745117","-39,990002",3,2,2024-07-14
2024-07-14 14:00:00,"47,43779617037284","-75,809998",3,2,2024-07-14
2024-07-14 15:00:00,"105,9128015984495","-0,37",3,2,2024-07-14
2024-07-14 16:00:00,"227,95555304233878","347,26001",3,2,2024-07-14
2024-07-14 17:00:00,"391,0035079498286","654,820007",3,2,2024-07-14
2024-07-14 18:00:00,"556,1222306749593","841,650024",3,2,2024-07-14
2024-07-14 19:00:00,"722,1410767482524","806,059998",3,2,2024-07-14
2024-07-14 20:00:00,"723,0002414417048","789,719971",3,2,2024-07-14
2024-07-14 21:00:00,"677,0566144565155","649,590027",3,2,2024-07-14
2024-07-14 22:00:00,"662,7157475316494","592,070007",3,2,2024-07-14
2024-07-14 23:00:00,"611,1663578893011","494,25",3,2,2024-07-14
2024-07-15 00:00:00,"521,7655934093111","434,029999",3,3,2024-07-15
2024-07-15 01:00:00,"550,7906779476026","361,059998",3,3,2024-07-15
2024-07-15 02:00:00,"565,8831686873082","388,73999",3,3,2024-07-15
2024-07-15 03:00:00,"600,5177650036114","482,160004",3,3,2024-07-15
2024-07-15 04:00:00,"724,4522050734656","482,609985",3,3,2024-07-15
2024-07-15 05:00:00,"809,7644844716459","482,380005",3,3,2024-07-15
2024-07-15 06:00:00,"806,2485583665856","482,079987",3,3,2024-07-15
2024-07-15 07:00:00,"706,9030074158595","299,200012",3,3,2024-07-15
2024-07-15 08:00:00,"592,3062056589935","265,029999",3,3,2024-07-15
2024-07-15 09:00:00,"477,48623233010994","84,239998",3,3,2024-07-15
2024-07-15 10:00:00,"384,7638875955176","0,52",3,3,2024-07-15
2024-07-15 11:00:00,"305,5353829750612","-0,07",3,3,2024-07-15
2024-07-15 12:00:00,"253,1426062197033","-0,52",3,3,2024-07-15
2024-07-15 13:00:00,"281,309288362674","26,41",3,3,2024-07-15
2024-07-15 14:00:00,"344,27057947650724","330,470001",3,3,2024-07-15
2024-07-15 15:00:00,"446,15788070175284","611,840027",3,3,2024-07-15
2024-07-15 16:00:00,"547,8913252545501","853,219971",3,3,2024-07-15
2024-07-15 17:00:00,"739,8488050251368","1389,619995",3,3,2024-07-15
2024-07-15 18:00:00,"1044,8488961441697","1598,540039",3,3,2024-07-15
2024-07-15 19:00:00,"1077,5929917105318","1050,27002",3,3,2024-07-15
2024-07-15 20:00:00,"896,3526184366822","690,030029",3,3,2024-07-15
2024-07-15 21:00:00,"768,7468240971358","597,659973",3,3,2024-07-15
2024-07-15 22:00:00,"703,6730579190742","571,47998",3,3,2024-07-15
2024-07-15 23:00:00,"653,9701395623662","475,829987",3,3,2024-07-15
2024-07-16 00:00:00,"627,0275475797812","391,660004",3,3,2024-07-16
2024-07-16 01:00:00,"610,6386097317662","274,73999",3,3,2024-07-16
2024-07-16 02:00:00,"596,0096715711925","284,730011",3,3,2024-07-16
2024-07-16 03:00:00,"613,9164200467723","375,470001",3,3,2024-07-16
2024-07-16 04:00:00,"696,8957180426409","531,859985",3,3,2024-07-16
2024-07-16 05:00:00,"741,3989992079576","593,049988",3,3,2024-07-16
2024-07-16 06:00:00,"723,1559784972487","568,349976",3,3,2024-07-16
2024-07-16 07:00:00,"628,2674054869459","468,359985",3,3,2024-07-16
2024-07-16 08:00:00,"510,49315850785723","160,350006",3,3,2024-07-16
2024-07-16 09:00:00,"376,03017152055156","10,67",3,3,2024-07-16
2024-07-16 10:00:00,"294,7535496837568","15,15",3,3,2024-07-16
2024-07-16 11:00:00,"233,50001635491924","98,489998",3,3,2024-07-16
2024-07-16 12:00:00,"219,66806360873997","30,290001",3,3,2024-07-16
2024-07-16 13:00:00,"235,04121722617188","10,97",3,3,2024-07-16
2024-07-16 14:00:00,"306,0592393154572","-0,07",3,3,2024-07-16
2024-07-16 15:00:00,"408,70229288959285","165,050003",3,3,2024-07-16
2024-07-16 16:00:00,"521,7773181540834","470,230011",3,3,2024-07-16
2024-07-16 17:00:00,"717,9383480902628","611,780029",3,3,2024-07-16
2024-07-16 18:00:00,"868,8973370455818","907,330017",3,3,2024-07-16
2024-07-16 19:00:00,"828,6190023751183","852,710022",3,3,2024-07-16
2024-07-16 20:00:00,"758,918317740049","789,51001",3,3,2024-07-16
2024-07-16 21:00:00,"659,4220463092022","629,090027",3,3,2024-07-16
2024-07-16 22:00:00,"786,6750517844226","652,109985",3,3,2024-07-16
2024-07-16 23:00:00,"812,590551440301","544,52002",3,3,2024-07-16
2024-07-17 00:00:00,"906,6364753212728","543,330017",3,3,2024-07-17
2024-07-17 01:00:00,"1112,4346038916615","526,23999",3,3,2024-07-17
2024-07-17 02:00:00,"1249,7551727626649","530,119995",3,3,2024-07-17
2024-07-17 03:00:00,"1817,4505951193153","577,799988",3,3,2024-07-17
2024-07-17 04:00:00,"3667,524506610705","671,880005",3,3,2024-07-17
2024-07-17 05:00:00,"3131,660390359587","744,330017",3,3,2024-07-17
2024-07-17 06:00:00,"1806,6742520019302","788,650024",3,3,2024-07-17
2024-07-17 07:00:00,"1244,1369667217741","575,559998",3,3,2024-07-17
2024-07-17 08:00:00,"889,0086417266268","434,170013",3,3,2024-07-17
2024-07-17 09:00:00,"719,9602538504507","311,51001",3,3,2024-07-17
2024-07-17 10:00:00,"565,5642394134513","243,160004",3,3,2024-07-17
2024-07-17 11:00:00,"436,41512152005856","163,029999",3,3,2024-07-17
2024-07-17 12:00:00,"345,3647569803834","80,580002",3,3,2024-07-17
2024-07-17 13:00:00,"351,41432926880054","100,5",3,3,2024-07-17
2024-07-17 14:00:00,"409,5266852814117","290,089996",3,3,2024-07-17
2024-07-17 15:00:00,"486,7063115274461","460,209991",3,3,2024-07-17
2024-07-17 16:00:00,"677,792190617467","618,76001",3,3,2024-07-17
2024-07-17 17:00:00,"1105,4986477890423","797,530029",3,3,2024-07-17
2024-07-17 18:00:00,"1410,7904203976643","984,280029",3,3,2024-07-17
2024-07-17 19:00:00,"1639,4553927940728","1044,790039",3,3,2024-07-17
2024-07-17 20:00:00,"1419,26706542489","857,369995",3,3,2024-07-17
2024-07-17 21:00:00,"1289,197874052614","687,700012",3,3,2024-07-17
2024-07-17 22:00:00,"914,8273362917145","506,570007",3,3,2024-07-17
2024-07-17 23:00:00,"745,1066233771512","544,679993",3,3,2024-07-17
2024-07-18 00:00:00,"616,7335178381819","493,589996",3,3,2024-07-18
2024-07-18 01:00:00,"495,84730401208077","491,200012",3,3,2024-07-18
2024-07-18 02:00:00,"402,5650426703433","466,880005",3,3,2024-07-18
2024-07-18 03:00:00,"359,141551906331","298,369995",3,3,2024-07-18
2024-07-18 04:00:00,"411,98882942914855","650,309998",3,3,2024-07-18
2024-07-18 05:00:00,"485,4217632972242","704,909973",3,3,2024-07-18
2024-07-18 06:00:00,"539,0601939161617","506,269989",3,3,2024-07-18
2024-07-18 07:00:00,"475,6518109047828","351,339996",3,3,2024-07-18
2024-07-18 08:00:00,"367,28241383140534","270,779999",3,3,2024-07-18
2024-07-18 09:00:00,"296,3205317317174","253,470001",3,3,2024-07-18
2024-07-18 10:00:00,"257,3126957499253","253,25",3,3,2024-07-18
2024-07-18 11:00:00,"230,62721222743932","252,800003",3,3,2024-07-18
2024-07-18 12:00:00,"136,91320547294015","254,360001",3,3,2024-07-18
2024-07-18 13:00:00,"89,02895300042842","260,929993",3,3,2024-07-18
2024-07-18 14:00:00,"169,15364549961885","197,080002",3,3,2024-07-18
2024-07-18 15:00:00,"259,6112980820969","637,630005",3,3,2024-07-18
2024-07-18 16:00:00,"319,511058093401","686,26001",3,3,2024-07-18
2024-07-18 17:00:00,"438,54651546816365","952,26001",3,3,2024-07-18
2024-07-18 18:00:00,"723,9947732142056","1382,819946",3,3,2024-07-18
2024-07-18 19:00:00,"958,8269720634021","1318,290039",3,3,2024-07-18
2024-07-18 20:00:00,"852,0217066277318","891,690002",3,3,2024-07-18
2024-07-18 21:00:00,"713,541099101363","760,26001",3,3,2024-07-18
2024-07-18 22:00:00,"607,2900390908324","672,26001",3,3,2024-07-18
2024-07-18 23:00:00,"513,0470143112755","600,200012",3,3,2024-07-18
2024-07-19 00:00:00,"425,260955633405","596,169983",3,3,2024-07-19
2024-07-19 01:00:00,"370,944664127082","583,47998",3,3,2024-07-19
2024-07-19 02:00:00,"337,16194129341943","606,390015",3,3,2024-07-19
2024-07-19 03:00:00,"352,2729100260926","667,039978",3,3,2024-07-19
2024-07-19 04:00:00,"424,6756471266915","827,289978",3,3,2024-07-19
2024-07-19 05:00:00,"484,3576830417759","810,72998",3,3,2024-07-19
2024-07-19 06:00:00,"476,77057666308366","734,109985",3,3,2024-07-19
2024-07-19 07:00:00,"412,38104080267817","607,51001",3,3,2024-07-19
2024-07-19 08:00:00,"320,98329554720067","522,22998",3,3,2024-07-19
2024-07-19 09:00:00,"246,59340849589404","438,299988",3,3,2024-07-19
2024-07-19 10:00:00,"217,2548951130463","330,799988",3,3,2024-07-19
2024-07-19 11:00:00,"188,91121819503635","272,309998",3,3,2024-07-19
2024-07-19 12:00:00,"162,59433846363473","270,070007",3,3,2024-07-19
2024-07-19 13:00:00,"157,99567145284547","317,369995",3,3,2024-07-19
2024-07-19 14:00:00,"201,01738507390013","475,899994",3,3,2024-07-19
2024-07-19 15:00:00,"242,68543383950424","576,98999",3,3,2024-07-19
2024-07-19 16:00:00,"318,52032914349394","683,460022",3,3,2024-07-19
2024-07-19 17:00:00,"419,52714742586346","888,099976",3,3,2024-07-19
2024-07-19 18:00:00,"546,8444051540581","1358,410034",3,3,2024-07-19
2024-07-19 19:00:00,"687,874971002078","895,26001",3,3,2024-07-19
2024-07-19 20:00:00,"719,6243349355169","797,22998",3,3,2024-07-19
2024-07-19 21:00:00,"669,3499475133602","683,01001",3,3,2024-07-19
2024-07-19 22:00:00,"621,6981941623644","706,789978",3,3,2024-07-19
2024-07-19 23:00:00,"575,9844164279799","667,099976",3,3,2024-07-19
2024-07-20 00:00:00,"518,5256684862194","658,440002",3,3,2024-07-20
2024-07-20 01:00:00,"467,71504502002693","670,599976",3,3,2024-07-20
2024-07-20 02:00:00,"401,22987838125636","703,130005",3,3,2024-07-20
2024-07-20 03:00:00,"338,2737073237993","699,849976",3,3,2024-07-20
2024-07-20 04:00:00,"307,61987303497665","665,159973",3,3,2024-07-20
2024-07-20 05:00:00,"288,3532744992727","641,580017",3,3,2024-07-20
2024-07-20 06:00:00,"251,83717342669073","508,850006",3,3,2024-07-20
2024-07-20 07:00:00,"187,08603346807482","371,559998",3,3,2024-07-20
2024-07-20 08:00:00,"123,3014298980399","38,419998",3,3,2024-07-20
2024-07-20 09:00:00,"94,64165951090192","0,0",3,3,2024-07-20
2024-07-20 10:00:00,"3,6746767009218004","-1,57",3,3,2024-07-20
2024-07-20 11:00:00,"-37,78357661939751","0,15",3,3,2024-07-20
2024-07-20 12:00:00,"-67,95092414653998","-1,87",3,3,2024-07-20
2024-07-20 13:00:00,"-86,19838949259255","-20,219999",3,3,2024-07-20
2024-07-20 14:00:00,"17,124780099095283","18,059999",3,3,2024-07-20
2024-07-20 15:00:00,"100,56963236928637","390,140015",3,3,2024-07-20
2024-07-20 16:00:00,"202,4714871099466","634,190002",3,3,2024-07-20
2024-07-20 17:00:00,"272,6531245997821","817,440002",3,3,2024-07-20
2024-07-20 18:00:00,"320,82952213769744","1005,380005",3,3,2024-07-20
2024-07-20 19:00:00,"341,2240706361","811,840027",3,3,2024-07-20
2024-07-20 20:00:00,"353,1886383165863","627,47998",3,3,2024-07-20
2024-07-20 21:00:00,"333,9623904622513","555,929993",3,3,2024-07-20
2024-07-20 22:00:00,"314,0141891469141","474,790009",3,3,2024-07-20
2024-07-20 23:00:00,"291,71359599791407","420,089996",3,3,2024-07-20
2024-07-21 00:00:00,"276,9279808281364","411,880005",3,3,2024-07-21
2024-07-21 01:00:00,"273,9782210372542","450,540009",3,3,2024-07-21
2024-07-21 02:00:00,"259,2509517951457","496,570007",3,3,2024-07-21
2024-07-21 03:00:00,"245,76688907736383","561,419983",3,3,2024-07-21
2024-07-21 04:00:00,"232,11393985790525","480,529999",3,3,2024-07-21
2024-07-21 05:00:00,"168,43653216242677","421,809998",3,3,2024-07-21
2024-07-21 06:00:00,"116,64938109856459","363,230011",3,3,2024-07-21
2024-07-21 07:00:00,"76,51510211207895","78,870003",3,3,2024-07-21
2024-07-21 08:00:00,"-72,50698908830358","0,52",3,3,2024-07-21
2024-07-21 09:00:00,"-101,19480931139013","0,22",3,3,2024-07-21
2024-07-21 10:00:00,"-100,69996203579473","0,15",3,3,2024-07-21
2024-07-21 11:00:00,"-174,9153101434197","-0,45",3,3,2024-07-21
2024-07-21 12:00:00,"-209,9905411044502","-1,34",3,3,2024-07-21
2024-07-21 13:00:00,"-158,9694386782885","0,3",3,3,2024-07-21
2024-07-21 14:00:00,"32,140940633641975","0,82",3,3,2024-07-21
2024-07-21 15:00:00,"91,1762102749112","446,279999",3,3,2024-07-21
2024-07-21 16:00:00,"211,49211121148682","600,289978",3,3,2024-07-21
2024-07-21 17:00:00,"352,5118251539202","807,880005",3,3,2024-07-21
2024-07-21 18:00:00,"528,7452250977201","841,150024",3,3,2024-07-21
2024-07-21 19:00:00,"666,5782146616692","919,950012",3,3,2024-07-21
2024-07-21 20:00:00,"716,7935296352354","814,590027",3,3,2024-07-21
2024-07-21 21:00:00,"674,8786032933126","672,73999",3,3,2024-07-21
2024-07-21 22:00:00,"625,5847822910933","901,669983",3,3,2024-07-21
2024-07-21 23:00:00,"574,3993838662929","721,02002",3,3,2024-07-21
2024-07-22 00:00:00,"597,1261296364545","648,27002",3,4,2024-07-22
2024-07-22 01:00:00,"543,591670556914","648,640015",3,4,2024-07-22
2024-07-22 02:00:00,"530,0049133484143","610,659973",3,4,2024-07-22
2024-07-22 03:00:00,"549,6980428153587","591,859985",3,4,2024-07-22
2024-07-22 04:00:00,"671,0267513322044","811,159973",3,4,2024-07-22
2024-07-22 05:00:00,"759,4236847026143","896,070007",3,4,2024-07-22
2024-07-22 06:00:00,"754,4890922413458","852,719971",3,4,2024-07-22
2024-07-22 07:00:00,"655,1173885164939","703,929993",3,4,2024-07-22
2024-07-22 08:00:00,"547,579407551159","473,290009",3,4,2024-07-22
2024-07-22 09:00:00,"429,9257924953734","291,600006",3,4,2024-07-22
2024-07-22 10:00:00,"323,9925956966195","191,089996",3,4,2024-07-22
2024-07-22 11:00:00,"256,1434984893267","174,300003",3,4,2024-07-22
2024-07-22 12:00:00,"203,9104107668632","144,830002",3,4,2024-07-22
2024-07-22 13:00:00,"182,21745075814985","152,070007",3,4,2024-07-22
2024-07-22 14:00:00,"234,13768250195088","170,279999",3,4,2024-07-22
2024-07-22 15:00:00,"340,4679098447126","463,820007",3,4,2024-07-22
2024-07-22 16:00:00,"412,3433474017851","603,719971",3,4,2024-07-22
2024-07-22 17:00:00,"613,5403416158883","739,0",3,4,2024-07-22
2024-07-22 18:00:00,"957,9684018634816","1043,660034",3,4,2024-07-22
2024-07-22 19:00:00,"1015,98866486838","1046,569946",3,4,2024-07-22
2024-07-22 20:00:00,"852,485233545235","828,539978",3,4,2024-07-22
2024-07-22 21:00:00,"715,2248090658836","712,73999",3,4,2024-07-22
2024-07-22 22:00:00,"659,1055299862861","618,22998",3,4,2024-07-22
2024-07-22 23:00:00,"611,5946324432553","559,349976",3,4,2024-07-22
2024-07-23 00:00:00,"563,6913073565651","547,630005",3,4,2024-07-23
2024-07-23 01:00:00,"515,2820471835382","508,380005",3,4,2024-07-23
2024-07-23 02:00:00,"484,15042758557894","526,52002",3,4,2024-07-23
2024-07-23 03:00:00,"495,36053494300273","549,799988",3,4,2024-07-23
2024-07-23 04:00:00,"574,3409898235537","745,450012",3,4,2024-07-23
2024-07-23 05:00:00,"649,5531137812119","865,590027",3,4,2024-07-23
2024-07-23 06:00:00,"640,1982724309504","824,179993",3,4,2024-07-23
2024-07-23 07:00:00,"566,8240546186228","651,359985",3,4,2024-07-23
2024-07-23 08:00:00,"464,7623540151514","513,909973",3,4,2024-07-23
2024-07-23 09:00:00,"361,2765231761785","457,940002",3,4,2024-07-23
2024-07-23 10:00:00,"285,9229969497971","324,0",3,4,2024-07-23
2024-07-23 11:00:00,"224,90012206599485","285,720001",3,4,2024-07-23
2024-07-23 12:00:00,"210,85292334985425","268,709991",3,4,2024-07-23
2024-07-23 13:00:00,"204,33974711148258","313,100006",3,4,2024-07-23
2024-07-23 14:00:00,"257,15689445714736","483,980011",3,4,2024-07-23
2024-07-23 15:00:00,"330,6604879785335","593,450012",3,4,2024-07-23
2024-07-23 16:00:00,"438,0371673940147","596,359985",3,4,2024-07-23
2024-07-23 17:00:00,"581,7354526243519","716,570007",3,4,2024-07-23
2024-07-23 18:00:00,"774,9930059512982","872,530029",3,4,2024-07-23
2024-07-23 19:00:00,"776,0892559521794","761,200012",3,4,2024-07-23
2024-07-23 20:00:00,"740,5804133887981","740,450012",3,4,2024-07-23
2024-07-23 21:00:00,"647,6407282153426","683,369995",3,4,2024-07-23
2024-07-23 22:00:00,"557,1197737678491","623,359985",3,4,2024-07-23
2024-07-23 23:00:00,"482,3888976308312","584,419983",3,4,2024-07-23
2024-07-24 00:00:00,"409,1846225624239","541,369995",3,4,2024-07-24
2024-07-24 01:00:00,"361,20611791909573","549,130005",3,4,2024-07-24
2024-07-24 02:00:00,"357,8814405439551","423,630005",3,4,2024-07-24
2024-07-24 03:00:00,"382,4035715070018","299,179993",3,4,2024-07-24
2024-07-24 04:00:00,"431,1866124898393","323,429993",3,4,2024-07-24
2024-07-24 05:00:00,"478,66181202192394","336,190002",3,4,2024-07-24
2024-07-24 06:00:00,"524,8463199926804","429,079987",3,4,2024-07-24
2024-07-24 07:00:00,"505,3284369977741","270,23999",3,4,2024-07-24
2024-07-24 08:00:00,"440,6168346397637","186,520004",3,4,2024-07-24
2024-07-24 09:00:00,"377,0461039007618","158,100006",3,4,2024-07-24
2024-07-24 10:00:00,"312,7561523799102","11,79",3,4,2024-07-24
2024-07-24 11:00:00,"279,47700937961406","-1,12",3,4,2024-07-24
2024-07-24 12:00:00,"262,32596754917955","-15,37",3,4,2024-07-24
2024-07-24 13:00:00,"261,5756365402907","-14,62",3,4,2024-07-24
2024-07-24 14:00:00,"300,16336383465745","16,49",3,4,2024-07-24
2024-07-24 15:00:00,"379,0184161831077","292,98999",3,4,2024-07-24
2024-07-24 16:00:00,"448,90140370124965","387,149994",3,4,2024-07-24
2024-07-24 17:00:00,"577,7865824044115","668,5",3,4,2024-07-24
2024-07-24 18:00:00,"879,8740223769088","809,659973",3,4,2024-07-24
2024-07-24 19:00:00,"1009,9747254350261","881,210022",3,4,2024-07-24
2024-07-24 20:00:00,"851,7203003788999","813,320007",3,4,2024-07-24
2024-07-24 21:00:00,"709,853333761366","631,570007",3,4,2024-07-24
2024-07-24 22:00:00,"637,8135685984256","624,570007",3,4,2024-07-24
2024-07-24 23:00:00,"541,7256978138031","578,299988",3,4,2024-07-24
2024-07-25 00:00:00,"459,4824286916394","567,859985",3,4,2024-07-25
2024-07-25 01:00:00,"382,6244235951918","596,359985",3,4,2024-07-25
2024-07-25 02:00:00,"335,57271977999153","570,090027",3,4,2024-07-25
2024-07-25 03:00:00,"334,67591259896545","690,460022",3,4,2024-07-25
2024-07-25 04:00:00,"372,3637876839012","792,159973",3,4,2024-07-25
2024-07-25 05:00:00,"425,3809388720581","813,580017",3,4,2024-07-25
2024-07-25 06:00:00,"480,0704065213062","678,890015",3,4,2024-07-25
2024-07-25 07:00:00,"407,692030480086","537,109985",3,4,2024-07-25
2024-07-25 08:00:00,"336,4181222099062","411,0",3,4,2024-07-25
2024-07-25 09:00:00,"293,7380583995207","275,720001",3,4,2024-07-25
2024-07-25 10:00:00,"256,0748269545088","181,399994",3,4,2024-07-25
2024-07-25 11:00:00,"224,77224136481468","129,539993",3,4,2024-07-25
2024-07-25 12:00:00,"193,6476154910874","99,019997",3,4,2024-07-25
2024-07-25 13:00:00,"135,70758090127356","195,5",3,4,2024-07-25
2024-07-25 14:00:00,"209,0587245250324","401,450012",3,4,2024-07-25
2024-07-25 15:00:00,"273,38678611469686","596,960022",3,4,2024-07-25
2024-07-25 16:00:00,"303,4041070575765","723,809998",3,4,2024-07-25
2024-07-25 17:00:00,"414,9584772953912","894,690002",3,4,2024-07-25
2024-07-25 18:00:00,"650,242304759796","1106,609985",3,4,2024-07-25
2024-07-25 19:00:00,"776,988996341824","969,830017",3,4,2024-07-25
2024-07-25 20:00:00,"771,6901818006335","746,200012",3,4,2024-07-25
2024-07-25 21:00:00,"686,3896220260817","633,890015",3,4,2024-07-25
2024-07-25 22:00:00,"590,1703237733979","604,460022",3,4,2024-07-25
2024-07-25 23:00:00,"482,5328393270535","548,48999",3,4,2024-07-25
2024-07-26 00:00:00,"392,7396187445347","559,76001",3,4,2024-07-26
2024-07-26 01:00:00,"341,8073880626606","576,849976",3,4,2024-07-26
2024-07-26 02:00:00,"315,0978139926352","573,859985",3,4,2024-07-26
2024-07-26 03:00:00,"323,8556839170465","596,919983",3,4,2024-07-26
2024-07-26 04:00:00,"345,9408356845674","608,109985",3,4,2024-07-26
2024-07-26 05:00:00,"394,60690042290776","795,940002",3,4,2024-07-26
2024-07-26 06:00:00,"444,94665625612816","776,840027",3,4,2024-07-26
2024-07-26 07:00:00,"395,1311808642939","722,590027",3,4,2024-07-26
2024-07-26 08:00:00,"334,48737054233874","675,570007",3,4,2024-07-26
2024-07-26 09:00:00,"308,8852245760389","607,070007",3,4,2024-07-26
2024-07-26 10:00:00,"292,0739425954256","522,369995",3,4,2024-07-26
2024-07-26 11:00:00,"274,7049891001432","471,029999",3,4,2024-07-26
2024-07-26 12:00:00,"273,9346708297073","449,160004",3,4,2024-07-26
2024-07-26 13:00:00,"270,94098575939995","508,48999",3,4,2024-07-26
2024-07-26 14:00:00,"288,7147978028058","543,559998",3,4,2024-07-26
2024-07-26 15:00:00,"338,686622656107","660,580017",3,4,2024-07-26
2024-07-26 16:00:00,"435,91989348292697","704,01001",3,4,2024-07-26
2024-07-26 17:00:00,"546,6865322343517","804,380005",3,4,2024-07-26
2024-07-26 18:00:00,"753,7128167300624","1068,98999",3,4,2024-07-26
2024-07-26 19:00:00,"788,0151816613014","1037,280029",3,4,2024-07-26
2024-07-26 20:00:00,"736,3429597491853","793,929993",3,4,2024-07-26
2024-07-26 21:00:00,"661,4411780674319","730,650024",3,4,2024-07-26
2024-07-26 22:00:00,"600,3511733598166","775,22998",3,4,2024-07-26
2024-07-26 23:00:00,"522,9564648260456","768,890015",3,4,2024-07-26
2024-07-27 00:00:00,"457,3072790214452","723,070007",3,4,2024-07-27
2024-07-27 01:00:00,"410,52531467722827","710,080017",3,4,2024-07-27
2024-07-27 02:00:00,"335,5388068612215","690,01001",3,4,2024-07-27
2024-07-27 03:00:00,"297,71737278913525","673,070007",3,4,2024-07-27
2024-07-27 04:00:00,"275,57534235857986","649,929993",3,4,2024-07-27
2024-07-27 05:00:00,"267,46574407920417","615,01001",3,4,2024-07-27
2024-07-27 06:00:00,"251,62388134416375","632,02002",3,4,2024-07-27
2024-07-27 07:00:00,"197,03681602043582","505,0",3,4,2024-07-27
2024-07-27 08:00:00,"126,73853169539024","453,589996",3,4,2024-07-27
2024-07-27 09:00:00,"92,19891103025165","297,76001",3,4,2024-07-27
2024-07-27 10:00:00,"4,316684701394113","208,960007",3,4,2024-07-27
2024-07-27 11:00:00,"-29,191023756723474","132,839996",3,4,2024-07-27
2024-07-27 12:00:00,"-29,12693709107995","133,729996",3,4,2024-07-27
2024-07-27 13:00:00,"-47,317367418487684","261,350006",3,4,2024-07-27
2024-07-27 14:00:00,"18,72503927307976","505,380005",3,4,2024-07-27
2024-07-27 15:00:00,"71,51589465934157","649,710022",3,4,2024-07-27
2024-07-27 16:00:00,"178,81614271870959","783,369995",3,4,2024-07-27
2024-07-27 17:00:00,"251,42421812361337","863,140015",3,4,2024-07-27
2024-07-27 18:00:00,"316,8264910006888","908,669983",3,4,2024-07-27
2024-07-27 19:00:00,"337,3237253633326","909,109985",3,4,2024-07-27
2024-07-27 20:00:00,"333,87025854996705","806,719971",3,4,2024-07-27
2024-07-27 21:00:00,"313,4400224977792","730,900024",3,4,2024-07-27
2024-07-27 22:00:00,"304,26856358227695","820,820007",3,4,2024-07-27
2024-07-27 23:00:00,"283,20759211297207","709,780029",3,4,2024-07-27
2024-07-28 00:00:00,"266,76134312067717","658,280029",3,4,2024-07-28
2024-07-28 01:00:00,"249,57987933044365","608,429993",3,4,2024-07-28
2024-07-28 02:00:00,"259,9320204737451","586,119995",3,4,2024-07-28
2024-07-28 03:00:00,"260,9859665292823","591,48999",3,4,2024-07-28
2024-07-28 04:00:00,"246,34535643838927","563,659973",3,4,2024-07-28
2024-07-28 05:00:00,"196,81519032367746","541,869995",3,4,2024-07-28
2024-07-28 06:00:00,"123,93933157040225","190,220001",3,4,2024-07-28
2024-07-28 07:00:00,"70,95975584188312","36,720001",3,4,2024-07-28
2024-07-28 08:00:00,"-106,82607609884754","0,0",3,4,2024-07-28
2024-07-28 09:00:00,"-163,4717878897244","-18,129999",3,4,2024-07-28
2024-07-28 10:00:00,"-162,25751858524822","-112,239998",3,4,2024-07-28
2024-07-28 11:00:00,"-224,83312213836635","-222,389999",3,4,2024-07-28
2024-07-28 12:00:00,"-228,37777358954438","-363,359985",3,4,2024-07-28
2024-07-28 13:00:00,"-227,46876316611045","-250,220001",3,4,2024-07-28
2024-07-28 14:00:00,"1,725373890815555","-99,099998",3,4,2024-07-28
2024-07-28 15:00:00,"72,51963137439401","-14,85",3,4,2024-07-28
2024-07-28 16:00:00,"212,486470970186","181,570007",3,4,2024-07-28
2024-07-28 17:00:00,"316,21526670779826","443,209991",3,4,2024-07-28
2024-07-28 18:00:00,"476,6502433980506","588,580017",3,4,2024-07-28
2024-07-28 19:00:00,"592,2547724114772","579,630005",3,4,2024-07-28
2024-07-28 20:00:00,"668,80119610836","589,400024",3,4,2024-07-28
2024-07-28 21:00:00,"632,8624086844546","566,200012",3,4,2024-07-28
2024-07-28 22:00:00,"629,939205030826","513,659973",3,4,2024-07-28
2024-07-28 23:00:00,"577,2043175332635","508,959991",3,4,2024-07-28
2024-09-30 00:00:00,"248,43891548512272","62,630001",4,1,2024-09-30
2024-09-30 01:00:00,"352,3409914159518","41,23",4,1,2024-09-30
2024-09-30 02:00:00,"424,73657438580545","41,830002",4,1,2024-09-30
2024-09-30 03:00:00,"489,2965780921799","126,599998",4,1,2024-09-30
2024-09-30 04:00:00,"586,0274299210962","314,869995",4,1,2024-09-30
2024-09-30 05:00:00,"679,5551144734384","597,22998",4,1,2024-09-30
2024-09-30 06:00:00,"783,3821010857948","597,22998",4,1,2024-09-30
2024-09-30 07:00:00,"803,7876679500525","447,359985",4,1,2024-09-30
2024-09-30 08:00:00,"737,6197348546772","272,73999",4,1,2024-09-30
2024-09-30 09:00:00,"637,3725460680959","155,910004",4,1,2024-09-30
2024-09-30 10:00:00,"571,6165613402234","69,190002",4,1,2024-09-30
2024-09-30 11:00:00,"511,30118466856976","15,36",4,1,2024-09-30
2024-09-30 12:00:00,"456,033125182061","56,889999",4,1,2024-09-30
2024-09-30 13:00:00,"440,01819265347416","163,740005",4,1,2024-09-30
2024-09-30 14:00:00,"427,13023900388714","180,360001",4,1,2024-09-30
2024-09-30 15:00:00,"446,96827545277","243,960007",4,1,2024-09-30
2024-09-30 16:00:00,"502,8337562343213","268,339996",4,1,2024-09-30
2024-09-30 17:00:00,"519,1440661878061","273,119995",4,1,2024-09-30
2024-09-30 18:00:00,"530,902281981446","270,660004",4,1,2024-09-30
2024-09-30 19:00:00,"522,1357710586827","163,509995",4,1,2024-09-30
2024-09-30 20:00:00,"473,5801836555614","149,199997",4,1,2024-09-30
2024-09-30 21:00:00,"401,68169832436774","73,370003",4,1,2024-09-30
2024-09-30 22:00:00,"340,86965640607633","23,93",4,1,2024-09-30
2024-09-30 23:00:00,"297,8533753982801","0,52",4,1,2024-09-30
2024-10-01 00:00:00,"250,32421975280153","0,37",4,1,2024-10-01
2024-10-01 01:00:00,"243,0777836182841","0,15",4,1,2024-10-01
2024-10-01 02:00:00,"241,190274993896","0,67",4,1,2024-10-01
2024-10-01 03:00:00,"238,39241471138624","50,700001",4,1,2024-10-01
2024-10-01 04:00:00,"239,5776832184292","249,619995",4,1,2024-10-01
2024-10-01 05:00:00,"324,5532595874179","293,910004",4,1,2024-10-01
2024-10-01 06:00:00,"363,35820816292687","308,079987",4,1,2024-10-01
2024-10-01 07:00:00,"399,7734510341589","309,5",4,1,2024-10-01
2024-10-01 08:00:00,"385,60746543404684","288,170013",4,1,2024-10-01
2024-10-01 09:00:00,"289,4308050136665","260,880005",4,1,2024-10-01
2024-10-01 10:00:00,"231,93858973989234","260,660004",4,1,2024-10-01
2024-10-01 11:00:00,"215,7629946503731","260,880005",4,1,2024-10-01
2024-10-01 12:00:00,"184,3887104428649","260,660004",4,1,2024-10-01
2024-10-01 13:00:00,"188,74080264581121","296,079987",4,1,2024-10-01
2024-10-01 14:00:00,"207,18665465169755","324,779999",4,1,2024-10-01
2024-10-01 15:00:00,"275,48637681081215","393,0",4,1,2024-10-01
2024-10-01 16:00:00,"336,78960272815124","405,600006",4,1,2024-10-01
2024-10-01 17:00:00,"387,63858244671394","421,410004",4,1,2024-10-01
2024-10-01 18:00:00,"414,73538629705365","366,829987",4,1,2024-10-01
2024-10-01 19:00:00,"429,50797149368054","345,429993",4,1,2024-10-01
2024-10-01 20:00:00,"415,9996223142462","321,649994",4,1,2024-10-01
2024-10-01 21:00:00,"379,0442610829066","309,940002",4,1,2024-10-01
2024-10-01 22:00:00,"315,37368403924285","432,829987",4,1,2024-10-01
2024-10-01 23:00:00,"284,11144557075835","367,350006",4,1,2024-10-01
2024-10-02 00:00:00,"268,19652610075514","373,540009",4,1,2024-10-02
2024-10-02 01:00:00,"263,6528380743992","365,339996",4,1,2024-10-02
2024-10-02 02:00:00,"268,6555865745531","362,730011",4,1,2024-10-02
2024-10-02 03:00:00,"272,01902528294744","363,470001",4,1,2024-10-02
2024-10-02 04:00:00,"320,4656961618583","596,440002",4,1,2024-10-02
2024-10-02 05:00:00,"401,5722310188294","692,869995",4,1,2024-10-02
2024-10-02 06:00:00,"461,5819040005546","913,830017",4,1,2024-10-02
2024-10-02 07:00:00,"509,12874800596154","701,219971",4,1,2024-10-02
2024-10-02 08:00:00,"434,4039730561224","484,880005",4,1,2024-10-02
2024-10-02 09:00:00,"305,9055928332295","394,420013",4,1,2024-10-02
2024-10-02 10:00:00,"219,46640654263103","431,040009",4,1,2024-10-02
2024-10-02 11:00:00,"191,10682243766178","597,109985",4,1,2024-10-02
2024-10-02 12:00:00,"205,59395920453554","584,659973",4,1,2024-10-02
2024-10-02 13:00:00,"233,44086372991765","607,26001",4,1,2024-10-02
2024-10-02 14:00:00,"279,12614990367905","607,849976",4,1,2024-10-02
2024-10-02 15:00:00,"355,01733055169643","746,48999",4,1,2024-10-02
2024-10-02 16:00:00,"486,5849006744113","872,590027",4,1,2024-10-02
2024-10-02 17:00:00,"602,016643116463","969,97998",4,1,2024-10-02
2024-10-02 18:00:00,"677,3897574326433","852,900024",4,1,2024-10-02
2024-10-02 19:00:00,"692,2068178334426","719,940002",4,1,2024-10-02
2024-10-02 20:00:00,"674,6694125631735","695,780029",4,1,2024-10-02
2024-10-02 21:00:00,"622,2475937757159","633,880005",4,1,2024-10-02
2024-10-02 22:00:00,"565,5983486659508","502,230011",4,1,2024-10-02
2024-10-02 23:00:00,"509,5462295385204","491,26001",4,1,2024-10-02
2024-10-03 00:00:00,"468,28397523683526","485,890015",4,1,2024-10-03
2024-10-03 01:00:00,"448,97551641627075","478,730011",4,1,2024-10-03
2024-10-03 02:00:00,"430,9614415103683","477,23999",4,1,2024-10-03
2024-10-03 03:00:00,"448,1711720403696","480,369995",4,1,2024-10-03
2024-10-03 04:00:00,"505,79525012485277","488,059998",4,1,2024-10-03
2024-10-03 05:00:00,"593,7530025675583","547,280029",4,1,2024-10-03
2024-10-03 06:00:00,"659,2617625691532","571,900024",4,1,2024-10-03
2024-10-03 07:00:00,"624,2680053385959","543,780029",4,1,2024-10-03
2024-10-03 08:00:00,"540,7619124023142","516,77002",4,1,2024-10-03
2024-10-03 09:00:00,"442,9137042202774","470,230011",4,1,2024-10-03
2024-10-03 10:00:00,"312,2841141177552","351,25",4,1,2024-10-03
2024-10-03 11:00:00,"254,49321467643387","253,460007",4,1,2024-10-03
2024-10-03 12:00:00,"236,44210588119907","291,950012",4,1,2024-10-03
2024-10-03 13:00:00,"286,8840874862442","383,109985",4,1,2024-10-03
2024-10-03 14:00:00,"340,16031716784335","492,609985",4,1,2024-10-03
2024-10-03 15:00:00,"408,917149396387","669,090027",4,1,2024-10-03
2024-10-03 16:00:00,"481,0041006487645","821,039978",4,1,2024-10-03
2024-10-03 17:00:00,"654,7203554397712","860,200012",4,1,2024-10-03
2024-10-03 18:00:00,"767,8741586843439","807,679993",4,1,2024-10-03
2024-10-03 19:00:00,"693,0697263735565","736,669983",4,1,2024-10-03
2024-10-03 20:00:00,"624,594212644371","678,48999",4,1,2024-10-03
2024-10-03 21:00:00,"538,1093401888186","607,630005",4,1,2024-10-03
2024-10-03 22:00:00,"451,5826078475943","551,23999",4,1,2024-10-03
2024-10-03 23:00:00,"356,60693676361535","540,950012",4,1,2024-10-03
2024-10-04 00:00:00,"308,10435965327395","537,809998",4,1,2024-10-04
2024-10-04 01:00:00,"287,9977957970017","537,070007",4,1,2024-10-04
2024-10-04 02:00:00,"277,83240885449175","539,530029",4,1,2024-10-04
2024-10-04 03:00:00,"283,2832442882008","575,109985",4,1,2024-10-04
2024-10-04 04:00:00,"285,72965805717354","768,299988",4,1,2024-10-04
2024-10-04 05:00:00,"366,74557737216855","943,890015",4,1,2024-10-04
2024-10-04 06:00:00,"471,0886090966869","1054,890015",4,1,2024-10-04
2024-10-04 07:00:00,"439,7973444474176","867,289978",4,1,2024-10-04
2024-10-04 08:00:00,"343,7077559782451","746,599976",4,1,2024-10-04
2024-10-04 09:00:00,"280,83041157717264","634,039978",4,1,2024-10-04
2024-10-04 10:00:00,"239,13381029690765","559,969971",4,1,2024-10-04
2024-10-04 11:00:00,"205,99850997157","548,179993",4,1,2024-10-04
2024-10-04 12:00:00,"182,83437770260346","565,559998",4,1,2024-10-04
2024-10-04 13:00:00,"178,48081842087697","589,799988",4,1,2024-10-04
2024-10-04 14:00:00,"218,76580418809604","669,840027",4,1,2024-10-04
2024-10-04 15:00:00,"307,54225836266164","798,890015",4,1,2024-10-04
2024-10-04 16:00:00,"377,9946371490738","984,400024",4,1,2024-10-04
2024-10-04 17:00:00,"451,9883710065156","1111,579956",4,1,2024-10-04
2024-10-04 18:00:00,"503,62437772914404","922,710022",4,1,2024-10-04
2024-10-04 19:00:00,"458,3128176953689","745,179993",4,1,2024-10-04
2024-10-04 20:00:00,"414,7710498119104","745,179993",4,1,2024-10-04
2024-10-04 21:00:00,"377,96825555115487","671,330017",4,1,2024-10-04
2024-10-04 22:00:00,"340,6026384811022","694,340027",4,1,2024-10-04
2024-10-04 23:00:00,"291,91450571352686","631,23999",4,1,2024-10-04
2024-10-05 00:00:00,"266,3263658092948","607,080017",4,1,2024-10-05
2024-10-05 01:00:00,"262,43139455627687","563,380005",4,1,2024-10-05
2024-10-05 02:00:00,"264,3923600451475","564,719971",4,1,2024-10-05
2024-10-05 03:00:00,"264,3923600451475","595,299988",4,1,2024-10-05
2024-10-05 04:00:00,"278,32414240177366","642,880005",4,1,2024-10-05
2024-10-05 05:00:00,"290,0651399629586","748,780029",4,1,2024-10-05
2024-10-05 06:00:00,"297,51074752741783","825,0",4,1,2024-10-05
2024-10-05 07:00:00,"276,34980988260884","768,169983",4,1,2024-10-05
2024-10-05 08:00:00,"218,11993045831179","614,690002",4,1,2024-10-05
2024-10-05 09:00:00,"134,59244228839756","509,160004",4,1,2024-10-05
2024-10-05 10:00:00,"84,49646822449134","383,640015",4,1,2024-10-05
2024-10-05 11:00:00,"52,62758730751345","289,970001",4,1,2024-10-05
2024-10-05 12:00:00,"49,422157213035035","324,350006",4,1,2024-10-05
2024-10-05 13:00:00,"58,8425060932315","418,839996",4,1,2024-10-05
2024-10-05 14:00:00,"113,79326333295154","544,280029",4,1,2024-10-05
2024-10-05 15:00:00,"260,6379250120951","690,23999",4,1,2024-10-05
2024-10-05 16:00:00,"363,26106481524215","1029,719971",4,1,2024-10-05
2024-10-05 17:00:00,"481,3386467862173","1028,97998",4,1,2024-10-05
2024-10-05 18:00:00,"544,0525156736402","799,719971",4,1,2024-10-05
2024-10-05 19:00:00,"569,1223307133355","705,299988",4,1,2024-10-05
2024-10-05 20:00:00,"572,8816576182485","633,710022",4,1,2024-10-05
2024-10-05 21:00:00,"557,2786252744618","499,690002",4,1,2024-10-05
2024-10-05 22:00:00,"541,803583084147","485,420013",4,1,2024-10-05
2024-10-05 23:00:00,"494,8101118399965","452,100006",4,1,2024-10-05
2024-10-06 00:00:00,"459,78896382533054","440,549988",4,1,2024-10-06
2024-10-06 01:00:00,"439,4449017768308","433,320007",4,1,2024-10-06
2024-10-06 02:00:00,"430,7543168259506","424,369995",4,1,2024-10-06
2024-10-06 03:00:00,"452,7844193551964","433,320007",4,1,2024-10-06
2024-10-06 04:00:00,"485,31224167290054","431,829987",4,1,2024-10-06
2024-10-06 05:00:00,"537,6339195594884","524,929993",4,1,2024-10-06
2024-10-06 06:00:00,"552,8271941126055","491,01001",4,1,2024-10-06
2024-10-06 07:00:00,"445,9994250663293","447,700012",4,1,2024-10-06
2024-10-06 08:00:00,"276,24274290713157","262,98999",4,1,2024-10-06
2024-10-06 09:00:00,"157,0338982266512","124,339996",4,1,2024-10-06
2024-10-06 10:00:00,"99,62776391607353","79,690002",4,1,2024-10-06
2024-10-06 11:00:00,"55,0124864983855","41,889999",4,1,2024-10-06
2024-10-06 12:00:00,"55,24203938451201","16,25",4,1,2024-10-06
2024-10-06 13:00:00,"77,00294927477248","13,34",4,1,2024-10-06
2024-10-06 14:00:00,"173,77009899016264","395,820007",4,1,2024-10-06
2024-10-06 15:00:00,"341,3013832904321","617,070007",4,1,2024-10-06
2024-10-06 16:00:00,"495,3156118575101","792,390015",4,1,2024-10-06
2024-10-06 17:00:00,"609,3947221391247","724,710022",4,1,2024-10-06
2024-10-06 18:00:00,"688,9378466938172","544,01001",4,1,2024-10-06
2024-10-06 19:00:00,"702,5634736456028","442,559998",4,1,2024-10-06
2024-10-06 20:00:00,"656,769838947703","437,48999",4,1,2024-10-06
2024-10-06 21:00:00,"567,8695341584639","385,459991",4,1,2024-10-06
2024-10-06 22:00:00,"499,7838900777709","257,769989",4,1,2024-10-06
2024-10-06 23:00:00,"389,2519813095335","263,429993",4,1,2024-10-06
2024-10-07 00:00:00,"279,2939710328213","247,850006",4,2,2024-10-07
2024-10-07 01:00:00,"279,8619240908668","224,75",4,2,2024-10-07
2024-10-07 02:00:00,"274,6362926911649","260,529999",4,2,2024-10-07
2024-10-07 03:00:00,"311,56957538576916","291,910004",4,2,2024-10-07
2024-10-07 04:00:00,"384,380231872792","335,369995",4,2,2024-10-07
2024-10-07 05:00:00,"462,8009571724978","378,299988",4,2,2024-10-07
2024-10-07 06:00:00,"565,6734992324735","414,089996",4,2,2024-10-07
2024-10-07 07:00:00,"615,4144602501569","383,75",4,2,2024-10-07
2024-10-07 08:00:00,"557,1738200554412","372,420013",4,2,2024-10-07
2024-10-07 09:00:00,"456,2250789014005","356,309998",4,2,2024-10-07
2024-10-07 10:00:00,"356,76492825623467","340,880005",4,2,2024-10-07
2024-10-07 11:00:00,"286,39721684378526","322,019989",4,2,2024-10-07
2024-10-07 12:00:00,"268,92688006137706","358,399994",4,2,2024-10-07
2024-10-07 13:00:00,"281,7945554900073","458,070007",4,2,2024-10-07
2024-10-07 14:00:00,"297,9091481918342","661,869995",4,2,2024-10-07
2024-10-07 15:00:00,"362,56422111459074","873,640015",4,2,2024-10-07
2024-10-07 16:00:00,"489,49366798477354","1405,060059",4,2,2024-10-07
2024-10-07 17:00:00,"598,0972625795857","1405,359985",4,2,2024-10-07
2024-10-07 18:00:00,"648,0711820820247","909,27002",4,2,2024-10-07
2024-10-07 19:00:00,"554,4134864341921","744,909973",4,2,2024-10-07
2024-10-07 20:00:00,"461,8508120477416","685,119995",4,2,2024-10-07
2024-10-07 21:00:00,"377,58232072592796","589,780029",4,2,2024-10-07
2024-10-07 22:00:00,"325,62764530159933","539,340027",4,2,2024-10-07
2024-10-07 23:00:00,"292,5360866509779","500,119995",4,2,2024-10-07
2024-10-08 00:00:00,"277,86483952684046","477,149994",4,2,2024-10-08
2024-10-08 01:00:00,"277,17668227145185","444,940002",4,2,2024-10-08
2024-10-08 02:00:00,"277,72399888396546","445,089996",4,2,2024-10-08
2024-10-08 03:00:00,"290,8256457025949","502,799988",4,2,2024-10-08
2024-10-08 04:00:00,"347,6315954193328","641,049988",4,2,2024-10-08
2024-10-08 05:00:00,"458,22936386462476","822,98999",4,2,2024-10-08
2024-10-08 06:00:00,"546,750819298731","792,200012",4,2,2024-10-08
2024-10-08 07:00:00,"614,0984066268074","633,820007",4,2,2024-10-08
2024-10-08 08:00:00,"578,469600937937","598,98999",4,2,2024-10-08
2024-10-08 09:00:00,"533,0962264961412","547,469971",4,2,2024-10-08
2024-10-08 10:00:00,"468,5389231167729","495,940002",4,2,2024-10-08
2024-10-08 11:00:00,"407,09904061805196","529,200012",4,2,2024-10-08
2024-10-08 12:00:00,"315,8295013659676","565,140015",4,2,2024-10-08
2024-10-08 13:00:00,"362,83119027852877","578,119995",4,2,2024-10-08
2024-10-08 14:00:00,"425,3446215523364","694,440002",4,2,2024-10-08
2024-10-08 15:00:00,"500,46286401087025","850,059998",4,2,2024-10-08
2024-10-08 16:00:00,"610,7028347511672","1073,76001",4,2,2024-10-08
2024-10-08 17:00:00,"720,516612281384","1141,540039",4,2,2024-10-08
2024-10-08 18:00:00,"737,0238909447005","853,119995",4,2,2024-10-08
2024-10-08 19:00:00,"668,682262986876","707,640015",4,2,2024-10-08
2024-10-08 20:00:00,"615,4528855500168","645,75",4,2,2024-10-08
2024-10-08 21:00:00,"543,4445757276865","504,070007",4,2,2024-10-08
2024-10-08 22:00:00,"504,26947298938353","461,859985",4,2,2024-10-08
2024-10-08 23:00:00,"456,9331520478157","447,459991",4,2,2024-10-08
2024-10-09 00:00:00,"424,3796085191664","428,670013",4,2,2024-10-09
2024-10-09 01:00:00,"402,55642555122154","405,100006",4,2,2024-10-09
2024-10-09 02:00:00,"380,1085892392872","427,480011",4,2,2024-10-09
2024-10-09 03:00:00,"416,01880697751926","476,329987",4,2,2024-10-09
2024-10-09 04:00:00,"476,21673860579733","646,590027",4,2,2024-10-09
2024-10-09 05:00:00,"586,9112517569437","826,320007",4,2,2024-10-09
2024-10-09 06:00:00,"693,2033390777009","827,659973",4,2,2024-10-09
2024-10-09 07:00:00,"688,084875430629","648,820007",4,2,2024-10-09
2024-10-09 08:00:00,"604,158515727933","537,630005",4,2,2024-10-09
2024-10-09 09:00:00,"484,51675691501737","446,720001",4,2,2024-10-09
2024-10-09 10:00:00,"352,2069344664583","445,970001",4,2,2024-10-09
2024-10-09 11:00:00,"289,3254597963891","446,350006",4,2,2024-10-09
2024-10-09 12:00:00,"270,586529687905","504,369995",4,2,2024-10-09
2024-10-09 13:00:00,"308,28171512232586","575,51001",4,2,2024-10-09
2024-10-09 14:00:00,"368,9783665083167","708,48999",4,2,2024-10-09
2024-10-09 15:00:00,"454,08762152800705","875,909973",4,2,2024-10-09
2024-10-09 16:00:00,"573,4636003707661","913,799988",4,2,2024-10-09
2024-10-09 17:00:00,"703,7185244943773","948,030029",4,2,2024-10-09
2024-10-09 18:00:00,"753,5047783724692","828,179993",4,2,2024-10-09
2024-10-09 19:00:00,"703,1031158908269","714,450012",4,2,2024-10-09
2024-10-09 20:00:00,"662,4017205237599","709,22998",4,2,2024-10-09
2024-10-09 21:00:00,"609,497562565277","614,070007",4,2,2024-10-09
2024-10-09 22:00:00,"524,4117204228892","456,399994",4,2,2024-10-09
2024-10-09 23:00:00,"468,97758830067414","349,73999",4,2,2024-10-09
2024-10-10 00:00:00,"438,1953240276862","281,559998",4,2,2024-10-10
2024-10-10 01:00:00,"411,7610837214409","238,679993",4,2,2024-10-10
2024-10-10 02:00:00,"396,2409770335338","221,070007",4,2,2024-10-10
2024-10-10 03:00:00,"406,45775024050675","295,359985",4,2,2024-10-10
2024-10-10 04:00:00,"451,47693633456873","463,179993",4,2,2024-10-10
2024-10-10 05:00:00,"549,3873740704189","633,23999",4,2,2024-10-10
2024-10-10 06:00:00,"614,8930652903248","600,119995",4,2,2024-10-10
2024-10-10 07:00:00,"571,7926863503496","503,459991",4,2,2024-10-10
2024-10-10 08:00:00,"478,7644557465841","387,920013",4,2,2024-10-10
2024-10-10 09:00:00,"369,03237363429815","290,369995",4,2,2024-10-10
2024-10-10 10:00:00,"229,9270065315078","163,270004",4,2,2024-10-10
2024-10-10 11:00:00,"155,59616272719077","118,889999",4,2,2024-10-10
2024-10-10 12:00:00,"126,87311334731366","149,25",4,2,2024-10-10
2024-10-10 13:00:00,"166,298640386408","277,309998",4,2,2024-10-10
2024-10-10 14:00:00,"267,36064515014317","277,309998",4,2,2024-10-10
2024-10-10 15:00:00,"309,38501931194855","285,140015",4,2,2024-10-10
2024-10-10 16:00:00,"356,38560581314204","294,470001",4,2,2024-10-10
2024-10-10 17:00:00,"393,49564708715883","288,200012",4,2,2024-10-10
2024-10-10 18:00:00,"430,54879574780597","274,630005",4,2,2024-10-10
2024-10-10 19:00:00,"438,14476836310644","263,890015",4,2,2024-10-10
2024-10-10 20:00:00,"421,13858535034046","223,759995",4,2,2024-10-10
2024-10-10 21:00:00,"374,63829691629627","236,289993",4,2,2024-10-10
2024-10-10 22:00:00,"309,20444481534895","258,890015",4,2,2024-10-10
2024-10-10 23:00:00,"250,7053615171335","258,959991",4,2,2024-10-10
2024-10-11 00:00:00,"236,7502726935285","261,720001",4,2,2024-10-11
2024-10-11 01:00:00,"237,87097059331833","267,609985",4,2,2024-10-11
2024-10-11 02:00:00,"239,02542692759422","267,839996",4,2,2024-10-11
2024-10-11 03:00:00,"248,75326800857667","274,179993",4,2,2024-10-11
2024-10-11 04:00:00,"257,20487079052543","308,190002",4,2,2024-10-11
2024-10-11 05:00:00,"376,42536329643934","439,230011",4,2,2024-10-11
2024-10-11 06:00:00,"468,4212478570792","593,919983",4,2,2024-10-11
2024-10-11 07:00:00,"469,14679325817673","400,670013",4,2,2024-10-11
2024-10-11 08:00:00,"353,65693860931697","367,859985",4,2,2024-10-11
2024-10-11 09:00:00,"272,9430920854709","324,970001",4,2,2024-10-11
2024-10-11 10:00:00,"193,10889675937912","316,470001",4,2,2024-10-11
2024-10-11 11:00:00,"147,9254725690065","310,200012",4,2,2024-10-11
2024-10-11 12:00:00,"125,24627519422178","299,309998",4,2,2024-10-11
2024-10-11 13:00:00,"143,73744857113476","298,119995",4,2,2024-10-11
2024-10-11 14:00:00,"183,898625602458","298,859985",4,2,2024-10-11
2024-10-11 15:00:00,"274,7346422841188","496,660004",4,2,2024-10-11
2024-10-11 16:00:00,"352,48213711371085","939,330017",4,2,2024-10-11
2024-10-11 17:00:00,"439,33903500403574","1208,060059",4,2,2024-10-11
2024-10-11 18:00:00,"455,3197251531047","895,02002",4,2,2024-10-11
2024-10-11 19:00:00,"436,1388262776559","744,289978",4,2,2024-10-11
2024-10-11 20:00:00,"419,210362746813","733,98999",4,2,2024-10-11
2024-10-11 21:00:00,"410,68162303715224","655,080017",4,2,2024-10-11
2024-10-11 22:00:00,"375,28406125410027","672,190002",4,2,2024-10-11
2024-10-11 23:00:00,"329,85925865453345","592,580017",4,2,2024-10-11
2024-10-12 00:00:00,"303,11149594453775","563,929993",4,2,2024-10-12
2024-10-12 01:00:00,"289,90045976417076","559,75",4,2,2024-10-12
2024-10-12 02:00:00,"279,6529118066135","536,619995",4,2,2024-10-12
2024-10-12 03:00:00,"284,854503644844","506,619995",4,2,2024-10-12
2024-10-12 04:00:00,"289,3669734328165","534,460022",4,2,2024-10-12
2024-10-12 05:00:00,"329,1643681025647","400,149994",4,2,2024-10-12
2024-10-12 06:00:00,"367,3162381614619","378,359985",4,2,2024-10-12
2024-10-12 07:00:00,"322,89716145519134","310,910004",4,2,2024-10-12
2024-10-12 08:00:00,"261,782191756598","263,390015",4,2,2024-10-12
2024-10-12 09:00:00,"188,51348267835647","255,770004",4,2,2024-10-12
2024-10-12 10:00:00,"122,75091033441112","184,970001",4,2,2024-10-12
2024-10-12 11:00:00,"80,90106758247065","106,919998",4,2,2024-10-12
2024-10-12 12:00:00,"67,83269911567321","174,149994",4,2,2024-10-12
2024-10-12 13:00:00,"90,37022757784077","263,459991",4,2,2024-10-12
2024-10-12 14:00:00,"182,0431933544392","218,990005",4,2,2024-10-12
2024-10-12 15:00:00,"272,52300800200834","423,799988",4,2,2024-10-12
2024-10-12 16:00:00,"341,79568671676066","361,950012",4,2,2024-10-12
2024-10-12 17:00:00,"384,9862193027138","299,049988",4,2,2024-10-12
2024-10-12 18:00:00,"384,65968061408824","289,350006",4,2,2024-10-12
2024-10-12 19:00:00,"382,39156384581077","288,309998",4,2,2024-10-12
2024-10-12 20:00:00,"381,5315257940488","260,179993",4,2,2024-10-12
2024-10-12 21:00:00,"389,412969912575","189,289993",4,2,2024-10-12
2024-10-12 22:00:00,"406,30045207646765","0,0",4,2,2024-10-12
2024-10-12 23:00:00,"382,3910085706237","-0,07",4,2,2024-10-12
2024-10-13 00:00:00,"383,77681596659966","-0,52",4,2,2024-10-13
2024-10-13 01:00:00,"391,8093221469854","-2,76",4,2,2024-10-13
2024-10-13 02:00:00,"408,62373354987335","-3,81",4,2,2024-10-13
2024-10-13 03:00:00,"438,5876720068413","-0,67",4,2,2024-10-13
2024-10-13 04:00:00,"461,6051417306973","-0,07",4,2,2024-10-13
2024-10-13 05:00:00,"520,6720656690491","12,83",4,2,2024-10-13
2024-10-13 06:00:00,"541,3133930664118","134,0",4,2,2024-10-13
2024-10-13 07:00:00,"471,7366461762696","73,489998",4,2,2024-10-13
2024-10-13 08:00:00,"312,0662699022951","36,630001",4,2,2024-10-13
2024-10-13 09:00:00,"205,55291140640227","46,330002",4,2,2024-10-13
2024-10-13 10:00:00,"139,83645781824666","47,599998",4,2,2024-10-13
2024-10-13 11:00:00,"85,41520955585145","52,970001",4,2,2024-10-13
2024-10-13 12:00:00,"71,25250176983813","59,09",4,2,2024-10-13
2024-10-13 13:00:00,"74,66977524411217","94,610001",4,2,2024-10-13
2024-10-13 14:00:00,"212,8785845299443","118,260002",4,2,2024-10-13
2024-10-13 15:00:00,"346,98150891530344","166,009995",4,2,2024-10-13
2024-10-13 16:00:00,"474,8283260299874","267,329987",4,2,2024-10-13
2024-10-13 17:00:00,"553,0677299035539","403,269989",4,2,2024-10-13
2024-10-13 18:00:00,"609,4769601089403","294,790009",4,2,2024-10-13
2024-10-13 19:00:00,"565,7513698568779","286,730011",4,2,2024-10-13
2024-10-13 20:00:00,"504,23156666644144","299,410004",4,2,2024-10-13
2024-10-13 21:00:00,"427,85917528072514","274,640015",4,2,2024-10-13
2024-10-13 22:00:00,"358,60648371494307","276,809998",4,2,2024-10-13
2024-10-13 23:00:00,"290,5641232033887","263,0",4,2,2024-10-13
2024-10-14 00:00:00,"254,64883375800832","262,410004",4,3,2024-10-14
2024-10-14 01:00:00,"249,8521681446041","256,359985",4,3,2024-10-14
2024-10-14 02:00:00,"256,20682902446197","293,450012",4,3,2024-10-14
2024-10-14 03:00:00,"279,9645647933292","464,079987",4,3,2024-10-14
2024-10-14 04:00:00,"337,5139769122582","736,710022",4,3,2024-10-14
2024-10-14 05:00:00,"454,0770942763864","973,900024",4,3,2024-10-14
2024-10-14 06:00:00,"554,2540410931584","1142,449951",4,3,2024-10-14
2024-10-14 07:00:00,"569,472776212326","879,960022",4,3,2024-10-14
2024-10-14 08:00:00,"498,9199965431346","753,200012",4,3,2024-10-14
2024-10-14 09:00:00,"392,6627659674481","695,599976",4,3,2024-10-14
2024-10-14 10:00:00,"308,9475934848358","643,450012",4,3,2024-10-14
2024-10-14 11:00:00,"261,1186086890144","616,289978",4,3,2024-10-14
2024-10-14 12:00:00,"243,90206393071838","553,320007",4,3,2024-10-14
2024-10-14 13:00:00,"300,6588334180155","649,710022",4,3,2024-10-14
2024-10-14 14:00:00,"339,35148718392946","789,309998",4,3,2024-10-14
2024-10-14 15:00:00,"406,80419003024747","1182,660034",4,3,2024-10-14
2024-10-14 16:00:00,"519,6411294915908","1865,280029",4,3,2024-10-14
2024-10-14 17:00:00,"680,1108903725989","1964,290039",4,3,2024-10-14
2024-10-14 18:00:00,"731,2293870768806","1178,859985",4,3,2024-10-14
2024-10-14 19:00:00,"635,5776787479306","851,460022",4,3,2024-10-14
2024-10-14 20:00:00,"528,2360322809329","743,580017",4,3,2024-10-14
2024-10-14 21:00:00,"417,00887369077236","707,309998",4,3,2024-10-14
2024-10-14 22:00:00,"334,28354843124777","680,679993",4,3,2024-10-14
2024-10-14 23:00:00,"297,0242061310058","645,320007",4,3,2024-10-14
2024-10-15 00:00:00,"275,6491068704031","659,190002",4,3,2024-10-15
2024-10-15 01:00:00,"272,7919546134816","627,039978",4,3,2024-10-15
2024-10-15 02:00:00,"268,05125264699313","602,859985",4,3,2024-10-15
2024-10-15 03:00:00,"308,91657561492974","667,849976",4,3,2024-10-15
2024-10-15 04:00:00,"382,4470720900385","854,530029",4,3,2024-10-15
2024-10-15 05:00:00,"486,43086496957875","1383,22998",4,3,2024-10-15
2024-10-15 06:00:00,"591,0349025500844","1317,719971",4,3,2024-10-15
2024-10-15 07:00:00,"630,9372703721886","824,76001",4,3,2024-10-15
2024-10-15 08:00:00,"594,4984467382684","692,02002",4,3,2024-10-15
2024-10-15 09:00:00,"549,1957615770405","619,650024",4,3,2024-10-15
2024-10-15 10:00:00,"502,06568324573135","585,47998",4,3,2024-10-15
2024-10-15 11:00:00,"467,0906161350807","535,340027",4,3,2024-10-15
2024-10-15 12:00:00,"454,8429817102622","566,299988",4,3,2024-10-15
2024-10-15 13:00:00,"473,1063842424385","621,960022",4,3,2024-10-15
2024-10-15 14:00:00,"544,1240192750391","664,27002",4,3,2024-10-15
2024-10-15 15:00:00,"650,8969659915754","900,48999",4,3,2024-10-15
2024-10-15 16:00:00,"756,7940820378676","1020,609985",4,3,2024-10-15
2024-10-15 17:00:00,"855,7965860231785","726,049988",4,3,2024-10-15
2024-10-15 18:00:00,"800,0133220133284","568,98999",4,3,2024-10-15
2024-10-15 19:00:00,"696,6133269627145","497,290009",4,3,2024-10-15
2024-10-15 20:00:00,"633,2534529778665","445,059998",4,3,2024-10-15
2024-10-15 21:00:00,"535,9162797004044","304,269989",4,3,2024-10-15
2024-10-15 22:00:00,"481,03920395211003","174,210007",4,3,2024-10-15
2024-10-15 23:00:00,"429,93745327698036","95,5",4,3,2024-10-15
2024-10-16 00:00:00,"388,4488803494108","39,540001",4,3,2024-10-16
2024-10-16 01:00:00,"353,7817800930542","26,93",4,3,2024-10-16
2024-10-16 02:00:00,"364,27282335769553","23,58",4,3,2024-10-16
2024-10-16 03:00:00,"386,857479619785","61,18",4,3,2024-10-16
2024-10-16 04:00:00,"417,47938646666466","301,049988",4,3,2024-10-16
2024-10-16 05:00:00,"491,82245112593705","353,720001",4,3,2024-10-16
2024-10-16 06:00:00,"558,6936631768791","406,23999",4,3,2024-10-16
2024-10-16 07:00:00,"569,9342158435564","354,76001",4,3,2024-10-16
2024-10-16 08:00:00,"501,0759058244065","199,059998",4,3,2024-10-16
2024-10-16 09:00:00,"400,6878312588147","105,650002",4,3,2024-10-16
2024-10-16 10:00:00,"340,44309933815924","30,51",4,3,2024-10-16
2024-10-16 11:00:00,"305,575686368621","15,22",4,3,2024-10-16
2024-10-16 12:00:00,"324,43928101449865","29,84",4,3,2024-10-16
2024-10-16 13:00:00,"334,8930114899249","105,800003",4,3,2024-10-16
2024-10-16 14:00:00,"345,2382920117115","246,210007",4,3,2024-10-16
2024-10-16 15:00:00,"375,07759884928896","263,0",4,3,2024-10-16
2024-10-16 16:00:00,"394,21204957818395","277,470001",4,3,2024-10-16
2024-10-16 17:00:00,"407,6310538486665","272,470001",4,3,2024-10-16
2024-10-16 18:00:00,"395,00236976670357","267,470001",4,3,2024-10-16
2024-10-16 19:00:00,"388,13050921843734","257,619995",4,3,2024-10-16
2024-10-16 20:00:00,"379,6626724809191","242,029999",4,3,2024-10-16
2024-10-16 21:00:00,"383,6273635912239","198,009995",4,3,2024-10-16
2024-10-16 22:00:00,"361,4158015184399","127,129997",4,3,2024-10-16
2024-10-16 23:00:00,"335,0757658481671","90,650002",4,3,2024-10-16
2024-10-17 00:00:00,"314,70670731518544","78,190002",4,3,2024-10-17
2024-10-17 01:00:00,"292,1563308954843","41,860001",4,3,2024-10-17
2024-10-17 02:00:00,"266,04104209668765","74,68",4,3,2024-10-17
2024-10-17 03:00:00,"290,59844195364525","216,139999",4,3,2024-10-17
2024-10-17 04:00:00,"327,78023278384455","261,730011",4,3,2024-10-17
2024-10-17 05:00:00,"400,7738079242781","298,660004",4,3,2024-10-17
2024-10-17 06:00:00,"443,4438201785548","306,790009",4,3,2024-10-17
2024-10-17 07:00:00,"442,1984720245291","301,869995",4,3,2024-10-17
2024-10-17 08:00:00,"381,3584931849844","286,940002",4,3,2024-10-17
2024-10-17 09:00:00,"316,61061592127993","287,089996",4,3,2024-10-17
2024-10-17 10:00:00,"240,31234805649845","290,670013",4,3,2024-10-17
2024-10-17 11:00:00,"177,88835625710317","305,299988",4,3,2024-10-17
2024-10-17 12:00:00,"166,12773866119915","322,980011",4,3,2024-10-17
2024-10-17 13:00:00,"248,46724620535818","474,140015",4,3,2024-10-17
2024-10-17 14:00:00,"335,70183437908986","691,469971",4,3,2024-10-17
2024-10-17 15:00:00,"385,6192562821414","893,059998",4,3,2024-10-17
2024-10-17 16:00:00,"437,64735876974925","1292,290039",4,3,2024-10-17
2024-10-17 17:00:00,"490,8706136890942","1275,810059",4,3,2024-10-17
2024-10-17 18:00:00,"550,5179242154954","876,650024",4,3,2024-10-17
2024-10-17 19:00:00,"543,809220066985","729,75",4,3,2024-10-17
2024-10-17 20:00:00,"511,0084105479948","664,390015",4,3,2024-10-17
2024-10-17 21:00:00,"431,9200579911361","613,359985",4,3,2024-10-17
2024-10-17 22:00:00,"346,5925492659194","603,929993",4,3,2024-10-17
2024-10-17 23:00:00,"297,5942228370993","605,5",4,3,2024-10-17
2024-10-18 00:00:00,"272,5533673035401","617,210022",4,3,2024-10-18
2024-10-18 01:00:00,"264,3923600451475","588,190002",4,3,2024-10-18
2024-10-18 02:00:00,"264,6872951389246","605,72998",4,3,2024-10-18
2024-10-18 03:00:00,"273,67630840439216","629,22998",4,3,2024-10-18
2024-10-18 04:00:00,"286,0237373842673","737,780029",4,3,2024-10-18
2024-10-18 05:00:00,"400,3500381376885","1117,449951",4,3,2024-10-18
2024-10-18 06:00:00,"511,24300978957444","1165,640015",4,3,2024-10-18
2024-10-18 07:00:00,"511,89304160473154","828,130005",4,3,2024-10-18
2024-10-18 08:00:00,"434,4341126848196","714,429993",4,3,2024-10-18
2024-10-18 09:00:00,"338,8510937815124","636,390015",4,3,2024-10-18
2024-10-18 10:00:00,"289,36515519093723","618,929993",4,3,2024-10-18
2024-10-18 11:00:00,"261,9501321225949","598,340027",4,3,2024-10-18
2024-10-18 12:00:00,"262,3201361607354","605,72998",4,3,2024-10-18
2024-10-18 13:00:00,"270,6649731343721","629,22998",4,3,2024-10-18
2024-10-18 14:00:00,"309,35179459272575","770,599976",4,3,2024-10-18
2024-10-18 15:00:00,"385,52286537831753","997,26001",4,3,2024-10-18
2024-10-18 16:00:00,"504,2160763818531","1352,459961",4,3,2024-10-18
2024-10-18 17:00:00,"614,839572542351","1063,72998",4,3,2024-10-18
2024-10-18 18:00:00,"656,9938656558525","770,309998",4,3,2024-10-18
2024-10-18 19:00:00,"586,85645765141","722,409973",4,3,2024-10-18
2024-10-18 20:00:00,"530,6883924294965","695,77002",4,3,2024-10-18
2024-10-18 21:00:00,"472,6406087686721","638,179993",4,3,2024-10-18
2024-10-18 22:00:00,"426,26624792625455","649,27002",4,3,2024-10-18
2024-10-18 23:00:00,"351,99573790979633","619,210022",4,3,2024-10-18
2024-10-19 00:00:00,"310,40367640281966","595,940002",4,3,2024-10-19
2024-10-19 01:00:00,"293,31535877161843","561,27002",4,3,2024-10-19
2024-10-19 02:00:00,"279,9298367059897","565,809998",4,3,2024-10-19
2024-10-19 03:00:00,"278,2689918441458","572,530029",4,3,2024-10-19
2024-10-19 04:00:00,"285,7496646278524","596,619995",4,3,2024-10-19
2024-10-19 05:00:00,"325,25668110315866","685,440002",4,3,2024-10-19
2024-10-19 06:00:00,"361,63895086435195","668,659973",4,3,2024-10-19
2024-10-19 07:00:00,"323,87792789351454","630,919983",4,3,2024-10-19
2024-10-19 08:00:00,"283,37813430913417","587,669983",4,3,2024-10-19
2024-10-19 09:00:00,"258,9366637155578","546,799988",4,3,2024-10-19
2024-10-19 10:00:00,"217,0925708280193","493,399994",4,3,2024-10-19
2024-10-19 11:00:00,"171,8934957047783","454,619995",4,3,2024-10-19
2024-10-19 12:00:00,"172,61223754524832","476,470001",4,3,2024-10-19
2024-10-19 13:00:00,"220,47191628760822","589,679993",4,3,2024-10-19
2024-10-19 14:00:00,"292,6435445414366","731,52002",4,3,2024-10-19
2024-10-19 15:00:00,"353,53688145594555","813,929993",4,3,2024-10-19
2024-10-19 16:00:00,"440,1582425888974","1012,900024",4,3,2024-10-19
2024-10-19 17:00:00,"498,60809986989636","886,940002",4,3,2024-10-19
2024-10-19 18:00:00,"516,8244187003506","721,900024",4,3,2024-10-19
2024-10-19 19:00:00,"483,78304581135257","672,530029",4,3,2024-10-19
2024-10-19 20:00:00,"430,74762652302485","625,179993",4,3,2024-10-19
2024-10-19 21:00:00,"374,9350043459811","546,869995",4,3,2024-10-19
2024-10-19 22:00:00,"302,06520788652034","403,059998",4,3,2024-10-19
2024-10-19 23:00:00,"261,59898113294304","409,470001",4,3,2024-10-19
2024-10-20 00:00:00,"251,86793815138873","407,079987",4,3,2024-10-20
2024-10-20 01:00:00,"251,86793815138873","417,0",4,3,2024-10-20
2024-10-20 02:00:00,"253,4969830634417","444,450012",4,3,2024-10-20
2024-10-20 03:00:00,"256,69738285091375","241,880005",4,3,2024-10-20
2024-10-20 04:00:00,"256,99231794469097","240,389999",4,3,2024-10-20
2024-10-20 05:00:00,"271,1733754106956","291,329987",4,3,2024-10-20
2024-10-20 06:00:00,"306,19000804601006","359,950012",4,3,2024-10-20
2024-10-20 07:00:00,"262,05466578491513","341,230011",4,3,2024-10-20
2024-10-20 08:00:00,"181,05437321506156","47,509998",4,3,2024-10-20
2024-10-20 09:00:00,"117,70790134880032","0,6",4,3,2024-10-20
2024-10-20 10:00:00,"84,91014045641013","0,0",4,3,2024-10-20
2024-10-20 11:00:00,"53,26061888875045","-7,31",4,3,2024-10-20
2024-10-20 12:00:00,"48,47783905951958","-14,99",4,3,2024-10-20
2024-10-20 13:00:00,"49,80673106106348","0,0",4,3,2024-10-20
2024-10-20 14:00:00,"122,1741877840764","38,040001",4,3,2024-10-20
2024-10-20 15:00:00,"232,91016206545086","413,570007",4,3,2024-10-20
2024-10-20 16:00:00,"322,5174725369133","318,25",4,3,2024-10-20
2024-10-20 17:00:00,"366,1791345481256","268,950012",4,3,2024-10-20
2024-10-20 18:00:00,"401,2086336391807","252,919998",4,3,2024-10-20
2024-10-20 19:00:00,"362,4389711243662","156,259995",4,3,2024-10-20
2024-10-20 20:00:00,"339,5873556664343","90,620003",4,3,2024-10-20
2024-10-20 21:00:00,"285,93861484253694","14,39",4,3,2024-10-20
2024-10-20 22:00:00,"213,91182107472747","-0,75",4,3,2024-10-20
2024-10-20 23:00:00,"184,03981081575722","-0,75",4,3,2024-10-20
2024-10-21 00:00:00,"71,917641334231","-1,04",4,4,2024-10-21
2024-10-21 01:00:00,"83,7835597149658","-0,6",4,4,2024-10-21
2024-10-21 02:00:00,"111,79389682018117","-0,3",4,4,2024-10-21
2024-10-21 03:00:00,"174,2916249183695","24,24",4,4,2024-10-21
2024-10-21 04:00:00,"306,5912404687368","32,59",4,4,2024-10-21
2024-10-21 05:00:00,"407,0416760515342","301,170013",4,4,2024-10-21
2024-10-21 06:00:00,"479,9283709698366","292,070007",4,4,2024-10-21
2024-10-21 07:00:00,"540,323176514292","240,160004",4,4,2024-10-21
2024-10-21 08:00:00,"492,33173599866484","215,399994",4,4,2024-10-21
2024-10-21 09:00:00,"415,5646278306514","208,690002",4,4,2024-10-21
2024-10-21 10:00:00,"334,9488041406428","188,479996",4,4,2024-10-21
2024-10-21 11:00:00,"285,95645291170496","209,729996",4,4,2024-10-21
2024-10-21 12:00:00,"264,8332300517544","168,710007",4,4,2024-10-21
2024-10-21 13:00:00,"320,20550506870023","434,609985",4,4,2024-10-21
2024-10-21 14:00:00,"384,37058943394175","670,289978",4,4,2024-10-21
2024-10-21 15:00:00,"461,65319521737405","969,900024",4,4,2024-10-21
2024-10-21 16:00:00,"621,9820809836898","1582,319946",4,4,2024-10-21
2024-10-21 17:00:00,"775,9444180015711","1404,810059",4,4,2024-10-21
2024-10-21 18:00:00,"747,0539197528466","957,969971",4,4,2024-10-21
2024-10-21 19:00:00,"634,655696855337","750,320007",4,4,2024-10-21
2024-10-21 20:00:00,"540,9959909437389","729,440002",4,4,2024-10-21
2024-10-21 21:00:00,"442,3422769063412","693,419983",4,4,2024-10-21
2024-10-21 22:00:00,"341,297673135755","666,929993",4,4,2024-10-21
2024-10-21 23:00:00,"299,61391522423435","652,76001",4,4,2024-10-21
2024-10-22 00:00:00,"282,04036787835594","639,109985",4,4,2024-10-22
2024-10-22 01:00:00,"270,66164600469034","623,52002",4,4,2024-10-22
2024-10-22 02:00:00,"265,4802448395443","619,190002",4,4,2024-10-22
2024-10-22 03:00:00,"310,5581588324439","641,419983",4,4,2024-10-22
2024-10-22 04:00:00,"403,9096507482543","731,960022",4,4,2024-10-22
2024-10-22 05:00:00,"587,7516353881794","1118,76001",4,4,2024-10-22
2024-10-22 06:00:00,"726,2961210913348","1215,27002",4,4,2024-10-22
2024-10-22 07:00:00,"707,7295069975368","846,080017",4,4,2024-10-22
2024-10-22 08:00:00,"628,9494883255009","736,809998",4,4,2024-10-22
2024-10-22 09:00:00,"548,2450929983122","639,109985",4,4,2024-10-22
2024-10-22 10:00:00,"481,88510283061834","246,720001",4,4,2024-10-22
2024-10-22 11:00:00,"428,45337997056293","232,550003",4,4,2024-10-22
2024-10-22 12:00:00,"409,98090871793374","225,539993",4,4,2024-10-22
2024-10-22 13:00:00,"417,3888131088433","229,789993",4,4,2024-10-22
2024-10-22 14:00:00,"456,6551259960275","263,130005",4,4,2024-10-22
2024-10-22 15:00:00,"528,7988394645657","759,109985",4,4,2024-10-22
2024-10-22 16:00:00,"599,3989992395574","1043,579956",4,4,2024-10-22
2024-10-22 17:00:00,"626,3391901505835","1176,560059",4,4,2024-10-22
2024-10-22 18:00:00,"647,1952307647957","850,400024",4,4,2024-10-22
2024-10-22 19:00:00,"585,2313347650967","697,72998",4,4,2024-10-22
2024-10-22 20:00:00,"524,7034816492877","713,919983",4,4,2024-10-22
2024-10-22 21:00:00,"435,75227352922633","658,950012",4,4,2024-10-22
2024-10-22 22:00:00,"385,20270714416506","602,789978",4,4,2024-10-22
2024-10-22 23:00:00,"309,5760012828388","620,690002",4,4,2024-10-22
2024-10-23 00:00:00,"281,74918563867107","611,669983",4,4,2024-10-23
2024-10-23 01:00:00,"266,65246253244266","620,539978",4,4,2024-10-23
2024-10-23 02:00:00,"265,49834719782046","639,859985",4,4,2024-10-23
2024-10-23 03:00:00,"283,36538461076236","675,950012",4,4,2024-10-23
2024-10-23 04:00:00,"355,1531231932009","780,950012",4,4,2024-10-23
2024-10-23 05:00:00,"461,69904439439716","1025,329956",4,4,2024-10-23
2024-10-23 06:00:00,"585,0757881739576","1205,72998",4,4,2024-10-23
2024-10-23 07:00:00,"591,041283741844","957,690002",4,4,2024-10-23
2024-10-23 08:00:00,"511,2859832900462","776,330017",4,4,2024-10-23
2024-10-23 09:00:00,"412,04565017427484","693,700012",4,4,2024-10-23
2024-10-23 10:00:00,"313,1687761611473","600,929993",4,4,2024-10-23
2024-10-23 11:00:00,"267,38612468064844","574,75",4,4,2024-10-23
2024-10-23 12:00:00,"248,0232157301426","562,450012",4,4,2024-10-23
2024-10-23 13:00:00,"298,75501995477265","657,830017",4,4,2024-10-23
2024-10-23 14:00:00,"354,71332525817303","696,22998",4,4,2024-10-23
2024-10-23 15:00:00,"432,42357282591166","1009,669983",4,4,2024-10-23
2024-10-23 16:00:00,"494,56509150976217","1428,859985",4,4,2024-10-23
2024-10-23 17:00:00,"561,0593581825484","1312,52002",4,4,2024-10-23
2024-10-23 18:00:00,"581,8858110396866","833,080017",4,4,2024-10-23
2024-10-23 19:00:00,"553,3729500036529","754,849976",4,4,2024-10-23
2024-10-23 20:00:00,"505,8795410447016","767,599976",4,4,2024-10-23
2024-10-23 21:00:00,"439,38686431480465","694,73999",4,4,2024-10-23
2024-10-23 22:00:00,"359,54188329919054","647,059998",4,4,2024-10-23
2024-10-23 23:00:00,"289,89111061389735","597,460022",4,4,2024-10-23
2024-10-24 00:00:00,"257,2291720845515","582,469971",4,4,2024-10-24
2024-10-24 01:00:00,"240,94953337589362","564,349976",4,4,2024-10-24
2024-10-24 02:00:00,"240,62747777978828","532,200012",4,4,2024-10-24
2024-10-24 03:00:00,"288,9964985289353","597,909973",4,4,2024-10-24
2024-10-24 04:00:00,"344,67010306337306","748,409973",4,4,2024-10-24
2024-10-24 05:00:00,"421,5481904719826","1057,98999",4,4,2024-10-24
2024-10-24 06:00:00,"483,4621254897315","1233,47998",4,4,2024-10-24
2024-10-24 07:00:00,"481,72292709083297","874,820007",4,4,2024-10-24
2024-10-24 08:00:00,"434,0098636078889","760,049988",4,4,2024-10-24
2024-10-24 09:00:00,"384,3835655635283","693,969971",4,4,2024-10-24
2024-10-24 10:00:00,"322,8232582921571","626,169983",4,4,2024-10-24
2024-10-24 11:00:00,"261,3224891055654","590,299988",4,4,2024-10-24
2024-10-24 12:00:00,"259,2145061995157","607,900024",4,4,2024-10-24
2024-10-24 13:00:00,"323,37476937426806","713,72998",4,4,2024-10-24
2024-10-24 14:00:00,"381,82925775185004","809,869995",4,4,2024-10-24
2024-10-24 15:00:00,"446,5332676379075","921,659973",4,4,2024-10-24
2024-10-24 16:00:00,"524,7863024078486","1034,430054",4,4,2024-10-24
2024-10-24 17:00:00,"600,1915184195217","851,630005",4,4,2024-10-24
2024-10-24 18:00:00,"646,5183938505113","720,52002",4,4,2024-10-24
2024-10-24 19:00:00,"627,3318915037186","698,369995",4,4,2024-10-24
2024-10-24 20:00:00,"584,5023432910101","670,47998",4,4,2024-10-24
2024-10-24 21:00:00,"528,679950740213","623,559998",4,4,2024-10-24
2024-10-24 22:00:00,"495,22134939438445","615,460022",4,4,2024-10-24
2024-10-24 23:00:00,"469,0677169267939","612,25",4,4,2024-10-24
2024-10-25 00:00:00,"471,1110467465519","594,48999",4,4,2024-10-25
2024-10-25 01:00:00,"460,6923496231704","616,200012",4,4,2024-10-25
2024-10-25 02:00:00,"461,39936456758437","630,150024",4,4,2024-10-25
2024-10-25 03:00:00,"478,0175736180012","705,650024",4,4,2024-10-25
2024-10-25 04:00:00,"541,0810989840849","812,700012",4,4,2024-10-25
2024-10-25 05:00:00,"705,2167746636901","923,190002",4,4,2024-10-25
2024-10-25 06:00:00,"817,9897811295309","1123,410034",4,4,2024-10-25
2024-10-25 07:00:00,"800,2893640472406","913,340027",4,4,2024-10-25
2024-10-25 08:00:00,"731,1153746469473","806,809998",4,4,2024-10-25
2024-10-25 09:00:00,"640,8570970255481","700,5",4,4,2024-10-25
2024-10-25 10:00:00,"562,2196658050028","604,859985",4,4,2024-10-25
2024-10-25 11:00:00,"497,58044777301154","583,22998",4,4,2024-10-25
2024-10-25 12:00:00,"468,94565041729936","615,22998",4,4,2024-10-25
2024-10-25 13:00:00,"477,7446002460788","741,01001",4,4,2024-10-25
2024-10-25 14:00:00,"522,6306994511186","880,51001",4,4,2024-10-25
2024-10-25 15:00:00,"619,1245089545205","1184,140015",4,4,2024-10-25
2024-10-25 16:00:00,"772,9881335784958","1695,829956",4,4,2024-10-25
2024-10-25 17:00:00,"899,1291920920206","1379,0",4,4,2024-10-25
2024-10-25 18:00:00,"844,6977705894079","924,01001",4,4,2024-10-25
2024-10-25 19:00:00,"754,2108438376799","867,530029",4,4,2024-10-25
2024-10-25 20:00:00,"706,8328855680426","850,150024",4,4,2024-10-25
2024-10-25 21:00:00,"645,1262167597373","801,210022",4,4,2024-10-25
2024-10-25 22:00:00,"621,8180648150263","860,150024",4,4,2024-10-25
2024-10-25 23:00:00,"589,8710733699049","818,0",4,4,2024-10-25
2024-10-26 00:00:00,"552,7632543181875","797,929993",4,4,2024-10-26
2024-10-26 01:00:00,"519,2142952616499","804,200012",4,4,2024-10-26
2024-10-26 02:00:00,"494,5003925201603","788,599976",4,4,2024-10-26
2024-10-26 03:00:00,"480,6343557583081","796,960022",4,4,2024-10-26
2024-10-26 04:00:00,"491,18254432026185","850,0",4,4,2024-10-26
2024-10-26 05:00:00,"517,0324803205181","937,890015",4,4,2024-10-26
2024-10-26 06:00:00,"537,2554297347033","940,059998",4,4,2024-10-26
2024-10-26 07:00:00,"514,0030725991178","877,159973",4,4,2024-10-26
2024-10-26 08:00:00,"456,03162240393","756,450012",4,4,2024-10-26
2024-10-26 09:00:00,"413,95916735454324","607,900024",4,4,2024-10-26
2024-10-26 10:00:00,"356,92859046934046","509,940002",4,4,2024-10-26
2024-10-26 11:00:00,"291,5717870846685","472,269989",4,4,2024-10-26
2024-10-26 12:00:00,"289,3346407968437","481,589996",4,4,2024-10-26
2024-10-26 13:00:00,"343,0109381605505","607,599976",4,4,2024-10-26
2024-10-26 14:00:00,"402,39252435338227","750,549988",4,4,2024-10-26
2024-10-26 15:00:00,"457,3489161209174","938,039978",4,4,2024-10-26
2024-10-26 16:00:00,"563,073950110992","1125,829956",4,4,2024-10-26
2024-10-26 17:00:00,"645,2939468608727","885,890015",4,4,2024-10-26
2024-10-26 18:00:00,"598,6752470303898","719,809998",4,4,2024-10-26
2024-10-26 19:00:00,"532,7694247307713","662,219971",4,4,2024-10-26
2024-10-26 20:00:00,"473,0009109240692","652,820007",4,4,2024-10-26
2024-10-26 21:00:00,"389,12899251757085","571,719971",4,4,2024-10-26
2024-10-26 22:00:00,"291,5716742984005","688,119995",4,4,2024-10-26
2024-10-26 23:00:00,"250,928802805168","626,780029",4,4,2024-10-26
2024-10-27 00:00:00,"239,63669113830557","613,570007",4,4,2024-10-27
2024-10-27 01:00:00,"248,97739835710018","600,140015",4,4,2024-10-27
2024-10-27 02:00:00,"255,27890776838","592,530029",4,4,2024-10-27
2024-10-27 03:00:00,"260,0802363975517","587,900024",4,4,2024-10-27
2024-10-27 04:00:00,"258,2202448679851","635,289978",4,4,2024-10-27
2024-10-27 05:00:00,"268,0850453695584","665,659973",4,4,2024-10-27
2024-10-27 06:00:00,"271,76430966101105","657,0",4,4,2024-10-27
2024-10-27 07:00:00,"255,0600160168417","629,320007",4,4,2024-10-27
2024-10-27 08:00:00,"183,08547049521084","496,049988",4,4,2024-10-27
2024-10-27 09:00:00,"88,1163277167383","408,299988",4,4,2024-10-27
2024-10-27 10:00:00,"24,593984503924794","317,119995",4,4,2024-10-27
2024-10-27 11:00:00,"5,4501735817406765","298,390015",4,4,2024-10-27
2024-10-27 12:00:00,"1,6875620663929074","298,470001",4,4,2024-10-27
2024-10-27 13:00:00,"11,314897205669219","480,01001",4,4,2024-10-27
2024-10-27 14:00:00,"65,23933972496022","753,109985",4,4,2024-10-27
2024-10-27 15:00:00,"177,77113432475966","878,97998",4,4,2024-10-27
2024-10-27 16:00:00,"291,2511355918729","1106,569946",4,4,2024-10-27
2024-10-27 17:00:00,"342,5829064006903","1087,23999",4,4,2024-10-27
2024-10-27 18:00:00,"347,84347763521083","973,52002",4,4,2024-10-27
2024-10-27 19:00:00,"293,8241859991727","881,299988",4,4,2024-10-27
2024-10-27 20:00:00,"262,25906569450007","831,159973",4,4,2024-10-27
2024-10-27 21:00:00,"237,04461486139286","820,48999",4,4,2024-10-27
2024-10-27 22:00:00,"202,00445466460752","651,109985",4,4,2024-10-27
2024-10-27 23:00:00,"170,27083746091452","713,340027",4,4,2024-10-27
