Time,Prediction,DKPrice,fold,week,Date
2024-01-01 00:00:00,"835,2426864321982","209,779999",1,1,2024-01-01
2024-01-01 01:00:00,"831,4128095838857","198,740005",1,1,2024-01-01
2024-01-01 02:00:00,"826,7030008820175","30,860001",1,1,2024-01-01
2024-01-01 03:00:00,"824,6129714632906","-0,22",1,1,2024-01-01
2024-01-01 04:00:00,"820,4944216911825","-0,15",1,1,2024-01-01
2024-01-01 05:00:00,"816,7981015971602","-0,37",1,1,2024-01-01
2024-01-01 06:00:00,"821,794441516103","-0,15",1,1,2024-01-01
2024-01-01 07:00:00,"828,9718043186537","0,0",1,1,2024-01-01
2024-01-01 08:00:00,"833,2835433756956","0,6",1,1,2024-01-01
2024-01-01 09:00:00,"833,2812357765156","308,179993",1,1,2024-01-01
2024-01-01 10:00:00,"836,3683064940926","324,359985",1,1,2024-01-01
2024-01-01 11:00:00,"837,4398903595538","320,700012",1,1,2024-01-01
2024-01-01 12:00:00,"839,5847079272281","330,170013",1,1,2024-01-01
2024-01-01 13:00:00,"840,2386330392621","344,709991",1,1,2024-01-01
2024-01-01 14:00:00,"842,127094906173","377,290009",1,1,2024-01-01
2024-01-01 15:00:00,"838,6061198839552","443,329987",1,1,2024-01-01
2024-01-01 16:00:00,"840,9259427024913","484,480011",1,1,2024-01-01
2024-01-01 17:00:00,"842,177200709292","460,26001",1,1,2024-01-01
2024-01-01 18:00:00,"832,5441337833942","456,75",1,1,2024-01-01
2024-01-01 19:00:00,"829,1262348264418","447,059998",1,1,2024-01-01
2024-01-01 20:00:00,"828,1462397602639","409,420013",1,1,2024-01-01
2024-01-01 21:00:00,"829,7925674012254","355,220001",1,1,2024-01-01
2024-01-01 22:00:00,"829,0235629520979","265,019989",1,1,2024-01-01
2024-01-01 23:00:00,"837,8426732640804","228,039993",1,1,2024-01-01
2024-01-02 00:00:00,"818,121751224014","149,619995",1,1,2024-01-02
2024-01-02 01:00:00,"813,8944711099847","231,320007",1,1,2024-01-02
2024-01-02 02:00:00,"809,1396225293992","137,089996",1,1,2024-01-02
2024-01-02 03:00:00,"807,6426291563445","82,599998",1,1,2024-01-02
2024-01-02 04:00:00,"808,1998305001689","102,730003",1,1,2024-01-02
2024-01-02 05:00:00,"812,5459801051439","355,070007",1,1,2024-01-02
2024-01-02 06:00:00,"817,1334474579745","433,119995",1,1,2024-01-02
2024-01-02 07:00:00,"825,4515411151466","489,549988",1,1,2024-01-02
2024-01-02 08:00:00,"827,8248116500758","482,549988",1,1,2024-01-02
2024-01-02 09:00:00,"828,5202390460273","514,22998",1,1,2024-01-02
2024-01-02 10:00:00,"827,387280376126","548,219971",1,1,2024-01-02
2024-01-02 11:00:00,"826,1561168804237","582,659973",1,1,2024-01-02
2024-01-02 12:00:00,"825,0042183734147","587,960022",1,1,2024-01-02
2024-01-02 13:00:00,"828,1623974106512","590,719971",1,1,2024-01-02
2024-01-02 14:00:00,"839,9892589899094","596,080017",1,1,2024-01-02
2024-01-02 15:00:00,"845,3548730858536","607,26001",1,1,2024-01-02
2024-01-02 16:00:00,"853,1343737347567","603,23999",1,1,2024-01-02
2024-01-02 17:00:00,"851,772517633098","558,72998",1,1,2024-01-02
2024-01-02 18:00:00,"847,5598580234232","470,98999",1,1,2024-01-02
2024-01-02 19:00:00,"845,6658971073932","425,73999",1,1,2024-01-02
2024-01-02 20:00:00,"847,2380030330182","349,549988",1,1,2024-01-02
2024-01-02 21:00:00,"851,2313832923172","298,190002",1,1,2024-01-02
2024-01-02 22:00:00,"855,9099205240539","162,589996",1,1,2024-01-02
2024-01-02 23:00:00,"860,0890075904672","7,75",1,1,2024-01-02
2024-01-03 00:00:00,"853,43295549296","-0,07",1,1,2024-01-03
2024-01-03 01:00:00,"852,0452883810758","0,0",1,1,2024-01-03
2024-01-03 02:00:00,"849,7579247061004","-0,07",1,1,2024-01-03
2024-01-03 03:00:00,"848,8893758611268","0,0",1,1,2024-01-03
2024-01-03 04:00:00,"849,074108306463","0,15",1,1,2024-01-03
2024-01-03 05:00:00,"848,8455645914527","8,13",1,1,2024-01-03
2024-01-03 06:00:00,"847,2633526957472","302,600006",1,1,2024-01-03
2024-01-03 07:00:00,"847,3725823392026","444,399994",1,1,2024-01-03
2024-01-03 08:00:00,"842,6663581841744","451,850006",1,1,2024-01-03
2024-01-03 09:00:00,"842,5370284385576","424,940002",1,1,2024-01-03
2024-01-03 10:00:00,"839,6552282869872","409,209991",1,1,2024-01-03
2024-01-03 11:00:00,"837,0260617955845","445,820007",1,1,2024-01-03
2024-01-03 12:00:00,"830,0958254623316","438,809998",1,1,2024-01-03
2024-01-03 13:00:00,"836,2891294723253","453,720001",1,1,2024-01-03
2024-01-03 14:00:00,"843,535967854669","500,829987",1,1,2024-01-03
2024-01-03 15:00:00,"846,1743479846499","548,619995",1,1,2024-01-03
2024-01-03 16:00:00,"853,16576622831","613,409973",1,1,2024-01-03
2024-01-03 17:00:00,"846,8642713327686","618,549988",1,1,2024-01-03
2024-01-03 18:00:00,"843,501830548376","589,179993",1,1,2024-01-03
2024-01-03 19:00:00,"829,9550582542453","545,940002",1,1,2024-01-03
2024-01-03 20:00:00,"825,2876120955308","502,549988",1,1,2024-01-03
2024-01-03 21:00:00,"826,5000684679025","484,579987",1,1,2024-01-03
2024-01-03 22:00:00,"824,9216738747697","433,290009",1,1,2024-01-03
2024-01-03 23:00:00,"823,272012158089","427,329987",1,1,2024-01-03
2024-01-04 00:00:00,"832,0758807384153","376,320007",1,1,2024-01-04
2024-01-04 01:00:00,"828,5066529964729","298,309998",1,1,2024-01-04
2024-01-04 02:00:00,"809,3952478739377","190,020004",1,1,2024-01-04
2024-01-04 03:00:00,"805,8278579086134","261,019989",1,1,2024-01-04
2024-01-04 04:00:00,"797,6632612348656","430,540009",1,1,2024-01-04
2024-01-04 05:00:00,"787,8036860684514","541,809998",1,1,2024-01-04
2024-01-04 06:00:00,"789,9676109728073","634,059998",1,1,2024-01-04
2024-01-04 07:00:00,"789,7984757958109","682,169983",1,1,2024-01-04
2024-01-04 08:00:00,"794,893417296026","702,530029",1,1,2024-01-04
2024-01-04 09:00:00,"799,2573357381548","683,210022",1,1,2024-01-04
2024-01-04 10:00:00,"798,2326231942632","671,429993",1,1,2024-01-04
2024-01-04 11:00:00,"807,2714473389307","643,609985",1,1,2024-01-04
2024-01-04 12:00:00,"820,5031375347767","641,070007",1,1,2024-01-04
2024-01-04 13:00:00,"820,9587884761654","686,940002",1,1,2024-01-04
2024-01-04 14:00:00,"830,5782270086104","735,48999",1,1,2024-01-04
2024-01-04 15:00:00,"828,4733450875638","788,51001",1,1,2024-01-04
2024-01-04 16:00:00,"837,6455279623187","993,599976",1,1,2024-01-04
2024-01-04 17:00:00,"842,5096489426265","1078,77002",1,1,2024-01-04
2024-01-04 18:00:00,"833,8427892331315","932,22998",1,1,2024-01-04
2024-01-04 19:00:00,"822,4119930503604","772,549988",1,1,2024-01-04
2024-01-04 20:00:00,"821,1562361361645","745,859985",1,1,2024-01-04
2024-01-04 21:00:00,"820,3292176852083","707,450012",1,1,2024-01-04
2024-01-04 22:00:00,"817,3058937792987","662,47998",1,1,2024-01-04
2024-01-04 23:00:00,"818,7603275660492","642,059998",1,1,2024-01-04
2024-01-05 00:00:00,"809,8474767621876","600,51001",1,1,2024-01-05
2024-01-05 01:00:00,"801,4011179087545","574,409973",1,1,2024-01-05
2024-01-05 02:00:00,"787,5563184126731","546,059998",1,1,2024-01-05
2024-01-05 03:00:00,"775,7959670567784","552,330017",1,1,2024-01-05
2024-01-05 04:00:00,"775,7560716604052","567,099976",1,1,2024-01-05
2024-01-05 05:00:00,"776,06982906298","604,169983",1,1,2024-01-05
2024-01-05 06:00:00,"792,1393270837026","648,919983",1,1,2024-01-05
2024-01-05 07:00:00,"792,041609989716","668,090027",1,1,2024-01-05
2024-01-05 08:00:00,"799,07831825728","708,070007",1,1,2024-01-05
2024-01-05 09:00:00,"793,5472191537086","718,140015",1,1,2024-01-05
2024-01-05 10:00:00,"791,3599927843203","732,609985",1,1,2024-01-05
2024-01-05 11:00:00,"791,2871302910979","688,01001",1,1,2024-01-05
2024-01-05 12:00:00,"794,2871937799334","682,780029",1,1,2024-01-05
2024-01-05 13:00:00,"786,2360620525945","719,109985",1,1,2024-01-05
2024-01-05 14:00:00,"795,7615691456513","746,26001",1,1,2024-01-05
2024-01-05 15:00:00,"798,3122007080763","768,039978",1,1,2024-01-05
2024-01-05 16:00:00,"812,6607169348066","800,929993",1,1,2024-01-05
2024-01-05 17:00:00,"815,3879958354713","808,909973",1,1,2024-01-05
2024-01-05 18:00:00,"802,6837231774844","775,419983",1,1,2024-01-05
2024-01-05 19:00:00,"804,6314286823133","746,559998",1,1,2024-01-05
2024-01-05 20:00:00,"809,1295793705453","702,549988",1,1,2024-01-05
2024-01-05 21:00:00,"809,7801106335959","708,0",1,1,2024-01-05
2024-01-05 22:00:00,"799,2125582010816","647,429993",1,1,2024-01-05
2024-01-05 23:00:00,"811,6059957004841","613,47998",1,1,2024-01-05
2024-01-06 00:00:00,"798,4320135802346","598,190002",1,1,2024-01-06
2024-01-06 01:00:00,"791,6482691291708","567,830017",1,1,2024-01-06
2024-01-06 02:00:00,"778,2497123712839","544,559998",1,1,2024-01-06
2024-01-06 03:00:00,"771,5592470314989","544,559998",1,1,2024-01-06
2024-01-06 04:00:00,"769,4757678703681","556,340027",1,1,2024-01-06
2024-01-06 05:00:00,"769,7798955709766","560,150024",1,1,2024-01-06
2024-01-06 06:00:00,"777,1951069196483","607,059998",1,1,2024-01-06
2024-01-06 07:00:00,"785,3765021350135","659,349976",1,1,2024-01-06
2024-01-06 08:00:00,"797,5388022828386","687,909973",1,1,2024-01-06
2024-01-06 09:00:00,"792,959346001234","725,72998",1,1,2024-01-06
2024-01-06 10:00:00,"797,2943329164872","749,070007",1,1,2024-01-06
2024-01-06 11:00:00,"806,3695054376316","739,599976",1,1,2024-01-06
2024-01-06 12:00:00,"808,5894914399926","710,210022",1,1,2024-01-06
2024-01-06 13:00:00,"808,7706746840702","690,299988",1,1,2024-01-06
2024-01-06 14:00:00,"818,8345753021139","709,23999",1,1,2024-01-06
2024-01-06 15:00:00,"818,8516003527368","744,75",1,1,2024-01-06
2024-01-06 16:00:00,"822,2325022511145","780,849976",1,1,2024-01-06
2024-01-06 17:00:00,"824,5285883344704","774,51001",1,1,2024-01-06
2024-01-06 18:00:00,"824,6822010383755","740,719971",1,1,2024-01-06
2024-01-06 19:00:00,"821,8568885078768","687,909973",1,1,2024-01-06
2024-01-06 20:00:00,"826,0726228208196","656,359985",1,1,2024-01-06
2024-01-06 21:00:00,"831,484116303348","647,039978",1,1,2024-01-06
2024-01-06 22:00:00,"834,5985678682994","596,919983",1,1,2024-01-06
2024-01-06 23:00:00,"842,2899415506992","642,570007",1,1,2024-01-06
2024-01-07 00:00:00,"835,1310113191996","615,049988",1,1,2024-01-07
2024-01-07 01:00:00,"836,1246371056974","573,72998",1,1,2024-01-07
2024-01-07 02:00:00,"832,6689774948026","561,48999",1,1,2024-01-07
2024-01-07 03:00:00,"828,2888917448724","546,950012",1,1,2024-01-07
2024-01-07 04:00:00,"832,1369810335023","550,309998",1,1,2024-01-07
2024-01-07 05:00:00,"829,7860811398347","560,450012",1,1,2024-01-07
2024-01-07 06:00:00,"829,6866858955482","582,080017",1,1,2024-01-07
2024-01-07 07:00:00,"826,6069990935233","610,049988",1,1,2024-01-07
2024-01-07 08:00:00,"830,7355720778982","634,219971",1,1,2024-01-07
2024-01-07 09:00:00,"837,9681952389099","650,030029",1,1,2024-01-07
2024-01-07 10:00:00,"841,7353984726983","666,210022",1,1,2024-01-07
2024-01-07 11:00:00,"842,5160329065275","682,469971",1,1,2024-01-07
2024-01-07 12:00:00,"841,3644675224627","652,789978",1,1,2024-01-07
2024-01-07 13:00:00,"839,0184591885624","634,219971",1,1,2024-01-07
2024-01-07 14:00:00,"844,1929254837543","656,440002",1,1,2024-01-07
2024-01-07 15:00:00,"842,2571213615093","696,799988",1,1,2024-01-07
2024-01-07 16:00:00,"838,8726036346648","759,080017",1,1,2024-01-07
2024-01-07 17:00:00,"833,8747942665091","782,049988",1,1,2024-01-07
2024-01-07 18:00:00,"830,0091981724228","772,349976",1,1,2024-01-07
2024-01-07 19:00:00,"823,2609630581171","749,599976",1,1,2024-01-07
2024-01-07 20:00:00,"827,0447539292436","695,97998",1,1,2024-01-07
2024-01-07 21:00:00,"828,2173420720659","680,01001",1,1,2024-01-07
2024-01-07 22:00:00,"832,058304135164","625,48999",1,1,2024-01-07
2024-01-07 23:00:00,"838,3101001775716","649,059998",1,1,2024-01-07
2024-01-08 00:00:00,"855,1911176731992","628,919983",1,2,2024-01-08
2024-01-08 01:00:00,"855,286043495941","610,27002",1,2,2024-01-08
2024-01-08 02:00:00,"851,2353091685609","590,059998",1,2,2024-01-08
2024-01-08 03:00:00,"852,0349231368601","585,359985",1,2,2024-01-08
2024-01-08 04:00:00,"850,9391097670101","612,359985",1,2,2024-01-08
2024-01-08 05:00:00,"850,6138179454109","703,359985",1,2,2024-01-08
2024-01-08 06:00:00,"854,3938951795706","828,669983",1,2,2024-01-08
2024-01-08 07:00:00,"860,1677114521194","903,330017",1,2,2024-01-08
2024-01-08 08:00:00,"863,9632829224577","878,859985",1,2,2024-01-08
2024-01-08 09:00:00,"870,0198850777535","824,940002",1,2,2024-01-08
2024-01-08 10:00:00,"882,7577822880206","768,25",1,2,2024-01-08
2024-01-08 11:00:00,"884,1043362464502","712,309998",1,2,2024-01-08
2024-01-08 12:00:00,"882,0581064565221","701,349976",1,2,2024-01-08
2024-01-08 13:00:00,"881,4722554073489","763,25",1,2,2024-01-08
2024-01-08 14:00:00,"880,9489717914951","805,390015",1,2,2024-01-08
2024-01-08 15:00:00,"881,4982402533733","923,619995",1,2,2024-01-08
2024-01-08 16:00:00,"884,9533419832808","963,299988",1,2,2024-01-08
2024-01-08 17:00:00,"885,1335300470171","969,710022",1,2,2024-01-08
2024-01-08 18:00:00,"881,556749951756","910,859985",1,2,2024-01-08
2024-01-08 19:00:00,"879,2360347785916","851,859985",1,2,2024-01-08
2024-01-08 20:00:00,"880,8354671232563","766,97998",1,2,2024-01-08
2024-01-08 21:00:00,"873,2141706366403","745,719971",1,2,2024-01-08
2024-01-08 22:00:00,"862,1865036232844","682,400024",1,2,2024-01-08
2024-01-08 23:00:00,"861,9016987572596","657,710022",1,2,2024-01-08
2024-01-09 00:00:00,"855,2117334401958","649,359985",1,2,2024-01-09
2024-01-09 01:00:00,"857,6484001784223","634,140015",1,2,2024-01-09
2024-01-09 02:00:00,"855,8498604864449","627,719971",1,2,2024-01-09
2024-01-09 03:00:00,"857,1061351194526","639,51001",1,2,2024-01-09
2024-01-09 04:00:00,"855,0034202651758","666,070007",1,2,2024-01-09
2024-01-09 05:00:00,"853,5398445366571","809,530029",1,2,2024-01-09
2024-01-09 06:00:00,"852,2572117667117","925,539978",1,2,2024-01-09
2024-01-09 07:00:00,"857,7551388738408","994,030029",1,2,2024-01-09
2024-01-09 08:00:00,"859,049165153322","902,039978",1,2,2024-01-09
2024-01-09 09:00:00,"865,8484368885871","844,450012",1,2,2024-01-09
2024-01-09 10:00:00,"881,9888736351922","789,169983",1,2,2024-01-09
2024-01-09 11:00:00,"883,014573910636","747,690002",1,2,2024-01-09
2024-01-09 12:00:00,"882,2898230888093","752,159973",1,2,2024-01-09
2024-01-09 13:00:00,"882,5451278360459","827,289978",1,2,2024-01-09
2024-01-09 14:00:00,"882,9745305467503","890,780029",1,2,2024-01-09
2024-01-09 15:00:00,"884,2648439087831","953,820007",1,2,2024-01-09
2024-01-09 16:00:00,"886,7846191719988","1028,349976",1,2,2024-01-09
2024-01-09 17:00:00,"887,1256493639072","1028,050049",1,2,2024-01-09
2024-01-09 18:00:00,"883,2609356196776","973,070007",1,2,2024-01-09
2024-01-09 19:00:00,"881,6087568600265","897,039978",1,2,2024-01-09
2024-01-09 20:00:00,"883,2185167790715","833,179993",1,2,2024-01-09
2024-01-09 21:00:00,"876,9200550177096","792,150024",1,2,2024-01-09
2024-01-09 22:00:00,"866,0633086663352","724,340027",1,2,2024-01-09
2024-01-09 23:00:00,"863,6955814629941","665,900024",1,2,2024-01-09
2024-01-10 00:00:00,"860,759746296496","647,039978",1,2,2024-01-10
2024-01-10 01:00:00,"864,7392286048324","646,809998",1,2,2024-01-10
2024-01-10 02:00:00,"860,3348975629787","642,039978",1,2,2024-01-10
2024-01-10 03:00:00,"859,9970281749966","643,599976",1,2,2024-01-10
2024-01-10 04:00:00,"858,0691295860738","664,109985",1,2,2024-01-10
2024-01-10 05:00:00,"857,5565114140238","812,0",1,2,2024-01-10
2024-01-10 06:00:00,"859,252047030228","941,840027",1,2,2024-01-10
2024-01-10 07:00:00,"865,6802748627019","1053,630005",1,2,2024-01-10
2024-01-10 08:00:00,"866,811336647271","972,419983",1,2,2024-01-10
2024-01-10 09:00:00,"872,0383640592715","884,190002",1,2,2024-01-10
2024-01-10 10:00:00,"884,6091292199277","813,869995",1,2,2024-01-10
2024-01-10 11:00:00,"885,3850086450154","762,26001",1,2,2024-01-10
2024-01-10 12:00:00,"885,1188579325399","787,609985",1,2,2024-01-10
2024-01-10 13:00:00,"883,7898526052355","842,059998",1,2,2024-01-10
2024-01-10 14:00:00,"884,8775156585057","923,27002",1,2,2024-01-10
2024-01-10 15:00:00,"888,0472822914876","1004,109985",1,2,2024-01-10
2024-01-10 16:00:00,"892,0246641157835","1072,349976",1,2,2024-01-10
2024-01-10 17:00:00,"891,3515773860744","1044,089966",1,2,2024-01-10
2024-01-10 18:00:00,"886,9078438440401","985,539978",1,2,2024-01-10
2024-01-10 19:00:00,"879,419098852551","894,929993",1,2,2024-01-10
2024-01-10 20:00:00,"878,9129400365731","818,559998",1,2,2024-01-10
2024-01-10 21:00:00,"867,4268341177593","779,26001",1,2,2024-01-10
2024-01-10 22:00:00,"852,1760223979534","677,909973",1,2,2024-01-10
2024-01-10 23:00:00,"854,3433799322323","684,27002",1,2,2024-01-10
2024-01-11 00:00:00,"858,3722031076603","660,700012",1,2,2024-01-11
2024-01-11 01:00:00,"860,6928933374452","650,710022",1,2,2024-01-11
2024-01-11 02:00:00,"858,7027100568607","614,390015",1,2,2024-01-11
2024-01-11 03:00:00,"861,1145759433248","611,179993",1,2,2024-01-11
2024-01-11 04:00:00,"864,336130654426","666,440002",1,2,2024-01-11
2024-01-11 05:00:00,"859,668351859559","761,22998",1,2,2024-01-11
2024-01-11 06:00:00,"860,7735569242136","871,530029",1,2,2024-01-11
2024-01-11 07:00:00,"868,4380363167403","1051,569946",1,2,2024-01-11
2024-01-11 08:00:00,"874,1401989336871","963,27002",1,2,2024-01-11
2024-01-11 09:00:00,"877,9722056744143","847,590027",1,2,2024-01-11
2024-01-11 10:00:00,"887,3565702833066","794,119995",1,2,2024-01-11
2024-01-11 11:00:00,"888,5224950899203","741,169983",1,2,2024-01-11
2024-01-11 12:00:00,"888,80900482396","738,340027",1,2,2024-01-11
2024-01-11 13:00:00,"886,8100342461794","790,390015",1,2,2024-01-11
2024-01-11 14:00:00,"885,7112433027913","879,73999",1,2,2024-01-11
2024-01-11 15:00:00,"887,5513279917113","1024,349976",1,2,2024-01-11
2024-01-11 16:00:00,"890,4402467875047","1119,359985",1,2,2024-01-11
2024-01-11 17:00:00,"891,3147786614037","1019,429993",1,2,2024-01-11
2024-01-11 18:00:00,"885,3427606979648","986,76001",1,2,2024-01-11
2024-01-11 19:00:00,"881,3984925541016","879,140015",1,2,2024-01-11
2024-01-11 20:00:00,"882,3202310171956","799,419983",1,2,2024-01-11
2024-01-11 21:00:00,"875,3251426250607","745,789978",1,2,2024-01-11
2024-01-11 22:00:00,"864,0192196338102","725,059998",1,2,2024-01-11
2024-01-11 23:00:00,"864,5371900000252","678,890015",1,2,2024-01-11
2024-01-12 00:00:00,"862,996046582448","657,859985",1,2,2024-01-12
2024-01-12 01:00:00,"864,4772815524819","635,48999",1,2,2024-01-12
2024-01-12 02:00:00,"862,9916640366803","631,090027",1,2,2024-01-12
2024-01-12 03:00:00,"859,2483371345788","628,929993",1,2,2024-01-12
2024-01-12 04:00:00,"857,4578648585771","628,190002",1,2,2024-01-12
2024-01-12 05:00:00,"859,8330416613292","665,469971",1,2,2024-01-12
2024-01-12 06:00:00,"866,9870248829244","881,130005",1,2,2024-01-12
2024-01-12 07:00:00,"875,5456861905719","1049,51001",1,2,2024-01-12
2024-01-12 08:00:00,"875,9889978672358","1006,409973",1,2,2024-01-12
2024-01-12 09:00:00,"881,3642794420017","909,840027",1,2,2024-01-12
2024-01-12 10:00:00,"889,4714659411103","855,549988",1,2,2024-01-12
2024-01-12 11:00:00,"889,2703790405601","797,76001",1,2,2024-01-12
2024-01-12 12:00:00,"888,481725793549","768,679993",1,2,2024-01-12
2024-01-12 13:00:00,"887,0019641583967","779,559998",1,2,2024-01-12
2024-01-12 14:00:00,"886,8977649331089","820,280029",1,2,2024-01-12
2024-01-12 15:00:00,"888,6171541086641","894,849976",1,2,2024-01-12
2024-01-12 16:00:00,"891,6260099873862","950,780029",1,2,2024-01-12
2024-01-12 17:00:00,"890,6696206100313","939,590027",1,2,2024-01-12
2024-01-12 18:00:00,"879,7360208917088","890,900024",1,2,2024-01-12
2024-01-12 19:00:00,"872,2816527999609","798,880005",1,2,2024-01-12
2024-01-12 20:00:00,"872,4674337875074","683,820007",1,2,2024-01-12
2024-01-12 21:00:00,"851,25327762524","634,0",1,2,2024-01-12
2024-01-12 22:00:00,"817,9208689545223","615,140015",1,2,2024-01-12
2024-01-12 23:00:00,"812,1278483496217","544,869995",1,2,2024-01-12
2024-01-13 00:00:00,"828,8919597475929","558,140015",1,2,2024-01-13
2024-01-13 01:00:00,"832,0177180239078","549,200012",1,2,2024-01-13
2024-01-13 02:00:00,"833,1650934394079","532,190002",1,2,2024-01-13
2024-01-13 03:00:00,"826,9792122588248","538,679993",1,2,2024-01-13
2024-01-13 04:00:00,"830,1735623026641","512,51001",1,2,2024-01-13
2024-01-13 05:00:00,"834,9628313276598","486,040009",1,2,2024-01-13
2024-01-13 06:00:00,"834,7703147753606","510,869995",1,2,2024-01-13
2024-01-13 07:00:00,"836,578233950502","500,799988",1,2,2024-01-13
2024-01-13 08:00:00,"841,4897559059806","546,659973",1,2,2024-01-13
2024-01-13 09:00:00,"856,1518638348759","537,039978",1,2,2024-01-13
2024-01-13 10:00:00,"877,6446096677998","529,289978",1,2,2024-01-13
2024-01-13 11:00:00,"878,6383392199617","521,609985",1,2,2024-01-13
2024-01-13 12:00:00,"878,1525363529328","474,779999",1,2,2024-01-13
2024-01-13 13:00:00,"877,5333957627944","506,390015",1,2,2024-01-13
2024-01-13 14:00:00,"874,8526767136095","511,609985",1,2,2024-01-13
2024-01-13 15:00:00,"874,3103285054299","527,789978",1,2,2024-01-13
2024-01-13 16:00:00,"878,4644887065161","553,450012",1,2,2024-01-13
2024-01-13 17:00:00,"880,5980906576217","565,299988",1,2,2024-01-13
2024-01-13 18:00:00,"874,3695047459587","550,460022",1,2,2024-01-13
2024-01-13 19:00:00,"871,2701490099216","544,799988",1,2,2024-01-13
2024-01-13 20:00:00,"874,5476378395003","528,909973",1,2,2024-01-13
2024-01-13 21:00:00,"863,4487139323896","479,470001",1,2,2024-01-13
2024-01-13 22:00:00,"840,5666667321054","470,970001",1,2,2024-01-13
2024-01-13 23:00:00,"826,483963461862","477,420013",1,2,2024-01-13
2024-01-14 00:00:00,"834,0648890001067","463,179993",1,2,2024-01-14
2024-01-14 01:00:00,"834,7211915616905","469,290009",1,2,2024-01-14
2024-01-14 02:00:00,"830,6758063195996","477,350006",1,2,2024-01-14
2024-01-14 03:00:00,"832,5480049996544","482,269989",1,2,2024-01-14
2024-01-14 04:00:00,"832,52592248914","486,220001",1,2,2024-01-14
2024-01-14 05:00:00,"834,7906603131246","501,950012",1,2,2024-01-14
2024-01-14 06:00:00,"833,0079561044508","534,390015",1,2,2024-01-14
2024-01-14 07:00:00,"835,8665154192778","572,280029",1,2,2024-01-14
2024-01-14 08:00:00,"841,7315578010374","605,090027",1,2,2024-01-14
2024-01-14 09:00:00,"855,0500837031179","601,289978",1,2,2024-01-14
2024-01-14 10:00:00,"879,009941681486","610,309998",1,2,2024-01-14
2024-01-14 11:00:00,"880,6922438794506","599,5",1,2,2024-01-14
2024-01-14 12:00:00,"878,4005138675943","574,52002",1,2,2024-01-14
2024-01-14 13:00:00,"877,2962973288188","590,25",1,2,2024-01-14
2024-01-14 14:00:00,"876,5167770251395","613,890015",1,2,2024-01-14
2024-01-14 15:00:00,"875,897514032884","645,960022",1,2,2024-01-14
2024-01-14 16:00:00,"878,6811508219824","685,030029",1,2,2024-01-14
2024-01-14 17:00:00,"881,6152313065534","705,76001",1,2,2024-01-14
2024-01-14 18:00:00,"875,5832441040685","635,809998",1,2,2024-01-14
2024-01-14 19:00:00,"872,4804447683955","589,580017",1,2,2024-01-14
2024-01-14 20:00:00,"874,5683275537325","586,150024",1,2,2024-01-14
2024-01-14 21:00:00,"863,9560793472405","562,210022",1,2,2024-01-14
2024-01-14 22:00:00,"841,4574343974228","501,059998",1,2,2024-01-14
2024-01-14 23:00:00,"836,7207564236256","506,350006",1,2,2024-01-14
2024-01-15 00:00:00,"833,8313683797562","484,730011",1,3,2024-01-15
2024-01-15 01:00:00,"836,1933703540749","476,820007",1,3,2024-01-15
2024-01-15 02:00:00,"840,9323900880249","462,649994",1,3,2024-01-15
2024-01-15 03:00:00,"832,7292461793924","462,649994",1,3,2024-01-15
2024-01-15 04:00:00,"824,3516571503569","516,419983",1,3,2024-01-15
2024-01-15 05:00:00,"826,1185652304598","596,219971",1,3,2024-01-15
2024-01-15 06:00:00,"820,1018816588337","625,22998",1,3,2024-01-15
2024-01-15 07:00:00,"829,3775615779783","740,52002",1,3,2024-01-15
2024-01-15 08:00:00,"828,0184636998138","747,900024",1,3,2024-01-15
2024-01-15 09:00:00,"828,4428016732244","707,549988",1,3,2024-01-15
2024-01-15 10:00:00,"840,753880931508","673,099976",1,3,2024-01-15
2024-01-15 11:00:00,"840,2871930229809","625,369995",1,3,2024-01-15
2024-01-15 12:00:00,"839,663128979007","612,619995",1,3,2024-01-15
2024-01-15 13:00:00,"836,601139763178","630,150024",1,3,2024-01-15
2024-01-15 14:00:00,"840,2152654435695","666,98999",1,3,2024-01-15
2024-01-15 15:00:00,"849,3696944664058","745,140015",1,3,2024-01-15
2024-01-15 16:00:00,"850,4615890715709","813,450012",1,3,2024-01-15
2024-01-15 17:00:00,"846,3216710036834","861,849976",1,3,2024-01-15
2024-01-15 18:00:00,"846,909169004604","825,22998",1,3,2024-01-15
2024-01-15 19:00:00,"841,7915004507084","769,22998",1,3,2024-01-15
2024-01-15 20:00:00,"847,2975121065571","693,159973",1,3,2024-01-15
2024-01-15 21:00:00,"850,8209395789706","667,359985",1,3,2024-01-15
2024-01-15 22:00:00,"850,7563996313153","644,539978",1,3,2024-01-15
2024-01-15 23:00:00,"852,7825436962739","607,469971",1,3,2024-01-15
2024-01-16 00:00:00,"844,3552343305458","607,099976",1,3,2024-01-16
2024-01-16 01:00:00,"843,9899028416344","597,179993",1,3,2024-01-16
2024-01-16 02:00:00,"840,2820473569163","583,679993",1,3,2024-01-16
2024-01-16 03:00:00,"833,0657106071958","578,679993",1,3,2024-01-16
2024-01-16 04:00:00,"821,2854574021654","622,390015",1,3,2024-01-16
2024-01-16 05:00:00,"823,9631667565058","701,590027",1,3,2024-01-16
2024-01-16 06:00:00,"828,3632612007381","855,97998",1,3,2024-01-16
2024-01-16 07:00:00,"842,7140451485018","1119,849976",1,3,2024-01-16
2024-01-16 08:00:00,"839,9559265331904","1121,119995",1,3,2024-01-16
2024-01-16 09:00:00,"845,7553256238882","1039,670044",1,3,2024-01-16
2024-01-16 10:00:00,"858,2225975263314","871,940002",1,3,2024-01-16
2024-01-16 11:00:00,"852,0809684255836","771,400024",1,3,2024-01-16
2024-01-16 12:00:00,"846,2455905064206","708,380005",1,3,2024-01-16
2024-01-16 13:00:00,"834,3765630272087","715,98999",1,3,2024-01-16
2024-01-16 14:00:00,"825,8891542976538","822,27002",1,3,2024-01-16
2024-01-16 15:00:00,"836,2181951017376","830,77002",1,3,2024-01-16
2024-01-16 16:00:00,"835,5724942126778","955,77002",1,3,2024-01-16
2024-01-16 17:00:00,"822,8816912486773","949,5",1,3,2024-01-16
2024-01-16 18:00:00,"808,9007606561242","833,599976",1,3,2024-01-16
2024-01-16 19:00:00,"788,6933434378409","712,179993",1,3,2024-01-16
2024-01-16 20:00:00,"783,9690412070481","642,969971",1,3,2024-01-16
2024-01-16 21:00:00,"785,9151292811424","611,869995",1,3,2024-01-16
2024-01-16 22:00:00,"780,6279442908929","579,429993",1,3,2024-01-16
2024-01-16 23:00:00,"781,4588386593991","506,070007",1,3,2024-01-16
2024-01-17 00:00:00,"794,2205576378349","502,269989",1,3,2024-01-17
2024-01-17 01:00:00,"792,6662360549161","495,779999",1,3,2024-01-17
2024-01-17 02:00:00,"806,0607044685927","489,220001",1,3,2024-01-17
2024-01-17 03:00:00,"810,5796829777603","487,429993",1,3,2024-01-17
2024-01-17 04:00:00,"810,7563116205877","487,209991",1,3,2024-01-17
2024-01-17 05:00:00,"791,7285745751705","499,209991",1,3,2024-01-17
2024-01-17 06:00:00,"789,8364406079056","591,23999",1,3,2024-01-17
2024-01-17 07:00:00,"818,8537766053381","715,929993",1,3,2024-01-17
2024-01-17 08:00:00,"816,4585087560741","767,159973",1,3,2024-01-17
2024-01-17 09:00:00,"821,4431433432349","797,289978",1,3,2024-01-17
2024-01-17 10:00:00,"826,9306958344058","802,890015",1,3,2024-01-17
2024-01-17 11:00:00,"818,9564653486065","877,840027",1,3,2024-01-17
2024-01-17 12:00:00,"817,4259368324314","907,590027",1,3,2024-01-17
2024-01-17 13:00:00,"810,0624745686102","907,890015",1,3,2024-01-17
2024-01-17 14:00:00,"836,1645002007464","935,630005",1,3,2024-01-17
2024-01-17 15:00:00,"858,1011858024868","958,75",1,3,2024-01-17
2024-01-17 16:00:00,"859,9220222117085","1047,939941",1,3,2024-01-17
2024-01-17 17:00:00,"847,5897500475049","921,690002",1,3,2024-01-17
2024-01-17 18:00:00,"842,2273852946399","852,26001",1,3,2024-01-17
2024-01-17 19:00:00,"818,6950698732534","818,849976",1,3,2024-01-17
2024-01-17 20:00:00,"814,3928417033446","753,890015",1,3,2024-01-17
2024-01-17 21:00:00,"818,1437397476415","703,099976",1,3,2024-01-17
2024-01-17 22:00:00,"814,5739892287723","627,710022",1,3,2024-01-17
2024-01-17 23:00:00,"820,3396102908634","606,580017",1,3,2024-01-17
2024-01-18 00:00:00,"825,8706255497048","575,780029",1,3,2024-01-18
2024-01-18 01:00:00,"820,7405116896584","561,530029",1,3,2024-01-18
2024-01-18 02:00:00,"817,6241236711287","558,700012",1,3,2024-01-18
2024-01-18 03:00:00,"813,5377737398616","578,539978",1,3,2024-01-18
2024-01-18 04:00:00,"804,7493751668733","604,119995",1,3,2024-01-18
2024-01-18 05:00:00,"791,5939141191434","680,570007",1,3,2024-01-18
2024-01-18 06:00:00,"810,2239557131941","831,969971",1,3,2024-01-18
2024-01-18 07:00:00,"838,89960109141","938,919983",1,3,2024-01-18
2024-01-18 08:00:00,"842,8493392578729","911,179993",1,3,2024-01-18
2024-01-18 09:00:00,"845,549937153103","827,119995",1,3,2024-01-18
2024-01-18 10:00:00,"854,1506926530969","805,119995",1,3,2024-01-18
2024-01-18 11:00:00,"843,9620735944143","697,719971",1,3,2024-01-18
2024-01-18 12:00:00,"832,2999742903123","653,48999",1,3,2024-01-18
2024-01-18 13:00:00,"810,0238620744005","644,619995",1,3,2024-01-18
2024-01-18 14:00:00,"816,3319495512699","702,940002",1,3,2024-01-18
2024-01-18 15:00:00,"843,8533228815799","742,25",1,3,2024-01-18
2024-01-18 16:00:00,"847,924883117539","780,72998",1,3,2024-01-18
2024-01-18 17:00:00,"840,5888812561498","770,140015",1,3,2024-01-18
2024-01-18 18:00:00,"823,8784270035728","705,030029",1,3,2024-01-18
2024-01-18 19:00:00,"805,8004603282243","648,650024",1,3,2024-01-18
2024-01-18 20:00:00,"794,3580334968013","605,090027",1,3,2024-01-18
2024-01-18 21:00:00,"793,1436920486019","577,48999",1,3,2024-01-18
2024-01-18 22:00:00,"787,6293394933984","532,0",1,3,2024-01-18
2024-01-18 23:00:00,"796,5598363817467","510,089996",1,3,2024-01-18
2024-01-19 00:00:00,"808,8802673825147","487,269989",1,3,2024-01-19
2024-01-19 01:00:00,"812,491889365268","477,649994",1,3,2024-01-19
2024-01-19 02:00:00,"804,9361991178927","468,029999",1,3,2024-01-19
2024-01-19 03:00:00,"794,5144776564099","472,209991",1,3,2024-01-19
2024-01-19 04:00:00,"785,3238242978446","491,079987",1,3,2024-01-19
2024-01-19 05:00:00,"786,4379631543036","564,830017",1,3,2024-01-19
2024-01-19 06:00:00,"811,8173714881377","639,330017",1,3,2024-01-19
2024-01-19 07:00:00,"846,8779596327809","776,030029",1,3,2024-01-19
2024-01-19 08:00:00,"836,8906846583877","767,0",1,3,2024-01-19
2024-01-19 09:00:00,"838,2204227264631","709,580017",1,3,2024-01-19
2024-01-19 10:00:00,"848,2540368998336","644,030029",1,3,2024-01-19
2024-01-19 11:00:00,"834,4653506465238","572,960022",1,3,2024-01-19
2024-01-19 12:00:00,"827,3247363637375","547,01001",1,3,2024-01-19
2024-01-19 13:00:00,"818,0401685482805","560,880005",1,3,2024-01-19
2024-01-19 14:00:00,"833,004672511396","577,580017",1,3,2024-01-19
2024-01-19 15:00:00,"861,280202134337","631,570007",1,3,2024-01-19
2024-01-19 16:00:00,"872,7179113416071","698,02002",1,3,2024-01-19
2024-01-19 17:00:00,"851,6559406744178","656,630005",1,3,2024-01-19
2024-01-19 18:00:00,"826,9700221212549","576,98999",1,3,2024-01-19
2024-01-19 19:00:00,"790,6974779490623","551,849976",1,3,2024-01-19
2024-01-19 20:00:00,"784,7874360132331","530,380005",1,3,2024-01-19
2024-01-19 21:00:00,"787,9549309540431","511,880005",1,3,2024-01-19
2024-01-19 22:00:00,"786,5992199729201","482,869995",1,3,2024-01-19
2024-01-19 23:00:00,"798,9271035146123","492,200012",1,3,2024-01-19
2024-01-20 00:00:00,"824,5456229519848","473,179993",1,3,2024-01-20
2024-01-20 01:00:00,"814,9111378209566","473,850006",1,3,2024-01-20
2024-01-20 02:00:00,"818,326875884527","461,019989",1,3,2024-01-20
2024-01-20 03:00:00,"811,8054999170954","461,25",1,3,2024-01-20
2024-01-20 04:00:00,"797,7701729999459","460,5",1,3,2024-01-20
2024-01-20 05:00:00,"789,3632301036057","466,769989",1,3,2024-01-20
2024-01-20 06:00:00,"778,3515987574993","498,910004",1,3,2024-01-20
2024-01-20 07:00:00,"795,1201753484331","557,969971",1,3,2024-01-20
2024-01-20 08:00:00,"789,9598722061166","580,940002",1,3,2024-01-20
2024-01-20 09:00:00,"802,0423121730466","535,450012",1,3,2024-01-20
2024-01-20 10:00:00,"815,3945267742495","527,77002",1,3,2024-01-20
2024-01-20 11:00:00,"804,2589714639485","505,100006",1,3,2024-01-20
2024-01-20 12:00:00,"790,6090067077356","512,929993",1,3,2024-01-20
2024-01-20 13:00:00,"782,7788308389186","547,309998",1,3,2024-01-20
2024-01-20 14:00:00,"800,3955668039575","589,960022",1,3,2024-01-20
2024-01-20 15:00:00,"821,3271157227709","654,77002",1,3,2024-01-20
2024-01-20 16:00:00,"830,1498062402262","707,940002",1,3,2024-01-20
2024-01-20 17:00:00,"814,6851582873776","744,780029",1,3,2024-01-20
2024-01-20 18:00:00,"797,5914947201095","682,880005",1,3,2024-01-20
2024-01-20 19:00:00,"775,7897701914632","596,599976",1,3,2024-01-20
2024-01-20 20:00:00,"776,2574114106446","547,309998",1,3,2024-01-20
2024-01-20 21:00:00,"785,8340515422605","525,159973",1,3,2024-01-20
2024-01-20 22:00:00,"782,4478449465145","499,579987",1,3,2024-01-20
2024-01-20 23:00:00,"786,949010534343","445,26001",1,3,2024-01-20
2024-01-21 00:00:00,"804,7825380195112","429,230011",1,3,2024-01-21
2024-01-21 01:00:00,"796,6507350254674","411,329987",1,3,2024-01-21
2024-01-21 02:00:00,"803,0788282659005","379,549988",1,3,2024-01-21
2024-01-21 03:00:00,"799,3199416270478","361,799988",1,3,2024-01-21
2024-01-21 04:00:00,"793,4683510024332","353,899994",1,3,2024-01-21
2024-01-21 05:00:00,"790,5008179894888","339,579987",1,3,2024-01-21
2024-01-21 06:00:00,"792,1592767707726","327,869995",1,3,2024-01-21
2024-01-21 07:00:00,"804,8902762278934","383,059998",1,3,2024-01-21
2024-01-21 08:00:00,"814,0037596893526","405,429993",1,3,2024-01-21
2024-01-21 09:00:00,"813,0518423299167","343,529999",1,3,2024-01-21
2024-01-21 10:00:00,"829,0591399277754","363,0",1,3,2024-01-21
2024-01-21 11:00:00,"821,2769239022444","287,0",1,3,2024-01-21
2024-01-21 12:00:00,"812,6059833967147","281,100006",1,3,2024-01-21
2024-01-21 13:00:00,"812,5536615411714","330,399994",1,3,2024-01-21
2024-01-21 14:00:00,"825,9557267356137","365,76001",1,3,2024-01-21
2024-01-21 15:00:00,"842,1471801718745","371,649994",1,3,2024-01-21
2024-01-21 16:00:00,"840,8870762715972","422,51001",1,3,2024-01-21
2024-01-21 17:00:00,"838,2532819860944","458,309998",1,3,2024-01-21
2024-01-21 18:00:00,"833,5991153734651","437,359985",1,3,2024-01-21
2024-01-21 19:00:00,"818,8108455026501","384,100006",1,3,2024-01-21
2024-01-21 20:00:00,"819,174489500761","391,26001",1,3,2024-01-21
2024-01-21 21:00:00,"821,5849614329293","375,829987",1,3,2024-01-21
2024-01-21 22:00:00,"833,4786724999277","294,309998",1,3,2024-01-21
2024-01-21 23:00:00,"831,6581073442205","273,420013",1,3,2024-01-21
2024-01-22 00:00:00,"859,8584109099229","165,869995",1,4,2024-01-22
2024-01-22 01:00:00,"867,0266860820043","138,869995",1,4,2024-01-22
2024-01-22 02:00:00,"859,3203264742898","37,59",1,4,2024-01-22
2024-01-22 03:00:00,"859,2404813502351","37,740002",1,4,2024-01-22
2024-01-22 04:00:00,"858,728852873736","149,169998",1,4,2024-01-22
2024-01-22 05:00:00,"861,1985007214964","302,059998",1,4,2024-01-22
2024-01-22 06:00:00,"865,3650553022599","451,01001",1,4,2024-01-22
2024-01-22 07:00:00,"868,4960541411292","495,829987",1,4,2024-01-22
2024-01-22 08:00:00,"868,8803564341608","429,450012",1,4,2024-01-22
2024-01-22 09:00:00,"865,1969262723081","459,059998",1,4,2024-01-22
2024-01-22 10:00:00,"862,8947471671538","451,970001",1,4,2024-01-22
2024-01-22 11:00:00,"861,3372805780004","424,529999",1,4,2024-01-22
2024-01-22 12:00:00,"858,1462347850496","423,040009",1,4,2024-01-22
2024-01-22 13:00:00,"856,6686276823398","434,299988",1,4,2024-01-22
2024-01-22 14:00:00,"853,2178206712849","445,48999",1,4,2024-01-22
2024-01-22 15:00:00,"862,768034830472","447,429993",1,4,2024-01-22
2024-01-22 16:00:00,"864,2694495455336","461,299988",1,4,2024-01-22
2024-01-22 17:00:00,"866,8686798196245","455,179993",1,4,2024-01-22
2024-01-22 18:00:00,"866,9771937404481","447,720001",1,4,2024-01-22
2024-01-22 19:00:00,"864,2589936360116","444,519989",1,4,2024-01-22
2024-01-22 20:00:00,"862,8273718137739","425,119995",1,4,2024-01-22
2024-01-22 21:00:00,"860,140489199572","416,850006",1,4,2024-01-22
2024-01-22 22:00:00,"850,1397726055702","372,019989",1,4,2024-01-22
2024-01-22 23:00:00,"826,3917177447697","121,040001",1,4,2024-01-22
2024-01-23 00:00:00,"852,3939972449256","75,330002",1,4,2024-01-23
2024-01-23 01:00:00,"854,3338009987243","69,879997",1,4,2024-01-23
2024-01-23 02:00:00,"834,1119621159579","31,1",1,4,2024-01-23
2024-01-23 03:00:00,"833,0422269027175","76,220001",1,4,2024-01-23
2024-01-23 04:00:00,"837,3846525631255","292,579987",1,4,2024-01-23
2024-01-23 05:00:00,"850,4975753281991","439,940002",1,4,2024-01-23
2024-01-23 06:00:00,"862,5006306554897","454,410004",1,4,2024-01-23
2024-01-23 07:00:00,"871,8072668408166","461,649994",1,4,2024-01-23
2024-01-23 08:00:00,"872,4135955143175","455,76001",1,4,2024-01-23
2024-01-23 09:00:00,"870,3955667027611","447,25",1,4,2024-01-23
2024-01-23 10:00:00,"869,7544960975345","443,299988",1,4,2024-01-23
2024-01-23 11:00:00,"864,4849652350528","441,059998",1,4,2024-01-23
2024-01-23 12:00:00,"861,1794855328587","443,230011",1,4,2024-01-23
2024-01-23 13:00:00,"857,6876354854154","461,649994",1,4,2024-01-23
2024-01-23 14:00:00,"853,859809350663","468,059998",1,4,2024-01-23
2024-01-23 15:00:00,"871,748019442696","494,390015",1,4,2024-01-23
2024-01-23 16:00:00,"877,0405088673987","510,570007",1,4,2024-01-23
2024-01-23 17:00:00,"875,3752142175629","498,040009",1,4,2024-01-23
2024-01-23 18:00:00,"867,924516840432","472,390015",1,4,2024-01-23
2024-01-23 19:00:00,"856,3532029745164","450,910004",1,4,2024-01-23
2024-01-23 20:00:00,"848,9052901497103","400,790009",1,4,2024-01-23
2024-01-23 21:00:00,"850,7938772589354","338,290009",1,4,2024-01-23
2024-01-23 22:00:00,"841,5479439751122","248,050003",1,4,2024-01-23
2024-01-23 23:00:00,"799,4298637131749","22,74",1,4,2024-01-23
2024-01-24 00:00:00,"846,6674907762646","-0,22",1,4,2024-01-24
2024-01-24 01:00:00,"845,8141441674511","0,0",1,4,2024-01-24
2024-01-24 02:00:00,"832,8615278376296","-0,07",1,4,2024-01-24
2024-01-24 03:00:00,"835,7766864369321","-0,15",1,4,2024-01-24
2024-01-24 04:00:00,"838,9247119180867","-1,34",1,4,2024-01-24
2024-01-24 05:00:00,"846,4883866899255","110,07",1,4,2024-01-24
2024-01-24 06:00:00,"853,8295023721709","313,869995",1,4,2024-01-24
2024-01-24 07:00:00,"862,5348848022282","373,380005",1,4,2024-01-24
2024-01-24 08:00:00,"864,8213988313933","369,429993",1,4,2024-01-24
2024-01-24 09:00:00,"863,8379315256202","373,600006",1,4,2024-01-24
2024-01-24 10:00:00,"859,9900362515549","378,670013",1,4,2024-01-24
2024-01-24 11:00:00,"859,9124409568295","293,209991",1,4,2024-01-24
2024-01-24 12:00:00,"860,5588408753827","271,73999",1,4,2024-01-24
2024-01-24 13:00:00,"863,1260046195833","335,869995",1,4,2024-01-24
2024-01-24 14:00:00,"865,7701827650915","372,480011",1,4,2024-01-24
2024-01-24 15:00:00,"878,8140586940752","378,820007",1,4,2024-01-24
2024-01-24 16:00:00,"880,9989535530473","404,25",1,4,2024-01-24
2024-01-24 17:00:00,"879,2215267516565","397,609985",1,4,2024-01-24
2024-01-24 18:00:00,"880,0619696700379","373,529999",1,4,2024-01-24
2024-01-24 19:00:00,"873,9657596535546","314,540009",1,4,2024-01-24
2024-01-24 20:00:00,"866,0696437286949","298,579987",1,4,2024-01-24
2024-01-24 21:00:00,"861,3309144481691","313,269989",1,4,2024-01-24
2024-01-24 22:00:00,"849,6172260816893","287,320007",1,4,2024-01-24
2024-01-24 23:00:00,"819,9750750923704","330,630005",1,4,2024-01-24
2024-01-25 00:00:00,"856,2332390871813","335,98999",1,4,2024-01-25
2024-01-25 01:00:00,"854,6409793213751","323,170013",1,4,2024-01-25
2024-01-25 02:00:00,"835,874485816674","334,950012",1,4,2024-01-25
2024-01-25 03:00:00,"834,3815952294697","344,640015",1,4,2024-01-25
2024-01-25 04:00:00,"832,9512333613577","390,579987",1,4,2024-01-25
2024-01-25 05:00:00,"832,1283455556412","432,709991",1,4,2024-01-25
2024-01-25 06:00:00,"849,053340823966","492,51001",1,4,2024-01-25
2024-01-25 07:00:00,"859,3867758313382","663,789978",1,4,2024-01-25
2024-01-25 08:00:00,"862,4207069625941","635,679993",1,4,2024-01-25
2024-01-25 09:00:00,"861,843634385559","606,599976",1,4,2024-01-25
2024-01-25 10:00:00,"860,8623440634102","568,340027",1,4,2024-01-25
2024-01-25 11:00:00,"858,833127606885","545,450012",1,4,2024-01-25
2024-01-25 12:00:00,"857,9613863544498","566,630005",1,4,2024-01-25
2024-01-25 13:00:00,"857,3169144774428","633,659973",1,4,2024-01-25
2024-01-25 14:00:00,"861,9409219731077","686,530029",1,4,2024-01-25
2024-01-25 15:00:00,"878,740109276371","755,950012",1,4,2024-01-25
2024-01-25 16:00:00,"885,4399626707265","920,0",1,4,2024-01-25
2024-01-25 17:00:00,"883,888264933539","861,539978",1,4,2024-01-25
2024-01-25 18:00:00,"879,3183236766129","736,640015",1,4,2024-01-25
2024-01-25 19:00:00,"869,2957673413543","679,070007",1,4,2024-01-25
2024-01-25 20:00:00,"858,9668721576201","643,580017",1,4,2024-01-25
2024-01-25 21:00:00,"852,8919995953224","599,73999",1,4,2024-01-25
2024-01-25 22:00:00,"840,2136625292082","560,440002",1,4,2024-01-25
2024-01-25 23:00:00,"812,7936774881996","468,200012",1,4,2024-01-25
2024-01-26 00:00:00,"837,9520866959066","461,940002",1,4,2024-01-26
2024-01-26 01:00:00,"845,0665513054669","436,070007",1,4,2024-01-26
2024-01-26 02:00:00,"818,9212133237636","408,480011",1,4,2024-01-26
2024-01-26 03:00:00,"820,0965371248345","355,029999",1,4,2024-01-26
2024-01-26 04:00:00,"819,5656456305799","377,619995",1,4,2024-01-26
2024-01-26 05:00:00,"830,5276445095421","419,519989",1,4,2024-01-26
2024-01-26 06:00:00,"854,3273774531874","469,470001",1,4,2024-01-26
2024-01-26 07:00:00,"871,2096884645448","484,149994",1,4,2024-01-26
2024-01-26 08:00:00,"871,2696732368788","475,660004",1,4,2024-01-26
2024-01-26 09:00:00,"868,7256957010514","456,420013",1,4,2024-01-26
2024-01-26 10:00:00,"864,17757006366","437,929993",1,4,2024-01-26
2024-01-26 11:00:00,"855,8754135522022","389,769989",1,4,2024-01-26
2024-01-26 12:00:00,"860,5352183684848","346,450012",1,4,2024-01-26
2024-01-26 13:00:00,"859,9300131703263","367,399994",1,4,2024-01-26
2024-01-26 14:00:00,"868,437457116059","373,589996",1,4,2024-01-26
2024-01-26 15:00:00,"881,6935184515828","393,200012",1,4,2024-01-26
2024-01-26 16:00:00,"886,3620739849338","427,720001",1,4,2024-01-26
2024-01-26 17:00:00,"882,5598901548889","412,140015",1,4,2024-01-26
2024-01-26 18:00:00,"879,1953149065573","406,540009",1,4,2024-01-26
2024-01-26 19:00:00,"868,3964018603456","404,980011",1,4,2024-01-26
2024-01-26 20:00:00,"856,76422507958","405,200012",1,4,2024-01-26
2024-01-26 21:00:00,"851,1183202955523","405,5",1,4,2024-01-26
2024-01-26 22:00:00,"834,0581003186089","400,429993",1,4,2024-01-26
2024-01-26 23:00:00,"799,1500324687356","405,869995",1,4,2024-01-26
2024-01-27 00:00:00,"840,6323257637862","410,26001",1,4,2024-01-27
2024-01-27 01:00:00,"840,8777422021833","419,059998",1,4,2024-01-27
2024-01-27 02:00:00,"820,9888942315558","410,410004",1,4,2024-01-27
2024-01-27 03:00:00,"817,7644393416505","415,559998",1,4,2024-01-27
2024-01-27 04:00:00,"823,3952871815969","423,679993",1,4,2024-01-27
2024-01-27 05:00:00,"823,3854651912029","426,73999",1,4,2024-01-27
2024-01-27 06:00:00,"831,6143784247907","431,359985",1,4,2024-01-27
2024-01-27 07:00:00,"832,543928922121","433,380005",1,4,2024-01-27
2024-01-27 08:00:00,"832,4255218530336","436,130005",1,4,2024-01-27
2024-01-27 09:00:00,"833,3611333000724","433,899994",1,4,2024-01-27
2024-01-27 10:00:00,"829,7282324895581","422,040009",1,4,2024-01-27
2024-01-27 11:00:00,"824,9834718855866","416,299988",1,4,2024-01-27
2024-01-27 12:00:00,"821,5113329467388","401,690002",1,4,2024-01-27
2024-01-27 13:00:00,"825,8236359625638","440,910004",1,4,2024-01-27
2024-01-27 14:00:00,"830,1938980585751","432,029999",1,4,2024-01-27
2024-01-27 15:00:00,"850,2702226787726","439,339996",1,4,2024-01-27
2024-01-27 16:00:00,"860,7888853022291","460,359985",1,4,2024-01-27
2024-01-27 17:00:00,"860,3632915318198","457,079987",1,4,2024-01-27
2024-01-27 18:00:00,"856,2177159117535","443,070007",1,4,2024-01-27
2024-01-27 19:00:00,"843,8330022766344","433,970001",1,4,2024-01-27
2024-01-27 20:00:00,"835,1197366170653","431,290009",1,4,2024-01-27
2024-01-27 21:00:00,"833,7130082719517","430,390015",1,4,2024-01-27
2024-01-27 22:00:00,"818,8575465118248","429,5",1,4,2024-01-27
2024-01-27 23:00:00,"783,7209666639991","497,75",1,4,2024-01-27
2024-01-28 00:00:00,"834,8975115051397","438,339996",1,4,2024-01-28
2024-01-28 01:00:00,"838,576723500226","434,309998",1,4,2024-01-28
2024-01-28 02:00:00,"822,0137746303359","430,290009",1,4,2024-01-28
2024-01-28 03:00:00,"819,4547457397749","431,399994",1,4,2024-01-28
2024-01-28 04:00:00,"818,1801578825377","429,609985",1,4,2024-01-28
2024-01-28 05:00:00,"818,0167101743715","430,290009",1,4,2024-01-28
2024-01-28 06:00:00,"821,8020419399359","439,679993",1,4,2024-01-28
2024-01-28 07:00:00,"817,9939968209177","441,320007",1,4,2024-01-28
2024-01-28 08:00:00,"820,3668954326688","410,609985",1,4,2024-01-28
2024-01-28 09:00:00,"823,14871952198","381,380005",1,4,2024-01-28
2024-01-28 10:00:00,"825,6136304827181","341,049988",1,4,2024-01-28
2024-01-28 11:00:00,"821,041999445615","309,970001",1,4,2024-01-28
2024-01-28 12:00:00,"822,2948394886334","298,859985",1,4,2024-01-28
2024-01-28 13:00:00,"824,031596380114","377,579987",1,4,2024-01-28
2024-01-28 14:00:00,"813,8205227879221","420,519989",1,4,2024-01-28
2024-01-28 15:00:00,"837,038275361699","431,850006",1,4,2024-01-28
2024-01-28 16:00:00,"844,4642725670243","431,329987",1,4,2024-01-28
2024-01-28 17:00:00,"848,9019958576009","427,380005",1,4,2024-01-28
2024-01-28 18:00:00,"847,9413492060335","422,01001",1,4,2024-01-28
2024-01-28 19:00:00,"835,6682144415996","405,089996",1,4,2024-01-28
2024-01-28 20:00:00,"831,3464276174628","400,98999",1,4,2024-01-28
2024-01-28 21:00:00,"832,5584539996125","400,390015",1,4,2024-01-28
2024-01-28 22:00:00,"820,9969063123858","392,790009",1,4,2024-01-28
2024-01-28 23:00:00,"785,9381391280175","363,339996",1,4,2024-01-28
2024-04-01 00:00:00,"891,3722458517686","343,549988",2,1,2024-04-01
2024-04-01 01:00:00,"891,3702943020616","325,049988",2,1,2024-04-01
2024-04-01 02:00:00,"891,3297021533549","368,459991",2,1,2024-04-01
2024-04-01 03:00:00,"891,2836815930409","390,459991",2,1,2024-04-01
2024-04-01 04:00:00,"891,2879143894479","437,899994",2,1,2024-04-01
2024-04-01 05:00:00,"890,956536489668","481,01001",2,1,2024-04-01
2024-04-01 06:00:00,"890,8613423584528","437,899994",2,1,2024-04-01
2024-04-01 07:00:00,"890,95577439264","454,160004",2,1,2024-04-01
2024-04-01 08:00:00,"890,927557842226","405,450012",2,1,2024-04-01
2024-04-01 09:00:00,"890,8892874713687","334,0",2,1,2024-04-01
2024-04-01 10:00:00,"891,0741534332676","363,609985",2,1,2024-04-01
2024-04-01 11:00:00,"891,0646266010613","262,470001",2,1,2024-04-01
2024-04-01 12:00:00,"891,1331011689948","253,740005",2,1,2024-04-01
2024-04-01 13:00:00,"891,077912151431","325,799988",2,1,2024-04-01
2024-04-01 14:00:00,"890,6970132915127","331,170013",2,1,2024-04-01
2024-04-01 15:00:00,"890,6174594248703","304,089996",2,1,2024-04-01
2024-04-01 16:00:00,"891,0210123081395","364,429993",2,1,2024-04-01
2024-04-01 17:00:00,"891,3557972002399","373,529999",2,1,2024-04-01
2024-04-01 18:00:00,"891,332937717136","381,290009",2,1,2024-04-01
2024-04-01 19:00:00,"891,2924015135517","365,399994",2,1,2024-04-01
2024-04-01 20:00:00,"891,1161794049885","305,809998",2,1,2024-04-01
2024-04-01 21:00:00,"890,9880203796738","221,0",2,1,2024-04-01
2024-04-01 22:00:00,"890,8935464628006","323,410004",2,1,2024-04-01
2024-04-01 23:00:00,"891,0840823446265","270,970001",2,1,2024-04-01
2024-04-02 00:00:00,"890,6897530222403","122,769997",2,1,2024-04-02
2024-04-02 01:00:00,"890,7031743503801","56,240002",2,1,2024-04-02
2024-04-02 02:00:00,"890,7687366289091","14,47",2,1,2024-04-02
2024-04-02 03:00:00,"890,7747336109918","54,220001",2,1,2024-04-02
2024-04-02 04:00:00,"890,8527065166176","426,790009",2,1,2024-04-02
2024-04-02 05:00:00,"890,7712428410625","554,630005",2,1,2024-04-02
2024-04-02 06:00:00,"890,3202976759246","514,130005",2,1,2024-04-02
2024-04-02 07:00:00,"890,1523920022555","350,410004",2,1,2024-04-02
2024-04-02 08:00:00,"890,1983481880894","285,589996",2,1,2024-04-02
2024-04-02 09:00:00,"889,9548185214029","293,130005",2,1,2024-04-02
2024-04-02 10:00:00,"890,3126948101147","298,869995",2,1,2024-04-02
2024-04-02 11:00:00,"890,599240158741","325,420013",2,1,2024-04-02
2024-04-02 12:00:00,"890,7708488865633","248,970001",2,1,2024-04-02
2024-04-02 13:00:00,"890,5262144276834","187,210007",2,1,2024-04-02
2024-04-02 14:00:00,"890,2234603380938","65,860001",2,1,2024-04-02
2024-04-02 15:00:00,"890,2236947510756","309,23999",2,1,2024-04-02
2024-04-02 16:00:00,"890,6798890131405","542,25",2,1,2024-04-02
2024-04-02 17:00:00,"890,8670333535493","711,48999",2,1,2024-04-02
2024-04-02 18:00:00,"890,8271425339401","707,679993",2,1,2024-04-02
2024-04-02 19:00:00,"890,5535792045888","582,75",2,1,2024-04-02
2024-04-02 20:00:00,"890,5258343163052","558,359985",2,1,2024-04-02
2024-04-02 21:00:00,"890,4088981454989","528,669983",2,1,2024-04-02
2024-04-02 22:00:00,"890,7437101722321","552,840027",2,1,2024-04-02
2024-04-02 23:00:00,"891,0598789258592","535,090027",2,1,2024-04-02
2024-04-03 00:00:00,"890,7083418167823","522,419983",2,1,2024-04-03
2024-04-03 01:00:00,"890,7824020169115","482,220001",2,1,2024-04-03
2024-04-03 02:00:00,"890,9002870041156","483,929993",2,1,2024-04-03
2024-04-03 03:00:00,"890,8552621181325","512,570007",2,1,2024-04-03
2024-04-03 04:00:00,"890,7969130422792","707,820007",2,1,2024-04-03
2024-04-03 05:00:00,"890,5047176656623","879,48999",2,1,2024-04-03
2024-04-03 06:00:00,"890,3368042398394","879,48999",2,1,2024-04-03
2024-04-03 07:00:00,"890,6355134027451","753,080017",2,1,2024-04-03
2024-04-03 08:00:00,"890,929843509304","800,590027",2,1,2024-04-03
2024-04-03 09:00:00,"891,0271185881932","677,23999",2,1,2024-04-03
2024-04-03 10:00:00,"891,1250619671401","611,76001",2,1,2024-04-03
2024-04-03 11:00:00,"891,4733879846362","573,349976",2,1,2024-04-03
2024-04-03 12:00:00,"891,3890213326426","544,710022",2,1,2024-04-03
2024-04-03 13:00:00,"891,3293434008543","438,290009",2,1,2024-04-03
2024-04-03 14:00:00,"890,9282242254673","454,700012",2,1,2024-04-03
2024-04-03 15:00:00,"890,0491166007199","524,359985",2,1,2024-04-03
2024-04-03 16:00:00,"890,3709339211088","633,909973",2,1,2024-04-03
2024-04-03 17:00:00,"890,8035549305517","794,919983",2,1,2024-04-03
2024-04-03 18:00:00,"890,757605806632","739,359985",2,1,2024-04-03
2024-04-03 19:00:00,"890,7066993251718","557,169983",2,1,2024-04-03
2024-04-03 20:00:00,"890,727397304958","458,579987",2,1,2024-04-03
2024-04-03 21:00:00,"890,5368879918964","412,640015",2,1,2024-04-03
2024-04-03 22:00:00,"890,4740363441446","406,619995",2,1,2024-04-03
2024-04-03 23:00:00,"890,6799131214187","387,899994",2,1,2024-04-03
2024-04-04 00:00:00,"890,7743316434006","374,179993",2,1,2024-04-04
2024-04-04 01:00:00,"890,8219139629648","384,619995",2,1,2024-04-04
2024-04-04 02:00:00,"890,6543366982503","387,380005",2,1,2024-04-04
2024-04-04 03:00:00,"890,5268363260079","403,339996",2,1,2024-04-04
2024-04-04 04:00:00,"890,431133585242","454,200012",2,1,2024-04-04
2024-04-04 05:00:00,"890,0915660311723","488,290009",2,1,2024-04-04
2024-04-04 06:00:00,"889,4525519353949","561,830017",2,1,2024-04-04
2024-04-04 07:00:00,"889,2874834266088","535,419983",2,1,2024-04-04
2024-04-04 08:00:00,"889,5097666277541","515,880005",2,1,2024-04-04
2024-04-04 09:00:00,"889,4947763882566","470,309998",2,1,2024-04-04
2024-04-04 10:00:00,"889,8494696319408","433,170013",2,1,2024-04-04
2024-04-04 11:00:00,"890,0223959334534","419,299988",2,1,2024-04-04
2024-04-04 12:00:00,"890,1694380946642","413,850006",2,1,2024-04-04
2024-04-04 13:00:00,"890,4356331966078","418,929993",2,1,2024-04-04
2024-04-04 14:00:00,"890,2959467170826","425,709991",2,1,2024-04-04
2024-04-04 15:00:00,"889,8478517151408","515,210022",2,1,2024-04-04
2024-04-04 16:00:00,"890,001513098247","562,049988",2,1,2024-04-04
2024-04-04 17:00:00,"890,154698921824","674,820007",2,1,2024-04-04
2024-04-04 18:00:00,"890,0156050310321","520,580017",2,1,2024-04-04
2024-04-04 19:00:00,"889,8809667185088","460,390015",2,1,2024-04-04
2024-04-04 20:00:00,"889,9125154477335","439,440002",2,1,2024-04-04
2024-04-04 21:00:00,"889,8856734860931","430,109985",2,1,2024-04-04
2024-04-04 22:00:00,"890,1081245235881","394,190002",2,1,2024-04-04
2024-04-04 23:00:00,"890,430051941756","381,890015",2,1,2024-04-04
2024-04-05 00:00:00,"890,3905278834768","372,559998",2,1,2024-04-05
2024-04-05 01:00:00,"890,3462786173794","357,350006",2,1,2024-04-05
2024-04-05 02:00:00,"890,2521797314874","353,320007",2,1,2024-04-05
2024-04-05 03:00:00,"890,1209228861114","352,720001",2,1,2024-04-05
2024-04-05 04:00:00,"890,0753955816505","448,720001",2,1,2024-04-05
2024-04-05 05:00:00,"890,1042704540754","572,75",2,1,2024-04-05
2024-04-05 06:00:00,"889,9049123416736","596,700012",2,1,2024-04-05
2024-04-05 07:00:00,"890,0465842771057","504,130005",2,1,2024-04-05
2024-04-05 08:00:00,"890,3213028331828","376,660004",2,1,2024-04-05
2024-04-05 09:00:00,"890,4086010152945","339,670013",2,1,2024-04-05
2024-04-05 10:00:00,"890,3522565604001","331,390015",2,1,2024-04-05
2024-04-05 11:00:00,"890,1554209805442","298,570007",2,1,2024-04-05
2024-04-05 12:00:00,"889,8089572538656","276,48999",2,1,2024-04-05
2024-04-05 13:00:00,"889,3287894991389","176,699997",2,1,2024-04-05
2024-04-05 14:00:00,"888,7660739175552","60,34",2,1,2024-04-05
2024-04-05 15:00:00,"888,9973070853002","279,399994",2,1,2024-04-05
2024-04-05 16:00:00,"890,0230599054986","370,320007",2,1,2024-04-05
2024-04-05 17:00:00,"890,2731921628717","398,299988",2,1,2024-04-05
2024-04-05 18:00:00,"890,2954973619072","402,170013",2,1,2024-04-05
2024-04-05 19:00:00,"890,3250293970189","398,299988",2,1,2024-04-05
2024-04-05 20:00:00,"890,1906301257113","393,299988",2,1,2024-04-05
2024-04-05 21:00:00,"890,0711124610564","370,100006",2,1,2024-04-05
2024-04-05 22:00:00,"890,2580249560251","315,579987",2,1,2024-04-05
2024-04-05 23:00:00,"890,446773881672","326,549988",2,1,2024-04-05
2024-04-06 00:00:00,"890,5381130172872","328,190002",2,1,2024-04-06
2024-04-06 01:00:00,"890,6294279670315","334,679993",2,1,2024-04-06
2024-04-06 02:00:00,"890,5662891727283","354,369995",2,1,2024-04-06
2024-04-06 03:00:00,"890,6880186109911","359,890015",2,1,2024-04-06
2024-04-06 04:00:00,"890,8301095861538","372,5",2,1,2024-04-06
2024-04-06 05:00:00,"890,7192196393148","382,339996",2,1,2024-04-06
2024-04-06 06:00:00,"890,548602016569","374,660004",2,1,2024-04-06
2024-04-06 07:00:00,"890,6605440800596","359,890015",2,1,2024-04-06
2024-04-06 08:00:00,"891,044604721012","219,440002",2,1,2024-04-06
2024-04-06 09:00:00,"891,4753423282448","34,310001",2,1,2024-04-06
2024-04-06 10:00:00,"891,5272795192119","123,07",2,1,2024-04-06
2024-04-06 11:00:00,"891,3504623086819","14,92",2,1,2024-04-06
2024-04-06 12:00:00,"891,0886233851887","0,3",2,1,2024-04-06
2024-04-06 13:00:00,"890,9885806991821","0,45",2,1,2024-04-06
2024-04-06 14:00:00,"890,480537229311","0,75",2,1,2024-04-06
2024-04-06 15:00:00,"889,6217722076801","117,919998",2,1,2024-04-06
2024-04-06 16:00:00,"889,6149488999228","393,079987",2,1,2024-04-06
2024-04-06 17:00:00,"889,84101147543","380,100006",2,1,2024-04-06
2024-04-06 18:00:00,"889,9810431934504","349,670013",2,1,2024-04-06
2024-04-06 19:00:00,"890,1276300310471","326,029999",2,1,2024-04-06
2024-04-06 20:00:00,"890,311336272391","295,73999",2,1,2024-04-06
2024-04-06 21:00:00,"890,3315714412222","188,410004",2,1,2024-04-06
2024-04-06 22:00:00,"890,5024589622878","81,82",2,1,2024-04-06
2024-04-06 23:00:00,"890,7259202993198","0,67",2,1,2024-04-06
2024-04-07 00:00:00,"890,9275937687974","0,0",2,1,2024-04-07
2024-04-07 01:00:00,"890,9254372184546","0,0",2,1,2024-04-07
2024-04-07 02:00:00,"890,8948707267127","0,0",2,1,2024-04-07
2024-04-07 03:00:00,"890,9941809351549","0,0",2,1,2024-04-07
2024-04-07 04:00:00,"891,1275402686102","0,0",2,1,2024-04-07
2024-04-07 05:00:00,"891,0964333227223","0,0",2,1,2024-04-07
2024-04-07 06:00:00,"890,6059837653315","0,0",2,1,2024-04-07
2024-04-07 07:00:00,"890,6755511149362","-0,07",2,1,2024-04-07
2024-04-07 08:00:00,"891,6410464869888","-1,19",2,1,2024-04-07
2024-04-07 09:00:00,"891,8268261658561","-22,450001",2,1,2024-04-07
2024-04-07 10:00:00,"891,9191182020448","-30,58",2,1,2024-04-07
2024-04-07 11:00:00,"891,938256821438","-48,849998",2,1,2024-04-07
2024-04-07 12:00:00,"891,9166860448204","-74,589996",2,1,2024-04-07
2024-04-07 13:00:00,"891,8704582174286","-37,59",2,1,2024-04-07
2024-04-07 14:00:00,"891,6688043937954","-1,19",2,1,2024-04-07
2024-04-07 15:00:00,"891,3467740268393","31,92",2,1,2024-04-07
2024-04-07 16:00:00,"890,7953590086148","288,799988",2,1,2024-04-07
2024-04-07 17:00:00,"890,5179901612723","343,98999",2,1,2024-04-07
2024-04-07 18:00:00,"890,5366956126422","356,450012",2,1,2024-04-07
2024-04-07 19:00:00,"890,7338379209929","359,579987",2,1,2024-04-07
2024-04-07 20:00:00,"890,8529291872653","340,779999",2,1,2024-04-07
2024-04-07 21:00:00,"890,8358074545544","318,859985",2,1,2024-04-07
2024-04-07 22:00:00,"890,7237693896421","308,339996",2,1,2024-04-07
2024-04-07 23:00:00,"890,8857594290624","295,140015",2,1,2024-04-07
2024-04-08 00:00:00,"890,5970613281221","292,079987",2,2,2024-04-08
2024-04-08 01:00:00,"890,6596110243303","312,290009",2,2,2024-04-08
2024-04-08 02:00:00,"890,7978657832754","328,480011",2,2,2024-04-08
2024-04-08 03:00:00,"890,9082295430646","334,589996",2,2,2024-04-08
2024-04-08 04:00:00,"890,873251218141","376,730011",2,2,2024-04-08
2024-04-08 05:00:00,"890,8895184969834","396,5",2,2,2024-04-08
2024-04-08 06:00:00,"890,9451619013928","432,600006",2,2,2024-04-08
2024-04-08 07:00:00,"891,5122915231058","603,25",2,2,2024-04-08
2024-04-08 08:00:00,"891,8635331551048","402,910004",2,2,2024-04-08
2024-04-08 09:00:00,"891,9421639110873","399,480011",2,2,2024-04-08
2024-04-08 10:00:00,"891,9523065337165","397,100006",2,2,2024-04-08
2024-04-08 11:00:00,"891,9204919016092","421,859985",2,2,2024-04-08
2024-04-08 12:00:00,"891,9001839670473","431,779999",2,2,2024-04-08
2024-04-08 13:00:00,"891,7855557607445","395,679993",2,2,2024-04-08
2024-04-08 14:00:00,"891,5428291775784","522,099976",2,2,2024-04-08
2024-04-08 15:00:00,"891,245663654998","559,469971",2,2,2024-04-08
2024-04-08 16:00:00,"890,9514272671183","782,409973",2,2,2024-04-08
2024-04-08 17:00:00,"891,1072618198721","1024,069946",2,2,2024-04-08
2024-04-08 18:00:00,"891,2078967713958","930,830017",2,2,2024-04-08
2024-04-08 19:00:00,"891,1575268257573","632,859985",2,2,2024-04-08
2024-04-08 20:00:00,"890,9913878309736","574,309998",2,2,2024-04-08
2024-04-08 21:00:00,"891,0360011716866","523,52002",2,2,2024-04-08
2024-04-08 22:00:00,"891,0675569275121","583,330017",2,2,2024-04-08
2024-04-08 23:00:00,"891,0298748930783","517,549988",2,2,2024-04-08
2024-04-09 00:00:00,"890,8402465094366","482,790009",2,2,2024-04-09
2024-04-09 01:00:00,"890,5009788853314","440,200012",2,2,2024-04-09
2024-04-09 02:00:00,"890,6251625542732","453,779999",2,2,2024-04-09
2024-04-09 03:00:00,"890,5217074490453","488,390015",2,2,2024-04-09
2024-04-09 04:00:00,"890,4713022646981","575,799988",2,2,2024-04-09
2024-04-09 05:00:00,"890,539446190306","670,900024",2,2,2024-04-09
2024-04-09 06:00:00,"890,1340991049568","595,039978",2,2,2024-04-09
2024-04-09 07:00:00,"890,3681558354878","509,420013",2,2,2024-04-09
2024-04-09 08:00:00,"890,4816724323664","384,559998",2,2,2024-04-09
2024-04-09 09:00:00,"890,4811222165797","328,029999",2,2,2024-04-09
2024-04-09 10:00:00,"890,5344267594313","268,880005",2,2,2024-04-09
2024-04-09 11:00:00,"890,4255643009518","75,260002",2,2,2024-04-09
2024-04-09 12:00:00,"890,4728637998934","78,309998",2,2,2024-04-09
2024-04-09 13:00:00,"890,3851564013002","216,600006",2,2,2024-04-09
2024-04-09 14:00:00,"890,4854870224682","285,440002",2,2,2024-04-09
2024-04-09 15:00:00,"890,8493801784903","372,179993",2,2,2024-04-09
2024-04-09 16:00:00,"890,3616426663033","390,899994",2,2,2024-04-09
2024-04-09 17:00:00,"890,2358367643652","375,089996",2,2,2024-04-09
2024-04-09 18:00:00,"890,2917824288164","378,970001",2,2,2024-04-09
2024-04-09 19:00:00,"889,9685847660065","359,649994",2,2,2024-04-09
2024-04-09 20:00:00,"890,1425070161288","335,640015",2,2,2024-04-09
2024-04-09 21:00:00,"889,9840458337533","257,619995",2,2,2024-04-09
2024-04-09 22:00:00,"890,2993936141994","96,220001",2,2,2024-04-09
2024-04-09 23:00:00,"890,4785616185609","38,040001",2,2,2024-04-09
2024-04-10 00:00:00,"890,7681494803898","37,290001",2,2,2024-04-10
2024-04-10 01:00:00,"890,7818223258519","67,050003",2,2,2024-04-10
2024-04-10 02:00:00,"890,7279704004878","184,229996",2,2,2024-04-10
2024-04-10 03:00:00,"890,5655070938938","261,059998",2,2,2024-04-10
2024-04-10 04:00:00,"890,5467175964255","261,130005",2,2,2024-04-10
2024-04-10 05:00:00,"890,5276856381837","302,299988",2,2,2024-04-10
2024-04-10 06:00:00,"890,3657395426877","311,700012",2,2,2024-04-10
2024-04-10 07:00:00,"890,3563829281652","309,390015",2,2,2024-04-10
2024-04-10 08:00:00,"890,9511389821936","309,390015",2,2,2024-04-10
2024-04-10 09:00:00,"891,2611349957859","239,130005",2,2,2024-04-10
2024-04-10 10:00:00,"891,4465168341582","143,279999",2,2,2024-04-10
2024-04-10 11:00:00,"891,8303477959289","66,610001",2,2,2024-04-10
2024-04-10 12:00:00,"891,8470477659846","0,45",2,2,2024-04-10
2024-04-10 13:00:00,"891,6806377051329","2,09",2,2,2024-04-10
2024-04-10 14:00:00,"891,403665021679","39,529999",2,2,2024-04-10
2024-04-10 15:00:00,"891,1250618636794","122,169998",2,2,2024-04-10
2024-04-10 16:00:00,"890,6876376316873","616,469971",2,2,2024-04-10
2024-04-10 17:00:00,"890,5413766640597","1084,949951",2,2,2024-04-10
2024-04-10 18:00:00,"890,573123264436","1052,430054",2,2,2024-04-10
2024-04-10 19:00:00,"890,5160244331369","722,380005",2,2,2024-04-10
2024-04-10 20:00:00,"890,4188357493482","392,029999",2,2,2024-04-10
2024-04-10 21:00:00,"890,5908810449105","352,200012",2,2,2024-04-10
2024-04-10 22:00:00,"890,5055599194912","303,440002",2,2,2024-04-10
2024-04-10 23:00:00,"890,5835545114631","198,940002",2,2,2024-04-10
2024-04-11 00:00:00,"890,6462054360572","165,589996",2,2,2024-04-11
2024-04-11 01:00:00,"890,8690154047828","74,519997",2,2,2024-04-11
2024-04-11 02:00:00,"890,8582934340013","59,52",2,2,2024-04-11
2024-04-11 03:00:00,"890,8367031483981","149,179993",2,2,2024-04-11
2024-04-11 04:00:00,"890,6817127423287","192,070007",2,2,2024-04-11
2024-04-11 05:00:00,"890,5345415922401","297,399994",2,2,2024-04-11
2024-04-11 06:00:00,"890,2368908865203","309,929993",2,2,2024-04-11
2024-04-11 07:00:00,"889,87828063752","223,770004",2,2,2024-04-11
2024-04-11 08:00:00,"889,8318088019691","74,959999",2,2,2024-04-11
2024-04-11 09:00:00,"890,1013641397902","6,41",2,2,2024-04-11
2024-04-11 10:00:00,"890,4387282625073","6,79",2,2,2024-04-11
2024-04-11 11:00:00,"891,0527822649667","8,21",2,2,2024-04-11
2024-04-11 12:00:00,"891,2043619182277","4,25",2,2,2024-04-11
2024-04-11 13:00:00,"891,0591677999408","96,07",2,2,2024-04-11
2024-04-11 14:00:00,"890,8088564647741","64,75",2,2,2024-04-11
2024-04-11 15:00:00,"890,3320254651144","347,070007",2,2,2024-04-11
2024-04-11 16:00:00,"889,5764642819341","711,75",2,2,2024-04-11
2024-04-11 17:00:00,"889,3215089491122","1002,210022",2,2,2024-04-11
2024-04-11 18:00:00,"889,4946726839487","893,609985",2,2,2024-04-11
2024-04-11 19:00:00,"889,4174000139031","679,159973",2,2,2024-04-11
2024-04-11 20:00:00,"889,345182513877","541,159973",2,2,2024-04-11
2024-04-11 21:00:00,"889,6547053619089","451,059998",2,2,2024-04-11
2024-04-11 22:00:00,"889,9388025571691","339,720001",2,2,2024-04-11
2024-04-11 23:00:00,"889,8789765453905","325,029999",2,2,2024-04-11
2024-04-12 00:00:00,"889,884698780798","331,73999",2,2,2024-04-12
2024-04-12 01:00:00,"889,7806053673776","304,51001",2,2,2024-04-12
2024-04-12 02:00:00,"889,8789156664573","298,399994",2,2,2024-04-12
2024-04-12 03:00:00,"889,7337146111585","298,399994",2,2,2024-04-12
2024-04-12 04:00:00,"889,4513436549147","308,019989",2,2,2024-04-12
2024-04-12 05:00:00,"889,3606532704074","362,619995",2,2,2024-04-12
2024-04-12 06:00:00,"888,8254407785076","516,75",2,2,2024-04-12
2024-04-12 07:00:00,"888,9495494111482","489,290009",2,2,2024-04-12
2024-04-12 08:00:00,"889,4022336795782","319,730011",2,2,2024-04-12
2024-04-12 09:00:00,"889,5246269697053","140,690002",2,2,2024-04-12
2024-04-12 10:00:00,"889,4444304058644","0,0",2,2,2024-04-12
2024-04-12 11:00:00,"889,1123665899496","-0,52",2,2,2024-04-12
2024-04-12 12:00:00,"889,4270799796138","0,07",2,2,2024-04-12
2024-04-12 13:00:00,"889,4636256405755","1,34",2,2,2024-04-12
2024-04-12 14:00:00,"889,3036427248644","1,64",2,2,2024-04-12
2024-04-12 15:00:00,"889,2339085365727","375,600006",2,2,2024-04-12
2024-04-12 16:00:00,"889,07576203789","445,279999",2,2,2024-04-12
2024-04-12 17:00:00,"888,8396043985545","370,160004",2,2,2024-04-12
2024-04-12 18:00:00,"889,3862657796175","369,48999",2,2,2024-04-12
2024-04-12 19:00:00,"889,6013550301568","351,429993",2,2,2024-04-12
2024-04-12 20:00:00,"889,5518279463272","342,329987",2,2,2024-04-12
2024-04-12 21:00:00,"889,9458081998446","329,200012",2,2,2024-04-12
2024-04-12 22:00:00,"890,0459702006834","246,039993",2,2,2024-04-12
2024-04-12 23:00:00,"890,0575133838698","193,369995",2,2,2024-04-12
2024-04-13 00:00:00,"890,391821101187","144,429993",2,2,2024-04-13
2024-04-13 01:00:00,"890,3579241328134","130,779999",2,2,2024-04-13
2024-04-13 02:00:00,"890,4352810752099","130,259995",2,2,2024-04-13
2024-04-13 03:00:00,"890,5552070224512","173,899994",2,2,2024-04-13
2024-04-13 04:00:00,"890,3324295732285","207,619995",2,2,2024-04-13
2024-04-13 05:00:00,"890,3354604998023","251,630005",2,2,2024-04-13
2024-04-13 06:00:00,"890,1553887102932","168,600006",2,2,2024-04-13
2024-04-13 07:00:00,"890,305335209709","65,650002",2,2,2024-04-13
2024-04-13 08:00:00,"890,8794341507875","-0,15",2,2,2024-04-13
2024-04-13 09:00:00,"891,2648990916691","-30,139999",2,2,2024-04-13
2024-04-13 10:00:00,"891,4486869015597","-59,830002",2,2,2024-04-13
2024-04-13 11:00:00,"891,5778160194982","-150,699997",2,2,2024-04-13
2024-04-13 12:00:00,"891,6153975755881","-218,729996",2,2,2024-04-13
2024-04-13 13:00:00,"891,3597469106497","-235,740005",2,2,2024-04-13
2024-04-13 14:00:00,"890,4054373894535","-142,710007",2,2,2024-04-13
2024-04-13 15:00:00,"889,7922220089746","-1,19",2,2,2024-04-13
2024-04-13 16:00:00,"889,2912876412609","248,949997",2,2,2024-04-13
2024-04-13 17:00:00,"889,228434445062","373,76001",2,2,2024-04-13
2024-04-13 18:00:00,"889,673572893376","298,630005",2,2,2024-04-13
2024-04-13 19:00:00,"889,7749914135792","258,5",2,2,2024-04-13
2024-04-13 20:00:00,"890,0348273853859","153,679993",2,2,2024-04-13
2024-04-13 21:00:00,"890,4085379791104","52,59",2,2,2024-04-13
2024-04-13 22:00:00,"890,7724145590003","3,21",2,2,2024-04-13
2024-04-13 23:00:00,"890,8108124108654","6,19",2,2,2024-04-13
2024-04-14 00:00:00,"890,9360788024178","6,94",2,2,2024-04-14
2024-04-14 01:00:00,"891,0344863441267","8,43",2,2,2024-04-14
2024-04-14 02:00:00,"891,0024024224352","17,459999",2,2,2024-04-14
2024-04-14 03:00:00,"890,9325430610467","44,389999",2,2,2024-04-14
2024-04-14 04:00:00,"890,867386088328","95,949997",2,2,2024-04-14
2024-04-14 05:00:00,"890,7520522603929","96,989998",2,2,2024-04-14
2024-04-14 06:00:00,"890,8393664166963","55,279999",2,2,2024-04-14
2024-04-14 07:00:00,"891,2987085498479","0,0",2,2,2024-04-14
2024-04-14 08:00:00,"891,7381679151127","-17,68",2,2,2024-04-14
2024-04-14 09:00:00,"891,7997249400353","-90,800003",2,2,2024-04-14
2024-04-14 10:00:00,"891,7988943752665","-315,070007",2,2,2024-04-14
2024-04-14 11:00:00,"891,7095687464679","-448,019989",2,2,2024-04-14
2024-04-14 12:00:00,"891,5805314962489","-447,720001",2,2,2024-04-14
2024-04-14 13:00:00,"891,5156307429136","-298,809998",2,2,2024-04-14
2024-04-14 14:00:00,"891,1269472506511","-46,630001",2,2,2024-04-14
2024-04-14 15:00:00,"890,5395251464568","11,71",2,2,2024-04-14
2024-04-14 16:00:00,"889,856237214605","407,51001",2,2,2024-04-14
2024-04-14 17:00:00,"889,782793616038","655,059998",2,2,2024-04-14
2024-04-14 18:00:00,"890,0884315762573","894,619995",2,2,2024-04-14
2024-04-14 19:00:00,"890,2588656159126","840,159973",2,2,2024-04-14
2024-04-14 20:00:00,"890,399014535968","724,890015",2,2,2024-04-14
2024-04-14 21:00:00,"890,644074593325","594,549988",2,2,2024-04-14
2024-04-14 22:00:00,"890,6282931841497","410,640015",2,2,2024-04-14
2024-04-14 23:00:00,"890,5757795604301","437,730011",2,2,2024-04-14
2024-04-15 00:00:00,"891,54185394605","526,359985",2,3,2024-04-15
2024-04-15 01:00:00,"891,5070101626403","491,220001",2,3,2024-04-15
2024-04-15 02:00:00,"891,5971344949202","561,280029",2,3,2024-04-15
2024-04-15 03:00:00,"891,6737616107181","647,150024",2,3,2024-04-15
2024-04-15 04:00:00,"891,5680546917185","863,440002",2,3,2024-04-15
2024-04-15 05:00:00,"891,5771067902726","1261,98999",2,3,2024-04-15
2024-04-15 06:00:00,"891,6613547076831","1143,290039",2,3,2024-04-15
2024-04-15 07:00:00,"891,8000176345026","683,109985",2,3,2024-04-15
2024-04-15 08:00:00,"891,8950641001327","568,809998",2,3,2024-04-15
2024-04-15 09:00:00,"891,8829563320568","425,269989",2,3,2024-04-15
2024-04-15 10:00:00,"891,9615040527535","329,390015",2,3,2024-04-15
2024-04-15 11:00:00,"891,9516580113062","236,809998",2,3,2024-04-15
2024-04-15 12:00:00,"891,8821502959886","96,690002",2,3,2024-04-15
2024-04-15 13:00:00,"891,8206941145056","58,189999",2,3,2024-04-15
2024-04-15 14:00:00,"891,7508549649676","59,610001",2,3,2024-04-15
2024-04-15 15:00:00,"891,5938176512112","345,440002",2,3,2024-04-15
2024-04-15 16:00:00,"891,1655495879248","516,289978",2,3,2024-04-15
2024-04-15 17:00:00,"891,2862194436207","588,809998",2,3,2024-04-15
2024-04-15 18:00:00,"891,3953219051994","574,630005",2,3,2024-04-15
2024-04-15 19:00:00,"891,4013622144613","494,730011",2,3,2024-04-15
2024-04-15 20:00:00,"891,384417045385","401,170013",2,3,2024-04-15
2024-04-15 21:00:00,"891,4011597272719","254,940002",2,3,2024-04-15
2024-04-15 22:00:00,"891,388964869497","15,07",2,3,2024-04-15
2024-04-15 23:00:00,"891,4909215006759","0,3",2,3,2024-04-15
2024-04-16 00:00:00,"891,5656224747354","1,04",2,3,2024-04-16
2024-04-16 01:00:00,"891,5517651008095","5,45",2,3,2024-04-16
2024-04-16 02:00:00,"891,5891801890749","130,330002",2,3,2024-04-16
2024-04-16 03:00:00,"891,5928929662348","270,209991",2,3,2024-04-16
2024-04-16 04:00:00,"891,5027815298276","384,880005",2,3,2024-04-16
2024-04-16 05:00:00,"891,5582948584458","554,0",2,3,2024-04-16
2024-04-16 06:00:00,"891,5772656318876","554,0",2,3,2024-04-16
2024-04-16 07:00:00,"891,8269127341886","483,5",2,3,2024-04-16
2024-04-16 08:00:00,"891,9770108682081","380,700012",2,3,2024-04-16
2024-04-16 09:00:00,"892,0326824762935","318,109985",2,3,2024-04-16
2024-04-16 10:00:00,"892,0196900638924","298,410004",2,3,2024-04-16
2024-04-16 11:00:00,"892,0299158170459","300,049988",2,3,2024-04-16
2024-04-16 12:00:00,"892,0308832720712","313,929993",2,3,2024-04-16
2024-04-16 13:00:00,"891,9999296900858","362,049988",2,3,2024-04-16
2024-04-16 14:00:00,"891,9474890513055","385,470001",2,3,2024-04-16
2024-04-16 15:00:00,"891,8170441133393","594,359985",2,3,2024-04-16
2024-04-16 16:00:00,"891,2240328983169","693,210022",2,3,2024-04-16
2024-04-16 17:00:00,"891,1086264395371","850,400024",2,3,2024-04-16
2024-04-16 18:00:00,"891,1526624862679","928,960022",2,3,2024-04-16
2024-04-16 19:00:00,"891,1783203858528","779,309998",2,3,2024-04-16
2024-04-16 20:00:00,"891,1173475232996","672,169983",2,3,2024-04-16
2024-04-16 21:00:00,"891,2147457208789","627,409973",2,3,2024-04-16
2024-04-16 22:00:00,"891,2873085017726","625,48999",2,3,2024-04-16
2024-04-16 23:00:00,"891,2688439961478","625,48999",2,3,2024-04-16
2024-04-17 00:00:00,"891,4359666794397","606,919983",2,3,2024-04-17
2024-04-17 01:00:00,"891,4128788354541","614,75",2,3,2024-04-17
2024-04-17 02:00:00,"891,41081272099","618,929993",2,3,2024-04-17
2024-04-17 03:00:00,"891,4562242385102","624,669983",2,3,2024-04-17
2024-04-17 04:00:00,"891,2810351063355","816,109985",2,3,2024-04-17
2024-04-17 05:00:00,"891,4097944692982","1268,069946",2,3,2024-04-17
2024-04-17 06:00:00,"891,6329085972593","1157,650024",2,3,2024-04-17
2024-04-17 07:00:00,"891,8510999253688","780,52002",2,3,2024-04-17
2024-04-17 08:00:00,"891,9902214555012","625,940002",2,3,2024-04-17
2024-04-17 09:00:00,"892,0218205183796","596,099976",2,3,2024-04-17
2024-04-17 10:00:00,"892,0449200699093","619,080017",2,3,2024-04-17
2024-04-17 11:00:00,"892,047306950208","602,960022",2,3,2024-04-17
2024-04-17 12:00:00,"892,0351593886996","579,76001",2,3,2024-04-17
2024-04-17 13:00:00,"892,0239685559111","574,690002",2,3,2024-04-17
2024-04-17 14:00:00,"891,990980004931","596,840027",2,3,2024-04-17
2024-04-17 15:00:00,"891,8481179469325","648,320007",2,3,2024-04-17
2024-04-17 16:00:00,"891,4982517026664","857,73999",2,3,2024-04-17
2024-04-17 17:00:00,"891,5469894861659","1193,089966",2,3,2024-04-17
2024-04-17 18:00:00,"891,5465274854912","1267,550049",2,3,2024-04-17
2024-04-17 19:00:00,"891,5395290974262","970,320007",2,3,2024-04-17
2024-04-17 20:00:00,"891,434823537852","738,890015",2,3,2024-04-17
2024-04-17 21:00:00,"891,5102589264836","655,109985",2,3,2024-04-17
2024-04-17 22:00:00,"891,5704188118618","685,150024",2,3,2024-04-17
2024-04-17 23:00:00,"891,5967347583157","652,23999",2,3,2024-04-17
2024-04-18 00:00:00,"891,6740592913354","660,52002",2,3,2024-04-18
2024-04-18 01:00:00,"891,6171895449197","654,780029",2,3,2024-04-18
2024-04-18 02:00:00,"891,5965906993835","668,580017",2,3,2024-04-18
2024-04-18 03:00:00,"891,5552605176667","697,380005",2,3,2024-04-18
2024-04-18 04:00:00,"891,3428436280822","909,349976",2,3,2024-04-18
2024-04-18 05:00:00,"891,4907524041737","1162,430054",2,3,2024-04-18
2024-04-18 06:00:00,"891,5959609538983","978,809998",2,3,2024-04-18
2024-04-18 07:00:00,"891,7655456324163","754,460022",2,3,2024-04-18
2024-04-18 08:00:00,"891,9267016805536","673,059998",2,3,2024-04-18
2024-04-18 09:00:00,"891,9736802467258","625,76001",2,3,2024-04-18
2024-04-18 10:00:00,"892,020305653577","601,659973",2,3,2024-04-18
2024-04-18 11:00:00,"892,0302558790873","575,98999",2,3,2024-04-18
2024-04-18 12:00:00,"892,0242303442725","544,72998",2,3,2024-04-18
2024-04-18 13:00:00,"891,9608944350593","527,48999",2,3,2024-04-18
2024-04-18 14:00:00,"891,8645896463471","528,840027",2,3,2024-04-18
2024-04-18 15:00:00,"891,6278729557348","606,799988",2,3,2024-04-18
2024-04-18 16:00:00,"890,9130655863202","701,559998",2,3,2024-04-18
2024-04-18 17:00:00,"890,8620001332044","934,419983",2,3,2024-04-18
2024-04-18 18:00:00,"890,9569611257969","961,200012",2,3,2024-04-18
2024-04-18 19:00:00,"891,1082411787131","790,27002",2,3,2024-04-18
2024-04-18 20:00:00,"891,0611753361206","670,669983",2,3,2024-04-18
2024-04-18 21:00:00,"891,2690792973428","592,179993",2,3,2024-04-18
2024-04-18 22:00:00,"891,4250963156791","576,090027",2,3,2024-04-18
2024-04-18 23:00:00,"891,2957277375041","453,869995",2,3,2024-04-18
2024-04-19 00:00:00,"891,4158668587177","377,019989",2,3,2024-04-19
2024-04-19 01:00:00,"891,3351197169903","369,109985",2,3,2024-04-19
2024-04-19 02:00:00,"891,3073031328196","357,920013",2,3,2024-04-19
2024-04-19 03:00:00,"891,30222697906","366,200012",2,3,2024-04-19
2024-04-19 04:00:00,"891,0779127831314","448,570007",2,3,2024-04-19
2024-04-19 05:00:00,"891,1638468656307","515,130005",2,3,2024-04-19
2024-04-19 06:00:00,"891,2460332896113","567,059998",2,3,2024-04-19
2024-04-19 07:00:00,"891,3957810995246","509,609985",2,3,2024-04-19
2024-04-19 08:00:00,"891,5750368947214","449,170013",2,3,2024-04-19
2024-04-19 09:00:00,"891,6357523387691","418,429993",2,3,2024-04-19
2024-04-19 10:00:00,"891,8210473151629","379,859985",2,3,2024-04-19
2024-04-19 11:00:00,"891,8387729937338","350,679993",2,3,2024-04-19
2024-04-19 12:00:00,"891,8609148829415","335,309998",2,3,2024-04-19
2024-04-19 13:00:00,"891,8631394286227","332,480011",2,3,2024-04-19
2024-04-19 14:00:00,"891,8221660235363","379,859985",2,3,2024-04-19
2024-04-19 15:00:00,"891,5804803165638","424,920013",2,3,2024-04-19
2024-04-19 16:00:00,"890,9875020389574","473,720001",2,3,2024-04-19
2024-04-19 17:00:00,"890,8107342128159","475,660004",2,3,2024-04-19
2024-04-19 18:00:00,"890,9849253539933","482,670013",2,3,2024-04-19
2024-04-19 19:00:00,"891,1394980892508","493,940002",2,3,2024-04-19
2024-04-19 20:00:00,"891,1368639347721","477,149994",2,3,2024-04-19
2024-04-19 21:00:00,"891,282478818954","471,179993",2,3,2024-04-19
2024-04-19 22:00:00,"891,3831493273273","449,529999",2,3,2024-04-19
2024-04-19 23:00:00,"891,4152444507312","432,589996",2,3,2024-04-19
2024-04-20 00:00:00,"891,7026407689001","427,809998",2,3,2024-04-20
2024-04-20 01:00:00,"891,6691248261294","430,950012",2,3,2024-04-20
2024-04-20 02:00:00,"891,69323813026","455,5",2,3,2024-04-20
2024-04-20 03:00:00,"891,768124291045","468,850006",2,3,2024-04-20
2024-04-20 04:00:00,"891,656790944665","476,98999",2,3,2024-04-20
2024-04-20 05:00:00,"891,6761162032568","507,279999",2,3,2024-04-20
2024-04-20 06:00:00,"891,7684105124774","485,350006",2,3,2024-04-20
2024-04-20 07:00:00,"891,8951112923253","446,98999",2,3,2024-04-20
2024-04-20 08:00:00,"891,9941647396265","373,48999",2,3,2024-04-20
2024-04-20 09:00:00,"892,0195642382613","286,769989",2,3,2024-04-20
2024-04-20 10:00:00,"892,0201080867696","216,179993",2,3,2024-04-20
2024-04-20 11:00:00,"892,0337555227618","92,010002",2,3,2024-04-20
2024-04-20 12:00:00,"891,9925961968527","78,730003",2,3,2024-04-20
2024-04-20 13:00:00,"891,9772624482036","136,779999",2,3,2024-04-20
2024-04-20 14:00:00,"891,8269000825409","279,160004",2,3,2024-04-20
2024-04-20 15:00:00,"891,6253063326803","468,850006",2,3,2024-04-20
2024-04-20 16:00:00,"891,1421620081693","588,77002",2,3,2024-04-20
2024-04-20 17:00:00,"891,2860285093747","668,690002",2,3,2024-04-20
2024-04-20 18:00:00,"891,4394700959919","724,140015",2,3,2024-04-20
2024-04-20 19:00:00,"891,4919563505948","673,919983",2,3,2024-04-20
2024-04-20 20:00:00,"891,468191873795","642,280029",2,3,2024-04-20
2024-04-20 21:00:00,"891,5607477314926","618,619995",2,3,2024-04-20
2024-04-20 22:00:00,"891,6310501991552","610,679993",2,3,2024-04-20
2024-04-20 23:00:00,"891,5985965723818","526,669983",2,3,2024-04-20
2024-04-21 00:00:00,"891,7181703004931","518,76001",2,3,2024-04-21
2024-04-21 01:00:00,"891,722704145506","480,48999",2,3,2024-04-21
2024-04-21 02:00:00,"891,729241476656","476,609985",2,3,2024-04-21
2024-04-21 03:00:00,"891,7574107279502","474,670013",2,3,2024-04-21
2024-04-21 04:00:00,"891,6827571801849","480,709991",2,3,2024-04-21
2024-04-21 05:00:00,"891,722383646342","451,609985",2,3,2024-04-21
2024-04-21 06:00:00,"891,8486743366383","454,220001",2,3,2024-04-21
2024-04-21 07:00:00,"891,9547961551733","413,190002",2,3,2024-04-21
2024-04-21 08:00:00,"892,0396444361228","246,139999",2,3,2024-04-21
2024-04-21 09:00:00,"892,056617439305","275,76001",2,3,2024-04-21
2024-04-21 10:00:00,"892,0547508307963","45,209999",2,3,2024-04-21
2024-04-21 11:00:00,"892,0613227299353","2,09",2,3,2024-04-21
2024-04-21 12:00:00,"892,0560310424788","-6,71",2,3,2024-04-21
2024-04-21 13:00:00,"892,0517188873597","5,6",2,3,2024-04-21
2024-04-21 14:00:00,"892,0230089510065","44,84",2,3,2024-04-21
2024-04-21 15:00:00,"891,8910754881964","434,380005",2,3,2024-04-21
2024-04-21 16:00:00,"891,3430587827662","556,590027",2,3,2024-04-21
2024-04-21 17:00:00,"891,2310081423434","666,710022",2,3,2024-04-21
2024-04-21 18:00:00,"891,37775084041","710,72998",2,3,2024-04-21
2024-04-21 19:00:00,"891,5393264154359","679,469971",2,3,2024-04-21
2024-04-21 20:00:00,"891,5657040419035","667,080017",2,3,2024-04-21
2024-04-21 21:00:00,"891,6003810971637","660,0",2,3,2024-04-21
2024-04-21 22:00:00,"891,57515684728","589,190002",2,3,2024-04-21
2024-04-21 23:00:00,"891,5172219674936","582,330017",2,3,2024-04-21
2024-04-22 00:00:00,"891,1857497790385","585,23999",2,4,2024-04-22
2024-04-22 01:00:00,"891,1355843766637","596,280029",2,4,2024-04-22
2024-04-22 02:00:00,"891,1238525006534","595,309998",2,4,2024-04-22
2024-04-22 03:00:00,"891,0416401016022","652,830017",2,4,2024-04-22
2024-04-22 04:00:00,"890,8583174334096","790,109985",2,4,2024-04-22
2024-04-22 05:00:00,"890,7581199500539","975,820007",2,4,2024-04-22
2024-04-22 06:00:00,"891,0760097178492","876,359985",2,4,2024-04-22
2024-04-22 07:00:00,"891,4778373105486","724,090027",2,4,2024-04-22
2024-04-22 08:00:00,"891,8536688117179","610,75",2,4,2024-04-22
2024-04-22 09:00:00,"891,9780062300949","606,130005",2,4,2024-04-22
2024-04-22 10:00:00,"892,0242245274173","574,869995",2,4,2024-04-22
2024-04-22 11:00:00,"892,0285822403606","549,650024",2,4,2024-04-22
2024-04-22 12:00:00,"892,0186646581619","553,080017",2,4,2024-04-22
2024-04-22 13:00:00,"892,0000086077271","559,650024",2,4,2024-04-22
2024-04-22 14:00:00,"891,8426902784327","536,440002",2,4,2024-04-22
2024-04-22 15:00:00,"891,4658550102714","722,150024",2,4,2024-04-22
2024-04-22 16:00:00,"890,8041766303579","881,880005",2,4,2024-04-22
2024-04-22 17:00:00,"890,6451299714004","1223,969971",2,4,2024-04-22
2024-04-22 18:00:00,"892,036870441575","1275,52002",2,4,2024-04-22
2024-04-22 19:00:00,"892,058966484557","970,299988",2,4,2024-04-22
2024-04-22 20:00:00,"891,2949029601436","789,140015",2,4,2024-04-22
2024-04-22 21:00:00,"891,41983793551","723,640015",2,4,2024-04-22
2024-04-22 22:00:00,"891,2872492644346","658,969971",2,4,2024-04-22
2024-04-22 23:00:00,"891,2794130718705","646,809998",2,4,2024-04-22
2024-04-23 00:00:00,"890,9618460096764","641,289978",2,4,2024-04-23
2024-04-23 01:00:00,"890,8042638644971","637,340027",2,4,2024-04-23
2024-04-23 02:00:00,"890,7757005163019","644,280029",2,4,2024-04-23
2024-04-23 03:00:00,"890,6228597021568","728,890015",2,4,2024-04-23
2024-04-23 04:00:00,"890,1222063190463","905,789978",2,4,2024-04-23
2024-04-23 05:00:00,"890,1258854769737","1352,420044",2,4,2024-04-23
2024-04-23 06:00:00,"890,0672514533404","1016,820007",2,4,2024-04-23
2024-04-23 07:00:00,"890,1362816986219","734,030029",2,4,2024-04-23
2024-04-23 08:00:00,"890,3771137523826","618,309998",2,4,2024-04-23
2024-04-23 09:00:00,"890,5978330699445","576,450012",2,4,2024-04-23
2024-04-23 10:00:00,"890,8366207570214","577,950012",2,4,2024-04-23
2024-04-23 11:00:00,"890,9052533920767","592,27002",2,4,2024-04-23
2024-04-23 12:00:00,"890,7402033242624","586,599976",2,4,2024-04-23
2024-04-23 13:00:00,"890,7433405343169","597,049988",2,4,2024-04-23
2024-04-23 14:00:00,"890,4384199321378","619,429993",2,4,2024-04-23
2024-04-23 15:00:00,"890,1575502798432","671,289978",2,4,2024-04-23
2024-04-23 16:00:00,"889,6394583602475","764,030029",2,4,2024-04-23
2024-04-23 17:00:00,"890,0989348854637","917,799988",2,4,2024-04-23
2024-04-23 18:00:00,"892,0301041861087","933,169983",2,4,2024-04-23
2024-04-23 19:00:00,"892,0539545130077","784,169983",2,4,2024-04-23
2024-04-23 20:00:00,"890,5479262345282","691,880005",2,4,2024-04-23
2024-04-23 21:00:00,"890,5959704265632","608,460022",2,4,2024-04-23
2024-04-23 22:00:00,"890,4988677254836","600,929993",2,4,2024-04-23
2024-04-23 23:00:00,"890,3884182729888","569,150024",2,4,2024-04-23
2024-04-24 00:00:00,"890,0206112433165","566,090027",2,4,2024-04-24
2024-04-24 01:00:00,"889,8165447503667","545,130005",2,4,2024-04-24
2024-04-24 02:00:00,"889,8466920829509","567,289978",2,4,2024-04-24
2024-04-24 03:00:00,"889,8712703409598","610,47998",2,4,2024-04-24
2024-04-24 04:00:00,"889,6458267402325","758,419983",2,4,2024-04-24
2024-04-24 05:00:00,"889,7595451482807","956,200012",2,4,2024-04-24
2024-04-24 06:00:00,"889,8669297496733","798,780029",2,4,2024-04-24
2024-04-24 07:00:00,"889,7964398046065","684,940002",2,4,2024-04-24
2024-04-24 08:00:00,"890,7231364907271","676,960022",2,4,2024-04-24
2024-04-24 09:00:00,"891,1934426013878","659,130005",2,4,2024-04-24
2024-04-24 10:00:00,"891,304990405372","616,22998",2,4,2024-04-24
2024-04-24 11:00:00,"891,5821975540872","597,5",2,4,2024-04-24
2024-04-24 12:00:00,"891,5668071083344","570,940002",2,4,2024-04-24
2024-04-24 13:00:00,"891,689561049916","602,130005",2,4,2024-04-24
2024-04-24 14:00:00,"891,3794627243224","605,190002",2,4,2024-04-24
2024-04-24 15:00:00,"890,5591538162964","646,070007",2,4,2024-04-24
2024-04-24 16:00:00,"890,6171984309578","757,530029",2,4,2024-04-24
2024-04-24 17:00:00,"890,7444282525514","1008,640015",2,4,2024-04-24
2024-04-24 18:00:00,"892,0393338029552","1070,119995",2,4,2024-04-24
2024-04-24 19:00:00,"892,0556435253143","903,900024",2,4,2024-04-24
2024-04-24 20:00:00,"890,8115229300727","785,650024",2,4,2024-04-24
2024-04-24 21:00:00,"891,048265661816","673,0",2,4,2024-04-24
2024-04-24 22:00:00,"891,0770421219161","622,700012",2,4,2024-04-24
2024-04-24 23:00:00,"891,0152341105113","596,599976",2,4,2024-04-24
2024-04-25 00:00:00,"890,8024797246431","576,97998",2,4,2024-04-25
2024-04-25 01:00:00,"890,7979234491715","567,140015",2,4,2024-04-25
2024-04-25 02:00:00,"890,7638570787343","561,099976",2,4,2024-04-25
2024-04-25 03:00:00,"890,5605636907225","626,580017",2,4,2024-04-25
2024-04-25 04:00:00,"890,3549452203839","763,940002",2,4,2024-04-25
2024-04-25 05:00:00,"890,5663052985196","962,390015",2,4,2024-04-25
2024-04-25 06:00:00,"890,7059169774064","840,530029",2,4,2024-04-25
2024-04-25 07:00:00,"890,9613790906085","686,830017",2,4,2024-04-25
2024-04-25 08:00:00,"891,5276538340202","596,669983",2,4,2024-04-25
2024-04-25 09:00:00,"891,758341324485","583,169983",2,4,2024-04-25
2024-04-25 10:00:00,"891,6437673359763","551,26001",2,4,2024-04-25
2024-04-25 11:00:00,"891,7791541149527","512,099976",2,4,2024-04-25
2024-04-25 12:00:00,"891,8041318725601","495,25",2,4,2024-04-25
2024-04-25 13:00:00,"891,612816759591","516,950012",2,4,2024-04-25
2024-04-25 14:00:00,"891,416059885301","542,97998",2,4,2024-04-25
2024-04-25 15:00:00,"890,5513842760439","595,700012",2,4,2024-04-25
2024-04-25 16:00:00,"890,2146706228231","709,72998",2,4,2024-04-25
2024-04-25 17:00:00,"890,2664523072735","1052,170044",2,4,2024-04-25
2024-04-25 18:00:00,"892,0207967134662","1135,699951",2,4,2024-04-25
2024-04-25 19:00:00,"892,0495359886403","847,98999",2,4,2024-04-25
2024-04-25 20:00:00,"890,4588700944298","681,23999",2,4,2024-04-25
2024-04-25 21:00:00,"890,5893151284745","594,659973",2,4,2024-04-25
2024-04-25 22:00:00,"890,6652053930001","595,719971",2,4,2024-04-25
2024-04-25 23:00:00,"890,5546738236475","551,929993",2,4,2024-04-25
2024-04-26 00:00:00,"890,2831631587591","553,429993",2,4,2024-04-26
2024-04-26 01:00:00,"890,1160474388488","552,460022",2,4,2024-04-26
2024-04-26 02:00:00,"890,0544253306358","575,049988",2,4,2024-04-26
2024-04-26 03:00:00,"889,928680323558","618,909973",2,4,2024-04-26
2024-04-26 04:00:00,"889,6902668805568","697,380005",2,4,2024-04-26
2024-04-26 05:00:00,"890,0302305448704","776,140015",2,4,2024-04-26
2024-04-26 06:00:00,"889,9610563164504","716,469971",2,4,2024-04-26
2024-04-26 07:00:00,"889,8362490899806","604,73999",2,4,2024-04-26
2024-04-26 08:00:00,"889,984784635822","580,349976",2,4,2024-04-26
2024-04-26 09:00:00,"890,558086639769","544,099976",2,4,2024-04-26
2024-04-26 10:00:00,"890,9384674632208","524,710022",2,4,2024-04-26
2024-04-26 11:00:00,"891,1458320100871","512,700012",2,4,2024-04-26
2024-04-26 12:00:00,"891,4942233905764","487,570007",2,4,2024-04-26
2024-04-26 13:00:00,"891,2565399007399","521,5",2,4,2024-04-26
2024-04-26 14:00:00,"890,9278286156738","534,780029",2,4,2024-04-26
2024-04-26 15:00:00,"890,4001752882746","600,119995",2,4,2024-04-26
2024-04-26 16:00:00,"889,7626668256207","700,210022",2,4,2024-04-26
2024-04-26 17:00:00,"889,9210544473306","959,25",2,4,2024-04-26
2024-04-26 18:00:00,"892,0133468439407","1018,539978",2,4,2024-04-26
2024-04-26 19:00:00,"892,0483184398404","820,440002",2,4,2024-04-26
2024-04-26 20:00:00,"890,7192596853976","691,47998",2,4,2024-04-26
2024-04-26 21:00:00,"890,9702149980135","658,289978",2,4,2024-04-26
2024-04-26 22:00:00,"891,0126660238851","673,330017",2,4,2024-04-26
2024-04-26 23:00:00,"891,0323217865704","662,960022",2,4,2024-04-26
2024-04-27 00:00:00,"891,0235165813475","645,72998",2,4,2024-04-27
2024-04-27 01:00:00,"891,0305879996308","663,929993",2,4,2024-04-27
2024-04-27 02:00:00,"891,0212120316205","653,940002",2,4,2024-04-27
2024-04-27 03:00:00,"891,0882542551334","625,52002",2,4,2024-04-27
2024-04-27 04:00:00,"890,9021943562378","641,929993",2,4,2024-04-27
2024-04-27 05:00:00,"890,7800935844143","589,429993",2,4,2024-04-27
2024-04-27 06:00:00,"890,7624556119175","511,950012",2,4,2024-04-27
2024-04-27 07:00:00,"890,9349938846923","440,51001",2,4,2024-04-27
2024-04-27 08:00:00,"891,7141049021184","284,950012",2,4,2024-04-27
2024-04-27 09:00:00,"891,8849954090151","194,559998",2,4,2024-04-27
2024-04-27 10:00:00,"891,941375165821","294,640015",2,4,2024-04-27
2024-04-27 11:00:00,"891,9937643955892","308,809998",2,4,2024-04-27
2024-04-27 12:00:00,"891,9954792719755","182,710007",2,4,2024-04-27
2024-04-27 13:00:00,"891,9022225379242","75,019997",2,4,2024-04-27
2024-04-27 14:00:00,"891,5625685342486","156,080002",2,4,2024-04-27
2024-04-27 15:00:00,"890,5681420865184","463,700012",2,4,2024-04-27
2024-04-27 16:00:00,"889,7239640876741","642,679993",2,4,2024-04-27
2024-04-27 17:00:00,"890,0770235866167","894,140015",2,4,2024-04-27
2024-04-27 18:00:00,"892,0226298647211","837,23999",2,4,2024-04-27
2024-04-27 19:00:00,"892,0524294175506","633,880005",2,4,2024-04-27
2024-04-27 20:00:00,"890,5487407006264","566,01001",2,4,2024-04-27
2024-04-27 21:00:00,"890,7381940049694","486,440002",2,4,2024-04-27
2024-04-27 22:00:00,"890,7218354952618","420,570007",2,4,2024-04-27
2024-04-27 23:00:00,"890,7030576903823","344,119995",2,4,2024-04-27
2024-04-28 00:00:00,"890,6654241037404","295,350006",2,4,2024-04-28
2024-04-28 01:00:00,"890,6641228834233","235,309998",2,4,2024-04-28
2024-04-28 02:00:00,"890,6923540375776","205,850006",2,4,2024-04-28
2024-04-28 03:00:00,"890,6462003968134","194,289993",2,4,2024-04-28
2024-04-28 04:00:00,"890,5087798344935","74,209999",2,4,2024-04-28
2024-04-28 05:00:00,"890,3696571194497","1,86",2,4,2024-04-28
2024-04-28 06:00:00,"890,541352507263","1,94",2,4,2024-04-28
2024-04-28 07:00:00,"890,8494416971675","1,64",2,4,2024-04-28
2024-04-28 08:00:00,"891,669030764261","0,0",2,4,2024-04-28
2024-04-28 09:00:00,"891,9377298040251","-7,16",2,4,2024-04-28
2024-04-28 10:00:00,"891,9803346749005","-18,049999",2,4,2024-04-28
2024-04-28 11:00:00,"891,9647078958005","-18,65",2,4,2024-04-28
2024-04-28 12:00:00,"891,6411074519353","-18,790001",2,4,2024-04-28
2024-04-28 13:00:00,"891,2062589831004","-15,66",2,4,2024-04-28
2024-04-28 14:00:00,"890,8207877461565","-15,51",2,4,2024-04-28
2024-04-28 15:00:00,"890,5389706878958","-0,15",2,4,2024-04-28
2024-04-28 16:00:00,"890,2085826552553","189,289993",2,4,2024-04-28
2024-04-28 17:00:00,"890,3278128181653","517,299988",2,4,2024-04-28
2024-04-28 18:00:00,"892,0289458682934","577,640015",2,4,2024-04-28
2024-04-28 19:00:00,"892,0556058598094","583,159973",2,4,2024-04-28
2024-04-28 20:00:00,"890,7975376429392","468,079987",2,4,2024-04-28
2024-04-28 21:00:00,"890,9229938471537","417,890015",2,4,2024-04-28
2024-04-28 22:00:00,"890,8981317695506","306,529999",2,4,2024-04-28
2024-04-28 23:00:00,"890,9063582639623","370,75",2,4,2024-04-28
2024-07-01 00:00:00,"891,8585589361535","583,150024",3,1,2024-07-01
2024-07-01 01:00:00,"891,8579705168376","581,809998",3,1,2024-07-01
2024-07-01 02:00:00,"891,864974236469","564,059998",3,1,2024-07-01
2024-07-01 03:00:00,"891,8218744933034","602,76001",3,1,2024-07-01
2024-07-01 04:00:00,"891,696911509127","907,349976",3,1,2024-07-01
2024-07-01 05:00:00,"891,6542894808633","1018,109985",3,1,2024-07-01
2024-07-01 06:00:00,"891,7438553558584","963,590027",3,1,2024-07-01
2024-07-01 07:00:00,"891,813635422712","841,27002",3,1,2024-07-01
2024-07-01 08:00:00,"891,8913906129732","750,289978",3,1,2024-07-01
2024-07-01 09:00:00,"891,9768312866144","642,070007",3,1,2024-07-01
2024-07-01 10:00:00,"891,8477228789284","493,200012",3,1,2024-07-01
2024-07-01 11:00:00,"891,9554712847029","318,609985",3,1,2024-07-01
2024-07-01 12:00:00,"891,892630422958","258,5",3,1,2024-07-01
2024-07-01 13:00:00,"891,8695542463375","242,759995",3,1,2024-07-01
2024-07-01 14:00:00,"891,8616053593647","231,649994",3,1,2024-07-01
2024-07-01 15:00:00,"891,702069762113","410,200012",3,1,2024-07-01
2024-07-01 16:00:00,"891,5525406944705","538,77002",3,1,2024-07-01
2024-07-01 17:00:00,"891,5232232780206","733,72998",3,1,2024-07-01
2024-07-01 18:00:00,"891,611253613848","791,080017",3,1,2024-07-01
2024-07-01 19:00:00,"891,5643525933077","939,719971",3,1,2024-07-01
2024-07-01 20:00:00,"891,4811442439648","782,580017",3,1,2024-07-01
2024-07-01 21:00:00,"891,5781213367026","653,700012",3,1,2024-07-01
2024-07-01 22:00:00,"891,7507766955017","593,919983",3,1,2024-07-01
2024-07-01 23:00:00,"891,791233470646","462,350006",3,1,2024-07-01
2024-07-02 00:00:00,"891,6444330428774","375,829987",3,1,2024-07-02
2024-07-02 01:00:00,"891,6696338139822","402,829987",3,1,2024-07-02
2024-07-02 02:00:00,"891,6441109428321","343,98999",3,1,2024-07-02
2024-07-02 03:00:00,"891,6300030268684","379,040009",3,1,2024-07-02
2024-07-02 04:00:00,"891,4142711201829","518,070007",3,1,2024-07-02
2024-07-02 05:00:00,"891,1515153309746","496,140015",3,1,2024-07-02
2024-07-02 06:00:00,"891,0916279154216","611,299988",3,1,2024-07-02
2024-07-02 07:00:00,"891,0174304195134","498,970001",3,1,2024-07-02
2024-07-02 08:00:00,"891,1932247322989","293,119995",3,1,2024-07-02
2024-07-02 09:00:00,"891,4288440844058","265,369995",3,1,2024-07-02
2024-07-02 10:00:00,"891,5573753971678","263,51001",3,1,2024-07-02
2024-07-02 11:00:00,"891,7469236376052","257,98999",3,1,2024-07-02
2024-07-02 12:00:00,"891,7884039182029","252,990005",3,1,2024-07-02
2024-07-02 13:00:00,"891,7631375387774","243,070007",3,1,2024-07-02
2024-07-02 14:00:00,"891,5422029830905","249,410004",3,1,2024-07-02
2024-07-02 15:00:00,"891,4184479060331","262,170013",3,1,2024-07-02
2024-07-02 16:00:00,"891,3929309351565","261,720001",3,1,2024-07-02
2024-07-02 17:00:00,"891,4564508880964","267,160004",3,1,2024-07-02
2024-07-02 18:00:00,"891,4223188703039","311,98999",3,1,2024-07-02
2024-07-02 19:00:00,"891,3376955926637","436,920013",3,1,2024-07-02
2024-07-02 20:00:00,"891,3214523354849","345,779999",3,1,2024-07-02
2024-07-02 21:00:00,"891,3672778299318","301,100006",3,1,2024-07-02
2024-07-02 22:00:00,"891,6052109028602","277,459991",3,1,2024-07-02
2024-07-02 23:00:00,"891,6582571543443","268,809998",3,1,2024-07-02
2024-07-03 00:00:00,"891,5751983856228","267,23999",3,1,2024-07-03
2024-07-03 01:00:00,"891,6000197308792","270,380005",3,1,2024-07-03
2024-07-03 02:00:00,"891,5905467484026","288,649994",3,1,2024-07-03
2024-07-03 03:00:00,"891,7873213045957","439,309998",3,1,2024-07-03
2024-07-03 04:00:00,"892,0661386001806","647,929993",3,1,2024-07-03
2024-07-03 05:00:00,"891,7103938249238","729,599976",3,1,2024-07-03
2024-07-03 06:00:00,"891,5329930122517","771,669983",3,1,2024-07-03
2024-07-03 07:00:00,"891,6156102386951","416,709991",3,1,2024-07-03
2024-07-03 08:00:00,"891,9007742047355","323,029999",3,1,2024-07-03
2024-07-03 09:00:00,"891,8879908261781","298,119995",3,1,2024-07-03
2024-07-03 10:00:00,"891,9536709841946","291,859985",3,1,2024-07-03
2024-07-03 11:00:00,"891,9813486756282","296,179993",3,1,2024-07-03
2024-07-03 12:00:00,"891,9209813653035","306,100006",3,1,2024-07-03
2024-07-03 13:00:00,"891,8648423126837","317,220001",3,1,2024-07-03
2024-07-03 14:00:00,"891,731721169272","376,660004",3,1,2024-07-03
2024-07-03 15:00:00,"891,3007301203327","590,5",3,1,2024-07-03
2024-07-03 16:00:00,"891,2414857917529","697,830017",3,1,2024-07-03
2024-07-03 17:00:00,"891,6453869898378","831,27002",3,1,2024-07-03
2024-07-03 18:00:00,"892,0086618276284","1149,969971",3,1,2024-07-03
2024-07-03 19:00:00,"891,6245270166232","784,130005",3,1,2024-07-03
2024-07-03 20:00:00,"891,1606657705553","655,23999",3,1,2024-07-03
2024-07-03 21:00:00,"891,2229920135021","513,900024",3,1,2024-07-03
2024-07-03 22:00:00,"891,5220137616038","436,329987",3,1,2024-07-03
2024-07-03 23:00:00,"891,5691292568556","228,75",3,1,2024-07-03
2024-07-04 00:00:00,"891,4325126344437","154,240005",3,1,2024-07-04
2024-07-04 01:00:00,"891,4538790806143","130,149994",3,1,2024-07-04
2024-07-04 02:00:00,"891,4964165804626","70,779999",3,1,2024-07-04
2024-07-04 03:00:00,"891,4413421583365","74,730003",3,1,2024-07-04
2024-07-04 04:00:00,"891,2566321980905","197,429993",3,1,2024-07-04
2024-07-04 05:00:00,"891,0010180327346","223,759995",3,1,2024-07-04
2024-07-04 06:00:00,"890,966055795525","235,910004",3,1,2024-07-04
2024-07-04 07:00:00,"890,8771533226178","168,940002",3,1,2024-07-04
2024-07-04 08:00:00,"891,4141912078478","14,17",3,1,2024-07-04
2024-07-04 09:00:00,"891,9058144436904","0,0",3,1,2024-07-04
2024-07-04 10:00:00,"892,0094542421385","-0,3",3,1,2024-07-04
2024-07-04 11:00:00,"892,0259842616402","-37,52",3,1,2024-07-04
2024-07-04 12:00:00,"892,0011226023521","-142,380005",3,1,2024-07-04
2024-07-04 13:00:00,"891,9984371029622","-100,470001",3,1,2024-07-04
2024-07-04 14:00:00,"891,9682192544884","-39,599998",3,1,2024-07-04
2024-07-04 15:00:00,"891,8359087772195","-0,22",3,1,2024-07-04
2024-07-04 16:00:00,"891,6292686710133","50,490002",3,1,2024-07-04
2024-07-04 17:00:00,"891,2141097444714","216,300003",3,1,2024-07-04
2024-07-04 18:00:00,"891,3192033161346","336,160004",3,1,2024-07-04
2024-07-04 19:00:00,"891,1775595224957","289,320007",3,1,2024-07-04
2024-07-04 20:00:00,"891,14630535829","288,5",3,1,2024-07-04
2024-07-04 21:00:00,"891,2353879506787","284,170013",3,1,2024-07-04
2024-07-04 22:00:00,"891,5542679748789","51,610001",3,1,2024-07-04
2024-07-04 23:00:00,"891,6126097144698","36,02",3,1,2024-07-04
2024-07-05 00:00:00,"891,457573535476","29,83",3,1,2024-07-05
2024-07-05 01:00:00,"891,4617267814589","19,91",3,1,2024-07-05
2024-07-05 02:00:00,"891,47036441732","21,780001",3,1,2024-07-05
2024-07-05 03:00:00,"891,4096378838561","42,66",3,1,2024-07-05
2024-07-05 04:00:00,"891,2888195110297","149,100006",3,1,2024-07-05
2024-07-05 05:00:00,"891,1464123842536","216,970001",3,1,2024-07-05
2024-07-05 06:00:00,"891,4453057032034","234,720001",3,1,2024-07-05
2024-07-05 07:00:00,"891,654213550745","138,429993",3,1,2024-07-05
2024-07-05 08:00:00,"891,9378505835209","22,0",3,1,2024-07-05
2024-07-05 09:00:00,"891,9898471106602","3,06",3,1,2024-07-05
2024-07-05 10:00:00,"892,0087362363257","-0,3",3,1,2024-07-05
2024-07-05 11:00:00,"891,9038619400799","-4,1",3,1,2024-07-05
2024-07-05 12:00:00,"891,8527753180704","-5,74",3,1,2024-07-05
2024-07-05 13:00:00,"891,957317406073","-0,22",3,1,2024-07-05
2024-07-05 14:00:00,"891,916714088804","14,4",3,1,2024-07-05
2024-07-05 15:00:00,"891,7741483687051","125,379997",3,1,2024-07-05
2024-07-05 16:00:00,"891,5942811030792","186,839996",3,1,2024-07-05
2024-07-05 17:00:00,"891,3013044876628","273,730011",3,1,2024-07-05
2024-07-05 18:00:00,"891,3240505298849","282,01001",3,1,2024-07-05
2024-07-05 19:00:00,"891,2843051113471","447,959991",3,1,2024-07-05
2024-07-05 20:00:00,"891,2749073229305","618,02002",3,1,2024-07-05
2024-07-05 21:00:00,"891,3945174385835","633,609985",3,1,2024-07-05
2024-07-05 22:00:00,"891,6207984539798","637,890015",3,1,2024-07-05
2024-07-05 23:00:00,"891,7003107152315","492,73999",3,1,2024-07-05
2024-07-06 00:00:00,"891,6741503561108","473,799988",3,1,2024-07-06
2024-07-06 01:00:00,"891,7125118877341","346,540009",3,1,2024-07-06
2024-07-06 02:00:00,"891,7391089839537","288,070007",3,1,2024-07-06
2024-07-06 03:00:00,"891,6699992678365","117,029999",3,1,2024-07-06
2024-07-06 04:00:00,"891,4805236002218","42,740002",3,1,2024-07-06
2024-07-06 05:00:00,"891,3642757020918","40,049999",3,1,2024-07-06
2024-07-06 06:00:00,"891,1339373729688","25,360001",3,1,2024-07-06
2024-07-06 07:00:00,"891,030559706906","2,39",3,1,2024-07-06
2024-07-06 08:00:00,"891,0940037789292","-0,3",3,1,2024-07-06
2024-07-06 09:00:00,"891,1949241774694","-0,15",3,1,2024-07-06
2024-07-06 10:00:00,"891,5601124800264","-0,22",3,1,2024-07-06
2024-07-06 11:00:00,"891,8101072576146","-0,9",3,1,2024-07-06
2024-07-06 12:00:00,"891,5454589538127","-16,26",3,1,2024-07-06
2024-07-06 13:00:00,"891,4222809771513","-20,209999",3,1,2024-07-06
2024-07-06 14:00:00,"891,4886813813899","-4,48",3,1,2024-07-06
2024-07-06 15:00:00,"891,2143306747647","-0,45",3,1,2024-07-06
2024-07-06 16:00:00,"891,1076516750313","14,02",3,1,2024-07-06
2024-07-06 17:00:00,"891,3460296503126","1,64",3,1,2024-07-06
2024-07-06 18:00:00,"891,5807387775955","49,900002",3,1,2024-07-06
2024-07-06 19:00:00,"891,6980059981724","70,110001",3,1,2024-07-06
2024-07-06 20:00:00,"891,7847284159873","134,259995",3,1,2024-07-06
2024-07-06 21:00:00,"891,8531066183729","104,580002",3,1,2024-07-06
2024-07-06 22:00:00,"891,8921943364949","-0,22",3,1,2024-07-06
2024-07-06 23:00:00,"891,8961359771845","-0,75",3,1,2024-07-06
2024-07-07 00:00:00,"891,8304796414092","-5,97",3,1,2024-07-07
2024-07-07 01:00:00,"891,8052483028916","-3,58",3,1,2024-07-07
2024-07-07 02:00:00,"891,8052646197405","-0,45",3,1,2024-07-07
2024-07-07 03:00:00,"891,7643143998047","-0,07",3,1,2024-07-07
2024-07-07 04:00:00,"891,7404052483171","-0,07",3,1,2024-07-07
2024-07-07 05:00:00,"891,719693266447","-0,07",3,1,2024-07-07
2024-07-07 06:00:00,"891,7373667140687","-4,47",3,1,2024-07-07
2024-07-07 07:00:00,"891,812646137059","-48,400002",3,1,2024-07-07
2024-07-07 08:00:00,"891,8898656400343","-74,43",3,1,2024-07-07
2024-07-07 09:00:00,"891,94943886008","-89,800003",3,1,2024-07-07
2024-07-07 10:00:00,"892,02771023163","-100,610001",3,1,2024-07-07
2024-07-07 11:00:00,"892,0260239715265","-112,019997",3,1,2024-07-07
2024-07-07 12:00:00,"892,0179226980421","-156,470001",3,1,2024-07-07
2024-07-07 13:00:00,"891,9916690592892","-90,989998",3,1,2024-07-07
2024-07-07 14:00:00,"891,9272065297283","-45,939999",3,1,2024-07-07
2024-07-07 15:00:00,"891,7431567968719","-0,6",3,1,2024-07-07
2024-07-07 16:00:00,"891,5748676906195","477,23999",3,1,2024-07-07
2024-07-07 17:00:00,"891,3473642039284","673,23999",3,1,2024-07-07
2024-07-07 18:00:00,"891,3633653478162","890,48999",3,1,2024-07-07
2024-07-07 19:00:00,"891,3752823750056","947,549988",3,1,2024-07-07
2024-07-07 20:00:00,"891,5007251606482","859,169983",3,1,2024-07-07
2024-07-07 21:00:00,"891,6054137329388","724,400024",3,1,2024-07-07
2024-07-07 22:00:00,"891,7640588644912","608,72998",3,1,2024-07-07
2024-07-07 23:00:00,"891,7980948973249","571,659973",3,1,2024-07-07
2024-07-08 00:00:00,"891,8335012238035","552,48999",3,2,2024-07-08
2024-07-08 01:00:00,"891,8722607037464","579,640015",3,2,2024-07-08
2024-07-08 02:00:00,"891,8767766169941","568,900024",3,2,2024-07-08
2024-07-08 03:00:00,"891,8542364480145","592,469971",3,2,2024-07-08
2024-07-08 04:00:00,"891,7669584511171","820,390015",3,2,2024-07-08
2024-07-08 05:00:00,"891,6293836036343","924,580017",3,2,2024-07-08
2024-07-08 06:00:00,"891,4983966394137","750,580017",3,2,2024-07-08
2024-07-08 07:00:00,"891,7892356020413","578,820007",3,2,2024-07-08
2024-07-08 08:00:00,"891,9168943730327","402,209991",3,2,2024-07-08
2024-07-08 09:00:00,"892,0386662906652","286,609985",3,2,2024-07-08
2024-07-08 10:00:00,"892,0476676772613","237,089996",3,2,2024-07-08
2024-07-08 11:00:00,"892,0543819526875","219,639999",3,2,2024-07-08
2024-07-08 12:00:00,"892,053384937955","220,460007",3,2,2024-07-08
2024-07-08 13:00:00,"892,0422703655497","274,079987",3,2,2024-07-08
2024-07-08 14:00:00,"892,0373993400372","477,320007",3,2,2024-07-08
2024-07-08 15:00:00,"891,9601768549543","598,140015",3,2,2024-07-08
2024-07-08 16:00:00,"891,7740716209612","765,419983",3,2,2024-07-08
2024-07-08 17:00:00,"891,6262452588691","1006,840027",3,2,2024-07-08
2024-07-08 18:00:00,"891,6602036632405","1857,140015",3,2,2024-07-08
2024-07-08 19:00:00,"891,6475266181841","1295,390015",3,2,2024-07-08
2024-07-08 20:00:00,"891,6958531868277","847,609985",3,2,2024-07-08
2024-07-08 21:00:00,"891,7728862624865","686,289978",3,2,2024-07-08
2024-07-08 22:00:00,"891,8672345242137","787,049988",3,2,2024-07-08
2024-07-08 23:00:00,"891,8933150904398","715,73999",3,2,2024-07-08
2024-07-09 00:00:00,"891,7882272485637","694,26001",3,2,2024-07-09
2024-07-09 01:00:00,"891,7982640740395","679,789978",3,2,2024-07-09
2024-07-09 02:00:00,"891,8158103630961","653,840027",3,2,2024-07-09
2024-07-09 03:00:00,"891,7846458856912","722,22998",3,2,2024-07-09
2024-07-09 04:00:00,"891,670189480499","830,76001",3,2,2024-07-09
2024-07-09 05:00:00,"891,5513874829478","773,919983",3,2,2024-07-09
2024-07-09 06:00:00,"891,5960356259898","701,119995",3,2,2024-07-09
2024-07-09 07:00:00,"891,8510049086673","501,679993",3,2,2024-07-09
2024-07-09 08:00:00,"891,8736108398674","347,799988",3,2,2024-07-09
2024-07-09 09:00:00,"891,8784777851638","251,440002",3,2,2024-07-09
2024-07-09 10:00:00,"891,8626965929374","163,720001",3,2,2024-07-09
2024-07-09 11:00:00,"891,8543412622453","119,190002",3,2,2024-07-09
2024-07-09 12:00:00,"891,898752893656","32,369999",3,2,2024-07-09
2024-07-09 13:00:00,"891,9534868865592","82,639999",3,2,2024-07-09
2024-07-09 14:00:00,"891,8499588548468","400,76001",3,2,2024-07-09
2024-07-09 15:00:00,"891,5868430769298","609,309998",3,2,2024-07-09
2024-07-09 16:00:00,"891,1310706386951","740,429993",3,2,2024-07-09
2024-07-09 17:00:00,"891,3058132221433","822,47998",3,2,2024-07-09
2024-07-09 18:00:00,"891,2587204300776","841,349976",3,2,2024-07-09
2024-07-09 19:00:00,"891,2030439914579","748,26001",3,2,2024-07-09
2024-07-09 20:00:00,"891,3066011169045","338,779999",3,2,2024-07-09
2024-07-09 21:00:00,"891,44095152655","301,779999",3,2,2024-07-09
2024-07-09 22:00:00,"891,6312697018369","243,110001",3,2,2024-07-09
2024-07-09 23:00:00,"891,6611669089103","246,089996",3,2,2024-07-09
2024-07-10 00:00:00,"891,5651538812192","224,009995",3,2,2024-07-10
2024-07-10 01:00:00,"891,6305805543639","214,320007",3,2,2024-07-10
2024-07-10 02:00:00,"891,5774794100847","223,789993",3,2,2024-07-10
2024-07-10 03:00:00,"891,7695800548327","243,779999",3,2,2024-07-10
2024-07-10 04:00:00,"892,0643643599359","300,700012",3,2,2024-07-10
2024-07-10 05:00:00,"891,6640208686297","325,089996",3,2,2024-07-10
2024-07-10 06:00:00,"891,3720677951869","622,809998",3,2,2024-07-10
2024-07-10 07:00:00,"891,578918049186","586,109985",3,2,2024-07-10
2024-07-10 08:00:00,"891,6242731520855","484,880005",3,2,2024-07-10
2024-07-10 09:00:00,"891,6166494110762","416,029999",3,2,2024-07-10
2024-07-10 10:00:00,"891,6477849145426","351,570007",3,2,2024-07-10
2024-07-10 11:00:00,"891,8448907897982","304,059998",3,2,2024-07-10
2024-07-10 12:00:00,"892,0017396419079","392,149994",3,2,2024-07-10
2024-07-10 13:00:00,"891,9588531682472","394,690002",3,2,2024-07-10
2024-07-10 14:00:00,"891,9604151269476","441,089996",3,2,2024-07-10
2024-07-10 15:00:00,"891,8162257389707","597,820007",3,2,2024-07-10
2024-07-10 16:00:00,"891,4349215110557","595,059998",3,2,2024-07-10
2024-07-10 17:00:00,"891,6592089816244","743,880005",3,2,2024-07-10
2024-07-10 18:00:00,"892,017863422762","872,780029",3,2,2024-07-10
2024-07-10 19:00:00,"891,669880409658","1122,75",3,2,2024-07-10
2024-07-10 20:00:00,"891,418266097582","850,179993",3,2,2024-07-10
2024-07-10 21:00:00,"891,533461779717","693,150024",3,2,2024-07-10
2024-07-10 22:00:00,"891,6584916584017","716,380005",3,2,2024-07-10
2024-07-10 23:00:00,"891,7361738627701","596,48999",3,2,2024-07-10
2024-07-11 00:00:00,"891,6722743813334","574,919983",3,2,2024-07-11
2024-07-11 01:00:00,"891,6641190410725","593,869995",3,2,2024-07-11
2024-07-11 02:00:00,"891,6377430316542","599,169983",3,2,2024-07-11
2024-07-11 03:00:00,"891,6158712927521","611,630005",3,2,2024-07-11
2024-07-11 04:00:00,"891,4572902930428","801,72998",3,2,2024-07-11
2024-07-11 05:00:00,"891,4023701591244","895,289978",3,2,2024-07-11
2024-07-11 06:00:00,"891,5973912806081","794,789978",3,2,2024-07-11
2024-07-11 07:00:00,"891,9364742605794","664,830017",3,2,2024-07-11
2024-07-11 08:00:00,"891,9744148808469","602,01001",3,2,2024-07-11
2024-07-11 09:00:00,"892,0126823550373","496,880005",3,2,2024-07-11
2024-07-11 10:00:00,"892,0081073292987","428,540009",3,2,2024-07-11
2024-07-11 11:00:00,"891,9952254132471","355,880005",3,2,2024-07-11
2024-07-11 12:00:00,"892,0044198235928","331,850006",3,2,2024-07-11
2024-07-11 13:00:00,"892,0159519227573","373,779999",3,2,2024-07-11
2024-07-11 14:00:00,"891,9962778093769","454,959991",3,2,2024-07-11
2024-07-11 15:00:00,"891,8139661831237","611,109985",3,2,2024-07-11
2024-07-11 16:00:00,"891,5526880094638","683,25",3,2,2024-07-11
2024-07-11 17:00:00,"891,0474622312909","872,909973",3,2,2024-07-11
2024-07-11 18:00:00,"891,0903229085947","1375,23999",3,2,2024-07-11
2024-07-11 19:00:00,"891,1182143860813","1244,0",3,2,2024-07-11
2024-07-11 20:00:00,"891,3218792650948","907,150024",3,2,2024-07-11
2024-07-11 21:00:00,"891,4390195407892","732,049988",3,2,2024-07-11
2024-07-11 22:00:00,"891,6488242112453","764,130005",3,2,2024-07-11
2024-07-11 23:00:00,"891,7106248238704","651,400024",3,2,2024-07-11
2024-07-12 00:00:00,"891,5652856487053","609,619995",3,2,2024-07-12
2024-07-12 01:00:00,"891,5602170073479","596,710022",3,2,2024-07-12
2024-07-12 02:00:00,"891,6072253666974","570,0",3,2,2024-07-12
2024-07-12 03:00:00,"891,5340000435451","592,159973",3,2,2024-07-12
2024-07-12 04:00:00,"891,3695092340956","805,309998",3,2,2024-07-12
2024-07-12 05:00:00,"891,0422572712466","820,080017",3,2,2024-07-12
2024-07-12 06:00:00,"891,1533971229993","817,690002",3,2,2024-07-12
2024-07-12 07:00:00,"891,6907401331291","763,97998",3,2,2024-07-12
2024-07-12 08:00:00,"891,8408734984679","715,26001",3,2,2024-07-12
2024-07-12 09:00:00,"891,9902495270045","670,200012",3,2,2024-07-12
2024-07-12 10:00:00,"892,0228021215503","621,099976",3,2,2024-07-12
2024-07-12 11:00:00,"892,0167460134453","586,409973",3,2,2024-07-12
2024-07-12 12:00:00,"892,0338275322338","582,22998",3,2,2024-07-12
2024-07-12 13:00:00,"892,0235255944685","583,349976",3,2,2024-07-12
2024-07-12 14:00:00,"891,953920234644","624,159973",3,2,2024-07-12
2024-07-12 15:00:00,"891,7061003103008","589,400024",3,2,2024-07-12
2024-07-12 16:00:00,"891,1729706718506","671,840027",3,2,2024-07-12
2024-07-12 17:00:00,"891,0384868970987","720,849976",3,2,2024-07-12
2024-07-12 18:00:00,"891,1554589776061","683,400024",3,2,2024-07-12
2024-07-12 19:00:00,"891,2032584473009","705,859985",3,2,2024-07-12
2024-07-12 20:00:00,"891,3409564781867","639,090027",3,2,2024-07-12
2024-07-12 21:00:00,"891,4743518257931","522,330017",3,2,2024-07-12
2024-07-12 22:00:00,"891,6152378629404","251,740005",3,2,2024-07-12
2024-07-12 23:00:00,"891,7078805143045","242,940002",3,2,2024-07-12
2024-07-13 00:00:00,"891,636049494116","259,869995",3,2,2024-07-13
2024-07-13 01:00:00,"891,6949230400546","247,710007",3,2,2024-07-13
2024-07-13 02:00:00,"891,7126140793519","243,610001",3,2,2024-07-13
2024-07-13 03:00:00,"891,6569614368292","231,149994",3,2,2024-07-13
2024-07-13 04:00:00,"891,4633079882439","227,860001",3,2,2024-07-13
2024-07-13 05:00:00,"891,3780097742427","207,570007",3,2,2024-07-13
2024-07-13 06:00:00,"891,2221803828219","198,470001",3,2,2024-07-13
2024-07-13 07:00:00,"891,2925257104994","156,460007",3,2,2024-07-13
2024-07-13 08:00:00,"891,1558452720496","38,5",3,2,2024-07-13
2024-07-13 09:00:00,"891,3975084975788","0,3",3,2,2024-07-13
2024-07-13 10:00:00,"891,5604035968179","-0,07",3,2,2024-07-13
2024-07-13 11:00:00,"891,6512294731748","-6,49",3,2,2024-07-13
2024-07-13 12:00:00,"891,6692701636895","-6,04",3,2,2024-07-13
2024-07-13 13:00:00,"891,5902210596944","-0,45",3,2,2024-07-13
2024-07-13 14:00:00,"891,558756740661","10,52",3,2,2024-07-13
2024-07-13 15:00:00,"891,3560083913592","-0,07",3,2,2024-07-13
2024-07-13 16:00:00,"891,1299898491058","214,660004",3,2,2024-07-13
2024-07-13 17:00:00,"891,2537535622929","375,519989",3,2,2024-07-13
2024-07-13 18:00:00,"891,3461284821425","562,950012",3,2,2024-07-13
2024-07-13 19:00:00,"891,454661841055","568,98999",3,2,2024-07-13
2024-07-13 20:00:00,"891,6349584550277","588,23999",3,2,2024-07-13
2024-07-13 21:00:00,"891,7431519074488","470,049988",3,2,2024-07-13
2024-07-13 22:00:00,"891,828973218949","663,700012",3,2,2024-07-13
2024-07-13 23:00:00,"891,8735126690495","471,48999",3,2,2024-07-13
2024-07-14 00:00:00,"891,8601887016962","413,73999",3,2,2024-07-14
2024-07-14 01:00:00,"891,8605857316335","330,540009",3,2,2024-07-14
2024-07-14 02:00:00,"891,8491069707668","283,01001",3,2,2024-07-14
2024-07-14 03:00:00,"891,8173154046551","274,660004",3,2,2024-07-14
2024-07-14 04:00:00,"891,7824196524575","238,470001",3,2,2024-07-14
2024-07-14 05:00:00,"891,7309670522868","106,550003",3,2,2024-07-14
2024-07-14 06:00:00,"891,6823751633011","2,16",3,2,2024-07-14
2024-07-14 07:00:00,"891,7910118313208","-17,09",3,2,2024-07-14
2024-07-14 08:00:00,"891,8506636747328","-22,530001",3,2,2024-07-14
2024-07-14 09:00:00,"891,88302987382","-25,370001",3,2,2024-07-14
2024-07-14 10:00:00,"891,9966804923324","-31,49",3,2,2024-07-14
2024-07-14 11:00:00,"892,0174050555951","-38,5",3,2,2024-07-14
2024-07-14 12:00:00,"891,9980852509191","-47,830002",3,2,2024-07-14
2024-07-14 13:00:00,"891,877835683653","-39,990002",3,2,2024-07-14
2024-07-14 14:00:00,"891,8109454888229","-75,809998",3,2,2024-07-14
2024-07-14 15:00:00,"891,4274173970705","-0,37",3,2,2024-07-14
2024-07-14 16:00:00,"891,127659257954","347,26001",3,2,2024-07-14
2024-07-14 17:00:00,"891,2838166611439","654,820007",3,2,2024-07-14
2024-07-14 18:00:00,"891,4868056565791","841,650024",3,2,2024-07-14
2024-07-14 19:00:00,"891,534590098072","806,059998",3,2,2024-07-14
2024-07-14 20:00:00,"891,6338557797567","789,719971",3,2,2024-07-14
2024-07-14 21:00:00,"891,7061042470223","649,590027",3,2,2024-07-14
2024-07-14 22:00:00,"891,8061284009259","592,070007",3,2,2024-07-14
2024-07-14 23:00:00,"891,8289790949822","494,25",3,2,2024-07-14
2024-07-15 00:00:00,"891,8634508011867","434,029999",3,3,2024-07-15
2024-07-15 01:00:00,"891,8556933868258","361,059998",3,3,2024-07-15
2024-07-15 02:00:00,"891,86686708743","388,73999",3,3,2024-07-15
2024-07-15 03:00:00,"891,8757945379064","482,160004",3,3,2024-07-15
2024-07-15 04:00:00,"891,7899251822798","482,609985",3,3,2024-07-15
2024-07-15 05:00:00,"891,6039126713894","482,380005",3,3,2024-07-15
2024-07-15 06:00:00,"891,4599677638728","482,079987",3,3,2024-07-15
2024-07-15 07:00:00,"891,4615448358694","299,200012",3,3,2024-07-15
2024-07-15 08:00:00,"891,653991618711","265,029999",3,3,2024-07-15
2024-07-15 09:00:00,"891,733727249254","84,239998",3,3,2024-07-15
2024-07-15 10:00:00,"891,8379016419398","0,52",3,3,2024-07-15
2024-07-15 11:00:00,"891,903727881345","-0,07",3,3,2024-07-15
2024-07-15 12:00:00,"891,8987385304198","-0,52",3,3,2024-07-15
2024-07-15 13:00:00,"891,8428081248497","26,41",3,3,2024-07-15
2024-07-15 14:00:00,"891,8180669646157","330,470001",3,3,2024-07-15
2024-07-15 15:00:00,"891,6645182200741","611,840027",3,3,2024-07-15
2024-07-15 16:00:00,"891,4406046443412","853,219971",3,3,2024-07-15
2024-07-15 17:00:00,"891,4204076677906","1389,619995",3,3,2024-07-15
2024-07-15 18:00:00,"891,5420141968185","1598,540039",3,3,2024-07-15
2024-07-15 19:00:00,"891,6070149806118","1050,27002",3,3,2024-07-15
2024-07-15 20:00:00,"891,6783094380232","690,030029",3,3,2024-07-15
2024-07-15 21:00:00,"891,7276572804228","597,659973",3,3,2024-07-15
2024-07-15 22:00:00,"891,8500733615659","571,47998",3,3,2024-07-15
2024-07-15 23:00:00,"891,8974268870403","475,829987",3,3,2024-07-15
2024-07-16 00:00:00,"891,7802899535063","391,660004",3,3,2024-07-16
2024-07-16 01:00:00,"891,7964235378548","274,73999",3,3,2024-07-16
2024-07-16 02:00:00,"891,8108045810286","284,730011",3,3,2024-07-16
2024-07-16 03:00:00,"891,774827076412","375,470001",3,3,2024-07-16
2024-07-16 04:00:00,"891,5496762534723","531,859985",3,3,2024-07-16
2024-07-16 05:00:00,"891,1640234459318","593,049988",3,3,2024-07-16
2024-07-16 06:00:00,"891,0683188518327","568,349976",3,3,2024-07-16
2024-07-16 07:00:00,"891,1181305161322","468,359985",3,3,2024-07-16
2024-07-16 08:00:00,"891,1077340397347","160,350006",3,3,2024-07-16
2024-07-16 09:00:00,"891,0835261960888","10,67",3,3,2024-07-16
2024-07-16 10:00:00,"891,1865387500624","15,15",3,3,2024-07-16
2024-07-16 11:00:00,"891,3205925943009","98,489998",3,3,2024-07-16
2024-07-16 12:00:00,"891,4755928061535","30,290001",3,3,2024-07-16
2024-07-16 13:00:00,"891,5990402274477","10,97",3,3,2024-07-16
2024-07-16 14:00:00,"891,570180401854","-0,07",3,3,2024-07-16
2024-07-16 15:00:00,"891,4483749814292","165,050003",3,3,2024-07-16
2024-07-16 16:00:00,"891,2959233669366","470,230011",3,3,2024-07-16
2024-07-16 17:00:00,"891,2866475864383","611,780029",3,3,2024-07-16
2024-07-16 18:00:00,"891,2725450254661","907,330017",3,3,2024-07-16
2024-07-16 19:00:00,"891,3041538613877","852,710022",3,3,2024-07-16
2024-07-16 20:00:00,"891,509254482698","789,51001",3,3,2024-07-16
2024-07-16 21:00:00,"891,6117965266722","629,090027",3,3,2024-07-16
2024-07-16 22:00:00,"891,7321032906593","652,109985",3,3,2024-07-16
2024-07-16 23:00:00,"891,781075944734","544,52002",3,3,2024-07-16
2024-07-17 00:00:00,"891,6385951167316","543,330017",3,3,2024-07-17
2024-07-17 01:00:00,"891,666709771206","526,23999",3,3,2024-07-17
2024-07-17 02:00:00,"891,6760620195519","530,119995",3,3,2024-07-17
2024-07-17 03:00:00,"891,8317599598685","577,799988",3,3,2024-07-17
2024-07-17 04:00:00,"892,0635424514111","671,880005",3,3,2024-07-17
2024-07-17 05:00:00,"891,6444277168745","744,330017",3,3,2024-07-17
2024-07-17 06:00:00,"891,4725896897321","788,650024",3,3,2024-07-17
2024-07-17 07:00:00,"891,6428868403435","575,559998",3,3,2024-07-17
2024-07-17 08:00:00,"891,604728988343","434,170013",3,3,2024-07-17
2024-07-17 09:00:00,"891,7604689878613","311,51001",3,3,2024-07-17
2024-07-17 10:00:00,"891,7366665605751","243,160004",3,3,2024-07-17
2024-07-17 11:00:00,"891,806559978967","163,029999",3,3,2024-07-17
2024-07-17 12:00:00,"891,8553363484006","80,580002",3,3,2024-07-17
2024-07-17 13:00:00,"891,8670775741487","100,5",3,3,2024-07-17
2024-07-17 14:00:00,"891,7678456167102","290,089996",3,3,2024-07-17
2024-07-17 15:00:00,"891,5176379210181","460,209991",3,3,2024-07-17
2024-07-17 16:00:00,"891,2515902882241","618,76001",3,3,2024-07-17
2024-07-17 17:00:00,"891,5848189781058","797,530029",3,3,2024-07-17
2024-07-17 18:00:00,"892,0123303386252","984,280029",3,3,2024-07-17
2024-07-17 19:00:00,"891,6671237978882","1044,790039",3,3,2024-07-17
2024-07-17 20:00:00,"891,3644621783804","857,369995",3,3,2024-07-17
2024-07-17 21:00:00,"891,3957019335539","687,700012",3,3,2024-07-17
2024-07-17 22:00:00,"891,5009673649254","506,570007",3,3,2024-07-17
2024-07-17 23:00:00,"891,5915302807932","544,679993",3,3,2024-07-17
2024-07-18 00:00:00,"891,5351687143163","493,589996",3,3,2024-07-18
2024-07-18 01:00:00,"891,5433374090022","491,200012",3,3,2024-07-18
2024-07-18 02:00:00,"891,5705585444643","466,880005",3,3,2024-07-18
2024-07-18 03:00:00,"891,562451607277","298,369995",3,3,2024-07-18
2024-07-18 04:00:00,"891,3672404515437","650,309998",3,3,2024-07-18
2024-07-18 05:00:00,"891,1596034224756","704,909973",3,3,2024-07-18
2024-07-18 06:00:00,"891,2722805260438","506,269989",3,3,2024-07-18
2024-07-18 07:00:00,"891,3848335448648","351,339996",3,3,2024-07-18
2024-07-18 08:00:00,"891,5727215881404","270,779999",3,3,2024-07-18
2024-07-18 09:00:00,"891,803043575322","253,470001",3,3,2024-07-18
2024-07-18 10:00:00,"891,9184896095126","253,25",3,3,2024-07-18
2024-07-18 11:00:00,"891,9838736693018","252,800003",3,3,2024-07-18
2024-07-18 12:00:00,"892,0056759677298","254,360001",3,3,2024-07-18
2024-07-18 13:00:00,"891,9976688346924","260,929993",3,3,2024-07-18
2024-07-18 14:00:00,"891,9893279621681","197,080002",3,3,2024-07-18
2024-07-18 15:00:00,"891,8772635603327","637,630005",3,3,2024-07-18
2024-07-18 16:00:00,"891,5964543002103","686,26001",3,3,2024-07-18
2024-07-18 17:00:00,"891,1784978173421","952,26001",3,3,2024-07-18
2024-07-18 18:00:00,"891,0990441702216","1382,819946",3,3,2024-07-18
2024-07-18 19:00:00,"891,2437541371906","1318,290039",3,3,2024-07-18
2024-07-18 20:00:00,"891,3672971267879","891,690002",3,3,2024-07-18
2024-07-18 21:00:00,"891,4710715127727","760,26001",3,3,2024-07-18
2024-07-18 22:00:00,"891,6354934989503","672,26001",3,3,2024-07-18
2024-07-18 23:00:00,"891,7074802858101","600,200012",3,3,2024-07-18
2024-07-19 00:00:00,"891,5603470874601","596,169983",3,3,2024-07-19
2024-07-19 01:00:00,"891,6404000108726","583,47998",3,3,2024-07-19
2024-07-19 02:00:00,"891,6615965086942","606,390015",3,3,2024-07-19
2024-07-19 03:00:00,"891,5987062680666","667,039978",3,3,2024-07-19
2024-07-19 04:00:00,"891,4019960110746","827,289978",3,3,2024-07-19
2024-07-19 05:00:00,"891,2708156455486","810,72998",3,3,2024-07-19
2024-07-19 06:00:00,"891,6973075014872","734,109985",3,3,2024-07-19
2024-07-19 07:00:00,"891,9363130485303","607,51001",3,3,2024-07-19
2024-07-19 08:00:00,"892,0196871597367","522,22998",3,3,2024-07-19
2024-07-19 09:00:00,"892,0473833755087","438,299988",3,3,2024-07-19
2024-07-19 10:00:00,"892,0594140138126","330,799988",3,3,2024-07-19
2024-07-19 11:00:00,"892,0638869305235","272,309998",3,3,2024-07-19
2024-07-19 12:00:00,"892,0645885550788","270,070007",3,3,2024-07-19
2024-07-19 13:00:00,"892,0596270463993","317,369995",3,3,2024-07-19
2024-07-19 14:00:00,"892,0441281101441","475,899994",3,3,2024-07-19
2024-07-19 15:00:00,"891,9951216327366","576,98999",3,3,2024-07-19
2024-07-19 16:00:00,"891,7936437644038","683,460022",3,3,2024-07-19
2024-07-19 17:00:00,"891,5324468437747","888,099976",3,3,2024-07-19
2024-07-19 18:00:00,"891,423966421349","1358,410034",3,3,2024-07-19
2024-07-19 19:00:00,"891,494295255001","895,26001",3,3,2024-07-19
2024-07-19 20:00:00,"891,6311823022376","797,22998",3,3,2024-07-19
2024-07-19 21:00:00,"891,7079560114236","683,01001",3,3,2024-07-19
2024-07-19 22:00:00,"891,7607287899554","706,789978",3,3,2024-07-19
2024-07-19 23:00:00,"891,8268415145765","667,099976",3,3,2024-07-19
2024-07-20 00:00:00,"891,7713151775017","658,440002",3,3,2024-07-20
2024-07-20 01:00:00,"891,8086022275148","670,599976",3,3,2024-07-20
2024-07-20 02:00:00,"891,816996220487","703,130005",3,3,2024-07-20
2024-07-20 03:00:00,"891,8149394982277","699,849976",3,3,2024-07-20
2024-07-20 04:00:00,"891,7153172134117","665,159973",3,3,2024-07-20
2024-07-20 05:00:00,"891,7138041760271","641,580017",3,3,2024-07-20
2024-07-20 06:00:00,"891,9086432520431","508,850006",3,3,2024-07-20
2024-07-20 07:00:00,"892,0069430569457","371,559998",3,3,2024-07-20
2024-07-20 08:00:00,"892,0420095557973","38,419998",3,3,2024-07-20
2024-07-20 09:00:00,"892,0623777173893","0,0",3,3,2024-07-20
2024-07-20 10:00:00,"892,0675579332753","-1,57",3,3,2024-07-20
2024-07-20 11:00:00,"892,0704045961423","0,15",3,3,2024-07-20
2024-07-20 12:00:00,"892,0701194936698","-1,87",3,3,2024-07-20
2024-07-20 13:00:00,"892,0666481239214","-20,219999",3,3,2024-07-20
2024-07-20 14:00:00,"892,0545382264864","18,059999",3,3,2024-07-20
2024-07-20 15:00:00,"891,9974479227809","390,140015",3,3,2024-07-20
2024-07-20 16:00:00,"891,7986379519183","634,190002",3,3,2024-07-20
2024-07-20 17:00:00,"891,5499653318125","817,440002",3,3,2024-07-20
2024-07-20 18:00:00,"891,5199529939806","1005,380005",3,3,2024-07-20
2024-07-20 19:00:00,"891,5519721571745","811,840027",3,3,2024-07-20
2024-07-20 20:00:00,"891,7166661643212","627,47998",3,3,2024-07-20
2024-07-20 21:00:00,"891,7538208778735","555,929993",3,3,2024-07-20
2024-07-20 22:00:00,"891,8297001540303","474,790009",3,3,2024-07-20
2024-07-20 23:00:00,"891,8762368902748","420,089996",3,3,2024-07-20
2024-07-21 00:00:00,"891,8717787976358","411,880005",3,3,2024-07-21
2024-07-21 01:00:00,"891,8679519048953","450,540009",3,3,2024-07-21
2024-07-21 02:00:00,"891,8606528721918","496,570007",3,3,2024-07-21
2024-07-21 03:00:00,"891,8692034213459","561,419983",3,3,2024-07-21
2024-07-21 04:00:00,"891,8298294347715","480,529999",3,3,2024-07-21
2024-07-21 05:00:00,"891,7931526706756","421,809998",3,3,2024-07-21
2024-07-21 06:00:00,"891,9366357565688","363,230011",3,3,2024-07-21
2024-07-21 07:00:00,"892,0000272533073","78,870003",3,3,2024-07-21
2024-07-21 08:00:00,"892,0376131616465","0,52",3,3,2024-07-21
2024-07-21 09:00:00,"892,0531109184666","0,22",3,3,2024-07-21
2024-07-21 10:00:00,"892,0563237201103","0,15",3,3,2024-07-21
2024-07-21 11:00:00,"892,0580174537556","-0,45",3,3,2024-07-21
2024-07-21 12:00:00,"892,0620178933924","-1,34",3,3,2024-07-21
2024-07-21 13:00:00,"892,0508023584331","0,3",3,3,2024-07-21
2024-07-21 14:00:00,"891,9753887059159","0,82",3,3,2024-07-21
2024-07-21 15:00:00,"891,7839210856729","446,279999",3,3,2024-07-21
2024-07-21 16:00:00,"891,5239112775464","600,289978",3,3,2024-07-21
2024-07-21 17:00:00,"891,5459945234098","807,880005",3,3,2024-07-21
2024-07-21 18:00:00,"891,6546517597618","841,150024",3,3,2024-07-21
2024-07-21 19:00:00,"891,7121017566872","919,950012",3,3,2024-07-21
2024-07-21 20:00:00,"891,8179030193859","814,590027",3,3,2024-07-21
2024-07-21 21:00:00,"891,8687960555915","672,73999",3,3,2024-07-21
2024-07-21 22:00:00,"891,9017910497605","901,669983",3,3,2024-07-21
2024-07-21 23:00:00,"891,9159083157517","721,02002",3,3,2024-07-21
2024-07-22 00:00:00,"891,9378592828645","648,27002",3,4,2024-07-22
2024-07-22 01:00:00,"891,9207742341815","648,640015",3,4,2024-07-22
2024-07-22 02:00:00,"891,8988959452727","610,659973",3,4,2024-07-22
2024-07-22 03:00:00,"891,904201859215","591,859985",3,4,2024-07-22
2024-07-22 04:00:00,"891,8625112601349","811,159973",3,4,2024-07-22
2024-07-22 05:00:00,"891,8265808168093","896,070007",3,4,2024-07-22
2024-07-22 06:00:00,"891,7128246949139","852,719971",3,4,2024-07-22
2024-07-22 07:00:00,"891,5299245934588","703,929993",3,4,2024-07-22
2024-07-22 08:00:00,"891,6241941959865","473,290009",3,4,2024-07-22
2024-07-22 09:00:00,"891,6406972728149","291,600006",3,4,2024-07-22
2024-07-22 10:00:00,"891,8757188645881","191,089996",3,4,2024-07-22
2024-07-22 11:00:00,"892,0270752591446","174,300003",3,4,2024-07-22
2024-07-22 12:00:00,"892,0486224977121","144,830002",3,4,2024-07-22
2024-07-22 13:00:00,"892,0447505494508","152,070007",3,4,2024-07-22
2024-07-22 14:00:00,"892,0223467422613","170,279999",3,4,2024-07-22
2024-07-22 15:00:00,"892,0505919227045","463,820007",3,4,2024-07-22
2024-07-22 16:00:00,"892,066749383226","603,719971",3,4,2024-07-22
2024-07-22 17:00:00,"891,6086639436045","739,0",3,4,2024-07-22
2024-07-22 18:00:00,"891,6596391233711","1043,660034",3,4,2024-07-22
2024-07-22 19:00:00,"891,6767713574784","1046,569946",3,4,2024-07-22
2024-07-22 20:00:00,"891,6823392172158","828,539978",3,4,2024-07-22
2024-07-22 21:00:00,"891,760405768856","712,73999",3,4,2024-07-22
2024-07-22 22:00:00,"891,8759865430808","618,22998",3,4,2024-07-22
2024-07-22 23:00:00,"891,8897324291173","559,349976",3,4,2024-07-22
2024-07-23 00:00:00,"891,8424820129112","547,630005",3,4,2024-07-23
2024-07-23 01:00:00,"891,8697546644671","508,380005",3,4,2024-07-23
2024-07-23 02:00:00,"891,8657245110088","526,52002",3,4,2024-07-23
2024-07-23 03:00:00,"891,8481632155607","549,799988",3,4,2024-07-23
2024-07-23 04:00:00,"891,7279447021457","745,450012",3,4,2024-07-23
2024-07-23 05:00:00,"891,5514592448932","865,590027",3,4,2024-07-23
2024-07-23 06:00:00,"891,4682074706274","824,179993",3,4,2024-07-23
2024-07-23 07:00:00,"891,5399100091524","651,359985",3,4,2024-07-23
2024-07-23 08:00:00,"891,7359101799385","513,909973",3,4,2024-07-23
2024-07-23 09:00:00,"891,8453346273651","457,940002",3,4,2024-07-23
2024-07-23 10:00:00,"891,8401524022491","324,0",3,4,2024-07-23
2024-07-23 11:00:00,"891,8227269266299","285,720001",3,4,2024-07-23
2024-07-23 12:00:00,"891,6940422839104","268,709991",3,4,2024-07-23
2024-07-23 13:00:00,"891,9008502731118","313,100006",3,4,2024-07-23
2024-07-23 14:00:00,"891,8442770021022","483,980011",3,4,2024-07-23
2024-07-23 15:00:00,"891,9879761803903","593,450012",3,4,2024-07-23
2024-07-23 16:00:00,"892,0598291101722","596,359985",3,4,2024-07-23
2024-07-23 17:00:00,"891,475564876097","716,570007",3,4,2024-07-23
2024-07-23 18:00:00,"891,4344771665898","872,530029",3,4,2024-07-23
2024-07-23 19:00:00,"891,3970466508115","761,200012",3,4,2024-07-23
2024-07-23 20:00:00,"891,4959448230812","740,450012",3,4,2024-07-23
2024-07-23 21:00:00,"891,6253157343866","683,369995",3,4,2024-07-23
2024-07-23 22:00:00,"891,7359022043008","623,359985",3,4,2024-07-23
2024-07-23 23:00:00,"891,7457373164511","584,419983",3,4,2024-07-23
2024-07-24 00:00:00,"891,7025457197769","541,369995",3,4,2024-07-24
2024-07-24 01:00:00,"891,7026557391829","549,130005",3,4,2024-07-24
2024-07-24 02:00:00,"891,6771580022505","423,630005",3,4,2024-07-24
2024-07-24 03:00:00,"891,661776631695","299,179993",3,4,2024-07-24
2024-07-24 04:00:00,"891,4975021874825","323,429993",3,4,2024-07-24
2024-07-24 05:00:00,"891,3952267541457","336,190002",3,4,2024-07-24
2024-07-24 06:00:00,"891,6704655270755","429,079987",3,4,2024-07-24
2024-07-24 07:00:00,"891,8725549616166","270,23999",3,4,2024-07-24
2024-07-24 08:00:00,"892,0082554754115","186,520004",3,4,2024-07-24
2024-07-24 09:00:00,"892,0318943390217","158,100006",3,4,2024-07-24
2024-07-24 10:00:00,"892,0372143676112","11,79",3,4,2024-07-24
2024-07-24 11:00:00,"892,0384846241011","-1,12",3,4,2024-07-24
2024-07-24 12:00:00,"892,0261937664877","-15,37",3,4,2024-07-24
2024-07-24 13:00:00,"892,026859816402","-14,62",3,4,2024-07-24
2024-07-24 14:00:00,"891,9471962842084","16,49",3,4,2024-07-24
2024-07-24 15:00:00,"892,0157281575524","292,98999",3,4,2024-07-24
2024-07-24 16:00:00,"892,0607547554581","387,149994",3,4,2024-07-24
2024-07-24 17:00:00,"891,1101365075325","668,5",3,4,2024-07-24
2024-07-24 18:00:00,"891,2030450760328","809,659973",3,4,2024-07-24
2024-07-24 19:00:00,"891,3052919934332","881,210022",3,4,2024-07-24
2024-07-24 20:00:00,"891,4847161528623","813,320007",3,4,2024-07-24
2024-07-24 21:00:00,"891,5822136347175","631,570007",3,4,2024-07-24
2024-07-24 22:00:00,"891,6569596250424","624,570007",3,4,2024-07-24
2024-07-24 23:00:00,"891,6701286174236","578,299988",3,4,2024-07-24
2024-07-25 00:00:00,"891,6980284434876","567,859985",3,4,2024-07-25
2024-07-25 01:00:00,"891,7164802478094","596,359985",3,4,2024-07-25
2024-07-25 02:00:00,"891,7313903932425","570,090027",3,4,2024-07-25
2024-07-25 03:00:00,"891,7358625296243","690,460022",3,4,2024-07-25
2024-07-25 04:00:00,"891,6276203819106","792,159973",3,4,2024-07-25
2024-07-25 05:00:00,"891,5436643896315","813,580017",3,4,2024-07-25
2024-07-25 06:00:00,"891,6529312037428","678,890015",3,4,2024-07-25
2024-07-25 07:00:00,"891,9182331462622","537,109985",3,4,2024-07-25
2024-07-25 08:00:00,"892,0230776858643","411,0",3,4,2024-07-25
2024-07-25 09:00:00,"892,0355642093125","275,720001",3,4,2024-07-25
2024-07-25 10:00:00,"892,0065933282226","181,399994",3,4,2024-07-25
2024-07-25 11:00:00,"892,0325171170708","129,539993",3,4,2024-07-25
2024-07-25 12:00:00,"891,9755560682163","99,019997",3,4,2024-07-25
2024-07-25 13:00:00,"891,9153422130837","195,5",3,4,2024-07-25
2024-07-25 14:00:00,"891,7243165764374","401,450012",3,4,2024-07-25
2024-07-25 15:00:00,"891,9456532180614","596,960022",3,4,2024-07-25
2024-07-25 16:00:00,"892,0483292450685","723,809998",3,4,2024-07-25
2024-07-25 17:00:00,"891,1486190943479","894,690002",3,4,2024-07-25
2024-07-25 18:00:00,"891,310089986661","1106,609985",3,4,2024-07-25
2024-07-25 19:00:00,"891,4202962706331","969,830017",3,4,2024-07-25
2024-07-25 20:00:00,"891,4720651747851","746,200012",3,4,2024-07-25
2024-07-25 21:00:00,"891,6204749815752","633,890015",3,4,2024-07-25
2024-07-25 22:00:00,"891,6753958710132","604,460022",3,4,2024-07-25
2024-07-25 23:00:00,"891,6837460140952","548,48999",3,4,2024-07-25
2024-07-26 00:00:00,"891,683134452552","559,76001",3,4,2024-07-26
2024-07-26 01:00:00,"891,7532500321682","576,849976",3,4,2024-07-26
2024-07-26 02:00:00,"891,7549526132276","573,859985",3,4,2024-07-26
2024-07-26 03:00:00,"891,7203406803917","596,919983",3,4,2024-07-26
2024-07-26 04:00:00,"891,5673081794621","608,109985",3,4,2024-07-26
2024-07-26 05:00:00,"891,2730888284124","795,940002",3,4,2024-07-26
2024-07-26 06:00:00,"891,0564181896546","776,840027",3,4,2024-07-26
2024-07-26 07:00:00,"891,0006403560028","722,590027",3,4,2024-07-26
2024-07-26 08:00:00,"891,2307359623459","675,570007",3,4,2024-07-26
2024-07-26 09:00:00,"891,1482101842312","607,070007",3,4,2024-07-26
2024-07-26 10:00:00,"891,1731899793443","522,369995",3,4,2024-07-26
2024-07-26 11:00:00,"891,3751461568248","471,029999",3,4,2024-07-26
2024-07-26 12:00:00,"891,3655214145496","449,160004",3,4,2024-07-26
2024-07-26 13:00:00,"891,554277669704","508,48999",3,4,2024-07-26
2024-07-26 14:00:00,"891,4654699611342","543,559998",3,4,2024-07-26
2024-07-26 15:00:00,"891,9764533895259","660,580017",3,4,2024-07-26
2024-07-26 16:00:00,"892,0570496767367","704,01001",3,4,2024-07-26
2024-07-26 17:00:00,"891,3320737307408","804,380005",3,4,2024-07-26
2024-07-26 18:00:00,"891,3235715178364","1068,98999",3,4,2024-07-26
2024-07-26 19:00:00,"891,4168475412049","1037,280029",3,4,2024-07-26
2024-07-26 20:00:00,"891,5906969082495","793,929993",3,4,2024-07-26
2024-07-26 21:00:00,"891,7161052741257","730,650024",3,4,2024-07-26
2024-07-26 22:00:00,"891,7700936521721","775,22998",3,4,2024-07-26
2024-07-26 23:00:00,"891,7944531341727","768,890015",3,4,2024-07-26
2024-07-27 00:00:00,"891,8111576032923","723,070007",3,4,2024-07-27
2024-07-27 01:00:00,"891,8380455245174","710,080017",3,4,2024-07-27
2024-07-27 02:00:00,"891,8472127145072","690,01001",3,4,2024-07-27
2024-07-27 03:00:00,"891,8716972194378","673,070007",3,4,2024-07-27
2024-07-27 04:00:00,"891,8274268087014","649,929993",3,4,2024-07-27
2024-07-27 05:00:00,"891,7947156616625","615,01001",3,4,2024-07-27
2024-07-27 06:00:00,"891,8691453679057","632,02002",3,4,2024-07-27
2024-07-27 07:00:00,"891,9244170057989","505,0",3,4,2024-07-27
2024-07-27 08:00:00,"891,9969792484418","453,589996",3,4,2024-07-27
2024-07-27 09:00:00,"892,029750492311","297,76001",3,4,2024-07-27
2024-07-27 10:00:00,"892,0492112849674","208,960007",3,4,2024-07-27
2024-07-27 11:00:00,"892,0545481260585","132,839996",3,4,2024-07-27
2024-07-27 12:00:00,"892,0550741322844","133,729996",3,4,2024-07-27
2024-07-27 13:00:00,"892,0554164124424","261,350006",3,4,2024-07-27
2024-07-27 14:00:00,"892,0222649969978","505,380005",3,4,2024-07-27
2024-07-27 15:00:00,"892,044765635602","649,710022",3,4,2024-07-27
2024-07-27 16:00:00,"892,0644224162571","783,369995",3,4,2024-07-27
2024-07-27 17:00:00,"891,5582730632514","863,140015",3,4,2024-07-27
2024-07-27 18:00:00,"891,5803577543086","908,669983",3,4,2024-07-27
2024-07-27 19:00:00,"891,6532876400863","909,109985",3,4,2024-07-27
2024-07-27 20:00:00,"891,7795851428858","806,719971",3,4,2024-07-27
2024-07-27 21:00:00,"891,8597711389923","730,900024",3,4,2024-07-27
2024-07-27 22:00:00,"891,9182161892473","820,820007",3,4,2024-07-27
2024-07-27 23:00:00,"891,9450603478567","709,780029",3,4,2024-07-27
2024-07-28 00:00:00,"891,9657147127583","658,280029",3,4,2024-07-28
2024-07-28 01:00:00,"891,9547661425802","608,429993",3,4,2024-07-28
2024-07-28 02:00:00,"891,9557306092505","586,119995",3,4,2024-07-28
2024-07-28 03:00:00,"891,973861871706","591,48999",3,4,2024-07-28
2024-07-28 04:00:00,"891,9422979180731","563,659973",3,4,2024-07-28
2024-07-28 05:00:00,"891,8942904412478","541,869995",3,4,2024-07-28
2024-07-28 06:00:00,"891,9514726975603","190,220001",3,4,2024-07-28
2024-07-28 07:00:00,"891,989234373554","36,720001",3,4,2024-07-28
2024-07-28 08:00:00,"892,0428135584065","0,0",3,4,2024-07-28
2024-07-28 09:00:00,"892,0490475841137","-18,129999",3,4,2024-07-28
2024-07-28 10:00:00,"892,0525387071996","-112,239998",3,4,2024-07-28
2024-07-28 11:00:00,"892,059882350866","-222,389999",3,4,2024-07-28
2024-07-28 12:00:00,"892,0549228909523","-363,359985",3,4,2024-07-28
2024-07-28 13:00:00,"892,0557645404588","-250,220001",3,4,2024-07-28
2024-07-28 14:00:00,"892,0499617025142","-99,099998",3,4,2024-07-28
2024-07-28 15:00:00,"892,0591781559444","-14,85",3,4,2024-07-28
2024-07-28 16:00:00,"892,0694199805833","181,570007",3,4,2024-07-28
2024-07-28 17:00:00,"891,7670938210802","443,209991",3,4,2024-07-28
2024-07-28 18:00:00,"891,7573158920775","588,580017",3,4,2024-07-28
2024-07-28 19:00:00,"891,7378803208225","579,630005",3,4,2024-07-28
2024-07-28 20:00:00,"891,7663823641939","589,400024",3,4,2024-07-28
2024-07-28 21:00:00,"891,82337586139","566,200012",3,4,2024-07-28
2024-07-28 22:00:00,"891,9081306450192","513,659973",3,4,2024-07-28
2024-07-28 23:00:00,"891,912297354792","508,959991",3,4,2024-07-28
2024-09-30 00:00:00,"891,348289738861","62,630001",4,1,2024-09-30
2024-09-30 01:00:00,"891,5743755675961","41,23",4,1,2024-09-30
2024-09-30 02:00:00,"891,614377514636","41,830002",4,1,2024-09-30
2024-09-30 03:00:00,"891,5868325974807","126,599998",4,1,2024-09-30
2024-09-30 04:00:00,"891,3258553048455","314,869995",4,1,2024-09-30
2024-09-30 05:00:00,"890,9924457342424","597,22998",4,1,2024-09-30
2024-09-30 06:00:00,"890,7211948711234","597,22998",4,1,2024-09-30
2024-09-30 07:00:00,"890,4507158326987","447,359985",4,1,2024-09-30
2024-09-30 08:00:00,"890,796104030786","272,73999",4,1,2024-09-30
2024-09-30 09:00:00,"891,1907932962961","155,910004",4,1,2024-09-30
2024-09-30 10:00:00,"891,6496688189151","69,190002",4,1,2024-09-30
2024-09-30 11:00:00,"891,8590025115577","15,36",4,1,2024-09-30
2024-09-30 12:00:00,"891,6262118104131","56,889999",4,1,2024-09-30
2024-09-30 13:00:00,"891,3655232103764","163,740005",4,1,2024-09-30
2024-09-30 14:00:00,"891,0652877839773","180,360001",4,1,2024-09-30
2024-09-30 15:00:00,"890,5107683980987","243,960007",4,1,2024-09-30
2024-09-30 16:00:00,"890,1551520244935","268,339996",4,1,2024-09-30
2024-09-30 17:00:00,"890,4788603073956","273,119995",4,1,2024-09-30
2024-09-30 18:00:00,"890,5655306286753","270,660004",4,1,2024-09-30
2024-09-30 19:00:00,"890,3032481941975","163,509995",4,1,2024-09-30
2024-09-30 20:00:00,"890,4616886491167","149,199997",4,1,2024-09-30
2024-09-30 21:00:00,"890,8323808345247","73,370003",4,1,2024-09-30
2024-09-30 22:00:00,"890,6777681188107","23,93",4,1,2024-09-30
2024-09-30 23:00:00,"890,6758475782206","0,52",4,1,2024-09-30
2024-10-01 00:00:00,"891,3136813519742","0,37",4,1,2024-10-01
2024-10-01 01:00:00,"891,3593625821039","0,15",4,1,2024-10-01
2024-10-01 02:00:00,"891,4214016069144","0,67",4,1,2024-10-01
2024-10-01 03:00:00,"891,3446995896561","50,700001",4,1,2024-10-01
2024-10-01 04:00:00,"890,8444720228802","249,619995",4,1,2024-10-01
2024-10-01 05:00:00,"890,2618850008963","293,910004",4,1,2024-10-01
2024-10-01 06:00:00,"890,0987358425845","308,079987",4,1,2024-10-01
2024-10-01 07:00:00,"889,8209806734625","309,5",4,1,2024-10-01
2024-10-01 08:00:00,"890,5215507761043","288,170013",4,1,2024-10-01
2024-10-01 09:00:00,"890,8006715565388","260,880005",4,1,2024-10-01
2024-10-01 10:00:00,"890,9734795563647","260,660004",4,1,2024-10-01
2024-10-01 11:00:00,"891,0089915859655","260,880005",4,1,2024-10-01
2024-10-01 12:00:00,"890,8660341909841","260,660004",4,1,2024-10-01
2024-10-01 13:00:00,"890,4705035107826","296,079987",4,1,2024-10-01
2024-10-01 14:00:00,"890,0709924952023","324,779999",4,1,2024-10-01
2024-10-01 15:00:00,"889,805822744661","393,0",4,1,2024-10-01
2024-10-01 16:00:00,"889,5802890986885","405,600006",4,1,2024-10-01
2024-10-01 17:00:00,"889,6216610270844","421,410004",4,1,2024-10-01
2024-10-01 18:00:00,"889,5440331646141","366,829987",4,1,2024-10-01
2024-10-01 19:00:00,"889,7772449450401","345,429993",4,1,2024-10-01
2024-10-01 20:00:00,"890,008234955528","321,649994",4,1,2024-10-01
2024-10-01 21:00:00,"890,3901138604408","309,940002",4,1,2024-10-01
2024-10-01 22:00:00,"890,5146404658893","432,829987",4,1,2024-10-01
2024-10-01 23:00:00,"890,5435453613986","367,350006",4,1,2024-10-01
2024-10-02 00:00:00,"890,590916653874","373,540009",4,1,2024-10-02
2024-10-02 01:00:00,"890,7397969330918","365,339996",4,1,2024-10-02
2024-10-02 02:00:00,"890,8650949974435","362,730011",4,1,2024-10-02
2024-10-02 03:00:00,"890,715166716258","363,470001",4,1,2024-10-02
2024-10-02 04:00:00,"890,022508370029","596,440002",4,1,2024-10-02
2024-10-02 05:00:00,"889,4263399622344","692,869995",4,1,2024-10-02
2024-10-02 06:00:00,"889,1648112518665","913,830017",4,1,2024-10-02
2024-10-02 07:00:00,"889,7305021495542","701,219971",4,1,2024-10-02
2024-10-02 08:00:00,"890,92454407066","484,880005",4,1,2024-10-02
2024-10-02 09:00:00,"891,4025397041421","394,420013",4,1,2024-10-02
2024-10-02 10:00:00,"891,6735743262635","431,040009",4,1,2024-10-02
2024-10-02 11:00:00,"891,6365132441621","597,109985",4,1,2024-10-02
2024-10-02 12:00:00,"891,4900644482811","584,659973",4,1,2024-10-02
2024-10-02 13:00:00,"891,1570864448602","607,26001",4,1,2024-10-02
2024-10-02 14:00:00,"890,1908893441835","607,849976",4,1,2024-10-02
2024-10-02 15:00:00,"889,593646064747","746,48999",4,1,2024-10-02
2024-10-02 16:00:00,"889,613598380257","872,590027",4,1,2024-10-02
2024-10-02 17:00:00,"890,1545203853257","969,97998",4,1,2024-10-02
2024-10-02 18:00:00,"890,1575077863796","852,900024",4,1,2024-10-02
2024-10-02 19:00:00,"890,259830213765","719,940002",4,1,2024-10-02
2024-10-02 20:00:00,"890,489244322056","695,780029",4,1,2024-10-02
2024-10-02 21:00:00,"890,8157082241023","633,880005",4,1,2024-10-02
2024-10-02 22:00:00,"891,0494905995718","502,230011",4,1,2024-10-02
2024-10-02 23:00:00,"891,0692767370622","491,26001",4,1,2024-10-02
2024-10-03 00:00:00,"891,152516082312","485,890015",4,1,2024-10-03
2024-10-03 01:00:00,"891,2496014586175","478,730011",4,1,2024-10-03
2024-10-03 02:00:00,"891,3396092297073","477,23999",4,1,2024-10-03
2024-10-03 03:00:00,"891,2189361469458","480,369995",4,1,2024-10-03
2024-10-03 04:00:00,"890,5759184644985","488,059998",4,1,2024-10-03
2024-10-03 05:00:00,"890,036697650654","547,280029",4,1,2024-10-03
2024-10-03 06:00:00,"889,9811360152618","571,900024",4,1,2024-10-03
2024-10-03 07:00:00,"890,5162889595347","543,780029",4,1,2024-10-03
2024-10-03 08:00:00,"891,4124078976539","516,77002",4,1,2024-10-03
2024-10-03 09:00:00,"891,7486929026506","470,230011",4,1,2024-10-03
2024-10-03 10:00:00,"891,9463094748069","351,25",4,1,2024-10-03
2024-10-03 11:00:00,"891,9240976000427","253,460007",4,1,2024-10-03
2024-10-03 12:00:00,"891,8270424785295","291,950012",4,1,2024-10-03
2024-10-03 13:00:00,"891,5340518439295","383,109985",4,1,2024-10-03
2024-10-03 14:00:00,"890,984496110946","492,609985",4,1,2024-10-03
2024-10-03 15:00:00,"890,2476701132186","669,090027",4,1,2024-10-03
2024-10-03 16:00:00,"890,0640442043939","821,039978",4,1,2024-10-03
2024-10-03 17:00:00,"890,3476836410713","860,200012",4,1,2024-10-03
2024-10-03 18:00:00,"890,4846004003484","807,679993",4,1,2024-10-03
2024-10-03 19:00:00,"890,6419053440002","736,669983",4,1,2024-10-03
2024-10-03 20:00:00,"890,9008006684403","678,48999",4,1,2024-10-03
2024-10-03 21:00:00,"891,1495984891412","607,630005",4,1,2024-10-03
2024-10-03 22:00:00,"891,217152584929","551,23999",4,1,2024-10-03
2024-10-03 23:00:00,"891,2805615816781","540,950012",4,1,2024-10-03
2024-10-04 00:00:00,"891,3781824442597","537,809998",4,1,2024-10-04
2024-10-04 01:00:00,"891,4260887422932","537,070007",4,1,2024-10-04
2024-10-04 02:00:00,"891,4088934930365","539,530029",4,1,2024-10-04
2024-10-04 03:00:00,"891,3561289550273","575,109985",4,1,2024-10-04
2024-10-04 04:00:00,"890,8927515066996","768,299988",4,1,2024-10-04
2024-10-04 05:00:00,"890,4245327422457","943,890015",4,1,2024-10-04
2024-10-04 06:00:00,"890,2597009492919","1054,890015",4,1,2024-10-04
2024-10-04 07:00:00,"890,6369008704419","867,289978",4,1,2024-10-04
2024-10-04 08:00:00,"891,3317667026796","746,599976",4,1,2024-10-04
2024-10-04 09:00:00,"891,607126817076","634,039978",4,1,2024-10-04
2024-10-04 10:00:00,"891,7604781199796","559,969971",4,1,2024-10-04
2024-10-04 11:00:00,"891,7640813029523","548,179993",4,1,2024-10-04
2024-10-04 12:00:00,"891,5494161625613","565,559998",4,1,2024-10-04
2024-10-04 13:00:00,"891,2519317868565","589,799988",4,1,2024-10-04
2024-10-04 14:00:00,"890,793923581213","669,840027",4,1,2024-10-04
2024-10-04 15:00:00,"890,1048059418928","798,890015",4,1,2024-10-04
2024-10-04 16:00:00,"890,3692937068059","984,400024",4,1,2024-10-04
2024-10-04 17:00:00,"890,7401443757249","1111,579956",4,1,2024-10-04
2024-10-04 18:00:00,"890,8615262630824","922,710022",4,1,2024-10-04
2024-10-04 19:00:00,"891,0058055064392","745,179993",4,1,2024-10-04
2024-10-04 20:00:00,"891,0456241830078","745,179993",4,1,2024-10-04
2024-10-04 21:00:00,"891,2820140954154","671,330017",4,1,2024-10-04
2024-10-04 22:00:00,"891,3751511221028","694,340027",4,1,2024-10-04
2024-10-04 23:00:00,"891,4053885263747","631,23999",4,1,2024-10-04
2024-10-05 00:00:00,"891,4371135510537","607,080017",4,1,2024-10-05
2024-10-05 01:00:00,"891,4260634517451","563,380005",4,1,2024-10-05
2024-10-05 02:00:00,"891,4590150159597","564,719971",4,1,2024-10-05
2024-10-05 03:00:00,"891,4464559397549","595,299988",4,1,2024-10-05
2024-10-05 04:00:00,"891,2197119773253","642,880005",4,1,2024-10-05
2024-10-05 05:00:00,"891,0154041714476","748,780029",4,1,2024-10-05
2024-10-05 06:00:00,"890,8355649315138","825,0",4,1,2024-10-05
2024-10-05 07:00:00,"890,7724158956045","768,169983",4,1,2024-10-05
2024-10-05 08:00:00,"891,3262942811192","614,690002",4,1,2024-10-05
2024-10-05 09:00:00,"891,6028533944549","509,160004",4,1,2024-10-05
2024-10-05 10:00:00,"891,8399845713251","383,640015",4,1,2024-10-05
2024-10-05 11:00:00,"891,8310589115656","289,970001",4,1,2024-10-05
2024-10-05 12:00:00,"891,7805508185296","324,350006",4,1,2024-10-05
2024-10-05 13:00:00,"891,5362827711489","418,839996",4,1,2024-10-05
2024-10-05 14:00:00,"890,8554829790065","544,280029",4,1,2024-10-05
2024-10-05 15:00:00,"890,3727848710909","690,23999",4,1,2024-10-05
2024-10-05 16:00:00,"890,4382345744289","1029,719971",4,1,2024-10-05
2024-10-05 17:00:00,"890,7438968732246","1028,97998",4,1,2024-10-05
2024-10-05 18:00:00,"890,8906056558382","799,719971",4,1,2024-10-05
2024-10-05 19:00:00,"891,0088898989864","705,299988",4,1,2024-10-05
2024-10-05 20:00:00,"891,1481259459542","633,710022",4,1,2024-10-05
2024-10-05 21:00:00,"891,3687609945177","499,690002",4,1,2024-10-05
2024-10-05 22:00:00,"891,454753531347","485,420013",4,1,2024-10-05
2024-10-05 23:00:00,"891,4668190925823","452,100006",4,1,2024-10-05
2024-10-06 00:00:00,"891,5284253265461","440,549988",4,1,2024-10-06
2024-10-06 01:00:00,"891,5752291679732","433,320007",4,1,2024-10-06
2024-10-06 02:00:00,"891,5879808057147","424,369995",4,1,2024-10-06
2024-10-06 03:00:00,"891,6053311019235","433,320007",4,1,2024-10-06
2024-10-06 04:00:00,"891,4864316029583","431,829987",4,1,2024-10-06
2024-10-06 05:00:00,"891,3442643528557","524,929993",4,1,2024-10-06
2024-10-06 06:00:00,"891,0802345265516","491,01001",4,1,2024-10-06
2024-10-06 07:00:00,"891,0717497122932","447,700012",4,1,2024-10-06
2024-10-06 08:00:00,"891,3712884803172","262,98999",4,1,2024-10-06
2024-10-06 09:00:00,"891,6075817663215","124,339996",4,1,2024-10-06
2024-10-06 10:00:00,"891,7518490425061","79,690002",4,1,2024-10-06
2024-10-06 11:00:00,"891,7213566611583","41,889999",4,1,2024-10-06
2024-10-06 12:00:00,"891,552931407406","16,25",4,1,2024-10-06
2024-10-06 13:00:00,"891,0702018267069","13,34",4,1,2024-10-06
2024-10-06 14:00:00,"890,5664219522273","395,820007",4,1,2024-10-06
2024-10-06 15:00:00,"890,3183093379936","617,070007",4,1,2024-10-06
2024-10-06 16:00:00,"890,0966905747457","792,390015",4,1,2024-10-06
2024-10-06 17:00:00,"890,52462679791","724,710022",4,1,2024-10-06
2024-10-06 18:00:00,"890,645840040977","544,01001",4,1,2024-10-06
2024-10-06 19:00:00,"890,723014316514","442,559998",4,1,2024-10-06
2024-10-06 20:00:00,"890,8536413497601","437,48999",4,1,2024-10-06
2024-10-06 21:00:00,"891,0311828150521","385,459991",4,1,2024-10-06
2024-10-06 22:00:00,"891,1478656154078","257,769989",4,1,2024-10-06
2024-10-06 23:00:00,"891,0510147059512","263,429993",4,1,2024-10-06
2024-10-07 00:00:00,"891,2567839575161","247,850006",4,2,2024-10-07
2024-10-07 01:00:00,"891,4110725998834","224,75",4,2,2024-10-07
2024-10-07 02:00:00,"891,4490469868697","260,529999",4,2,2024-10-07
2024-10-07 03:00:00,"891,3649750760163","291,910004",4,2,2024-10-07
2024-10-07 04:00:00,"891,1713608655226","335,369995",4,2,2024-10-07
2024-10-07 05:00:00,"890,7989371908657","378,299988",4,2,2024-10-07
2024-10-07 06:00:00,"890,3013841176439","414,089996",4,2,2024-10-07
2024-10-07 07:00:00,"889,7774634943706","383,75",4,2,2024-10-07
2024-10-07 08:00:00,"889,7665750571764","372,420013",4,2,2024-10-07
2024-10-07 09:00:00,"889,5596086833372","356,309998",4,2,2024-10-07
2024-10-07 10:00:00,"889,7817654274891","340,880005",4,2,2024-10-07
2024-10-07 11:00:00,"889,5924619838668","322,019989",4,2,2024-10-07
2024-10-07 12:00:00,"889,3312774699829","358,399994",4,2,2024-10-07
2024-10-07 13:00:00,"889,2504182894425","458,070007",4,2,2024-10-07
2024-10-07 14:00:00,"889,7437828095327","661,869995",4,2,2024-10-07
2024-10-07 15:00:00,"889,8993356610079","873,640015",4,2,2024-10-07
2024-10-07 16:00:00,"890,4914839950725","1405,060059",4,2,2024-10-07
2024-10-07 17:00:00,"890,6860412739403","1405,359985",4,2,2024-10-07
2024-10-07 18:00:00,"890,3478721363674","909,27002",4,2,2024-10-07
2024-10-07 19:00:00,"890,2845062476828","744,909973",4,2,2024-10-07
2024-10-07 20:00:00,"890,5744265510108","685,119995",4,2,2024-10-07
2024-10-07 21:00:00,"890,9230447372846","589,780029",4,2,2024-10-07
2024-10-07 22:00:00,"890,871645737122","539,340027",4,2,2024-10-07
2024-10-07 23:00:00,"890,9527984096973","500,119995",4,2,2024-10-07
2024-10-08 00:00:00,"891,1088503557597","477,149994",4,2,2024-10-08
2024-10-08 01:00:00,"891,1297747142595","444,940002",4,2,2024-10-08
2024-10-08 02:00:00,"891,209098657296","445,089996",4,2,2024-10-08
2024-10-08 03:00:00,"891,0903312075876","502,799988",4,2,2024-10-08
2024-10-08 04:00:00,"890,6823359852789","641,049988",4,2,2024-10-08
2024-10-08 05:00:00,"889,9824985635848","822,98999",4,2,2024-10-08
2024-10-08 06:00:00,"889,3992776858965","792,200012",4,2,2024-10-08
2024-10-08 07:00:00,"888,9296059764519","633,820007",4,2,2024-10-08
2024-10-08 08:00:00,"888,917390257542","598,98999",4,2,2024-10-08
2024-10-08 09:00:00,"889,125214605437","547,469971",4,2,2024-10-08
2024-10-08 10:00:00,"889,3028896060899","495,940002",4,2,2024-10-08
2024-10-08 11:00:00,"889,5438038457792","529,200012",4,2,2024-10-08
2024-10-08 12:00:00,"889,5209770526529","565,140015",4,2,2024-10-08
2024-10-08 13:00:00,"889,3289397254736","578,119995",4,2,2024-10-08
2024-10-08 14:00:00,"889,3357846593508","694,440002",4,2,2024-10-08
2024-10-08 15:00:00,"889,3412092614402","850,059998",4,2,2024-10-08
2024-10-08 16:00:00,"890,1702114247033","1073,76001",4,2,2024-10-08
2024-10-08 17:00:00,"890,347313532039","1141,540039",4,2,2024-10-08
2024-10-08 18:00:00,"889,8658039084115","853,119995",4,2,2024-10-08
2024-10-08 19:00:00,"889,9116476257585","707,640015",4,2,2024-10-08
2024-10-08 20:00:00,"890,1605158639558","645,75",4,2,2024-10-08
2024-10-08 21:00:00,"890,5986087566433","504,070007",4,2,2024-10-08
2024-10-08 22:00:00,"890,717266051149","461,859985",4,2,2024-10-08
2024-10-08 23:00:00,"890,6883735015746","447,459991",4,2,2024-10-08
2024-10-09 00:00:00,"890,6576561660605","428,670013",4,2,2024-10-09
2024-10-09 01:00:00,"890,7566077733146","405,100006",4,2,2024-10-09
2024-10-09 02:00:00,"890,9641564779324","427,480011",4,2,2024-10-09
2024-10-09 03:00:00,"890,8529023505346","476,329987",4,2,2024-10-09
2024-10-09 04:00:00,"890,4755209988574","646,590027",4,2,2024-10-09
2024-10-09 05:00:00,"889,850443309978","826,320007",4,2,2024-10-09
2024-10-09 06:00:00,"889,5139069342891","827,659973",4,2,2024-10-09
2024-10-09 07:00:00,"889,3144722807782","648,820007",4,2,2024-10-09
2024-10-09 08:00:00,"889,9009661721198","537,630005",4,2,2024-10-09
2024-10-09 09:00:00,"890,0934774434221","446,720001",4,2,2024-10-09
2024-10-09 10:00:00,"890,3418337487755","445,970001",4,2,2024-10-09
2024-10-09 11:00:00,"890,3100848841501","446,350006",4,2,2024-10-09
2024-10-09 12:00:00,"890,1441889392437","504,369995",4,2,2024-10-09
2024-10-09 13:00:00,"889,8068540262365","575,51001",4,2,2024-10-09
2024-10-09 14:00:00,"889,199773376909","708,48999",4,2,2024-10-09
2024-10-09 15:00:00,"889,3546069971198","875,909973",4,2,2024-10-09
2024-10-09 16:00:00,"890,176706088307","913,799988",4,2,2024-10-09
2024-10-09 17:00:00,"890,3620056472777","948,030029",4,2,2024-10-09
2024-10-09 18:00:00,"889,8880889251881","828,179993",4,2,2024-10-09
2024-10-09 19:00:00,"889,9044119125724","714,450012",4,2,2024-10-09
2024-10-09 20:00:00,"890,2693789342125","709,22998",4,2,2024-10-09
2024-10-09 21:00:00,"890,698067771253","614,070007",4,2,2024-10-09
2024-10-09 22:00:00,"890,904878712244","456,399994",4,2,2024-10-09
2024-10-09 23:00:00,"890,8585597796712","349,73999",4,2,2024-10-09
2024-10-10 00:00:00,"891,102540263122","281,559998",4,2,2024-10-10
2024-10-10 01:00:00,"891,2466052086925","238,679993",4,2,2024-10-10
2024-10-10 02:00:00,"891,3568961258547","221,070007",4,2,2024-10-10
2024-10-10 03:00:00,"891,2414239030788","295,359985",4,2,2024-10-10
2024-10-10 04:00:00,"890,9123915987868","463,179993",4,2,2024-10-10
2024-10-10 05:00:00,"889,8928593854223","633,23999",4,2,2024-10-10
2024-10-10 06:00:00,"888,9349567670147","600,119995",4,2,2024-10-10
2024-10-10 07:00:00,"887,9899276577097","503,459991",4,2,2024-10-10
2024-10-10 08:00:00,"888,4313380132586","387,920013",4,2,2024-10-10
2024-10-10 09:00:00,"889,4185976022103","290,369995",4,2,2024-10-10
2024-10-10 10:00:00,"890,6057542468458","163,270004",4,2,2024-10-10
2024-10-10 11:00:00,"891,0697950121979","118,889999",4,2,2024-10-10
2024-10-10 12:00:00,"890,6971716199305","149,25",4,2,2024-10-10
2024-10-10 13:00:00,"890,2840264465062","277,309998",4,2,2024-10-10
2024-10-10 14:00:00,"889,9864120432202","277,309998",4,2,2024-10-10
2024-10-10 15:00:00,"889,4352031137822","285,140015",4,2,2024-10-10
2024-10-10 16:00:00,"890,4235898721752","294,470001",4,2,2024-10-10
2024-10-10 17:00:00,"890,6022237878291","288,200012",4,2,2024-10-10
2024-10-10 18:00:00,"890,0619613409377","274,630005",4,2,2024-10-10
2024-10-10 19:00:00,"890,0821249510512","263,890015",4,2,2024-10-10
2024-10-10 20:00:00,"890,2073097881262","223,759995",4,2,2024-10-10
2024-10-10 21:00:00,"890,3763412246834","236,289993",4,2,2024-10-10
2024-10-10 22:00:00,"890,2716442112453","258,890015",4,2,2024-10-10
2024-10-10 23:00:00,"890,1043409576491","258,959991",4,2,2024-10-10
2024-10-11 00:00:00,"890,6649374229268","261,720001",4,2,2024-10-11
2024-10-11 01:00:00,"890,7463271875735","267,609985",4,2,2024-10-11
2024-10-11 02:00:00,"890,7959069199585","267,839996",4,2,2024-10-11
2024-10-11 03:00:00,"890,6473194802993","274,179993",4,2,2024-10-11
2024-10-11 04:00:00,"889,8966295870063","308,190002",4,2,2024-10-11
2024-10-11 05:00:00,"889,0721105983138","439,230011",4,2,2024-10-11
2024-10-11 06:00:00,"888,1684378173769","593,919983",4,2,2024-10-11
2024-10-11 07:00:00,"888,2788851933693","400,670013",4,2,2024-10-11
2024-10-11 08:00:00,"889,8437340547238","367,859985",4,2,2024-10-11
2024-10-11 09:00:00,"890,5401427908959","324,970001",4,2,2024-10-11
2024-10-11 10:00:00,"890,5919697016274","316,470001",4,2,2024-10-11
2024-10-11 11:00:00,"890,4639484601233","310,200012",4,2,2024-10-11
2024-10-11 12:00:00,"889,6634672901886","299,309998",4,2,2024-10-11
2024-10-11 13:00:00,"888,5364730955168","298,119995",4,2,2024-10-11
2024-10-11 14:00:00,"888,4228428163914","298,859985",4,2,2024-10-11
2024-10-11 15:00:00,"888,4239929712379","496,660004",4,2,2024-10-11
2024-10-11 16:00:00,"889,7386265636422","939,330017",4,2,2024-10-11
2024-10-11 17:00:00,"890,0085657486769","1208,060059",4,2,2024-10-11
2024-10-11 18:00:00,"889,525016678305","895,02002",4,2,2024-10-11
2024-10-11 19:00:00,"889,4751040349909","744,289978",4,2,2024-10-11
2024-10-11 20:00:00,"889,7940306759828","733,98999",4,2,2024-10-11
2024-10-11 21:00:00,"890,4064928246295","655,080017",4,2,2024-10-11
2024-10-11 22:00:00,"890,639989972906","672,190002",4,2,2024-10-11
2024-10-11 23:00:00,"890,7526707369973","592,580017",4,2,2024-10-11
2024-10-12 00:00:00,"891,0279614123178","563,929993",4,2,2024-10-12
2024-10-12 01:00:00,"890,9471202048794","559,75",4,2,2024-10-12
2024-10-12 02:00:00,"891,092067903352","536,619995",4,2,2024-10-12
2024-10-12 03:00:00,"891,1425591221898","506,619995",4,2,2024-10-12
2024-10-12 04:00:00,"891,0841904839665","534,460022",4,2,2024-10-12
2024-10-12 05:00:00,"890,6399107990402","400,149994",4,2,2024-10-12
2024-10-12 06:00:00,"889,9928944549271","378,359985",4,2,2024-10-12
2024-10-12 07:00:00,"889,3928854880614","310,910004",4,2,2024-10-12
2024-10-12 08:00:00,"889,662480029253","263,390015",4,2,2024-10-12
2024-10-12 09:00:00,"890,24535248416","255,770004",4,2,2024-10-12
2024-10-12 10:00:00,"890,6343046013014","184,970001",4,2,2024-10-12
2024-10-12 11:00:00,"890,6713135896181","106,919998",4,2,2024-10-12
2024-10-12 12:00:00,"890,2127299127463","174,149994",4,2,2024-10-12
2024-10-12 13:00:00,"889,3163622050575","263,459991",4,2,2024-10-12
2024-10-12 14:00:00,"888,9763500281902","218,990005",4,2,2024-10-12
2024-10-12 15:00:00,"889,1431848454976","423,799988",4,2,2024-10-12
2024-10-12 16:00:00,"890,2355184279407","361,950012",4,2,2024-10-12
2024-10-12 17:00:00,"890,4419824263215","299,049988",4,2,2024-10-12
2024-10-12 18:00:00,"890,0120200616172","289,350006",4,2,2024-10-12
2024-10-12 19:00:00,"890,0683084897958","288,309998",4,2,2024-10-12
2024-10-12 20:00:00,"890,3238358557347","260,179993",4,2,2024-10-12
2024-10-12 21:00:00,"890,6482258850142","189,289993",4,2,2024-10-12
2024-10-12 22:00:00,"890,8763362881671","0,0",4,2,2024-10-12
2024-10-12 23:00:00,"890,9924372116654","-0,07",4,2,2024-10-12
2024-10-13 00:00:00,"891,2763187420659","-0,52",4,2,2024-10-13
2024-10-13 01:00:00,"891,3226076548026","-2,76",4,2,2024-10-13
2024-10-13 02:00:00,"891,421950081056","-3,81",4,2,2024-10-13
2024-10-13 03:00:00,"891,4865051045316","-0,67",4,2,2024-10-13
2024-10-13 04:00:00,"891,4932193251735","-0,07",4,2,2024-10-13
2024-10-13 05:00:00,"891,3238551545497","12,83",4,2,2024-10-13
2024-10-13 06:00:00,"891,004844222725","134,0",4,2,2024-10-13
2024-10-13 07:00:00,"890,8660513683775","73,489998",4,2,2024-10-13
2024-10-13 08:00:00,"890,8241278014319","36,630001",4,2,2024-10-13
2024-10-13 09:00:00,"891,0913956256625","46,330002",4,2,2024-10-13
2024-10-13 10:00:00,"891,0946548217111","47,599998",4,2,2024-10-13
2024-10-13 11:00:00,"890,9468126999174","52,970001",4,2,2024-10-13
2024-10-13 12:00:00,"890,5291943107948","59,09",4,2,2024-10-13
2024-10-13 13:00:00,"889,7815507416879","94,610001",4,2,2024-10-13
2024-10-13 14:00:00,"889,797991856251","118,260002",4,2,2024-10-13
2024-10-13 15:00:00,"889,7692657865571","166,009995",4,2,2024-10-13
2024-10-13 16:00:00,"890,4188299307367","267,329987",4,2,2024-10-13
2024-10-13 17:00:00,"890,7463125610631","403,269989",4,2,2024-10-13
2024-10-13 18:00:00,"890,6196892266345","294,790009",4,2,2024-10-13
2024-10-13 19:00:00,"890,4285828552612","286,730011",4,2,2024-10-13
2024-10-13 20:00:00,"890,5999977723297","299,410004",4,2,2024-10-13
2024-10-13 21:00:00,"890,8920703026856","274,640015",4,2,2024-10-13
2024-10-13 22:00:00,"890,9550429550101","276,809998",4,2,2024-10-13
2024-10-13 23:00:00,"890,8019887554567","263,0",4,2,2024-10-13
2024-10-14 00:00:00,"890,6112943835138","262,410004",4,3,2024-10-14
2024-10-14 01:00:00,"890,6084968170535","256,359985",4,3,2024-10-14
2024-10-14 02:00:00,"890,7760456468958","293,450012",4,3,2024-10-14
2024-10-14 03:00:00,"890,5534265229626","464,079987",4,3,2024-10-14
2024-10-14 04:00:00,"889,92121554479","736,710022",4,3,2024-10-14
2024-10-14 05:00:00,"889,3649701636409","973,900024",4,3,2024-10-14
2024-10-14 06:00:00,"889,3614929959144","1142,449951",4,3,2024-10-14
2024-10-14 07:00:00,"889,271905712491","879,960022",4,3,2024-10-14
2024-10-14 08:00:00,"889,9955993579853","753,200012",4,3,2024-10-14
2024-10-14 09:00:00,"890,4230443392767","695,599976",4,3,2024-10-14
2024-10-14 10:00:00,"890,8253875551109","643,450012",4,3,2024-10-14
2024-10-14 11:00:00,"891,0080682069164","616,289978",4,3,2024-10-14
2024-10-14 12:00:00,"890,3058548818454","553,320007",4,3,2024-10-14
2024-10-14 13:00:00,"889,4949618284675","649,710022",4,3,2024-10-14
2024-10-14 14:00:00,"888,8191944637522","789,309998",4,3,2024-10-14
2024-10-14 15:00:00,"888,6637059951216","1182,660034",4,3,2024-10-14
2024-10-14 16:00:00,"889,6382314994589","1865,280029",4,3,2024-10-14
2024-10-14 17:00:00,"890,1698119304967","1964,290039",4,3,2024-10-14
2024-10-14 18:00:00,"890,0547950310128","1178,859985",4,3,2024-10-14
2024-10-14 19:00:00,"890,5750338169704","851,460022",4,3,2024-10-14
2024-10-14 20:00:00,"890,3627816239491","743,580017",4,3,2024-10-14
2024-10-14 21:00:00,"890,7631850166896","707,309998",4,3,2024-10-14
2024-10-14 22:00:00,"890,8385526965717","680,679993",4,3,2024-10-14
2024-10-14 23:00:00,"890,9098643259862","645,320007",4,3,2024-10-14
2024-10-15 00:00:00,"891,1384039002045","659,190002",4,3,2024-10-15
2024-10-15 01:00:00,"891,1372187321363","627,039978",4,3,2024-10-15
2024-10-15 02:00:00,"891,3873154473549","602,859985",4,3,2024-10-15
2024-10-15 03:00:00,"891,2878554062687","667,849976",4,3,2024-10-15
2024-10-15 04:00:00,"890,7477441341714","854,530029",4,3,2024-10-15
2024-10-15 05:00:00,"890,2628482657324","1383,22998",4,3,2024-10-15
2024-10-15 06:00:00,"890,2815496973133","1317,719971",4,3,2024-10-15
2024-10-15 07:00:00,"890,6721377782025","824,76001",4,3,2024-10-15
2024-10-15 08:00:00,"891,0554403164534","692,02002",4,3,2024-10-15
2024-10-15 09:00:00,"891,5737117040899","619,650024",4,3,2024-10-15
2024-10-15 10:00:00,"891,8076308364297","585,47998",4,3,2024-10-15
2024-10-15 11:00:00,"891,8139457627799","535,340027",4,3,2024-10-15
2024-10-15 12:00:00,"891,6652901229063","566,299988",4,3,2024-10-15
2024-10-15 13:00:00,"891,2280873326282","621,960022",4,3,2024-10-15
2024-10-15 14:00:00,"890,4989323058428","664,27002",4,3,2024-10-15
2024-10-15 15:00:00,"889,8722629659703","900,48999",4,3,2024-10-15
2024-10-15 16:00:00,"889,8164550151371","1020,609985",4,3,2024-10-15
2024-10-15 17:00:00,"889,6640480034998","726,049988",4,3,2024-10-15
2024-10-15 18:00:00,"889,6442530860851","568,98999",4,3,2024-10-15
2024-10-15 19:00:00,"890,3319233775755","497,290009",4,3,2024-10-15
2024-10-15 20:00:00,"890,1043460206758","445,059998",4,3,2024-10-15
2024-10-15 21:00:00,"890,3749044223612","304,269989",4,3,2024-10-15
2024-10-15 22:00:00,"890,4240076022182","174,210007",4,3,2024-10-15
2024-10-15 23:00:00,"890,3712702979857","95,5",4,3,2024-10-15
2024-10-16 00:00:00,"890,540628911153","39,540001",4,3,2024-10-16
2024-10-16 01:00:00,"890,3946143884758","26,93",4,3,2024-10-16
2024-10-16 02:00:00,"890,7844923941548","23,58",4,3,2024-10-16
2024-10-16 03:00:00,"890,4085576550775","61,18",4,3,2024-10-16
2024-10-16 04:00:00,"889,0767685055927","301,049988",4,3,2024-10-16
2024-10-16 05:00:00,"888,0699173844444","353,720001",4,3,2024-10-16
2024-10-16 06:00:00,"887,671725175365","406,23999",4,3,2024-10-16
2024-10-16 07:00:00,"887,732057161598","354,76001",4,3,2024-10-16
2024-10-16 08:00:00,"888,8698703990766","199,059998",4,3,2024-10-16
2024-10-16 09:00:00,"889,9284897124603","105,650002",4,3,2024-10-16
2024-10-16 10:00:00,"890,8085797510881","30,51",4,3,2024-10-16
2024-10-16 11:00:00,"890,9287941390619","15,22",4,3,2024-10-16
2024-10-16 12:00:00,"890,9126407292698","29,84",4,3,2024-10-16
2024-10-16 13:00:00,"889,6380285951014","105,800003",4,3,2024-10-16
2024-10-16 14:00:00,"888,5141542986127","246,210007",4,3,2024-10-16
2024-10-16 15:00:00,"888,0807490997654","263,0",4,3,2024-10-16
2024-10-16 16:00:00,"888,7557787153095","277,470001",4,3,2024-10-16
2024-10-16 17:00:00,"889,1494314675232","272,470001",4,3,2024-10-16
2024-10-16 18:00:00,"888,9023179859623","267,470001",4,3,2024-10-16
2024-10-16 19:00:00,"889,9735322540689","257,619995",4,3,2024-10-16
2024-10-16 20:00:00,"889,4695665867988","242,029999",4,3,2024-10-16
2024-10-16 21:00:00,"889,9355753821693","198,009995",4,3,2024-10-16
2024-10-16 22:00:00,"889,7268354489133","127,129997",4,3,2024-10-16
2024-10-16 23:00:00,"889,5530301313296","90,650002",4,3,2024-10-16
2024-10-17 00:00:00,"890,231627493487","78,190002",4,3,2024-10-17
2024-10-17 01:00:00,"890,0803881837769","41,860001",4,3,2024-10-17
2024-10-17 02:00:00,"890,3389034794377","74,68",4,3,2024-10-17
2024-10-17 03:00:00,"889,9217568201188","216,139999",4,3,2024-10-17
2024-10-17 04:00:00,"888,5899957072138","261,730011",4,3,2024-10-17
2024-10-17 05:00:00,"887,8186971916823","298,660004",4,3,2024-10-17
2024-10-17 06:00:00,"887,1615019902476","306,790009",4,3,2024-10-17
2024-10-17 07:00:00,"887,3926974805759","301,869995",4,3,2024-10-17
2024-10-17 08:00:00,"888,2996871823167","286,940002",4,3,2024-10-17
2024-10-17 09:00:00,"889,4978754397728","287,089996",4,3,2024-10-17
2024-10-17 10:00:00,"890,7233321713087","290,670013",4,3,2024-10-17
2024-10-17 11:00:00,"890,5959228903678","305,299988",4,3,2024-10-17
2024-10-17 12:00:00,"889,6914704416391","322,980011",4,3,2024-10-17
2024-10-17 13:00:00,"888,6739044941984","474,140015",4,3,2024-10-17
2024-10-17 14:00:00,"887,9574686787815","691,469971",4,3,2024-10-17
2024-10-17 15:00:00,"887,7958117476132","893,059998",4,3,2024-10-17
2024-10-17 16:00:00,"888,2688412846879","1292,290039",4,3,2024-10-17
2024-10-17 17:00:00,"888,2882212956864","1275,810059",4,3,2024-10-17
2024-10-17 18:00:00,"888,6929520244278","876,650024",4,3,2024-10-17
2024-10-17 19:00:00,"889,7876102255005","729,75",4,3,2024-10-17
2024-10-17 20:00:00,"889,596544556949","664,390015",4,3,2024-10-17
2024-10-17 21:00:00,"890,1540995267383","613,359985",4,3,2024-10-17
2024-10-17 22:00:00,"890,2382370944239","603,929993",4,3,2024-10-17
2024-10-17 23:00:00,"890,4588940373089","605,5",4,3,2024-10-17
2024-10-18 00:00:00,"890,917217502585","617,210022",4,3,2024-10-18
2024-10-18 01:00:00,"890,8813695685709","588,190002",4,3,2024-10-18
2024-10-18 02:00:00,"891,1487694001986","605,72998",4,3,2024-10-18
2024-10-18 03:00:00,"890,9553955197596","629,22998",4,3,2024-10-18
2024-10-18 04:00:00,"890,3626067292666","737,780029",4,3,2024-10-18
2024-10-18 05:00:00,"890,0962067010684","1117,449951",4,3,2024-10-18
2024-10-18 06:00:00,"890,1305387524304","1165,640015",4,3,2024-10-18
2024-10-18 07:00:00,"890,2492611472726","828,130005",4,3,2024-10-18
2024-10-18 08:00:00,"890,2814397425208","714,429993",4,3,2024-10-18
2024-10-18 09:00:00,"890,4669798564315","636,390015",4,3,2024-10-18
2024-10-18 10:00:00,"890,8388646075922","618,929993",4,3,2024-10-18
2024-10-18 11:00:00,"890,7701816596443","598,340027",4,3,2024-10-18
2024-10-18 12:00:00,"890,4581026451782","605,72998",4,3,2024-10-18
2024-10-18 13:00:00,"889,8038345615687","629,22998",4,3,2024-10-18
2024-10-18 14:00:00,"889,6516880136323","770,599976",4,3,2024-10-18
2024-10-18 15:00:00,"889,4084503724349","997,26001",4,3,2024-10-18
2024-10-18 16:00:00,"889,4601575381078","1352,459961",4,3,2024-10-18
2024-10-18 17:00:00,"889,3315451869522","1063,72998",4,3,2024-10-18
2024-10-18 18:00:00,"889,5530945693357","770,309998",4,3,2024-10-18
2024-10-18 19:00:00,"890,2273518103123","722,409973",4,3,2024-10-18
2024-10-18 20:00:00,"889,8687822157548","695,77002",4,3,2024-10-18
2024-10-18 21:00:00,"890,2959749936784","638,179993",4,3,2024-10-18
2024-10-18 22:00:00,"890,3089727433133","649,27002",4,3,2024-10-18
2024-10-18 23:00:00,"890,3443394600531","619,210022",4,3,2024-10-18
2024-10-19 00:00:00,"891,065734130541","595,940002",4,3,2024-10-19
2024-10-19 01:00:00,"891,0466052286959","561,27002",4,3,2024-10-19
2024-10-19 02:00:00,"891,3020606882532","565,809998",4,3,2024-10-19
2024-10-19 03:00:00,"891,1666616399563","572,530029",4,3,2024-10-19
2024-10-19 04:00:00,"890,7207100307701","596,619995",4,3,2024-10-19
2024-10-19 05:00:00,"890,1534495570762","685,440002",4,3,2024-10-19
2024-10-19 06:00:00,"889,6490439362847","668,659973",4,3,2024-10-19
2024-10-19 07:00:00,"889,5266349255578","630,919983",4,3,2024-10-19
2024-10-19 08:00:00,"889,5059689236739","587,669983",4,3,2024-10-19
2024-10-19 09:00:00,"889,6769510054428","546,799988",4,3,2024-10-19
2024-10-19 10:00:00,"890,3185171162969","493,399994",4,3,2024-10-19
2024-10-19 11:00:00,"890,4465468278705","454,619995",4,3,2024-10-19
2024-10-19 12:00:00,"890,3464447514972","476,470001",4,3,2024-10-19
2024-10-19 13:00:00,"889,7953810194304","589,679993",4,3,2024-10-19
2024-10-19 14:00:00,"889,5881135611137","731,52002",4,3,2024-10-19
2024-10-19 15:00:00,"889,5497167200679","813,929993",4,3,2024-10-19
2024-10-19 16:00:00,"889,5559804542381","1012,900024",4,3,2024-10-19
2024-10-19 17:00:00,"889,4599477010144","886,940002",4,3,2024-10-19
2024-10-19 18:00:00,"889,5352219043913","721,900024",4,3,2024-10-19
2024-10-19 19:00:00,"890,3090521931334","672,530029",4,3,2024-10-19
2024-10-19 20:00:00,"890,0456577240222","625,179993",4,3,2024-10-19
2024-10-19 21:00:00,"890,4113655139708","546,869995",4,3,2024-10-19
2024-10-19 22:00:00,"890,3940430981158","403,059998",4,3,2024-10-19
2024-10-19 23:00:00,"890,4794890373055","409,470001",4,3,2024-10-19
2024-10-20 00:00:00,"891,0877326719981","407,079987",4,3,2024-10-20
2024-10-20 01:00:00,"891,0144505317555","417,0",4,3,2024-10-20
2024-10-20 02:00:00,"891,1605897967883","444,450012",4,3,2024-10-20
2024-10-20 03:00:00,"891,0380177870865","241,880005",4,3,2024-10-20
2024-10-20 04:00:00,"890,5600407322393","240,389999",4,3,2024-10-20
2024-10-20 05:00:00,"890,1638782696826","291,329987",4,3,2024-10-20
2024-10-20 06:00:00,"889,7621788072857","359,950012",4,3,2024-10-20
2024-10-20 07:00:00,"889,6423162012666","341,230011",4,3,2024-10-20
2024-10-20 08:00:00,"888,9519004262977","47,509998",4,3,2024-10-20
2024-10-20 09:00:00,"888,670622446944","0,6",4,3,2024-10-20
2024-10-20 10:00:00,"889,5186495396161","0,0",4,3,2024-10-20
2024-10-20 11:00:00,"889,5861043446799","-7,31",4,3,2024-10-20
2024-10-20 12:00:00,"889,3383203204905","-14,99",4,3,2024-10-20
2024-10-20 13:00:00,"888,285305293184","0,0",4,3,2024-10-20
2024-10-20 14:00:00,"888,4794527193521","38,040001",4,3,2024-10-20
2024-10-20 15:00:00,"888,291339494197","413,570007",4,3,2024-10-20
2024-10-20 16:00:00,"889,0194567499768","318,25",4,3,2024-10-20
2024-10-20 17:00:00,"889,476454950118","268,950012",4,3,2024-10-20
2024-10-20 18:00:00,"890,0295211320114","252,919998",4,3,2024-10-20
2024-10-20 19:00:00,"890,7871668310245","156,259995",4,3,2024-10-20
2024-10-20 20:00:00,"890,5452230555201","90,620003",4,3,2024-10-20
2024-10-20 21:00:00,"890,8268835174066","14,39",4,3,2024-10-20
2024-10-20 22:00:00,"890,4185960720247","-0,75",4,3,2024-10-20
2024-10-20 23:00:00,"890,0765524545346","-0,75",4,3,2024-10-20
2024-10-21 00:00:00,"890,1400528279428","-1,04",4,4,2024-10-21
2024-10-21 01:00:00,"890,7144400284287","-0,6",4,4,2024-10-21
2024-10-21 02:00:00,"890,4003885234882","-0,3",4,4,2024-10-21
2024-10-21 03:00:00,"890,2718177626477","24,24",4,4,2024-10-21
2024-10-21 04:00:00,"890,1132489388801","32,59",4,4,2024-10-21
2024-10-21 05:00:00,"889,5610997320008","301,170013",4,4,2024-10-21
2024-10-21 06:00:00,"889,2847154785967","292,070007",4,4,2024-10-21
2024-10-21 07:00:00,"888,4700372936505","240,160004",4,4,2024-10-21
2024-10-21 08:00:00,"887,8545269704024","215,399994",4,4,2024-10-21
2024-10-21 09:00:00,"888,5980301804182","208,690002",4,4,2024-10-21
2024-10-21 10:00:00,"888,7287383945701","188,479996",4,4,2024-10-21
2024-10-21 11:00:00,"888,9792868317843","209,729996",4,4,2024-10-21
2024-10-21 12:00:00,"888,602438919564","168,710007",4,4,2024-10-21
2024-10-21 13:00:00,"887,6044453612786","434,609985",4,4,2024-10-21
2024-10-21 14:00:00,"887,6121438427751","670,289978",4,4,2024-10-21
2024-10-21 15:00:00,"888,5025625362932","969,900024",4,4,2024-10-21
2024-10-21 16:00:00,"889,6262521562613","1582,319946",4,4,2024-10-21
2024-10-21 17:00:00,"889,8164989701393","1404,810059",4,4,2024-10-21
2024-10-21 18:00:00,"889,5798890363385","957,969971",4,4,2024-10-21
2024-10-21 19:00:00,"890,0243602368578","750,320007",4,4,2024-10-21
2024-10-21 20:00:00,"890,1792529303513","729,440002",4,4,2024-10-21
2024-10-21 21:00:00,"890,6388127193122","693,419983",4,4,2024-10-21
2024-10-21 22:00:00,"890,5116376126833","666,929993",4,4,2024-10-21
2024-10-21 23:00:00,"890,6675454578526","652,76001",4,4,2024-10-21
2024-10-22 00:00:00,"890,3274640130662","639,109985",4,4,2024-10-22
2024-10-22 01:00:00,"890,3515155491685","623,52002",4,4,2024-10-22
2024-10-22 02:00:00,"890,1663328869115","619,190002",4,4,2024-10-22
2024-10-22 03:00:00,"890,1395971905982","641,419983",4,4,2024-10-22
2024-10-22 04:00:00,"889,6141696683167","731,960022",4,4,2024-10-22
2024-10-22 05:00:00,"889,1218720486861","1118,76001",4,4,2024-10-22
2024-10-22 06:00:00,"888,7520897530201","1215,27002",4,4,2024-10-22
2024-10-22 07:00:00,"888,2095844858947","846,080017",4,4,2024-10-22
2024-10-22 08:00:00,"889,1173756911","736,809998",4,4,2024-10-22
2024-10-22 09:00:00,"890,1318440368854","639,109985",4,4,2024-10-22
2024-10-22 10:00:00,"890,0450218781123","246,720001",4,4,2024-10-22
2024-10-22 11:00:00,"890,3179924053157","232,550003",4,4,2024-10-22
2024-10-22 12:00:00,"889,6263962984699","225,539993",4,4,2024-10-22
2024-10-22 13:00:00,"888,3900763694313","229,789993",4,4,2024-10-22
2024-10-22 14:00:00,"887,7035613037937","263,130005",4,4,2024-10-22
2024-10-22 15:00:00,"887,7728853864242","759,109985",4,4,2024-10-22
2024-10-22 16:00:00,"888,4230286020535","1043,579956",4,4,2024-10-22
2024-10-22 17:00:00,"888,6980746250078","1176,560059",4,4,2024-10-22
2024-10-22 18:00:00,"888,739159358991","850,400024",4,4,2024-10-22
2024-10-22 19:00:00,"889,349444411242","697,72998",4,4,2024-10-22
2024-10-22 20:00:00,"889,5688024790983","713,919983",4,4,2024-10-22
2024-10-22 21:00:00,"890,0031554660089","658,950012",4,4,2024-10-22
2024-10-22 22:00:00,"890,0119044453693","602,789978",4,4,2024-10-22
2024-10-22 23:00:00,"890,0717792990189","620,690002",4,4,2024-10-22
2024-10-23 00:00:00,"889,4534185883253","611,669983",4,4,2024-10-23
2024-10-23 01:00:00,"889,6501833574698","620,539978",4,4,2024-10-23
2024-10-23 02:00:00,"889,865579184541","639,859985",4,4,2024-10-23
2024-10-23 03:00:00,"889,5278802460912","675,950012",4,4,2024-10-23
2024-10-23 04:00:00,"888,8806108295523","780,950012",4,4,2024-10-23
2024-10-23 05:00:00,"888,634397889555","1025,329956",4,4,2024-10-23
2024-10-23 06:00:00,"888,7013155934713","1205,72998",4,4,2024-10-23
2024-10-23 07:00:00,"888,0111080405476","957,690002",4,4,2024-10-23
2024-10-23 08:00:00,"889,2047198228588","776,330017",4,4,2024-10-23
2024-10-23 09:00:00,"889,7727480840931","693,700012",4,4,2024-10-23
2024-10-23 10:00:00,"889,8563775241778","600,929993",4,4,2024-10-23
2024-10-23 11:00:00,"890,099555953369","574,75",4,4,2024-10-23
2024-10-23 12:00:00,"889,7635820510884","562,450012",4,4,2024-10-23
2024-10-23 13:00:00,"888,4503200063923","657,830017",4,4,2024-10-23
2024-10-23 14:00:00,"888,1005752834535","696,22998",4,4,2024-10-23
2024-10-23 15:00:00,"888,4983701232107","1009,669983",4,4,2024-10-23
2024-10-23 16:00:00,"888,9188171835845","1428,859985",4,4,2024-10-23
2024-10-23 17:00:00,"888,7152815829318","1312,52002",4,4,2024-10-23
2024-10-23 18:00:00,"888,9352279432452","833,080017",4,4,2024-10-23
2024-10-23 19:00:00,"889,6091173774519","754,849976",4,4,2024-10-23
2024-10-23 20:00:00,"889,5471735448515","767,599976",4,4,2024-10-23
2024-10-23 21:00:00,"890,01861072827","694,73999",4,4,2024-10-23
2024-10-23 22:00:00,"889,7375346634383","647,059998",4,4,2024-10-23
2024-10-23 23:00:00,"889,726316228673","597,460022",4,4,2024-10-23
2024-10-24 00:00:00,"889,3661156640518","582,469971",4,4,2024-10-24
2024-10-24 01:00:00,"889,3247006703482","564,349976",4,4,2024-10-24
2024-10-24 02:00:00,"889,0853094545733","532,200012",4,4,2024-10-24
2024-10-24 03:00:00,"888,9000856286647","597,909973",4,4,2024-10-24
2024-10-24 04:00:00,"888,5801176946072","748,409973",4,4,2024-10-24
2024-10-24 05:00:00,"888,2267249567432","1057,98999",4,4,2024-10-24
2024-10-24 06:00:00,"887,9031018707583","1233,47998",4,4,2024-10-24
2024-10-24 07:00:00,"887,7050229607509","874,820007",4,4,2024-10-24
2024-10-24 08:00:00,"888,4241004356988","760,049988",4,4,2024-10-24
2024-10-24 09:00:00,"889,4295127677394","693,969971",4,4,2024-10-24
2024-10-24 10:00:00,"889,7738582652776","626,169983",4,4,2024-10-24
2024-10-24 11:00:00,"890,50620153763","590,299988",4,4,2024-10-24
2024-10-24 12:00:00,"890,1448634215765","607,900024",4,4,2024-10-24
2024-10-24 13:00:00,"889,2609109279535","713,72998",4,4,2024-10-24
2024-10-24 14:00:00,"888,6430631947553","809,869995",4,4,2024-10-24
2024-10-24 15:00:00,"888,5716768379184","921,659973",4,4,2024-10-24
2024-10-24 16:00:00,"888,8855168845331","1034,430054",4,4,2024-10-24
2024-10-24 17:00:00,"888,6019072386158","851,630005",4,4,2024-10-24
2024-10-24 18:00:00,"888,7721673333014","720,52002",4,4,2024-10-24
2024-10-24 19:00:00,"889,2688103598313","698,369995",4,4,2024-10-24
2024-10-24 20:00:00,"889,2481671776997","670,47998",4,4,2024-10-24
2024-10-24 21:00:00,"890,0029664221645","623,559998",4,4,2024-10-24
2024-10-24 22:00:00,"890,211850232925","615,460022",4,4,2024-10-24
2024-10-24 23:00:00,"890,2879653265451","612,25",4,4,2024-10-24
2024-10-25 00:00:00,"889,9012118091875","594,48999",4,4,2024-10-25
2024-10-25 01:00:00,"889,9542484008634","616,200012",4,4,2024-10-25
2024-10-25 02:00:00,"889,9514124726697","630,150024",4,4,2024-10-25
2024-10-25 03:00:00,"889,907495533139","705,650024",4,4,2024-10-25
2024-10-25 04:00:00,"889,5305901965035","812,700012",4,4,2024-10-25
2024-10-25 05:00:00,"889,2813165327353","923,190002",4,4,2024-10-25
2024-10-25 06:00:00,"889,4837557133726","1123,410034",4,4,2024-10-25
2024-10-25 07:00:00,"889,2216670587459","913,340027",4,4,2024-10-25
2024-10-25 08:00:00,"889,6137782165371","806,809998",4,4,2024-10-25
2024-10-25 09:00:00,"889,8212295953734","700,5",4,4,2024-10-25
2024-10-25 10:00:00,"889,8856535063505","604,859985",4,4,2024-10-25
2024-10-25 11:00:00,"890,0270291389301","583,22998",4,4,2024-10-25
2024-10-25 12:00:00,"889,6800308094663","615,22998",4,4,2024-10-25
2024-10-25 13:00:00,"889,44972566547","741,01001",4,4,2024-10-25
2024-10-25 14:00:00,"889,5783582448646","880,51001",4,4,2024-10-25
2024-10-25 15:00:00,"889,7065455650969","1184,140015",4,4,2024-10-25
2024-10-25 16:00:00,"890,1490409880229","1695,829956",4,4,2024-10-25
2024-10-25 17:00:00,"890,2026140706589","1379,0",4,4,2024-10-25
2024-10-25 18:00:00,"890,6768225571077","924,01001",4,4,2024-10-25
2024-10-25 19:00:00,"890,9085387528128","867,530029",4,4,2024-10-25
2024-10-25 20:00:00,"891,0291826673392","850,150024",4,4,2024-10-25
2024-10-25 21:00:00,"891,3820946575813","801,210022",4,4,2024-10-25
2024-10-25 22:00:00,"891,376293128795","860,150024",4,4,2024-10-25
2024-10-25 23:00:00,"891,4816774696972","818,0",4,4,2024-10-25
2024-10-26 00:00:00,"891,267013902548","797,929993",4,4,2024-10-26
2024-10-26 01:00:00,"891,3204376882343","804,200012",4,4,2024-10-26
2024-10-26 02:00:00,"891,3057214078707","788,599976",4,4,2024-10-26
2024-10-26 03:00:00,"891,3383372418289","796,960022",4,4,2024-10-26
2024-10-26 04:00:00,"891,2073185899394","850,0",4,4,2024-10-26
2024-10-26 05:00:00,"890,8858838258138","937,890015",4,4,2024-10-26
2024-10-26 06:00:00,"890,6421875980803","940,059998",4,4,2024-10-26
2024-10-26 07:00:00,"890,4048725793106","877,159973",4,4,2024-10-26
2024-10-26 08:00:00,"890,7166923384692","756,450012",4,4,2024-10-26
2024-10-26 09:00:00,"891,0227095109296","607,900024",4,4,2024-10-26
2024-10-26 10:00:00,"890,8730390974661","509,940002",4,4,2024-10-26
2024-10-26 11:00:00,"891,001185847403","472,269989",4,4,2024-10-26
2024-10-26 12:00:00,"890,7196843844736","481,589996",4,4,2024-10-26
2024-10-26 13:00:00,"890,4246472015024","607,599976",4,4,2024-10-26
2024-10-26 14:00:00,"890,1901095791175","750,549988",4,4,2024-10-26
2024-10-26 15:00:00,"889,8751545859084","938,039978",4,4,2024-10-26
2024-10-26 16:00:00,"889,9603901116725","1125,829956",4,4,2024-10-26
2024-10-26 17:00:00,"889,6623321946112","885,890015",4,4,2024-10-26
2024-10-26 18:00:00,"889,6515058948287","719,809998",4,4,2024-10-26
2024-10-26 19:00:00,"890,1489307404383","662,219971",4,4,2024-10-26
2024-10-26 20:00:00,"890,3104670664989","652,820007",4,4,2024-10-26
2024-10-26 21:00:00,"890,6049829481813","571,719971",4,4,2024-10-26
2024-10-26 22:00:00,"890,6227158947842","688,119995",4,4,2024-10-26
2024-10-26 23:00:00,"890,6238225885332","626,780029",4,4,2024-10-26
2024-10-27 00:00:00,"890,5628629140649","613,570007",4,4,2024-10-27
2024-10-27 01:00:00,"890,8000200879047","600,140015",4,4,2024-10-27
2024-10-27 02:00:00,"890,8177489672797","592,530029",4,4,2024-10-27
2024-10-27 03:00:00,"890,8721881396759","587,900024",4,4,2024-10-27
2024-10-27 04:00:00,"890,6110286285506","635,289978",4,4,2024-10-27
2024-10-27 05:00:00,"890,3545867783841","665,659973",4,4,2024-10-27
2024-10-27 06:00:00,"890,1218522867239","657,0",4,4,2024-10-27
2024-10-27 07:00:00,"889,6500518279701","629,320007",4,4,2024-10-27
2024-10-27 08:00:00,"889,09587029956","496,049988",4,4,2024-10-27
2024-10-27 09:00:00,"888,8000337957276","408,299988",4,4,2024-10-27
2024-10-27 10:00:00,"889,2433484814363","317,119995",4,4,2024-10-27
2024-10-27 11:00:00,"890,2803589385436","298,390015",4,4,2024-10-27
2024-10-27 12:00:00,"890,3074515802487","298,470001",4,4,2024-10-27
2024-10-27 13:00:00,"889,2416287376731","480,01001",4,4,2024-10-27
2024-10-27 14:00:00,"888,6077673800761","753,109985",4,4,2024-10-27
2024-10-27 15:00:00,"888,6703613064709","878,97998",4,4,2024-10-27
2024-10-27 16:00:00,"889,51519643771","1106,569946",4,4,2024-10-27
2024-10-27 17:00:00,"889,4311078181189","1087,23999",4,4,2024-10-27
2024-10-27 18:00:00,"889,9341300930049","973,52002",4,4,2024-10-27
2024-10-27 19:00:00,"890,3743925215674","881,299988",4,4,2024-10-27
2024-10-27 20:00:00,"890,3957424814128","831,159973",4,4,2024-10-27
2024-10-27 21:00:00,"890,5799145589134","820,48999",4,4,2024-10-27
2024-10-27 22:00:00,"890,445787540991","651,109985",4,4,2024-10-27
2024-10-27 23:00:00,"890,3400762919863","713,340027",4,4,2024-10-27
