Time,Prediction,DKPrice,fold,week,Date
2024-01-01 00:00:00,"155,52439858850315","209,779999",1,1,2024-01-01
2024-01-01 01:00:00,"161,21047578370795","198,740005",1,1,2024-01-01
2024-01-01 02:00:00,"159,1718734003954","30,860001",1,1,2024-01-01
2024-01-01 03:00:00,"160,78804835733507","-0,22",1,1,2024-01-01
2024-01-01 04:00:00,"227,84643819388722","-0,15",1,1,2024-01-01
2024-01-01 05:00:00,"363,82029071745217","-0,37",1,1,2024-01-01
2024-01-01 06:00:00,"424,8649976248636","-0,15",1,1,2024-01-01
2024-01-01 07:00:00,"479,78850248834914","0,0",1,1,2024-01-01
2024-01-01 08:00:00,"479,58753525510645","0,6",1,1,2024-01-01
2024-01-01 09:00:00,"448,88506017365813","308,179993",1,1,2024-01-01
2024-01-01 10:00:00,"419,80285627726147","324,359985",1,1,2024-01-01
2024-01-01 11:00:00,"401,9457218509049","320,700012",1,1,2024-01-01
2024-01-01 12:00:00,"406,2016078139868","330,170013",1,1,2024-01-01
2024-01-01 13:00:00,"425,3861125123824","344,709991",1,1,2024-01-01
2024-01-01 14:00:00,"454,4221999644811","377,290009",1,1,2024-01-01
2024-01-01 15:00:00,"505,49799263992753","443,329987",1,1,2024-01-01
2024-01-01 16:00:00,"559,1981932815239","484,480011",1,1,2024-01-01
2024-01-01 17:00:00,"578,1997220923755","460,26001",1,1,2024-01-01
2024-01-01 18:00:00,"567,0536189583127","456,75",1,1,2024-01-01
2024-01-01 19:00:00,"494,9303866825003","447,059998",1,1,2024-01-01
2024-01-01 20:00:00,"426,48875375813964","409,420013",1,1,2024-01-01
2024-01-01 21:00:00,"404,8010540090902","355,220001",1,1,2024-01-01
2024-01-01 22:00:00,"350,73736988703524","265,019989",1,1,2024-01-01
2024-01-01 23:00:00,"331,1444111707648","228,039993",1,1,2024-01-01
2024-01-02 00:00:00,"321,54464556909466","149,619995",1,1,2024-01-02
2024-01-02 01:00:00,"317,97036590883977","231,320007",1,1,2024-01-02
2024-01-02 02:00:00,"331,55775041169886","137,089996",1,1,2024-01-02
2024-01-02 03:00:00,"349,7294404998854","82,599998",1,1,2024-01-02
2024-01-02 04:00:00,"379,1979595542754","102,730003",1,1,2024-01-02
2024-01-02 05:00:00,"436,7177189519575","355,070007",1,1,2024-01-02
2024-01-02 06:00:00,"482,1971782789559","433,119995",1,1,2024-01-02
2024-01-02 07:00:00,"582,2245265170181","489,549988",1,1,2024-01-02
2024-01-02 08:00:00,"553,3897469430943","482,549988",1,1,2024-01-02
2024-01-02 09:00:00,"539,4937323936773","514,22998",1,1,2024-01-02
2024-01-02 10:00:00,"510,45065191299335","548,219971",1,1,2024-01-02
2024-01-02 11:00:00,"503,7774478243092","582,659973",1,1,2024-01-02
2024-01-02 12:00:00,"507,81821142372104","587,960022",1,1,2024-01-02
2024-01-02 13:00:00,"514,2155059155391","590,719971",1,1,2024-01-02
2024-01-02 14:00:00,"538,0628072863714","596,080017",1,1,2024-01-02
2024-01-02 15:00:00,"674,9675931012993","607,26001",1,1,2024-01-02
2024-01-02 16:00:00,"673,0331038808953","603,23999",1,1,2024-01-02
2024-01-02 17:00:00,"621,0126144586296","558,72998",1,1,2024-01-02
2024-01-02 18:00:00,"566,0178806076217","470,98999",1,1,2024-01-02
2024-01-02 19:00:00,"540,2324199495672","425,73999",1,1,2024-01-02
2024-01-02 20:00:00,"503,59190409986917","349,549988",1,1,2024-01-02
2024-01-02 21:00:00,"485,26007247584255","298,190002",1,1,2024-01-02
2024-01-02 22:00:00,"464,8107744423201","162,589996",1,1,2024-01-02
2024-01-02 23:00:00,"426,201743759776","7,75",1,1,2024-01-02
2024-01-03 00:00:00,"421,53178449646197","-0,07",1,1,2024-01-03
2024-01-03 01:00:00,"425,08533876273367","0,0",1,1,2024-01-03
2024-01-03 02:00:00,"388,2333501371796","-0,07",1,1,2024-01-03
2024-01-03 03:00:00,"373,79189032112714","0,0",1,1,2024-01-03
2024-01-03 04:00:00,"395,6056622481474","0,15",1,1,2024-01-03
2024-01-03 05:00:00,"413,36861912633384","8,13",1,1,2024-01-03
2024-01-03 06:00:00,"524,0293534218335","302,600006",1,1,2024-01-03
2024-01-03 07:00:00,"603,4710447463227","444,399994",1,1,2024-01-03
2024-01-03 08:00:00,"616,0522035922921","451,850006",1,1,2024-01-03
2024-01-03 09:00:00,"615,210292840811","424,940002",1,1,2024-01-03
2024-01-03 10:00:00,"596,1865856057601","409,209991",1,1,2024-01-03
2024-01-03 11:00:00,"582,7097750448933","445,820007",1,1,2024-01-03
2024-01-03 12:00:00,"584,1305348802525","438,809998",1,1,2024-01-03
2024-01-03 13:00:00,"601,9985142363245","453,720001",1,1,2024-01-03
2024-01-03 14:00:00,"619,0211684158176","500,829987",1,1,2024-01-03
2024-01-03 15:00:00,"624,0250120277416","548,619995",1,1,2024-01-03
2024-01-03 16:00:00,"649,2866344707533","613,409973",1,1,2024-01-03
2024-01-03 17:00:00,"629,2872303445786","618,549988",1,1,2024-01-03
2024-01-03 18:00:00,"589,0028757172478","589,179993",1,1,2024-01-03
2024-01-03 19:00:00,"556,851343801612","545,940002",1,1,2024-01-03
2024-01-03 20:00:00,"471,15415368037634","502,549988",1,1,2024-01-03
2024-01-03 21:00:00,"452,7024584136093","484,579987",1,1,2024-01-03
2024-01-03 22:00:00,"375,698249426486","433,290009",1,1,2024-01-03
2024-01-03 23:00:00,"276,1964006613039","427,329987",1,1,2024-01-03
2024-01-04 00:00:00,"262,6419082085504","376,320007",1,1,2024-01-04
2024-01-04 01:00:00,"252,409396196738","298,309998",1,1,2024-01-04
2024-01-04 02:00:00,"226,3890412511045","190,020004",1,1,2024-01-04
2024-01-04 03:00:00,"217,07726233100715","261,019989",1,1,2024-01-04
2024-01-04 04:00:00,"220,76634401782897","430,540009",1,1,2024-01-04
2024-01-04 05:00:00,"352,7980173907125","541,809998",1,1,2024-01-04
2024-01-04 06:00:00,"450,4105082800556","634,059998",1,1,2024-01-04
2024-01-04 07:00:00,"525,5827806417129","682,169983",1,1,2024-01-04
2024-01-04 08:00:00,"504,5135373462602","702,530029",1,1,2024-01-04
2024-01-04 09:00:00,"493,04512910985613","683,210022",1,1,2024-01-04
2024-01-04 10:00:00,"467,34731779105545","671,429993",1,1,2024-01-04
2024-01-04 11:00:00,"452,8295854655789","643,609985",1,1,2024-01-04
2024-01-04 12:00:00,"455,5899374021872","641,070007",1,1,2024-01-04
2024-01-04 13:00:00,"459,86053845151497","686,940002",1,1,2024-01-04
2024-01-04 14:00:00,"467,0354175547369","735,48999",1,1,2024-01-04
2024-01-04 15:00:00,"488,6720628725748","788,51001",1,1,2024-01-04
2024-01-04 16:00:00,"523,4715189763748","993,599976",1,1,2024-01-04
2024-01-04 17:00:00,"526,5797996031067","1078,77002",1,1,2024-01-04
2024-01-04 18:00:00,"505,41153484969186","932,22998",1,1,2024-01-04
2024-01-04 19:00:00,"456,1803019483666","772,549988",1,1,2024-01-04
2024-01-04 20:00:00,"396,79143784828165","745,859985",1,1,2024-01-04
2024-01-04 21:00:00,"362,8902276453954","707,450012",1,1,2024-01-04
2024-01-04 22:00:00,"259,8451148600897","662,47998",1,1,2024-01-04
2024-01-04 23:00:00,"243,91287566498139","642,059998",1,1,2024-01-04
2024-01-05 00:00:00,"226,82100490473346","600,51001",1,1,2024-01-05
2024-01-05 01:00:00,"221,02906047361705","574,409973",1,1,2024-01-05
2024-01-05 02:00:00,"208,46261515242193","546,059998",1,1,2024-01-05
2024-01-05 03:00:00,"203,34576589083176","552,330017",1,1,2024-01-05
2024-01-05 04:00:00,"216,7566135176413","567,099976",1,1,2024-01-05
2024-01-05 05:00:00,"249,9931063680001","604,169983",1,1,2024-01-05
2024-01-05 06:00:00,"385,7924693415797","648,919983",1,1,2024-01-05
2024-01-05 07:00:00,"421,4493951869015","668,090027",1,1,2024-01-05
2024-01-05 08:00:00,"431,21212103614346","708,070007",1,1,2024-01-05
2024-01-05 09:00:00,"385,9702490709176","718,140015",1,1,2024-01-05
2024-01-05 10:00:00,"368,7841295369318","732,609985",1,1,2024-01-05
2024-01-05 11:00:00,"329,59063891589534","688,01001",1,1,2024-01-05
2024-01-05 12:00:00,"300,0214332051691","682,780029",1,1,2024-01-05
2024-01-05 13:00:00,"307,9952747618306","719,109985",1,1,2024-01-05
2024-01-05 14:00:00,"338,4234842979146","746,26001",1,1,2024-01-05
2024-01-05 15:00:00,"397,6788388431816","768,039978",1,1,2024-01-05
2024-01-05 16:00:00,"422,3559635487164","800,929993",1,1,2024-01-05
2024-01-05 17:00:00,"430,7294077521555","808,909973",1,1,2024-01-05
2024-01-05 18:00:00,"372,8519083444315","775,419983",1,1,2024-01-05
2024-01-05 19:00:00,"325,3891108502905","746,559998",1,1,2024-01-05
2024-01-05 20:00:00,"310,06123665187226","702,549988",1,1,2024-01-05
2024-01-05 21:00:00,"339,82247045552344","708,0",1,1,2024-01-05
2024-01-05 22:00:00,"268,06862157958847","647,429993",1,1,2024-01-05
2024-01-05 23:00:00,"214,75374262920838","613,47998",1,1,2024-01-05
2024-01-06 00:00:00,"174,07499434042597","598,190002",1,1,2024-01-06
2024-01-06 01:00:00,"162,24466403291015","567,830017",1,1,2024-01-06
2024-01-06 02:00:00,"152,45468394669416","544,559998",1,1,2024-01-06
2024-01-06 03:00:00,"148,78279952047924","544,559998",1,1,2024-01-06
2024-01-06 04:00:00,"144,91128191999974","556,340027",1,1,2024-01-06
2024-01-06 05:00:00,"151,25280169876953","560,150024",1,1,2024-01-06
2024-01-06 06:00:00,"226,9527536060232","607,059998",1,1,2024-01-06
2024-01-06 07:00:00,"311,8013319588011","659,349976",1,1,2024-01-06
2024-01-06 08:00:00,"372,6177610345137","687,909973",1,1,2024-01-06
2024-01-06 09:00:00,"365,3636247637224","725,72998",1,1,2024-01-06
2024-01-06 10:00:00,"342,3121533508156","749,070007",1,1,2024-01-06
2024-01-06 11:00:00,"334,18635807436505","739,599976",1,1,2024-01-06
2024-01-06 12:00:00,"355,93446047525134","710,210022",1,1,2024-01-06
2024-01-06 13:00:00,"401,26535951457043","690,299988",1,1,2024-01-06
2024-01-06 14:00:00,"418,3559272948616","709,23999",1,1,2024-01-06
2024-01-06 15:00:00,"473,3766593047608","744,75",1,1,2024-01-06
2024-01-06 16:00:00,"532,5080070107056","780,849976",1,1,2024-01-06
2024-01-06 17:00:00,"563,9425989861977","774,51001",1,1,2024-01-06
2024-01-06 18:00:00,"518,6866577707071","740,719971",1,1,2024-01-06
2024-01-06 19:00:00,"466,36423751393045","687,909973",1,1,2024-01-06
2024-01-06 20:00:00,"394,924086368985","656,359985",1,1,2024-01-06
2024-01-06 21:00:00,"319,29978598067805","647,039978",1,1,2024-01-06
2024-01-06 22:00:00,"259,6844095046712","596,919983",1,1,2024-01-06
2024-01-06 23:00:00,"216,3475608937819","642,570007",1,1,2024-01-06
2024-01-07 00:00:00,"173,6154904640945","615,049988",1,1,2024-01-07
2024-01-07 01:00:00,"159,04193063612814","573,72998",1,1,2024-01-07
2024-01-07 02:00:00,"139,91275288418262","561,48999",1,1,2024-01-07
2024-01-07 03:00:00,"109,0829490558864","546,950012",1,1,2024-01-07
2024-01-07 04:00:00,"100,56526483523439","550,309998",1,1,2024-01-07
2024-01-07 05:00:00,"116,4481601965749","560,450012",1,1,2024-01-07
2024-01-07 06:00:00,"124,80907700150766","582,080017",1,1,2024-01-07
2024-01-07 07:00:00,"164,28879399058792","610,049988",1,1,2024-01-07
2024-01-07 08:00:00,"177,41508128035417","634,219971",1,1,2024-01-07
2024-01-07 09:00:00,"176,495148146317","650,030029",1,1,2024-01-07
2024-01-07 10:00:00,"167,61539303310147","666,210022",1,1,2024-01-07
2024-01-07 11:00:00,"158,1960175518718","682,469971",1,1,2024-01-07
2024-01-07 12:00:00,"149,05044229115353","652,789978",1,1,2024-01-07
2024-01-07 13:00:00,"158,76434358117336","634,219971",1,1,2024-01-07
2024-01-07 14:00:00,"184,35354856873602","656,440002",1,1,2024-01-07
2024-01-07 15:00:00,"216,26015367988026","696,799988",1,1,2024-01-07
2024-01-07 16:00:00,"254,48210755162228","759,080017",1,1,2024-01-07
2024-01-07 17:00:00,"242,93065272984336","782,049988",1,1,2024-01-07
2024-01-07 18:00:00,"200,26448677497768","772,349976",1,1,2024-01-07
2024-01-07 19:00:00,"178,14609866443416","749,599976",1,1,2024-01-07
2024-01-07 20:00:00,"169,51471721667107","695,97998",1,1,2024-01-07
2024-01-07 21:00:00,"174,3159421885678","680,01001",1,1,2024-01-07
2024-01-07 22:00:00,"147,48510750977326","625,48999",1,1,2024-01-07
2024-01-07 23:00:00,"135,8125574967017","649,059998",1,1,2024-01-07
2024-01-08 00:00:00,"212,1316960296749","628,919983",1,2,2024-01-08
2024-01-08 01:00:00,"134,25711068949542","610,27002",1,2,2024-01-08
2024-01-08 02:00:00,"121,7920436896775","590,059998",1,2,2024-01-08
2024-01-08 03:00:00,"123,56055910183944","585,359985",1,2,2024-01-08
2024-01-08 04:00:00,"136,62686392463468","612,359985",1,2,2024-01-08
2024-01-08 05:00:00,"175,91029968885337","703,359985",1,2,2024-01-08
2024-01-08 06:00:00,"235,12484708162808","828,669983",1,2,2024-01-08
2024-01-08 07:00:00,"263,8588664041988","903,330017",1,2,2024-01-08
2024-01-08 08:00:00,"251,6307185337701","878,859985",1,2,2024-01-08
2024-01-08 09:00:00,"238,46750940307936","824,940002",1,2,2024-01-08
2024-01-08 10:00:00,"216,89444017893663","768,25",1,2,2024-01-08
2024-01-08 11:00:00,"207,07485098693135","712,309998",1,2,2024-01-08
2024-01-08 12:00:00,"207,47655668746341","701,349976",1,2,2024-01-08
2024-01-08 13:00:00,"216,66880317354895","763,25",1,2,2024-01-08
2024-01-08 14:00:00,"247,01203245435786","805,390015",1,2,2024-01-08
2024-01-08 15:00:00,"371,16189278830984","923,619995",1,2,2024-01-08
2024-01-08 16:00:00,"425,91392470081433","963,299988",1,2,2024-01-08
2024-01-08 17:00:00,"440,9039464068222","969,710022",1,2,2024-01-08
2024-01-08 18:00:00,"403,6398885674293","910,859985",1,2,2024-01-08
2024-01-08 19:00:00,"330,42007062382896","851,859985",1,2,2024-01-08
2024-01-08 20:00:00,"296,1883604347764","766,97998",1,2,2024-01-08
2024-01-08 21:00:00,"292,07289121776455","745,719971",1,2,2024-01-08
2024-01-08 22:00:00,"238,6955283222411","682,400024",1,2,2024-01-08
2024-01-08 23:00:00,"200,24546694701644","657,710022",1,2,2024-01-08
2024-01-09 00:00:00,"170,93492947238187","649,359985",1,2,2024-01-09
2024-01-09 01:00:00,"189,81707579921112","634,140015",1,2,2024-01-09
2024-01-09 02:00:00,"181,76620732000518","627,719971",1,2,2024-01-09
2024-01-09 03:00:00,"174,31385085909264","639,51001",1,2,2024-01-09
2024-01-09 04:00:00,"203,3005449965432","666,070007",1,2,2024-01-09
2024-01-09 05:00:00,"314,63862286011937","809,530029",1,2,2024-01-09
2024-01-09 06:00:00,"370,65295966644777","925,539978",1,2,2024-01-09
2024-01-09 07:00:00,"412,5970887375819","994,030029",1,2,2024-01-09
2024-01-09 08:00:00,"397,9358368917157","902,039978",1,2,2024-01-09
2024-01-09 09:00:00,"394,5071959237029","844,450012",1,2,2024-01-09
2024-01-09 10:00:00,"392,38775497673055","789,169983",1,2,2024-01-09
2024-01-09 11:00:00,"395,00718045599535","747,690002",1,2,2024-01-09
2024-01-09 12:00:00,"388,7110469246109","752,159973",1,2,2024-01-09
2024-01-09 13:00:00,"407,3339811428227","827,289978",1,2,2024-01-09
2024-01-09 14:00:00,"443,5645851320487","890,780029",1,2,2024-01-09
2024-01-09 15:00:00,"523,6991101291717","953,820007",1,2,2024-01-09
2024-01-09 16:00:00,"554,6549254176567","1028,349976",1,2,2024-01-09
2024-01-09 17:00:00,"537,4994606664744","1028,050049",1,2,2024-01-09
2024-01-09 18:00:00,"502,4302977910674","973,070007",1,2,2024-01-09
2024-01-09 19:00:00,"469,21477580535077","897,039978",1,2,2024-01-09
2024-01-09 20:00:00,"409,38393202552845","833,179993",1,2,2024-01-09
2024-01-09 21:00:00,"403,41157002243733","792,150024",1,2,2024-01-09
2024-01-09 22:00:00,"304,8010164538972","724,340027",1,2,2024-01-09
2024-01-09 23:00:00,"249,07861141339967","665,900024",1,2,2024-01-09
2024-01-10 00:00:00,"253,7120065487312","647,039978",1,2,2024-01-10
2024-01-10 01:00:00,"257,42704136906355","646,809998",1,2,2024-01-10
2024-01-10 02:00:00,"237,98662586105158","642,039978",1,2,2024-01-10
2024-01-10 03:00:00,"208,95078049248426","643,599976",1,2,2024-01-10
2024-01-10 04:00:00,"241,76062195599891","664,109985",1,2,2024-01-10
2024-01-10 05:00:00,"292,4906230787592","812,0",1,2,2024-01-10
2024-01-10 06:00:00,"425,80200655776196","941,840027",1,2,2024-01-10
2024-01-10 07:00:00,"510,0190029021162","1053,630005",1,2,2024-01-10
2024-01-10 08:00:00,"513,4820858139732","972,419983",1,2,2024-01-10
2024-01-10 09:00:00,"497,38064610229384","884,190002",1,2,2024-01-10
2024-01-10 10:00:00,"485,83603997509124","813,869995",1,2,2024-01-10
2024-01-10 11:00:00,"483,05481735867625","762,26001",1,2,2024-01-10
2024-01-10 12:00:00,"470,71147729101085","787,609985",1,2,2024-01-10
2024-01-10 13:00:00,"502,911801535236","842,059998",1,2,2024-01-10
2024-01-10 14:00:00,"538,6163735815879","923,27002",1,2,2024-01-10
2024-01-10 15:00:00,"561,0366337073585","1004,109985",1,2,2024-01-10
2024-01-10 16:00:00,"598,7943389870037","1072,349976",1,2,2024-01-10
2024-01-10 17:00:00,"588,2028011664349","1044,089966",1,2,2024-01-10
2024-01-10 18:00:00,"553,9990360934031","985,539978",1,2,2024-01-10
2024-01-10 19:00:00,"505,1757382812501","894,929993",1,2,2024-01-10
2024-01-10 20:00:00,"419,0169731054687","818,559998",1,2,2024-01-10
2024-01-10 21:00:00,"369,74982233008825","779,26001",1,2,2024-01-10
2024-01-10 22:00:00,"277,2821001292953","677,909973",1,2,2024-01-10
2024-01-10 23:00:00,"257,07766379230594","684,27002",1,2,2024-01-10
2024-01-11 00:00:00,"221,9546454957833","660,700012",1,2,2024-01-11
2024-01-11 01:00:00,"179,19335286070395","650,710022",1,2,2024-01-11
2024-01-11 02:00:00,"132,96862957840372","614,390015",1,2,2024-01-11
2024-01-11 03:00:00,"157,8391640425428","611,179993",1,2,2024-01-11
2024-01-11 04:00:00,"169,27230753636198","666,440002",1,2,2024-01-11
2024-01-11 05:00:00,"248,99852257529022","761,22998",1,2,2024-01-11
2024-01-11 06:00:00,"387,8388947413337","871,530029",1,2,2024-01-11
2024-01-11 07:00:00,"446,2212811849289","1051,569946",1,2,2024-01-11
2024-01-11 08:00:00,"441,6829386037552","963,27002",1,2,2024-01-11
2024-01-11 09:00:00,"414,9162301219913","847,590027",1,2,2024-01-11
2024-01-11 10:00:00,"371,1751195138547","794,119995",1,2,2024-01-11
2024-01-11 11:00:00,"331,8327027449062","741,169983",1,2,2024-01-11
2024-01-11 12:00:00,"269,7793063749417","738,340027",1,2,2024-01-11
2024-01-11 13:00:00,"329,5123887991091","790,390015",1,2,2024-01-11
2024-01-11 14:00:00,"379,54819964884433","879,73999",1,2,2024-01-11
2024-01-11 15:00:00,"420,18015490427064","1024,349976",1,2,2024-01-11
2024-01-11 16:00:00,"532,8577912460893","1119,359985",1,2,2024-01-11
2024-01-11 17:00:00,"569,8691304824318","1019,429993",1,2,2024-01-11
2024-01-11 18:00:00,"523,4680307473135","986,76001",1,2,2024-01-11
2024-01-11 19:00:00,"449,5255730375746","879,140015",1,2,2024-01-11
2024-01-11 20:00:00,"410,89795249877915","799,419983",1,2,2024-01-11
2024-01-11 21:00:00,"363,33919236571006","745,789978",1,2,2024-01-11
2024-01-11 22:00:00,"263,61253187220444","725,059998",1,2,2024-01-11
2024-01-11 23:00:00,"242,9246054005792","678,890015",1,2,2024-01-11
2024-01-12 00:00:00,"221,87430983078912","657,859985",1,2,2024-01-12
2024-01-12 01:00:00,"213,01494244876537","635,48999",1,2,2024-01-12
2024-01-12 02:00:00,"202,19944626596592","631,090027",1,2,2024-01-12
2024-01-12 03:00:00,"204,06700195074185","628,929993",1,2,2024-01-12
2024-01-12 04:00:00,"212,9591642326155","628,190002",1,2,2024-01-12
2024-01-12 05:00:00,"224,0624825162265","665,469971",1,2,2024-01-12
2024-01-12 06:00:00,"356,9099713356783","881,130005",1,2,2024-01-12
2024-01-12 07:00:00,"436,3098377622826","1049,51001",1,2,2024-01-12
2024-01-12 08:00:00,"402,64577054370807","1006,409973",1,2,2024-01-12
2024-01-12 09:00:00,"418,02000533906704","909,840027",1,2,2024-01-12
2024-01-12 10:00:00,"377,1951004515575","855,549988",1,2,2024-01-12
2024-01-12 11:00:00,"390,00954481084756","797,76001",1,2,2024-01-12
2024-01-12 12:00:00,"373,4913385776335","768,679993",1,2,2024-01-12
2024-01-12 13:00:00,"436,5336912519861","779,559998",1,2,2024-01-12
2024-01-12 14:00:00,"450,6260921542215","820,280029",1,2,2024-01-12
2024-01-12 15:00:00,"460,2584310096414","894,849976",1,2,2024-01-12
2024-01-12 16:00:00,"464,8936889475569","950,780029",1,2,2024-01-12
2024-01-12 17:00:00,"489,78929553524193","939,590027",1,2,2024-01-12
2024-01-12 18:00:00,"466,7186185510057","890,900024",1,2,2024-01-12
2024-01-12 19:00:00,"421,70845742903765","798,880005",1,2,2024-01-12
2024-01-12 20:00:00,"355,4630448760052","683,820007",1,2,2024-01-12
2024-01-12 21:00:00,"375,78385966271594","634,0",1,2,2024-01-12
2024-01-12 22:00:00,"301,6249841500841","615,140015",1,2,2024-01-12
2024-01-12 23:00:00,"240,9468977127555","544,869995",1,2,2024-01-12
2024-01-13 00:00:00,"216,45395120739784","558,140015",1,2,2024-01-13
2024-01-13 01:00:00,"219,07306499526666","549,200012",1,2,2024-01-13
2024-01-13 02:00:00,"210,42985416922585","532,190002",1,2,2024-01-13
2024-01-13 03:00:00,"212,86323021199877","538,679993",1,2,2024-01-13
2024-01-13 04:00:00,"213,5295922411612","512,51001",1,2,2024-01-13
2024-01-13 05:00:00,"213,62797824137675","486,040009",1,2,2024-01-13
2024-01-13 06:00:00,"276,63874539000545","510,869995",1,2,2024-01-13
2024-01-13 07:00:00,"338,91785491658175","500,799988",1,2,2024-01-13
2024-01-13 08:00:00,"404,6673423628778","546,659973",1,2,2024-01-13
2024-01-13 09:00:00,"415,3896899460558","537,039978",1,2,2024-01-13
2024-01-13 10:00:00,"439,62699735869654","529,289978",1,2,2024-01-13
2024-01-13 11:00:00,"442,0302149104181","521,609985",1,2,2024-01-13
2024-01-13 12:00:00,"440,23878344329773","474,779999",1,2,2024-01-13
2024-01-13 13:00:00,"465,9450738316777","506,390015",1,2,2024-01-13
2024-01-13 14:00:00,"503,2494943771574","511,609985",1,2,2024-01-13
2024-01-13 15:00:00,"543,7137699757385","527,789978",1,2,2024-01-13
2024-01-13 16:00:00,"627,2492742372594","553,450012",1,2,2024-01-13
2024-01-13 17:00:00,"619,351775082035","565,299988",1,2,2024-01-13
2024-01-13 18:00:00,"572,5182031448118","550,460022",1,2,2024-01-13
2024-01-13 19:00:00,"515,7328208720737","544,799988",1,2,2024-01-13
2024-01-13 20:00:00,"465,55195091757037","528,909973",1,2,2024-01-13
2024-01-13 21:00:00,"436,66862775583326","479,470001",1,2,2024-01-13
2024-01-13 22:00:00,"363,18157665639444","470,970001",1,2,2024-01-13
2024-01-13 23:00:00,"346,5631396087305","477,420013",1,2,2024-01-13
2024-01-14 00:00:00,"249,3769598671834","463,179993",1,2,2024-01-14
2024-01-14 01:00:00,"219,97291619680843","469,290009",1,2,2024-01-14
2024-01-14 02:00:00,"206,3264020520436","477,350006",1,2,2024-01-14
2024-01-14 03:00:00,"189,68752032850534","482,269989",1,2,2024-01-14
2024-01-14 04:00:00,"185,71961190294263","486,220001",1,2,2024-01-14
2024-01-14 05:00:00,"191,74074703783376","501,950012",1,2,2024-01-14
2024-01-14 06:00:00,"203,03203759245204","534,390015",1,2,2024-01-14
2024-01-14 07:00:00,"216,92851739256756","572,280029",1,2,2024-01-14
2024-01-14 08:00:00,"243,02324452281144","605,090027",1,2,2024-01-14
2024-01-14 09:00:00,"247,0498918925381","601,289978",1,2,2024-01-14
2024-01-14 10:00:00,"247,00234194954317","610,309998",1,2,2024-01-14
2024-01-14 11:00:00,"247,14621464022798","599,5",1,2,2024-01-14
2024-01-14 12:00:00,"228,68317473088916","574,52002",1,2,2024-01-14
2024-01-14 13:00:00,"243,85745258792716","590,25",1,2,2024-01-14
2024-01-14 14:00:00,"252,59492614061946","613,890015",1,2,2024-01-14
2024-01-14 15:00:00,"296,74920575095","645,960022",1,2,2024-01-14
2024-01-14 16:00:00,"369,78217644577234","685,030029",1,2,2024-01-14
2024-01-14 17:00:00,"369,02225357024577","705,76001",1,2,2024-01-14
2024-01-14 18:00:00,"265,25223833110846","635,809998",1,2,2024-01-14
2024-01-14 19:00:00,"263,2829372226117","589,580017",1,2,2024-01-14
2024-01-14 20:00:00,"249,51226779216083","586,150024",1,2,2024-01-14
2024-01-14 21:00:00,"254,3475761622526","562,210022",1,2,2024-01-14
2024-01-14 22:00:00,"220,1892735786366","501,059998",1,2,2024-01-14
2024-01-14 23:00:00,"221,87013358339416","506,350006",1,2,2024-01-14
2024-01-15 00:00:00,"299,9274350029577","484,730011",1,3,2024-01-15
2024-01-15 01:00:00,"204,03296582335273","476,820007",1,3,2024-01-15
2024-01-15 02:00:00,"177,03910151766536","462,649994",1,3,2024-01-15
2024-01-15 03:00:00,"174,47789742901622","462,649994",1,3,2024-01-15
2024-01-15 04:00:00,"198,15933131455674","516,419983",1,3,2024-01-15
2024-01-15 05:00:00,"231,80214202121593","596,219971",1,3,2024-01-15
2024-01-15 06:00:00,"269,08304450662234","625,22998",1,3,2024-01-15
2024-01-15 07:00:00,"359,6920539411936","740,52002",1,3,2024-01-15
2024-01-15 08:00:00,"338,10492160530106","747,900024",1,3,2024-01-15
2024-01-15 09:00:00,"284,3944517192238","707,549988",1,3,2024-01-15
2024-01-15 10:00:00,"264,6148237402424","673,099976",1,3,2024-01-15
2024-01-15 11:00:00,"257,74415425078377","625,369995",1,3,2024-01-15
2024-01-15 12:00:00,"255,7303080024379","612,619995",1,3,2024-01-15
2024-01-15 13:00:00,"266,96765450028596","630,150024",1,3,2024-01-15
2024-01-15 14:00:00,"331,30760040897115","666,98999",1,3,2024-01-15
2024-01-15 15:00:00,"448,0625691973927","745,140015",1,3,2024-01-15
2024-01-15 16:00:00,"502,41057855567004","813,450012",1,3,2024-01-15
2024-01-15 17:00:00,"521,0257759124742","861,849976",1,3,2024-01-15
2024-01-15 18:00:00,"490,91525677261654","825,22998",1,3,2024-01-15
2024-01-15 19:00:00,"461,62219590169536","769,22998",1,3,2024-01-15
2024-01-15 20:00:00,"434,0317942934571","693,159973",1,3,2024-01-15
2024-01-15 21:00:00,"426,91803081847763","667,359985",1,3,2024-01-15
2024-01-15 22:00:00,"359,47878905153703","644,539978",1,3,2024-01-15
2024-01-15 23:00:00,"328,97134123924957","607,469971",1,3,2024-01-15
2024-01-16 00:00:00,"279,97414939554017","607,099976",1,3,2024-01-16
2024-01-16 01:00:00,"304,530261479474","597,179993",1,3,2024-01-16
2024-01-16 02:00:00,"264,32792858722473","583,679993",1,3,2024-01-16
2024-01-16 03:00:00,"257,6072044679453","578,679993",1,3,2024-01-16
2024-01-16 04:00:00,"268,0055274505293","622,390015",1,3,2024-01-16
2024-01-16 05:00:00,"401,602275091388","701,590027",1,3,2024-01-16
2024-01-16 06:00:00,"469,31215220596624","855,97998",1,3,2024-01-16
2024-01-16 07:00:00,"499,86271330448204","1119,849976",1,3,2024-01-16
2024-01-16 08:00:00,"487,3460227781816","1121,119995",1,3,2024-01-16
2024-01-16 09:00:00,"479,47730791740696","1039,670044",1,3,2024-01-16
2024-01-16 10:00:00,"468,86802505448566","871,940002",1,3,2024-01-16
2024-01-16 11:00:00,"466,48005838769393","771,400024",1,3,2024-01-16
2024-01-16 12:00:00,"471,38082378839533","708,380005",1,3,2024-01-16
2024-01-16 13:00:00,"489,4096391151043","715,98999",1,3,2024-01-16
2024-01-16 14:00:00,"523,1009865454237","822,27002",1,3,2024-01-16
2024-01-16 15:00:00,"625,3404370762","830,77002",1,3,2024-01-16
2024-01-16 16:00:00,"668,1543896994765","955,77002",1,3,2024-01-16
2024-01-16 17:00:00,"654,1830396213636","949,5",1,3,2024-01-16
2024-01-16 18:00:00,"612,5752927696014","833,599976",1,3,2024-01-16
2024-01-16 19:00:00,"556,5194557009149","712,179993",1,3,2024-01-16
2024-01-16 20:00:00,"496,9008468866949","642,969971",1,3,2024-01-16
2024-01-16 21:00:00,"466,82155845947386","611,869995",1,3,2024-01-16
2024-01-16 22:00:00,"419,347266304426","579,429993",1,3,2024-01-16
2024-01-16 23:00:00,"361,97377699308817","506,070007",1,3,2024-01-16
2024-01-17 00:00:00,"357,19425357957374","502,269989",1,3,2024-01-17
2024-01-17 01:00:00,"359,69199087369657","495,779999",1,3,2024-01-17
2024-01-17 02:00:00,"345,62961139930667","489,220001",1,3,2024-01-17
2024-01-17 03:00:00,"352,3711122398155","487,429993",1,3,2024-01-17
2024-01-17 04:00:00,"382,5412418776946","487,209991",1,3,2024-01-17
2024-01-17 05:00:00,"431,9638000482119","499,209991",1,3,2024-01-17
2024-01-17 06:00:00,"568,7160436683653","591,23999",1,3,2024-01-17
2024-01-17 07:00:00,"684,1599802992616","715,929993",1,3,2024-01-17
2024-01-17 08:00:00,"667,401162054321","767,159973",1,3,2024-01-17
2024-01-17 09:00:00,"620,3988586118382","797,289978",1,3,2024-01-17
2024-01-17 10:00:00,"592,9593098362905","802,890015",1,3,2024-01-17
2024-01-17 11:00:00,"563,9519507553854","877,840027",1,3,2024-01-17
2024-01-17 12:00:00,"574,5772093703818","907,590027",1,3,2024-01-17
2024-01-17 13:00:00,"615,8448496343462","907,890015",1,3,2024-01-17
2024-01-17 14:00:00,"664,1321936212365","935,630005",1,3,2024-01-17
2024-01-17 15:00:00,"702,639711524148","958,75",1,3,2024-01-17
2024-01-17 16:00:00,"756,721644153928","1047,939941",1,3,2024-01-17
2024-01-17 17:00:00,"733,4175868160221","921,690002",1,3,2024-01-17
2024-01-17 18:00:00,"682,2458135898488","852,26001",1,3,2024-01-17
2024-01-17 19:00:00,"614,3936212071727","818,849976",1,3,2024-01-17
2024-01-17 20:00:00,"506,66748388136625","753,890015",1,3,2024-01-17
2024-01-17 21:00:00,"460,92766353149364","703,099976",1,3,2024-01-17
2024-01-17 22:00:00,"376,4211131461397","627,710022",1,3,2024-01-17
2024-01-17 23:00:00,"393,39162868562534","606,580017",1,3,2024-01-17
2024-01-18 00:00:00,"335,2676197256164","575,780029",1,3,2024-01-18
2024-01-18 01:00:00,"313,65327602203536","561,530029",1,3,2024-01-18
2024-01-18 02:00:00,"269,57885256549787","558,700012",1,3,2024-01-18
2024-01-18 03:00:00,"296,2768434627931","578,539978",1,3,2024-01-18
2024-01-18 04:00:00,"363,56409757102875","604,119995",1,3,2024-01-18
2024-01-18 05:00:00,"442,17585225164544","680,570007",1,3,2024-01-18
2024-01-18 06:00:00,"542,872488779181","831,969971",1,3,2024-01-18
2024-01-18 07:00:00,"668,0749297799719","938,919983",1,3,2024-01-18
2024-01-18 08:00:00,"651,5682301764883","911,179993",1,3,2024-01-18
2024-01-18 09:00:00,"584,5100974123794","827,119995",1,3,2024-01-18
2024-01-18 10:00:00,"525,9456532320372","805,119995",1,3,2024-01-18
2024-01-18 11:00:00,"493,8906312996674","697,719971",1,3,2024-01-18
2024-01-18 12:00:00,"489,7197185978876","653,48999",1,3,2024-01-18
2024-01-18 13:00:00,"533,9136007458078","644,619995",1,3,2024-01-18
2024-01-18 14:00:00,"578,1427718997636","702,940002",1,3,2024-01-18
2024-01-18 15:00:00,"692,663738850412","742,25",1,3,2024-01-18
2024-01-18 16:00:00,"816,458462981468","780,72998",1,3,2024-01-18
2024-01-18 17:00:00,"811,1929336530874","770,140015",1,3,2024-01-18
2024-01-18 18:00:00,"733,3283972173127","705,030029",1,3,2024-01-18
2024-01-18 19:00:00,"598,3132732185142","648,650024",1,3,2024-01-18
2024-01-18 20:00:00,"549,5912817752169","605,090027",1,3,2024-01-18
2024-01-18 21:00:00,"537,3693030580282","577,48999",1,3,2024-01-18
2024-01-18 22:00:00,"489,252273003588","532,0",1,3,2024-01-18
2024-01-18 23:00:00,"464,36678512444007","510,089996",1,3,2024-01-18
2024-01-19 00:00:00,"455,41868471149365","487,269989",1,3,2024-01-19
2024-01-19 01:00:00,"449,26085075082955","477,649994",1,3,2024-01-19
2024-01-19 02:00:00,"438,9728197809793","468,029999",1,3,2024-01-19
2024-01-19 03:00:00,"433,9595330321611","472,209991",1,3,2024-01-19
2024-01-19 04:00:00,"436,03650510397404","491,079987",1,3,2024-01-19
2024-01-19 05:00:00,"452,1977262151962","564,830017",1,3,2024-01-19
2024-01-19 06:00:00,"517,0329110288695","639,330017",1,3,2024-01-19
2024-01-19 07:00:00,"582,5020838419445","776,030029",1,3,2024-01-19
2024-01-19 08:00:00,"574,9690709578133","767,0",1,3,2024-01-19
2024-01-19 09:00:00,"546,5106974113859","709,580017",1,3,2024-01-19
2024-01-19 10:00:00,"539,3912529930935","644,030029",1,3,2024-01-19
2024-01-19 11:00:00,"502,5467365279243","572,960022",1,3,2024-01-19
2024-01-19 12:00:00,"493,86918726184706","547,01001",1,3,2024-01-19
2024-01-19 13:00:00,"511,8059807291928","560,880005",1,3,2024-01-19
2024-01-19 14:00:00,"548,1062548213362","577,580017",1,3,2024-01-19
2024-01-19 15:00:00,"581,175491334232","631,570007",1,3,2024-01-19
2024-01-19 16:00:00,"729,9737075393139","698,02002",1,3,2024-01-19
2024-01-19 17:00:00,"729,1941179597379","656,630005",1,3,2024-01-19
2024-01-19 18:00:00,"632,8958133732752","576,98999",1,3,2024-01-19
2024-01-19 19:00:00,"547,3666981002353","551,849976",1,3,2024-01-19
2024-01-19 20:00:00,"500,45723139081036","530,380005",1,3,2024-01-19
2024-01-19 21:00:00,"520,248981145525","511,880005",1,3,2024-01-19
2024-01-19 22:00:00,"487,8097558026369","482,869995",1,3,2024-01-19
2024-01-19 23:00:00,"445,6536156245515","492,200012",1,3,2024-01-19
2024-01-20 00:00:00,"440,7328211521629","473,179993",1,3,2024-01-20
2024-01-20 01:00:00,"436,7561052707654","473,850006",1,3,2024-01-20
2024-01-20 02:00:00,"426,6017575439827","461,019989",1,3,2024-01-20
2024-01-20 03:00:00,"421,37577629897487","461,25",1,3,2024-01-20
2024-01-20 04:00:00,"393,5521991996818","460,5",1,3,2024-01-20
2024-01-20 05:00:00,"399,87920306888856","466,769989",1,3,2024-01-20
2024-01-20 06:00:00,"444,3363221063526","498,910004",1,3,2024-01-20
2024-01-20 07:00:00,"489,9513158934027","557,969971",1,3,2024-01-20
2024-01-20 08:00:00,"493,6965957208538","580,940002",1,3,2024-01-20
2024-01-20 09:00:00,"495,3421201283802","535,450012",1,3,2024-01-20
2024-01-20 10:00:00,"492,818696871532","527,77002",1,3,2024-01-20
2024-01-20 11:00:00,"492,19037000094477","505,100006",1,3,2024-01-20
2024-01-20 12:00:00,"480,840350655844","512,929993",1,3,2024-01-20
2024-01-20 13:00:00,"503,87690578525405","547,309998",1,3,2024-01-20
2024-01-20 14:00:00,"545,6348533341875","589,960022",1,3,2024-01-20
2024-01-20 15:00:00,"601,0593100285363","654,77002",1,3,2024-01-20
2024-01-20 16:00:00,"649,518686889382","707,940002",1,3,2024-01-20
2024-01-20 17:00:00,"641,9652107218362","744,780029",1,3,2024-01-20
2024-01-20 18:00:00,"605,964539316971","682,880005",1,3,2024-01-20
2024-01-20 19:00:00,"559,5421965338725","596,599976",1,3,2024-01-20
2024-01-20 20:00:00,"534,5143049266998","547,309998",1,3,2024-01-20
2024-01-20 21:00:00,"499,8292861340328","525,159973",1,3,2024-01-20
2024-01-20 22:00:00,"466,1192119956307","499,579987",1,3,2024-01-20
2024-01-20 23:00:00,"480,13185806867295","445,26001",1,3,2024-01-20
2024-01-21 00:00:00,"443,8997496158682","429,230011",1,3,2024-01-21
2024-01-21 01:00:00,"420,44409569516273","411,329987",1,3,2024-01-21
2024-01-21 02:00:00,"390,5174788300152","379,549988",1,3,2024-01-21
2024-01-21 03:00:00,"391,4365932156674","361,799988",1,3,2024-01-21
2024-01-21 04:00:00,"394,01923437228805","353,899994",1,3,2024-01-21
2024-01-21 05:00:00,"395,1847679845655","339,579987",1,3,2024-01-21
2024-01-21 06:00:00,"401,1422481528224","327,869995",1,3,2024-01-21
2024-01-21 07:00:00,"429,13081588225504","383,059998",1,3,2024-01-21
2024-01-21 08:00:00,"453,5044464324392","405,429993",1,3,2024-01-21
2024-01-21 09:00:00,"475,7765990460971","343,529999",1,3,2024-01-21
2024-01-21 10:00:00,"475,6748109126583","363,0",1,3,2024-01-21
2024-01-21 11:00:00,"470,21179510828597","287,0",1,3,2024-01-21
2024-01-21 12:00:00,"466,2382752873287","281,100006",1,3,2024-01-21
2024-01-21 13:00:00,"459,2205534681336","330,399994",1,3,2024-01-21
2024-01-21 14:00:00,"483,13446630455445","365,76001",1,3,2024-01-21
2024-01-21 15:00:00,"502,6927900719687","371,649994",1,3,2024-01-21
2024-01-21 16:00:00,"536,4777809709431","422,51001",1,3,2024-01-21
2024-01-21 17:00:00,"555,2541979225277","458,309998",1,3,2024-01-21
2024-01-21 18:00:00,"508,3368030642234","437,359985",1,3,2024-01-21
2024-01-21 19:00:00,"490,45133031591297","384,100006",1,3,2024-01-21
2024-01-21 20:00:00,"462,3594958202771","391,26001",1,3,2024-01-21
2024-01-21 21:00:00,"461,32095975605733","375,829987",1,3,2024-01-21
2024-01-21 22:00:00,"433,5913593080318","294,309998",1,3,2024-01-21
2024-01-21 23:00:00,"433,77509367274814","273,420013",1,3,2024-01-21
2024-01-22 00:00:00,"393,78954413468483","165,869995",1,4,2024-01-22
2024-01-22 01:00:00,"390,66257834121575","138,869995",1,4,2024-01-22
2024-01-22 02:00:00,"377,8319083110857","37,59",1,4,2024-01-22
2024-01-22 03:00:00,"377,2689083357601","37,740002",1,4,2024-01-22
2024-01-22 04:00:00,"391,2099270578597","149,169998",1,4,2024-01-22
2024-01-22 05:00:00,"424,415385085345","302,059998",1,4,2024-01-22
2024-01-22 06:00:00,"489,2891685167265","451,01001",1,4,2024-01-22
2024-01-22 07:00:00,"532,5803741670535","495,829987",1,4,2024-01-22
2024-01-22 08:00:00,"543,9341081228639","429,450012",1,4,2024-01-22
2024-01-22 09:00:00,"517,1381378973741","459,059998",1,4,2024-01-22
2024-01-22 10:00:00,"490,85118191898715","451,970001",1,4,2024-01-22
2024-01-22 11:00:00,"476,3846885500869","424,529999",1,4,2024-01-22
2024-01-22 12:00:00,"461,8999361800178","423,040009",1,4,2024-01-22
2024-01-22 13:00:00,"486,04155862345226","434,299988",1,4,2024-01-22
2024-01-22 14:00:00,"506,65727386845396","445,48999",1,4,2024-01-22
2024-01-22 15:00:00,"628,2555022113943","447,429993",1,4,2024-01-22
2024-01-22 16:00:00,"702,5132260117924","461,299988",1,4,2024-01-22
2024-01-22 17:00:00,"729,8372339176523","455,179993",1,4,2024-01-22
2024-01-22 18:00:00,"693,8493286361121","447,720001",1,4,2024-01-22
2024-01-22 19:00:00,"651,7550561988363","444,519989",1,4,2024-01-22
2024-01-22 20:00:00,"589,4407634245638","425,119995",1,4,2024-01-22
2024-01-22 21:00:00,"579,4791644633824","416,850006",1,4,2024-01-22
2024-01-22 22:00:00,"531,7177493960864","372,019989",1,4,2024-01-22
2024-01-22 23:00:00,"498,9637823216302","121,040001",1,4,2024-01-22
2024-01-23 00:00:00,"480,0395921287775","75,330002",1,4,2024-01-23
2024-01-23 01:00:00,"482,53701104192527","69,879997",1,4,2024-01-23
2024-01-23 02:00:00,"461,70229794438484","31,1",1,4,2024-01-23
2024-01-23 03:00:00,"451,62970934678697","76,220001",1,4,2024-01-23
2024-01-23 04:00:00,"481,5632229106444","292,579987",1,4,2024-01-23
2024-01-23 05:00:00,"593,0973775067883","439,940002",1,4,2024-01-23
2024-01-23 06:00:00,"727,6018004660211","454,410004",1,4,2024-01-23
2024-01-23 07:00:00,"882,7594658182998","461,649994",1,4,2024-01-23
2024-01-23 08:00:00,"804,5217689145477","455,76001",1,4,2024-01-23
2024-01-23 09:00:00,"764,0864727150296","447,25",1,4,2024-01-23
2024-01-23 10:00:00,"728,0641400422872","443,299988",1,4,2024-01-23
2024-01-23 11:00:00,"714,1162394466616","441,059998",1,4,2024-01-23
2024-01-23 12:00:00,"709,4082565392885","443,230011",1,4,2024-01-23
2024-01-23 13:00:00,"713,7266134380986","461,649994",1,4,2024-01-23
2024-01-23 14:00:00,"751,403088032712","468,059998",1,4,2024-01-23
2024-01-23 15:00:00,"795,5642030036532","494,390015",1,4,2024-01-23
2024-01-23 16:00:00,"845,6160989177555","510,570007",1,4,2024-01-23
2024-01-23 17:00:00,"831,3233682512578","498,040009",1,4,2024-01-23
2024-01-23 18:00:00,"774,7071724383482","472,390015",1,4,2024-01-23
2024-01-23 19:00:00,"671,3959221186553","450,910004",1,4,2024-01-23
2024-01-23 20:00:00,"604,9064091863348","400,790009",1,4,2024-01-23
2024-01-23 21:00:00,"554,2771058815972","338,290009",1,4,2024-01-23
2024-01-23 22:00:00,"476,88476649719655","248,050003",1,4,2024-01-23
2024-01-23 23:00:00,"449,20038531862144","22,74",1,4,2024-01-23
2024-01-24 00:00:00,"439,7634008877943","-0,22",1,4,2024-01-24
2024-01-24 01:00:00,"431,3493565403523","0,0",1,4,2024-01-24
2024-01-24 02:00:00,"426,76866216919734","-0,07",1,4,2024-01-24
2024-01-24 03:00:00,"427,0769384542628","-0,15",1,4,2024-01-24
2024-01-24 04:00:00,"443,48711949967384","-1,34",1,4,2024-01-24
2024-01-24 05:00:00,"478,84783281709025","110,07",1,4,2024-01-24
2024-01-24 06:00:00,"588,9616938895814","313,869995",1,4,2024-01-24
2024-01-24 07:00:00,"700,7867733501547","373,380005",1,4,2024-01-24
2024-01-24 08:00:00,"720,6621872820799","369,429993",1,4,2024-01-24
2024-01-24 09:00:00,"689,5438453692273","373,600006",1,4,2024-01-24
2024-01-24 10:00:00,"672,7321899411972","378,670013",1,4,2024-01-24
2024-01-24 11:00:00,"666,4973587664167","293,209991",1,4,2024-01-24
2024-01-24 12:00:00,"670,0109169785314","271,73999",1,4,2024-01-24
2024-01-24 13:00:00,"707,3524010105601","335,869995",1,4,2024-01-24
2024-01-24 14:00:00,"763,4540202497437","372,480011",1,4,2024-01-24
2024-01-24 15:00:00,"818,4473573099962","378,820007",1,4,2024-01-24
2024-01-24 16:00:00,"886,2704416859401","404,25",1,4,2024-01-24
2024-01-24 17:00:00,"837,6141253750807","397,609985",1,4,2024-01-24
2024-01-24 18:00:00,"801,2982840208119","373,529999",1,4,2024-01-24
2024-01-24 19:00:00,"765,1471434063761","314,540009",1,4,2024-01-24
2024-01-24 20:00:00,"675,0424739468095","298,579987",1,4,2024-01-24
2024-01-24 21:00:00,"641,0169308826481","313,269989",1,4,2024-01-24
2024-01-24 22:00:00,"574,0205996920856","287,320007",1,4,2024-01-24
2024-01-24 23:00:00,"556,3706921933416","330,630005",1,4,2024-01-24
2024-01-25 00:00:00,"521,6894639983855","335,98999",1,4,2024-01-25
2024-01-25 01:00:00,"491,7205771568579","323,170013",1,4,2024-01-25
2024-01-25 02:00:00,"448,70507402502756","334,950012",1,4,2024-01-25
2024-01-25 03:00:00,"464,25568606272816","344,640015",1,4,2024-01-25
2024-01-25 04:00:00,"469,8364348782406","390,579987",1,4,2024-01-25
2024-01-25 05:00:00,"591,6557553427908","432,709991",1,4,2024-01-25
2024-01-25 06:00:00,"752,8255910896147","492,51001",1,4,2024-01-25
2024-01-25 07:00:00,"860,2791096110542","663,789978",1,4,2024-01-25
2024-01-25 08:00:00,"837,4062218539668","635,679993",1,4,2024-01-25
2024-01-25 09:00:00,"779,1105404990266","606,599976",1,4,2024-01-25
2024-01-25 10:00:00,"744,0743972853103","568,340027",1,4,2024-01-25
2024-01-25 11:00:00,"681,9459277133038","545,450012",1,4,2024-01-25
2024-01-25 12:00:00,"671,4476928311731","566,630005",1,4,2024-01-25
2024-01-25 13:00:00,"695,3274408844334","633,659973",1,4,2024-01-25
2024-01-25 14:00:00,"767,5963955587275","686,530029",1,4,2024-01-25
2024-01-25 15:00:00,"852,1071124369438","755,950012",1,4,2024-01-25
2024-01-25 16:00:00,"955,4028041673342","920,0",1,4,2024-01-25
2024-01-25 17:00:00,"953,7785441262753","861,539978",1,4,2024-01-25
2024-01-25 18:00:00,"872,3954850286319","736,640015",1,4,2024-01-25
2024-01-25 19:00:00,"782,7456069948394","679,070007",1,4,2024-01-25
2024-01-25 20:00:00,"723,306933570107","643,580017",1,4,2024-01-25
2024-01-25 21:00:00,"682,9313136480143","599,73999",1,4,2024-01-25
2024-01-25 22:00:00,"646,094438568566","560,440002",1,4,2024-01-25
2024-01-25 23:00:00,"609,5710357351317","468,200012",1,4,2024-01-25
2024-01-26 00:00:00,"579,9566085743983","461,940002",1,4,2024-01-26
2024-01-26 01:00:00,"563,8604623251779","436,070007",1,4,2024-01-26
2024-01-26 02:00:00,"548,1736566292398","408,480011",1,4,2024-01-26
2024-01-26 03:00:00,"550,28504345963","355,029999",1,4,2024-01-26
2024-01-26 04:00:00,"562,9133774108648","377,619995",1,4,2024-01-26
2024-01-26 05:00:00,"628,558362661071","419,519989",1,4,2024-01-26
2024-01-26 06:00:00,"727,0587078225285","469,470001",1,4,2024-01-26
2024-01-26 07:00:00,"851,0867316560074","484,149994",1,4,2024-01-26
2024-01-26 08:00:00,"818,3565476979692","475,660004",1,4,2024-01-26
2024-01-26 09:00:00,"771,1687960230581","456,420013",1,4,2024-01-26
2024-01-26 10:00:00,"742,1491993685332","437,929993",1,4,2024-01-26
2024-01-26 11:00:00,"724,70128281688","389,769989",1,4,2024-01-26
2024-01-26 12:00:00,"716,2434177071228","346,450012",1,4,2024-01-26
2024-01-26 13:00:00,"719,686352710645","367,399994",1,4,2024-01-26
2024-01-26 14:00:00,"734,1479930936465","373,589996",1,4,2024-01-26
2024-01-26 15:00:00,"751,3072374083639","393,200012",1,4,2024-01-26
2024-01-26 16:00:00,"813,9757625394838","427,720001",1,4,2024-01-26
2024-01-26 17:00:00,"808,7697034087169","412,140015",1,4,2024-01-26
2024-01-26 18:00:00,"785,118454168357","406,540009",1,4,2024-01-26
2024-01-26 19:00:00,"729,9942224794961","404,980011",1,4,2024-01-26
2024-01-26 20:00:00,"649,9608444990964","405,200012",1,4,2024-01-26
2024-01-26 21:00:00,"630,5034275260856","405,5",1,4,2024-01-26
2024-01-26 22:00:00,"588,7978238991126","400,429993",1,4,2024-01-26
2024-01-26 23:00:00,"572,7969131218679","405,869995",1,4,2024-01-26
2024-01-27 00:00:00,"555,2485017523874","410,26001",1,4,2024-01-27
2024-01-27 01:00:00,"545,477980813954","419,059998",1,4,2024-01-27
2024-01-27 02:00:00,"535,5182076850058","410,410004",1,4,2024-01-27
2024-01-27 03:00:00,"525,1869426002357","415,559998",1,4,2024-01-27
2024-01-27 04:00:00,"517,3929130141104","423,679993",1,4,2024-01-27
2024-01-27 05:00:00,"524,5620442940991","426,73999",1,4,2024-01-27
2024-01-27 06:00:00,"555,5493522563685","431,359985",1,4,2024-01-27
2024-01-27 07:00:00,"587,2820813304261","433,380005",1,4,2024-01-27
2024-01-27 08:00:00,"605,4718285910412","436,130005",1,4,2024-01-27
2024-01-27 09:00:00,"604,12866260474","433,899994",1,4,2024-01-27
2024-01-27 10:00:00,"605,7096870145095","422,040009",1,4,2024-01-27
2024-01-27 11:00:00,"589,937200699518","416,299988",1,4,2024-01-27
2024-01-27 12:00:00,"562,0416318546271","401,690002",1,4,2024-01-27
2024-01-27 13:00:00,"579,2474555496412","440,910004",1,4,2024-01-27
2024-01-27 14:00:00,"601,2483926236226","432,029999",1,4,2024-01-27
2024-01-27 15:00:00,"644,5221093983685","439,339996",1,4,2024-01-27
2024-01-27 16:00:00,"676,2294182009831","460,359985",1,4,2024-01-27
2024-01-27 17:00:00,"682,7505692664504","457,079987",1,4,2024-01-27
2024-01-27 18:00:00,"651,8169109694409","443,070007",1,4,2024-01-27
2024-01-27 19:00:00,"611,1686096345607","433,970001",1,4,2024-01-27
2024-01-27 20:00:00,"578,5543204378178","431,290009",1,4,2024-01-27
2024-01-27 21:00:00,"554,9604953212097","430,390015",1,4,2024-01-27
2024-01-27 22:00:00,"522,5041476079037","429,5",1,4,2024-01-27
2024-01-27 23:00:00,"526,3026141716491","497,75",1,4,2024-01-27
2024-01-28 00:00:00,"496,7760931911066","438,339996",1,4,2024-01-28
2024-01-28 01:00:00,"475,26495447928835","434,309998",1,4,2024-01-28
2024-01-28 02:00:00,"464,7795958260701","430,290009",1,4,2024-01-28
2024-01-28 03:00:00,"451,7172936213893","431,399994",1,4,2024-01-28
2024-01-28 04:00:00,"451,5431637551417","429,609985",1,4,2024-01-28
2024-01-28 05:00:00,"463,8850547767746","430,290009",1,4,2024-01-28
2024-01-28 06:00:00,"471,7139716912376","439,679993",1,4,2024-01-28
2024-01-28 07:00:00,"504,5824234601287","441,320007",1,4,2024-01-28
2024-01-28 08:00:00,"530,1060061914211","410,609985",1,4,2024-01-28
2024-01-28 09:00:00,"527,0327408554283","381,380005",1,4,2024-01-28
2024-01-28 10:00:00,"537,6366359547695","341,049988",1,4,2024-01-28
2024-01-28 11:00:00,"515,727941853927","309,970001",1,4,2024-01-28
2024-01-28 12:00:00,"498,688291391683","298,859985",1,4,2024-01-28
2024-01-28 13:00:00,"502,54865026758466","377,579987",1,4,2024-01-28
2024-01-28 14:00:00,"530,0517472190453","420,519989",1,4,2024-01-28
2024-01-28 15:00:00,"567,3835172436121","431,850006",1,4,2024-01-28
2024-01-28 16:00:00,"616,9669314158722","431,329987",1,4,2024-01-28
2024-01-28 17:00:00,"638,7869610437309","427,380005",1,4,2024-01-28
2024-01-28 18:00:00,"614,6377090298064","422,01001",1,4,2024-01-28
2024-01-28 19:00:00,"572,9100020398377","405,089996",1,4,2024-01-28
2024-01-28 20:00:00,"545,1763679566436","400,98999",1,4,2024-01-28
2024-01-28 21:00:00,"527,1236316255552","400,390015",1,4,2024-01-28
2024-01-28 22:00:00,"465,81618203383147","392,790009",1,4,2024-01-28
2024-01-28 23:00:00,"467,123576887832","363,339996",1,4,2024-01-28
2024-04-01 00:00:00,"413,55076109416956","343,549988",2,1,2024-04-01
2024-04-01 01:00:00,"419,5113158048899","325,049988",2,1,2024-04-01
2024-04-01 02:00:00,"422,2658683285131","368,459991",2,1,2024-04-01
2024-04-01 03:00:00,"444,8621355980467","390,459991",2,1,2024-04-01
2024-04-01 04:00:00,"495,73518799416644","437,899994",2,1,2024-04-01
2024-04-01 05:00:00,"591,2108247117466","481,01001",2,1,2024-04-01
2024-04-01 06:00:00,"686,110105967897","437,899994",2,1,2024-04-01
2024-04-01 07:00:00,"691,8081789525579","454,160004",2,1,2024-04-01
2024-04-01 08:00:00,"595,2412043650005","405,450012",2,1,2024-04-01
2024-04-01 09:00:00,"523,2824320356002","334,0",2,1,2024-04-01
2024-04-01 10:00:00,"477,3080241022329","363,609985",2,1,2024-04-01
2024-04-01 11:00:00,"466,7101532895642","262,470001",2,1,2024-04-01
2024-04-01 12:00:00,"480,1284934923551","253,740005",2,1,2024-04-01
2024-04-01 13:00:00,"483,5257765036063","325,799988",2,1,2024-04-01
2024-04-01 14:00:00,"534,2754569996747","331,170013",2,1,2024-04-01
2024-04-01 15:00:00,"586,8003424112916","304,089996",2,1,2024-04-01
2024-04-01 16:00:00,"695,8589268323154","364,429993",2,1,2024-04-01
2024-04-01 17:00:00,"944,5261148095715","373,529999",2,1,2024-04-01
2024-04-01 18:00:00,"953,2961937123703","381,290009",2,1,2024-04-01
2024-04-01 19:00:00,"734,6645652269494","365,399994",2,1,2024-04-01
2024-04-01 20:00:00,"593,9491653226279","305,809998",2,1,2024-04-01
2024-04-01 21:00:00,"574,4706080235918","221,0",2,1,2024-04-01
2024-04-01 22:00:00,"527,023806719675","323,410004",2,1,2024-04-01
2024-04-01 23:00:00,"537,0074925831703","270,970001",2,1,2024-04-01
2024-04-02 00:00:00,"514,0636082649468","122,769997",2,1,2024-04-02
2024-04-02 01:00:00,"506,63971880549934","56,240002",2,1,2024-04-02
2024-04-02 02:00:00,"497,7632583451291","14,47",2,1,2024-04-02
2024-04-02 03:00:00,"497,0340782687862","54,220001",2,1,2024-04-02
2024-04-02 04:00:00,"519,062806435828","426,790009",2,1,2024-04-02
2024-04-02 05:00:00,"601,8271775222075","554,630005",2,1,2024-04-02
2024-04-02 06:00:00,"681,7424878522734","514,130005",2,1,2024-04-02
2024-04-02 07:00:00,"649,7147168342163","350,410004",2,1,2024-04-02
2024-04-02 08:00:00,"557,0970000882554","285,589996",2,1,2024-04-02
2024-04-02 09:00:00,"498,06000075013054","293,130005",2,1,2024-04-02
2024-04-02 10:00:00,"451,8068238508103","298,869995",2,1,2024-04-02
2024-04-02 11:00:00,"419,89718395658866","325,420013",2,1,2024-04-02
2024-04-02 12:00:00,"415,7587482691263","248,970001",2,1,2024-04-02
2024-04-02 13:00:00,"441,0178933695605","187,210007",2,1,2024-04-02
2024-04-02 14:00:00,"515,125251696347","65,860001",2,1,2024-04-02
2024-04-02 15:00:00,"589,7067531146594","309,23999",2,1,2024-04-02
2024-04-02 16:00:00,"683,1073099206557","542,25",2,1,2024-04-02
2024-04-02 17:00:00,"860,6820144058839","711,48999",2,1,2024-04-02
2024-04-02 18:00:00,"874,9941340573897","707,679993",2,1,2024-04-02
2024-04-02 19:00:00,"714,2316658070182","582,75",2,1,2024-04-02
2024-04-02 20:00:00,"612,4232946869179","558,359985",2,1,2024-04-02
2024-04-02 21:00:00,"575,409123014405","528,669983",2,1,2024-04-02
2024-04-02 22:00:00,"522,1293429552777","552,840027",2,1,2024-04-02
2024-04-02 23:00:00,"485,45357274232396","535,090027",2,1,2024-04-02
2024-04-03 00:00:00,"471,90000977466747","522,419983",2,1,2024-04-03
2024-04-03 01:00:00,"474,5029124577619","482,220001",2,1,2024-04-03
2024-04-03 02:00:00,"478,1589842352494","483,929993",2,1,2024-04-03
2024-04-03 03:00:00,"485,89572537135837","512,570007",2,1,2024-04-03
2024-04-03 04:00:00,"529,9662604545945","707,820007",2,1,2024-04-03
2024-04-03 05:00:00,"644,9056567789868","879,48999",2,1,2024-04-03
2024-04-03 06:00:00,"693,9129477396542","879,48999",2,1,2024-04-03
2024-04-03 07:00:00,"655,3796141582334","753,080017",2,1,2024-04-03
2024-04-03 08:00:00,"525,8169757925727","800,590027",2,1,2024-04-03
2024-04-03 09:00:00,"482,2121840773651","677,23999",2,1,2024-04-03
2024-04-03 10:00:00,"461,6786462306299","611,76001",2,1,2024-04-03
2024-04-03 11:00:00,"452,1484408050095","573,349976",2,1,2024-04-03
2024-04-03 12:00:00,"462,2002256858776","544,710022",2,1,2024-04-03
2024-04-03 13:00:00,"471,67876244117525","438,290009",2,1,2024-04-03
2024-04-03 14:00:00,"506,1491592649361","454,700012",2,1,2024-04-03
2024-04-03 15:00:00,"559,3964559827542","524,359985",2,1,2024-04-03
2024-04-03 16:00:00,"640,1114848406687","633,909973",2,1,2024-04-03
2024-04-03 17:00:00,"862,3397357473344","794,919983",2,1,2024-04-03
2024-04-03 18:00:00,"838,5738973739548","739,359985",2,1,2024-04-03
2024-04-03 19:00:00,"737,2725541467115","557,169983",2,1,2024-04-03
2024-04-03 20:00:00,"628,91819291047","458,579987",2,1,2024-04-03
2024-04-03 21:00:00,"560,8056559044354","412,640015",2,1,2024-04-03
2024-04-03 22:00:00,"524,8684133278456","406,619995",2,1,2024-04-03
2024-04-03 23:00:00,"525,4437473473718","387,899994",2,1,2024-04-03
2024-04-04 00:00:00,"491,09009667401165","374,179993",2,1,2024-04-04
2024-04-04 01:00:00,"470,51293998047436","384,619995",2,1,2024-04-04
2024-04-04 02:00:00,"467,0169226361329","387,380005",2,1,2024-04-04
2024-04-04 03:00:00,"474,2735558248233","403,339996",2,1,2024-04-04
2024-04-04 04:00:00,"484,3784421553319","454,200012",2,1,2024-04-04
2024-04-04 05:00:00,"533,4276581229616","488,290009",2,1,2024-04-04
2024-04-04 06:00:00,"566,9352870707478","561,830017",2,1,2024-04-04
2024-04-04 07:00:00,"569,3724252269194","535,419983",2,1,2024-04-04
2024-04-04 08:00:00,"502,5477813436943","515,880005",2,1,2024-04-04
2024-04-04 09:00:00,"432,4709179047202","470,309998",2,1,2024-04-04
2024-04-04 10:00:00,"390,30268170953855","433,170013",2,1,2024-04-04
2024-04-04 11:00:00,"320,81330273803644","419,299988",2,1,2024-04-04
2024-04-04 12:00:00,"279,27156708351106","413,850006",2,1,2024-04-04
2024-04-04 13:00:00,"303,8147939622674","418,929993",2,1,2024-04-04
2024-04-04 14:00:00,"335,5388239802074","425,709991",2,1,2024-04-04
2024-04-04 15:00:00,"430,61819410153396","515,210022",2,1,2024-04-04
2024-04-04 16:00:00,"567,6864317693421","562,049988",2,1,2024-04-04
2024-04-04 17:00:00,"666,7774482011763","674,820007",2,1,2024-04-04
2024-04-04 18:00:00,"625,9856426957983","520,580017",2,1,2024-04-04
2024-04-04 19:00:00,"551,102758057028","460,390015",2,1,2024-04-04
2024-04-04 20:00:00,"469,66188105184494","439,440002",2,1,2024-04-04
2024-04-04 21:00:00,"405,1342617604442","430,109985",2,1,2024-04-04
2024-04-04 22:00:00,"359,5371009610075","394,190002",2,1,2024-04-04
2024-04-04 23:00:00,"311,740785137347","381,890015",2,1,2024-04-04
2024-04-05 00:00:00,"292,2105499152431","372,559998",2,1,2024-04-05
2024-04-05 01:00:00,"263,3251115937503","357,350006",2,1,2024-04-05
2024-04-05 02:00:00,"258,049887581745","353,320007",2,1,2024-04-05
2024-04-05 03:00:00,"264,5814952362953","352,720001",2,1,2024-04-05
2024-04-05 04:00:00,"281,8802449215828","448,720001",2,1,2024-04-05
2024-04-05 05:00:00,"320,7903034671189","572,75",2,1,2024-04-05
2024-04-05 06:00:00,"385,73286219626743","596,700012",2,1,2024-04-05
2024-04-05 07:00:00,"383,82951009633354","504,130005",2,1,2024-04-05
2024-04-05 08:00:00,"308,40029847802936","376,660004",2,1,2024-04-05
2024-04-05 09:00:00,"293,59661972731703","339,670013",2,1,2024-04-05
2024-04-05 10:00:00,"272,2475708940594","331,390015",2,1,2024-04-05
2024-04-05 11:00:00,"252,79730139800296","298,570007",2,1,2024-04-05
2024-04-05 12:00:00,"245,48421571681746","276,48999",2,1,2024-04-05
2024-04-05 13:00:00,"276,7149750275121","176,699997",2,1,2024-04-05
2024-04-05 14:00:00,"324,69339309711944","60,34",2,1,2024-04-05
2024-04-05 15:00:00,"390,9902963824467","279,399994",2,1,2024-04-05
2024-04-05 16:00:00,"450,7474192817023","370,320007",2,1,2024-04-05
2024-04-05 17:00:00,"484,2123123258024","398,299988",2,1,2024-04-05
2024-04-05 18:00:00,"470,08382394385205","402,170013",2,1,2024-04-05
2024-04-05 19:00:00,"459,68927343440447","398,299988",2,1,2024-04-05
2024-04-05 20:00:00,"471,0109957898503","393,299988",2,1,2024-04-05
2024-04-05 21:00:00,"473,7738962979936","370,100006",2,1,2024-04-05
2024-04-05 22:00:00,"473,05632639351745","315,579987",2,1,2024-04-05
2024-04-05 23:00:00,"465,767057460836","326,549988",2,1,2024-04-05
2024-04-06 00:00:00,"423,1583410282746","328,190002",2,1,2024-04-06
2024-04-06 01:00:00,"404,773334235504","334,679993",2,1,2024-04-06
2024-04-06 02:00:00,"390,24159341365896","354,369995",2,1,2024-04-06
2024-04-06 03:00:00,"386,73828177618776","359,890015",2,1,2024-04-06
2024-04-06 04:00:00,"401,752760422925","372,5",2,1,2024-04-06
2024-04-06 05:00:00,"401,0540862900682","382,339996",2,1,2024-04-06
2024-04-06 06:00:00,"375,1166835096767","374,660004",2,1,2024-04-06
2024-04-06 07:00:00,"328,22833876314604","359,890015",2,1,2024-04-06
2024-04-06 08:00:00,"265,1385613284597","219,440002",2,1,2024-04-06
2024-04-06 09:00:00,"212,95454262681395","34,310001",2,1,2024-04-06
2024-04-06 10:00:00,"174,09390072989115","123,07",2,1,2024-04-06
2024-04-06 11:00:00,"145,06171668604463","14,92",2,1,2024-04-06
2024-04-06 12:00:00,"72,21926416155594","0,3",2,1,2024-04-06
2024-04-06 13:00:00,"58,95630766361004","0,45",2,1,2024-04-06
2024-04-06 14:00:00,"189,4116511463995","0,75",2,1,2024-04-06
2024-04-06 15:00:00,"254,5943563975072","117,919998",2,1,2024-04-06
2024-04-06 16:00:00,"407,08872543781797","393,079987",2,1,2024-04-06
2024-04-06 17:00:00,"432,6171367828489","380,100006",2,1,2024-04-06
2024-04-06 18:00:00,"451,1366307227497","349,670013",2,1,2024-04-06
2024-04-06 19:00:00,"481,57097177509115","326,029999",2,1,2024-04-06
2024-04-06 20:00:00,"464,3607637825898","295,73999",2,1,2024-04-06
2024-04-06 21:00:00,"444,5296627023287","188,410004",2,1,2024-04-06
2024-04-06 22:00:00,"392,8395535396565","81,82",2,1,2024-04-06
2024-04-06 23:00:00,"399,03038400980734","0,67",2,1,2024-04-06
2024-04-07 00:00:00,"339,21439547968305","0,0",2,1,2024-04-07
2024-04-07 01:00:00,"320,8163165888793","0,0",2,1,2024-04-07
2024-04-07 02:00:00,"330,0195762599203","0,0",2,1,2024-04-07
2024-04-07 03:00:00,"332,7108105223801","0,0",2,1,2024-04-07
2024-04-07 04:00:00,"362,954656014687","0,0",2,1,2024-04-07
2024-04-07 05:00:00,"360,5638185658741","0,0",2,1,2024-04-07
2024-04-07 06:00:00,"321,39549337941025","0,0",2,1,2024-04-07
2024-04-07 07:00:00,"263,6369237397537","-0,07",2,1,2024-04-07
2024-04-07 08:00:00,"246,39303089553133","-1,19",2,1,2024-04-07
2024-04-07 09:00:00,"202,62000340141205","-22,450001",2,1,2024-04-07
2024-04-07 10:00:00,"174,5878904050214","-30,58",2,1,2024-04-07
2024-04-07 11:00:00,"141,83930756227605","-48,849998",2,1,2024-04-07
2024-04-07 12:00:00,"158,8647511183554","-74,589996",2,1,2024-04-07
2024-04-07 13:00:00,"172,62207608327395","-37,59",2,1,2024-04-07
2024-04-07 14:00:00,"249,62935146336636","-1,19",2,1,2024-04-07
2024-04-07 15:00:00,"386,5777218642307","31,92",2,1,2024-04-07
2024-04-07 16:00:00,"497,7219559201581","288,799988",2,1,2024-04-07
2024-04-07 17:00:00,"596,7846129437139","343,98999",2,1,2024-04-07
2024-04-07 18:00:00,"572,1449330750221","356,450012",2,1,2024-04-07
2024-04-07 19:00:00,"516,3335706334342","359,579987",2,1,2024-04-07
2024-04-07 20:00:00,"491,9442153105439","340,779999",2,1,2024-04-07
2024-04-07 21:00:00,"467,97358438542665","318,859985",2,1,2024-04-07
2024-04-07 22:00:00,"437,86808976199376","308,339996",2,1,2024-04-07
2024-04-07 23:00:00,"427,4153512855633","295,140015",2,1,2024-04-07
2024-04-08 00:00:00,"388,3792922523237","292,079987",2,2,2024-04-08
2024-04-08 01:00:00,"401,0197532120928","312,290009",2,2,2024-04-08
2024-04-08 02:00:00,"415,5901062721147","328,480011",2,2,2024-04-08
2024-04-08 03:00:00,"443,14409869918546","334,589996",2,2,2024-04-08
2024-04-08 04:00:00,"492,1973479995534","376,730011",2,2,2024-04-08
2024-04-08 05:00:00,"580,7765316109115","396,5",2,2,2024-04-08
2024-04-08 06:00:00,"658,3139515296375","432,600006",2,2,2024-04-08
2024-04-08 07:00:00,"614,7383794928495","603,25",2,2,2024-04-08
2024-04-08 08:00:00,"522,47996017862","402,910004",2,2,2024-04-08
2024-04-08 09:00:00,"444,35092429717616","399,480011",2,2,2024-04-08
2024-04-08 10:00:00,"356,1216124904837","397,100006",2,2,2024-04-08
2024-04-08 11:00:00,"330,15167279230326","421,859985",2,2,2024-04-08
2024-04-08 12:00:00,"331,39832533687064","431,779999",2,2,2024-04-08
2024-04-08 13:00:00,"332,3034370448604","395,679993",2,2,2024-04-08
2024-04-08 14:00:00,"368,7119605629627","522,099976",2,2,2024-04-08
2024-04-08 15:00:00,"416,74541730109013","559,469971",2,2,2024-04-08
2024-04-08 16:00:00,"612,0498621735035","782,409973",2,2,2024-04-08
2024-04-08 17:00:00,"890,531276738462","1024,069946",2,2,2024-04-08
2024-04-08 18:00:00,"807,04436078506","930,830017",2,2,2024-04-08
2024-04-08 19:00:00,"647,2796276721702","632,859985",2,2,2024-04-08
2024-04-08 20:00:00,"466,7040837925506","574,309998",2,2,2024-04-08
2024-04-08 21:00:00,"403,7037290412039","523,52002",2,2,2024-04-08
2024-04-08 22:00:00,"392,6544496668182","583,330017",2,2,2024-04-08
2024-04-08 23:00:00,"384,47493555177505","517,549988",2,2,2024-04-08
2024-04-09 00:00:00,"344,49639645985246","482,790009",2,2,2024-04-09
2024-04-09 01:00:00,"333,3689705940109","440,200012",2,2,2024-04-09
2024-04-09 02:00:00,"332,06443821285603","453,779999",2,2,2024-04-09
2024-04-09 03:00:00,"360,84940415967804","488,390015",2,2,2024-04-09
2024-04-09 04:00:00,"477,6218738345673","575,799988",2,2,2024-04-09
2024-04-09 05:00:00,"562,507377393809","670,900024",2,2,2024-04-09
2024-04-09 06:00:00,"617,1038701615269","595,039978",2,2,2024-04-09
2024-04-09 07:00:00,"533,3771000988583","509,420013",2,2,2024-04-09
2024-04-09 08:00:00,"381,5667162731977","384,559998",2,2,2024-04-09
2024-04-09 09:00:00,"314,86755545367816","328,029999",2,2,2024-04-09
2024-04-09 10:00:00,"248,7873543356789","268,880005",2,2,2024-04-09
2024-04-09 11:00:00,"190,67484867215282","75,260002",2,2,2024-04-09
2024-04-09 12:00:00,"224,52091354227608","78,309998",2,2,2024-04-09
2024-04-09 13:00:00,"255,41297900634765","216,600006",2,2,2024-04-09
2024-04-09 14:00:00,"325,43644993525857","285,440002",2,2,2024-04-09
2024-04-09 15:00:00,"443,14240587140773","372,179993",2,2,2024-04-09
2024-04-09 16:00:00,"587,6795485077823","390,899994",2,2,2024-04-09
2024-04-09 17:00:00,"670,8980384338333","375,089996",2,2,2024-04-09
2024-04-09 18:00:00,"685,6360080772544","378,970001",2,2,2024-04-09
2024-04-09 19:00:00,"643,1109911184668","359,649994",2,2,2024-04-09
2024-04-09 20:00:00,"552,0990755354089","335,640015",2,2,2024-04-09
2024-04-09 21:00:00,"532,5876512244976","257,619995",2,2,2024-04-09
2024-04-09 22:00:00,"517,0485271421438","96,220001",2,2,2024-04-09
2024-04-09 23:00:00,"492,13117841292046","38,040001",2,2,2024-04-09
2024-04-10 00:00:00,"472,9460792344851","37,290001",2,2,2024-04-10
2024-04-10 01:00:00,"474,0070705898157","67,050003",2,2,2024-04-10
2024-04-10 02:00:00,"475,5201680000443","184,229996",2,2,2024-04-10
2024-04-10 03:00:00,"465,2086646385258","261,059998",2,2,2024-04-10
2024-04-10 04:00:00,"543,554783900062","261,130005",2,2,2024-04-10
2024-04-10 05:00:00,"630,6536288469985","302,299988",2,2,2024-04-10
2024-04-10 06:00:00,"693,0949057719185","311,700012",2,2,2024-04-10
2024-04-10 07:00:00,"656,6898669051532","309,390015",2,2,2024-04-10
2024-04-10 08:00:00,"580,7766504173563","309,390015",2,2,2024-04-10
2024-04-10 09:00:00,"529,269407384964","239,130005",2,2,2024-04-10
2024-04-10 10:00:00,"487,30418315203417","143,279999",2,2,2024-04-10
2024-04-10 11:00:00,"466,38409288254013","66,610001",2,2,2024-04-10
2024-04-10 12:00:00,"465,3084071260021","0,45",2,2,2024-04-10
2024-04-10 13:00:00,"471,9930879543411","2,09",2,2,2024-04-10
2024-04-10 14:00:00,"477,48165106822665","39,529999",2,2,2024-04-10
2024-04-10 15:00:00,"581,5926057040621","122,169998",2,2,2024-04-10
2024-04-10 16:00:00,"640,4518691747174","616,469971",2,2,2024-04-10
2024-04-10 17:00:00,"883,6538475849877","1084,949951",2,2,2024-04-10
2024-04-10 18:00:00,"845,2083953329137","1052,430054",2,2,2024-04-10
2024-04-10 19:00:00,"751,6393314229454","722,380005",2,2,2024-04-10
2024-04-10 20:00:00,"648,1928352422761","392,029999",2,2,2024-04-10
2024-04-10 21:00:00,"568,5582587832444","352,200012",2,2,2024-04-10
2024-04-10 22:00:00,"501,75837328353145","303,440002",2,2,2024-04-10
2024-04-10 23:00:00,"487,0020404192733","198,940002",2,2,2024-04-10
2024-04-11 00:00:00,"467,80579543390917","165,589996",2,2,2024-04-11
2024-04-11 01:00:00,"458,60633498801633","74,519997",2,2,2024-04-11
2024-04-11 02:00:00,"457,94355281873106","59,52",2,2,2024-04-11
2024-04-11 03:00:00,"463,6007502767071","149,179993",2,2,2024-04-11
2024-04-11 04:00:00,"463,7221439198098","192,070007",2,2,2024-04-11
2024-04-11 05:00:00,"544,486165439021","297,399994",2,2,2024-04-11
2024-04-11 06:00:00,"558,6927230931792","309,929993",2,2,2024-04-11
2024-04-11 07:00:00,"562,051268407536","223,770004",2,2,2024-04-11
2024-04-11 08:00:00,"516,2148552180067","74,959999",2,2,2024-04-11
2024-04-11 09:00:00,"448,74472138662014","6,41",2,2,2024-04-11
2024-04-11 10:00:00,"399,9893469372965","6,79",2,2,2024-04-11
2024-04-11 11:00:00,"335,0124649409212","8,21",2,2,2024-04-11
2024-04-11 12:00:00,"304,2636448635253","4,25",2,2,2024-04-11
2024-04-11 13:00:00,"324,3090909590944","96,07",2,2,2024-04-11
2024-04-11 14:00:00,"333,26940159166435","64,75",2,2,2024-04-11
2024-04-11 15:00:00,"432,2985581734291","347,070007",2,2,2024-04-11
2024-04-11 16:00:00,"542,6645194995634","711,75",2,2,2024-04-11
2024-04-11 17:00:00,"662,207499113023","1002,210022",2,2,2024-04-11
2024-04-11 18:00:00,"654,2100686136779","893,609985",2,2,2024-04-11
2024-04-11 19:00:00,"553,9625594591263","679,159973",2,2,2024-04-11
2024-04-11 20:00:00,"492,72845660985166","541,159973",2,2,2024-04-11
2024-04-11 21:00:00,"423,1613349299688","451,059998",2,2,2024-04-11
2024-04-11 22:00:00,"384,88234030866636","339,720001",2,2,2024-04-11
2024-04-11 23:00:00,"319,1625010140993","325,029999",2,2,2024-04-11
2024-04-12 00:00:00,"298,3112937645296","331,73999",2,2,2024-04-12
2024-04-12 01:00:00,"285,1549784929815","304,51001",2,2,2024-04-12
2024-04-12 02:00:00,"280,4464550239195","298,399994",2,2,2024-04-12
2024-04-12 03:00:00,"275,4442535223629","298,399994",2,2,2024-04-12
2024-04-12 04:00:00,"307,3399395824332","308,019989",2,2,2024-04-12
2024-04-12 05:00:00,"350,67093853518867","362,619995",2,2,2024-04-12
2024-04-12 06:00:00,"393,5358887882845","516,75",2,2,2024-04-12
2024-04-12 07:00:00,"374,28338299539826","489,290009",2,2,2024-04-12
2024-04-12 08:00:00,"303,4710825485392","319,730011",2,2,2024-04-12
2024-04-12 09:00:00,"244,03023664744953","140,690002",2,2,2024-04-12
2024-04-12 10:00:00,"209,13065319748316","0,0",2,2,2024-04-12
2024-04-12 11:00:00,"168,27386731993664","-0,52",2,2,2024-04-12
2024-04-12 12:00:00,"163,2831878330715","0,07",2,2,2024-04-12
2024-04-12 13:00:00,"170,92479429555888","1,34",2,2,2024-04-12
2024-04-12 14:00:00,"235,74767999717653","1,64",2,2,2024-04-12
2024-04-12 15:00:00,"366,5584185526994","375,600006",2,2,2024-04-12
2024-04-12 16:00:00,"423,22942934984763","445,279999",2,2,2024-04-12
2024-04-12 17:00:00,"487,4348738452952","370,160004",2,2,2024-04-12
2024-04-12 18:00:00,"473,4505373577204","369,48999",2,2,2024-04-12
2024-04-12 19:00:00,"485,08538190408336","351,429993",2,2,2024-04-12
2024-04-12 20:00:00,"506,24750856694635","342,329987",2,2,2024-04-12
2024-04-12 21:00:00,"500,92784671431934","329,200012",2,2,2024-04-12
2024-04-12 22:00:00,"464,8125208934998","246,039993",2,2,2024-04-12
2024-04-12 23:00:00,"465,55932500860973","193,369995",2,2,2024-04-12
2024-04-13 00:00:00,"430,3743551547491","144,429993",2,2,2024-04-13
2024-04-13 01:00:00,"419,49297302473695","130,779999",2,2,2024-04-13
2024-04-13 02:00:00,"417,9087012160255","130,259995",2,2,2024-04-13
2024-04-13 03:00:00,"418,3338139072211","173,899994",2,2,2024-04-13
2024-04-13 04:00:00,"437,7065320453702","207,619995",2,2,2024-04-13
2024-04-13 05:00:00,"426,71049811351793","251,630005",2,2,2024-04-13
2024-04-13 06:00:00,"390,3067154402055","168,600006",2,2,2024-04-13
2024-04-13 07:00:00,"325,50815420673894","65,650002",2,2,2024-04-13
2024-04-13 08:00:00,"226,4085999431631","-0,15",2,2,2024-04-13
2024-04-13 09:00:00,"137,83182091344784","-30,139999",2,2,2024-04-13
2024-04-13 10:00:00,"43,25070178900731","-59,830002",2,2,2024-04-13
2024-04-13 11:00:00,"-85,65826872992912","-150,699997",2,2,2024-04-13
2024-04-13 12:00:00,"-130,35775106849212","-218,729996",2,2,2024-04-13
2024-04-13 13:00:00,"-47,79560931457905","-235,740005",2,2,2024-04-13
2024-04-13 14:00:00,"77,94360189797952","-142,710007",2,2,2024-04-13
2024-04-13 15:00:00,"190,1577041289695","-1,19",2,2,2024-04-13
2024-04-13 16:00:00,"410,7289010278334","248,949997",2,2,2024-04-13
2024-04-13 17:00:00,"482,9173654188484","373,76001",2,2,2024-04-13
2024-04-13 18:00:00,"498,7743349139792","298,630005",2,2,2024-04-13
2024-04-13 19:00:00,"415,3237880264696","258,5",2,2,2024-04-13
2024-04-13 20:00:00,"384,7534162212311","153,679993",2,2,2024-04-13
2024-04-13 21:00:00,"302,55762611980884","52,59",2,2,2024-04-13
2024-04-13 22:00:00,"246,3201311051692","3,21",2,2,2024-04-13
2024-04-13 23:00:00,"227,44183240995343","6,19",2,2,2024-04-13
2024-04-14 00:00:00,"196,41396777165411","6,94",2,2,2024-04-14
2024-04-14 01:00:00,"188,1178226845865","8,43",2,2,2024-04-14
2024-04-14 02:00:00,"192,0143301992241","17,459999",2,2,2024-04-14
2024-04-14 03:00:00,"199,2517030578387","44,389999",2,2,2024-04-14
2024-04-14 04:00:00,"210,8060286851437","95,949997",2,2,2024-04-14
2024-04-14 05:00:00,"206,87976583002586","96,989998",2,2,2024-04-14
2024-04-14 06:00:00,"174,48555969919784","55,279999",2,2,2024-04-14
2024-04-14 07:00:00,"137,7059471015731","0,0",2,2,2024-04-14
2024-04-14 08:00:00,"119,26873959011677","-17,68",2,2,2024-04-14
2024-04-14 09:00:00,"73,02428328628856","-90,800003",2,2,2024-04-14
2024-04-14 10:00:00,"31,476515989392972","-315,070007",2,2,2024-04-14
2024-04-14 11:00:00,"-2,4501059085456283","-448,019989",2,2,2024-04-14
2024-04-14 12:00:00,"-33,08793044722429","-447,720001",2,2,2024-04-14
2024-04-14 13:00:00,"32,446100613893215","-298,809998",2,2,2024-04-14
2024-04-14 14:00:00,"129,50383808988383","-46,630001",2,2,2024-04-14
2024-04-14 15:00:00,"207,94355211494974","11,71",2,2,2024-04-14
2024-04-14 16:00:00,"347,63891652516173","407,51001",2,2,2024-04-14
2024-04-14 17:00:00,"455,6981838061954","655,059998",2,2,2024-04-14
2024-04-14 18:00:00,"460,3618302556273","894,619995",2,2,2024-04-14
2024-04-14 19:00:00,"474,26449092589996","840,159973",2,2,2024-04-14
2024-04-14 20:00:00,"493,2591723094278","724,890015",2,2,2024-04-14
2024-04-14 21:00:00,"465,83109689292013","594,549988",2,2,2024-04-14
2024-04-14 22:00:00,"448,1149700779785","410,640015",2,2,2024-04-14
2024-04-14 23:00:00,"446,202284942314","437,730011",2,2,2024-04-14
2024-04-15 00:00:00,"433,0897483514944","526,359985",2,3,2024-04-15
2024-04-15 01:00:00,"433,3347700053296","491,220001",2,3,2024-04-15
2024-04-15 02:00:00,"456,4473175069032","561,280029",2,3,2024-04-15
2024-04-15 03:00:00,"477,16695362678774","647,150024",2,3,2024-04-15
2024-04-15 04:00:00,"568,3369505726325","863,440002",2,3,2024-04-15
2024-04-15 05:00:00,"688,1746707906154","1261,98999",2,3,2024-04-15
2024-04-15 06:00:00,"741,3818203012955","1143,290039",2,3,2024-04-15
2024-04-15 07:00:00,"605,1296752727176","683,109985",2,3,2024-04-15
2024-04-15 08:00:00,"516,9110945909264","568,809998",2,3,2024-04-15
2024-04-15 09:00:00,"434,1111264337265","425,269989",2,3,2024-04-15
2024-04-15 10:00:00,"351,36777569394866","329,390015",2,3,2024-04-15
2024-04-15 11:00:00,"309,9947184561239","236,809998",2,3,2024-04-15
2024-04-15 12:00:00,"313,0112208527047","96,690002",2,3,2024-04-15
2024-04-15 13:00:00,"324,75178721510446","58,189999",2,3,2024-04-15
2024-04-15 14:00:00,"370,634532979548","59,610001",2,3,2024-04-15
2024-04-15 15:00:00,"409,16955915465064","345,440002",2,3,2024-04-15
2024-04-15 16:00:00,"618,8728495492841","516,289978",2,3,2024-04-15
2024-04-15 17:00:00,"858,0019305009198","588,809998",2,3,2024-04-15
2024-04-15 18:00:00,"795,4134055325263","574,630005",2,3,2024-04-15
2024-04-15 19:00:00,"608,4207521140468","494,730011",2,3,2024-04-15
2024-04-15 20:00:00,"453,5241677015537","401,170013",2,3,2024-04-15
2024-04-15 21:00:00,"387,5914908889097","254,940002",2,3,2024-04-15
2024-04-15 22:00:00,"405,3200364094071","15,07",2,3,2024-04-15
2024-04-15 23:00:00,"375,3004265530882","0,3",2,3,2024-04-15
2024-04-16 00:00:00,"333,1055927229907","1,04",2,3,2024-04-16
2024-04-16 01:00:00,"316,0156918562582","5,45",2,3,2024-04-16
2024-04-16 02:00:00,"316,16817888476254","130,330002",2,3,2024-04-16
2024-04-16 03:00:00,"362,7064916544","270,209991",2,3,2024-04-16
2024-04-16 04:00:00,"496,51426863829636","384,880005",2,3,2024-04-16
2024-04-16 05:00:00,"589,9141775318294","554,0",2,3,2024-04-16
2024-04-16 06:00:00,"560,1905797136395","554,0",2,3,2024-04-16
2024-04-16 07:00:00,"463,21499924580377","483,5",2,3,2024-04-16
2024-04-16 08:00:00,"324,7311099634234","380,700012",2,3,2024-04-16
2024-04-16 09:00:00,"249,32456297901908","318,109985",2,3,2024-04-16
2024-04-16 10:00:00,"203,40384256225482","298,410004",2,3,2024-04-16
2024-04-16 11:00:00,"119,27697655370365","300,049988",2,3,2024-04-16
2024-04-16 12:00:00,"188,45527373755078","313,929993",2,3,2024-04-16
2024-04-16 13:00:00,"178,52108457445598","362,049988",2,3,2024-04-16
2024-04-16 14:00:00,"247,71357194640507","385,470001",2,3,2024-04-16
2024-04-16 15:00:00,"390,77852471577177","594,359985",2,3,2024-04-16
2024-04-16 16:00:00,"495,3608864060042","693,210022",2,3,2024-04-16
2024-04-16 17:00:00,"589,2208363985509","850,400024",2,3,2024-04-16
2024-04-16 18:00:00,"653,4184300836896","928,960022",2,3,2024-04-16
2024-04-16 19:00:00,"557,8873568574738","779,309998",2,3,2024-04-16
2024-04-16 20:00:00,"516,6640082336096","672,169983",2,3,2024-04-16
2024-04-16 21:00:00,"441,5762875851284","627,409973",2,3,2024-04-16
2024-04-16 22:00:00,"397,42699139802517","625,48999",2,3,2024-04-16
2024-04-16 23:00:00,"338,1577447842777","625,48999",2,3,2024-04-16
2024-04-17 00:00:00,"323,72379882783866","606,919983",2,3,2024-04-17
2024-04-17 01:00:00,"334,80207059755156","614,75",2,3,2024-04-17
2024-04-17 02:00:00,"354,82651112021193","618,929993",2,3,2024-04-17
2024-04-17 03:00:00,"416,8403695109218","624,669983",2,3,2024-04-17
2024-04-17 04:00:00,"517,0062260669752","816,109985",2,3,2024-04-17
2024-04-17 05:00:00,"644,278671148196","1268,069946",2,3,2024-04-17
2024-04-17 06:00:00,"714,5207698401002","1157,650024",2,3,2024-04-17
2024-04-17 07:00:00,"635,6756965269121","780,52002",2,3,2024-04-17
2024-04-17 08:00:00,"597,7582651882333","625,940002",2,3,2024-04-17
2024-04-17 09:00:00,"502,4431965170146","596,099976",2,3,2024-04-17
2024-04-17 10:00:00,"472,0906384624832","619,080017",2,3,2024-04-17
2024-04-17 11:00:00,"400,6977220204781","602,960022",2,3,2024-04-17
2024-04-17 12:00:00,"373,600035962943","579,76001",2,3,2024-04-17
2024-04-17 13:00:00,"397,1934641331301","574,690002",2,3,2024-04-17
2024-04-17 14:00:00,"434,6645021307236","596,840027",2,3,2024-04-17
2024-04-17 15:00:00,"549,5150198130511","648,320007",2,3,2024-04-17
2024-04-17 16:00:00,"716,8386558806842","857,73999",2,3,2024-04-17
2024-04-17 17:00:00,"881,6562031291948","1193,089966",2,3,2024-04-17
2024-04-17 18:00:00,"1010,1774735111796","1267,550049",2,3,2024-04-17
2024-04-17 19:00:00,"736,853485774479","970,320007",2,3,2024-04-17
2024-04-17 20:00:00,"608,7933966302502","738,890015",2,3,2024-04-17
2024-04-17 21:00:00,"549,6207534225059","655,109985",2,3,2024-04-17
2024-04-17 22:00:00,"493,60732653006164","685,150024",2,3,2024-04-17
2024-04-17 23:00:00,"475,3817618469448","652,23999",2,3,2024-04-17
2024-04-18 00:00:00,"454,24138124954504","660,52002",2,3,2024-04-18
2024-04-18 01:00:00,"430,61785681752457","654,780029",2,3,2024-04-18
2024-04-18 02:00:00,"421,52020572170346","668,580017",2,3,2024-04-18
2024-04-18 03:00:00,"419,69995277010156","697,380005",2,3,2024-04-18
2024-04-18 04:00:00,"489,6204747206683","909,349976",2,3,2024-04-18
2024-04-18 05:00:00,"543,6150722278525","1162,430054",2,3,2024-04-18
2024-04-18 06:00:00,"520,7329833408753","978,809998",2,3,2024-04-18
2024-04-18 07:00:00,"453,717263763491","754,460022",2,3,2024-04-18
2024-04-18 08:00:00,"354,9697800025937","673,059998",2,3,2024-04-18
2024-04-18 09:00:00,"281,87120561231603","625,76001",2,3,2024-04-18
2024-04-18 10:00:00,"248,61793559000625","601,659973",2,3,2024-04-18
2024-04-18 11:00:00,"186,4864683001347","575,98999",2,3,2024-04-18
2024-04-18 12:00:00,"177,6387785926482","544,72998",2,3,2024-04-18
2024-04-18 13:00:00,"229,39226376523422","527,48999",2,3,2024-04-18
2024-04-18 14:00:00,"315,421064408887","528,840027",2,3,2024-04-18
2024-04-18 15:00:00,"413,0161927933698","606,799988",2,3,2024-04-18
2024-04-18 16:00:00,"481,4510416982529","701,559998",2,3,2024-04-18
2024-04-18 17:00:00,"620,0059335146113","934,419983",2,3,2024-04-18
2024-04-18 18:00:00,"676,0475989643115","961,200012",2,3,2024-04-18
2024-04-18 19:00:00,"578,0244712004582","790,27002",2,3,2024-04-18
2024-04-18 20:00:00,"503,71207787441796","670,669983",2,3,2024-04-18
2024-04-18 21:00:00,"418,48231996632614","592,179993",2,3,2024-04-18
2024-04-18 22:00:00,"392,96729006504836","576,090027",2,3,2024-04-18
2024-04-18 23:00:00,"363,8436217711322","453,869995",2,3,2024-04-18
2024-04-19 00:00:00,"356,8020197221276","377,019989",2,3,2024-04-19
2024-04-19 01:00:00,"340,6037269883219","369,109985",2,3,2024-04-19
2024-04-19 02:00:00,"318,9543168114014","357,920013",2,3,2024-04-19
2024-04-19 03:00:00,"330,8794384955582","366,200012",2,3,2024-04-19
2024-04-19 04:00:00,"345,2729795231976","448,570007",2,3,2024-04-19
2024-04-19 05:00:00,"386,0916666072984","515,130005",2,3,2024-04-19
2024-04-19 06:00:00,"444,8013609937678","567,059998",2,3,2024-04-19
2024-04-19 07:00:00,"379,9121548022683","509,609985",2,3,2024-04-19
2024-04-19 08:00:00,"266,87367246474287","449,170013",2,3,2024-04-19
2024-04-19 09:00:00,"178,15000085475785","418,429993",2,3,2024-04-19
2024-04-19 10:00:00,"102,10754931616552","379,859985",2,3,2024-04-19
2024-04-19 11:00:00,"50,566634565548064","350,679993",2,3,2024-04-19
2024-04-19 12:00:00,"32,6498259556123","335,309998",2,3,2024-04-19
2024-04-19 13:00:00,"44,204524245171555","332,480011",2,3,2024-04-19
2024-04-19 14:00:00,"125,48828361756554","379,859985",2,3,2024-04-19
2024-04-19 15:00:00,"325,90546005982645","424,920013",2,3,2024-04-19
2024-04-19 16:00:00,"417,61583765103984","473,720001",2,3,2024-04-19
2024-04-19 17:00:00,"519,4265726784354","475,660004",2,3,2024-04-19
2024-04-19 18:00:00,"594,87990231013","482,670013",2,3,2024-04-19
2024-04-19 19:00:00,"563,5034308531497","493,940002",2,3,2024-04-19
2024-04-19 20:00:00,"520,0058999836995","477,149994",2,3,2024-04-19
2024-04-19 21:00:00,"481,5676417687849","471,179993",2,3,2024-04-19
2024-04-19 22:00:00,"424,6573022663289","449,529999",2,3,2024-04-19
2024-04-19 23:00:00,"393,95626508410095","432,589996",2,3,2024-04-19
2024-04-20 00:00:00,"324,85129734443416","427,809998",2,3,2024-04-20
2024-04-20 01:00:00,"315,69742742189175","430,950012",2,3,2024-04-20
2024-04-20 02:00:00,"320,1739155627213","455,5",2,3,2024-04-20
2024-04-20 03:00:00,"335,6997152357796","468,850006",2,3,2024-04-20
2024-04-20 04:00:00,"354,0161426167355","476,98999",2,3,2024-04-20
2024-04-20 05:00:00,"359,4623122129653","507,279999",2,3,2024-04-20
2024-04-20 06:00:00,"322,3991699093861","485,350006",2,3,2024-04-20
2024-04-20 07:00:00,"259,9112473710846","446,98999",2,3,2024-04-20
2024-04-20 08:00:00,"204,01201947463164","373,48999",2,3,2024-04-20
2024-04-20 09:00:00,"125,8706007750525","286,769989",2,3,2024-04-20
2024-04-20 10:00:00,"44,92013385634752","216,179993",2,3,2024-04-20
2024-04-20 11:00:00,"-128,50118964906807","92,010002",2,3,2024-04-20
2024-04-20 12:00:00,"-163,76826703973703","78,730003",2,3,2024-04-20
2024-04-20 13:00:00,"-172,46705093050198","136,779999",2,3,2024-04-20
2024-04-20 14:00:00,"2,9790705659219556","279,160004",2,3,2024-04-20
2024-04-20 15:00:00,"221,58271927823316","468,850006",2,3,2024-04-20
2024-04-20 16:00:00,"349,60875315108694","588,77002",2,3,2024-04-20
2024-04-20 17:00:00,"465,8481473109026","668,690002",2,3,2024-04-20
2024-04-20 18:00:00,"507,41671933448066","724,140015",2,3,2024-04-20
2024-04-20 19:00:00,"391,69576115365527","673,919983",2,3,2024-04-20
2024-04-20 20:00:00,"340,39974420231033","642,280029",2,3,2024-04-20
2024-04-20 21:00:00,"243,0017009305616","618,619995",2,3,2024-04-20
2024-04-20 22:00:00,"166,53332705337021","610,679993",2,3,2024-04-20
2024-04-20 23:00:00,"174,84857964337272","526,669983",2,3,2024-04-20
2024-04-21 00:00:00,"160,8772239092405","518,76001",2,3,2024-04-21
2024-04-21 01:00:00,"160,94397552669804","480,48999",2,3,2024-04-21
2024-04-21 02:00:00,"159,64236946733155","476,609985",2,3,2024-04-21
2024-04-21 03:00:00,"166,9951178684291","474,670013",2,3,2024-04-21
2024-04-21 04:00:00,"196,18935481617584","480,709991",2,3,2024-04-21
2024-04-21 05:00:00,"193,03885433037553","451,609985",2,3,2024-04-21
2024-04-21 06:00:00,"178,97204554192473","454,220001",2,3,2024-04-21
2024-04-21 07:00:00,"141,1956847725365","413,190002",2,3,2024-04-21
2024-04-21 08:00:00,"217,03357800947705","246,139999",2,3,2024-04-21
2024-04-21 09:00:00,"58,699588676648254","275,76001",2,3,2024-04-21
2024-04-21 10:00:00,"-31,304624573898412","45,209999",2,3,2024-04-21
2024-04-21 11:00:00,"-139,30816378731095","2,09",2,3,2024-04-21
2024-04-21 12:00:00,"-163,60736126717245","-6,71",2,3,2024-04-21
2024-04-21 13:00:00,"-66,20812495885974","5,6",2,3,2024-04-21
2024-04-21 14:00:00,"247,81277628119585","44,84",2,3,2024-04-21
2024-04-21 15:00:00,"185,9182270438318","434,380005",2,3,2024-04-21
2024-04-21 16:00:00,"366,47439614353493","556,590027",2,3,2024-04-21
2024-04-21 17:00:00,"433,9041381452239","666,710022",2,3,2024-04-21
2024-04-21 18:00:00,"512,0784670515903","710,72998",2,3,2024-04-21
2024-04-21 19:00:00,"571,0638661561546","679,469971",2,3,2024-04-21
2024-04-21 20:00:00,"585,8447875732246","667,080017",2,3,2024-04-21
2024-04-21 21:00:00,"518,9517899319269","660,0",2,3,2024-04-21
2024-04-21 22:00:00,"489,35030097220516","589,190002",2,3,2024-04-21
2024-04-21 23:00:00,"482,8428715043816","582,330017",2,3,2024-04-21
2024-04-22 00:00:00,"465,3564994584857","585,23999",2,4,2024-04-22
2024-04-22 01:00:00,"464,4783142132646","596,280029",2,4,2024-04-22
2024-04-22 02:00:00,"472,332681022448","595,309998",2,4,2024-04-22
2024-04-22 03:00:00,"512,4310867678663","652,830017",2,4,2024-04-22
2024-04-22 04:00:00,"624,7880376400803","790,109985",2,4,2024-04-22
2024-04-22 05:00:00,"875,6778173849111","975,820007",2,4,2024-04-22
2024-04-22 06:00:00,"841,9332712586652","876,359985",2,4,2024-04-22
2024-04-22 07:00:00,"624,2497723269715","724,090027",2,4,2024-04-22
2024-04-22 08:00:00,"518,8590595783278","610,75",2,4,2024-04-22
2024-04-22 09:00:00,"408,6123892274797","606,130005",2,4,2024-04-22
2024-04-22 10:00:00,"304,3679256662535","574,869995",2,4,2024-04-22
2024-04-22 11:00:00,"235,6730984749834","549,650024",2,4,2024-04-22
2024-04-22 12:00:00,"180,2836526349024","553,080017",2,4,2024-04-22
2024-04-22 13:00:00,"189,88037257457347","559,650024",2,4,2024-04-22
2024-04-22 14:00:00,"212,66905999201373","536,440002",2,4,2024-04-22
2024-04-22 15:00:00,"331,4104317310919","722,150024",2,4,2024-04-22
2024-04-22 16:00:00,"504,74838753011716","881,880005",2,4,2024-04-22
2024-04-22 17:00:00,"594,7293648987661","1223,969971",2,4,2024-04-22
2024-04-22 18:00:00,"591,111667961842","1275,52002",2,4,2024-04-22
2024-04-22 19:00:00,"478,95607901982555","970,299988",2,4,2024-04-22
2024-04-22 20:00:00,"385,6156644692602","789,140015",2,4,2024-04-22
2024-04-22 21:00:00,"280,7767758889832","723,640015",2,4,2024-04-22
2024-04-22 22:00:00,"234,3045355047197","658,969971",2,4,2024-04-22
2024-04-22 23:00:00,"178,28631001710164","646,809998",2,4,2024-04-22
2024-04-23 00:00:00,"153,29046803742943","641,289978",2,4,2024-04-23
2024-04-23 01:00:00,"150,9532837030459","637,340027",2,4,2024-04-23
2024-04-23 02:00:00,"193,7983231202341","644,280029",2,4,2024-04-23
2024-04-23 03:00:00,"276,89221740352644","728,890015",2,4,2024-04-23
2024-04-23 04:00:00,"472,51094922097155","905,789978",2,4,2024-04-23
2024-04-23 05:00:00,"566,5780059169175","1352,420044",2,4,2024-04-23
2024-04-23 06:00:00,"545,8573724628287","1016,820007",2,4,2024-04-23
2024-04-23 07:00:00,"443,84528450000244","734,030029",2,4,2024-04-23
2024-04-23 08:00:00,"309,1743247158107","618,309998",2,4,2024-04-23
2024-04-23 09:00:00,"230,08182141704899","576,450012",2,4,2024-04-23
2024-04-23 10:00:00,"202,57656954325438","577,950012",2,4,2024-04-23
2024-04-23 11:00:00,"153,3242256656958","592,27002",2,4,2024-04-23
2024-04-23 12:00:00,"154,07144856458106","586,599976",2,4,2024-04-23
2024-04-23 13:00:00,"209,72260798557338","597,049988",2,4,2024-04-23
2024-04-23 14:00:00,"262,29519736460355","619,429993",2,4,2024-04-23
2024-04-23 15:00:00,"415,0747279562693","671,289978",2,4,2024-04-23
2024-04-23 16:00:00,"550,8139006575177","764,030029",2,4,2024-04-23
2024-04-23 17:00:00,"694,2384620284244","917,799988",2,4,2024-04-23
2024-04-23 18:00:00,"739,472041920979","933,169983",2,4,2024-04-23
2024-04-23 19:00:00,"613,9546795423742","784,169983",2,4,2024-04-23
2024-04-23 20:00:00,"556,8463458264953","691,880005",2,4,2024-04-23
2024-04-23 21:00:00,"462,11797247907305","608,460022",2,4,2024-04-23
2024-04-23 22:00:00,"449,76249428660805","600,929993",2,4,2024-04-23
2024-04-23 23:00:00,"392,51913216803575","569,150024",2,4,2024-04-23
2024-04-24 00:00:00,"325,79543574816756","566,090027",2,4,2024-04-24
2024-04-24 01:00:00,"313,4364510362647","545,130005",2,4,2024-04-24
2024-04-24 02:00:00,"360,81044155246275","567,289978",2,4,2024-04-24
2024-04-24 03:00:00,"420,6417764170286","610,47998",2,4,2024-04-24
2024-04-24 04:00:00,"544,5779940882999","758,419983",2,4,2024-04-24
2024-04-24 05:00:00,"720,4965307471633","956,200012",2,4,2024-04-24
2024-04-24 06:00:00,"748,0200231154248","798,780029",2,4,2024-04-24
2024-04-24 07:00:00,"705,9617346815992","684,940002",2,4,2024-04-24
2024-04-24 08:00:00,"632,4909732585022","676,960022",2,4,2024-04-24
2024-04-24 09:00:00,"550,1244267023262","659,130005",2,4,2024-04-24
2024-04-24 10:00:00,"537,8674697798264","616,22998",2,4,2024-04-24
2024-04-24 11:00:00,"463,0757048349418","597,5",2,4,2024-04-24
2024-04-24 12:00:00,"451,3036996267321","570,940002",2,4,2024-04-24
2024-04-24 13:00:00,"489,06761790047875","602,130005",2,4,2024-04-24
2024-04-24 14:00:00,"525,1020856319078","605,190002",2,4,2024-04-24
2024-04-24 15:00:00,"604,1300621248284","646,070007",2,4,2024-04-24
2024-04-24 16:00:00,"694,8233683286045","757,530029",2,4,2024-04-24
2024-04-24 17:00:00,"832,196991139351","1008,640015",2,4,2024-04-24
2024-04-24 18:00:00,"1041,0922956533984","1070,119995",2,4,2024-04-24
2024-04-24 19:00:00,"818,5462973330417","903,900024",2,4,2024-04-24
2024-04-24 20:00:00,"654,9764049171755","785,650024",2,4,2024-04-24
2024-04-24 21:00:00,"562,6308371029938","673,0",2,4,2024-04-24
2024-04-24 22:00:00,"533,9177687434158","622,700012",2,4,2024-04-24
2024-04-24 23:00:00,"499,02020663044067","596,599976",2,4,2024-04-24
2024-04-25 00:00:00,"480,44119796029383","576,97998",2,4,2024-04-25
2024-04-25 01:00:00,"475,17796280864826","567,140015",2,4,2024-04-25
2024-04-25 02:00:00,"479,68851863548446","561,099976",2,4,2024-04-25
2024-04-25 03:00:00,"494,5631495773965","626,580017",2,4,2024-04-25
2024-04-25 04:00:00,"589,8419027860353","763,940002",2,4,2024-04-25
2024-04-25 05:00:00,"683,6653457209612","962,390015",2,4,2024-04-25
2024-04-25 06:00:00,"640,87628871256","840,530029",2,4,2024-04-25
2024-04-25 07:00:00,"498,17702035817126","686,830017",2,4,2024-04-25
2024-04-25 08:00:00,"428,1409430302361","596,669983",2,4,2024-04-25
2024-04-25 09:00:00,"362,6090476213458","583,169983",2,4,2024-04-25
2024-04-25 10:00:00,"345,5284660481477","551,26001",2,4,2024-04-25
2024-04-25 11:00:00,"334,06873512898323","512,099976",2,4,2024-04-25
2024-04-25 12:00:00,"326,7429871474723","495,25",2,4,2024-04-25
2024-04-25 13:00:00,"368,5579742520044","516,950012",2,4,2024-04-25
2024-04-25 14:00:00,"401,0614687251756","542,97998",2,4,2024-04-25
2024-04-25 15:00:00,"488,6049311542167","595,700012",2,4,2024-04-25
2024-04-25 16:00:00,"586,833916133088","709,72998",2,4,2024-04-25
2024-04-25 17:00:00,"670,4055714418533","1052,170044",2,4,2024-04-25
2024-04-25 18:00:00,"697,5888786383781","1135,699951",2,4,2024-04-25
2024-04-25 19:00:00,"686,2270510697947","847,98999",2,4,2024-04-25
2024-04-25 20:00:00,"601,0556806787167","681,23999",2,4,2024-04-25
2024-04-25 21:00:00,"531,6722973117273","594,659973",2,4,2024-04-25
2024-04-25 22:00:00,"519,9055980299089","595,719971",2,4,2024-04-25
2024-04-25 23:00:00,"469,84149635669206","551,929993",2,4,2024-04-25
2024-04-26 00:00:00,"430,7130579743023","553,429993",2,4,2024-04-26
2024-04-26 01:00:00,"417,3824121544416","552,460022",2,4,2024-04-26
2024-04-26 02:00:00,"395,23716435309603","575,049988",2,4,2024-04-26
2024-04-26 03:00:00,"386,3669117145904","618,909973",2,4,2024-04-26
2024-04-26 04:00:00,"477,49680691896305","697,380005",2,4,2024-04-26
2024-04-26 05:00:00,"549,5292820043838","776,140015",2,4,2024-04-26
2024-04-26 06:00:00,"570,8992896581229","716,469971",2,4,2024-04-26
2024-04-26 07:00:00,"502,99287094285535","604,73999",2,4,2024-04-26
2024-04-26 08:00:00,"383,90864045814175","580,349976",2,4,2024-04-26
2024-04-26 09:00:00,"258,2962802723781","544,099976",2,4,2024-04-26
2024-04-26 10:00:00,"187,45538111114908","524,710022",2,4,2024-04-26
2024-04-26 11:00:00,"143,36506921498284","512,700012",2,4,2024-04-26
2024-04-26 12:00:00,"163,11164588624501","487,570007",2,4,2024-04-26
2024-04-26 13:00:00,"140,00106671766343","521,5",2,4,2024-04-26
2024-04-26 14:00:00,"182,73552975735942","534,780029",2,4,2024-04-26
2024-04-26 15:00:00,"346,5440553919969","600,119995",2,4,2024-04-26
2024-04-26 16:00:00,"410,1173265812536","700,210022",2,4,2024-04-26
2024-04-26 17:00:00,"454,9115722371749","959,25",2,4,2024-04-26
2024-04-26 18:00:00,"525,8512777130127","1018,539978",2,4,2024-04-26
2024-04-26 19:00:00,"505,02502663113574","820,440002",2,4,2024-04-26
2024-04-26 20:00:00,"486,07029500776565","691,47998",2,4,2024-04-26
2024-04-26 21:00:00,"461,35582383374543","658,289978",2,4,2024-04-26
2024-04-26 22:00:00,"400,6692940136166","673,330017",2,4,2024-04-26
2024-04-26 23:00:00,"335,13686612990045","662,960022",2,4,2024-04-26
2024-04-27 00:00:00,"309,5937217391713","645,72998",2,4,2024-04-27
2024-04-27 01:00:00,"304,1146893577386","663,929993",2,4,2024-04-27
2024-04-27 02:00:00,"311,54562377384383","653,940002",2,4,2024-04-27
2024-04-27 03:00:00,"331,39971957708997","625,52002",2,4,2024-04-27
2024-04-27 04:00:00,"362,8782959284236","641,929993",2,4,2024-04-27
2024-04-27 05:00:00,"367,21380912530407","589,429993",2,4,2024-04-27
2024-04-27 06:00:00,"346,45880883413156","511,950012",2,4,2024-04-27
2024-04-27 07:00:00,"296,03641729369593","440,51001",2,4,2024-04-27
2024-04-27 08:00:00,"220,26576009662762","284,950012",2,4,2024-04-27
2024-04-27 09:00:00,"138,73505173546894","194,559998",2,4,2024-04-27
2024-04-27 10:00:00,"45,65626127440602","294,640015",2,4,2024-04-27
2024-04-27 11:00:00,"-137,70174202427938","308,809998",2,4,2024-04-27
2024-04-27 12:00:00,"-163,66648485657296","182,710007",2,4,2024-04-27
2024-04-27 13:00:00,"-179,9581387605759","75,019997",2,4,2024-04-27
2024-04-27 14:00:00,"5,870557441489033","156,080002",2,4,2024-04-27
2024-04-27 15:00:00,"207,69006588831164","463,700012",2,4,2024-04-27
2024-04-27 16:00:00,"404,22102086023784","642,679993",2,4,2024-04-27
2024-04-27 17:00:00,"497,2306559283339","894,140015",2,4,2024-04-27
2024-04-27 18:00:00,"543,2328075006751","837,23999",2,4,2024-04-27
2024-04-27 19:00:00,"433,65646817221807","633,880005",2,4,2024-04-27
2024-04-27 20:00:00,"366,00187726990595","566,01001",2,4,2024-04-27
2024-04-27 21:00:00,"257,36513037679237","486,440002",2,4,2024-04-27
2024-04-27 22:00:00,"221,93367810657946","420,570007",2,4,2024-04-27
2024-04-27 23:00:00,"176,86795283000353","344,119995",2,4,2024-04-27
2024-04-28 00:00:00,"176,83305489916302","295,350006",2,4,2024-04-28
2024-04-28 01:00:00,"165,2269328211392","235,309998",2,4,2024-04-28
2024-04-28 02:00:00,"166,8475329022341","205,850006",2,4,2024-04-28
2024-04-28 03:00:00,"172,96810929518796","194,289993",2,4,2024-04-28
2024-04-28 04:00:00,"194,65208337844663","74,209999",2,4,2024-04-28
2024-04-28 05:00:00,"188,2401083586015","1,86",2,4,2024-04-28
2024-04-28 06:00:00,"175,24992700116584","1,94",2,4,2024-04-28
2024-04-28 07:00:00,"143,91697068995936","1,64",2,4,2024-04-28
2024-04-28 08:00:00,"95,42958460330199","0,0",2,4,2024-04-28
2024-04-28 09:00:00,"64,27727666325663","-7,16",2,4,2024-04-28
2024-04-28 10:00:00,"-86,72279847919502","-18,049999",2,4,2024-04-28
2024-04-28 11:00:00,"-145,23495710141","-18,65",2,4,2024-04-28
2024-04-28 12:00:00,"-156,68252678302298","-18,790001",2,4,2024-04-28
2024-04-28 13:00:00,"-130,89773765930437","-15,66",2,4,2024-04-28
2024-04-28 14:00:00,"-7,045730899046534","-15,51",2,4,2024-04-28
2024-04-28 15:00:00,"210,96155877485154","-0,15",2,4,2024-04-28
2024-04-28 16:00:00,"384,67869656653113","189,289993",2,4,2024-04-28
2024-04-28 17:00:00,"427,4136312280634","517,299988",2,4,2024-04-28
2024-04-28 18:00:00,"490,0823826315086","577,640015",2,4,2024-04-28
2024-04-28 19:00:00,"511,02640514799356","583,159973",2,4,2024-04-28
2024-04-28 20:00:00,"476,04192058220053","468,079987",2,4,2024-04-28
2024-04-28 21:00:00,"468,6604372931281","417,890015",2,4,2024-04-28
2024-04-28 22:00:00,"476,8795297701241","306,529999",2,4,2024-04-28
2024-04-28 23:00:00,"483,88435462750004","370,75",2,4,2024-04-28
2024-07-01 00:00:00,"545,0005832821132","583,150024",3,1,2024-07-01
2024-07-01 01:00:00,"551,4810207225443","581,809998",3,1,2024-07-01
2024-07-01 02:00:00,"557,9544782928361","564,059998",3,1,2024-07-01
2024-07-01 03:00:00,"636,6362715551985","602,76001",3,1,2024-07-01
2024-07-01 04:00:00,"780,9182805861643","907,349976",3,1,2024-07-01
2024-07-01 05:00:00,"916,4378919999137","1018,109985",3,1,2024-07-01
2024-07-01 06:00:00,"900,7310222213223","963,590027",3,1,2024-07-01
2024-07-01 07:00:00,"664,8262587082222","841,27002",3,1,2024-07-01
2024-07-01 08:00:00,"494,4128436861727","750,289978",3,1,2024-07-01
2024-07-01 09:00:00,"434,6757443242047","642,070007",3,1,2024-07-01
2024-07-01 10:00:00,"359,7173561241884","493,200012",3,1,2024-07-01
2024-07-01 11:00:00,"343,12401042360926","318,609985",3,1,2024-07-01
2024-07-01 12:00:00,"337,3865199152709","258,5",3,1,2024-07-01
2024-07-01 13:00:00,"350,91128644647085","242,759995",3,1,2024-07-01
2024-07-01 14:00:00,"434,3623326383719","231,649994",3,1,2024-07-01
2024-07-01 15:00:00,"550,9717707146646","410,200012",3,1,2024-07-01
2024-07-01 16:00:00,"671,9036455934219","538,77002",3,1,2024-07-01
2024-07-01 17:00:00,"1021,820864261125","733,72998",3,1,2024-07-01
2024-07-01 18:00:00,"1297,057915880447","791,080017",3,1,2024-07-01
2024-07-01 19:00:00,"1154,227972040435","939,719971",3,1,2024-07-01
2024-07-01 20:00:00,"847,2044863484122","782,580017",3,1,2024-07-01
2024-07-01 21:00:00,"670,7590347858311","653,700012",3,1,2024-07-01
2024-07-01 22:00:00,"598,477599517046","593,919983",3,1,2024-07-01
2024-07-01 23:00:00,"570,5941562488969","462,350006",3,1,2024-07-01
2024-07-02 00:00:00,"571,6911084294912","375,829987",3,1,2024-07-02
2024-07-02 01:00:00,"557,986749756431","402,829987",3,1,2024-07-02
2024-07-02 02:00:00,"568,8579685109154","343,98999",3,1,2024-07-02
2024-07-02 03:00:00,"601,0940932164334","379,040009",3,1,2024-07-02
2024-07-02 04:00:00,"822,7233336482841","518,070007",3,1,2024-07-02
2024-07-02 05:00:00,"862,0315594399524","496,140015",3,1,2024-07-02
2024-07-02 06:00:00,"713,9213061349458","611,299988",3,1,2024-07-02
2024-07-02 07:00:00,"542,0736451562209","498,970001",3,1,2024-07-02
2024-07-02 08:00:00,"404,36653027053944","293,119995",3,1,2024-07-02
2024-07-02 09:00:00,"251,8304864781479","265,369995",3,1,2024-07-02
2024-07-02 10:00:00,"176,53119697920351","263,51001",3,1,2024-07-02
2024-07-02 11:00:00,"154,06364280358795","257,98999",3,1,2024-07-02
2024-07-02 12:00:00,"164,44355278083668","252,990005",3,1,2024-07-02
2024-07-02 13:00:00,"215,87920601156952","243,070007",3,1,2024-07-02
2024-07-02 14:00:00,"320,309933927234","249,410004",3,1,2024-07-02
2024-07-02 15:00:00,"478,38525207099343","262,170013",3,1,2024-07-02
2024-07-02 16:00:00,"642,0196179826171","261,720001",3,1,2024-07-02
2024-07-02 17:00:00,"883,6928686238601","267,160004",3,1,2024-07-02
2024-07-02 18:00:00,"1019,9769137601699","311,98999",3,1,2024-07-02
2024-07-02 19:00:00,"896,211846699824","436,920013",3,1,2024-07-02
2024-07-02 20:00:00,"776,1877627531063","345,779999",3,1,2024-07-02
2024-07-02 21:00:00,"659,3765229108457","301,100006",3,1,2024-07-02
2024-07-02 22:00:00,"604,9575185304892","277,459991",3,1,2024-07-02
2024-07-02 23:00:00,"537,0493706358968","268,809998",3,1,2024-07-02
2024-07-03 00:00:00,"528,2269000834699","267,23999",3,1,2024-07-03
2024-07-03 01:00:00,"532,7935051520451","270,380005",3,1,2024-07-03
2024-07-03 02:00:00,"539,6385255105329","288,649994",3,1,2024-07-03
2024-07-03 03:00:00,"566,0869548977596","439,309998",3,1,2024-07-03
2024-07-03 04:00:00,"593,7077729892567","647,929993",3,1,2024-07-03
2024-07-03 05:00:00,"874,1630637694299","729,599976",3,1,2024-07-03
2024-07-03 06:00:00,"998,2470583203811","771,669983",3,1,2024-07-03
2024-07-03 07:00:00,"644,3630464759132","416,709991",3,1,2024-07-03
2024-07-03 08:00:00,"470,7651987278223","323,029999",3,1,2024-07-03
2024-07-03 09:00:00,"368,12967687725103","298,119995",3,1,2024-07-03
2024-07-03 10:00:00,"256,6405142269856","291,859985",3,1,2024-07-03
2024-07-03 11:00:00,"218,58215469621828","296,179993",3,1,2024-07-03
2024-07-03 12:00:00,"180,38274446450578","306,100006",3,1,2024-07-03
2024-07-03 13:00:00,"261,2571937227266","317,220001",3,1,2024-07-03
2024-07-03 14:00:00,"321,56894017724477","376,660004",3,1,2024-07-03
2024-07-03 15:00:00,"369,8198871799076","590,5",3,1,2024-07-03
2024-07-03 16:00:00,"481,9902283022623","697,830017",3,1,2024-07-03
2024-07-03 17:00:00,"566,8414513287623","831,27002",3,1,2024-07-03
2024-07-03 18:00:00,"675,0095709541895","1149,969971",3,1,2024-07-03
2024-07-03 19:00:00,"772,7022554593472","784,130005",3,1,2024-07-03
2024-07-03 20:00:00,"905,1307795289881","655,23999",3,1,2024-07-03
2024-07-03 21:00:00,"1187,546037125016","513,900024",3,1,2024-07-03
2024-07-03 22:00:00,"731,8396125731821","436,329987",3,1,2024-07-03
2024-07-03 23:00:00,"630,9667851683072","228,75",3,1,2024-07-03
2024-07-04 00:00:00,"577,0899628319739","154,240005",3,1,2024-07-04
2024-07-04 01:00:00,"566,1028204908152","130,149994",3,1,2024-07-04
2024-07-04 02:00:00,"553,8106417180416","70,779999",3,1,2024-07-04
2024-07-04 03:00:00,"546,2305032053446","74,730003",3,1,2024-07-04
2024-07-04 04:00:00,"635,0644364103711","197,429993",3,1,2024-07-04
2024-07-04 05:00:00,"881,086525903622","223,759995",3,1,2024-07-04
2024-07-04 06:00:00,"813,7657731481295","235,910004",3,1,2024-07-04
2024-07-04 07:00:00,"631,8822336743427","168,940002",3,1,2024-07-04
2024-07-04 08:00:00,"486,9028441669766","14,17",3,1,2024-07-04
2024-07-04 09:00:00,"413,1973423118899","0,0",3,1,2024-07-04
2024-07-04 10:00:00,"362,8074082962464","-0,3",3,1,2024-07-04
2024-07-04 11:00:00,"328,94872518674936","-37,52",3,1,2024-07-04
2024-07-04 12:00:00,"320,3660325245999","-142,380005",3,1,2024-07-04
2024-07-04 13:00:00,"339,90585928372394","-100,470001",3,1,2024-07-04
2024-07-04 14:00:00,"379,21081476315396","-39,599998",3,1,2024-07-04
2024-07-04 15:00:00,"521,8661409574754","-0,22",3,1,2024-07-04
2024-07-04 16:00:00,"638,0639702081647","50,490002",3,1,2024-07-04
2024-07-04 17:00:00,"940,1721681621859","216,300003",3,1,2024-07-04
2024-07-04 18:00:00,"1408,3673045380617","336,160004",3,1,2024-07-04
2024-07-04 19:00:00,"1184,6054715569323","289,320007",3,1,2024-07-04
2024-07-04 20:00:00,"854,7106289921626","288,5",3,1,2024-07-04
2024-07-04 21:00:00,"684,8740950553203","284,170013",3,1,2024-07-04
2024-07-04 22:00:00,"669,4355957934341","51,610001",3,1,2024-07-04
2024-07-04 23:00:00,"591,1947683564481","36,02",3,1,2024-07-04
2024-07-05 00:00:00,"549,123213159902","29,83",3,1,2024-07-05
2024-07-05 01:00:00,"543,0275195342175","19,91",3,1,2024-07-05
2024-07-05 02:00:00,"540,6266138752561","21,780001",3,1,2024-07-05
2024-07-05 03:00:00,"555,3999474653023","42,66",3,1,2024-07-05
2024-07-05 04:00:00,"574,4908222524426","149,100006",3,1,2024-07-05
2024-07-05 05:00:00,"573,0041466532595","216,970001",3,1,2024-07-05
2024-07-05 06:00:00,"552,8631622373968","234,720001",3,1,2024-07-05
2024-07-05 07:00:00,"544,5620284649357","138,429993",3,1,2024-07-05
2024-07-05 08:00:00,"485,48277386437695","22,0",3,1,2024-07-05
2024-07-05 09:00:00,"387,5590105673229","3,06",3,1,2024-07-05
2024-07-05 10:00:00,"338,597320162115","-0,3",3,1,2024-07-05
2024-07-05 11:00:00,"290,9619473161341","-4,1",3,1,2024-07-05
2024-07-05 12:00:00,"256,87899003690933","-5,74",3,1,2024-07-05
2024-07-05 13:00:00,"259,2468164113743","-0,22",3,1,2024-07-05
2024-07-05 14:00:00,"293,8193212305431","14,4",3,1,2024-07-05
2024-07-05 15:00:00,"351,69216590615724","125,379997",3,1,2024-07-05
2024-07-05 16:00:00,"457,9324277094614","186,839996",3,1,2024-07-05
2024-07-05 17:00:00,"512,166015359669","273,730011",3,1,2024-07-05
2024-07-05 18:00:00,"544,7539414108269","282,01001",3,1,2024-07-05
2024-07-05 19:00:00,"593,283828971252","447,959991",3,1,2024-07-05
2024-07-05 20:00:00,"554,4446580789556","618,02002",3,1,2024-07-05
2024-07-05 21:00:00,"524,5016296250635","633,609985",3,1,2024-07-05
2024-07-05 22:00:00,"515,2554389279295","637,890015",3,1,2024-07-05
2024-07-05 23:00:00,"528,500887821907","492,73999",3,1,2024-07-05
2024-07-06 00:00:00,"493,9738400433717","473,799988",3,1,2024-07-06
2024-07-06 01:00:00,"462,46875371700474","346,540009",3,1,2024-07-06
2024-07-06 02:00:00,"448,7455263590288","288,070007",3,1,2024-07-06
2024-07-06 03:00:00,"393,2311993761466","117,029999",3,1,2024-07-06
2024-07-06 04:00:00,"373,4519488512134","42,740002",3,1,2024-07-06
2024-07-06 05:00:00,"325,0594525494591","40,049999",3,1,2024-07-06
2024-07-06 06:00:00,"261,7878723732663","25,360001",3,1,2024-07-06
2024-07-06 07:00:00,"167,32241060080776","2,39",3,1,2024-07-06
2024-07-06 08:00:00,"52,47852730981675","-0,3",3,1,2024-07-06
2024-07-06 09:00:00,"8,793004900805336","-0,15",3,1,2024-07-06
2024-07-06 10:00:00,"-42,03431262831873","-0,22",3,1,2024-07-06
2024-07-06 11:00:00,"-77,22684116928525","-0,9",3,1,2024-07-06
2024-07-06 12:00:00,"-80,34775849730936","-16,26",3,1,2024-07-06
2024-07-06 13:00:00,"-72,08219372893373","-20,209999",3,1,2024-07-06
2024-07-06 14:00:00,"-24,768944717204256","-4,48",3,1,2024-07-06
2024-07-06 15:00:00,"250,48579681839092","-0,45",3,1,2024-07-06
2024-07-06 16:00:00,"442,7024750528705","14,02",3,1,2024-07-06
2024-07-06 17:00:00,"598,8692170797954","1,64",3,1,2024-07-06
2024-07-06 18:00:00,"613,4753868286735","49,900002",3,1,2024-07-06
2024-07-06 19:00:00,"548,4956966262075","70,110001",3,1,2024-07-06
2024-07-06 20:00:00,"508,89442679575563","134,259995",3,1,2024-07-06
2024-07-06 21:00:00,"509,98060929547194","104,580002",3,1,2024-07-06
2024-07-06 22:00:00,"450,7385466241833","-0,22",3,1,2024-07-06
2024-07-06 23:00:00,"369,96370674551366","-0,75",3,1,2024-07-06
2024-07-07 00:00:00,"333,3020898922044","-5,97",3,1,2024-07-07
2024-07-07 01:00:00,"317,92991313343975","-3,58",3,1,2024-07-07
2024-07-07 02:00:00,"294,57918894061487","-0,45",3,1,2024-07-07
2024-07-07 03:00:00,"264,89163868981683","-0,07",3,1,2024-07-07
2024-07-07 04:00:00,"246,83339762332005","-0,07",3,1,2024-07-07
2024-07-07 05:00:00,"166,7894641903582","-0,07",3,1,2024-07-07
2024-07-07 06:00:00,"65,54466706083473","-4,47",3,1,2024-07-07
2024-07-07 07:00:00,"14,050166417099542","-48,400002",3,1,2024-07-07
2024-07-07 08:00:00,"-3,5286856364608616","-74,43",3,1,2024-07-07
2024-07-07 09:00:00,"-26,246017528567645","-89,800003",3,1,2024-07-07
2024-07-07 10:00:00,"-39,523180596773734","-100,610001",3,1,2024-07-07
2024-07-07 11:00:00,"-53,523667589653414","-112,019997",3,1,2024-07-07
2024-07-07 12:00:00,"-62,288607724715035","-156,470001",3,1,2024-07-07
2024-07-07 13:00:00,"-49,37823213870918","-90,989998",3,1,2024-07-07
2024-07-07 14:00:00,"-15,004633127926551","-45,939999",3,1,2024-07-07
2024-07-07 15:00:00,"210,7365670699238","-0,6",3,1,2024-07-07
2024-07-07 16:00:00,"430,34697462045943","477,23999",3,1,2024-07-07
2024-07-07 17:00:00,"616,1544913262146","673,23999",3,1,2024-07-07
2024-07-07 18:00:00,"824,4366606296908","890,48999",3,1,2024-07-07
2024-07-07 19:00:00,"848,0230122518481","947,549988",3,1,2024-07-07
2024-07-07 20:00:00,"829,8429259286534","859,169983",3,1,2024-07-07
2024-07-07 21:00:00,"712,9963985941858","724,400024",3,1,2024-07-07
2024-07-07 22:00:00,"684,0235030197374","608,72998",3,1,2024-07-07
2024-07-07 23:00:00,"599,4761370681646","571,659973",3,1,2024-07-07
2024-07-08 00:00:00,"571,4739369144393","552,48999",3,2,2024-07-08
2024-07-08 01:00:00,"577,5799584178177","579,640015",3,2,2024-07-08
2024-07-08 02:00:00,"577,2885458882323","568,900024",3,2,2024-07-08
2024-07-08 03:00:00,"656,3187155908497","592,469971",3,2,2024-07-08
2024-07-08 04:00:00,"925,5966734869482","820,390015",3,2,2024-07-08
2024-07-08 05:00:00,"1013,2344524888312","924,580017",3,2,2024-07-08
2024-07-08 06:00:00,"898,9012696428766","750,580017",3,2,2024-07-08
2024-07-08 07:00:00,"696,7477358473543","578,820007",3,2,2024-07-08
2024-07-08 08:00:00,"548,3822767424006","402,209991",3,2,2024-07-08
2024-07-08 09:00:00,"455,1974373012479","286,609985",3,2,2024-07-08
2024-07-08 10:00:00,"372,00072245197987","237,089996",3,2,2024-07-08
2024-07-08 11:00:00,"342,545517007896","219,639999",3,2,2024-07-08
2024-07-08 12:00:00,"296,97016950167773","220,460007",3,2,2024-07-08
2024-07-08 13:00:00,"336,8109306329099","274,079987",3,2,2024-07-08
2024-07-08 14:00:00,"408,1726074435439","477,320007",3,2,2024-07-08
2024-07-08 15:00:00,"554,3586402127543","598,140015",3,2,2024-07-08
2024-07-08 16:00:00,"693,9964269817116","765,419983",3,2,2024-07-08
2024-07-08 17:00:00,"1013,643656987276","1006,840027",3,2,2024-07-08
2024-07-08 18:00:00,"1466,9953061316946","1857,140015",3,2,2024-07-08
2024-07-08 19:00:00,"1196,4158400137153","1295,390015",3,2,2024-07-08
2024-07-08 20:00:00,"892,944220863221","847,609985",3,2,2024-07-08
2024-07-08 21:00:00,"700,9924607396805","686,289978",3,2,2024-07-08
2024-07-08 22:00:00,"647,2823018745057","787,049988",3,2,2024-07-08
2024-07-08 23:00:00,"623,9376540285165","715,73999",3,2,2024-07-08
2024-07-09 00:00:00,"622,9015657095631","694,26001",3,2,2024-07-09
2024-07-09 01:00:00,"628,2622690982433","679,789978",3,2,2024-07-09
2024-07-09 02:00:00,"632,6299670848451","653,840027",3,2,2024-07-09
2024-07-09 03:00:00,"671,0085345782884","722,22998",3,2,2024-07-09
2024-07-09 04:00:00,"838,4185039687767","830,76001",3,2,2024-07-09
2024-07-09 05:00:00,"874,7328667949548","773,919983",3,2,2024-07-09
2024-07-09 06:00:00,"742,2196964224123","701,119995",3,2,2024-07-09
2024-07-09 07:00:00,"598,5753937769358","501,679993",3,2,2024-07-09
2024-07-09 08:00:00,"486,26456318726997","347,799988",3,2,2024-07-09
2024-07-09 09:00:00,"364,7560698809706","251,440002",3,2,2024-07-09
2024-07-09 10:00:00,"324,392033337958","163,720001",3,2,2024-07-09
2024-07-09 11:00:00,"299,83358421251256","119,190002",3,2,2024-07-09
2024-07-09 12:00:00,"289,25736695922274","32,369999",3,2,2024-07-09
2024-07-09 13:00:00,"322,43782885775835","82,639999",3,2,2024-07-09
2024-07-09 14:00:00,"446,901144393574","400,76001",3,2,2024-07-09
2024-07-09 15:00:00,"563,0309083706843","609,309998",3,2,2024-07-09
2024-07-09 16:00:00,"754,8835022004808","740,429993",3,2,2024-07-09
2024-07-09 17:00:00,"940,1066081461711","822,47998",3,2,2024-07-09
2024-07-09 18:00:00,"1029,5603012550514","841,349976",3,2,2024-07-09
2024-07-09 19:00:00,"878,1338335865273","748,26001",3,2,2024-07-09
2024-07-09 20:00:00,"781,342971587924","338,779999",3,2,2024-07-09
2024-07-09 21:00:00,"642,7204111842414","301,779999",3,2,2024-07-09
2024-07-09 22:00:00,"600,0210818197135","243,110001",3,2,2024-07-09
2024-07-09 23:00:00,"535,5787499170185","246,089996",3,2,2024-07-09
2024-07-10 00:00:00,"530,1008608146918","224,009995",3,2,2024-07-10
2024-07-10 01:00:00,"523,3347984166671","214,320007",3,2,2024-07-10
2024-07-10 02:00:00,"536,0157418934263","223,789993",3,2,2024-07-10
2024-07-10 03:00:00,"574,1616109125407","243,779999",3,2,2024-07-10
2024-07-10 04:00:00,"626,5759400662246","300,700012",3,2,2024-07-10
2024-07-10 05:00:00,"751,1299526778473","325,089996",3,2,2024-07-10
2024-07-10 06:00:00,"798,7295678725383","622,809998",3,2,2024-07-10
2024-07-10 07:00:00,"653,3014198378213","586,109985",3,2,2024-07-10
2024-07-10 08:00:00,"513,1076906559224","484,880005",3,2,2024-07-10
2024-07-10 09:00:00,"398,84863347656324","416,029999",3,2,2024-07-10
2024-07-10 10:00:00,"320,48515471784543","351,570007",3,2,2024-07-10
2024-07-10 11:00:00,"275,8461684183952","304,059998",3,2,2024-07-10
2024-07-10 12:00:00,"245,07490929757932","392,149994",3,2,2024-07-10
2024-07-10 13:00:00,"288,8002823204415","394,690002",3,2,2024-07-10
2024-07-10 14:00:00,"330,30028254891533","441,089996",3,2,2024-07-10
2024-07-10 15:00:00,"480,2075792319895","597,820007",3,2,2024-07-10
2024-07-10 16:00:00,"581,5914816536952","595,059998",3,2,2024-07-10
2024-07-10 17:00:00,"681,1338865431932","743,880005",3,2,2024-07-10
2024-07-10 18:00:00,"911,5957618127641","872,780029",3,2,2024-07-10
2024-07-10 19:00:00,"1159,7576993619937","1122,75",3,2,2024-07-10
2024-07-10 20:00:00,"1318,0244197417455","850,179993",3,2,2024-07-10
2024-07-10 21:00:00,"1402,451504968211","693,150024",3,2,2024-07-10
2024-07-10 22:00:00,"821,7624959888977","716,380005",3,2,2024-07-10
2024-07-10 23:00:00,"618,7312645576011","596,48999",3,2,2024-07-10
2024-07-11 00:00:00,"459,3552559934489","574,919983",3,2,2024-07-11
2024-07-11 01:00:00,"445,9283871498515","593,869995",3,2,2024-07-11
2024-07-11 02:00:00,"407,5386547913246","599,169983",3,2,2024-07-11
2024-07-11 03:00:00,"378,66041987096116","611,630005",3,2,2024-07-11
2024-07-11 04:00:00,"604,2495938661078","801,72998",3,2,2024-07-11
2024-07-11 05:00:00,"674,8599648940881","895,289978",3,2,2024-07-11
2024-07-11 06:00:00,"616,907374545508","794,789978",3,2,2024-07-11
2024-07-11 07:00:00,"463,8632945579451","664,830017",3,2,2024-07-11
2024-07-11 08:00:00,"323,1161197973703","602,01001",3,2,2024-07-11
2024-07-11 09:00:00,"254,13668935473999","496,880005",3,2,2024-07-11
2024-07-11 10:00:00,"229,5889910747083","428,540009",3,2,2024-07-11
2024-07-11 11:00:00,"209,9117992503313","355,880005",3,2,2024-07-11
2024-07-11 12:00:00,"180,14642424219156","331,850006",3,2,2024-07-11
2024-07-11 13:00:00,"218,8206748544101","373,779999",3,2,2024-07-11
2024-07-11 14:00:00,"259,37659558096453","454,959991",3,2,2024-07-11
2024-07-11 15:00:00,"396,8846296701755","611,109985",3,2,2024-07-11
2024-07-11 16:00:00,"494,9840645130024","683,25",3,2,2024-07-11
2024-07-11 17:00:00,"663,1528087851939","872,909973",3,2,2024-07-11
2024-07-11 18:00:00,"1011,518086699261","1375,23999",3,2,2024-07-11
2024-07-11 19:00:00,"1063,3163110602577","1244,0",3,2,2024-07-11
2024-07-11 20:00:00,"799,099938689131","907,150024",3,2,2024-07-11
2024-07-11 21:00:00,"660,8357171685983","732,049988",3,2,2024-07-11
2024-07-11 22:00:00,"560,2997897955637","764,130005",3,2,2024-07-11
2024-07-11 23:00:00,"492,82011970508245","651,400024",3,2,2024-07-11
2024-07-12 00:00:00,"474,79823243498504","609,619995",3,2,2024-07-12
2024-07-12 01:00:00,"460,6687245525909","596,710022",3,2,2024-07-12
2024-07-12 02:00:00,"440,9139449523567","570,0",3,2,2024-07-12
2024-07-12 03:00:00,"443,3937897238977","592,159973",3,2,2024-07-12
2024-07-12 04:00:00,"535,3179446923779","805,309998",3,2,2024-07-12
2024-07-12 05:00:00,"677,4466152458006","820,080017",3,2,2024-07-12
2024-07-12 06:00:00,"608,7573527228021","817,690002",3,2,2024-07-12
2024-07-12 07:00:00,"461,4550638523358","763,97998",3,2,2024-07-12
2024-07-12 08:00:00,"306,0745807452642","715,26001",3,2,2024-07-12
2024-07-12 09:00:00,"209,11189729972816","670,200012",3,2,2024-07-12
2024-07-12 10:00:00,"185,65480274039922","621,099976",3,2,2024-07-12
2024-07-12 11:00:00,"168,14272640896488","586,409973",3,2,2024-07-12
2024-07-12 12:00:00,"181,61087737406507","582,22998",3,2,2024-07-12
2024-07-12 13:00:00,"192,6271155402566","583,349976",3,2,2024-07-12
2024-07-12 14:00:00,"210,74578165777663","624,159973",3,2,2024-07-12
2024-07-12 15:00:00,"281,09014077662863","589,400024",3,2,2024-07-12
2024-07-12 16:00:00,"429,7698614373761","671,840027",3,2,2024-07-12
2024-07-12 17:00:00,"557,613782081723","720,849976",3,2,2024-07-12
2024-07-12 18:00:00,"665,3743212182385","683,400024",3,2,2024-07-12
2024-07-12 19:00:00,"700,8487539823509","705,859985",3,2,2024-07-12
2024-07-12 20:00:00,"738,5098620900749","639,090027",3,2,2024-07-12
2024-07-12 21:00:00,"672,7316979672011","522,330017",3,2,2024-07-12
2024-07-12 22:00:00,"636,9668814917252","251,740005",3,2,2024-07-12
2024-07-12 23:00:00,"551,9297262874383","242,940002",3,2,2024-07-12
2024-07-13 00:00:00,"553,5464149166926","259,869995",3,2,2024-07-13
2024-07-13 01:00:00,"496,4229537649398","247,710007",3,2,2024-07-13
2024-07-13 02:00:00,"469,2215840831577","243,610001",3,2,2024-07-13
2024-07-13 03:00:00,"405,8075793583226","231,149994",3,2,2024-07-13
2024-07-13 04:00:00,"357,7299933693562","227,860001",3,2,2024-07-13
2024-07-13 05:00:00,"326,6336420379916","207,570007",3,2,2024-07-13
2024-07-13 06:00:00,"270,69786000893333","198,470001",3,2,2024-07-13
2024-07-13 07:00:00,"167,92741068110985","156,460007",3,2,2024-07-13
2024-07-13 08:00:00,"50,33200543344347","38,5",3,2,2024-07-13
2024-07-13 09:00:00,"9,498692189002073","0,3",3,2,2024-07-13
2024-07-13 10:00:00,"-19,812328733854798","-0,07",3,2,2024-07-13
2024-07-13 11:00:00,"-99,73438622330859","-6,49",3,2,2024-07-13
2024-07-13 12:00:00,"-115,03719295390775","-6,04",3,2,2024-07-13
2024-07-13 13:00:00,"-64,91087974853734","-0,45",3,2,2024-07-13
2024-07-13 14:00:00,"5,926639100484098","10,52",3,2,2024-07-13
2024-07-13 15:00:00,"286,12351630985245","-0,07",3,2,2024-07-13
2024-07-13 16:00:00,"434,78083670629667","214,660004",3,2,2024-07-13
2024-07-13 17:00:00,"574,9186473618159","375,519989",3,2,2024-07-13
2024-07-13 18:00:00,"649,3464149787532","562,950012",3,2,2024-07-13
2024-07-13 19:00:00,"606,7388402908427","568,98999",3,2,2024-07-13
2024-07-13 20:00:00,"563,4766131211218","588,23999",3,2,2024-07-13
2024-07-13 21:00:00,"479,13338684597136","470,049988",3,2,2024-07-13
2024-07-13 22:00:00,"395,6211825143517","663,700012",3,2,2024-07-13
2024-07-13 23:00:00,"352,4183537314315","471,48999",3,2,2024-07-13
2024-07-14 00:00:00,"338,2665930754936","413,73999",3,2,2024-07-14
2024-07-14 01:00:00,"339,0713980611227","330,540009",3,2,2024-07-14
2024-07-14 02:00:00,"321,1756412017752","283,01001",3,2,2024-07-14
2024-07-14 03:00:00,"277,993046461427","274,660004",3,2,2024-07-14
2024-07-14 04:00:00,"241,17003835314384","238,470001",3,2,2024-07-14
2024-07-14 05:00:00,"157,56307437226704","106,550003",3,2,2024-07-14
2024-07-14 06:00:00,"66,36609006714231","2,16",3,2,2024-07-14
2024-07-14 07:00:00,"13,250045507625451","-17,09",3,2,2024-07-14
2024-07-14 08:00:00,"-5,786999939329462","-22,530001",3,2,2024-07-14
2024-07-14 09:00:00,"-24,41090145873501","-25,370001",3,2,2024-07-14
2024-07-14 10:00:00,"-30,87760062090132","-31,49",3,2,2024-07-14
2024-07-14 11:00:00,"-40,328778568256624","-38,5",3,2,2024-07-14
2024-07-14 12:00:00,"-41,36985034735465","-47,830002",3,2,2024-07-14
2024-07-14 13:00:00,"-34,5787917465935","-39,990002",3,2,2024-07-14
2024-07-14 14:00:00,"-10,06598196103972","-75,809998",3,2,2024-07-14
2024-07-14 15:00:00,"264,46388427219637","-0,37",3,2,2024-07-14
2024-07-14 16:00:00,"336,74917776475485","347,26001",3,2,2024-07-14
2024-07-14 17:00:00,"500,9745462102902","654,820007",3,2,2024-07-14
2024-07-14 18:00:00,"832,3283698040212","841,650024",3,2,2024-07-14
2024-07-14 19:00:00,"853,1140737387886","806,059998",3,2,2024-07-14
2024-07-14 20:00:00,"791,3385139468936","789,719971",3,2,2024-07-14
2024-07-14 21:00:00,"700,7879823685627","649,590027",3,2,2024-07-14
2024-07-14 22:00:00,"673,0578647818566","592,070007",3,2,2024-07-14
2024-07-14 23:00:00,"600,6818845656427","494,25",3,2,2024-07-14
2024-07-15 00:00:00,"535,7762754306156","434,029999",3,3,2024-07-15
2024-07-15 01:00:00,"551,8890694421757","361,059998",3,3,2024-07-15
2024-07-15 02:00:00,"560,4920767368374","388,73999",3,3,2024-07-15
2024-07-15 03:00:00,"596,2351626126195","482,160004",3,3,2024-07-15
2024-07-15 04:00:00,"658,5466556029294","482,609985",3,3,2024-07-15
2024-07-15 05:00:00,"721,4117325865797","482,380005",3,3,2024-07-15
2024-07-15 06:00:00,"764,8569102122207","482,079987",3,3,2024-07-15
2024-07-15 07:00:00,"665,5974512365445","299,200012",3,3,2024-07-15
2024-07-15 08:00:00,"516,7633413091204","265,029999",3,3,2024-07-15
2024-07-15 09:00:00,"405,5940457238651","84,239998",3,3,2024-07-15
2024-07-15 10:00:00,"333,89403390107003","0,52",3,3,2024-07-15
2024-07-15 11:00:00,"305,75762459570507","-0,07",3,3,2024-07-15
2024-07-15 12:00:00,"246,78888481458773","-0,52",3,3,2024-07-15
2024-07-15 13:00:00,"279,1438980204449","26,41",3,3,2024-07-15
2024-07-15 14:00:00,"348,0416345880395","330,470001",3,3,2024-07-15
2024-07-15 15:00:00,"474,56869679308414","611,840027",3,3,2024-07-15
2024-07-15 16:00:00,"591,1046331670834","853,219971",3,3,2024-07-15
2024-07-15 17:00:00,"699,363148330168","1389,619995",3,3,2024-07-15
2024-07-15 18:00:00,"990,4272077661631","1598,540039",3,3,2024-07-15
2024-07-15 19:00:00,"1061,8681661188857","1050,27002",3,3,2024-07-15
2024-07-15 20:00:00,"842,5025710027116","690,030029",3,3,2024-07-15
2024-07-15 21:00:00,"665,9381630717966","597,659973",3,3,2024-07-15
2024-07-15 22:00:00,"679,7444990631666","571,47998",3,3,2024-07-15
2024-07-15 23:00:00,"637,6528566099371","475,829987",3,3,2024-07-15
2024-07-16 00:00:00,"637,1095480361025","391,660004",3,3,2024-07-16
2024-07-16 01:00:00,"632,4731556116354","274,73999",3,3,2024-07-16
2024-07-16 02:00:00,"624,9916187639797","284,730011",3,3,2024-07-16
2024-07-16 03:00:00,"674,8621504568939","375,470001",3,3,2024-07-16
2024-07-16 04:00:00,"789,3950137828235","531,859985",3,3,2024-07-16
2024-07-16 05:00:00,"800,287737611317","593,049988",3,3,2024-07-16
2024-07-16 06:00:00,"737,1204871444369","568,349976",3,3,2024-07-16
2024-07-16 07:00:00,"562,0338397428226","468,359985",3,3,2024-07-16
2024-07-16 08:00:00,"437,98332430901587","160,350006",3,3,2024-07-16
2024-07-16 09:00:00,"319,1206985198015","10,67",3,3,2024-07-16
2024-07-16 10:00:00,"246,9063484527567","15,15",3,3,2024-07-16
2024-07-16 11:00:00,"202,07012020296574","98,489998",3,3,2024-07-16
2024-07-16 12:00:00,"177,1675884785401","30,290001",3,3,2024-07-16
2024-07-16 13:00:00,"221,58068171765794","10,97",3,3,2024-07-16
2024-07-16 14:00:00,"324,5784555053311","-0,07",3,3,2024-07-16
2024-07-16 15:00:00,"504,78994597377636","165,050003",3,3,2024-07-16
2024-07-16 16:00:00,"634,0221098460004","470,230011",3,3,2024-07-16
2024-07-16 17:00:00,"903,1835078547322","611,780029",3,3,2024-07-16
2024-07-16 18:00:00,"988,4411556005377","907,330017",3,3,2024-07-16
2024-07-16 19:00:00,"844,9794993987135","852,710022",3,3,2024-07-16
2024-07-16 20:00:00,"744,8205248324869","789,51001",3,3,2024-07-16
2024-07-16 21:00:00,"603,8951248339304","629,090027",3,3,2024-07-16
2024-07-16 22:00:00,"678,2773193540396","652,109985",3,3,2024-07-16
2024-07-16 23:00:00,"776,596208507445","544,52002",3,3,2024-07-16
2024-07-17 00:00:00,"918,0648916756735","543,330017",3,3,2024-07-17
2024-07-17 01:00:00,"1182,940165274684","526,23999",3,3,2024-07-17
2024-07-17 02:00:00,"1281,2484616112395","530,119995",3,3,2024-07-17
2024-07-17 03:00:00,"1585,2358993248024","577,799988",3,3,2024-07-17
2024-07-17 04:00:00,"1872,6277288959336","671,880005",3,3,2024-07-17
2024-07-17 05:00:00,"2350,649462238051","744,330017",3,3,2024-07-17
2024-07-17 06:00:00,"1486,4330011845843","788,650024",3,3,2024-07-17
2024-07-17 07:00:00,"836,8242767748102","575,559998",3,3,2024-07-17
2024-07-17 08:00:00,"627,1452469613736","434,170013",3,3,2024-07-17
2024-07-17 09:00:00,"375,2006472603094","311,51001",3,3,2024-07-17
2024-07-17 10:00:00,"302,11806317425385","243,160004",3,3,2024-07-17
2024-07-17 11:00:00,"290,97234678241676","163,029999",3,3,2024-07-17
2024-07-17 12:00:00,"306,3128844100488","80,580002",3,3,2024-07-17
2024-07-17 13:00:00,"345,8024577616662","100,5",3,3,2024-07-17
2024-07-17 14:00:00,"426,06696751408987","290,089996",3,3,2024-07-17
2024-07-17 15:00:00,"569,5159028386037","460,209991",3,3,2024-07-17
2024-07-17 16:00:00,"653,0472841565942","618,76001",3,3,2024-07-17
2024-07-17 17:00:00,"813,1904500018254","797,530029",3,3,2024-07-17
2024-07-17 18:00:00,"1059,9656765832417","984,280029",3,3,2024-07-17
2024-07-17 19:00:00,"1141,1941821515493","1044,790039",3,3,2024-07-17
2024-07-17 20:00:00,"1167,9428461595692","857,369995",3,3,2024-07-17
2024-07-17 21:00:00,"1203,8025680573985","687,700012",3,3,2024-07-17
2024-07-17 22:00:00,"730,0532399841189","506,570007",3,3,2024-07-17
2024-07-17 23:00:00,"528,1104106980785","544,679993",3,3,2024-07-17
2024-07-18 00:00:00,"445,60347192063404","493,589996",3,3,2024-07-18
2024-07-18 01:00:00,"442,6871395603694","491,200012",3,3,2024-07-18
2024-07-18 02:00:00,"416,8416564565839","466,880005",3,3,2024-07-18
2024-07-18 03:00:00,"432,79564418361394","298,369995",3,3,2024-07-18
2024-07-18 04:00:00,"595,3114974483955","650,309998",3,3,2024-07-18
2024-07-18 05:00:00,"644,8859874442452","704,909973",3,3,2024-07-18
2024-07-18 06:00:00,"603,2441863946651","506,269989",3,3,2024-07-18
2024-07-18 07:00:00,"496,3501544865744","351,339996",3,3,2024-07-18
2024-07-18 08:00:00,"369,5219127989861","270,779999",3,3,2024-07-18
2024-07-18 09:00:00,"286,37227024673183","253,470001",3,3,2024-07-18
2024-07-18 10:00:00,"240,163221518022","253,25",3,3,2024-07-18
2024-07-18 11:00:00,"205,43845248197303","252,800003",3,3,2024-07-18
2024-07-18 12:00:00,"168,5926843691707","254,360001",3,3,2024-07-18
2024-07-18 13:00:00,"195,52974458237733","260,929993",3,3,2024-07-18
2024-07-18 14:00:00,"206,96146322084542","197,080002",3,3,2024-07-18
2024-07-18 15:00:00,"334,34332613665845","637,630005",3,3,2024-07-18
2024-07-18 16:00:00,"442,1858434957475","686,26001",3,3,2024-07-18
2024-07-18 17:00:00,"614,1412612710149","952,26001",3,3,2024-07-18
2024-07-18 18:00:00,"1010,4672859712633","1382,819946",3,3,2024-07-18
2024-07-18 19:00:00,"1139,0664148060864","1318,290039",3,3,2024-07-18
2024-07-18 20:00:00,"823,4490276403944","891,690002",3,3,2024-07-18
2024-07-18 21:00:00,"655,6452889531706","760,26001",3,3,2024-07-18
2024-07-18 22:00:00,"562,1087305768082","672,26001",3,3,2024-07-18
2024-07-18 23:00:00,"493,71069380594736","600,200012",3,3,2024-07-18
2024-07-19 00:00:00,"462,5307564319405","596,169983",3,3,2024-07-19
2024-07-19 01:00:00,"452,767110817337","583,47998",3,3,2024-07-19
2024-07-19 02:00:00,"430,3863755878604","606,390015",3,3,2024-07-19
2024-07-19 03:00:00,"455,5769951527385","667,039978",3,3,2024-07-19
2024-07-19 04:00:00,"604,9677401687383","827,289978",3,3,2024-07-19
2024-07-19 05:00:00,"645,2942106616196","810,72998",3,3,2024-07-19
2024-07-19 06:00:00,"578,601249674644","734,109985",3,3,2024-07-19
2024-07-19 07:00:00,"451,65333871434854","607,51001",3,3,2024-07-19
2024-07-19 08:00:00,"313,5565346538129","522,22998",3,3,2024-07-19
2024-07-19 09:00:00,"221,24166699322674","438,299988",3,3,2024-07-19
2024-07-19 10:00:00,"192,188185006593","330,799988",3,3,2024-07-19
2024-07-19 11:00:00,"178,6203745347011","272,309998",3,3,2024-07-19
2024-07-19 12:00:00,"162,0417670662769","270,070007",3,3,2024-07-19
2024-07-19 13:00:00,"165,28629714733316","317,369995",3,3,2024-07-19
2024-07-19 14:00:00,"206,68627064710932","475,899994",3,3,2024-07-19
2024-07-19 15:00:00,"231,46967589706114","576,98999",3,3,2024-07-19
2024-07-19 16:00:00,"324,9412698078027","683,460022",3,3,2024-07-19
2024-07-19 17:00:00,"456,9395660954179","888,099976",3,3,2024-07-19
2024-07-19 18:00:00,"540,686539479251","1358,410034",3,3,2024-07-19
2024-07-19 19:00:00,"662,4202733244797","895,26001",3,3,2024-07-19
2024-07-19 20:00:00,"720,6200969164017","797,22998",3,3,2024-07-19
2024-07-19 21:00:00,"674,7398138075604","683,01001",3,3,2024-07-19
2024-07-19 22:00:00,"609,5044928073078","706,789978",3,3,2024-07-19
2024-07-19 23:00:00,"565,3267629983202","667,099976",3,3,2024-07-19
2024-07-20 00:00:00,"499,56486534177577","658,440002",3,3,2024-07-20
2024-07-20 01:00:00,"468,22731207735063","670,599976",3,3,2024-07-20
2024-07-20 02:00:00,"445,17821700287493","703,130005",3,3,2024-07-20
2024-07-20 03:00:00,"370,3985353961091","699,849976",3,3,2024-07-20
2024-07-20 04:00:00,"327,0604344860274","665,159973",3,3,2024-07-20
2024-07-20 05:00:00,"283,71146761220893","641,580017",3,3,2024-07-20
2024-07-20 06:00:00,"223,7321987246635","508,850006",3,3,2024-07-20
2024-07-20 07:00:00,"129,50550283664157","371,559998",3,3,2024-07-20
2024-07-20 08:00:00,"23,071250348787842","38,419998",3,3,2024-07-20
2024-07-20 09:00:00,"-5,599382489921044","0,0",3,3,2024-07-20
2024-07-20 10:00:00,"-54,46908150064207","-1,57",3,3,2024-07-20
2024-07-20 11:00:00,"-76,77492707431492","0,15",3,3,2024-07-20
2024-07-20 12:00:00,"-100,96991899994684","-1,87",3,3,2024-07-20
2024-07-20 13:00:00,"-84,52107198430392","-20,219999",3,3,2024-07-20
2024-07-20 14:00:00,"-10,500441847477171","18,059999",3,3,2024-07-20
2024-07-20 15:00:00,"225,2114996212902","390,140015",3,3,2024-07-20
2024-07-20 16:00:00,"254,26075920957715","634,190002",3,3,2024-07-20
2024-07-20 17:00:00,"337,0338827913888","817,440002",3,3,2024-07-20
2024-07-20 18:00:00,"455,2399173435046","1005,380005",3,3,2024-07-20
2024-07-20 19:00:00,"476,97714490274143","811,840027",3,3,2024-07-20
2024-07-20 20:00:00,"476,6867355475506","627,47998",3,3,2024-07-20
2024-07-20 21:00:00,"421,70034375993396","555,929993",3,3,2024-07-20
2024-07-20 22:00:00,"387,69742192342187","474,790009",3,3,2024-07-20
2024-07-20 23:00:00,"309,9396883195129","420,089996",3,3,2024-07-20
2024-07-21 00:00:00,"297,5074767126069","411,880005",3,3,2024-07-21
2024-07-21 01:00:00,"256,79565105557265","450,540009",3,3,2024-07-21
2024-07-21 02:00:00,"236,49135632542078","496,570007",3,3,2024-07-21
2024-07-21 03:00:00,"213,42167856257873","561,419983",3,3,2024-07-21
2024-07-21 04:00:00,"182,0014634355196","480,529999",3,3,2024-07-21
2024-07-21 05:00:00,"88,21379848110156","421,809998",3,3,2024-07-21
2024-07-21 06:00:00,"24,013526964959613","363,230011",3,3,2024-07-21
2024-07-21 07:00:00,"1,270731487722886","78,870003",3,3,2024-07-21
2024-07-21 08:00:00,"-24,45065488298183","0,52",3,3,2024-07-21
2024-07-21 09:00:00,"-67,69693573034016","0,22",3,3,2024-07-21
2024-07-21 10:00:00,"-90,40470501982962","0,15",3,3,2024-07-21
2024-07-21 11:00:00,"-94,96711794032234","-0,45",3,3,2024-07-21
2024-07-21 12:00:00,"-94,48022856485197","-1,34",3,3,2024-07-21
2024-07-21 13:00:00,"-95,60770321050119","0,3",3,3,2024-07-21
2024-07-21 14:00:00,"-45,71939665966478","0,82",3,3,2024-07-21
2024-07-21 15:00:00,"250,23940993206682","446,279999",3,3,2024-07-21
2024-07-21 16:00:00,"307,97162902109847","600,289978",3,3,2024-07-21
2024-07-21 17:00:00,"358,98272624114344","807,880005",3,3,2024-07-21
2024-07-21 18:00:00,"602,2841107672626","841,150024",3,3,2024-07-21
2024-07-21 19:00:00,"669,84935293115","919,950012",3,3,2024-07-21
2024-07-21 20:00:00,"729,2283399715335","814,590027",3,3,2024-07-21
2024-07-21 21:00:00,"682,8454335952458","672,73999",3,3,2024-07-21
2024-07-21 22:00:00,"625,8908844982395","901,669983",3,3,2024-07-21
2024-07-21 23:00:00,"556,8644265869608","721,02002",3,3,2024-07-21
2024-07-22 00:00:00,"508,48541014422557","648,27002",3,4,2024-07-22
2024-07-22 01:00:00,"533,1498615463472","648,640015",3,4,2024-07-22
2024-07-22 02:00:00,"538,0975138706283","610,659973",3,4,2024-07-22
2024-07-22 03:00:00,"579,5310365686031","591,859985",3,4,2024-07-22
2024-07-22 04:00:00,"610,3062574021558","811,159973",3,4,2024-07-22
2024-07-22 05:00:00,"667,576385074284","896,070007",3,4,2024-07-22
2024-07-22 06:00:00,"720,298918520027","852,719971",3,4,2024-07-22
2024-07-22 07:00:00,"613,6206324478752","703,929993",3,4,2024-07-22
2024-07-22 08:00:00,"465,3746766809409","473,290009",3,4,2024-07-22
2024-07-22 09:00:00,"353,6503747402243","291,600006",3,4,2024-07-22
2024-07-22 10:00:00,"266,67971632600404","191,089996",3,4,2024-07-22
2024-07-22 11:00:00,"221,17687049488183","174,300003",3,4,2024-07-22
2024-07-22 12:00:00,"179,3670300299703","144,830002",3,4,2024-07-22
2024-07-22 13:00:00,"203,84659051872808","152,070007",3,4,2024-07-22
2024-07-22 14:00:00,"276,23384321101287","170,279999",3,4,2024-07-22
2024-07-22 15:00:00,"335,4059893569509","463,820007",3,4,2024-07-22
2024-07-22 16:00:00,"366,69957316861195","603,719971",3,4,2024-07-22
2024-07-22 17:00:00,"622,425576650287","739,0",3,4,2024-07-22
2024-07-22 18:00:00,"1001,3879813968894","1043,660034",3,4,2024-07-22
2024-07-22 19:00:00,"1044,6317185662049","1046,569946",3,4,2024-07-22
2024-07-22 20:00:00,"775,72727216211","828,539978",3,4,2024-07-22
2024-07-22 21:00:00,"642,3073006179663","712,73999",3,4,2024-07-22
2024-07-22 22:00:00,"643,2230652411032","618,22998",3,4,2024-07-22
2024-07-22 23:00:00,"592,1672241406739","559,349976",3,4,2024-07-22
2024-07-23 00:00:00,"557,9288154907543","547,630005",3,4,2024-07-23
2024-07-23 01:00:00,"504,45088518529116","508,380005",3,4,2024-07-23
2024-07-23 02:00:00,"501,0519231081299","526,52002",3,4,2024-07-23
2024-07-23 03:00:00,"544,1705477456475","549,799988",3,4,2024-07-23
2024-07-23 04:00:00,"701,4280421392997","745,450012",3,4,2024-07-23
2024-07-23 05:00:00,"731,3239124799424","865,590027",3,4,2024-07-23
2024-07-23 06:00:00,"692,324051327716","824,179993",3,4,2024-07-23
2024-07-23 07:00:00,"532,7468410499604","651,359985",3,4,2024-07-23
2024-07-23 08:00:00,"372,8757007392222","513,909973",3,4,2024-07-23
2024-07-23 09:00:00,"263,56756726033285","457,940002",3,4,2024-07-23
2024-07-23 10:00:00,"232,5622435407435","324,0",3,4,2024-07-23
2024-07-23 11:00:00,"182,3381104450196","285,720001",3,4,2024-07-23
2024-07-23 12:00:00,"167,62100329470945","268,709991",3,4,2024-07-23
2024-07-23 13:00:00,"180,8531952731404","313,100006",3,4,2024-07-23
2024-07-23 14:00:00,"271,4386243897868","483,980011",3,4,2024-07-23
2024-07-23 15:00:00,"422,39188317685796","593,450012",3,4,2024-07-23
2024-07-23 16:00:00,"581,4447857745482","596,359985",3,4,2024-07-23
2024-07-23 17:00:00,"735,3493204354162","716,570007",3,4,2024-07-23
2024-07-23 18:00:00,"908,4485937757283","872,530029",3,4,2024-07-23
2024-07-23 19:00:00,"810,7636902355925","761,200012",3,4,2024-07-23
2024-07-23 20:00:00,"742,3332390172086","740,450012",3,4,2024-07-23
2024-07-23 21:00:00,"592,78489920621","683,369995",3,4,2024-07-23
2024-07-23 22:00:00,"507,4846623235229","623,359985",3,4,2024-07-23
2024-07-23 23:00:00,"464,36239343813924","584,419983",3,4,2024-07-23
2024-07-24 00:00:00,"461,4260415164449","541,369995",3,4,2024-07-24
2024-07-24 01:00:00,"461,7126542293832","549,130005",3,4,2024-07-24
2024-07-24 02:00:00,"488,71139454296645","423,630005",3,4,2024-07-24
2024-07-24 03:00:00,"524,772411044882","299,179993",3,4,2024-07-24
2024-07-24 04:00:00,"564,8192363636276","323,429993",3,4,2024-07-24
2024-07-24 05:00:00,"588,3153926688524","336,190002",3,4,2024-07-24
2024-07-24 06:00:00,"529,166308723392","429,079987",3,4,2024-07-24
2024-07-24 07:00:00,"508,8775887434566","270,23999",3,4,2024-07-24
2024-07-24 08:00:00,"468,78040546025323","186,520004",3,4,2024-07-24
2024-07-24 09:00:00,"412,9746762556255","158,100006",3,4,2024-07-24
2024-07-24 10:00:00,"366,3295634096257","11,79",3,4,2024-07-24
2024-07-24 11:00:00,"324,96768904022883","-1,12",3,4,2024-07-24
2024-07-24 12:00:00,"312,7549286130103","-15,37",3,4,2024-07-24
2024-07-24 13:00:00,"322,96669656198117","-14,62",3,4,2024-07-24
2024-07-24 14:00:00,"341,22405082708934","16,49",3,4,2024-07-24
2024-07-24 15:00:00,"455,5981128187927","292,98999",3,4,2024-07-24
2024-07-24 16:00:00,"557,3987337829141","387,149994",3,4,2024-07-24
2024-07-24 17:00:00,"782,4216705732861","668,5",3,4,2024-07-24
2024-07-24 18:00:00,"1032,6583682999099","809,659973",3,4,2024-07-24
2024-07-24 19:00:00,"1042,71182576375","881,210022",3,4,2024-07-24
2024-07-24 20:00:00,"794,3639919371358","813,320007",3,4,2024-07-24
2024-07-24 21:00:00,"647,5095044507066","631,570007",3,4,2024-07-24
2024-07-24 22:00:00,"608,1424490310833","624,570007",3,4,2024-07-24
2024-07-24 23:00:00,"509,7535051843414","578,299988",3,4,2024-07-24
2024-07-25 00:00:00,"452,5977503971271","567,859985",3,4,2024-07-25
2024-07-25 01:00:00,"434,50210792257656","596,359985",3,4,2024-07-25
2024-07-25 02:00:00,"408,15194158028424","570,090027",3,4,2024-07-25
2024-07-25 03:00:00,"379,30733567958777","690,460022",3,4,2024-07-25
2024-07-25 04:00:00,"387,7473034749226","792,159973",3,4,2024-07-25
2024-07-25 05:00:00,"472,27585864806844","813,580017",3,4,2024-07-25
2024-07-25 06:00:00,"511,13483033688334","678,890015",3,4,2024-07-25
2024-07-25 07:00:00,"461,6114450710253","537,109985",3,4,2024-07-25
2024-07-25 08:00:00,"357,1560204852303","411,0",3,4,2024-07-25
2024-07-25 09:00:00,"281,5802571099255","275,720001",3,4,2024-07-25
2024-07-25 10:00:00,"217,83529778371934","181,399994",3,4,2024-07-25
2024-07-25 11:00:00,"179,451986312279","129,539993",3,4,2024-07-25
2024-07-25 12:00:00,"167,64218720524838","99,019997",3,4,2024-07-25
2024-07-25 13:00:00,"194,31170158870617","195,5",3,4,2024-07-25
2024-07-25 14:00:00,"214,70587989796752","401,450012",3,4,2024-07-25
2024-07-25 15:00:00,"294,0772914764813","596,960022",3,4,2024-07-25
2024-07-25 16:00:00,"334,08050425933664","723,809998",3,4,2024-07-25
2024-07-25 17:00:00,"480,69006414727414","894,690002",3,4,2024-07-25
2024-07-25 18:00:00,"583,9650939394527","1106,609985",3,4,2024-07-25
2024-07-25 19:00:00,"677,7504037347967","969,830017",3,4,2024-07-25
2024-07-25 20:00:00,"757,8668300312422","746,200012",3,4,2024-07-25
2024-07-25 21:00:00,"641,754890226692","633,890015",3,4,2024-07-25
2024-07-25 22:00:00,"551,3906261323538","604,460022",3,4,2024-07-25
2024-07-25 23:00:00,"457,7260737663813","548,48999",3,4,2024-07-25
2024-07-26 00:00:00,"447,39261131168985","559,76001",3,4,2024-07-26
2024-07-26 01:00:00,"440,51938070578547","576,849976",3,4,2024-07-26
2024-07-26 02:00:00,"408,96899101427795","573,859985",3,4,2024-07-26
2024-07-26 03:00:00,"356,2264475798817","596,919983",3,4,2024-07-26
2024-07-26 04:00:00,"373,2532641503364","608,109985",3,4,2024-07-26
2024-07-26 05:00:00,"524,636745977651","795,940002",3,4,2024-07-26
2024-07-26 06:00:00,"586,4601065630378","776,840027",3,4,2024-07-26
2024-07-26 07:00:00,"493,7021529161266","722,590027",3,4,2024-07-26
2024-07-26 08:00:00,"409,22888044635863","675,570007",3,4,2024-07-26
2024-07-26 09:00:00,"365,58261461355823","607,070007",3,4,2024-07-26
2024-07-26 10:00:00,"314,85886526151035","522,369995",3,4,2024-07-26
2024-07-26 11:00:00,"276,78092165756493","471,029999",3,4,2024-07-26
2024-07-26 12:00:00,"265,9730433756747","449,160004",3,4,2024-07-26
2024-07-26 13:00:00,"275,999353639571","508,48999",3,4,2024-07-26
2024-07-26 14:00:00,"327,9756159187414","543,559998",3,4,2024-07-26
2024-07-26 15:00:00,"359,82650009812085","660,580017",3,4,2024-07-26
2024-07-26 16:00:00,"496,8776821566654","704,01001",3,4,2024-07-26
2024-07-26 17:00:00,"587,8039771334742","804,380005",3,4,2024-07-26
2024-07-26 18:00:00,"746,8294165279312","1068,98999",3,4,2024-07-26
2024-07-26 19:00:00,"782,969725546599","1037,280029",3,4,2024-07-26
2024-07-26 20:00:00,"728,3940447352973","793,929993",3,4,2024-07-26
2024-07-26 21:00:00,"626,8744705337647","730,650024",3,4,2024-07-26
2024-07-26 22:00:00,"576,4214608457228","775,22998",3,4,2024-07-26
2024-07-26 23:00:00,"501,47330978039435","768,890015",3,4,2024-07-26
2024-07-27 00:00:00,"461,1313636087618","723,070007",3,4,2024-07-27
2024-07-27 01:00:00,"429,71164756471853","710,080017",3,4,2024-07-27
2024-07-27 02:00:00,"400,8383776262919","690,01001",3,4,2024-07-27
2024-07-27 03:00:00,"352,79291860331864","673,070007",3,4,2024-07-27
2024-07-27 04:00:00,"317,58667294259203","649,929993",3,4,2024-07-27
2024-07-27 05:00:00,"286,51056048647234","615,01001",3,4,2024-07-27
2024-07-27 06:00:00,"214,4074477197106","632,02002",3,4,2024-07-27
2024-07-27 07:00:00,"154,11330927335524","505,0",3,4,2024-07-27
2024-07-27 08:00:00,"51,653390860871696","453,589996",3,4,2024-07-27
2024-07-27 09:00:00,"11,563049366813466","297,76001",3,4,2024-07-27
2024-07-27 10:00:00,"-40,69644072245324","208,960007",3,4,2024-07-27
2024-07-27 11:00:00,"-74,75616506883668","132,839996",3,4,2024-07-27
2024-07-27 12:00:00,"-88,62504962047203","133,729996",3,4,2024-07-27
2024-07-27 13:00:00,"-67,38869814838284","261,350006",3,4,2024-07-27
2024-07-27 14:00:00,"-34,19065031362355","505,380005",3,4,2024-07-27
2024-07-27 15:00:00,"182,06308794630198","649,710022",3,4,2024-07-27
2024-07-27 16:00:00,"221,76412652496617","783,369995",3,4,2024-07-27
2024-07-27 17:00:00,"251,8987296949148","863,140015",3,4,2024-07-27
2024-07-27 18:00:00,"399,56939842384537","908,669983",3,4,2024-07-27
2024-07-27 19:00:00,"382,8315208441731","909,109985",3,4,2024-07-27
2024-07-27 20:00:00,"379,0965262164607","806,719971",3,4,2024-07-27
2024-07-27 21:00:00,"371,86305847389133","730,900024",3,4,2024-07-27
2024-07-27 22:00:00,"371,94912769625864","820,820007",3,4,2024-07-27
2024-07-27 23:00:00,"296,2824622667838","709,780029",3,4,2024-07-27
2024-07-28 00:00:00,"242,96129314804125","658,280029",3,4,2024-07-28
2024-07-28 01:00:00,"222,58789087852244","608,429993",3,4,2024-07-28
2024-07-28 02:00:00,"215,98135246335013","586,119995",3,4,2024-07-28
2024-07-28 03:00:00,"215,14895321196107","591,48999",3,4,2024-07-28
2024-07-28 04:00:00,"201,0075650494923","563,659973",3,4,2024-07-28
2024-07-28 05:00:00,"159,00640057640916","541,869995",3,4,2024-07-28
2024-07-28 06:00:00,"112,48812102796307","190,220001",3,4,2024-07-28
2024-07-28 07:00:00,"21,319196621985906","36,720001",3,4,2024-07-28
2024-07-28 08:00:00,"-14,42894821958495","0,0",3,4,2024-07-28
2024-07-28 09:00:00,"-65,7262848396265","-18,129999",3,4,2024-07-28
2024-07-28 10:00:00,"-87,51220006716797","-112,239998",3,4,2024-07-28
2024-07-28 11:00:00,"-90,41032927595874","-222,389999",3,4,2024-07-28
2024-07-28 12:00:00,"-92,6730603774198","-363,359985",3,4,2024-07-28
2024-07-28 13:00:00,"-91,61038918993796","-250,220001",3,4,2024-07-28
2024-07-28 14:00:00,"-44,89590335432783","-99,099998",3,4,2024-07-28
2024-07-28 15:00:00,"250,3199185148713","-14,85",3,4,2024-07-28
2024-07-28 16:00:00,"307,2393119108522","181,570007",3,4,2024-07-28
2024-07-28 17:00:00,"347,87680135486073","443,209991",3,4,2024-07-28
2024-07-28 18:00:00,"592,3130302702726","588,580017",3,4,2024-07-28
2024-07-28 19:00:00,"603,5230518619484","579,630005",3,4,2024-07-28
2024-07-28 20:00:00,"548,8238969963951","589,400024",3,4,2024-07-28
2024-07-28 21:00:00,"528,4894269409895","566,200012",3,4,2024-07-28
2024-07-28 22:00:00,"528,9508766014934","513,659973",3,4,2024-07-28
2024-07-28 23:00:00,"528,0461926998358","508,959991",3,4,2024-07-28
2024-09-30 00:00:00,"123,09686963120504","62,630001",4,1,2024-09-30
2024-09-30 01:00:00,"170,3715243587211","41,23",4,1,2024-09-30
2024-09-30 02:00:00,"320,7216736902468","41,830002",4,1,2024-09-30
2024-09-30 03:00:00,"379,5158312266464","126,599998",4,1,2024-09-30
2024-09-30 04:00:00,"385,4461290673136","314,869995",4,1,2024-09-30
2024-09-30 05:00:00,"405,53495704538744","597,22998",4,1,2024-09-30
2024-09-30 06:00:00,"532,8515549903603","597,22998",4,1,2024-09-30
2024-09-30 07:00:00,"566,4349734833303","447,359985",4,1,2024-09-30
2024-09-30 08:00:00,"498,03022898132184","272,73999",4,1,2024-09-30
2024-09-30 09:00:00,"470,5678671199219","155,910004",4,1,2024-09-30
2024-09-30 10:00:00,"459,98823840968623","69,190002",4,1,2024-09-30
2024-09-30 11:00:00,"458,51701227891385","15,36",4,1,2024-09-30
2024-09-30 12:00:00,"475,58595808796997","56,889999",4,1,2024-09-30
2024-09-30 13:00:00,"513,6783463060864","163,740005",4,1,2024-09-30
2024-09-30 14:00:00,"516,9025027092495","180,360001",4,1,2024-09-30
2024-09-30 15:00:00,"520,0423201807386","243,960007",4,1,2024-09-30
2024-09-30 16:00:00,"492,77866581823776","268,339996",4,1,2024-09-30
2024-09-30 17:00:00,"464,2872942960225","273,119995",4,1,2024-09-30
2024-09-30 18:00:00,"447,20015326741503","270,660004",4,1,2024-09-30
2024-09-30 19:00:00,"432,6689303781426","163,509995",4,1,2024-09-30
2024-09-30 20:00:00,"389,4056376790376","149,199997",4,1,2024-09-30
2024-09-30 21:00:00,"263,1696007348847","73,370003",4,1,2024-09-30
2024-09-30 22:00:00,"252,30589177051135","23,93",4,1,2024-09-30
2024-09-30 23:00:00,"236,62272068600782","0,52",4,1,2024-09-30
2024-10-01 00:00:00,"192,5882045852632","0,37",4,1,2024-10-01
2024-10-01 01:00:00,"188,31088710310692","0,15",4,1,2024-10-01
2024-10-01 02:00:00,"187,76570647659676","0,67",4,1,2024-10-01
2024-10-01 03:00:00,"188,59971552377223","50,700001",4,1,2024-10-01
2024-10-01 04:00:00,"215,72435871478106","249,619995",4,1,2024-10-01
2024-10-01 05:00:00,"280,09911969812447","293,910004",4,1,2024-10-01
2024-10-01 06:00:00,"353,94263304276853","308,079987",4,1,2024-10-01
2024-10-01 07:00:00,"376,6763418519419","309,5",4,1,2024-10-01
2024-10-01 08:00:00,"307,8932315973426","288,170013",4,1,2024-10-01
2024-10-01 09:00:00,"254,666246389806","260,880005",4,1,2024-10-01
2024-10-01 10:00:00,"222,9266511549095","260,660004",4,1,2024-10-01
2024-10-01 11:00:00,"217,50147595436943","260,880005",4,1,2024-10-01
2024-10-01 12:00:00,"194,01803428001355","260,660004",4,1,2024-10-01
2024-10-01 13:00:00,"204,87591118049818","296,079987",4,1,2024-10-01
2024-10-01 14:00:00,"210,62882992453723","324,779999",4,1,2024-10-01
2024-10-01 15:00:00,"250,30517476506662","393,0",4,1,2024-10-01
2024-10-01 16:00:00,"330,0958365866042","405,600006",4,1,2024-10-01
2024-10-01 17:00:00,"347,8413300183215","421,410004",4,1,2024-10-01
2024-10-01 18:00:00,"319,82438020358944","366,829987",4,1,2024-10-01
2024-10-01 19:00:00,"301,8843577843888","345,429993",4,1,2024-10-01
2024-10-01 20:00:00,"278,2970897113597","321,649994",4,1,2024-10-01
2024-10-01 21:00:00,"273,02780488627934","309,940002",4,1,2024-10-01
2024-10-01 22:00:00,"253,88301007117016","432,829987",4,1,2024-10-01
2024-10-01 23:00:00,"227,5745961220317","367,350006",4,1,2024-10-01
2024-10-02 00:00:00,"222,73465571386834","373,540009",4,1,2024-10-02
2024-10-02 01:00:00,"215,22655535021434","365,339996",4,1,2024-10-02
2024-10-02 02:00:00,"222,8421362598734","362,730011",4,1,2024-10-02
2024-10-02 03:00:00,"233,34068274515084","363,470001",4,1,2024-10-02
2024-10-02 04:00:00,"263,60428023486173","596,440002",4,1,2024-10-02
2024-10-02 05:00:00,"325,8383358580573","692,869995",4,1,2024-10-02
2024-10-02 06:00:00,"357,97801710428274","913,830017",4,1,2024-10-02
2024-10-02 07:00:00,"316,6275399376587","701,219971",4,1,2024-10-02
2024-10-02 08:00:00,"275,05392411922264","484,880005",4,1,2024-10-02
2024-10-02 09:00:00,"236,0563181504809","394,420013",4,1,2024-10-02
2024-10-02 10:00:00,"200,31079771224466","431,040009",4,1,2024-10-02
2024-10-02 11:00:00,"166,02262901123436","597,109985",4,1,2024-10-02
2024-10-02 12:00:00,"165,33364005670248","584,659973",4,1,2024-10-02
2024-10-02 13:00:00,"215,03235242937672","607,26001",4,1,2024-10-02
2024-10-02 14:00:00,"242,39977052936408","607,849976",4,1,2024-10-02
2024-10-02 15:00:00,"314,874771063842","746,48999",4,1,2024-10-02
2024-10-02 16:00:00,"337,63766351624963","872,590027",4,1,2024-10-02
2024-10-02 17:00:00,"354,8573986248617","969,97998",4,1,2024-10-02
2024-10-02 18:00:00,"374,97764360635074","852,900024",4,1,2024-10-02
2024-10-02 19:00:00,"354,89445505943195","719,940002",4,1,2024-10-02
2024-10-02 20:00:00,"345,95213833249187","695,780029",4,1,2024-10-02
2024-10-02 21:00:00,"323,6764269649896","633,880005",4,1,2024-10-02
2024-10-02 22:00:00,"321,1517766697408","502,230011",4,1,2024-10-02
2024-10-02 23:00:00,"320,1878412468569","491,26001",4,1,2024-10-02
2024-10-03 00:00:00,"319,7101865028264","485,890015",4,1,2024-10-03
2024-10-03 01:00:00,"316,40751691527254","478,730011",4,1,2024-10-03
2024-10-03 02:00:00,"317,6020393532501","477,23999",4,1,2024-10-03
2024-10-03 03:00:00,"319,1271830802303","480,369995",4,1,2024-10-03
2024-10-03 04:00:00,"324,92189179009614","488,059998",4,1,2024-10-03
2024-10-03 05:00:00,"339,39041172860067","547,280029",4,1,2024-10-03
2024-10-03 06:00:00,"339,0324437758959","571,900024",4,1,2024-10-03
2024-10-03 07:00:00,"335,8975498659961","543,780029",4,1,2024-10-03
2024-10-03 08:00:00,"324,7606783671671","516,77002",4,1,2024-10-03
2024-10-03 09:00:00,"301,58165026213305","470,230011",4,1,2024-10-03
2024-10-03 10:00:00,"242,59260256811172","351,25",4,1,2024-10-03
2024-10-03 11:00:00,"211,57737892705197","253,460007",4,1,2024-10-03
2024-10-03 12:00:00,"212,94112587097854","291,950012",4,1,2024-10-03
2024-10-03 13:00:00,"256,3738434667992","383,109985",4,1,2024-10-03
2024-10-03 14:00:00,"311,88219362555463","492,609985",4,1,2024-10-03
2024-10-03 15:00:00,"327,8174969291843","669,090027",4,1,2024-10-03
2024-10-03 16:00:00,"333,13479523210987","821,039978",4,1,2024-10-03
2024-10-03 17:00:00,"340,85309101505027","860,200012",4,1,2024-10-03
2024-10-03 18:00:00,"341,8589113680434","807,679993",4,1,2024-10-03
2024-10-03 19:00:00,"339,7573862982532","736,669983",4,1,2024-10-03
2024-10-03 20:00:00,"337,68046678790637","678,48999",4,1,2024-10-03
2024-10-03 21:00:00,"323,9380295177845","607,630005",4,1,2024-10-03
2024-10-03 22:00:00,"300,4895880668829","551,23999",4,1,2024-10-03
2024-10-03 23:00:00,"261,87157249352","540,950012",4,1,2024-10-03
2024-10-04 00:00:00,"235,66214670056192","537,809998",4,1,2024-10-04
2024-10-04 01:00:00,"228,8246718411829","537,070007",4,1,2024-10-04
2024-10-04 02:00:00,"228,37584443926994","539,530029",4,1,2024-10-04
2024-10-04 03:00:00,"226,94360952456393","575,109985",4,1,2024-10-04
2024-10-04 04:00:00,"229,73832208595414","768,299988",4,1,2024-10-04
2024-10-04 05:00:00,"295,3157145806713","943,890015",4,1,2024-10-04
2024-10-04 06:00:00,"454,51704613155266","1054,890015",4,1,2024-10-04
2024-10-04 07:00:00,"491,8180418660622","867,289978",4,1,2024-10-04
2024-10-04 08:00:00,"401,3136512714308","746,599976",4,1,2024-10-04
2024-10-04 09:00:00,"245,95992618392754","634,039978",4,1,2024-10-04
2024-10-04 10:00:00,"211,84457733241734","559,969971",4,1,2024-10-04
2024-10-04 11:00:00,"157,33153463749733","548,179993",4,1,2024-10-04
2024-10-04 12:00:00,"146,30537834694982","565,559998",4,1,2024-10-04
2024-10-04 13:00:00,"154,96012316745814","589,799988",4,1,2024-10-04
2024-10-04 14:00:00,"216,71759819941846","669,840027",4,1,2024-10-04
2024-10-04 15:00:00,"279,44105503796135","798,890015",4,1,2024-10-04
2024-10-04 16:00:00,"319,4793412081195","984,400024",4,1,2024-10-04
2024-10-04 17:00:00,"339,41996585170034","1111,579956",4,1,2024-10-04
2024-10-04 18:00:00,"338,80735760511317","922,710022",4,1,2024-10-04
2024-10-04 19:00:00,"323,9793863645048","745,179993",4,1,2024-10-04
2024-10-04 20:00:00,"314,3534014205426","745,179993",4,1,2024-10-04
2024-10-04 21:00:00,"297,13048303995726","671,330017",4,1,2024-10-04
2024-10-04 22:00:00,"289,24700774396763","694,340027",4,1,2024-10-04
2024-10-04 23:00:00,"263,4004986445546","631,23999",4,1,2024-10-04
2024-10-05 00:00:00,"238,93504289502417","607,080017",4,1,2024-10-05
2024-10-05 01:00:00,"230,39069212395358","563,380005",4,1,2024-10-05
2024-10-05 02:00:00,"231,51758626881892","564,719971",4,1,2024-10-05
2024-10-05 03:00:00,"232,14894552498166","595,299988",4,1,2024-10-05
2024-10-05 04:00:00,"241,23313044520245","642,880005",4,1,2024-10-05
2024-10-05 05:00:00,"253,83580429607065","748,780029",4,1,2024-10-05
2024-10-05 06:00:00,"275,15746284085304","825,0",4,1,2024-10-05
2024-10-05 07:00:00,"256,7576354845724","768,169983",4,1,2024-10-05
2024-10-05 08:00:00,"160,0136435653739","614,690002",4,1,2024-10-05
2024-10-05 09:00:00,"52,53665205430678","509,160004",4,1,2024-10-05
2024-10-05 10:00:00,"13,141200705036022","383,640015",4,1,2024-10-05
2024-10-05 11:00:00,"4,425059128190079","289,970001",4,1,2024-10-05
2024-10-05 12:00:00,"1,2553330610900264","324,350006",4,1,2024-10-05
2024-10-05 13:00:00,"6,752634587350359","418,839996",4,1,2024-10-05
2024-10-05 14:00:00,"107,41889155767912","544,280029",4,1,2024-10-05
2024-10-05 15:00:00,"152,63145574573352","690,23999",4,1,2024-10-05
2024-10-05 16:00:00,"294,4319652535929","1029,719971",4,1,2024-10-05
2024-10-05 17:00:00,"319,7413541569966","1028,97998",4,1,2024-10-05
2024-10-05 18:00:00,"322,0059939001674","799,719971",4,1,2024-10-05
2024-10-05 19:00:00,"320,3392185613553","705,299988",4,1,2024-10-05
2024-10-05 20:00:00,"317,53543085022045","633,710022",4,1,2024-10-05
2024-10-05 21:00:00,"319,3967282958798","499,690002",4,1,2024-10-05
2024-10-05 22:00:00,"315,8360688717213","485,420013",4,1,2024-10-05
2024-10-05 23:00:00,"313,83248061808","452,100006",4,1,2024-10-05
2024-10-06 00:00:00,"320,81527331894625","440,549988",4,1,2024-10-06
2024-10-06 01:00:00,"321,8153860173038","433,320007",4,1,2024-10-06
2024-10-06 02:00:00,"327,89014108680533","424,369995",4,1,2024-10-06
2024-10-06 03:00:00,"337,5067906015947","433,320007",4,1,2024-10-06
2024-10-06 04:00:00,"331,4661191572029","431,829987",4,1,2024-10-06
2024-10-06 05:00:00,"338,59244292763765","524,929993",4,1,2024-10-06
2024-10-06 06:00:00,"325,0491835923632","491,01001",4,1,2024-10-06
2024-10-06 07:00:00,"287,85819550835475","447,700012",4,1,2024-10-06
2024-10-06 08:00:00,"98,19993592293811","262,98999",4,1,2024-10-06
2024-10-06 09:00:00,"38,40166779725078","124,339996",4,1,2024-10-06
2024-10-06 10:00:00,"26,0633557269002","79,690002",4,1,2024-10-06
2024-10-06 11:00:00,"8,115368235924109","41,889999",4,1,2024-10-06
2024-10-06 12:00:00,"7,195008717008666","16,25",4,1,2024-10-06
2024-10-06 13:00:00,"36,870051198622505","13,34",4,1,2024-10-06
2024-10-06 14:00:00,"213,84313466794717","395,820007",4,1,2024-10-06
2024-10-06 15:00:00,"340,0942087343645","617,070007",4,1,2024-10-06
2024-10-06 16:00:00,"449,92926721178605","792,390015",4,1,2024-10-06
2024-10-06 17:00:00,"519,1853056289834","724,710022",4,1,2024-10-06
2024-10-06 18:00:00,"583,9875990927931","544,01001",4,1,2024-10-06
2024-10-06 19:00:00,"626,7739103102408","442,559998",4,1,2024-10-06
2024-10-06 20:00:00,"632,1846901199095","437,48999",4,1,2024-10-06
2024-10-06 21:00:00,"542,2374680484766","385,459991",4,1,2024-10-06
2024-10-06 22:00:00,"486,9441858234385","257,769989",4,1,2024-10-06
2024-10-06 23:00:00,"447,3269243297446","263,429993",4,1,2024-10-06
2024-10-07 00:00:00,"248,11156415867325","247,850006",4,2,2024-10-07
2024-10-07 01:00:00,"238,3298005445786","224,75",4,2,2024-10-07
2024-10-07 02:00:00,"237,69402290921943","260,529999",4,2,2024-10-07
2024-10-07 03:00:00,"266,31540609887105","291,910004",4,2,2024-10-07
2024-10-07 04:00:00,"299,93293398326665","335,369995",4,2,2024-10-07
2024-10-07 05:00:00,"382,78075293536926","378,299988",4,2,2024-10-07
2024-10-07 06:00:00,"572,1740446866081","414,089996",4,2,2024-10-07
2024-10-07 07:00:00,"509,2177927439085","383,75",4,2,2024-10-07
2024-10-07 08:00:00,"482,8701325632145","372,420013",4,2,2024-10-07
2024-10-07 09:00:00,"474,0801928169333","356,309998",4,2,2024-10-07
2024-10-07 10:00:00,"443,934496189899","340,880005",4,2,2024-10-07
2024-10-07 11:00:00,"373,33127469808755","322,019989",4,2,2024-10-07
2024-10-07 12:00:00,"256,74224674007866","358,399994",4,2,2024-10-07
2024-10-07 13:00:00,"265,61502877448","458,070007",4,2,2024-10-07
2024-10-07 14:00:00,"270,1600659859473","661,869995",4,2,2024-10-07
2024-10-07 15:00:00,"307,29608884870953","873,640015",4,2,2024-10-07
2024-10-07 16:00:00,"331,63089996316285","1405,060059",4,2,2024-10-07
2024-10-07 17:00:00,"321,6825841805092","1405,359985",4,2,2024-10-07
2024-10-07 18:00:00,"316,46399097709076","909,27002",4,2,2024-10-07
2024-10-07 19:00:00,"280,6158741038983","744,909973",4,2,2024-10-07
2024-10-07 20:00:00,"255,72474515352923","685,119995",4,2,2024-10-07
2024-10-07 21:00:00,"234,54859763798626","589,780029",4,2,2024-10-07
2024-10-07 22:00:00,"206,62454417081602","539,340027",4,2,2024-10-07
2024-10-07 23:00:00,"194,86648844953058","500,119995",4,2,2024-10-07
2024-10-08 00:00:00,"202,17818621986314","477,149994",4,2,2024-10-08
2024-10-08 01:00:00,"196,0255626791711","444,940002",4,2,2024-10-08
2024-10-08 02:00:00,"227,44367924287948","445,089996",4,2,2024-10-08
2024-10-08 03:00:00,"249,69188939008308","502,799988",4,2,2024-10-08
2024-10-08 04:00:00,"305,8479599455368","641,049988",4,2,2024-10-08
2024-10-08 05:00:00,"331,6667689599024","822,98999",4,2,2024-10-08
2024-10-08 06:00:00,"366,91296329890054","792,200012",4,2,2024-10-08
2024-10-08 07:00:00,"363,35318554189","633,820007",4,2,2024-10-08
2024-10-08 08:00:00,"324,7138407077822","598,98999",4,2,2024-10-08
2024-10-08 09:00:00,"323,25868023985464","547,469971",4,2,2024-10-08
2024-10-08 10:00:00,"310,99656110987905","495,940002",4,2,2024-10-08
2024-10-08 11:00:00,"303,3950760792551","529,200012",4,2,2024-10-08
2024-10-08 12:00:00,"268,1767415301759","565,140015",4,2,2024-10-08
2024-10-08 13:00:00,"308,78918487863984","578,119995",4,2,2024-10-08
2024-10-08 14:00:00,"314,95325857924064","694,440002",4,2,2024-10-08
2024-10-08 15:00:00,"376,3156248170518","850,059998",4,2,2024-10-08
2024-10-08 16:00:00,"504,01025151119654","1073,76001",4,2,2024-10-08
2024-10-08 17:00:00,"561,6518657958588","1141,540039",4,2,2024-10-08
2024-10-08 18:00:00,"638,5309923667501","853,119995",4,2,2024-10-08
2024-10-08 19:00:00,"621,2341660922904","707,640015",4,2,2024-10-08
2024-10-08 20:00:00,"612,1343290212694","645,75",4,2,2024-10-08
2024-10-08 21:00:00,"535,7244167811475","504,070007",4,2,2024-10-08
2024-10-08 22:00:00,"542,9822498020102","461,859985",4,2,2024-10-08
2024-10-08 23:00:00,"492,92155474922856","447,459991",4,2,2024-10-08
2024-10-09 00:00:00,"478,26392040621766","428,670013",4,2,2024-10-09
2024-10-09 01:00:00,"476,75153192580274","405,100006",4,2,2024-10-09
2024-10-09 02:00:00,"506,7973441982146","427,480011",4,2,2024-10-09
2024-10-09 03:00:00,"553,0304982476766","476,329987",4,2,2024-10-09
2024-10-09 04:00:00,"664,4794910410619","646,590027",4,2,2024-10-09
2024-10-09 05:00:00,"733,5341850012769","826,320007",4,2,2024-10-09
2024-10-09 06:00:00,"743,5432207226181","827,659973",4,2,2024-10-09
2024-10-09 07:00:00,"714,5273321843586","648,820007",4,2,2024-10-09
2024-10-09 08:00:00,"569,3753325709218","537,630005",4,2,2024-10-09
2024-10-09 09:00:00,"435,85973628350786","446,720001",4,2,2024-10-09
2024-10-09 10:00:00,"253,77308132151995","445,970001",4,2,2024-10-09
2024-10-09 11:00:00,"226,3719435466563","446,350006",4,2,2024-10-09
2024-10-09 12:00:00,"230,6126568669834","504,369995",4,2,2024-10-09
2024-10-09 13:00:00,"273,94852548963115","575,51001",4,2,2024-10-09
2024-10-09 14:00:00,"314,94927185408005","708,48999",4,2,2024-10-09
2024-10-09 15:00:00,"378,2134537623913","875,909973",4,2,2024-10-09
2024-10-09 16:00:00,"383,57010976114697","913,799988",4,2,2024-10-09
2024-10-09 17:00:00,"392,3569616842993","948,030029",4,2,2024-10-09
2024-10-09 18:00:00,"386,0063400857537","828,179993",4,2,2024-10-09
2024-10-09 19:00:00,"355,53674121720064","714,450012",4,2,2024-10-09
2024-10-09 20:00:00,"341,56041718338923","709,22998",4,2,2024-10-09
2024-10-09 21:00:00,"319,6285970141305","614,070007",4,2,2024-10-09
2024-10-09 22:00:00,"320,9473983431673","456,399994",4,2,2024-10-09
2024-10-09 23:00:00,"318,17486138354445","349,73999",4,2,2024-10-09
2024-10-10 00:00:00,"319,7372082056304","281,559998",4,2,2024-10-10
2024-10-10 01:00:00,"318,9152246907987","238,679993",4,2,2024-10-10
2024-10-10 02:00:00,"317,8123193954097","221,070007",4,2,2024-10-10
2024-10-10 03:00:00,"319,8976690352269","295,359985",4,2,2024-10-10
2024-10-10 04:00:00,"323,364109060854","463,179993",4,2,2024-10-10
2024-10-10 05:00:00,"411,40665464056866","633,23999",4,2,2024-10-10
2024-10-10 06:00:00,"459,6521808356503","600,119995",4,2,2024-10-10
2024-10-10 07:00:00,"466,93567465021727","503,459991",4,2,2024-10-10
2024-10-10 08:00:00,"457,99552645553166","387,920013",4,2,2024-10-10
2024-10-10 09:00:00,"353,3370953490514","290,369995",4,2,2024-10-10
2024-10-10 10:00:00,"184,64636588951714","163,270004",4,2,2024-10-10
2024-10-10 11:00:00,"126,06659560350936","118,889999",4,2,2024-10-10
2024-10-10 12:00:00,"144,38803539035115","149,25",4,2,2024-10-10
2024-10-10 13:00:00,"225,44546608921192","277,309998",4,2,2024-10-10
2024-10-10 14:00:00,"285,96494955457683","277,309998",4,2,2024-10-10
2024-10-10 15:00:00,"307,9068463787197","285,140015",4,2,2024-10-10
2024-10-10 16:00:00,"337,3417676193837","294,470001",4,2,2024-10-10
2024-10-10 17:00:00,"369,7489998961779","288,200012",4,2,2024-10-10
2024-10-10 18:00:00,"387,5866239657618","274,630005",4,2,2024-10-10
2024-10-10 19:00:00,"342,16711416339444","263,890015",4,2,2024-10-10
2024-10-10 20:00:00,"316,625534138672","223,759995",4,2,2024-10-10
2024-10-10 21:00:00,"296,1234060065634","236,289993",4,2,2024-10-10
2024-10-10 22:00:00,"271,95637819498086","258,890015",4,2,2024-10-10
2024-10-10 23:00:00,"234,64164826912943","258,959991",4,2,2024-10-10
2024-10-11 00:00:00,"228,6215776812475","261,720001",4,2,2024-10-11
2024-10-11 01:00:00,"220,63725601559992","267,609985",4,2,2024-10-11
2024-10-11 02:00:00,"217,93580780170845","267,839996",4,2,2024-10-11
2024-10-11 03:00:00,"215,0556772736508","274,179993",4,2,2024-10-11
2024-10-11 04:00:00,"221,21415133434914","308,190002",4,2,2024-10-11
2024-10-11 05:00:00,"445,6844614818556","439,230011",4,2,2024-10-11
2024-10-11 06:00:00,"526,3907491558845","593,919983",4,2,2024-10-11
2024-10-11 07:00:00,"501,04374167775416","400,670013",4,2,2024-10-11
2024-10-11 08:00:00,"393,44791819039983","367,859985",4,2,2024-10-11
2024-10-11 09:00:00,"235,03911663764072","324,970001",4,2,2024-10-11
2024-10-11 10:00:00,"187,1489381196605","316,470001",4,2,2024-10-11
2024-10-11 11:00:00,"151,97244773184104","310,200012",4,2,2024-10-11
2024-10-11 12:00:00,"156,43562290509726","299,309998",4,2,2024-10-11
2024-10-11 13:00:00,"192,8238284075682","298,119995",4,2,2024-10-11
2024-10-11 14:00:00,"221,75257022508157","298,859985",4,2,2024-10-11
2024-10-11 15:00:00,"290,5301422461388","496,660004",4,2,2024-10-11
2024-10-11 16:00:00,"411,14867645221506","939,330017",4,2,2024-10-11
2024-10-11 17:00:00,"503,144550331967","1208,060059",4,2,2024-10-11
2024-10-11 18:00:00,"454,79755337243546","895,02002",4,2,2024-10-11
2024-10-11 19:00:00,"474,51544740045614","744,289978",4,2,2024-10-11
2024-10-11 20:00:00,"491,5611030667812","733,98999",4,2,2024-10-11
2024-10-11 21:00:00,"483,1925525433077","655,080017",4,2,2024-10-11
2024-10-11 22:00:00,"448,83255956571617","672,190002",4,2,2024-10-11
2024-10-11 23:00:00,"418,53216165401227","592,580017",4,2,2024-10-11
2024-10-12 00:00:00,"361,14358597404083","563,929993",4,2,2024-10-12
2024-10-12 01:00:00,"272,1523844712569","559,75",4,2,2024-10-12
2024-10-12 02:00:00,"251,95423808680812","536,619995",4,2,2024-10-12
2024-10-12 03:00:00,"249,25273104560833","506,619995",4,2,2024-10-12
2024-10-12 04:00:00,"257,2553633802343","534,460022",4,2,2024-10-12
2024-10-12 05:00:00,"292,5700761238619","400,149994",4,2,2024-10-12
2024-10-12 06:00:00,"302,81825017121236","378,359985",4,2,2024-10-12
2024-10-12 07:00:00,"264,5226806272803","310,910004",4,2,2024-10-12
2024-10-12 08:00:00,"232,7875822356706","263,390015",4,2,2024-10-12
2024-10-12 09:00:00,"166,4441540135674","255,770004",4,2,2024-10-12
2024-10-12 10:00:00,"127,59011960060626","184,970001",4,2,2024-10-12
2024-10-12 11:00:00,"102,55102730016631","106,919998",4,2,2024-10-12
2024-10-12 12:00:00,"107,41923610212547","174,149994",4,2,2024-10-12
2024-10-12 13:00:00,"124,95018621302641","263,459991",4,2,2024-10-12
2024-10-12 14:00:00,"169,64557316624916","218,990005",4,2,2024-10-12
2024-10-12 15:00:00,"287,83749309208594","423,799988",4,2,2024-10-12
2024-10-12 16:00:00,"305,5561515487092","361,950012",4,2,2024-10-12
2024-10-12 17:00:00,"326,2382257601669","299,049988",4,2,2024-10-12
2024-10-12 18:00:00,"307,74415911556156","289,350006",4,2,2024-10-12
2024-10-12 19:00:00,"304,09659609774843","288,309998",4,2,2024-10-12
2024-10-12 20:00:00,"300,2287041801896","260,179993",4,2,2024-10-12
2024-10-12 21:00:00,"317,3210746571804","189,289993",4,2,2024-10-12
2024-10-12 22:00:00,"302,06393655423915","0,0",4,2,2024-10-12
2024-10-12 23:00:00,"300,89958682506045","-0,07",4,2,2024-10-12
2024-10-13 00:00:00,"319,488703922414","-0,52",4,2,2024-10-13
2024-10-13 01:00:00,"323,1447292599701","-2,76",4,2,2024-10-13
2024-10-13 02:00:00,"339,5384541852193","-3,81",4,2,2024-10-13
2024-10-13 03:00:00,"368,09716603923","-0,67",4,2,2024-10-13
2024-10-13 04:00:00,"397,5321747984178","-0,07",4,2,2024-10-13
2024-10-13 05:00:00,"405,69018466205216","12,83",4,2,2024-10-13
2024-10-13 06:00:00,"360,6873486968517","134,0",4,2,2024-10-13
2024-10-13 07:00:00,"311,00961565690557","73,489998",4,2,2024-10-13
2024-10-13 08:00:00,"154,72578309560018","36,630001",4,2,2024-10-13
2024-10-13 09:00:00,"72,74164431796656","46,330002",4,2,2024-10-13
2024-10-13 10:00:00,"48,58174151432244","47,599998",4,2,2024-10-13
2024-10-13 11:00:00,"15,904707671322985","52,970001",4,2,2024-10-13
2024-10-13 12:00:00,"10,49958697914547","59,09",4,2,2024-10-13
2024-10-13 13:00:00,"37,91531837933812","94,610001",4,2,2024-10-13
2024-10-13 14:00:00,"249,64834445844866","118,260002",4,2,2024-10-13
2024-10-13 15:00:00,"376,676621372503","166,009995",4,2,2024-10-13
2024-10-13 16:00:00,"499,4193532902402","267,329987",4,2,2024-10-13
2024-10-13 17:00:00,"491,11523170941973","403,269989",4,2,2024-10-13
2024-10-13 18:00:00,"475,40430745295964","294,790009",4,2,2024-10-13
2024-10-13 19:00:00,"458,21948450101974","286,730011",4,2,2024-10-13
2024-10-13 20:00:00,"492,02468367554263","299,410004",4,2,2024-10-13
2024-10-13 21:00:00,"443,38731703692946","274,640015",4,2,2024-10-13
2024-10-13 22:00:00,"338,41695793152024","276,809998",4,2,2024-10-13
2024-10-13 23:00:00,"253,1867068794881","263,0",4,2,2024-10-13
2024-10-14 00:00:00,"231,43542618385092","262,410004",4,3,2024-10-14
2024-10-14 01:00:00,"201,65545055030856","256,359985",4,3,2024-10-14
2024-10-14 02:00:00,"221,2340188439766","293,450012",4,3,2024-10-14
2024-10-14 03:00:00,"239,7933636126495","464,079987",4,3,2024-10-14
2024-10-14 04:00:00,"294,1632491548041","736,710022",4,3,2024-10-14
2024-10-14 05:00:00,"373,0391564900782","973,900024",4,3,2024-10-14
2024-10-14 06:00:00,"422,25014879188853","1142,449951",4,3,2024-10-14
2024-10-14 07:00:00,"429,3743135033481","879,960022",4,3,2024-10-14
2024-10-14 08:00:00,"432,95695196457393","753,200012",4,3,2024-10-14
2024-10-14 09:00:00,"361,62391895315085","695,599976",4,3,2024-10-14
2024-10-14 10:00:00,"264,512759179148","643,450012",4,3,2024-10-14
2024-10-14 11:00:00,"244,6522124049069","616,289978",4,3,2024-10-14
2024-10-14 12:00:00,"244,89010213995888","553,320007",4,3,2024-10-14
2024-10-14 13:00:00,"267,4292235847262","649,710022",4,3,2024-10-14
2024-10-14 14:00:00,"281,29529768592556","789,309998",4,3,2024-10-14
2024-10-14 15:00:00,"300,7082743382495","1182,660034",4,3,2024-10-14
2024-10-14 16:00:00,"317,8991362549159","1865,280029",4,3,2024-10-14
2024-10-14 17:00:00,"322,36038672248145","1964,290039",4,3,2024-10-14
2024-10-14 18:00:00,"319,24452462642563","1178,859985",4,3,2024-10-14
2024-10-14 19:00:00,"305,42573899662557","851,460022",4,3,2024-10-14
2024-10-14 20:00:00,"283,60781507870036","743,580017",4,3,2024-10-14
2024-10-14 21:00:00,"255,56574681282459","707,309998",4,3,2024-10-14
2024-10-14 22:00:00,"235,9466474482259","680,679993",4,3,2024-10-14
2024-10-14 23:00:00,"228,49035484173268","645,320007",4,3,2024-10-14
2024-10-15 00:00:00,"229,20053108029663","659,190002",4,3,2024-10-15
2024-10-15 01:00:00,"228,1339396095145","627,039978",4,3,2024-10-15
2024-10-15 02:00:00,"236,85243249095333","602,859985",4,3,2024-10-15
2024-10-15 03:00:00,"263,9167620667962","667,849976",4,3,2024-10-15
2024-10-15 04:00:00,"308,31424774732574","854,530029",4,3,2024-10-15
2024-10-15 05:00:00,"328,3580193480709","1383,22998",4,3,2024-10-15
2024-10-15 06:00:00,"406,95359514610453","1317,719971",4,3,2024-10-15
2024-10-15 07:00:00,"433,18374391872607","824,76001",4,3,2024-10-15
2024-10-15 08:00:00,"459,85554549529724","692,02002",4,3,2024-10-15
2024-10-15 09:00:00,"493,61821770506754","619,650024",4,3,2024-10-15
2024-10-15 10:00:00,"492,2177422141279","585,47998",4,3,2024-10-15
2024-10-15 11:00:00,"490,8253195390179","535,340027",4,3,2024-10-15
2024-10-15 12:00:00,"491,1329059035649","566,299988",4,3,2024-10-15
2024-10-15 13:00:00,"535,8357551445249","621,960022",4,3,2024-10-15
2024-10-15 14:00:00,"675,9213967445147","664,27002",4,3,2024-10-15
2024-10-15 15:00:00,"767,181634405477","900,48999",4,3,2024-10-15
2024-10-15 16:00:00,"846,2484502349691","1020,609985",4,3,2024-10-15
2024-10-15 17:00:00,"999,5616052133346","726,049988",4,3,2024-10-15
2024-10-15 18:00:00,"824,3483225012319","568,98999",4,3,2024-10-15
2024-10-15 19:00:00,"660,6129920930655","497,290009",4,3,2024-10-15
2024-10-15 20:00:00,"611,8805085874598","445,059998",4,3,2024-10-15
2024-10-15 21:00:00,"492,4566499730041","304,269989",4,3,2024-10-15
2024-10-15 22:00:00,"477,45304064278673","174,210007",4,3,2024-10-15
2024-10-15 23:00:00,"453,3153217723927","95,5",4,3,2024-10-15
2024-10-16 00:00:00,"425,1977624645242","39,540001",4,3,2024-10-16
2024-10-16 01:00:00,"376,6165755854246","26,93",4,3,2024-10-16
2024-10-16 02:00:00,"293,0804839238053","23,58",4,3,2024-10-16
2024-10-16 03:00:00,"295,76652403223585","61,18",4,3,2024-10-16
2024-10-16 04:00:00,"302,99714135205295","301,049988",4,3,2024-10-16
2024-10-16 05:00:00,"409,75078694461894","353,720001",4,3,2024-10-16
2024-10-16 06:00:00,"459,2417986041572","406,23999",4,3,2024-10-16
2024-10-16 07:00:00,"439,43684355668006","354,76001",4,3,2024-10-16
2024-10-16 08:00:00,"419,44409746066265","199,059998",4,3,2024-10-16
2024-10-16 09:00:00,"387,7365705424715","105,650002",4,3,2024-10-16
2024-10-16 10:00:00,"298,38730822432404","30,51",4,3,2024-10-16
2024-10-16 11:00:00,"282,44387904035557","15,22",4,3,2024-10-16
2024-10-16 12:00:00,"287,1965700605884","29,84",4,3,2024-10-16
2024-10-16 13:00:00,"300,8859208100627","105,800003",4,3,2024-10-16
2024-10-16 14:00:00,"319,66183259769525","246,210007",4,3,2024-10-16
2024-10-16 15:00:00,"362,80506614366624","263,0",4,3,2024-10-16
2024-10-16 16:00:00,"340,81520863420735","277,470001",4,3,2024-10-16
2024-10-16 17:00:00,"338,91604827373556","272,470001",4,3,2024-10-16
2024-10-16 18:00:00,"331,41314262340205","267,470001",4,3,2024-10-16
2024-10-16 19:00:00,"319,4760548015002","257,619995",4,3,2024-10-16
2024-10-16 20:00:00,"315,2257322499558","242,029999",4,3,2024-10-16
2024-10-16 21:00:00,"318,38638166712394","198,009995",4,3,2024-10-16
2024-10-16 22:00:00,"316,142897169702","127,129997",4,3,2024-10-16
2024-10-16 23:00:00,"299,53510610349673","90,650002",4,3,2024-10-16
2024-10-17 00:00:00,"291,30862655612066","78,190002",4,3,2024-10-17
2024-10-17 01:00:00,"279,15212618998333","41,860001",4,3,2024-10-17
2024-10-17 02:00:00,"277,30350533348604","74,68",4,3,2024-10-17
2024-10-17 03:00:00,"300,0094853154578","216,139999",4,3,2024-10-17
2024-10-17 04:00:00,"323,2868350516769","261,730011",4,3,2024-10-17
2024-10-17 05:00:00,"398,22491491172264","298,660004",4,3,2024-10-17
2024-10-17 06:00:00,"404,92507137751096","306,790009",4,3,2024-10-17
2024-10-17 07:00:00,"397,20508865559407","301,869995",4,3,2024-10-17
2024-10-17 08:00:00,"325,2256186529239","286,940002",4,3,2024-10-17
2024-10-17 09:00:00,"281,7308796802115","287,089996",4,3,2024-10-17
2024-10-17 10:00:00,"213,3932108251974","290,670013",4,3,2024-10-17
2024-10-17 11:00:00,"159,25443953202367","305,299988",4,3,2024-10-17
2024-10-17 12:00:00,"185,78998882634653","322,980011",4,3,2024-10-17
2024-10-17 13:00:00,"272,407705067959","474,140015",4,3,2024-10-17
2024-10-17 14:00:00,"309,6833850530369","691,469971",4,3,2024-10-17
2024-10-17 15:00:00,"310,9089050298222","893,059998",4,3,2024-10-17
2024-10-17 16:00:00,"343,5705663263361","1292,290039",4,3,2024-10-17
2024-10-17 17:00:00,"360,90692153618613","1275,810059",4,3,2024-10-17
2024-10-17 18:00:00,"403,54959610326273","876,650024",4,3,2024-10-17
2024-10-17 19:00:00,"354,93268321559697","729,75",4,3,2024-10-17
2024-10-17 20:00:00,"323,3856964096817","664,390015",4,3,2024-10-17
2024-10-17 21:00:00,"311,3336807007051","613,359985",4,3,2024-10-17
2024-10-17 22:00:00,"283,4594477908637","603,929993",4,3,2024-10-17
2024-10-17 23:00:00,"244,62474258311371","605,5",4,3,2024-10-17
2024-10-18 00:00:00,"226,11084165014194","617,210022",4,3,2024-10-18
2024-10-18 01:00:00,"222,8169887212229","588,190002",4,3,2024-10-18
2024-10-18 02:00:00,"225,1143546545845","605,72998",4,3,2024-10-18
2024-10-18 03:00:00,"228,87993415946093","629,22998",4,3,2024-10-18
2024-10-18 04:00:00,"239,19831228223197","737,780029",4,3,2024-10-18
2024-10-18 05:00:00,"441,80157745473934","1117,449951",4,3,2024-10-18
2024-10-18 06:00:00,"548,0914275301758","1165,640015",4,3,2024-10-18
2024-10-18 07:00:00,"562,8813251781776","828,130005",4,3,2024-10-18
2024-10-18 08:00:00,"461,54915111041237","714,429993",4,3,2024-10-18
2024-10-18 09:00:00,"375,17067169165233","636,390015",4,3,2024-10-18
2024-10-18 10:00:00,"274,8343272040595","618,929993",4,3,2024-10-18
2024-10-18 11:00:00,"265,48749989120546","598,340027",4,3,2024-10-18
2024-10-18 12:00:00,"265,21045001540676","605,72998",4,3,2024-10-18
2024-10-18 13:00:00,"267,2615084853285","629,22998",4,3,2024-10-18
2024-10-18 14:00:00,"279,4195979132861","770,599976",4,3,2024-10-18
2024-10-18 15:00:00,"307,18050383814193","997,26001",4,3,2024-10-18
2024-10-18 16:00:00,"413,99227431841535","1352,459961",4,3,2024-10-18
2024-10-18 17:00:00,"531,7565936274366","1063,72998",4,3,2024-10-18
2024-10-18 18:00:00,"614,6751111885756","770,309998",4,3,2024-10-18
2024-10-18 19:00:00,"570,6024165967791","722,409973",4,3,2024-10-18
2024-10-18 20:00:00,"554,9239082123752","695,77002",4,3,2024-10-18
2024-10-18 21:00:00,"487,6701359854057","638,179993",4,3,2024-10-18
2024-10-18 22:00:00,"455,1058348191095","649,27002",4,3,2024-10-18
2024-10-18 23:00:00,"407,2265857184422","619,210022",4,3,2024-10-18
2024-10-19 00:00:00,"273,9845817141379","595,940002",4,3,2024-10-19
2024-10-19 01:00:00,"254,72660609299894","561,27002",4,3,2024-10-19
2024-10-19 02:00:00,"251,90369523087148","565,809998",4,3,2024-10-19
2024-10-19 03:00:00,"251,0629575574905","572,530029",4,3,2024-10-19
2024-10-19 04:00:00,"264,5520543307046","596,619995",4,3,2024-10-19
2024-10-19 05:00:00,"294,52329085600013","685,440002",4,3,2024-10-19
2024-10-19 06:00:00,"306,7136523336992","668,659973",4,3,2024-10-19
2024-10-19 07:00:00,"284,1074940529078","630,919983",4,3,2024-10-19
2024-10-19 08:00:00,"251,95069831925576","587,669983",4,3,2024-10-19
2024-10-19 09:00:00,"234,54541159643642","546,799988",4,3,2024-10-19
2024-10-19 10:00:00,"170,65556301368133","493,399994",4,3,2024-10-19
2024-10-19 11:00:00,"132,8714836894696","454,619995",4,3,2024-10-19
2024-10-19 12:00:00,"138,85912462159297","476,470001",4,3,2024-10-19
2024-10-19 13:00:00,"158,9940314173178","589,679993",4,3,2024-10-19
2024-10-19 14:00:00,"241,0598305894389","731,52002",4,3,2024-10-19
2024-10-19 15:00:00,"304,2785039791403","813,929993",4,3,2024-10-19
2024-10-19 16:00:00,"318,3314054044396","1012,900024",4,3,2024-10-19
2024-10-19 17:00:00,"324,3293739257566","886,940002",4,3,2024-10-19
2024-10-19 18:00:00,"319,4023735919908","721,900024",4,3,2024-10-19
2024-10-19 19:00:00,"317,62226918622474","672,530029",4,3,2024-10-19
2024-10-19 20:00:00,"310,9235952120023","625,179993",4,3,2024-10-19
2024-10-19 21:00:00,"296,1828382503864","546,869995",4,3,2024-10-19
2024-10-19 22:00:00,"237,4016197712912","403,059998",4,3,2024-10-19
2024-10-19 23:00:00,"226,0263704770564","409,470001",4,3,2024-10-19
2024-10-20 00:00:00,"226,2746912525932","407,079987",4,3,2024-10-20
2024-10-20 01:00:00,"225,02459950967778","417,0",4,3,2024-10-20
2024-10-20 02:00:00,"232,95462672042805","444,450012",4,3,2024-10-20
2024-10-20 03:00:00,"234,9779300715225","241,880005",4,3,2024-10-20
2024-10-20 04:00:00,"237,03087236034443","240,389999",4,3,2024-10-20
2024-10-20 05:00:00,"244,05642427025643","291,329987",4,3,2024-10-20
2024-10-20 06:00:00,"261,84951726382656","359,950012",4,3,2024-10-20
2024-10-20 07:00:00,"234,31054820133545","341,230011",4,3,2024-10-20
2024-10-20 08:00:00,"87,43154095316191","47,509998",4,3,2024-10-20
2024-10-20 09:00:00,"47,95066101050989","0,6",4,3,2024-10-20
2024-10-20 10:00:00,"15,775521345128201","0,0",4,3,2024-10-20
2024-10-20 11:00:00,"-5,336113181237841","-7,31",4,3,2024-10-20
2024-10-20 12:00:00,"-26,297348489682314","-14,99",4,3,2024-10-20
2024-10-20 13:00:00,"-7,928232131418734","0,0",4,3,2024-10-20
2024-10-20 14:00:00,"186,3178880560971","38,040001",4,3,2024-10-20
2024-10-20 15:00:00,"285,82001595594335","413,570007",4,3,2024-10-20
2024-10-20 16:00:00,"318,11750914108916","318,25",4,3,2024-10-20
2024-10-20 17:00:00,"339,4232696638931","268,950012",4,3,2024-10-20
2024-10-20 18:00:00,"327,9540094353529","252,919998",4,3,2024-10-20
2024-10-20 19:00:00,"318,58380246322326","156,259995",4,3,2024-10-20
2024-10-20 20:00:00,"314,66510249135104","90,620003",4,3,2024-10-20
2024-10-20 21:00:00,"295,77943601841963","14,39",4,3,2024-10-20
2024-10-20 22:00:00,"227,5795169222816","-0,75",4,3,2024-10-20
2024-10-20 23:00:00,"192,94797066632626","-0,75",4,3,2024-10-20
2024-10-21 00:00:00,"151,94277064369797","-1,04",4,4,2024-10-21
2024-10-21 01:00:00,"157,28709697097582","-0,6",4,4,2024-10-21
2024-10-21 02:00:00,"187,65092451980897","-0,3",4,4,2024-10-21
2024-10-21 03:00:00,"255,20211066031598","24,24",4,4,2024-10-21
2024-10-21 04:00:00,"425,4793369882587","32,59",4,4,2024-10-21
2024-10-21 05:00:00,"573,2301346060684","301,170013",4,4,2024-10-21
2024-10-21 06:00:00,"584,3603976228064","292,070007",4,4,2024-10-21
2024-10-21 07:00:00,"505,95823579082895","240,160004",4,4,2024-10-21
2024-10-21 08:00:00,"478,9283989421547","215,399994",4,4,2024-10-21
2024-10-21 09:00:00,"422,65498732724706","208,690002",4,4,2024-10-21
2024-10-21 10:00:00,"346,09170704264704","188,479996",4,4,2024-10-21
2024-10-21 11:00:00,"280,823349925999","209,729996",4,4,2024-10-21
2024-10-21 12:00:00,"283,771504034315","168,710007",4,4,2024-10-21
2024-10-21 13:00:00,"320,72922752120076","434,609985",4,4,2024-10-21
2024-10-21 14:00:00,"453,9911145183094","670,289978",4,4,2024-10-21
2024-10-21 15:00:00,"518,3987663412323","969,900024",4,4,2024-10-21
2024-10-21 16:00:00,"858,2086160253336","1582,319946",4,4,2024-10-21
2024-10-21 17:00:00,"847,5298145417337","1404,810059",4,4,2024-10-21
2024-10-21 18:00:00,"780,4641638997894","957,969971",4,4,2024-10-21
2024-10-21 19:00:00,"592,900908650593","750,320007",4,4,2024-10-21
2024-10-21 20:00:00,"502,6786618850719","729,440002",4,4,2024-10-21
2024-10-21 21:00:00,"454,4501229695637","693,419983",4,4,2024-10-21
2024-10-21 22:00:00,"406,73693618799405","666,929993",4,4,2024-10-21
2024-10-21 23:00:00,"261,33346120174133","652,76001",4,4,2024-10-21
2024-10-22 00:00:00,"236,66898027004788","639,109985",4,4,2024-10-22
2024-10-22 01:00:00,"230,85664573486844","623,52002",4,4,2024-10-22
2024-10-22 02:00:00,"237,31356959650054","619,190002",4,4,2024-10-22
2024-10-22 03:00:00,"279,11059499644335","641,419983",4,4,2024-10-22
2024-10-22 04:00:00,"316,25504523171435","731,960022",4,4,2024-10-22
2024-10-22 05:00:00,"639,8983170843748","1118,76001",4,4,2024-10-22
2024-10-22 06:00:00,"721,2439388806084","1215,27002",4,4,2024-10-22
2024-10-22 07:00:00,"715,4808233683257","846,080017",4,4,2024-10-22
2024-10-22 08:00:00,"598,2519602255738","736,809998",4,4,2024-10-22
2024-10-22 09:00:00,"558,9673069811477","639,109985",4,4,2024-10-22
2024-10-22 10:00:00,"507,53051242832436","246,720001",4,4,2024-10-22
2024-10-22 11:00:00,"484,38611473272533","232,550003",4,4,2024-10-22
2024-10-22 12:00:00,"486,3990949455998","225,539993",4,4,2024-10-22
2024-10-22 13:00:00,"524,6132254942243","229,789993",4,4,2024-10-22
2024-10-22 14:00:00,"532,2356230201583","263,130005",4,4,2024-10-22
2024-10-22 15:00:00,"509,19425848043335","759,109985",4,4,2024-10-22
2024-10-22 16:00:00,"512,7350445981872","1043,579956",4,4,2024-10-22
2024-10-22 17:00:00,"465,74840513557245","1176,560059",4,4,2024-10-22
2024-10-22 18:00:00,"444,323879809689","850,400024",4,4,2024-10-22
2024-10-22 19:00:00,"434,8395410590408","697,72998",4,4,2024-10-22
2024-10-22 20:00:00,"413,99217272730493","713,919983",4,4,2024-10-22
2024-10-22 21:00:00,"367,4470238460693","658,950012",4,4,2024-10-22
2024-10-22 22:00:00,"297,9564934773419","602,789978",4,4,2024-10-22
2024-10-22 23:00:00,"250,81141174361935","620,690002",4,4,2024-10-22
2024-10-23 00:00:00,"238,8962279444947","611,669983",4,4,2024-10-23
2024-10-23 01:00:00,"231,68330709990198","620,539978",4,4,2024-10-23
2024-10-23 02:00:00,"235,53680174721876","639,859985",4,4,2024-10-23
2024-10-23 03:00:00,"247,8006438584903","675,950012",4,4,2024-10-23
2024-10-23 04:00:00,"322,8782551877361","780,950012",4,4,2024-10-23
2024-10-23 05:00:00,"423,42581387589655","1025,329956",4,4,2024-10-23
2024-10-23 06:00:00,"546,2967460487151","1205,72998",4,4,2024-10-23
2024-10-23 07:00:00,"582,8121687315015","957,690002",4,4,2024-10-23
2024-10-23 08:00:00,"486,37173790248346","776,330017",4,4,2024-10-23
2024-10-23 09:00:00,"413,1945396146097","693,700012",4,4,2024-10-23
2024-10-23 10:00:00,"312,2055977396456","600,929993",4,4,2024-10-23
2024-10-23 11:00:00,"243,90419331967846","574,75",4,4,2024-10-23
2024-10-23 12:00:00,"233,19996070062564","562,450012",4,4,2024-10-23
2024-10-23 13:00:00,"266,8886026983488","657,830017",4,4,2024-10-23
2024-10-23 14:00:00,"312,2152242648061","696,22998",4,4,2024-10-23
2024-10-23 15:00:00,"369,479640841904","1009,669983",4,4,2024-10-23
2024-10-23 16:00:00,"386,83603060865374","1428,859985",4,4,2024-10-23
2024-10-23 17:00:00,"351,58020723227145","1312,52002",4,4,2024-10-23
2024-10-23 18:00:00,"331,5939638707074","833,080017",4,4,2024-10-23
2024-10-23 19:00:00,"321,8197045505437","754,849976",4,4,2024-10-23
2024-10-23 20:00:00,"310,85741140581064","767,599976",4,4,2024-10-23
2024-10-23 21:00:00,"302,6304710356073","694,73999",4,4,2024-10-23
2024-10-23 22:00:00,"274,07117144954185","647,059998",4,4,2024-10-23
2024-10-23 23:00:00,"258,3113877338017","597,460022",4,4,2024-10-23
2024-10-24 00:00:00,"243,0439454608447","582,469971",4,4,2024-10-24
2024-10-24 01:00:00,"221,42043292356215","564,349976",4,4,2024-10-24
2024-10-24 02:00:00,"222,2800280803294","532,200012",4,4,2024-10-24
2024-10-24 03:00:00,"275,6824340826216","597,909973",4,4,2024-10-24
2024-10-24 04:00:00,"324,599074007509","748,409973",4,4,2024-10-24
2024-10-24 05:00:00,"405,9329322268941","1057,98999",4,4,2024-10-24
2024-10-24 06:00:00,"413,51789411333186","1233,47998",4,4,2024-10-24
2024-10-24 07:00:00,"446,47729117027205","874,820007",4,4,2024-10-24
2024-10-24 08:00:00,"445,0552437324672","760,049988",4,4,2024-10-24
2024-10-24 09:00:00,"372,173801672417","693,969971",4,4,2024-10-24
2024-10-24 10:00:00,"284,48456596757404","626,169983",4,4,2024-10-24
2024-10-24 11:00:00,"225,20792639920816","590,299988",4,4,2024-10-24
2024-10-24 12:00:00,"253,88414091828741","607,900024",4,4,2024-10-24
2024-10-24 13:00:00,"305,32271091573267","713,72998",4,4,2024-10-24
2024-10-24 14:00:00,"314,35041370271153","809,869995",4,4,2024-10-24
2024-10-24 15:00:00,"319,31741229038744","921,659973",4,4,2024-10-24
2024-10-24 16:00:00,"357,054313461452","1034,430054",4,4,2024-10-24
2024-10-24 17:00:00,"370,98477662693483","851,630005",4,4,2024-10-24
2024-10-24 18:00:00,"381,8436529134312","720,52002",4,4,2024-10-24
2024-10-24 19:00:00,"327,99071200181237","698,369995",4,4,2024-10-24
2024-10-24 20:00:00,"302,3276756442675","670,47998",4,4,2024-10-24
2024-10-24 21:00:00,"302,70221806560556","623,559998",4,4,2024-10-24
2024-10-24 22:00:00,"296,2414966632508","615,460022",4,4,2024-10-24
2024-10-24 23:00:00,"293,96800399750066","612,25",4,4,2024-10-24
2024-10-25 00:00:00,"308,30668221804973","594,48999",4,4,2024-10-25
2024-10-25 01:00:00,"314,3016219036518","616,200012",4,4,2024-10-25
2024-10-25 02:00:00,"317,89548387966425","630,150024",4,4,2024-10-25
2024-10-25 03:00:00,"317,4724960844999","705,650024",4,4,2024-10-25
2024-10-25 04:00:00,"335,38761448190627","812,700012",4,4,2024-10-25
2024-10-25 05:00:00,"460,1071904416184","923,190002",4,4,2024-10-25
2024-10-25 06:00:00,"568,305906881063","1123,410034",4,4,2024-10-25
2024-10-25 07:00:00,"637,8496660879654","913,340027",4,4,2024-10-25
2024-10-25 08:00:00,"667,5915482469604","806,809998",4,4,2024-10-25
2024-10-25 09:00:00,"594,2793087931337","700,5",4,4,2024-10-25
2024-10-25 10:00:00,"537,2245617776316","604,859985",4,4,2024-10-25
2024-10-25 11:00:00,"493,60897542348386","583,22998",4,4,2024-10-25
2024-10-25 12:00:00,"511,97391774601215","615,22998",4,4,2024-10-25
2024-10-25 13:00:00,"550,1008880679984","741,01001",4,4,2024-10-25
2024-10-25 14:00:00,"623,7526541411022","880,51001",4,4,2024-10-25
2024-10-25 15:00:00,"713,103506580753","1184,140015",4,4,2024-10-25
2024-10-25 16:00:00,"761,6276118337487","1695,829956",4,4,2024-10-25
2024-10-25 17:00:00,"746,2989545572922","1379,0",4,4,2024-10-25
2024-10-25 18:00:00,"741,7497859023754","924,01001",4,4,2024-10-25
2024-10-25 19:00:00,"727,67105558406","867,530029",4,4,2024-10-25
2024-10-25 20:00:00,"719,7057284310376","850,150024",4,4,2024-10-25
2024-10-25 21:00:00,"639,6232724249892","801,210022",4,4,2024-10-25
2024-10-25 22:00:00,"643,8763847466608","860,150024",4,4,2024-10-25
2024-10-25 23:00:00,"590,0491412931408","818,0",4,4,2024-10-25
2024-10-26 00:00:00,"572,6131359876615","797,929993",4,4,2024-10-26
2024-10-26 01:00:00,"551,8256992284769","804,200012",4,4,2024-10-26
2024-10-26 02:00:00,"550,8957672679661","788,599976",4,4,2024-10-26
2024-10-26 03:00:00,"553,2414633471058","796,960022",4,4,2024-10-26
2024-10-26 04:00:00,"579,248700118665","850,0",4,4,2024-10-26
2024-10-26 05:00:00,"614,4980379023659","937,890015",4,4,2024-10-26
2024-10-26 06:00:00,"624,8113212497952","940,059998",4,4,2024-10-26
2024-10-26 07:00:00,"565,3974876298043","877,159973",4,4,2024-10-26
2024-10-26 08:00:00,"473,9429150690554","756,450012",4,4,2024-10-26
2024-10-26 09:00:00,"432,00258240229897","607,900024",4,4,2024-10-26
2024-10-26 10:00:00,"336,1180989872651","509,940002",4,4,2024-10-26
2024-10-26 11:00:00,"256,3456850462142","472,269989",4,4,2024-10-26
2024-10-26 12:00:00,"281,5161261077091","481,589996",4,4,2024-10-26
2024-10-26 13:00:00,"309,8320581636978","607,599976",4,4,2024-10-26
2024-10-26 14:00:00,"314,2011942645988","750,549988",4,4,2024-10-26
2024-10-26 15:00:00,"332,7754153108845","938,039978",4,4,2024-10-26
2024-10-26 16:00:00,"346,2414883336338","1125,829956",4,4,2024-10-26
2024-10-26 17:00:00,"337,24263980089233","885,890015",4,4,2024-10-26
2024-10-26 18:00:00,"329,7991351605065","719,809998",4,4,2024-10-26
2024-10-26 19:00:00,"315,9921133396459","662,219971",4,4,2024-10-26
2024-10-26 20:00:00,"299,58653546152516","652,820007",4,4,2024-10-26
2024-10-26 21:00:00,"276,3063705346203","571,719971",4,4,2024-10-26
2024-10-26 22:00:00,"233,37767708064823","688,119995",4,4,2024-10-26
2024-10-26 23:00:00,"228,01609888732688","626,780029",4,4,2024-10-26
2024-10-27 00:00:00,"227,80382886184228","613,570007",4,4,2024-10-27
2024-10-27 01:00:00,"225,74100705553874","600,140015",4,4,2024-10-27
2024-10-27 02:00:00,"227,25252405007612","592,530029",4,4,2024-10-27
2024-10-27 03:00:00,"222,1646795996275","587,900024",4,4,2024-10-27
2024-10-27 04:00:00,"197,36921596796992","635,289978",4,4,2024-10-27
2024-10-27 05:00:00,"222,73984934158597","665,659973",4,4,2024-10-27
2024-10-27 06:00:00,"238,52367734497625","657,0",4,4,2024-10-27
2024-10-27 07:00:00,"226,39428882185325","629,320007",4,4,2024-10-27
2024-10-27 08:00:00,"103,03558547147404","496,049988",4,4,2024-10-27
2024-10-27 09:00:00,"47,00369245891918","408,299988",4,4,2024-10-27
2024-10-27 10:00:00,"11,394737861887046","317,119995",4,4,2024-10-27
2024-10-27 11:00:00,"-8,098219728151598","298,390015",4,4,2024-10-27
2024-10-27 12:00:00,"-29,46737137996414","298,470001",4,4,2024-10-27
2024-10-27 13:00:00,"-8,488177665072483","480,01001",4,4,2024-10-27
2024-10-27 14:00:00,"160,72992099696248","753,109985",4,4,2024-10-27
2024-10-27 15:00:00,"233,37746755447714","878,97998",4,4,2024-10-27
2024-10-27 16:00:00,"303,9576275231295","1106,569946",4,4,2024-10-27
2024-10-27 17:00:00,"308,90052025017764","1087,23999",4,4,2024-10-27
2024-10-27 18:00:00,"304,0793788986388","973,52002",4,4,2024-10-27
2024-10-27 19:00:00,"272,3561143068826","881,299988",4,4,2024-10-27
2024-10-27 20:00:00,"248,59073613476588","831,159973",4,4,2024-10-27
2024-10-27 21:00:00,"215,45818205282418","820,48999",4,4,2024-10-27
2024-10-27 22:00:00,"165,2242772047252","651,109985",4,4,2024-10-27
2024-10-27 23:00:00,"157,4589987812123","713,340027",4,4,2024-10-27
