Time,Prediction,DKPrice,fold,week,Date
2024-01-01 00:00:00,"159,1949035297697","209,779999",1,1,2024-01-01
2024-01-01 01:00:00,"163,41858492367476","198,740005",1,1,2024-01-01
2024-01-01 02:00:00,"161,71264636019905","30,860001",1,1,2024-01-01
2024-01-01 03:00:00,"162,99588700220022","-0,22",1,1,2024-01-01
2024-01-01 04:00:00,"233,24808755632787","-0,15",1,1,2024-01-01
2024-01-01 05:00:00,"368,7618472208933","-0,37",1,1,2024-01-01
2024-01-01 06:00:00,"427,84046553437656","-0,15",1,1,2024-01-01
2024-01-01 07:00:00,"479,59415035571567","0,0",1,1,2024-01-01
2024-01-01 08:00:00,"481,22637966611217","0,6",1,1,2024-01-01
2024-01-01 09:00:00,"455,32230202352724","308,179993",1,1,2024-01-01
2024-01-01 10:00:00,"422,78806628782365","324,359985",1,1,2024-01-01
2024-01-01 11:00:00,"405,38422849495976","320,700012",1,1,2024-01-01
2024-01-01 12:00:00,"407,1774111516487","330,170013",1,1,2024-01-01
2024-01-01 13:00:00,"428,7653279550666","344,709991",1,1,2024-01-01
2024-01-01 14:00:00,"456,6630953503431","377,290009",1,1,2024-01-01
2024-01-01 15:00:00,"509,88669615133125","443,329987",1,1,2024-01-01
2024-01-01 16:00:00,"567,0494913947347","484,480011",1,1,2024-01-01
2024-01-01 17:00:00,"577,1100329131084","460,26001",1,1,2024-01-01
2024-01-01 18:00:00,"576,7097862891707","456,75",1,1,2024-01-01
2024-01-01 19:00:00,"495,63791929431983","447,059998",1,1,2024-01-01
2024-01-01 20:00:00,"431,1980385362888","409,420013",1,1,2024-01-01
2024-01-01 21:00:00,"408,38738195300135","355,220001",1,1,2024-01-01
2024-01-01 22:00:00,"351,68828256759923","265,019989",1,1,2024-01-01
2024-01-01 23:00:00,"333,7559427350835","228,039993",1,1,2024-01-01
2024-01-02 00:00:00,"324,57659906028454","149,619995",1,1,2024-01-02
2024-01-02 01:00:00,"319,6194629896662","231,320007",1,1,2024-01-02
2024-01-02 02:00:00,"335,6736396586662","137,089996",1,1,2024-01-02
2024-01-02 03:00:00,"352,8776924547401","82,599998",1,1,2024-01-02
2024-01-02 04:00:00,"384,6387068803726","102,730003",1,1,2024-01-02
2024-01-02 05:00:00,"437,8081250888047","355,070007",1,1,2024-01-02
2024-01-02 06:00:00,"490,12913481177003","433,119995",1,1,2024-01-02
2024-01-02 07:00:00,"583,7611360899751","489,549988",1,1,2024-01-02
2024-01-02 08:00:00,"574,2439559558569","482,549988",1,1,2024-01-02
2024-01-02 09:00:00,"557,1868532770972","514,22998",1,1,2024-01-02
2024-01-02 10:00:00,"513,922633110488","548,219971",1,1,2024-01-02
2024-01-02 11:00:00,"502,4755236675086","582,659973",1,1,2024-01-02
2024-01-02 12:00:00,"508,98779058423537","587,960022",1,1,2024-01-02
2024-01-02 13:00:00,"517,407818043389","590,719971",1,1,2024-01-02
2024-01-02 14:00:00,"546,2906413664363","596,080017",1,1,2024-01-02
2024-01-02 15:00:00,"657,6865074726816","607,26001",1,1,2024-01-02
2024-01-02 16:00:00,"669,3344144425566","603,23999",1,1,2024-01-02
2024-01-02 17:00:00,"623,5429805014373","558,72998",1,1,2024-01-02
2024-01-02 18:00:00,"567,5589563792036","470,98999",1,1,2024-01-02
2024-01-02 19:00:00,"560,6352267187738","425,73999",1,1,2024-01-02
2024-01-02 20:00:00,"503,4769669292758","349,549988",1,1,2024-01-02
2024-01-02 21:00:00,"485,03891453195143","298,190002",1,1,2024-01-02
2024-01-02 22:00:00,"463,0473107163004","162,589996",1,1,2024-01-02
2024-01-02 23:00:00,"413,25682880446914","7,75",1,1,2024-01-02
2024-01-03 00:00:00,"405,34066729396756","-0,07",1,1,2024-01-03
2024-01-03 01:00:00,"404,7748667255577","0,0",1,1,2024-01-03
2024-01-03 02:00:00,"388,13305838801176","-0,07",1,1,2024-01-03
2024-01-03 03:00:00,"376,99804922396794","0,0",1,1,2024-01-03
2024-01-03 04:00:00,"398,63103650994555","0,15",1,1,2024-01-03
2024-01-03 05:00:00,"418,19016036697434","8,13",1,1,2024-01-03
2024-01-03 06:00:00,"523,4111688276371","302,600006",1,1,2024-01-03
2024-01-03 07:00:00,"614,4743589909217","444,399994",1,1,2024-01-03
2024-01-03 08:00:00,"616,126908776159","451,850006",1,1,2024-01-03
2024-01-03 09:00:00,"613,7875812935459","424,940002",1,1,2024-01-03
2024-01-03 10:00:00,"594,2741387312844","409,209991",1,1,2024-01-03
2024-01-03 11:00:00,"583,112423225196","445,820007",1,1,2024-01-03
2024-01-03 12:00:00,"584,3345221319873","438,809998",1,1,2024-01-03
2024-01-03 13:00:00,"602,6004996767518","453,720001",1,1,2024-01-03
2024-01-03 14:00:00,"621,4549860770403","500,829987",1,1,2024-01-03
2024-01-03 15:00:00,"629,1345965719929","548,619995",1,1,2024-01-03
2024-01-03 16:00:00,"649,729337403156","613,409973",1,1,2024-01-03
2024-01-03 17:00:00,"634,9745191311156","618,549988",1,1,2024-01-03
2024-01-03 18:00:00,"593,0784309589778","589,179993",1,1,2024-01-03
2024-01-03 19:00:00,"568,7177135745727","545,940002",1,1,2024-01-03
2024-01-03 20:00:00,"460,59478178010755","502,549988",1,1,2024-01-03
2024-01-03 21:00:00,"441,9344413024327","484,579987",1,1,2024-01-03
2024-01-03 22:00:00,"345,7868611268069","433,290009",1,1,2024-01-03
2024-01-03 23:00:00,"280,3491397288054","427,329987",1,1,2024-01-03
2024-01-04 00:00:00,"270,4846431365258","376,320007",1,1,2024-01-04
2024-01-04 01:00:00,"262,6223976660667","298,309998",1,1,2024-01-04
2024-01-04 02:00:00,"244,0737211713383","190,020004",1,1,2024-01-04
2024-01-04 03:00:00,"231,72504899950334","261,019989",1,1,2024-01-04
2024-01-04 04:00:00,"242,63627734780655","430,540009",1,1,2024-01-04
2024-01-04 05:00:00,"347,77111244279814","541,809998",1,1,2024-01-04
2024-01-04 06:00:00,"460,775649027376","634,059998",1,1,2024-01-04
2024-01-04 07:00:00,"542,277742898792","682,169983",1,1,2024-01-04
2024-01-04 08:00:00,"502,3990849767648","702,530029",1,1,2024-01-04
2024-01-04 09:00:00,"477,85302106913724","683,210022",1,1,2024-01-04
2024-01-04 10:00:00,"479,6086061003969","671,429993",1,1,2024-01-04
2024-01-04 11:00:00,"457,8952127489202","643,609985",1,1,2024-01-04
2024-01-04 12:00:00,"485,1465033723111","641,070007",1,1,2024-01-04
2024-01-04 13:00:00,"500,64483254547935","686,940002",1,1,2024-01-04
2024-01-04 14:00:00,"506,0491221973626","735,48999",1,1,2024-01-04
2024-01-04 15:00:00,"476,7779813622183","788,51001",1,1,2024-01-04
2024-01-04 16:00:00,"530,5013692682547","993,599976",1,1,2024-01-04
2024-01-04 17:00:00,"534,6952993266382","1078,77002",1,1,2024-01-04
2024-01-04 18:00:00,"506,1118560806257","932,22998",1,1,2024-01-04
2024-01-04 19:00:00,"444,29007475598576","772,549988",1,1,2024-01-04
2024-01-04 20:00:00,"385,0723026094688","745,859985",1,1,2024-01-04
2024-01-04 21:00:00,"359,8138899934722","707,450012",1,1,2024-01-04
2024-01-04 22:00:00,"256,95151590286855","662,47998",1,1,2024-01-04
2024-01-04 23:00:00,"243,34781031329612","642,059998",1,1,2024-01-04
2024-01-05 00:00:00,"231,1084912177844","600,51001",1,1,2024-01-05
2024-01-05 01:00:00,"225,96581782436655","574,409973",1,1,2024-01-05
2024-01-05 02:00:00,"218,3514005641159","546,059998",1,1,2024-01-05
2024-01-05 03:00:00,"215,09800694357443","552,330017",1,1,2024-01-05
2024-01-05 04:00:00,"226,502283931644","567,099976",1,1,2024-01-05
2024-01-05 05:00:00,"260,591251616111","604,169983",1,1,2024-01-05
2024-01-05 06:00:00,"374,4128447706685","648,919983",1,1,2024-01-05
2024-01-05 07:00:00,"424,77943743811517","668,090027",1,1,2024-01-05
2024-01-05 08:00:00,"432,81157475664116","708,070007",1,1,2024-01-05
2024-01-05 09:00:00,"368,7526608797801","718,140015",1,1,2024-01-05
2024-01-05 10:00:00,"362,8150252956792","732,609985",1,1,2024-01-05
2024-01-05 11:00:00,"325,76934925312946","688,01001",1,1,2024-01-05
2024-01-05 12:00:00,"298,8761102833539","682,780029",1,1,2024-01-05
2024-01-05 13:00:00,"307,092042526853","719,109985",1,1,2024-01-05
2024-01-05 14:00:00,"335,9130272878959","746,26001",1,1,2024-01-05
2024-01-05 15:00:00,"389,830582884438","768,039978",1,1,2024-01-05
2024-01-05 16:00:00,"429,1203518327418","800,929993",1,1,2024-01-05
2024-01-05 17:00:00,"438,4004789419558","808,909973",1,1,2024-01-05
2024-01-05 18:00:00,"380,0971771646916","775,419983",1,1,2024-01-05
2024-01-05 19:00:00,"325,4792295724255","746,559998",1,1,2024-01-05
2024-01-05 20:00:00,"309,8515076102522","702,549988",1,1,2024-01-05
2024-01-05 21:00:00,"342,53796783899213","708,0",1,1,2024-01-05
2024-01-05 22:00:00,"268,47434062655736","647,429993",1,1,2024-01-05
2024-01-05 23:00:00,"214,46042512220464","613,47998",1,1,2024-01-05
2024-01-06 00:00:00,"184,90779775207167","598,190002",1,1,2024-01-06
2024-01-06 01:00:00,"171,4083972270802","567,830017",1,1,2024-01-06
2024-01-06 02:00:00,"161,44331886923038","544,559998",1,1,2024-01-06
2024-01-06 03:00:00,"158,09772007219973","544,559998",1,1,2024-01-06
2024-01-06 04:00:00,"162,15208921486268","556,340027",1,1,2024-01-06
2024-01-06 05:00:00,"165,94981094945837","560,150024",1,1,2024-01-06
2024-01-06 06:00:00,"232,944181092759","607,059998",1,1,2024-01-06
2024-01-06 07:00:00,"313,8165286428152","659,349976",1,1,2024-01-06
2024-01-06 08:00:00,"376,73068341534525","687,909973",1,1,2024-01-06
2024-01-06 09:00:00,"367,1921676481702","725,72998",1,1,2024-01-06
2024-01-06 10:00:00,"344,79826506477474","749,070007",1,1,2024-01-06
2024-01-06 11:00:00,"336,4154484318932","739,599976",1,1,2024-01-06
2024-01-06 12:00:00,"357,07432914754986","710,210022",1,1,2024-01-06
2024-01-06 13:00:00,"406,65488883352197","690,299988",1,1,2024-01-06
2024-01-06 14:00:00,"421,7367161331478","709,23999",1,1,2024-01-06
2024-01-06 15:00:00,"475,9720114644514","744,75",1,1,2024-01-06
2024-01-06 16:00:00,"540,0187053939705","780,849976",1,1,2024-01-06
2024-01-06 17:00:00,"571,8706801779882","774,51001",1,1,2024-01-06
2024-01-06 18:00:00,"532,6075324897934","740,719971",1,1,2024-01-06
2024-01-06 19:00:00,"467,90943790629507","687,909973",1,1,2024-01-06
2024-01-06 20:00:00,"399,15580730495486","656,359985",1,1,2024-01-06
2024-01-06 21:00:00,"320,55955950651","647,039978",1,1,2024-01-06
2024-01-06 22:00:00,"261,48878792942884","596,919983",1,1,2024-01-06
2024-01-06 23:00:00,"221,61784159212434","642,570007",1,1,2024-01-06
2024-01-07 00:00:00,"182,72308864279893","615,049988",1,1,2024-01-07
2024-01-07 01:00:00,"168,33884225341785","573,72998",1,1,2024-01-07
2024-01-07 02:00:00,"150,94829231947028","561,48999",1,1,2024-01-07
2024-01-07 03:00:00,"145,3467730713416","546,950012",1,1,2024-01-07
2024-01-07 04:00:00,"130,83952877425384","550,309998",1,1,2024-01-07
2024-01-07 05:00:00,"125,72391435667362","560,450012",1,1,2024-01-07
2024-01-07 06:00:00,"132,97306408869346","582,080017",1,1,2024-01-07
2024-01-07 07:00:00,"164,1202733074492","610,049988",1,1,2024-01-07
2024-01-07 08:00:00,"183,33587354825164","634,219971",1,1,2024-01-07
2024-01-07 09:00:00,"183,35999137636438","650,030029",1,1,2024-01-07
2024-01-07 10:00:00,"170,67272929793745","666,210022",1,1,2024-01-07
2024-01-07 11:00:00,"158,90942242591566","682,469971",1,1,2024-01-07
2024-01-07 12:00:00,"151,8360634179557","652,789978",1,1,2024-01-07
2024-01-07 13:00:00,"160,37994376355826","634,219971",1,1,2024-01-07
2024-01-07 14:00:00,"187,6398571956772","656,440002",1,1,2024-01-07
2024-01-07 15:00:00,"221,14295540013114","696,799988",1,1,2024-01-07
2024-01-07 16:00:00,"259,340503332396","759,080017",1,1,2024-01-07
2024-01-07 17:00:00,"250,2635565859516","782,049988",1,1,2024-01-07
2024-01-07 18:00:00,"206,69983516585734","772,349976",1,1,2024-01-07
2024-01-07 19:00:00,"183,18703863246137","749,599976",1,1,2024-01-07
2024-01-07 20:00:00,"176,06197759701118","695,97998",1,1,2024-01-07
2024-01-07 21:00:00,"182,14550363739053","680,01001",1,1,2024-01-07
2024-01-07 22:00:00,"156,17523029972858","625,48999",1,1,2024-01-07
2024-01-07 23:00:00,"155,49870773183613","649,059998",1,1,2024-01-07
2024-01-08 00:00:00,"190,96763375512606","628,919983",1,2,2024-01-08
2024-01-08 01:00:00,"136,9123074098344","610,27002",1,2,2024-01-08
2024-01-08 02:00:00,"116,82502869431066","590,059998",1,2,2024-01-08
2024-01-08 03:00:00,"118,85936759867923","585,359985",1,2,2024-01-08
2024-01-08 04:00:00,"142,6063441522207","612,359985",1,2,2024-01-08
2024-01-08 05:00:00,"182,57929718129336","703,359985",1,2,2024-01-08
2024-01-08 06:00:00,"245,48331634803478","828,669983",1,2,2024-01-08
2024-01-08 07:00:00,"273,46860084143253","903,330017",1,2,2024-01-08
2024-01-08 08:00:00,"260,96372478068133","878,859985",1,2,2024-01-08
2024-01-08 09:00:00,"247,75928445438038","824,940002",1,2,2024-01-08
2024-01-08 10:00:00,"216,38578995258536","768,25",1,2,2024-01-08
2024-01-08 11:00:00,"208,55083990359816","712,309998",1,2,2024-01-08
2024-01-08 12:00:00,"206,98014758778248","701,349976",1,2,2024-01-08
2024-01-08 13:00:00,"215,9022979706636","763,25",1,2,2024-01-08
2024-01-08 14:00:00,"255,12855876802456","805,390015",1,2,2024-01-08
2024-01-08 15:00:00,"375,6230389016743","923,619995",1,2,2024-01-08
2024-01-08 16:00:00,"431,917135647389","963,299988",1,2,2024-01-08
2024-01-08 17:00:00,"444,993204789324","969,710022",1,2,2024-01-08
2024-01-08 18:00:00,"404,9829692472173","910,859985",1,2,2024-01-08
2024-01-08 19:00:00,"332,9082667187124","851,859985",1,2,2024-01-08
2024-01-08 20:00:00,"296,75442905309427","766,97998",1,2,2024-01-08
2024-01-08 21:00:00,"293,91593986591323","745,719971",1,2,2024-01-08
2024-01-08 22:00:00,"247,58247601966036","682,400024",1,2,2024-01-08
2024-01-08 23:00:00,"203,75187229288133","657,710022",1,2,2024-01-08
2024-01-09 00:00:00,"176,9289835161279","649,359985",1,2,2024-01-09
2024-01-09 01:00:00,"195,3940504378278","634,140015",1,2,2024-01-09
2024-01-09 02:00:00,"186,12170805280752","627,719971",1,2,2024-01-09
2024-01-09 03:00:00,"178,6433478267011","639,51001",1,2,2024-01-09
2024-01-09 04:00:00,"205,0102645643709","666,070007",1,2,2024-01-09
2024-01-09 05:00:00,"317,3698420825309","809,530029",1,2,2024-01-09
2024-01-09 06:00:00,"372,843129108154","925,539978",1,2,2024-01-09
2024-01-09 07:00:00,"418,7776705571347","994,030029",1,2,2024-01-09
2024-01-09 08:00:00,"395,6605752537388","902,039978",1,2,2024-01-09
2024-01-09 09:00:00,"395,5651562998362","844,450012",1,2,2024-01-09
2024-01-09 10:00:00,"392,27231332103247","789,169983",1,2,2024-01-09
2024-01-09 11:00:00,"394,2461936272321","747,690002",1,2,2024-01-09
2024-01-09 12:00:00,"388,33178524761905","752,159973",1,2,2024-01-09
2024-01-09 13:00:00,"406,62557830230594","827,289978",1,2,2024-01-09
2024-01-09 14:00:00,"444,52335996896625","890,780029",1,2,2024-01-09
2024-01-09 15:00:00,"524,3992063085999","953,820007",1,2,2024-01-09
2024-01-09 16:00:00,"556,4681916349044","1028,349976",1,2,2024-01-09
2024-01-09 17:00:00,"540,6082712731389","1028,050049",1,2,2024-01-09
2024-01-09 18:00:00,"505,9515453518126","973,070007",1,2,2024-01-09
2024-01-09 19:00:00,"469,83045247167104","897,039978",1,2,2024-01-09
2024-01-09 20:00:00,"412,6532603716864","833,179993",1,2,2024-01-09
2024-01-09 21:00:00,"398,6990095696379","792,150024",1,2,2024-01-09
2024-01-09 22:00:00,"305,5039366664483","724,340027",1,2,2024-01-09
2024-01-09 23:00:00,"258,4217242837667","665,900024",1,2,2024-01-09
2024-01-10 00:00:00,"264,720408820328","647,039978",1,2,2024-01-10
2024-01-10 01:00:00,"268,14053420252276","646,809998",1,2,2024-01-10
2024-01-10 02:00:00,"248,66479241903167","642,039978",1,2,2024-01-10
2024-01-10 03:00:00,"213,41365371593466","643,599976",1,2,2024-01-10
2024-01-10 04:00:00,"254,32338697893775","664,109985",1,2,2024-01-10
2024-01-10 05:00:00,"296,54156503154684","812,0",1,2,2024-01-10
2024-01-10 06:00:00,"435,7084050195079","941,840027",1,2,2024-01-10
2024-01-10 07:00:00,"508,95231978830503","1053,630005",1,2,2024-01-10
2024-01-10 08:00:00,"511,126678550541","972,419983",1,2,2024-01-10
2024-01-10 09:00:00,"495,1669678718191","884,190002",1,2,2024-01-10
2024-01-10 10:00:00,"476,91280530864134","813,869995",1,2,2024-01-10
2024-01-10 11:00:00,"473,2289889856823","762,26001",1,2,2024-01-10
2024-01-10 12:00:00,"464,05534048497293","787,609985",1,2,2024-01-10
2024-01-10 13:00:00,"501,6250191239625","842,059998",1,2,2024-01-10
2024-01-10 14:00:00,"538,1174749752319","923,27002",1,2,2024-01-10
2024-01-10 15:00:00,"563,2257297655797","1004,109985",1,2,2024-01-10
2024-01-10 16:00:00,"593,8198910509094","1072,349976",1,2,2024-01-10
2024-01-10 17:00:00,"584,5304114334335","1044,089966",1,2,2024-01-10
2024-01-10 18:00:00,"557,2420427265012","985,539978",1,2,2024-01-10
2024-01-10 19:00:00,"505,74363348317473","894,929993",1,2,2024-01-10
2024-01-10 20:00:00,"410,87436311911955","818,559998",1,2,2024-01-10
2024-01-10 21:00:00,"362,5972230572414","779,26001",1,2,2024-01-10
2024-01-10 22:00:00,"281,36039667437353","677,909973",1,2,2024-01-10
2024-01-10 23:00:00,"260,6707379567724","684,27002",1,2,2024-01-10
2024-01-11 00:00:00,"221,38861399767583","660,700012",1,2,2024-01-11
2024-01-11 01:00:00,"188,35041035527817","650,710022",1,2,2024-01-11
2024-01-11 02:00:00,"144,77421009404736","614,390015",1,2,2024-01-11
2024-01-11 03:00:00,"145,83631580638632","611,179993",1,2,2024-01-11
2024-01-11 04:00:00,"171,48513062170676","666,440002",1,2,2024-01-11
2024-01-11 05:00:00,"261,8676631836539","761,22998",1,2,2024-01-11
2024-01-11 06:00:00,"374,8709624954082","871,530029",1,2,2024-01-11
2024-01-11 07:00:00,"445,32027435892945","1051,569946",1,2,2024-01-11
2024-01-11 08:00:00,"433,0652644676332","963,27002",1,2,2024-01-11
2024-01-11 09:00:00,"403,24206490545447","847,590027",1,2,2024-01-11
2024-01-11 10:00:00,"360,39619541921587","794,119995",1,2,2024-01-11
2024-01-11 11:00:00,"330,9436380708069","741,169983",1,2,2024-01-11
2024-01-11 12:00:00,"283,00144250357016","738,340027",1,2,2024-01-11
2024-01-11 13:00:00,"328,81677938285713","790,390015",1,2,2024-01-11
2024-01-11 14:00:00,"372,3541428901081","879,73999",1,2,2024-01-11
2024-01-11 15:00:00,"422,12358357257875","1024,349976",1,2,2024-01-11
2024-01-11 16:00:00,"534,8159096645942","1119,359985",1,2,2024-01-11
2024-01-11 17:00:00,"568,3352190538247","1019,429993",1,2,2024-01-11
2024-01-11 18:00:00,"523,6783833772116","986,76001",1,2,2024-01-11
2024-01-11 19:00:00,"431,16734030422253","879,140015",1,2,2024-01-11
2024-01-11 20:00:00,"388,41672780456037","799,419983",1,2,2024-01-11
2024-01-11 21:00:00,"360,4885357003389","745,789978",1,2,2024-01-11
2024-01-11 22:00:00,"266,8060018472681","725,059998",1,2,2024-01-11
2024-01-11 23:00:00,"239,1129855555598","678,890015",1,2,2024-01-11
2024-01-12 00:00:00,"219,02180491865803","657,859985",1,2,2024-01-12
2024-01-12 01:00:00,"211,31147813781504","635,48999",1,2,2024-01-12
2024-01-12 02:00:00,"202,22036042241626","631,090027",1,2,2024-01-12
2024-01-12 03:00:00,"202,6440110094447","628,929993",1,2,2024-01-12
2024-01-12 04:00:00,"212,17696461763344","628,190002",1,2,2024-01-12
2024-01-12 05:00:00,"240,96649704012614","665,469971",1,2,2024-01-12
2024-01-12 06:00:00,"355,1704699159995","881,130005",1,2,2024-01-12
2024-01-12 07:00:00,"465,5934870021829","1049,51001",1,2,2024-01-12
2024-01-12 08:00:00,"498,9352034255973","1006,409973",1,2,2024-01-12
2024-01-12 09:00:00,"479,265894058942","909,840027",1,2,2024-01-12
2024-01-12 10:00:00,"478,3826986199554","855,549988",1,2,2024-01-12
2024-01-12 11:00:00,"461,75580575453625","797,76001",1,2,2024-01-12
2024-01-12 12:00:00,"437,8181380233054","768,679993",1,2,2024-01-12
2024-01-12 13:00:00,"443,1396809083162","779,559998",1,2,2024-01-12
2024-01-12 14:00:00,"492,33603646800856","820,280029",1,2,2024-01-12
2024-01-12 15:00:00,"507,6940411436321","894,849976",1,2,2024-01-12
2024-01-12 16:00:00,"477,50455019657437","950,780029",1,2,2024-01-12
2024-01-12 17:00:00,"475,0207410653102","939,590027",1,2,2024-01-12
2024-01-12 18:00:00,"492,190255335786","890,900024",1,2,2024-01-12
2024-01-12 19:00:00,"457,4802333936172","798,880005",1,2,2024-01-12
2024-01-12 20:00:00,"332,4858935048815","683,820007",1,2,2024-01-12
2024-01-12 21:00:00,"374,28868318654355","634,0",1,2,2024-01-12
2024-01-12 22:00:00,"302,488326952808","615,140015",1,2,2024-01-12
2024-01-12 23:00:00,"241,09365752945118","544,869995",1,2,2024-01-12
2024-01-13 00:00:00,"213,5576149165763","558,140015",1,2,2024-01-13
2024-01-13 01:00:00,"218,55270764974262","549,200012",1,2,2024-01-13
2024-01-13 02:00:00,"206,96251970688863","532,190002",1,2,2024-01-13
2024-01-13 03:00:00,"209,28926551379402","538,679993",1,2,2024-01-13
2024-01-13 04:00:00,"210,2730145011549","512,51001",1,2,2024-01-13
2024-01-13 05:00:00,"210,87148162578714","486,040009",1,2,2024-01-13
2024-01-13 06:00:00,"284,15383666839733","510,869995",1,2,2024-01-13
2024-01-13 07:00:00,"341,5244341683375","500,799988",1,2,2024-01-13
2024-01-13 08:00:00,"409,2463524901466","546,659973",1,2,2024-01-13
2024-01-13 09:00:00,"416,7244543572821","537,039978",1,2,2024-01-13
2024-01-13 10:00:00,"428,77545735436036","529,289978",1,2,2024-01-13
2024-01-13 11:00:00,"427,4231940956223","521,609985",1,2,2024-01-13
2024-01-13 12:00:00,"428,4169390041407","474,779999",1,2,2024-01-13
2024-01-13 13:00:00,"455,5812934232658","506,390015",1,2,2024-01-13
2024-01-13 14:00:00,"503,25172262526695","511,609985",1,2,2024-01-13
2024-01-13 15:00:00,"543,2193877234089","527,789978",1,2,2024-01-13
2024-01-13 16:00:00,"626,5347587745164","553,450012",1,2,2024-01-13
2024-01-13 17:00:00,"619,695607679708","565,299988",1,2,2024-01-13
2024-01-13 18:00:00,"571,3988900596805","550,460022",1,2,2024-01-13
2024-01-13 19:00:00,"516,3941642933831","544,799988",1,2,2024-01-13
2024-01-13 20:00:00,"460,2893401286125","528,909973",1,2,2024-01-13
2024-01-13 21:00:00,"419,0724576625062","479,470001",1,2,2024-01-13
2024-01-13 22:00:00,"334,82713387389833","470,970001",1,2,2024-01-13
2024-01-13 23:00:00,"341,0257530196682","477,420013",1,2,2024-01-13
2024-01-14 00:00:00,"266,88352190529054","463,179993",1,2,2024-01-14
2024-01-14 01:00:00,"233,6895023028451","469,290009",1,2,2024-01-14
2024-01-14 02:00:00,"212,78816046776888","477,350006",1,2,2024-01-14
2024-01-14 03:00:00,"198,4304710568263","482,269989",1,2,2024-01-14
2024-01-14 04:00:00,"194,18229911327376","486,220001",1,2,2024-01-14
2024-01-14 05:00:00,"200,08742174855442","501,950012",1,2,2024-01-14
2024-01-14 06:00:00,"212,8340446952829","534,390015",1,2,2024-01-14
2024-01-14 07:00:00,"231,11950923169766","572,280029",1,2,2024-01-14
2024-01-14 08:00:00,"265,16481095396364","605,090027",1,2,2024-01-14
2024-01-14 09:00:00,"269,8017966888769","601,289978",1,2,2024-01-14
2024-01-14 10:00:00,"269,8397035557887","610,309998",1,2,2024-01-14
2024-01-14 11:00:00,"269,9117238166464","599,5",1,2,2024-01-14
2024-01-14 12:00:00,"248,91979898553643","574,52002",1,2,2024-01-14
2024-01-14 13:00:00,"265,3794010648805","590,25",1,2,2024-01-14
2024-01-14 14:00:00,"275,74221934545403","613,890015",1,2,2024-01-14
2024-01-14 15:00:00,"305,1349943152082","645,960022",1,2,2024-01-14
2024-01-14 16:00:00,"367,4441204452639","685,030029",1,2,2024-01-14
2024-01-14 17:00:00,"365,23360223337403","705,76001",1,2,2024-01-14
2024-01-14 18:00:00,"281,52464591109","635,809998",1,2,2024-01-14
2024-01-14 19:00:00,"278,83247230761464","589,580017",1,2,2024-01-14
2024-01-14 20:00:00,"269,2401479940483","586,150024",1,2,2024-01-14
2024-01-14 21:00:00,"272,1961175120431","562,210022",1,2,2024-01-14
2024-01-14 22:00:00,"221,58745678402116","501,059998",1,2,2024-01-14
2024-01-14 23:00:00,"228,23332283375586","506,350006",1,2,2024-01-14
2024-01-15 00:00:00,"229,57893956062307","484,730011",1,3,2024-01-15
2024-01-15 01:00:00,"201,4077614925907","476,820007",1,3,2024-01-15
2024-01-15 02:00:00,"185,43844414003152","462,649994",1,3,2024-01-15
2024-01-15 03:00:00,"182,4351439779983","462,649994",1,3,2024-01-15
2024-01-15 04:00:00,"199,61225427258628","516,419983",1,3,2024-01-15
2024-01-15 05:00:00,"229,47311531261298","596,219971",1,3,2024-01-15
2024-01-15 06:00:00,"272,48736022530454","625,22998",1,3,2024-01-15
2024-01-15 07:00:00,"355,0992242527393","740,52002",1,3,2024-01-15
2024-01-15 08:00:00,"335,776280451795","747,900024",1,3,2024-01-15
2024-01-15 09:00:00,"288,3312264666761","707,549988",1,3,2024-01-15
2024-01-15 10:00:00,"278,6358771730255","673,099976",1,3,2024-01-15
2024-01-15 11:00:00,"270,51630822190623","625,369995",1,3,2024-01-15
2024-01-15 12:00:00,"267,429992980648","612,619995",1,3,2024-01-15
2024-01-15 13:00:00,"277,26058829908834","630,150024",1,3,2024-01-15
2024-01-15 14:00:00,"330,5877110550956","666,98999",1,3,2024-01-15
2024-01-15 15:00:00,"449,01701880297253","745,140015",1,3,2024-01-15
2024-01-15 16:00:00,"498,07489574131466","813,450012",1,3,2024-01-15
2024-01-15 17:00:00,"519,4275433213535","861,849976",1,3,2024-01-15
2024-01-15 18:00:00,"478,2118390982007","825,22998",1,3,2024-01-15
2024-01-15 19:00:00,"458,162717883197","769,22998",1,3,2024-01-15
2024-01-15 20:00:00,"412,99299548166294","693,159973",1,3,2024-01-15
2024-01-15 21:00:00,"406,5878451664648","667,359985",1,3,2024-01-15
2024-01-15 22:00:00,"351,960897945508","644,539978",1,3,2024-01-15
2024-01-15 23:00:00,"325,04764649542466","607,469971",1,3,2024-01-15
2024-01-16 00:00:00,"278,9659591503803","607,099976",1,3,2024-01-16
2024-01-16 01:00:00,"301,27033254924623","597,179993",1,3,2024-01-16
2024-01-16 02:00:00,"262,55257827084705","583,679993",1,3,2024-01-16
2024-01-16 03:00:00,"256,82195539844207","578,679993",1,3,2024-01-16
2024-01-16 04:00:00,"267,70442140703216","622,390015",1,3,2024-01-16
2024-01-16 05:00:00,"399,7043857495937","701,590027",1,3,2024-01-16
2024-01-16 06:00:00,"472,7558374703689","855,97998",1,3,2024-01-16
2024-01-16 07:00:00,"495,3046596063248","1119,849976",1,3,2024-01-16
2024-01-16 08:00:00,"471,73535890662777","1121,119995",1,3,2024-01-16
2024-01-16 09:00:00,"467,11400772616815","1039,670044",1,3,2024-01-16
2024-01-16 10:00:00,"466,56698484087303","871,940002",1,3,2024-01-16
2024-01-16 11:00:00,"465,967260949525","771,400024",1,3,2024-01-16
2024-01-16 12:00:00,"463,9641184846359","708,380005",1,3,2024-01-16
2024-01-16 13:00:00,"476,587517827505","715,98999",1,3,2024-01-16
2024-01-16 14:00:00,"521,909066945717","822,27002",1,3,2024-01-16
2024-01-16 15:00:00,"631,0137070372549","830,77002",1,3,2024-01-16
2024-01-16 16:00:00,"670,1246653707052","955,77002",1,3,2024-01-16
2024-01-16 17:00:00,"658,1549876431425","949,5",1,3,2024-01-16
2024-01-16 18:00:00,"611,3208782396883","833,599976",1,3,2024-01-16
2024-01-16 19:00:00,"558,5373696370899","712,179993",1,3,2024-01-16
2024-01-16 20:00:00,"496,3812228952929","642,969971",1,3,2024-01-16
2024-01-16 21:00:00,"467,85814514247164","611,869995",1,3,2024-01-16
2024-01-16 22:00:00,"410,6284060606941","579,429993",1,3,2024-01-16
2024-01-16 23:00:00,"345,1114941203176","506,070007",1,3,2024-01-16
2024-01-17 00:00:00,"356,03997475346927","502,269989",1,3,2024-01-17
2024-01-17 01:00:00,"358,56496896039056","495,779999",1,3,2024-01-17
2024-01-17 02:00:00,"344,72862892800003","489,220001",1,3,2024-01-17
2024-01-17 03:00:00,"346,86957333569364","487,429993",1,3,2024-01-17
2024-01-17 04:00:00,"371,6335939559129","487,209991",1,3,2024-01-17
2024-01-17 05:00:00,"435,2958555742879","499,209991",1,3,2024-01-17
2024-01-17 06:00:00,"568,4227487354265","591,23999",1,3,2024-01-17
2024-01-17 07:00:00,"689,5715372895442","715,929993",1,3,2024-01-17
2024-01-17 08:00:00,"666,7497739222184","767,159973",1,3,2024-01-17
2024-01-17 09:00:00,"623,1990436664765","797,289978",1,3,2024-01-17
2024-01-17 10:00:00,"592,9504283508053","802,890015",1,3,2024-01-17
2024-01-17 11:00:00,"565,3843422092767","877,840027",1,3,2024-01-17
2024-01-17 12:00:00,"574,4375459318387","907,590027",1,3,2024-01-17
2024-01-17 13:00:00,"615,2567221583308","907,890015",1,3,2024-01-17
2024-01-17 14:00:00,"666,8587498655443","935,630005",1,3,2024-01-17
2024-01-17 15:00:00,"702,6230634519377","958,75",1,3,2024-01-17
2024-01-17 16:00:00,"759,5302485082486","1047,939941",1,3,2024-01-17
2024-01-17 17:00:00,"735,4861613459765","921,690002",1,3,2024-01-17
2024-01-17 18:00:00,"681,9790623749194","852,26001",1,3,2024-01-17
2024-01-17 19:00:00,"614,1205595315911","818,849976",1,3,2024-01-17
2024-01-17 20:00:00,"505,0758678223138","753,890015",1,3,2024-01-17
2024-01-17 21:00:00,"461,1049580285333","703,099976",1,3,2024-01-17
2024-01-17 22:00:00,"380,81091705109213","627,710022",1,3,2024-01-17
2024-01-17 23:00:00,"380,2081097531709","606,580017",1,3,2024-01-17
2024-01-18 00:00:00,"337,05952747859","575,780029",1,3,2024-01-18
2024-01-18 01:00:00,"313,3254288253267","561,530029",1,3,2024-01-18
2024-01-18 02:00:00,"267,3639099358916","558,700012",1,3,2024-01-18
2024-01-18 03:00:00,"295,63376469976566","578,539978",1,3,2024-01-18
2024-01-18 04:00:00,"365,08504291214695","604,119995",1,3,2024-01-18
2024-01-18 05:00:00,"442,4918550624895","680,570007",1,3,2024-01-18
2024-01-18 06:00:00,"543,4303583976671","831,969971",1,3,2024-01-18
2024-01-18 07:00:00,"666,4311735035583","938,919983",1,3,2024-01-18
2024-01-18 08:00:00,"648,2519846950763","911,179993",1,3,2024-01-18
2024-01-18 09:00:00,"583,2654799401951","827,119995",1,3,2024-01-18
2024-01-18 10:00:00,"523,0546258928978","805,119995",1,3,2024-01-18
2024-01-18 11:00:00,"485,82775792564706","697,719971",1,3,2024-01-18
2024-01-18 12:00:00,"476,71096264542723","653,48999",1,3,2024-01-18
2024-01-18 13:00:00,"531,1515260047984","644,619995",1,3,2024-01-18
2024-01-18 14:00:00,"575,2812210805378","702,940002",1,3,2024-01-18
2024-01-18 15:00:00,"694,8018038617001","742,25",1,3,2024-01-18
2024-01-18 16:00:00,"820,337604483764","780,72998",1,3,2024-01-18
2024-01-18 17:00:00,"809,9988805374492","770,140015",1,3,2024-01-18
2024-01-18 18:00:00,"730,1518120903781","705,030029",1,3,2024-01-18
2024-01-18 19:00:00,"599,5748744128183","648,650024",1,3,2024-01-18
2024-01-18 20:00:00,"549,4431113328725","605,090027",1,3,2024-01-18
2024-01-18 21:00:00,"531,5933682042257","577,48999",1,3,2024-01-18
2024-01-18 22:00:00,"471,4183792354052","532,0",1,3,2024-01-18
2024-01-18 23:00:00,"461,62638331627795","510,089996",1,3,2024-01-18
2024-01-19 00:00:00,"437,3803279233262","487,269989",1,3,2024-01-19
2024-01-19 01:00:00,"426,7532332707904","477,649994",1,3,2024-01-19
2024-01-19 02:00:00,"422,3768967908326","468,029999",1,3,2024-01-19
2024-01-19 03:00:00,"422,7801280454128","472,209991",1,3,2024-01-19
2024-01-19 04:00:00,"420,3194329734356","491,079987",1,3,2024-01-19
2024-01-19 05:00:00,"449,52233736217266","564,830017",1,3,2024-01-19
2024-01-19 06:00:00,"518,0105901763657","639,330017",1,3,2024-01-19
2024-01-19 07:00:00,"579,6108293754937","776,030029",1,3,2024-01-19
2024-01-19 08:00:00,"572,1750865479212","767,0",1,3,2024-01-19
2024-01-19 09:00:00,"545,5988930012375","709,580017",1,3,2024-01-19
2024-01-19 10:00:00,"535,6685880189956","644,030029",1,3,2024-01-19
2024-01-19 11:00:00,"498,1724215351653","572,960022",1,3,2024-01-19
2024-01-19 12:00:00,"486,33113934012437","547,01001",1,3,2024-01-19
2024-01-19 13:00:00,"510,1877410901707","560,880005",1,3,2024-01-19
2024-01-19 14:00:00,"548,3779564384408","577,580017",1,3,2024-01-19
2024-01-19 15:00:00,"579,8116765659319","631,570007",1,3,2024-01-19
2024-01-19 16:00:00,"717,2639969369251","698,02002",1,3,2024-01-19
2024-01-19 17:00:00,"715,7874359103237","656,630005",1,3,2024-01-19
2024-01-19 18:00:00,"614,2346758023853","576,98999",1,3,2024-01-19
2024-01-19 19:00:00,"545,8583038806178","551,849976",1,3,2024-01-19
2024-01-19 20:00:00,"493,94202741111866","530,380005",1,3,2024-01-19
2024-01-19 21:00:00,"518,3170992186576","511,880005",1,3,2024-01-19
2024-01-19 22:00:00,"476,55919727696164","482,869995",1,3,2024-01-19
2024-01-19 23:00:00,"426,72566934709675","492,200012",1,3,2024-01-19
2024-01-20 00:00:00,"426,3643245064783","473,179993",1,3,2024-01-20
2024-01-20 01:00:00,"425,3251780922847","473,850006",1,3,2024-01-20
2024-01-20 02:00:00,"417,76088061009386","461,019989",1,3,2024-01-20
2024-01-20 03:00:00,"409,92757003193645","461,25",1,3,2024-01-20
2024-01-20 04:00:00,"399,6313126576718","460,5",1,3,2024-01-20
2024-01-20 05:00:00,"400,6793206723294","466,769989",1,3,2024-01-20
2024-01-20 06:00:00,"450,3798765477748","498,910004",1,3,2024-01-20
2024-01-20 07:00:00,"490,6812810247478","557,969971",1,3,2024-01-20
2024-01-20 08:00:00,"486,45342233231867","580,940002",1,3,2024-01-20
2024-01-20 09:00:00,"487,2050362400014","535,450012",1,3,2024-01-20
2024-01-20 10:00:00,"480,85097588197385","527,77002",1,3,2024-01-20
2024-01-20 11:00:00,"477,5719246590777","505,100006",1,3,2024-01-20
2024-01-20 12:00:00,"463,52003498520065","512,929993",1,3,2024-01-20
2024-01-20 13:00:00,"502,9096250512069","547,309998",1,3,2024-01-20
2024-01-20 14:00:00,"544,8178428260209","589,960022",1,3,2024-01-20
2024-01-20 15:00:00,"601,4381676888355","654,77002",1,3,2024-01-20
2024-01-20 16:00:00,"651,8241908322377","707,940002",1,3,2024-01-20
2024-01-20 17:00:00,"642,7336805348281","744,780029",1,3,2024-01-20
2024-01-20 18:00:00,"606,2317546534196","682,880005",1,3,2024-01-20
2024-01-20 19:00:00,"560,8424276121723","596,599976",1,3,2024-01-20
2024-01-20 20:00:00,"533,1159686244366","547,309998",1,3,2024-01-20
2024-01-20 21:00:00,"497,65311864597874","525,159973",1,3,2024-01-20
2024-01-20 22:00:00,"462,2380980058913","499,579987",1,3,2024-01-20
2024-01-20 23:00:00,"463,39380274368625","445,26001",1,3,2024-01-20
2024-01-21 00:00:00,"419,876717489905","429,230011",1,3,2024-01-21
2024-01-21 01:00:00,"391,2742425924738","411,329987",1,3,2024-01-21
2024-01-21 02:00:00,"378,53484617860613","379,549988",1,3,2024-01-21
2024-01-21 03:00:00,"377,5333837036604","361,799988",1,3,2024-01-21
2024-01-21 04:00:00,"379,0907790806401","353,899994",1,3,2024-01-21
2024-01-21 05:00:00,"381,14563564709283","339,579987",1,3,2024-01-21
2024-01-21 06:00:00,"387,99711702318393","327,869995",1,3,2024-01-21
2024-01-21 07:00:00,"429,5194589668547","383,059998",1,3,2024-01-21
2024-01-21 08:00:00,"441,5287390670858","405,429993",1,3,2024-01-21
2024-01-21 09:00:00,"457,2180947307325","343,529999",1,3,2024-01-21
2024-01-21 10:00:00,"462,7741907860918","363,0",1,3,2024-01-21
2024-01-21 11:00:00,"458,3175315878974","287,0",1,3,2024-01-21
2024-01-21 12:00:00,"469,44661997489294","281,100006",1,3,2024-01-21
2024-01-21 13:00:00,"454,5776422175544","330,399994",1,3,2024-01-21
2024-01-21 14:00:00,"467,42379039385014","365,76001",1,3,2024-01-21
2024-01-21 15:00:00,"500,04487345577627","371,649994",1,3,2024-01-21
2024-01-21 16:00:00,"536,1007775404537","422,51001",1,3,2024-01-21
2024-01-21 17:00:00,"552,4742181552429","458,309998",1,3,2024-01-21
2024-01-21 18:00:00,"504,5210075458686","437,359985",1,3,2024-01-21
2024-01-21 19:00:00,"476,5143741838373","384,100006",1,3,2024-01-21
2024-01-21 20:00:00,"444,1807288272775","391,26001",1,3,2024-01-21
2024-01-21 21:00:00,"440,0696089042626","375,829987",1,3,2024-01-21
2024-01-21 22:00:00,"413,1662413077969","294,309998",1,3,2024-01-21
2024-01-21 23:00:00,"413,49973340149717","273,420013",1,3,2024-01-21
2024-01-22 00:00:00,"377,5089156731377","165,869995",1,4,2024-01-22
2024-01-22 01:00:00,"373,18122113944906","138,869995",1,4,2024-01-22
2024-01-22 02:00:00,"362,8341188237331","37,59",1,4,2024-01-22
2024-01-22 03:00:00,"363,4843684889441","37,740002",1,4,2024-01-22
2024-01-22 04:00:00,"383,4554683685192","149,169998",1,4,2024-01-22
2024-01-22 05:00:00,"421,83093737256405","302,059998",1,4,2024-01-22
2024-01-22 06:00:00,"484,2703368089099","451,01001",1,4,2024-01-22
2024-01-22 07:00:00,"529,8277403479907","495,829987",1,4,2024-01-22
2024-01-22 08:00:00,"536,0027040566022","429,450012",1,4,2024-01-22
2024-01-22 09:00:00,"513,055056954487","459,059998",1,4,2024-01-22
2024-01-22 10:00:00,"480,51316348734224","451,970001",1,4,2024-01-22
2024-01-22 11:00:00,"462,85940393473953","424,529999",1,4,2024-01-22
2024-01-22 12:00:00,"450,7500629241198","423,040009",1,4,2024-01-22
2024-01-22 13:00:00,"470,6802777830863","434,299988",1,4,2024-01-22
2024-01-22 14:00:00,"501,55219150323404","445,48999",1,4,2024-01-22
2024-01-22 15:00:00,"629,9704551383408","447,429993",1,4,2024-01-22
2024-01-22 16:00:00,"702,7507717607826","461,299988",1,4,2024-01-22
2024-01-22 17:00:00,"727,9561108732605","455,179993",1,4,2024-01-22
2024-01-22 18:00:00,"691,0052341792142","447,720001",1,4,2024-01-22
2024-01-22 19:00:00,"654,1171331557462","444,519989",1,4,2024-01-22
2024-01-22 20:00:00,"588,9856388702127","425,119995",1,4,2024-01-22
2024-01-22 21:00:00,"575,3135905335074","416,850006",1,4,2024-01-22
2024-01-22 22:00:00,"527,956579019408","372,019989",1,4,2024-01-22
2024-01-22 23:00:00,"496,4139058193667","121,040001",1,4,2024-01-22
2024-01-23 00:00:00,"472,55224991056184","75,330002",1,4,2024-01-23
2024-01-23 01:00:00,"482,07406511867794","69,879997",1,4,2024-01-23
2024-01-23 02:00:00,"452,8476642984484","31,1",1,4,2024-01-23
2024-01-23 03:00:00,"438,1848615960472","76,220001",1,4,2024-01-23
2024-01-23 04:00:00,"463,3117192466505","292,579987",1,4,2024-01-23
2024-01-23 05:00:00,"584,9501604673301","439,940002",1,4,2024-01-23
2024-01-23 06:00:00,"723,5250866431445","454,410004",1,4,2024-01-23
2024-01-23 07:00:00,"903,1459038390643","461,649994",1,4,2024-01-23
2024-01-23 08:00:00,"806,6238192944701","455,76001",1,4,2024-01-23
2024-01-23 09:00:00,"792,8583035263032","447,25",1,4,2024-01-23
2024-01-23 10:00:00,"762,8748343997079","443,299988",1,4,2024-01-23
2024-01-23 11:00:00,"704,8961941617811","441,059998",1,4,2024-01-23
2024-01-23 12:00:00,"693,9131361610129","443,230011",1,4,2024-01-23
2024-01-23 13:00:00,"704,7717730438044","461,649994",1,4,2024-01-23
2024-01-23 14:00:00,"737,5239979527408","468,059998",1,4,2024-01-23
2024-01-23 15:00:00,"789,2495836536082","494,390015",1,4,2024-01-23
2024-01-23 16:00:00,"856,5283059573511","510,570007",1,4,2024-01-23
2024-01-23 17:00:00,"830,2921337421768","498,040009",1,4,2024-01-23
2024-01-23 18:00:00,"750,989404427779","472,390015",1,4,2024-01-23
2024-01-23 19:00:00,"668,7589687548079","450,910004",1,4,2024-01-23
2024-01-23 20:00:00,"605,5505793148383","400,790009",1,4,2024-01-23
2024-01-23 21:00:00,"550,5447219136278","338,290009",1,4,2024-01-23
2024-01-23 22:00:00,"459,30654514242536","248,050003",1,4,2024-01-23
2024-01-23 23:00:00,"443,8337715414868","22,74",1,4,2024-01-23
2024-01-24 00:00:00,"430,3012139896482","-0,22",1,4,2024-01-24
2024-01-24 01:00:00,"426,5242847321221","0,0",1,4,2024-01-24
2024-01-24 02:00:00,"421,22649374980807","-0,07",1,4,2024-01-24
2024-01-24 03:00:00,"420,47541087504965","-0,15",1,4,2024-01-24
2024-01-24 04:00:00,"439,6387609449385","-1,34",1,4,2024-01-24
2024-01-24 05:00:00,"463,0125798715655","110,07",1,4,2024-01-24
2024-01-24 06:00:00,"585,7578140451405","313,869995",1,4,2024-01-24
2024-01-24 07:00:00,"700,0392248809916","373,380005",1,4,2024-01-24
2024-01-24 08:00:00,"723,4775214300479","369,429993",1,4,2024-01-24
2024-01-24 09:00:00,"687,4958121288183","373,600006",1,4,2024-01-24
2024-01-24 10:00:00,"668,3829578496293","378,670013",1,4,2024-01-24
2024-01-24 11:00:00,"662,2842829570199","293,209991",1,4,2024-01-24
2024-01-24 12:00:00,"665,1886260455485","271,73999",1,4,2024-01-24
2024-01-24 13:00:00,"711,2360569236387","335,869995",1,4,2024-01-24
2024-01-24 14:00:00,"748,4657646439091","372,480011",1,4,2024-01-24
2024-01-24 15:00:00,"821,1645095565033","378,820007",1,4,2024-01-24
2024-01-24 16:00:00,"872,9903700102259","404,25",1,4,2024-01-24
2024-01-24 17:00:00,"806,4724659433524","397,609985",1,4,2024-01-24
2024-01-24 18:00:00,"805,7397553230109","373,529999",1,4,2024-01-24
2024-01-24 19:00:00,"746,9388573209161","314,540009",1,4,2024-01-24
2024-01-24 20:00:00,"669,4494702844062","298,579987",1,4,2024-01-24
2024-01-24 21:00:00,"632,6110743574304","313,269989",1,4,2024-01-24
2024-01-24 22:00:00,"573,2763621528843","287,320007",1,4,2024-01-24
2024-01-24 23:00:00,"555,7115540331407","330,630005",1,4,2024-01-24
2024-01-25 00:00:00,"518,1233633732135","335,98999",1,4,2024-01-25
2024-01-25 01:00:00,"491,65243030773814","323,170013",1,4,2024-01-25
2024-01-25 02:00:00,"448,5576359509654","334,950012",1,4,2024-01-25
2024-01-25 03:00:00,"458,4579999437687","344,640015",1,4,2024-01-25
2024-01-25 04:00:00,"457,5617351985648","390,579987",1,4,2024-01-25
2024-01-25 05:00:00,"585,866440746203","432,709991",1,4,2024-01-25
2024-01-25 06:00:00,"742,0111868700268","492,51001",1,4,2024-01-25
2024-01-25 07:00:00,"861,5044664430574","663,789978",1,4,2024-01-25
2024-01-25 08:00:00,"836,1511775883803","635,679993",1,4,2024-01-25
2024-01-25 09:00:00,"764,4577101647722","606,599976",1,4,2024-01-25
2024-01-25 10:00:00,"734,7816976255793","568,340027",1,4,2024-01-25
2024-01-25 11:00:00,"679,9710788021075","545,450012",1,4,2024-01-25
2024-01-25 12:00:00,"671,2665266848468","566,630005",1,4,2024-01-25
2024-01-25 13:00:00,"694,7284154174552","633,659973",1,4,2024-01-25
2024-01-25 14:00:00,"748,7636466382859","686,530029",1,4,2024-01-25
2024-01-25 15:00:00,"854,6403768603948","755,950012",1,4,2024-01-25
2024-01-25 16:00:00,"955,5029763831118","920,0",1,4,2024-01-25
2024-01-25 17:00:00,"953,2842232178435","861,539978",1,4,2024-01-25
2024-01-25 18:00:00,"872,086861403321","736,640015",1,4,2024-01-25
2024-01-25 19:00:00,"752,0323698615258","679,070007",1,4,2024-01-25
2024-01-25 20:00:00,"718,8586919947953","643,580017",1,4,2024-01-25
2024-01-25 21:00:00,"682,1895957710417","599,73999",1,4,2024-01-25
2024-01-25 22:00:00,"649,3375683757121","560,440002",1,4,2024-01-25
2024-01-25 23:00:00,"612,9069192290664","468,200012",1,4,2024-01-25
2024-01-26 00:00:00,"580,6269024439684","461,940002",1,4,2024-01-26
2024-01-26 01:00:00,"565,5896195098796","436,070007",1,4,2024-01-26
2024-01-26 02:00:00,"551,855037775393","408,480011",1,4,2024-01-26
2024-01-26 03:00:00,"554,1686810684863","355,029999",1,4,2024-01-26
2024-01-26 04:00:00,"564,7144384966753","377,619995",1,4,2024-01-26
2024-01-26 05:00:00,"627,3012867800816","419,519989",1,4,2024-01-26
2024-01-26 06:00:00,"716,0878293678308","469,470001",1,4,2024-01-26
2024-01-26 07:00:00,"862,2685272049918","484,149994",1,4,2024-01-26
2024-01-26 08:00:00,"806,0808869754082","475,660004",1,4,2024-01-26
2024-01-26 09:00:00,"783,2449029396222","456,420013",1,4,2024-01-26
2024-01-26 10:00:00,"753,4488880787602","437,929993",1,4,2024-01-26
2024-01-26 11:00:00,"709,6282799214978","389,769989",1,4,2024-01-26
2024-01-26 12:00:00,"695,0574150027866","346,450012",1,4,2024-01-26
2024-01-26 13:00:00,"701,7265440019396","367,399994",1,4,2024-01-26
2024-01-26 14:00:00,"724,4969203900562","373,589996",1,4,2024-01-26
2024-01-26 15:00:00,"747,0120821943757","393,200012",1,4,2024-01-26
2024-01-26 16:00:00,"806,1440093439045","427,720001",1,4,2024-01-26
2024-01-26 17:00:00,"813,3636092693401","412,140015",1,4,2024-01-26
2024-01-26 18:00:00,"791,0853783597842","406,540009",1,4,2024-01-26
2024-01-26 19:00:00,"710,6739707916895","404,980011",1,4,2024-01-26
2024-01-26 20:00:00,"650,0827787242363","405,200012",1,4,2024-01-26
2024-01-26 21:00:00,"631,7948459186639","405,5",1,4,2024-01-26
2024-01-26 22:00:00,"588,0357492218744","400,429993",1,4,2024-01-26
2024-01-26 23:00:00,"571,6300723261647","405,869995",1,4,2024-01-26
2024-01-27 00:00:00,"556,7312757330201","410,26001",1,4,2024-01-27
2024-01-27 01:00:00,"549,0320346737627","419,059998",1,4,2024-01-27
2024-01-27 02:00:00,"538,2160091501364","410,410004",1,4,2024-01-27
2024-01-27 03:00:00,"525,2573062057816","415,559998",1,4,2024-01-27
2024-01-27 04:00:00,"520,0519352075299","423,679993",1,4,2024-01-27
2024-01-27 05:00:00,"528,1441282335069","426,73999",1,4,2024-01-27
2024-01-27 06:00:00,"556,2869444296241","431,359985",1,4,2024-01-27
2024-01-27 07:00:00,"587,24108610082","433,380005",1,4,2024-01-27
2024-01-27 08:00:00,"606,4656018583872","436,130005",1,4,2024-01-27
2024-01-27 09:00:00,"604,4775789850672","433,899994",1,4,2024-01-27
2024-01-27 10:00:00,"606,4719501767944","422,040009",1,4,2024-01-27
2024-01-27 11:00:00,"590,2185210194729","416,299988",1,4,2024-01-27
2024-01-27 12:00:00,"563,9585265095637","401,690002",1,4,2024-01-27
2024-01-27 13:00:00,"579,6608477276187","440,910004",1,4,2024-01-27
2024-01-27 14:00:00,"601,8618637695571","432,029999",1,4,2024-01-27
2024-01-27 15:00:00,"647,0343052417202","439,339996",1,4,2024-01-27
2024-01-27 16:00:00,"676,5034215110646","460,359985",1,4,2024-01-27
2024-01-27 17:00:00,"679,7906802840005","457,079987",1,4,2024-01-27
2024-01-27 18:00:00,"657,1486071413534","443,070007",1,4,2024-01-27
2024-01-27 19:00:00,"611,5392258119111","433,970001",1,4,2024-01-27
2024-01-27 20:00:00,"578,1936757519888","431,290009",1,4,2024-01-27
2024-01-27 21:00:00,"559,5741579745734","430,390015",1,4,2024-01-27
2024-01-27 22:00:00,"524,6171975943836","429,5",1,4,2024-01-27
2024-01-27 23:00:00,"532,4036886457817","497,75",1,4,2024-01-27
2024-01-28 00:00:00,"494,97272756967214","438,339996",1,4,2024-01-28
2024-01-28 01:00:00,"477,566678630385","434,309998",1,4,2024-01-28
2024-01-28 02:00:00,"467,09263720720065","430,290009",1,4,2024-01-28
2024-01-28 03:00:00,"454,120369008429","431,399994",1,4,2024-01-28
2024-01-28 04:00:00,"454,02809299582475","429,609985",1,4,2024-01-28
2024-01-28 05:00:00,"466,16204733600597","430,290009",1,4,2024-01-28
2024-01-28 06:00:00,"472,4556750399505","439,679993",1,4,2024-01-28
2024-01-28 07:00:00,"508,65210772319875","441,320007",1,4,2024-01-28
2024-01-28 08:00:00,"534,1292881956175","410,609985",1,4,2024-01-28
2024-01-28 09:00:00,"532,1718946035352","381,380005",1,4,2024-01-28
2024-01-28 10:00:00,"539,0414919926693","341,049988",1,4,2024-01-28
2024-01-28 11:00:00,"518,255529167776","309,970001",1,4,2024-01-28
2024-01-28 12:00:00,"496,5725060678706","298,859985",1,4,2024-01-28
2024-01-28 13:00:00,"505,30517315581204","377,579987",1,4,2024-01-28
2024-01-28 14:00:00,"532,5965301999078","420,519989",1,4,2024-01-28
2024-01-28 15:00:00,"566,512652729981","431,850006",1,4,2024-01-28
2024-01-28 16:00:00,"617,4063300740581","431,329987",1,4,2024-01-28
2024-01-28 17:00:00,"644,1805009671868","427,380005",1,4,2024-01-28
2024-01-28 18:00:00,"617,4516577467117","422,01001",1,4,2024-01-28
2024-01-28 19:00:00,"571,8577309530491","405,089996",1,4,2024-01-28
2024-01-28 20:00:00,"546,6195617198938","400,98999",1,4,2024-01-28
2024-01-28 21:00:00,"527,4169210781386","400,390015",1,4,2024-01-28
2024-01-28 22:00:00,"467,0234340767549","392,790009",1,4,2024-01-28
2024-01-28 23:00:00,"467,31067242953236","363,339996",1,4,2024-01-28
2024-04-01 00:00:00,"416,55363162437857","343,549988",2,1,2024-04-01
2024-04-01 01:00:00,"421,8138490889687","325,049988",2,1,2024-04-01
2024-04-01 02:00:00,"422,8172256211703","368,459991",2,1,2024-04-01
2024-04-01 03:00:00,"445,0809075104297","390,459991",2,1,2024-04-01
2024-04-01 04:00:00,"496,4098450032263","437,899994",2,1,2024-04-01
2024-04-01 05:00:00,"583,9547573790081","481,01001",2,1,2024-04-01
2024-04-01 06:00:00,"687,3408645609179","437,899994",2,1,2024-04-01
2024-04-01 07:00:00,"691,80933383388","454,160004",2,1,2024-04-01
2024-04-01 08:00:00,"592,5426277492599","405,450012",2,1,2024-04-01
2024-04-01 09:00:00,"522,743158939061","334,0",2,1,2024-04-01
2024-04-01 10:00:00,"479,5571105976437","363,609985",2,1,2024-04-01
2024-04-01 11:00:00,"467,18444619901925","262,470001",2,1,2024-04-01
2024-04-01 12:00:00,"482,86726673695915","253,740005",2,1,2024-04-01
2024-04-01 13:00:00,"485,72358546285705","325,799988",2,1,2024-04-01
2024-04-01 14:00:00,"532,915073171651","331,170013",2,1,2024-04-01
2024-04-01 15:00:00,"585,0489863489144","304,089996",2,1,2024-04-01
2024-04-01 16:00:00,"698,0611073515066","364,429993",2,1,2024-04-01
2024-04-01 17:00:00,"955,6912509602266","373,529999",2,1,2024-04-01
2024-04-01 18:00:00,"953,8125717666748","381,290009",2,1,2024-04-01
2024-04-01 19:00:00,"734,5075411024886","365,399994",2,1,2024-04-01
2024-04-01 20:00:00,"594,3597107353994","305,809998",2,1,2024-04-01
2024-04-01 21:00:00,"573,7971483674","221,0",2,1,2024-04-01
2024-04-01 22:00:00,"528,5070608875963","323,410004",2,1,2024-04-01
2024-04-01 23:00:00,"538,4926125939585","270,970001",2,1,2024-04-01
2024-04-02 00:00:00,"516,4935892740732","122,769997",2,1,2024-04-02
2024-04-02 01:00:00,"508,6332169933164","56,240002",2,1,2024-04-02
2024-04-02 02:00:00,"500,41239008797567","14,47",2,1,2024-04-02
2024-04-02 03:00:00,"500,1984360183129","54,220001",2,1,2024-04-02
2024-04-02 04:00:00,"524,5949494534146","426,790009",2,1,2024-04-02
2024-04-02 05:00:00,"598,6491056644647","554,630005",2,1,2024-04-02
2024-04-02 06:00:00,"685,2075990831681","514,130005",2,1,2024-04-02
2024-04-02 07:00:00,"660,7859425522079","350,410004",2,1,2024-04-02
2024-04-02 08:00:00,"559,2982160827627","285,589996",2,1,2024-04-02
2024-04-02 09:00:00,"498,63213984767555","293,130005",2,1,2024-04-02
2024-04-02 10:00:00,"447,86045717608715","298,869995",2,1,2024-04-02
2024-04-02 11:00:00,"394,2639369764874","325,420013",2,1,2024-04-02
2024-04-02 12:00:00,"412,2754340563365","248,970001",2,1,2024-04-02
2024-04-02 13:00:00,"437,4436221475876","187,210007",2,1,2024-04-02
2024-04-02 14:00:00,"515,8178906312769","65,860001",2,1,2024-04-02
2024-04-02 15:00:00,"585,8350513700343","309,23999",2,1,2024-04-02
2024-04-02 16:00:00,"683,7048314812754","542,25",2,1,2024-04-02
2024-04-02 17:00:00,"860,9778363443558","711,48999",2,1,2024-04-02
2024-04-02 18:00:00,"876,9050710571858","707,679993",2,1,2024-04-02
2024-04-02 19:00:00,"713,6350839507235","582,75",2,1,2024-04-02
2024-04-02 20:00:00,"613,542856810318","558,359985",2,1,2024-04-02
2024-04-02 21:00:00,"575,0924348427778","528,669983",2,1,2024-04-02
2024-04-02 22:00:00,"523,1254397606281","552,840027",2,1,2024-04-02
2024-04-02 23:00:00,"487,2241373797256","535,090027",2,1,2024-04-02
2024-04-03 00:00:00,"471,16925752101264","522,419983",2,1,2024-04-03
2024-04-03 01:00:00,"474,27877369644233","482,220001",2,1,2024-04-03
2024-04-03 02:00:00,"478,64057443513406","483,929993",2,1,2024-04-03
2024-04-03 03:00:00,"487,5331029022103","512,570007",2,1,2024-04-03
2024-04-03 04:00:00,"531,3112938833982","707,820007",2,1,2024-04-03
2024-04-03 05:00:00,"643,7311747824976","879,48999",2,1,2024-04-03
2024-04-03 06:00:00,"694,8969773715488","879,48999",2,1,2024-04-03
2024-04-03 07:00:00,"662,4426882735744","753,080017",2,1,2024-04-03
2024-04-03 08:00:00,"523,5190698843588","800,590027",2,1,2024-04-03
2024-04-03 09:00:00,"485,59470517614983","677,23999",2,1,2024-04-03
2024-04-03 10:00:00,"462,7519727820928","611,76001",2,1,2024-04-03
2024-04-03 11:00:00,"454,19116658788323","573,349976",2,1,2024-04-03
2024-04-03 12:00:00,"464,12562279223397","544,710022",2,1,2024-04-03
2024-04-03 13:00:00,"475,976791434433","438,290009",2,1,2024-04-03
2024-04-03 14:00:00,"509,0176399824919","454,700012",2,1,2024-04-03
2024-04-03 15:00:00,"561,4807568415677","524,359985",2,1,2024-04-03
2024-04-03 16:00:00,"637,5287925818227","633,909973",2,1,2024-04-03
2024-04-03 17:00:00,"867,3486026745594","794,919983",2,1,2024-04-03
2024-04-03 18:00:00,"844,6212164646264","739,359985",2,1,2024-04-03
2024-04-03 19:00:00,"745,4766801870976","557,169983",2,1,2024-04-03
2024-04-03 20:00:00,"636,7658012202826","458,579987",2,1,2024-04-03
2024-04-03 21:00:00,"555,5171174798347","412,640015",2,1,2024-04-03
2024-04-03 22:00:00,"527,0849281532668","406,619995",2,1,2024-04-03
2024-04-03 23:00:00,"526,9782712545845","387,899994",2,1,2024-04-03
2024-04-04 00:00:00,"491,437612969369","374,179993",2,1,2024-04-04
2024-04-04 01:00:00,"471,79250766916834","384,619995",2,1,2024-04-04
2024-04-04 02:00:00,"468,46273797351216","387,380005",2,1,2024-04-04
2024-04-04 03:00:00,"476,04878394370616","403,339996",2,1,2024-04-04
2024-04-04 04:00:00,"488,8437259520825","454,200012",2,1,2024-04-04
2024-04-04 05:00:00,"537,7713778262158","488,290009",2,1,2024-04-04
2024-04-04 06:00:00,"573,9641191246513","561,830017",2,1,2024-04-04
2024-04-04 07:00:00,"569,9115644942245","535,419983",2,1,2024-04-04
2024-04-04 08:00:00,"506,9354435003113","515,880005",2,1,2024-04-04
2024-04-04 09:00:00,"431,97185808494186","470,309998",2,1,2024-04-04
2024-04-04 10:00:00,"389,8952427204263","433,170013",2,1,2024-04-04
2024-04-04 11:00:00,"318,2836989675212","419,299988",2,1,2024-04-04
2024-04-04 12:00:00,"276,22976481269046","413,850006",2,1,2024-04-04
2024-04-04 13:00:00,"304,59618463474806","418,929993",2,1,2024-04-04
2024-04-04 14:00:00,"338,17725960664046","425,709991",2,1,2024-04-04
2024-04-04 15:00:00,"430,55543803131894","515,210022",2,1,2024-04-04
2024-04-04 16:00:00,"565,3655733038177","562,049988",2,1,2024-04-04
2024-04-04 17:00:00,"663,771951725674","674,820007",2,1,2024-04-04
2024-04-04 18:00:00,"623,8349949286087","520,580017",2,1,2024-04-04
2024-04-04 19:00:00,"557,4563730926928","460,390015",2,1,2024-04-04
2024-04-04 20:00:00,"473,90989641785336","439,440002",2,1,2024-04-04
2024-04-04 21:00:00,"412,7563174116101","430,109985",2,1,2024-04-04
2024-04-04 22:00:00,"360,13966741469284","394,190002",2,1,2024-04-04
2024-04-04 23:00:00,"309,4170525023536","381,890015",2,1,2024-04-04
2024-04-05 00:00:00,"293,1613747818222","372,559998",2,1,2024-04-05
2024-04-05 01:00:00,"264,072079126693","357,350006",2,1,2024-04-05
2024-04-05 02:00:00,"259,7770155124122","353,320007",2,1,2024-04-05
2024-04-05 03:00:00,"266,0424050538146","352,720001",2,1,2024-04-05
2024-04-05 04:00:00,"277,71082317267906","448,720001",2,1,2024-04-05
2024-04-05 05:00:00,"323,37055465946565","572,75",2,1,2024-04-05
2024-04-05 06:00:00,"389,57863426466224","596,700012",2,1,2024-04-05
2024-04-05 07:00:00,"383,55773650963397","504,130005",2,1,2024-04-05
2024-04-05 08:00:00,"309,8761750218542","376,660004",2,1,2024-04-05
2024-04-05 09:00:00,"293,28342905728516","339,670013",2,1,2024-04-05
2024-04-05 10:00:00,"270,531695305518","331,390015",2,1,2024-04-05
2024-04-05 11:00:00,"256,6600139983802","298,570007",2,1,2024-04-05
2024-04-05 12:00:00,"245,9444326097432","276,48999",2,1,2024-04-05
2024-04-05 13:00:00,"277,3296620803006","176,699997",2,1,2024-04-05
2024-04-05 14:00:00,"327,1412162523485","60,34",2,1,2024-04-05
2024-04-05 15:00:00,"401,8268536093546","279,399994",2,1,2024-04-05
2024-04-05 16:00:00,"449,4279417398545","370,320007",2,1,2024-04-05
2024-04-05 17:00:00,"484,8018668530427","398,299988",2,1,2024-04-05
2024-04-05 18:00:00,"468,68772561920866","402,170013",2,1,2024-04-05
2024-04-05 19:00:00,"464,2612137504543","398,299988",2,1,2024-04-05
2024-04-05 20:00:00,"476,8328173444084","393,299988",2,1,2024-04-05
2024-04-05 21:00:00,"480,2549171313307","370,100006",2,1,2024-04-05
2024-04-05 22:00:00,"477,4779271969838","315,579987",2,1,2024-04-05
2024-04-05 23:00:00,"466,8716570991177","326,549988",2,1,2024-04-05
2024-04-06 00:00:00,"424,2936452814072","328,190002",2,1,2024-04-06
2024-04-06 01:00:00,"404,4876895279843","334,679993",2,1,2024-04-06
2024-04-06 02:00:00,"393,3133228770342","354,369995",2,1,2024-04-06
2024-04-06 03:00:00,"388,83279272209876","359,890015",2,1,2024-04-06
2024-04-06 04:00:00,"403,09688850657693","372,5",2,1,2024-04-06
2024-04-06 05:00:00,"404,3709571849523","382,339996",2,1,2024-04-06
2024-04-06 06:00:00,"378,25478008074805","374,660004",2,1,2024-04-06
2024-04-06 07:00:00,"331,76178494327314","359,890015",2,1,2024-04-06
2024-04-06 08:00:00,"261,16078841115393","219,440002",2,1,2024-04-06
2024-04-06 09:00:00,"210,4731703907943","34,310001",2,1,2024-04-06
2024-04-06 10:00:00,"175,1427127085132","123,07",2,1,2024-04-06
2024-04-06 11:00:00,"143,4820296042691","14,92",2,1,2024-04-06
2024-04-06 12:00:00,"71,2685797815187","0,3",2,1,2024-04-06
2024-04-06 13:00:00,"56,92301095151528","0,45",2,1,2024-04-06
2024-04-06 14:00:00,"184,18757672792447","0,75",2,1,2024-04-06
2024-04-06 15:00:00,"249,18601024156936","117,919998",2,1,2024-04-06
2024-04-06 16:00:00,"413,16264004678544","393,079987",2,1,2024-04-06
2024-04-06 17:00:00,"463,76261615169153","380,100006",2,1,2024-04-06
2024-04-06 18:00:00,"465,9910095091204","349,670013",2,1,2024-04-06
2024-04-06 19:00:00,"487,03127736724076","326,029999",2,1,2024-04-06
2024-04-06 20:00:00,"466,60786797970144","295,73999",2,1,2024-04-06
2024-04-06 21:00:00,"450,01796444881586","188,410004",2,1,2024-04-06
2024-04-06 22:00:00,"395,4251465418776","81,82",2,1,2024-04-06
2024-04-06 23:00:00,"400,75906215189974","0,67",2,1,2024-04-06
2024-04-07 00:00:00,"343,1182353212835","0,0",2,1,2024-04-07
2024-04-07 01:00:00,"323,44789058012447","0,0",2,1,2024-04-07
2024-04-07 02:00:00,"333,62484327939626","0,0",2,1,2024-04-07
2024-04-07 03:00:00,"336,84609125329297","0,0",2,1,2024-04-07
2024-04-07 04:00:00,"366,4981316781625","0,0",2,1,2024-04-07
2024-04-07 05:00:00,"363,3458338124342","0,0",2,1,2024-04-07
2024-04-07 06:00:00,"318,42112045776776","0,0",2,1,2024-04-07
2024-04-07 07:00:00,"262,122840233887","-0,07",2,1,2024-04-07
2024-04-07 08:00:00,"239,11177118401383","-1,19",2,1,2024-04-07
2024-04-07 09:00:00,"199,9182060121462","-22,450001",2,1,2024-04-07
2024-04-07 10:00:00,"177,46496292342565","-30,58",2,1,2024-04-07
2024-04-07 11:00:00,"144,00925726517207","-48,849998",2,1,2024-04-07
2024-04-07 12:00:00,"143,94776778064744","-74,589996",2,1,2024-04-07
2024-04-07 13:00:00,"174,90290357581543","-37,59",2,1,2024-04-07
2024-04-07 14:00:00,"255,45779354416055","-1,19",2,1,2024-04-07
2024-04-07 15:00:00,"386,51452728006797","31,92",2,1,2024-04-07
2024-04-07 16:00:00,"504,04740660011817","288,799988",2,1,2024-04-07
2024-04-07 17:00:00,"589,4764249271383","343,98999",2,1,2024-04-07
2024-04-07 18:00:00,"571,3357237380729","356,450012",2,1,2024-04-07
2024-04-07 19:00:00,"521,0337614759627","359,579987",2,1,2024-04-07
2024-04-07 20:00:00,"494,38293907709783","340,779999",2,1,2024-04-07
2024-04-07 21:00:00,"469,95702206005797","318,859985",2,1,2024-04-07
2024-04-07 22:00:00,"441,0606291032583","308,339996",2,1,2024-04-07
2024-04-07 23:00:00,"427,8355944972017","295,140015",2,1,2024-04-07
2024-04-08 00:00:00,"391,8339862398277","292,079987",2,2,2024-04-08
2024-04-08 01:00:00,"400,55927570230284","312,290009",2,2,2024-04-08
2024-04-08 02:00:00,"413,30051468870494","328,480011",2,2,2024-04-08
2024-04-08 03:00:00,"440,1535095064878","334,589996",2,2,2024-04-08
2024-04-08 04:00:00,"487,55067345946463","376,730011",2,2,2024-04-08
2024-04-08 05:00:00,"577,0814947833633","396,5",2,2,2024-04-08
2024-04-08 06:00:00,"658,8425583255785","432,600006",2,2,2024-04-08
2024-04-08 07:00:00,"606,8695602982856","603,25",2,2,2024-04-08
2024-04-08 08:00:00,"522,3586912545865","402,910004",2,2,2024-04-08
2024-04-08 09:00:00,"443,89422513290793","399,480011",2,2,2024-04-08
2024-04-08 10:00:00,"356,876353492403","397,100006",2,2,2024-04-08
2024-04-08 11:00:00,"326,77347390229187","421,859985",2,2,2024-04-08
2024-04-08 12:00:00,"328,44676935612756","431,779999",2,2,2024-04-08
2024-04-08 13:00:00,"331,6181105316499","395,679993",2,2,2024-04-08
2024-04-08 14:00:00,"365,0476320166992","522,099976",2,2,2024-04-08
2024-04-08 15:00:00,"416,14133872932047","559,469971",2,2,2024-04-08
2024-04-08 16:00:00,"597,319075896659","782,409973",2,2,2024-04-08
2024-04-08 17:00:00,"889,6071944858948","1024,069946",2,2,2024-04-08
2024-04-08 18:00:00,"809,1839962107568","930,830017",2,2,2024-04-08
2024-04-08 19:00:00,"652,6522154199154","632,859985",2,2,2024-04-08
2024-04-08 20:00:00,"469,17740422804206","574,309998",2,2,2024-04-08
2024-04-08 21:00:00,"406,3610984293899","523,52002",2,2,2024-04-08
2024-04-08 22:00:00,"394,02380266968277","583,330017",2,2,2024-04-08
2024-04-08 23:00:00,"384,3294097829761","517,549988",2,2,2024-04-08
2024-04-09 00:00:00,"347,08584577039966","482,790009",2,2,2024-04-09
2024-04-09 01:00:00,"337,2679518303317","440,200012",2,2,2024-04-09
2024-04-09 02:00:00,"335,1895412846941","453,779999",2,2,2024-04-09
2024-04-09 03:00:00,"362,98250542937865","488,390015",2,2,2024-04-09
2024-04-09 04:00:00,"479,2782753494706","575,799988",2,2,2024-04-09
2024-04-09 05:00:00,"563,9532632437764","670,900024",2,2,2024-04-09
2024-04-09 06:00:00,"624,172576387305","595,039978",2,2,2024-04-09
2024-04-09 07:00:00,"532,7580247673999","509,420013",2,2,2024-04-09
2024-04-09 08:00:00,"351,97653607862816","384,559998",2,2,2024-04-09
2024-04-09 09:00:00,"312,77340334057095","328,029999",2,2,2024-04-09
2024-04-09 10:00:00,"255,77722905565395","268,880005",2,2,2024-04-09
2024-04-09 11:00:00,"201,31727197550856","75,260002",2,2,2024-04-09
2024-04-09 12:00:00,"225,7430059691637","78,309998",2,2,2024-04-09
2024-04-09 13:00:00,"252,1791762996407","216,600006",2,2,2024-04-09
2024-04-09 14:00:00,"323,10957574676485","285,440002",2,2,2024-04-09
2024-04-09 15:00:00,"446,9157917398453","372,179993",2,2,2024-04-09
2024-04-09 16:00:00,"587,9919597923346","390,899994",2,2,2024-04-09
2024-04-09 17:00:00,"667,3500514811951","375,089996",2,2,2024-04-09
2024-04-09 18:00:00,"672,1039832348994","378,970001",2,2,2024-04-09
2024-04-09 19:00:00,"599,0053437234677","359,649994",2,2,2024-04-09
2024-04-09 20:00:00,"532,133201122126","335,640015",2,2,2024-04-09
2024-04-09 21:00:00,"530,2857025610246","257,619995",2,2,2024-04-09
2024-04-09 22:00:00,"520,7650638107665","96,220001",2,2,2024-04-09
2024-04-09 23:00:00,"496,46228756856414","38,040001",2,2,2024-04-09
2024-04-10 00:00:00,"467,08721868789723","37,290001",2,2,2024-04-10
2024-04-10 01:00:00,"472,453438217044","67,050003",2,2,2024-04-10
2024-04-10 02:00:00,"474,1397596811819","184,229996",2,2,2024-04-10
2024-04-10 03:00:00,"463,17244015039745","261,059998",2,2,2024-04-10
2024-04-10 04:00:00,"537,8462946541656","261,130005",2,2,2024-04-10
2024-04-10 05:00:00,"627,0235063774333","302,299988",2,2,2024-04-10
2024-04-10 06:00:00,"691,5163145721808","311,700012",2,2,2024-04-10
2024-04-10 07:00:00,"652,854072606481","309,390015",2,2,2024-04-10
2024-04-10 08:00:00,"580,9515125750818","309,390015",2,2,2024-04-10
2024-04-10 09:00:00,"527,3873481106565","239,130005",2,2,2024-04-10
2024-04-10 10:00:00,"485,77515789652324","143,279999",2,2,2024-04-10
2024-04-10 11:00:00,"461,6439496518847","66,610001",2,2,2024-04-10
2024-04-10 12:00:00,"460,95771005646907","0,45",2,2,2024-04-10
2024-04-10 13:00:00,"470,70999725203654","2,09",2,2,2024-04-10
2024-04-10 14:00:00,"463,6235979873611","39,529999",2,2,2024-04-10
2024-04-10 15:00:00,"564,9213555628621","122,169998",2,2,2024-04-10
2024-04-10 16:00:00,"640,7399579698618","616,469971",2,2,2024-04-10
2024-04-10 17:00:00,"893,7318687013674","1084,949951",2,2,2024-04-10
2024-04-10 18:00:00,"849,3309512621822","1052,430054",2,2,2024-04-10
2024-04-10 19:00:00,"752,7907463318118","722,380005",2,2,2024-04-10
2024-04-10 20:00:00,"658,2873746614168","392,029999",2,2,2024-04-10
2024-04-10 21:00:00,"574,1052373210188","352,200012",2,2,2024-04-10
2024-04-10 22:00:00,"503,8531824508014","303,440002",2,2,2024-04-10
2024-04-10 23:00:00,"489,26707307765264","198,940002",2,2,2024-04-10
2024-04-11 00:00:00,"463,8161825542822","165,589996",2,2,2024-04-11
2024-04-11 01:00:00,"459,9551159116237","74,519997",2,2,2024-04-11
2024-04-11 02:00:00,"459,4523805228571","59,52",2,2,2024-04-11
2024-04-11 03:00:00,"460,92807681803794","149,179993",2,2,2024-04-11
2024-04-11 04:00:00,"457,08444114334986","192,070007",2,2,2024-04-11
2024-04-11 05:00:00,"541,7050971571921","297,399994",2,2,2024-04-11
2024-04-11 06:00:00,"563,7447730651112","309,929993",2,2,2024-04-11
2024-04-11 07:00:00,"566,6054359797616","223,770004",2,2,2024-04-11
2024-04-11 08:00:00,"517,8123863792865","74,959999",2,2,2024-04-11
2024-04-11 09:00:00,"448,3518918204233","6,41",2,2,2024-04-11
2024-04-11 10:00:00,"394,11786852903396","6,79",2,2,2024-04-11
2024-04-11 11:00:00,"330,8247825508846","8,21",2,2,2024-04-11
2024-04-11 12:00:00,"302,6833746467764","4,25",2,2,2024-04-11
2024-04-11 13:00:00,"321,4825141509619","96,07",2,2,2024-04-11
2024-04-11 14:00:00,"331,65867962116806","64,75",2,2,2024-04-11
2024-04-11 15:00:00,"438,832049654287","347,070007",2,2,2024-04-11
2024-04-11 16:00:00,"550,1318781617199","711,75",2,2,2024-04-11
2024-04-11 17:00:00,"665,6094455147255","1002,210022",2,2,2024-04-11
2024-04-11 18:00:00,"656,2253170470703","893,609985",2,2,2024-04-11
2024-04-11 19:00:00,"560,1088354330014","679,159973",2,2,2024-04-11
2024-04-11 20:00:00,"495,2704596166854","541,159973",2,2,2024-04-11
2024-04-11 21:00:00,"424,0107498432586","451,059998",2,2,2024-04-11
2024-04-11 22:00:00,"387,0957047578405","339,720001",2,2,2024-04-11
2024-04-11 23:00:00,"321,4165971440204","325,029999",2,2,2024-04-11
2024-04-12 00:00:00,"300,1922117901876","331,73999",2,2,2024-04-12
2024-04-12 01:00:00,"286,7723967187664","304,51001",2,2,2024-04-12
2024-04-12 02:00:00,"280,826431297256","298,399994",2,2,2024-04-12
2024-04-12 03:00:00,"278,069219699169","298,399994",2,2,2024-04-12
2024-04-12 04:00:00,"307,7006334793895","308,019989",2,2,2024-04-12
2024-04-12 05:00:00,"352,724206659158","362,619995",2,2,2024-04-12
2024-04-12 06:00:00,"396,27864304277745","516,75",2,2,2024-04-12
2024-04-12 07:00:00,"376,3371297519789","489,290009",2,2,2024-04-12
2024-04-12 08:00:00,"303,9711168651076","319,730011",2,2,2024-04-12
2024-04-12 09:00:00,"242,5908348334805","140,690002",2,2,2024-04-12
2024-04-12 10:00:00,"205,04942702949117","0,0",2,2,2024-04-12
2024-04-12 11:00:00,"167,98979704953183","-0,52",2,2,2024-04-12
2024-04-12 12:00:00,"162,4937283017108","0,07",2,2,2024-04-12
2024-04-12 13:00:00,"169,7161353110941","1,34",2,2,2024-04-12
2024-04-12 14:00:00,"231,15512225033487","1,64",2,2,2024-04-12
2024-04-12 15:00:00,"369,4992706682298","375,600006",2,2,2024-04-12
2024-04-12 16:00:00,"428,65381698354867","445,279999",2,2,2024-04-12
2024-04-12 17:00:00,"485,99507180234707","370,160004",2,2,2024-04-12
2024-04-12 18:00:00,"465,3937047541582","369,48999",2,2,2024-04-12
2024-04-12 19:00:00,"468,1973208393301","351,429993",2,2,2024-04-12
2024-04-12 20:00:00,"496,1880776392427","342,329987",2,2,2024-04-12
2024-04-12 21:00:00,"499,5277847292927","329,200012",2,2,2024-04-12
2024-04-12 22:00:00,"467,18074026847245","246,039993",2,2,2024-04-12
2024-04-12 23:00:00,"468,3396248834271","193,369995",2,2,2024-04-12
2024-04-13 00:00:00,"437,35136955084033","144,429993",2,2,2024-04-13
2024-04-13 01:00:00,"419,6183219025864","130,779999",2,2,2024-04-13
2024-04-13 02:00:00,"417,49190779415903","130,259995",2,2,2024-04-13
2024-04-13 03:00:00,"419,8689217790643","173,899994",2,2,2024-04-13
2024-04-13 04:00:00,"440,91054355389963","207,619995",2,2,2024-04-13
2024-04-13 05:00:00,"430,5060339666628","251,630005",2,2,2024-04-13
2024-04-13 06:00:00,"391,9988963707509","168,600006",2,2,2024-04-13
2024-04-13 07:00:00,"328,535213932456","65,650002",2,2,2024-04-13
2024-04-13 08:00:00,"218,04483417468538","-0,15",2,2,2024-04-13
2024-04-13 09:00:00,"133,14954129220524","-30,139999",2,2,2024-04-13
2024-04-13 10:00:00,"45,499201447614375","-59,830002",2,2,2024-04-13
2024-04-13 11:00:00,"-33,95557430107357","-150,699997",2,2,2024-04-13
2024-04-13 12:00:00,"-103,32889362990282","-218,729996",2,2,2024-04-13
2024-04-13 13:00:00,"-42,3559803173488","-235,740005",2,2,2024-04-13
2024-04-13 14:00:00,"85,97374546694599","-142,710007",2,2,2024-04-13
2024-04-13 15:00:00,"177,02130518099517","-1,19",2,2,2024-04-13
2024-04-13 16:00:00,"415,54968443960934","248,949997",2,2,2024-04-13
2024-04-13 17:00:00,"487,1980966248009","373,76001",2,2,2024-04-13
2024-04-13 18:00:00,"504,32474438011036","298,630005",2,2,2024-04-13
2024-04-13 19:00:00,"421,2459009994281","258,5",2,2,2024-04-13
2024-04-13 20:00:00,"388,65959894691457","153,679993",2,2,2024-04-13
2024-04-13 21:00:00,"302,95833440890226","52,59",2,2,2024-04-13
2024-04-13 22:00:00,"247,0873779196431","3,21",2,2,2024-04-13
2024-04-13 23:00:00,"228,8658928344001","6,19",2,2,2024-04-13
2024-04-14 00:00:00,"197,89517345604847","6,94",2,2,2024-04-14
2024-04-14 01:00:00,"188,78407511992455","8,43",2,2,2024-04-14
2024-04-14 02:00:00,"193,34708090169167","17,459999",2,2,2024-04-14
2024-04-14 03:00:00,"198,5967013993463","44,389999",2,2,2024-04-14
2024-04-14 04:00:00,"215,12757506973236","95,949997",2,2,2024-04-14
2024-04-14 05:00:00,"206,9467479057078","96,989998",2,2,2024-04-14
2024-04-14 06:00:00,"171,8641603556163","55,279999",2,2,2024-04-14
2024-04-14 07:00:00,"136,42770905766153","0,0",2,2,2024-04-14
2024-04-14 08:00:00,"116,4581948101639","-17,68",2,2,2024-04-14
2024-04-14 09:00:00,"75,51516770584315","-90,800003",2,2,2024-04-14
2024-04-14 10:00:00,"35,62418384016781","-315,070007",2,2,2024-04-14
2024-04-14 11:00:00,"10,412643858858468","-448,019989",2,2,2024-04-14
2024-04-14 12:00:00,"-2,26993512522762","-447,720001",2,2,2024-04-14
2024-04-14 13:00:00,"30,975380861346345","-298,809998",2,2,2024-04-14
2024-04-14 14:00:00,"121,05920182303458","-46,630001",2,2,2024-04-14
2024-04-14 15:00:00,"209,54203934211722","11,71",2,2,2024-04-14
2024-04-14 16:00:00,"356,91107375821537","407,51001",2,2,2024-04-14
2024-04-14 17:00:00,"455,22202825934636","655,059998",2,2,2024-04-14
2024-04-14 18:00:00,"455,7635986032385","894,619995",2,2,2024-04-14
2024-04-14 19:00:00,"478,85874096716816","840,159973",2,2,2024-04-14
2024-04-14 20:00:00,"494,94136830422167","724,890015",2,2,2024-04-14
2024-04-14 21:00:00,"467,93249255126744","594,549988",2,2,2024-04-14
2024-04-14 22:00:00,"451,19735435900895","410,640015",2,2,2024-04-14
2024-04-14 23:00:00,"448,5973280206253","437,730011",2,2,2024-04-14
2024-04-15 00:00:00,"435,99789733739783","526,359985",2,3,2024-04-15
2024-04-15 01:00:00,"436,4341604226485","491,220001",2,3,2024-04-15
2024-04-15 02:00:00,"457,82481465202073","561,280029",2,3,2024-04-15
2024-04-15 03:00:00,"471,68586403570504","647,150024",2,3,2024-04-15
2024-04-15 04:00:00,"566,2167812842754","863,440002",2,3,2024-04-15
2024-04-15 05:00:00,"676,6715622973486","1261,98999",2,3,2024-04-15
2024-04-15 06:00:00,"724,1780937888743","1143,290039",2,3,2024-04-15
2024-04-15 07:00:00,"590,386388875458","683,109985",2,3,2024-04-15
2024-04-15 08:00:00,"518,2339807589112","568,809998",2,3,2024-04-15
2024-04-15 09:00:00,"437,0422096558753","425,269989",2,3,2024-04-15
2024-04-15 10:00:00,"354,7254355775071","329,390015",2,3,2024-04-15
2024-04-15 11:00:00,"309,48651152440357","236,809998",2,3,2024-04-15
2024-04-15 12:00:00,"316,95464685316057","96,690002",2,3,2024-04-15
2024-04-15 13:00:00,"329,7968854426412","58,189999",2,3,2024-04-15
2024-04-15 14:00:00,"372,34370857448533","59,610001",2,3,2024-04-15
2024-04-15 15:00:00,"410,0997829832465","345,440002",2,3,2024-04-15
2024-04-15 16:00:00,"595,6068640635618","516,289978",2,3,2024-04-15
2024-04-15 17:00:00,"853,4653118613596","588,809998",2,3,2024-04-15
2024-04-15 18:00:00,"799,0963888173832","574,630005",2,3,2024-04-15
2024-04-15 19:00:00,"595,8981055004036","494,730011",2,3,2024-04-15
2024-04-15 20:00:00,"455,71664968646616","401,170013",2,3,2024-04-15
2024-04-15 21:00:00,"387,6332526733736","254,940002",2,3,2024-04-15
2024-04-15 22:00:00,"409,86520843769574","15,07",2,3,2024-04-15
2024-04-15 23:00:00,"379,5288841699465","0,3",2,3,2024-04-15
2024-04-16 00:00:00,"341,5011423038071","1,04",2,3,2024-04-16
2024-04-16 01:00:00,"324,3622377615887","5,45",2,3,2024-04-16
2024-04-16 02:00:00,"323,8300239606827","130,330002",2,3,2024-04-16
2024-04-16 03:00:00,"365,4124989597199","270,209991",2,3,2024-04-16
2024-04-16 04:00:00,"504,07776181588497","384,880005",2,3,2024-04-16
2024-04-16 05:00:00,"589,6662758791884","554,0",2,3,2024-04-16
2024-04-16 06:00:00,"559,6935801744971","554,0",2,3,2024-04-16
2024-04-16 07:00:00,"459,77300993371136","483,5",2,3,2024-04-16
2024-04-16 08:00:00,"290,31038729100493","380,700012",2,3,2024-04-16
2024-04-16 09:00:00,"243,2263688989185","318,109985",2,3,2024-04-16
2024-04-16 10:00:00,"200,17014007958434","298,410004",2,3,2024-04-16
2024-04-16 11:00:00,"112,5601478510517","300,049988",2,3,2024-04-16
2024-04-16 12:00:00,"245,87569829811906","313,929993",2,3,2024-04-16
2024-04-16 13:00:00,"174,41595657465308","362,049988",2,3,2024-04-16
2024-04-16 14:00:00,"252,93704212306443","385,470001",2,3,2024-04-16
2024-04-16 15:00:00,"403,70029250893685","594,359985",2,3,2024-04-16
2024-04-16 16:00:00,"503,78112636610103","693,210022",2,3,2024-04-16
2024-04-16 17:00:00,"598,7214553157396","850,400024",2,3,2024-04-16
2024-04-16 18:00:00,"644,2915476694905","928,960022",2,3,2024-04-16
2024-04-16 19:00:00,"555,5615015375184","779,309998",2,3,2024-04-16
2024-04-16 20:00:00,"520,4216473345439","672,169983",2,3,2024-04-16
2024-04-16 21:00:00,"442,01876235985617","627,409973",2,3,2024-04-16
2024-04-16 22:00:00,"400,08085851338456","625,48999",2,3,2024-04-16
2024-04-16 23:00:00,"346,3518010708842","625,48999",2,3,2024-04-16
2024-04-17 00:00:00,"327,43718409398605","606,919983",2,3,2024-04-17
2024-04-17 01:00:00,"342,64503072942654","614,75",2,3,2024-04-17
2024-04-17 02:00:00,"359,6129478305832","618,929993",2,3,2024-04-17
2024-04-17 03:00:00,"425,3475862881839","624,669983",2,3,2024-04-17
2024-04-17 04:00:00,"529,958597056773","816,109985",2,3,2024-04-17
2024-04-17 05:00:00,"681,4554474999815","1268,069946",2,3,2024-04-17
2024-04-17 06:00:00,"756,5446550734246","1157,650024",2,3,2024-04-17
2024-04-17 07:00:00,"596,8308711570135","780,52002",2,3,2024-04-17
2024-04-17 08:00:00,"589,1926621383386","625,940002",2,3,2024-04-17
2024-04-17 09:00:00,"498,9217800918998","596,099976",2,3,2024-04-17
2024-04-17 10:00:00,"464,3939827795783","619,080017",2,3,2024-04-17
2024-04-17 11:00:00,"398,974873039191","602,960022",2,3,2024-04-17
2024-04-17 12:00:00,"366,9311483590751","579,76001",2,3,2024-04-17
2024-04-17 13:00:00,"382,25722393837106","574,690002",2,3,2024-04-17
2024-04-17 14:00:00,"425,2993608980886","596,840027",2,3,2024-04-17
2024-04-17 15:00:00,"551,0345895779708","648,320007",2,3,2024-04-17
2024-04-17 16:00:00,"695,7268987349415","857,73999",2,3,2024-04-17
2024-04-17 17:00:00,"919,7831072040346","1193,089966",2,3,2024-04-17
2024-04-17 18:00:00,"1014,6079963779167","1267,550049",2,3,2024-04-17
2024-04-17 19:00:00,"738,7483951094227","970,320007",2,3,2024-04-17
2024-04-17 20:00:00,"608,3397103029791","738,890015",2,3,2024-04-17
2024-04-17 21:00:00,"547,3901646141974","655,109985",2,3,2024-04-17
2024-04-17 22:00:00,"492,8546651505148","685,150024",2,3,2024-04-17
2024-04-17 23:00:00,"472,6912323372357","652,23999",2,3,2024-04-17
2024-04-18 00:00:00,"450,7212877032625","660,52002",2,3,2024-04-18
2024-04-18 01:00:00,"430,4420925066549","654,780029",2,3,2024-04-18
2024-04-18 02:00:00,"422,9814731819385","668,580017",2,3,2024-04-18
2024-04-18 03:00:00,"422,29328849653695","697,380005",2,3,2024-04-18
2024-04-18 04:00:00,"491,3423648717772","909,349976",2,3,2024-04-18
2024-04-18 05:00:00,"540,5028302244989","1162,430054",2,3,2024-04-18
2024-04-18 06:00:00,"521,2717377943668","978,809998",2,3,2024-04-18
2024-04-18 07:00:00,"450,7258629200436","754,460022",2,3,2024-04-18
2024-04-18 08:00:00,"355,3937020576607","673,059998",2,3,2024-04-18
2024-04-18 09:00:00,"279,2420582779684","625,76001",2,3,2024-04-18
2024-04-18 10:00:00,"244,26178569736243","601,659973",2,3,2024-04-18
2024-04-18 11:00:00,"180,10403194961114","575,98999",2,3,2024-04-18
2024-04-18 12:00:00,"186,02191373103744","544,72998",2,3,2024-04-18
2024-04-18 13:00:00,"227,68054815576755","527,48999",2,3,2024-04-18
2024-04-18 14:00:00,"322,3594056174142","528,840027",2,3,2024-04-18
2024-04-18 15:00:00,"432,18255230866777","606,799988",2,3,2024-04-18
2024-04-18 16:00:00,"505,5629789702436","701,559998",2,3,2024-04-18
2024-04-18 17:00:00,"633,5886864845515","934,419983",2,3,2024-04-18
2024-04-18 18:00:00,"671,3620988142176","961,200012",2,3,2024-04-18
2024-04-18 19:00:00,"576,2260962620295","790,27002",2,3,2024-04-18
2024-04-18 20:00:00,"506,2497196505241","670,669983",2,3,2024-04-18
2024-04-18 21:00:00,"419,06948432007465","592,179993",2,3,2024-04-18
2024-04-18 22:00:00,"393,13616685248934","576,090027",2,3,2024-04-18
2024-04-18 23:00:00,"359,7232567106577","453,869995",2,3,2024-04-18
2024-04-19 00:00:00,"365,951331553831","377,019989",2,3,2024-04-19
2024-04-19 01:00:00,"354,82921961603296","369,109985",2,3,2024-04-19
2024-04-19 02:00:00,"330,6899556347691","357,920013",2,3,2024-04-19
2024-04-19 03:00:00,"340,20011293673423","366,200012",2,3,2024-04-19
2024-04-19 04:00:00,"362,63703012809503","448,570007",2,3,2024-04-19
2024-04-19 05:00:00,"395,9575489579194","515,130005",2,3,2024-04-19
2024-04-19 06:00:00,"450,36336052292967","567,059998",2,3,2024-04-19
2024-04-19 07:00:00,"384,2908698900728","509,609985",2,3,2024-04-19
2024-04-19 08:00:00,"265,3584536860058","449,170013",2,3,2024-04-19
2024-04-19 09:00:00,"171,8123182094216","418,429993",2,3,2024-04-19
2024-04-19 10:00:00,"102,03265217458991","379,859985",2,3,2024-04-19
2024-04-19 11:00:00,"53,9131389433456","350,679993",2,3,2024-04-19
2024-04-19 12:00:00,"34,873071249786605","335,309998",2,3,2024-04-19
2024-04-19 13:00:00,"45,12732164341746","332,480011",2,3,2024-04-19
2024-04-19 14:00:00,"242,50775222078988","379,859985",2,3,2024-04-19
2024-04-19 15:00:00,"330,2247041636232","424,920013",2,3,2024-04-19
2024-04-19 16:00:00,"425,60448867805957","473,720001",2,3,2024-04-19
2024-04-19 17:00:00,"533,7697479146087","475,660004",2,3,2024-04-19
2024-04-19 18:00:00,"638,869939708618","482,670013",2,3,2024-04-19
2024-04-19 19:00:00,"559,5074037746857","493,940002",2,3,2024-04-19
2024-04-19 20:00:00,"524,6111461639229","477,149994",2,3,2024-04-19
2024-04-19 21:00:00,"480,0948923572912","471,179993",2,3,2024-04-19
2024-04-19 22:00:00,"424,7317537044618","449,529999",2,3,2024-04-19
2024-04-19 23:00:00,"396,87989066784536","432,589996",2,3,2024-04-19
2024-04-20 00:00:00,"331,9406501723316","427,809998",2,3,2024-04-20
2024-04-20 01:00:00,"320,150990559926","430,950012",2,3,2024-04-20
2024-04-20 02:00:00,"326,8849554501829","455,5",2,3,2024-04-20
2024-04-20 03:00:00,"347,4008745564523","468,850006",2,3,2024-04-20
2024-04-20 04:00:00,"362,45878801339154","476,98999",2,3,2024-04-20
2024-04-20 05:00:00,"371,26320045890674","507,279999",2,3,2024-04-20
2024-04-20 06:00:00,"329,9086833152884","485,350006",2,3,2024-04-20
2024-04-20 07:00:00,"258,9424959197036","446,98999",2,3,2024-04-20
2024-04-20 08:00:00,"198,13048448192396","373,48999",2,3,2024-04-20
2024-04-20 09:00:00,"119,8656633109512","286,769989",2,3,2024-04-20
2024-04-20 10:00:00,"52,15327620323632","216,179993",2,3,2024-04-20
2024-04-20 11:00:00,"-116,00838408946836","92,010002",2,3,2024-04-20
2024-04-20 12:00:00,"-167,33603904474097","78,730003",2,3,2024-04-20
2024-04-20 13:00:00,"-201,36822066511638","136,779999",2,3,2024-04-20
2024-04-20 14:00:00,"11,423261780353371","279,160004",2,3,2024-04-20
2024-04-20 15:00:00,"302,413666522344","468,850006",2,3,2024-04-20
2024-04-20 16:00:00,"367,1727655184286","588,77002",2,3,2024-04-20
2024-04-20 17:00:00,"468,1848760349254","668,690002",2,3,2024-04-20
2024-04-20 18:00:00,"510,24583740939585","724,140015",2,3,2024-04-20
2024-04-20 19:00:00,"393,39359729141427","673,919983",2,3,2024-04-20
2024-04-20 20:00:00,"353,17824821399046","642,280029",2,3,2024-04-20
2024-04-20 21:00:00,"243,92635296472372","618,619995",2,3,2024-04-20
2024-04-20 22:00:00,"165,3925248280831","610,679993",2,3,2024-04-20
2024-04-20 23:00:00,"182,89149293403204","526,669983",2,3,2024-04-20
2024-04-21 00:00:00,"170,3056799377179","518,76001",2,3,2024-04-21
2024-04-21 01:00:00,"177,82550956452457","480,48999",2,3,2024-04-21
2024-04-21 02:00:00,"169,3075787904176","476,609985",2,3,2024-04-21
2024-04-21 03:00:00,"182,54415578034113","474,670013",2,3,2024-04-21
2024-04-21 04:00:00,"205,01647651612606","480,709991",2,3,2024-04-21
2024-04-21 05:00:00,"193,06264524054012","451,609985",2,3,2024-04-21
2024-04-21 06:00:00,"177,17329917572687","454,220001",2,3,2024-04-21
2024-04-21 07:00:00,"149,35672170321365","413,190002",2,3,2024-04-21
2024-04-21 08:00:00,"215,01652034550835","246,139999",2,3,2024-04-21
2024-04-21 09:00:00,"56,28652452360524","275,76001",2,3,2024-04-21
2024-04-21 10:00:00,"3,415513011666205","45,209999",2,3,2024-04-21
2024-04-21 11:00:00,"-130,4895844039656","2,09",2,3,2024-04-21
2024-04-21 12:00:00,"-199,36372943291175","-6,71",2,3,2024-04-21
2024-04-21 13:00:00,"-53,80029813873391","5,6",2,3,2024-04-21
2024-04-21 14:00:00,"415,30677785844875","44,84",2,3,2024-04-21
2024-04-21 15:00:00,"188,0123306838345","434,380005",2,3,2024-04-21
2024-04-21 16:00:00,"382,29482337450247","556,590027",2,3,2024-04-21
2024-04-21 17:00:00,"438,7780947145482","666,710022",2,3,2024-04-21
2024-04-21 18:00:00,"537,1138562524035","710,72998",2,3,2024-04-21
2024-04-21 19:00:00,"629,3339193213275","679,469971",2,3,2024-04-21
2024-04-21 20:00:00,"602,5383866063794","667,080017",2,3,2024-04-21
2024-04-21 21:00:00,"522,7022066478474","660,0",2,3,2024-04-21
2024-04-21 22:00:00,"492,6934454579458","589,190002",2,3,2024-04-21
2024-04-21 23:00:00,"481,06204610936703","582,330017",2,3,2024-04-21
2024-04-22 00:00:00,"466,68091617799126","585,23999",2,4,2024-04-22
2024-04-22 01:00:00,"465,98780408904423","596,280029",2,4,2024-04-22
2024-04-22 02:00:00,"475,64146142208085","595,309998",2,4,2024-04-22
2024-04-22 03:00:00,"510,392854547936","652,830017",2,4,2024-04-22
2024-04-22 04:00:00,"615,0085725630166","790,109985",2,4,2024-04-22
2024-04-22 05:00:00,"872,3412772296406","975,820007",2,4,2024-04-22
2024-04-22 06:00:00,"838,6122513079596","876,359985",2,4,2024-04-22
2024-04-22 07:00:00,"599,966075783516","724,090027",2,4,2024-04-22
2024-04-22 08:00:00,"523,5109949819424","610,75",2,4,2024-04-22
2024-04-22 09:00:00,"410,84333290631776","606,130005",2,4,2024-04-22
2024-04-22 10:00:00,"300,4558049891784","574,869995",2,4,2024-04-22
2024-04-22 11:00:00,"225,49984187560156","549,650024",2,4,2024-04-22
2024-04-22 12:00:00,"177,9233712789329","553,080017",2,4,2024-04-22
2024-04-22 13:00:00,"184,71682987096432","559,650024",2,4,2024-04-22
2024-04-22 14:00:00,"206,76807329753214","536,440002",2,4,2024-04-22
2024-04-22 15:00:00,"330,42946089660325","722,150024",2,4,2024-04-22
2024-04-22 16:00:00,"508,0554405702482","881,880005",2,4,2024-04-22
2024-04-22 17:00:00,"593,0364873948249","1223,969971",2,4,2024-04-22
2024-04-22 18:00:00,"592,4329675017719","1275,52002",2,4,2024-04-22
2024-04-22 19:00:00,"481,0677007818742","970,299988",2,4,2024-04-22
2024-04-22 20:00:00,"387,0613931121194","789,140015",2,4,2024-04-22
2024-04-22 21:00:00,"282,35896899863764","723,640015",2,4,2024-04-22
2024-04-22 22:00:00,"231,37759183746408","658,969971",2,4,2024-04-22
2024-04-22 23:00:00,"181,01015541747563","646,809998",2,4,2024-04-22
2024-04-23 00:00:00,"159,05624908281885","641,289978",2,4,2024-04-23
2024-04-23 01:00:00,"152,87262443866817","637,340027",2,4,2024-04-23
2024-04-23 02:00:00,"193,49511033209743","644,280029",2,4,2024-04-23
2024-04-23 03:00:00,"276,7649098852565","728,890015",2,4,2024-04-23
2024-04-23 04:00:00,"473,75923283387067","905,789978",2,4,2024-04-23
2024-04-23 05:00:00,"565,7492833654621","1352,420044",2,4,2024-04-23
2024-04-23 06:00:00,"550,1125562468185","1016,820007",2,4,2024-04-23
2024-04-23 07:00:00,"445,056699683531","734,030029",2,4,2024-04-23
2024-04-23 08:00:00,"285,4397100478157","618,309998",2,4,2024-04-23
2024-04-23 09:00:00,"219,78378784382812","576,450012",2,4,2024-04-23
2024-04-23 10:00:00,"196,39852586038668","577,950012",2,4,2024-04-23
2024-04-23 11:00:00,"145,53571797433148","592,27002",2,4,2024-04-23
2024-04-23 12:00:00,"152,5624362154222","586,599976",2,4,2024-04-23
2024-04-23 13:00:00,"202,59834076899287","597,049988",2,4,2024-04-23
2024-04-23 14:00:00,"260,8051363034882","619,429993",2,4,2024-04-23
2024-04-23 15:00:00,"413,91047436118043","671,289978",2,4,2024-04-23
2024-04-23 16:00:00,"548,5667025424648","764,030029",2,4,2024-04-23
2024-04-23 17:00:00,"693,6535377378892","917,799988",2,4,2024-04-23
2024-04-23 18:00:00,"737,8059231673772","933,169983",2,4,2024-04-23
2024-04-23 19:00:00,"615,0730905928095","784,169983",2,4,2024-04-23
2024-04-23 20:00:00,"557,3992343808025","691,880005",2,4,2024-04-23
2024-04-23 21:00:00,"463,5838610538174","608,460022",2,4,2024-04-23
2024-04-23 22:00:00,"447,40232849738203","600,929993",2,4,2024-04-23
2024-04-23 23:00:00,"389,3512523457951","569,150024",2,4,2024-04-23
2024-04-24 00:00:00,"323,2770977665392","566,090027",2,4,2024-04-24
2024-04-24 01:00:00,"311,5520377623016","545,130005",2,4,2024-04-24
2024-04-24 02:00:00,"362,9089229590424","567,289978",2,4,2024-04-24
2024-04-24 03:00:00,"416,9139583347195","610,47998",2,4,2024-04-24
2024-04-24 04:00:00,"541,1663628881797","758,419983",2,4,2024-04-24
2024-04-24 05:00:00,"737,2223065229026","956,200012",2,4,2024-04-24
2024-04-24 06:00:00,"736,4202735370893","798,780029",2,4,2024-04-24
2024-04-24 07:00:00,"702,079532886216","684,940002",2,4,2024-04-24
2024-04-24 08:00:00,"638,9133033752341","676,960022",2,4,2024-04-24
2024-04-24 09:00:00,"554,3386671893585","659,130005",2,4,2024-04-24
2024-04-24 10:00:00,"540,1662931383677","616,22998",2,4,2024-04-24
2024-04-24 11:00:00,"463,1888473158829","597,5",2,4,2024-04-24
2024-04-24 12:00:00,"450,5242375263385","570,940002",2,4,2024-04-24
2024-04-24 13:00:00,"489,4327773833863","602,130005",2,4,2024-04-24
2024-04-24 14:00:00,"524,7177120842706","605,190002",2,4,2024-04-24
2024-04-24 15:00:00,"607,9656311374744","646,070007",2,4,2024-04-24
2024-04-24 16:00:00,"690,5692000623577","757,530029",2,4,2024-04-24
2024-04-24 17:00:00,"865,7373342510089","1008,640015",2,4,2024-04-24
2024-04-24 18:00:00,"1056,0340793942933","1070,119995",2,4,2024-04-24
2024-04-24 19:00:00,"818,9528001152884","903,900024",2,4,2024-04-24
2024-04-24 20:00:00,"652,44454588762","785,650024",2,4,2024-04-24
2024-04-24 21:00:00,"562,3019019912205","673,0",2,4,2024-04-24
2024-04-24 22:00:00,"534,4292333695754","622,700012",2,4,2024-04-24
2024-04-24 23:00:00,"501,68842549089084","596,599976",2,4,2024-04-24
2024-04-25 00:00:00,"483,3690756229341","576,97998",2,4,2024-04-25
2024-04-25 01:00:00,"479,4261183795457","567,140015",2,4,2024-04-25
2024-04-25 02:00:00,"481,08162970786844","561,099976",2,4,2024-04-25
2024-04-25 03:00:00,"494,94043455727495","626,580017",2,4,2024-04-25
2024-04-25 04:00:00,"588,5792490321312","763,940002",2,4,2024-04-25
2024-04-25 05:00:00,"684,3546321132343","962,390015",2,4,2024-04-25
2024-04-25 06:00:00,"644,7872546246202","840,530029",2,4,2024-04-25
2024-04-25 07:00:00,"498,8373383116348","686,830017",2,4,2024-04-25
2024-04-25 08:00:00,"421,6719666053097","596,669983",2,4,2024-04-25
2024-04-25 09:00:00,"363,56812166387135","583,169983",2,4,2024-04-25
2024-04-25 10:00:00,"345,4588260528313","551,26001",2,4,2024-04-25
2024-04-25 11:00:00,"333,88693528230596","512,099976",2,4,2024-04-25
2024-04-25 12:00:00,"323,75401230737776","495,25",2,4,2024-04-25
2024-04-25 13:00:00,"363,41619459489505","516,950012",2,4,2024-04-25
2024-04-25 14:00:00,"384,87430492956577","542,97998",2,4,2024-04-25
2024-04-25 15:00:00,"492,0331804875179","595,700012",2,4,2024-04-25
2024-04-25 16:00:00,"582,6631224532264","709,72998",2,4,2024-04-25
2024-04-25 17:00:00,"680,6866273027193","1052,170044",2,4,2024-04-25
2024-04-25 18:00:00,"724,8733888108202","1135,699951",2,4,2024-04-25
2024-04-25 19:00:00,"685,3662380095795","847,98999",2,4,2024-04-25
2024-04-25 20:00:00,"599,4795020617416","681,23999",2,4,2024-04-25
2024-04-25 21:00:00,"535,1688575920645","594,659973",2,4,2024-04-25
2024-04-25 22:00:00,"523,9008275643272","595,719971",2,4,2024-04-25
2024-04-25 23:00:00,"471,20003646622416","551,929993",2,4,2024-04-25
2024-04-26 00:00:00,"432,0880350950869","553,429993",2,4,2024-04-26
2024-04-26 01:00:00,"420,24879457694374","552,460022",2,4,2024-04-26
2024-04-26 02:00:00,"398,9040641829622","575,049988",2,4,2024-04-26
2024-04-26 03:00:00,"386,8470571792658","618,909973",2,4,2024-04-26
2024-04-26 04:00:00,"476,88755387754503","697,380005",2,4,2024-04-26
2024-04-26 05:00:00,"543,060654265331","776,140015",2,4,2024-04-26
2024-04-26 06:00:00,"574,0103635351275","716,469971",2,4,2024-04-26
2024-04-26 07:00:00,"507,6649509936182","604,73999",2,4,2024-04-26
2024-04-26 08:00:00,"382,19032980198955","580,349976",2,4,2024-04-26
2024-04-26 09:00:00,"256,84860673103543","544,099976",2,4,2024-04-26
2024-04-26 10:00:00,"182,09907391746603","524,710022",2,4,2024-04-26
2024-04-26 11:00:00,"136,3247980226587","512,700012",2,4,2024-04-26
2024-04-26 12:00:00,"135,300731035145","487,570007",2,4,2024-04-26
2024-04-26 13:00:00,"133,72553114785376","521,5",2,4,2024-04-26
2024-04-26 14:00:00,"170,7863183443919","534,780029",2,4,2024-04-26
2024-04-26 15:00:00,"348,79959706569684","600,119995",2,4,2024-04-26
2024-04-26 16:00:00,"414,1297872201108","700,210022",2,4,2024-04-26
2024-04-26 17:00:00,"496,8644238219971","959,25",2,4,2024-04-26
2024-04-26 18:00:00,"565,5732291920026","1018,539978",2,4,2024-04-26
2024-04-26 19:00:00,"507,91455037909253","820,440002",2,4,2024-04-26
2024-04-26 20:00:00,"488,8509538581274","691,47998",2,4,2024-04-26
2024-04-26 21:00:00,"461,31840719167053","658,289978",2,4,2024-04-26
2024-04-26 22:00:00,"399,47313430760863","673,330017",2,4,2024-04-26
2024-04-26 23:00:00,"338,81705983967066","662,960022",2,4,2024-04-26
2024-04-27 00:00:00,"311,81215348978","645,72998",2,4,2024-04-27
2024-04-27 01:00:00,"304,44830068814935","663,929993",2,4,2024-04-27
2024-04-27 02:00:00,"313,69058371161657","653,940002",2,4,2024-04-27
2024-04-27 03:00:00,"336,59305091948556","625,52002",2,4,2024-04-27
2024-04-27 04:00:00,"366,1465726428133","641,929993",2,4,2024-04-27
2024-04-27 05:00:00,"369,4905470383684","589,429993",2,4,2024-04-27
2024-04-27 06:00:00,"348,0382611678044","511,950012",2,4,2024-04-27
2024-04-27 07:00:00,"295,8981751548772","440,51001",2,4,2024-04-27
2024-04-27 08:00:00,"212,50581412856198","284,950012",2,4,2024-04-27
2024-04-27 09:00:00,"138,29805939940047","194,559998",2,4,2024-04-27
2024-04-27 10:00:00,"51,35528076507569","294,640015",2,4,2024-04-27
2024-04-27 11:00:00,"-127,80484721164962","308,809998",2,4,2024-04-27
2024-04-27 12:00:00,"-199,75381299755892","182,710007",2,4,2024-04-27
2024-04-27 13:00:00,"-207,22780800825635","75,019997",2,4,2024-04-27
2024-04-27 14:00:00,"14,463455507451048","156,080002",2,4,2024-04-27
2024-04-27 15:00:00,"200,32811628049424","463,700012",2,4,2024-04-27
2024-04-27 16:00:00,"405,5060803451713","642,679993",2,4,2024-04-27
2024-04-27 17:00:00,"502,65114688100493","894,140015",2,4,2024-04-27
2024-04-27 18:00:00,"541,954186339919","837,23999",2,4,2024-04-27
2024-04-27 19:00:00,"437,2490581106915","633,880005",2,4,2024-04-27
2024-04-27 20:00:00,"369,33841923032867","566,01001",2,4,2024-04-27
2024-04-27 21:00:00,"263,50976640585225","486,440002",2,4,2024-04-27
2024-04-27 22:00:00,"213,53270354095122","420,570007",2,4,2024-04-27
2024-04-27 23:00:00,"173,81559188838818","344,119995",2,4,2024-04-27
2024-04-28 00:00:00,"172,80025490872222","295,350006",2,4,2024-04-28
2024-04-28 01:00:00,"167,07474419895343","235,309998",2,4,2024-04-28
2024-04-28 02:00:00,"167,7179202412561","205,850006",2,4,2024-04-28
2024-04-28 03:00:00,"171,65821246993343","194,289993",2,4,2024-04-28
2024-04-28 04:00:00,"193,18382794617898","74,209999",2,4,2024-04-28
2024-04-28 05:00:00,"184,8173210013769","1,86",2,4,2024-04-28
2024-04-28 06:00:00,"172,50978486701482","1,94",2,4,2024-04-28
2024-04-28 07:00:00,"144,31364751861668","1,64",2,4,2024-04-28
2024-04-28 08:00:00,"94,12700560353746","0,0",2,4,2024-04-28
2024-04-28 09:00:00,"63,640857965783105","-7,16",2,4,2024-04-28
2024-04-28 10:00:00,"-39,63115356727006","-18,049999",2,4,2024-04-28
2024-04-28 11:00:00,"-128,97986122975402","-18,65",2,4,2024-04-28
2024-04-28 12:00:00,"-183,601214159826","-18,790001",2,4,2024-04-28
2024-04-28 13:00:00,"-119,98117438179578","-15,66",2,4,2024-04-28
2024-04-28 14:00:00,"-11,813255535295655","-15,51",2,4,2024-04-28
2024-04-28 15:00:00,"184,08020285138375","-0,15",2,4,2024-04-28
2024-04-28 16:00:00,"376,80306412958146","189,289993",2,4,2024-04-28
2024-04-28 17:00:00,"422,45307809481875","517,299988",2,4,2024-04-28
2024-04-28 18:00:00,"479,021197189269","577,640015",2,4,2024-04-28
2024-04-28 19:00:00,"485,1370081349131","583,159973",2,4,2024-04-28
2024-04-28 20:00:00,"446,02423770608056","468,079987",2,4,2024-04-28
2024-04-28 21:00:00,"433,1231789751316","417,890015",2,4,2024-04-28
2024-04-28 22:00:00,"451,6000174022831","306,529999",2,4,2024-04-28
2024-04-28 23:00:00,"472,8762024346546","370,75",2,4,2024-04-28
2024-07-01 00:00:00,"539,8471110726172","583,150024",3,1,2024-07-01
2024-07-01 01:00:00,"545,3353304733552","581,809998",3,1,2024-07-01
2024-07-01 02:00:00,"551,5643593838163","564,059998",3,1,2024-07-01
2024-07-01 03:00:00,"633,0692422524546","602,76001",3,1,2024-07-01
2024-07-01 04:00:00,"784,2370653796983","907,349976",3,1,2024-07-01
2024-07-01 05:00:00,"948,7662250643567","1018,109985",3,1,2024-07-01
2024-07-01 06:00:00,"898,8201333629903","963,590027",3,1,2024-07-01
2024-07-01 07:00:00,"660,445285566863","841,27002",3,1,2024-07-01
2024-07-01 08:00:00,"493,27626896156175","750,289978",3,1,2024-07-01
2024-07-01 09:00:00,"438,5965762458642","642,070007",3,1,2024-07-01
2024-07-01 10:00:00,"363,59852112964364","493,200012",3,1,2024-07-01
2024-07-01 11:00:00,"351,3783961444127","318,609985",3,1,2024-07-01
2024-07-01 12:00:00,"344,2018096836756","258,5",3,1,2024-07-01
2024-07-01 13:00:00,"354,7567460112703","242,759995",3,1,2024-07-01
2024-07-01 14:00:00,"418,48862411292413","231,649994",3,1,2024-07-01
2024-07-01 15:00:00,"543,1845477960255","410,200012",3,1,2024-07-01
2024-07-01 16:00:00,"665,0837351723895","538,77002",3,1,2024-07-01
2024-07-01 17:00:00,"1027,939721664005","733,72998",3,1,2024-07-01
2024-07-01 18:00:00,"1304,6827462828785","791,080017",3,1,2024-07-01
2024-07-01 19:00:00,"1158,210850321751","939,719971",3,1,2024-07-01
2024-07-01 20:00:00,"858,8509091483976","782,580017",3,1,2024-07-01
2024-07-01 21:00:00,"667,8933158233648","653,700012",3,1,2024-07-01
2024-07-01 22:00:00,"587,1202029951063","593,919983",3,1,2024-07-01
2024-07-01 23:00:00,"571,408414080113","462,350006",3,1,2024-07-01
2024-07-02 00:00:00,"571,3682844475205","375,829987",3,1,2024-07-02
2024-07-02 01:00:00,"563,6489082797409","402,829987",3,1,2024-07-02
2024-07-02 02:00:00,"560,4657210056258","343,98999",3,1,2024-07-02
2024-07-02 03:00:00,"570,3295621271818","379,040009",3,1,2024-07-02
2024-07-02 04:00:00,"824,4914031382458","518,070007",3,1,2024-07-02
2024-07-02 05:00:00,"862,0923756914002","496,140015",3,1,2024-07-02
2024-07-02 06:00:00,"720,04903627789","611,299988",3,1,2024-07-02
2024-07-02 07:00:00,"551,4766961434777","498,970001",3,1,2024-07-02
2024-07-02 08:00:00,"408,5172140870519","293,119995",3,1,2024-07-02
2024-07-02 09:00:00,"249,1780319358414","265,369995",3,1,2024-07-02
2024-07-02 10:00:00,"176,44715297844266","263,51001",3,1,2024-07-02
2024-07-02 11:00:00,"155,59026542022625","257,98999",3,1,2024-07-02
2024-07-02 12:00:00,"175,39401918730877","252,990005",3,1,2024-07-02
2024-07-02 13:00:00,"215,75596029727396","243,070007",3,1,2024-07-02
2024-07-02 14:00:00,"317,3273489306311","249,410004",3,1,2024-07-02
2024-07-02 15:00:00,"476,0247646384743","262,170013",3,1,2024-07-02
2024-07-02 16:00:00,"634,3130647383329","261,720001",3,1,2024-07-02
2024-07-02 17:00:00,"885,6375864595843","267,160004",3,1,2024-07-02
2024-07-02 18:00:00,"1027,4054573529181","311,98999",3,1,2024-07-02
2024-07-02 19:00:00,"884,4328961894169","436,920013",3,1,2024-07-02
2024-07-02 20:00:00,"767,3108382634225","345,779999",3,1,2024-07-02
2024-07-02 21:00:00,"659,357183047104","301,100006",3,1,2024-07-02
2024-07-02 22:00:00,"562,3992785970485","277,459991",3,1,2024-07-02
2024-07-02 23:00:00,"495,2931786044232","268,809998",3,1,2024-07-02
2024-07-03 00:00:00,"449,6060565711363","267,23999",3,1,2024-07-03
2024-07-03 01:00:00,"443,12865082572114","270,380005",3,1,2024-07-03
2024-07-03 02:00:00,"452,3640365984156","288,649994",3,1,2024-07-03
2024-07-03 03:00:00,"459,5160582622394","439,309998",3,1,2024-07-03
2024-07-03 04:00:00,"539,7971761952823","647,929993",3,1,2024-07-03
2024-07-03 05:00:00,"879,7597771963553","729,599976",3,1,2024-07-03
2024-07-03 06:00:00,"1100,2484410720926","771,669983",3,1,2024-07-03
2024-07-03 07:00:00,"644,1943210658766","416,709991",3,1,2024-07-03
2024-07-03 08:00:00,"471,70098531121926","323,029999",3,1,2024-07-03
2024-07-03 09:00:00,"370,4707598210751","298,119995",3,1,2024-07-03
2024-07-03 10:00:00,"252,54026749891773","291,859985",3,1,2024-07-03
2024-07-03 11:00:00,"207,24553087773236","296,179993",3,1,2024-07-03
2024-07-03 12:00:00,"177,5079893071147","306,100006",3,1,2024-07-03
2024-07-03 13:00:00,"274,9176854295084","317,220001",3,1,2024-07-03
2024-07-03 14:00:00,"343,7222041333027","376,660004",3,1,2024-07-03
2024-07-03 15:00:00,"387,4049986742739","590,5",3,1,2024-07-03
2024-07-03 16:00:00,"483,607988125265","697,830017",3,1,2024-07-03
2024-07-03 17:00:00,"600,6993885365324","831,27002",3,1,2024-07-03
2024-07-03 18:00:00,"703,5625205968755","1149,969971",3,1,2024-07-03
2024-07-03 19:00:00,"792,0489198275138","784,130005",3,1,2024-07-03
2024-07-03 20:00:00,"1091,2113568213067","655,23999",3,1,2024-07-03
2024-07-03 21:00:00,"1308,621337175511","513,900024",3,1,2024-07-03
2024-07-03 22:00:00,"820,8675932852327","436,329987",3,1,2024-07-03
2024-07-03 23:00:00,"650,919198108333","228,75",3,1,2024-07-03
2024-07-04 00:00:00,"561,0359319688031","154,240005",3,1,2024-07-04
2024-07-04 01:00:00,"541,4404874906804","130,149994",3,1,2024-07-04
2024-07-04 02:00:00,"529,8760248560777","70,779999",3,1,2024-07-04
2024-07-04 03:00:00,"496,2580811378158","74,730003",3,1,2024-07-04
2024-07-04 04:00:00,"550,0443623945275","197,429993",3,1,2024-07-04
2024-07-04 05:00:00,"871,2450516801944","223,759995",3,1,2024-07-04
2024-07-04 06:00:00,"820,050182079601","235,910004",3,1,2024-07-04
2024-07-04 07:00:00,"640,521433180696","168,940002",3,1,2024-07-04
2024-07-04 08:00:00,"488,1210605051076","14,17",3,1,2024-07-04
2024-07-04 09:00:00,"412,62119246420735","0,0",3,1,2024-07-04
2024-07-04 10:00:00,"355,6176607413849","-0,3",3,1,2024-07-04
2024-07-04 11:00:00,"317,8555488928329","-37,52",3,1,2024-07-04
2024-07-04 12:00:00,"306,2689176953635","-142,380005",3,1,2024-07-04
2024-07-04 13:00:00,"327,3415452183378","-100,470001",3,1,2024-07-04
2024-07-04 14:00:00,"362,20749609916385","-39,599998",3,1,2024-07-04
2024-07-04 15:00:00,"517,5335979842695","-0,22",3,1,2024-07-04
2024-07-04 16:00:00,"625,6229817380474","50,490002",3,1,2024-07-04
2024-07-04 17:00:00,"950,3772128780274","216,300003",3,1,2024-07-04
2024-07-04 18:00:00,"1415,6500189190258","336,160004",3,1,2024-07-04
2024-07-04 19:00:00,"1190,104801722776","289,320007",3,1,2024-07-04
2024-07-04 20:00:00,"864,7065708575062","288,5",3,1,2024-07-04
2024-07-04 21:00:00,"691,6473384487972","284,170013",3,1,2024-07-04
2024-07-04 22:00:00,"663,6012680330093","51,610001",3,1,2024-07-04
2024-07-04 23:00:00,"570,4673687506047","36,02",3,1,2024-07-04
2024-07-05 00:00:00,"532,5814737403275","29,83",3,1,2024-07-05
2024-07-05 01:00:00,"548,9652896304887","19,91",3,1,2024-07-05
2024-07-05 02:00:00,"549,3627912792415","21,780001",3,1,2024-07-05
2024-07-05 03:00:00,"542,3147937191583","42,66",3,1,2024-07-05
2024-07-05 04:00:00,"555,9841660189346","149,100006",3,1,2024-07-05
2024-07-05 05:00:00,"568,5390184457095","216,970001",3,1,2024-07-05
2024-07-05 06:00:00,"512,2243902685026","234,720001",3,1,2024-07-05
2024-07-05 07:00:00,"476,161814394441","138,429993",3,1,2024-07-05
2024-07-05 08:00:00,"470,80689953498916","22,0",3,1,2024-07-05
2024-07-05 09:00:00,"383,6559680060829","3,06",3,1,2024-07-05
2024-07-05 10:00:00,"333,77297691754853","-0,3",3,1,2024-07-05
2024-07-05 11:00:00,"294,0358785974775","-4,1",3,1,2024-07-05
2024-07-05 12:00:00,"256,2749291303378","-5,74",3,1,2024-07-05
2024-07-05 13:00:00,"264,22440237786867","-0,22",3,1,2024-07-05
2024-07-05 14:00:00,"306,08374384279057","14,4",3,1,2024-07-05
2024-07-05 15:00:00,"351,8944494401059","125,379997",3,1,2024-07-05
2024-07-05 16:00:00,"461,1865121676159","186,839996",3,1,2024-07-05
2024-07-05 17:00:00,"503,1583179087317","273,730011",3,1,2024-07-05
2024-07-05 18:00:00,"526,1554799730036","282,01001",3,1,2024-07-05
2024-07-05 19:00:00,"569,5428885446007","447,959991",3,1,2024-07-05
2024-07-05 20:00:00,"523,2882748913597","618,02002",3,1,2024-07-05
2024-07-05 21:00:00,"486,3826690649189","633,609985",3,1,2024-07-05
2024-07-05 22:00:00,"483,66690674671463","637,890015",3,1,2024-07-05
2024-07-05 23:00:00,"508,30456617308243","492,73999",3,1,2024-07-05
2024-07-06 00:00:00,"480,7755333018119","473,799988",3,1,2024-07-06
2024-07-06 01:00:00,"461,94400029065076","346,540009",3,1,2024-07-06
2024-07-06 02:00:00,"446,4629811237181","288,070007",3,1,2024-07-06
2024-07-06 03:00:00,"392,112212686614","117,029999",3,1,2024-07-06
2024-07-06 04:00:00,"390,9425221637057","42,740002",3,1,2024-07-06
2024-07-06 05:00:00,"340,630591744739","40,049999",3,1,2024-07-06
2024-07-06 06:00:00,"267,212488972351","25,360001",3,1,2024-07-06
2024-07-06 07:00:00,"168,12699363685047","2,39",3,1,2024-07-06
2024-07-06 08:00:00,"44,13023169543975","-0,3",3,1,2024-07-06
2024-07-06 09:00:00,"12,800393527035729","-0,15",3,1,2024-07-06
2024-07-06 10:00:00,"-23,569085966599506","-0,22",3,1,2024-07-06
2024-07-06 11:00:00,"-64,06555714288639","-0,9",3,1,2024-07-06
2024-07-06 12:00:00,"-65,54208726813164","-16,26",3,1,2024-07-06
2024-07-06 13:00:00,"-58,13572090949108","-20,209999",3,1,2024-07-06
2024-07-06 14:00:00,"-26,186179439956167","-4,48",3,1,2024-07-06
2024-07-06 15:00:00,"292,3885955748062","-0,45",3,1,2024-07-06
2024-07-06 16:00:00,"446,3365461737625","14,02",3,1,2024-07-06
2024-07-06 17:00:00,"587,5013282477076","1,64",3,1,2024-07-06
2024-07-06 18:00:00,"627,2570788360163","49,900002",3,1,2024-07-06
2024-07-06 19:00:00,"522,7611613882978","70,110001",3,1,2024-07-06
2024-07-06 20:00:00,"457,97620183493143","134,259995",3,1,2024-07-06
2024-07-06 21:00:00,"443,0017621699171","104,580002",3,1,2024-07-06
2024-07-06 22:00:00,"428,47036663713243","-0,22",3,1,2024-07-06
2024-07-06 23:00:00,"363,9762551412656","-0,75",3,1,2024-07-06
2024-07-07 00:00:00,"339,6949801371868","-5,97",3,1,2024-07-07
2024-07-07 01:00:00,"327,89705575350314","-3,58",3,1,2024-07-07
2024-07-07 02:00:00,"309,59347546744345","-0,45",3,1,2024-07-07
2024-07-07 03:00:00,"277,13554187615284","-0,07",3,1,2024-07-07
2024-07-07 04:00:00,"254,63970122105923","-0,07",3,1,2024-07-07
2024-07-07 05:00:00,"165,71002520236934","-0,07",3,1,2024-07-07
2024-07-07 06:00:00,"69,66608390786261","-4,47",3,1,2024-07-07
2024-07-07 07:00:00,"13,841067889097355","-48,400002",3,1,2024-07-07
2024-07-07 08:00:00,"-0,7854204771363639","-74,43",3,1,2024-07-07
2024-07-07 09:00:00,"-26,52116586496561","-89,800003",3,1,2024-07-07
2024-07-07 10:00:00,"-39,19747515754506","-100,610001",3,1,2024-07-07
2024-07-07 11:00:00,"-49,40596270712813","-112,019997",3,1,2024-07-07
2024-07-07 12:00:00,"-55,555668777327554","-156,470001",3,1,2024-07-07
2024-07-07 13:00:00,"-45,238067042543406","-90,989998",3,1,2024-07-07
2024-07-07 14:00:00,"-15,014574055306925","-45,939999",3,1,2024-07-07
2024-07-07 15:00:00,"339,18392568528697","-0,6",3,1,2024-07-07
2024-07-07 16:00:00,"448,893348721856","477,23999",3,1,2024-07-07
2024-07-07 17:00:00,"614,4170646498089","673,23999",3,1,2024-07-07
2024-07-07 18:00:00,"827,804405465273","890,48999",3,1,2024-07-07
2024-07-07 19:00:00,"848,8654348067943","947,549988",3,1,2024-07-07
2024-07-07 20:00:00,"829,5161454621513","859,169983",3,1,2024-07-07
2024-07-07 21:00:00,"712,2682512796985","724,400024",3,1,2024-07-07
2024-07-07 22:00:00,"684,5946334749962","608,72998",3,1,2024-07-07
2024-07-07 23:00:00,"589,6077582209615","571,659973",3,1,2024-07-07
2024-07-08 00:00:00,"570,1929462342338","552,48999",3,2,2024-07-08
2024-07-08 01:00:00,"573,8997971704713","579,640015",3,2,2024-07-08
2024-07-08 02:00:00,"573,9181805531505","568,900024",3,2,2024-07-08
2024-07-08 03:00:00,"652,6928853759424","592,469971",3,2,2024-07-08
2024-07-08 04:00:00,"908,857142629075","820,390015",3,2,2024-07-08
2024-07-08 05:00:00,"1006,614366381235","924,580017",3,2,2024-07-08
2024-07-08 06:00:00,"895,5651561225682","750,580017",3,2,2024-07-08
2024-07-08 07:00:00,"684,6635806169044","578,820007",3,2,2024-07-08
2024-07-08 08:00:00,"544,5138829406494","402,209991",3,2,2024-07-08
2024-07-08 09:00:00,"454,07189900783777","286,609985",3,2,2024-07-08
2024-07-08 10:00:00,"373,81364215857343","237,089996",3,2,2024-07-08
2024-07-08 11:00:00,"353,01881846820703","219,639999",3,2,2024-07-08
2024-07-08 12:00:00,"302,22040216899893","220,460007",3,2,2024-07-08
2024-07-08 13:00:00,"344,8004535884855","274,079987",3,2,2024-07-08
2024-07-08 14:00:00,"404,79108203061253","477,320007",3,2,2024-07-08
2024-07-08 15:00:00,"536,9900914078158","598,140015",3,2,2024-07-08
2024-07-08 16:00:00,"692,9850521333085","765,419983",3,2,2024-07-08
2024-07-08 17:00:00,"1014,1966793840116","1006,840027",3,2,2024-07-08
2024-07-08 18:00:00,"1452,1976670435395","1857,140015",3,2,2024-07-08
2024-07-08 19:00:00,"1200,6862095100096","1295,390015",3,2,2024-07-08
2024-07-08 20:00:00,"899,9837977873763","847,609985",3,2,2024-07-08
2024-07-08 21:00:00,"692,1595609590374","686,289978",3,2,2024-07-08
2024-07-08 22:00:00,"646,8873121783166","787,049988",3,2,2024-07-08
2024-07-08 23:00:00,"619,942082997919","715,73999",3,2,2024-07-08
2024-07-09 00:00:00,"619,2725891908203","694,26001",3,2,2024-07-09
2024-07-09 01:00:00,"623,1684633209304","679,789978",3,2,2024-07-09
2024-07-09 02:00:00,"628,8230918730494","653,840027",3,2,2024-07-09
2024-07-09 03:00:00,"671,4398368532629","722,22998",3,2,2024-07-09
2024-07-09 04:00:00,"838,325467528172","830,76001",3,2,2024-07-09
2024-07-09 05:00:00,"874,1637455457736","773,919983",3,2,2024-07-09
2024-07-09 06:00:00,"745,2191155521833","701,119995",3,2,2024-07-09
2024-07-09 07:00:00,"591,4553674028276","501,679993",3,2,2024-07-09
2024-07-09 08:00:00,"486,51226697066676","347,799988",3,2,2024-07-09
2024-07-09 09:00:00,"358,1438621119486","251,440002",3,2,2024-07-09
2024-07-09 10:00:00,"324,8190466347557","163,720001",3,2,2024-07-09
2024-07-09 11:00:00,"307,7449868624372","119,190002",3,2,2024-07-09
2024-07-09 12:00:00,"295,5115090942731","32,369999",3,2,2024-07-09
2024-07-09 13:00:00,"326,87611273483725","82,639999",3,2,2024-07-09
2024-07-09 14:00:00,"437,108647043003","400,76001",3,2,2024-07-09
2024-07-09 15:00:00,"562,7967403553841","609,309998",3,2,2024-07-09
2024-07-09 16:00:00,"753,269286538355","740,429993",3,2,2024-07-09
2024-07-09 17:00:00,"939,2113632720282","822,47998",3,2,2024-07-09
2024-07-09 18:00:00,"1041,7614899826453","841,349976",3,2,2024-07-09
2024-07-09 19:00:00,"867,0368564818986","748,26001",3,2,2024-07-09
2024-07-09 20:00:00,"771,2155180262082","338,779999",3,2,2024-07-09
2024-07-09 21:00:00,"644,2672424003325","301,779999",3,2,2024-07-09
2024-07-09 22:00:00,"551,6464546535191","243,110001",3,2,2024-07-09
2024-07-09 23:00:00,"469,7866973062449","246,089996",3,2,2024-07-09
2024-07-10 00:00:00,"440,1283521072663","224,009995",3,2,2024-07-10
2024-07-10 01:00:00,"419,74996516675117","214,320007",3,2,2024-07-10
2024-07-10 02:00:00,"436,15317451852763","223,789993",3,2,2024-07-10
2024-07-10 03:00:00,"477,0356793972475","243,779999",3,2,2024-07-10
2024-07-10 04:00:00,"558,8942547172928","300,700012",3,2,2024-07-10
2024-07-10 05:00:00,"701,3712388049627","325,089996",3,2,2024-07-10
2024-07-10 06:00:00,"796,26823321027","622,809998",3,2,2024-07-10
2024-07-10 07:00:00,"660,7366693993766","586,109985",3,2,2024-07-10
2024-07-10 08:00:00,"511,90157424099345","484,880005",3,2,2024-07-10
2024-07-10 09:00:00,"400,3209735964483","416,029999",3,2,2024-07-10
2024-07-10 10:00:00,"324,28218516000817","351,570007",3,2,2024-07-10
2024-07-10 11:00:00,"278,2929927762993","304,059998",3,2,2024-07-10
2024-07-10 12:00:00,"243,5749572064868","392,149994",3,2,2024-07-10
2024-07-10 13:00:00,"312,4494408615187","394,690002",3,2,2024-07-10
2024-07-10 14:00:00,"368,1180518968203","441,089996",3,2,2024-07-10
2024-07-10 15:00:00,"477,19311188334734","597,820007",3,2,2024-07-10
2024-07-10 16:00:00,"598,8287401888449","595,059998",3,2,2024-07-10
2024-07-10 17:00:00,"727,5523666495252","743,880005",3,2,2024-07-10
2024-07-10 18:00:00,"928,6201673338115","872,780029",3,2,2024-07-10
2024-07-10 19:00:00,"1253,3119926604688","1122,75",3,2,2024-07-10
2024-07-10 20:00:00,"1441,2797216830018","850,179993",3,2,2024-07-10
2024-07-10 21:00:00,"1394,7664653197298","693,150024",3,2,2024-07-10
2024-07-10 22:00:00,"787,375600573624","716,380005",3,2,2024-07-10
2024-07-10 23:00:00,"547,5479222111364","596,48999",3,2,2024-07-10
2024-07-11 00:00:00,"457,0223577919489","574,919983",3,2,2024-07-11
2024-07-11 01:00:00,"444,4471563550926","593,869995",3,2,2024-07-11
2024-07-11 02:00:00,"406,3278132422248","599,169983",3,2,2024-07-11
2024-07-11 03:00:00,"396,78728104023764","611,630005",3,2,2024-07-11
2024-07-11 04:00:00,"585,0716221115429","801,72998",3,2,2024-07-11
2024-07-11 05:00:00,"678,5885847688119","895,289978",3,2,2024-07-11
2024-07-11 06:00:00,"614,1084584478897","794,789978",3,2,2024-07-11
2024-07-11 07:00:00,"466,1942346991046","664,830017",3,2,2024-07-11
2024-07-11 08:00:00,"328,1737381870678","602,01001",3,2,2024-07-11
2024-07-11 09:00:00,"254,82295086119524","496,880005",3,2,2024-07-11
2024-07-11 10:00:00,"227,30987161772723","428,540009",3,2,2024-07-11
2024-07-11 11:00:00,"206,15780432924453","355,880005",3,2,2024-07-11
2024-07-11 12:00:00,"175,68996257243032","331,850006",3,2,2024-07-11
2024-07-11 13:00:00,"223,26317291697742","373,779999",3,2,2024-07-11
2024-07-11 14:00:00,"297,2173930987197","454,959991",3,2,2024-07-11
2024-07-11 15:00:00,"407,3878180222086","611,109985",3,2,2024-07-11
2024-07-11 16:00:00,"500,34456438275566","683,25",3,2,2024-07-11
2024-07-11 17:00:00,"668,1544207205708","872,909973",3,2,2024-07-11
2024-07-11 18:00:00,"1035,0796081905203","1375,23999",3,2,2024-07-11
2024-07-11 19:00:00,"1065,9908408308052","1244,0",3,2,2024-07-11
2024-07-11 20:00:00,"794,590766658258","907,150024",3,2,2024-07-11
2024-07-11 21:00:00,"653,0278707780178","732,049988",3,2,2024-07-11
2024-07-11 22:00:00,"559,9721701877281","764,130005",3,2,2024-07-11
2024-07-11 23:00:00,"451,67998136832506","651,400024",3,2,2024-07-11
2024-07-12 00:00:00,"469,81956877972044","609,619995",3,2,2024-07-12
2024-07-12 01:00:00,"459,30615794820454","596,710022",3,2,2024-07-12
2024-07-12 02:00:00,"441,4320748502929","570,0",3,2,2024-07-12
2024-07-12 03:00:00,"444,228590367047","592,159973",3,2,2024-07-12
2024-07-12 04:00:00,"579,9035931389219","805,309998",3,2,2024-07-12
2024-07-12 05:00:00,"688,3421919622359","820,080017",3,2,2024-07-12
2024-07-12 06:00:00,"605,4431935439267","817,690002",3,2,2024-07-12
2024-07-12 07:00:00,"462,41412397119075","763,97998",3,2,2024-07-12
2024-07-12 08:00:00,"306,0836856977922","715,26001",3,2,2024-07-12
2024-07-12 09:00:00,"205,46571197768998","670,200012",3,2,2024-07-12
2024-07-12 10:00:00,"181,04336204136595","621,099976",3,2,2024-07-12
2024-07-12 11:00:00,"166,7519707294146","586,409973",3,2,2024-07-12
2024-07-12 12:00:00,"190,87240790489636","582,22998",3,2,2024-07-12
2024-07-12 13:00:00,"180,09172187470253","583,349976",3,2,2024-07-12
2024-07-12 14:00:00,"220,2048914043379","624,159973",3,2,2024-07-12
2024-07-12 15:00:00,"307,62964938962523","589,400024",3,2,2024-07-12
2024-07-12 16:00:00,"441,0539922765634","671,840027",3,2,2024-07-12
2024-07-12 17:00:00,"571,2519857591176","720,849976",3,2,2024-07-12
2024-07-12 18:00:00,"666,0553587137465","683,400024",3,2,2024-07-12
2024-07-12 19:00:00,"688,716939124952","705,859985",3,2,2024-07-12
2024-07-12 20:00:00,"717,5291356602983","639,090027",3,2,2024-07-12
2024-07-12 21:00:00,"673,1381275269708","522,330017",3,2,2024-07-12
2024-07-12 22:00:00,"622,5100328795529","251,740005",3,2,2024-07-12
2024-07-12 23:00:00,"540,7274577054105","242,940002",3,2,2024-07-12
2024-07-13 00:00:00,"544,8002827286592","259,869995",3,2,2024-07-13
2024-07-13 01:00:00,"491,51590915461276","247,710007",3,2,2024-07-13
2024-07-13 02:00:00,"472,3923572247792","243,610001",3,2,2024-07-13
2024-07-13 03:00:00,"402,4780394336258","231,149994",3,2,2024-07-13
2024-07-13 04:00:00,"365,1811887724436","227,860001",3,2,2024-07-13
2024-07-13 05:00:00,"336,3463989446844","207,570007",3,2,2024-07-13
2024-07-13 06:00:00,"278,20115644562543","198,470001",3,2,2024-07-13
2024-07-13 07:00:00,"165,10289411642475","156,460007",3,2,2024-07-13
2024-07-13 08:00:00,"44,00627685532265","38,5",3,2,2024-07-13
2024-07-13 09:00:00,"14,149628281950553","0,3",3,2,2024-07-13
2024-07-13 10:00:00,"-4,633896003300986","-0,07",3,2,2024-07-13
2024-07-13 11:00:00,"-75,47977056803722","-6,49",3,2,2024-07-13
2024-07-13 12:00:00,"-81,07789378240848","-6,04",3,2,2024-07-13
2024-07-13 13:00:00,"-55,538194024953334","-0,45",3,2,2024-07-13
2024-07-13 14:00:00,"6,800388217058385","10,52",3,2,2024-07-13
2024-07-13 15:00:00,"353,0367910298724","-0,07",3,2,2024-07-13
2024-07-13 16:00:00,"457,4629279816571","214,660004",3,2,2024-07-13
2024-07-13 17:00:00,"566,918337408461","375,519989",3,2,2024-07-13
2024-07-13 18:00:00,"646,239359265652","562,950012",3,2,2024-07-13
2024-07-13 19:00:00,"601,3543332162131","568,98999",3,2,2024-07-13
2024-07-13 20:00:00,"560,9237353322494","588,23999",3,2,2024-07-13
2024-07-13 21:00:00,"475,0833654682874","470,049988",3,2,2024-07-13
2024-07-13 22:00:00,"391,702588602375","663,700012",3,2,2024-07-13
2024-07-13 23:00:00,"363,737904363523","471,48999",3,2,2024-07-13
2024-07-14 00:00:00,"352,99241785800535","413,73999",3,2,2024-07-14
2024-07-14 01:00:00,"353,0947322822142","330,540009",3,2,2024-07-14
2024-07-14 02:00:00,"337,3082736085999","283,01001",3,2,2024-07-14
2024-07-14 03:00:00,"290,5774603278279","274,660004",3,2,2024-07-14
2024-07-14 04:00:00,"239,03179476644794","238,470001",3,2,2024-07-14
2024-07-14 05:00:00,"158,1690400756431","106,550003",3,2,2024-07-14
2024-07-14 06:00:00,"71,26478583745005","2,16",3,2,2024-07-14
2024-07-14 07:00:00,"12,034868810978251","-17,09",3,2,2024-07-14
2024-07-14 08:00:00,"-4,64882775290016","-22,530001",3,2,2024-07-14
2024-07-14 09:00:00,"-24,56056096800143","-25,370001",3,2,2024-07-14
2024-07-14 10:00:00,"-30,661089814174897","-31,49",3,2,2024-07-14
2024-07-14 11:00:00,"-41,28776065019993","-38,5",3,2,2024-07-14
2024-07-14 12:00:00,"-41,722019925291164","-47,830002",3,2,2024-07-14
2024-07-14 13:00:00,"-33,17731380149286","-39,990002",3,2,2024-07-14
2024-07-14 14:00:00,"-11,23912919225879","-75,809998",3,2,2024-07-14
2024-07-14 15:00:00,"423,6530237595975","-0,37",3,2,2024-07-14
2024-07-14 16:00:00,"448,83586724326517","347,26001",3,2,2024-07-14
2024-07-14 17:00:00,"578,0553742344266","654,820007",3,2,2024-07-14
2024-07-14 18:00:00,"834,9455207314269","841,650024",3,2,2024-07-14
2024-07-14 19:00:00,"853,3299855621619","806,059998",3,2,2024-07-14
2024-07-14 20:00:00,"796,480563153063","789,719971",3,2,2024-07-14
2024-07-14 21:00:00,"706,6820395272905","649,590027",3,2,2024-07-14
2024-07-14 22:00:00,"662,5764571305815","592,070007",3,2,2024-07-14
2024-07-14 23:00:00,"579,3640474857882","494,25",3,2,2024-07-14
2024-07-15 00:00:00,"529,3022636118011","434,029999",3,3,2024-07-15
2024-07-15 01:00:00,"541,8098630384121","361,059998",3,3,2024-07-15
2024-07-15 02:00:00,"546,4060146228263","388,73999",3,3,2024-07-15
2024-07-15 03:00:00,"571,9122799591277","482,160004",3,3,2024-07-15
2024-07-15 04:00:00,"652,169562482154","482,609985",3,3,2024-07-15
2024-07-15 05:00:00,"717,1930137582245","482,380005",3,3,2024-07-15
2024-07-15 06:00:00,"756,4060020644731","482,079987",3,3,2024-07-15
2024-07-15 07:00:00,"665,6330958541715","299,200012",3,3,2024-07-15
2024-07-15 08:00:00,"516,1635368201745","265,029999",3,3,2024-07-15
2024-07-15 09:00:00,"409,9338066724352","84,239998",3,3,2024-07-15
2024-07-15 10:00:00,"346,1273659090888","0,52",3,3,2024-07-15
2024-07-15 11:00:00,"322,1559176781199","-0,07",3,3,2024-07-15
2024-07-15 12:00:00,"248,91648594335646","-0,52",3,3,2024-07-15
2024-07-15 13:00:00,"297,4862999420187","26,41",3,3,2024-07-15
2024-07-15 14:00:00,"352,37695647776025","330,470001",3,3,2024-07-15
2024-07-15 15:00:00,"471,22249101160656","611,840027",3,3,2024-07-15
2024-07-15 16:00:00,"593,3856210434736","853,219971",3,3,2024-07-15
2024-07-15 17:00:00,"718,9684296221051","1389,619995",3,3,2024-07-15
2024-07-15 18:00:00,"996,4113060152232","1598,540039",3,3,2024-07-15
2024-07-15 19:00:00,"1053,9659948609426","1050,27002",3,3,2024-07-15
2024-07-15 20:00:00,"839,4639691683833","690,030029",3,3,2024-07-15
2024-07-15 21:00:00,"663,9752635756927","597,659973",3,3,2024-07-15
2024-07-15 22:00:00,"679,7759080056568","571,47998",3,3,2024-07-15
2024-07-15 23:00:00,"635,0761615091383","475,829987",3,3,2024-07-15
2024-07-16 00:00:00,"634,5522737487697","391,660004",3,3,2024-07-16
2024-07-16 01:00:00,"627,7572374552168","274,73999",3,3,2024-07-16
2024-07-16 02:00:00,"619,5768670794362","284,730011",3,3,2024-07-16
2024-07-16 03:00:00,"676,7313198029075","375,470001",3,3,2024-07-16
2024-07-16 04:00:00,"792,7385371366764","531,859985",3,3,2024-07-16
2024-07-16 05:00:00,"792,8427390587576","593,049988",3,3,2024-07-16
2024-07-16 06:00:00,"737,1579632657237","568,349976",3,3,2024-07-16
2024-07-16 07:00:00,"564,6544614570282","468,359985",3,3,2024-07-16
2024-07-16 08:00:00,"440,2915597871662","160,350006",3,3,2024-07-16
2024-07-16 09:00:00,"303,60355537107966","10,67",3,3,2024-07-16
2024-07-16 10:00:00,"239,10363409255623","15,15",3,3,2024-07-16
2024-07-16 11:00:00,"199,960629546076","98,489998",3,3,2024-07-16
2024-07-16 12:00:00,"176,54537809294408","30,290001",3,3,2024-07-16
2024-07-16 13:00:00,"217,13945858318547","10,97",3,3,2024-07-16
2024-07-16 14:00:00,"353,3457739047616","-0,07",3,3,2024-07-16
2024-07-16 15:00:00,"509,99087092201216","165,050003",3,3,2024-07-16
2024-07-16 16:00:00,"630,8056064128004","470,230011",3,3,2024-07-16
2024-07-16 17:00:00,"895,37752732995","611,780029",3,3,2024-07-16
2024-07-16 18:00:00,"987,8046375900426","907,330017",3,3,2024-07-16
2024-07-16 19:00:00,"844,0685227727222","852,710022",3,3,2024-07-16
2024-07-16 20:00:00,"742,6211088635082","789,51001",3,3,2024-07-16
2024-07-16 21:00:00,"600,4335523395597","629,090027",3,3,2024-07-16
2024-07-16 22:00:00,"684,8337273192382","652,109985",3,3,2024-07-16
2024-07-16 23:00:00,"769,2059563457592","544,52002",3,3,2024-07-16
2024-07-17 00:00:00,"914,7360969835038","543,330017",3,3,2024-07-17
2024-07-17 01:00:00,"1209,7224268516663","526,23999",3,3,2024-07-17
2024-07-17 02:00:00,"1299,1713412632148","530,119995",3,3,2024-07-17
2024-07-17 03:00:00,"1628,0751921899582","577,799988",3,3,2024-07-17
2024-07-17 04:00:00,"2508,641876413062","671,880005",3,3,2024-07-17
2024-07-17 05:00:00,"2992,690558636898","744,330017",3,3,2024-07-17
2024-07-17 06:00:00,"1490,0013887808702","788,650024",3,3,2024-07-17
2024-07-17 07:00:00,"807,8737768298666","575,559998",3,3,2024-07-17
2024-07-17 08:00:00,"595,0134197932069","434,170013",3,3,2024-07-17
2024-07-17 09:00:00,"376,4579365939684","311,51001",3,3,2024-07-17
2024-07-17 10:00:00,"306,8166545761504","243,160004",3,3,2024-07-17
2024-07-17 11:00:00,"294,21508861093315","163,029999",3,3,2024-07-17
2024-07-17 12:00:00,"320,75333817747793","80,580002",3,3,2024-07-17
2024-07-17 13:00:00,"368,84539737187544","100,5",3,3,2024-07-17
2024-07-17 14:00:00,"425,5103402014362","290,089996",3,3,2024-07-17
2024-07-17 15:00:00,"573,2822569987729","460,209991",3,3,2024-07-17
2024-07-17 16:00:00,"635,2972221949553","618,76001",3,3,2024-07-17
2024-07-17 17:00:00,"810,9556935459566","797,530029",3,3,2024-07-17
2024-07-17 18:00:00,"1135,9142108755245","984,280029",3,3,2024-07-17
2024-07-17 19:00:00,"1203,9161992362003","1044,790039",3,3,2024-07-17
2024-07-17 20:00:00,"1311,0514105154912","857,369995",3,3,2024-07-17
2024-07-17 21:00:00,"1364,2591433879481","687,700012",3,3,2024-07-17
2024-07-17 22:00:00,"790,2038087711011","506,570007",3,3,2024-07-17
2024-07-17 23:00:00,"557,5534009375328","544,679993",3,3,2024-07-17
2024-07-18 00:00:00,"448,5834127206595","493,589996",3,3,2024-07-18
2024-07-18 01:00:00,"445,78843230450013","491,200012",3,3,2024-07-18
2024-07-18 02:00:00,"419,9800366429786","466,880005",3,3,2024-07-18
2024-07-18 03:00:00,"434,6967622535635","298,369995",3,3,2024-07-18
2024-07-18 04:00:00,"608,7186612349193","650,309998",3,3,2024-07-18
2024-07-18 05:00:00,"607,8770141477418","704,909973",3,3,2024-07-18
2024-07-18 06:00:00,"539,422413909575","506,269989",3,3,2024-07-18
2024-07-18 07:00:00,"489,8939761548669","351,339996",3,3,2024-07-18
2024-07-18 08:00:00,"370,17420319827585","270,779999",3,3,2024-07-18
2024-07-18 09:00:00,"294,5482575981962","253,470001",3,3,2024-07-18
2024-07-18 10:00:00,"237,8787694682622","253,25",3,3,2024-07-18
2024-07-18 11:00:00,"201,00860775084823","252,800003",3,3,2024-07-18
2024-07-18 12:00:00,"165,22425169371613","254,360001",3,3,2024-07-18
2024-07-18 13:00:00,"191,1410234126231","260,929993",3,3,2024-07-18
2024-07-18 14:00:00,"239,61595038517174","197,080002",3,3,2024-07-18
2024-07-18 15:00:00,"347,0917344149449","637,630005",3,3,2024-07-18
2024-07-18 16:00:00,"438,3529472857035","686,26001",3,3,2024-07-18
2024-07-18 17:00:00,"600,4138497700851","952,26001",3,3,2024-07-18
2024-07-18 18:00:00,"1031,6745155170654","1382,819946",3,3,2024-07-18
2024-07-18 19:00:00,"1145,058310536216","1318,290039",3,3,2024-07-18
2024-07-18 20:00:00,"842,6730631506877","891,690002",3,3,2024-07-18
2024-07-18 21:00:00,"653,3129184259867","760,26001",3,3,2024-07-18
2024-07-18 22:00:00,"560,7596157057394","672,26001",3,3,2024-07-18
2024-07-18 23:00:00,"479,9749794195572","600,200012",3,3,2024-07-18
2024-07-19 00:00:00,"461,8871138522203","596,169983",3,3,2024-07-19
2024-07-19 01:00:00,"450,901588361285","583,47998",3,3,2024-07-19
2024-07-19 02:00:00,"430,6469327892084","606,390015",3,3,2024-07-19
2024-07-19 03:00:00,"453,75608629897","667,039978",3,3,2024-07-19
2024-07-19 04:00:00,"604,6125261482207","827,289978",3,3,2024-07-19
2024-07-19 05:00:00,"640,8186657158025","810,72998",3,3,2024-07-19
2024-07-19 06:00:00,"575,8029049821907","734,109985",3,3,2024-07-19
2024-07-19 07:00:00,"449,9749999774218","607,51001",3,3,2024-07-19
2024-07-19 08:00:00,"304,06846113961547","522,22998",3,3,2024-07-19
2024-07-19 09:00:00,"215,31889297035653","438,299988",3,3,2024-07-19
2024-07-19 10:00:00,"181,753538978175","330,799988",3,3,2024-07-19
2024-07-19 11:00:00,"163,27622597100665","272,309998",3,3,2024-07-19
2024-07-19 12:00:00,"157,94527704096055","270,070007",3,3,2024-07-19
2024-07-19 13:00:00,"164,3851919028361","317,369995",3,3,2024-07-19
2024-07-19 14:00:00,"200,58174291700607","475,899994",3,3,2024-07-19
2024-07-19 15:00:00,"236,94985552628665","576,98999",3,3,2024-07-19
2024-07-19 16:00:00,"360,4330678044751","683,460022",3,3,2024-07-19
2024-07-19 17:00:00,"464,0946656979009","888,099976",3,3,2024-07-19
2024-07-19 18:00:00,"544,2136472526425","1358,410034",3,3,2024-07-19
2024-07-19 19:00:00,"644,0333586095029","895,26001",3,3,2024-07-19
2024-07-19 20:00:00,"691,144780171371","797,22998",3,3,2024-07-19
2024-07-19 21:00:00,"671,9484924307934","683,01001",3,3,2024-07-19
2024-07-19 22:00:00,"611,9778940353714","706,789978",3,3,2024-07-19
2024-07-19 23:00:00,"560,7487545760105","667,099976",3,3,2024-07-19
2024-07-20 00:00:00,"486,1228856471576","658,440002",3,3,2024-07-20
2024-07-20 01:00:00,"465,32830584083996","670,599976",3,3,2024-07-20
2024-07-20 02:00:00,"443,501563754873","703,130005",3,3,2024-07-20
2024-07-20 03:00:00,"374,5767837618674","699,849976",3,3,2024-07-20
2024-07-20 04:00:00,"341,4068258791126","665,159973",3,3,2024-07-20
2024-07-20 05:00:00,"293,7926978176208","641,580017",3,3,2024-07-20
2024-07-20 06:00:00,"222,96173383394554","508,850006",3,3,2024-07-20
2024-07-20 07:00:00,"128,95610291264975","371,559998",3,3,2024-07-20
2024-07-20 08:00:00,"19,033782478621266","38,419998",3,3,2024-07-20
2024-07-20 09:00:00,"-4,727754529206138","0,0",3,3,2024-07-20
2024-07-20 10:00:00,"-58,70685299058484","-1,57",3,3,2024-07-20
2024-07-20 11:00:00,"-68,64847268917657","0,15",3,3,2024-07-20
2024-07-20 12:00:00,"-86,99507932807991","-1,87",3,3,2024-07-20
2024-07-20 13:00:00,"-68,72542050064345","-20,219999",3,3,2024-07-20
2024-07-20 14:00:00,"-11,682647760269878","18,059999",3,3,2024-07-20
2024-07-20 15:00:00,"322,7542847365328","390,140015",3,3,2024-07-20
2024-07-20 16:00:00,"339,57854503039295","634,190002",3,3,2024-07-20
2024-07-20 17:00:00,"404,198626177114","817,440002",3,3,2024-07-20
2024-07-20 18:00:00,"458,1837937012592","1005,380005",3,3,2024-07-20
2024-07-20 19:00:00,"474,3454966687331","811,840027",3,3,2024-07-20
2024-07-20 20:00:00,"473,16841699627616","627,47998",3,3,2024-07-20
2024-07-20 21:00:00,"421,8864974177531","555,929993",3,3,2024-07-20
2024-07-20 22:00:00,"393,9970469634459","474,790009",3,3,2024-07-20
2024-07-20 23:00:00,"327,07689384739473","420,089996",3,3,2024-07-20
2024-07-21 00:00:00,"311,74375287638287","411,880005",3,3,2024-07-21
2024-07-21 01:00:00,"259,83351426059875","450,540009",3,3,2024-07-21
2024-07-21 02:00:00,"238,6755550997987","496,570007",3,3,2024-07-21
2024-07-21 03:00:00,"212,95153785759635","561,419983",3,3,2024-07-21
2024-07-21 04:00:00,"178,2611897767891","480,529999",3,3,2024-07-21
2024-07-21 05:00:00,"90,14208897473986","421,809998",3,3,2024-07-21
2024-07-21 06:00:00,"21,685917445191297","363,230011",3,3,2024-07-21
2024-07-21 07:00:00,"1,168324739460436","78,870003",3,3,2024-07-21
2024-07-21 08:00:00,"-15,387225332578382","0,52",3,3,2024-07-21
2024-07-21 09:00:00,"-59,95177164419911","0,22",3,3,2024-07-21
2024-07-21 10:00:00,"-79,97926879020048","0,15",3,3,2024-07-21
2024-07-21 11:00:00,"-86,23170283693564","-0,45",3,3,2024-07-21
2024-07-21 12:00:00,"-76,34365618954317","-1,34",3,3,2024-07-21
2024-07-21 13:00:00,"-83,46911814480026","0,3",3,3,2024-07-21
2024-07-21 14:00:00,"-46,771924561350616","0,82",3,3,2024-07-21
2024-07-21 15:00:00,"373,23941562635054","446,279999",3,3,2024-07-21
2024-07-21 16:00:00,"391,22618879109615","600,289978",3,3,2024-07-21
2024-07-21 17:00:00,"394,79913072282545","807,880005",3,3,2024-07-21
2024-07-21 18:00:00,"610,5571468946807","841,150024",3,3,2024-07-21
2024-07-21 19:00:00,"672,5308656901509","919,950012",3,3,2024-07-21
2024-07-21 20:00:00,"717,1411354095637","814,590027",3,3,2024-07-21
2024-07-21 21:00:00,"679,6881834677052","672,73999",3,3,2024-07-21
2024-07-21 22:00:00,"622,7292498491289","901,669983",3,3,2024-07-21
2024-07-21 23:00:00,"556,9296942436248","721,02002",3,3,2024-07-21
2024-07-22 00:00:00,"504,4031941576644","648,27002",3,4,2024-07-22
2024-07-22 01:00:00,"522,5227452772447","648,640015",3,4,2024-07-22
2024-07-22 02:00:00,"532,885435720652","610,659973",3,4,2024-07-22
2024-07-22 03:00:00,"573,0914812450649","591,859985",3,4,2024-07-22
2024-07-22 04:00:00,"591,5868787797011","811,159973",3,4,2024-07-22
2024-07-22 05:00:00,"622,7142481774464","896,070007",3,4,2024-07-22
2024-07-22 06:00:00,"664,6031204484004","852,719971",3,4,2024-07-22
2024-07-22 07:00:00,"584,4648310378375","703,929993",3,4,2024-07-22
2024-07-22 08:00:00,"462,32893986782585","473,290009",3,4,2024-07-22
2024-07-22 09:00:00,"352,5990273923692","291,600006",3,4,2024-07-22
2024-07-22 10:00:00,"264,2392878527258","191,089996",3,4,2024-07-22
2024-07-22 11:00:00,"212,5913386550566","174,300003",3,4,2024-07-22
2024-07-22 12:00:00,"177,58323126481164","144,830002",3,4,2024-07-22
2024-07-22 13:00:00,"212,82377496006765","152,070007",3,4,2024-07-22
2024-07-22 14:00:00,"283,25489925308733","170,279999",3,4,2024-07-22
2024-07-22 15:00:00,"325,3927904215128","463,820007",3,4,2024-07-22
2024-07-22 16:00:00,"366,1100026167115","603,719971",3,4,2024-07-22
2024-07-22 17:00:00,"682,0444337256305","739,0",3,4,2024-07-22
2024-07-22 18:00:00,"1008,1639112823725","1043,660034",3,4,2024-07-22
2024-07-22 19:00:00,"1058,9963852691249","1046,569946",3,4,2024-07-22
2024-07-22 20:00:00,"783,8729899688241","828,539978",3,4,2024-07-22
2024-07-22 21:00:00,"638,8146307671047","712,73999",3,4,2024-07-22
2024-07-22 22:00:00,"638,310650343478","618,22998",3,4,2024-07-22
2024-07-22 23:00:00,"586,5509127997929","559,349976",3,4,2024-07-22
2024-07-23 00:00:00,"557,6187316386944","547,630005",3,4,2024-07-23
2024-07-23 01:00:00,"491,9259350388975","508,380005",3,4,2024-07-23
2024-07-23 02:00:00,"491,163581447035","526,52002",3,4,2024-07-23
2024-07-23 03:00:00,"536,2382876969765","549,799988",3,4,2024-07-23
2024-07-23 04:00:00,"700,6588489234642","745,450012",3,4,2024-07-23
2024-07-23 05:00:00,"731,4348789504616","865,590027",3,4,2024-07-23
2024-07-23 06:00:00,"688,6997957205417","824,179993",3,4,2024-07-23
2024-07-23 07:00:00,"526,5420745385471","651,359985",3,4,2024-07-23
2024-07-23 08:00:00,"372,20941945180414","513,909973",3,4,2024-07-23
2024-07-23 09:00:00,"259,6375289803693","457,940002",3,4,2024-07-23
2024-07-23 10:00:00,"224,10795265644867","324,0",3,4,2024-07-23
2024-07-23 11:00:00,"182,602570449289","285,720001",3,4,2024-07-23
2024-07-23 12:00:00,"173,88827005051027","268,709991",3,4,2024-07-23
2024-07-23 13:00:00,"184,47219029605156","313,100006",3,4,2024-07-23
2024-07-23 14:00:00,"299,6948958318247","483,980011",3,4,2024-07-23
2024-07-23 15:00:00,"428,5593299343053","593,450012",3,4,2024-07-23
2024-07-23 16:00:00,"579,7601997427108","596,359985",3,4,2024-07-23
2024-07-23 17:00:00,"743,5798567674391","716,570007",3,4,2024-07-23
2024-07-23 18:00:00,"900,3793139999211","872,530029",3,4,2024-07-23
2024-07-23 19:00:00,"809,142173026069","761,200012",3,4,2024-07-23
2024-07-23 20:00:00,"740,6628989301952","740,450012",3,4,2024-07-23
2024-07-23 21:00:00,"588,6767803086819","683,369995",3,4,2024-07-23
2024-07-23 22:00:00,"488,68576053704095","623,359985",3,4,2024-07-23
2024-07-23 23:00:00,"458,8503829749486","584,419983",3,4,2024-07-23
2024-07-24 00:00:00,"460,33929670523264","541,369995",3,4,2024-07-24
2024-07-24 01:00:00,"459,01768297524933","549,130005",3,4,2024-07-24
2024-07-24 02:00:00,"473,999913253151","423,630005",3,4,2024-07-24
2024-07-24 03:00:00,"507,7459936907169","299,179993",3,4,2024-07-24
2024-07-24 04:00:00,"549,3001333560318","323,429993",3,4,2024-07-24
2024-07-24 05:00:00,"520,6032209889462","336,190002",3,4,2024-07-24
2024-07-24 06:00:00,"475,55772183538335","429,079987",3,4,2024-07-24
2024-07-24 07:00:00,"496,07270936383105","270,23999",3,4,2024-07-24
2024-07-24 08:00:00,"461,8104862765049","186,520004",3,4,2024-07-24
2024-07-24 09:00:00,"416,6202973959209","158,100006",3,4,2024-07-24
2024-07-24 10:00:00,"368,4538057921018","11,79",3,4,2024-07-24
2024-07-24 11:00:00,"330,59416624316646","-1,12",3,4,2024-07-24
2024-07-24 12:00:00,"315,91231471218276","-15,37",3,4,2024-07-24
2024-07-24 13:00:00,"325,1543318892715","-14,62",3,4,2024-07-24
2024-07-24 14:00:00,"347,8517000315786","16,49",3,4,2024-07-24
2024-07-24 15:00:00,"453,3943624271431","292,98999",3,4,2024-07-24
2024-07-24 16:00:00,"564,0124896883034","387,149994",3,4,2024-07-24
2024-07-24 17:00:00,"784,2707689337644","668,5",3,4,2024-07-24
2024-07-24 18:00:00,"1054,8472140772062","809,659973",3,4,2024-07-24
2024-07-24 19:00:00,"1042,2522694505262","881,210022",3,4,2024-07-24
2024-07-24 20:00:00,"787,743786937015","813,320007",3,4,2024-07-24
2024-07-24 21:00:00,"640,2517695648319","631,570007",3,4,2024-07-24
2024-07-24 22:00:00,"604,1669087795","624,570007",3,4,2024-07-24
2024-07-24 23:00:00,"495,05299510396475","578,299988",3,4,2024-07-24
2024-07-25 00:00:00,"448,1721027601004","567,859985",3,4,2024-07-25
2024-07-25 01:00:00,"434,1839927368025","596,359985",3,4,2024-07-25
2024-07-25 02:00:00,"411,71040421989727","570,090027",3,4,2024-07-25
2024-07-25 03:00:00,"419,258089086247","690,460022",3,4,2024-07-25
2024-07-25 04:00:00,"524,6490739534437","792,159973",3,4,2024-07-25
2024-07-25 05:00:00,"601,1293502938198","813,580017",3,4,2024-07-25
2024-07-25 06:00:00,"577,7757800022547","678,890015",3,4,2024-07-25
2024-07-25 07:00:00,"460,0667529503336","537,109985",3,4,2024-07-25
2024-07-25 08:00:00,"356,56377614186096","411,0",3,4,2024-07-25
2024-07-25 09:00:00,"283,99284444316254","275,720001",3,4,2024-07-25
2024-07-25 10:00:00,"207,84939382863612","181,399994",3,4,2024-07-25
2024-07-25 11:00:00,"177,20155806087735","129,539993",3,4,2024-07-25
2024-07-25 12:00:00,"175,30299570466596","99,019997",3,4,2024-07-25
2024-07-25 13:00:00,"197,15074359513915","195,5",3,4,2024-07-25
2024-07-25 14:00:00,"242,8997479782081","401,450012",3,4,2024-07-25
2024-07-25 15:00:00,"337,66880304398165","596,960022",3,4,2024-07-25
2024-07-25 16:00:00,"384,3307284543703","723,809998",3,4,2024-07-25
2024-07-25 17:00:00,"485,2850552260829","894,690002",3,4,2024-07-25
2024-07-25 18:00:00,"620,3910894125213","1106,609985",3,4,2024-07-25
2024-07-25 19:00:00,"726,5910821406425","969,830017",3,4,2024-07-25
2024-07-25 20:00:00,"745,5413422345767","746,200012",3,4,2024-07-25
2024-07-25 21:00:00,"636,8400112016052","633,890015",3,4,2024-07-25
2024-07-25 22:00:00,"552,5936619687724","604,460022",3,4,2024-07-25
2024-07-25 23:00:00,"456,1001601603574","548,48999",3,4,2024-07-25
2024-07-26 00:00:00,"446,8380345149639","559,76001",3,4,2024-07-26
2024-07-26 01:00:00,"440,86021569518766","576,849976",3,4,2024-07-26
2024-07-26 02:00:00,"412,11234083976393","573,859985",3,4,2024-07-26
2024-07-26 03:00:00,"398,5262035322125","596,919983",3,4,2024-07-26
2024-07-26 04:00:00,"390,64912085044756","608,109985",3,4,2024-07-26
2024-07-26 05:00:00,"534,1872913328015","795,940002",3,4,2024-07-26
2024-07-26 06:00:00,"585,2908163177714","776,840027",3,4,2024-07-26
2024-07-26 07:00:00,"480,13219977954753","722,590027",3,4,2024-07-26
2024-07-26 08:00:00,"411,7211682436766","675,570007",3,4,2024-07-26
2024-07-26 09:00:00,"363,8340933541345","607,070007",3,4,2024-07-26
2024-07-26 10:00:00,"322,38741216590614","522,369995",3,4,2024-07-26
2024-07-26 11:00:00,"280,20852154821364","471,029999",3,4,2024-07-26
2024-07-26 12:00:00,"270,7170766723207","449,160004",3,4,2024-07-26
2024-07-26 13:00:00,"291,33638719704004","508,48999",3,4,2024-07-26
2024-07-26 14:00:00,"340,9062311642573","543,559998",3,4,2024-07-26
2024-07-26 15:00:00,"369,8548639701419","660,580017",3,4,2024-07-26
2024-07-26 16:00:00,"501,77483826504925","704,01001",3,4,2024-07-26
2024-07-26 17:00:00,"597,8329964987038","804,380005",3,4,2024-07-26
2024-07-26 18:00:00,"755,828087562314","1068,98999",3,4,2024-07-26
2024-07-26 19:00:00,"766,968289366694","1037,280029",3,4,2024-07-26
2024-07-26 20:00:00,"728,1589886154522","793,929993",3,4,2024-07-26
2024-07-26 21:00:00,"620,201236141609","730,650024",3,4,2024-07-26
2024-07-26 22:00:00,"575,5411051720305","775,22998",3,4,2024-07-26
2024-07-26 23:00:00,"488,9928841568494","768,890015",3,4,2024-07-26
2024-07-27 00:00:00,"457,4678024466992","723,070007",3,4,2024-07-27
2024-07-27 01:00:00,"429,1352111704899","710,080017",3,4,2024-07-27
2024-07-27 02:00:00,"407,02739226327515","690,01001",3,4,2024-07-27
2024-07-27 03:00:00,"379,7781187791217","673,070007",3,4,2024-07-27
2024-07-27 04:00:00,"339,5673291345401","649,929993",3,4,2024-07-27
2024-07-27 05:00:00,"302,99600692620277","615,01001",3,4,2024-07-27
2024-07-27 06:00:00,"205,87740513319625","632,02002",3,4,2024-07-27
2024-07-27 07:00:00,"149,95841990095562","505,0",3,4,2024-07-27
2024-07-27 08:00:00,"39,79212427507157","453,589996",3,4,2024-07-27
2024-07-27 09:00:00,"10,689397986745483","297,76001",3,4,2024-07-27
2024-07-27 10:00:00,"-20,366172108448872","208,960007",3,4,2024-07-27
2024-07-27 11:00:00,"-60,736353687856344","132,839996",3,4,2024-07-27
2024-07-27 12:00:00,"-71,2109742405064","133,729996",3,4,2024-07-27
2024-07-27 13:00:00,"-54,399027800994","261,350006",3,4,2024-07-27
2024-07-27 14:00:00,"-32,36486459311766","505,380005",3,4,2024-07-27
2024-07-27 15:00:00,"299,5183214442222","649,710022",3,4,2024-07-27
2024-07-27 16:00:00,"283,98977563866276","783,369995",3,4,2024-07-27
2024-07-27 17:00:00,"352,004863574691","863,140015",3,4,2024-07-27
2024-07-27 18:00:00,"440,8106303510606","908,669983",3,4,2024-07-27
2024-07-27 19:00:00,"449,2217360789883","909,109985",3,4,2024-07-27
2024-07-27 20:00:00,"443,6433096734426","806,719971",3,4,2024-07-27
2024-07-27 21:00:00,"373,8685192238664","730,900024",3,4,2024-07-27
2024-07-27 22:00:00,"382,7950403747368","820,820007",3,4,2024-07-27
2024-07-27 23:00:00,"301,2271676406797","709,780029",3,4,2024-07-27
2024-07-28 00:00:00,"238,73234244027907","658,280029",3,4,2024-07-28
2024-07-28 01:00:00,"214,86579466651062","608,429993",3,4,2024-07-28
2024-07-28 02:00:00,"212,37513073102258","586,119995",3,4,2024-07-28
2024-07-28 03:00:00,"225,74014963270267","591,48999",3,4,2024-07-28
2024-07-28 04:00:00,"213,0987321299419","563,659973",3,4,2024-07-28
2024-07-28 05:00:00,"150,24595600477767","541,869995",3,4,2024-07-28
2024-07-28 06:00:00,"105,30161167239973","190,220001",3,4,2024-07-28
2024-07-28 07:00:00,"14,971872512802857","36,720001",3,4,2024-07-28
2024-07-28 08:00:00,"-4,999674815058227","0,0",3,4,2024-07-28
2024-07-28 09:00:00,"-58,88048642002816","-18,129999",3,4,2024-07-28
2024-07-28 10:00:00,"-71,2381397301001","-112,239998",3,4,2024-07-28
2024-07-28 11:00:00,"-74,79137937642959","-222,389999",3,4,2024-07-28
2024-07-28 12:00:00,"-76,2335545673088","-363,359985",3,4,2024-07-28
2024-07-28 13:00:00,"-72,55893940618797","-250,220001",3,4,2024-07-28
2024-07-28 14:00:00,"-43,07723879900687","-99,099998",3,4,2024-07-28
2024-07-28 15:00:00,"424,7699884699586","-14,85",3,4,2024-07-28
2024-07-28 16:00:00,"423,70012164448923","181,570007",3,4,2024-07-28
2024-07-28 17:00:00,"491,31340587257944","443,209991",3,4,2024-07-28
2024-07-28 18:00:00,"843,0512953225401","588,580017",3,4,2024-07-28
2024-07-28 19:00:00,"847,5247880470155","579,630005",3,4,2024-07-28
2024-07-28 20:00:00,"803,7276967913522","589,400024",3,4,2024-07-28
2024-07-28 21:00:00,"679,4846606027985","566,200012",3,4,2024-07-28
2024-07-28 22:00:00,"672,0337376770182","513,659973",3,4,2024-07-28
2024-07-28 23:00:00,"562,9708940859829","508,959991",3,4,2024-07-28
2024-09-30 00:00:00,"139,84430991430867","62,630001",4,1,2024-09-30
2024-09-30 01:00:00,"192,13432672069317","41,23",4,1,2024-09-30
2024-09-30 02:00:00,"350,5133537329129","41,830002",4,1,2024-09-30
2024-09-30 03:00:00,"385,3617870677514","126,599998",4,1,2024-09-30
2024-09-30 04:00:00,"391,7030843968815","314,869995",4,1,2024-09-30
2024-09-30 05:00:00,"414,23403183901166","597,22998",4,1,2024-09-30
2024-09-30 06:00:00,"581,9829692037192","597,22998",4,1,2024-09-30
2024-09-30 07:00:00,"573,0910731218476","447,359985",4,1,2024-09-30
2024-09-30 08:00:00,"483,5230159958753","272,73999",4,1,2024-09-30
2024-09-30 09:00:00,"430,1072900575672","155,910004",4,1,2024-09-30
2024-09-30 10:00:00,"395,34333022375307","69,190002",4,1,2024-09-30
2024-09-30 11:00:00,"325,2301981853981","15,36",4,1,2024-09-30
2024-09-30 12:00:00,"314,71086282787144","56,889999",4,1,2024-09-30
2024-09-30 13:00:00,"317,39835027831145","163,740005",4,1,2024-09-30
2024-09-30 14:00:00,"292,978273833039","180,360001",4,1,2024-09-30
2024-09-30 15:00:00,"328,449601165087","243,960007",4,1,2024-09-30
2024-09-30 16:00:00,"408,30196291870453","268,339996",4,1,2024-09-30
2024-09-30 17:00:00,"439,51317522646957","273,119995",4,1,2024-09-30
2024-09-30 18:00:00,"383,187958580513","270,660004",4,1,2024-09-30
2024-09-30 19:00:00,"304,1784742544361","163,509995",4,1,2024-09-30
2024-09-30 20:00:00,"271,25081206423795","149,199997",4,1,2024-09-30
2024-09-30 21:00:00,"256,0727839466284","73,370003",4,1,2024-09-30
2024-09-30 22:00:00,"250,81394398403907","23,93",4,1,2024-09-30
2024-09-30 23:00:00,"239,15630420932777","0,52",4,1,2024-09-30
2024-10-01 00:00:00,"194,65686090397318","0,37",4,1,2024-10-01
2024-10-01 01:00:00,"191,24313124370053","0,15",4,1,2024-10-01
2024-10-01 02:00:00,"191,18784447310145","0,67",4,1,2024-10-01
2024-10-01 03:00:00,"191,78840949308142","50,700001",4,1,2024-10-01
2024-10-01 04:00:00,"214,29959002947461","249,619995",4,1,2024-10-01
2024-10-01 05:00:00,"287,0836496475721","293,910004",4,1,2024-10-01
2024-10-01 06:00:00,"355,8017002467803","308,079987",4,1,2024-10-01
2024-10-01 07:00:00,"376,8630234501306","309,5",4,1,2024-10-01
2024-10-01 08:00:00,"311,0575298947574","288,170013",4,1,2024-10-01
2024-10-01 09:00:00,"254,99962042700497","260,880005",4,1,2024-10-01
2024-10-01 10:00:00,"216,4341880706152","260,660004",4,1,2024-10-01
2024-10-01 11:00:00,"214,7886148264284","260,880005",4,1,2024-10-01
2024-10-01 12:00:00,"189,70509614328947","260,660004",4,1,2024-10-01
2024-10-01 13:00:00,"204,87390571420693","296,079987",4,1,2024-10-01
2024-10-01 14:00:00,"210,50958562090204","324,779999",4,1,2024-10-01
2024-10-01 15:00:00,"251,55144111976645","393,0",4,1,2024-10-01
2024-10-01 16:00:00,"334,964582094831","405,600006",4,1,2024-10-01
2024-10-01 17:00:00,"350,12855655952865","421,410004",4,1,2024-10-01
2024-10-01 18:00:00,"321,7185207851555","366,829987",4,1,2024-10-01
2024-10-01 19:00:00,"302,27069109426174","345,429993",4,1,2024-10-01
2024-10-01 20:00:00,"280,48824527349274","321,649994",4,1,2024-10-01
2024-10-01 21:00:00,"275,70703908028685","309,940002",4,1,2024-10-01
2024-10-01 22:00:00,"256,4386103624371","432,829987",4,1,2024-10-01
2024-10-01 23:00:00,"219,6882620792617","367,350006",4,1,2024-10-01
2024-10-02 00:00:00,"213,29093124019582","373,540009",4,1,2024-10-02
2024-10-02 01:00:00,"207,42418442440467","365,339996",4,1,2024-10-02
2024-10-02 02:00:00,"215,65121280692617","362,730011",4,1,2024-10-02
2024-10-02 03:00:00,"226,2873849172131","363,470001",4,1,2024-10-02
2024-10-02 04:00:00,"265,4562063787652","596,440002",4,1,2024-10-02
2024-10-02 05:00:00,"334,51545201242305","692,869995",4,1,2024-10-02
2024-10-02 06:00:00,"364,2747315681037","913,830017",4,1,2024-10-02
2024-10-02 07:00:00,"314,41016021263664","701,219971",4,1,2024-10-02
2024-10-02 08:00:00,"271,1207048027086","484,880005",4,1,2024-10-02
2024-10-02 09:00:00,"241,3981017332637","394,420013",4,1,2024-10-02
2024-10-02 10:00:00,"197,32218751860995","431,040009",4,1,2024-10-02
2024-10-02 11:00:00,"158,89873765495116","597,109985",4,1,2024-10-02
2024-10-02 12:00:00,"177,61324384180736","584,659973",4,1,2024-10-02
2024-10-02 13:00:00,"207,7280970262359","607,26001",4,1,2024-10-02
2024-10-02 14:00:00,"230,9036529762986","607,849976",4,1,2024-10-02
2024-10-02 15:00:00,"322,78696029282355","746,48999",4,1,2024-10-02
2024-10-02 16:00:00,"351,4659950972958","872,590027",4,1,2024-10-02
2024-10-02 17:00:00,"372,55495242041354","969,97998",4,1,2024-10-02
2024-10-02 18:00:00,"388,6688427677954","852,900024",4,1,2024-10-02
2024-10-02 19:00:00,"364,60901026390604","719,940002",4,1,2024-10-02
2024-10-02 20:00:00,"356,98091877920376","695,780029",4,1,2024-10-02
2024-10-02 21:00:00,"342,10788459586485","633,880005",4,1,2024-10-02
2024-10-02 22:00:00,"331,1925109981927","502,230011",4,1,2024-10-02
2024-10-02 23:00:00,"329,8171612791512","491,26001",4,1,2024-10-02
2024-10-03 00:00:00,"330,5171945643666","485,890015",4,1,2024-10-03
2024-10-03 01:00:00,"325,7621385661821","478,730011",4,1,2024-10-03
2024-10-03 02:00:00,"328,0689776722624","477,23999",4,1,2024-10-03
2024-10-03 03:00:00,"331,33165842645303","480,369995",4,1,2024-10-03
2024-10-03 04:00:00,"335,18959655243674","488,059998",4,1,2024-10-03
2024-10-03 05:00:00,"350,81021163564515","547,280029",4,1,2024-10-03
2024-10-03 06:00:00,"352,3145970530861","571,900024",4,1,2024-10-03
2024-10-03 07:00:00,"346,7417632571563","543,780029",4,1,2024-10-03
2024-10-03 08:00:00,"317,1468215929039","516,77002",4,1,2024-10-03
2024-10-03 09:00:00,"303,4546153448304","470,230011",4,1,2024-10-03
2024-10-03 10:00:00,"242,14409662318738","351,25",4,1,2024-10-03
2024-10-03 11:00:00,"207,03090832148044","253,460007",4,1,2024-10-03
2024-10-03 12:00:00,"212,10639945490186","291,950012",4,1,2024-10-03
2024-10-03 13:00:00,"269,2494439232856","383,109985",4,1,2024-10-03
2024-10-03 14:00:00,"306,9157331229068","492,609985",4,1,2024-10-03
2024-10-03 15:00:00,"336,7493179212431","669,090027",4,1,2024-10-03
2024-10-03 16:00:00,"342,8175658602044","821,039978",4,1,2024-10-03
2024-10-03 17:00:00,"361,87824649365376","860,200012",4,1,2024-10-03
2024-10-03 18:00:00,"368,8062702987851","807,679993",4,1,2024-10-03
2024-10-03 19:00:00,"356,43775836837654","736,669983",4,1,2024-10-03
2024-10-03 20:00:00,"351,82770157248297","678,48999",4,1,2024-10-03
2024-10-03 21:00:00,"336,3754915085487","607,630005",4,1,2024-10-03
2024-10-03 22:00:00,"309,15156837023534","551,23999",4,1,2024-10-03
2024-10-03 23:00:00,"277,85250860317245","540,950012",4,1,2024-10-03
2024-10-04 00:00:00,"244,80600370797515","537,809998",4,1,2024-10-04
2024-10-04 01:00:00,"251,70508076907586","537,070007",4,1,2024-10-04
2024-10-04 02:00:00,"250,80325337443244","539,530029",4,1,2024-10-04
2024-10-04 03:00:00,"250,07634450341814","575,109985",4,1,2024-10-04
2024-10-04 04:00:00,"256,6246959427017","768,299988",4,1,2024-10-04
2024-10-04 05:00:00,"324,2053256932392","943,890015",4,1,2024-10-04
2024-10-04 06:00:00,"451,8037075227346","1054,890015",4,1,2024-10-04
2024-10-04 07:00:00,"483,585788286383","867,289978",4,1,2024-10-04
2024-10-04 08:00:00,"403,62974342712545","746,599976",4,1,2024-10-04
2024-10-04 09:00:00,"238,21505415499527","634,039978",4,1,2024-10-04
2024-10-04 10:00:00,"206,63510555834776","559,969971",4,1,2024-10-04
2024-10-04 11:00:00,"157,54763620202587","548,179993",4,1,2024-10-04
2024-10-04 12:00:00,"149,7908688297711","565,559998",4,1,2024-10-04
2024-10-04 13:00:00,"173,4138382396309","589,799988",4,1,2024-10-04
2024-10-04 14:00:00,"231,66394953460937","669,840027",4,1,2024-10-04
2024-10-04 15:00:00,"299,5004707772092","798,890015",4,1,2024-10-04
2024-10-04 16:00:00,"330,82307452493205","984,400024",4,1,2024-10-04
2024-10-04 17:00:00,"348,45157178600675","1111,579956",4,1,2024-10-04
2024-10-04 18:00:00,"344,7825713612595","922,710022",4,1,2024-10-04
2024-10-04 19:00:00,"330,64101642021575","745,179993",4,1,2024-10-04
2024-10-04 20:00:00,"323,32448660979423","745,179993",4,1,2024-10-04
2024-10-04 21:00:00,"305,38078569096353","671,330017",4,1,2024-10-04
2024-10-04 22:00:00,"297,2098046231338","694,340027",4,1,2024-10-04
2024-10-04 23:00:00,"276,5669958791318","631,23999",4,1,2024-10-04
2024-10-05 00:00:00,"241,19319766920484","607,080017",4,1,2024-10-05
2024-10-05 01:00:00,"249,29112045764265","563,380005",4,1,2024-10-05
2024-10-05 02:00:00,"252,44180863660455","564,719971",4,1,2024-10-05
2024-10-05 03:00:00,"252,92415523136236","595,299988",4,1,2024-10-05
2024-10-05 04:00:00,"274,7339832344025","642,880005",4,1,2024-10-05
2024-10-05 05:00:00,"285,63395702753036","748,780029",4,1,2024-10-05
2024-10-05 06:00:00,"291,1724480905984","825,0",4,1,2024-10-05
2024-10-05 07:00:00,"275,48253203147897","768,169983",4,1,2024-10-05
2024-10-05 08:00:00,"156,21560956049206","614,690002",4,1,2024-10-05
2024-10-05 09:00:00,"48,639826532035315","509,160004",4,1,2024-10-05
2024-10-05 10:00:00,"8,061096827195328","383,640015",4,1,2024-10-05
2024-10-05 11:00:00,"2,944224754458075","289,970001",4,1,2024-10-05
2024-10-05 12:00:00,"0,44934431058722296","324,350006",4,1,2024-10-05
2024-10-05 13:00:00,"3,5189876876448385","418,839996",4,1,2024-10-05
2024-10-05 14:00:00,"126,36371523434997","544,280029",4,1,2024-10-05
2024-10-05 15:00:00,"193,58321327932038","690,23999",4,1,2024-10-05
2024-10-05 16:00:00,"320,0313632011793","1029,719971",4,1,2024-10-05
2024-10-05 17:00:00,"337,64575058584614","1028,97998",4,1,2024-10-05
2024-10-05 18:00:00,"332,2509321335838","799,719971",4,1,2024-10-05
2024-10-05 19:00:00,"329,8075150878788","705,299988",4,1,2024-10-05
2024-10-05 20:00:00,"327,85180951202113","633,710022",4,1,2024-10-05
2024-10-05 21:00:00,"327,8395009536778","499,690002",4,1,2024-10-05
2024-10-05 22:00:00,"325,5226328084754","485,420013",4,1,2024-10-05
2024-10-05 23:00:00,"323,3940385525982","452,100006",4,1,2024-10-05
2024-10-06 00:00:00,"330,2255029341585","440,549988",4,1,2024-10-06
2024-10-06 01:00:00,"330,0063379945842","433,320007",4,1,2024-10-06
2024-10-06 02:00:00,"336,65198146265567","424,369995",4,1,2024-10-06
2024-10-06 03:00:00,"344,5578323571735","433,320007",4,1,2024-10-06
2024-10-06 04:00:00,"337,9963017418168","431,829987",4,1,2024-10-06
2024-10-06 05:00:00,"348,13585084656717","524,929993",4,1,2024-10-06
2024-10-06 06:00:00,"337,31821529952606","491,01001",4,1,2024-10-06
2024-10-06 07:00:00,"296,860098201055","447,700012",4,1,2024-10-06
2024-10-06 08:00:00,"99,14313084702026","262,98999",4,1,2024-10-06
2024-10-06 09:00:00,"36,41724225777386","124,339996",4,1,2024-10-06
2024-10-06 10:00:00,"25,491050845093646","79,690002",4,1,2024-10-06
2024-10-06 11:00:00,"5,408902471712367","41,889999",4,1,2024-10-06
2024-10-06 12:00:00,"5,154451272354736","16,25",4,1,2024-10-06
2024-10-06 13:00:00,"33,988783665985856","13,34",4,1,2024-10-06
2024-10-06 14:00:00,"210,9029759721353","395,820007",4,1,2024-10-06
2024-10-06 15:00:00,"347,57071612923244","617,070007",4,1,2024-10-06
2024-10-06 16:00:00,"452,6975960584418","792,390015",4,1,2024-10-06
2024-10-06 17:00:00,"525,4089929432741","724,710022",4,1,2024-10-06
2024-10-06 18:00:00,"596,8721441659432","544,01001",4,1,2024-10-06
2024-10-06 19:00:00,"613,2316346044877","442,559998",4,1,2024-10-06
2024-10-06 20:00:00,"612,8871818435479","437,48999",4,1,2024-10-06
2024-10-06 21:00:00,"540,2106767125522","385,459991",4,1,2024-10-06
2024-10-06 22:00:00,"477,3314992711562","257,769989",4,1,2024-10-06
2024-10-06 23:00:00,"447,1206824243544","263,429993",4,1,2024-10-06
2024-10-07 00:00:00,"254,2850672026765","247,850006",4,2,2024-10-07
2024-10-07 01:00:00,"246,1549686326482","224,75",4,2,2024-10-07
2024-10-07 02:00:00,"232,37808672308168","260,529999",4,2,2024-10-07
2024-10-07 03:00:00,"260,87379009138095","291,910004",4,2,2024-10-07
2024-10-07 04:00:00,"290,4597972707145","335,369995",4,2,2024-10-07
2024-10-07 05:00:00,"395,33963261336856","378,299988",4,2,2024-10-07
2024-10-07 06:00:00,"578,1598971919013","414,089996",4,2,2024-10-07
2024-10-07 07:00:00,"491,57062213592417","383,75",4,2,2024-10-07
2024-10-07 08:00:00,"444,61351320046066","372,420013",4,2,2024-10-07
2024-10-07 09:00:00,"450,5944321446168","356,309998",4,2,2024-10-07
2024-10-07 10:00:00,"446,9354539003783","340,880005",4,2,2024-10-07
2024-10-07 11:00:00,"395,34460493065137","322,019989",4,2,2024-10-07
2024-10-07 12:00:00,"254,9012300195372","358,399994",4,2,2024-10-07
2024-10-07 13:00:00,"262,25498683555105","458,070007",4,2,2024-10-07
2024-10-07 14:00:00,"269,32614210806787","661,869995",4,2,2024-10-07
2024-10-07 15:00:00,"309,75832046028955","873,640015",4,2,2024-10-07
2024-10-07 16:00:00,"342,9535262827561","1405,060059",4,2,2024-10-07
2024-10-07 17:00:00,"335,8690804019296","1405,359985",4,2,2024-10-07
2024-10-07 18:00:00,"322,16438566251065","909,27002",4,2,2024-10-07
2024-10-07 19:00:00,"286,31828906461857","744,909973",4,2,2024-10-07
2024-10-07 20:00:00,"274,4699043783118","685,119995",4,2,2024-10-07
2024-10-07 21:00:00,"242,24269266734802","589,780029",4,2,2024-10-07
2024-10-07 22:00:00,"224,77062504204474","539,340027",4,2,2024-10-07
2024-10-07 23:00:00,"217,8230652775157","500,119995",4,2,2024-10-07
2024-10-08 00:00:00,"218,94870110858656","477,149994",4,2,2024-10-08
2024-10-08 01:00:00,"215,01924702852168","444,940002",4,2,2024-10-08
2024-10-08 02:00:00,"249,35020709273644","445,089996",4,2,2024-10-08
2024-10-08 03:00:00,"262,41500730109993","502,799988",4,2,2024-10-08
2024-10-08 04:00:00,"306,7229308889813","641,049988",4,2,2024-10-08
2024-10-08 05:00:00,"345,5669327484169","822,98999",4,2,2024-10-08
2024-10-08 06:00:00,"379,9346539237531","792,200012",4,2,2024-10-08
2024-10-08 07:00:00,"370,9216903168075","633,820007",4,2,2024-10-08
2024-10-08 08:00:00,"330,7704852201148","598,98999",4,2,2024-10-08
2024-10-08 09:00:00,"318,0147688001617","547,469971",4,2,2024-10-08
2024-10-08 10:00:00,"301,28146221382525","495,940002",4,2,2024-10-08
2024-10-08 11:00:00,"294,7313184045473","529,200012",4,2,2024-10-08
2024-10-08 12:00:00,"266,9929827098197","565,140015",4,2,2024-10-08
2024-10-08 13:00:00,"300,8538372248595","578,119995",4,2,2024-10-08
2024-10-08 14:00:00,"323,0038881171624","694,440002",4,2,2024-10-08
2024-10-08 15:00:00,"382,05127072022157","850,059998",4,2,2024-10-08
2024-10-08 16:00:00,"498,3887751870452","1073,76001",4,2,2024-10-08
2024-10-08 17:00:00,"542,2262640729649","1141,540039",4,2,2024-10-08
2024-10-08 18:00:00,"617,9352646327662","853,119995",4,2,2024-10-08
2024-10-08 19:00:00,"593,9623454163589","707,640015",4,2,2024-10-08
2024-10-08 20:00:00,"589,4298437508229","645,75",4,2,2024-10-08
2024-10-08 21:00:00,"531,9024508034605","504,070007",4,2,2024-10-08
2024-10-08 22:00:00,"538,9427947744393","461,859985",4,2,2024-10-08
2024-10-08 23:00:00,"490,83240453150455","447,459991",4,2,2024-10-08
2024-10-09 00:00:00,"473,11860358473905","428,670013",4,2,2024-10-09
2024-10-09 01:00:00,"472,9848773688244","405,100006",4,2,2024-10-09
2024-10-09 02:00:00,"497,75364803086336","427,480011",4,2,2024-10-09
2024-10-09 03:00:00,"544,0342410516785","476,329987",4,2,2024-10-09
2024-10-09 04:00:00,"667,1796823864552","646,590027",4,2,2024-10-09
2024-10-09 05:00:00,"722,9670009751077","826,320007",4,2,2024-10-09
2024-10-09 06:00:00,"724,8137494887621","827,659973",4,2,2024-10-09
2024-10-09 07:00:00,"712,1129278929678","648,820007",4,2,2024-10-09
2024-10-09 08:00:00,"570,2064680781123","537,630005",4,2,2024-10-09
2024-10-09 09:00:00,"437,8039319134751","446,720001",4,2,2024-10-09
2024-10-09 10:00:00,"262,0661861338811","445,970001",4,2,2024-10-09
2024-10-09 11:00:00,"223,76115968809034","446,350006",4,2,2024-10-09
2024-10-09 12:00:00,"235,43074900237028","504,369995",4,2,2024-10-09
2024-10-09 13:00:00,"281,64307645002907","575,51001",4,2,2024-10-09
2024-10-09 14:00:00,"320,0338924776938","708,48999",4,2,2024-10-09
2024-10-09 15:00:00,"382,87181216082064","875,909973",4,2,2024-10-09
2024-10-09 16:00:00,"389,27516872523466","913,799988",4,2,2024-10-09
2024-10-09 17:00:00,"399,0561520701938","948,030029",4,2,2024-10-09
2024-10-09 18:00:00,"391,5279078061774","828,179993",4,2,2024-10-09
2024-10-09 19:00:00,"357,19720181323015","714,450012",4,2,2024-10-09
2024-10-09 20:00:00,"342,8748667195352","709,22998",4,2,2024-10-09
2024-10-09 21:00:00,"327,2501350979343","614,070007",4,2,2024-10-09
2024-10-09 22:00:00,"328,0068542296482","456,399994",4,2,2024-10-09
2024-10-09 23:00:00,"323,8842369182397","349,73999",4,2,2024-10-09
2024-10-10 00:00:00,"325,6789164671431","281,559998",4,2,2024-10-10
2024-10-10 01:00:00,"325,4548470705389","238,679993",4,2,2024-10-10
2024-10-10 02:00:00,"325,6133511956251","221,070007",4,2,2024-10-10
2024-10-10 03:00:00,"326,40312583214023","295,359985",4,2,2024-10-10
2024-10-10 04:00:00,"323,92841077553294","463,179993",4,2,2024-10-10
2024-10-10 05:00:00,"414,69304344716727","633,23999",4,2,2024-10-10
2024-10-10 06:00:00,"459,41470437288183","600,119995",4,2,2024-10-10
2024-10-10 07:00:00,"445,08906335981686","503,459991",4,2,2024-10-10
2024-10-10 08:00:00,"449,4732461896498","387,920013",4,2,2024-10-10
2024-10-10 09:00:00,"353,3076696274774","290,369995",4,2,2024-10-10
2024-10-10 10:00:00,"180,52041761978074","163,270004",4,2,2024-10-10
2024-10-10 11:00:00,"127,14202591122395","118,889999",4,2,2024-10-10
2024-10-10 12:00:00,"136,55820672126865","149,25",4,2,2024-10-10
2024-10-10 13:00:00,"213,32336567726426","277,309998",4,2,2024-10-10
2024-10-10 14:00:00,"282,3433075096499","277,309998",4,2,2024-10-10
2024-10-10 15:00:00,"314,7489626861134","285,140015",4,2,2024-10-10
2024-10-10 16:00:00,"346,6805817834749","294,470001",4,2,2024-10-10
2024-10-10 17:00:00,"370,9321246579356","288,200012",4,2,2024-10-10
2024-10-10 18:00:00,"387,13249996620027","274,630005",4,2,2024-10-10
2024-10-10 19:00:00,"342,4113663973448","263,890015",4,2,2024-10-10
2024-10-10 20:00:00,"317,6592661326056","223,759995",4,2,2024-10-10
2024-10-10 21:00:00,"297,80194760684043","236,289993",4,2,2024-10-10
2024-10-10 22:00:00,"273,6039207790748","258,890015",4,2,2024-10-10
2024-10-10 23:00:00,"241,7480075943694","258,959991",4,2,2024-10-10
2024-10-11 00:00:00,"216,51803649838874","261,720001",4,2,2024-10-11
2024-10-11 01:00:00,"210,63417134055436","267,609985",4,2,2024-10-11
2024-10-11 02:00:00,"209,51992154837546","267,839996",4,2,2024-10-11
2024-10-11 03:00:00,"207,21176823583116","274,179993",4,2,2024-10-11
2024-10-11 04:00:00,"212,00758666143278","308,190002",4,2,2024-10-11
2024-10-11 05:00:00,"441,2298307362057","439,230011",4,2,2024-10-11
2024-10-11 06:00:00,"514,9987183578731","593,919983",4,2,2024-10-11
2024-10-11 07:00:00,"507,20843039335506","400,670013",4,2,2024-10-11
2024-10-11 08:00:00,"395,8110427881371","367,859985",4,2,2024-10-11
2024-10-11 09:00:00,"231,5235635053702","324,970001",4,2,2024-10-11
2024-10-11 10:00:00,"188,52344374632005","316,470001",4,2,2024-10-11
2024-10-11 11:00:00,"155,71296175461222","310,200012",4,2,2024-10-11
2024-10-11 12:00:00,"159,05897526039567","299,309998",4,2,2024-10-11
2024-10-11 13:00:00,"193,56967246530854","298,119995",4,2,2024-10-11
2024-10-11 14:00:00,"218,38832539116655","298,859985",4,2,2024-10-11
2024-10-11 15:00:00,"287,010412732982","496,660004",4,2,2024-10-11
2024-10-11 16:00:00,"415,85441033807734","939,330017",4,2,2024-10-11
2024-10-11 17:00:00,"509,4962074471157","1208,060059",4,2,2024-10-11
2024-10-11 18:00:00,"412,24905431803194","895,02002",4,2,2024-10-11
2024-10-11 19:00:00,"374,63140171002107","744,289978",4,2,2024-10-11
2024-10-11 20:00:00,"302,42702484484806","733,98999",4,2,2024-10-11
2024-10-11 21:00:00,"311,8142725379527","655,080017",4,2,2024-10-11
2024-10-11 22:00:00,"299,4284025588242","672,190002",4,2,2024-10-11
2024-10-11 23:00:00,"283,861634448168","592,580017",4,2,2024-10-11
2024-10-12 00:00:00,"268,58909421071706","563,929993",4,2,2024-10-12
2024-10-12 01:00:00,"273,8597575681389","559,75",4,2,2024-10-12
2024-10-12 02:00:00,"273,87305965189006","536,619995",4,2,2024-10-12
2024-10-12 03:00:00,"272,9215629730944","506,619995",4,2,2024-10-12
2024-10-12 04:00:00,"281,38946685292575","534,460022",4,2,2024-10-12
2024-10-12 05:00:00,"300,93429746539204","400,149994",4,2,2024-10-12
2024-10-12 06:00:00,"304,37090855595403","378,359985",4,2,2024-10-12
2024-10-12 07:00:00,"269,0552518221672","310,910004",4,2,2024-10-12
2024-10-12 08:00:00,"222,89244353063214","263,390015",4,2,2024-10-12
2024-10-12 09:00:00,"167,18962600795876","255,770004",4,2,2024-10-12
2024-10-12 10:00:00,"128,90403920295222","184,970001",4,2,2024-10-12
2024-10-12 11:00:00,"101,48192692364947","106,919998",4,2,2024-10-12
2024-10-12 12:00:00,"99,94004157667618","174,149994",4,2,2024-10-12
2024-10-12 13:00:00,"117,54348201119528","263,459991",4,2,2024-10-12
2024-10-12 14:00:00,"163,91418566303818","218,990005",4,2,2024-10-12
2024-10-12 15:00:00,"286,4991943737289","423,799988",4,2,2024-10-12
2024-10-12 16:00:00,"306,3998244528418","361,950012",4,2,2024-10-12
2024-10-12 17:00:00,"328,98094801552867","299,049988",4,2,2024-10-12
2024-10-12 18:00:00,"309,98514379117336","289,350006",4,2,2024-10-12
2024-10-12 19:00:00,"306,9697104877283","288,309998",4,2,2024-10-12
2024-10-12 20:00:00,"303,4450505982273","260,179993",4,2,2024-10-12
2024-10-12 21:00:00,"322,64797577320684","189,289993",4,2,2024-10-12
2024-10-12 22:00:00,"303,2351671851465","0,0",4,2,2024-10-12
2024-10-12 23:00:00,"303,1109510304673","-0,07",4,2,2024-10-12
2024-10-13 00:00:00,"323,9163062350815","-0,52",4,2,2024-10-13
2024-10-13 01:00:00,"321,0984485834456","-2,76",4,2,2024-10-13
2024-10-13 02:00:00,"343,098047509118","-3,81",4,2,2024-10-13
2024-10-13 03:00:00,"370,87815052538855","-0,67",4,2,2024-10-13
2024-10-13 04:00:00,"403,03943042077526","-0,07",4,2,2024-10-13
2024-10-13 05:00:00,"405,0140512630586","12,83",4,2,2024-10-13
2024-10-13 06:00:00,"361,92336138091395","134,0",4,2,2024-10-13
2024-10-13 07:00:00,"317,7171076525008","73,489998",4,2,2024-10-13
2024-10-13 08:00:00,"157,5506965742919","36,630001",4,2,2024-10-13
2024-10-13 09:00:00,"76,33424076210886","46,330002",4,2,2024-10-13
2024-10-13 10:00:00,"45,49592814755","47,599998",4,2,2024-10-13
2024-10-13 11:00:00,"11,441767899713216","52,970001",4,2,2024-10-13
2024-10-13 12:00:00,"10,850791058499683","59,09",4,2,2024-10-13
2024-10-13 13:00:00,"35,46288394503991","94,610001",4,2,2024-10-13
2024-10-13 14:00:00,"238,1818535524181","118,260002",4,2,2024-10-13
2024-10-13 15:00:00,"379,1980329886098","166,009995",4,2,2024-10-13
2024-10-13 16:00:00,"493,05184038735547","267,329987",4,2,2024-10-13
2024-10-13 17:00:00,"445,8851586211221","403,269989",4,2,2024-10-13
2024-10-13 18:00:00,"404,8945985686933","294,790009",4,2,2024-10-13
2024-10-13 19:00:00,"383,03713658286057","286,730011",4,2,2024-10-13
2024-10-13 20:00:00,"378,81698106504433","299,410004",4,2,2024-10-13
2024-10-13 21:00:00,"306,9061663266004","274,640015",4,2,2024-10-13
2024-10-13 22:00:00,"290,34448941389314","276,809998",4,2,2024-10-13
2024-10-13 23:00:00,"250,4862473429805","263,0",4,2,2024-10-13
2024-10-14 00:00:00,"218,54634988454612","262,410004",4,3,2024-10-14
2024-10-14 01:00:00,"197,55913829712892","256,359985",4,3,2024-10-14
2024-10-14 02:00:00,"213,12963476381879","293,450012",4,3,2024-10-14
2024-10-14 03:00:00,"230,61096025013222","464,079987",4,3,2024-10-14
2024-10-14 04:00:00,"288,20107405867054","736,710022",4,3,2024-10-14
2024-10-14 05:00:00,"377,3227764771654","973,900024",4,3,2024-10-14
2024-10-14 06:00:00,"424,82620981909406","1142,449951",4,3,2024-10-14
2024-10-14 07:00:00,"404,76939085153106","879,960022",4,3,2024-10-14
2024-10-14 08:00:00,"294,60981957400816","753,200012",4,3,2024-10-14
2024-10-14 09:00:00,"266,17728003421354","695,599976",4,3,2024-10-14
2024-10-14 10:00:00,"255,1939144801954","643,450012",4,3,2024-10-14
2024-10-14 11:00:00,"243,63468853989082","616,289978",4,3,2024-10-14
2024-10-14 12:00:00,"240,57041583351537","553,320007",4,3,2024-10-14
2024-10-14 13:00:00,"260,43612613751424","649,710022",4,3,2024-10-14
2024-10-14 14:00:00,"276,496481128532","789,309998",4,3,2024-10-14
2024-10-14 15:00:00,"293,3104523806474","1182,660034",4,3,2024-10-14
2024-10-14 16:00:00,"339,1230742985823","1865,280029",4,3,2024-10-14
2024-10-14 17:00:00,"340,0603419198089","1964,290039",4,3,2024-10-14
2024-10-14 18:00:00,"323,9318773451813","1178,859985",4,3,2024-10-14
2024-10-14 19:00:00,"311,9476299495753","851,460022",4,3,2024-10-14
2024-10-14 20:00:00,"292,2689558039996","743,580017",4,3,2024-10-14
2024-10-14 21:00:00,"273,38695614171735","707,309998",4,3,2024-10-14
2024-10-14 22:00:00,"243,5688009216076","680,679993",4,3,2024-10-14
2024-10-14 23:00:00,"250,07563378441515","645,320007",4,3,2024-10-14
2024-10-15 00:00:00,"250,2208777776595","659,190002",4,3,2024-10-15
2024-10-15 01:00:00,"250,2775095979358","627,039978",4,3,2024-10-15
2024-10-15 02:00:00,"264,13364108359536","602,859985",4,3,2024-10-15
2024-10-15 03:00:00,"294,2219311692356","667,849976",4,3,2024-10-15
2024-10-15 04:00:00,"313,02555378360427","854,530029",4,3,2024-10-15
2024-10-15 05:00:00,"339,51645634113567","1383,22998",4,3,2024-10-15
2024-10-15 06:00:00,"416,870689506266","1317,719971",4,3,2024-10-15
2024-10-15 07:00:00,"497,6964001069847","824,76001",4,3,2024-10-15
2024-10-15 08:00:00,"530,2991255577133","692,02002",4,3,2024-10-15
2024-10-15 09:00:00,"562,5717086309755","619,650024",4,3,2024-10-15
2024-10-15 10:00:00,"494,0294534774683","585,47998",4,3,2024-10-15
2024-10-15 11:00:00,"487,38470185930083","535,340027",4,3,2024-10-15
2024-10-15 12:00:00,"487,5190684449862","566,299988",4,3,2024-10-15
2024-10-15 13:00:00,"530,9705524388506","621,960022",4,3,2024-10-15
2024-10-15 14:00:00,"659,7227869640553","664,27002",4,3,2024-10-15
2024-10-15 15:00:00,"736,2832954592934","900,48999",4,3,2024-10-15
2024-10-15 16:00:00,"835,2018019022136","1020,609985",4,3,2024-10-15
2024-10-15 17:00:00,"998,5481634063801","726,049988",4,3,2024-10-15
2024-10-15 18:00:00,"816,9499618595572","568,98999",4,3,2024-10-15
2024-10-15 19:00:00,"662,8086882625269","497,290009",4,3,2024-10-15
2024-10-15 20:00:00,"614,0452506536653","445,059998",4,3,2024-10-15
2024-10-15 21:00:00,"494,11554465651676","304,269989",4,3,2024-10-15
2024-10-15 22:00:00,"479,20110969994266","174,210007",4,3,2024-10-15
2024-10-15 23:00:00,"450,6892969832387","95,5",4,3,2024-10-15
2024-10-16 00:00:00,"426,9087508380718","39,540001",4,3,2024-10-16
2024-10-16 01:00:00,"382,1129831814205","26,93",4,3,2024-10-16
2024-10-16 02:00:00,"293,6883828521622","23,58",4,3,2024-10-16
2024-10-16 03:00:00,"297,83999701856993","61,18",4,3,2024-10-16
2024-10-16 04:00:00,"297,23059959078773","301,049988",4,3,2024-10-16
2024-10-16 05:00:00,"414,02135905513705","353,720001",4,3,2024-10-16
2024-10-16 06:00:00,"489,4475207045607","406,23999",4,3,2024-10-16
2024-10-16 07:00:00,"451,042928227581","354,76001",4,3,2024-10-16
2024-10-16 08:00:00,"445,6522083781551","199,059998",4,3,2024-10-16
2024-10-16 09:00:00,"429,36916770732176","105,650002",4,3,2024-10-16
2024-10-16 10:00:00,"357,5094959010066","30,51",4,3,2024-10-16
2024-10-16 11:00:00,"279,0432193263079","15,22",4,3,2024-10-16
2024-10-16 12:00:00,"267,4126154221467","29,84",4,3,2024-10-16
2024-10-16 13:00:00,"298,59003491873887","105,800003",4,3,2024-10-16
2024-10-16 14:00:00,"323,6881062375468","246,210007",4,3,2024-10-16
2024-10-16 15:00:00,"376,03794082668594","263,0",4,3,2024-10-16
2024-10-16 16:00:00,"354,43883078898205","277,470001",4,3,2024-10-16
2024-10-16 17:00:00,"364,2624600457915","272,470001",4,3,2024-10-16
2024-10-16 18:00:00,"338,3790014718862","267,470001",4,3,2024-10-16
2024-10-16 19:00:00,"321,7346677264218","257,619995",4,3,2024-10-16
2024-10-16 20:00:00,"318,00881966111524","242,029999",4,3,2024-10-16
2024-10-16 21:00:00,"320,24305588555836","198,009995",4,3,2024-10-16
2024-10-16 22:00:00,"312,313425347473","127,129997",4,3,2024-10-16
2024-10-16 23:00:00,"294,26935176344205","90,650002",4,3,2024-10-16
2024-10-17 00:00:00,"285,692938377516","78,190002",4,3,2024-10-17
2024-10-17 01:00:00,"279,22171623890233","41,860001",4,3,2024-10-17
2024-10-17 02:00:00,"275,08880572688435","74,68",4,3,2024-10-17
2024-10-17 03:00:00,"303,74501972100086","216,139999",4,3,2024-10-17
2024-10-17 04:00:00,"323,98247809602066","261,730011",4,3,2024-10-17
2024-10-17 05:00:00,"403,8838352698863","298,660004",4,3,2024-10-17
2024-10-17 06:00:00,"414,13782761242163","306,790009",4,3,2024-10-17
2024-10-17 07:00:00,"432,3673948347229","301,869995",4,3,2024-10-17
2024-10-17 08:00:00,"389,1667454955189","286,940002",4,3,2024-10-17
2024-10-17 09:00:00,"277,0651280626858","287,089996",4,3,2024-10-17
2024-10-17 10:00:00,"211,23633081918956","290,670013",4,3,2024-10-17
2024-10-17 11:00:00,"157,13796513417816","305,299988",4,3,2024-10-17
2024-10-17 12:00:00,"180,7721484407922","322,980011",4,3,2024-10-17
2024-10-17 13:00:00,"264,30092112206313","474,140015",4,3,2024-10-17
2024-10-17 14:00:00,"307,9163954759235","691,469971",4,3,2024-10-17
2024-10-17 15:00:00,"311,3267664681765","893,059998",4,3,2024-10-17
2024-10-17 16:00:00,"351,59617842155336","1292,290039",4,3,2024-10-17
2024-10-17 17:00:00,"370,288329342643","1275,810059",4,3,2024-10-17
2024-10-17 18:00:00,"412,13403968876406","876,650024",4,3,2024-10-17
2024-10-17 19:00:00,"388,7072696153064","729,75",4,3,2024-10-17
2024-10-17 20:00:00,"323,26670288548627","664,390015",4,3,2024-10-17
2024-10-17 21:00:00,"316,7353456272207","613,359985",4,3,2024-10-17
2024-10-17 22:00:00,"289,2939276427094","603,929993",4,3,2024-10-17
2024-10-17 23:00:00,"256,15580044723265","605,5",4,3,2024-10-17
2024-10-18 00:00:00,"241,8303156838052","617,210022",4,3,2024-10-18
2024-10-18 01:00:00,"244,48745704052223","588,190002",4,3,2024-10-18
2024-10-18 02:00:00,"247,57370676041572","605,72998",4,3,2024-10-18
2024-10-18 03:00:00,"249,65799397439986","629,22998",4,3,2024-10-18
2024-10-18 04:00:00,"266,91398101640317","737,780029",4,3,2024-10-18
2024-10-18 05:00:00,"456,2628765597344","1117,449951",4,3,2024-10-18
2024-10-18 06:00:00,"594,0644152424828","1165,640015",4,3,2024-10-18
2024-10-18 07:00:00,"566,9008205666402","828,130005",4,3,2024-10-18
2024-10-18 08:00:00,"462,6879430322644","714,429993",4,3,2024-10-18
2024-10-18 09:00:00,"376,7364992981947","636,390015",4,3,2024-10-18
2024-10-18 10:00:00,"278,0412968248628","618,929993",4,3,2024-10-18
2024-10-18 11:00:00,"272,6388009951912","598,340027",4,3,2024-10-18
2024-10-18 12:00:00,"276,854923291555","605,72998",4,3,2024-10-18
2024-10-18 13:00:00,"281,74995386839464","629,22998",4,3,2024-10-18
2024-10-18 14:00:00,"291,27989422261186","770,599976",4,3,2024-10-18
2024-10-18 15:00:00,"308,5672823414861","997,26001",4,3,2024-10-18
2024-10-18 16:00:00,"420,2739701074427","1352,459961",4,3,2024-10-18
2024-10-18 17:00:00,"565,290269573632","1063,72998",4,3,2024-10-18
2024-10-18 18:00:00,"617,532933443188","770,309998",4,3,2024-10-18
2024-10-18 19:00:00,"572,530962728476","722,409973",4,3,2024-10-18
2024-10-18 20:00:00,"554,8612052169535","695,77002",4,3,2024-10-18
2024-10-18 21:00:00,"480,9585329649432","638,179993",4,3,2024-10-18
2024-10-18 22:00:00,"451,3343804915567","649,27002",4,3,2024-10-18
2024-10-18 23:00:00,"407,62034796637033","619,210022",4,3,2024-10-18
2024-10-19 00:00:00,"284,640505532767","595,940002",4,3,2024-10-19
2024-10-19 01:00:00,"275,6031973397733","561,27002",4,3,2024-10-19
2024-10-19 02:00:00,"274,7161143470907","565,809998",4,3,2024-10-19
2024-10-19 03:00:00,"273,65289306531923","572,530029",4,3,2024-10-19
2024-10-19 04:00:00,"284,1525003927262","596,619995",4,3,2024-10-19
2024-10-19 05:00:00,"306,6947955228052","685,440002",4,3,2024-10-19
2024-10-19 06:00:00,"315,9478623378791","668,659973",4,3,2024-10-19
2024-10-19 07:00:00,"294,6352361379988","630,919983",4,3,2024-10-19
2024-10-19 08:00:00,"265,7231354292599","587,669983",4,3,2024-10-19
2024-10-19 09:00:00,"236,19557336524903","546,799988",4,3,2024-10-19
2024-10-19 10:00:00,"173,08119203216785","493,399994",4,3,2024-10-19
2024-10-19 11:00:00,"135,55046611285462","454,619995",4,3,2024-10-19
2024-10-19 12:00:00,"143,62597809471657","476,470001",4,3,2024-10-19
2024-10-19 13:00:00,"174,73435938522775","589,679993",4,3,2024-10-19
2024-10-19 14:00:00,"258,36168600165325","731,52002",4,3,2024-10-19
2024-10-19 15:00:00,"309,5976213781171","813,929993",4,3,2024-10-19
2024-10-19 16:00:00,"327,06626225683857","1012,900024",4,3,2024-10-19
2024-10-19 17:00:00,"331,7435962851377","886,940002",4,3,2024-10-19
2024-10-19 18:00:00,"320,00256749136304","721,900024",4,3,2024-10-19
2024-10-19 19:00:00,"318,6725489845825","672,530029",4,3,2024-10-19
2024-10-19 20:00:00,"310,40597132416957","625,179993",4,3,2024-10-19
2024-10-19 21:00:00,"297,82571419513033","546,869995",4,3,2024-10-19
2024-10-19 22:00:00,"227,52497565990515","403,059998",4,3,2024-10-19
2024-10-19 23:00:00,"221,27133935710378","409,470001",4,3,2024-10-19
2024-10-20 00:00:00,"225,478748231033","407,079987",4,3,2024-10-20
2024-10-20 01:00:00,"223,50045072387482","417,0",4,3,2024-10-20
2024-10-20 02:00:00,"224,63413446682938","444,450012",4,3,2024-10-20
2024-10-20 03:00:00,"225,8867969035998","241,880005",4,3,2024-10-20
2024-10-20 04:00:00,"228,72822814689872","240,389999",4,3,2024-10-20
2024-10-20 05:00:00,"235,33086499023952","291,329987",4,3,2024-10-20
2024-10-20 06:00:00,"256,4076947238543","359,950012",4,3,2024-10-20
2024-10-20 07:00:00,"221,01373488457045","341,230011",4,3,2024-10-20
2024-10-20 08:00:00,"91,14263249550937","47,509998",4,3,2024-10-20
2024-10-20 09:00:00,"45,75754426576435","0,6",4,3,2024-10-20
2024-10-20 10:00:00,"11,782363341799604","0,0",4,3,2024-10-20
2024-10-20 11:00:00,"0,4528762557715048","-7,31",4,3,2024-10-20
2024-10-20 12:00:00,"-19,033270179562702","-14,99",4,3,2024-10-20
2024-10-20 13:00:00,"-8,361815810983765","0,0",4,3,2024-10-20
2024-10-20 14:00:00,"179,65301760469384","38,040001",4,3,2024-10-20
2024-10-20 15:00:00,"278,2832292586323","413,570007",4,3,2024-10-20
2024-10-20 16:00:00,"322,0968551901677","318,25",4,3,2024-10-20
2024-10-20 17:00:00,"336,88504071655916","268,950012",4,3,2024-10-20
2024-10-20 18:00:00,"323,67652371099024","252,919998",4,3,2024-10-20
2024-10-20 19:00:00,"314,57083096596193","156,259995",4,3,2024-10-20
2024-10-20 20:00:00,"312,53602106361103","90,620003",4,3,2024-10-20
2024-10-20 21:00:00,"290,5838748024899","14,39",4,3,2024-10-20
2024-10-20 22:00:00,"226,4339214033334","-0,75",4,3,2024-10-20
2024-10-20 23:00:00,"196,42232108774672","-0,75",4,3,2024-10-20
2024-10-21 00:00:00,"162,4282583149761","-1,04",4,4,2024-10-21
2024-10-21 01:00:00,"165,1651175380106","-0,6",4,4,2024-10-21
2024-10-21 02:00:00,"195,37650760808253","-0,3",4,4,2024-10-21
2024-10-21 03:00:00,"256,71553062382196","24,24",4,4,2024-10-21
2024-10-21 04:00:00,"424,44144035691073","32,59",4,4,2024-10-21
2024-10-21 05:00:00,"570,0038914970647","301,170013",4,4,2024-10-21
2024-10-21 06:00:00,"576,0348310805007","292,070007",4,4,2024-10-21
2024-10-21 07:00:00,"488,0969285500833","240,160004",4,4,2024-10-21
2024-10-21 08:00:00,"473,18345619649205","215,399994",4,4,2024-10-21
2024-10-21 09:00:00,"408,9932721644773","208,690002",4,4,2024-10-21
2024-10-21 10:00:00,"310,7792993568634","188,479996",4,4,2024-10-21
2024-10-21 11:00:00,"291,89219469082263","209,729996",4,4,2024-10-21
2024-10-21 12:00:00,"286,64451619326024","168,710007",4,4,2024-10-21
2024-10-21 13:00:00,"326,06140333955585","434,609985",4,4,2024-10-21
2024-10-21 14:00:00,"456,5296653911001","670,289978",4,4,2024-10-21
2024-10-21 15:00:00,"491,11623289131194","969,900024",4,4,2024-10-21
2024-10-21 16:00:00,"848,4539629055582","1582,319946",4,4,2024-10-21
2024-10-21 17:00:00,"906,3928049011306","1404,810059",4,4,2024-10-21
2024-10-21 18:00:00,"773,5943139140293","957,969971",4,4,2024-10-21
2024-10-21 19:00:00,"584,6906895995608","750,320007",4,4,2024-10-21
2024-10-21 20:00:00,"489,8663859203987","729,440002",4,4,2024-10-21
2024-10-21 21:00:00,"452,0431855544273","693,419983",4,4,2024-10-21
2024-10-21 22:00:00,"402,574751979203","666,929993",4,4,2024-10-21
2024-10-21 23:00:00,"253,51542569325937","652,76001",4,4,2024-10-21
2024-10-22 00:00:00,"250,06438757228574","639,109985",4,4,2024-10-22
2024-10-22 01:00:00,"250,6999974263339","623,52002",4,4,2024-10-22
2024-10-22 02:00:00,"258,780125035872","619,190002",4,4,2024-10-22
2024-10-22 03:00:00,"302,1986965375899","641,419983",4,4,2024-10-22
2024-10-22 04:00:00,"327,0633330644266","731,960022",4,4,2024-10-22
2024-10-22 05:00:00,"624,031622794422","1118,76001",4,4,2024-10-22
2024-10-22 06:00:00,"723,7942206934941","1215,27002",4,4,2024-10-22
2024-10-22 07:00:00,"716,619653391702","846,080017",4,4,2024-10-22
2024-10-22 08:00:00,"601,6776919707254","736,809998",4,4,2024-10-22
2024-10-22 09:00:00,"562,7297444614212","639,109985",4,4,2024-10-22
2024-10-22 10:00:00,"505,0931208392169","246,720001",4,4,2024-10-22
2024-10-22 11:00:00,"471,6730016716833","232,550003",4,4,2024-10-22
2024-10-22 12:00:00,"464,9527469160304","225,539993",4,4,2024-10-22
2024-10-22 13:00:00,"471,1834950174309","229,789993",4,4,2024-10-22
2024-10-22 14:00:00,"484,5877404938835","263,130005",4,4,2024-10-22
2024-10-22 15:00:00,"427,38874689999255","759,109985",4,4,2024-10-22
2024-10-22 16:00:00,"525,3307794288188","1043,579956",4,4,2024-10-22
2024-10-22 17:00:00,"472,34624994182525","1176,560059",4,4,2024-10-22
2024-10-22 18:00:00,"405,2620259855371","850,400024",4,4,2024-10-22
2024-10-22 19:00:00,"374,5326867174633","697,72998",4,4,2024-10-22
2024-10-22 20:00:00,"320,61545666396955","713,919983",4,4,2024-10-22
2024-10-22 21:00:00,"295,8277565024675","658,950012",4,4,2024-10-22
2024-10-22 22:00:00,"283,8005041907126","602,789978",4,4,2024-10-22
2024-10-22 23:00:00,"254,66889860672197","620,690002",4,4,2024-10-22
2024-10-23 00:00:00,"244,31062250604535","611,669983",4,4,2024-10-23
2024-10-23 01:00:00,"230,03533239677233","620,539978",4,4,2024-10-23
2024-10-23 02:00:00,"257,7097463486779","639,859985",4,4,2024-10-23
2024-10-23 03:00:00,"270,2794408522753","675,950012",4,4,2024-10-23
2024-10-23 04:00:00,"334,1716646582814","780,950012",4,4,2024-10-23
2024-10-23 05:00:00,"430,89783615174787","1025,329956",4,4,2024-10-23
2024-10-23 06:00:00,"546,6956796496162","1205,72998",4,4,2024-10-23
2024-10-23 07:00:00,"578,6794274323566","957,690002",4,4,2024-10-23
2024-10-23 08:00:00,"491,14577696677213","776,330017",4,4,2024-10-23
2024-10-23 09:00:00,"416,6049015750113","693,700012",4,4,2024-10-23
2024-10-23 10:00:00,"332,13419127324227","600,929993",4,4,2024-10-23
2024-10-23 11:00:00,"247,694290141348","574,75",4,4,2024-10-23
2024-10-23 12:00:00,"231,996017992623","562,450012",4,4,2024-10-23
2024-10-23 13:00:00,"264,7034785092074","657,830017",4,4,2024-10-23
2024-10-23 14:00:00,"317,81926539158275","696,22998",4,4,2024-10-23
2024-10-23 15:00:00,"377,44722422395654","1009,669983",4,4,2024-10-23
2024-10-23 16:00:00,"391,0335082083146","1428,859985",4,4,2024-10-23
2024-10-23 17:00:00,"349,8292991865617","1312,52002",4,4,2024-10-23
2024-10-23 18:00:00,"331,6309026437024","833,080017",4,4,2024-10-23
2024-10-23 19:00:00,"323,57923102021687","754,849976",4,4,2024-10-23
2024-10-23 20:00:00,"312,255246344301","767,599976",4,4,2024-10-23
2024-10-23 21:00:00,"304,1631337633776","694,73999",4,4,2024-10-23
2024-10-23 22:00:00,"281,29398245955423","647,059998",4,4,2024-10-23
2024-10-23 23:00:00,"263,1436866660484","597,460022",4,4,2024-10-23
2024-10-24 00:00:00,"247,06208026526085","582,469971",4,4,2024-10-24
2024-10-24 01:00:00,"217,9796866472282","564,349976",4,4,2024-10-24
2024-10-24 02:00:00,"222,98386646360987","532,200012",4,4,2024-10-24
2024-10-24 03:00:00,"276,17545965431776","597,909973",4,4,2024-10-24
2024-10-24 04:00:00,"332,48887942174645","748,409973",4,4,2024-10-24
2024-10-24 05:00:00,"409,90594658272965","1057,98999",4,4,2024-10-24
2024-10-24 06:00:00,"419,55827289929385","1233,47998",4,4,2024-10-24
2024-10-24 07:00:00,"463,45688768363783","874,820007",4,4,2024-10-24
2024-10-24 08:00:00,"451,240169085185","760,049988",4,4,2024-10-24
2024-10-24 09:00:00,"378,7510450234396","693,969971",4,4,2024-10-24
2024-10-24 10:00:00,"281,66787101113493","626,169983",4,4,2024-10-24
2024-10-24 11:00:00,"223,60089011489993","590,299988",4,4,2024-10-24
2024-10-24 12:00:00,"258,10807519854785","607,900024",4,4,2024-10-24
2024-10-24 13:00:00,"314,78868714149877","713,72998",4,4,2024-10-24
2024-10-24 14:00:00,"326,0936408649523","809,869995",4,4,2024-10-24
2024-10-24 15:00:00,"328,2593392452167","921,659973",4,4,2024-10-24
2024-10-24 16:00:00,"369,1251597454218","1034,430054",4,4,2024-10-24
2024-10-24 17:00:00,"388,5458756025209","851,630005",4,4,2024-10-24
2024-10-24 18:00:00,"383,99716098314224","720,52002",4,4,2024-10-24
2024-10-24 19:00:00,"326,2488622704121","698,369995",4,4,2024-10-24
2024-10-24 20:00:00,"306,71369887848675","670,47998",4,4,2024-10-24
2024-10-24 21:00:00,"306,3874742277202","623,559998",4,4,2024-10-24
2024-10-24 22:00:00,"304,47720718711304","615,460022",4,4,2024-10-24
2024-10-24 23:00:00,"302,06189727289546","612,25",4,4,2024-10-24
2024-10-25 00:00:00,"322,0979146686758","594,48999",4,4,2024-10-25
2024-10-25 01:00:00,"325,03629681177625","616,200012",4,4,2024-10-25
2024-10-25 02:00:00,"326,1457609332364","630,150024",4,4,2024-10-25
2024-10-25 03:00:00,"326,62095586939085","705,650024",4,4,2024-10-25
2024-10-25 04:00:00,"344,4434075540464","812,700012",4,4,2024-10-25
2024-10-25 05:00:00,"474,9801350986843","923,190002",4,4,2024-10-25
2024-10-25 06:00:00,"604,0699952462663","1123,410034",4,4,2024-10-25
2024-10-25 07:00:00,"628,2705519146066","913,340027",4,4,2024-10-25
2024-10-25 08:00:00,"648,7153967191804","806,809998",4,4,2024-10-25
2024-10-25 09:00:00,"582,7978932586478","700,5",4,4,2024-10-25
2024-10-25 10:00:00,"532,4732505012437","604,859985",4,4,2024-10-25
2024-10-25 11:00:00,"493,740995121013","583,22998",4,4,2024-10-25
2024-10-25 12:00:00,"508,38769245627145","615,22998",4,4,2024-10-25
2024-10-25 13:00:00,"547,9159612725977","741,01001",4,4,2024-10-25
2024-10-25 14:00:00,"616,8498338292134","880,51001",4,4,2024-10-25
2024-10-25 15:00:00,"697,11033448523","1184,140015",4,4,2024-10-25
2024-10-25 16:00:00,"765,4014434344585","1695,829956",4,4,2024-10-25
2024-10-25 17:00:00,"750,4766714350473","1379,0",4,4,2024-10-25
2024-10-25 18:00:00,"729,3327386567657","924,01001",4,4,2024-10-25
2024-10-25 19:00:00,"723,6676053257119","867,530029",4,4,2024-10-25
2024-10-25 20:00:00,"717,9428734620905","850,150024",4,4,2024-10-25
2024-10-25 21:00:00,"639,4164267882462","801,210022",4,4,2024-10-25
2024-10-25 22:00:00,"627,2538379366597","860,150024",4,4,2024-10-25
2024-10-25 23:00:00,"580,7412873267708","818,0",4,4,2024-10-25
2024-10-26 00:00:00,"566,8194877612502","797,929993",4,4,2024-10-26
2024-10-26 01:00:00,"555,0207334008743","804,200012",4,4,2024-10-26
2024-10-26 02:00:00,"551,511753743106","788,599976",4,4,2024-10-26
2024-10-26 03:00:00,"554,2281315489041","796,960022",4,4,2024-10-26
2024-10-26 04:00:00,"575,7874842741271","850,0",4,4,2024-10-26
2024-10-26 05:00:00,"608,825982334312","937,890015",4,4,2024-10-26
2024-10-26 06:00:00,"596,1911589925086","940,059998",4,4,2024-10-26
2024-10-26 07:00:00,"563,2532245995839","877,159973",4,4,2024-10-26
2024-10-26 08:00:00,"476,81927821007923","756,450012",4,4,2024-10-26
2024-10-26 09:00:00,"432,6845935331135","607,900024",4,4,2024-10-26
2024-10-26 10:00:00,"339,57555884256857","509,940002",4,4,2024-10-26
2024-10-26 11:00:00,"261,2800135078658","472,269989",4,4,2024-10-26
2024-10-26 12:00:00,"285,4801719086409","481,589996",4,4,2024-10-26
2024-10-26 13:00:00,"309,4606601755896","607,599976",4,4,2024-10-26
2024-10-26 14:00:00,"325,9855926377608","750,549988",4,4,2024-10-26
2024-10-26 15:00:00,"340,7626399239329","938,039978",4,4,2024-10-26
2024-10-26 16:00:00,"354,78933601902264","1125,829956",4,4,2024-10-26
2024-10-26 17:00:00,"348,61742547396926","885,890015",4,4,2024-10-26
2024-10-26 18:00:00,"332,9398417614982","719,809998",4,4,2024-10-26
2024-10-26 19:00:00,"317,2249720556108","662,219971",4,4,2024-10-26
2024-10-26 20:00:00,"299,9029161456619","652,820007",4,4,2024-10-26
2024-10-26 21:00:00,"277,1191187865214","571,719971",4,4,2024-10-26
2024-10-26 22:00:00,"221,20372759072725","688,119995",4,4,2024-10-26
2024-10-26 23:00:00,"218,31143945743003","626,780029",4,4,2024-10-26
2024-10-27 00:00:00,"217,40867325923395","613,570007",4,4,2024-10-27
2024-10-27 01:00:00,"214,8752123985055","600,140015",4,4,2024-10-27
2024-10-27 02:00:00,"218,0827346822763","592,530029",4,4,2024-10-27
2024-10-27 03:00:00,"216,55042556717882","587,900024",4,4,2024-10-27
2024-10-27 04:00:00,"202,47241812377632","635,289978",4,4,2024-10-27
2024-10-27 05:00:00,"222,55230393505826","665,659973",4,4,2024-10-27
2024-10-27 06:00:00,"238,84128872884492","657,0",4,4,2024-10-27
2024-10-27 07:00:00,"222,68864082460223","629,320007",4,4,2024-10-27
2024-10-27 08:00:00,"104,20676512868405","496,049988",4,4,2024-10-27
2024-10-27 09:00:00,"45,60556456727241","408,299988",4,4,2024-10-27
2024-10-27 10:00:00,"7,416629870195998","317,119995",4,4,2024-10-27
2024-10-27 11:00:00,"-4,88927516949032","298,390015",4,4,2024-10-27
2024-10-27 12:00:00,"-31,07198381193072","298,470001",4,4,2024-10-27
2024-10-27 13:00:00,"-8,872583929485739","480,01001",4,4,2024-10-27
2024-10-27 14:00:00,"147,24514885372395","753,109985",4,4,2024-10-27
2024-10-27 15:00:00,"194,0045681803585","878,97998",4,4,2024-10-27
2024-10-27 16:00:00,"300,39710802287726","1106,569946",4,4,2024-10-27
2024-10-27 17:00:00,"313,39668060702365","1087,23999",4,4,2024-10-27
2024-10-27 18:00:00,"309,9115913940777","973,52002",4,4,2024-10-27
2024-10-27 19:00:00,"275,2717856064479","881,299988",4,4,2024-10-27
2024-10-27 20:00:00,"252,43933829465396","831,159973",4,4,2024-10-27
2024-10-27 21:00:00,"213,887545831273","820,48999",4,4,2024-10-27
2024-10-27 22:00:00,"166,65930867397455","651,109985",4,4,2024-10-27
2024-10-27 23:00:00,"159,32660628075848","713,340027",4,4,2024-10-27
