Time,Prediction,DKPrice,fold,week,Date
2024-01-01 00:00:00,"220,33982927152957","212,160004",1,1,2024-01-01
2024-01-01 01:00:00,"213,67162022857028","198,740005",1,1,2024-01-01
2024-01-01 02:00:00,"203,92590417158118","182,490005",1,1,2024-01-01
2024-01-01 03:00:00,"206,71910633008014","178,990005",1,1,2024-01-01
2024-01-01 04:00:00,"235,53140147506159","118,379997",1,1,2024-01-01
2024-01-01 05:00:00,"280,53949528296494","118,309998",1,1,2024-01-01
2024-01-01 06:00:00,"356,41437648453575","164,300003",1,1,2024-01-01
2024-01-01 07:00:00,"397,3794032020103","189,5",1,1,2024-01-01
2024-01-01 08:00:00,"417,521809435538","240,119995",1,1,2024-01-01
2024-01-01 09:00:00,"414,3240590231645","308,179993",1,1,2024-01-01
2024-01-01 10:00:00,"404,26984581698275","324,359985",1,1,2024-01-01
2024-01-01 11:00:00,"394,20389087933165","320,700012",1,1,2024-01-01
2024-01-01 12:00:00,"379,6961066048355","330,170013",1,1,2024-01-01
2024-01-01 13:00:00,"382,2320365639366","344,709991",1,1,2024-01-01
2024-01-01 14:00:00,"393,0137567693146","377,290009",1,1,2024-01-01
2024-01-01 15:00:00,"432,10137861053886","443,329987",1,1,2024-01-01
2024-01-01 16:00:00,"466,9220990378007","484,480011",1,1,2024-01-01
2024-01-01 17:00:00,"498,47895822022457","460,26001",1,1,2024-01-01
2024-01-01 18:00:00,"487,1465943332717","410,529999",1,1,2024-01-01
2024-01-01 19:00:00,"439,0870346409738","357,899994",1,1,2024-01-01
2024-01-01 20:00:00,"417,03532507392686","328,079987",1,1,2024-01-01
2024-01-01 21:00:00,"394,4396021362496","336,959991",1,1,2024-01-01
2024-01-01 22:00:00,"341,18890264993576","283,279999",1,1,2024-01-01
2024-01-01 23:00:00,"323,9214678204374","283,279999",1,1,2024-01-01
2024-01-02 00:00:00,"308,48303626109873","250,179993",1,1,2024-01-02
2024-01-02 01:00:00,"308,54411849745566","238,779999",1,1,2024-01-02
2024-01-02 02:00:00,"312,40065245849496","240,710007",1,1,2024-01-02
2024-01-02 03:00:00,"315,13990430938867","273,589996",1,1,2024-01-02
2024-01-02 04:00:00,"335,9422620543378","311,01001",1,1,2024-01-02
2024-01-02 05:00:00,"397,140382221887","366,630005",1,1,2024-01-02
2024-01-02 06:00:00,"476,67849359485365","437,970001",1,1,2024-01-02
2024-01-02 07:00:00,"554,4657051587342","489,549988",1,1,2024-01-02
2024-01-02 08:00:00,"556,3775819062498","492,829987",1,1,2024-01-02
2024-01-02 09:00:00,"563,7537464398769","514,22998",1,1,2024-01-02
2024-01-02 10:00:00,"556,7510659265723","548,219971",1,1,2024-01-02
2024-01-02 11:00:00,"546,9432074434593","582,659973",1,1,2024-01-02
2024-01-02 12:00:00,"531,2116696872598","587,960022",1,1,2024-01-02
2024-01-02 13:00:00,"538,8962506141299","590,719971",1,1,2024-01-02
2024-01-02 14:00:00,"700,4832256211255","596,080017",1,1,2024-01-02
2024-01-02 15:00:00,"738,3000429318403","607,26001",1,1,2024-01-02
2024-01-02 16:00:00,"714,6915797987375","603,23999",1,1,2024-01-02
2024-01-02 17:00:00,"661,2729329617038","558,72998",1,1,2024-01-02
2024-01-02 18:00:00,"509,1040695762124","470,98999",1,1,2024-01-02
2024-01-02 19:00:00,"389,08781021073963","425,73999",1,1,2024-01-02
2024-01-02 20:00:00,"363,54290948612623","358,130005",1,1,2024-01-02
2024-01-02 21:00:00,"342,7655550171831","298,190002",1,1,2024-01-02
2024-01-02 22:00:00,"315,7821841873497","223,639999",1,1,2024-01-02
2024-01-02 23:00:00,"322,3226606988526","149,100006",1,1,2024-01-02
2024-01-03 00:00:00,"294,3260849999805","118,309998",1,1,2024-01-03
2024-01-03 01:00:00,"291,61553548704654","118,389999",1,1,2024-01-03
2024-01-03 02:00:00,"287,9322192999236","118,389999",1,1,2024-01-03
2024-01-03 03:00:00,"300,4081790175714","118,830002",1,1,2024-01-03
2024-01-03 04:00:00,"309,75382166607574","149,399994",1,1,2024-01-03
2024-01-03 05:00:00,"364,53587539971505","368,579987",1,1,2024-01-03
2024-01-03 06:00:00,"474,5399845400311","399,070007",1,1,2024-01-03
2024-01-03 07:00:00,"635,4238503793875","473,25",1,1,2024-01-03
2024-01-03 08:00:00,"660,8311028571429","484,51001",1,1,2024-01-03
2024-01-03 09:00:00,"707,3804708218981","448,720001",1,1,2024-01-03
2024-01-03 10:00:00,"681,1150564091203","447,01001",1,1,2024-01-03
2024-01-03 11:00:00,"680,7988961469755","445,820007",1,1,2024-01-03
2024-01-03 12:00:00,"590,9880227271193","438,809998",1,1,2024-01-03
2024-01-03 13:00:00,"618,367635361723","484,51001",1,1,2024-01-03
2024-01-03 14:00:00,"639,910607620205","513,140015",1,1,2024-01-03
2024-01-03 15:00:00,"644,8525415635314","548,619995",1,1,2024-01-03
2024-01-03 16:00:00,"668,4625448544435","613,409973",1,1,2024-01-03
2024-01-03 17:00:00,"640,498047808661","618,549988",1,1,2024-01-03
2024-01-03 18:00:00,"581,2562187719324","589,179993",1,1,2024-01-03
2024-01-03 19:00:00,"542,5239912316669","545,940002",1,1,2024-01-03
2024-01-03 20:00:00,"474,27818120581736","502,549988",1,1,2024-01-03
2024-01-03 21:00:00,"461,21938907889717","484,579987",1,1,2024-01-03
2024-01-03 22:00:00,"396,3756831323247","433,290009",1,1,2024-01-03
2024-01-03 23:00:00,"369,867062933679","437,850006",1,1,2024-01-03
2024-01-04 00:00:00,"367,4599612174045","399,73999",1,1,2024-01-04
2024-01-04 01:00:00,"353,6541724146776","406,0",1,1,2024-01-04
2024-01-04 02:00:00,"335,9912607596515","411,519989",1,1,2024-01-04
2024-01-04 03:00:00,"350,17480775017583","434,420013",1,1,2024-01-04
2024-01-04 04:00:00,"370,3212915018205","441,130005",1,1,2024-01-04
2024-01-04 05:00:00,"419,84657203235065","541,809998",1,1,2024-01-04
2024-01-04 06:00:00,"552,8791149972202","634,059998",1,1,2024-01-04
2024-01-04 07:00:00,"559,8640636741244","682,169983",1,1,2024-01-04
2024-01-04 08:00:00,"561,0904252225026","702,530029",1,1,2024-01-04
2024-01-04 09:00:00,"555,9955498815765","685,969971",1,1,2024-01-04
2024-01-04 10:00:00,"505,2462660534344","674,190002",1,1,2024-01-04
2024-01-04 11:00:00,"480,56398499287593","646,52002",1,1,2024-01-04
2024-01-04 12:00:00,"518,6384398311253","641,070007",1,1,2024-01-04
2024-01-04 13:00:00,"555,697620660238","686,940002",1,1,2024-01-04
2024-01-04 14:00:00,"653,5916518533948","735,48999",1,1,2024-01-04
2024-01-04 15:00:00,"653,710819794981","788,51001",1,1,2024-01-04
2024-01-04 16:00:00,"648,5815073731613","993,599976",1,1,2024-01-04
2024-01-04 17:00:00,"561,2861779517272","1078,77002",1,1,2024-01-04
2024-01-04 18:00:00,"517,644858540115","932,22998",1,1,2024-01-04
2024-01-04 19:00:00,"463,57979359639006","772,549988",1,1,2024-01-04
2024-01-04 20:00:00,"398,8578984108589","745,859985",1,1,2024-01-04
2024-01-04 21:00:00,"376,0503861015683","707,450012",1,1,2024-01-04
2024-01-04 22:00:00,"318,8914729132309","662,47998",1,1,2024-01-04
2024-01-04 23:00:00,"313,163656853425","662,570007",1,1,2024-01-04
2024-01-05 00:00:00,"284,68908262952925","619,76001",1,1,2024-01-05
2024-01-05 01:00:00,"263,8388119158314","596,710022",1,1,2024-01-05
2024-01-05 02:00:00,"250,90797105617173","597,97998",1,1,2024-01-05
2024-01-05 03:00:00,"249,6683867385604","615,280029",1,1,2024-01-05
2024-01-05 04:00:00,"284,6190741848654","657,419983",1,1,2024-01-05
2024-01-05 05:00:00,"351,3146000583451","818,909973",1,1,2024-01-05
2024-01-05 06:00:00,"410,90049758789445","1230,790039",1,1,2024-01-05
2024-01-05 07:00:00,"481,84103056266014","2230,280029",1,1,2024-01-05
2024-01-05 08:00:00,"458,16278177142334","1858,150024",1,1,2024-01-05
2024-01-05 09:00:00,"425,83822021984685","1908,430054",1,1,2024-01-05
2024-01-05 10:00:00,"404,6529730146277","1574,640015",1,1,2024-01-05
2024-01-05 11:00:00,"372,10280919142264","1516,23999",1,1,2024-01-05
2024-01-05 12:00:00,"358,86663351170836","1469,25",1,1,2024-01-05
2024-01-05 13:00:00,"363,0675676667374","1475,810059",1,1,2024-01-05
2024-01-05 14:00:00,"371,87251018578223","2237,209961",1,1,2024-01-05
2024-01-05 15:00:00,"425,35055586745386","3353,810059",1,1,2024-01-05
2024-01-05 16:00:00,"423,1670669554239","3925,22998",1,1,2024-01-05
2024-01-05 17:00:00,"399,52419156236033","2610,22998",1,1,2024-01-05
2024-01-05 18:00:00,"367,9260977189282","1356,839966",1,1,2024-01-05
2024-01-05 19:00:00,"325,69606232195935","1115,849976",1,1,2024-01-05
2024-01-05 20:00:00,"317,4409336413728","841,51001",1,1,2024-01-05
2024-01-05 21:00:00,"275,97878556684356","746,630005",1,1,2024-01-05
2024-01-05 22:00:00,"253,2275863247827","692,710022",1,1,2024-01-05
2024-01-05 23:00:00,"178,31294035859483","633,090027",1,1,2024-01-05
2024-01-06 00:00:00,"159,93390854780375","620,559998",1,1,2024-01-06
2024-01-06 01:00:00,"134,26783540569687","611,830017",1,1,2024-01-06
2024-01-06 02:00:00,"119,95082994003673","612,950012",1,1,2024-01-06
2024-01-06 03:00:00,"113,71427522614357","615,559998",1,1,2024-01-06
2024-01-06 04:00:00,"113,27599234039437","627,5",1,1,2024-01-06
2024-01-06 05:00:00,"129,7366900631375","630,109985",1,1,2024-01-06
2024-01-06 06:00:00,"155,18033913122235","652,109985",1,1,2024-01-06
2024-01-06 07:00:00,"184,58071748625204","677,77002",1,1,2024-01-06
2024-01-06 08:00:00,"238,56565439254788","708,419983",1,1,2024-01-06
2024-01-06 09:00:00,"243,41610635896842","748,929993",1,1,2024-01-06
2024-01-06 10:00:00,"249,8854933773047","773,090027",1,1,2024-01-06
2024-01-06 11:00:00,"243,1249638148834","763,25",1,1,2024-01-06
2024-01-06 12:00:00,"238,98765130257883","729,080017",1,1,2024-01-06
2024-01-06 13:00:00,"265,8386587649595","712,380005",1,1,2024-01-06
2024-01-06 14:00:00,"305,4544236978664","734,679993",1,1,2024-01-06
2024-01-06 15:00:00,"359,1877453740866","820,450012",1,1,2024-01-06
2024-01-06 16:00:00,"398,01422917447496","882,140015",1,1,2024-01-06
2024-01-06 17:00:00,"398,79181029325395","797,630005",1,1,2024-01-06
2024-01-06 18:00:00,"365,4691195182012","762,799988",1,1,2024-01-06
2024-01-06 19:00:00,"306,96233171239896","708,419983",1,1,2024-01-06
2024-01-06 20:00:00,"257,2228748636055","675,97998",1,1,2024-01-06
2024-01-06 21:00:00,"235,95883970809865","666,359985",1,1,2024-01-06
2024-01-06 22:00:00,"215,40917543991273","617,580017",1,1,2024-01-06
2024-01-06 23:00:00,"191,30162774851036","642,570007",1,1,2024-01-06
2024-01-07 00:00:00,"192,6726754811681","615,049988",1,1,2024-01-07
2024-01-07 01:00:00,"189,79119380267514","590,880005",1,1,2024-01-07
2024-01-07 02:00:00,"181,56448216944625","578,280029",1,1,2024-01-07
2024-01-07 03:00:00,"180,87572003362416","573,5",1,1,2024-01-07
2024-01-07 04:00:00,"193,26980858952814","577,460022",1,1,2024-01-07
2024-01-07 05:00:00,"190,14564581063811","585,140015",1,1,2024-01-07
2024-01-07 06:00:00,"210,0784192246207","599,460022",1,1,2024-01-07
2024-01-07 07:00:00,"248,85656001697902","628,099976",1,1,2024-01-07
2024-01-07 08:00:00,"247,91491738521316","653,159973",1,1,2024-01-07
2024-01-07 09:00:00,"244,30975319985134","669,419983",1,1,2024-01-07
2024-01-07 10:00:00,"248,25555854420992","686,130005",1,1,2024-01-07
2024-01-07 11:00:00,"241,51104248876075","682,469971",1,1,2024-01-07
2024-01-07 12:00:00,"242,31516688020224","652,789978",1,1,2024-01-07
2024-01-07 13:00:00,"232,05518536685665","650,630005",1,1,2024-01-07
2024-01-07 14:00:00,"245,15087562395394","676,059998",1,1,2024-01-07
2024-01-07 15:00:00,"253,78096401643822","717,609985",1,1,2024-01-07
2024-01-07 16:00:00,"252,21549545386432","777,719971",1,1,2024-01-07
2024-01-07 17:00:00,"237,05707865399162","791,299988",1,1,2024-01-07
2024-01-07 18:00:00,"212,73429271592076","772,349976",1,1,2024-01-07
2024-01-07 19:00:00,"187,67344007923796","749,599976",1,1,2024-01-07
2024-01-07 20:00:00,"194,32239888603183","695,97998",1,1,2024-01-07
2024-01-07 21:00:00,"169,2028754191535","680,01001",1,1,2024-01-07
2024-01-07 22:00:00,"138,94676442147863","625,48999",1,1,2024-01-07
2024-01-07 23:00:00,"156,90960324208677","649,059998",1,1,2024-01-07
2024-01-08 00:00:00,"177,78654507590727","628,919983",1,2,2024-01-08
2024-01-08 01:00:00,"170,33216963194994","610,27002",1,2,2024-01-08
2024-01-08 02:00:00,"155,96053891642038","590,059998",1,2,2024-01-08
2024-01-08 03:00:00,"148,5174528470461","585,359985",1,2,2024-01-08
2024-01-08 04:00:00,"159,7873316598936","612,359985",1,2,2024-01-08
2024-01-08 05:00:00,"196,25995048715987","703,359985",1,2,2024-01-08
2024-01-08 06:00:00,"242,00629268668635","829,559998",1,2,2024-01-08
2024-01-08 07:00:00,"263,85256768688583","903,330017",1,2,2024-01-08
2024-01-08 08:00:00,"264,95414707463067","900,48999",1,2,2024-01-08
2024-01-08 09:00:00,"273,4228177089055","849,549988",1,2,2024-01-08
2024-01-08 10:00:00,"284,27212137716543","787,200012",1,2,2024-01-08
2024-01-08 11:00:00,"275,06245553777694","729,76001",1,2,2024-01-08
2024-01-08 12:00:00,"280,19803013196525","707,690002",1,2,2024-01-08
2024-01-08 13:00:00,"288,4537598484436","764,219971",1,2,2024-01-08
2024-01-08 14:00:00,"298,5305847681074","825,22998",1,2,2024-01-08
2024-01-08 15:00:00,"312,9367318584168","954,719971",1,2,2024-01-08
2024-01-08 16:00:00,"327,7410428791103","986,869995",1,2,2024-01-08
2024-01-08 17:00:00,"329,4929396675809","969,710022",1,2,2024-01-08
2024-01-08 18:00:00,"318,1200686362017","910,859985",1,2,2024-01-08
2024-01-08 19:00:00,"305,0453535658887","851,859985",1,2,2024-01-08
2024-01-08 20:00:00,"315,92082056912744","766,97998",1,2,2024-01-08
2024-01-08 21:00:00,"312,6462581033422","745,719971",1,2,2024-01-08
2024-01-08 22:00:00,"273,9697681934394","682,400024",1,2,2024-01-08
2024-01-08 23:00:00,"240,54355763455882","657,710022",1,2,2024-01-08
2024-01-09 00:00:00,"235,25262472839654","649,359985",1,2,2024-01-09
2024-01-09 01:00:00,"221,61819308622043","634,140015",1,2,2024-01-09
2024-01-09 02:00:00,"247,27154837128975","627,719971",1,2,2024-01-09
2024-01-09 03:00:00,"253,32872339943032","639,51001",1,2,2024-01-09
2024-01-09 04:00:00,"289,9156918025628","666,070007",1,2,2024-01-09
2024-01-09 05:00:00,"323,6998768495106","809,530029",1,2,2024-01-09
2024-01-09 06:00:00,"337,88649284657765","925,539978",1,2,2024-01-09
2024-01-09 07:00:00,"386,53370465463007","994,099976",1,2,2024-01-09
2024-01-09 08:00:00,"406,3288113069994","902,039978",1,2,2024-01-09
2024-01-09 09:00:00,"402,6210752900864","844,450012",1,2,2024-01-09
2024-01-09 10:00:00,"382,58134657941974","789,169983",1,2,2024-01-09
2024-01-09 11:00:00,"370,68335363294705","747,690002",1,2,2024-01-09
2024-01-09 12:00:00,"352,7886386823037","752,159973",1,2,2024-01-09
2024-01-09 13:00:00,"358,9313481669831","838,26001",1,2,2024-01-09
2024-01-09 14:00:00,"511,25241255662627","903,390015",1,2,2024-01-09
2024-01-09 15:00:00,"562,756660449557","977,23999",1,2,2024-01-09
2024-01-09 16:00:00,"573,8861053803744","1029,170044",1,2,2024-01-09
2024-01-09 17:00:00,"551,576888345193","1028,050049",1,2,2024-01-09
2024-01-09 18:00:00,"535,1593763548932","973,070007",1,2,2024-01-09
2024-01-09 19:00:00,"495,84387744493347","897,039978",1,2,2024-01-09
2024-01-09 20:00:00,"452,5184431230445","833,179993",1,2,2024-01-09
2024-01-09 21:00:00,"443,42375193794794","792,150024",1,2,2024-01-09
2024-01-09 22:00:00,"428,6786216869695","724,340027",1,2,2024-01-09
2024-01-09 23:00:00,"384,37115067802466","665,900024",1,2,2024-01-09
2024-01-10 00:00:00,"387,0536102390873","647,039978",1,2,2024-01-10
2024-01-10 01:00:00,"392,07080374496496","646,809998",1,2,2024-01-10
2024-01-10 02:00:00,"359,2204597911796","642,039978",1,2,2024-01-10
2024-01-10 03:00:00,"329,88058397588134","643,599976",1,2,2024-01-10
2024-01-10 04:00:00,"342,1623086397732","664,109985",1,2,2024-01-10
2024-01-10 05:00:00,"349,7837787535037","812,0",1,2,2024-01-10
2024-01-10 06:00:00,"406,7979847479017","965,030029",1,2,2024-01-10
2024-01-10 07:00:00,"540,3874924864767","1066,459961",1,2,2024-01-10
2024-01-10 08:00:00,"566,5393412981912","972,419983",1,2,2024-01-10
2024-01-10 09:00:00,"578,0925051440983","905,890015",1,2,2024-01-10
2024-01-10 10:00:00,"559,829321053934","813,869995",1,2,2024-01-10
2024-01-10 11:00:00,"556,8136399748529","762,26001",1,2,2024-01-10
2024-01-10 12:00:00,"525,1266570888215","806,929993",1,2,2024-01-10
2024-01-10 13:00:00,"550,7051827935841","862,710022",1,2,2024-01-10
2024-01-10 14:00:00,"585,9121559907736","923,27002",1,2,2024-01-10
2024-01-10 15:00:00,"592,0432466041673","1004,109985",1,2,2024-01-10
2024-01-10 16:00:00,"626,3292908356144","1072,349976",1,2,2024-01-10
2024-01-10 17:00:00,"595,7134103273955","1044,089966",1,2,2024-01-10
2024-01-10 18:00:00,"550,8802766003026","985,539978",1,2,2024-01-10
2024-01-10 19:00:00,"508,5883675331905","894,929993",1,2,2024-01-10
2024-01-10 20:00:00,"400,66314267243064","818,559998",1,2,2024-01-10
2024-01-10 21:00:00,"377,4289359885603","779,26001",1,2,2024-01-10
2024-01-10 22:00:00,"335,75530549818274","716,169983",1,2,2024-01-10
2024-01-10 23:00:00,"309,6777793803944","684,27002",1,2,2024-01-10
2024-01-11 00:00:00,"303,3117777827415","660,700012",1,2,2024-01-11
2024-01-11 01:00:00,"278,4974138211576","650,710022",1,2,2024-01-11
2024-01-11 02:00:00,"257,4771043053621","614,390015",1,2,2024-01-11
2024-01-11 03:00:00,"272,0281401391581","611,179993",1,2,2024-01-11
2024-01-11 04:00:00,"288,0334667813914","666,440002",1,2,2024-01-11
2024-01-11 05:00:00,"324,576056232967","761,22998",1,2,2024-01-11
2024-01-11 06:00:00,"378,6193281345222","871,530029",1,2,2024-01-11
2024-01-11 07:00:00,"407,7497330276146","1051,569946",1,2,2024-01-11
2024-01-11 08:00:00,"373,71477701586855","963,27002",1,2,2024-01-11
2024-01-11 09:00:00,"365,8961083840209","847,590027",1,2,2024-01-11
2024-01-11 10:00:00,"346,8164156421856","794,119995",1,2,2024-01-11
2024-01-11 11:00:00,"336,0671878008444","741,169983",1,2,2024-01-11
2024-01-11 12:00:00,"354,85202104692524","738,340027",1,2,2024-01-11
2024-01-11 13:00:00,"369,0597340600954","790,390015",1,2,2024-01-11
2024-01-11 14:00:00,"405,9670450598011","879,73999",1,2,2024-01-11
2024-01-11 15:00:00,"407,005221644473","1024,349976",1,2,2024-01-11
2024-01-11 16:00:00,"420,3714553821187","1119,359985",1,2,2024-01-11
2024-01-11 17:00:00,"397,29173720115233","1019,429993",1,2,2024-01-11
2024-01-11 18:00:00,"391,50774910935894","986,76001",1,2,2024-01-11
2024-01-11 19:00:00,"345,38833912636613","887,119995",1,2,2024-01-11
2024-01-11 20:00:00,"303,5648356982259","799,419983",1,2,2024-01-11
2024-01-11 21:00:00,"280,37914802228903","745,789978",1,2,2024-01-11
2024-01-11 22:00:00,"226,69775987040455","725,059998",1,2,2024-01-11
2024-01-11 23:00:00,"205,68197752592022","678,890015",1,2,2024-01-11
2024-01-12 00:00:00,"187,62156937014942","657,859985",1,2,2024-01-12
2024-01-12 01:00:00,"162,8541938373467","635,48999",1,2,2024-01-12
2024-01-12 02:00:00,"164,62007998041452","631,090027",1,2,2024-01-12
2024-01-12 03:00:00,"159,81630016390784","628,929993",1,2,2024-01-12
2024-01-12 04:00:00,"198,2411357989955","636,23999",1,2,2024-01-12
2024-01-12 05:00:00,"238,45891729600618","686,869995",1,2,2024-01-12
2024-01-12 06:00:00,"297,83301167285657","881,130005",1,2,2024-01-12
2024-01-12 07:00:00,"337,70652346704514","1049,51001",1,2,2024-01-12
2024-01-12 08:00:00,"321,5802969815821","1006,409973",1,2,2024-01-12
2024-01-12 09:00:00,"300,024194712775","909,840027",1,2,2024-01-12
2024-01-12 10:00:00,"292,2293607042183","855,549988",1,2,2024-01-12
2024-01-12 11:00:00,"273,6999825802669","797,76001",1,2,2024-01-12
2024-01-12 12:00:00,"262,6907546630668","768,679993",1,2,2024-01-12
2024-01-12 13:00:00,"271,8205539506976","779,559998",1,2,2024-01-12
2024-01-12 14:00:00,"288,3858757204151","820,280029",1,2,2024-01-12
2024-01-12 15:00:00,"325,014302012496","894,849976",1,2,2024-01-12
2024-01-12 16:00:00,"336,5295537124875","950,780029",1,2,2024-01-12
2024-01-12 17:00:00,"333,6047589660433","939,590027",1,2,2024-01-12
2024-01-12 18:00:00,"296,98433688373024","890,900024",1,2,2024-01-12
2024-01-12 19:00:00,"250,73372091975958","811,26001",1,2,2024-01-12
2024-01-12 20:00:00,"242,99538099355604","734,369995",1,2,2024-01-12
2024-01-12 21:00:00,"244,75445319730665","696,27002",1,2,2024-01-12
2024-01-12 22:00:00,"173,79826400383948","634,969971",1,2,2024-01-12
2024-01-12 23:00:00,"156,6672443062522","564,030029",1,2,2024-01-12
2024-01-13 00:00:00,"126,81738295148452","558,140015",1,2,2024-01-13
2024-01-13 01:00:00,"87,36366668662205","549,200012",1,2,2024-01-13
2024-01-13 02:00:00,"93,73098606973565","532,190002",1,2,2024-01-13
2024-01-13 03:00:00,"87,27344213401778","538,679993",1,2,2024-01-13
2024-01-13 04:00:00,"98,42514627663512","414,230011",1,2,2024-01-13
2024-01-13 05:00:00,"129,20237393617663","340,179993",1,2,2024-01-13
2024-01-13 06:00:00,"168,0362994169358","381,790009",1,2,2024-01-13
2024-01-13 07:00:00,"193,46253547448185","500,799988",1,2,2024-01-13
2024-01-13 08:00:00,"271,44593674427966","546,659973",1,2,2024-01-13
2024-01-13 09:00:00,"283,2173405902936","537,039978",1,2,2024-01-13
2024-01-13 10:00:00,"295,0466698039319","529,289978",1,2,2024-01-13
2024-01-13 11:00:00,"288,76343678106525","521,609985",1,2,2024-01-13
2024-01-13 12:00:00,"285,7440702425528","474,779999",1,2,2024-01-13
2024-01-13 13:00:00,"319,62574059124984","506,390015",1,2,2024-01-13
2024-01-13 14:00:00,"379,691920181279","511,609985",1,2,2024-01-13
2024-01-13 15:00:00,"440,2411162551641","527,789978",1,2,2024-01-13
2024-01-13 16:00:00,"510,72284516444006","553,450012",1,2,2024-01-13
2024-01-13 17:00:00,"505,1000433935294","565,299988",1,2,2024-01-13
2024-01-13 18:00:00,"456,7382635980827","550,460022",1,2,2024-01-13
2024-01-13 19:00:00,"395,78958076602845","544,799988",1,2,2024-01-13
2024-01-13 20:00:00,"332,39875856909276","528,909973",1,2,2024-01-13
2024-01-13 21:00:00,"284,4290123797537","467,98999",1,2,2024-01-13
2024-01-13 22:00:00,"261,7045787124131","459,709991",1,2,2024-01-13
2024-01-13 23:00:00,"244,00882947219065","477,420013",1,2,2024-01-13
2024-01-14 00:00:00,"228,77999897258425","463,179993",1,2,2024-01-14
2024-01-14 01:00:00,"229,40953614580965","469,290009",1,2,2024-01-14
2024-01-14 02:00:00,"226,21270005897833","477,350006",1,2,2024-01-14
2024-01-14 03:00:00,"223,93983655350553","482,269989",1,2,2024-01-14
2024-01-14 04:00:00,"230,88762408803711","486,220001",1,2,2024-01-14
2024-01-14 05:00:00,"236,92403865309223","501,950012",1,2,2024-01-14
2024-01-14 06:00:00,"286,4577135515331","534,390015",1,2,2024-01-14
2024-01-14 07:00:00,"330,75816418035816","572,280029",1,2,2024-01-14
2024-01-14 08:00:00,"326,81021185651076","605,090027",1,2,2024-01-14
2024-01-14 09:00:00,"322,7724825654052","601,289978",1,2,2024-01-14
2024-01-14 10:00:00,"323,8411107466984","610,309998",1,2,2024-01-14
2024-01-14 11:00:00,"312,8717793072622","599,5",1,2,2024-01-14
2024-01-14 12:00:00,"311,2111147937182","574,52002",1,2,2024-01-14
2024-01-14 13:00:00,"304,02743947380526","590,25",1,2,2024-01-14
2024-01-14 14:00:00,"316,35300529849695","613,890015",1,2,2024-01-14
2024-01-14 15:00:00,"325,3427207067905","645,960022",1,2,2024-01-14
2024-01-14 16:00:00,"306,598807028156","685,030029",1,2,2024-01-14
2024-01-14 17:00:00,"279,3441502674664","705,76001",1,2,2024-01-14
2024-01-14 18:00:00,"247,65025039504806","635,809998",1,2,2024-01-14
2024-01-14 19:00:00,"225,64917988867407","589,580017",1,2,2024-01-14
2024-01-14 20:00:00,"208,716941487404","586,150024",1,2,2024-01-14
2024-01-14 21:00:00,"189,3271805061217","562,210022",1,2,2024-01-14
2024-01-14 22:00:00,"187,87725642786467","498,820007",1,2,2024-01-14
2024-01-14 23:00:00,"168,4065197867424","519,409973",1,2,2024-01-14
2024-01-15 00:00:00,"154,8616939442021","492,559998",1,3,2024-01-15
2024-01-15 01:00:00,"195,59169548815953","479,579987",1,3,2024-01-15
2024-01-15 02:00:00,"189,59793894230512","462,649994",1,3,2024-01-15
2024-01-15 03:00:00,"180,50420428186135","474,059998",1,3,2024-01-15
2024-01-15 04:00:00,"175,71163789475867","526,27002",1,3,2024-01-15
2024-01-15 05:00:00,"193,61112461711392","596,219971",1,3,2024-01-15
2024-01-15 06:00:00,"263,57736860680893","625,22998",1,3,2024-01-15
2024-01-15 07:00:00,"289,396408961914","740,52002",1,3,2024-01-15
2024-01-15 08:00:00,"291,371052568444","747,900024",1,3,2024-01-15
2024-01-15 09:00:00,"289,0242778358556","707,549988",1,3,2024-01-15
2024-01-15 10:00:00,"284,8017421142902","673,099976",1,3,2024-01-15
2024-01-15 11:00:00,"277,54722347677705","625,369995",1,3,2024-01-15
2024-01-15 12:00:00,"272,8399793567846","612,619995",1,3,2024-01-15
2024-01-15 13:00:00,"281,69570057232346","630,150024",1,3,2024-01-15
2024-01-15 14:00:00,"291,524604365541","666,98999",1,3,2024-01-15
2024-01-15 15:00:00,"310,0162799239506","745,140015",1,3,2024-01-15
2024-01-15 16:00:00,"391,46473453687594","813,450012",1,3,2024-01-15
2024-01-15 17:00:00,"386,6755324597323","861,849976",1,3,2024-01-15
2024-01-15 18:00:00,"346,4055710122788","825,22998",1,3,2024-01-15
2024-01-15 19:00:00,"318,90477931230663","769,22998",1,3,2024-01-15
2024-01-15 20:00:00,"302,85864192327887","693,159973",1,3,2024-01-15
2024-01-15 21:00:00,"288,68680589411434","667,359985",1,3,2024-01-15
2024-01-15 22:00:00,"272,299693589675","644,539978",1,3,2024-01-15
2024-01-15 23:00:00,"253,07539179392518","612,98999",1,3,2024-01-15
2024-01-16 00:00:00,"235,60844156305822","607,099976",1,3,2024-01-16
2024-01-16 01:00:00,"222,94924110634093","597,179993",1,3,2024-01-16
2024-01-16 02:00:00,"225,16060622128495","583,679993",1,3,2024-01-16
2024-01-16 03:00:00,"248,2105686479603","578,679993",1,3,2024-01-16
2024-01-16 04:00:00,"274,58883232438484","622,390015",1,3,2024-01-16
2024-01-16 05:00:00,"303,2381250220498","917,359985",1,3,2024-01-16
2024-01-16 06:00:00,"345,8606289379744","1442,560059",1,3,2024-01-16
2024-01-16 07:00:00,"393,7975876961905","2055,399902",1,3,2024-01-16
2024-01-16 08:00:00,"438,39320909669186","2017,890015",1,3,2024-01-16
2024-01-16 09:00:00,"440,2304834383816","1864,030029",1,3,2024-01-16
2024-01-16 10:00:00,"437,33464409014994","1495,73999",1,3,2024-01-16
2024-01-16 11:00:00,"426,92812969779845","1268,189941",1,3,2024-01-16
2024-01-16 12:00:00,"401,4076573175899","1058,839966",1,3,2024-01-16
2024-01-16 13:00:00,"404,04627065913303","1070,849976",1,3,2024-01-16
2024-01-16 14:00:00,"512,2404842567639","1164,670044",1,3,2024-01-16
2024-01-16 15:00:00,"553,7154667844284","1268,48999",1,3,2024-01-16
2024-01-16 16:00:00,"564,4681111745846","1273,930054",1,3,2024-01-16
2024-01-16 17:00:00,"533,4067836479892","992,539978",1,3,2024-01-16
2024-01-16 18:00:00,"441,60633376206215","833,599976",1,3,2024-01-16
2024-01-16 19:00:00,"367,84618491930564","712,179993",1,3,2024-01-16
2024-01-16 20:00:00,"312,47085008357567","642,969971",1,3,2024-01-16
2024-01-16 21:00:00,"286,96871391613814","611,869995",1,3,2024-01-16
2024-01-16 22:00:00,"266,9526168420691","579,429993",1,3,2024-01-16
2024-01-16 23:00:00,"263,50428627234425","521,210022",1,3,2024-01-16
2024-01-17 00:00:00,"245,60899001963466","517,26001",1,3,2024-01-17
2024-01-17 01:00:00,"241,65925168332012","510,619995",1,3,2024-01-17
2024-01-17 02:00:00,"244,91582324455044","503,839996",1,3,2024-01-17
2024-01-17 03:00:00,"252,91803003834025","501,970001",1,3,2024-01-17
2024-01-17 04:00:00,"266,47333690337535","501,75",1,3,2024-01-17
2024-01-17 05:00:00,"301,18952100811276","526,880005",1,3,2024-01-17
2024-01-17 06:00:00,"402,86960623822597","596,159973",1,3,2024-01-17
2024-01-17 07:00:00,"586,5515557278026","715,929993",1,3,2024-01-17
2024-01-17 08:00:00,"593,0698538162425","767,159973",1,3,2024-01-17
2024-01-17 09:00:00,"609,5106139843232","797,289978",1,3,2024-01-17
2024-01-17 10:00:00,"592,8513061274443","828,539978",1,3,2024-01-17
2024-01-17 11:00:00,"592,171056238077","877,840027",1,3,2024-01-17
2024-01-17 12:00:00,"549,314295885541","907,590027",1,3,2024-01-17
2024-01-17 13:00:00,"571,3985303468828","907,890015",1,3,2024-01-17
2024-01-17 14:00:00,"604,7960440534922","935,630005",1,3,2024-01-17
2024-01-17 15:00:00,"609,6197045870881","958,75",1,3,2024-01-17
2024-01-17 16:00:00,"635,6556302619126","1047,939941",1,3,2024-01-17
2024-01-17 17:00:00,"596,7101227866209","921,690002",1,3,2024-01-17
2024-01-17 18:00:00,"546,1975690576386","852,26001",1,3,2024-01-17
2024-01-17 19:00:00,"490,89427985599434","818,849976",1,3,2024-01-17
2024-01-17 20:00:00,"376,8335523174678","753,890015",1,3,2024-01-17
2024-01-17 21:00:00,"361,2700808412008","703,099976",1,3,2024-01-17
2024-01-17 22:00:00,"322,88500291555124","627,710022",1,3,2024-01-17
2024-01-17 23:00:00,"311,2966705092774","606,580017",1,3,2024-01-17
2024-01-18 00:00:00,"297,85056788699075","575,780029",1,3,2024-01-18
2024-01-18 01:00:00,"279,1542640180419","561,530029",1,3,2024-01-18
2024-01-18 02:00:00,"263,1346894843735","558,700012",1,3,2024-01-18
2024-01-18 03:00:00,"281,76264674782027","578,539978",1,3,2024-01-18
2024-01-18 04:00:00,"305,45695821895015","604,119995",1,3,2024-01-18
2024-01-18 05:00:00,"338,96410106285555","681,97998",1,3,2024-01-18
2024-01-18 06:00:00,"387,7106181217292","831,969971",1,3,2024-01-18
2024-01-18 07:00:00,"424,75595334516385","938,919983",1,3,2024-01-18
2024-01-18 08:00:00,"412,74851777189514","911,179993",1,3,2024-01-18
2024-01-18 09:00:00,"402,364555174698","827,119995",1,3,2024-01-18
2024-01-18 10:00:00,"370,2919496381339","805,119995",1,3,2024-01-18
2024-01-18 11:00:00,"364,0997325733894","697,719971",1,3,2024-01-18
2024-01-18 12:00:00,"379,5077845465167","653,48999",1,3,2024-01-18
2024-01-18 13:00:00,"405,55095338502275","644,619995",1,3,2024-01-18
2024-01-18 14:00:00,"456,78995147326424","702,940002",1,3,2024-01-18
2024-01-18 15:00:00,"460,1131233365847","742,25",1,3,2024-01-18
2024-01-18 16:00:00,"476,7997972108876","780,72998",1,3,2024-01-18
2024-01-18 17:00:00,"436,1981488505591","770,140015",1,3,2024-01-18
2024-01-18 18:00:00,"400,5351239698349","705,030029",1,3,2024-01-18
2024-01-18 19:00:00,"359,76500517257483","648,650024",1,3,2024-01-18
2024-01-18 20:00:00,"316,4941158799666","605,090027",1,3,2024-01-18
2024-01-18 21:00:00,"295,8609998959571","577,48999",1,3,2024-01-18
2024-01-18 22:00:00,"243,36868404142436","532,0",1,3,2024-01-18
2024-01-18 23:00:00,"229,3122830219771","510,089996",1,3,2024-01-18
2024-01-19 00:00:00,"201,12350628818913","487,269989",1,3,2024-01-19
2024-01-19 01:00:00,"185,24009232067726","477,649994",1,3,2024-01-19
2024-01-19 02:00:00,"169,34532679910316","468,029999",1,3,2024-01-19
2024-01-19 03:00:00,"181,92252992807477","472,209991",1,3,2024-01-19
2024-01-19 04:00:00,"203,96000786287058","491,079987",1,3,2024-01-19
2024-01-19 05:00:00,"257,53989692980053","564,830017",1,3,2024-01-19
2024-01-19 06:00:00,"304,91861689591707","666,549988",1,3,2024-01-19
2024-01-19 07:00:00,"349,2264868596905","777,590027",1,3,2024-01-19
2024-01-19 08:00:00,"339,39164776745764","770,359985",1,3,2024-01-19
2024-01-19 09:00:00,"321,98715512608936","714,799988",1,3,2024-01-19
2024-01-19 10:00:00,"311,72257908024665","645,52002",1,3,2024-01-19
2024-01-19 11:00:00,"299,07133297501207","587,049988",1,3,2024-01-19
2024-01-19 12:00:00,"283,2580227957715","560,429993",1,3,2024-01-19
2024-01-19 13:00:00,"288,21997553163595","573,549988",1,3,2024-01-19
2024-01-19 14:00:00,"298,91456164987045","648,429993",1,3,2024-01-19
2024-01-19 15:00:00,"331,26083669952686","780,049988",1,3,2024-01-19
2024-01-19 16:00:00,"340,94553392489405","855,890015",1,3,2024-01-19
2024-01-19 17:00:00,"319,6540793750189","809,059998",1,3,2024-01-19
2024-01-19 18:00:00,"292,95428939044854","634,630005",1,3,2024-01-19
2024-01-19 19:00:00,"264,29490598745457","565,429993",1,3,2024-01-19
2024-01-19 20:00:00,"254,04823767329356","544,469971",1,3,2024-01-19
2024-01-19 21:00:00,"230,5736392872724","527,169983",1,3,2024-01-19
2024-01-19 22:00:00,"183,312551074917","497,339996",1,3,2024-01-19
2024-01-19 23:00:00,"159,02622631161887","504,279999",1,3,2024-01-19
2024-01-20 00:00:00,"137,94004566925355","484,809998",1,3,2024-01-20
2024-01-20 01:00:00,"117,3452043678924","485,480011",1,3,2024-01-20
2024-01-20 02:00:00,"115,08921735567488","472,359985",1,3,2024-01-20
2024-01-20 03:00:00,"117,57665567249074","472,579987",1,3,2024-01-20
2024-01-20 04:00:00,"125,62484275714705","460,5",1,3,2024-01-20
2024-01-20 05:00:00,"142,5047971024605","480,640015",1,3,2024-01-20
2024-01-20 06:00:00,"172,00532727100455","511,209991",1,3,2024-01-20
2024-01-20 07:00:00,"197,459447106015","557,969971",1,3,2024-01-20
2024-01-20 08:00:00,"269,3810348328907","588,02002",1,3,2024-01-20
2024-01-20 09:00:00,"273,70667481281185","548,650024",1,3,2024-01-20
2024-01-20 10:00:00,"280,088849440601","540,73999",1,3,2024-01-20
2024-01-20 11:00:00,"266,189643317654","520,159973",1,3,2024-01-20
2024-01-20 12:00:00,"257,38548826709314","527,919983",1,3,2024-01-20
2024-01-20 13:00:00,"296,7103623789027","547,309998",1,3,2024-01-20
2024-01-20 14:00:00,"380,55917540225505","589,960022",1,3,2024-01-20
2024-01-20 15:00:00,"447,0796540192586","671,549988",1,3,2024-01-20
2024-01-20 16:00:00,"521,3602208328007","725,390015",1,3,2024-01-20
2024-01-20 17:00:00,"512,8690193122752","754,030029",1,3,2024-01-20
2024-01-20 18:00:00,"453,17186449935184","682,880005",1,3,2024-01-20
2024-01-20 19:00:00,"403,67621525654874","596,599976",1,3,2024-01-20
2024-01-20 20:00:00,"339,8230325694073","547,309998",1,3,2024-01-20
2024-01-20 21:00:00,"295,1582841359668","525,159973",1,3,2024-01-20
2024-01-20 22:00:00,"260,81784616257556","499,579987",1,3,2024-01-20
2024-01-20 23:00:00,"252,91546354014864","445,26001",1,3,2024-01-20
2024-01-21 00:00:00,"235,8375844650218","429,230011",1,3,2024-01-21
2024-01-21 01:00:00,"236,21603183792962","411,329987",1,3,2024-01-21
2024-01-21 02:00:00,"229,00920041907844","379,549988",1,3,2024-01-21
2024-01-21 03:00:00,"222,35991441681475","361,799988",1,3,2024-01-21
2024-01-21 04:00:00,"232,977650740245","353,899994",1,3,2024-01-21
2024-01-21 05:00:00,"237,3565087232367","339,579987",1,3,2024-01-21
2024-01-21 06:00:00,"278,3432724826884","327,869995",1,3,2024-01-21
2024-01-21 07:00:00,"307,0855414977399","383,059998",1,3,2024-01-21
2024-01-21 08:00:00,"302,85642347480194","405,429993",1,3,2024-01-21
2024-01-21 09:00:00,"294,68923671961363","343,529999",1,3,2024-01-21
2024-01-21 10:00:00,"299,5153116400315","363,0",1,3,2024-01-21
2024-01-21 11:00:00,"292,9131824058613","287,0",1,3,2024-01-21
2024-01-21 12:00:00,"294,5251245322496","281,100006",1,3,2024-01-21
2024-01-21 13:00:00,"281,89695507489193","330,399994",1,3,2024-01-21
2024-01-21 14:00:00,"301,4051757607966","365,76001",1,3,2024-01-21
2024-01-21 15:00:00,"317,136658334503","371,649994",1,3,2024-01-21
2024-01-21 16:00:00,"309,83410986274345","422,51001",1,3,2024-01-21
2024-01-21 17:00:00,"283,88191810062574","458,309998",1,3,2024-01-21
2024-01-21 18:00:00,"251,3962985509032","437,359985",1,3,2024-01-21
2024-01-21 19:00:00,"225,69719000086886","384,100006",1,3,2024-01-21
2024-01-21 20:00:00,"201,4210993892242","391,26001",1,3,2024-01-21
2024-01-21 21:00:00,"189,86673757375212","375,829987",1,3,2024-01-21
2024-01-21 22:00:00,"192,86786785534593","216,520004",1,3,2024-01-21
2024-01-21 23:00:00,"184,42575277782362","203,610001",1,3,2024-01-21
2024-01-22 00:00:00,"198,0112085671548","165,869995",1,4,2024-01-22
2024-01-22 01:00:00,"188,46236527815287","138,869995",1,4,2024-01-22
2024-01-22 02:00:00,"189,30029063415418","37,59",1,4,2024-01-22
2024-01-22 03:00:00,"187,0164785792023","37,740002",1,4,2024-01-22
2024-01-22 04:00:00,"182,7540312310292","149,169998",1,4,2024-01-22
2024-01-22 05:00:00,"222,41340116520266","302,059998",1,4,2024-01-22
2024-01-22 06:00:00,"280,4372088608876","451,01001",1,4,2024-01-22
2024-01-22 07:00:00,"307,2120959579198","495,829987",1,4,2024-01-22
2024-01-22 08:00:00,"307,6635730937516","429,450012",1,4,2024-01-22
2024-01-22 09:00:00,"303,93905474349225","459,059998",1,4,2024-01-22
2024-01-22 10:00:00,"298,74327734178695","451,970001",1,4,2024-01-22
2024-01-22 11:00:00,"289,33190734090635","424,529999",1,4,2024-01-22
2024-01-22 12:00:00,"287,14307486320143","423,040009",1,4,2024-01-22
2024-01-22 13:00:00,"295,09369217456225","434,299988",1,4,2024-01-22
2024-01-22 14:00:00,"303,84906105437295","445,48999",1,4,2024-01-22
2024-01-22 15:00:00,"325,95887640644486","447,429993",1,4,2024-01-22
2024-01-22 16:00:00,"373,4276615314322","461,299988",1,4,2024-01-22
2024-01-22 17:00:00,"378,4833551480348","455,179993",1,4,2024-01-22
2024-01-22 18:00:00,"353,56851299754766","447,720001",1,4,2024-01-22
2024-01-22 19:00:00,"321,9858819658654","444,519989",1,4,2024-01-22
2024-01-22 20:00:00,"302,33707900408893","425,119995",1,4,2024-01-22
2024-01-22 21:00:00,"294,9578757119982","194,440002",1,4,2024-01-22
2024-01-22 22:00:00,"265,46577410403063","171,770004",1,4,2024-01-22
2024-01-22 23:00:00,"254,20689791668062","118,129997",1,4,2024-01-22
2024-01-23 00:00:00,"243,54659205975665","75,330002",1,4,2024-01-23
2024-01-23 01:00:00,"233,91799171799573","69,879997",1,4,2024-01-23
2024-01-23 02:00:00,"229,4094513040072","31,1",1,4,2024-01-23
2024-01-23 03:00:00,"245,5961777151134","76,220001",1,4,2024-01-23
2024-01-23 04:00:00,"271,5978826498304","161,320007",1,4,2024-01-23
2024-01-23 05:00:00,"306,40448393702155","191,889999",1,4,2024-01-23
2024-01-23 06:00:00,"372,3728319598571","454,410004",1,4,2024-01-23
2024-01-23 07:00:00,"438,0510694419379","461,649994",1,4,2024-01-23
2024-01-23 08:00:00,"467,46320099211437","455,76001",1,4,2024-01-23
2024-01-23 09:00:00,"467,0182815043933","447,25",1,4,2024-01-23
2024-01-23 10:00:00,"463,5448805004655","443,299988",1,4,2024-01-23
2024-01-23 11:00:00,"451,7283723507603","310,100006",1,4,2024-01-23
2024-01-23 12:00:00,"429,28553936208334","199,570007",1,4,2024-01-23
2024-01-23 13:00:00,"451,94671891402584","320,019989",1,4,2024-01-23
2024-01-23 14:00:00,"564,5200744568082","468,059998",1,4,2024-01-23
2024-01-23 15:00:00,"617,326139000578","494,390015",1,4,2024-01-23
2024-01-23 16:00:00,"631,3609620516871","510,570007",1,4,2024-01-23
2024-01-23 17:00:00,"585,9599942028319","498,040009",1,4,2024-01-23
2024-01-23 18:00:00,"438,6365851036457","472,390015",1,4,2024-01-23
2024-01-23 19:00:00,"353,87273267783553","450,910004",1,4,2024-01-23
2024-01-23 20:00:00,"307,6446249695891","391,170013",1,4,2024-01-23
2024-01-23 21:00:00,"287,85476595164084","304,429993",1,4,2024-01-23
2024-01-23 22:00:00,"264,1950017278743","248,050003",1,4,2024-01-23
2024-01-23 23:00:00,"263,6195496585205","213,350006",1,4,2024-01-23
2024-01-24 00:00:00,"247,58065066087124","187,699997",1,4,2024-01-24
2024-01-24 01:00:00,"243,8818733046514","153,910004",1,4,2024-01-24
2024-01-24 02:00:00,"242,5793249538456","140,339996",1,4,2024-01-24
2024-01-24 03:00:00,"253,74225304946503","133,110001",1,4,2024-01-24
2024-01-24 04:00:00,"271,8806567602705","145,789993",1,4,2024-01-24
2024-01-24 05:00:00,"313,4377832317976","190,160004",1,4,2024-01-24
2024-01-24 06:00:00,"407,96156793327","288,809998",1,4,2024-01-24
2024-01-24 07:00:00,"587,6410571876303","373,380005",1,4,2024-01-24
2024-01-24 08:00:00,"599,041485716676","369,429993",1,4,2024-01-24
2024-01-24 09:00:00,"607,4133946460526","373,600006",1,4,2024-01-24
2024-01-24 10:00:00,"593,0137527704803","378,519989",1,4,2024-01-24
2024-01-24 11:00:00,"593,9010302344251","293,359985",1,4,2024-01-24
2024-01-24 12:00:00,"555,4640870586381","278,450012",1,4,2024-01-24
2024-01-24 13:00:00,"576,1889937911327","335,869995",1,4,2024-01-24
2024-01-24 14:00:00,"605,242870265721","372,480011",1,4,2024-01-24
2024-01-24 15:00:00,"597,3462355455341","378,820007",1,4,2024-01-24
2024-01-24 16:00:00,"591,6756205405112","404,25",1,4,2024-01-24
2024-01-24 17:00:00,"584,7745127828307","397,609985",1,4,2024-01-24
2024-01-24 18:00:00,"546,652987681288","373,529999",1,4,2024-01-24
2024-01-24 19:00:00,"500,22759026483885","314,540009",1,4,2024-01-24
2024-01-24 20:00:00,"417,56540776832793","298,579987",1,4,2024-01-24
2024-01-24 21:00:00,"400,83016861381975","313,269989",1,4,2024-01-24
2024-01-24 22:00:00,"354,7012469188934","287,320007",1,4,2024-01-24
2024-01-24 23:00:00,"329,95668861950304","326,899994",1,4,2024-01-24
2024-01-25 00:00:00,"322,21893184916615","327,869995",1,4,2024-01-25
2024-01-25 01:00:00,"303,19501367819123","318,839996",1,4,2024-01-25
2024-01-25 02:00:00,"284,68237178932515","326,970001",1,4,2024-01-25
2024-01-25 03:00:00,"300,32314305158064","336,369995",1,4,2024-01-25
2024-01-25 04:00:00,"316,8778790169769","380,359985",1,4,2024-01-25
2024-01-25 05:00:00,"359,8491937128998","442,850006",1,4,2024-01-25
2024-01-25 06:00:00,"434,96335386435635","492,51001",1,4,2024-01-25
2024-01-25 07:00:00,"467,48071524010334","663,789978",1,4,2024-01-25
2024-01-25 08:00:00,"455,4698831793162","635,679993",1,4,2024-01-25
2024-01-25 09:00:00,"441,1932735305707","606,599976",1,4,2024-01-25
2024-01-25 10:00:00,"402,66368074871383","568,340027",1,4,2024-01-25
2024-01-25 11:00:00,"392,7184468353818","545,450012",1,4,2024-01-25
2024-01-25 12:00:00,"415,92637505093984","566,630005",1,4,2024-01-25
2024-01-25 13:00:00,"441,7238574599533","633,659973",1,4,2024-01-25
2024-01-25 14:00:00,"508,5050467479957","686,530029",1,4,2024-01-25
2024-01-25 15:00:00,"509,4650134635872","755,950012",1,4,2024-01-25
2024-01-25 16:00:00,"518,5093338699905","920,0",1,4,2024-01-25
2024-01-25 17:00:00,"466,4946498391683","861,539978",1,4,2024-01-25
2024-01-25 18:00:00,"437,55501830019466","736,640015",1,4,2024-01-25
2024-01-25 19:00:00,"385,0730562744695","679,070007",1,4,2024-01-25
2024-01-25 20:00:00,"342,75796301865694","643,580017",1,4,2024-01-25
2024-01-25 21:00:00,"318,8387963298476","599,73999",1,4,2024-01-25
2024-01-25 22:00:00,"262,69446794846016","560,440002",1,4,2024-01-25
2024-01-25 23:00:00,"245,89482406181295","468,200012",1,4,2024-01-25
2024-01-26 00:00:00,"221,36150828531535","462,23999",1,4,2024-01-26
2024-01-26 01:00:00,"198,91269668066406","436,070007",1,4,2024-01-26
2024-01-26 02:00:00,"191,97789572094607","420,109985",1,4,2024-01-26
2024-01-26 03:00:00,"195,18890987049753","415,269989",1,4,2024-01-26
2024-01-26 04:00:00,"224,4898170134754","388,869995",1,4,2024-01-26
2024-01-26 05:00:00,"279,86372271527034","432,040009",1,4,2024-01-26
2024-01-26 06:00:00,"346,1996262936754","469,470001",1,4,2024-01-26
2024-01-26 07:00:00,"377,7241594550224","484,149994",1,4,2024-01-26
2024-01-26 08:00:00,"370,86540817654634","475,660004",1,4,2024-01-26
2024-01-26 09:00:00,"349,3321960710405","456,420013",1,4,2024-01-26
2024-01-26 10:00:00,"338,4223217613131","437,929993",1,4,2024-01-26
2024-01-26 11:00:00,"317,50031085070094","389,769989",1,4,2024-01-26
2024-01-26 12:00:00,"301,97108387524696","346,450012",1,4,2024-01-26
2024-01-26 13:00:00,"308,55170586895804","367,399994",1,4,2024-01-26
2024-01-26 14:00:00,"321,74033670821876","364,640015",1,4,2024-01-26
2024-01-26 15:00:00,"357,78192147948363","383,809998",1,4,2024-01-26
2024-01-26 16:00:00,"363,97637381970236","427,720001",1,4,2024-01-26
2024-01-26 17:00:00,"345,25250143579024","404,01001",1,4,2024-01-26
2024-01-26 18:00:00,"314,1728685201035","249,830002",1,4,2024-01-26
2024-01-26 19:00:00,"278,16400900332343","205,619995",1,4,2024-01-26
2024-01-26 20:00:00,"272,0868772392322","192,050003",1,4,2024-01-26
2024-01-26 21:00:00,"243,5018768732606","181,839996",1,4,2024-01-26
2024-01-26 22:00:00,"200,03926502422198","163,869995",1,4,2024-01-26
2024-01-26 23:00:00,"159,55586090117592","144,039993",1,4,2024-01-26
2024-01-27 00:00:00,"134,81138418675346","136,130005",1,4,2024-01-27
2024-01-27 01:00:00,"113,50626752160746","131,440002",1,4,2024-01-27
2024-01-27 02:00:00,"105,03258613680485","134,339996",1,4,2024-01-27
2024-01-27 03:00:00,"107,1505929974621","137,850006",1,4,2024-01-27
2024-01-27 04:00:00,"114,98470774097024","140,460007",1,4,2024-01-27
2024-01-27 05:00:00,"155,3620096399145","144,710007",1,4,2024-01-27
2024-01-27 06:00:00,"165,06248170857288","154,399994",1,4,2024-01-27
2024-01-27 07:00:00,"209,23726098756882","215,080002",1,4,2024-01-27
2024-01-27 08:00:00,"253,38028458279888","237,820007",1,4,2024-01-27
2024-01-27 09:00:00,"267,99853336920523","341,600006",1,4,2024-01-27
2024-01-27 10:00:00,"276,7541390464958","422,040009",1,4,2024-01-27
2024-01-27 11:00:00,"268,77938156768033","416,299988",1,4,2024-01-27
2024-01-27 12:00:00,"259,1389105869995","242,220001",1,4,2024-01-27
2024-01-27 13:00:00,"296,7006211027676","296,570007",1,4,2024-01-27
2024-01-27 14:00:00,"355,6291878068003","432,029999",1,4,2024-01-27
2024-01-27 15:00:00,"411,15520748910984","439,339996",1,4,2024-01-27
2024-01-27 16:00:00,"469,6134068410275","460,359985",1,4,2024-01-27
2024-01-27 17:00:00,"476,63596036544675","457,079987",1,4,2024-01-27
2024-01-27 18:00:00,"440,6423381372752","443,070007",1,4,2024-01-27
2024-01-27 19:00:00,"397,0968754809617","433,970001",1,4,2024-01-27
2024-01-27 20:00:00,"333,75865464458684","431,290009",1,4,2024-01-27
2024-01-27 21:00:00,"270,8701406175326","430,390015",1,4,2024-01-27
2024-01-27 22:00:00,"244,35103101067827","429,5",1,4,2024-01-27
2024-01-27 23:00:00,"226,85466054591194","497,75",1,4,2024-01-27
2024-01-28 00:00:00,"211,6698890433996","438,339996",1,4,2024-01-28
2024-01-28 01:00:00,"212,1474500905858","434,309998",1,4,2024-01-28
2024-01-28 02:00:00,"208,72744694645834","430,290009",1,4,2024-01-28
2024-01-28 03:00:00,"202,05625119440828","431,399994",1,4,2024-01-28
2024-01-28 04:00:00,"212,27370011586623","429,609985",1,4,2024-01-28
2024-01-28 05:00:00,"221,17886319223626","430,290009",1,4,2024-01-28
2024-01-28 06:00:00,"268,6480611384226","439,679993",1,4,2024-01-28
2024-01-28 07:00:00,"297,1439587916001","441,320007",1,4,2024-01-28
2024-01-28 08:00:00,"293,6287286231104","410,609985",1,4,2024-01-28
2024-01-28 09:00:00,"288,4985348195163","381,380005",1,4,2024-01-28
2024-01-28 10:00:00,"292,0727125858807","341,049988",1,4,2024-01-28
2024-01-28 11:00:00,"284,07936303878563","309,970001",1,4,2024-01-28
2024-01-28 12:00:00,"284,67929685139103","298,859985",1,4,2024-01-28
2024-01-28 13:00:00,"272,1344518839491","377,579987",1,4,2024-01-28
2024-01-28 14:00:00,"288,3931084867032","420,519989",1,4,2024-01-28
2024-01-28 15:00:00,"300,79209509502164","431,850006",1,4,2024-01-28
2024-01-28 16:00:00,"288,2266710639252","431,329987",1,4,2024-01-28
2024-01-28 17:00:00,"267,34570061150674","427,380005",1,4,2024-01-28
2024-01-28 18:00:00,"238,95600974717246","422,01001",1,4,2024-01-28
2024-01-28 19:00:00,"214,30340058123213","217,75",1,4,2024-01-28
2024-01-28 20:00:00,"190,27643777879877","122,029999",1,4,2024-01-28
2024-01-28 21:00:00,"194,11986632696454","74,550003",1,4,2024-01-28
2024-01-28 22:00:00,"159,95811554559828","51,59",1,4,2024-01-28
2024-01-28 23:00:00,"176,30959451441072","111,82",1,4,2024-01-28
2024-04-01 00:00:00,"221,20629243779035","343,549988",2,1,2024-04-01
2024-04-01 01:00:00,"200,38135599796144","325,049988",2,1,2024-04-01
2024-04-01 02:00:00,"208,37526909171802","368,459991",2,1,2024-04-01
2024-04-01 03:00:00,"199,10848826914562","390,459991",2,1,2024-04-01
2024-04-01 04:00:00,"206,62589003990732","437,899994",2,1,2024-04-01
2024-04-01 05:00:00,"249,6404748943755","481,01001",2,1,2024-04-01
2024-04-01 06:00:00,"286,33503959303823","437,899994",2,1,2024-04-01
2024-04-01 07:00:00,"319,9139682572731","454,160004",2,1,2024-04-01
2024-04-01 08:00:00,"332,5915582592799","405,450012",2,1,2024-04-01
2024-04-01 09:00:00,"327,07800337468257","226,669998",2,1,2024-04-01
2024-04-01 10:00:00,"314,97509327877253","134,550003",2,1,2024-04-01
2024-04-01 11:00:00,"300,50276903974947","149,550003",2,1,2024-04-01
2024-04-01 12:00:00,"297,84422040546804","74,809998",2,1,2024-04-01
2024-04-01 13:00:00,"306,6573269174197","33,34",2,1,2024-04-01
2024-04-01 14:00:00,"311,1500860207734","30,73",2,1,2024-04-01
2024-04-01 15:00:00,"316,8419956181756","98,080002",2,1,2024-04-01
2024-04-01 16:00:00,"367,98516823673265","258,149994",2,1,2024-04-01
2024-04-01 17:00:00,"388,1418347956133","361,970001",2,1,2024-04-01
2024-04-01 18:00:00,"382,79599295390176","372,040009",2,1,2024-04-01
2024-04-01 19:00:00,"348,7276778987276","340,790009",2,1,2024-04-01
2024-04-01 20:00:00,"308,42526590092166","193,699997",2,1,2024-04-01
2024-04-01 21:00:00,"300,703878401437","55,720001",2,1,2024-04-01
2024-04-01 22:00:00,"271,63680622640453","59,450001",2,1,2024-04-01
2024-04-01 23:00:00,"258,61666070196094","9,55",2,1,2024-04-01
2024-04-02 00:00:00,"237,65038008635787","4,55",2,1,2024-04-02
2024-04-02 01:00:00,"218,95082435180421","6,49",2,1,2024-04-02
2024-04-02 02:00:00,"231,76656526920777","14,47",2,1,2024-04-02
2024-04-02 03:00:00,"239,9403059040739","54,220001",2,1,2024-04-02
2024-04-02 04:00:00,"263,8037083108241","426,790009",2,1,2024-04-02
2024-04-02 05:00:00,"297,2916613418684","554,630005",2,1,2024-04-02
2024-04-02 06:00:00,"354,2107042278148","501,820007",2,1,2024-04-02
2024-04-02 07:00:00,"407,253969519413","349,220001",2,1,2024-04-02
2024-04-02 08:00:00,"444,7527392719515","285,589996",2,1,2024-04-02
2024-04-02 09:00:00,"446,5130950539108","293,130005",2,1,2024-04-02
2024-04-02 10:00:00,"439,77080833107493","292,980011",2,1,2024-04-02
2024-04-02 11:00:00,"428,1068965612649","286,190002",2,1,2024-04-02
2024-04-02 12:00:00,"404,3435099643382","248,970001",2,1,2024-04-02
2024-04-02 13:00:00,"408,3343679017546","187,210007",2,1,2024-04-02
2024-04-02 14:00:00,"537,8342766407968","65,860001",2,1,2024-04-02
2024-04-02 15:00:00,"581,6511388781755","307,299988",2,1,2024-04-02
2024-04-02 16:00:00,"592,2152954127996","542,25",2,1,2024-04-02
2024-04-02 17:00:00,"561,2740790288666","711,48999",2,1,2024-04-02
2024-04-02 18:00:00,"528,8590003409553","707,679993",2,1,2024-04-02
2024-04-02 19:00:00,"472,65794229410625","582,75",2,1,2024-04-02
2024-04-02 20:00:00,"441,4773721767041","558,359985",2,1,2024-04-02
2024-04-02 21:00:00,"436,51180310746474","528,669983",2,1,2024-04-02
2024-04-02 22:00:00,"424,94678755338396","552,840027",2,1,2024-04-02
2024-04-02 23:00:00,"372,7857653593097","535,090027",2,1,2024-04-02
2024-04-03 00:00:00,"377,3132836243933","522,419983",2,1,2024-04-03
2024-04-03 01:00:00,"375,11174519211505","482,220001",2,1,2024-04-03
2024-04-03 02:00:00,"360,53575987376064","483,929993",2,1,2024-04-03
2024-04-03 03:00:00,"335,47654849208993","512,570007",2,1,2024-04-03
2024-04-03 04:00:00,"329,3838902501204","707,820007",2,1,2024-04-03
2024-04-03 05:00:00,"361,211911882045","879,48999",2,1,2024-04-03
2024-04-03 06:00:00,"435,69265289087144","879,48999",2,1,2024-04-03
2024-04-03 07:00:00,"595,480956917147","753,080017",2,1,2024-04-03
2024-04-03 08:00:00,"597,9940616386468","800,590027",2,1,2024-04-03
2024-04-03 09:00:00,"611,7681033369034","677,23999",2,1,2024-04-03
2024-04-03 10:00:00,"592,7906883614378","611,76001",2,1,2024-04-03
2024-04-03 11:00:00,"590,9042949441067","573,349976",2,1,2024-04-03
2024-04-03 12:00:00,"548,4367819983036","544,710022",2,1,2024-04-03
2024-04-03 13:00:00,"571,6609752609509","531,890015",2,1,2024-04-03
2024-04-03 14:00:00,"605,9050735523051","558,289978",2,1,2024-04-03
2024-04-03 15:00:00,"609,6308654553876","672,840027",2,1,2024-04-03
2024-04-03 16:00:00,"637,6846109391305","806,47998",2,1,2024-04-03
2024-04-03 17:00:00,"596,5592515512117","897,539978",2,1,2024-04-03
2024-04-03 18:00:00,"543,9449539095419","739,359985",2,1,2024-04-03
2024-04-03 19:00:00,"496,5450490287019","557,169983",2,1,2024-04-03
2024-04-03 20:00:00,"399,5096413968289","458,579987",2,1,2024-04-03
2024-04-03 21:00:00,"378,7740590359183","412,640015",2,1,2024-04-03
2024-04-03 22:00:00,"341,8479400731935","406,619995",2,1,2024-04-03
2024-04-03 23:00:00,"316,0117436687166","387,899994",2,1,2024-04-03
2024-04-04 00:00:00,"308,9353278939191","374,179993",2,1,2024-04-04
2024-04-04 01:00:00,"291,91557683634494","384,619995",2,1,2024-04-04
2024-04-04 02:00:00,"272,8777552110199","387,380005",2,1,2024-04-04
2024-04-04 03:00:00,"290,0413828895215","403,339996",2,1,2024-04-04
2024-04-04 04:00:00,"307,6310400481025","454,200012",2,1,2024-04-04
2024-04-04 05:00:00,"346,5275038175161","576,219971",2,1,2024-04-04
2024-04-04 06:00:00,"398,54548657983634","561,830017",2,1,2024-04-04
2024-04-04 07:00:00,"444,2960610941224","535,419983",2,1,2024-04-04
2024-04-04 08:00:00,"427,60053261788494","515,880005",2,1,2024-04-04
2024-04-04 09:00:00,"417,35868642425226","470,309998",2,1,2024-04-04
2024-04-04 10:00:00,"384,0096977260505","433,170013",2,1,2024-04-04
2024-04-04 11:00:00,"371,32114495495694","419,299988",2,1,2024-04-04
2024-04-04 12:00:00,"395,9098307051712","413,850006",2,1,2024-04-04
2024-04-04 13:00:00,"414,7129641670633","418,929993",2,1,2024-04-04
2024-04-04 14:00:00,"474,5064376722823","425,709991",2,1,2024-04-04
2024-04-04 15:00:00,"473,1354389317082","515,210022",2,1,2024-04-04
2024-04-04 16:00:00,"488,5933777997546","562,049988",2,1,2024-04-04
2024-04-04 17:00:00,"444,03583507760345","676,159973",2,1,2024-04-04
2024-04-04 18:00:00,"418,63853019190407","600,97998",2,1,2024-04-04
2024-04-04 19:00:00,"370,76748665348396","533,47998",2,1,2024-04-04
2024-04-04 20:00:00,"325,0649362145039","520,280029",2,1,2024-04-04
2024-04-04 21:00:00,"306,6753604134152","430,109985",2,1,2024-04-04
2024-04-04 22:00:00,"248,70381086142245","348,920013",2,1,2024-04-04
2024-04-04 23:00:00,"233,06656821679965","360,029999",2,1,2024-04-04
2024-04-05 00:00:00,"207,9288933928454","354,440002",2,1,2024-04-05
2024-04-05 01:00:00,"187,41446872315416","347,049988",2,1,2024-04-05
2024-04-05 02:00:00,"167,26748323926222","353,320007",2,1,2024-04-05
2024-04-05 03:00:00,"182,3432708033005","352,720001",2,1,2024-04-05
2024-04-05 04:00:00,"210,2792781947547","555,380005",2,1,2024-04-05
2024-04-05 05:00:00,"267,06227900329776","613,26001",2,1,2024-04-05
2024-04-05 06:00:00,"326,0140302308436","604,159973",2,1,2024-04-05
2024-04-05 07:00:00,"368,56873369144915","496,679993",2,1,2024-04-05
2024-04-05 08:00:00,"353,97757124449276","376,660004",2,1,2024-04-05
2024-04-05 09:00:00,"332,09595192508175","339,670013",2,1,2024-04-05
2024-04-05 10:00:00,"322,7571579806022","331,390015",2,1,2024-04-05
2024-04-05 11:00:00,"303,12291731886086","298,570007",2,1,2024-04-05
2024-04-05 12:00:00,"288,7976815892357","276,48999",2,1,2024-04-05
2024-04-05 13:00:00,"295,45661200212567","231,520004",2,1,2024-04-05
2024-04-05 14:00:00,"308,7789510772839","205,929993",2,1,2024-04-05
2024-04-05 15:00:00,"344,309181351714","298,269989",2,1,2024-04-05
2024-04-05 16:00:00,"352,7551533723525","370,320007",2,1,2024-04-05
2024-04-05 17:00:00,"331,69385245724465","398,299988",2,1,2024-04-05
2024-04-05 18:00:00,"301,8089384215154","402,170013",2,1,2024-04-05
2024-04-05 19:00:00,"268,576174687193","398,299988",2,1,2024-04-05
2024-04-05 20:00:00,"260,9668109698368","393,299988",2,1,2024-04-05
2024-04-05 21:00:00,"234,3042490773265","370,100006",2,1,2024-04-05
2024-04-05 22:00:00,"183,82890242630748","313,649994",2,1,2024-04-05
2024-04-05 23:00:00,"156,68333881707179","326,549988",2,1,2024-04-05
2024-04-06 00:00:00,"131,80497942485044","328,190002",2,1,2024-04-06
2024-04-06 01:00:00,"113,6109604812752","334,679993",2,1,2024-04-06
2024-04-06 02:00:00,"104,8100282461984","354,369995",2,1,2024-04-06
2024-04-06 03:00:00,"108,70581096207316","359,890015",2,1,2024-04-06
2024-04-06 04:00:00,"120,15641626756343","372,5",2,1,2024-04-06
2024-04-06 05:00:00,"138,67629922671003","382,339996",2,1,2024-04-06
2024-04-06 06:00:00,"240,684192352615","374,660004",2,1,2024-04-06
2024-04-06 07:00:00,"240,61354717053","359,890015",2,1,2024-04-06
2024-04-06 08:00:00,"270,2711010465281","291,790009",2,1,2024-04-06
2024-04-06 09:00:00,"297,03853904306396","298,279999",2,1,2024-04-06
2024-04-06 10:00:00,"296,44648595496756","295,0",2,1,2024-04-06
2024-04-06 11:00:00,"290,1791565280748","282,23999",2,1,2024-04-06
2024-04-06 12:00:00,"289,97700651909696","260,459991",2,1,2024-04-06
2024-04-06 13:00:00,"303,65456446319666","292,459991",2,1,2024-04-06
2024-04-06 14:00:00,"371,390558138561","297,380005",2,1,2024-04-06
2024-04-06 15:00:00,"449,38407483394934","345,200012",2,1,2024-04-06
2024-04-06 16:00:00,"516,6513655168944","393,079987",2,1,2024-04-06
2024-04-06 17:00:00,"516,4932510978797","435,369995",2,1,2024-04-06
2024-04-06 18:00:00,"465,74161628322247","360,109985",2,1,2024-04-06
2024-04-06 19:00:00,"423,3330494983041","335,799988",2,1,2024-04-06
2024-04-06 20:00:00,"358,02703131834","297,309998",2,1,2024-04-06
2024-04-06 21:00:00,"290,45647393710414","188,410004",2,1,2024-04-06
2024-04-06 22:00:00,"257,00884579648476","84,279999",2,1,2024-04-06
2024-04-06 23:00:00,"238,0906261620856","0,75",2,1,2024-04-06
2024-04-07 00:00:00,"222,15460480947021","0,0",2,1,2024-04-07
2024-04-07 01:00:00,"221,7510319271196","0,0",2,1,2024-04-07
2024-04-07 02:00:00,"231,05096128481938","0,0",2,1,2024-04-07
2024-04-07 03:00:00,"216,27985402102365","0,0",2,1,2024-04-07
2024-04-07 04:00:00,"221,25140952704294","0,0",2,1,2024-04-07
2024-04-07 05:00:00,"225,76986817053677","0,0",2,1,2024-04-07
2024-04-07 06:00:00,"272,16253408062425","0,0",2,1,2024-04-07
2024-04-07 07:00:00,"307,01060953138614","-0,07",2,1,2024-04-07
2024-04-07 08:00:00,"303,48750835855395","-1,19",2,1,2024-04-07
2024-04-07 09:00:00,"297,7072530295408","-22,450001",2,1,2024-04-07
2024-04-07 10:00:00,"301,0803512825862","-29,76",2,1,2024-04-07
2024-04-07 11:00:00,"293,64763517864156","-48,849998",2,1,2024-04-07
2024-04-07 12:00:00,"293,60607784890675","-74,589996",2,1,2024-04-07
2024-04-07 13:00:00,"281,8840199796344","-37,59",2,1,2024-04-07
2024-04-07 14:00:00,"298,87637867606867","-1,19",2,1,2024-04-07
2024-04-07 15:00:00,"312,4408466111297","51,610001",2,1,2024-04-07
2024-04-07 16:00:00,"385,6234642951573","682,159973",2,1,2024-04-07
2024-04-07 17:00:00,"254,05631246164995","808,440002",2,1,2024-04-07
2024-04-07 18:00:00,"251,71721441651468","793,599976",2,1,2024-04-07
2024-04-07 19:00:00,"222,9696359872609","670,900024",2,1,2024-04-07
2024-04-07 20:00:00,"206,1619414816353","577,73999",2,1,2024-04-07
2024-04-07 21:00:00,"202,56374417799293","494,730011",2,1,2024-04-07
2024-04-07 22:00:00,"186,03374189057251","527,849976",2,1,2024-04-07
2024-04-07 23:00:00,"184,63535796586487","494,359985",2,1,2024-04-07
2024-04-08 00:00:00,"164,34196082982297","292,079987",2,2,2024-04-08
2024-04-08 01:00:00,"199,43729774953837","312,290009",2,2,2024-04-08
2024-04-08 02:00:00,"188,3762105233114","328,480011",2,2,2024-04-08
2024-04-08 03:00:00,"198,12121730513635","494,799988",2,2,2024-04-08
2024-04-08 04:00:00,"197,17662668877975","760,700012",2,2,2024-04-08
2024-04-08 05:00:00,"238,2829184330369","1117,150024",2,2,2024-04-08
2024-04-08 06:00:00,"284,4110155515183","958,580017",2,2,2024-04-08
2024-04-08 07:00:00,"320,7268556642634","637,789978",2,2,2024-04-08
2024-04-08 08:00:00,"331,2870613698598","601,159973",2,2,2024-04-08
2024-04-08 09:00:00,"336,2906499716162","531,280029",2,2,2024-04-08
2024-04-08 10:00:00,"325,9130292970724","482,570007",2,2,2024-04-08
2024-04-08 11:00:00,"306,6130473409572","447,519989",2,2,2024-04-08
2024-04-08 12:00:00,"304,3875603089534","431,779999",2,2,2024-04-08
2024-04-08 13:00:00,"311,6406502959458","472,880005",2,2,2024-04-08
2024-04-08 14:00:00,"321,1921304480705","522,099976",2,2,2024-04-08
2024-04-08 15:00:00,"342,64777438713173","559,469971",2,2,2024-04-08
2024-04-08 16:00:00,"379,7979232568543","782,409973",2,2,2024-04-08
2024-04-08 17:00:00,"417,1675912520873","1024,069946",2,2,2024-04-08
2024-04-08 18:00:00,"437,07814778886734","930,830017",2,2,2024-04-08
2024-04-08 19:00:00,"360,32723799144594","632,859985",2,2,2024-04-08
2024-04-08 20:00:00,"315,62108894425097","574,309998",2,2,2024-04-08
2024-04-08 21:00:00,"299,9897733567008","523,52002",2,2,2024-04-08
2024-04-08 22:00:00,"264,200466013641","583,330017",2,2,2024-04-08
2024-04-08 23:00:00,"257,4001715620927","517,549988",2,2,2024-04-08
2024-04-09 00:00:00,"238,0173258978982","482,790009",2,2,2024-04-09
2024-04-09 01:00:00,"222,52338163198885","440,200012",2,2,2024-04-09
2024-04-09 02:00:00,"231,36271029581482","453,779999",2,2,2024-04-09
2024-04-09 03:00:00,"244,56083559467837","488,390015",2,2,2024-04-09
2024-04-09 04:00:00,"265,52320735957284","631,070007",2,2,2024-04-09
2024-04-09 05:00:00,"299,98457213180455","670,900024",2,2,2024-04-09
2024-04-09 06:00:00,"352,26887567833165","595,039978",2,2,2024-04-09
2024-04-09 07:00:00,"408,52356151122825","509,420013",2,2,2024-04-09
2024-04-09 08:00:00,"445,2685888761073","376,51001",2,2,2024-04-09
2024-04-09 09:00:00,"446,9823958494056","336,160004",2,2,2024-04-09
2024-04-09 10:00:00,"439,8831737247907","279,920013",2,2,2024-04-09
2024-04-09 11:00:00,"429,74558204065863","224,059998",2,2,2024-04-09
2024-04-09 12:00:00,"404,36389165283896","200,860001",2,2,2024-04-09
2024-04-09 13:00:00,"408,3078123681332","221,970001",2,2,2024-04-09
2024-04-09 14:00:00,"537,9431618107694","296,850006",2,2,2024-04-09
2024-04-09 15:00:00,"584,9181838509822","360,769989",2,2,2024-04-09
2024-04-09 16:00:00,"591,9497762194113","479,730011",2,2,2024-04-09
2024-04-09 17:00:00,"561,8086219248513","595,119995",2,2,2024-04-09
2024-04-09 18:00:00,"532,9135619542126","447,140015",2,2,2024-04-09
2024-04-09 19:00:00,"457,0070393115096","359,649994",2,2,2024-04-09
2024-04-09 20:00:00,"410,9402533569768","335,640015",2,2,2024-04-09
2024-04-09 21:00:00,"359,69468927670255","257,619995",2,2,2024-04-09
2024-04-09 22:00:00,"281,51148172140444","68,550003",2,2,2024-04-09
2024-04-09 23:00:00,"258,4740225419766","30,58",2,2,2024-04-09
2024-04-10 00:00:00,"241,42419840261806","11,64",2,2,2024-04-10
2024-04-10 01:00:00,"239,5551375215278","9,55",2,2,2024-04-10
2024-04-10 02:00:00,"235,87136480674195","1,27",2,2,2024-04-10
2024-04-10 03:00:00,"248,94515025025976","11,49",2,2,2024-04-10
2024-04-10 04:00:00,"262,41434682681245","23,049999",2,2,2024-04-10
2024-04-10 05:00:00,"302,3497887354276","101,290001",2,2,2024-04-10
2024-04-10 06:00:00,"403,3425130094001","145,0",2,2,2024-04-10
2024-04-10 07:00:00,"586,7947608948075","116,660004",2,2,2024-04-10
2024-04-10 08:00:00,"591,6261188828155","95,019997",2,2,2024-04-10
2024-04-10 09:00:00,"615,2692231804755","45,5",2,2,2024-04-10
2024-04-10 10:00:00,"597,1194849937849","11,86",2,2,2024-04-10
2024-04-10 11:00:00,"595,1443206744852","2,69",2,2,2024-04-10
2024-04-10 12:00:00,"547,2673035006128","0,0",2,2,2024-04-10
2024-04-10 13:00:00,"572,1568324516525","0,07",2,2,2024-04-10
2024-04-10 14:00:00,"602,9385538309729","11,86",2,2,2024-04-10
2024-04-10 15:00:00,"608,0804777617984","122,169998",2,2,2024-04-10
2024-04-10 16:00:00,"637,6084038027748","616,469971",2,2,2024-04-10
2024-04-10 17:00:00,"599,3190650798051","1084,949951",2,2,2024-04-10
2024-04-10 18:00:00,"558,5838541304181","1052,430054",2,2,2024-04-10
2024-04-10 19:00:00,"509,30077892683784","722,380005",2,2,2024-04-10
2024-04-10 20:00:00,"390,91350615779976","392,029999",2,2,2024-04-10
2024-04-10 21:00:00,"378,30599872365747","352,200012",2,2,2024-04-10
2024-04-10 22:00:00,"341,9282493787091","303,440002",2,2,2024-04-10
2024-04-10 23:00:00,"315,9627025173108","198,940002",2,2,2024-04-10
2024-04-11 00:00:00,"309,2160388384161","165,589996",2,2,2024-04-11
2024-04-11 01:00:00,"291,81736594663215","74,519997",2,2,2024-04-11
2024-04-11 02:00:00,"272,900965515615","11,71",2,2,2024-04-11
2024-04-11 03:00:00,"290,10814366487136","11,64",2,2,2024-04-11
2024-04-11 04:00:00,"307,92655637582743","19,469999",2,2,2024-04-11
2024-04-11 05:00:00,"346,49948375233294","297,399994",2,2,2024-04-11
2024-04-11 06:00:00,"398,9952126261637","309,929993",2,2,2024-04-11
2024-04-11 07:00:00,"445,4783785740375","223,770004",2,2,2024-04-11
2024-04-11 08:00:00,"427,696188071062","74,959999",2,2,2024-04-11
2024-04-11 09:00:00,"417,71649199533624","6,41",2,2,2024-04-11
2024-04-11 10:00:00,"384,4190380080803","6,79",2,2,2024-04-11
2024-04-11 11:00:00,"371,8406624494212","8,21",2,2,2024-04-11
2024-04-11 12:00:00,"395,8883513291205","4,25",2,2,2024-04-11
2024-04-11 13:00:00,"415,1968357055073","96,07",2,2,2024-04-11
2024-04-11 14:00:00,"474,8929121811896","64,75",2,2,2024-04-11
2024-04-11 15:00:00,"473,37299598075026","347,070007",2,2,2024-04-11
2024-04-11 16:00:00,"488,37777696170497","711,75",2,2,2024-04-11
2024-04-11 17:00:00,"444,5346651038612","1002,210022",2,2,2024-04-11
2024-04-11 18:00:00,"419,5527522340852","893,609985",2,2,2024-04-11
2024-04-11 19:00:00,"371,09790044157324","679,159973",2,2,2024-04-11
2024-04-11 20:00:00,"325,094320112558","541,159973",2,2,2024-04-11
2024-04-11 21:00:00,"314,20381611885267","451,059998",2,2,2024-04-11
2024-04-11 22:00:00,"247,7693758156064","339,720001",2,2,2024-04-11
2024-04-11 23:00:00,"233,35572116962135","325,029999",2,2,2024-04-11
2024-04-12 00:00:00,"208,49883053061333","331,73999",2,2,2024-04-12
2024-04-12 01:00:00,"189,76442915903425","304,51001",2,2,2024-04-12
2024-04-12 02:00:00,"176,2337580263482","298,399994",2,2,2024-04-12
2024-04-12 03:00:00,"189,04382040684456","298,399994",2,2,2024-04-12
2024-04-12 04:00:00,"210,83726468443106","308,019989",2,2,2024-04-12
2024-04-12 05:00:00,"267,23972516944036","362,619995",2,2,2024-04-12
2024-04-12 06:00:00,"325,6554753026174","516,75",2,2,2024-04-12
2024-04-12 07:00:00,"368,62784807280417","489,290009",2,2,2024-04-12
2024-04-12 08:00:00,"354,4368293336978","314,51001",2,2,2024-04-12
2024-04-12 09:00:00,"332,10888480559044","186,050003",2,2,2024-04-12
2024-04-12 10:00:00,"322,88679830115774","149,869995",2,2,2024-04-12
2024-04-12 11:00:00,"302,6430920759416","37,150002",2,2,2024-04-12
2024-04-12 12:00:00,"288,9760987461665","6,04",2,2,2024-04-12
2024-04-12 13:00:00,"295,6146910784674","3,21",2,2,2024-04-12
2024-04-12 14:00:00,"308,80930150595196","128,460007",2,2,2024-04-12
2024-04-12 15:00:00,"344,39026824116013","293,920013",2,2,2024-04-12
2024-04-12 16:00:00,"353,0980629392492","351,51001",2,2,2024-04-12
2024-04-12 17:00:00,"331,9047415038192","351,730011",2,2,2024-04-12
2024-04-12 18:00:00,"301,9555215829616","352,029999",2,2,2024-04-12
2024-04-12 19:00:00,"268,6031178940785","351,429993",2,2,2024-04-12
2024-04-12 20:00:00,"261,27071468319804","342,329987",2,2,2024-04-12
2024-04-12 21:00:00,"234,12701513839303","329,200012",2,2,2024-04-12
2024-04-12 22:00:00,"188,52912236398166","175,020004",2,2,2024-04-12
2024-04-12 23:00:00,"161,76903127032455","193,369995",2,2,2024-04-12
2024-04-13 00:00:00,"135,0163393136018","144,429993",2,2,2024-04-13
2024-04-13 01:00:00,"117,08584516232258","130,779999",2,2,2024-04-13
2024-04-13 02:00:00,"109,41042040757871","130,259995",2,2,2024-04-13
2024-04-13 03:00:00,"111,28686143293608","173,899994",2,2,2024-04-13
2024-04-13 04:00:00,"120,36052385702254","207,619995",2,2,2024-04-13
2024-04-13 05:00:00,"138,80269383714594","251,630005",2,2,2024-04-13
2024-04-13 06:00:00,"230,15474555362863","168,600006",2,2,2024-04-13
2024-04-13 07:00:00,"227,33308909828492","65,650002",2,2,2024-04-13
2024-04-13 08:00:00,"261,6373474032923","-0,15",2,2,2024-04-13
2024-04-13 09:00:00,"274,7720264550425","-30,139999",2,2,2024-04-13
2024-04-13 10:00:00,"283,38739517024607","-59,830002",2,2,2024-04-13
2024-04-13 11:00:00,"276,5085589989681","-150,699997",2,2,2024-04-13
2024-04-13 12:00:00,"263,7036773949633","-218,729996",2,2,2024-04-13
2024-04-13 13:00:00,"297,87599428848057","-235,740005",2,2,2024-04-13
2024-04-13 14:00:00,"363,4613767390522","-75,120003",2,2,2024-04-13
2024-04-13 15:00:00,"430,5341038892047","14,92",2,2,2024-04-13
2024-04-13 16:00:00,"512,2370250781719","213,740005",2,2,2024-04-13
2024-04-13 17:00:00,"526,2371353632348","392,859985",2,2,2024-04-13
2024-04-13 18:00:00,"491,005198090411","298,630005",2,2,2024-04-13
2024-04-13 19:00:00,"431,2263029225311","258,5",2,2,2024-04-13
2024-04-13 20:00:00,"363,38029325530107","153,679993",2,2,2024-04-13
2024-04-13 21:00:00,"286,81385988325434","52,59",2,2,2024-04-13
2024-04-13 22:00:00,"252,71125494954975","3,21",2,2,2024-04-13
2024-04-13 23:00:00,"239,2311947259599","6,19",2,2,2024-04-13
2024-04-14 00:00:00,"222,42468276006935","6,79",2,2,2024-04-14
2024-04-14 01:00:00,"222,52535342295272","3,13",2,2,2024-04-14
2024-04-14 02:00:00,"226,40358803768189","3,66",2,2,2024-04-14
2024-04-14 03:00:00,"212,14120197435318","21,709999",2,2,2024-04-14
2024-04-14 04:00:00,"221,0845463999238","93,629997",2,2,2024-04-14
2024-04-14 05:00:00,"226,7187906967668","96,989998",2,2,2024-04-14
2024-04-14 06:00:00,"272,1547671265573","55,279999",2,2,2024-04-14
2024-04-14 07:00:00,"307,15301888634224","0,0",2,2,2024-04-14
2024-04-14 08:00:00,"303,7933320436023","-17,16",2,2,2024-04-14
2024-04-14 09:00:00,"295,38991673255214","-89,379997",2,2,2024-04-14
2024-04-14 10:00:00,"303,86101424696767","-314,399994",2,2,2024-04-14
2024-04-14 11:00:00,"286,89834615431784","-397,73999",2,2,2024-04-14
2024-04-14 12:00:00,"293,5487734545844","-402,880005",2,2,2024-04-14
2024-04-14 13:00:00,"281,7603228277437","-298,809998",2,2,2024-04-14
2024-04-14 14:00:00,"297,61404288909637","-46,630001",2,2,2024-04-14
2024-04-14 15:00:00,"311,2033138306691","11,71",2,2,2024-04-14
2024-04-14 16:00:00,"380,7835799246699","157,419998",2,2,2024-04-14
2024-04-14 17:00:00,"246,2506963095217","655,059998",2,2,2024-04-14
2024-04-14 18:00:00,"244,83464664991985","894,619995",2,2,2024-04-14
2024-04-14 19:00:00,"217,75873721981822","840,159973",2,2,2024-04-14
2024-04-14 20:00:00,"199,20005422001344","724,890015",2,2,2024-04-14
2024-04-14 21:00:00,"194,09930680012886","594,549988",2,2,2024-04-14
2024-04-14 22:00:00,"181,67025973278217","343,269989",2,2,2024-04-14
2024-04-14 23:00:00,"180,24671409289004","334,690002",2,2,2024-04-14
2024-04-15 00:00:00,"202,30637608094688","526,359985",2,3,2024-04-15
2024-04-15 01:00:00,"201,64754078828514","491,220001",2,3,2024-04-15
2024-04-15 02:00:00,"198,9767725817772","561,280029",2,3,2024-04-15
2024-04-15 03:00:00,"195,1228975948973","647,150024",2,3,2024-04-15
2024-04-15 04:00:00,"201,32079100266284","863,440002",2,3,2024-04-15
2024-04-15 05:00:00,"243,07390171832063","1261,98999",2,3,2024-04-15
2024-04-15 06:00:00,"283,1121547960189","1143,290039",2,3,2024-04-15
2024-04-15 07:00:00,"319,04315174001994","683,109985",2,3,2024-04-15
2024-04-15 08:00:00,"328,4059876599051","568,809998",2,3,2024-04-15
2024-04-15 09:00:00,"326,9923427923891","425,269989",2,3,2024-04-15
2024-04-15 10:00:00,"312,3802894797112","320,809998",2,3,2024-04-15
2024-04-15 11:00:00,"294,6953217261784","245,389999",2,3,2024-04-15
2024-04-15 12:00:00,"294,5296848022236","145,490005",2,3,2024-04-15
2024-04-15 13:00:00,"299,55678768600774","223,380005",2,3,2024-04-15
2024-04-15 14:00:00,"307,777443894473","265,459991",2,3,2024-04-15
2024-04-15 15:00:00,"317,00698826440953","345,440002",2,3,2024-04-15
2024-04-15 16:00:00,"365,5930053072961","516,289978",2,3,2024-04-15
2024-04-15 17:00:00,"385,84611115987514","588,809998",2,3,2024-04-15
2024-04-15 18:00:00,"379,1617034050536","574,630005",2,3,2024-04-15
2024-04-15 19:00:00,"329,22087358132126","494,730011",2,3,2024-04-15
2024-04-15 20:00:00,"294,6702615728794","394,899994",2,3,2024-04-15
2024-04-15 21:00:00,"285,36047830877754","261,200012",2,3,2024-04-15
2024-04-15 22:00:00,"257,8840678911376","231,639999",2,3,2024-04-15
2024-04-15 23:00:00,"249,73064864569912","132,720001",2,3,2024-04-15
2024-04-16 00:00:00,"233,80217821778714","49,610001",2,3,2024-04-16
2024-04-16 01:00:00,"221,2671210806554","40,959999",2,3,2024-04-16
2024-04-16 02:00:00,"236,59820963971848","133,539993",2,3,2024-04-16
2024-04-16 03:00:00,"248,86675560610743","270,209991",2,3,2024-04-16
2024-04-16 04:00:00,"272,11980272943134","384,880005",2,3,2024-04-16
2024-04-16 05:00:00,"310,1899027643084","554,0",2,3,2024-04-16
2024-04-16 06:00:00,"359,851173869825","554,0",2,3,2024-04-16
2024-04-16 07:00:00,"413,3240659621848","483,5",2,3,2024-04-16
2024-04-16 08:00:00,"444,5628669812909","388,309998",2,3,2024-04-16
2024-04-16 09:00:00,"447,47097866800453","344,290009",2,3,2024-04-16
2024-04-16 10:00:00,"439,8831737247907","320,5",2,3,2024-04-16
2024-04-16 11:00:00,"428,72976525421456","316,089996",2,3,2024-04-16
2024-04-16 12:00:00,"404,8122700454567","322,359985",2,3,2024-04-16
2024-04-16 13:00:00,"408,6664357467767","362,049988",2,3,2024-04-16
2024-04-16 14:00:00,"538,239920762133","457,540009",2,3,2024-04-16
2024-04-16 15:00:00,"583,8077377025353","594,359985",2,3,2024-04-16
2024-04-16 16:00:00,"591,9730143516007","693,210022",2,3,2024-04-16
2024-04-16 17:00:00,"561,7887417246023","850,400024",2,3,2024-04-16
2024-04-16 18:00:00,"542,0535868357883","928,960022",2,3,2024-04-16
2024-04-16 19:00:00,"479,6382300482201","779,309998",2,3,2024-04-16
2024-04-16 20:00:00,"453,10517803793147","672,169983",2,3,2024-04-16
2024-04-16 21:00:00,"451,02102247357124","627,409973",2,3,2024-04-16
2024-04-16 22:00:00,"440,07952178726606","625,48999",2,3,2024-04-16
2024-04-16 23:00:00,"384,3348478377061","625,48999",2,3,2024-04-16
2024-04-17 00:00:00,"394,69647070243843","606,919983",2,3,2024-04-17
2024-04-17 01:00:00,"402,47476712400277","614,75",2,3,2024-04-17
2024-04-17 02:00:00,"381,4746682119632","618,929993",2,3,2024-04-17
2024-04-17 03:00:00,"352,92307717924456","624,669983",2,3,2024-04-17
2024-04-17 04:00:00,"352,7077581053307","816,109985",2,3,2024-04-17
2024-04-17 05:00:00,"392,7917198050164","1268,069946",2,3,2024-04-17
2024-04-17 06:00:00,"468,44095604132303","1157,650024",2,3,2024-04-17
2024-04-17 07:00:00,"593,1741302683648","780,52002",2,3,2024-04-17
2024-04-17 08:00:00,"598,0671860332494","625,940002",2,3,2024-04-17
2024-04-17 09:00:00,"611,6237186549556","596,099976",2,3,2024-04-17
2024-04-17 10:00:00,"592,769775824645","599,080017",2,3,2024-04-17
2024-04-17 11:00:00,"590,89618492119","589,830017",2,3,2024-04-17
2024-04-17 12:00:00,"548,229240835641","579,76001",2,3,2024-04-17
2024-04-17 13:00:00,"571,6373657425288","574,690002",2,3,2024-04-17
2024-04-17 14:00:00,"606,0374298045417","596,840027",2,3,2024-04-17
2024-04-17 15:00:00,"609,8796247462091","648,320007",2,3,2024-04-17
2024-04-17 16:00:00,"638,8137754529591","857,73999",2,3,2024-04-17
2024-04-17 17:00:00,"601,831698684804","1193,089966",2,3,2024-04-17
2024-04-17 18:00:00,"559,7258202564393","1267,550049",2,3,2024-04-17
2024-04-17 19:00:00,"510,1243581037724","970,320007",2,3,2024-04-17
2024-04-17 20:00:00,"398,25476537845583","738,890015",2,3,2024-04-17
2024-04-17 21:00:00,"379,0323375018995","655,109985",2,3,2024-04-17
2024-04-17 22:00:00,"342,1422732958158","685,150024",2,3,2024-04-17
2024-04-17 23:00:00,"317,95362491000515","652,23999",2,3,2024-04-17
2024-04-18 00:00:00,"309,9118621212912","660,52002",2,3,2024-04-18
2024-04-18 01:00:00,"288,16304171767223","654,780029",2,3,2024-04-18
2024-04-18 02:00:00,"272,1680515426361","668,580017",2,3,2024-04-18
2024-04-18 03:00:00,"291,41062347287965","697,380005",2,3,2024-04-18
2024-04-18 04:00:00,"318,6138741236144","909,349976",2,3,2024-04-18
2024-04-18 05:00:00,"348,732965865043","1162,430054",2,3,2024-04-18
2024-04-18 06:00:00,"399,7860660636412","978,809998",2,3,2024-04-18
2024-04-18 07:00:00,"444,479747050284","754,460022",2,3,2024-04-18
2024-04-18 08:00:00,"428,5127696727835","673,059998",2,3,2024-04-18
2024-04-18 09:00:00,"417,16975697442615","625,76001",2,3,2024-04-18
2024-04-18 10:00:00,"384,4354873220197","601,659973",2,3,2024-04-18
2024-04-18 11:00:00,"370,79929335704185","575,98999",2,3,2024-04-18
2024-04-18 12:00:00,"397,43437589425105","544,72998",2,3,2024-04-18
2024-04-18 13:00:00,"415,4127549880397","527,48999",2,3,2024-04-18
2024-04-18 14:00:00,"474,7451315769655","528,840027",2,3,2024-04-18
2024-04-18 15:00:00,"473,27476244264244","606,799988",2,3,2024-04-18
2024-04-18 16:00:00,"488,33803531837157","701,559998",2,3,2024-04-18
2024-04-18 17:00:00,"443,45983290479256","934,419983",2,3,2024-04-18
2024-04-18 18:00:00,"421,07740739678064","961,200012",2,3,2024-04-18
2024-04-18 19:00:00,"370,94759842801534","790,27002",2,3,2024-04-18
2024-04-18 20:00:00,"325,1936288503016","670,669983",2,3,2024-04-18
2024-04-18 21:00:00,"314,22254923371844","592,179993",2,3,2024-04-18
2024-04-18 22:00:00,"248,12636780626565","576,090027",2,3,2024-04-18
2024-04-18 23:00:00,"232,27263597442436","453,869995",2,3,2024-04-18
2024-04-19 00:00:00,"208,87348403416618","377,019989",2,3,2024-04-19
2024-04-19 01:00:00,"191,5471568216458","369,109985",2,3,2024-04-19
2024-04-19 02:00:00,"179,9534518047455","357,920013",2,3,2024-04-19
2024-04-19 03:00:00,"191,2745403195131","366,200012",2,3,2024-04-19
2024-04-19 04:00:00,"212,52140656759016","448,570007",2,3,2024-04-19
2024-04-19 05:00:00,"268,57005597068206","527,809998",2,3,2024-04-19
2024-04-19 06:00:00,"325,84381757201317","581,01001",2,3,2024-04-19
2024-04-19 07:00:00,"368,5744370409492","516,700012",2,3,2024-04-19
2024-04-19 08:00:00,"354,29794162987724","457,160004",2,3,2024-04-19
2024-04-19 09:00:00,"332,1748778033073","427,380005",2,3,2024-04-19
2024-04-19 10:00:00,"322,91805280933954","389,179993",2,3,2024-04-19
2024-04-19 11:00:00,"302,67221936957793","363,140015",2,3,2024-04-19
2024-04-19 12:00:00,"289,1500354280288","346,059998",2,3,2024-04-19
2024-04-19 13:00:00,"295,5696447718424","353,0",2,3,2024-04-19
2024-04-19 14:00:00,"308,8098507115353","379,859985",2,3,2024-04-19
2024-04-19 15:00:00,"344,3593309676058","427,980011",2,3,2024-04-19
2024-04-19 16:00:00,"353,0980629392492","470,660004",2,3,2024-04-19
2024-04-19 17:00:00,"331,89853093775855","475,660004",2,3,2024-04-19
2024-04-19 18:00:00,"304,69910271202446","482,670013",2,3,2024-04-19
2024-04-19 19:00:00,"268,33664685332053","482,079987",2,3,2024-04-19
2024-04-19 20:00:00,"261,01916176884185","475,359985",2,3,2024-04-19
2024-04-19 21:00:00,"252,87744030904665","459,839996",2,3,2024-04-19
2024-04-19 22:00:00,"192,00978854296824","438,709991",2,3,2024-04-19
2024-04-19 23:00:00,"162,63049466970952","422,209991",2,3,2024-04-19
2024-04-20 00:00:00,"143,0988305008333","417,51001",2,3,2024-04-20
2024-04-20 01:00:00,"133,59048849049836","430,950012",2,3,2024-04-20
2024-04-20 02:00:00,"131,64728904434244","455,5",2,3,2024-04-20
2024-04-20 03:00:00,"127,57002739312054","468,850006",2,3,2024-04-20
2024-04-20 04:00:00,"133,45311932007797","476,98999",2,3,2024-04-20
2024-04-20 05:00:00,"146,08639753470987","507,279999",2,3,2024-04-20
2024-04-20 06:00:00,"255,4015025497868","485,350006",2,3,2024-04-20
2024-04-20 07:00:00,"255,34136548879252","446,98999",2,3,2024-04-20
2024-04-20 08:00:00,"282,46936838709354","373,48999",2,3,2024-04-20
2024-04-20 09:00:00,"302,3051801052038","286,769989",2,3,2024-04-20
2024-04-20 10:00:00,"305,09834263796563","216,179993",2,3,2024-04-20
2024-04-20 11:00:00,"292,09973892229397","92,010002",2,3,2024-04-20
2024-04-20 12:00:00,"295,3805437921565","78,730003",2,3,2024-04-20
2024-04-20 13:00:00,"318,08803810251027","136,779999",2,3,2024-04-20
2024-04-20 14:00:00,"375,9169984357782","279,160004",2,3,2024-04-20
2024-04-20 15:00:00,"446,89659719397025","468,850006",2,3,2024-04-20
2024-04-20 16:00:00,"518,2601951581872","588,77002",2,3,2024-04-20
2024-04-20 17:00:00,"543,3074328335838","668,690002",2,3,2024-04-20
2024-04-20 18:00:00,"490,212611580996","724,140015",2,3,2024-04-20
2024-04-20 19:00:00,"445,72273438152376","673,919983",2,3,2024-04-20
2024-04-20 20:00:00,"385,93068864208107","642,280029",2,3,2024-04-20
2024-04-20 21:00:00,"303,6823001016132","618,619995",2,3,2024-04-20
2024-04-20 22:00:00,"268,5020968849369","610,679993",2,3,2024-04-20
2024-04-20 23:00:00,"245,0242641057453","526,669983",2,3,2024-04-20
2024-04-21 00:00:00,"225,5439864571671","518,76001",2,3,2024-04-21
2024-04-21 01:00:00,"226,062024103318","480,48999",2,3,2024-04-21
2024-04-21 02:00:00,"229,95607125959253","476,609985",2,3,2024-04-21
2024-04-21 03:00:00,"221,6145860730459","474,670013",2,3,2024-04-21
2024-04-21 04:00:00,"225,22570234975737","480,709991",2,3,2024-04-21
2024-04-21 05:00:00,"234,30889934580188","451,609985",2,3,2024-04-21
2024-04-21 06:00:00,"284,6217629252249","454,220001",2,3,2024-04-21
2024-04-21 07:00:00,"309,9977023244956","408,339996",2,3,2024-04-21
2024-04-21 08:00:00,"305,11288594187425","322,980011",2,3,2024-04-21
2024-04-21 09:00:00,"299,3159504555336","316,869995",2,3,2024-04-21
2024-04-21 10:00:00,"304,77648574044593","327,829987",2,3,2024-04-21
2024-04-21 11:00:00,"286,61255206522924","314,399994",2,3,2024-04-21
2024-04-21 12:00:00,"292,80323643260135","309,480011",2,3,2024-04-21
2024-04-21 13:00:00,"281,8109850869281","312,839996",2,3,2024-04-21
2024-04-21 14:00:00,"298,490772411251","355,890015",2,3,2024-04-21
2024-04-21 15:00:00,"312,6829274615221","437,809998",2,3,2024-04-21
2024-04-21 16:00:00,"381,69677770146905","556,590027",2,3,2024-04-21
2024-04-21 17:00:00,"244,79200500180778","666,710022",2,3,2024-04-21
2024-04-21 18:00:00,"254,51358725894198","710,72998",2,3,2024-04-21
2024-04-21 19:00:00,"228,09149023331142","679,469971",2,3,2024-04-21
2024-04-21 20:00:00,"207,9613087034826","667,080017",2,3,2024-04-21
2024-04-21 21:00:00,"203,99705837769622","660,0",2,3,2024-04-21
2024-04-21 22:00:00,"187,5064369264846","589,190002",2,3,2024-04-21
2024-04-21 23:00:00,"184,58815506737537","582,330017",2,3,2024-04-21
2024-04-22 00:00:00,"168,96630569529697","585,23999",2,4,2024-04-22
2024-04-22 01:00:00,"206,95043529378202","596,280029",2,4,2024-04-22
2024-04-22 02:00:00,"191,8153487192247","595,309998",2,4,2024-04-22
2024-04-22 03:00:00,"196,47570760134175","652,830017",2,4,2024-04-22
2024-04-22 04:00:00,"195,18468746277034","790,109985",2,4,2024-04-22
2024-04-22 05:00:00,"235,26116863745222","975,820007",2,4,2024-04-22
2024-04-22 06:00:00,"277,12779410558414","876,359985",2,4,2024-04-22
2024-04-22 07:00:00,"307,59606841569524","724,090027",2,4,2024-04-22
2024-04-22 08:00:00,"321,37480646823633","610,75",2,4,2024-04-22
2024-04-22 09:00:00,"320,9409518982239","606,130005",2,4,2024-04-22
2024-04-22 10:00:00,"311,24371417220925","574,869995",2,4,2024-04-22
2024-04-22 11:00:00,"300,68613145739494","549,650024",2,4,2024-04-22
2024-04-22 12:00:00,"302,11439559063706","553,080017",2,4,2024-04-22
2024-04-22 13:00:00,"307,5835105240765","571,429993",2,4,2024-04-22
2024-04-22 14:00:00,"318,3959311574338","608,590027",2,4,2024-04-22
2024-04-22 15:00:00,"328,2470468799144","722,150024",2,4,2024-04-22
2024-04-22 16:00:00,"376,8956607536903","881,880005",2,4,2024-04-22
2024-04-22 17:00:00,"410,95585176298533","1223,969971",2,4,2024-04-22
2024-04-22 18:00:00,"414,7736777439819","1275,52002",2,4,2024-04-22
2024-04-22 19:00:00,"357,76196973453557","970,299988",2,4,2024-04-22
2024-04-22 20:00:00,"316,5168638817368","789,140015",2,4,2024-04-22
2024-04-22 21:00:00,"300,6555088837308","723,640015",2,4,2024-04-22
2024-04-22 22:00:00,"277,84687118463467","658,969971",2,4,2024-04-22
2024-04-22 23:00:00,"263,2671529344641","646,809998",2,4,2024-04-22
2024-04-23 00:00:00,"243,95763961420448","641,289978",2,4,2024-04-23
2024-04-23 01:00:00,"230,18916906038396","637,340027",2,4,2024-04-23
2024-04-23 02:00:00,"244,95320584950426","644,280029",2,4,2024-04-23
2024-04-23 03:00:00,"259,8118828071181","728,890015",2,4,2024-04-23
2024-04-23 04:00:00,"286,9939167367166","905,789978",2,4,2024-04-23
2024-04-23 05:00:00,"318,7972732530398","1352,420044",2,4,2024-04-23
2024-04-23 06:00:00,"362,0644895894124","1016,820007",2,4,2024-04-23
2024-04-23 07:00:00,"414,5984391893229","734,030029",2,4,2024-04-23
2024-04-23 08:00:00,"444,4110830068117","618,309998",2,4,2024-04-23
2024-04-23 09:00:00,"446,9973911228104","576,450012",2,4,2024-04-23
2024-04-23 10:00:00,"439,3762318016468","577,950012",2,4,2024-04-23
2024-04-23 11:00:00,"428,15318097153414","592,27002",2,4,2024-04-23
2024-04-23 12:00:00,"404,884346885374","586,599976",2,4,2024-04-23
2024-04-23 13:00:00,"408,6956544138339","597,049988",2,4,2024-04-23
2024-04-23 14:00:00,"537,6339923729072","619,429993",2,4,2024-04-23
2024-04-23 15:00:00,"585,4497485848674","671,289978",2,4,2024-04-23
2024-04-23 16:00:00,"595,784465869437","764,030029",2,4,2024-04-23
2024-04-23 17:00:00,"562,5789492100718","917,799988",2,4,2024-04-23
2024-04-23 18:00:00,"488,6003657090503","933,169983",2,4,2024-04-23
2024-04-23 19:00:00,"439,5516549875336","784,169983",2,4,2024-04-23
2024-04-23 20:00:00,"394,2050488781599","691,880005",2,4,2024-04-23
2024-04-23 21:00:00,"331,32759042484895","608,460022",2,4,2024-04-23
2024-04-23 22:00:00,"271,7733795292726","595,640015",2,4,2024-04-23
2024-04-23 23:00:00,"263,9521469051392","567,73999",2,4,2024-04-23
2024-04-24 00:00:00,"270,1515404531356","561,840027",2,4,2024-04-24
2024-04-24 01:00:00,"287,54790411199093","545,130005",2,4,2024-04-24
2024-04-24 02:00:00,"290,5419356061887","567,289978",2,4,2024-04-24
2024-04-24 03:00:00,"289,0349424348131","610,47998",2,4,2024-04-24
2024-04-24 04:00:00,"298,43438561673554","758,419983",2,4,2024-04-24
2024-04-24 05:00:00,"336,72416725010953","979,700012",2,4,2024-04-24
2024-04-24 06:00:00,"420,3217425521533","964,109985",2,4,2024-04-24
2024-04-24 07:00:00,"596,8088170298611","724,25",2,4,2024-04-24
2024-04-24 08:00:00,"594,551250988599","693,590027",2,4,2024-04-24
2024-04-24 09:00:00,"612,6441972972112","679,190002",2,4,2024-04-24
2024-04-24 10:00:00,"594,1996599352609","638,76001",2,4,2024-04-24
2024-04-24 11:00:00,"590,9226664930461","622,789978",2,4,2024-04-24
2024-04-24 12:00:00,"548,2340542625594","600,929993",2,4,2024-04-24
2024-04-24 13:00:00,"572,5649018751393","616,900024",2,4,2024-04-24
2024-04-24 14:00:00,"603,8254042021683","635,25",2,4,2024-04-24
2024-04-24 15:00:00,"609,1057155984242","716,869995",2,4,2024-04-24
2024-04-24 16:00:00,"637,6144490746207","776,179993",2,4,2024-04-24
2024-04-24 17:00:00,"599,3790252519285","1008,640015",2,4,2024-04-24
2024-04-24 18:00:00,"553,8086530656168","1070,119995",2,4,2024-04-24
2024-04-24 19:00:00,"506,0688353626045","903,900024",2,4,2024-04-24
2024-04-24 20:00:00,"397,94974022120726","785,650024",2,4,2024-04-24
2024-04-24 21:00:00,"378,6454283622874","673,0",2,4,2024-04-24
2024-04-24 22:00:00,"342,04959794808184","622,700012",2,4,2024-04-24
2024-04-24 23:00:00,"316,74070562430177","596,599976",2,4,2024-04-24
2024-04-25 00:00:00,"310,98326241150875","576,97998",2,4,2024-04-25
2024-04-25 01:00:00,"292,4681618580887","567,140015",2,4,2024-04-25
2024-04-25 02:00:00,"276,8711693426228","561,099976",2,4,2024-04-25
2024-04-25 03:00:00,"290,0076167906417","626,580017",2,4,2024-04-25
2024-04-25 04:00:00,"309,94496658733374","763,940002",2,4,2024-04-25
2024-04-25 05:00:00,"347,3146296785286","976,780029",2,4,2024-04-25
2024-04-25 06:00:00,"399,1475219121249","852,840027",2,4,2024-04-25
2024-04-25 07:00:00,"444,7316750556379","690,26001",2,4,2024-04-25
2024-04-25 08:00:00,"428,0977684076759","597,859985",2,4,2024-04-25
2024-04-25 09:00:00,"417,5628102563247","583,169983",2,4,2024-04-25
2024-04-25 10:00:00,"384,3251280926863","551,26001",2,4,2024-04-25
2024-04-25 11:00:00,"370,5762628153752","514,710022",2,4,2024-04-25
2024-04-25 12:00:00,"397,63896819093947","498,230011",2,4,2024-04-25
2024-04-25 13:00:00,"415,74880630505083","517,400024",2,4,2024-04-25
2024-04-25 14:00:00,"474,8920782862314","542,97998",2,4,2024-04-25
2024-04-25 15:00:00,"473,2307769321049","595,700012",2,4,2024-04-25
2024-04-25 16:00:00,"488,33803531837157","709,72998",2,4,2024-04-25
2024-04-25 17:00:00,"443,45221390403935","1052,170044",2,4,2024-04-25
2024-04-25 18:00:00,"421,2502700039871","1135,699951",2,4,2024-04-25
2024-04-25 19:00:00,"370,839636813226","847,98999",2,4,2024-04-25
2024-04-25 20:00:00,"325,81167047905103","681,23999",2,4,2024-04-25
2024-04-25 21:00:00,"320,1758161334336","594,659973",2,4,2024-04-25
2024-04-25 22:00:00,"251,1352408252723","595,719971",2,4,2024-04-25
2024-04-25 23:00:00,"235,52052836523112","551,929993",2,4,2024-04-25
2024-04-26 00:00:00,"215,09515668995417","553,429993",2,4,2024-04-26
2024-04-26 01:00:00,"193,1040029961528","552,460022",2,4,2024-04-26
2024-04-26 02:00:00,"186,71769046340395","575,049988",2,4,2024-04-26
2024-04-26 03:00:00,"196,87118963986558","618,909973",2,4,2024-04-26
2024-04-26 04:00:00,"213,7464698347136","697,380005",2,4,2024-04-26
2024-04-26 05:00:00,"270,89720574456567","776,140015",2,4,2024-04-26
2024-04-26 06:00:00,"327,7989735319991","716,469971",2,4,2024-04-26
2024-04-26 07:00:00,"367,5661832958808","604,73999",2,4,2024-04-26
2024-04-26 08:00:00,"353,7662525168767","580,349976",2,4,2024-04-26
2024-04-26 09:00:00,"332,0601577962949","544,099976",2,4,2024-04-26
2024-04-26 10:00:00,"322,811379495741","524,710022",2,4,2024-04-26
2024-04-26 11:00:00,"302,72666605104763","512,700012",2,4,2024-04-26
2024-04-26 12:00:00,"288,87100683178267","487,570007",2,4,2024-04-26
2024-04-26 13:00:00,"295,54805984315857","521,5",2,4,2024-04-26
2024-04-26 14:00:00,"310,2430432131707","534,780029",2,4,2024-04-26
2024-04-26 15:00:00,"344,7288168552119","600,119995",2,4,2024-04-26
2024-04-26 16:00:00,"354,3974978757296","700,210022",2,4,2024-04-26
2024-04-26 17:00:00,"343,13336627498813","960,219971",2,4,2024-04-26
2024-04-26 18:00:00,"319,7916195363544","1018,539978",2,4,2024-04-26
2024-04-26 19:00:00,"270,8733408174535","820,440002",2,4,2024-04-26
2024-04-26 20:00:00,"275,165989854522","691,47998",2,4,2024-04-26
2024-04-26 21:00:00,"280,51889063864945","658,289978",2,4,2024-04-26
2024-04-26 22:00:00,"195,317174944569","673,330017",2,4,2024-04-26
2024-04-26 23:00:00,"167,7199672672003","662,960022",2,4,2024-04-26
2024-04-27 00:00:00,"145,59784545879924","645,72998",2,4,2024-04-27
2024-04-27 01:00:00,"135,17410690149518","663,929993",2,4,2024-04-27
2024-04-27 02:00:00,"144,52359089113307","653,940002",2,4,2024-04-27
2024-04-27 03:00:00,"140,63500594670685","625,52002",2,4,2024-04-27
2024-04-27 04:00:00,"145,72256531492317","641,929993",2,4,2024-04-27
2024-04-27 05:00:00,"150,67257241186576","589,429993",2,4,2024-04-27
2024-04-27 06:00:00,"252,31141203001556","511,950012",2,4,2024-04-27
2024-04-27 07:00:00,"256,58476588673096","440,51001",2,4,2024-04-27
2024-04-27 08:00:00,"278,100934991108","284,950012",2,4,2024-04-27
2024-04-27 09:00:00,"300,7088093727166","194,559998",2,4,2024-04-27
2024-04-27 10:00:00,"301,61448929239225","294,640015",2,4,2024-04-27
2024-04-27 11:00:00,"286,8293606114467","308,809998",2,4,2024-04-27
2024-04-27 12:00:00,"285,56029890566975","182,710007",2,4,2024-04-27
2024-04-27 13:00:00,"308,7489500993968","75,019997",2,4,2024-04-27
2024-04-27 14:00:00,"364,4724436808452","156,080002",2,4,2024-04-27
2024-04-27 15:00:00,"466,4219289506179","465,040009",2,4,2024-04-27
2024-04-27 16:00:00,"513,605077225486","641,330017",2,4,2024-04-27
2024-04-27 17:00:00,"512,4406978549845","894,140015",2,4,2024-04-27
2024-04-27 18:00:00,"462,1909516904535","837,23999",2,4,2024-04-27
2024-04-27 19:00:00,"423,7826854577491","633,880005",2,4,2024-04-27
2024-04-27 20:00:00,"351,645932924643","566,01001",2,4,2024-04-27
2024-04-27 21:00:00,"286,02898286173456","486,440002",2,4,2024-04-27
2024-04-27 22:00:00,"255,03272697768946","420,570007",2,4,2024-04-27
2024-04-27 23:00:00,"238,6598512922874","344,119995",2,4,2024-04-27
2024-04-28 00:00:00,"222,2324689104826","295,350006",2,4,2024-04-28
2024-04-28 01:00:00,"221,67940553760192","241,050003",2,4,2024-04-28
2024-04-28 02:00:00,"225,2767373237371","212,490005",2,4,2024-04-28
2024-04-28 03:00:00,"215,45307172282236","199,059998",2,4,2024-04-28
2024-04-28 04:00:00,"221,54025048120144","74,209999",2,4,2024-04-28
2024-04-28 05:00:00,"226,78743497576173","1,86",2,4,2024-04-28
2024-04-28 06:00:00,"274,7757078403927","1,94",2,4,2024-04-28
2024-04-28 07:00:00,"309,3603739112109","1,64",2,4,2024-04-28
2024-04-28 08:00:00,"308,91659470961474","0,0",2,4,2024-04-28
2024-04-28 09:00:00,"297,3429252297596","-7,16",2,4,2024-04-28
2024-04-28 10:00:00,"304,76544764699355","-8,28",2,4,2024-04-28
2024-04-28 11:00:00,"288,7489078227522","-18,65",2,4,2024-04-28
2024-04-28 12:00:00,"292,85669661252825","-18,790001",2,4,2024-04-28
2024-04-28 13:00:00,"281,8586594291083","-15,14",2,4,2024-04-28
2024-04-28 14:00:00,"298,9961979065505","-7,31",2,4,2024-04-28
2024-04-28 15:00:00,"311,86627471557364","0,0",2,4,2024-04-28
2024-04-28 16:00:00,"381,4995752676382","264,320007",2,4,2024-04-28
2024-04-28 17:00:00,"245,2627073533762","442,350006",2,4,2024-04-28
2024-04-28 18:00:00,"244,8960488622474","577,640015",2,4,2024-04-28
2024-04-28 19:00:00,"219,90455789598252","583,159973",2,4,2024-04-28
2024-04-28 20:00:00,"201,50607495099578","468,079987",2,4,2024-04-28
2024-04-28 21:00:00,"196,62207617025922","417,890015",2,4,2024-04-28
2024-04-28 22:00:00,"184,98173153924392","306,529999",2,4,2024-04-28
2024-04-28 23:00:00,"183,01473135715162","370,75",2,4,2024-04-28
2024-07-01 00:00:00,"177,77595488166588","583,150024",3,1,2024-07-01
2024-07-01 01:00:00,"219,34915739411878","581,809998",3,1,2024-07-01
2024-07-01 02:00:00,"194,21324898266124","564,059998",3,1,2024-07-01
2024-07-01 03:00:00,"215,91950710539643","602,76001",3,1,2024-07-01
2024-07-01 04:00:00,"198,32129993544632","907,349976",3,1,2024-07-01
2024-07-01 05:00:00,"261,7859522462315","1028,550049",3,1,2024-07-01
2024-07-01 06:00:00,"286,1591887883755","1061,73999",3,1,2024-07-01
2024-07-01 07:00:00,"320,3970808787281","841,27002",3,1,2024-07-01
2024-07-01 08:00:00,"330,568631625134","778,929993",3,1,2024-07-01
2024-07-01 09:00:00,"338,965489878592","642,52002",3,1,2024-07-01
2024-07-01 10:00:00,"326,45605363058104","493,200012",3,1,2024-07-01
2024-07-01 11:00:00,"305,82713416155826","318,609985",3,1,2024-07-01
2024-07-01 12:00:00,"301,030952450331","258,5",3,1,2024-07-01
2024-07-01 13:00:00,"307,32172858375594","251,929993",3,1,2024-07-01
2024-07-01 14:00:00,"324,17458256024634","273,940002",3,1,2024-07-01
2024-07-01 15:00:00,"334,7831746473585","452,779999",3,1,2024-07-01
2024-07-01 16:00:00,"375,87854630312324","568,080017",3,1,2024-07-01
2024-07-01 17:00:00,"414,28348516019287","745,890015",3,1,2024-07-01
2024-07-01 18:00:00,"422,6463016310903","1214,109985",3,1,2024-07-01
2024-07-01 19:00:00,"356,7018475977455","939,719971",3,1,2024-07-01
2024-07-01 20:00:00,"305,88739235780065","782,580017",3,1,2024-07-01
2024-07-01 21:00:00,"292,35900795137326","653,700012",3,1,2024-07-01
2024-07-01 22:00:00,"272,8367540497296","593,919983",3,1,2024-07-01
2024-07-01 23:00:00,"265,494353780068","462,350006",3,1,2024-07-01
2024-07-02 00:00:00,"237,6349213870011","375,829987",3,1,2024-07-02
2024-07-02 01:00:00,"223,8284013615599","402,829987",3,1,2024-07-02
2024-07-02 02:00:00,"236,00438953650394","343,98999",3,1,2024-07-02
2024-07-02 03:00:00,"249,1419056351873","379,040009",3,1,2024-07-02
2024-07-02 04:00:00,"276,88925049183484","571,320007",3,1,2024-07-02
2024-07-02 05:00:00,"311,685781117397","732,940002",3,1,2024-07-02
2024-07-02 06:00:00,"360,72859954164915","737,200012",3,1,2024-07-02
2024-07-02 07:00:00,"417,04050504543017","636,950012",3,1,2024-07-02
2024-07-02 08:00:00,"444,4631140299225","605,030029",3,1,2024-07-02
2024-07-02 09:00:00,"447,24176750049793","542,75",3,1,2024-07-02
2024-07-02 10:00:00,"439,99611832755863","529,400024",3,1,2024-07-02
2024-07-02 11:00:00,"428,1737084146752","503,450012",3,1,2024-07-02
2024-07-02 12:00:00,"405,11739229648737","443,559998",3,1,2024-07-02
2024-07-02 13:00:00,"409,7612712001636","450,570007",3,1,2024-07-02
2024-07-02 14:00:00,"536,7452949478592","540,289978",3,1,2024-07-02
2024-07-02 15:00:00,"581,7242176329563","552,52002",3,1,2024-07-02
2024-07-02 16:00:00,"594,4180037840223","617,190002",3,1,2024-07-02
2024-07-02 17:00:00,"562,5343074473053","754,349976",3,1,2024-07-02
2024-07-02 18:00:00,"486,053472085283","837,140015",3,1,2024-07-02
2024-07-02 19:00:00,"443,94532910123985","634,419983",3,1,2024-07-02
2024-07-02 20:00:00,"403,9234198446315","345,779999",3,1,2024-07-02
2024-07-02 21:00:00,"343,31109347762043","301,100006",3,1,2024-07-02
2024-07-02 22:00:00,"296,9569928225517","277,459991",3,1,2024-07-02
2024-07-02 23:00:00,"278,8336809610902","268,809998",3,1,2024-07-02
2024-07-03 00:00:00,"260,481978552779","267,23999",3,1,2024-07-03
2024-07-03 01:00:00,"256,07038892011747","270,380005",3,1,2024-07-03
2024-07-03 02:00:00,"250,08037009650218","288,649994",3,1,2024-07-03
2024-07-03 03:00:00,"268,13529842263887","439,309998",3,1,2024-07-03
2024-07-03 04:00:00,"275,2196457276889","647,929993",3,1,2024-07-03
2024-07-03 05:00:00,"320,04276223028455","729,599976",3,1,2024-07-03
2024-07-03 06:00:00,"408,7748692471653","771,669983",3,1,2024-07-03
2024-07-03 07:00:00,"593,0102171944341","457,959991",3,1,2024-07-03
2024-07-03 08:00:00,"594,5325345529453","323,029999",3,1,2024-07-03
2024-07-03 09:00:00,"611,9290876652772","298,119995",3,1,2024-07-03
2024-07-03 10:00:00,"593,6330897951473","291,859985",3,1,2024-07-03
2024-07-03 11:00:00,"592,660423838958","296,179993",3,1,2024-07-03
2024-07-03 12:00:00,"547,7605489018329","306,100006",3,1,2024-07-03
2024-07-03 13:00:00,"571,9814643666125","317,220001",3,1,2024-07-03
2024-07-03 14:00:00,"604,4613399193569","376,660004",3,1,2024-07-03
2024-07-03 15:00:00,"609,3938675090315","590,5",3,1,2024-07-03
2024-07-03 16:00:00,"637,4021269285524","725,049988",3,1,2024-07-03
2024-07-03 17:00:00,"599,5771657135674","864,75",3,1,2024-07-03
2024-07-03 18:00:00,"551,0301515836094","1193,079956",3,1,2024-07-03
2024-07-03 19:00:00,"501,3745189834914","843,570007",3,1,2024-07-03
2024-07-03 20:00:00,"398,0868421875395","677,390015",3,1,2024-07-03
2024-07-03 21:00:00,"378,94575060938047","513,900024",3,1,2024-07-03
2024-07-03 22:00:00,"341,97253093957124","436,329987",3,1,2024-07-03
2024-07-03 23:00:00,"316,46400514034457","228,75",3,1,2024-07-03
2024-07-04 00:00:00,"309,30012109703983","191,240005",3,1,2024-07-04
2024-07-04 01:00:00,"292,13553396083364","130,149994",3,1,2024-07-04
2024-07-04 02:00:00,"275,06657991399805","72,870003",3,1,2024-07-04
2024-07-04 03:00:00,"286,0555012969597","74,730003",3,1,2024-07-04
2024-07-04 04:00:00,"309,9721601882927","197,429993",3,1,2024-07-04
2024-07-04 05:00:00,"347,3885203194529","223,759995",3,1,2024-07-04
2024-07-04 06:00:00,"399,0914230428651","235,910004",3,1,2024-07-04
2024-07-04 07:00:00,"444,5970606146464","178,630005",3,1,2024-07-04
2024-07-04 08:00:00,"427,60947737378126","26,700001",3,1,2024-07-04
2024-07-04 09:00:00,"417,5871978407935","21,780001",3,1,2024-07-04
2024-07-04 10:00:00,"384,2708660295426","20,440001",3,1,2024-07-04
2024-07-04 11:00:00,"370,59152429347034","7,23",3,1,2024-07-04
2024-07-04 12:00:00,"397,24675010123514","0,0",3,1,2024-07-04
2024-07-04 13:00:00,"415,46849656948734","0,0",3,1,2024-07-04
2024-07-04 14:00:00,"475,19328628480355","-0,07",3,1,2024-07-04
2024-07-04 15:00:00,"473,2097519480123","11,26",3,1,2024-07-04
2024-07-04 16:00:00,"488,33803531837157","87,410004",3,1,2024-07-04
2024-07-04 17:00:00,"443,57697197183205","216,300003",3,1,2024-07-04
2024-07-04 18:00:00,"422,45367957908996","336,160004",3,1,2024-07-04
2024-07-04 19:00:00,"370,99646039555495","289,320007",3,1,2024-07-04
2024-07-04 20:00:00,"325,5556599768189","288,5",3,1,2024-07-04
2024-07-04 21:00:00,"318,5151929653507","284,170013",3,1,2024-07-04
2024-07-04 22:00:00,"248,91254113687887","51,610001",3,1,2024-07-04
2024-07-04 23:00:00,"234,24578827079907","35,130001",3,1,2024-07-04
2024-07-05 00:00:00,"210,55136779318488","30,73",3,1,2024-07-05
2024-07-05 01:00:00,"194,35200406204356","19,91",3,1,2024-07-05
2024-07-05 02:00:00,"181,0685807960194","21,780001",3,1,2024-07-05
2024-07-05 03:00:00,"195,37686525698007","42,66",3,1,2024-07-05
2024-07-05 04:00:00,"222,21630822820927","149,100006",3,1,2024-07-05
2024-07-05 05:00:00,"266,7026693544505","213,990005",3,1,2024-07-05
2024-07-05 06:00:00,"325,8151791758753","221,369995",3,1,2024-07-05
2024-07-05 07:00:00,"367,7705715654618","138,429993",3,1,2024-07-05
2024-07-05 08:00:00,"354,03801481549175","22,0",3,1,2024-07-05
2024-07-05 09:00:00,"332,48642487520897","3,06",3,1,2024-07-05
2024-07-05 10:00:00,"323,1765883257884","-0,3",3,1,2024-07-05
2024-07-05 11:00:00,"308,8811089101575","-4,1",3,1,2024-07-05
2024-07-05 12:00:00,"288,8706926170566","-5,74",3,1,2024-07-05
2024-07-05 13:00:00,"296,11104111546734","-0,22",3,1,2024-07-05
2024-07-05 14:00:00,"308,8098507115353","14,4",3,1,2024-07-05
2024-07-05 15:00:00,"344,3629315236447","97,410004",3,1,2024-07-05
2024-07-05 16:00:00,"353,4837336572463","173,559998",3,1,2024-07-05
2024-07-05 17:00:00,"330,8044378547676","273,730011",3,1,2024-07-05
2024-07-05 18:00:00,"307,34522750579185","282,01001",3,1,2024-07-05
2024-07-05 19:00:00,"269,25772084726157","447,959991",3,1,2024-07-05
2024-07-05 20:00:00,"262,02403743172187","618,02002",3,1,2024-07-05
2024-07-05 21:00:00,"254,44712785243078","633,609985",3,1,2024-07-05
2024-07-05 22:00:00,"192,30042150438277","637,890015",3,1,2024-07-05
2024-07-05 23:00:00,"167,64199003441954","492,73999",3,1,2024-07-05
2024-07-06 00:00:00,"147,0635064073977","473,799988",3,1,2024-07-06
2024-07-06 01:00:00,"133,8640911863075","346,540009",3,1,2024-07-06
2024-07-06 02:00:00,"140,06590558963225","288,070007",3,1,2024-07-06
2024-07-06 03:00:00,"127,38805538673527","117,029999",3,1,2024-07-06
2024-07-06 04:00:00,"123,22976754726305","41,77",3,1,2024-07-06
2024-07-06 05:00:00,"144,939025358934","41,02",3,1,2024-07-06
2024-07-06 06:00:00,"249,2645706230942","25,959999",3,1,2024-07-06
2024-07-06 07:00:00,"232,3172693958899","2,39",3,1,2024-07-06
2024-07-06 08:00:00,"263,18130097340816","-0,3",3,1,2024-07-06
2024-07-06 09:00:00,"273,44178589887247","-0,15",3,1,2024-07-06
2024-07-06 10:00:00,"283,24867909987637","-0,22",3,1,2024-07-06
2024-07-06 11:00:00,"275,7908021773867","-0,9",3,1,2024-07-06
2024-07-06 12:00:00,"267,1449154246218","-16,26",3,1,2024-07-06
2024-07-06 13:00:00,"303,7539757866138","-20,209999",3,1,2024-07-06
2024-07-06 14:00:00,"364,8150447922724","-4,48",3,1,2024-07-06
2024-07-06 15:00:00,"437,6598593645016","0,07",3,1,2024-07-06
2024-07-06 16:00:00,"504,9585757892032","14,47",3,1,2024-07-06
2024-07-06 17:00:00,"516,6962487000305","3,28",3,1,2024-07-06
2024-07-06 18:00:00,"478,5867804262681","49,900002",3,1,2024-07-06
2024-07-06 19:00:00,"424,5091193017912","70,110001",3,1,2024-07-06
2024-07-06 20:00:00,"349,30160564895783","134,259995",3,1,2024-07-06
2024-07-06 21:00:00,"286,0079448947252","50,5",3,1,2024-07-06
2024-07-06 22:00:00,"252,136463456414","-0,15",3,1,2024-07-06
2024-07-06 23:00:00,"238,95637360838427","-0,75",3,1,2024-07-06
2024-07-07 00:00:00,"222,61807654498037","-5,97",3,1,2024-07-07
2024-07-07 01:00:00,"222,1727874587281","-3,58",3,1,2024-07-07
2024-07-07 02:00:00,"225,49909716767058","-0,45",3,1,2024-07-07
2024-07-07 03:00:00,"212,48465977357773","-0,07",3,1,2024-07-07
2024-07-07 04:00:00,"221,08085340501427","-0,07",3,1,2024-07-07
2024-07-07 05:00:00,"226,77525689851723","-0,07",3,1,2024-07-07
2024-07-07 06:00:00,"272,34939297749","-4,55",3,1,2024-07-07
2024-07-07 07:00:00,"307,18477205717977","-48,25",3,1,2024-07-07
2024-07-07 08:00:00,"303,7933320436023","-74,43",3,1,2024-07-07
2024-07-07 09:00:00,"297,85277808305904","-89,800003",3,1,2024-07-07
2024-07-07 10:00:00,"304,76544764699355","-100,610001",3,1,2024-07-07
2024-07-07 11:00:00,"287,5290258821485","-112,019997",3,1,2024-07-07
2024-07-07 12:00:00,"286,71965403556584","-148,419998",3,1,2024-07-07
2024-07-07 13:00:00,"275,9239653130916","-90,989998",3,1,2024-07-07
2024-07-07 14:00:00,"299,68483100816235","-45,939999",3,1,2024-07-07
2024-07-07 15:00:00,"313,4667880105205","-0,6",3,1,2024-07-07
2024-07-07 16:00:00,"379,1416997926557","477,23999",3,1,2024-07-07
2024-07-07 17:00:00,"252,77248976199968","673,23999",3,1,2024-07-07
2024-07-07 18:00:00,"254,49308697966","937,030029",3,1,2024-07-07
2024-07-07 19:00:00,"227,61708395226978","993,190002",3,1,2024-07-07
2024-07-07 20:00:00,"207,57452851502808","859,169983",3,1,2024-07-07
2024-07-07 21:00:00,"203,73663681702172","724,400024",3,1,2024-07-07
2024-07-07 22:00:00,"187,33765156625384","608,72998",3,1,2024-07-07
2024-07-07 23:00:00,"184,4057244301208","571,659973",3,1,2024-07-07
2024-07-08 00:00:00,"169,3931867029644","552,48999",3,2,2024-07-08
2024-07-08 01:00:00,"214,4002605163301","579,640015",3,2,2024-07-08
2024-07-08 02:00:00,"192,88442957014698","568,900024",3,2,2024-07-08
2024-07-08 03:00:00,"210,36987205307418","592,469971",3,2,2024-07-08
2024-07-08 04:00:00,"196,01200284732377","820,390015",3,2,2024-07-08
2024-07-08 05:00:00,"242,07426745606764","948,52002",3,2,2024-07-08
2024-07-08 06:00:00,"286,00317739833804","750,580017",3,2,2024-07-08
2024-07-08 07:00:00,"322,6590712423197","578,820007",3,2,2024-07-08
2024-07-08 08:00:00,"332,5507276923287","402,209991",3,2,2024-07-08
2024-07-08 09:00:00,"333,8390511496089","286,609985",3,2,2024-07-08
2024-07-08 10:00:00,"307,0405088764778","237,089996",3,2,2024-07-08
2024-07-08 11:00:00,"289,8093955430792","219,639999",3,2,2024-07-08
2024-07-08 12:00:00,"288,0911941580009","220,460007",3,2,2024-07-08
2024-07-08 13:00:00,"294,45919644042147","274,079987",3,2,2024-07-08
2024-07-08 14:00:00,"318,9634614998403","477,320007",3,2,2024-07-08
2024-07-08 15:00:00,"334,19789707455465","598,140015",3,2,2024-07-08
2024-07-08 16:00:00,"379,9158691432282","765,419983",3,2,2024-07-08
2024-07-08 17:00:00,"420,2377969632975","1017,950012",3,2,2024-07-08
2024-07-08 18:00:00,"441,57626602072486","1919,339966",3,2,2024-07-08
2024-07-08 19:00:00,"370,0749971965752","1295,390015",3,2,2024-07-08
2024-07-08 20:00:00,"312,2781154355373","847,609985",3,2,2024-07-08
2024-07-08 21:00:00,"304,076216106498","686,289978",3,2,2024-07-08
2024-07-08 22:00:00,"287,3304659079411","787,049988",3,2,2024-07-08
2024-07-08 23:00:00,"271,96691547244774","715,73999",3,2,2024-07-08
2024-07-09 00:00:00,"254,58910299150713","694,26001",3,2,2024-07-09
2024-07-09 01:00:00,"241,02070394833947","679,789978",3,2,2024-07-09
2024-07-09 02:00:00,"248,75707782546343","653,840027",3,2,2024-07-09
2024-07-09 03:00:00,"260,2620275658744","722,22998",3,2,2024-07-09
2024-07-09 04:00:00,"292,6702639427958","830,76001",3,2,2024-07-09
2024-07-09 05:00:00,"320,43838796534385","773,919983",3,2,2024-07-09
2024-07-09 06:00:00,"363,1132595812906","701,119995",3,2,2024-07-09
2024-07-09 07:00:00,"420,0083100182476","501,679993",3,2,2024-07-09
2024-07-09 08:00:00,"444,29458327425937","347,799988",3,2,2024-07-09
2024-07-09 09:00:00,"447,11700387486314","251,440002",3,2,2024-07-09
2024-07-09 10:00:00,"439,6491442583529","163,720001",3,2,2024-07-09
2024-07-09 11:00:00,"428,1255495176111","119,190002",3,2,2024-07-09
2024-07-09 12:00:00,"404,70488498934424","32,369999",3,2,2024-07-09
2024-07-09 13:00:00,"408,8361826037843","82,639999",3,2,2024-07-09
2024-07-09 14:00:00,"537,5022231857972","400,76001",3,2,2024-07-09
2024-07-09 15:00:00,"585,8406593708743","609,309998",3,2,2024-07-09
2024-07-09 16:00:00,"596,1581687415002","740,429993",3,2,2024-07-09
2024-07-09 17:00:00,"562,8526955391854","822,47998",3,2,2024-07-09
2024-07-09 18:00:00,"480,4344103574682","841,349976",3,2,2024-07-09
2024-07-09 19:00:00,"422,43074334699696","748,26001",3,2,2024-07-09
2024-07-09 20:00:00,"386,26950937124997","338,779999",3,2,2024-07-09
2024-07-09 21:00:00,"335,09951261178367","301,779999",3,2,2024-07-09
2024-07-09 22:00:00,"297,93176927668384","216,029999",3,2,2024-07-09
2024-07-09 23:00:00,"281,59387791483016","210,210007",3,2,2024-07-09
2024-07-10 00:00:00,"257,3794640914073","203,050003",3,2,2024-07-10
2024-07-10 01:00:00,"252,49032599772326","196,110001",3,2,2024-07-10
2024-07-10 02:00:00,"247,1167102473833","191,789993",3,2,2024-07-10
2024-07-10 03:00:00,"265,52610847704733","201,710007",3,2,2024-07-10
2024-07-10 04:00:00,"275,89150383343883","300,700012",3,2,2024-07-10
2024-07-10 05:00:00,"327,51548185183134","325,089996",3,2,2024-07-10
2024-07-10 06:00:00,"413,10850965863006","622,809998",3,2,2024-07-10
2024-07-10 07:00:00,"602,597960321759","586,109985",3,2,2024-07-10
2024-07-10 08:00:00,"598,6016206099538","484,880005",3,2,2024-07-10
2024-07-10 09:00:00,"611,616133500493","416,029999",3,2,2024-07-10
2024-07-10 10:00:00,"592,8841508254783","351,570007",3,2,2024-07-10
2024-07-10 11:00:00,"590,8318444096293","304,059998",3,2,2024-07-10
2024-07-10 12:00:00,"548,608165043819","392,149994",3,2,2024-07-10
2024-07-10 13:00:00,"572,0013973092416","394,690002",3,2,2024-07-10
2024-07-10 14:00:00,"605,9043701457479","503,380005",3,2,2024-07-10
2024-07-10 15:00:00,"609,9197556222948","597,820007",3,2,2024-07-10
2024-07-10 16:00:00,"638,5522526438559","602,219971",3,2,2024-07-10
2024-07-10 17:00:00,"602,1076417998157","743,880005",3,2,2024-07-10
2024-07-10 18:00:00,"559,6881338695748","1108,579956",3,2,2024-07-10
2024-07-10 19:00:00,"511,06535752963885","1223,97998",3,2,2024-07-10
2024-07-10 20:00:00,"398,2380091272251","850,179993",3,2,2024-07-10
2024-07-10 21:00:00,"378,7394023833984","693,150024",3,2,2024-07-10
2024-07-10 22:00:00,"342,1703040954482","716,380005",3,2,2024-07-10
2024-07-10 23:00:00,"315,58880734169963","596,48999",3,2,2024-07-10
2024-07-11 00:00:00,"309,86236456305727","574,919983",3,2,2024-07-11
2024-07-11 01:00:00,"288,7187234099777","593,869995",3,2,2024-07-11
2024-07-11 02:00:00,"272,6435317364925","599,169983",3,2,2024-07-11
2024-07-11 03:00:00,"287,29398739765344","611,630005",3,2,2024-07-11
2024-07-11 04:00:00,"312,9995752381091","803,599976",3,2,2024-07-11
2024-07-11 05:00:00,"347,64465088959145","895,289978",3,2,2024-07-11
2024-07-11 06:00:00,"402,18082615448975","794,789978",3,2,2024-07-11
2024-07-11 07:00:00,"445,4244745797898","664,830017",3,2,2024-07-11
2024-07-11 08:00:00,"428,412688857869","602,01001",3,2,2024-07-11
2024-07-11 09:00:00,"417,74677235685465","496,880005",3,2,2024-07-11
2024-07-11 10:00:00,"384,4877794494452","428,540009",3,2,2024-07-11
2024-07-11 11:00:00,"370,74750453186095","355,880005",3,2,2024-07-11
2024-07-11 12:00:00,"397,83376664322213","331,850006",3,2,2024-07-11
2024-07-11 13:00:00,"417,7092676761602","373,779999",3,2,2024-07-11
2024-07-11 14:00:00,"475,78250962166663","454,959991",3,2,2024-07-11
2024-07-11 15:00:00,"473,73032215443493","611,109985",3,2,2024-07-11
2024-07-11 16:00:00,"488,8181388923001","683,25",3,2,2024-07-11
2024-07-11 17:00:00,"443,1550739617879","895,289978",3,2,2024-07-11
2024-07-11 18:00:00,"421,69199641207047","1375,23999",3,2,2024-07-11
2024-07-11 19:00:00,"370,31802775712197","1244,0",3,2,2024-07-11
2024-07-11 20:00:00,"325,054838399888","907,150024",3,2,2024-07-11
2024-07-11 21:00:00,"319,65599636637666","732,049988",3,2,2024-07-11
2024-07-11 22:00:00,"260,9452237637717","764,130005",3,2,2024-07-11
2024-07-11 23:00:00,"245,76981851492644","651,400024",3,2,2024-07-11
2024-07-12 00:00:00,"218,32573720039068","609,619995",3,2,2024-07-12
2024-07-12 01:00:00,"194,87285615145242","604,619995",3,2,2024-07-12
2024-07-12 02:00:00,"191,5061928253903","598,650024",3,2,2024-07-12
2024-07-12 03:00:00,"204,58155414312455","613,5",3,2,2024-07-12
2024-07-12 04:00:00,"224,1517149138487","805,309998",3,2,2024-07-12
2024-07-12 05:00:00,"268,58314114944216","820,080017",3,2,2024-07-12
2024-07-12 06:00:00,"328,12700539754957","817,690002",3,2,2024-07-12
2024-07-12 07:00:00,"368,92734222313544","763,97998",3,2,2024-07-12
2024-07-12 08:00:00,"353,89044963434475","715,26001",3,2,2024-07-12
2024-07-12 09:00:00,"333,45038296576206","670,200012",3,2,2024-07-12
2024-07-12 10:00:00,"325,4245226701346","621,099976",3,2,2024-07-12
2024-07-12 11:00:00,"304,7260099638001","586,409973",3,2,2024-07-12
2024-07-12 12:00:00,"282,40231076372055","582,22998",3,2,2024-07-12
2024-07-12 13:00:00,"295,8550278641527","583,349976",3,2,2024-07-12
2024-07-12 14:00:00,"311,5732082325517","624,159973",3,2,2024-07-12
2024-07-12 15:00:00,"343,8914931276447","589,400024",3,2,2024-07-12
2024-07-12 16:00:00,"354,7380840993566","671,840027",3,2,2024-07-12
2024-07-12 17:00:00,"331,4974617280523","720,849976",3,2,2024-07-12
2024-07-12 18:00:00,"310,1817408013549","679,299988",3,2,2024-07-12
2024-07-12 19:00:00,"268,7281076343661","688,919983",3,2,2024-07-12
2024-07-12 20:00:00,"261,0040574939847","313,950012",3,2,2024-07-12
2024-07-12 21:00:00,"240,73276811727308","197,559998",3,2,2024-07-12
2024-07-12 22:00:00,"194,46442242668599","154,669998",3,2,2024-07-12
2024-07-12 23:00:00,"162,5867546157091","99,459999",3,2,2024-07-12
2024-07-13 00:00:00,"140,15617114014552","68,339996",3,2,2024-07-13
2024-07-13 01:00:00,"121,15021294824895","59,689999",3,2,2024-07-13
2024-07-13 02:00:00,"110,2324593921232","46,040001",3,2,2024-07-13
2024-07-13 03:00:00,"113,17043676238933","88,410004",3,2,2024-07-13
2024-07-13 04:00:00,"126,7179131591553","227,860001",3,2,2024-07-13
2024-07-13 05:00:00,"148,54373556403883","207,570007",3,2,2024-07-13
2024-07-13 06:00:00,"253,58978168918878","198,470001",3,2,2024-07-13
2024-07-13 07:00:00,"250,02673949492643","156,460007",3,2,2024-07-13
2024-07-13 08:00:00,"279,3696635597494","38,5",3,2,2024-07-13
2024-07-13 09:00:00,"292,71725995463737","0,3",3,2,2024-07-13
2024-07-13 10:00:00,"304,5535847908649","-0,07",3,2,2024-07-13
2024-07-13 11:00:00,"289,2704170912425","-6,49",3,2,2024-07-13
2024-07-13 12:00:00,"297,2017460733775","-6,04",3,2,2024-07-13
2024-07-13 13:00:00,"323,4754646033589","-0,45",3,2,2024-07-13
2024-07-13 14:00:00,"377,296847551954","11,34",3,2,2024-07-13
2024-07-13 15:00:00,"449,80470300350504","47,150002",3,2,2024-07-13
2024-07-13 16:00:00,"520,7492317135396","167,429993",3,2,2024-07-13
2024-07-13 17:00:00,"548,5692528618637","375,519989",3,2,2024-07-13
2024-07-13 18:00:00,"487,15421505812014","562,950012",3,2,2024-07-13
2024-07-13 19:00:00,"444,6965978951684","568,98999",3,2,2024-07-13
2024-07-13 20:00:00,"376,05658471237496","588,23999",3,2,2024-07-13
2024-07-13 21:00:00,"294,1926851947534","470,049988",3,2,2024-07-13
2024-07-13 22:00:00,"260,5836761604141","663,700012",3,2,2024-07-13
2024-07-13 23:00:00,"239,34290552681168","471,48999",3,2,2024-07-13
2024-07-14 00:00:00,"222,08521775892663","413,73999",3,2,2024-07-14
2024-07-14 01:00:00,"222,81295302222097","330,540009",3,2,2024-07-14
2024-07-14 02:00:00,"224,27918328224914","283,01001",3,2,2024-07-14
2024-07-14 03:00:00,"214,1717686675496","274,660004",3,2,2024-07-14
2024-07-14 04:00:00,"220,26971662094275","238,470001",3,2,2024-07-14
2024-07-14 05:00:00,"226,21751278875084","106,550003",3,2,2024-07-14
2024-07-14 06:00:00,"275,5532196371155","2,16",3,2,2024-07-14
2024-07-14 07:00:00,"308,49481597201975","-17,09",3,2,2024-07-14
2024-07-14 08:00:00,"309,3081946668716","-22,530001",3,2,2024-07-14
2024-07-14 09:00:00,"298,6624518880519","-25,370001",3,2,2024-07-14
2024-07-14 10:00:00,"300,2596988190691","-31,49",3,2,2024-07-14
2024-07-14 11:00:00,"287,8587672409529","-38,5",3,2,2024-07-14
2024-07-14 12:00:00,"290,4149161363586","-47,830002",3,2,2024-07-14
2024-07-14 13:00:00,"280,25353937893544","-39,990002",3,2,2024-07-14
2024-07-14 14:00:00,"301,76468299467535","-75,809998",3,2,2024-07-14
2024-07-14 15:00:00,"308,21752776568457","13,95",3,2,2024-07-14
2024-07-14 16:00:00,"379,2162308724082","301,890015",3,2,2024-07-14
2024-07-14 17:00:00,"250,49231131287266","685,929993",3,2,2024-07-14
2024-07-14 18:00:00,"246,9374930236046","864,030029",3,2,2024-07-14
2024-07-14 19:00:00,"218,93357931238378","810,909973",3,2,2024-07-14
2024-07-14 20:00:00,"203,13662855232062","789,719971",3,2,2024-07-14
2024-07-14 21:00:00,"202,93490603141566","649,590027",3,2,2024-07-14
2024-07-14 22:00:00,"182,62033235632884","592,070007",3,2,2024-07-14
2024-07-14 23:00:00,"183,24419814728427","494,25",3,2,2024-07-14
2024-07-15 00:00:00,"163,19768965038952","434,029999",3,3,2024-07-15
2024-07-15 01:00:00,"211,0442907289633","361,059998",3,3,2024-07-15
2024-07-15 02:00:00,"189,87645154232058","388,73999",3,3,2024-07-15
2024-07-15 03:00:00,"205,48390589283423","482,160004",3,3,2024-07-15
2024-07-15 04:00:00,"203,94041625588596","482,609985",3,3,2024-07-15
2024-07-15 05:00:00,"238,15505233226574","482,380005",3,3,2024-07-15
2024-07-15 06:00:00,"270,7398347866384","482,079987",3,3,2024-07-15
2024-07-15 07:00:00,"299,3645622791624","299,200012",3,3,2024-07-15
2024-07-15 08:00:00,"310,067446605395","196,979996",3,3,2024-07-15
2024-07-15 09:00:00,"306,55216633049366","149,449997",3,3,2024-07-15
2024-07-15 10:00:00,"295,726192686944","3,28",3,3,2024-07-15
2024-07-15 11:00:00,"292,1718351015355","-0,07",3,3,2024-07-15
2024-07-15 12:00:00,"288,452436777834","-0,52",3,3,2024-07-15
2024-07-15 13:00:00,"294,78930478677563","155,270004",3,3,2024-07-15
2024-07-15 14:00:00,"320,1090808191774","201,610001",3,3,2024-07-15
2024-07-15 15:00:00,"329,99981784795136","611,840027",3,3,2024-07-15
2024-07-15 16:00:00,"379,7318715634514","853,219971",3,3,2024-07-15
2024-07-15 17:00:00,"419,7131952899087","1486,98999",3,3,2024-07-15
2024-07-15 18:00:00,"442,37503807854773","1678,530029",3,3,2024-07-15
2024-07-15 19:00:00,"364,1680598419665","1071,160034",3,3,2024-07-15
2024-07-15 20:00:00,"312,0151887011912","690,030029",3,3,2024-07-15
2024-07-15 21:00:00,"303,7530081943541","597,659973",3,3,2024-07-15
2024-07-15 22:00:00,"279,7449770981834","571,47998",3,3,2024-07-15
2024-07-15 23:00:00,"263,75981569965086","475,829987",3,3,2024-07-15
2024-07-16 00:00:00,"244,85398806598766","391,660004",3,3,2024-07-16
2024-07-16 01:00:00,"226,8289741862483","274,73999",3,3,2024-07-16
2024-07-16 02:00:00,"240,04737469643558","284,730011",3,3,2024-07-16
2024-07-16 03:00:00,"249,77851812654416","375,470001",3,3,2024-07-16
2024-07-16 04:00:00,"277,1673879886404","531,859985",3,3,2024-07-16
2024-07-16 05:00:00,"312,7303193551484","593,049988",3,3,2024-07-16
2024-07-16 06:00:00,"361,43200340215924","568,349976",3,3,2024-07-16
2024-07-16 07:00:00,"418,0143545740362","440,76001",3,3,2024-07-16
2024-07-16 08:00:00,"444,32751011955156","187,960007",3,3,2024-07-16
2024-07-16 09:00:00,"447,17349317879166","158,630005",3,3,2024-07-16
2024-07-16 10:00:00,"439,8401457478049","118,190002",3,3,2024-07-16
2024-07-16 11:00:00,"428,2199928249445","101,400002",3,3,2024-07-16
2024-07-16 12:00:00,"405,46380835340824","30,290001",3,3,2024-07-16
2024-07-16 13:00:00,"409,93742650592196","21,639999",3,3,2024-07-16
2024-07-16 14:00:00,"538,1273591771863","0,07",3,3,2024-07-16
2024-07-16 15:00:00,"581,9658307196273","190,570007",3,3,2024-07-16
2024-07-16 16:00:00,"592,0496543160705","444,709991",3,3,2024-07-16
2024-07-16 17:00:00,"562,0739039656569","611,780029",3,3,2024-07-16
2024-07-16 18:00:00,"538,7235451539476","907,330017",3,3,2024-07-16
2024-07-16 19:00:00,"481,773706188794","852,710022",3,3,2024-07-16
2024-07-16 20:00:00,"452,81657005045525","789,51001",3,3,2024-07-16
2024-07-16 21:00:00,"447,25844845769285","629,090027",3,3,2024-07-16
2024-07-16 22:00:00,"435,9431208743676","652,109985",3,3,2024-07-16
2024-07-16 23:00:00,"381,3389626314094","544,52002",3,3,2024-07-16
2024-07-17 00:00:00,"394,2459522750437","543,330017",3,3,2024-07-17
2024-07-17 01:00:00,"401,3203765066971","526,23999",3,3,2024-07-17
2024-07-17 02:00:00,"381,87922890184296","530,119995",3,3,2024-07-17
2024-07-17 03:00:00,"355,80919521931776","577,799988",3,3,2024-07-17
2024-07-17 04:00:00,"345,3526302961689","671,880005",3,3,2024-07-17
2024-07-17 05:00:00,"364,8148939433117","744,330017",3,3,2024-07-17
2024-07-17 06:00:00,"464,0469154554168","788,650024",3,3,2024-07-17
2024-07-17 07:00:00,"594,1779802551924","575,559998",3,3,2024-07-17
2024-07-17 08:00:00,"595,2907548205746","434,170013",3,3,2024-07-17
2024-07-17 09:00:00,"611,6394271724557","311,51001",3,3,2024-07-17
2024-07-17 10:00:00,"592,2081516198419","243,160004",3,3,2024-07-17
2024-07-17 11:00:00,"593,9355601148973","163,029999",3,3,2024-07-17
2024-07-17 12:00:00,"548,2210863443568","80,580002",3,3,2024-07-17
2024-07-17 13:00:00,"570,9186625229959","100,5",3,3,2024-07-17
2024-07-17 14:00:00,"603,8377915593821","290,089996",3,3,2024-07-17
2024-07-17 15:00:00,"608,8975606153449","460,209991",3,3,2024-07-17
2024-07-17 16:00:00,"637,610566465832","618,76001",3,3,2024-07-17
2024-07-17 17:00:00,"597,3304440672226","797,530029",3,3,2024-07-17
2024-07-17 18:00:00,"551,0204278075512","984,280029",3,3,2024-07-17
2024-07-17 19:00:00,"502,7525386254905","1044,790039",3,3,2024-07-17
2024-07-17 20:00:00,"399,21800628148367","857,369995",3,3,2024-07-17
2024-07-17 21:00:00,"379,6347816682019","687,700012",3,3,2024-07-17
2024-07-17 22:00:00,"342,21436749973844","506,570007",3,3,2024-07-17
2024-07-17 23:00:00,"316,45443655234453","544,679993",3,3,2024-07-17
2024-07-18 00:00:00,"309,2020498215636","493,589996",3,3,2024-07-18
2024-07-18 01:00:00,"291,9554089568058","491,200012",3,3,2024-07-18
2024-07-18 02:00:00,"268,1976956282129","466,880005",3,3,2024-07-18
2024-07-18 03:00:00,"283,0911241622731","298,369995",3,3,2024-07-18
2024-07-18 04:00:00,"305,5745558359102","650,309998",3,3,2024-07-18
2024-07-18 05:00:00,"347,3055933582635","704,909973",3,3,2024-07-18
2024-07-18 06:00:00,"400,62855584628284","506,269989",3,3,2024-07-18
2024-07-18 07:00:00,"445,12278860583586","351,339996",3,3,2024-07-18
2024-07-18 08:00:00,"427,9864899528135","270,779999",3,3,2024-07-18
2024-07-18 09:00:00,"417,92833542812383","253,470001",3,3,2024-07-18
2024-07-18 10:00:00,"384,37872278250785","253,25",3,3,2024-07-18
2024-07-18 11:00:00,"371,26911358796497","252,800003",3,3,2024-07-18
2024-07-18 12:00:00,"397,4655216976462","254,360001",3,3,2024-07-18
2024-07-18 13:00:00,"416,16031735551513","260,929993",3,3,2024-07-18
2024-07-18 14:00:00,"474,929404670537","197,080002",3,3,2024-07-18
2024-07-18 15:00:00,"473,2607373040651","637,630005",3,3,2024-07-18
2024-07-18 16:00:00,"488,33803531837157","686,26001",3,3,2024-07-18
2024-07-18 17:00:00,"443,1550739617879","952,26001",3,3,2024-07-18
2024-07-18 18:00:00,"422,25641241612976","1382,819946",3,3,2024-07-18
2024-07-18 19:00:00,"370,5582583620396","1318,290039",3,3,2024-07-18
2024-07-18 20:00:00,"327,5118095611028","891,690002",3,3,2024-07-18
2024-07-18 21:00:00,"317,98232021112364","760,26001",3,3,2024-07-18
2024-07-18 22:00:00,"261,73414183498966","672,26001",3,3,2024-07-18
2024-07-18 23:00:00,"247,26046123616848","600,200012",3,3,2024-07-18
2024-07-19 00:00:00,"218,86789930081486","596,169983",3,3,2024-07-19
2024-07-19 01:00:00,"194,44774160395238","583,47998",3,3,2024-07-19
2024-07-19 02:00:00,"193,27969812514402","606,390015",3,3,2024-07-19
2024-07-19 03:00:00,"204,1783555662272","667,039978",3,3,2024-07-19
2024-07-19 04:00:00,"224,1517149138487","827,289978",3,3,2024-07-19
2024-07-19 05:00:00,"268,6122593858058","810,72998",3,3,2024-07-19
2024-07-19 06:00:00,"328,1316966391254","734,109985",3,3,2024-07-19
2024-07-19 07:00:00,"367,28968615252217","607,51001",3,3,2024-07-19
2024-07-19 08:00:00,"353,91244672677334","522,22998",3,3,2024-07-19
2024-07-19 09:00:00,"336,30292567651753","438,299988",3,3,2024-07-19
2024-07-19 10:00:00,"323,7941955873966","330,799988",3,3,2024-07-19
2024-07-19 11:00:00,"310,0504704795258","272,309998",3,3,2024-07-19
2024-07-19 12:00:00,"279,063691554203","270,070007",3,3,2024-07-19
2024-07-19 13:00:00,"285,7493700297887","317,369995",3,3,2024-07-19
2024-07-19 14:00:00,"323,8409187146233","475,899994",3,3,2024-07-19
2024-07-19 15:00:00,"346,63089193946564","576,98999",3,3,2024-07-19
2024-07-19 16:00:00,"354,97396315857054","683,460022",3,3,2024-07-19
2024-07-19 17:00:00,"345,98382447119263","888,099976",3,3,2024-07-19
2024-07-19 18:00:00,"315,5780935075017","1358,410034",3,3,2024-07-19
2024-07-19 19:00:00,"276,4875974750067","895,26001",3,3,2024-07-19
2024-07-19 20:00:00,"278,5257538803521","797,22998",3,3,2024-07-19
2024-07-19 21:00:00,"282,6427723783917","683,01001",3,3,2024-07-19
2024-07-19 22:00:00,"196,37703689216883","706,789978",3,3,2024-07-19
2024-07-19 23:00:00,"179,74073287876084","667,099976",3,3,2024-07-19
2024-07-20 00:00:00,"174,7297320245954","658,440002",3,3,2024-07-20
2024-07-20 01:00:00,"155,90814234529137","670,599976",3,3,2024-07-20
2024-07-20 02:00:00,"154,6675770207119","703,130005",3,3,2024-07-20
2024-07-20 03:00:00,"154,35225228269127","699,849976",3,3,2024-07-20
2024-07-20 04:00:00,"157,5403183222285","665,159973",3,3,2024-07-20
2024-07-20 05:00:00,"167,93074453256443","641,580017",3,3,2024-07-20
2024-07-20 06:00:00,"250,6201552286212","508,850006",3,3,2024-07-20
2024-07-20 07:00:00,"251,7246146745261","291,359985",3,3,2024-07-20
2024-07-20 08:00:00,"282,98909549516","118,629997",3,3,2024-07-20
2024-07-20 09:00:00,"297,52429973420493","28,129999",3,3,2024-07-20
2024-07-20 10:00:00,"301,1213491002958","10,22",3,3,2024-07-20
2024-07-20 11:00:00,"294,03075235791493","0,15",3,3,2024-07-20
2024-07-20 12:00:00,"298,5827839129204","3,28",3,3,2024-07-20
2024-07-20 13:00:00,"331,9869389653522","34,32",3,3,2024-07-20
2024-07-20 14:00:00,"382,2975313679654","134,369995",3,3,2024-07-20
2024-07-20 15:00:00,"457,9111087218816","273,820007",3,3,2024-07-20
2024-07-20 16:00:00,"532,1904610936784","634,190002",3,3,2024-07-20
2024-07-20 17:00:00,"559,6156540517023","817,440002",3,3,2024-07-20
2024-07-20 18:00:00,"491,096066841732","1005,380005",3,3,2024-07-20
2024-07-20 19:00:00,"449,73736371245684","811,840027",3,3,2024-07-20
2024-07-20 20:00:00,"383,81689421859016","627,47998",3,3,2024-07-20
2024-07-20 21:00:00,"304,2304795468079","555,929993",3,3,2024-07-20
2024-07-20 22:00:00,"274,4989037241569","474,790009",3,3,2024-07-20
2024-07-20 23:00:00,"244,4834797537194","420,089996",3,3,2024-07-20
2024-07-21 00:00:00,"226,8820846273894","411,880005",3,3,2024-07-21
2024-07-21 01:00:00,"225,9383976111458","450,540009",3,3,2024-07-21
2024-07-21 02:00:00,"229,14095006502342","496,570007",3,3,2024-07-21
2024-07-21 03:00:00,"216,8219096383041","561,419983",3,3,2024-07-21
2024-07-21 04:00:00,"222,48620887416178","480,529999",3,3,2024-07-21
2024-07-21 05:00:00,"227,32522742226175","421,809998",3,3,2024-07-21
2024-07-21 06:00:00,"262,70761015048004","303,540009",3,3,2024-07-21
2024-07-21 07:00:00,"307,6394507819872","138,559998",3,3,2024-07-21
2024-07-21 08:00:00,"307,08401484467504","7,54",3,3,2024-07-21
2024-07-21 09:00:00,"287,50041249344036","0,22",3,3,2024-07-21
2024-07-21 10:00:00,"301,69810695529236","0,15",3,3,2024-07-21
2024-07-21 11:00:00,"281,5785564394801","-0,45",3,3,2024-07-21
2024-07-21 12:00:00,"286,11209811289774","-1,34",3,3,2024-07-21
2024-07-21 13:00:00,"277,75196774084344","0,3",3,3,2024-07-21
2024-07-21 14:00:00,"299,7958279890583","139,380005",3,3,2024-07-21
2024-07-21 15:00:00,"308,21459274130956","307,640015",3,3,2024-07-21
2024-07-21 16:00:00,"378,9029866733645","600,289978",3,3,2024-07-21
2024-07-21 17:00:00,"249,22176651048628","807,880005",3,3,2024-07-21
2024-07-21 18:00:00,"246,9374930236046","841,150024",3,3,2024-07-21
2024-07-21 19:00:00,"220,28368197325224","919,950012",3,3,2024-07-21
2024-07-21 20:00:00,"199,7629036483856","814,590027",3,3,2024-07-21
2024-07-21 21:00:00,"201,1525833995419","672,73999",3,3,2024-07-21
2024-07-21 22:00:00,"188,3048896798737","901,669983",3,3,2024-07-21
2024-07-21 23:00:00,"184,0886646537063","721,02002",3,3,2024-07-21
2024-07-22 00:00:00,"290,0508001188293","648,27002",3,4,2024-07-22
2024-07-22 01:00:00,"175,82675799509693","648,640015",3,4,2024-07-22
2024-07-22 02:00:00,"214,44283669997887","610,659973",3,4,2024-07-22
2024-07-22 03:00:00,"185,59793690645856","591,859985",3,4,2024-07-22
2024-07-22 04:00:00,"217,5166513029457","811,159973",3,4,2024-07-22
2024-07-22 05:00:00,"254,89277956854355","896,070007",3,4,2024-07-22
2024-07-22 06:00:00,"284,2626868972548","852,719971",3,4,2024-07-22
2024-07-22 07:00:00,"320,04714794747144","703,929993",3,4,2024-07-22
2024-07-22 08:00:00,"325,4050899231533","473,290009",3,4,2024-07-22
2024-07-22 09:00:00,"323,7785560516229","291,600006",3,4,2024-07-22
2024-07-22 10:00:00,"306,4555862750507","191,089996",3,4,2024-07-22
2024-07-22 11:00:00,"294,0258726991458","174,300003",3,4,2024-07-22
2024-07-22 12:00:00,"289,0491130124472","144,830002",3,4,2024-07-22
2024-07-22 13:00:00,"292,80932724019857","152,070007",3,4,2024-07-22
2024-07-22 14:00:00,"308,7396813595332","170,279999",3,4,2024-07-22
2024-07-22 15:00:00,"319,69116117040915","463,820007",3,4,2024-07-22
2024-07-22 16:00:00,"361,25648944725873","603,719971",3,4,2024-07-22
2024-07-22 17:00:00,"373,3844563298103","739,0",3,4,2024-07-22
2024-07-22 18:00:00,"382,65889260622794","1043,660034",3,4,2024-07-22
2024-07-22 19:00:00,"356,62229614420244","1046,569946",3,4,2024-07-22
2024-07-22 20:00:00,"313,6826012720258","828,539978",3,4,2024-07-22
2024-07-22 21:00:00,"299,03328942893467","712,73999",3,4,2024-07-22
2024-07-22 22:00:00,"273,69104806462974","618,22998",3,4,2024-07-22
2024-07-22 23:00:00,"265,55300902041915","559,349976",3,4,2024-07-22
2024-07-23 00:00:00,"247,78402031130707","547,630005",3,4,2024-07-23
2024-07-23 01:00:00,"235,9480178021244","508,380005",3,4,2024-07-23
2024-07-23 02:00:00,"246,08977384457904","526,52002",3,4,2024-07-23
2024-07-23 03:00:00,"258,1782478783095","549,799988",3,4,2024-07-23
2024-07-23 04:00:00,"291,0303360991556","745,450012",3,4,2024-07-23
2024-07-23 05:00:00,"318,0341133844273","865,590027",3,4,2024-07-23
2024-07-23 06:00:00,"362,3769586325586","824,179993",3,4,2024-07-23
2024-07-23 07:00:00,"417,8335253086007","651,359985",3,4,2024-07-23
2024-07-23 08:00:00,"444,3440251685772","513,909973",3,4,2024-07-23
2024-07-23 09:00:00,"447,1366455721964","457,940002",3,4,2024-07-23
2024-07-23 10:00:00,"439,6802776305751","324,0",3,4,2024-07-23
2024-07-23 11:00:00,"428,2199928249445","285,720001",3,4,2024-07-23
2024-07-23 12:00:00,"406,8218379165758","268,709991",3,4,2024-07-23
2024-07-23 13:00:00,"409,75175143257945","313,100006",3,4,2024-07-23
2024-07-23 14:00:00,"542,4130121879483","483,980011",3,4,2024-07-23
2024-07-23 15:00:00,"581,7839792189747","593,450012",3,4,2024-07-23
2024-07-23 16:00:00,"591,930906145578","596,359985",3,4,2024-07-23
2024-07-23 17:00:00,"562,0695012125319","716,570007",3,4,2024-07-23
2024-07-23 18:00:00,"539,5155862290486","872,530029",3,4,2024-07-23
2024-07-23 19:00:00,"481,63535621963996","761,200012",3,4,2024-07-23
2024-07-23 20:00:00,"452,92169478822916","740,450012",3,4,2024-07-23
2024-07-23 21:00:00,"449,3991036445143","683,369995",3,4,2024-07-23
2024-07-23 22:00:00,"435,93023643518677","623,359985",3,4,2024-07-23
2024-07-23 23:00:00,"384,87398359234396","584,419983",3,4,2024-07-23
2024-07-24 00:00:00,"393,2196905359745","541,369995",3,4,2024-07-24
2024-07-24 01:00:00,"399,21456957690765","549,130005",3,4,2024-07-24
2024-07-24 02:00:00,"377,83876051625674","423,630005",3,4,2024-07-24
2024-07-24 03:00:00,"350,79790402892957","299,179993",3,4,2024-07-24
2024-07-24 04:00:00,"342,58085091166737","323,429993",3,4,2024-07-24
2024-07-24 05:00:00,"359,6203693543998","336,190002",3,4,2024-07-24
2024-07-24 06:00:00,"427,3991674467594","429,079987",3,4,2024-07-24
2024-07-24 07:00:00,"594,2018372066813","270,23999",3,4,2024-07-24
2024-07-24 08:00:00,"595,1333240472429","186,520004",3,4,2024-07-24
2024-07-24 09:00:00,"612,0286884603116","158,100006",3,4,2024-07-24
2024-07-24 10:00:00,"594,7130688918089","11,79",3,4,2024-07-24
2024-07-24 11:00:00,"595,4318846812477","0,0",3,4,2024-07-24
2024-07-24 12:00:00,"544,5916279111574","0,0",3,4,2024-07-24
2024-07-24 13:00:00,"570,6731614533095","-0,6",3,4,2024-07-24
2024-07-24 14:00:00,"603,6564537823618","124,599998",3,4,2024-07-24
2024-07-24 15:00:00,"608,7832432233392","184,880005",3,4,2024-07-24
2024-07-24 16:00:00,"637,7033314006416","387,149994",3,4,2024-07-24
2024-07-24 17:00:00,"597,4164754091545","668,5",3,4,2024-07-24
2024-07-24 18:00:00,"550,0056402080631","809,659973",3,4,2024-07-24
2024-07-24 19:00:00,"504,1540425535661","881,210022",3,4,2024-07-24
2024-07-24 20:00:00,"398,95354169381346","813,320007",3,4,2024-07-24
2024-07-24 21:00:00,"378,6902838477934","631,570007",3,4,2024-07-24
2024-07-24 22:00:00,"342,159136278186","624,570007",3,4,2024-07-24
2024-07-24 23:00:00,"314,12830975315524","578,299988",3,4,2024-07-24
2024-07-25 00:00:00,"305,8256038642107","567,859985",3,4,2024-07-25
2024-07-25 01:00:00,"288,5656050315751","596,359985",3,4,2024-07-25
2024-07-25 02:00:00,"272,97820560491857","570,090027",3,4,2024-07-25
2024-07-25 03:00:00,"286,33202967061663","690,460022",3,4,2024-07-25
2024-07-25 04:00:00,"309,7118402954545","792,159973",3,4,2024-07-25
2024-07-25 05:00:00,"347,3180884602165","813,580017",3,4,2024-07-25
2024-07-25 06:00:00,"400,84464542740204","678,890015",3,4,2024-07-25
2024-07-25 07:00:00,"445,14347007379087","537,109985",3,4,2024-07-25
2024-07-25 08:00:00,"428,81007045901885","411,0",3,4,2024-07-25
2024-07-25 09:00:00,"417,5028411984572","275,720001",3,4,2024-07-25
2024-07-25 10:00:00,"384,37195772150784","177,070007",3,4,2024-07-25
2024-07-25 11:00:00,"370,30343696975933","133,869995",3,4,2024-07-25
2024-07-25 12:00:00,"398,49126992337256","128,490005",3,4,2024-07-25
2024-07-25 13:00:00,"416,23541737001227","166,029999",3,4,2024-07-25
2024-07-25 14:00:00,"475,7873207867778","401,450012",3,4,2024-07-25
2024-07-25 15:00:00,"473,74084087799366","596,960022",3,4,2024-07-25
2024-07-25 16:00:00,"489,23562891130024","723,809998",3,4,2024-07-25
2024-07-25 17:00:00,"443,1699239159545","947,150024",3,4,2024-07-25
2024-07-25 18:00:00,"422,25641241612976","1161,97998",3,4,2024-07-25
2024-07-25 19:00:00,"370,5582583620396","982,070007",3,4,2024-07-25
2024-07-25 20:00:00,"325,054838399888","746,200012",3,4,2024-07-25
2024-07-25 21:00:00,"317,4048996212954","633,890015",3,4,2024-07-25
2024-07-25 22:00:00,"257,0682167562725","604,460022",3,4,2024-07-25
2024-07-25 23:00:00,"238,4206354688432","548,48999",3,4,2024-07-25
2024-07-26 00:00:00,"209,39646068335998","559,76001",3,4,2024-07-26
2024-07-26 01:00:00,"189,89618543504562","576,849976",3,4,2024-07-26
2024-07-26 02:00:00,"183,421657522167","573,859985",3,4,2024-07-26
2024-07-26 03:00:00,"192,9894519443878","596,919983",3,4,2024-07-26
2024-07-26 04:00:00,"218,49071440718498","608,109985",3,4,2024-07-26
2024-07-26 05:00:00,"263,4957134864725","795,940002",3,4,2024-07-26
2024-07-26 06:00:00,"327,4906457908052","776,840027",3,4,2024-07-26
2024-07-26 07:00:00,"368,5891949703842","722,590027",3,4,2024-07-26
2024-07-26 08:00:00,"353,8230813072936","675,570007",3,4,2024-07-26
2024-07-26 09:00:00,"332,66226289925464","607,070007",3,4,2024-07-26
2024-07-26 10:00:00,"323,5711629965714","522,369995",3,4,2024-07-26
2024-07-26 11:00:00,"301,27495857286664","471,029999",3,4,2024-07-26
2024-07-26 12:00:00,"285,6784221489004","449,160004",3,4,2024-07-26
2024-07-26 13:00:00,"294,9986448953976","508,48999",3,4,2024-07-26
2024-07-26 14:00:00,"309,1760119406213","543,559998",3,4,2024-07-26
2024-07-26 15:00:00,"344,91972672181873","660,580017",3,4,2024-07-26
2024-07-26 16:00:00,"354,8913383227978","704,01001",3,4,2024-07-26
2024-07-26 17:00:00,"340,9231697778658","804,380005",3,4,2024-07-26
2024-07-26 18:00:00,"307,9139469108193","1068,98999",3,4,2024-07-26
2024-07-26 19:00:00,"270,4569773625984","1037,280029",3,4,2024-07-26
2024-07-26 20:00:00,"265,75370845070927","793,929993",3,4,2024-07-26
2024-07-26 21:00:00,"270,87456860196977","730,650024",3,4,2024-07-26
2024-07-26 22:00:00,"193,42019270988544","775,22998",3,4,2024-07-26
2024-07-26 23:00:00,"169,17300390351528","768,890015",3,4,2024-07-26
2024-07-27 00:00:00,"147,85176693869104","723,070007",3,4,2024-07-27
2024-07-27 01:00:00,"137,42727459736057","710,080017",3,4,2024-07-27
2024-07-27 02:00:00,"145,72911758246082","690,01001",3,4,2024-07-27
2024-07-27 03:00:00,"142,6893695110546","673,070007",3,4,2024-07-27
2024-07-27 04:00:00,"142,41559901053344","649,929993",3,4,2024-07-27
2024-07-27 05:00:00,"153,27844594914257","615,01001",3,4,2024-07-27
2024-07-27 06:00:00,"256,3247301129349","632,02002",3,4,2024-07-27
2024-07-27 07:00:00,"258,1198013838324","505,0",3,4,2024-07-27
2024-07-27 08:00:00,"288,22258149204924","453,589996",3,4,2024-07-27
2024-07-27 09:00:00,"301,108610754604","297,76001",3,4,2024-07-27
2024-07-27 10:00:00,"305,29306574056244","208,960007",3,4,2024-07-27
2024-07-27 11:00:00,"295,00874839144467","132,839996",3,4,2024-07-27
2024-07-27 12:00:00,"301,31134782661064","133,729996",3,4,2024-07-27
2024-07-27 13:00:00,"327,9292570033499","261,350006",3,4,2024-07-27
2024-07-27 14:00:00,"382,66358030225837","505,380005",3,4,2024-07-27
2024-07-27 15:00:00,"459,28064097532456","649,710022",3,4,2024-07-27
2024-07-27 16:00:00,"531,0008029469088","783,369995",3,4,2024-07-27
2024-07-27 17:00:00,"558,7281719770527","870,830017",3,4,2024-07-27
2024-07-27 18:00:00,"491,0997189448153","918,669983",3,4,2024-07-27
2024-07-27 19:00:00,"449,8178473988452","909,109985",3,4,2024-07-27
2024-07-27 20:00:00,"384,0423033796768","806,719971",3,4,2024-07-27
2024-07-27 21:00:00,"305,13551840662814","730,900024",3,4,2024-07-27
2024-07-27 22:00:00,"284,1126500849152","820,820007",3,4,2024-07-27
2024-07-27 23:00:00,"252,0830744061206","709,780029",3,4,2024-07-27
2024-07-28 00:00:00,"229,1578834688697","658,280029",3,4,2024-07-28
2024-07-28 01:00:00,"226,17200067758975","608,429993",3,4,2024-07-28
2024-07-28 02:00:00,"228,07572412817026","586,119995",3,4,2024-07-28
2024-07-28 03:00:00,"218,7708563174019","591,48999",3,4,2024-07-28
2024-07-28 04:00:00,"224,47669134262247","563,659973",3,4,2024-07-28
2024-07-28 05:00:00,"229,1005368578206","541,869995",3,4,2024-07-28
2024-07-28 06:00:00,"267,32873707912285","189,699997",3,4,2024-07-28
2024-07-28 07:00:00,"303,53310529479734","37,240002",3,4,2024-07-28
2024-07-28 08:00:00,"312,7225858687538","0,0",3,4,2024-07-28
2024-07-28 09:00:00,"293,1163741392608","-18,129999",3,4,2024-07-28
2024-07-28 10:00:00,"299,8125184673726","-112,239998",3,4,2024-07-28
2024-07-28 11:00:00,"286,6181851213007","-222,389999",3,4,2024-07-28
2024-07-28 12:00:00,"286,7196540355658","-363,359985",3,4,2024-07-28
2024-07-28 13:00:00,"276,4228997914813","-250,220001",3,4,2024-07-28
2024-07-28 14:00:00,"299,9926364418716","-99,099998",3,4,2024-07-28
2024-07-28 15:00:00,"311,438222906049","-1,94",3,4,2024-07-28
2024-07-28 16:00:00,"381,24695700407466","37,09",3,4,2024-07-28
2024-07-28 17:00:00,"244,01569800368242","349,480011",3,4,2024-07-28
2024-07-28 18:00:00,"245,95727716345556","588,580017",3,4,2024-07-28
2024-07-28 19:00:00,"220,68313415103665","579,630005",3,4,2024-07-28
2024-07-28 20:00:00,"199,21907137736346","589,400024",3,4,2024-07-28
2024-07-28 21:00:00,"198,2712791911179","322,98999",3,4,2024-07-28
2024-07-28 22:00:00,"184,55369524455807","382,160004",3,4,2024-07-28
2024-07-28 23:00:00,"182,6441681801538","275,670013",3,4,2024-07-28
2024-09-30 00:00:00,"205,57763939369732","62,630001",4,1,2024-09-30
2024-09-30 01:00:00,"201,5231675757711","41,23",4,1,2024-09-30
2024-09-30 02:00:00,"195,55629717258032","67,25",4,1,2024-09-30
2024-09-30 03:00:00,"197,37090444115566","126,599998",4,1,2024-09-30
2024-09-30 04:00:00,"200,52184775722256","314,869995",4,1,2024-09-30
2024-09-30 05:00:00,"242,93715950167677","597,22998",4,1,2024-09-30
2024-09-30 06:00:00,"268,51902231581715","597,22998",4,1,2024-09-30
2024-09-30 07:00:00,"304,17995480034403","447,359985",4,1,2024-09-30
2024-09-30 08:00:00,"306,97553605713904","272,73999",4,1,2024-09-30
2024-09-30 09:00:00,"310,623177509961","155,910004",4,1,2024-09-30
2024-09-30 10:00:00,"304,3583741069001","69,190002",4,1,2024-09-30
2024-09-30 11:00:00,"293,8919845469003","15,36",4,1,2024-09-30
2024-09-30 12:00:00,"293,4033264520749","94,919998",4,1,2024-09-30
2024-09-30 13:00:00,"302,53603235232134","125,709999",4,1,2024-09-30
2024-09-30 14:00:00,"308,26492149708275","180,360001",4,1,2024-09-30
2024-09-30 15:00:00,"318,9528569190118","243,960007",4,1,2024-09-30
2024-09-30 16:00:00,"363,89404387396013","268,339996",4,1,2024-09-30
2024-09-30 17:00:00,"372,55189508753523","273,119995",4,1,2024-09-30
2024-09-30 18:00:00,"347,0997733382647","127,5",4,1,2024-09-30
2024-09-30 19:00:00,"317,56181965917585","31,24",4,1,2024-09-30
2024-09-30 20:00:00,"299,0012267741241","24,459999",4,1,2024-09-30
2024-09-30 21:00:00,"290,9995958275948","24,23",4,1,2024-09-30
2024-09-30 22:00:00,"260,5733146903327","23,93",4,1,2024-09-30
2024-09-30 23:00:00,"246,55475058212022","0,52",4,1,2024-09-30
2024-10-01 00:00:00,"243,1533528901344","0,37",4,1,2024-10-01
2024-10-01 01:00:00,"228,75332480998156","0,15",4,1,2024-10-01
2024-10-01 02:00:00,"244,94819530106","0,67",4,1,2024-10-01
2024-10-01 03:00:00,"244,9065341357994","24,6",4,1,2024-10-01
2024-10-01 04:00:00,"268,04235048092755","75,080002",4,1,2024-10-01
2024-10-01 05:00:00,"295,1293513667296","293,910004",4,1,2024-10-01
2024-10-01 06:00:00,"357,70742483952023","308,079987",4,1,2024-10-01
2024-10-01 07:00:00,"409,0934877708069","309,5",4,1,2024-10-01
2024-10-01 08:00:00,"444,667594286038","288,170013",4,1,2024-10-01
2024-10-01 09:00:00,"447,66067891411643","260,880005",4,1,2024-10-01
2024-10-01 10:00:00,"439,91159253291187","232,919998",4,1,2024-10-01
2024-10-01 11:00:00,"428,1486798407312","223,600006",4,1,2024-10-01
2024-10-01 12:00:00,"404,88966497855256","260,660004",4,1,2024-10-01
2024-10-01 13:00:00,"408,88794292928344","296,079987",4,1,2024-10-01
2024-10-01 14:00:00,"537,4648155716911","324,779999",4,1,2024-10-01
2024-10-01 15:00:00,"585,8255190292892","393,0",4,1,2024-10-01
2024-10-01 16:00:00,"596,7531943150445","405,600006",4,1,2024-10-01
2024-10-01 17:00:00,"562,3910537202246","421,410004",4,1,2024-10-01
2024-10-01 18:00:00,"463,2094612326053","366,829987",4,1,2024-10-01
2024-10-01 19:00:00,"412,39376023679375","345,429993",4,1,2024-10-01
2024-10-01 20:00:00,"366,4699667684449","321,649994",4,1,2024-10-01
2024-10-01 21:00:00,"308,3500193010183","309,940002",4,1,2024-10-01
2024-10-01 22:00:00,"261,1091805519021","432,829987",4,1,2024-10-01
2024-10-01 23:00:00,"257,48799055514","367,350006",4,1,2024-10-01
2024-10-02 00:00:00,"250,47959734603094","373,540009",4,1,2024-10-02
2024-10-02 01:00:00,"243,84437138592105","365,339996",4,1,2024-10-02
2024-10-02 02:00:00,"246,4704410043436","300,230011",4,1,2024-10-02
2024-10-02 03:00:00,"254,8749787178035","363,470001",4,1,2024-10-02
2024-10-02 04:00:00,"268,47938774411506","596,440002",4,1,2024-10-02
2024-10-02 05:00:00,"304,7992107337984","692,869995",4,1,2024-10-02
2024-10-02 06:00:00,"403,43634583224446","913,830017",4,1,2024-10-02
2024-10-02 07:00:00,"586,9784188727672","701,219971",4,1,2024-10-02
2024-10-02 08:00:00,"593,9949761340229","484,880005",4,1,2024-10-02
2024-10-02 09:00:00,"613,6896168063876","394,420013",4,1,2024-10-02
2024-10-02 10:00:00,"598,2733751827193","431,040009",4,1,2024-10-02
2024-10-02 11:00:00,"595,9963710693374","597,109985",4,1,2024-10-02
2024-10-02 12:00:00,"546,2507153922595","584,659973",4,1,2024-10-02
2024-10-02 13:00:00,"571,2208473190359","607,26001",4,1,2024-10-02
2024-10-02 14:00:00,"604,5171537195918","607,849976",4,1,2024-10-02
2024-10-02 15:00:00,"609,3078796840841","746,48999",4,1,2024-10-02
2024-10-02 16:00:00,"638,0545809595554","872,590027",4,1,2024-10-02
2024-10-02 17:00:00,"599,552467155341","969,97998",4,1,2024-10-02
2024-10-02 18:00:00,"545,7814456380833","852,900024",4,1,2024-10-02
2024-10-02 19:00:00,"501,2202027454202","719,940002",4,1,2024-10-02
2024-10-02 20:00:00,"399,20421098435014","695,780029",4,1,2024-10-02
2024-10-02 21:00:00,"378,74806949755344","633,880005",4,1,2024-10-02
2024-10-02 22:00:00,"341,92085664393636","502,230011",4,1,2024-10-02
2024-10-02 23:00:00,"316,4095635346853","491,26001",4,1,2024-10-02
2024-10-03 00:00:00,"309,36165898642145","485,890015",4,1,2024-10-03
2024-10-03 01:00:00,"292,1066626644531","478,730011",4,1,2024-10-03
2024-10-03 02:00:00,"273,04224315713077","477,23999",4,1,2024-10-03
2024-10-03 03:00:00,"290,1054494066124","480,369995",4,1,2024-10-03
2024-10-03 04:00:00,"308,10458186360034","488,059998",4,1,2024-10-03
2024-10-03 05:00:00,"346,6555776767634","547,280029",4,1,2024-10-03
2024-10-03 06:00:00,"399,1049503523092","571,900024",4,1,2024-10-03
2024-10-03 07:00:00,"447,1237835750967","543,780029",4,1,2024-10-03
2024-10-03 08:00:00,"427,5034619032972","516,77002",4,1,2024-10-03
2024-10-03 09:00:00,"417,5452247248769","470,230011",4,1,2024-10-03
2024-10-03 10:00:00,"384,2566532826561","351,25",4,1,2024-10-03
2024-10-03 11:00:00,"371,3432462668632","253,460007",4,1,2024-10-03
2024-10-03 12:00:00,"396,7768726141006","291,950012",4,1,2024-10-03
2024-10-03 13:00:00,"415,452708889894","383,109985",4,1,2024-10-03
2024-10-03 14:00:00,"473,9573341234531","492,609985",4,1,2024-10-03
2024-10-03 15:00:00,"473,15565079488726","669,090027",4,1,2024-10-03
2024-10-03 16:00:00,"488,5918449996445","821,039978",4,1,2024-10-03
2024-10-03 17:00:00,"443,2922337467002","860,200012",4,1,2024-10-03
2024-10-03 18:00:00,"421,18113577270566","807,679993",4,1,2024-10-03
2024-10-03 19:00:00,"370,2688474162319","736,669983",4,1,2024-10-03
2024-10-03 20:00:00,"325,6412301572541","678,48999",4,1,2024-10-03
2024-10-03 21:00:00,"321,3568160292372","607,630005",4,1,2024-10-03
2024-10-03 22:00:00,"253,1305442183661","551,23999",4,1,2024-10-03
2024-10-03 23:00:00,"238,2499307425083","540,950012",4,1,2024-10-03
2024-10-04 00:00:00,"215,75154627464832","537,809998",4,1,2024-10-04
2024-10-04 01:00:00,"194,36416337961447","537,070007",4,1,2024-10-04
2024-10-04 02:00:00,"188,80352303144684","539,530029",4,1,2024-10-04
2024-10-04 03:00:00,"200,20798821370107","575,109985",4,1,2024-10-04
2024-10-04 04:00:00,"217,66132139803432","768,299988",4,1,2024-10-04
2024-10-04 05:00:00,"281,9233324746618","943,890015",4,1,2024-10-04
2024-10-04 06:00:00,"330,9729084025492","1054,890015",4,1,2024-10-04
2024-10-04 07:00:00,"368,8740247102998","867,289978",4,1,2024-10-04
2024-10-04 08:00:00,"354,23131478647576","746,599976",4,1,2024-10-04
2024-10-04 09:00:00,"332,5912311201464","634,039978",4,1,2024-10-04
2024-10-04 10:00:00,"325,6012048003022","559,969971",4,1,2024-10-04
2024-10-04 11:00:00,"321,4709961799955","548,179993",4,1,2024-10-04
2024-10-04 12:00:00,"291,10983882802924","565,559998",4,1,2024-10-04
2024-10-04 13:00:00,"298,36441766664177","589,799988",4,1,2024-10-04
2024-10-04 14:00:00,"317,3053533267415","669,840027",4,1,2024-10-04
2024-10-04 15:00:00,"346,4311436531095","798,890015",4,1,2024-10-04
2024-10-04 16:00:00,"355,0479585249304","984,400024",4,1,2024-10-04
2024-10-04 17:00:00,"347,3412814022207","1111,579956",4,1,2024-10-04
2024-10-04 18:00:00,"313,7135710614101","922,710022",4,1,2024-10-04
2024-10-04 19:00:00,"281,0492473232135","745,179993",4,1,2024-10-04
2024-10-04 20:00:00,"277,33057479267853","745,179993",4,1,2024-10-04
2024-10-04 21:00:00,"282,7956025478559","671,330017",4,1,2024-10-04
2024-10-04 22:00:00,"194,8544986051099","694,340027",4,1,2024-10-04
2024-10-04 23:00:00,"180,33694930982384","631,23999",4,1,2024-10-04
2024-10-05 00:00:00,"174,6763646969747","607,080017",4,1,2024-10-05
2024-10-05 01:00:00,"157,1796233240071","563,380005",4,1,2024-10-05
2024-10-05 02:00:00,"156,1953546985485","564,719971",4,1,2024-10-05
2024-10-05 03:00:00,"157,16083893011802","595,299988",4,1,2024-10-05
2024-10-05 04:00:00,"158,37501188842154","642,880005",4,1,2024-10-05
2024-10-05 05:00:00,"187,9764202750033","748,780029",4,1,2024-10-05
2024-10-05 06:00:00,"262,65627335010043","825,0",4,1,2024-10-05
2024-10-05 07:00:00,"268,57480137924375","768,169983",4,1,2024-10-05
2024-10-05 08:00:00,"307,2739663978141","614,690002",4,1,2024-10-05
2024-10-05 09:00:00,"304,15173374051926","509,160004",4,1,2024-10-05
2024-10-05 10:00:00,"306,83240084136906","383,640015",4,1,2024-10-05
2024-10-05 11:00:00,"304,0887767118463","289,970001",4,1,2024-10-05
2024-10-05 12:00:00,"314,2139201580054","324,350006",4,1,2024-10-05
2024-10-05 13:00:00,"324,9869946034324","469,26001",4,1,2024-10-05
2024-10-05 14:00:00,"379,154655322872","575,159973",4,1,2024-10-05
2024-10-05 15:00:00,"449,69429501077656","741,919983",4,1,2024-10-05
2024-10-05 16:00:00,"528,5071503465565","1108,630005",4,1,2024-10-05
2024-10-05 17:00:00,"553,0235511203826","1068,579956",4,1,2024-10-05
2024-10-05 18:00:00,"490,7971640234198","799,719971",4,1,2024-10-05
2024-10-05 19:00:00,"444,16295628128756","720,140015",4,1,2024-10-05
2024-10-05 20:00:00,"387,2102184346399","635,640015",4,1,2024-10-05
2024-10-05 21:00:00,"306,15556956463615","499,690002",4,1,2024-10-05
2024-10-05 22:00:00,"280,18464541892604","486,98999",4,1,2024-10-05
2024-10-05 23:00:00,"249,8538329256904","452,100006",4,1,2024-10-05
2024-10-06 00:00:00,"231,24649763255923","440,549988",4,1,2024-10-06
2024-10-06 01:00:00,"229,30779703286774","433,320007",4,1,2024-10-06
2024-10-06 02:00:00,"232,95029545249318","424,369995",4,1,2024-10-06
2024-10-06 03:00:00,"223,90630982066574","433,320007",4,1,2024-10-06
2024-10-06 04:00:00,"227,50425329740455","431,829987",4,1,2024-10-06
2024-10-06 05:00:00,"233,8007200009879","524,929993",4,1,2024-10-06
2024-10-06 06:00:00,"273,9191309697728","575,469971",4,1,2024-10-06
2024-10-06 07:00:00,"310,7789704729865","492,429993",4,1,2024-10-06
2024-10-06 08:00:00,"304,73734496764683","193,960007",4,1,2024-10-06
2024-10-06 09:00:00,"296,3988134669897","126,720001",4,1,2024-10-06
2024-10-06 10:00:00,"301,02268972835714","105,849998",4,1,2024-10-06
2024-10-06 11:00:00,"294,4450005828714","93,330002",4,1,2024-10-06
2024-10-06 12:00:00,"296,4170861510835","113,900002",4,1,2024-10-06
2024-10-06 13:00:00,"282,1967628083926","139,539993",4,1,2024-10-06
2024-10-06 14:00:00,"299,36078119355346","202,759995",4,1,2024-10-06
2024-10-06 15:00:00,"311,7969442915226","677,890015",4,1,2024-10-06
2024-10-06 16:00:00,"381,7230578071751","792,390015",4,1,2024-10-06
2024-10-06 17:00:00,"244,98598822463853","724,710022",4,1,2024-10-06
2024-10-06 18:00:00,"246,22475659924575","544,01001",4,1,2024-10-06
2024-10-06 19:00:00,"218,82898646259295","442,559998",4,1,2024-10-06
2024-10-06 20:00:00,"200,00529743993812","437,48999",4,1,2024-10-06
2024-10-06 21:00:00,"198,93313508785647","385,459991",4,1,2024-10-06
2024-10-06 22:00:00,"183,80155706559765","257,769989",4,1,2024-10-06
2024-10-06 23:00:00,"183,34510425590022","263,429993",4,1,2024-10-06
2024-10-07 00:00:00,"199,41368008675664","247,850006",4,2,2024-10-07
2024-10-07 01:00:00,"194,95260111196268","224,75",4,2,2024-10-07
2024-10-07 02:00:00,"192,91076289989408","260,529999",4,2,2024-10-07
2024-10-07 03:00:00,"194,04691908480635","291,910004",4,2,2024-10-07
2024-10-07 04:00:00,"194,07393895869987","335,369995",4,2,2024-10-07
2024-10-07 05:00:00,"228,41556955176958","378,299988",4,2,2024-10-07
2024-10-07 06:00:00,"270,50934472699004","414,089996",4,2,2024-10-07
2024-10-07 07:00:00,"300,2070876842805","383,75",4,2,2024-10-07
2024-10-07 08:00:00,"308,1014675018183","372,420013",4,2,2024-10-07
2024-10-07 09:00:00,"305,36878218022724","356,309998",4,2,2024-10-07
2024-10-07 10:00:00,"300,3915681008143","340,880005",4,2,2024-10-07
2024-10-07 11:00:00,"291,68222086812995","322,019989",4,2,2024-10-07
2024-10-07 12:00:00,"290,2337806992272","358,399994",4,2,2024-10-07
2024-10-07 13:00:00,"291,2791094790957","458,070007",4,2,2024-10-07
2024-10-07 14:00:00,"305,89726156727426","661,869995",4,2,2024-10-07
2024-10-07 15:00:00,"325,58854790399556","873,640015",4,2,2024-10-07
2024-10-07 16:00:00,"368,92184817862216","1405,060059",4,2,2024-10-07
2024-10-07 17:00:00,"397,9154797005955","1405,359985",4,2,2024-10-07
2024-10-07 18:00:00,"400,1352416955618","909,27002",4,2,2024-10-07
2024-10-07 19:00:00,"358,7157568318663","744,909973",4,2,2024-10-07
2024-10-07 20:00:00,"316,932649832559","685,119995",4,2,2024-10-07
2024-10-07 21:00:00,"301,7951550527073","589,780029",4,2,2024-10-07
2024-10-07 22:00:00,"274,8818764093095","539,340027",4,2,2024-10-07
2024-10-07 23:00:00,"261,82307147309035","500,119995",4,2,2024-10-07
2024-10-08 00:00:00,"244,4846973613107","477,149994",4,2,2024-10-08
2024-10-08 01:00:00,"228,97245842208287","444,940002",4,2,2024-10-08
2024-10-08 02:00:00,"238,76662597601648","445,089996",4,2,2024-10-08
2024-10-08 03:00:00,"249,56609855845065","502,799988",4,2,2024-10-08
2024-10-08 04:00:00,"270,6864316642017","641,049988",4,2,2024-10-08
2024-10-08 05:00:00,"306,80904874293077","822,98999",4,2,2024-10-08
2024-10-08 06:00:00,"354,88907770297686","792,200012",4,2,2024-10-08
2024-10-08 07:00:00,"411,18861175890504","633,820007",4,2,2024-10-08
2024-10-08 08:00:00,"445,4872788929164","598,98999",4,2,2024-10-08
2024-10-08 09:00:00,"447,08450466400086","547,469971",4,2,2024-10-08
2024-10-08 10:00:00,"439,7789139112642","495,940002",4,2,2024-10-08
2024-10-08 11:00:00,"428,05207873094446","529,200012",4,2,2024-10-08
2024-10-08 12:00:00,"404,6647528568442","565,140015",4,2,2024-10-08
2024-10-08 13:00:00,"407,99707235481424","578,119995",4,2,2024-10-08
2024-10-08 14:00:00,"537,9707433094729","754,539978",4,2,2024-10-08
2024-10-08 15:00:00,"581,7755754236715","942,080017",4,2,2024-10-08
2024-10-08 16:00:00,"591,9588235686082","1168,97998",4,2,2024-10-08
2024-10-08 17:00:00,"561,8794987666639","1254,209961",4,2,2024-10-08
2024-10-08 18:00:00,"536,9998857729138","853,119995",4,2,2024-10-08
2024-10-08 19:00:00,"480,6625449728652","707,640015",4,2,2024-10-08
2024-10-08 20:00:00,"445,79973334269016","645,75",4,2,2024-10-08
2024-10-08 21:00:00,"452,6185181783642","504,070007",4,2,2024-10-08
2024-10-08 22:00:00,"441,29505944852247","461,859985",4,2,2024-10-08
2024-10-08 23:00:00,"386,67570264340293","447,459991",4,2,2024-10-08
2024-10-09 00:00:00,"398,40961625405106","428,670013",4,2,2024-10-09
2024-10-09 01:00:00,"407,9362487672065","405,100006",4,2,2024-10-09
2024-10-09 02:00:00,"382,2462441257368","427,480011",4,2,2024-10-09
2024-10-09 03:00:00,"354,70626274474284","476,329987",4,2,2024-10-09
2024-10-09 04:00:00,"358,1872377193864","646,590027",4,2,2024-10-09
2024-10-09 05:00:00,"391,1559952298641","829,22998",4,2,2024-10-09
2024-10-09 06:00:00,"469,7993591474485","827,659973",4,2,2024-10-09
2024-10-09 07:00:00,"594,2600642917881","648,820007",4,2,2024-10-09
2024-10-09 08:00:00,"596,6595777672845","537,630005",4,2,2024-10-09
2024-10-09 09:00:00,"611,619985711118","446,720001",4,2,2024-10-09
2024-10-09 10:00:00,"592,2204424087056","445,970001",4,2,2024-10-09
2024-10-09 11:00:00,"591,7035522070662","446,350006",4,2,2024-10-09
2024-10-09 12:00:00,"548,5638818753581","504,369995",4,2,2024-10-09
2024-10-09 13:00:00,"572,966070197279","575,51001",4,2,2024-10-09
2024-10-09 14:00:00,"604,9836751500502","708,48999",4,2,2024-10-09
2024-10-09 15:00:00,"609,67760478223","875,909973",4,2,2024-10-09
2024-10-09 16:00:00,"638,499576965525","913,799988",4,2,2024-10-09
2024-10-09 17:00:00,"601,1612691836417","948,030029",4,2,2024-10-09
2024-10-09 18:00:00,"559,5004247429349","828,179993",4,2,2024-10-09
2024-10-09 19:00:00,"510,14313753052994","714,450012",4,2,2024-10-09
2024-10-09 20:00:00,"397,95197273633227","709,22998",4,2,2024-10-09
2024-10-09 21:00:00,"378,42977840309095","614,070007",4,2,2024-10-09
2024-10-09 22:00:00,"341,9096888266741","456,399994",4,2,2024-10-09
2024-10-09 23:00:00,"316,58097223161053","349,73999",4,2,2024-10-09
2024-10-10 00:00:00,"308,8826939843095","281,559998",4,2,2024-10-10
2024-10-10 01:00:00,"290,36316004993427","238,679993",4,2,2024-10-10
2024-10-10 02:00:00,"276,8347332594325","221,070007",4,2,2024-10-10
2024-10-10 03:00:00,"291,4566544065537","295,359985",4,2,2024-10-10
2024-10-10 04:00:00,"313,18999268555456","463,179993",4,2,2024-10-10
2024-10-10 05:00:00,"347,303216647744","633,23999",4,2,2024-10-10
2024-10-10 06:00:00,"399,09129244557187","600,119995",4,2,2024-10-10
2024-10-10 07:00:00,"444,4649544326881","503,459991",4,2,2024-10-10
2024-10-10 08:00:00,"427,83269943385153","387,920013",4,2,2024-10-10
2024-10-10 09:00:00,"417,5323736895305","290,369995",4,2,2024-10-10
2024-10-10 10:00:00,"384,24135708823303","163,270004",4,2,2024-10-10
2024-10-10 11:00:00,"371,8406624494212","118,889999",4,2,2024-10-10
2024-10-10 12:00:00,"395,88367749557284","149,25",4,2,2024-10-10
2024-10-10 13:00:00,"415,2924485020192","277,309998",4,2,2024-10-10
2024-10-10 14:00:00,"474,03159751578403","277,309998",4,2,2024-10-10
2024-10-10 15:00:00,"473,1498123027444","285,140015",4,2,2024-10-10
2024-10-10 16:00:00,"488,57178863109897","294,470001",4,2,2024-10-10
2024-10-10 17:00:00,"443,6298634136693","288,200012",4,2,2024-10-10
2024-10-10 18:00:00,"419,4254650501352","274,630005",4,2,2024-10-10
2024-10-10 19:00:00,"370,9366888340792","186,759995",4,2,2024-10-10
2024-10-10 20:00:00,"325,094320112558","100,540001",4,2,2024-10-10
2024-10-10 21:00:00,"314,1299206219562","24,540001",4,2,2024-10-10
2024-10-10 22:00:00,"247,81230833631997","24,389999",4,2,2024-10-10
2024-10-10 23:00:00,"232,81281935771543","24,389999",4,2,2024-10-10
2024-10-11 00:00:00,"217,45836097034714","24,459999",4,2,2024-10-11
2024-10-11 01:00:00,"189,3147068495765","24,389999",4,2,2024-10-11
2024-10-11 02:00:00,"168,63242399926511","24,389999",4,2,2024-10-11
2024-10-11 03:00:00,"185,6638973553728","24,459999",4,2,2024-10-11
2024-10-11 04:00:00,"209,36847900975192","252,839996",4,2,2024-10-11
2024-10-11 05:00:00,"266,72485310697573","439,230011",4,2,2024-10-11
2024-10-11 06:00:00,"325,75169955597846","593,919983",4,2,2024-10-11
2024-10-11 07:00:00,"368,8116445927295","400,670013",4,2,2024-10-11
2024-10-11 08:00:00,"354,24964038614655","367,859985",4,2,2024-10-11
2024-10-11 09:00:00,"332,3224021615489","183,929993",4,2,2024-10-11
2024-10-11 10:00:00,"323,10116952037174","156,929993",4,2,2024-10-11
2024-10-11 11:00:00,"308,9381814720741","252,990005",4,2,2024-10-11
2024-10-11 12:00:00,"288,8706926170566","251,949997",4,2,2024-10-11
2024-10-11 13:00:00,"295,6102010874674","298,119995",4,2,2024-10-11
2024-10-11 14:00:00,"308,8098507115353","298,859985",4,2,2024-10-11
2024-10-11 15:00:00,"344,3396348290386","496,660004",4,2,2024-10-11
2024-10-11 16:00:00,"353,2235271884325","939,330017",4,2,2024-10-11
2024-10-11 17:00:00,"328,013978915002","1208,060059",4,2,2024-10-11
2024-10-11 18:00:00,"301,15001540535076","895,02002",4,2,2024-10-11
2024-10-11 19:00:00,"268,46427263854275","744,289978",4,2,2024-10-11
2024-10-11 20:00:00,"261,0040574939847","733,98999",4,2,2024-10-11
2024-10-11 21:00:00,"247,86373613563796","655,080017",4,2,2024-10-11
2024-10-11 22:00:00,"192,10641007070123","672,190002",4,2,2024-10-11
2024-10-11 23:00:00,"168,56342612994774","592,580017",4,2,2024-10-11
2024-10-12 00:00:00,"146,3319626301246","563,929993",4,2,2024-10-12
2024-10-12 01:00:00,"124,73997316362718","559,75",4,2,2024-10-12
2024-10-12 02:00:00,"110,0862242523834","536,619995",4,2,2024-10-12
2024-10-12 03:00:00,"112,91514058686755","506,619995",4,2,2024-10-12
2024-10-12 04:00:00,"122,35780048134875","534,460022",4,2,2024-10-12
2024-10-12 05:00:00,"144,61534664629337","400,149994",4,2,2024-10-12
2024-10-12 06:00:00,"252,2773460228026","378,359985",4,2,2024-10-12
2024-10-12 07:00:00,"246,03984090651377","310,910004",4,2,2024-10-12
2024-10-12 08:00:00,"263,41149145196374","263,390015",4,2,2024-10-12
2024-10-12 09:00:00,"273,0534113139703","255,770004",4,2,2024-10-12
2024-10-12 10:00:00,"283,92891117532145","184,970001",4,2,2024-10-12
2024-10-12 11:00:00,"278,06366080141817","106,919998",4,2,2024-10-12
2024-10-12 12:00:00,"269,4735232884584","174,149994",4,2,2024-10-12
2024-10-12 13:00:00,"297,33391368636745","263,459991",4,2,2024-10-12
2024-10-12 14:00:00,"364,57844860402264","218,990005",4,2,2024-10-12
2024-10-12 15:00:00,"459,49480287067547","423,799988",4,2,2024-10-12
2024-10-12 16:00:00,"513,9635153263034","361,950012",4,2,2024-10-12
2024-10-12 17:00:00,"513,2635817359842","299,049988",4,2,2024-10-12
2024-10-12 18:00:00,"457,8056632727967","207,429993",4,2,2024-10-12
2024-10-12 19:00:00,"410,25354130175407","134,899994",4,2,2024-10-12
2024-10-12 20:00:00,"343,9728020424892","102,220001",4,2,2024-10-12
2024-10-12 21:00:00,"287,94022633687325","41,779999",4,2,2024-10-12
2024-10-12 22:00:00,"252,3201911079641","0,0",4,2,2024-10-12
2024-10-12 23:00:00,"238,79003828541997","-0,07",4,2,2024-10-12
2024-10-13 00:00:00,"224,37443468036864","-0,52",4,2,2024-10-13
2024-10-13 01:00:00,"232,35546953802393","-2,76",4,2,2024-10-13
2024-10-13 02:00:00,"227,83329954130517","-3,81",4,2,2024-10-13
2024-10-13 03:00:00,"212,5674782088697","-0,67",4,2,2024-10-13
2024-10-13 04:00:00,"221,21500791072597","-0,07",4,2,2024-10-13
2024-10-13 05:00:00,"226,56559669191324","0,15",4,2,2024-10-13
2024-10-13 06:00:00,"274,7200029912226","20,52",4,2,2024-10-13
2024-10-13 07:00:00,"309,2698374503732","29,1",4,2,2024-10-13
2024-10-13 08:00:00,"302,8013718990904","36,630001",4,2,2024-10-13
2024-10-13 09:00:00,"299,25670525363336","46,330002",4,2,2024-10-13
2024-10-13 10:00:00,"300,4860415631402","47,599998",4,2,2024-10-13
2024-10-13 11:00:00,"294,2202740578401","52,970001",4,2,2024-10-13
2024-10-13 12:00:00,"293,8751939684067","59,09",4,2,2024-10-13
2024-10-13 13:00:00,"281,805765148019","94,610001",4,2,2024-10-13
2024-10-13 14:00:00,"298,08527411385836","118,260002",4,2,2024-10-13
2024-10-13 15:00:00,"311,68118582150817","156,240005",4,2,2024-10-13
2024-10-13 16:00:00,"381,2715452717691","260,920013",4,2,2024-10-13
2024-10-13 17:00:00,"245,53330305585482","373,799988",4,2,2024-10-13
2024-10-13 18:00:00,"244,82894413608057","294,790009",4,2,2024-10-13
2024-10-13 19:00:00,"218,2978960884553","286,730011",4,2,2024-10-13
2024-10-13 20:00:00,"199,21395350156646","299,410004",4,2,2024-10-13
2024-10-13 21:00:00,"190,68655307119516","274,640015",4,2,2024-10-13
2024-10-13 22:00:00,"181,7203139326433","276,809998",4,2,2024-10-13
2024-10-13 23:00:00,"177,36282302055264","263,0",4,2,2024-10-13
2024-10-14 00:00:00,"197,01568510833155","262,410004",4,3,2024-10-14
2024-10-14 01:00:00,"190,46430874426048","256,359985",4,3,2024-10-14
2024-10-14 02:00:00,"189,81428998143085","293,450012",4,3,2024-10-14
2024-10-14 03:00:00,"189,30317600868256","464,079987",4,3,2024-10-14
2024-10-14 04:00:00,"198,3214399256683","736,710022",4,3,2024-10-14
2024-10-14 05:00:00,"240,75343331557272","973,900024",4,3,2024-10-14
2024-10-14 06:00:00,"273,7878101991881","1142,449951",4,3,2024-10-14
2024-10-14 07:00:00,"306,18148281186853","879,960022",4,3,2024-10-14
2024-10-14 08:00:00,"314,0859219531487","753,200012",4,3,2024-10-14
2024-10-14 09:00:00,"310,874987336534","695,599976",4,3,2024-10-14
2024-10-14 10:00:00,"300,9470068700613","643,450012",4,3,2024-10-14
2024-10-14 11:00:00,"291,43224244705243","616,289978",4,3,2024-10-14
2024-10-14 12:00:00,"287,56658033508546","553,320007",4,3,2024-10-14
2024-10-14 13:00:00,"298,40537443168154","649,710022",4,3,2024-10-14
2024-10-14 14:00:00,"315,36652082614194","789,309998",4,3,2024-10-14
2024-10-14 15:00:00,"338,00870451158255","1182,660034",4,3,2024-10-14
2024-10-14 16:00:00,"380,0005941032364","1865,280029",4,3,2024-10-14
2024-10-14 17:00:00,"411,61629207533565","1964,290039",4,3,2024-10-14
2024-10-14 18:00:00,"412,4737982423474","1178,859985",4,3,2024-10-14
2024-10-14 19:00:00,"358,55404904884927","851,460022",4,3,2024-10-14
2024-10-14 20:00:00,"316,291496441537","743,580017",4,3,2024-10-14
2024-10-14 21:00:00,"301,084870210646","707,309998",4,3,2024-10-14
2024-10-14 22:00:00,"266,6327289321651","680,679993",4,3,2024-10-14
2024-10-14 23:00:00,"258,1033934618108","645,320007",4,3,2024-10-14
2024-10-15 00:00:00,"239,86710434086552","659,190002",4,3,2024-10-15
2024-10-15 01:00:00,"224,7277388828458","627,039978",4,3,2024-10-15
2024-10-15 02:00:00,"239,00934471224423","602,859985",4,3,2024-10-15
2024-10-15 03:00:00,"249,95030541639508","667,849976",4,3,2024-10-15
2024-10-15 04:00:00,"276,74434324894077","854,530029",4,3,2024-10-15
2024-10-15 05:00:00,"312,7404950228098","1383,22998",4,3,2024-10-15
2024-10-15 06:00:00,"360,87679748097","1317,719971",4,3,2024-10-15
2024-10-15 07:00:00,"412,2816735602562","824,76001",4,3,2024-10-15
2024-10-15 08:00:00,"444,9731106600674","692,02002",4,3,2024-10-15
2024-10-15 09:00:00,"447,1327114586547","619,650024",4,3,2024-10-15
2024-10-15 10:00:00,"439,3825368971625","585,47998",4,3,2024-10-15
2024-10-15 11:00:00,"428,1430228819445","535,340027",4,3,2024-10-15
2024-10-15 12:00:00,"405,5717110043399","566,299988",4,3,2024-10-15
2024-10-15 13:00:00,"411,21552805770006","621,960022",4,3,2024-10-15
2024-10-15 14:00:00,"537,846502918065","664,27002",4,3,2024-10-15
2024-10-15 15:00:00,"582,2003827353102","900,48999",4,3,2024-10-15
2024-10-15 16:00:00,"592,0496543160705","1020,609985",4,3,2024-10-15
2024-10-15 17:00:00,"561,9949964999902","726,049988",4,3,2024-10-15
2024-10-15 18:00:00,"538,4543697748919","568,98999",4,3,2024-10-15
2024-10-15 19:00:00,"481,66282434964245","497,290009",4,3,2024-10-15
2024-10-15 20:00:00,"453,05081132992325","445,059998",4,3,2024-10-15
2024-10-15 21:00:00,"457,64828010264205","304,269989",4,3,2024-10-15
2024-10-15 22:00:00,"442,8332909817762","174,210007",4,3,2024-10-15
2024-10-15 23:00:00,"382,99746837664287","95,5",4,3,2024-10-15
2024-10-16 00:00:00,"392,80977670175395","39,540001",4,3,2024-10-16
2024-10-16 01:00:00,"399,70665450138137","26,93",4,3,2024-10-16
2024-10-16 02:00:00,"370,38911260902876","24,25",4,3,2024-10-16
2024-10-16 03:00:00,"327,11448144729866","61,18",4,3,2024-10-16
2024-10-16 04:00:00,"282,699444080444","301,049988",4,3,2024-10-16
2024-10-16 05:00:00,"308,67635551457346","353,720001",4,3,2024-10-16
2024-10-16 06:00:00,"403,3351956861711","406,23999",4,3,2024-10-16
2024-10-16 07:00:00,"586,9744573765195","354,76001",4,3,2024-10-16
2024-10-16 08:00:00,"591,9045363104302","199,059998",4,3,2024-10-16
2024-10-16 09:00:00,"615,128880759675","105,650002",4,3,2024-10-16
2024-10-16 10:00:00,"596,8930651253087","30,51",4,3,2024-10-16
2024-10-16 11:00:00,"594,8177386541493","22,01",4,3,2024-10-16
2024-10-16 12:00:00,"547,768546516963","30,809999",4,3,2024-10-16
2024-10-16 13:00:00,"572,7351938443093","104,830002",4,3,2024-10-16
2024-10-16 14:00:00,"600,6944181314714","123,550003",4,3,2024-10-16
2024-10-16 15:00:00,"608,5802937205781","263,0",4,3,2024-10-16
2024-10-16 16:00:00,"637,4116117224108","277,470001",4,3,2024-10-16
2024-10-16 17:00:00,"594,621329990069","272,470001",4,3,2024-10-16
2024-10-16 18:00:00,"544,8761199097487","267,470001",4,3,2024-10-16
2024-10-16 19:00:00,"502,34520411990684","85,730003",4,3,2024-10-16
2024-10-16 20:00:00,"398,850544098991","37,830002",4,3,2024-10-16
2024-10-16 21:00:00,"379,33242273522393","37,75",4,3,2024-10-16
2024-10-16 22:00:00,"341,9937237041467","24,549999",4,3,2024-10-16
2024-10-16 23:00:00,"316,0648285036333","24,549999",4,3,2024-10-16
2024-10-17 00:00:00,"308,92902020011917","24,549999",4,3,2024-10-17
2024-10-17 01:00:00,"291,8455673678127","24,469999",4,3,2024-10-17
2024-10-17 02:00:00,"272,8962799094771","24,4",4,3,2024-10-17
2024-10-17 03:00:00,"290,0742630066124","24,469999",4,3,2024-10-17
2024-10-17 04:00:00,"307,91545102126","261,730011",4,3,2024-10-17
2024-10-17 05:00:00,"346,50433023840446","298,660004",4,3,2024-10-17
2024-10-17 06:00:00,"398,91153728075466","306,790009",4,3,2024-10-17
2024-10-17 07:00:00,"445,1702356409943","301,869995",4,3,2024-10-17
2024-10-17 08:00:00,"427,5832334786223","286,940002",4,3,2024-10-17
2024-10-17 09:00:00,"417,6016414443709","287,089996",4,3,2024-10-17
2024-10-17 10:00:00,"384,49126440662525","290,670013",4,3,2024-10-17
2024-10-17 11:00:00,"371,4511299827149","305,299988",4,3,2024-10-17
2024-10-17 12:00:00,"396,54080834808883","322,980011",4,3,2024-10-17
2024-10-17 13:00:00,"415,2602600004258","474,140015",4,3,2024-10-17
2024-10-17 14:00:00,"473,9658024188416","691,469971",4,3,2024-10-17
2024-10-17 15:00:00,"473,15729985166035","893,059998",4,3,2024-10-17
2024-10-17 16:00:00,"488,57178863109897","1292,290039",4,3,2024-10-17
2024-10-17 17:00:00,"443,7593000699592","1275,810059",4,3,2024-10-17
2024-10-17 18:00:00,"419,502262871971","876,650024",4,3,2024-10-17
2024-10-17 19:00:00,"371,214399595359","729,75",4,3,2024-10-17
2024-10-17 20:00:00,"325,1509922461944","664,390015",4,3,2024-10-17
2024-10-17 21:00:00,"314,1570080453689","613,359985",4,3,2024-10-17
2024-10-17 22:00:00,"249,72687012491912","603,929993",4,3,2024-10-17
2024-10-17 23:00:00,"235,60995319496632","605,5",4,3,2024-10-17
2024-10-18 00:00:00,"214,31096381563424","617,210022",4,3,2024-10-18
2024-10-18 01:00:00,"192,7438419204908","588,190002",4,3,2024-10-18
2024-10-18 02:00:00,"188,65474521757682","605,72998",4,3,2024-10-18
2024-10-18 03:00:00,"199,36029131861076","629,22998",4,3,2024-10-18
2024-10-18 04:00:00,"217,17314217449396","737,780029",4,3,2024-10-18
2024-10-18 05:00:00,"276,6717339645419","1117,449951",4,3,2024-10-18
2024-10-18 06:00:00,"329,4468175904388","1165,640015",4,3,2024-10-18
2024-10-18 07:00:00,"369,55453180773867","828,130005",4,3,2024-10-18
2024-10-18 08:00:00,"354,12964156856765","714,429993",4,3,2024-10-18
2024-10-18 09:00:00,"332,178350812125","636,390015",4,3,2024-10-18
2024-10-18 10:00:00,"323,558355608876","618,929993",4,3,2024-10-18
2024-10-18 11:00:00,"308,5885851087502","598,340027",4,3,2024-10-18
2024-10-18 12:00:00,"291,0641914299873","605,72998",4,3,2024-10-18
2024-10-18 13:00:00,"298,25540737304055","629,22998",4,3,2024-10-18
2024-10-18 14:00:00,"316,5344710966267","770,599976",4,3,2024-10-18
2024-10-18 15:00:00,"346,3925704577867","997,26001",4,3,2024-10-18
2024-10-18 16:00:00,"354,4983778270884","1352,459961",4,3,2024-10-18
2024-10-18 17:00:00,"344,5334896138146","1063,72998",4,3,2024-10-18
2024-10-18 18:00:00,"310,9153335621719","770,309998",4,3,2024-10-18
2024-10-18 19:00:00,"272,9668034253872","722,409973",4,3,2024-10-18
2024-10-18 20:00:00,"267,38005092608046","695,77002",4,3,2024-10-18
2024-10-18 21:00:00,"273,6824724481951","638,179993",4,3,2024-10-18
2024-10-18 22:00:00,"192,48809575191888","649,27002",4,3,2024-10-18
2024-10-18 23:00:00,"169,07920153737044","619,210022",4,3,2024-10-18
2024-10-19 00:00:00,"143,67996669611398","595,940002",4,3,2024-10-19
2024-10-19 01:00:00,"128,6298793349654","561,27002",4,3,2024-10-19
2024-10-19 02:00:00,"128,45114849712618","565,809998",4,3,2024-10-19
2024-10-19 03:00:00,"127,10289104371812","572,530029",4,3,2024-10-19
2024-10-19 04:00:00,"130,67183382475446","596,619995",4,3,2024-10-19
2024-10-19 05:00:00,"146,939487771196","685,440002",4,3,2024-10-19
2024-10-19 06:00:00,"254,37080628411405","668,659973",4,3,2024-10-19
2024-10-19 07:00:00,"251,05174908077592","630,919983",4,3,2024-10-19
2024-10-19 08:00:00,"273,0474891573717","587,669983",4,3,2024-10-19
2024-10-19 09:00:00,"287,6865755956779","546,799988",4,3,2024-10-19
2024-10-19 10:00:00,"293,7800293006439","493,399994",4,3,2024-10-19
2024-10-19 11:00:00,"296,09645191981195","454,619995",4,3,2024-10-19
2024-10-19 12:00:00,"296,15189350797095","476,470001",4,3,2024-10-19
2024-10-19 13:00:00,"310,8505725047009","589,679993",4,3,2024-10-19
2024-10-19 14:00:00,"370,02162279806277","731,52002",4,3,2024-10-19
2024-10-19 15:00:00,"436,5318671074649","813,929993",4,3,2024-10-19
2024-10-19 16:00:00,"508,7903667632978","1012,900024",4,3,2024-10-19
2024-10-19 17:00:00,"518,1870663684732","886,940002",4,3,2024-10-19
2024-10-19 18:00:00,"476,7170967245984","721,900024",4,3,2024-10-19
2024-10-19 19:00:00,"438,67020972627813","672,530029",4,3,2024-10-19
2024-10-19 20:00:00,"371,6601892391794","625,179993",4,3,2024-10-19
2024-10-19 21:00:00,"291,3616584664537","546,869995",4,3,2024-10-19
2024-10-19 22:00:00,"257,2841664804097","403,059998",4,3,2024-10-19
2024-10-19 23:00:00,"238,79544419236245","409,470001",4,3,2024-10-19
2024-10-20 00:00:00,"222,01579443765743","407,079987",4,3,2024-10-20
2024-10-20 01:00:00,"221,84704265854768","417,0",4,3,2024-10-20
2024-10-20 02:00:00,"224,68766370465056","444,450012",4,3,2024-10-20
2024-10-20 03:00:00,"214,3850276943572","241,880005",4,3,2024-10-20
2024-10-20 04:00:00,"220,9458891566181","240,389999",4,3,2024-10-20
2024-10-20 05:00:00,"227,01644649107737","291,329987",4,3,2024-10-20
2024-10-20 06:00:00,"280,2931474391642","359,950012",4,3,2024-10-20
2024-10-20 07:00:00,"309,00044582441853","341,230011",4,3,2024-10-20
2024-10-20 08:00:00,"305,4316564926801","47,509998",4,3,2024-10-20
2024-10-20 09:00:00,"299,4656209512817","0,6",4,3,2024-10-20
2024-10-20 10:00:00,"301,6553168324482","0,0",4,3,2024-10-20
2024-10-20 11:00:00,"295,7953340939093","-7,31",4,3,2024-10-20
2024-10-20 12:00:00,"295,90549792567623","-14,99",4,3,2024-10-20
2024-10-20 13:00:00,"283,8484413304421","0,0",4,3,2024-10-20
2024-10-20 14:00:00,"298,49192403496227","38,040001",4,3,2024-10-20
2024-10-20 15:00:00,"311,7621334969203","413,570007",4,3,2024-10-20
2024-10-20 16:00:00,"380,8327199190093","318,25",4,3,2024-10-20
2024-10-20 17:00:00,"246,1626673128947","268,950012",4,3,2024-10-20
2024-10-20 18:00:00,"244,81678833366988","252,919998",4,3,2024-10-20
2024-10-20 19:00:00,"218,32613942583768","156,259995",4,3,2024-10-20
2024-10-20 20:00:00,"199,15236985089422","90,620003",4,3,2024-10-20
2024-10-20 21:00:00,"190,69877881661185","14,39",4,3,2024-10-20
2024-10-20 22:00:00,"181,83920834966605","-0,75",4,3,2024-10-20
2024-10-20 23:00:00,"177,4476475209296","-0,75",4,3,2024-10-20
2024-10-21 00:00:00,"174,11190492767943","-1,04",4,4,2024-10-21
2024-10-21 01:00:00,"192,46772776510494","-0,6",4,4,2024-10-21
2024-10-21 02:00:00,"190,1023589128413","-0,3",4,4,2024-10-21
2024-10-21 03:00:00,"185,8118116039584","24,24",4,4,2024-10-21
2024-10-21 04:00:00,"188,06307055253083","32,59",4,4,2024-10-21
2024-10-21 05:00:00,"215,50069187968143","301,170013",4,4,2024-10-21
2024-10-21 06:00:00,"269,74422098960656","292,070007",4,4,2024-10-21
2024-10-21 07:00:00,"305,64505954960447","240,160004",4,4,2024-10-21
2024-10-21 08:00:00,"307,34988608163906","215,399994",4,4,2024-10-21
2024-10-21 09:00:00,"305,4196044233776","208,690002",4,4,2024-10-21
2024-10-21 10:00:00,"297,7578350579559","188,479996",4,4,2024-10-21
2024-10-21 11:00:00,"287,9757233904949","209,729996",4,4,2024-10-21
2024-10-21 12:00:00,"288,5501175158558","168,710007",4,4,2024-10-21
2024-10-21 13:00:00,"293,26908376046316","434,609985",4,4,2024-10-21
2024-10-21 14:00:00,"307,00073465169527","670,289978",4,4,2024-10-21
2024-10-21 15:00:00,"318,96350320065983","969,900024",4,4,2024-10-21
2024-10-21 16:00:00,"365,9679154901171","1582,319946",4,4,2024-10-21
2024-10-21 17:00:00,"387,6117384091558","1404,810059",4,4,2024-10-21
2024-10-21 18:00:00,"374,67163214366605","957,969971",4,4,2024-10-21
2024-10-21 19:00:00,"346,83070188540034","750,320007",4,4,2024-10-21
2024-10-21 20:00:00,"307,9954460184224","729,440002",4,4,2024-10-21
2024-10-21 21:00:00,"303,636462749761","693,419983",4,4,2024-10-21
2024-10-21 22:00:00,"276,65255227026404","666,929993",4,4,2024-10-21
2024-10-21 23:00:00,"261,58311302893634","652,76001",4,4,2024-10-21
2024-10-22 00:00:00,"245,7522573989481","639,109985",4,4,2024-10-22
2024-10-22 01:00:00,"232,296604342335","623,52002",4,4,2024-10-22
2024-10-22 02:00:00,"248,88285022627358","619,190002",4,4,2024-10-22
2024-10-22 03:00:00,"256,7171148693785","641,419983",4,4,2024-10-22
2024-10-22 04:00:00,"288,34191431468093","731,960022",4,4,2024-10-22
2024-10-22 05:00:00,"313,2504468333608","1182,300049",4,4,2024-10-22
2024-10-22 06:00:00,"360,71225113236045","1268,819946",4,4,2024-10-22
2024-10-22 07:00:00,"413,07760554790116","846,080017",4,4,2024-10-22
2024-10-22 08:00:00,"444,60351181144097","740,02002",4,4,2024-10-22
2024-10-22 09:00:00,"447,002037546739","654,469971",4,4,2024-10-22
2024-10-22 10:00:00,"439,38482380895744","575,109985",4,4,2024-10-22
2024-10-22 11:00:00,"428,09562865094443","528,650024",4,4,2024-10-22
2024-10-22 12:00:00,"404,88714483870734","548,409973",4,4,2024-10-22
2024-10-22 13:00:00,"408,2460346718697","649,469971",4,4,2024-10-22
2024-10-22 14:00:00,"537,9875308622228","289,380005",4,4,2024-10-22
2024-10-22 15:00:00,"584,7842117038798","759,109985",4,4,2024-10-22
2024-10-22 16:00:00,"595,5309917820427","1043,579956",4,4,2024-10-22
2024-10-22 17:00:00,"564,105697533532","1176,560059",4,4,2024-10-22
2024-10-22 18:00:00,"479,18070124545017","850,400024",4,4,2024-10-22
2024-10-22 19:00:00,"414,5298783980145","697,72998",4,4,2024-10-22
2024-10-22 20:00:00,"376,55905627712514","713,919983",4,4,2024-10-22
2024-10-22 21:00:00,"323,8284253326863","658,950012",4,4,2024-10-22
2024-10-22 22:00:00,"278,61406240133596","561,400024",4,4,2024-10-22
2024-10-22 23:00:00,"276,01655690129195","620,690002",4,4,2024-10-22
2024-10-23 00:00:00,"297,63418949923874","611,669983",4,4,2024-10-23
2024-10-23 01:00:00,"322,46037002183294","620,539978",4,4,2024-10-23
2024-10-23 02:00:00,"320,975392759238","639,859985",4,4,2024-10-23
2024-10-23 03:00:00,"311,0413355139224","675,950012",4,4,2024-10-23
2024-10-23 04:00:00,"306,35730052867564","780,950012",4,4,2024-10-23
2024-10-23 05:00:00,"347,04924541085586","1025,329956",4,4,2024-10-23
2024-10-23 06:00:00,"420,97402344725225","1205,72998",4,4,2024-10-23
2024-10-23 07:00:00,"601,0377182763395","957,690002",4,4,2024-10-23
2024-10-23 08:00:00,"597,4681917044229","776,330017",4,4,2024-10-23
2024-10-23 09:00:00,"611,6479499738193","693,700012",4,4,2024-10-23
2024-10-23 10:00:00,"592,2204424087056","600,929993",4,4,2024-10-23
2024-10-23 11:00:00,"591,2016819768756","574,75",4,4,2024-10-23
2024-10-23 12:00:00,"548,4958616931915","562,450012",4,4,2024-10-23
2024-10-23 13:00:00,"572,6964888940928","657,830017",4,4,2024-10-23
2024-10-23 14:00:00,"604,8901126820818","696,22998",4,4,2024-10-23
2024-10-23 15:00:00,"609,6271961357365","1009,669983",4,4,2024-10-23
2024-10-23 16:00:00,"638,6789948305586","1479,349976",4,4,2024-10-23
2024-10-23 17:00:00,"600,8613325180988","1312,52002",4,4,2024-10-23
2024-10-23 18:00:00,"551,5758930029176","833,080017",4,4,2024-10-23
2024-10-23 19:00:00,"509,18480513573843","754,849976",4,4,2024-10-23
2024-10-23 20:00:00,"385,4245346207761","767,599976",4,4,2024-10-23
2024-10-23 21:00:00,"378,6963634508996","694,73999",4,4,2024-10-23
2024-10-23 22:00:00,"341,92085664393636","647,059998",4,4,2024-10-23
2024-10-23 23:00:00,"316,92090846465834","597,460022",4,4,2024-10-23
2024-10-24 00:00:00,"312,72428623085835","582,469971",4,4,2024-10-24
2024-10-24 01:00:00,"293,39246694724466","564,349976",4,4,2024-10-24
2024-10-24 02:00:00,"278,4390374438746","532,200012",4,4,2024-10-24
2024-10-24 03:00:00,"291,8570311620246","597,909973",4,4,2024-10-24
2024-10-24 04:00:00,"315,35625132015707","748,409973",4,4,2024-10-24
2024-10-24 05:00:00,"348,4776427752622","1057,98999",4,4,2024-10-24
2024-10-24 06:00:00,"401,19829434522245","1233,47998",4,4,2024-10-24
2024-10-24 07:00:00,"445,0815574913311","874,820007",4,4,2024-10-24
2024-10-24 08:00:00,"428,03233045920234","760,049988",4,4,2024-10-24
2024-10-24 09:00:00,"417,59789718001264","693,969971",4,4,2024-10-24
2024-10-24 10:00:00,"384,66685846123187","626,169983",4,4,2024-10-24
2024-10-24 11:00:00,"370,9108511314324","590,299988",4,4,2024-10-24
2024-10-24 12:00:00,"397,18570217700193","607,900024",4,4,2024-10-24
2024-10-24 13:00:00,"416,04936341157315","713,72998",4,4,2024-10-24
2024-10-24 14:00:00,"474,089820168413","866,400024",4,4,2024-10-24
2024-10-24 15:00:00,"473,1805819608568","921,659973",4,4,2024-10-24
2024-10-24 16:00:00,"488,57178863109897","1034,430054",4,4,2024-10-24
2024-10-24 17:00:00,"443,47840628620924","851,630005",4,4,2024-10-24
2024-10-24 18:00:00,"419,35145856881286","720,52002",4,4,2024-10-24
2024-10-24 19:00:00,"371,1430991397286","698,369995",4,4,2024-10-24
2024-10-24 20:00:00,"325,1236713872063","670,47998",4,4,2024-10-24
2024-10-24 21:00:00,"314,54704885888475","623,559998",4,4,2024-10-24
2024-10-24 22:00:00,"248,12900069766224","615,460022",4,4,2024-10-24
2024-10-24 23:00:00,"232,55091302724165","612,25",4,4,2024-10-24
2024-10-25 00:00:00,"210,8134242534695","594,48999",4,4,2024-10-25
2024-10-25 01:00:00,"188,10952420166043","616,200012",4,4,2024-10-25
2024-10-25 02:00:00,"179,9414423623767","630,150024",4,4,2024-10-25
2024-10-25 03:00:00,"189,8225425222368","705,650024",4,4,2024-10-25
2024-10-25 04:00:00,"212,58975242760752","812,700012",4,4,2024-10-25
2024-10-25 05:00:00,"276,3429710948752","923,190002",4,4,2024-10-25
2024-10-25 06:00:00,"329,64363263164284","1123,410034",4,4,2024-10-25
2024-10-25 07:00:00,"369,61407481176633","913,340027",4,4,2024-10-25
2024-10-25 08:00:00,"354,35341265740794","806,809998",4,4,2024-10-25
2024-10-25 09:00:00,"332,4268078682944","700,5",4,4,2024-10-25
2024-10-25 10:00:00,"325,28325969099205","604,859985",4,4,2024-10-25
2024-10-25 11:00:00,"309,0912538368676","583,22998",4,4,2024-10-25
2024-10-25 12:00:00,"290,08893109694634","615,22998",4,4,2024-10-25
2024-10-25 13:00:00,"298,0741106833312","741,01001",4,4,2024-10-25
2024-10-25 14:00:00,"315,7484662788754","880,51001",4,4,2024-10-25
2024-10-25 15:00:00,"346,47755194860946","1184,140015",4,4,2024-10-25
2024-10-25 16:00:00,"354,64863526015705","1695,829956",4,4,2024-10-25
2024-10-25 17:00:00,"346,905889923221","1379,0",4,4,2024-10-25
2024-10-25 18:00:00,"316,93726412858234","924,01001",4,4,2024-10-25
2024-10-25 19:00:00,"273,3513678960987","867,530029",4,4,2024-10-25
2024-10-25 20:00:00,"282,83755478812634","850,150024",4,4,2024-10-25
2024-10-25 21:00:00,"283,48564456591856","801,210022",4,4,2024-10-25
2024-10-25 22:00:00,"195,89184943874716","860,150024",4,4,2024-10-25
2024-10-25 23:00:00,"176,95042690075158","818,0",4,4,2024-10-25
2024-10-26 00:00:00,"174,43644863864822","797,929993",4,4,2024-10-26
2024-10-26 01:00:00,"153,5027581302964","804,200012",4,4,2024-10-26
2024-10-26 02:00:00,"155,340376474308","788,599976",4,4,2024-10-26
2024-10-26 03:00:00,"152,0655692089316","796,960022",4,4,2024-10-26
2024-10-26 04:00:00,"156,04930050747626","850,0",4,4,2024-10-26
2024-10-26 05:00:00,"186,33233044346244","937,890015",4,4,2024-10-26
2024-10-26 06:00:00,"264,66002471411423","940,059998",4,4,2024-10-26
2024-10-26 07:00:00,"268,98796349382724","877,159973",4,4,2024-10-26
2024-10-26 08:00:00,"311,8312766273406","756,450012",4,4,2024-10-26
2024-10-26 09:00:00,"307,65961407471053","607,900024",4,4,2024-10-26
2024-10-26 10:00:00,"311,4527747782127","509,940002",4,4,2024-10-26
2024-10-26 11:00:00,"301,8849042120588","472,269989",4,4,2024-10-26
2024-10-26 12:00:00,"312,0770593967983","481,589996",4,4,2024-10-26
2024-10-26 13:00:00,"319,1700580385194","607,599976",4,4,2024-10-26
2024-10-26 14:00:00,"378,70612083265155","750,549988",4,4,2024-10-26
2024-10-26 15:00:00,"446,57559298473495","938,039978",4,4,2024-10-26
2024-10-26 16:00:00,"513,7696836832336","1125,829956",4,4,2024-10-26
2024-10-26 17:00:00,"550,3162286834084","885,890015",4,4,2024-10-26
2024-10-26 18:00:00,"489,40102050273373","719,809998",4,4,2024-10-26
2024-10-26 19:00:00,"444,72431905066463","662,219971",4,4,2024-10-26
2024-10-26 20:00:00,"377,75013746412753","652,820007",4,4,2024-10-26
2024-10-26 21:00:00,"295,1500937534766","571,719971",4,4,2024-10-26
2024-10-26 22:00:00,"262,7908916238601","688,119995",4,4,2024-10-26
2024-10-26 23:00:00,"239,50015192690532","626,780029",4,4,2024-10-26
2024-10-27 00:00:00,"222,0300085440051","613,570007",4,4,2024-10-27
2024-10-27 01:00:00,"221,90351574292245","600,140015",4,4,2024-10-27
2024-10-27 02:00:00,"224,55515327344017","592,530029",4,4,2024-10-27
2024-10-27 03:00:00,"214,49861146924664","587,900024",4,4,2024-10-27
2024-10-27 04:00:00,"220,54934134529992","635,289978",4,4,2024-10-27
2024-10-27 05:00:00,"226,22050003521633","665,659973",4,4,2024-10-27
2024-10-27 06:00:00,"276,63465007425873","657,0",4,4,2024-10-27
2024-10-27 07:00:00,"306,1090574717211","629,320007",4,4,2024-10-27
2024-10-27 08:00:00,"301,9253836132051","496,049988",4,4,2024-10-27
2024-10-27 09:00:00,"295,96788021444314","408,299988",4,4,2024-10-27
2024-10-27 10:00:00,"301,98299650131094","317,119995",4,4,2024-10-27
2024-10-27 11:00:00,"291,4509197406109","298,390015",4,4,2024-10-27
2024-10-27 12:00:00,"291,8154466136421","298,470001",4,4,2024-10-27
2024-10-27 13:00:00,"282,1296856517914","480,01001",4,4,2024-10-27
2024-10-27 14:00:00,"298,39052844952215","753,109985",4,4,2024-10-27
2024-10-27 15:00:00,"311,7468477902993","878,97998",4,4,2024-10-27
2024-10-27 16:00:00,"381,85873545608365","1106,569946",4,4,2024-10-27
2024-10-27 17:00:00,"247,18895194249765","1087,23999",4,4,2024-10-27
2024-10-27 18:00:00,"248,26753771402318","973,52002",4,4,2024-10-27
2024-10-27 19:00:00,"221,26152729161583","881,299988",4,4,2024-10-27
2024-10-27 20:00:00,"204,59669734245588","831,159973",4,4,2024-10-27
2024-10-27 21:00:00,"203,39744850834362","820,48999",4,4,2024-10-27
2024-10-27 22:00:00,"182,34282284087982","651,109985",4,4,2024-10-27
2024-10-27 23:00:00,"182,64164486634525","713,340027",4,4,2024-10-27
