Time,Prediction,DKPrice,fold,week,Date
2024-01-01 00:00:00,"168,49685353966282","209,779999",1,1,2024-01-01
2024-01-01 01:00:00,"153,713303731492","198,740005",1,1,2024-01-01
2024-01-01 02:00:00,"144,6612648478248","30,860001",1,1,2024-01-01
2024-01-01 03:00:00,"141,60361731805025","-0,22",1,1,2024-01-01
2024-01-01 04:00:00,"218,5585722582597","-0,15",1,1,2024-01-01
2024-01-01 05:00:00,"383,01163178666235","-0,37",1,1,2024-01-01
2024-01-01 06:00:00,"433,76444314885805","-0,15",1,1,2024-01-01
2024-01-01 07:00:00,"451,7218398257147","0,0",1,1,2024-01-01
2024-01-01 08:00:00,"464,60489664864053","0,6",1,1,2024-01-01
2024-01-01 09:00:00,"436,79487901545514","308,179993",1,1,2024-01-01
2024-01-01 10:00:00,"413,13961159192405","324,359985",1,1,2024-01-01
2024-01-01 11:00:00,"405,60564928974264","320,700012",1,1,2024-01-01
2024-01-01 12:00:00,"393,4259788198354","330,170013",1,1,2024-01-01
2024-01-01 13:00:00,"405,85688267940253","344,709991",1,1,2024-01-01
2024-01-01 14:00:00,"437,0075051282536","377,290009",1,1,2024-01-01
2024-01-01 15:00:00,"474,34548160292906","443,329987",1,1,2024-01-01
2024-01-01 16:00:00,"512,2302023604617","484,480011",1,1,2024-01-01
2024-01-01 17:00:00,"540,5786059187238","460,26001",1,1,2024-01-01
2024-01-01 18:00:00,"541,4051490524271","456,75",1,1,2024-01-01
2024-01-01 19:00:00,"479,7255105058446","447,059998",1,1,2024-01-01
2024-01-01 20:00:00,"427,2182915940847","409,420013",1,1,2024-01-01
2024-01-01 21:00:00,"419,2164477976876","355,220001",1,1,2024-01-01
2024-01-01 22:00:00,"362,15766185131935","265,019989",1,1,2024-01-01
2024-01-01 23:00:00,"353,1792662203324","228,039993",1,1,2024-01-01
2024-01-02 00:00:00,"334,09020855536596","149,619995",1,1,2024-01-02
2024-01-02 01:00:00,"334,93215656756354","231,320007",1,1,2024-01-02
2024-01-02 02:00:00,"351,46929155059087","137,089996",1,1,2024-01-02
2024-01-02 03:00:00,"359,522588949136","82,599998",1,1,2024-01-02
2024-01-02 04:00:00,"381,4247187409973","102,730003",1,1,2024-01-02
2024-01-02 05:00:00,"436,7131455747783","355,070007",1,1,2024-01-02
2024-01-02 06:00:00,"513,8964130219019","433,119995",1,1,2024-01-02
2024-01-02 07:00:00,"584,8417092531494","489,549988",1,1,2024-01-02
2024-01-02 08:00:00,"553,5520769013237","482,549988",1,1,2024-01-02
2024-01-02 09:00:00,"520,3988911150698","514,22998",1,1,2024-01-02
2024-01-02 10:00:00,"464,0005923310174","548,219971",1,1,2024-01-02
2024-01-02 11:00:00,"429,08111095359146","582,659973",1,1,2024-01-02
2024-01-02 12:00:00,"414,09543229498036","587,960022",1,1,2024-01-02
2024-01-02 13:00:00,"396,8491212613531","590,719971",1,1,2024-01-02
2024-01-02 14:00:00,"476,06045303536973","596,080017",1,1,2024-01-02
2024-01-02 15:00:00,"555,2266141851661","607,26001",1,1,2024-01-02
2024-01-02 16:00:00,"620,6785211436805","603,23999",1,1,2024-01-02
2024-01-02 17:00:00,"579,6006345509052","558,72998",1,1,2024-01-02
2024-01-02 18:00:00,"532,3200815260875","470,98999",1,1,2024-01-02
2024-01-02 19:00:00,"494,9353008060166","425,73999",1,1,2024-01-02
2024-01-02 20:00:00,"434,3854571720001","349,549988",1,1,2024-01-02
2024-01-02 21:00:00,"388,60682165389414","298,190002",1,1,2024-01-02
2024-01-02 22:00:00,"371,2026993666514","162,589996",1,1,2024-01-02
2024-01-02 23:00:00,"369,4102885548628","7,75",1,1,2024-01-02
2024-01-03 00:00:00,"372,40788223517507","-0,07",1,1,2024-01-03
2024-01-03 01:00:00,"399,93404051918736","0,0",1,1,2024-01-03
2024-01-03 02:00:00,"388,48013231519525","-0,07",1,1,2024-01-03
2024-01-03 03:00:00,"373,16256624688754","0,0",1,1,2024-01-03
2024-01-03 04:00:00,"387,5700579160662","0,15",1,1,2024-01-03
2024-01-03 05:00:00,"410,6410729903302","8,13",1,1,2024-01-03
2024-01-03 06:00:00,"502,33269712224387","302,600006",1,1,2024-01-03
2024-01-03 07:00:00,"571,9791865621991","444,399994",1,1,2024-01-03
2024-01-03 08:00:00,"620,4084973074447","451,850006",1,1,2024-01-03
2024-01-03 09:00:00,"598,2110950054312","424,940002",1,1,2024-01-03
2024-01-03 10:00:00,"566,1037801817487","409,209991",1,1,2024-01-03
2024-01-03 11:00:00,"557,6379392153098","445,820007",1,1,2024-01-03
2024-01-03 12:00:00,"525,4137403849534","438,809998",1,1,2024-01-03
2024-01-03 13:00:00,"499,86496349699166","453,720001",1,1,2024-01-03
2024-01-03 14:00:00,"509,3072169275488","500,829987",1,1,2024-01-03
2024-01-03 15:00:00,"524,707816009255","548,619995",1,1,2024-01-03
2024-01-03 16:00:00,"563,3735053531926","613,409973",1,1,2024-01-03
2024-01-03 17:00:00,"569,1217958816354","618,549988",1,1,2024-01-03
2024-01-03 18:00:00,"520,402980413803","589,179993",1,1,2024-01-03
2024-01-03 19:00:00,"474,21961663587217","545,940002",1,1,2024-01-03
2024-01-03 20:00:00,"369,2022917844279","502,549988",1,1,2024-01-03
2024-01-03 21:00:00,"367,93468904695317","484,579987",1,1,2024-01-03
2024-01-03 22:00:00,"317,3906726841588","433,290009",1,1,2024-01-03
2024-01-03 23:00:00,"256,95327011764755","427,329987",1,1,2024-01-03
2024-01-04 00:00:00,"226,58187334591344","376,320007",1,1,2024-01-04
2024-01-04 01:00:00,"222,81790104584294","298,309998",1,1,2024-01-04
2024-01-04 02:00:00,"211,64481819710952","190,020004",1,1,2024-01-04
2024-01-04 03:00:00,"231,94100911570698","261,019989",1,1,2024-01-04
2024-01-04 04:00:00,"237,62954300258937","430,540009",1,1,2024-01-04
2024-01-04 05:00:00,"334,35011562402326","541,809998",1,1,2024-01-04
2024-01-04 06:00:00,"450,59739750327714","634,059998",1,1,2024-01-04
2024-01-04 07:00:00,"505,7183415549216","682,169983",1,1,2024-01-04
2024-01-04 08:00:00,"508,7240246343907","702,530029",1,1,2024-01-04
2024-01-04 09:00:00,"487,9325363309239","683,210022",1,1,2024-01-04
2024-01-04 10:00:00,"457,9292931459209","671,429993",1,1,2024-01-04
2024-01-04 11:00:00,"440,4125373137222","643,609985",1,1,2024-01-04
2024-01-04 12:00:00,"417,9720940778891","641,070007",1,1,2024-01-04
2024-01-04 13:00:00,"442,4527806449906","686,940002",1,1,2024-01-04
2024-01-04 14:00:00,"462,49622675845944","735,48999",1,1,2024-01-04
2024-01-04 15:00:00,"492,3246704659513","788,51001",1,1,2024-01-04
2024-01-04 16:00:00,"531,9624846409425","993,599976",1,1,2024-01-04
2024-01-04 17:00:00,"531,1044599431641","1078,77002",1,1,2024-01-04
2024-01-04 18:00:00,"514,5923862204385","932,22998",1,1,2024-01-04
2024-01-04 19:00:00,"406,01106738062293","772,549988",1,1,2024-01-04
2024-01-04 20:00:00,"384,7380899849172","745,859985",1,1,2024-01-04
2024-01-04 21:00:00,"362,6042855504458","707,450012",1,1,2024-01-04
2024-01-04 22:00:00,"300,83709277180174","662,47998",1,1,2024-01-04
2024-01-04 23:00:00,"251,32508374638647","642,059998",1,1,2024-01-04
2024-01-05 00:00:00,"242,54594471822932","600,51001",1,1,2024-01-05
2024-01-05 01:00:00,"214,65897509973584","574,409973",1,1,2024-01-05
2024-01-05 02:00:00,"234,4745044894072","546,059998",1,1,2024-01-05
2024-01-05 03:00:00,"233,54442265425692","552,330017",1,1,2024-01-05
2024-01-05 04:00:00,"227,970991590367","567,099976",1,1,2024-01-05
2024-01-05 05:00:00,"263,67158872391326","604,169983",1,1,2024-01-05
2024-01-05 06:00:00,"377,701172528838","648,919983",1,1,2024-01-05
2024-01-05 07:00:00,"445,88928354887577","668,090027",1,1,2024-01-05
2024-01-05 08:00:00,"443,66307580675516","708,070007",1,1,2024-01-05
2024-01-05 09:00:00,"370,68451591793547","718,140015",1,1,2024-01-05
2024-01-05 10:00:00,"355,6998379625682","732,609985",1,1,2024-01-05
2024-01-05 11:00:00,"331,71370703270327","688,01001",1,1,2024-01-05
2024-01-05 12:00:00,"300,0643314301218","682,780029",1,1,2024-01-05
2024-01-05 13:00:00,"320,579777939342","719,109985",1,1,2024-01-05
2024-01-05 14:00:00,"348,60016625680254","746,26001",1,1,2024-01-05
2024-01-05 15:00:00,"417,8620120583836","768,039978",1,1,2024-01-05
2024-01-05 16:00:00,"433,3697405412141","800,929993",1,1,2024-01-05
2024-01-05 17:00:00,"427,35456699627997","808,909973",1,1,2024-01-05
2024-01-05 18:00:00,"384,1058476804758","775,419983",1,1,2024-01-05
2024-01-05 19:00:00,"347,660839103424","746,559998",1,1,2024-01-05
2024-01-05 20:00:00,"331,2931449534849","702,549988",1,1,2024-01-05
2024-01-05 21:00:00,"345,1269586828485","708,0",1,1,2024-01-05
2024-01-05 22:00:00,"281,69399102997454","647,429993",1,1,2024-01-05
2024-01-05 23:00:00,"200,12397644926355","613,47998",1,1,2024-01-05
2024-01-06 00:00:00,"175,65020225463104","598,190002",1,1,2024-01-06
2024-01-06 01:00:00,"170,33105522877264","567,830017",1,1,2024-01-06
2024-01-06 02:00:00,"171,6231969046683","544,559998",1,1,2024-01-06
2024-01-06 03:00:00,"151,5724130568226","544,559998",1,1,2024-01-06
2024-01-06 04:00:00,"156,69690408387876","556,340027",1,1,2024-01-06
2024-01-06 05:00:00,"179,21635031224992","560,150024",1,1,2024-01-06
2024-01-06 06:00:00,"252,78904133421986","607,059998",1,1,2024-01-06
2024-01-06 07:00:00,"317,67159956936376","659,349976",1,1,2024-01-06
2024-01-06 08:00:00,"366,37122219374066","687,909973",1,1,2024-01-06
2024-01-06 09:00:00,"357,0695051491118","725,72998",1,1,2024-01-06
2024-01-06 10:00:00,"346,0336050128004","749,070007",1,1,2024-01-06
2024-01-06 11:00:00,"347,537518444761","739,599976",1,1,2024-01-06
2024-01-06 12:00:00,"348,5070834068495","710,210022",1,1,2024-01-06
2024-01-06 13:00:00,"382,511798043927","690,299988",1,1,2024-01-06
2024-01-06 14:00:00,"408,9120906325957","709,23999",1,1,2024-01-06
2024-01-06 15:00:00,"418,83667309528784","744,75",1,1,2024-01-06
2024-01-06 16:00:00,"485,47736278984104","780,849976",1,1,2024-01-06
2024-01-06 17:00:00,"518,2888034989983","774,51001",1,1,2024-01-06
2024-01-06 18:00:00,"474,41480280444716","740,719971",1,1,2024-01-06
2024-01-06 19:00:00,"443,45297073117496","687,909973",1,1,2024-01-06
2024-01-06 20:00:00,"398,1791945741401","656,359985",1,1,2024-01-06
2024-01-06 21:00:00,"352,4337545771386","647,039978",1,1,2024-01-06
2024-01-06 22:00:00,"292,9200963604129","596,919983",1,1,2024-01-06
2024-01-06 23:00:00,"244,86613111562968","642,570007",1,1,2024-01-06
2024-01-07 00:00:00,"231,0081922462322","615,049988",1,1,2024-01-07
2024-01-07 01:00:00,"217,7982641327716","573,72998",1,1,2024-01-07
2024-01-07 02:00:00,"188,22533670129616","561,48999",1,1,2024-01-07
2024-01-07 03:00:00,"162,46941751375527","546,950012",1,1,2024-01-07
2024-01-07 04:00:00,"180,00552065480142","550,309998",1,1,2024-01-07
2024-01-07 05:00:00,"177,8346284811117","560,450012",1,1,2024-01-07
2024-01-07 06:00:00,"170,88461225615322","582,080017",1,1,2024-01-07
2024-01-07 07:00:00,"211,10266112650905","610,049988",1,1,2024-01-07
2024-01-07 08:00:00,"242,2043812235088","634,219971",1,1,2024-01-07
2024-01-07 09:00:00,"255,1611600962601","650,030029",1,1,2024-01-07
2024-01-07 10:00:00,"261,3330169872336","666,210022",1,1,2024-01-07
2024-01-07 11:00:00,"260,71597771286224","682,469971",1,1,2024-01-07
2024-01-07 12:00:00,"260,5197726636968","652,789978",1,1,2024-01-07
2024-01-07 13:00:00,"255,31167091317073","634,219971",1,1,2024-01-07
2024-01-07 14:00:00,"246,71822019048585","656,440002",1,1,2024-01-07
2024-01-07 15:00:00,"248,10291850326053","696,799988",1,1,2024-01-07
2024-01-07 16:00:00,"272,19643468182096","759,080017",1,1,2024-01-07
2024-01-07 17:00:00,"273,0619605084491","782,049988",1,1,2024-01-07
2024-01-07 18:00:00,"234,28186700262654","772,349976",1,1,2024-01-07
2024-01-07 19:00:00,"235,12989993588852","749,599976",1,1,2024-01-07
2024-01-07 20:00:00,"205,7279944052192","695,97998",1,1,2024-01-07
2024-01-07 21:00:00,"203,1130775646938","680,01001",1,1,2024-01-07
2024-01-07 22:00:00,"159,89527993553833","625,48999",1,1,2024-01-07
2024-01-07 23:00:00,"179,11789367844807","649,059998",1,1,2024-01-07
2024-01-08 00:00:00,"163,66542438528802","628,919983",1,2,2024-01-08
2024-01-08 01:00:00,"136,42325733966786","610,27002",1,2,2024-01-08
2024-01-08 02:00:00,"109,81857758024042","590,059998",1,2,2024-01-08
2024-01-08 03:00:00,"115,85736545551346","585,359985",1,2,2024-01-08
2024-01-08 04:00:00,"127,16433916480857","612,359985",1,2,2024-01-08
2024-01-08 05:00:00,"191,9565515268899","703,359985",1,2,2024-01-08
2024-01-08 06:00:00,"266,08592603414667","828,669983",1,2,2024-01-08
2024-01-08 07:00:00,"291,6536897736736","903,330017",1,2,2024-01-08
2024-01-08 08:00:00,"289,17898381719004","878,859985",1,2,2024-01-08
2024-01-08 09:00:00,"273,87694682271365","824,940002",1,2,2024-01-08
2024-01-08 10:00:00,"273,65773371364133","768,25",1,2,2024-01-08
2024-01-08 11:00:00,"266,99596109345595","712,309998",1,2,2024-01-08
2024-01-08 12:00:00,"254,38338775974054","701,349976",1,2,2024-01-08
2024-01-08 13:00:00,"271,9270927836228","763,25",1,2,2024-01-08
2024-01-08 14:00:00,"286,73176232691895","805,390015",1,2,2024-01-08
2024-01-08 15:00:00,"387,6298798886174","923,619995",1,2,2024-01-08
2024-01-08 16:00:00,"413,0733930621646","963,299988",1,2,2024-01-08
2024-01-08 17:00:00,"413,78189142896815","969,710022",1,2,2024-01-08
2024-01-08 18:00:00,"406,4229823738343","910,859985",1,2,2024-01-08
2024-01-08 19:00:00,"360,4675036880694","851,859985",1,2,2024-01-08
2024-01-08 20:00:00,"327,48235971691986","766,97998",1,2,2024-01-08
2024-01-08 21:00:00,"324,1951861537221","745,719971",1,2,2024-01-08
2024-01-08 22:00:00,"277,556877195992","682,400024",1,2,2024-01-08
2024-01-08 23:00:00,"231,71792002745056","657,710022",1,2,2024-01-08
2024-01-09 00:00:00,"216,3112748163079","649,359985",1,2,2024-01-09
2024-01-09 01:00:00,"227,78380891929956","634,140015",1,2,2024-01-09
2024-01-09 02:00:00,"214,09335367918032","627,719971",1,2,2024-01-09
2024-01-09 03:00:00,"237,62020639456233","639,51001",1,2,2024-01-09
2024-01-09 04:00:00,"261,04315948173024","666,070007",1,2,2024-01-09
2024-01-09 05:00:00,"354,71895233941405","809,530029",1,2,2024-01-09
2024-01-09 06:00:00,"387,1900466805287","925,539978",1,2,2024-01-09
2024-01-09 07:00:00,"427,2722404291259","994,030029",1,2,2024-01-09
2024-01-09 08:00:00,"408,87871971037475","902,039978",1,2,2024-01-09
2024-01-09 09:00:00,"397,5038532928045","844,450012",1,2,2024-01-09
2024-01-09 10:00:00,"418,03384262386345","789,169983",1,2,2024-01-09
2024-01-09 11:00:00,"401,0060444452589","747,690002",1,2,2024-01-09
2024-01-09 12:00:00,"402,95205256721715","752,159973",1,2,2024-01-09
2024-01-09 13:00:00,"417,58293800323946","827,289978",1,2,2024-01-09
2024-01-09 14:00:00,"465,63042661646904","890,780029",1,2,2024-01-09
2024-01-09 15:00:00,"540,4959745191184","953,820007",1,2,2024-01-09
2024-01-09 16:00:00,"554,8248526837281","1028,349976",1,2,2024-01-09
2024-01-09 17:00:00,"535,0441355534376","1028,050049",1,2,2024-01-09
2024-01-09 18:00:00,"506,96711382337446","973,070007",1,2,2024-01-09
2024-01-09 19:00:00,"475,6016307449561","897,039978",1,2,2024-01-09
2024-01-09 20:00:00,"433,0690299160737","833,179993",1,2,2024-01-09
2024-01-09 21:00:00,"423,2556492962876","792,150024",1,2,2024-01-09
2024-01-09 22:00:00,"338,1388573779441","724,340027",1,2,2024-01-09
2024-01-09 23:00:00,"313,62541896824195","665,900024",1,2,2024-01-09
2024-01-10 00:00:00,"314,1561199722615","647,039978",1,2,2024-01-10
2024-01-10 01:00:00,"315,8460931560858","646,809998",1,2,2024-01-10
2024-01-10 02:00:00,"301,9063523674619","642,039978",1,2,2024-01-10
2024-01-10 03:00:00,"266,2228039292835","643,599976",1,2,2024-01-10
2024-01-10 04:00:00,"295,0151320676456","664,109985",1,2,2024-01-10
2024-01-10 05:00:00,"320,02493822759055","812,0",1,2,2024-01-10
2024-01-10 06:00:00,"457,9304137223801","941,840027",1,2,2024-01-10
2024-01-10 07:00:00,"522,0497026967273","1053,630005",1,2,2024-01-10
2024-01-10 08:00:00,"510,39347267898955","972,419983",1,2,2024-01-10
2024-01-10 09:00:00,"492,44743640677143","884,190002",1,2,2024-01-10
2024-01-10 10:00:00,"478,60372605003573","813,869995",1,2,2024-01-10
2024-01-10 11:00:00,"475,50450670695403","762,26001",1,2,2024-01-10
2024-01-10 12:00:00,"474,7114727345926","787,609985",1,2,2024-01-10
2024-01-10 13:00:00,"501,63231884734313","842,059998",1,2,2024-01-10
2024-01-10 14:00:00,"540,0285247103094","923,27002",1,2,2024-01-10
2024-01-10 15:00:00,"556,6823553279995","1004,109985",1,2,2024-01-10
2024-01-10 16:00:00,"588,6367086483896","1072,349976",1,2,2024-01-10
2024-01-10 17:00:00,"580,4935375122758","1044,089966",1,2,2024-01-10
2024-01-10 18:00:00,"544,3105737391963","985,539978",1,2,2024-01-10
2024-01-10 19:00:00,"508,1289877435264","894,929993",1,2,2024-01-10
2024-01-10 20:00:00,"404,9337314058742","818,559998",1,2,2024-01-10
2024-01-10 21:00:00,"379,8357576937493","779,26001",1,2,2024-01-10
2024-01-10 22:00:00,"330,65093549452973","677,909973",1,2,2024-01-10
2024-01-10 23:00:00,"317,8847106449174","684,27002",1,2,2024-01-10
2024-01-11 00:00:00,"260,630040741914","660,700012",1,2,2024-01-11
2024-01-11 01:00:00,"234,72579942981133","650,710022",1,2,2024-01-11
2024-01-11 02:00:00,"223,82419973254878","614,390015",1,2,2024-01-11
2024-01-11 03:00:00,"236,3348300190217","611,179993",1,2,2024-01-11
2024-01-11 04:00:00,"241,18410558897048","666,440002",1,2,2024-01-11
2024-01-11 05:00:00,"290,90471144663775","761,22998",1,2,2024-01-11
2024-01-11 06:00:00,"415,45393822561687","871,530029",1,2,2024-01-11
2024-01-11 07:00:00,"452,4374158945967","1051,569946",1,2,2024-01-11
2024-01-11 08:00:00,"437,803198646601","963,27002",1,2,2024-01-11
2024-01-11 09:00:00,"397,7234094728956","847,590027",1,2,2024-01-11
2024-01-11 10:00:00,"394,6917314791877","794,119995",1,2,2024-01-11
2024-01-11 11:00:00,"377,71621550423765","741,169983",1,2,2024-01-11
2024-01-11 12:00:00,"345,08284742004975","738,340027",1,2,2024-01-11
2024-01-11 13:00:00,"382,5664727117958","790,390015",1,2,2024-01-11
2024-01-11 14:00:00,"393,00317481554407","879,73999",1,2,2024-01-11
2024-01-11 15:00:00,"448,78518977758625","1024,349976",1,2,2024-01-11
2024-01-11 16:00:00,"536,7048343600884","1119,359985",1,2,2024-01-11
2024-01-11 17:00:00,"576,5179542943688","1019,429993",1,2,2024-01-11
2024-01-11 18:00:00,"523,9896526505207","986,76001",1,2,2024-01-11
2024-01-11 19:00:00,"431,6435818682661","879,140015",1,2,2024-01-11
2024-01-11 20:00:00,"394,92159114073706","799,419983",1,2,2024-01-11
2024-01-11 21:00:00,"385,392180750465","745,789978",1,2,2024-01-11
2024-01-11 22:00:00,"325,72002756948325","725,059998",1,2,2024-01-11
2024-01-11 23:00:00,"320,2935870279584","678,890015",1,2,2024-01-11
2024-01-12 00:00:00,"257,93683507974464","657,859985",1,2,2024-01-12
2024-01-12 01:00:00,"234,01073965589842","635,48999",1,2,2024-01-12
2024-01-12 02:00:00,"219,73913106246582","631,090027",1,2,2024-01-12
2024-01-12 03:00:00,"229,1561618361441","628,929993",1,2,2024-01-12
2024-01-12 04:00:00,"239,75114135689168","628,190002",1,2,2024-01-12
2024-01-12 05:00:00,"303,0704416587751","665,469971",1,2,2024-01-12
2024-01-12 06:00:00,"374,2473081866572","881,130005",1,2,2024-01-12
2024-01-12 07:00:00,"409,17447982417565","1049,51001",1,2,2024-01-12
2024-01-12 08:00:00,"448,5145297999406","1006,409973",1,2,2024-01-12
2024-01-12 09:00:00,"424,8566536778309","909,840027",1,2,2024-01-12
2024-01-12 10:00:00,"411,3192065052395","855,549988",1,2,2024-01-12
2024-01-12 11:00:00,"438,84370582409355","797,76001",1,2,2024-01-12
2024-01-12 12:00:00,"386,9284168258327","768,679993",1,2,2024-01-12
2024-01-12 13:00:00,"454,0763873006256","779,559998",1,2,2024-01-12
2024-01-12 14:00:00,"431,7288518656589","820,280029",1,2,2024-01-12
2024-01-12 15:00:00,"447,9115146982273","894,849976",1,2,2024-01-12
2024-01-12 16:00:00,"453,2910157963788","950,780029",1,2,2024-01-12
2024-01-12 17:00:00,"479,1970978534955","939,590027",1,2,2024-01-12
2024-01-12 18:00:00,"465,6183844525558","890,900024",1,2,2024-01-12
2024-01-12 19:00:00,"442,24432146872283","798,880005",1,2,2024-01-12
2024-01-12 20:00:00,"355,94380512041755","683,820007",1,2,2024-01-12
2024-01-12 21:00:00,"387,75897667393554","634,0",1,2,2024-01-12
2024-01-12 22:00:00,"322,6939206500683","615,140015",1,2,2024-01-12
2024-01-12 23:00:00,"270,1104919205483","544,869995",1,2,2024-01-12
2024-01-13 00:00:00,"253,85066203197385","558,140015",1,2,2024-01-13
2024-01-13 01:00:00,"243,19007865851444","549,200012",1,2,2024-01-13
2024-01-13 02:00:00,"233,19851422756534","532,190002",1,2,2024-01-13
2024-01-13 03:00:00,"236,67546602799894","538,679993",1,2,2024-01-13
2024-01-13 04:00:00,"245,7388840911419","512,51001",1,2,2024-01-13
2024-01-13 05:00:00,"230,62113228043486","486,040009",1,2,2024-01-13
2024-01-13 06:00:00,"292,0890623881047","510,869995",1,2,2024-01-13
2024-01-13 07:00:00,"350,37287230247443","500,799988",1,2,2024-01-13
2024-01-13 08:00:00,"422,9721493557511","546,659973",1,2,2024-01-13
2024-01-13 09:00:00,"401,53883502018516","537,039978",1,2,2024-01-13
2024-01-13 10:00:00,"392,1514902648049","529,289978",1,2,2024-01-13
2024-01-13 11:00:00,"379,52525674894514","521,609985",1,2,2024-01-13
2024-01-13 12:00:00,"369,4345099198481","474,779999",1,2,2024-01-13
2024-01-13 13:00:00,"385,36678126600606","506,390015",1,2,2024-01-13
2024-01-13 14:00:00,"432,4853069337956","511,609985",1,2,2024-01-13
2024-01-13 15:00:00,"477,65197643669103","527,789978",1,2,2024-01-13
2024-01-13 16:00:00,"530,0714597981631","553,450012",1,2,2024-01-13
2024-01-13 17:00:00,"580,6725049942689","565,299988",1,2,2024-01-13
2024-01-13 18:00:00,"574,1465224182473","550,460022",1,2,2024-01-13
2024-01-13 19:00:00,"512,918004304426","544,799988",1,2,2024-01-13
2024-01-13 20:00:00,"454,96768892509715","528,909973",1,2,2024-01-13
2024-01-13 21:00:00,"400,0073388034686","479,470001",1,2,2024-01-13
2024-01-13 22:00:00,"364,5949288912801","470,970001",1,2,2024-01-13
2024-01-13 23:00:00,"349,3888242155827","477,420013",1,2,2024-01-13
2024-01-14 00:00:00,"270,5508917006011","463,179993",1,2,2024-01-14
2024-01-14 01:00:00,"265,1147264317185","469,290009",1,2,2024-01-14
2024-01-14 02:00:00,"255,09202475727886","477,350006",1,2,2024-01-14
2024-01-14 03:00:00,"246,6287443215722","482,269989",1,2,2024-01-14
2024-01-14 04:00:00,"239,73969232862336","486,220001",1,2,2024-01-14
2024-01-14 05:00:00,"239,75839920744139","501,950012",1,2,2024-01-14
2024-01-14 06:00:00,"270,57455395505895","534,390015",1,2,2024-01-14
2024-01-14 07:00:00,"311,69462708614935","572,280029",1,2,2024-01-14
2024-01-14 08:00:00,"312,6828283110255","605,090027",1,2,2024-01-14
2024-01-14 09:00:00,"303,7464228426865","601,289978",1,2,2024-01-14
2024-01-14 10:00:00,"305,3345009725316","610,309998",1,2,2024-01-14
2024-01-14 11:00:00,"301,98916566922793","599,5",1,2,2024-01-14
2024-01-14 12:00:00,"295,5183028793236","574,52002",1,2,2024-01-14
2024-01-14 13:00:00,"301,9265727602445","590,25",1,2,2024-01-14
2024-01-14 14:00:00,"310,7024721298673","613,890015",1,2,2024-01-14
2024-01-14 15:00:00,"324,17675197743597","645,960022",1,2,2024-01-14
2024-01-14 16:00:00,"385,87720753894473","685,030029",1,2,2024-01-14
2024-01-14 17:00:00,"364,98744069960424","705,76001",1,2,2024-01-14
2024-01-14 18:00:00,"312,6601862026945","635,809998",1,2,2024-01-14
2024-01-14 19:00:00,"301,89940824919734","589,580017",1,2,2024-01-14
2024-01-14 20:00:00,"291,7309393103341","586,150024",1,2,2024-01-14
2024-01-14 21:00:00,"297,39748795618067","562,210022",1,2,2024-01-14
2024-01-14 22:00:00,"274,2587579394276","501,059998",1,2,2024-01-14
2024-01-14 23:00:00,"258,52334310407804","506,350006",1,2,2024-01-14
2024-01-15 00:00:00,"254,40689605131857","484,730011",1,3,2024-01-15
2024-01-15 01:00:00,"232,68404684568208","476,820007",1,3,2024-01-15
2024-01-15 02:00:00,"228,6351959376787","462,649994",1,3,2024-01-15
2024-01-15 03:00:00,"223,0092518500697","462,649994",1,3,2024-01-15
2024-01-15 04:00:00,"199,04829862421073","516,419983",1,3,2024-01-15
2024-01-15 05:00:00,"262,153513390829","596,219971",1,3,2024-01-15
2024-01-15 06:00:00,"307,8164448319457","625,22998",1,3,2024-01-15
2024-01-15 07:00:00,"364,98160068380764","740,52002",1,3,2024-01-15
2024-01-15 08:00:00,"368,98351043919513","747,900024",1,3,2024-01-15
2024-01-15 09:00:00,"349,7121089470983","707,549988",1,3,2024-01-15
2024-01-15 10:00:00,"338,7150525547242","673,099976",1,3,2024-01-15
2024-01-15 11:00:00,"345,52338542449826","625,369995",1,3,2024-01-15
2024-01-15 12:00:00,"334,1373191715705","612,619995",1,3,2024-01-15
2024-01-15 13:00:00,"339,4979183923803","630,150024",1,3,2024-01-15
2024-01-15 14:00:00,"395,0333317387733","666,98999",1,3,2024-01-15
2024-01-15 15:00:00,"489,211554510329","745,140015",1,3,2024-01-15
2024-01-15 16:00:00,"506,17059721071155","813,450012",1,3,2024-01-15
2024-01-15 17:00:00,"530,8564582762792","861,849976",1,3,2024-01-15
2024-01-15 18:00:00,"495,29755713975374","825,22998",1,3,2024-01-15
2024-01-15 19:00:00,"464,9943499220808","769,22998",1,3,2024-01-15
2024-01-15 20:00:00,"418,40812108055434","693,159973",1,3,2024-01-15
2024-01-15 21:00:00,"436,52951283743573","667,359985",1,3,2024-01-15
2024-01-15 22:00:00,"369,8948224428839","644,539978",1,3,2024-01-15
2024-01-15 23:00:00,"372,68352689257387","607,469971",1,3,2024-01-15
2024-01-16 00:00:00,"336,01957371783965","607,099976",1,3,2024-01-16
2024-01-16 01:00:00,"352,61389309417143","597,179993",1,3,2024-01-16
2024-01-16 02:00:00,"320,7606451551489","583,679993",1,3,2024-01-16
2024-01-16 03:00:00,"308,18727076210826","578,679993",1,3,2024-01-16
2024-01-16 04:00:00,"318,5466361607833","622,390015",1,3,2024-01-16
2024-01-16 05:00:00,"419,7888550916942","701,590027",1,3,2024-01-16
2024-01-16 06:00:00,"485,9991453030611","855,97998",1,3,2024-01-16
2024-01-16 07:00:00,"498,8987513657303","1119,849976",1,3,2024-01-16
2024-01-16 08:00:00,"483,2779118812888","1121,119995",1,3,2024-01-16
2024-01-16 09:00:00,"479,5121295065411","1039,670044",1,3,2024-01-16
2024-01-16 10:00:00,"484,1635423448179","871,940002",1,3,2024-01-16
2024-01-16 11:00:00,"480,2552327537814","771,400024",1,3,2024-01-16
2024-01-16 12:00:00,"482,26096403352284","708,380005",1,3,2024-01-16
2024-01-16 13:00:00,"504,34476649152873","715,98999",1,3,2024-01-16
2024-01-16 14:00:00,"531,8121839696762","822,27002",1,3,2024-01-16
2024-01-16 15:00:00,"631,2636984645798","830,77002",1,3,2024-01-16
2024-01-16 16:00:00,"670,6890056503659","955,77002",1,3,2024-01-16
2024-01-16 17:00:00,"661,7824807462447","949,5",1,3,2024-01-16
2024-01-16 18:00:00,"610,5989342738102","833,599976",1,3,2024-01-16
2024-01-16 19:00:00,"566,5409312890488","712,179993",1,3,2024-01-16
2024-01-16 20:00:00,"501,8737287472126","642,969971",1,3,2024-01-16
2024-01-16 21:00:00,"476,9330675252491","611,869995",1,3,2024-01-16
2024-01-16 22:00:00,"417,6995890770163","579,429993",1,3,2024-01-16
2024-01-16 23:00:00,"348,8058093192347","506,070007",1,3,2024-01-16
2024-01-17 00:00:00,"363,528234104302","502,269989",1,3,2024-01-17
2024-01-17 01:00:00,"336,2513455847719","495,779999",1,3,2024-01-17
2024-01-17 02:00:00,"312,56667941361167","489,220001",1,3,2024-01-17
2024-01-17 03:00:00,"325,24729363802646","487,429993",1,3,2024-01-17
2024-01-17 04:00:00,"314,751543009102","487,209991",1,3,2024-01-17
2024-01-17 05:00:00,"403,03798607582786","499,209991",1,3,2024-01-17
2024-01-17 06:00:00,"558,9389145730792","591,23999",1,3,2024-01-17
2024-01-17 07:00:00,"679,2242202417392","715,929993",1,3,2024-01-17
2024-01-17 08:00:00,"670,4181250107458","767,159973",1,3,2024-01-17
2024-01-17 09:00:00,"622,3508446117756","797,289978",1,3,2024-01-17
2024-01-17 10:00:00,"599,8081690777832","802,890015",1,3,2024-01-17
2024-01-17 11:00:00,"577,6477209241772","877,840027",1,3,2024-01-17
2024-01-17 12:00:00,"573,7636223501505","907,590027",1,3,2024-01-17
2024-01-17 13:00:00,"614,3254044901236","907,890015",1,3,2024-01-17
2024-01-17 14:00:00,"679,8009646162494","935,630005",1,3,2024-01-17
2024-01-17 15:00:00,"695,412032025474","958,75",1,3,2024-01-17
2024-01-17 16:00:00,"753,6184509467928","1047,939941",1,3,2024-01-17
2024-01-17 17:00:00,"731,3248444620359","921,690002",1,3,2024-01-17
2024-01-17 18:00:00,"678,906966626225","852,26001",1,3,2024-01-17
2024-01-17 19:00:00,"612,1540206083615","818,849976",1,3,2024-01-17
2024-01-17 20:00:00,"504,92192777233697","753,890015",1,3,2024-01-17
2024-01-17 21:00:00,"471,45197567459894","703,099976",1,3,2024-01-17
2024-01-17 22:00:00,"372,62516009277607","627,710022",1,3,2024-01-17
2024-01-17 23:00:00,"418,4994179274963","606,580017",1,3,2024-01-17
2024-01-18 00:00:00,"355,867860251256","575,780029",1,3,2024-01-18
2024-01-18 01:00:00,"345,8800573931284","561,530029",1,3,2024-01-18
2024-01-18 02:00:00,"306,28564478102953","558,700012",1,3,2024-01-18
2024-01-18 03:00:00,"323,4379906886681","578,539978",1,3,2024-01-18
2024-01-18 04:00:00,"377,4898474481736","604,119995",1,3,2024-01-18
2024-01-18 05:00:00,"456,52188487101546","680,570007",1,3,2024-01-18
2024-01-18 06:00:00,"546,800350462882","831,969971",1,3,2024-01-18
2024-01-18 07:00:00,"669,9369613344752","938,919983",1,3,2024-01-18
2024-01-18 08:00:00,"654,5081711054742","911,179993",1,3,2024-01-18
2024-01-18 09:00:00,"586,1732004615264","827,119995",1,3,2024-01-18
2024-01-18 10:00:00,"533,947458307529","805,119995",1,3,2024-01-18
2024-01-18 11:00:00,"500,93440665920417","697,719971",1,3,2024-01-18
2024-01-18 12:00:00,"498,98772839161603","653,48999",1,3,2024-01-18
2024-01-18 13:00:00,"540,0466150630083","644,619995",1,3,2024-01-18
2024-01-18 14:00:00,"590,5817055878109","702,940002",1,3,2024-01-18
2024-01-18 15:00:00,"705,6399407085654","742,25",1,3,2024-01-18
2024-01-18 16:00:00,"812,5707607683081","780,72998",1,3,2024-01-18
2024-01-18 17:00:00,"810,8110887594252","770,140015",1,3,2024-01-18
2024-01-18 18:00:00,"744,6649823924098","705,030029",1,3,2024-01-18
2024-01-18 19:00:00,"614,6061074011984","648,650024",1,3,2024-01-18
2024-01-18 20:00:00,"567,7829380184053","605,090027",1,3,2024-01-18
2024-01-18 21:00:00,"540,7504337845317","577,48999",1,3,2024-01-18
2024-01-18 22:00:00,"479,46159725694923","532,0",1,3,2024-01-18
2024-01-18 23:00:00,"470,4324049006418","510,089996",1,3,2024-01-18
2024-01-19 00:00:00,"442,55420976503615","487,269989",1,3,2024-01-19
2024-01-19 01:00:00,"431,7114272673948","477,649994",1,3,2024-01-19
2024-01-19 02:00:00,"442,4474217687682","468,029999",1,3,2024-01-19
2024-01-19 03:00:00,"437,18332349413214","472,209991",1,3,2024-01-19
2024-01-19 04:00:00,"444,2708966575796","491,079987",1,3,2024-01-19
2024-01-19 05:00:00,"453,72560447422586","564,830017",1,3,2024-01-19
2024-01-19 06:00:00,"511,00294728453247","639,330017",1,3,2024-01-19
2024-01-19 07:00:00,"578,5513360931931","776,030029",1,3,2024-01-19
2024-01-19 08:00:00,"587,1688745378456","767,0",1,3,2024-01-19
2024-01-19 09:00:00,"578,940006675921","709,580017",1,3,2024-01-19
2024-01-19 10:00:00,"520,5454162502836","644,030029",1,3,2024-01-19
2024-01-19 11:00:00,"498,212469756417","572,960022",1,3,2024-01-19
2024-01-19 12:00:00,"512,1887428614248","547,01001",1,3,2024-01-19
2024-01-19 13:00:00,"523,4220794679987","560,880005",1,3,2024-01-19
2024-01-19 14:00:00,"568,5855451211816","577,580017",1,3,2024-01-19
2024-01-19 15:00:00,"555,4742207380234","631,570007",1,3,2024-01-19
2024-01-19 16:00:00,"698,6876177204945","698,02002",1,3,2024-01-19
2024-01-19 17:00:00,"727,6104934358978","656,630005",1,3,2024-01-19
2024-01-19 18:00:00,"636,0319033833971","576,98999",1,3,2024-01-19
2024-01-19 19:00:00,"575,1804032334884","551,849976",1,3,2024-01-19
2024-01-19 20:00:00,"517,228668073682","530,380005",1,3,2024-01-19
2024-01-19 21:00:00,"513,140419586661","511,880005",1,3,2024-01-19
2024-01-19 22:00:00,"437,3991771405024","482,869995",1,3,2024-01-19
2024-01-19 23:00:00,"418,1634935309195","492,200012",1,3,2024-01-19
2024-01-20 00:00:00,"373,43320618031396","473,179993",1,3,2024-01-20
2024-01-20 01:00:00,"389,69338710491246","473,850006",1,3,2024-01-20
2024-01-20 02:00:00,"368,43303252870663","461,019989",1,3,2024-01-20
2024-01-20 03:00:00,"358,7303676462324","461,25",1,3,2024-01-20
2024-01-20 04:00:00,"384,0995013504201","460,5",1,3,2024-01-20
2024-01-20 05:00:00,"391,9937400093963","466,769989",1,3,2024-01-20
2024-01-20 06:00:00,"467,75439727069386","498,910004",1,3,2024-01-20
2024-01-20 07:00:00,"506,5246575884347","557,969971",1,3,2024-01-20
2024-01-20 08:00:00,"497,38731889672874","580,940002",1,3,2024-01-20
2024-01-20 09:00:00,"497,17414002810955","535,450012",1,3,2024-01-20
2024-01-20 10:00:00,"495,6287660187511","527,77002",1,3,2024-01-20
2024-01-20 11:00:00,"490,4828867395299","505,100006",1,3,2024-01-20
2024-01-20 12:00:00,"475,80390904476826","512,929993",1,3,2024-01-20
2024-01-20 13:00:00,"506,02114868496034","547,309998",1,3,2024-01-20
2024-01-20 14:00:00,"547,3474756921138","589,960022",1,3,2024-01-20
2024-01-20 15:00:00,"594,989546857959","654,77002",1,3,2024-01-20
2024-01-20 16:00:00,"638,0437120374177","707,940002",1,3,2024-01-20
2024-01-20 17:00:00,"650,7756820838507","744,780029",1,3,2024-01-20
2024-01-20 18:00:00,"598,4973590549232","682,880005",1,3,2024-01-20
2024-01-20 19:00:00,"561,3477434810294","596,599976",1,3,2024-01-20
2024-01-20 20:00:00,"537,0352050713475","547,309998",1,3,2024-01-20
2024-01-20 21:00:00,"504,0051072221697","525,159973",1,3,2024-01-20
2024-01-20 22:00:00,"461,1677727449815","499,579987",1,3,2024-01-20
2024-01-20 23:00:00,"452,15883426982106","445,26001",1,3,2024-01-20
2024-01-21 00:00:00,"424,4306122973724","429,230011",1,3,2024-01-21
2024-01-21 01:00:00,"408,5477235996551","411,329987",1,3,2024-01-21
2024-01-21 02:00:00,"386,42055677375794","379,549988",1,3,2024-01-21
2024-01-21 03:00:00,"366,8361915620347","361,799988",1,3,2024-01-21
2024-01-21 04:00:00,"376,2749724623807","353,899994",1,3,2024-01-21
2024-01-21 05:00:00,"383,6182287746505","339,579987",1,3,2024-01-21
2024-01-21 06:00:00,"400,8269751544626","327,869995",1,3,2024-01-21
2024-01-21 07:00:00,"450,7381007823009","383,059998",1,3,2024-01-21
2024-01-21 08:00:00,"423,3229781199021","405,429993",1,3,2024-01-21
2024-01-21 09:00:00,"440,656596066122","343,529999",1,3,2024-01-21
2024-01-21 10:00:00,"389,61027826832407","363,0",1,3,2024-01-21
2024-01-21 11:00:00,"431,4191420073439","287,0",1,3,2024-01-21
2024-01-21 12:00:00,"401,76897957173","281,100006",1,3,2024-01-21
2024-01-21 13:00:00,"423,96926802346843","330,399994",1,3,2024-01-21
2024-01-21 14:00:00,"443,0070708741009","365,76001",1,3,2024-01-21
2024-01-21 15:00:00,"498,6152401991702","371,649994",1,3,2024-01-21
2024-01-21 16:00:00,"545,0741074611523","422,51001",1,3,2024-01-21
2024-01-21 17:00:00,"561,724389753019","458,309998",1,3,2024-01-21
2024-01-21 18:00:00,"508,0850322904672","437,359985",1,3,2024-01-21
2024-01-21 19:00:00,"435,56849378054886","384,100006",1,3,2024-01-21
2024-01-21 20:00:00,"363,881941407905","391,26001",1,3,2024-01-21
2024-01-21 21:00:00,"364,8461534814123","375,829987",1,3,2024-01-21
2024-01-21 22:00:00,"341,71655747122395","294,309998",1,3,2024-01-21
2024-01-21 23:00:00,"331,94329543616374","273,420013",1,3,2024-01-21
2024-01-22 00:00:00,"317,2567246857556","165,869995",1,4,2024-01-22
2024-01-22 01:00:00,"350,63200203291296","138,869995",1,4,2024-01-22
2024-01-22 02:00:00,"359,5876296466717","37,59",1,4,2024-01-22
2024-01-22 03:00:00,"363,86570156830953","37,740002",1,4,2024-01-22
2024-01-22 04:00:00,"372,45286204653917","149,169998",1,4,2024-01-22
2024-01-22 05:00:00,"408,77916969479554","302,059998",1,4,2024-01-22
2024-01-22 06:00:00,"456,6938077429866","451,01001",1,4,2024-01-22
2024-01-22 07:00:00,"457,94220128267875","495,829987",1,4,2024-01-22
2024-01-22 08:00:00,"456,24629124767245","429,450012",1,4,2024-01-22
2024-01-22 09:00:00,"412,5174901789543","459,059998",1,4,2024-01-22
2024-01-22 10:00:00,"384,6774291211549","451,970001",1,4,2024-01-22
2024-01-22 11:00:00,"398,47057166955864","424,529999",1,4,2024-01-22
2024-01-22 12:00:00,"402,2753850015147","423,040009",1,4,2024-01-22
2024-01-22 13:00:00,"427,1654742881396","434,299988",1,4,2024-01-22
2024-01-22 14:00:00,"401,1924703709137","445,48999",1,4,2024-01-22
2024-01-22 15:00:00,"502,26573562091284","447,429993",1,4,2024-01-22
2024-01-22 16:00:00,"614,5428551257984","461,299988",1,4,2024-01-22
2024-01-22 17:00:00,"712,6346099467235","455,179993",1,4,2024-01-22
2024-01-22 18:00:00,"661,7687696739099","447,720001",1,4,2024-01-22
2024-01-22 19:00:00,"593,8250839423872","444,519989",1,4,2024-01-22
2024-01-22 20:00:00,"527,6156298383677","425,119995",1,4,2024-01-22
2024-01-22 21:00:00,"485,1864226506497","416,850006",1,4,2024-01-22
2024-01-22 22:00:00,"443,42759123055424","372,019989",1,4,2024-01-22
2024-01-22 23:00:00,"406,7338154542494","121,040001",1,4,2024-01-22
2024-01-23 00:00:00,"433,5478952223689","75,330002",1,4,2024-01-23
2024-01-23 01:00:00,"435,73436915978374","69,879997",1,4,2024-01-23
2024-01-23 02:00:00,"412,6420495103531","31,1",1,4,2024-01-23
2024-01-23 03:00:00,"417,89260128873485","76,220001",1,4,2024-01-23
2024-01-23 04:00:00,"425,4712243830566","292,579987",1,4,2024-01-23
2024-01-23 05:00:00,"512,459513404425","439,940002",1,4,2024-01-23
2024-01-23 06:00:00,"626,8914139033773","454,410004",1,4,2024-01-23
2024-01-23 07:00:00,"766,2996370963425","461,649994",1,4,2024-01-23
2024-01-23 08:00:00,"765,9557063539822","455,76001",1,4,2024-01-23
2024-01-23 09:00:00,"728,9877176802979","447,25",1,4,2024-01-23
2024-01-23 10:00:00,"717,7621408649119","443,299988",1,4,2024-01-23
2024-01-23 11:00:00,"716,4808858192647","441,059998",1,4,2024-01-23
2024-01-23 12:00:00,"729,0048116644209","443,230011",1,4,2024-01-23
2024-01-23 13:00:00,"743,4417736459851","461,649994",1,4,2024-01-23
2024-01-23 14:00:00,"780,1904577437344","468,059998",1,4,2024-01-23
2024-01-23 15:00:00,"812,2489906647535","494,390015",1,4,2024-01-23
2024-01-23 16:00:00,"878,6322663412972","510,570007",1,4,2024-01-23
2024-01-23 17:00:00,"838,0629003884526","498,040009",1,4,2024-01-23
2024-01-23 18:00:00,"749,2598424572237","472,390015",1,4,2024-01-23
2024-01-23 19:00:00,"676,6094420265135","450,910004",1,4,2024-01-23
2024-01-23 20:00:00,"577,2289974461485","400,790009",1,4,2024-01-23
2024-01-23 21:00:00,"493,9835254432954","338,290009",1,4,2024-01-23
2024-01-23 22:00:00,"367,7289218126863","248,050003",1,4,2024-01-23
2024-01-23 23:00:00,"346,5232262271408","22,74",1,4,2024-01-23
2024-01-24 00:00:00,"359,4628041634301","-0,22",1,4,2024-01-24
2024-01-24 01:00:00,"357,6629166564042","0,0",1,4,2024-01-24
2024-01-24 02:00:00,"354,2826262644453","-0,07",1,4,2024-01-24
2024-01-24 03:00:00,"362,5137931234321","-0,15",1,4,2024-01-24
2024-01-24 04:00:00,"374,18260413017","-1,34",1,4,2024-01-24
2024-01-24 05:00:00,"444,7913071030061","110,07",1,4,2024-01-24
2024-01-24 06:00:00,"548,8702753235849","313,869995",1,4,2024-01-24
2024-01-24 07:00:00,"711,8800277871301","373,380005",1,4,2024-01-24
2024-01-24 08:00:00,"736,302560342916","369,429993",1,4,2024-01-24
2024-01-24 09:00:00,"714,911595765122","373,600006",1,4,2024-01-24
2024-01-24 10:00:00,"639,3813747019192","378,670013",1,4,2024-01-24
2024-01-24 11:00:00,"676,2481375288496","293,209991",1,4,2024-01-24
2024-01-24 12:00:00,"686,1485444906847","271,73999",1,4,2024-01-24
2024-01-24 13:00:00,"741,2261728274586","335,869995",1,4,2024-01-24
2024-01-24 14:00:00,"796,3920375834299","372,480011",1,4,2024-01-24
2024-01-24 15:00:00,"836,3374063299029","378,820007",1,4,2024-01-24
2024-01-24 16:00:00,"915,2324630405888","404,25",1,4,2024-01-24
2024-01-24 17:00:00,"860,5348123443732","397,609985",1,4,2024-01-24
2024-01-24 18:00:00,"802,7744391010264","373,529999",1,4,2024-01-24
2024-01-24 19:00:00,"733,5353052346929","314,540009",1,4,2024-01-24
2024-01-24 20:00:00,"681,7715166102868","298,579987",1,4,2024-01-24
2024-01-24 21:00:00,"609,6018857981458","313,269989",1,4,2024-01-24
2024-01-24 22:00:00,"535,4997971118298","287,320007",1,4,2024-01-24
2024-01-24 23:00:00,"491,40647304937005","330,630005",1,4,2024-01-24
2024-01-25 00:00:00,"444,7729324100758","335,98999",1,4,2024-01-25
2024-01-25 01:00:00,"359,78534634265645","323,170013",1,4,2024-01-25
2024-01-25 02:00:00,"336,1127572950409","334,950012",1,4,2024-01-25
2024-01-25 03:00:00,"365,3883120227715","344,640015",1,4,2024-01-25
2024-01-25 04:00:00,"382,9613022576196","390,579987",1,4,2024-01-25
2024-01-25 05:00:00,"519,4041512742373","432,709991",1,4,2024-01-25
2024-01-25 06:00:00,"679,3007663387425","492,51001",1,4,2024-01-25
2024-01-25 07:00:00,"858,0436195778874","663,789978",1,4,2024-01-25
2024-01-25 08:00:00,"856,5788384159852","635,679993",1,4,2024-01-25
2024-01-25 09:00:00,"793,5724475204222","606,599976",1,4,2024-01-25
2024-01-25 10:00:00,"749,6101138037654","568,340027",1,4,2024-01-25
2024-01-25 11:00:00,"683,9466074807567","545,450012",1,4,2024-01-25
2024-01-25 12:00:00,"672,596839775916","566,630005",1,4,2024-01-25
2024-01-25 13:00:00,"713,5537301177802","633,659973",1,4,2024-01-25
2024-01-25 14:00:00,"796,1510505043445","686,530029",1,4,2024-01-25
2024-01-25 15:00:00,"894,4461181840089","755,950012",1,4,2024-01-25
2024-01-25 16:00:00,"983,6839824269399","920,0",1,4,2024-01-25
2024-01-25 17:00:00,"986,1897779613438","861,539978",1,4,2024-01-25
2024-01-25 18:00:00,"894,0595495216222","736,640015",1,4,2024-01-25
2024-01-25 19:00:00,"783,1859945444542","679,070007",1,4,2024-01-25
2024-01-25 20:00:00,"718,7186125700357","643,580017",1,4,2024-01-25
2024-01-25 21:00:00,"682,5245443132917","599,73999",1,4,2024-01-25
2024-01-25 22:00:00,"633,3048258673879","560,440002",1,4,2024-01-25
2024-01-25 23:00:00,"590,6229352870287","468,200012",1,4,2024-01-25
2024-01-26 00:00:00,"557,3987420029508","461,940002",1,4,2024-01-26
2024-01-26 01:00:00,"544,635755607257","436,070007",1,4,2024-01-26
2024-01-26 02:00:00,"524,1691986953523","408,480011",1,4,2024-01-26
2024-01-26 03:00:00,"530,2040464507916","355,029999",1,4,2024-01-26
2024-01-26 04:00:00,"543,8983238336663","377,619995",1,4,2024-01-26
2024-01-26 05:00:00,"613,7847961386016","419,519989",1,4,2024-01-26
2024-01-26 06:00:00,"727,8558639016537","469,470001",1,4,2024-01-26
2024-01-26 07:00:00,"760,1975193103469","484,149994",1,4,2024-01-26
2024-01-26 08:00:00,"761,1465817174477","475,660004",1,4,2024-01-26
2024-01-26 09:00:00,"733,2016291076609","456,420013",1,4,2024-01-26
2024-01-26 10:00:00,"771,4692242014869","437,929993",1,4,2024-01-26
2024-01-26 11:00:00,"738,8624585995412","389,769989",1,4,2024-01-26
2024-01-26 12:00:00,"700,7825612573553","346,450012",1,4,2024-01-26
2024-01-26 13:00:00,"710,5419665695782","367,399994",1,4,2024-01-26
2024-01-26 14:00:00,"744,4280270313103","373,589996",1,4,2024-01-26
2024-01-26 15:00:00,"755,9696595154645","393,200012",1,4,2024-01-26
2024-01-26 16:00:00,"786,7296133408033","427,720001",1,4,2024-01-26
2024-01-26 17:00:00,"791,0395521205177","412,140015",1,4,2024-01-26
2024-01-26 18:00:00,"774,8432219840981","406,540009",1,4,2024-01-26
2024-01-26 19:00:00,"709,8484707104104","404,980011",1,4,2024-01-26
2024-01-26 20:00:00,"618,90777397513","405,200012",1,4,2024-01-26
2024-01-26 21:00:00,"585,5479178983188","405,5",1,4,2024-01-26
2024-01-26 22:00:00,"552,7452297747756","400,429993",1,4,2024-01-26
2024-01-26 23:00:00,"557,3674781522991","405,869995",1,4,2024-01-26
2024-01-27 00:00:00,"548,9756179453399","410,26001",1,4,2024-01-27
2024-01-27 01:00:00,"528,82167119769","419,059998",1,4,2024-01-27
2024-01-27 02:00:00,"518,120047046782","410,410004",1,4,2024-01-27
2024-01-27 03:00:00,"512,2047996296262","415,559998",1,4,2024-01-27
2024-01-27 04:00:00,"509,0347421314412","423,679993",1,4,2024-01-27
2024-01-27 05:00:00,"516,3911281921805","426,73999",1,4,2024-01-27
2024-01-27 06:00:00,"550,4073432760243","431,359985",1,4,2024-01-27
2024-01-27 07:00:00,"590,9340963510114","433,380005",1,4,2024-01-27
2024-01-27 08:00:00,"602,2116192294538","436,130005",1,4,2024-01-27
2024-01-27 09:00:00,"586,8419624396063","433,899994",1,4,2024-01-27
2024-01-27 10:00:00,"583,071003962321","422,040009",1,4,2024-01-27
2024-01-27 11:00:00,"586,2090668269643","416,299988",1,4,2024-01-27
2024-01-27 12:00:00,"572,0287312656258","401,690002",1,4,2024-01-27
2024-01-27 13:00:00,"581,5990960477257","440,910004",1,4,2024-01-27
2024-01-27 14:00:00,"596,3245003169624","432,029999",1,4,2024-01-27
2024-01-27 15:00:00,"648,3895087828143","439,339996",1,4,2024-01-27
2024-01-27 16:00:00,"715,2797196008718","460,359985",1,4,2024-01-27
2024-01-27 17:00:00,"698,6288752167324","457,079987",1,4,2024-01-27
2024-01-27 18:00:00,"658,0960200600878","443,070007",1,4,2024-01-27
2024-01-27 19:00:00,"601,4503459691616","433,970001",1,4,2024-01-27
2024-01-27 20:00:00,"560,137167938781","431,290009",1,4,2024-01-27
2024-01-27 21:00:00,"544,3933455015618","430,390015",1,4,2024-01-27
2024-01-27 22:00:00,"510,3816125133548","429,5",1,4,2024-01-27
2024-01-27 23:00:00,"517,2857188143813","497,75",1,4,2024-01-27
2024-01-28 00:00:00,"488,52536242326744","438,339996",1,4,2024-01-28
2024-01-28 01:00:00,"480,1255146929018","434,309998",1,4,2024-01-28
2024-01-28 02:00:00,"466,9398081795929","430,290009",1,4,2024-01-28
2024-01-28 03:00:00,"461,2540857930546","431,399994",1,4,2024-01-28
2024-01-28 04:00:00,"456,7109218202344","429,609985",1,4,2024-01-28
2024-01-28 05:00:00,"466,78489203637923","430,290009",1,4,2024-01-28
2024-01-28 06:00:00,"469,3074089042846","439,679993",1,4,2024-01-28
2024-01-28 07:00:00,"501,9279941704234","441,320007",1,4,2024-01-28
2024-01-28 08:00:00,"532,5614200050892","410,609985",1,4,2024-01-28
2024-01-28 09:00:00,"535,4338829198751","381,380005",1,4,2024-01-28
2024-01-28 10:00:00,"539,6587729365989","341,049988",1,4,2024-01-28
2024-01-28 11:00:00,"523,8352959935224","309,970001",1,4,2024-01-28
2024-01-28 12:00:00,"493,6987094955305","298,859985",1,4,2024-01-28
2024-01-28 13:00:00,"508,51721874484133","377,579987",1,4,2024-01-28
2024-01-28 14:00:00,"543,5216751476995","420,519989",1,4,2024-01-28
2024-01-28 15:00:00,"566,0440736406157","431,850006",1,4,2024-01-28
2024-01-28 16:00:00,"636,8051733180755","431,329987",1,4,2024-01-28
2024-01-28 17:00:00,"648,1880587561452","427,380005",1,4,2024-01-28
2024-01-28 18:00:00,"610,0688796986967","422,01001",1,4,2024-01-28
2024-01-28 19:00:00,"560,4465187774924","405,089996",1,4,2024-01-28
2024-01-28 20:00:00,"544,4525364049114","400,98999",1,4,2024-01-28
2024-01-28 21:00:00,"519,8474197716406","400,390015",1,4,2024-01-28
2024-01-28 22:00:00,"471,42357361044344","392,790009",1,4,2024-01-28
2024-01-28 23:00:00,"472,8981867275733","363,339996",1,4,2024-01-28
2024-04-01 00:00:00,"401,9862618804997","343,549988",2,1,2024-04-01
2024-04-01 01:00:00,"407,82069543410205","325,049988",2,1,2024-04-01
2024-04-01 02:00:00,"408,79172910220433","368,459991",2,1,2024-04-01
2024-04-01 03:00:00,"430,7962313737814","390,459991",2,1,2024-04-01
2024-04-01 04:00:00,"475,0710802296316","437,899994",2,1,2024-04-01
2024-04-01 05:00:00,"559,6776067509776","481,01001",2,1,2024-04-01
2024-04-01 06:00:00,"675,756324803646","437,899994",2,1,2024-04-01
2024-04-01 07:00:00,"664,0041160725874","454,160004",2,1,2024-04-01
2024-04-01 08:00:00,"590,7242688859761","405,450012",2,1,2024-04-01
2024-04-01 09:00:00,"528,8937565941715","334,0",2,1,2024-04-01
2024-04-01 10:00:00,"482,25579062052174","363,609985",2,1,2024-04-01
2024-04-01 11:00:00,"461,6583056148571","262,470001",2,1,2024-04-01
2024-04-01 12:00:00,"464,91942592766077","253,740005",2,1,2024-04-01
2024-04-01 13:00:00,"467,2135805961957","325,799988",2,1,2024-04-01
2024-04-01 14:00:00,"524,444513133382","331,170013",2,1,2024-04-01
2024-04-01 15:00:00,"573,2135893978939","304,089996",2,1,2024-04-01
2024-04-01 16:00:00,"673,9052591198841","364,429993",2,1,2024-04-01
2024-04-01 17:00:00,"953,587476876984","373,529999",2,1,2024-04-01
2024-04-01 18:00:00,"936,4405597163881","381,290009",2,1,2024-04-01
2024-04-01 19:00:00,"732,2862225002611","365,399994",2,1,2024-04-01
2024-04-01 20:00:00,"586,0085917708984","305,809998",2,1,2024-04-01
2024-04-01 21:00:00,"553,6649752245239","221,0",2,1,2024-04-01
2024-04-01 22:00:00,"526,2795543663022","323,410004",2,1,2024-04-01
2024-04-01 23:00:00,"530,1524540360681","270,970001",2,1,2024-04-01
2024-04-02 00:00:00,"510,41277485006555","122,769997",2,1,2024-04-02
2024-04-02 01:00:00,"495,69183927919","56,240002",2,1,2024-04-02
2024-04-02 02:00:00,"492,1426876863968","14,47",2,1,2024-04-02
2024-04-02 03:00:00,"497,58053048209507","54,220001",2,1,2024-04-02
2024-04-02 04:00:00,"519,496678933358","426,790009",2,1,2024-04-02
2024-04-02 05:00:00,"594,0152592593857","554,630005",2,1,2024-04-02
2024-04-02 06:00:00,"696,8545717984695","514,130005",2,1,2024-04-02
2024-04-02 07:00:00,"668,4543167797354","350,410004",2,1,2024-04-02
2024-04-02 08:00:00,"551,2526706903426","285,589996",2,1,2024-04-02
2024-04-02 09:00:00,"491,04996084883936","293,130005",2,1,2024-04-02
2024-04-02 10:00:00,"456,85234855334613","298,869995",2,1,2024-04-02
2024-04-02 11:00:00,"409,3868243941021","325,420013",2,1,2024-04-02
2024-04-02 12:00:00,"421,9174859590276","248,970001",2,1,2024-04-02
2024-04-02 13:00:00,"432,8443280288982","187,210007",2,1,2024-04-02
2024-04-02 14:00:00,"503,20609622570475","65,860001",2,1,2024-04-02
2024-04-02 15:00:00,"578,2898617760669","309,23999",2,1,2024-04-02
2024-04-02 16:00:00,"647,6707542581669","542,25",2,1,2024-04-02
2024-04-02 17:00:00,"814,2893609819112","711,48999",2,1,2024-04-02
2024-04-02 18:00:00,"811,4345765189967","707,679993",2,1,2024-04-02
2024-04-02 19:00:00,"691,0594812592826","582,75",2,1,2024-04-02
2024-04-02 20:00:00,"589,9199175335723","558,359985",2,1,2024-04-02
2024-04-02 21:00:00,"545,643650008812","528,669983",2,1,2024-04-02
2024-04-02 22:00:00,"505,7266061502499","552,840027",2,1,2024-04-02
2024-04-02 23:00:00,"477,703697427948","535,090027",2,1,2024-04-02
2024-04-03 00:00:00,"453,8229213185439","522,419983",2,1,2024-04-03
2024-04-03 01:00:00,"454,8923190126737","482,220001",2,1,2024-04-03
2024-04-03 02:00:00,"464,5991633240256","483,929993",2,1,2024-04-03
2024-04-03 03:00:00,"467,45715882895166","512,570007",2,1,2024-04-03
2024-04-03 04:00:00,"514,9076931511437","707,820007",2,1,2024-04-03
2024-04-03 05:00:00,"590,4056434628893","879,48999",2,1,2024-04-03
2024-04-03 06:00:00,"667,0830712479352","879,48999",2,1,2024-04-03
2024-04-03 07:00:00,"642,6335299108224","753,080017",2,1,2024-04-03
2024-04-03 08:00:00,"523,1549772206737","800,590027",2,1,2024-04-03
2024-04-03 09:00:00,"487,73170483253756","677,23999",2,1,2024-04-03
2024-04-03 10:00:00,"464,97400894706857","611,76001",2,1,2024-04-03
2024-04-03 11:00:00,"444,31600207381223","573,349976",2,1,2024-04-03
2024-04-03 12:00:00,"437,06872828293007","544,710022",2,1,2024-04-03
2024-04-03 13:00:00,"447,88972110638196","438,290009",2,1,2024-04-03
2024-04-03 14:00:00,"498,63106486800365","454,700012",2,1,2024-04-03
2024-04-03 15:00:00,"551,372528743205","524,359985",2,1,2024-04-03
2024-04-03 16:00:00,"640,4766230852575","633,909973",2,1,2024-04-03
2024-04-03 17:00:00,"859,7143771885534","794,919983",2,1,2024-04-03
2024-04-03 18:00:00,"761,2993851548155","739,359985",2,1,2024-04-03
2024-04-03 19:00:00,"509,40802859357916","557,169983",2,1,2024-04-03
2024-04-03 20:00:00,"432,92010091619636","458,579987",2,1,2024-04-03
2024-04-03 21:00:00,"400,7741104987275","412,640015",2,1,2024-04-03
2024-04-03 22:00:00,"397,6353728712453","406,619995",2,1,2024-04-03
2024-04-03 23:00:00,"404,2752864086896","387,899994",2,1,2024-04-03
2024-04-04 00:00:00,"402,6579213938634","374,179993",2,1,2024-04-04
2024-04-04 01:00:00,"413,73631993783056","384,619995",2,1,2024-04-04
2024-04-04 02:00:00,"429,114653378746","387,380005",2,1,2024-04-04
2024-04-04 03:00:00,"443,5814834152871","403,339996",2,1,2024-04-04
2024-04-04 04:00:00,"467,4645280671103","454,200012",2,1,2024-04-04
2024-04-04 05:00:00,"475,9888932664952","488,290009",2,1,2024-04-04
2024-04-04 06:00:00,"525,5219010922794","561,830017",2,1,2024-04-04
2024-04-04 07:00:00,"519,5351653716795","535,419983",2,1,2024-04-04
2024-04-04 08:00:00,"483,05153803287027","515,880005",2,1,2024-04-04
2024-04-04 09:00:00,"424,54287255565504","470,309998",2,1,2024-04-04
2024-04-04 10:00:00,"389,9937444787244","433,170013",2,1,2024-04-04
2024-04-04 11:00:00,"346,25868861848005","419,299988",2,1,2024-04-04
2024-04-04 12:00:00,"311,2404912228057","413,850006",2,1,2024-04-04
2024-04-04 13:00:00,"336,8786539400574","418,929993",2,1,2024-04-04
2024-04-04 14:00:00,"368,1887380911799","425,709991",2,1,2024-04-04
2024-04-04 15:00:00,"434,22242495201203","515,210022",2,1,2024-04-04
2024-04-04 16:00:00,"550,3147838643903","562,049988",2,1,2024-04-04
2024-04-04 17:00:00,"659,1169381869022","674,820007",2,1,2024-04-04
2024-04-04 18:00:00,"613,4622283644892","520,580017",2,1,2024-04-04
2024-04-04 19:00:00,"522,7541919212636","460,390015",2,1,2024-04-04
2024-04-04 20:00:00,"446,06224804482696","439,440002",2,1,2024-04-04
2024-04-04 21:00:00,"403,29887188312136","430,109985",2,1,2024-04-04
2024-04-04 22:00:00,"342,55918118649294","394,190002",2,1,2024-04-04
2024-04-04 23:00:00,"315,4952220582362","381,890015",2,1,2024-04-04
2024-04-05 00:00:00,"283,7720400899293","372,559998",2,1,2024-04-05
2024-04-05 01:00:00,"267,3138928905298","357,350006",2,1,2024-04-05
2024-04-05 02:00:00,"270,9735486197357","353,320007",2,1,2024-04-05
2024-04-05 03:00:00,"263,73196142822235","352,720001",2,1,2024-04-05
2024-04-05 04:00:00,"270,84981338414093","448,720001",2,1,2024-04-05
2024-04-05 05:00:00,"310,1152174481272","572,75",2,1,2024-04-05
2024-04-05 06:00:00,"381,67517278459974","596,700012",2,1,2024-04-05
2024-04-05 07:00:00,"384,9322291162715","504,130005",2,1,2024-04-05
2024-04-05 08:00:00,"345,85233982173514","376,660004",2,1,2024-04-05
2024-04-05 09:00:00,"306,258948807868","339,670013",2,1,2024-04-05
2024-04-05 10:00:00,"283,52304916720084","331,390015",2,1,2024-04-05
2024-04-05 11:00:00,"258,18915866610797","298,570007",2,1,2024-04-05
2024-04-05 12:00:00,"262,2724990990869","276,48999",2,1,2024-04-05
2024-04-05 13:00:00,"290,99671633732913","176,699997",2,1,2024-04-05
2024-04-05 14:00:00,"335,60516435531406","60,34",2,1,2024-04-05
2024-04-05 15:00:00,"420,4038777543472","279,399994",2,1,2024-04-05
2024-04-05 16:00:00,"432,41331855619217","370,320007",2,1,2024-04-05
2024-04-05 17:00:00,"395,7128808541121","398,299988",2,1,2024-04-05
2024-04-05 18:00:00,"399,92088841277837","402,170013",2,1,2024-04-05
2024-04-05 19:00:00,"380,7053117678179","398,299988",2,1,2024-04-05
2024-04-05 20:00:00,"383,32301068481235","393,299988",2,1,2024-04-05
2024-04-05 21:00:00,"387,5030782149096","370,100006",2,1,2024-04-05
2024-04-05 22:00:00,"409,72716593712164","315,579987",2,1,2024-04-05
2024-04-05 23:00:00,"421,4959899410211","326,549988",2,1,2024-04-05
2024-04-06 00:00:00,"412,76716387516535","328,190002",2,1,2024-04-06
2024-04-06 01:00:00,"400,411452231466","334,679993",2,1,2024-04-06
2024-04-06 02:00:00,"375,8010463772641","354,369995",2,1,2024-04-06
2024-04-06 03:00:00,"378,1684151347012","359,890015",2,1,2024-04-06
2024-04-06 04:00:00,"401,9914246990539","372,5",2,1,2024-04-06
2024-04-06 05:00:00,"391,96473963842976","382,339996",2,1,2024-04-06
2024-04-06 06:00:00,"372,8203994246215","374,660004",2,1,2024-04-06
2024-04-06 07:00:00,"336,5416181182764","359,890015",2,1,2024-04-06
2024-04-06 08:00:00,"278,648625138926","219,440002",2,1,2024-04-06
2024-04-06 09:00:00,"227,81428435076168","34,310001",2,1,2024-04-06
2024-04-06 10:00:00,"207,94483343535848","123,07",2,1,2024-04-06
2024-04-06 11:00:00,"181,80594819106724","14,92",2,1,2024-04-06
2024-04-06 12:00:00,"94,47473291496662","0,3",2,1,2024-04-06
2024-04-06 13:00:00,"76,49865681702481","0,45",2,1,2024-04-06
2024-04-06 14:00:00,"213,44101070266868","0,75",2,1,2024-04-06
2024-04-06 15:00:00,"270,2172129965135","117,919998",2,1,2024-04-06
2024-04-06 16:00:00,"439,80342897946286","393,079987",2,1,2024-04-06
2024-04-06 17:00:00,"464,51617981711","380,100006",2,1,2024-04-06
2024-04-06 18:00:00,"455,92553667134365","349,670013",2,1,2024-04-06
2024-04-06 19:00:00,"457,5660284418839","326,029999",2,1,2024-04-06
2024-04-06 20:00:00,"433,64308517937667","295,73999",2,1,2024-04-06
2024-04-06 21:00:00,"405,45392556707446","188,410004",2,1,2024-04-06
2024-04-06 22:00:00,"344,6746699590049","81,82",2,1,2024-04-06
2024-04-06 23:00:00,"370,6473029663116","0,67",2,1,2024-04-06
2024-04-07 00:00:00,"340,8567423771123","0,0",2,1,2024-04-07
2024-04-07 01:00:00,"323,2882874253631","0,0",2,1,2024-04-07
2024-04-07 02:00:00,"340,9648324321257","0,0",2,1,2024-04-07
2024-04-07 03:00:00,"342,8641018317826","0,0",2,1,2024-04-07
2024-04-07 04:00:00,"339,38233519970623","0,0",2,1,2024-04-07
2024-04-07 05:00:00,"325,4622792345229","0,0",2,1,2024-04-07
2024-04-07 06:00:00,"321,25731701502605","0,0",2,1,2024-04-07
2024-04-07 07:00:00,"278,5395866055646","-0,07",2,1,2024-04-07
2024-04-07 08:00:00,"248,4438133851856","-1,19",2,1,2024-04-07
2024-04-07 09:00:00,"221,261221942581","-22,450001",2,1,2024-04-07
2024-04-07 10:00:00,"191,40829428856617","-30,58",2,1,2024-04-07
2024-04-07 11:00:00,"152,2805535235461","-48,849998",2,1,2024-04-07
2024-04-07 12:00:00,"149,01708489207323","-74,589996",2,1,2024-04-07
2024-04-07 13:00:00,"158,26525082084365","-37,59",2,1,2024-04-07
2024-04-07 14:00:00,"246,5091165145046","-1,19",2,1,2024-04-07
2024-04-07 15:00:00,"360,29430750743995","31,92",2,1,2024-04-07
2024-04-07 16:00:00,"481,7935267111633","288,799988",2,1,2024-04-07
2024-04-07 17:00:00,"598,5942205609211","343,98999",2,1,2024-04-07
2024-04-07 18:00:00,"555,4751362406425","356,450012",2,1,2024-04-07
2024-04-07 19:00:00,"507,351420110687","359,579987",2,1,2024-04-07
2024-04-07 20:00:00,"480,98841474112453","340,779999",2,1,2024-04-07
2024-04-07 21:00:00,"461,2053033527555","318,859985",2,1,2024-04-07
2024-04-07 22:00:00,"433,1345294039664","308,339996",2,1,2024-04-07
2024-04-07 23:00:00,"417,74544071456455","295,140015",2,1,2024-04-07
2024-04-08 00:00:00,"398,258474145421","292,079987",2,2,2024-04-08
2024-04-08 01:00:00,"403,47391064036304","312,290009",2,2,2024-04-08
2024-04-08 02:00:00,"416,0433661527579","328,480011",2,2,2024-04-08
2024-04-08 03:00:00,"444,91452674239133","334,589996",2,2,2024-04-08
2024-04-08 04:00:00,"502,2305504252697","376,730011",2,2,2024-04-08
2024-04-08 05:00:00,"582,0598102704316","396,5",2,2,2024-04-08
2024-04-08 06:00:00,"643,1218253987638","432,600006",2,2,2024-04-08
2024-04-08 07:00:00,"621,7719477895253","603,25",2,2,2024-04-08
2024-04-08 08:00:00,"525,7096217863921","402,910004",2,2,2024-04-08
2024-04-08 09:00:00,"435,9742581747742","399,480011",2,2,2024-04-08
2024-04-08 10:00:00,"373,5436025349034","397,100006",2,2,2024-04-08
2024-04-08 11:00:00,"358,13368866900913","421,859985",2,2,2024-04-08
2024-04-08 12:00:00,"373,85774888852575","431,779999",2,2,2024-04-08
2024-04-08 13:00:00,"369,82264225157365","395,679993",2,2,2024-04-08
2024-04-08 14:00:00,"400,3936332644949","522,099976",2,2,2024-04-08
2024-04-08 15:00:00,"419,58658869807243","559,469971",2,2,2024-04-08
2024-04-08 16:00:00,"615,672051258508","782,409973",2,2,2024-04-08
2024-04-08 17:00:00,"919,1128647626385","1024,069946",2,2,2024-04-08
2024-04-08 18:00:00,"800,4003823922299","930,830017",2,2,2024-04-08
2024-04-08 19:00:00,"619,3285911826533","632,859985",2,2,2024-04-08
2024-04-08 20:00:00,"462,16822485697736","574,309998",2,2,2024-04-08
2024-04-08 21:00:00,"419,7211673755869","523,52002",2,2,2024-04-08
2024-04-08 22:00:00,"401,60653791767174","583,330017",2,2,2024-04-08
2024-04-08 23:00:00,"398,1940202336588","517,549988",2,2,2024-04-08
2024-04-09 00:00:00,"347,8884137097803","482,790009",2,2,2024-04-09
2024-04-09 01:00:00,"332,66355848468567","440,200012",2,2,2024-04-09
2024-04-09 02:00:00,"332,2303563206204","453,779999",2,2,2024-04-09
2024-04-09 03:00:00,"370,0606779900447","488,390015",2,2,2024-04-09
2024-04-09 04:00:00,"464,7309438963401","575,799988",2,2,2024-04-09
2024-04-09 05:00:00,"536,9855506400924","670,900024",2,2,2024-04-09
2024-04-09 06:00:00,"601,2151815873855","595,039978",2,2,2024-04-09
2024-04-09 07:00:00,"534,1947709575106","509,420013",2,2,2024-04-09
2024-04-09 08:00:00,"386,06789919924853","384,559998",2,2,2024-04-09
2024-04-09 09:00:00,"350,79547039891577","328,029999",2,2,2024-04-09
2024-04-09 10:00:00,"281,8517151550798","268,880005",2,2,2024-04-09
2024-04-09 11:00:00,"262,62052250834523","75,260002",2,2,2024-04-09
2024-04-09 12:00:00,"280,4900979919362","78,309998",2,2,2024-04-09
2024-04-09 13:00:00,"298,83183630489947","216,600006",2,2,2024-04-09
2024-04-09 14:00:00,"355,6407844060268","285,440002",2,2,2024-04-09
2024-04-09 15:00:00,"453,78599028939107","372,179993",2,2,2024-04-09
2024-04-09 16:00:00,"575,8710568088567","390,899994",2,2,2024-04-09
2024-04-09 17:00:00,"657,1644460571453","375,089996",2,2,2024-04-09
2024-04-09 18:00:00,"587,8765982163096","378,970001",2,2,2024-04-09
2024-04-09 19:00:00,"425,1444292717184","359,649994",2,2,2024-04-09
2024-04-09 20:00:00,"425,11959714786707","335,640015",2,2,2024-04-09
2024-04-09 21:00:00,"404,94143735689534","257,619995",2,2,2024-04-09
2024-04-09 22:00:00,"355,8695805291787","96,220001",2,2,2024-04-09
2024-04-09 23:00:00,"344,7233838613695","38,040001",2,2,2024-04-09
2024-04-10 00:00:00,"352,622576397377","37,290001",2,2,2024-04-10
2024-04-10 01:00:00,"341,5722680098528","67,050003",2,2,2024-04-10
2024-04-10 02:00:00,"357,5855741464833","184,229996",2,2,2024-04-10
2024-04-10 03:00:00,"410,98221362134564","261,059998",2,2,2024-04-10
2024-04-10 04:00:00,"445,849505666895","261,130005",2,2,2024-04-10
2024-04-10 05:00:00,"541,5933336449783","302,299988",2,2,2024-04-10
2024-04-10 06:00:00,"672,8378429223864","311,700012",2,2,2024-04-10
2024-04-10 07:00:00,"586,5411256352191","309,390015",2,2,2024-04-10
2024-04-10 08:00:00,"476,8238600780838","309,390015",2,2,2024-04-10
2024-04-10 09:00:00,"403,85353706272275","239,130005",2,2,2024-04-10
2024-04-10 10:00:00,"351,12164381111006","143,279999",2,2,2024-04-10
2024-04-10 11:00:00,"353,8918903923805","66,610001",2,2,2024-04-10
2024-04-10 12:00:00,"348,69454210151713","0,45",2,2,2024-04-10
2024-04-10 13:00:00,"361,25811396026614","2,09",2,2,2024-04-10
2024-04-10 14:00:00,"420,96872861567675","39,529999",2,2,2024-04-10
2024-04-10 15:00:00,"509,45196263929074","122,169998",2,2,2024-04-10
2024-04-10 16:00:00,"632,7634938147035","616,469971",2,2,2024-04-10
2024-04-10 17:00:00,"820,3952098810475","1084,949951",2,2,2024-04-10
2024-04-10 18:00:00,"737,3414066547061","1052,430054",2,2,2024-04-10
2024-04-10 19:00:00,"636,3022354121297","722,380005",2,2,2024-04-10
2024-04-10 20:00:00,"498,54088389751627","392,029999",2,2,2024-04-10
2024-04-10 21:00:00,"487,3644708242499","352,200012",2,2,2024-04-10
2024-04-10 22:00:00,"477,2159730717455","303,440002",2,2,2024-04-10
2024-04-10 23:00:00,"467,4878640046152","198,940002",2,2,2024-04-10
2024-04-11 00:00:00,"432,3887502968636","165,589996",2,2,2024-04-11
2024-04-11 01:00:00,"402,32259538952536","74,519997",2,2,2024-04-11
2024-04-11 02:00:00,"403,5513490484978","59,52",2,2,2024-04-11
2024-04-11 03:00:00,"371,91242675237015","149,179993",2,2,2024-04-11
2024-04-11 04:00:00,"419,2178983075049","192,070007",2,2,2024-04-11
2024-04-11 05:00:00,"451,39817164895993","297,399994",2,2,2024-04-11
2024-04-11 06:00:00,"507,2135153220553","309,929993",2,2,2024-04-11
2024-04-11 07:00:00,"497,55122906103355","223,770004",2,2,2024-04-11
2024-04-11 08:00:00,"459,26281961622533","74,959999",2,2,2024-04-11
2024-04-11 09:00:00,"395,123799966571","6,41",2,2,2024-04-11
2024-04-11 10:00:00,"382,0072327085598","6,79",2,2,2024-04-11
2024-04-11 11:00:00,"334,371815000948","8,21",2,2,2024-04-11
2024-04-11 12:00:00,"306,71031340343603","4,25",2,2,2024-04-11
2024-04-11 13:00:00,"338,09727429296333","96,07",2,2,2024-04-11
2024-04-11 14:00:00,"345,6309148099504","64,75",2,2,2024-04-11
2024-04-11 15:00:00,"432,3507488886934","347,070007",2,2,2024-04-11
2024-04-11 16:00:00,"543,066575747853","711,75",2,2,2024-04-11
2024-04-11 17:00:00,"684,2681598554019","1002,210022",2,2,2024-04-11
2024-04-11 18:00:00,"652,2585641861323","893,609985",2,2,2024-04-11
2024-04-11 19:00:00,"544,1038743358765","679,159973",2,2,2024-04-11
2024-04-11 20:00:00,"479,25199693896246","541,159973",2,2,2024-04-11
2024-04-11 21:00:00,"408,5245091671998","451,059998",2,2,2024-04-11
2024-04-11 22:00:00,"362,917566450876","339,720001",2,2,2024-04-11
2024-04-11 23:00:00,"322,64416940942624","325,029999",2,2,2024-04-11
2024-04-12 00:00:00,"300,5213856793497","331,73999",2,2,2024-04-12
2024-04-12 01:00:00,"285,703599811628","304,51001",2,2,2024-04-12
2024-04-12 02:00:00,"267,1758173149832","298,399994",2,2,2024-04-12
2024-04-12 03:00:00,"284,3339307282514","298,399994",2,2,2024-04-12
2024-04-12 04:00:00,"312,84511981511304","308,019989",2,2,2024-04-12
2024-04-12 05:00:00,"360,903573936442","362,619995",2,2,2024-04-12
2024-04-12 06:00:00,"403,60070134230654","516,75",2,2,2024-04-12
2024-04-12 07:00:00,"363,63145395340666","489,290009",2,2,2024-04-12
2024-04-12 08:00:00,"311,4321182862233","319,730011",2,2,2024-04-12
2024-04-12 09:00:00,"252,7649296481116","140,690002",2,2,2024-04-12
2024-04-12 10:00:00,"215,3755778038755","0,0",2,2,2024-04-12
2024-04-12 11:00:00,"195,83411959561974","-0,52",2,2,2024-04-12
2024-04-12 12:00:00,"167,81366901049955","0,07",2,2,2024-04-12
2024-04-12 13:00:00,"184,49613945589292","1,34",2,2,2024-04-12
2024-04-12 14:00:00,"222,89494190995697","1,64",2,2,2024-04-12
2024-04-12 15:00:00,"393,5587151185943","375,600006",2,2,2024-04-12
2024-04-12 16:00:00,"433,5196013860437","445,279999",2,2,2024-04-12
2024-04-12 17:00:00,"443,11697417520156","370,160004",2,2,2024-04-12
2024-04-12 18:00:00,"399,5128909722111","369,48999",2,2,2024-04-12
2024-04-12 19:00:00,"405,5826234641665","351,429993",2,2,2024-04-12
2024-04-12 20:00:00,"393,8136124340612","342,329987",2,2,2024-04-12
2024-04-12 21:00:00,"419,0457775650528","329,200012",2,2,2024-04-12
2024-04-12 22:00:00,"429,5424742603732","246,039993",2,2,2024-04-12
2024-04-12 23:00:00,"435,8281971573538","193,369995",2,2,2024-04-12
2024-04-13 00:00:00,"412,97277092611114","144,429993",2,2,2024-04-13
2024-04-13 01:00:00,"400,82675732818603","130,779999",2,2,2024-04-13
2024-04-13 02:00:00,"392,92765268232756","130,259995",2,2,2024-04-13
2024-04-13 03:00:00,"395,1487394522602","173,899994",2,2,2024-04-13
2024-04-13 04:00:00,"414,9538578007632","207,619995",2,2,2024-04-13
2024-04-13 05:00:00,"408,50026709607914","251,630005",2,2,2024-04-13
2024-04-13 06:00:00,"368,3541035443144","168,600006",2,2,2024-04-13
2024-04-13 07:00:00,"332,7082288676043","65,650002",2,2,2024-04-13
2024-04-13 08:00:00,"254,88878433664425","-0,15",2,2,2024-04-13
2024-04-13 09:00:00,"184,8111276030184","-30,139999",2,2,2024-04-13
2024-04-13 10:00:00,"101,77275988977398","-59,830002",2,2,2024-04-13
2024-04-13 11:00:00,"-5,191822023626944","-150,699997",2,2,2024-04-13
2024-04-13 12:00:00,"-35,49818736208447","-218,729996",2,2,2024-04-13
2024-04-13 13:00:00,"-63,52312011189113","-235,740005",2,2,2024-04-13
2024-04-13 14:00:00,"73,58433692041154","-142,710007",2,2,2024-04-13
2024-04-13 15:00:00,"225,26819670530978","-1,19",2,2,2024-04-13
2024-04-13 16:00:00,"465,9341069481066","248,949997",2,2,2024-04-13
2024-04-13 17:00:00,"495,4044917545958","373,76001",2,2,2024-04-13
2024-04-13 18:00:00,"470,95211839743087","298,630005",2,2,2024-04-13
2024-04-13 19:00:00,"402,0933865634178","258,5",2,2,2024-04-13
2024-04-13 20:00:00,"343,87534712998837","153,679993",2,2,2024-04-13
2024-04-13 21:00:00,"286,377440031956","52,59",2,2,2024-04-13
2024-04-13 22:00:00,"244,17826309746405","3,21",2,2,2024-04-13
2024-04-13 23:00:00,"224,80060262038864","6,19",2,2,2024-04-13
2024-04-14 00:00:00,"184,1139250148963","6,94",2,2,2024-04-14
2024-04-14 01:00:00,"159,9161594838573","8,43",2,2,2024-04-14
2024-04-14 02:00:00,"157,04059753252844","17,459999",2,2,2024-04-14
2024-04-14 03:00:00,"162,15771976822245","44,389999",2,2,2024-04-14
2024-04-14 04:00:00,"185,71437005801914","95,949997",2,2,2024-04-14
2024-04-14 05:00:00,"176,4980308368114","96,989998",2,2,2024-04-14
2024-04-14 06:00:00,"166,41361952955583","55,279999",2,2,2024-04-14
2024-04-14 07:00:00,"147,18655265703302","0,0",2,2,2024-04-14
2024-04-14 08:00:00,"144,55141615332278","-17,68",2,2,2024-04-14
2024-04-14 09:00:00,"89,52880332083066","-90,800003",2,2,2024-04-14
2024-04-14 10:00:00,"34,222068917791624","-315,070007",2,2,2024-04-14
2024-04-14 11:00:00,"-49,91852332369822","-448,019989",2,2,2024-04-14
2024-04-14 12:00:00,"0,22488370534224658","-447,720001",2,2,2024-04-14
2024-04-14 13:00:00,"81,84106855260869","-298,809998",2,2,2024-04-14
2024-04-14 14:00:00,"129,49284838230383","-46,630001",2,2,2024-04-14
2024-04-14 15:00:00,"232,12520076458057","11,71",2,2,2024-04-14
2024-04-14 16:00:00,"385,55661609697165","407,51001",2,2,2024-04-14
2024-04-14 17:00:00,"433,8227319093995","655,059998",2,2,2024-04-14
2024-04-14 18:00:00,"404,6219508502519","894,619995",2,2,2024-04-14
2024-04-14 19:00:00,"400,98177149232043","840,159973",2,2,2024-04-14
2024-04-14 20:00:00,"413,0296240613047","724,890015",2,2,2024-04-14
2024-04-14 21:00:00,"434,5089104401597","594,549988",2,2,2024-04-14
2024-04-14 22:00:00,"436,7365676444628","410,640015",2,2,2024-04-14
2024-04-14 23:00:00,"426,4662108188197","437,730011",2,2,2024-04-14
2024-04-15 00:00:00,"439,7115802675725","526,359985",2,3,2024-04-15
2024-04-15 01:00:00,"447,1023390636156","491,220001",2,3,2024-04-15
2024-04-15 02:00:00,"466,6980571280873","561,280029",2,3,2024-04-15
2024-04-15 03:00:00,"491,3299019978561","647,150024",2,3,2024-04-15
2024-04-15 04:00:00,"572,7744446895598","863,440002",2,3,2024-04-15
2024-04-15 05:00:00,"696,1610137885897","1261,98999",2,3,2024-04-15
2024-04-15 06:00:00,"721,8517354912741","1143,290039",2,3,2024-04-15
2024-04-15 07:00:00,"611,4250032068765","683,109985",2,3,2024-04-15
2024-04-15 08:00:00,"497,0123621592746","568,809998",2,3,2024-04-15
2024-04-15 09:00:00,"441,2531739313361","425,269989",2,3,2024-04-15
2024-04-15 10:00:00,"362,09752508541493","329,390015",2,3,2024-04-15
2024-04-15 11:00:00,"344,0111019922679","236,809998",2,3,2024-04-15
2024-04-15 12:00:00,"400,52707556527724","96,690002",2,3,2024-04-15
2024-04-15 13:00:00,"354,7593139971897","58,189999",2,3,2024-04-15
2024-04-15 14:00:00,"426,24422397085095","59,610001",2,3,2024-04-15
2024-04-15 15:00:00,"426,7142682826143","345,440002",2,3,2024-04-15
2024-04-15 16:00:00,"566,5385758958619","516,289978",2,3,2024-04-15
2024-04-15 17:00:00,"803,8365697307347","588,809998",2,3,2024-04-15
2024-04-15 18:00:00,"770,1989205870761","574,630005",2,3,2024-04-15
2024-04-15 19:00:00,"556,2837147112068","494,730011",2,3,2024-04-15
2024-04-15 20:00:00,"455,65671081834387","401,170013",2,3,2024-04-15
2024-04-15 21:00:00,"398,67931719200453","254,940002",2,3,2024-04-15
2024-04-15 22:00:00,"393,81181363390476","15,07",2,3,2024-04-15
2024-04-15 23:00:00,"381,9619987096873","0,3",2,3,2024-04-15
2024-04-16 00:00:00,"363,2060997784713","1,04",2,3,2024-04-16
2024-04-16 01:00:00,"340,1950559639692","5,45",2,3,2024-04-16
2024-04-16 02:00:00,"320,3118307027801","130,330002",2,3,2024-04-16
2024-04-16 03:00:00,"418,2599342233667","270,209991",2,3,2024-04-16
2024-04-16 04:00:00,"521,7505512958772","384,880005",2,3,2024-04-16
2024-04-16 05:00:00,"572,1102155711526","554,0",2,3,2024-04-16
2024-04-16 06:00:00,"569,4097575012669","554,0",2,3,2024-04-16
2024-04-16 07:00:00,"468,976439136552","483,5",2,3,2024-04-16
2024-04-16 08:00:00,"318,31236510848976","380,700012",2,3,2024-04-16
2024-04-16 09:00:00,"293,7092841406094","318,109985",2,3,2024-04-16
2024-04-16 10:00:00,"279,4246005642544","298,410004",2,3,2024-04-16
2024-04-16 11:00:00,"204,41244882213974","300,049988",2,3,2024-04-16
2024-04-16 12:00:00,"185,6826177196336","313,929993",2,3,2024-04-16
2024-04-16 13:00:00,"244,35837794752774","362,049988",2,3,2024-04-16
2024-04-16 14:00:00,"306,2578796345263","385,470001",2,3,2024-04-16
2024-04-16 15:00:00,"430,40010585778435","594,359985",2,3,2024-04-16
2024-04-16 16:00:00,"532,9057191440581","693,210022",2,3,2024-04-16
2024-04-16 17:00:00,"630,8371252878356","850,400024",2,3,2024-04-16
2024-04-16 18:00:00,"619,4954683373147","928,960022",2,3,2024-04-16
2024-04-16 19:00:00,"542,1065972242134","779,309998",2,3,2024-04-16
2024-04-16 20:00:00,"520,817488872423","672,169983",2,3,2024-04-16
2024-04-16 21:00:00,"434,51643219563755","627,409973",2,3,2024-04-16
2024-04-16 22:00:00,"413,93428519775284","625,48999",2,3,2024-04-16
2024-04-16 23:00:00,"347,4836387210325","625,48999",2,3,2024-04-16
2024-04-17 00:00:00,"326,39803865125504","606,919983",2,3,2024-04-17
2024-04-17 01:00:00,"370,62472019799816","614,75",2,3,2024-04-17
2024-04-17 02:00:00,"399,3547308005959","618,929993",2,3,2024-04-17
2024-04-17 03:00:00,"452,19286099494036","624,669983",2,3,2024-04-17
2024-04-17 04:00:00,"561,411013602046","816,109985",2,3,2024-04-17
2024-04-17 05:00:00,"711,0915226404725","1268,069946",2,3,2024-04-17
2024-04-17 06:00:00,"740,4033156123222","1157,650024",2,3,2024-04-17
2024-04-17 07:00:00,"637,1565826278448","780,52002",2,3,2024-04-17
2024-04-17 08:00:00,"588,2987682759524","625,940002",2,3,2024-04-17
2024-04-17 09:00:00,"517,1614060747308","596,099976",2,3,2024-04-17
2024-04-17 10:00:00,"481,26908658837203","619,080017",2,3,2024-04-17
2024-04-17 11:00:00,"410,8574405471015","602,960022",2,3,2024-04-17
2024-04-17 12:00:00,"392,6291466781265","579,76001",2,3,2024-04-17
2024-04-17 13:00:00,"445,8421259982908","574,690002",2,3,2024-04-17
2024-04-17 14:00:00,"528,2656023094814","596,840027",2,3,2024-04-17
2024-04-17 15:00:00,"621,0730195434593","648,320007",2,3,2024-04-17
2024-04-17 16:00:00,"723,1158994269292","857,73999",2,3,2024-04-17
2024-04-17 17:00:00,"967,7909606112618","1193,089966",2,3,2024-04-17
2024-04-17 18:00:00,"1010,366964223154","1267,550049",2,3,2024-04-17
2024-04-17 19:00:00,"726,5500258059963","970,320007",2,3,2024-04-17
2024-04-17 20:00:00,"597,1824834794975","738,890015",2,3,2024-04-17
2024-04-17 21:00:00,"554,3709850033769","655,109985",2,3,2024-04-17
2024-04-17 22:00:00,"503,58089657080455","685,150024",2,3,2024-04-17
2024-04-17 23:00:00,"502,35707602228524","652,23999",2,3,2024-04-17
2024-04-18 00:00:00,"472,1709818926088","660,52002",2,3,2024-04-18
2024-04-18 01:00:00,"446,864816786109","654,780029",2,3,2024-04-18
2024-04-18 02:00:00,"444,7302338003076","668,580017",2,3,2024-04-18
2024-04-18 03:00:00,"448,59248448560925","697,380005",2,3,2024-04-18
2024-04-18 04:00:00,"523,0201473100168","909,349976",2,3,2024-04-18
2024-04-18 05:00:00,"555,8687850124753","1162,430054",2,3,2024-04-18
2024-04-18 06:00:00,"516,4021695387609","978,809998",2,3,2024-04-18
2024-04-18 07:00:00,"451,1577235859695","754,460022",2,3,2024-04-18
2024-04-18 08:00:00,"372,9573481038682","673,059998",2,3,2024-04-18
2024-04-18 09:00:00,"316,7037892504355","625,76001",2,3,2024-04-18
2024-04-18 10:00:00,"314,7656194553553","601,659973",2,3,2024-04-18
2024-04-18 11:00:00,"255,69784391617955","575,98999",2,3,2024-04-18
2024-04-18 12:00:00,"225,73449640984592","544,72998",2,3,2024-04-18
2024-04-18 13:00:00,"287,5869289418322","527,48999",2,3,2024-04-18
2024-04-18 14:00:00,"352,80038735217454","528,840027",2,3,2024-04-18
2024-04-18 15:00:00,"477,9018851150585","606,799988",2,3,2024-04-18
2024-04-18 16:00:00,"545,6228702480144","701,559998",2,3,2024-04-18
2024-04-18 17:00:00,"679,9325183303941","934,419983",2,3,2024-04-18
2024-04-18 18:00:00,"682,0052816707498","961,200012",2,3,2024-04-18
2024-04-18 19:00:00,"569,0084433769939","790,27002",2,3,2024-04-18
2024-04-18 20:00:00,"506,9925978779707","670,669983",2,3,2024-04-18
2024-04-18 21:00:00,"426,29127805317034","592,179993",2,3,2024-04-18
2024-04-18 22:00:00,"414,61855619232136","576,090027",2,3,2024-04-18
2024-04-18 23:00:00,"384,7608843448083","453,869995",2,3,2024-04-18
2024-04-19 00:00:00,"367,5290874422143","377,019989",2,3,2024-04-19
2024-04-19 01:00:00,"351,78009593794695","369,109985",2,3,2024-04-19
2024-04-19 02:00:00,"317,15425777343296","357,920013",2,3,2024-04-19
2024-04-19 03:00:00,"344,50243756456655","366,200012",2,3,2024-04-19
2024-04-19 04:00:00,"397,75627690994037","448,570007",2,3,2024-04-19
2024-04-19 05:00:00,"414,3902481583007","515,130005",2,3,2024-04-19
2024-04-19 06:00:00,"471,05189013713624","567,059998",2,3,2024-04-19
2024-04-19 07:00:00,"368,2212754572043","509,609985",2,3,2024-04-19
2024-04-19 08:00:00,"305,8546147039131","449,170013",2,3,2024-04-19
2024-04-19 09:00:00,"244,4175821684384","418,429993",2,3,2024-04-19
2024-04-19 10:00:00,"152,8918707958257","379,859985",2,3,2024-04-19
2024-04-19 11:00:00,"123,82933469666749","350,679993",2,3,2024-04-19
2024-04-19 12:00:00,"100,1852410890559","335,309998",2,3,2024-04-19
2024-04-19 13:00:00,"74,32259555333368","332,480011",2,3,2024-04-19
2024-04-19 14:00:00,"94,90342499162288","379,859985",2,3,2024-04-19
2024-04-19 15:00:00,"392,7232398728574","424,920013",2,3,2024-04-19
2024-04-19 16:00:00,"449,4183767958465","473,720001",2,3,2024-04-19
2024-04-19 17:00:00,"545,7682943442633","475,660004",2,3,2024-04-19
2024-04-19 18:00:00,"632,0281544934016","482,670013",2,3,2024-04-19
2024-04-19 19:00:00,"544,8093735534869","493,940002",2,3,2024-04-19
2024-04-19 20:00:00,"520,5129271249879","477,149994",2,3,2024-04-19
2024-04-19 21:00:00,"485,9892277423591","471,179993",2,3,2024-04-19
2024-04-19 22:00:00,"439,6133172523468","449,529999",2,3,2024-04-19
2024-04-19 23:00:00,"409,248113208805","432,589996",2,3,2024-04-19
2024-04-20 00:00:00,"344,1615176535796","427,809998",2,3,2024-04-20
2024-04-20 01:00:00,"341,1772247494656","430,950012",2,3,2024-04-20
2024-04-20 02:00:00,"344,7721663925633","455,5",2,3,2024-04-20
2024-04-20 03:00:00,"360,17232231404654","468,850006",2,3,2024-04-20
2024-04-20 04:00:00,"388,2579565334933","476,98999",2,3,2024-04-20
2024-04-20 05:00:00,"392,54456647351367","507,279999",2,3,2024-04-20
2024-04-20 06:00:00,"360,73344880282855","485,350006",2,3,2024-04-20
2024-04-20 07:00:00,"299,219731396205","446,98999",2,3,2024-04-20
2024-04-20 08:00:00,"250,94995524212592","373,48999",2,3,2024-04-20
2024-04-20 09:00:00,"203,3073652816751","286,769989",2,3,2024-04-20
2024-04-20 10:00:00,"143,59053713578655","216,179993",2,3,2024-04-20
2024-04-20 11:00:00,"109,41775235184633","92,010002",2,3,2024-04-20
2024-04-20 12:00:00,"119,97050346966721","78,730003",2,3,2024-04-20
2024-04-20 13:00:00,"79,91598561894594","136,779999",2,3,2024-04-20
2024-04-20 14:00:00,"76,57365560420108","279,160004",2,3,2024-04-20
2024-04-20 15:00:00,"256,0039995304022","468,850006",2,3,2024-04-20
2024-04-20 16:00:00,"423,5861457933815","588,77002",2,3,2024-04-20
2024-04-20 17:00:00,"520,5553945585591","668,690002",2,3,2024-04-20
2024-04-20 18:00:00,"524,3985170875407","724,140015",2,3,2024-04-20
2024-04-20 19:00:00,"397,738129345757","673,919983",2,3,2024-04-20
2024-04-20 20:00:00,"364,29727892838883","642,280029",2,3,2024-04-20
2024-04-20 21:00:00,"281,8659768025295","618,619995",2,3,2024-04-20
2024-04-20 22:00:00,"194,59357443912694","610,679993",2,3,2024-04-20
2024-04-20 23:00:00,"220,04875734893804","526,669983",2,3,2024-04-20
2024-04-21 00:00:00,"213,13694792563916","518,76001",2,3,2024-04-21
2024-04-21 01:00:00,"219,27382422326494","480,48999",2,3,2024-04-21
2024-04-21 02:00:00,"207,980072182107","476,609985",2,3,2024-04-21
2024-04-21 03:00:00,"210,53645675034215","474,670013",2,3,2024-04-21
2024-04-21 04:00:00,"237,39539449973904","480,709991",2,3,2024-04-21
2024-04-21 05:00:00,"219,8802838326479","451,609985",2,3,2024-04-21
2024-04-21 06:00:00,"222,04181193658914","454,220001",2,3,2024-04-21
2024-04-21 07:00:00,"166,5901318227002","413,190002",2,3,2024-04-21
2024-04-21 08:00:00,"149,8593692869366","246,139999",2,3,2024-04-21
2024-04-21 09:00:00,"118,12607505524866","275,76001",2,3,2024-04-21
2024-04-21 10:00:00,"48,769059710052105","45,209999",2,3,2024-04-21
2024-04-21 11:00:00,"-36,829653213217576","2,09",2,3,2024-04-21
2024-04-21 12:00:00,"-172,46072501992276","-6,71",2,3,2024-04-21
2024-04-21 13:00:00,"-230,99687711680733","5,6",2,3,2024-04-21
2024-04-21 14:00:00,"97,89749635702975","44,84",2,3,2024-04-21
2024-04-21 15:00:00,"283,3761128126514","434,380005",2,3,2024-04-21
2024-04-21 16:00:00,"515,3669020788594","556,590027",2,3,2024-04-21
2024-04-21 17:00:00,"655,3619117015616","666,710022",2,3,2024-04-21
2024-04-21 18:00:00,"663,2691118419846","710,72998",2,3,2024-04-21
2024-04-21 19:00:00,"619,9064318542564","679,469971",2,3,2024-04-21
2024-04-21 20:00:00,"596,5648500501023","667,080017",2,3,2024-04-21
2024-04-21 21:00:00,"524,5551346945382","660,0",2,3,2024-04-21
2024-04-21 22:00:00,"498,64565982744944","589,190002",2,3,2024-04-21
2024-04-21 23:00:00,"508,8119205341886","582,330017",2,3,2024-04-21
2024-04-22 00:00:00,"425,34802128666007","585,23999",2,4,2024-04-22
2024-04-22 01:00:00,"382,12899192313955","596,280029",2,4,2024-04-22
2024-04-22 02:00:00,"364,3353012187392","595,309998",2,4,2024-04-22
2024-04-22 03:00:00,"367,64405726791176","652,830017",2,4,2024-04-22
2024-04-22 04:00:00,"566,4481898626703","790,109985",2,4,2024-04-22
2024-04-22 05:00:00,"805,1207696758441","975,820007",2,4,2024-04-22
2024-04-22 06:00:00,"699,9951149568269","876,359985",2,4,2024-04-22
2024-04-22 07:00:00,"545,1173236636231","724,090027",2,4,2024-04-22
2024-04-22 08:00:00,"486,005061310896","610,75",2,4,2024-04-22
2024-04-22 09:00:00,"402,3315436022302","606,130005",2,4,2024-04-22
2024-04-22 10:00:00,"317,34458285529803","574,869995",2,4,2024-04-22
2024-04-22 11:00:00,"249,25560522651705","549,650024",2,4,2024-04-22
2024-04-22 12:00:00,"205,65924063846558","553,080017",2,4,2024-04-22
2024-04-22 13:00:00,"212,98161167338463","559,650024",2,4,2024-04-22
2024-04-22 14:00:00,"212,61757708258602","536,440002",2,4,2024-04-22
2024-04-22 15:00:00,"308,454541487083","722,150024",2,4,2024-04-22
2024-04-22 16:00:00,"517,5917155065832","881,880005",2,4,2024-04-22
2024-04-22 17:00:00,"579,1101389115968","1223,969971",2,4,2024-04-22
2024-04-22 18:00:00,"565,8048146869908","1275,52002",2,4,2024-04-22
2024-04-22 19:00:00,"473,1448058024423","970,299988",2,4,2024-04-22
2024-04-22 20:00:00,"393,90894498313503","789,140015",2,4,2024-04-22
2024-04-22 21:00:00,"302,19611209596604","723,640015",2,4,2024-04-22
2024-04-22 22:00:00,"260,6997995385285","658,969971",2,4,2024-04-22
2024-04-22 23:00:00,"199,00819997873066","646,809998",2,4,2024-04-22
2024-04-23 00:00:00,"140,78568284620138","641,289978",2,4,2024-04-23
2024-04-23 01:00:00,"158,07670011743215","637,340027",2,4,2024-04-23
2024-04-23 02:00:00,"209,33980466631405","644,280029",2,4,2024-04-23
2024-04-23 03:00:00,"274,2948900087872","728,890015",2,4,2024-04-23
2024-04-23 04:00:00,"478,18397442500776","905,789978",2,4,2024-04-23
2024-04-23 05:00:00,"557,7011074218559","1352,420044",2,4,2024-04-23
2024-04-23 06:00:00,"544,6608776153843","1016,820007",2,4,2024-04-23
2024-04-23 07:00:00,"438,12102995362477","734,030029",2,4,2024-04-23
2024-04-23 08:00:00,"316,34685782257344","618,309998",2,4,2024-04-23
2024-04-23 09:00:00,"254,51937290722324","576,450012",2,4,2024-04-23
2024-04-23 10:00:00,"224,1371642684036","577,950012",2,4,2024-04-23
2024-04-23 11:00:00,"183,20415552443203","592,27002",2,4,2024-04-23
2024-04-23 12:00:00,"158,46506823215364","586,599976",2,4,2024-04-23
2024-04-23 13:00:00,"226,5833439520476","597,049988",2,4,2024-04-23
2024-04-23 14:00:00,"281,5093405471638","619,429993",2,4,2024-04-23
2024-04-23 15:00:00,"434,9916420547827","671,289978",2,4,2024-04-23
2024-04-23 16:00:00,"533,6272870553316","764,030029",2,4,2024-04-23
2024-04-23 17:00:00,"639,8223326867688","917,799988",2,4,2024-04-23
2024-04-23 18:00:00,"673,5262697258747","933,169983",2,4,2024-04-23
2024-04-23 19:00:00,"578,7440170818305","784,169983",2,4,2024-04-23
2024-04-23 20:00:00,"524,2902381767248","691,880005",2,4,2024-04-23
2024-04-23 21:00:00,"461,89372983327485","608,460022",2,4,2024-04-23
2024-04-23 22:00:00,"414,96519427859386","600,929993",2,4,2024-04-23
2024-04-23 23:00:00,"344,87135091627965","569,150024",2,4,2024-04-23
2024-04-24 00:00:00,"312,8705585693342","566,090027",2,4,2024-04-24
2024-04-24 01:00:00,"304,9488843101864","545,130005",2,4,2024-04-24
2024-04-24 02:00:00,"363,90543291036903","567,289978",2,4,2024-04-24
2024-04-24 03:00:00,"429,6245144583796","610,47998",2,4,2024-04-24
2024-04-24 04:00:00,"491,69881458537094","758,419983",2,4,2024-04-24
2024-04-24 05:00:00,"669,6353314779041","956,200012",2,4,2024-04-24
2024-04-24 06:00:00,"677,3908960621045","798,780029",2,4,2024-04-24
2024-04-24 07:00:00,"625,4569132901221","684,940002",2,4,2024-04-24
2024-04-24 08:00:00,"588,1998775825516","676,960022",2,4,2024-04-24
2024-04-24 09:00:00,"536,5562174816693","659,130005",2,4,2024-04-24
2024-04-24 10:00:00,"531,3009847031732","616,22998",2,4,2024-04-24
2024-04-24 11:00:00,"453,7238126357175","597,5",2,4,2024-04-24
2024-04-24 12:00:00,"405,8095667036498","570,940002",2,4,2024-04-24
2024-04-24 13:00:00,"412,4419180311443","602,130005",2,4,2024-04-24
2024-04-24 14:00:00,"487,13848493130706","605,190002",2,4,2024-04-24
2024-04-24 15:00:00,"575,2402252053255","646,070007",2,4,2024-04-24
2024-04-24 16:00:00,"670,4852714070558","757,530029",2,4,2024-04-24
2024-04-24 17:00:00,"905,5000559559096","1008,640015",2,4,2024-04-24
2024-04-24 18:00:00,"1066,947647048084","1070,119995",2,4,2024-04-24
2024-04-24 19:00:00,"797,6539826479432","903,900024",2,4,2024-04-24
2024-04-24 20:00:00,"613,8005044060719","785,650024",2,4,2024-04-24
2024-04-24 21:00:00,"538,9563452365581","673,0",2,4,2024-04-24
2024-04-24 22:00:00,"534,6065717438627","622,700012",2,4,2024-04-24
2024-04-24 23:00:00,"513,6283468177645","596,599976",2,4,2024-04-24
2024-04-25 00:00:00,"492,88900953770474","576,97998",2,4,2024-04-25
2024-04-25 01:00:00,"472,1524206839155","567,140015",2,4,2024-04-25
2024-04-25 02:00:00,"453,41970412368124","561,099976",2,4,2024-04-25
2024-04-25 03:00:00,"476,88462002004","626,580017",2,4,2024-04-25
2024-04-25 04:00:00,"577,8617804943494","763,940002",2,4,2024-04-25
2024-04-25 05:00:00,"690,0855459617494","962,390015",2,4,2024-04-25
2024-04-25 06:00:00,"635,0631404093554","840,530029",2,4,2024-04-25
2024-04-25 07:00:00,"499,74131290779354","686,830017",2,4,2024-04-25
2024-04-25 08:00:00,"417,98442103264557","596,669983",2,4,2024-04-25
2024-04-25 09:00:00,"366,66377490207327","583,169983",2,4,2024-04-25
2024-04-25 10:00:00,"366,33060869037524","551,26001",2,4,2024-04-25
2024-04-25 11:00:00,"353,05701105698114","512,099976",2,4,2024-04-25
2024-04-25 12:00:00,"349,9752558428093","495,25",2,4,2024-04-25
2024-04-25 13:00:00,"383,1681531288663","516,950012",2,4,2024-04-25
2024-04-25 14:00:00,"424,42394371238044","542,97998",2,4,2024-04-25
2024-04-25 15:00:00,"517,970766902714","595,700012",2,4,2024-04-25
2024-04-25 16:00:00,"582,4533876426945","709,72998",2,4,2024-04-25
2024-04-25 17:00:00,"683,1416673382579","1052,170044",2,4,2024-04-25
2024-04-25 18:00:00,"675,6223465503987","1135,699951",2,4,2024-04-25
2024-04-25 19:00:00,"589,033906485628","847,98999",2,4,2024-04-25
2024-04-25 20:00:00,"545,3746979310124","681,23999",2,4,2024-04-25
2024-04-25 21:00:00,"508,4166616210184","594,659973",2,4,2024-04-25
2024-04-25 22:00:00,"499,6585708361759","595,719971",2,4,2024-04-25
2024-04-25 23:00:00,"465,21585055387936","551,929993",2,4,2024-04-25
2024-04-26 00:00:00,"399,64135937060206","553,429993",2,4,2024-04-26
2024-04-26 01:00:00,"378,5243367853643","552,460022",2,4,2024-04-26
2024-04-26 02:00:00,"353,24838825786435","575,049988",2,4,2024-04-26
2024-04-26 03:00:00,"374,8895434101083","618,909973",2,4,2024-04-26
2024-04-26 04:00:00,"474,94341443690666","697,380005",2,4,2024-04-26
2024-04-26 05:00:00,"508,6734774884262","776,140015",2,4,2024-04-26
2024-04-26 06:00:00,"540,5942347524295","716,469971",2,4,2024-04-26
2024-04-26 07:00:00,"502,1884178082291","604,73999",2,4,2024-04-26
2024-04-26 08:00:00,"374,7606273488527","580,349976",2,4,2024-04-26
2024-04-26 09:00:00,"270,89445317497615","544,099976",2,4,2024-04-26
2024-04-26 10:00:00,"206,08124747493076","524,710022",2,4,2024-04-26
2024-04-26 11:00:00,"186,94053254669103","512,700012",2,4,2024-04-26
2024-04-26 12:00:00,"158,07362713324798","487,570007",2,4,2024-04-26
2024-04-26 13:00:00,"146,75585739437062","521,5",2,4,2024-04-26
2024-04-26 14:00:00,"182,9677089253874","534,780029",2,4,2024-04-26
2024-04-26 15:00:00,"333,8434271729342","600,119995",2,4,2024-04-26
2024-04-26 16:00:00,"445,79688793502106","700,210022",2,4,2024-04-26
2024-04-26 17:00:00,"517,7843761697796","959,25",2,4,2024-04-26
2024-04-26 18:00:00,"553,5069313278542","1018,539978",2,4,2024-04-26
2024-04-26 19:00:00,"493,35677925504547","820,440002",2,4,2024-04-26
2024-04-26 20:00:00,"470,58169489305817","691,47998",2,4,2024-04-26
2024-04-26 21:00:00,"452,1678760435928","658,289978",2,4,2024-04-26
2024-04-26 22:00:00,"376,59541441099327","673,330017",2,4,2024-04-26
2024-04-26 23:00:00,"330,2410150067513","662,960022",2,4,2024-04-26
2024-04-27 00:00:00,"325,10756781130556","645,72998",2,4,2024-04-27
2024-04-27 01:00:00,"328,50402878084265","663,929993",2,4,2024-04-27
2024-04-27 02:00:00,"332,2356174566268","653,940002",2,4,2024-04-27
2024-04-27 03:00:00,"353,4177119957162","625,52002",2,4,2024-04-27
2024-04-27 04:00:00,"374,05235722128486","641,929993",2,4,2024-04-27
2024-04-27 05:00:00,"346,98456977242444","589,429993",2,4,2024-04-27
2024-04-27 06:00:00,"344,831717620083","511,950012",2,4,2024-04-27
2024-04-27 07:00:00,"299,05742482756415","440,51001",2,4,2024-04-27
2024-04-27 08:00:00,"227,6141734198793","284,950012",2,4,2024-04-27
2024-04-27 09:00:00,"191,6220852499695","194,559998",2,4,2024-04-27
2024-04-27 10:00:00,"131,55498652939943","294,640015",2,4,2024-04-27
2024-04-27 11:00:00,"23,539010915019002","308,809998",2,4,2024-04-27
2024-04-27 12:00:00,"0,7258856350633146","182,710007",2,4,2024-04-27
2024-04-27 13:00:00,"-11,63636584714332","75,019997",2,4,2024-04-27
2024-04-27 14:00:00,"37,02978170458772","156,080002",2,4,2024-04-27
2024-04-27 15:00:00,"242,7836828025402","463,700012",2,4,2024-04-27
2024-04-27 16:00:00,"406,5443133089901","642,679993",2,4,2024-04-27
2024-04-27 17:00:00,"486,81876985992943","894,140015",2,4,2024-04-27
2024-04-27 18:00:00,"522,8940920540723","837,23999",2,4,2024-04-27
2024-04-27 19:00:00,"427,9462907685058","633,880005",2,4,2024-04-27
2024-04-27 20:00:00,"343,37354140110835","566,01001",2,4,2024-04-27
2024-04-27 21:00:00,"267,3357700952889","486,440002",2,4,2024-04-27
2024-04-27 22:00:00,"209,26689296151028","420,570007",2,4,2024-04-27
2024-04-27 23:00:00,"158,4481847305928","344,119995",2,4,2024-04-27
2024-04-28 00:00:00,"191,1432255851495","295,350006",2,4,2024-04-28
2024-04-28 01:00:00,"175,09721250642028","235,309998",2,4,2024-04-28
2024-04-28 02:00:00,"187,8047722076999","205,850006",2,4,2024-04-28
2024-04-28 03:00:00,"175,17092910635722","194,289993",2,4,2024-04-28
2024-04-28 04:00:00,"192,44142675191816","74,209999",2,4,2024-04-28
2024-04-28 05:00:00,"156,52801845301823","1,86",2,4,2024-04-28
2024-04-28 06:00:00,"184,51695580572232","1,94",2,4,2024-04-28
2024-04-28 07:00:00,"120,66722899001635","1,64",2,4,2024-04-28
2024-04-28 08:00:00,"96,74780519591305","0,0",2,4,2024-04-28
2024-04-28 09:00:00,"57,2748536154732","-7,16",2,4,2024-04-28
2024-04-28 10:00:00,"-66,88788950679881","-18,049999",2,4,2024-04-28
2024-04-28 11:00:00,"-239,45806324032864","-18,65",2,4,2024-04-28
2024-04-28 12:00:00,"-302,02870506529456","-18,790001",2,4,2024-04-28
2024-04-28 13:00:00,"-88,47476883538641","-15,66",2,4,2024-04-28
2024-04-28 14:00:00,"-94,98357754716929","-15,51",2,4,2024-04-28
2024-04-28 15:00:00,"152,74546592307303","-0,15",2,4,2024-04-28
2024-04-28 16:00:00,"382,67073150726674","189,289993",2,4,2024-04-28
2024-04-28 17:00:00,"478,76120624653976","517,299988",2,4,2024-04-28
2024-04-28 18:00:00,"562,0976563341729","577,640015",2,4,2024-04-28
2024-04-28 19:00:00,"459,18235424452337","583,159973",2,4,2024-04-28
2024-04-28 20:00:00,"430,19649889101845","468,079987",2,4,2024-04-28
2024-04-28 21:00:00,"412,29801112567566","417,890015",2,4,2024-04-28
2024-04-28 22:00:00,"437,089986943117","306,529999",2,4,2024-04-28
2024-04-28 23:00:00,"441,2602037315574","370,75",2,4,2024-04-28
2024-07-01 00:00:00,"540,3503687461492","583,150024",3,1,2024-07-01
2024-07-01 01:00:00,"547,8841041477709","581,809998",3,1,2024-07-01
2024-07-01 02:00:00,"551,1372022512447","564,059998",3,1,2024-07-01
2024-07-01 03:00:00,"636,1888265487534","602,76001",3,1,2024-07-01
2024-07-01 04:00:00,"801,5451152550813","907,349976",3,1,2024-07-01
2024-07-01 05:00:00,"1054,442859212086","1018,109985",3,1,2024-07-01
2024-07-01 06:00:00,"914,8570347872844","963,590027",3,1,2024-07-01
2024-07-01 07:00:00,"643,1713957332705","841,27002",3,1,2024-07-01
2024-07-01 08:00:00,"500,67486954075184","750,289978",3,1,2024-07-01
2024-07-01 09:00:00,"447,0375366566952","642,070007",3,1,2024-07-01
2024-07-01 10:00:00,"365,13289226385774","493,200012",3,1,2024-07-01
2024-07-01 11:00:00,"358,01151489975837","318,609985",3,1,2024-07-01
2024-07-01 12:00:00,"345,34219053745636","258,5",3,1,2024-07-01
2024-07-01 13:00:00,"392,9799890159293","242,759995",3,1,2024-07-01
2024-07-01 14:00:00,"454,4732202413584","231,649994",3,1,2024-07-01
2024-07-01 15:00:00,"580,2026641620472","410,200012",3,1,2024-07-01
2024-07-01 16:00:00,"689,096408702438","538,77002",3,1,2024-07-01
2024-07-01 17:00:00,"1002,7072063617762","733,72998",3,1,2024-07-01
2024-07-01 18:00:00,"1252,7795383371658","791,080017",3,1,2024-07-01
2024-07-01 19:00:00,"1178,3771969945171","939,719971",3,1,2024-07-01
2024-07-01 20:00:00,"844,5226422515133","782,580017",3,1,2024-07-01
2024-07-01 21:00:00,"626,1671370666704","653,700012",3,1,2024-07-01
2024-07-01 22:00:00,"587,9890500751923","593,919983",3,1,2024-07-01
2024-07-01 23:00:00,"538,1205001159544","462,350006",3,1,2024-07-01
2024-07-02 00:00:00,"544,287350425324","375,829987",3,1,2024-07-02
2024-07-02 01:00:00,"538,9100398542697","402,829987",3,1,2024-07-02
2024-07-02 02:00:00,"547,330293112115","343,98999",3,1,2024-07-02
2024-07-02 03:00:00,"606,7210943816942","379,040009",3,1,2024-07-02
2024-07-02 04:00:00,"823,4837686498427","518,070007",3,1,2024-07-02
2024-07-02 05:00:00,"912,7060744851327","496,140015",3,1,2024-07-02
2024-07-02 06:00:00,"722,8196064967088","611,299988",3,1,2024-07-02
2024-07-02 07:00:00,"530,5722143307659","498,970001",3,1,2024-07-02
2024-07-02 08:00:00,"375,7039450133275","293,119995",3,1,2024-07-02
2024-07-02 09:00:00,"281,9480835337562","265,369995",3,1,2024-07-02
2024-07-02 10:00:00,"223,14658934989444","263,51001",3,1,2024-07-02
2024-07-02 11:00:00,"200,68552425433364","257,98999",3,1,2024-07-02
2024-07-02 12:00:00,"195,3222730669683","252,990005",3,1,2024-07-02
2024-07-02 13:00:00,"275,51186883659074","243,070007",3,1,2024-07-02
2024-07-02 14:00:00,"364,8453231285788","249,410004",3,1,2024-07-02
2024-07-02 15:00:00,"463,990823334284","262,170013",3,1,2024-07-02
2024-07-02 16:00:00,"676,0763309215791","261,720001",3,1,2024-07-02
2024-07-02 17:00:00,"842,4546396040174","267,160004",3,1,2024-07-02
2024-07-02 18:00:00,"946,3331644832382","311,98999",3,1,2024-07-02
2024-07-02 19:00:00,"870,1441380055525","436,920013",3,1,2024-07-02
2024-07-02 20:00:00,"740,2295979179802","345,779999",3,1,2024-07-02
2024-07-02 21:00:00,"631,8767303132987","301,100006",3,1,2024-07-02
2024-07-02 22:00:00,"768,476170717082","277,459991",3,1,2024-07-02
2024-07-02 23:00:00,"814,9693396511036","268,809998",3,1,2024-07-02
2024-07-03 00:00:00,"871,7445281439351","267,23999",3,1,2024-07-03
2024-07-03 01:00:00,"1332,752580967486","270,380005",3,1,2024-07-03
2024-07-03 02:00:00,"1377,1510345075649","288,649994",3,1,2024-07-03
2024-07-03 03:00:00,"2056,157003082155","439,309998",3,1,2024-07-03
2024-07-03 04:00:00,"4676,597563692163","647,929993",3,1,2024-07-03
2024-07-03 05:00:00,"2780,717492742591","729,599976",3,1,2024-07-03
2024-07-03 06:00:00,"1281,6228124452623","771,669983",3,1,2024-07-03
2024-07-03 07:00:00,"722,1567944362745","416,709991",3,1,2024-07-03
2024-07-03 08:00:00,"447,03097994841204","323,029999",3,1,2024-07-03
2024-07-03 09:00:00,"343,9075372865073","298,119995",3,1,2024-07-03
2024-07-03 10:00:00,"295,44148019963177","291,859985",3,1,2024-07-03
2024-07-03 11:00:00,"235,43391440439694","296,179993",3,1,2024-07-03
2024-07-03 12:00:00,"218,15849888978963","306,100006",3,1,2024-07-03
2024-07-03 13:00:00,"306,09121279956474","317,220001",3,1,2024-07-03
2024-07-03 14:00:00,"399,2279070793776","376,660004",3,1,2024-07-03
2024-07-03 15:00:00,"515,1456911263491","590,5",3,1,2024-07-03
2024-07-03 16:00:00,"919,1115441638116","697,830017",3,1,2024-07-03
2024-07-03 17:00:00,"2029,1931522378177","831,27002",3,1,2024-07-03
2024-07-03 18:00:00,"4952,430572520727","1149,969971",3,1,2024-07-03
2024-07-03 19:00:00,"3256,509060348854","784,130005",3,1,2024-07-03
2024-07-03 20:00:00,"1544,3854135384795","655,23999",3,1,2024-07-03
2024-07-03 21:00:00,"1481,907494626099","513,900024",3,1,2024-07-03
2024-07-03 22:00:00,"767,1354827115024","436,329987",3,1,2024-07-03
2024-07-03 23:00:00,"643,1846381348959","228,75",3,1,2024-07-03
2024-07-04 00:00:00,"582,2640905553791","154,240005",3,1,2024-07-04
2024-07-04 01:00:00,"560,5695170993292","130,149994",3,1,2024-07-04
2024-07-04 02:00:00,"511,71811566383064","70,779999",3,1,2024-07-04
2024-07-04 03:00:00,"454,7253292688936","74,730003",3,1,2024-07-04
2024-07-04 04:00:00,"562,4443978042432","197,429993",3,1,2024-07-04
2024-07-04 05:00:00,"794,149883944086","223,759995",3,1,2024-07-04
2024-07-04 06:00:00,"821,1871657994916","235,910004",3,1,2024-07-04
2024-07-04 07:00:00,"619,9160134090112","168,940002",3,1,2024-07-04
2024-07-04 08:00:00,"465,65509836097607","14,17",3,1,2024-07-04
2024-07-04 09:00:00,"387,0420128720612","0,0",3,1,2024-07-04
2024-07-04 10:00:00,"362,2446540882651","-0,3",3,1,2024-07-04
2024-07-04 11:00:00,"339,9901199293593","-37,52",3,1,2024-07-04
2024-07-04 12:00:00,"343,7480440339896","-142,380005",3,1,2024-07-04
2024-07-04 13:00:00,"409,057202860525","-100,470001",3,1,2024-07-04
2024-07-04 14:00:00,"378,22898456891056","-39,599998",3,1,2024-07-04
2024-07-04 15:00:00,"533,5534083420098","-0,22",3,1,2024-07-04
2024-07-04 16:00:00,"690,4220658348783","50,490002",3,1,2024-07-04
2024-07-04 17:00:00,"927,1956061587586","216,300003",3,1,2024-07-04
2024-07-04 18:00:00,"1391,2019995331523","336,160004",3,1,2024-07-04
2024-07-04 19:00:00,"1194,8903509923566","289,320007",3,1,2024-07-04
2024-07-04 20:00:00,"824,0264759612986","288,5",3,1,2024-07-04
2024-07-04 21:00:00,"678,5859621925819","284,170013",3,1,2024-07-04
2024-07-04 22:00:00,"598,4108922773235","51,610001",3,1,2024-07-04
2024-07-04 23:00:00,"476,4976717248767","36,02",3,1,2024-07-04
2024-07-05 00:00:00,"452,4783096349108","29,83",3,1,2024-07-05
2024-07-05 01:00:00,"447,25483813552773","19,91",3,1,2024-07-05
2024-07-05 02:00:00,"412,82620479008614","21,780001",3,1,2024-07-05
2024-07-05 03:00:00,"394,8735456478121","42,66",3,1,2024-07-05
2024-07-05 04:00:00,"540,5230858741155","149,100006",3,1,2024-07-05
2024-07-05 05:00:00,"636,2789302121145","216,970001",3,1,2024-07-05
2024-07-05 06:00:00,"532,945793459544","234,720001",3,1,2024-07-05
2024-07-05 07:00:00,"492,545381278217","138,429993",3,1,2024-07-05
2024-07-05 08:00:00,"420,28939351035496","22,0",3,1,2024-07-05
2024-07-05 09:00:00,"371,7563642263537","3,06",3,1,2024-07-05
2024-07-05 10:00:00,"326,72688949819764","-0,3",3,1,2024-07-05
2024-07-05 11:00:00,"327,60717870346224","-4,1",3,1,2024-07-05
2024-07-05 12:00:00,"260,26731745461154","-5,74",3,1,2024-07-05
2024-07-05 13:00:00,"274,3601244215472","-0,22",3,1,2024-07-05
2024-07-05 14:00:00,"299,23122327379923","14,4",3,1,2024-07-05
2024-07-05 15:00:00,"371,57447107725477","125,379997",3,1,2024-07-05
2024-07-05 16:00:00,"427,52793800480185","186,839996",3,1,2024-07-05
2024-07-05 17:00:00,"545,8100526576437","273,730011",3,1,2024-07-05
2024-07-05 18:00:00,"593,7975682233977","282,01001",3,1,2024-07-05
2024-07-05 19:00:00,"626,7724351334657","447,959991",3,1,2024-07-05
2024-07-05 20:00:00,"526,9434253937728","618,02002",3,1,2024-07-05
2024-07-05 21:00:00,"509,56416833788325","633,609985",3,1,2024-07-05
2024-07-05 22:00:00,"491,5197018241457","637,890015",3,1,2024-07-05
2024-07-05 23:00:00,"494,97091922904343","492,73999",3,1,2024-07-05
2024-07-06 00:00:00,"473,83200134334203","473,799988",3,1,2024-07-06
2024-07-06 01:00:00,"455,09035440718185","346,540009",3,1,2024-07-06
2024-07-06 02:00:00,"438,42916083940963","288,070007",3,1,2024-07-06
2024-07-06 03:00:00,"394,02871091339586","117,029999",3,1,2024-07-06
2024-07-06 04:00:00,"391,92541160279546","42,740002",3,1,2024-07-06
2024-07-06 05:00:00,"355,4135689764182","40,049999",3,1,2024-07-06
2024-07-06 06:00:00,"303,6471523984209","25,360001",3,1,2024-07-06
2024-07-06 07:00:00,"210,42624970666964","2,39",3,1,2024-07-06
2024-07-06 08:00:00,"109,95834385515595","-0,3",3,1,2024-07-06
2024-07-06 09:00:00,"73,0516587661007","-0,15",3,1,2024-07-06
2024-07-06 10:00:00,"77,17610582982745","-0,22",3,1,2024-07-06
2024-07-06 11:00:00,"92,16221669123435","-0,9",3,1,2024-07-06
2024-07-06 12:00:00,"105,35895195386513","-16,26",3,1,2024-07-06
2024-07-06 13:00:00,"152,95458238321447","-20,209999",3,1,2024-07-06
2024-07-06 14:00:00,"113,16241665842207","-4,48",3,1,2024-07-06
2024-07-06 15:00:00,"247,29254604896525","-0,45",3,1,2024-07-06
2024-07-06 16:00:00,"475,9063636267096","14,02",3,1,2024-07-06
2024-07-06 17:00:00,"620,5053664459227","1,64",3,1,2024-07-06
2024-07-06 18:00:00,"694,9448540739297","49,900002",3,1,2024-07-06
2024-07-06 19:00:00,"625,640378727889","70,110001",3,1,2024-07-06
2024-07-06 20:00:00,"544,3355915731125","134,259995",3,1,2024-07-06
2024-07-06 21:00:00,"465,2135473684795","104,580002",3,1,2024-07-06
2024-07-06 22:00:00,"383,9464186981514","-0,22",3,1,2024-07-06
2024-07-06 23:00:00,"349,18212034159546","-0,75",3,1,2024-07-06
2024-07-07 00:00:00,"327,28660130418973","-5,97",3,1,2024-07-07
2024-07-07 01:00:00,"317,40993712404867","-3,58",3,1,2024-07-07
2024-07-07 02:00:00,"329,4154689329345","-0,45",3,1,2024-07-07
2024-07-07 03:00:00,"291,8441196373893","-0,07",3,1,2024-07-07
2024-07-07 04:00:00,"276,7954924108007","-0,07",3,1,2024-07-07
2024-07-07 05:00:00,"163,99909290438936","-0,07",3,1,2024-07-07
2024-07-07 06:00:00,"129,09146684057123","-4,47",3,1,2024-07-07
2024-07-07 07:00:00,"101,71925998901249","-48,400002",3,1,2024-07-07
2024-07-07 08:00:00,"58,01223307857979","-74,43",3,1,2024-07-07
2024-07-07 09:00:00,"48,76033473059848","-89,800003",3,1,2024-07-07
2024-07-07 10:00:00,"29,299159199731083","-100,610001",3,1,2024-07-07
2024-07-07 11:00:00,"72,54674821893113","-112,019997",3,1,2024-07-07
2024-07-07 12:00:00,"85,84395006091695","-156,470001",3,1,2024-07-07
2024-07-07 13:00:00,"69,746021178496","-90,989998",3,1,2024-07-07
2024-07-07 14:00:00,"69,25050267871212","-45,939999",3,1,2024-07-07
2024-07-07 15:00:00,"197,3168950135471","-0,6",3,1,2024-07-07
2024-07-07 16:00:00,"441,3300230584503","477,23999",3,1,2024-07-07
2024-07-07 17:00:00,"615,3017630089427","673,23999",3,1,2024-07-07
2024-07-07 18:00:00,"782,4099894349067","890,48999",3,1,2024-07-07
2024-07-07 19:00:00,"827,103738321257","947,549988",3,1,2024-07-07
2024-07-07 20:00:00,"813,1955149371506","859,169983",3,1,2024-07-07
2024-07-07 21:00:00,"683,483930129109","724,400024",3,1,2024-07-07
2024-07-07 22:00:00,"678,5847755474516","608,72998",3,1,2024-07-07
2024-07-07 23:00:00,"592,4107310093268","571,659973",3,1,2024-07-07
2024-07-08 00:00:00,"584,478803187002","552,48999",3,2,2024-07-08
2024-07-08 01:00:00,"592,9049373063706","579,640015",3,2,2024-07-08
2024-07-08 02:00:00,"591,2621211029598","568,900024",3,2,2024-07-08
2024-07-08 03:00:00,"678,8227319406211","592,469971",3,2,2024-07-08
2024-07-08 04:00:00,"914,5633212530423","820,390015",3,2,2024-07-08
2024-07-08 05:00:00,"1024,6958050332948","924,580017",3,2,2024-07-08
2024-07-08 06:00:00,"897,7000920537208","750,580017",3,2,2024-07-08
2024-07-08 07:00:00,"666,9989954411093","578,820007",3,2,2024-07-08
2024-07-08 08:00:00,"569,6511836404951","402,209991",3,2,2024-07-08
2024-07-08 09:00:00,"471,5553428406675","286,609985",3,2,2024-07-08
2024-07-08 10:00:00,"390,46427421383294","237,089996",3,2,2024-07-08
2024-07-08 11:00:00,"373,38026274365967","219,639999",3,2,2024-07-08
2024-07-08 12:00:00,"329,83367506871565","220,460007",3,2,2024-07-08
2024-07-08 13:00:00,"367,1456334244529","274,079987",3,2,2024-07-08
2024-07-08 14:00:00,"444,341425430773","477,320007",3,2,2024-07-08
2024-07-08 15:00:00,"588,3796889533243","598,140015",3,2,2024-07-08
2024-07-08 16:00:00,"676,2059965348939","765,419983",3,2,2024-07-08
2024-07-08 17:00:00,"1012,287843796081","1006,840027",3,2,2024-07-08
2024-07-08 18:00:00,"1519,699011212805","1857,140015",3,2,2024-07-08
2024-07-08 19:00:00,"1151,356591635841","1295,390015",3,2,2024-07-08
2024-07-08 20:00:00,"872,5540904490329","847,609985",3,2,2024-07-08
2024-07-08 21:00:00,"674,1335110336272","686,289978",3,2,2024-07-08
2024-07-08 22:00:00,"667,9289080490884","787,049988",3,2,2024-07-08
2024-07-08 23:00:00,"629,9264876136673","715,73999",3,2,2024-07-08
2024-07-09 00:00:00,"635,5402378874146","694,26001",3,2,2024-07-09
2024-07-09 01:00:00,"633,1158750946496","679,789978",3,2,2024-07-09
2024-07-09 02:00:00,"639,3743053656003","653,840027",3,2,2024-07-09
2024-07-09 03:00:00,"665,2525158346953","722,22998",3,2,2024-07-09
2024-07-09 04:00:00,"882,3313200629274","830,76001",3,2,2024-07-09
2024-07-09 05:00:00,"880,9629249299151","773,919983",3,2,2024-07-09
2024-07-09 06:00:00,"753,5815363743476","701,119995",3,2,2024-07-09
2024-07-09 07:00:00,"592,4256606067692","501,679993",3,2,2024-07-09
2024-07-09 08:00:00,"497,8419517071584","347,799988",3,2,2024-07-09
2024-07-09 09:00:00,"400,0759131300162","251,440002",3,2,2024-07-09
2024-07-09 10:00:00,"352,3272992058975","163,720001",3,2,2024-07-09
2024-07-09 11:00:00,"337,74416238808044","119,190002",3,2,2024-07-09
2024-07-09 12:00:00,"307,5929744857151","32,369999",3,2,2024-07-09
2024-07-09 13:00:00,"347,6939393452569","82,639999",3,2,2024-07-09
2024-07-09 14:00:00,"461,3847280343964","400,76001",3,2,2024-07-09
2024-07-09 15:00:00,"542,8090698535117","609,309998",3,2,2024-07-09
2024-07-09 16:00:00,"755,1245340933779","740,429993",3,2,2024-07-09
2024-07-09 17:00:00,"1012,5876925215126","822,47998",3,2,2024-07-09
2024-07-09 18:00:00,"986,6398972821021","841,349976",3,2,2024-07-09
2024-07-09 19:00:00,"897,5126583929078","748,26001",3,2,2024-07-09
2024-07-09 20:00:00,"750,1643598044428","338,779999",3,2,2024-07-09
2024-07-09 21:00:00,"619,3605188779759","301,779999",3,2,2024-07-09
2024-07-09 22:00:00,"777,0485531385928","243,110001",3,2,2024-07-09
2024-07-09 23:00:00,"750,7566442216676","246,089996",3,2,2024-07-09
2024-07-10 00:00:00,"806,7890598083723","224,009995",3,2,2024-07-10
2024-07-10 01:00:00,"1177,7432911994515","214,320007",3,2,2024-07-10
2024-07-10 02:00:00,"1349,4742404383214","223,789993",3,2,2024-07-10
2024-07-10 03:00:00,"2268,104783784165","243,779999",3,2,2024-07-10
2024-07-10 04:00:00,"4836,450520530912","300,700012",3,2,2024-07-10
2024-07-10 05:00:00,"2681,5120429861063","325,089996",3,2,2024-07-10
2024-07-10 06:00:00,"1363,3938285066995","622,809998",3,2,2024-07-10
2024-07-10 07:00:00,"754,3512217568183","586,109985",3,2,2024-07-10
2024-07-10 08:00:00,"503,4773118850634","484,880005",3,2,2024-07-10
2024-07-10 09:00:00,"385,94941172107457","416,029999",3,2,2024-07-10
2024-07-10 10:00:00,"337,3508605258708","351,570007",3,2,2024-07-10
2024-07-10 11:00:00,"310,0340704646065","304,059998",3,2,2024-07-10
2024-07-10 12:00:00,"294,18035046890833","392,149994",3,2,2024-07-10
2024-07-10 13:00:00,"348,7664902107632","394,690002",3,2,2024-07-10
2024-07-10 14:00:00,"411,5005404946379","441,089996",3,2,2024-07-10
2024-07-10 15:00:00,"573,1978264995289","597,820007",3,2,2024-07-10
2024-07-10 16:00:00,"1009,1161099117313","595,059998",3,2,2024-07-10
2024-07-10 17:00:00,"2023,0052868740186","743,880005",3,2,2024-07-10
2024-07-10 18:00:00,"4871,543838746404","872,780029",3,2,2024-07-10
2024-07-10 19:00:00,"3125,2762079798736","1122,75",3,2,2024-07-10
2024-07-10 20:00:00,"1480,745493290122","850,179993",3,2,2024-07-10
2024-07-10 21:00:00,"1438,030370616207","693,150024",3,2,2024-07-10
2024-07-10 22:00:00,"742,9656767416789","716,380005",3,2,2024-07-10
2024-07-10 23:00:00,"536,0327720145589","596,48999",3,2,2024-07-10
2024-07-11 00:00:00,"458,84017353435667","574,919983",3,2,2024-07-11
2024-07-11 01:00:00,"437,8866781451897","593,869995",3,2,2024-07-11
2024-07-11 02:00:00,"408,60841855099676","599,169983",3,2,2024-07-11
2024-07-11 03:00:00,"381,2247664406942","611,630005",3,2,2024-07-11
2024-07-11 04:00:00,"648,9249013379413","801,72998",3,2,2024-07-11
2024-07-11 05:00:00,"631,6507394533136","895,289978",3,2,2024-07-11
2024-07-11 06:00:00,"633,5148908579187","794,789978",3,2,2024-07-11
2024-07-11 07:00:00,"471,89332482225365","664,830017",3,2,2024-07-11
2024-07-11 08:00:00,"345,0113033487735","602,01001",3,2,2024-07-11
2024-07-11 09:00:00,"297,36162111415393","496,880005",3,2,2024-07-11
2024-07-11 10:00:00,"283,5358886434743","428,540009",3,2,2024-07-11
2024-07-11 11:00:00,"268,08753428445084","355,880005",3,2,2024-07-11
2024-07-11 12:00:00,"162,47275277146525","331,850006",3,2,2024-07-11
2024-07-11 13:00:00,"232,54706795474783","373,779999",3,2,2024-07-11
2024-07-11 14:00:00,"285,6271542425853","454,959991",3,2,2024-07-11
2024-07-11 15:00:00,"460,22950308686296","611,109985",3,2,2024-07-11
2024-07-11 16:00:00,"512,6195669669006","683,25",3,2,2024-07-11
2024-07-11 17:00:00,"643,0705159599327","872,909973",3,2,2024-07-11
2024-07-11 18:00:00,"1090,3622809989647","1375,23999",3,2,2024-07-11
2024-07-11 19:00:00,"1022,9746826286276","1244,0",3,2,2024-07-11
2024-07-11 20:00:00,"780,8487292880949","907,150024",3,2,2024-07-11
2024-07-11 21:00:00,"634,7832030103001","732,049988",3,2,2024-07-11
2024-07-11 22:00:00,"558,804844823584","764,130005",3,2,2024-07-11
2024-07-11 23:00:00,"514,5849355191435","651,400024",3,2,2024-07-11
2024-07-12 00:00:00,"487,70678639456554","609,619995",3,2,2024-07-12
2024-07-12 01:00:00,"466,4998757635961","596,710022",3,2,2024-07-12
2024-07-12 02:00:00,"438,99375314373776","570,0",3,2,2024-07-12
2024-07-12 03:00:00,"454,04495093927477","592,159973",3,2,2024-07-12
2024-07-12 04:00:00,"586,6759154845696","805,309998",3,2,2024-07-12
2024-07-12 05:00:00,"660,535010456867","820,080017",3,2,2024-07-12
2024-07-12 06:00:00,"598,676395481099","817,690002",3,2,2024-07-12
2024-07-12 07:00:00,"462,34547432292595","763,97998",3,2,2024-07-12
2024-07-12 08:00:00,"326,23236011933625","715,26001",3,2,2024-07-12
2024-07-12 09:00:00,"234,60014885738198","670,200012",3,2,2024-07-12
2024-07-12 10:00:00,"201,17082639853572","621,099976",3,2,2024-07-12
2024-07-12 11:00:00,"234,15631203237206","586,409973",3,2,2024-07-12
2024-07-12 12:00:00,"183,92832070552407","582,22998",3,2,2024-07-12
2024-07-12 13:00:00,"234,99511513783028","583,349976",3,2,2024-07-12
2024-07-12 14:00:00,"253,38903085071678","624,159973",3,2,2024-07-12
2024-07-12 15:00:00,"325,81947647910783","589,400024",3,2,2024-07-12
2024-07-12 16:00:00,"478,5172289812004","671,840027",3,2,2024-07-12
2024-07-12 17:00:00,"601,118595222785","720,849976",3,2,2024-07-12
2024-07-12 18:00:00,"740,9070226268497","683,400024",3,2,2024-07-12
2024-07-12 19:00:00,"809,0979256518449","705,859985",3,2,2024-07-12
2024-07-12 20:00:00,"705,4534795116591","639,090027",3,2,2024-07-12
2024-07-12 21:00:00,"598,7681739126792","522,330017",3,2,2024-07-12
2024-07-12 22:00:00,"503,59859814079164","251,740005",3,2,2024-07-12
2024-07-12 23:00:00,"444,3777969431383","242,940002",3,2,2024-07-12
2024-07-13 00:00:00,"470,53678968574786","259,869995",3,2,2024-07-13
2024-07-13 01:00:00,"433,5579506381601","247,710007",3,2,2024-07-13
2024-07-13 02:00:00,"416,6184036974029","243,610001",3,2,2024-07-13
2024-07-13 03:00:00,"349,02559002914796","231,149994",3,2,2024-07-13
2024-07-13 04:00:00,"359,6260848828086","227,860001",3,2,2024-07-13
2024-07-13 05:00:00,"330,090939927401","207,570007",3,2,2024-07-13
2024-07-13 06:00:00,"279,89682453283825","198,470001",3,2,2024-07-13
2024-07-13 07:00:00,"204,47403787787636","156,460007",3,2,2024-07-13
2024-07-13 08:00:00,"99,634020157874","38,5",3,2,2024-07-13
2024-07-13 09:00:00,"59,31283601879893","0,3",3,2,2024-07-13
2024-07-13 10:00:00,"59,614412116417355","-0,07",3,2,2024-07-13
2024-07-13 11:00:00,"90,38818337364549","-6,49",3,2,2024-07-13
2024-07-13 12:00:00,"92,62992568064021","-6,04",3,2,2024-07-13
2024-07-13 13:00:00,"158,17996767836397","-0,45",3,2,2024-07-13
2024-07-13 14:00:00,"103,83795508514253","10,52",3,2,2024-07-13
2024-07-13 15:00:00,"257,06286804327965","-0,07",3,2,2024-07-13
2024-07-13 16:00:00,"461,38214653526563","214,660004",3,2,2024-07-13
2024-07-13 17:00:00,"561,3948849154212","375,519989",3,2,2024-07-13
2024-07-13 18:00:00,"649,2225439769403","562,950012",3,2,2024-07-13
2024-07-13 19:00:00,"590,393889380173","568,98999",3,2,2024-07-13
2024-07-13 20:00:00,"556,1486614725417","588,23999",3,2,2024-07-13
2024-07-13 21:00:00,"472,41776516689583","470,049988",3,2,2024-07-13
2024-07-13 22:00:00,"398,03584126905145","663,700012",3,2,2024-07-13
2024-07-13 23:00:00,"349,5168092224554","471,48999",3,2,2024-07-13
2024-07-14 00:00:00,"335,14505546180993","413,73999",3,2,2024-07-14
2024-07-14 01:00:00,"331,73357767323057","330,540009",3,2,2024-07-14
2024-07-14 02:00:00,"323,73666853116373","283,01001",3,2,2024-07-14
2024-07-14 03:00:00,"318,11750970186307","274,660004",3,2,2024-07-14
2024-07-14 04:00:00,"309,7131865375922","238,470001",3,2,2024-07-14
2024-07-14 05:00:00,"197,27066464598775","106,550003",3,2,2024-07-14
2024-07-14 06:00:00,"131,1509503242494","2,16",3,2,2024-07-14
2024-07-14 07:00:00,"85,45884533771637","-17,09",3,2,2024-07-14
2024-07-14 08:00:00,"44,78349575675434","-22,530001",3,2,2024-07-14
2024-07-14 09:00:00,"44,054780943785936","-25,370001",3,2,2024-07-14
2024-07-14 10:00:00,"43,02594484784486","-31,49",3,2,2024-07-14
2024-07-14 11:00:00,"64,72943689359555","-38,5",3,2,2024-07-14
2024-07-14 12:00:00,"66,62660967065453","-47,830002",3,2,2024-07-14
2024-07-14 13:00:00,"58,75480977122584","-39,990002",3,2,2024-07-14
2024-07-14 14:00:00,"46,38729963740303","-75,809998",3,2,2024-07-14
2024-07-14 15:00:00,"220,47865265724545","-0,37",3,2,2024-07-14
2024-07-14 16:00:00,"423,56315067419257","347,26001",3,2,2024-07-14
2024-07-14 17:00:00,"538,9973453600539","654,820007",3,2,2024-07-14
2024-07-14 18:00:00,"825,0917259826795","841,650024",3,2,2024-07-14
2024-07-14 19:00:00,"787,7289855985973","806,059998",3,2,2024-07-14
2024-07-14 20:00:00,"706,2619892160869","789,719971",3,2,2024-07-14
2024-07-14 21:00:00,"573,4610702005417","649,590027",3,2,2024-07-14
2024-07-14 22:00:00,"585,1678926785676","592,070007",3,2,2024-07-14
2024-07-14 23:00:00,"523,3616072480186","494,25",3,2,2024-07-14
2024-07-15 00:00:00,"527,0968195304534","434,029999",3,3,2024-07-15
2024-07-15 01:00:00,"523,3322250936084","361,059998",3,3,2024-07-15
2024-07-15 02:00:00,"527,1020018285942","388,73999",3,3,2024-07-15
2024-07-15 03:00:00,"589,6262015700652","482,160004",3,3,2024-07-15
2024-07-15 04:00:00,"708,6152706040582","482,609985",3,3,2024-07-15
2024-07-15 05:00:00,"770,3535688230181","482,380005",3,3,2024-07-15
2024-07-15 06:00:00,"752,7967029576025","482,079987",3,3,2024-07-15
2024-07-15 07:00:00,"623,220672836548","299,200012",3,3,2024-07-15
2024-07-15 08:00:00,"516,1921776497193","265,029999",3,3,2024-07-15
2024-07-15 09:00:00,"401,27435518377087","84,239998",3,3,2024-07-15
2024-07-15 10:00:00,"344,4832693183947","0,52",3,3,2024-07-15
2024-07-15 11:00:00,"315,57361408088735","-0,07",3,3,2024-07-15
2024-07-15 12:00:00,"288,54583499282734","-0,52",3,3,2024-07-15
2024-07-15 13:00:00,"332,9326539917192","26,41",3,3,2024-07-15
2024-07-15 14:00:00,"407,04351925361755","330,470001",3,3,2024-07-15
2024-07-15 15:00:00,"507,6471488491584","611,840027",3,3,2024-07-15
2024-07-15 16:00:00,"599,679194091473","853,219971",3,3,2024-07-15
2024-07-15 17:00:00,"754,7030620862007","1389,619995",3,3,2024-07-15
2024-07-15 18:00:00,"1240,1235494169612","1598,540039",3,3,2024-07-15
2024-07-15 19:00:00,"1114,2732750073194","1050,27002",3,3,2024-07-15
2024-07-15 20:00:00,"834,8020102099122","690,030029",3,3,2024-07-15
2024-07-15 21:00:00,"654,6551826679865","597,659973",3,3,2024-07-15
2024-07-15 22:00:00,"666,8457443807587","571,47998",3,3,2024-07-15
2024-07-15 23:00:00,"636,8187991011347","475,829987",3,3,2024-07-15
2024-07-16 00:00:00,"636,7727166081232","391,660004",3,3,2024-07-16
2024-07-16 01:00:00,"633,8298336450903","274,73999",3,3,2024-07-16
2024-07-16 02:00:00,"628,3900630987523","284,730011",3,3,2024-07-16
2024-07-16 03:00:00,"679,4828797551668","375,470001",3,3,2024-07-16
2024-07-16 04:00:00,"806,873622131243","531,859985",3,3,2024-07-16
2024-07-16 05:00:00,"817,8184466623978","593,049988",3,3,2024-07-16
2024-07-16 06:00:00,"731,4921298169427","568,349976",3,3,2024-07-16
2024-07-16 07:00:00,"544,5190230617535","468,359985",3,3,2024-07-16
2024-07-16 08:00:00,"429,7882995863935","160,350006",3,3,2024-07-16
2024-07-16 09:00:00,"354,4648554951785","10,67",3,3,2024-07-16
2024-07-16 10:00:00,"288,8203963483435","15,15",3,3,2024-07-16
2024-07-16 11:00:00,"250,84402341188908","98,489998",3,3,2024-07-16
2024-07-16 12:00:00,"223,06203387762034","30,290001",3,3,2024-07-16
2024-07-16 13:00:00,"259,76525133555856","10,97",3,3,2024-07-16
2024-07-16 14:00:00,"408,359909510935","-0,07",3,3,2024-07-16
2024-07-16 15:00:00,"548,377586364986","165,050003",3,3,2024-07-16
2024-07-16 16:00:00,"653,0641126491491","470,230011",3,3,2024-07-16
2024-07-16 17:00:00,"876,1976682083599","611,780029",3,3,2024-07-16
2024-07-16 18:00:00,"985,9768468095355","907,330017",3,3,2024-07-16
2024-07-16 19:00:00,"838,3492641926","852,710022",3,3,2024-07-16
2024-07-16 20:00:00,"731,7509627339354","789,51001",3,3,2024-07-16
2024-07-16 21:00:00,"592,5267130942931","629,090027",3,3,2024-07-16
2024-07-16 22:00:00,"904,8178184416801","652,109985",3,3,2024-07-16
2024-07-16 23:00:00,"883,6257161168663","544,52002",3,3,2024-07-16
2024-07-17 00:00:00,"1035,7148160003253","543,330017",3,3,2024-07-17
2024-07-17 01:00:00,"1334,074651343863","526,23999",3,3,2024-07-17
2024-07-17 02:00:00,"1399,8754642682688","530,119995",3,3,2024-07-17
2024-07-17 03:00:00,"2489,8557650077796","577,799988",3,3,2024-07-17
2024-07-17 04:00:00,"4937,282120736178","671,880005",3,3,2024-07-17
2024-07-17 05:00:00,"3124,268540274651","744,330017",3,3,2024-07-17
2024-07-17 06:00:00,"1500,0802022208782","788,650024",3,3,2024-07-17
2024-07-17 07:00:00,"801,7784217664137","575,559998",3,3,2024-07-17
2024-07-17 08:00:00,"563,0836679793948","434,170013",3,3,2024-07-17
2024-07-17 09:00:00,"378,859884596082","311,51001",3,3,2024-07-17
2024-07-17 10:00:00,"326,8074097873425","243,160004",3,3,2024-07-17
2024-07-17 11:00:00,"321,34866428247466","163,029999",3,3,2024-07-17
2024-07-17 12:00:00,"337,6122967250184","80,580002",3,3,2024-07-17
2024-07-17 13:00:00,"412,56399333734714","100,5",3,3,2024-07-17
2024-07-17 14:00:00,"442,44570430505337","290,089996",3,3,2024-07-17
2024-07-17 15:00:00,"581,2204416716492","460,209991",3,3,2024-07-17
2024-07-17 16:00:00,"867,7156768127367","618,76001",3,3,2024-07-17
2024-07-17 17:00:00,"1633,003706973643","797,530029",3,3,2024-07-17
2024-07-17 18:00:00,"2096,9308878271945","984,280029",3,3,2024-07-17
2024-07-17 19:00:00,"2673,1378425862854","1044,790039",3,3,2024-07-17
2024-07-17 20:00:00,"1395,4475804746535","857,369995",3,3,2024-07-17
2024-07-17 21:00:00,"1400,879365304593","687,700012",3,3,2024-07-17
2024-07-17 22:00:00,"750,0967631582187","506,570007",3,3,2024-07-17
2024-07-17 23:00:00,"546,8896588241262","544,679993",3,3,2024-07-17
2024-07-18 00:00:00,"473,5208796912151","493,589996",3,3,2024-07-18
2024-07-18 01:00:00,"445,9067976429007","491,200012",3,3,2024-07-18
2024-07-18 02:00:00,"425,4627658721876","466,880005",3,3,2024-07-18
2024-07-18 03:00:00,"363,39165973978214","298,369995",3,3,2024-07-18
2024-07-18 04:00:00,"525,780342944263","650,309998",3,3,2024-07-18
2024-07-18 05:00:00,"602,4131508449722","704,909973",3,3,2024-07-18
2024-07-18 06:00:00,"552,5000444742125","506,269989",3,3,2024-07-18
2024-07-18 07:00:00,"467,26741370143554","351,339996",3,3,2024-07-18
2024-07-18 08:00:00,"336,8872527950683","270,779999",3,3,2024-07-18
2024-07-18 09:00:00,"287,10694236060937","253,470001",3,3,2024-07-18
2024-07-18 10:00:00,"254,55345822984256","253,25",3,3,2024-07-18
2024-07-18 11:00:00,"215,254878086095","252,800003",3,3,2024-07-18
2024-07-18 12:00:00,"144,89513157507926","254,360001",3,3,2024-07-18
2024-07-18 13:00:00,"196,720596188948","260,929993",3,3,2024-07-18
2024-07-18 14:00:00,"238,26900569663408","197,080002",3,3,2024-07-18
2024-07-18 15:00:00,"344,09462528893","637,630005",3,3,2024-07-18
2024-07-18 16:00:00,"455,30699629285164","686,26001",3,3,2024-07-18
2024-07-18 17:00:00,"533,9786091091626","952,26001",3,3,2024-07-18
2024-07-18 18:00:00,"1012,2991108803589","1382,819946",3,3,2024-07-18
2024-07-18 19:00:00,"1083,9925241284755","1318,290039",3,3,2024-07-18
2024-07-18 20:00:00,"810,746040094104","891,690002",3,3,2024-07-18
2024-07-18 21:00:00,"611,7844154130473","760,26001",3,3,2024-07-18
2024-07-18 22:00:00,"557,9813117455053","672,26001",3,3,2024-07-18
2024-07-18 23:00:00,"480,5091409945485","600,200012",3,3,2024-07-18
2024-07-19 00:00:00,"458,1488783504549","596,169983",3,3,2024-07-19
2024-07-19 01:00:00,"442,6217819474068","583,47998",3,3,2024-07-19
2024-07-19 02:00:00,"417,2041063758526","606,390015",3,3,2024-07-19
2024-07-19 03:00:00,"470,91100677492227","667,039978",3,3,2024-07-19
2024-07-19 04:00:00,"627,9835857819173","827,289978",3,3,2024-07-19
2024-07-19 05:00:00,"637,8198801172105","810,72998",3,3,2024-07-19
2024-07-19 06:00:00,"570,3061039792999","734,109985",3,3,2024-07-19
2024-07-19 07:00:00,"444,0208859474103","607,51001",3,3,2024-07-19
2024-07-19 08:00:00,"313,9651284422245","522,22998",3,3,2024-07-19
2024-07-19 09:00:00,"222,15605742340807","438,299988",3,3,2024-07-19
2024-07-19 10:00:00,"205,29289708663117","330,799988",3,3,2024-07-19
2024-07-19 11:00:00,"183,47141850014947","272,309998",3,3,2024-07-19
2024-07-19 12:00:00,"157,1224551028714","270,070007",3,3,2024-07-19
2024-07-19 13:00:00,"182,95478170449599","317,369995",3,3,2024-07-19
2024-07-19 14:00:00,"246,0231693188536","475,899994",3,3,2024-07-19
2024-07-19 15:00:00,"276,2547551158629","576,98999",3,3,2024-07-19
2024-07-19 16:00:00,"444,64652271054257","683,460022",3,3,2024-07-19
2024-07-19 17:00:00,"579,6428909053694","888,099976",3,3,2024-07-19
2024-07-19 18:00:00,"750,3032750465522","1358,410034",3,3,2024-07-19
2024-07-19 19:00:00,"868,7303930489303","895,26001",3,3,2024-07-19
2024-07-19 20:00:00,"759,5895723333025","797,22998",3,3,2024-07-19
2024-07-19 21:00:00,"667,200044580715","683,01001",3,3,2024-07-19
2024-07-19 22:00:00,"607,7748004481165","706,789978",3,3,2024-07-19
2024-07-19 23:00:00,"570,4192386596642","667,099976",3,3,2024-07-19
2024-07-20 00:00:00,"527,0111481427286","658,440002",3,3,2024-07-20
2024-07-20 01:00:00,"469,1699445241067","670,599976",3,3,2024-07-20
2024-07-20 02:00:00,"442,0597597674953","703,130005",3,3,2024-07-20
2024-07-20 03:00:00,"382,5317152365875","699,849976",3,3,2024-07-20
2024-07-20 04:00:00,"349,3507856698278","665,159973",3,3,2024-07-20
2024-07-20 05:00:00,"310,5205180510595","641,580017",3,3,2024-07-20
2024-07-20 06:00:00,"240,7750704510169","508,850006",3,3,2024-07-20
2024-07-20 07:00:00,"147,7699278976237","371,559998",3,3,2024-07-20
2024-07-20 08:00:00,"86,61414962889104","38,419998",3,3,2024-07-20
2024-07-20 09:00:00,"46,083179772088215","0,0",3,3,2024-07-20
2024-07-20 10:00:00,"107,83783234517344","-1,57",3,3,2024-07-20
2024-07-20 11:00:00,"141,49425141125323","0,15",3,3,2024-07-20
2024-07-20 12:00:00,"128,3483510095806","-1,87",3,3,2024-07-20
2024-07-20 13:00:00,"160,2581616311097","-20,219999",3,3,2024-07-20
2024-07-20 14:00:00,"147,07869147466943","18,059999",3,3,2024-07-20
2024-07-20 15:00:00,"233,3223815415034","390,140015",3,3,2024-07-20
2024-07-20 16:00:00,"315,566838562168","634,190002",3,3,2024-07-20
2024-07-20 17:00:00,"416,1603874118794","817,440002",3,3,2024-07-20
2024-07-20 18:00:00,"494,350029729998","1005,380005",3,3,2024-07-20
2024-07-20 19:00:00,"483,4020231301168","811,840027",3,3,2024-07-20
2024-07-20 20:00:00,"476,57276939807326","627,47998",3,3,2024-07-20
2024-07-20 21:00:00,"425,99930248635127","555,929993",3,3,2024-07-20
2024-07-20 22:00:00,"399,751459661458","474,790009",3,3,2024-07-20
2024-07-20 23:00:00,"336,4593612435884","420,089996",3,3,2024-07-20
2024-07-21 00:00:00,"314,2553633171835","411,880005",3,3,2024-07-21
2024-07-21 01:00:00,"315,34908404722347","450,540009",3,3,2024-07-21
2024-07-21 02:00:00,"287,19369700343634","496,570007",3,3,2024-07-21
2024-07-21 03:00:00,"252,18434273516633","561,419983",3,3,2024-07-21
2024-07-21 04:00:00,"183,86255664120793","480,529999",3,3,2024-07-21
2024-07-21 05:00:00,"133,4983757487589","421,809998",3,3,2024-07-21
2024-07-21 06:00:00,"85,26240369544328","363,230011",3,3,2024-07-21
2024-07-21 07:00:00,"54,63671492173725","78,870003",3,3,2024-07-21
2024-07-21 08:00:00,"91,08812099738658","0,52",3,3,2024-07-21
2024-07-21 09:00:00,"112,92761434192954","0,22",3,3,2024-07-21
2024-07-21 10:00:00,"151,20175436057607","0,15",3,3,2024-07-21
2024-07-21 11:00:00,"412,7392870408148","-0,45",3,3,2024-07-21
2024-07-21 12:00:00,"482,1100530002302","-1,34",3,3,2024-07-21
2024-07-21 13:00:00,"538,0080840610874","0,3",3,3,2024-07-21
2024-07-21 14:00:00,"160,16786331741403","0,82",3,3,2024-07-21
2024-07-21 15:00:00,"180,34720125876797","446,279999",3,3,2024-07-21
2024-07-21 16:00:00,"378,76220421325337","600,289978",3,3,2024-07-21
2024-07-21 17:00:00,"529,7217527474378","807,880005",3,3,2024-07-21
2024-07-21 18:00:00,"742,6774054944432","841,150024",3,3,2024-07-21
2024-07-21 19:00:00,"813,594387059239","919,950012",3,3,2024-07-21
2024-07-21 20:00:00,"785,3555895366793","814,590027",3,3,2024-07-21
2024-07-21 21:00:00,"678,4108570220129","672,73999",3,3,2024-07-21
2024-07-21 22:00:00,"618,7032464502305","901,669983",3,3,2024-07-21
2024-07-21 23:00:00,"542,5709519515927","721,02002",3,3,2024-07-21
2024-07-22 00:00:00,"507,74458297027684","648,27002",3,4,2024-07-22
2024-07-22 01:00:00,"530,1679148529976","648,640015",3,4,2024-07-22
2024-07-22 02:00:00,"520,7936363041918","610,659973",3,4,2024-07-22
2024-07-22 03:00:00,"538,7839139225816","591,859985",3,4,2024-07-22
2024-07-22 04:00:00,"631,4572476501412","811,159973",3,4,2024-07-22
2024-07-22 05:00:00,"730,2610967704942","896,070007",3,4,2024-07-22
2024-07-22 06:00:00,"690,805486569997","852,719971",3,4,2024-07-22
2024-07-22 07:00:00,"557,3553950303123","703,929993",3,4,2024-07-22
2024-07-22 08:00:00,"462,7114719932092","473,290009",3,4,2024-07-22
2024-07-22 09:00:00,"360,528472325956","291,600006",3,4,2024-07-22
2024-07-22 10:00:00,"291,30528762840135","191,089996",3,4,2024-07-22
2024-07-22 11:00:00,"251,6059796747169","174,300003",3,4,2024-07-22
2024-07-22 12:00:00,"215,03520816102082","144,830002",3,4,2024-07-22
2024-07-22 13:00:00,"254,15504927013126","152,070007",3,4,2024-07-22
2024-07-22 14:00:00,"343,4300187383835","170,279999",3,4,2024-07-22
2024-07-22 15:00:00,"388,0652982046246","463,820007",3,4,2024-07-22
2024-07-22 16:00:00,"510,7660486636156","603,719971",3,4,2024-07-22
2024-07-22 17:00:00,"967,8170950824414","739,0",3,4,2024-07-22
2024-07-22 18:00:00,"1416,57679405692","1043,660034",3,4,2024-07-22
2024-07-22 19:00:00,"1040,4130610715433","1046,569946",3,4,2024-07-22
2024-07-22 20:00:00,"757,4713237694906","828,539978",3,4,2024-07-22
2024-07-22 21:00:00,"625,6376944959327","712,73999",3,4,2024-07-22
2024-07-22 22:00:00,"640,6536427839573","618,22998",3,4,2024-07-22
2024-07-22 23:00:00,"595,5491015414378","559,349976",3,4,2024-07-22
2024-07-23 00:00:00,"557,4990900811016","547,630005",3,4,2024-07-23
2024-07-23 01:00:00,"512,7099796766232","508,380005",3,4,2024-07-23
2024-07-23 02:00:00,"499,9275341833146","526,52002",3,4,2024-07-23
2024-07-23 03:00:00,"553,3362558791625","549,799988",3,4,2024-07-23
2024-07-23 04:00:00,"701,1438264187923","745,450012",3,4,2024-07-23
2024-07-23 05:00:00,"736,7240716043397","865,590027",3,4,2024-07-23
2024-07-23 06:00:00,"668,022631325013","824,179993",3,4,2024-07-23
2024-07-23 07:00:00,"519,1182932672953","651,359985",3,4,2024-07-23
2024-07-23 08:00:00,"380,0875972956349","513,909973",3,4,2024-07-23
2024-07-23 09:00:00,"309,3021434212001","457,940002",3,4,2024-07-23
2024-07-23 10:00:00,"279,84217631812066","324,0",3,4,2024-07-23
2024-07-23 11:00:00,"219,57146946569583","285,720001",3,4,2024-07-23
2024-07-23 12:00:00,"228,8200796932121","268,709991",3,4,2024-07-23
2024-07-23 13:00:00,"221,3127508923854","313,100006",3,4,2024-07-23
2024-07-23 14:00:00,"303,80151677679527","483,980011",3,4,2024-07-23
2024-07-23 15:00:00,"455,6118363173668","593,450012",3,4,2024-07-23
2024-07-23 16:00:00,"608,6493515814143","596,359985",3,4,2024-07-23
2024-07-23 17:00:00,"803,2896703514758","716,570007",3,4,2024-07-23
2024-07-23 18:00:00,"927,6060625464735","872,530029",3,4,2024-07-23
2024-07-23 19:00:00,"812,3673650925393","761,200012",3,4,2024-07-23
2024-07-23 20:00:00,"736,3796840930621","740,450012",3,4,2024-07-23
2024-07-23 21:00:00,"571,1653550627194","683,369995",3,4,2024-07-23
2024-07-23 22:00:00,"499,2818379410484","623,359985",3,4,2024-07-23
2024-07-23 23:00:00,"451,16350796146014","584,419983",3,4,2024-07-23
2024-07-24 00:00:00,"455,1127940316715","541,369995",3,4,2024-07-24
2024-07-24 01:00:00,"441,9744724600099","549,130005",3,4,2024-07-24
2024-07-24 02:00:00,"438,59142801882115","423,630005",3,4,2024-07-24
2024-07-24 03:00:00,"462,7332287804149","299,179993",3,4,2024-07-24
2024-07-24 04:00:00,"530,1677339680596","323,429993",3,4,2024-07-24
2024-07-24 05:00:00,"565,9992638070449","336,190002",3,4,2024-07-24
2024-07-24 06:00:00,"537,265964250203","429,079987",3,4,2024-07-24
2024-07-24 07:00:00,"453,9119190359578","270,23999",3,4,2024-07-24
2024-07-24 08:00:00,"436,97935474311055","186,520004",3,4,2024-07-24
2024-07-24 09:00:00,"389,27639663431637","158,100006",3,4,2024-07-24
2024-07-24 10:00:00,"353,3887628945059","11,79",3,4,2024-07-24
2024-07-24 11:00:00,"309,1201397489452","-1,12",3,4,2024-07-24
2024-07-24 12:00:00,"289,84601020595846","-15,37",3,4,2024-07-24
2024-07-24 13:00:00,"312,9915301444503","-14,62",3,4,2024-07-24
2024-07-24 14:00:00,"372,73161852072815","16,49",3,4,2024-07-24
2024-07-24 15:00:00,"478,30181875572674","292,98999",3,4,2024-07-24
2024-07-24 16:00:00,"533,2665231500293","387,149994",3,4,2024-07-24
2024-07-24 17:00:00,"828,8571227015774","668,5",3,4,2024-07-24
2024-07-24 18:00:00,"1143,5002243088136","809,659973",3,4,2024-07-24
2024-07-24 19:00:00,"1060,0781988535869","881,210022",3,4,2024-07-24
2024-07-24 20:00:00,"759,8087942154345","813,320007",3,4,2024-07-24
2024-07-24 21:00:00,"590,5837440081649","631,570007",3,4,2024-07-24
2024-07-24 22:00:00,"547,2963049983292","624,570007",3,4,2024-07-24
2024-07-24 23:00:00,"448,0488918574103","578,299988",3,4,2024-07-24
2024-07-25 00:00:00,"438,15943952965995","567,859985",3,4,2024-07-25
2024-07-25 01:00:00,"419,4703134174108","596,359985",3,4,2024-07-25
2024-07-25 02:00:00,"417,5204812546275","570,090027",3,4,2024-07-25
2024-07-25 03:00:00,"440,6215479929228","690,460022",3,4,2024-07-25
2024-07-25 04:00:00,"522,3763162243854","792,159973",3,4,2024-07-25
2024-07-25 05:00:00,"584,2802561722867","813,580017",3,4,2024-07-25
2024-07-25 06:00:00,"551,7323643575893","678,890015",3,4,2024-07-25
2024-07-25 07:00:00,"457,0240534030688","537,109985",3,4,2024-07-25
2024-07-25 08:00:00,"354,66748283706636","411,0",3,4,2024-07-25
2024-07-25 09:00:00,"310,71086848572264","275,720001",3,4,2024-07-25
2024-07-25 10:00:00,"285,3189111418518","181,399994",3,4,2024-07-25
2024-07-25 11:00:00,"211,4677303994332","129,539993",3,4,2024-07-25
2024-07-25 12:00:00,"150,78243742385462","99,019997",3,4,2024-07-25
2024-07-25 13:00:00,"237,31935746997402","195,5",3,4,2024-07-25
2024-07-25 14:00:00,"285,96666680632694","401,450012",3,4,2024-07-25
2024-07-25 15:00:00,"369,77182543632404","596,960022",3,4,2024-07-25
2024-07-25 16:00:00,"415,557177682522","723,809998",3,4,2024-07-25
2024-07-25 17:00:00,"619,0425978708686","894,690002",3,4,2024-07-25
2024-07-25 18:00:00,"1012,5288840251781","1106,609985",3,4,2024-07-25
2024-07-25 19:00:00,"1114,0338996250994","969,830017",3,4,2024-07-25
2024-07-25 20:00:00,"804,7605182991341","746,200012",3,4,2024-07-25
2024-07-25 21:00:00,"597,2380834540145","633,890015",3,4,2024-07-25
2024-07-25 22:00:00,"483,751207849619","604,460022",3,4,2024-07-25
2024-07-25 23:00:00,"426,3944631301827","548,48999",3,4,2024-07-25
2024-07-26 00:00:00,"381,25953341891517","559,76001",3,4,2024-07-26
2024-07-26 01:00:00,"351,9448655985309","576,849976",3,4,2024-07-26
2024-07-26 02:00:00,"344,24317576054614","573,859985",3,4,2024-07-26
2024-07-26 03:00:00,"355,6063058311274","596,919983",3,4,2024-07-26
2024-07-26 04:00:00,"427,55320010587343","608,109985",3,4,2024-07-26
2024-07-26 05:00:00,"520,2456183377652","795,940002",3,4,2024-07-26
2024-07-26 06:00:00,"569,1654148175824","776,840027",3,4,2024-07-26
2024-07-26 07:00:00,"455,261418440502","722,590027",3,4,2024-07-26
2024-07-26 08:00:00,"400,1645319459218","675,570007",3,4,2024-07-26
2024-07-26 09:00:00,"376,2605108213186","607,070007",3,4,2024-07-26
2024-07-26 10:00:00,"336,12616000580783","522,369995",3,4,2024-07-26
2024-07-26 11:00:00,"305,02149174210103","471,029999",3,4,2024-07-26
2024-07-26 12:00:00,"300,9797109747829","449,160004",3,4,2024-07-26
2024-07-26 13:00:00,"308,54464445317785","508,48999",3,4,2024-07-26
2024-07-26 14:00:00,"367,47159063442666","543,559998",3,4,2024-07-26
2024-07-26 15:00:00,"404,51793936556874","660,580017",3,4,2024-07-26
2024-07-26 16:00:00,"536,3580212361117","704,01001",3,4,2024-07-26
2024-07-26 17:00:00,"720,1902863470207","804,380005",3,4,2024-07-26
2024-07-26 18:00:00,"951,9918266855319","1068,98999",3,4,2024-07-26
2024-07-26 19:00:00,"830,2271150615774","1037,280029",3,4,2024-07-26
2024-07-26 20:00:00,"715,8889097946624","793,929993",3,4,2024-07-26
2024-07-26 21:00:00,"597,5227386470037","730,650024",3,4,2024-07-26
2024-07-26 22:00:00,"558,7582609784199","775,22998",3,4,2024-07-26
2024-07-26 23:00:00,"509,868440136531","768,890015",3,4,2024-07-26
2024-07-27 00:00:00,"476,2596253045083","723,070007",3,4,2024-07-27
2024-07-27 01:00:00,"446,83811566892956","710,080017",3,4,2024-07-27
2024-07-27 02:00:00,"424,594338504973","690,01001",3,4,2024-07-27
2024-07-27 03:00:00,"381,0379649929031","673,070007",3,4,2024-07-27
2024-07-27 04:00:00,"351,74165546884836","649,929993",3,4,2024-07-27
2024-07-27 05:00:00,"317,35947995156573","615,01001",3,4,2024-07-27
2024-07-27 06:00:00,"270,9661233537572","632,02002",3,4,2024-07-27
2024-07-27 07:00:00,"151,80744951103878","505,0",3,4,2024-07-27
2024-07-27 08:00:00,"107,61868050094037","453,589996",3,4,2024-07-27
2024-07-27 09:00:00,"69,922523930501","297,76001",3,4,2024-07-27
2024-07-27 10:00:00,"82,6968162907759","208,960007",3,4,2024-07-27
2024-07-27 11:00:00,"83,39017032516","132,839996",3,4,2024-07-27
2024-07-27 12:00:00,"80,87649305002053","133,729996",3,4,2024-07-27
2024-07-27 13:00:00,"132,62597747418303","261,350006",3,4,2024-07-27
2024-07-27 14:00:00,"99,59608691136746","505,380005",3,4,2024-07-27
2024-07-27 15:00:00,"149,88255937692318","649,710022",3,4,2024-07-27
2024-07-27 16:00:00,"314,0413351302835","783,369995",3,4,2024-07-27
2024-07-27 17:00:00,"379,8264910310013","863,140015",3,4,2024-07-27
2024-07-27 18:00:00,"457,31166237274","908,669983",3,4,2024-07-27
2024-07-27 19:00:00,"460,9203966378561","909,109985",3,4,2024-07-27
2024-07-27 20:00:00,"447,35609589743535","806,719971",3,4,2024-07-27
2024-07-27 21:00:00,"368,435232505557","730,900024",3,4,2024-07-27
2024-07-27 22:00:00,"365,4740445114947","820,820007",3,4,2024-07-27
2024-07-27 23:00:00,"317,59003828289553","709,780029",3,4,2024-07-27
2024-07-28 00:00:00,"302,1707039302609","658,280029",3,4,2024-07-28
2024-07-28 01:00:00,"268,39544106873126","608,429993",3,4,2024-07-28
2024-07-28 02:00:00,"293,97816639483136","586,119995",3,4,2024-07-28
2024-07-28 03:00:00,"311,8360649602941","591,48999",3,4,2024-07-28
2024-07-28 04:00:00,"243,4196366109715","563,659973",3,4,2024-07-28
2024-07-28 05:00:00,"122,86010086554181","541,869995",3,4,2024-07-28
2024-07-28 06:00:00,"152,56330736276294","190,220001",3,4,2024-07-28
2024-07-28 07:00:00,"85,96788320992745","36,720001",3,4,2024-07-28
2024-07-28 08:00:00,"66,58920048957313","0,0",3,4,2024-07-28
2024-07-28 09:00:00,"30,15316789790473","-18,129999",3,4,2024-07-28
2024-07-28 10:00:00,"11,332910640022389","-112,239998",3,4,2024-07-28
2024-07-28 11:00:00,"87,78644806041328","-222,389999",3,4,2024-07-28
2024-07-28 12:00:00,"159,74147978201944","-363,359985",3,4,2024-07-28
2024-07-28 13:00:00,"360,16405152350296","-250,220001",3,4,2024-07-28
2024-07-28 14:00:00,"98,24857840810913","-99,099998",3,4,2024-07-28
2024-07-28 15:00:00,"257,09377091449886","-14,85",3,4,2024-07-28
2024-07-28 16:00:00,"368,17220186946565","181,570007",3,4,2024-07-28
2024-07-28 17:00:00,"409,69627124438034","443,209991",3,4,2024-07-28
2024-07-28 18:00:00,"705,8519731316508","588,580017",3,4,2024-07-28
2024-07-28 19:00:00,"684,6060471542664","579,630005",3,4,2024-07-28
2024-07-28 20:00:00,"586,8101126009826","589,400024",3,4,2024-07-28
2024-07-28 21:00:00,"466,41980270444225","566,200012",3,4,2024-07-28
2024-07-28 22:00:00,"477,29888809394805","513,659973",3,4,2024-07-28
2024-07-28 23:00:00,"462,27502113183556","508,959991",3,4,2024-07-28
2024-09-30 00:00:00,"226,12953894898862","62,630001",4,1,2024-09-30
2024-09-30 01:00:00,"313,9525584650951","41,23",4,1,2024-09-30
2024-09-30 02:00:00,"339,86352429420776","41,830002",4,1,2024-09-30
2024-09-30 03:00:00,"388,9536560830656","126,599998",4,1,2024-09-30
2024-09-30 04:00:00,"507,47569500665713","314,869995",4,1,2024-09-30
2024-09-30 05:00:00,"455,1274568716322","597,22998",4,1,2024-09-30
2024-09-30 06:00:00,"789,8215628962523","597,22998",4,1,2024-09-30
2024-09-30 07:00:00,"661,2967653709827","447,359985",4,1,2024-09-30
2024-09-30 08:00:00,"321,09523837585306","272,73999",4,1,2024-09-30
2024-09-30 09:00:00,"324,6303658403112","155,910004",4,1,2024-09-30
2024-09-30 10:00:00,"312,038219745784","69,190002",4,1,2024-09-30
2024-09-30 11:00:00,"281,14742352728035","15,36",4,1,2024-09-30
2024-09-30 12:00:00,"298,601876300492","56,889999",4,1,2024-09-30
2024-09-30 13:00:00,"316,4900349273284","163,740005",4,1,2024-09-30
2024-09-30 14:00:00,"274,64400323528065","180,360001",4,1,2024-09-30
2024-09-30 15:00:00,"337,00225599913443","243,960007",4,1,2024-09-30
2024-09-30 16:00:00,"418,47669615782087","268,339996",4,1,2024-09-30
2024-09-30 17:00:00,"314,38033514572317","273,119995",4,1,2024-09-30
2024-09-30 18:00:00,"273,8313317498238","270,660004",4,1,2024-09-30
2024-09-30 19:00:00,"282,4774861990773","163,509995",4,1,2024-09-30
2024-09-30 20:00:00,"265,4831459763604","149,199997",4,1,2024-09-30
2024-09-30 21:00:00,"246,6994787993032","73,370003",4,1,2024-09-30
2024-09-30 22:00:00,"222,39778789012058","23,93",4,1,2024-09-30
2024-09-30 23:00:00,"194,56349026493513","0,52",4,1,2024-09-30
2024-10-01 00:00:00,"180,1501926064809","0,37",4,1,2024-10-01
2024-10-01 01:00:00,"164,71260318326736","0,15",4,1,2024-10-01
2024-10-01 02:00:00,"165,3564284063293","0,67",4,1,2024-10-01
2024-10-01 03:00:00,"162,09597368500076","50,700001",4,1,2024-10-01
2024-10-01 04:00:00,"208,75343729329288","249,619995",4,1,2024-10-01
2024-10-01 05:00:00,"244,38466331135172","293,910004",4,1,2024-10-01
2024-10-01 06:00:00,"303,17841372791656","308,079987",4,1,2024-10-01
2024-10-01 07:00:00,"312,79901829758916","309,5",4,1,2024-10-01
2024-10-01 08:00:00,"263,1703043800204","288,170013",4,1,2024-10-01
2024-10-01 09:00:00,"206,95038375224004","260,880005",4,1,2024-10-01
2024-10-01 10:00:00,"189,92740176723075","260,660004",4,1,2024-10-01
2024-10-01 11:00:00,"186,7683728348322","260,880005",4,1,2024-10-01
2024-10-01 12:00:00,"152,86309946869375","260,660004",4,1,2024-10-01
2024-10-01 13:00:00,"182,21786937725264","296,079987",4,1,2024-10-01
2024-10-01 14:00:00,"180,5759045676764","324,779999",4,1,2024-10-01
2024-10-01 15:00:00,"243,90241938761446","393,0",4,1,2024-10-01
2024-10-01 16:00:00,"337,3960777467067","405,600006",4,1,2024-10-01
2024-10-01 17:00:00,"355,1203998141471","421,410004",4,1,2024-10-01
2024-10-01 18:00:00,"294,8270056437885","366,829987",4,1,2024-10-01
2024-10-01 19:00:00,"303,7642686963399","345,429993",4,1,2024-10-01
2024-10-01 20:00:00,"258,27269924098636","321,649994",4,1,2024-10-01
2024-10-01 21:00:00,"258,46471250793195","309,940002",4,1,2024-10-01
2024-10-01 22:00:00,"223,25907892135206","432,829987",4,1,2024-10-01
2024-10-01 23:00:00,"194,38128783292254","367,350006",4,1,2024-10-01
2024-10-02 00:00:00,"179,80379845183222","373,540009",4,1,2024-10-02
2024-10-02 01:00:00,"162,05929748942398","365,339996",4,1,2024-10-02
2024-10-02 02:00:00,"176,11767999288867","362,730011",4,1,2024-10-02
2024-10-02 03:00:00,"197,62438980337362","363,470001",4,1,2024-10-02
2024-10-02 04:00:00,"282,5171705613804","596,440002",4,1,2024-10-02
2024-10-02 05:00:00,"348,4685540214579","692,869995",4,1,2024-10-02
2024-10-02 06:00:00,"349,9803485705448","913,830017",4,1,2024-10-02
2024-10-02 07:00:00,"311,51893624539287","701,219971",4,1,2024-10-02
2024-10-02 08:00:00,"269,30898286538536","484,880005",4,1,2024-10-02
2024-10-02 09:00:00,"233,6325387053236","394,420013",4,1,2024-10-02
2024-10-02 10:00:00,"187,45732492489594","431,040009",4,1,2024-10-02
2024-10-02 11:00:00,"168,4535283682298","597,109985",4,1,2024-10-02
2024-10-02 12:00:00,"192,47701488548844","584,659973",4,1,2024-10-02
2024-10-02 13:00:00,"231,4551766446607","607,26001",4,1,2024-10-02
2024-10-02 14:00:00,"271,7751830582613","607,849976",4,1,2024-10-02
2024-10-02 15:00:00,"310,6636766872076","746,48999",4,1,2024-10-02
2024-10-02 16:00:00,"409,80215079316457","872,590027",4,1,2024-10-02
2024-10-02 17:00:00,"478,6277078975066","969,97998",4,1,2024-10-02
2024-10-02 18:00:00,"553,483189733452","852,900024",4,1,2024-10-02
2024-10-02 19:00:00,"510,99037852570365","719,940002",4,1,2024-10-02
2024-10-02 20:00:00,"494,0413877434578","695,780029",4,1,2024-10-02
2024-10-02 21:00:00,"478,8080499249987","633,880005",4,1,2024-10-02
2024-10-02 22:00:00,"467,03331312115256","502,230011",4,1,2024-10-02
2024-10-02 23:00:00,"448,63312052685984","491,26001",4,1,2024-10-02
2024-10-03 00:00:00,"413,5647296317742","485,890015",4,1,2024-10-03
2024-10-03 01:00:00,"392,02486175441385","478,730011",4,1,2024-10-03
2024-10-03 02:00:00,"356,2868314320032","477,23999",4,1,2024-10-03
2024-10-03 03:00:00,"333,92606204007495","480,369995",4,1,2024-10-03
2024-10-03 04:00:00,"392,8529029764992","488,059998",4,1,2024-10-03
2024-10-03 05:00:00,"485,01348810178484","547,280029",4,1,2024-10-03
2024-10-03 06:00:00,"498,8362290215586","571,900024",4,1,2024-10-03
2024-10-03 07:00:00,"474,77829299856535","543,780029",4,1,2024-10-03
2024-10-03 08:00:00,"434,20847135046796","516,77002",4,1,2024-10-03
2024-10-03 09:00:00,"353,09402437510556","470,230011",4,1,2024-10-03
2024-10-03 10:00:00,"277,29793774744434","351,25",4,1,2024-10-03
2024-10-03 11:00:00,"204,2945994357487","253,460007",4,1,2024-10-03
2024-10-03 12:00:00,"229,3550383313947","291,950012",4,1,2024-10-03
2024-10-03 13:00:00,"288,1958621494904","383,109985",4,1,2024-10-03
2024-10-03 14:00:00,"323,95962575143017","492,609985",4,1,2024-10-03
2024-10-03 15:00:00,"345,69902945479737","669,090027",4,1,2024-10-03
2024-10-03 16:00:00,"434,93283439939637","821,039978",4,1,2024-10-03
2024-10-03 17:00:00,"546,6443618575934","860,200012",4,1,2024-10-03
2024-10-03 18:00:00,"611,0716837906061","807,679993",4,1,2024-10-03
2024-10-03 19:00:00,"506,6398757176979","736,669983",4,1,2024-10-03
2024-10-03 20:00:00,"513,6973711823196","678,48999",4,1,2024-10-03
2024-10-03 21:00:00,"454,5768629001528","607,630005",4,1,2024-10-03
2024-10-03 22:00:00,"383,46524931498317","551,23999",4,1,2024-10-03
2024-10-03 23:00:00,"305,99167741286647","540,950012",4,1,2024-10-03
2024-10-04 00:00:00,"264,8804072469679","537,809998",4,1,2024-10-04
2024-10-04 01:00:00,"239,73310812672273","537,070007",4,1,2024-10-04
2024-10-04 02:00:00,"224,4812300549959","539,530029",4,1,2024-10-04
2024-10-04 03:00:00,"243,97636184061722","575,109985",4,1,2024-10-04
2024-10-04 04:00:00,"258,27451713835006","768,299988",4,1,2024-10-04
2024-10-04 05:00:00,"363,2006736696788","943,890015",4,1,2024-10-04
2024-10-04 06:00:00,"495,0941114934484","1054,890015",4,1,2024-10-04
2024-10-04 07:00:00,"471,10325052836686","867,289978",4,1,2024-10-04
2024-10-04 08:00:00,"380,2430307360219","746,599976",4,1,2024-10-04
2024-10-04 09:00:00,"278,1417578567971","634,039978",4,1,2024-10-04
2024-10-04 10:00:00,"210,341664997521","559,969971",4,1,2024-10-04
2024-10-04 11:00:00,"154,66739322885718","548,179993",4,1,2024-10-04
2024-10-04 12:00:00,"146,82687793516985","565,559998",4,1,2024-10-04
2024-10-04 13:00:00,"189,86991540314511","589,799988",4,1,2024-10-04
2024-10-04 14:00:00,"250,20572977669931","669,840027",4,1,2024-10-04
2024-10-04 15:00:00,"308,84904708695564","798,890015",4,1,2024-10-04
2024-10-04 16:00:00,"325,9559122900156","984,400024",4,1,2024-10-04
2024-10-04 17:00:00,"427,3866528550358","1111,579956",4,1,2024-10-04
2024-10-04 18:00:00,"403,49051984273217","922,710022",4,1,2024-10-04
2024-10-04 19:00:00,"353,47565267263","745,179993",4,1,2024-10-04
2024-10-04 20:00:00,"326,7942840017158","745,179993",4,1,2024-10-04
2024-10-04 21:00:00,"295,84163676543426","671,330017",4,1,2024-10-04
2024-10-04 22:00:00,"269,5936953299958","694,340027",4,1,2024-10-04
2024-10-04 23:00:00,"251,41446865285445","631,23999",4,1,2024-10-04
2024-10-05 00:00:00,"244,74883360048534","607,080017",4,1,2024-10-05
2024-10-05 01:00:00,"235,21689924982525","563,380005",4,1,2024-10-05
2024-10-05 02:00:00,"235,43657041971926","564,719971",4,1,2024-10-05
2024-10-05 03:00:00,"225,32307585496352","595,299988",4,1,2024-10-05
2024-10-05 04:00:00,"243,4168197227578","642,880005",4,1,2024-10-05
2024-10-05 05:00:00,"262,6829855769567","748,780029",4,1,2024-10-05
2024-10-05 06:00:00,"276,661119537982","825,0",4,1,2024-10-05
2024-10-05 07:00:00,"258,5851381282528","768,169983",4,1,2024-10-05
2024-10-05 08:00:00,"133,97513017892692","614,690002",4,1,2024-10-05
2024-10-05 09:00:00,"55,30495157314584","509,160004",4,1,2024-10-05
2024-10-05 10:00:00,"17,17373220167145","383,640015",4,1,2024-10-05
2024-10-05 11:00:00,"23,8996203796739","289,970001",4,1,2024-10-05
2024-10-05 12:00:00,"7,397673023445067","324,350006",4,1,2024-10-05
2024-10-05 13:00:00,"11,540602271751077","418,839996",4,1,2024-10-05
2024-10-05 14:00:00,"148,05961120419155","544,280029",4,1,2024-10-05
2024-10-05 15:00:00,"294,9965819326855","690,23999",4,1,2024-10-05
2024-10-05 16:00:00,"376,3563209274619","1029,719971",4,1,2024-10-05
2024-10-05 17:00:00,"454,6889011174467","1028,97998",4,1,2024-10-05
2024-10-05 18:00:00,"452,78344028542205","799,719971",4,1,2024-10-05
2024-10-05 19:00:00,"447,19138698176386","705,299988",4,1,2024-10-05
2024-10-05 20:00:00,"422,0912836217513","633,710022",4,1,2024-10-05
2024-10-05 21:00:00,"397,0400727118866","499,690002",4,1,2024-10-05
2024-10-05 22:00:00,"381,5364371201877","485,420013",4,1,2024-10-05
2024-10-05 23:00:00,"368,00880436288526","452,100006",4,1,2024-10-05
2024-10-06 00:00:00,"349,5033209433901","440,549988",4,1,2024-10-06
2024-10-06 01:00:00,"326,6287284484552","433,320007",4,1,2024-10-06
2024-10-06 02:00:00,"330,8124291074434","424,369995",4,1,2024-10-06
2024-10-06 03:00:00,"350,2050328768185","433,320007",4,1,2024-10-06
2024-10-06 04:00:00,"358,7600685694544","431,829987",4,1,2024-10-06
2024-10-06 05:00:00,"417,5207147202724","524,929993",4,1,2024-10-06
2024-10-06 06:00:00,"394,5612589723039","491,01001",4,1,2024-10-06
2024-10-06 07:00:00,"321,041645651929","447,700012",4,1,2024-10-06
2024-10-06 08:00:00,"175,90067053639612","262,98999",4,1,2024-10-06
2024-10-06 09:00:00,"74,36732922222406","124,339996",4,1,2024-10-06
2024-10-06 10:00:00,"39,39645254447733","79,690002",4,1,2024-10-06
2024-10-06 11:00:00,"26,42801773428328","41,889999",4,1,2024-10-06
2024-10-06 12:00:00,"25,261522744995144","16,25",4,1,2024-10-06
2024-10-06 13:00:00,"50,55509067031236","13,34",4,1,2024-10-06
2024-10-06 14:00:00,"229,50911591212682","395,820007",4,1,2024-10-06
2024-10-06 15:00:00,"383,1859705741161","617,070007",4,1,2024-10-06
2024-10-06 16:00:00,"600,6258874304386","792,390015",4,1,2024-10-06
2024-10-06 17:00:00,"663,9908417571371","724,710022",4,1,2024-10-06
2024-10-06 18:00:00,"565,2240135367613","544,01001",4,1,2024-10-06
2024-10-06 19:00:00,"500,7048927195907","442,559998",4,1,2024-10-06
2024-10-06 20:00:00,"485,6842799822888","437,48999",4,1,2024-10-06
2024-10-06 21:00:00,"457,08524076729674","385,459991",4,1,2024-10-06
2024-10-06 22:00:00,"396,4136976504977","257,769989",4,1,2024-10-06
2024-10-06 23:00:00,"303,5592515052894","263,429993",4,1,2024-10-06
2024-10-07 00:00:00,"257,80384674752656","247,850006",4,2,2024-10-07
2024-10-07 01:00:00,"240,00768503806452","224,75",4,2,2024-10-07
2024-10-07 02:00:00,"228,31136806533988","260,529999",4,2,2024-10-07
2024-10-07 03:00:00,"266,59908947726353","291,910004",4,2,2024-10-07
2024-10-07 04:00:00,"314,9814953424821","335,369995",4,2,2024-10-07
2024-10-07 05:00:00,"387,9083670335291","378,299988",4,2,2024-10-07
2024-10-07 06:00:00,"617,9635226651268","414,089996",4,2,2024-10-07
2024-10-07 07:00:00,"401,95216159205836","383,75",4,2,2024-10-07
2024-10-07 08:00:00,"295,1684623167969","372,420013",4,2,2024-10-07
2024-10-07 09:00:00,"255,931937340174","356,309998",4,2,2024-10-07
2024-10-07 10:00:00,"249,05543613361593","340,880005",4,2,2024-10-07
2024-10-07 11:00:00,"251,9115927761083","322,019989",4,2,2024-10-07
2024-10-07 12:00:00,"240,40109539067763","358,399994",4,2,2024-10-07
2024-10-07 13:00:00,"247,0928447509929","458,070007",4,2,2024-10-07
2024-10-07 14:00:00,"283,14112075364443","661,869995",4,2,2024-10-07
2024-10-07 15:00:00,"318,3168280883191","873,640015",4,2,2024-10-07
2024-10-07 16:00:00,"416,6193607673136","1405,060059",4,2,2024-10-07
2024-10-07 17:00:00,"403,6054662785486","1405,359985",4,2,2024-10-07
2024-10-07 18:00:00,"339,094992920747","909,27002",4,2,2024-10-07
2024-10-07 19:00:00,"284,2794514600822","744,909973",4,2,2024-10-07
2024-10-07 20:00:00,"242,35857993785126","685,119995",4,2,2024-10-07
2024-10-07 21:00:00,"217,9672495076585","589,780029",4,2,2024-10-07
2024-10-07 22:00:00,"219,27174532443212","539,340027",4,2,2024-10-07
2024-10-07 23:00:00,"211,3644705916857","500,119995",4,2,2024-10-07
2024-10-08 00:00:00,"215,76968929300648","477,149994",4,2,2024-10-08
2024-10-08 01:00:00,"218,64789822362417","444,940002",4,2,2024-10-08
2024-10-08 02:00:00,"231,51929377111597","445,089996",4,2,2024-10-08
2024-10-08 03:00:00,"284,4657828100459","502,799988",4,2,2024-10-08
2024-10-08 04:00:00,"313,7817004072454","641,049988",4,2,2024-10-08
2024-10-08 05:00:00,"416,62921564748467","822,98999",4,2,2024-10-08
2024-10-08 06:00:00,"397,52798948421184","792,200012",4,2,2024-10-08
2024-10-08 07:00:00,"349,957778280996","633,820007",4,2,2024-10-08
2024-10-08 08:00:00,"304,2833508142242","598,98999",4,2,2024-10-08
2024-10-08 09:00:00,"309,81893468114316","547,469971",4,2,2024-10-08
2024-10-08 10:00:00,"292,2273724014174","495,940002",4,2,2024-10-08
2024-10-08 11:00:00,"320,3249206811416","529,200012",4,2,2024-10-08
2024-10-08 12:00:00,"260,6797304041184","565,140015",4,2,2024-10-08
2024-10-08 13:00:00,"326,3759668620297","578,119995",4,2,2024-10-08
2024-10-08 14:00:00,"334,89158032065757","694,440002",4,2,2024-10-08
2024-10-08 15:00:00,"473,5829936260377","850,059998",4,2,2024-10-08
2024-10-08 16:00:00,"491,53537884522024","1073,76001",4,2,2024-10-08
2024-10-08 17:00:00,"582,3769475462107","1141,540039",4,2,2024-10-08
2024-10-08 18:00:00,"519,3536407456895","853,119995",4,2,2024-10-08
2024-10-08 19:00:00,"479,0612931471366","707,640015",4,2,2024-10-08
2024-10-08 20:00:00,"457,86612296078385","645,75",4,2,2024-10-08
2024-10-08 21:00:00,"432,72936170759317","504,070007",4,2,2024-10-08
2024-10-08 22:00:00,"396,6094687477686","461,859985",4,2,2024-10-08
2024-10-08 23:00:00,"347,3206620867266","447,459991",4,2,2024-10-08
2024-10-09 00:00:00,"317,38789244468006","428,670013",4,2,2024-10-09
2024-10-09 01:00:00,"282,649939806657","405,100006",4,2,2024-10-09
2024-10-09 02:00:00,"271,29777819533996","427,480011",4,2,2024-10-09
2024-10-09 03:00:00,"270,9667276626608","476,329987",4,2,2024-10-09
2024-10-09 04:00:00,"340,81519136269196","646,590027",4,2,2024-10-09
2024-10-09 05:00:00,"534,149343838027","826,320007",4,2,2024-10-09
2024-10-09 06:00:00,"661,3543138816339","827,659973",4,2,2024-10-09
2024-10-09 07:00:00,"573,7138886940361","648,820007",4,2,2024-10-09
2024-10-09 08:00:00,"473,4533386402274","537,630005",4,2,2024-10-09
2024-10-09 09:00:00,"383,00160810947233","446,720001",4,2,2024-10-09
2024-10-09 10:00:00,"262,8164481638319","445,970001",4,2,2024-10-09
2024-10-09 11:00:00,"244,06237666816466","446,350006",4,2,2024-10-09
2024-10-09 12:00:00,"262,575885947778","504,369995",4,2,2024-10-09
2024-10-09 13:00:00,"297,43936530503566","575,51001",4,2,2024-10-09
2024-10-09 14:00:00,"307,91183256936426","708,48999",4,2,2024-10-09
2024-10-09 15:00:00,"376,0941328829522","875,909973",4,2,2024-10-09
2024-10-09 16:00:00,"529,0156182529331","913,799988",4,2,2024-10-09
2024-10-09 17:00:00,"633,7017516941419","948,030029",4,2,2024-10-09
2024-10-09 18:00:00,"581,5489676368103","828,179993",4,2,2024-10-09
2024-10-09 19:00:00,"520,6053207975879","714,450012",4,2,2024-10-09
2024-10-09 20:00:00,"502,84714642022084","709,22998",4,2,2024-10-09
2024-10-09 21:00:00,"471,34924742660365","614,070007",4,2,2024-10-09
2024-10-09 22:00:00,"425,6394821360536","456,399994",4,2,2024-10-09
2024-10-09 23:00:00,"388,5887561800824","349,73999",4,2,2024-10-09
2024-10-10 00:00:00,"373,7169455545475","281,559998",4,2,2024-10-10
2024-10-10 01:00:00,"363,6358433899315","238,679993",4,2,2024-10-10
2024-10-10 02:00:00,"366,15460363322086","221,070007",4,2,2024-10-10
2024-10-10 03:00:00,"366,62049220820234","295,359985",4,2,2024-10-10
2024-10-10 04:00:00,"375,29474676218945","463,179993",4,2,2024-10-10
2024-10-10 05:00:00,"559,6443804350336","633,23999",4,2,2024-10-10
2024-10-10 06:00:00,"509,55916159399084","600,119995",4,2,2024-10-10
2024-10-10 07:00:00,"443,4921132181554","503,459991",4,2,2024-10-10
2024-10-10 08:00:00,"368,33721542613574","387,920013",4,2,2024-10-10
2024-10-10 09:00:00,"285,585736172405","290,369995",4,2,2024-10-10
2024-10-10 10:00:00,"189,1641853134793","163,270004",4,2,2024-10-10
2024-10-10 11:00:00,"125,26246367950594","118,889999",4,2,2024-10-10
2024-10-10 12:00:00,"118,53498411782174","149,25",4,2,2024-10-10
2024-10-10 13:00:00,"186,30297208750886","277,309998",4,2,2024-10-10
2024-10-10 14:00:00,"273,61954286375766","277,309998",4,2,2024-10-10
2024-10-10 15:00:00,"298,41577888928117","285,140015",4,2,2024-10-10
2024-10-10 16:00:00,"323,8570186635245","294,470001",4,2,2024-10-10
2024-10-10 17:00:00,"320,0781722536222","288,200012",4,2,2024-10-10
2024-10-10 18:00:00,"330,1165098086423","274,630005",4,2,2024-10-10
2024-10-10 19:00:00,"325,3315794925071","263,890015",4,2,2024-10-10
2024-10-10 20:00:00,"271,06364574373725","223,759995",4,2,2024-10-10
2024-10-10 21:00:00,"263,0899825717751","236,289993",4,2,2024-10-10
2024-10-10 22:00:00,"223,99902921339827","258,890015",4,2,2024-10-10
2024-10-10 23:00:00,"188,56808731335656","258,959991",4,2,2024-10-10
2024-10-11 00:00:00,"168,06794136260717","261,720001",4,2,2024-10-11
2024-10-11 01:00:00,"168,26635376935582","267,609985",4,2,2024-10-11
2024-10-11 02:00:00,"176,48730572434786","267,839996",4,2,2024-10-11
2024-10-11 03:00:00,"183,35435553089877","274,179993",4,2,2024-10-11
2024-10-11 04:00:00,"209,7885583663769","308,190002",4,2,2024-10-11
2024-10-11 05:00:00,"466,1438284585075","439,230011",4,2,2024-10-11
2024-10-11 06:00:00,"499,67315566395365","593,919983",4,2,2024-10-11
2024-10-11 07:00:00,"481,3864662189759","400,670013",4,2,2024-10-11
2024-10-11 08:00:00,"332,9210129764027","367,859985",4,2,2024-10-11
2024-10-11 09:00:00,"254,23100382483784","324,970001",4,2,2024-10-11
2024-10-11 10:00:00,"193,7262112787697","316,470001",4,2,2024-10-11
2024-10-11 11:00:00,"143,2996263752733","310,200012",4,2,2024-10-11
2024-10-11 12:00:00,"151,58577513808984","299,309998",4,2,2024-10-11
2024-10-11 13:00:00,"171,94200371820514","298,119995",4,2,2024-10-11
2024-10-11 14:00:00,"216,89727326217877","298,859985",4,2,2024-10-11
2024-10-11 15:00:00,"291,03950605898694","496,660004",4,2,2024-10-11
2024-10-11 16:00:00,"452,4421856446113","939,330017",4,2,2024-10-11
2024-10-11 17:00:00,"532,8478405960287","1208,060059",4,2,2024-10-11
2024-10-11 18:00:00,"290,855887528238","895,02002",4,2,2024-10-11
2024-10-11 19:00:00,"299,5955895299149","744,289978",4,2,2024-10-11
2024-10-11 20:00:00,"286,9215586224159","733,98999",4,2,2024-10-11
2024-10-11 21:00:00,"293,9342394150818","655,080017",4,2,2024-10-11
2024-10-11 22:00:00,"301,36228916928053","672,190002",4,2,2024-10-11
2024-10-11 23:00:00,"295,34134285986124","592,580017",4,2,2024-10-11
2024-10-12 00:00:00,"278,54177286065243","563,929993",4,2,2024-10-12
2024-10-12 01:00:00,"246,05702600432372","559,75",4,2,2024-10-12
2024-10-12 02:00:00,"248,9035683833389","536,619995",4,2,2024-10-12
2024-10-12 03:00:00,"270,4471684395589","506,619995",4,2,2024-10-12
2024-10-12 04:00:00,"294,2347391303242","534,460022",4,2,2024-10-12
2024-10-12 05:00:00,"284,8941586321744","400,149994",4,2,2024-10-12
2024-10-12 06:00:00,"265,2990031219262","378,359985",4,2,2024-10-12
2024-10-12 07:00:00,"240,4285438480906","310,910004",4,2,2024-10-12
2024-10-12 08:00:00,"219,7006035712385","263,390015",4,2,2024-10-12
2024-10-12 09:00:00,"159,8012445585249","255,770004",4,2,2024-10-12
2024-10-12 10:00:00,"125,02959117847838","184,970001",4,2,2024-10-12
2024-10-12 11:00:00,"87,98933273835375","106,919998",4,2,2024-10-12
2024-10-12 12:00:00,"81,77168080652885","174,149994",4,2,2024-10-12
2024-10-12 13:00:00,"129,68556553913768","263,459991",4,2,2024-10-12
2024-10-12 14:00:00,"236,69505270480067","218,990005",4,2,2024-10-12
2024-10-12 15:00:00,"316,38670418849546","423,799988",4,2,2024-10-12
2024-10-12 16:00:00,"267,3795198214779","361,950012",4,2,2024-10-12
2024-10-12 17:00:00,"291,93568731370345","299,049988",4,2,2024-10-12
2024-10-12 18:00:00,"272,5573562088871","289,350006",4,2,2024-10-12
2024-10-12 19:00:00,"286,7776267462748","288,309998",4,2,2024-10-12
2024-10-12 20:00:00,"294,3283578649913","260,179993",4,2,2024-10-12
2024-10-12 21:00:00,"322,2171933341385","189,289993",4,2,2024-10-12
2024-10-12 22:00:00,"283,77900752330993","0,0",4,2,2024-10-12
2024-10-12 23:00:00,"296,8449072512464","-0,07",4,2,2024-10-12
2024-10-13 00:00:00,"305,67936161814174","-0,52",4,2,2024-10-13
2024-10-13 01:00:00,"294,0839593513752","-2,76",4,2,2024-10-13
2024-10-13 02:00:00,"327,7096666209398","-3,81",4,2,2024-10-13
2024-10-13 03:00:00,"360,3489645515824","-0,67",4,2,2024-10-13
2024-10-13 04:00:00,"390,4501082030355","-0,07",4,2,2024-10-13
2024-10-13 05:00:00,"435,69764426530674","12,83",4,2,2024-10-13
2024-10-13 06:00:00,"387,81283926658983","134,0",4,2,2024-10-13
2024-10-13 07:00:00,"341,3429571613282","73,489998",4,2,2024-10-13
2024-10-13 08:00:00,"220,62277799548764","36,630001",4,2,2024-10-13
2024-10-13 09:00:00,"136,55315302189177","46,330002",4,2,2024-10-13
2024-10-13 10:00:00,"47,51435130654163","47,599998",4,2,2024-10-13
2024-10-13 11:00:00,"37,308557224350324","52,970001",4,2,2024-10-13
2024-10-13 12:00:00,"18,672742713489246","59,09",4,2,2024-10-13
2024-10-13 13:00:00,"67,37599256322002","94,610001",4,2,2024-10-13
2024-10-13 14:00:00,"275,25488441556223","118,260002",4,2,2024-10-13
2024-10-13 15:00:00,"430,7493697843453","166,009995",4,2,2024-10-13
2024-10-13 16:00:00,"486,6113925962909","267,329987",4,2,2024-10-13
2024-10-13 17:00:00,"432,1432627477534","403,269989",4,2,2024-10-13
2024-10-13 18:00:00,"366,03757597119983","294,790009",4,2,2024-10-13
2024-10-13 19:00:00,"339,228245120531","286,730011",4,2,2024-10-13
2024-10-13 20:00:00,"344,7129030547829","299,410004",4,2,2024-10-13
2024-10-13 21:00:00,"309,01117998595663","274,640015",4,2,2024-10-13
2024-10-13 22:00:00,"298,4304854598262","276,809998",4,2,2024-10-13
2024-10-13 23:00:00,"261,84679469683374","263,0",4,2,2024-10-13
2024-10-14 00:00:00,"237,2868281624702","262,410004",4,3,2024-10-14
2024-10-14 01:00:00,"230,11988034359203","256,359985",4,3,2024-10-14
2024-10-14 02:00:00,"224,26173342077763","293,450012",4,3,2024-10-14
2024-10-14 03:00:00,"260,5016041602558","464,079987",4,3,2024-10-14
2024-10-14 04:00:00,"320,6249776925552","736,710022",4,3,2024-10-14
2024-10-14 05:00:00,"468,0601357270476","973,900024",4,3,2024-10-14
2024-10-14 06:00:00,"451,088730006293","1142,449951",4,3,2024-10-14
2024-10-14 07:00:00,"382,0540871088772","879,960022",4,3,2024-10-14
2024-10-14 08:00:00,"310,7090193534473","753,200012",4,3,2024-10-14
2024-10-14 09:00:00,"292,05636284156895","695,599976",4,3,2024-10-14
2024-10-14 10:00:00,"263,75470558160674","643,450012",4,3,2024-10-14
2024-10-14 11:00:00,"266,3955148145973","616,289978",4,3,2024-10-14
2024-10-14 12:00:00,"268,76890309892036","553,320007",4,3,2024-10-14
2024-10-14 13:00:00,"289,69844378216646","649,710022",4,3,2024-10-14
2024-10-14 14:00:00,"280,23340224758243","789,309998",4,3,2024-10-14
2024-10-14 15:00:00,"343,94804503473796","1182,660034",4,3,2024-10-14
2024-10-14 16:00:00,"472,78484505019185","1865,280029",4,3,2024-10-14
2024-10-14 17:00:00,"528,0202933363199","1964,290039",4,3,2024-10-14
2024-10-14 18:00:00,"534,3439252486127","1178,859985",4,3,2024-10-14
2024-10-14 19:00:00,"453,24066127881025","851,460022",4,3,2024-10-14
2024-10-14 20:00:00,"426,5593601142891","743,580017",4,3,2024-10-14
2024-10-14 21:00:00,"369,3963297069429","707,309998",4,3,2024-10-14
2024-10-14 22:00:00,"312,83133077402374","680,679993",4,3,2024-10-14
2024-10-14 23:00:00,"270,248156221224","645,320007",4,3,2024-10-14
2024-10-15 00:00:00,"247,98317377323238","659,190002",4,3,2024-10-15
2024-10-15 01:00:00,"233,68561533665388","627,039978",4,3,2024-10-15
2024-10-15 02:00:00,"252,48699534478817","602,859985",4,3,2024-10-15
2024-10-15 03:00:00,"313,35436531078943","667,849976",4,3,2024-10-15
2024-10-15 04:00:00,"353,0101052195715","854,530029",4,3,2024-10-15
2024-10-15 05:00:00,"510,67781912693596","1383,22998",4,3,2024-10-15
2024-10-15 06:00:00,"576,9099934819006","1317,719971",4,3,2024-10-15
2024-10-15 07:00:00,"587,051863585337","824,76001",4,3,2024-10-15
2024-10-15 08:00:00,"551,4217220674041","692,02002",4,3,2024-10-15
2024-10-15 09:00:00,"529,9061455306063","619,650024",4,3,2024-10-15
2024-10-15 10:00:00,"491,239285862005","585,47998",4,3,2024-10-15
2024-10-15 11:00:00,"488,39643423258593","535,340027",4,3,2024-10-15
2024-10-15 12:00:00,"486,93394943406224","566,299988",4,3,2024-10-15
2024-10-15 13:00:00,"517,8668560991418","621,960022",4,3,2024-10-15
2024-10-15 14:00:00,"620,7745400071683","664,27002",4,3,2024-10-15
2024-10-15 15:00:00,"707,1982248861524","900,48999",4,3,2024-10-15
2024-10-15 16:00:00,"839,3716643454427","1020,609985",4,3,2024-10-15
2024-10-15 17:00:00,"885,4702421033312","726,049988",4,3,2024-10-15
2024-10-15 18:00:00,"741,6850717222646","568,98999",4,3,2024-10-15
2024-10-15 19:00:00,"600,2355351593982","497,290009",4,3,2024-10-15
2024-10-15 20:00:00,"491,24091453928935","445,059998",4,3,2024-10-15
2024-10-15 21:00:00,"433,02269239182016","304,269989",4,3,2024-10-15
2024-10-15 22:00:00,"371,41671954788126","174,210007",4,3,2024-10-15
2024-10-15 23:00:00,"334,097051270728","95,5",4,3,2024-10-15
2024-10-16 00:00:00,"318,9273941813325","39,540001",4,3,2024-10-16
2024-10-16 01:00:00,"279,56071370984307","26,93",4,3,2024-10-16
2024-10-16 02:00:00,"264,0139274456033","23,58",4,3,2024-10-16
2024-10-16 03:00:00,"276,7037548759053","61,18",4,3,2024-10-16
2024-10-16 04:00:00,"272,5320351357057","301,049988",4,3,2024-10-16
2024-10-16 05:00:00,"420,89629380929716","353,720001",4,3,2024-10-16
2024-10-16 06:00:00,"525,9253010350375","406,23999",4,3,2024-10-16
2024-10-16 07:00:00,"375,5632757167407","354,76001",4,3,2024-10-16
2024-10-16 08:00:00,"290,1351099820665","199,059998",4,3,2024-10-16
2024-10-16 09:00:00,"278,7718723473127","105,650002",4,3,2024-10-16
2024-10-16 10:00:00,"262,6760569010861","30,51",4,3,2024-10-16
2024-10-16 11:00:00,"253,67127901529383","15,22",4,3,2024-10-16
2024-10-16 12:00:00,"241,45733225853172","29,84",4,3,2024-10-16
2024-10-16 13:00:00,"264,6111226731654","105,800003",4,3,2024-10-16
2024-10-16 14:00:00,"267,54814519830495","246,210007",4,3,2024-10-16
2024-10-16 15:00:00,"313,89663311349125","263,0",4,3,2024-10-16
2024-10-16 16:00:00,"285,1992734951495","277,470001",4,3,2024-10-16
2024-10-16 17:00:00,"311,94604860212036","272,470001",4,3,2024-10-16
2024-10-16 18:00:00,"273,6508068785944","267,470001",4,3,2024-10-16
2024-10-16 19:00:00,"288,62803439325023","257,619995",4,3,2024-10-16
2024-10-16 20:00:00,"285,2825290851557","242,029999",4,3,2024-10-16
2024-10-16 21:00:00,"309,7517751720842","198,009995",4,3,2024-10-16
2024-10-16 22:00:00,"310,4025688320615","127,129997",4,3,2024-10-16
2024-10-16 23:00:00,"299,82486889163056","90,650002",4,3,2024-10-16
2024-10-17 00:00:00,"308,07594961279443","78,190002",4,3,2024-10-17
2024-10-17 01:00:00,"304,0414053617574","41,860001",4,3,2024-10-17
2024-10-17 02:00:00,"291,081450765318","74,68",4,3,2024-10-17
2024-10-17 03:00:00,"303,4770584725604","216,139999",4,3,2024-10-17
2024-10-17 04:00:00,"322,4845999101466","261,730011",4,3,2024-10-17
2024-10-17 05:00:00,"391,01929028973046","298,660004",4,3,2024-10-17
2024-10-17 06:00:00,"393,2671239635934","306,790009",4,3,2024-10-17
2024-10-17 07:00:00,"386,1312227150659","301,869995",4,3,2024-10-17
2024-10-17 08:00:00,"328,182317673142","286,940002",4,3,2024-10-17
2024-10-17 09:00:00,"301,3940174348001","287,089996",4,3,2024-10-17
2024-10-17 10:00:00,"226,8151144860022","290,670013",4,3,2024-10-17
2024-10-17 11:00:00,"158,59780314151052","305,299988",4,3,2024-10-17
2024-10-17 12:00:00,"193,55981157111853","322,980011",4,3,2024-10-17
2024-10-17 13:00:00,"267,94380024842974","474,140015",4,3,2024-10-17
2024-10-17 14:00:00,"321,441912641857","691,469971",4,3,2024-10-17
2024-10-17 15:00:00,"298,6984817507821","893,059998",4,3,2024-10-17
2024-10-17 16:00:00,"366,9831495887408","1292,290039",4,3,2024-10-17
2024-10-17 17:00:00,"411,60720979113","1275,810059",4,3,2024-10-17
2024-10-17 18:00:00,"390,4983636994659","876,650024",4,3,2024-10-17
2024-10-17 19:00:00,"312,07806107862973","729,75",4,3,2024-10-17
2024-10-17 20:00:00,"292,0448962838762","664,390015",4,3,2024-10-17
2024-10-17 21:00:00,"288,3693615375794","613,359985",4,3,2024-10-17
2024-10-17 22:00:00,"276,6240158258465","603,929993",4,3,2024-10-17
2024-10-17 23:00:00,"259,51029084699337","605,5",4,3,2024-10-17
2024-10-18 00:00:00,"232,40645192725776","617,210022",4,3,2024-10-18
2024-10-18 01:00:00,"223,5678899426845","588,190002",4,3,2024-10-18
2024-10-18 02:00:00,"231,8138740419603","605,72998",4,3,2024-10-18
2024-10-18 03:00:00,"240,44944726870497","629,22998",4,3,2024-10-18
2024-10-18 04:00:00,"261,88958847700917","737,780029",4,3,2024-10-18
2024-10-18 05:00:00,"529,6230917309013","1117,449951",4,3,2024-10-18
2024-10-18 06:00:00,"660,3730591270848","1165,640015",4,3,2024-10-18
2024-10-18 07:00:00,"493,52674006113796","828,130005",4,3,2024-10-18
2024-10-18 08:00:00,"439,7101585578652","714,429993",4,3,2024-10-18
2024-10-18 09:00:00,"349,37415549522734","636,390015",4,3,2024-10-18
2024-10-18 10:00:00,"298,35888980641596","618,929993",4,3,2024-10-18
2024-10-18 11:00:00,"302,9624237599102","598,340027",4,3,2024-10-18
2024-10-18 12:00:00,"296,95720331702285","605,72998",4,3,2024-10-18
2024-10-18 13:00:00,"289,80467689893754","629,22998",4,3,2024-10-18
2024-10-18 14:00:00,"292,5647286439864","770,599976",4,3,2024-10-18
2024-10-18 15:00:00,"329,37507492686666","997,26001",4,3,2024-10-18
2024-10-18 16:00:00,"499,9533299709325","1352,459961",4,3,2024-10-18
2024-10-18 17:00:00,"665,2135130647353","1063,72998",4,3,2024-10-18
2024-10-18 18:00:00,"557,3019672873271","770,309998",4,3,2024-10-18
2024-10-18 19:00:00,"455,863231712235","722,409973",4,3,2024-10-18
2024-10-18 20:00:00,"443,29351263025086","695,77002",4,3,2024-10-18
2024-10-18 21:00:00,"402,8178278099074","638,179993",4,3,2024-10-18
2024-10-18 22:00:00,"357,3679011772498","649,27002",4,3,2024-10-18
2024-10-18 23:00:00,"308,4024405638122","619,210022",4,3,2024-10-18
2024-10-19 00:00:00,"295,68616136794515","595,940002",4,3,2024-10-19
2024-10-19 01:00:00,"279,95488501567604","561,27002",4,3,2024-10-19
2024-10-19 02:00:00,"275,6415762571482","565,809998",4,3,2024-10-19
2024-10-19 03:00:00,"274,2569576906389","572,530029",4,3,2024-10-19
2024-10-19 04:00:00,"294,7754507983586","596,619995",4,3,2024-10-19
2024-10-19 05:00:00,"307,01058080079656","685,440002",4,3,2024-10-19
2024-10-19 06:00:00,"279,53419458278915","668,659973",4,3,2024-10-19
2024-10-19 07:00:00,"265,4387749473951","630,919983",4,3,2024-10-19
2024-10-19 08:00:00,"254,73339082613666","587,669983",4,3,2024-10-19
2024-10-19 09:00:00,"251,0301975065142","546,799988",4,3,2024-10-19
2024-10-19 10:00:00,"177,14612802534594","493,399994",4,3,2024-10-19
2024-10-19 11:00:00,"131,31794040692913","454,619995",4,3,2024-10-19
2024-10-19 12:00:00,"173,99216813583925","476,470001",4,3,2024-10-19
2024-10-19 13:00:00,"249,16804717594727","589,679993",4,3,2024-10-19
2024-10-19 14:00:00,"292,7285967765999","731,52002",4,3,2024-10-19
2024-10-19 15:00:00,"301,2409298582855","813,929993",4,3,2024-10-19
2024-10-19 16:00:00,"388,2889939544377","1012,900024",4,3,2024-10-19
2024-10-19 17:00:00,"419,65633953206606","886,940002",4,3,2024-10-19
2024-10-19 18:00:00,"350,6154872259067","721,900024",4,3,2024-10-19
2024-10-19 19:00:00,"303,88987159733733","672,530029",4,3,2024-10-19
2024-10-19 20:00:00,"273,05743193051603","625,179993",4,3,2024-10-19
2024-10-19 21:00:00,"268,9243679904915","546,869995",4,3,2024-10-19
2024-10-19 22:00:00,"221,48547312662186","403,059998",4,3,2024-10-19
2024-10-19 23:00:00,"212,1262853138832","409,470001",4,3,2024-10-19
2024-10-20 00:00:00,"211,5067027791281","407,079987",4,3,2024-10-20
2024-10-20 01:00:00,"219,38309051013235","417,0",4,3,2024-10-20
2024-10-20 02:00:00,"213,18414390747708","444,450012",4,3,2024-10-20
2024-10-20 03:00:00,"214,6114581648123","241,880005",4,3,2024-10-20
2024-10-20 04:00:00,"214,93968380153564","240,389999",4,3,2024-10-20
2024-10-20 05:00:00,"232,84560581574738","291,329987",4,3,2024-10-20
2024-10-20 06:00:00,"258,14676590213804","359,950012",4,3,2024-10-20
2024-10-20 07:00:00,"242,7072253148893","341,230011",4,3,2024-10-20
2024-10-20 08:00:00,"110,6369194550682","47,509998",4,3,2024-10-20
2024-10-20 09:00:00,"49,587241806825965","0,6",4,3,2024-10-20
2024-10-20 10:00:00,"34,912463990101486","0,0",4,3,2024-10-20
2024-10-20 11:00:00,"-3,4780143272965525","-7,31",4,3,2024-10-20
2024-10-20 12:00:00,"-4,3382069191521815","-14,99",4,3,2024-10-20
2024-10-20 13:00:00,"3,048221711089361","0,0",4,3,2024-10-20
2024-10-20 14:00:00,"192,8819713063898","38,040001",4,3,2024-10-20
2024-10-20 15:00:00,"319,8494770011587","413,570007",4,3,2024-10-20
2024-10-20 16:00:00,"303,92367093882723","318,25",4,3,2024-10-20
2024-10-20 17:00:00,"315,91069261874213","268,950012",4,3,2024-10-20
2024-10-20 18:00:00,"309,9476112100335","252,919998",4,3,2024-10-20
2024-10-20 19:00:00,"307,25480380317515","156,259995",4,3,2024-10-20
2024-10-20 20:00:00,"294,8868553262565","90,620003",4,3,2024-10-20
2024-10-20 21:00:00,"271,21156710323726","14,39",4,3,2024-10-20
2024-10-20 22:00:00,"208,00468196863437","-0,75",4,3,2024-10-20
2024-10-20 23:00:00,"186,18837742497448","-0,75",4,3,2024-10-20
2024-10-21 00:00:00,"133,7972589193218","-1,04",4,4,2024-10-21
2024-10-21 01:00:00,"132,3448402559469","-0,6",4,4,2024-10-21
2024-10-21 02:00:00,"155,4630305977988","-0,3",4,4,2024-10-21
2024-10-21 03:00:00,"249,145684728623","24,24",4,4,2024-10-21
2024-10-21 04:00:00,"399,41955846855063","32,59",4,4,2024-10-21
2024-10-21 05:00:00,"485,31724872535415","301,170013",4,4,2024-10-21
2024-10-21 06:00:00,"454,49606758262814","292,070007",4,4,2024-10-21
2024-10-21 07:00:00,"434,8256992208293","240,160004",4,4,2024-10-21
2024-10-21 08:00:00,"389,16028265508345","215,399994",4,4,2024-10-21
2024-10-21 09:00:00,"322,5912709656611","208,690002",4,4,2024-10-21
2024-10-21 10:00:00,"286,89994594832484","188,479996",4,4,2024-10-21
2024-10-21 11:00:00,"285,72478038450004","209,729996",4,4,2024-10-21
2024-10-21 12:00:00,"279,57803556670336","168,710007",4,4,2024-10-21
2024-10-21 13:00:00,"325,734196558071","434,609985",4,4,2024-10-21
2024-10-21 14:00:00,"383,48287733754154","670,289978",4,4,2024-10-21
2024-10-21 15:00:00,"463,88226298735486","969,900024",4,4,2024-10-21
2024-10-21 16:00:00,"841,5286636602093","1582,319946",4,4,2024-10-21
2024-10-21 17:00:00,"873,6051013957472","1404,810059",4,4,2024-10-21
2024-10-21 18:00:00,"638,6951916125989","957,969971",4,4,2024-10-21
2024-10-21 19:00:00,"445,0341185308068","750,320007",4,4,2024-10-21
2024-10-21 20:00:00,"389,4367851458909","729,440002",4,4,2024-10-21
2024-10-21 21:00:00,"328,4438849982371","693,419983",4,4,2024-10-21
2024-10-21 22:00:00,"321,5335728337023","666,929993",4,4,2024-10-21
2024-10-21 23:00:00,"280,3435805576278","652,76001",4,4,2024-10-21
2024-10-22 00:00:00,"246,4101561870797","639,109985",4,4,2024-10-22
2024-10-22 01:00:00,"235,11263948171234","623,52002",4,4,2024-10-22
2024-10-22 02:00:00,"260,5023160560122","619,190002",4,4,2024-10-22
2024-10-22 03:00:00,"308,38483962523145","641,419983",4,4,2024-10-22
2024-10-22 04:00:00,"351,24407025849814","731,960022",4,4,2024-10-22
2024-10-22 05:00:00,"672,9801129148487","1118,76001",4,4,2024-10-22
2024-10-22 06:00:00,"682,0361096403325","1215,27002",4,4,2024-10-22
2024-10-22 07:00:00,"642,6256636595377","846,080017",4,4,2024-10-22
2024-10-22 08:00:00,"498,0786429437392","736,809998",4,4,2024-10-22
2024-10-22 09:00:00,"422,58256652371614","639,109985",4,4,2024-10-22
2024-10-22 10:00:00,"336,84246776380803","246,720001",4,4,2024-10-22
2024-10-22 11:00:00,"294,9230763495306","232,550003",4,4,2024-10-22
2024-10-22 12:00:00,"281,9204944506854","225,539993",4,4,2024-10-22
2024-10-22 13:00:00,"303,09673065327615","229,789993",4,4,2024-10-22
2024-10-22 14:00:00,"352,4046701890212","263,130005",4,4,2024-10-22
2024-10-22 15:00:00,"445,51017296861585","759,109985",4,4,2024-10-22
2024-10-22 16:00:00,"504,6075761270676","1043,579956",4,4,2024-10-22
2024-10-22 17:00:00,"368,4984867568419","1176,560059",4,4,2024-10-22
2024-10-22 18:00:00,"342,05625111713266","850,400024",4,4,2024-10-22
2024-10-22 19:00:00,"330,46982937025143","697,72998",4,4,2024-10-22
2024-10-22 20:00:00,"291,1539099205743","713,919983",4,4,2024-10-22
2024-10-22 21:00:00,"298,7603292839312","658,950012",4,4,2024-10-22
2024-10-22 22:00:00,"307,5048500286947","602,789978",4,4,2024-10-22
2024-10-22 23:00:00,"269,4447182255041","620,690002",4,4,2024-10-22
2024-10-23 00:00:00,"235,5000093816216","611,669983",4,4,2024-10-23
2024-10-23 01:00:00,"245,71066987078063","620,539978",4,4,2024-10-23
2024-10-23 02:00:00,"253,029357764127","639,859985",4,4,2024-10-23
2024-10-23 03:00:00,"268,18430767236424","675,950012",4,4,2024-10-23
2024-10-23 04:00:00,"314,9019420660716","780,950012",4,4,2024-10-23
2024-10-23 05:00:00,"469,74079577948606","1025,329956",4,4,2024-10-23
2024-10-23 06:00:00,"586,9683167219938","1205,72998",4,4,2024-10-23
2024-10-23 07:00:00,"479,0112354505404","957,690002",4,4,2024-10-23
2024-10-23 08:00:00,"422,5051104134154","776,330017",4,4,2024-10-23
2024-10-23 09:00:00,"328,8045386034985","693,700012",4,4,2024-10-23
2024-10-23 10:00:00,"282,9785075436273","600,929993",4,4,2024-10-23
2024-10-23 11:00:00,"247,1198069612953","574,75",4,4,2024-10-23
2024-10-23 12:00:00,"243,30347320530151","562,450012",4,4,2024-10-23
2024-10-23 13:00:00,"284,99282301141363","657,830017",4,4,2024-10-23
2024-10-23 14:00:00,"311,5738577235592","696,22998",4,4,2024-10-23
2024-10-23 15:00:00,"389,73607590708417","1009,669983",4,4,2024-10-23
2024-10-23 16:00:00,"419,5595609228948","1428,859985",4,4,2024-10-23
2024-10-23 17:00:00,"301,4185951276902","1312,52002",4,4,2024-10-23
2024-10-23 18:00:00,"299,36906516621895","833,080017",4,4,2024-10-23
2024-10-23 19:00:00,"299,05341631451995","754,849976",4,4,2024-10-23
2024-10-23 20:00:00,"305,86554577552005","767,599976",4,4,2024-10-23
2024-10-23 21:00:00,"313,71147368694875","694,73999",4,4,2024-10-23
2024-10-23 22:00:00,"286,2828672490487","647,059998",4,4,2024-10-23
2024-10-23 23:00:00,"259,9641064407824","597,460022",4,4,2024-10-23
2024-10-24 00:00:00,"259,8507410781169","582,469971",4,4,2024-10-24
2024-10-24 01:00:00,"212,24845663702638","564,349976",4,4,2024-10-24
2024-10-24 02:00:00,"209,5425387049942","532,200012",4,4,2024-10-24
2024-10-24 03:00:00,"284,8080727766846","597,909973",4,4,2024-10-24
2024-10-24 04:00:00,"326,6747477200949","748,409973",4,4,2024-10-24
2024-10-24 05:00:00,"418,13849742752205","1057,98999",4,4,2024-10-24
2024-10-24 06:00:00,"418,410085510402","1233,47998",4,4,2024-10-24
2024-10-24 07:00:00,"424,89974867762004","874,820007",4,4,2024-10-24
2024-10-24 08:00:00,"357,58833282455356","760,049988",4,4,2024-10-24
2024-10-24 09:00:00,"306,0331034118612","693,969971",4,4,2024-10-24
2024-10-24 10:00:00,"286,08404697824625","626,169983",4,4,2024-10-24
2024-10-24 11:00:00,"231,3783490440143","590,299988",4,4,2024-10-24
2024-10-24 12:00:00,"253,5935298608523","607,900024",4,4,2024-10-24
2024-10-24 13:00:00,"308,5850342290978","713,72998",4,4,2024-10-24
2024-10-24 14:00:00,"293,2578786954653","809,869995",4,4,2024-10-24
2024-10-24 15:00:00,"370,3397353293095","921,659973",4,4,2024-10-24
2024-10-24 16:00:00,"420,53283272583855","1034,430054",4,4,2024-10-24
2024-10-24 17:00:00,"394,9861311146711","851,630005",4,4,2024-10-24
2024-10-24 18:00:00,"358,31715857095327","720,52002",4,4,2024-10-24
2024-10-24 19:00:00,"288,9557927816468","698,369995",4,4,2024-10-24
2024-10-24 20:00:00,"265,1625040173915","670,47998",4,4,2024-10-24
2024-10-24 21:00:00,"295,98437056250424","623,559998",4,4,2024-10-24
2024-10-24 22:00:00,"303,5592376341584","615,460022",4,4,2024-10-24
2024-10-24 23:00:00,"306,1940627976951","612,25",4,4,2024-10-24
2024-10-25 00:00:00,"291,8877849257831","594,48999",4,4,2024-10-25
2024-10-25 01:00:00,"281,2781885066663","616,200012",4,4,2024-10-25
2024-10-25 02:00:00,"287,29759995946273","630,150024",4,4,2024-10-25
2024-10-25 03:00:00,"291,55027268486634","705,650024",4,4,2024-10-25
2024-10-25 04:00:00,"387,72142181081136","812,700012",4,4,2024-10-25
2024-10-25 05:00:00,"619,5358042107822","923,190002",4,4,2024-10-25
2024-10-25 06:00:00,"738,1530161461728","1123,410034",4,4,2024-10-25
2024-10-25 07:00:00,"718,1812815237084","913,340027",4,4,2024-10-25
2024-10-25 08:00:00,"604,3936415188432","806,809998",4,4,2024-10-25
2024-10-25 09:00:00,"509,9731877468005","700,5",4,4,2024-10-25
2024-10-25 10:00:00,"484,4082115092784","604,859985",4,4,2024-10-25
2024-10-25 11:00:00,"459,35859616656643","583,22998",4,4,2024-10-25
2024-10-25 12:00:00,"436,8476886920922","615,22998",4,4,2024-10-25
2024-10-25 13:00:00,"418,6614969594639","741,01001",4,4,2024-10-25
2024-10-25 14:00:00,"454,4693648741711","880,51001",4,4,2024-10-25
2024-10-25 15:00:00,"571,8983628157754","1184,140015",4,4,2024-10-25
2024-10-25 16:00:00,"787,3508530021859","1695,829956",4,4,2024-10-25
2024-10-25 17:00:00,"845,7785742947098","1379,0",4,4,2024-10-25
2024-10-25 18:00:00,"764,9617469888711","924,01001",4,4,2024-10-25
2024-10-25 19:00:00,"677,1463278036535","867,530029",4,4,2024-10-25
2024-10-25 20:00:00,"634,9747253661563","850,150024",4,4,2024-10-25
2024-10-25 21:00:00,"569,566776999947","801,210022",4,4,2024-10-25
2024-10-25 22:00:00,"574,2043277284324","860,150024",4,4,2024-10-25
2024-10-25 23:00:00,"543,6135086773049","818,0",4,4,2024-10-25
2024-10-26 00:00:00,"523,7463314131272","797,929993",4,4,2024-10-26
2024-10-26 01:00:00,"502,291038070877","804,200012",4,4,2024-10-26
2024-10-26 02:00:00,"502,479832796643","788,599976",4,4,2024-10-26
2024-10-26 03:00:00,"503,82391720388523","796,960022",4,4,2024-10-26
2024-10-26 04:00:00,"532,6489939894598","850,0",4,4,2024-10-26
2024-10-26 05:00:00,"554,6034315589958","937,890015",4,4,2024-10-26
2024-10-26 06:00:00,"536,1308238234824","940,059998",4,4,2024-10-26
2024-10-26 07:00:00,"456,1799209118249","877,159973",4,4,2024-10-26
2024-10-26 08:00:00,"421,65353653624743","756,450012",4,4,2024-10-26
2024-10-26 09:00:00,"363,96046126175975","607,900024",4,4,2024-10-26
2024-10-26 10:00:00,"312,8043792931991","509,940002",4,4,2024-10-26
2024-10-26 11:00:00,"275,8640023914973","472,269989",4,4,2024-10-26
2024-10-26 12:00:00,"298,75770813517823","481,589996",4,4,2024-10-26
2024-10-26 13:00:00,"341,2457732228087","607,599976",4,4,2024-10-26
2024-10-26 14:00:00,"337,91444516576314","750,549988",4,4,2024-10-26
2024-10-26 15:00:00,"387,05889804661933","938,039978",4,4,2024-10-26
2024-10-26 16:00:00,"511,1120339977534","1125,829956",4,4,2024-10-26
2024-10-26 17:00:00,"445,6316339173412","885,890015",4,4,2024-10-26
2024-10-26 18:00:00,"365,08077599786213","719,809998",4,4,2024-10-26
2024-10-26 19:00:00,"308,82877080932803","662,219971",4,4,2024-10-26
2024-10-26 20:00:00,"274,974254075142","652,820007",4,4,2024-10-26
2024-10-26 21:00:00,"286,3106767142184","571,719971",4,4,2024-10-26
2024-10-26 22:00:00,"244,71446842293915","688,119995",4,4,2024-10-26
2024-10-26 23:00:00,"223,45883478793908","626,780029",4,4,2024-10-26
2024-10-27 00:00:00,"227,7514476005858","613,570007",4,4,2024-10-27
2024-10-27 01:00:00,"223,19638865110016","600,140015",4,4,2024-10-27
2024-10-27 02:00:00,"190,26458814852197","592,530029",4,4,2024-10-27
2024-10-27 03:00:00,"180,32892533012162","587,900024",4,4,2024-10-27
2024-10-27 04:00:00,"169,48505237355582","635,289978",4,4,2024-10-27
2024-10-27 05:00:00,"213,7627914332338","665,659973",4,4,2024-10-27
2024-10-27 06:00:00,"240,34651544201196","657,0",4,4,2024-10-27
2024-10-27 07:00:00,"233,28118955524076","629,320007",4,4,2024-10-27
2024-10-27 08:00:00,"132,06999409831224","496,049988",4,4,2024-10-27
2024-10-27 09:00:00,"52,67448154206311","408,299988",4,4,2024-10-27
2024-10-27 10:00:00,"32,12264664234282","317,119995",4,4,2024-10-27
2024-10-27 11:00:00,"-10,81880831722393","298,390015",4,4,2024-10-27
2024-10-27 12:00:00,"-9,357961122879072","298,470001",4,4,2024-10-27
2024-10-27 13:00:00,"-5,039762446450075","480,01001",4,4,2024-10-27
2024-10-27 14:00:00,"138,51494734175233","753,109985",4,4,2024-10-27
2024-10-27 15:00:00,"246,76093115836176","878,97998",4,4,2024-10-27
2024-10-27 16:00:00,"290,82833980353587","1106,569946",4,4,2024-10-27
2024-10-27 17:00:00,"312,26322611188516","1087,23999",4,4,2024-10-27
2024-10-27 18:00:00,"289,3226950854323","973,52002",4,4,2024-10-27
2024-10-27 19:00:00,"259,82572841654894","881,299988",4,4,2024-10-27
2024-10-27 20:00:00,"260,11955234479626","831,159973",4,4,2024-10-27
2024-10-27 21:00:00,"217,53952983934116","820,48999",4,4,2024-10-27
2024-10-27 22:00:00,"157,96058878535433","651,109985",4,4,2024-10-27
2024-10-27 23:00:00,"155,17139576581","713,340027",4,4,2024-10-27
