Time,Prediction,DKPrice,fold,week,Date
2024-01-01 00:00:00,"169,7754743511965","209,779999",1,1,2024-01-01
2024-01-01 01:00:00,"161,48800585310948","198,740005",1,1,2024-01-01
2024-01-01 02:00:00,"146,880309142497","30,860001",1,1,2024-01-01
2024-01-01 03:00:00,"167,18754447964486","-0,22",1,1,2024-01-01
2024-01-01 04:00:00,"257,97214960311356","-0,15",1,1,2024-01-01
2024-01-01 05:00:00,"365,93983761959043","-0,37",1,1,2024-01-01
2024-01-01 06:00:00,"440,5406108198359","-0,15",1,1,2024-01-01
2024-01-01 07:00:00,"462,07913395911135","0,0",1,1,2024-01-01
2024-01-01 08:00:00,"465,0120410456921","0,6",1,1,2024-01-01
2024-01-01 09:00:00,"457,1937074999694","308,179993",1,1,2024-01-01
2024-01-01 10:00:00,"438,0627186899219","324,359985",1,1,2024-01-01
2024-01-01 11:00:00,"411,63104972648296","320,700012",1,1,2024-01-01
2024-01-01 12:00:00,"428,7766260931107","330,170013",1,1,2024-01-01
2024-01-01 13:00:00,"464,4030161407799","344,709991",1,1,2024-01-01
2024-01-01 14:00:00,"483,17714524890414","377,290009",1,1,2024-01-01
2024-01-01 15:00:00,"502,17645489524415","443,329987",1,1,2024-01-01
2024-01-01 16:00:00,"553,3386912103075","484,480011",1,1,2024-01-01
2024-01-01 17:00:00,"563,6643479286021","460,26001",1,1,2024-01-01
2024-01-01 18:00:00,"542,6008518485244","456,75",1,1,2024-01-01
2024-01-01 19:00:00,"480,0991113878417","447,059998",1,1,2024-01-01
2024-01-01 20:00:00,"445,09767898261754","409,420013",1,1,2024-01-01
2024-01-01 21:00:00,"416,9792770211102","355,220001",1,1,2024-01-01
2024-01-01 22:00:00,"380,6913561183981","265,019989",1,1,2024-01-01
2024-01-01 23:00:00,"377,3524671434824","228,039993",1,1,2024-01-01
2024-01-02 00:00:00,"337,9001074964642","149,619995",1,1,2024-01-02
2024-01-02 01:00:00,"333,8605667745202","231,320007",1,1,2024-01-02
2024-01-02 02:00:00,"349,91290872990396","137,089996",1,1,2024-01-02
2024-01-02 03:00:00,"359,81084996035656","82,599998",1,1,2024-01-02
2024-01-02 04:00:00,"383,4749380738893","102,730003",1,1,2024-01-02
2024-01-02 05:00:00,"433,38873284414603","355,070007",1,1,2024-01-02
2024-01-02 06:00:00,"534,9477138900319","433,119995",1,1,2024-01-02
2024-01-02 07:00:00,"578,1558321032238","489,549988",1,1,2024-01-02
2024-01-02 08:00:00,"539,1838892444252","482,549988",1,1,2024-01-02
2024-01-02 09:00:00,"520,8174786732119","514,22998",1,1,2024-01-02
2024-01-02 10:00:00,"460,21959354347996","548,219971",1,1,2024-01-02
2024-01-02 11:00:00,"468,35419929737014","582,659973",1,1,2024-01-02
2024-01-02 12:00:00,"454,214334047946","587,960022",1,1,2024-01-02
2024-01-02 13:00:00,"421,69219436160773","590,719971",1,1,2024-01-02
2024-01-02 14:00:00,"477,1520474649249","596,080017",1,1,2024-01-02
2024-01-02 15:00:00,"490,3094798880005","607,26001",1,1,2024-01-02
2024-01-02 16:00:00,"478,5222030170418","603,23999",1,1,2024-01-02
2024-01-02 17:00:00,"444,41590870181574","558,72998",1,1,2024-01-02
2024-01-02 18:00:00,"454,15805183133136","470,98999",1,1,2024-01-02
2024-01-02 19:00:00,"441,3930273667096","425,73999",1,1,2024-01-02
2024-01-02 20:00:00,"403,4700462489044","349,549988",1,1,2024-01-02
2024-01-02 21:00:00,"373,75718475207816","298,190002",1,1,2024-01-02
2024-01-02 22:00:00,"366,6446829390647","162,589996",1,1,2024-01-02
2024-01-02 23:00:00,"359,0810180570578","7,75",1,1,2024-01-02
2024-01-03 00:00:00,"381,03579403593807","-0,07",1,1,2024-01-03
2024-01-03 01:00:00,"404,4394283493298","0,0",1,1,2024-01-03
2024-01-03 02:00:00,"397,3121076312411","-0,07",1,1,2024-01-03
2024-01-03 03:00:00,"385,23097085600546","0,0",1,1,2024-01-03
2024-01-03 04:00:00,"407,37142646914515","0,15",1,1,2024-01-03
2024-01-03 05:00:00,"420,92795465053786","8,13",1,1,2024-01-03
2024-01-03 06:00:00,"571,8811155548148","302,600006",1,1,2024-01-03
2024-01-03 07:00:00,"575,5632715986795","444,399994",1,1,2024-01-03
2024-01-03 08:00:00,"575,7913830490353","451,850006",1,1,2024-01-03
2024-01-03 09:00:00,"509,74422913971046","424,940002",1,1,2024-01-03
2024-01-03 10:00:00,"453,27216160877566","409,209991",1,1,2024-01-03
2024-01-03 11:00:00,"486,7738628519237","445,820007",1,1,2024-01-03
2024-01-03 12:00:00,"454,2547304616288","438,809998",1,1,2024-01-03
2024-01-03 13:00:00,"430,75217936917704","453,720001",1,1,2024-01-03
2024-01-03 14:00:00,"517,2419592465878","500,829987",1,1,2024-01-03
2024-01-03 15:00:00,"419,2785016849046","548,619995",1,1,2024-01-03
2024-01-03 16:00:00,"525,0670039603898","613,409973",1,1,2024-01-03
2024-01-03 17:00:00,"445,83139830154073","618,549988",1,1,2024-01-03
2024-01-03 18:00:00,"512,0095797241951","589,179993",1,1,2024-01-03
2024-01-03 19:00:00,"447,9701892160632","545,940002",1,1,2024-01-03
2024-01-03 20:00:00,"406,33847768440233","502,549988",1,1,2024-01-03
2024-01-03 21:00:00,"395,3109672937148","484,579987",1,1,2024-01-03
2024-01-03 22:00:00,"356,9567829730967","433,290009",1,1,2024-01-03
2024-01-03 23:00:00,"284,2242104222893","427,329987",1,1,2024-01-03
2024-01-04 00:00:00,"255,08746609495233","376,320007",1,1,2024-01-04
2024-01-04 01:00:00,"246,06480958031588","298,309998",1,1,2024-01-04
2024-01-04 02:00:00,"232,49235534750508","190,020004",1,1,2024-01-04
2024-01-04 03:00:00,"249,99776280058137","261,019989",1,1,2024-01-04
2024-01-04 04:00:00,"273,8609047741287","430,540009",1,1,2024-01-04
2024-01-04 05:00:00,"389,27611043817177","541,809998",1,1,2024-01-04
2024-01-04 06:00:00,"471,9534009615639","634,059998",1,1,2024-01-04
2024-01-04 07:00:00,"520,9880708597747","682,169983",1,1,2024-01-04
2024-01-04 08:00:00,"493,59574267890525","702,530029",1,1,2024-01-04
2024-01-04 09:00:00,"499,78943761194705","683,210022",1,1,2024-01-04
2024-01-04 10:00:00,"459,9035374060599","671,429993",1,1,2024-01-04
2024-01-04 11:00:00,"436,4457878099038","643,609985",1,1,2024-01-04
2024-01-04 12:00:00,"428,7842825471429","641,070007",1,1,2024-01-04
2024-01-04 13:00:00,"480,1751764089776","686,940002",1,1,2024-01-04
2024-01-04 14:00:00,"491,85004434346905","735,48999",1,1,2024-01-04
2024-01-04 15:00:00,"536,1722607867707","788,51001",1,1,2024-01-04
2024-01-04 16:00:00,"546,2366789049113","993,599976",1,1,2024-01-04
2024-01-04 17:00:00,"511,9695405243714","1078,77002",1,1,2024-01-04
2024-01-04 18:00:00,"519,4486401708513","932,22998",1,1,2024-01-04
2024-01-04 19:00:00,"427,91242178033065","772,549988",1,1,2024-01-04
2024-01-04 20:00:00,"382,3840360342622","745,859985",1,1,2024-01-04
2024-01-04 21:00:00,"362,8608319625371","707,450012",1,1,2024-01-04
2024-01-04 22:00:00,"281,0979772421167","662,47998",1,1,2024-01-04
2024-01-04 23:00:00,"257,1296955106511","642,059998",1,1,2024-01-04
2024-01-05 00:00:00,"251,2037516427744","600,51001",1,1,2024-01-05
2024-01-05 01:00:00,"229,41630996347754","574,409973",1,1,2024-01-05
2024-01-05 02:00:00,"236,97173466090712","546,059998",1,1,2024-01-05
2024-01-05 03:00:00,"237,3319854876403","552,330017",1,1,2024-01-05
2024-01-05 04:00:00,"237,96895685216703","567,099976",1,1,2024-01-05
2024-01-05 05:00:00,"292,91500772758945","604,169983",1,1,2024-01-05
2024-01-05 06:00:00,"376,31601495201585","648,919983",1,1,2024-01-05
2024-01-05 07:00:00,"492,48706211094935","668,090027",1,1,2024-01-05
2024-01-05 08:00:00,"413,7651990718008","708,070007",1,1,2024-01-05
2024-01-05 09:00:00,"364,2215059313378","718,140015",1,1,2024-01-05
2024-01-05 10:00:00,"351,2121874638207","732,609985",1,1,2024-01-05
2024-01-05 11:00:00,"324,62024715212846","688,01001",1,1,2024-01-05
2024-01-05 12:00:00,"325,5331496026889","682,780029",1,1,2024-01-05
2024-01-05 13:00:00,"335,639670038543","719,109985",1,1,2024-01-05
2024-01-05 14:00:00,"346,5293775921631","746,26001",1,1,2024-01-05
2024-01-05 15:00:00,"420,63388935590535","768,039978",1,1,2024-01-05
2024-01-05 16:00:00,"456,43950753948536","800,929993",1,1,2024-01-05
2024-01-05 17:00:00,"452,3901150784027","808,909973",1,1,2024-01-05
2024-01-05 18:00:00,"397,3223431038512","775,419983",1,1,2024-01-05
2024-01-05 19:00:00,"342,95954580872154","746,559998",1,1,2024-01-05
2024-01-05 20:00:00,"324,76407075441347","702,549988",1,1,2024-01-05
2024-01-05 21:00:00,"345,7404765018812","708,0",1,1,2024-01-05
2024-01-05 22:00:00,"277,4629492637865","647,429993",1,1,2024-01-05
2024-01-05 23:00:00,"213,11773906425066","613,47998",1,1,2024-01-05
2024-01-06 00:00:00,"190,59371404985143","598,190002",1,1,2024-01-06
2024-01-06 01:00:00,"177,3500738275338","567,830017",1,1,2024-01-06
2024-01-06 02:00:00,"182,0161879542773","544,559998",1,1,2024-01-06
2024-01-06 03:00:00,"163,91474726201352","544,559998",1,1,2024-01-06
2024-01-06 04:00:00,"159,38743640368745","556,340027",1,1,2024-01-06
2024-01-06 05:00:00,"187,76600970328565","560,150024",1,1,2024-01-06
2024-01-06 06:00:00,"270,9310580223392","607,059998",1,1,2024-01-06
2024-01-06 07:00:00,"331,6079741440164","659,349976",1,1,2024-01-06
2024-01-06 08:00:00,"369,3751770925916","687,909973",1,1,2024-01-06
2024-01-06 09:00:00,"366,89756390412896","725,72998",1,1,2024-01-06
2024-01-06 10:00:00,"354,17603632476704","749,070007",1,1,2024-01-06
2024-01-06 11:00:00,"341,37954251707185","739,599976",1,1,2024-01-06
2024-01-06 12:00:00,"350,76167836379267","710,210022",1,1,2024-01-06
2024-01-06 13:00:00,"403,3996372455443","690,299988",1,1,2024-01-06
2024-01-06 14:00:00,"432,57022325885373","709,23999",1,1,2024-01-06
2024-01-06 15:00:00,"460,05332386156925","744,75",1,1,2024-01-06
2024-01-06 16:00:00,"516,8892565367728","780,849976",1,1,2024-01-06
2024-01-06 17:00:00,"540,799779043543","774,51001",1,1,2024-01-06
2024-01-06 18:00:00,"501,42297971065665","740,719971",1,1,2024-01-06
2024-01-06 19:00:00,"447,0357439297777","687,909973",1,1,2024-01-06
2024-01-06 20:00:00,"400,35577012998124","656,359985",1,1,2024-01-06
2024-01-06 21:00:00,"343,7209573716303","647,039978",1,1,2024-01-06
2024-01-06 22:00:00,"290,60906016788084","596,919983",1,1,2024-01-06
2024-01-06 23:00:00,"271,4288293634622","642,570007",1,1,2024-01-06
2024-01-07 00:00:00,"253,53454440601087","615,049988",1,1,2024-01-07
2024-01-07 01:00:00,"212,1780391171781","573,72998",1,1,2024-01-07
2024-01-07 02:00:00,"182,82461778212527","561,48999",1,1,2024-01-07
2024-01-07 03:00:00,"165,53770778862986","546,950012",1,1,2024-01-07
2024-01-07 04:00:00,"173,2806048255439","550,309998",1,1,2024-01-07
2024-01-07 05:00:00,"189,1329285490415","560,450012",1,1,2024-01-07
2024-01-07 06:00:00,"196,40268206070778","582,080017",1,1,2024-01-07
2024-01-07 07:00:00,"196,59273898675744","610,049988",1,1,2024-01-07
2024-01-07 08:00:00,"220,72001201524952","634,219971",1,1,2024-01-07
2024-01-07 09:00:00,"217,44663628834292","650,030029",1,1,2024-01-07
2024-01-07 10:00:00,"220,1718519623717","666,210022",1,1,2024-01-07
2024-01-07 11:00:00,"217,3914324487475","682,469971",1,1,2024-01-07
2024-01-07 12:00:00,"207,94698645704764","652,789978",1,1,2024-01-07
2024-01-07 13:00:00,"214,7803562321487","634,219971",1,1,2024-01-07
2024-01-07 14:00:00,"233,00438676025303","656,440002",1,1,2024-01-07
2024-01-07 15:00:00,"271,3720232646332","696,799988",1,1,2024-01-07
2024-01-07 16:00:00,"296,9931791185215","759,080017",1,1,2024-01-07
2024-01-07 17:00:00,"289,42811264031945","782,049988",1,1,2024-01-07
2024-01-07 18:00:00,"237,66684340121842","772,349976",1,1,2024-01-07
2024-01-07 19:00:00,"212,03379447489374","749,599976",1,1,2024-01-07
2024-01-07 20:00:00,"189,33940387660564","695,97998",1,1,2024-01-07
2024-01-07 21:00:00,"205,3044832938991","680,01001",1,1,2024-01-07
2024-01-07 22:00:00,"167,2869595554836","625,48999",1,1,2024-01-07
2024-01-07 23:00:00,"187,74990712097352","649,059998",1,1,2024-01-07
2024-01-08 00:00:00,"239,62729138315606","628,919983",1,2,2024-01-08
2024-01-08 01:00:00,"188,4516992461446","610,27002",1,2,2024-01-08
2024-01-08 02:00:00,"134,59029423014817","590,059998",1,2,2024-01-08
2024-01-08 03:00:00,"146,4502586641006","585,359985",1,2,2024-01-08
2024-01-08 04:00:00,"129,2364388510327","612,359985",1,2,2024-01-08
2024-01-08 05:00:00,"197,41656522431165","703,359985",1,2,2024-01-08
2024-01-08 06:00:00,"270,38844922736786","828,669983",1,2,2024-01-08
2024-01-08 07:00:00,"303,6147150114461","903,330017",1,2,2024-01-08
2024-01-08 08:00:00,"294,769904668109","878,859985",1,2,2024-01-08
2024-01-08 09:00:00,"282,4269991295044","824,940002",1,2,2024-01-08
2024-01-08 10:00:00,"277,62871343211856","768,25",1,2,2024-01-08
2024-01-08 11:00:00,"281,1465796902342","712,309998",1,2,2024-01-08
2024-01-08 12:00:00,"262,96340373579517","701,349976",1,2,2024-01-08
2024-01-08 13:00:00,"277,91826258631255","763,25",1,2,2024-01-08
2024-01-08 14:00:00,"295,42549489374824","805,390015",1,2,2024-01-08
2024-01-08 15:00:00,"388,36608094001866","923,619995",1,2,2024-01-08
2024-01-08 16:00:00,"426,916065766883","963,299988",1,2,2024-01-08
2024-01-08 17:00:00,"447,0948956867094","969,710022",1,2,2024-01-08
2024-01-08 18:00:00,"427,582678084605","910,859985",1,2,2024-01-08
2024-01-08 19:00:00,"374,92358818036087","851,859985",1,2,2024-01-08
2024-01-08 20:00:00,"336,6342873908818","766,97998",1,2,2024-01-08
2024-01-08 21:00:00,"330,44083496565094","745,719971",1,2,2024-01-08
2024-01-08 22:00:00,"297,08906112313326","682,400024",1,2,2024-01-08
2024-01-08 23:00:00,"245,0724190614706","657,710022",1,2,2024-01-08
2024-01-09 00:00:00,"225,56373183123532","649,359985",1,2,2024-01-09
2024-01-09 01:00:00,"245,87013072009628","634,140015",1,2,2024-01-09
2024-01-09 02:00:00,"226,0731241502949","627,719971",1,2,2024-01-09
2024-01-09 03:00:00,"244,98087785991618","639,51001",1,2,2024-01-09
2024-01-09 04:00:00,"259,16927307184125","666,070007",1,2,2024-01-09
2024-01-09 05:00:00,"346,392359239448","809,530029",1,2,2024-01-09
2024-01-09 06:00:00,"392,6765690885651","925,539978",1,2,2024-01-09
2024-01-09 07:00:00,"429,5550756164023","994,030029",1,2,2024-01-09
2024-01-09 08:00:00,"419,8651023867444","902,039978",1,2,2024-01-09
2024-01-09 09:00:00,"421,19118056197385","844,450012",1,2,2024-01-09
2024-01-09 10:00:00,"415,1585849405546","789,169983",1,2,2024-01-09
2024-01-09 11:00:00,"417,1371248990409","747,690002",1,2,2024-01-09
2024-01-09 12:00:00,"416,04455028647357","752,159973",1,2,2024-01-09
2024-01-09 13:00:00,"433,11812706787674","827,289978",1,2,2024-01-09
2024-01-09 14:00:00,"480,7371091678668","890,780029",1,2,2024-01-09
2024-01-09 15:00:00,"543,1332881239302","953,820007",1,2,2024-01-09
2024-01-09 16:00:00,"554,2277396134684","1028,349976",1,2,2024-01-09
2024-01-09 17:00:00,"536,6135897733878","1028,050049",1,2,2024-01-09
2024-01-09 18:00:00,"522,7647359341277","973,070007",1,2,2024-01-09
2024-01-09 19:00:00,"481,28255391248854","897,039978",1,2,2024-01-09
2024-01-09 20:00:00,"436,6583760120085","833,179993",1,2,2024-01-09
2024-01-09 21:00:00,"438,5465558797452","792,150024",1,2,2024-01-09
2024-01-09 22:00:00,"329,3300199084264","724,340027",1,2,2024-01-09
2024-01-09 23:00:00,"354,4855755764317","665,900024",1,2,2024-01-09
2024-01-10 00:00:00,"357,52769824486916","647,039978",1,2,2024-01-10
2024-01-10 01:00:00,"358,20212186643164","646,809998",1,2,2024-01-10
2024-01-10 02:00:00,"341,6549997559522","642,039978",1,2,2024-01-10
2024-01-10 03:00:00,"322,6706068357556","643,599976",1,2,2024-01-10
2024-01-10 04:00:00,"349,29847204207994","664,109985",1,2,2024-01-10
2024-01-10 05:00:00,"375,36785632997703","812,0",1,2,2024-01-10
2024-01-10 06:00:00,"491,27551826705167","941,840027",1,2,2024-01-10
2024-01-10 07:00:00,"556,9570882944668","1053,630005",1,2,2024-01-10
2024-01-10 08:00:00,"553,433148342055","972,419983",1,2,2024-01-10
2024-01-10 09:00:00,"521,5526095308898","884,190002",1,2,2024-01-10
2024-01-10 10:00:00,"504,0885156926844","813,869995",1,2,2024-01-10
2024-01-10 11:00:00,"503,52771499165465","762,26001",1,2,2024-01-10
2024-01-10 12:00:00,"496,8518296176807","787,609985",1,2,2024-01-10
2024-01-10 13:00:00,"501,4287732168493","842,059998",1,2,2024-01-10
2024-01-10 14:00:00,"536,6146622896576","923,27002",1,2,2024-01-10
2024-01-10 15:00:00,"560,8019712113569","1004,109985",1,2,2024-01-10
2024-01-10 16:00:00,"599,0610981781745","1072,349976",1,2,2024-01-10
2024-01-10 17:00:00,"591,5229244862675","1044,089966",1,2,2024-01-10
2024-01-10 18:00:00,"557,4427967216402","985,539978",1,2,2024-01-10
2024-01-10 19:00:00,"515,6151827995513","894,929993",1,2,2024-01-10
2024-01-10 20:00:00,"413,9721200027893","818,559998",1,2,2024-01-10
2024-01-10 21:00:00,"378,1705295085813","779,26001",1,2,2024-01-10
2024-01-10 22:00:00,"316,3411988201845","677,909973",1,2,2024-01-10
2024-01-10 23:00:00,"292,231436583751","684,27002",1,2,2024-01-10
2024-01-11 00:00:00,"248,00798154719794","660,700012",1,2,2024-01-11
2024-01-11 01:00:00,"216,6769110677815","650,710022",1,2,2024-01-11
2024-01-11 02:00:00,"194,9490005365709","614,390015",1,2,2024-01-11
2024-01-11 03:00:00,"172,04783230640254","611,179993",1,2,2024-01-11
2024-01-11 04:00:00,"219,71013575528818","666,440002",1,2,2024-01-11
2024-01-11 05:00:00,"291,97771780873614","761,22998",1,2,2024-01-11
2024-01-11 06:00:00,"399,29297113445324","871,530029",1,2,2024-01-11
2024-01-11 07:00:00,"456,35005772406663","1051,569946",1,2,2024-01-11
2024-01-11 08:00:00,"443,0350859776063","963,27002",1,2,2024-01-11
2024-01-11 09:00:00,"401,78801081708747","847,590027",1,2,2024-01-11
2024-01-11 10:00:00,"403,9199357733343","794,119995",1,2,2024-01-11
2024-01-11 11:00:00,"376,7014164903199","741,169983",1,2,2024-01-11
2024-01-11 12:00:00,"315,81303612686224","738,340027",1,2,2024-01-11
2024-01-11 13:00:00,"376,496214066501","790,390015",1,2,2024-01-11
2024-01-11 14:00:00,"415,40019321794716","879,73999",1,2,2024-01-11
2024-01-11 15:00:00,"467,4738201428767","1024,349976",1,2,2024-01-11
2024-01-11 16:00:00,"547,1412328870572","1119,359985",1,2,2024-01-11
2024-01-11 17:00:00,"585,5816024755047","1019,429993",1,2,2024-01-11
2024-01-11 18:00:00,"539,8767998175746","986,76001",1,2,2024-01-11
2024-01-11 19:00:00,"437,0075645519368","879,140015",1,2,2024-01-11
2024-01-11 20:00:00,"407,07860983846757","799,419983",1,2,2024-01-11
2024-01-11 21:00:00,"415,12587960882246","745,789978",1,2,2024-01-11
2024-01-11 22:00:00,"292,98859883418504","725,059998",1,2,2024-01-11
2024-01-11 23:00:00,"305,09546777904325","678,890015",1,2,2024-01-11
2024-01-12 00:00:00,"265,0608289777642","657,859985",1,2,2024-01-12
2024-01-12 01:00:00,"247,6234750875035","635,48999",1,2,2024-01-12
2024-01-12 02:00:00,"244,00384638944368","631,090027",1,2,2024-01-12
2024-01-12 03:00:00,"251,65085068051374","628,929993",1,2,2024-01-12
2024-01-12 04:00:00,"254,82353255810904","628,190002",1,2,2024-01-12
2024-01-12 05:00:00,"291,4623388350746","665,469971",1,2,2024-01-12
2024-01-12 06:00:00,"407,9366500471363","881,130005",1,2,2024-01-12
2024-01-12 07:00:00,"422,7071106189966","1049,51001",1,2,2024-01-12
2024-01-12 08:00:00,"452,86975241028676","1006,409973",1,2,2024-01-12
2024-01-12 09:00:00,"503,8153738104372","909,840027",1,2,2024-01-12
2024-01-12 10:00:00,"504,4543468118622","855,549988",1,2,2024-01-12
2024-01-12 11:00:00,"484,7112627457321","797,76001",1,2,2024-01-12
2024-01-12 12:00:00,"488,54948015863573","768,679993",1,2,2024-01-12
2024-01-12 13:00:00,"518,5215173985416","779,559998",1,2,2024-01-12
2024-01-12 14:00:00,"449,5038511945628","820,280029",1,2,2024-01-12
2024-01-12 15:00:00,"468,5742800648816","894,849976",1,2,2024-01-12
2024-01-12 16:00:00,"469,431122813815","950,780029",1,2,2024-01-12
2024-01-12 17:00:00,"514,4562475142357","939,590027",1,2,2024-01-12
2024-01-12 18:00:00,"467,9676595138593","890,900024",1,2,2024-01-12
2024-01-12 19:00:00,"429,28877313201593","798,880005",1,2,2024-01-12
2024-01-12 20:00:00,"319,16331556513785","683,820007",1,2,2024-01-12
2024-01-12 21:00:00,"385,87035777885586","634,0",1,2,2024-01-12
2024-01-12 22:00:00,"323,1715052576701","615,140015",1,2,2024-01-12
2024-01-12 23:00:00,"259,1388523496995","544,869995",1,2,2024-01-12
2024-01-13 00:00:00,"254,8966723579263","558,140015",1,2,2024-01-13
2024-01-13 01:00:00,"253,93107913680606","549,200012",1,2,2024-01-13
2024-01-13 02:00:00,"224,8388970812073","532,190002",1,2,2024-01-13
2024-01-13 03:00:00,"227,53005459519895","538,679993",1,2,2024-01-13
2024-01-13 04:00:00,"249,32204434533836","512,51001",1,2,2024-01-13
2024-01-13 05:00:00,"226,1996257791017","486,040009",1,2,2024-01-13
2024-01-13 06:00:00,"308,38164251077814","510,869995",1,2,2024-01-13
2024-01-13 07:00:00,"354,53070566141923","500,799988",1,2,2024-01-13
2024-01-13 08:00:00,"420,52983187016173","546,659973",1,2,2024-01-13
2024-01-13 09:00:00,"408,40192385138937","537,039978",1,2,2024-01-13
2024-01-13 10:00:00,"435,29259837356534","529,289978",1,2,2024-01-13
2024-01-13 11:00:00,"418,2606323461992","521,609985",1,2,2024-01-13
2024-01-13 12:00:00,"402,0426817305006","474,779999",1,2,2024-01-13
2024-01-13 13:00:00,"405,810782102673","506,390015",1,2,2024-01-13
2024-01-13 14:00:00,"470,62548752220863","511,609985",1,2,2024-01-13
2024-01-13 15:00:00,"509,0523998539745","527,789978",1,2,2024-01-13
2024-01-13 16:00:00,"561,3236869754609","553,450012",1,2,2024-01-13
2024-01-13 17:00:00,"585,6104419526823","565,299988",1,2,2024-01-13
2024-01-13 18:00:00,"568,7616828132709","550,460022",1,2,2024-01-13
2024-01-13 19:00:00,"503,85887652930194","544,799988",1,2,2024-01-13
2024-01-13 20:00:00,"459,39524983908416","528,909973",1,2,2024-01-13
2024-01-13 21:00:00,"414,9770467700467","479,470001",1,2,2024-01-13
2024-01-13 22:00:00,"351,45353214934175","470,970001",1,2,2024-01-13
2024-01-13 23:00:00,"354,7933609795759","477,420013",1,2,2024-01-13
2024-01-14 00:00:00,"270,6440247914732","463,179993",1,2,2024-01-14
2024-01-14 01:00:00,"280,8411394261055","469,290009",1,2,2024-01-14
2024-01-14 02:00:00,"257,9292524381998","477,350006",1,2,2024-01-14
2024-01-14 03:00:00,"255,85083608096562","482,269989",1,2,2024-01-14
2024-01-14 04:00:00,"245,27758876169602","486,220001",1,2,2024-01-14
2024-01-14 05:00:00,"266,2302575635824","501,950012",1,2,2024-01-14
2024-01-14 06:00:00,"278,87075152745166","534,390015",1,2,2024-01-14
2024-01-14 07:00:00,"345,3133355802867","572,280029",1,2,2024-01-14
2024-01-14 08:00:00,"344,44098166651344","605,090027",1,2,2024-01-14
2024-01-14 09:00:00,"334,6463046063063","601,289978",1,2,2024-01-14
2024-01-14 10:00:00,"333,58726253352506","610,309998",1,2,2024-01-14
2024-01-14 11:00:00,"311,6549387437401","599,5",1,2,2024-01-14
2024-01-14 12:00:00,"305,5353263403074","574,52002",1,2,2024-01-14
2024-01-14 13:00:00,"315,64068564859184","590,25",1,2,2024-01-14
2024-01-14 14:00:00,"324,16895765627714","613,890015",1,2,2024-01-14
2024-01-14 15:00:00,"368,6705495655965","645,960022",1,2,2024-01-14
2024-01-14 16:00:00,"400,97933760973643","685,030029",1,2,2024-01-14
2024-01-14 17:00:00,"398,2029003992999","705,76001",1,2,2024-01-14
2024-01-14 18:00:00,"325,35096787755316","635,809998",1,2,2024-01-14
2024-01-14 19:00:00,"299,83668861149863","589,580017",1,2,2024-01-14
2024-01-14 20:00:00,"294,6899148652914","586,150024",1,2,2024-01-14
2024-01-14 21:00:00,"303,53425922995","562,210022",1,2,2024-01-14
2024-01-14 22:00:00,"260,66176985823057","501,059998",1,2,2024-01-14
2024-01-14 23:00:00,"263,00066172330634","506,350006",1,2,2024-01-14
2024-01-15 00:00:00,"208,30928279156694","484,730011",1,3,2024-01-15
2024-01-15 01:00:00,"237,91519710673214","476,820007",1,3,2024-01-15
2024-01-15 02:00:00,"205,6314381058607","462,649994",1,3,2024-01-15
2024-01-15 03:00:00,"207,41602932276984","462,649994",1,3,2024-01-15
2024-01-15 04:00:00,"198,1115197437649","516,419983",1,3,2024-01-15
2024-01-15 05:00:00,"274,5894508108238","596,219971",1,3,2024-01-15
2024-01-15 06:00:00,"310,83179235907323","625,22998",1,3,2024-01-15
2024-01-15 07:00:00,"388,4181282655912","740,52002",1,3,2024-01-15
2024-01-15 08:00:00,"381,65668148829076","747,900024",1,3,2024-01-15
2024-01-15 09:00:00,"357,83691421270527","707,549988",1,3,2024-01-15
2024-01-15 10:00:00,"365,5253773743851","673,099976",1,3,2024-01-15
2024-01-15 11:00:00,"356,37130750337286","625,369995",1,3,2024-01-15
2024-01-15 12:00:00,"339,43834426991936","612,619995",1,3,2024-01-15
2024-01-15 13:00:00,"356,93581503354574","630,150024",1,3,2024-01-15
2024-01-15 14:00:00,"410,1287999359648","666,98999",1,3,2024-01-15
2024-01-15 15:00:00,"490,26026877904644","745,140015",1,3,2024-01-15
2024-01-15 16:00:00,"512,3104928629139","813,450012",1,3,2024-01-15
2024-01-15 17:00:00,"531,082655071049","861,849976",1,3,2024-01-15
2024-01-15 18:00:00,"505,61008386625804","825,22998",1,3,2024-01-15
2024-01-15 19:00:00,"459,1039469917834","769,22998",1,3,2024-01-15
2024-01-15 20:00:00,"407,07541505570356","693,159973",1,3,2024-01-15
2024-01-15 21:00:00,"439,76339718653526","667,359985",1,3,2024-01-15
2024-01-15 22:00:00,"354,22627440242616","644,539978",1,3,2024-01-15
2024-01-15 23:00:00,"359,65394990546883","607,469971",1,3,2024-01-15
2024-01-16 00:00:00,"323,75599356410044","607,099976",1,3,2024-01-16
2024-01-16 01:00:00,"355,0300045691598","597,179993",1,3,2024-01-16
2024-01-16 02:00:00,"321,6245374337238","583,679993",1,3,2024-01-16
2024-01-16 03:00:00,"298,7052788330881","578,679993",1,3,2024-01-16
2024-01-16 04:00:00,"320,3732274834809","622,390015",1,3,2024-01-16
2024-01-16 05:00:00,"417,6069210735185","701,590027",1,3,2024-01-16
2024-01-16 06:00:00,"495,5875757185024","855,97998",1,3,2024-01-16
2024-01-16 07:00:00,"506,64668250851474","1119,849976",1,3,2024-01-16
2024-01-16 08:00:00,"512,7121062842489","1121,119995",1,3,2024-01-16
2024-01-16 09:00:00,"499,01843384540666","1039,670044",1,3,2024-01-16
2024-01-16 10:00:00,"462,5305797480866","871,940002",1,3,2024-01-16
2024-01-16 11:00:00,"466,41824768661826","771,400024",1,3,2024-01-16
2024-01-16 12:00:00,"467,2420961319874","708,380005",1,3,2024-01-16
2024-01-16 13:00:00,"503,2753411633601","715,98999",1,3,2024-01-16
2024-01-16 14:00:00,"554,2858866598004","822,27002",1,3,2024-01-16
2024-01-16 15:00:00,"636,7240679634614","830,77002",1,3,2024-01-16
2024-01-16 16:00:00,"676,7476496614432","955,77002",1,3,2024-01-16
2024-01-16 17:00:00,"652,5440393656568","949,5",1,3,2024-01-16
2024-01-16 18:00:00,"606,8192591281127","833,599976",1,3,2024-01-16
2024-01-16 19:00:00,"562,6889211276972","712,179993",1,3,2024-01-16
2024-01-16 20:00:00,"504,1085089070621","642,969971",1,3,2024-01-16
2024-01-16 21:00:00,"484,07400705392234","611,869995",1,3,2024-01-16
2024-01-16 22:00:00,"409,70495840342517","579,429993",1,3,2024-01-16
2024-01-16 23:00:00,"367,75814044498276","506,070007",1,3,2024-01-16
2024-01-17 00:00:00,"358,3954311152255","502,269989",1,3,2024-01-17
2024-01-17 01:00:00,"346,5073295319712","495,779999",1,3,2024-01-17
2024-01-17 02:00:00,"334,02323805119954","489,220001",1,3,2024-01-17
2024-01-17 03:00:00,"338,71943746469145","487,429993",1,3,2024-01-17
2024-01-17 04:00:00,"352,38274595778176","487,209991",1,3,2024-01-17
2024-01-17 05:00:00,"426,89894045143797","499,209991",1,3,2024-01-17
2024-01-17 06:00:00,"599,89355064247","591,23999",1,3,2024-01-17
2024-01-17 07:00:00,"672,9461955519643","715,929993",1,3,2024-01-17
2024-01-17 08:00:00,"661,2965162032501","767,159973",1,3,2024-01-17
2024-01-17 09:00:00,"621,4262286525693","797,289978",1,3,2024-01-17
2024-01-17 10:00:00,"591,790296003244","802,890015",1,3,2024-01-17
2024-01-17 11:00:00,"563,5373820122696","877,840027",1,3,2024-01-17
2024-01-17 12:00:00,"556,9443748138893","907,590027",1,3,2024-01-17
2024-01-17 13:00:00,"610,4933976449737","907,890015",1,3,2024-01-17
2024-01-17 14:00:00,"663,2985484300626","935,630005",1,3,2024-01-17
2024-01-17 15:00:00,"695,0080495209186","958,75",1,3,2024-01-17
2024-01-17 16:00:00,"765,3916078403743","1047,939941",1,3,2024-01-17
2024-01-17 17:00:00,"731,4112089389121","921,690002",1,3,2024-01-17
2024-01-17 18:00:00,"680,3674112374625","852,26001",1,3,2024-01-17
2024-01-17 19:00:00,"616,6128833631063","818,849976",1,3,2024-01-17
2024-01-17 20:00:00,"511,94130940296543","753,890015",1,3,2024-01-17
2024-01-17 21:00:00,"479,9385366385427","703,099976",1,3,2024-01-17
2024-01-17 22:00:00,"386,58838767531967","627,710022",1,3,2024-01-17
2024-01-17 23:00:00,"424,7737973687238","606,580017",1,3,2024-01-17
2024-01-18 00:00:00,"372,9368829883594","575,780029",1,3,2024-01-18
2024-01-18 01:00:00,"346,81919149688946","561,530029",1,3,2024-01-18
2024-01-18 02:00:00,"305,90697627060825","558,700012",1,3,2024-01-18
2024-01-18 03:00:00,"333,78042574771365","578,539978",1,3,2024-01-18
2024-01-18 04:00:00,"385,12090305550436","604,119995",1,3,2024-01-18
2024-01-18 05:00:00,"475,87867298327996","680,570007",1,3,2024-01-18
2024-01-18 06:00:00,"551,5209189884408","831,969971",1,3,2024-01-18
2024-01-18 07:00:00,"673,9078598923185","938,919983",1,3,2024-01-18
2024-01-18 08:00:00,"660,5520069938812","911,179993",1,3,2024-01-18
2024-01-18 09:00:00,"595,211091266201","827,119995",1,3,2024-01-18
2024-01-18 10:00:00,"533,7098333804661","805,119995",1,3,2024-01-18
2024-01-18 11:00:00,"499,28941401099536","697,719971",1,3,2024-01-18
2024-01-18 12:00:00,"495,74893048750187","653,48999",1,3,2024-01-18
2024-01-18 13:00:00,"549,5450628187588","644,619995",1,3,2024-01-18
2024-01-18 14:00:00,"592,6906570013214","702,940002",1,3,2024-01-18
2024-01-18 15:00:00,"694,3009670770019","742,25",1,3,2024-01-18
2024-01-18 16:00:00,"819,1800149683779","780,72998",1,3,2024-01-18
2024-01-18 17:00:00,"800,628289605547","770,140015",1,3,2024-01-18
2024-01-18 18:00:00,"727,7895219298226","705,030029",1,3,2024-01-18
2024-01-18 19:00:00,"616,8627373685686","648,650024",1,3,2024-01-18
2024-01-18 20:00:00,"565,9976721356854","605,090027",1,3,2024-01-18
2024-01-18 21:00:00,"532,2841439061281","577,48999",1,3,2024-01-18
2024-01-18 22:00:00,"495,71733353286055","532,0",1,3,2024-01-18
2024-01-18 23:00:00,"467,9520046070655","510,089996",1,3,2024-01-18
2024-01-19 00:00:00,"437,7167449101221","487,269989",1,3,2024-01-19
2024-01-19 01:00:00,"431,9107846293626","477,649994",1,3,2024-01-19
2024-01-19 02:00:00,"436,15776404681793","468,029999",1,3,2024-01-19
2024-01-19 03:00:00,"436,17216884054574","472,209991",1,3,2024-01-19
2024-01-19 04:00:00,"424,9965313483062","491,079987",1,3,2024-01-19
2024-01-19 05:00:00,"469,0852438875442","564,830017",1,3,2024-01-19
2024-01-19 06:00:00,"564,7746218507755","639,330017",1,3,2024-01-19
2024-01-19 07:00:00,"601,6988318964268","776,030029",1,3,2024-01-19
2024-01-19 08:00:00,"599,9230144197088","767,0",1,3,2024-01-19
2024-01-19 09:00:00,"575,2837112987775","709,580017",1,3,2024-01-19
2024-01-19 10:00:00,"559,3616036874481","644,030029",1,3,2024-01-19
2024-01-19 11:00:00,"518,6694740883835","572,960022",1,3,2024-01-19
2024-01-19 12:00:00,"509,10208745967145","547,01001",1,3,2024-01-19
2024-01-19 13:00:00,"540,7947786845044","560,880005",1,3,2024-01-19
2024-01-19 14:00:00,"560,9683579484949","577,580017",1,3,2024-01-19
2024-01-19 15:00:00,"578,5415499136395","631,570007",1,3,2024-01-19
2024-01-19 16:00:00,"678,1370931149805","698,02002",1,3,2024-01-19
2024-01-19 17:00:00,"682,3184387976005","656,630005",1,3,2024-01-19
2024-01-19 18:00:00,"635,715141241572","576,98999",1,3,2024-01-19
2024-01-19 19:00:00,"587,310865334075","551,849976",1,3,2024-01-19
2024-01-19 20:00:00,"502,5470909809023","530,380005",1,3,2024-01-19
2024-01-19 21:00:00,"517,0978763251159","511,880005",1,3,2024-01-19
2024-01-19 22:00:00,"446,44012806081975","482,869995",1,3,2024-01-19
2024-01-19 23:00:00,"429,0043994620161","492,200012",1,3,2024-01-19
2024-01-20 00:00:00,"414,84979650260675","473,179993",1,3,2024-01-20
2024-01-20 01:00:00,"414,35044864794236","473,850006",1,3,2024-01-20
2024-01-20 02:00:00,"395,96853324083185","461,019989",1,3,2024-01-20
2024-01-20 03:00:00,"391,04555331528456","461,25",1,3,2024-01-20
2024-01-20 04:00:00,"397,91300000974104","460,5",1,3,2024-01-20
2024-01-20 05:00:00,"393,0271534391801","466,769989",1,3,2024-01-20
2024-01-20 06:00:00,"443,77623403401276","498,910004",1,3,2024-01-20
2024-01-20 07:00:00,"510,15276273572505","557,969971",1,3,2024-01-20
2024-01-20 08:00:00,"499,8391412216413","580,940002",1,3,2024-01-20
2024-01-20 09:00:00,"502,45458224649","535,450012",1,3,2024-01-20
2024-01-20 10:00:00,"504,3372993805518","527,77002",1,3,2024-01-20
2024-01-20 11:00:00,"496,182700598307","505,100006",1,3,2024-01-20
2024-01-20 12:00:00,"468,8311716038646","512,929993",1,3,2024-01-20
2024-01-20 13:00:00,"514,656704080935","547,309998",1,3,2024-01-20
2024-01-20 14:00:00,"548,2804907452929","589,960022",1,3,2024-01-20
2024-01-20 15:00:00,"603,4431224309741","654,77002",1,3,2024-01-20
2024-01-20 16:00:00,"644,6298119631991","707,940002",1,3,2024-01-20
2024-01-20 17:00:00,"644,949135750922","744,780029",1,3,2024-01-20
2024-01-20 18:00:00,"601,4684968283177","682,880005",1,3,2024-01-20
2024-01-20 19:00:00,"559,9968734143358","596,599976",1,3,2024-01-20
2024-01-20 20:00:00,"525,9229595558686","547,309998",1,3,2024-01-20
2024-01-20 21:00:00,"486,8102349401105","525,159973",1,3,2024-01-20
2024-01-20 22:00:00,"462,037314413594","499,579987",1,3,2024-01-20
2024-01-20 23:00:00,"460,5577448081828","445,26001",1,3,2024-01-20
2024-01-21 00:00:00,"404,4630131561493","429,230011",1,3,2024-01-21
2024-01-21 01:00:00,"399,6677695382115","411,329987",1,3,2024-01-21
2024-01-21 02:00:00,"380,8104035126796","379,549988",1,3,2024-01-21
2024-01-21 03:00:00,"385,875165525418","361,799988",1,3,2024-01-21
2024-01-21 04:00:00,"386,9784693209505","353,899994",1,3,2024-01-21
2024-01-21 05:00:00,"385,7721083479714","339,579987",1,3,2024-01-21
2024-01-21 06:00:00,"402,4975419333084","327,869995",1,3,2024-01-21
2024-01-21 07:00:00,"444,7993668737488","383,059998",1,3,2024-01-21
2024-01-21 08:00:00,"474,08026423296536","405,429993",1,3,2024-01-21
2024-01-21 09:00:00,"443,7847154833344","343,529999",1,3,2024-01-21
2024-01-21 10:00:00,"457,16625781737673","363,0",1,3,2024-01-21
2024-01-21 11:00:00,"447,09648954649276","287,0",1,3,2024-01-21
2024-01-21 12:00:00,"435,50443755704333","281,100006",1,3,2024-01-21
2024-01-21 13:00:00,"460,0455499726606","330,399994",1,3,2024-01-21
2024-01-21 14:00:00,"459,50385889908443","365,76001",1,3,2024-01-21
2024-01-21 15:00:00,"521,079513498297","371,649994",1,3,2024-01-21
2024-01-21 16:00:00,"516,8211347276252","422,51001",1,3,2024-01-21
2024-01-21 17:00:00,"505,31170631209153","458,309998",1,3,2024-01-21
2024-01-21 18:00:00,"482,0669360782258","437,359985",1,3,2024-01-21
2024-01-21 19:00:00,"449,6313321417331","384,100006",1,3,2024-01-21
2024-01-21 20:00:00,"397,1000508483546","391,26001",1,3,2024-01-21
2024-01-21 21:00:00,"432,6170335704489","375,829987",1,3,2024-01-21
2024-01-21 22:00:00,"370,7662169116561","294,309998",1,3,2024-01-21
2024-01-21 23:00:00,"368,5371558847351","273,420013",1,3,2024-01-21
2024-01-22 00:00:00,"312,9487147305145","165,869995",1,4,2024-01-22
2024-01-22 01:00:00,"353,65764574633084","138,869995",1,4,2024-01-22
2024-01-22 02:00:00,"366,2487773591911","37,59",1,4,2024-01-22
2024-01-22 03:00:00,"361,2335023355989","37,740002",1,4,2024-01-22
2024-01-22 04:00:00,"391,3091937833322","149,169998",1,4,2024-01-22
2024-01-22 05:00:00,"414,2530194935027","302,059998",1,4,2024-01-22
2024-01-22 06:00:00,"438,30638598203234","451,01001",1,4,2024-01-22
2024-01-22 07:00:00,"409,30024405605724","495,829987",1,4,2024-01-22
2024-01-22 08:00:00,"480,4556411769315","429,450012",1,4,2024-01-22
2024-01-22 09:00:00,"377,516890945216","459,059998",1,4,2024-01-22
2024-01-22 10:00:00,"463,3199051067434","451,970001",1,4,2024-01-22
2024-01-22 11:00:00,"394,96805056957453","424,529999",1,4,2024-01-22
2024-01-22 12:00:00,"441,1235165562961","423,040009",1,4,2024-01-22
2024-01-22 13:00:00,"410,99925711721784","434,299988",1,4,2024-01-22
2024-01-22 14:00:00,"456,3237205567998","445,48999",1,4,2024-01-22
2024-01-22 15:00:00,"505,58155604841755","447,429993",1,4,2024-01-22
2024-01-22 16:00:00,"562,4385991832646","461,299988",1,4,2024-01-22
2024-01-22 17:00:00,"651,7829789504755","455,179993",1,4,2024-01-22
2024-01-22 18:00:00,"622,2530584500462","447,720001",1,4,2024-01-22
2024-01-22 19:00:00,"581,78774562927","444,519989",1,4,2024-01-22
2024-01-22 20:00:00,"541,0075752040008","425,119995",1,4,2024-01-22
2024-01-22 21:00:00,"526,4773184938781","416,850006",1,4,2024-01-22
2024-01-22 22:00:00,"453,87079151874","372,019989",1,4,2024-01-22
2024-01-22 23:00:00,"437,10599124023884","121,040001",1,4,2024-01-22
2024-01-23 00:00:00,"430,7768186919319","75,330002",1,4,2024-01-23
2024-01-23 01:00:00,"443,5346646905253","69,879997",1,4,2024-01-23
2024-01-23 02:00:00,"438,91100991367955","31,1",1,4,2024-01-23
2024-01-23 03:00:00,"431,5804827616213","76,220001",1,4,2024-01-23
2024-01-23 04:00:00,"456,3033664243625","292,579987",1,4,2024-01-23
2024-01-23 05:00:00,"535,5997164881961","439,940002",1,4,2024-01-23
2024-01-23 06:00:00,"748,1529836789286","454,410004",1,4,2024-01-23
2024-01-23 07:00:00,"768,8590359825774","461,649994",1,4,2024-01-23
2024-01-23 08:00:00,"715,0299430465957","455,76001",1,4,2024-01-23
2024-01-23 09:00:00,"730,522586566999","447,25",1,4,2024-01-23
2024-01-23 10:00:00,"710,5378957453906","443,299988",1,4,2024-01-23
2024-01-23 11:00:00,"689,8703958372936","441,059998",1,4,2024-01-23
2024-01-23 12:00:00,"673,6477910221724","443,230011",1,4,2024-01-23
2024-01-23 13:00:00,"722,4388986296578","461,649994",1,4,2024-01-23
2024-01-23 14:00:00,"758,0678556164243","468,059998",1,4,2024-01-23
2024-01-23 15:00:00,"796,446195340622","494,390015",1,4,2024-01-23
2024-01-23 16:00:00,"875,8062625832523","510,570007",1,4,2024-01-23
2024-01-23 17:00:00,"818,2717502035304","498,040009",1,4,2024-01-23
2024-01-23 18:00:00,"715,7645903850438","472,390015",1,4,2024-01-23
2024-01-23 19:00:00,"625,8260580781616","450,910004",1,4,2024-01-23
2024-01-23 20:00:00,"582,7811046351987","400,790009",1,4,2024-01-23
2024-01-23 21:00:00,"517,4634408884032","338,290009",1,4,2024-01-23
2024-01-23 22:00:00,"392,7939777259162","248,050003",1,4,2024-01-23
2024-01-23 23:00:00,"371,76273442570584","22,74",1,4,2024-01-23
2024-01-24 00:00:00,"380,84797647412006","-0,22",1,4,2024-01-24
2024-01-24 01:00:00,"386,6663209011059","0,0",1,4,2024-01-24
2024-01-24 02:00:00,"382,4885774288899","-0,07",1,4,2024-01-24
2024-01-24 03:00:00,"383,86718633186206","-0,15",1,4,2024-01-24
2024-01-24 04:00:00,"380,79794335958593","-1,34",1,4,2024-01-24
2024-01-24 05:00:00,"425,0685710007195","110,07",1,4,2024-01-24
2024-01-24 06:00:00,"518,1556106547362","313,869995",1,4,2024-01-24
2024-01-24 07:00:00,"615,1061087924255","373,380005",1,4,2024-01-24
2024-01-24 08:00:00,"622,7910391067603","369,429993",1,4,2024-01-24
2024-01-24 09:00:00,"585,3454157185646","373,600006",1,4,2024-01-24
2024-01-24 10:00:00,"563,4107987458456","378,670013",1,4,2024-01-24
2024-01-24 11:00:00,"558,7693317081033","293,209991",1,4,2024-01-24
2024-01-24 12:00:00,"561,9929639612925","271,73999",1,4,2024-01-24
2024-01-24 13:00:00,"659,3411476244345","335,869995",1,4,2024-01-24
2024-01-24 14:00:00,"726,4894610535497","372,480011",1,4,2024-01-24
2024-01-24 15:00:00,"784,3232113987839","378,820007",1,4,2024-01-24
2024-01-24 16:00:00,"892,2064520155529","404,25",1,4,2024-01-24
2024-01-24 17:00:00,"797,1316939594191","397,609985",1,4,2024-01-24
2024-01-24 18:00:00,"732,3053184354586","373,529999",1,4,2024-01-24
2024-01-24 19:00:00,"624,1709471129783","314,540009",1,4,2024-01-24
2024-01-24 20:00:00,"539,237399360337","298,579987",1,4,2024-01-24
2024-01-24 21:00:00,"500,8472348113028","313,269989",1,4,2024-01-24
2024-01-24 22:00:00,"470,9134295697192","287,320007",1,4,2024-01-24
2024-01-24 23:00:00,"452,52316788768314","330,630005",1,4,2024-01-24
2024-01-25 00:00:00,"448,61071778980335","335,98999",1,4,2024-01-25
2024-01-25 01:00:00,"401,09437283794847","323,170013",1,4,2024-01-25
2024-01-25 02:00:00,"380,47836037463543","334,950012",1,4,2024-01-25
2024-01-25 03:00:00,"397,6260428932816","344,640015",1,4,2024-01-25
2024-01-25 04:00:00,"460,9650112885191","390,579987",1,4,2024-01-25
2024-01-25 05:00:00,"539,8707437367076","432,709991",1,4,2024-01-25
2024-01-25 06:00:00,"709,7059925990143","492,51001",1,4,2024-01-25
2024-01-25 07:00:00,"834,9714803982203","663,789978",1,4,2024-01-25
2024-01-25 08:00:00,"827,9721769854551","635,679993",1,4,2024-01-25
2024-01-25 09:00:00,"759,1344130272624","606,599976",1,4,2024-01-25
2024-01-25 10:00:00,"731,0009520719199","568,340027",1,4,2024-01-25
2024-01-25 11:00:00,"669,6446249450316","545,450012",1,4,2024-01-25
2024-01-25 12:00:00,"655,1756354442525","566,630005",1,4,2024-01-25
2024-01-25 13:00:00,"682,7841803381269","633,659973",1,4,2024-01-25
2024-01-25 14:00:00,"772,3900611503285","686,530029",1,4,2024-01-25
2024-01-25 15:00:00,"857,8755228658712","755,950012",1,4,2024-01-25
2024-01-25 16:00:00,"962,9971269731925","920,0",1,4,2024-01-25
2024-01-25 17:00:00,"959,7137728375524","861,539978",1,4,2024-01-25
2024-01-25 18:00:00,"870,0875464603072","736,640015",1,4,2024-01-25
2024-01-25 19:00:00,"768,3223979992248","679,070007",1,4,2024-01-25
2024-01-25 20:00:00,"705,9724623095954","643,580017",1,4,2024-01-25
2024-01-25 21:00:00,"659,2696453903192","599,73999",1,4,2024-01-25
2024-01-25 22:00:00,"618,3555810751001","560,440002",1,4,2024-01-25
2024-01-25 23:00:00,"598,4081678991006","468,200012",1,4,2024-01-25
2024-01-26 00:00:00,"553,5083257782401","461,940002",1,4,2024-01-26
2024-01-26 01:00:00,"537,6322310796538","436,070007",1,4,2024-01-26
2024-01-26 02:00:00,"518,2684795619681","408,480011",1,4,2024-01-26
2024-01-26 03:00:00,"525,8921440281306","355,029999",1,4,2024-01-26
2024-01-26 04:00:00,"532,1142125252529","377,619995",1,4,2024-01-26
2024-01-26 05:00:00,"616,7056255962589","419,519989",1,4,2024-01-26
2024-01-26 06:00:00,"766,1442682494612","469,470001",1,4,2024-01-26
2024-01-26 07:00:00,"834,5022808793063","484,149994",1,4,2024-01-26
2024-01-26 08:00:00,"794,9944474125924","475,660004",1,4,2024-01-26
2024-01-26 09:00:00,"731,2138164920098","456,420013",1,4,2024-01-26
2024-01-26 10:00:00,"773,8665649597671","437,929993",1,4,2024-01-26
2024-01-26 11:00:00,"689,2516556190513","389,769989",1,4,2024-01-26
2024-01-26 12:00:00,"620,8368541967671","346,450012",1,4,2024-01-26
2024-01-26 13:00:00,"677,7335089190731","367,399994",1,4,2024-01-26
2024-01-26 14:00:00,"697,0479012274086","373,589996",1,4,2024-01-26
2024-01-26 15:00:00,"724,6344725918507","393,200012",1,4,2024-01-26
2024-01-26 16:00:00,"729,9025301507157","427,720001",1,4,2024-01-26
2024-01-26 17:00:00,"739,9518365275464","412,140015",1,4,2024-01-26
2024-01-26 18:00:00,"709,3201066160228","406,540009",1,4,2024-01-26
2024-01-26 19:00:00,"658,1171121049075","404,980011",1,4,2024-01-26
2024-01-26 20:00:00,"546,3059968322658","405,200012",1,4,2024-01-26
2024-01-26 21:00:00,"547,7833622151171","405,5",1,4,2024-01-26
2024-01-26 22:00:00,"557,6111509818114","400,429993",1,4,2024-01-26
2024-01-26 23:00:00,"552,9377703481505","405,869995",1,4,2024-01-26
2024-01-27 00:00:00,"532,100694540817","410,26001",1,4,2024-01-27
2024-01-27 01:00:00,"520,3760688981461","419,059998",1,4,2024-01-27
2024-01-27 02:00:00,"512,0347990298685","410,410004",1,4,2024-01-27
2024-01-27 03:00:00,"512,0157232886379","415,559998",1,4,2024-01-27
2024-01-27 04:00:00,"503,8708203831714","423,679993",1,4,2024-01-27
2024-01-27 05:00:00,"516,435034874617","426,73999",1,4,2024-01-27
2024-01-27 06:00:00,"562,3131328532671","431,359985",1,4,2024-01-27
2024-01-27 07:00:00,"596,4532029418007","433,380005",1,4,2024-01-27
2024-01-27 08:00:00,"607,1715650475592","436,130005",1,4,2024-01-27
2024-01-27 09:00:00,"602,5790502476608","433,899994",1,4,2024-01-27
2024-01-27 10:00:00,"597,3096608575939","422,040009",1,4,2024-01-27
2024-01-27 11:00:00,"580,7010922474711","416,299988",1,4,2024-01-27
2024-01-27 12:00:00,"551,3071168013888","401,690002",1,4,2024-01-27
2024-01-27 13:00:00,"563,1901581114419","440,910004",1,4,2024-01-27
2024-01-27 14:00:00,"595,6027786685034","432,029999",1,4,2024-01-27
2024-01-27 15:00:00,"626,7310676658054","439,339996",1,4,2024-01-27
2024-01-27 16:00:00,"674,2341356115768","460,359985",1,4,2024-01-27
2024-01-27 17:00:00,"662,6310797748323","457,079987",1,4,2024-01-27
2024-01-27 18:00:00,"632,8061867966754","443,070007",1,4,2024-01-27
2024-01-27 19:00:00,"595,1168654925864","433,970001",1,4,2024-01-27
2024-01-27 20:00:00,"567,4849339830527","431,290009",1,4,2024-01-27
2024-01-27 21:00:00,"549,6189149193434","430,390015",1,4,2024-01-27
2024-01-27 22:00:00,"513,9629549722312","429,5",1,4,2024-01-27
2024-01-27 23:00:00,"521,6689738332758","497,75",1,4,2024-01-27
2024-01-28 00:00:00,"486,31180118336897","438,339996",1,4,2024-01-28
2024-01-28 01:00:00,"494,80973639810514","434,309998",1,4,2024-01-28
2024-01-28 02:00:00,"479,0248145850731","430,290009",1,4,2024-01-28
2024-01-28 03:00:00,"471,99140061225336","431,399994",1,4,2024-01-28
2024-01-28 04:00:00,"459,68102581203874","429,609985",1,4,2024-01-28
2024-01-28 05:00:00,"469,72019334542796","430,290009",1,4,2024-01-28
2024-01-28 06:00:00,"492,45138198127194","439,679993",1,4,2024-01-28
2024-01-28 07:00:00,"509,4495864220557","441,320007",1,4,2024-01-28
2024-01-28 08:00:00,"534,518060336462","410,609985",1,4,2024-01-28
2024-01-28 09:00:00,"528,7794591118396","381,380005",1,4,2024-01-28
2024-01-28 10:00:00,"540,2162129557166","341,049988",1,4,2024-01-28
2024-01-28 11:00:00,"512,0142691398801","309,970001",1,4,2024-01-28
2024-01-28 12:00:00,"487,0551111202882","298,859985",1,4,2024-01-28
2024-01-28 13:00:00,"505,02390696182977","377,579987",1,4,2024-01-28
2024-01-28 14:00:00,"542,7035532938216","420,519989",1,4,2024-01-28
2024-01-28 15:00:00,"560,5710195634682","431,850006",1,4,2024-01-28
2024-01-28 16:00:00,"614,6964954853566","431,329987",1,4,2024-01-28
2024-01-28 17:00:00,"628,1303088808766","427,380005",1,4,2024-01-28
2024-01-28 18:00:00,"596,4300066668845","422,01001",1,4,2024-01-28
2024-01-28 19:00:00,"555,0628557664714","405,089996",1,4,2024-01-28
2024-01-28 20:00:00,"536,4011987327325","400,98999",1,4,2024-01-28
2024-01-28 21:00:00,"517,7698936784924","400,390015",1,4,2024-01-28
2024-01-28 22:00:00,"483,81387435260393","392,790009",1,4,2024-01-28
2024-01-28 23:00:00,"491,37250582847406","363,339996",1,4,2024-01-28
2024-04-01 00:00:00,"402,2826289968362","343,549988",2,1,2024-04-01
2024-04-01 01:00:00,"408,028713678477","325,049988",2,1,2024-04-01
2024-04-01 02:00:00,"416,42390722144216","368,459991",2,1,2024-04-01
2024-04-01 03:00:00,"430,39352174707716","390,459991",2,1,2024-04-01
2024-04-01 04:00:00,"493,026995860996","437,899994",2,1,2024-04-01
2024-04-01 05:00:00,"579,3637330442085","481,01001",2,1,2024-04-01
2024-04-01 06:00:00,"676,7414587363838","437,899994",2,1,2024-04-01
2024-04-01 07:00:00,"679,3621696579786","454,160004",2,1,2024-04-01
2024-04-01 08:00:00,"591,2635751324331","405,450012",2,1,2024-04-01
2024-04-01 09:00:00,"526,6946755266711","334,0",2,1,2024-04-01
2024-04-01 10:00:00,"481,3018921683988","363,609985",2,1,2024-04-01
2024-04-01 11:00:00,"464,15100532298715","262,470001",2,1,2024-04-01
2024-04-01 12:00:00,"484,23117995021823","253,740005",2,1,2024-04-01
2024-04-01 13:00:00,"472,91174827028107","325,799988",2,1,2024-04-01
2024-04-01 14:00:00,"537,5557815666388","331,170013",2,1,2024-04-01
2024-04-01 15:00:00,"576,006516885354","304,089996",2,1,2024-04-01
2024-04-01 16:00:00,"700,6806963888271","364,429993",2,1,2024-04-01
2024-04-01 17:00:00,"971,547801554118","373,529999",2,1,2024-04-01
2024-04-01 18:00:00,"913,5902484207456","381,290009",2,1,2024-04-01
2024-04-01 19:00:00,"744,3214588777871","365,399994",2,1,2024-04-01
2024-04-01 20:00:00,"603,2116609744602","305,809998",2,1,2024-04-01
2024-04-01 21:00:00,"561,3478520804923","221,0",2,1,2024-04-01
2024-04-01 22:00:00,"536,7183185716523","323,410004",2,1,2024-04-01
2024-04-01 23:00:00,"545,4186628895118","270,970001",2,1,2024-04-01
2024-04-02 00:00:00,"501,1708317836651","122,769997",2,1,2024-04-02
2024-04-02 01:00:00,"480,5996924405471","56,240002",2,1,2024-04-02
2024-04-02 02:00:00,"460,09792839423477","14,47",2,1,2024-04-02
2024-04-02 03:00:00,"456,97202275588796","54,220001",2,1,2024-04-02
2024-04-02 04:00:00,"503,9087172930039","426,790009",2,1,2024-04-02
2024-04-02 05:00:00,"606,0408092837217","554,630005",2,1,2024-04-02
2024-04-02 06:00:00,"666,5543896484958","514,130005",2,1,2024-04-02
2024-04-02 07:00:00,"647,2029393546562","350,410004",2,1,2024-04-02
2024-04-02 08:00:00,"542,5000989555016","285,589996",2,1,2024-04-02
2024-04-02 09:00:00,"480,8274083143787","293,130005",2,1,2024-04-02
2024-04-02 10:00:00,"437,600938845382","298,869995",2,1,2024-04-02
2024-04-02 11:00:00,"401,44226594462793","325,420013",2,1,2024-04-02
2024-04-02 12:00:00,"419,6849010892431","248,970001",2,1,2024-04-02
2024-04-02 13:00:00,"439,29349189623457","187,210007",2,1,2024-04-02
2024-04-02 14:00:00,"516,288375800701","65,860001",2,1,2024-04-02
2024-04-02 15:00:00,"570,7132115059095","309,23999",2,1,2024-04-02
2024-04-02 16:00:00,"685,7221585485028","542,25",2,1,2024-04-02
2024-04-02 17:00:00,"852,2545893397579","711,48999",2,1,2024-04-02
2024-04-02 18:00:00,"859,9240390330252","707,679993",2,1,2024-04-02
2024-04-02 19:00:00,"705,6322528006958","582,75",2,1,2024-04-02
2024-04-02 20:00:00,"582,8798918901401","558,359985",2,1,2024-04-02
2024-04-02 21:00:00,"572,7948827734248","528,669983",2,1,2024-04-02
2024-04-02 22:00:00,"526,6205329691963","552,840027",2,1,2024-04-02
2024-04-02 23:00:00,"490,4855095963005","535,090027",2,1,2024-04-02
2024-04-03 00:00:00,"469,83355016863976","522,419983",2,1,2024-04-03
2024-04-03 01:00:00,"466,90833272469035","482,220001",2,1,2024-04-03
2024-04-03 02:00:00,"473,3954882622557","483,929993",2,1,2024-04-03
2024-04-03 03:00:00,"481,16353502608104","512,570007",2,1,2024-04-03
2024-04-03 04:00:00,"529,9240094290141","707,820007",2,1,2024-04-03
2024-04-03 05:00:00,"622,5437165534757","879,48999",2,1,2024-04-03
2024-04-03 06:00:00,"691,3074505611684","879,48999",2,1,2024-04-03
2024-04-03 07:00:00,"652,953945391145","753,080017",2,1,2024-04-03
2024-04-03 08:00:00,"542,8674594365425","800,590027",2,1,2024-04-03
2024-04-03 09:00:00,"489,0957470472817","677,23999",2,1,2024-04-03
2024-04-03 10:00:00,"466,09189649540144","611,76001",2,1,2024-04-03
2024-04-03 11:00:00,"442,4290067191032","573,349976",2,1,2024-04-03
2024-04-03 12:00:00,"444,8342384614591","544,710022",2,1,2024-04-03
2024-04-03 13:00:00,"454,8175092409856","438,290009",2,1,2024-04-03
2024-04-03 14:00:00,"503,19260116792145","454,700012",2,1,2024-04-03
2024-04-03 15:00:00,"532,7051649576362","524,359985",2,1,2024-04-03
2024-04-03 16:00:00,"657,7899449582516","633,909973",2,1,2024-04-03
2024-04-03 17:00:00,"854,1157611568676","794,919983",2,1,2024-04-03
2024-04-03 18:00:00,"794,9252886861877","739,359985",2,1,2024-04-03
2024-04-03 19:00:00,"503,37438286034654","557,169983",2,1,2024-04-03
2024-04-03 20:00:00,"467,31620125290783","458,579987",2,1,2024-04-03
2024-04-03 21:00:00,"452,2635741515213","412,640015",2,1,2024-04-03
2024-04-03 22:00:00,"446,0847928648863","406,619995",2,1,2024-04-03
2024-04-03 23:00:00,"440,79503849592163","387,899994",2,1,2024-04-03
2024-04-04 00:00:00,"413,1277498233901","374,179993",2,1,2024-04-04
2024-04-04 01:00:00,"425,7092837488772","384,619995",2,1,2024-04-04
2024-04-04 02:00:00,"421,14095946560633","387,380005",2,1,2024-04-04
2024-04-04 03:00:00,"426,4784825965656","403,339996",2,1,2024-04-04
2024-04-04 04:00:00,"430,6102219637908","454,200012",2,1,2024-04-04
2024-04-04 05:00:00,"439,6805298385495","488,290009",2,1,2024-04-04
2024-04-04 06:00:00,"542,9757074046456","561,830017",2,1,2024-04-04
2024-04-04 07:00:00,"547,7562262614681","535,419983",2,1,2024-04-04
2024-04-04 08:00:00,"488,184853553177","515,880005",2,1,2024-04-04
2024-04-04 09:00:00,"426,4104740423306","470,309998",2,1,2024-04-04
2024-04-04 10:00:00,"382,51605236583254","433,170013",2,1,2024-04-04
2024-04-04 11:00:00,"331,9476264873651","419,299988",2,1,2024-04-04
2024-04-04 12:00:00,"306,01558586665396","413,850006",2,1,2024-04-04
2024-04-04 13:00:00,"344,8189668003721","418,929993",2,1,2024-04-04
2024-04-04 14:00:00,"365,68238455688066","425,709991",2,1,2024-04-04
2024-04-04 15:00:00,"444,53954721454187","515,210022",2,1,2024-04-04
2024-04-04 16:00:00,"599,9275852461486","562,049988",2,1,2024-04-04
2024-04-04 17:00:00,"686,8469476566596","674,820007",2,1,2024-04-04
2024-04-04 18:00:00,"640,4592948434753","520,580017",2,1,2024-04-04
2024-04-04 19:00:00,"511,80229052517376","460,390015",2,1,2024-04-04
2024-04-04 20:00:00,"434,4523471172458","439,440002",2,1,2024-04-04
2024-04-04 21:00:00,"404,983013464447","430,109985",2,1,2024-04-04
2024-04-04 22:00:00,"350,5129026804071","394,190002",2,1,2024-04-04
2024-04-04 23:00:00,"296,20752056027544","381,890015",2,1,2024-04-04
2024-04-05 00:00:00,"285,56922548552654","372,559998",2,1,2024-04-05
2024-04-05 01:00:00,"253,87607816716795","357,350006",2,1,2024-04-05
2024-04-05 02:00:00,"257,67683957167435","353,320007",2,1,2024-04-05
2024-04-05 03:00:00,"282,486609594661","352,720001",2,1,2024-04-05
2024-04-05 04:00:00,"302,2992824402002","448,720001",2,1,2024-04-05
2024-04-05 05:00:00,"335,49636132937775","572,75",2,1,2024-04-05
2024-04-05 06:00:00,"388,51019150519517","596,700012",2,1,2024-04-05
2024-04-05 07:00:00,"389,03829748495207","504,130005",2,1,2024-04-05
2024-04-05 08:00:00,"337,52804179992216","376,660004",2,1,2024-04-05
2024-04-05 09:00:00,"319,12586691542117","339,670013",2,1,2024-04-05
2024-04-05 10:00:00,"286,3790618486177","331,390015",2,1,2024-04-05
2024-04-05 11:00:00,"259,8034922923157","298,570007",2,1,2024-04-05
2024-04-05 12:00:00,"247,09391693290195","276,48999",2,1,2024-04-05
2024-04-05 13:00:00,"281,7191392412462","176,699997",2,1,2024-04-05
2024-04-05 14:00:00,"323,7786044979744","60,34",2,1,2024-04-05
2024-04-05 15:00:00,"372,3596243991056","279,399994",2,1,2024-04-05
2024-04-05 16:00:00,"439,17689783513293","370,320007",2,1,2024-04-05
2024-04-05 17:00:00,"402,7558766342638","398,299988",2,1,2024-04-05
2024-04-05 18:00:00,"408,6714054468835","402,170013",2,1,2024-04-05
2024-04-05 19:00:00,"386,2549954633187","398,299988",2,1,2024-04-05
2024-04-05 20:00:00,"382,80564533446477","393,299988",2,1,2024-04-05
2024-04-05 21:00:00,"381,3417157092106","370,100006",2,1,2024-04-05
2024-04-05 22:00:00,"389,0691776172041","315,579987",2,1,2024-04-05
2024-04-05 23:00:00,"409,4378771575167","326,549988",2,1,2024-04-05
2024-04-06 00:00:00,"397,8252121687791","328,190002",2,1,2024-04-06
2024-04-06 01:00:00,"398,5978809094323","334,679993",2,1,2024-04-06
2024-04-06 02:00:00,"381,50962020021746","354,369995",2,1,2024-04-06
2024-04-06 03:00:00,"382,46964852589866","359,890015",2,1,2024-04-06
2024-04-06 04:00:00,"401,427842213086","372,5",2,1,2024-04-06
2024-04-06 05:00:00,"390,43959861486815","382,339996",2,1,2024-04-06
2024-04-06 06:00:00,"380,2611311467685","374,660004",2,1,2024-04-06
2024-04-06 07:00:00,"333,20622839114145","359,890015",2,1,2024-04-06
2024-04-06 08:00:00,"276,2253440678433","219,440002",2,1,2024-04-06
2024-04-06 09:00:00,"215,30218298154105","34,310001",2,1,2024-04-06
2024-04-06 10:00:00,"174,3809594625179","123,07",2,1,2024-04-06
2024-04-06 11:00:00,"161,0875116757332","14,92",2,1,2024-04-06
2024-04-06 12:00:00,"109,08924075090509","0,3",2,1,2024-04-06
2024-04-06 13:00:00,"125,4094970495957","0,45",2,1,2024-04-06
2024-04-06 14:00:00,"211,37022770668742","0,75",2,1,2024-04-06
2024-04-06 15:00:00,"261,0498929348675","117,919998",2,1,2024-04-06
2024-04-06 16:00:00,"421,4107589194483","393,079987",2,1,2024-04-06
2024-04-06 17:00:00,"431,1552382397321","380,100006",2,1,2024-04-06
2024-04-06 18:00:00,"415,6144554729022","349,670013",2,1,2024-04-06
2024-04-06 19:00:00,"403,51875456089516","326,029999",2,1,2024-04-06
2024-04-06 20:00:00,"396,32548176893033","295,73999",2,1,2024-04-06
2024-04-06 21:00:00,"388,3762383562405","188,410004",2,1,2024-04-06
2024-04-06 22:00:00,"361,5513304059721","81,82",2,1,2024-04-06
2024-04-06 23:00:00,"373,8926863987004","0,67",2,1,2024-04-06
2024-04-07 00:00:00,"331,1415401229674","0,0",2,1,2024-04-07
2024-04-07 01:00:00,"329,69254028246394","0,0",2,1,2024-04-07
2024-04-07 02:00:00,"327,3108363467905","0,0",2,1,2024-04-07
2024-04-07 03:00:00,"318,9194883187735","0,0",2,1,2024-04-07
2024-04-07 04:00:00,"339,2438636568934","0,0",2,1,2024-04-07
2024-04-07 05:00:00,"330,4344104043085","0,0",2,1,2024-04-07
2024-04-07 06:00:00,"303,5993281367487","0,0",2,1,2024-04-07
2024-04-07 07:00:00,"266,4010234349023","-0,07",2,1,2024-04-07
2024-04-07 08:00:00,"235,64780285493305","-1,19",2,1,2024-04-07
2024-04-07 09:00:00,"222,75833950313864","-22,450001",2,1,2024-04-07
2024-04-07 10:00:00,"198,3231410010863","-30,58",2,1,2024-04-07
2024-04-07 11:00:00,"108,73166712486604","-48,849998",2,1,2024-04-07
2024-04-07 12:00:00,"146,67248209455485","-74,589996",2,1,2024-04-07
2024-04-07 13:00:00,"226,01641147312404","-37,59",2,1,2024-04-07
2024-04-07 14:00:00,"272,71925551569774","-1,19",2,1,2024-04-07
2024-04-07 15:00:00,"350,9666493127935","31,92",2,1,2024-04-07
2024-04-07 16:00:00,"453,4513805680522","288,799988",2,1,2024-04-07
2024-04-07 17:00:00,"603,1859796190635","343,98999",2,1,2024-04-07
2024-04-07 18:00:00,"550,3304280961232","356,450012",2,1,2024-04-07
2024-04-07 19:00:00,"511,48137385281365","359,579987",2,1,2024-04-07
2024-04-07 20:00:00,"471,8083924569503","340,779999",2,1,2024-04-07
2024-04-07 21:00:00,"453,0683686481916","318,859985",2,1,2024-04-07
2024-04-07 22:00:00,"434,8348088731655","308,339996",2,1,2024-04-07
2024-04-07 23:00:00,"419,0345109395513","295,140015",2,1,2024-04-07
2024-04-08 00:00:00,"390,0093765570049","292,079987",2,2,2024-04-08
2024-04-08 01:00:00,"413,004527030738","312,290009",2,2,2024-04-08
2024-04-08 02:00:00,"436,31455262031324","328,480011",2,2,2024-04-08
2024-04-08 03:00:00,"449,45521315249044","334,589996",2,2,2024-04-08
2024-04-08 04:00:00,"515,5760797972332","376,730011",2,2,2024-04-08
2024-04-08 05:00:00,"589,9658976826759","396,5",2,2,2024-04-08
2024-04-08 06:00:00,"666,5851111802339","432,600006",2,2,2024-04-08
2024-04-08 07:00:00,"617,242573761216","603,25",2,2,2024-04-08
2024-04-08 08:00:00,"530,9884174453649","402,910004",2,2,2024-04-08
2024-04-08 09:00:00,"448,52175983454003","399,480011",2,2,2024-04-08
2024-04-08 10:00:00,"374,4201643463396","397,100006",2,2,2024-04-08
2024-04-08 11:00:00,"365,30487499004323","421,859985",2,2,2024-04-08
2024-04-08 12:00:00,"370,65945478720397","431,779999",2,2,2024-04-08
2024-04-08 13:00:00,"382,1937940675646","395,679993",2,2,2024-04-08
2024-04-08 14:00:00,"392,39075041128615","522,099976",2,2,2024-04-08
2024-04-08 15:00:00,"433,94993018931245","559,469971",2,2,2024-04-08
2024-04-08 16:00:00,"615,5669947190245","782,409973",2,2,2024-04-08
2024-04-08 17:00:00,"876,9780911324029","1024,069946",2,2,2024-04-08
2024-04-08 18:00:00,"795,8143586296923","930,830017",2,2,2024-04-08
2024-04-08 19:00:00,"622,3599773988501","632,859985",2,2,2024-04-08
2024-04-08 20:00:00,"483,2878435414802","574,309998",2,2,2024-04-08
2024-04-08 21:00:00,"419,3572910623569","523,52002",2,2,2024-04-08
2024-04-08 22:00:00,"402,92815917976714","583,330017",2,2,2024-04-08
2024-04-08 23:00:00,"401,92006977328884","517,549988",2,2,2024-04-08
2024-04-09 00:00:00,"347,82716488195274","482,790009",2,2,2024-04-09
2024-04-09 01:00:00,"344,08811143556466","440,200012",2,2,2024-04-09
2024-04-09 02:00:00,"344,7429548292005","453,779999",2,2,2024-04-09
2024-04-09 03:00:00,"375,83356599098926","488,390015",2,2,2024-04-09
2024-04-09 04:00:00,"464,0338523814732","575,799988",2,2,2024-04-09
2024-04-09 05:00:00,"553,8361937897307","670,900024",2,2,2024-04-09
2024-04-09 06:00:00,"618,8863260970684","595,039978",2,2,2024-04-09
2024-04-09 07:00:00,"532,0432253439513","509,420013",2,2,2024-04-09
2024-04-09 08:00:00,"358,7567278865133","384,559998",2,2,2024-04-09
2024-04-09 09:00:00,"348,27982708955017","328,029999",2,2,2024-04-09
2024-04-09 10:00:00,"269,4749424468366","268,880005",2,2,2024-04-09
2024-04-09 11:00:00,"248,14121900701585","75,260002",2,2,2024-04-09
2024-04-09 12:00:00,"259,3722540604625","78,309998",2,2,2024-04-09
2024-04-09 13:00:00,"284,53270977833813","216,600006",2,2,2024-04-09
2024-04-09 14:00:00,"339,7493675929197","285,440002",2,2,2024-04-09
2024-04-09 15:00:00,"459,9917387839138","372,179993",2,2,2024-04-09
2024-04-09 16:00:00,"590,5239950987725","390,899994",2,2,2024-04-09
2024-04-09 17:00:00,"653,1767081344378","375,089996",2,2,2024-04-09
2024-04-09 18:00:00,"612,7556742517703","378,970001",2,2,2024-04-09
2024-04-09 19:00:00,"510,3337592591945","359,649994",2,2,2024-04-09
2024-04-09 20:00:00,"457,0338176021867","335,640015",2,2,2024-04-09
2024-04-09 21:00:00,"440,29766933858514","257,619995",2,2,2024-04-09
2024-04-09 22:00:00,"391,39335253599705","96,220001",2,2,2024-04-09
2024-04-09 23:00:00,"379,83610645884437","38,040001",2,2,2024-04-09
2024-04-10 00:00:00,"363,71537939477753","37,290001",2,2,2024-04-10
2024-04-10 01:00:00,"350,6027578709876","67,050003",2,2,2024-04-10
2024-04-10 02:00:00,"350,48116698073005","184,229996",2,2,2024-04-10
2024-04-10 03:00:00,"399,8543914829591","261,059998",2,2,2024-04-10
2024-04-10 04:00:00,"490,788115348297","261,130005",2,2,2024-04-10
2024-04-10 05:00:00,"582,9861470437704","302,299988",2,2,2024-04-10
2024-04-10 06:00:00,"669,0250903145883","311,700012",2,2,2024-04-10
2024-04-10 07:00:00,"598,3114728795522","309,390015",2,2,2024-04-10
2024-04-10 08:00:00,"543,5634453833048","309,390015",2,2,2024-04-10
2024-04-10 09:00:00,"471,55854249543006","239,130005",2,2,2024-04-10
2024-04-10 10:00:00,"385,24457411998384","143,279999",2,2,2024-04-10
2024-04-10 11:00:00,"368,6726104243664","66,610001",2,2,2024-04-10
2024-04-10 12:00:00,"368,8530323072263","0,45",2,2,2024-04-10
2024-04-10 13:00:00,"367,0046732907512","2,09",2,2,2024-04-10
2024-04-10 14:00:00,"422,3947243623577","39,529999",2,2,2024-04-10
2024-04-10 15:00:00,"521,7782627236654","122,169998",2,2,2024-04-10
2024-04-10 16:00:00,"635,6060449584462","616,469971",2,2,2024-04-10
2024-04-10 17:00:00,"891,8068008355036","1084,949951",2,2,2024-04-10
2024-04-10 18:00:00,"832,7939898958617","1052,430054",2,2,2024-04-10
2024-04-10 19:00:00,"667,2803490222069","722,380005",2,2,2024-04-10
2024-04-10 20:00:00,"522,0840187606719","392,029999",2,2,2024-04-10
2024-04-10 21:00:00,"506,035554318986","352,200012",2,2,2024-04-10
2024-04-10 22:00:00,"453,61951943723915","303,440002",2,2,2024-04-10
2024-04-10 23:00:00,"441,0520198449972","198,940002",2,2,2024-04-10
2024-04-11 00:00:00,"415,85618333551145","165,589996",2,2,2024-04-11
2024-04-11 01:00:00,"400,97636402659083","74,519997",2,2,2024-04-11
2024-04-11 02:00:00,"382,2069300391171","59,52",2,2,2024-04-11
2024-04-11 03:00:00,"421,5472745194738","149,179993",2,2,2024-04-11
2024-04-11 04:00:00,"442,4099444945783","192,070007",2,2,2024-04-11
2024-04-11 05:00:00,"523,8223134845109","297,399994",2,2,2024-04-11
2024-04-11 06:00:00,"553,8721613341442","309,929993",2,2,2024-04-11
2024-04-11 07:00:00,"568,186476519961","223,770004",2,2,2024-04-11
2024-04-11 08:00:00,"520,8365464754879","74,959999",2,2,2024-04-11
2024-04-11 09:00:00,"436,36282544161236","6,41",2,2,2024-04-11
2024-04-11 10:00:00,"384,81236488042754","6,79",2,2,2024-04-11
2024-04-11 11:00:00,"351,5909680495884","8,21",2,2,2024-04-11
2024-04-11 12:00:00,"322,16292286357213","4,25",2,2,2024-04-11
2024-04-11 13:00:00,"328,0029155252266","96,07",2,2,2024-04-11
2024-04-11 14:00:00,"358,2702748396126","64,75",2,2,2024-04-11
2024-04-11 15:00:00,"427,75616588345457","347,070007",2,2,2024-04-11
2024-04-11 16:00:00,"540,3904895295651","711,75",2,2,2024-04-11
2024-04-11 17:00:00,"682,2398991283044","1002,210022",2,2,2024-04-11
2024-04-11 18:00:00,"665,0502998735365","893,609985",2,2,2024-04-11
2024-04-11 19:00:00,"522,2746054918041","679,159973",2,2,2024-04-11
2024-04-11 20:00:00,"462,32656286037013","541,159973",2,2,2024-04-11
2024-04-11 21:00:00,"417,95154904580653","451,059998",2,2,2024-04-11
2024-04-11 22:00:00,"389,0435020170314","339,720001",2,2,2024-04-11
2024-04-11 23:00:00,"322,9865215074872","325,029999",2,2,2024-04-11
2024-04-12 00:00:00,"308,1650541419988","331,73999",2,2,2024-04-12
2024-04-12 01:00:00,"294,740436711462","304,51001",2,2,2024-04-12
2024-04-12 02:00:00,"280,17230853351913","298,399994",2,2,2024-04-12
2024-04-12 03:00:00,"275,1803568157751","298,399994",2,2,2024-04-12
2024-04-12 04:00:00,"297,66580240000206","308,019989",2,2,2024-04-12
2024-04-12 05:00:00,"356,71542093137793","362,619995",2,2,2024-04-12
2024-04-12 06:00:00,"394,2436379181027","516,75",2,2,2024-04-12
2024-04-12 07:00:00,"364,4098234991529","489,290009",2,2,2024-04-12
2024-04-12 08:00:00,"309,31767872755523","319,730011",2,2,2024-04-12
2024-04-12 09:00:00,"246,3333557771058","140,690002",2,2,2024-04-12
2024-04-12 10:00:00,"209,95095453389396","0,0",2,2,2024-04-12
2024-04-12 11:00:00,"169,64052956505222","-0,52",2,2,2024-04-12
2024-04-12 12:00:00,"158,34580010517547","0,07",2,2,2024-04-12
2024-04-12 13:00:00,"167,50137969924265","1,34",2,2,2024-04-12
2024-04-12 14:00:00,"224,4235263850679","1,64",2,2,2024-04-12
2024-04-12 15:00:00,"372,2666145277321","375,600006",2,2,2024-04-12
2024-04-12 16:00:00,"417,1491028075791","445,279999",2,2,2024-04-12
2024-04-12 17:00:00,"457,8863747250185","370,160004",2,2,2024-04-12
2024-04-12 18:00:00,"429,44861665186005","369,48999",2,2,2024-04-12
2024-04-12 19:00:00,"420,9392397054502","351,429993",2,2,2024-04-12
2024-04-12 20:00:00,"430,5101231004486","342,329987",2,2,2024-04-12
2024-04-12 21:00:00,"439,99980700136115","329,200012",2,2,2024-04-12
2024-04-12 22:00:00,"416,91904019691697","246,039993",2,2,2024-04-12
2024-04-12 23:00:00,"429,3970833528823","193,369995",2,2,2024-04-12
2024-04-13 00:00:00,"392,9668922550823","144,429993",2,2,2024-04-13
2024-04-13 01:00:00,"400,9082354145474","130,779999",2,2,2024-04-13
2024-04-13 02:00:00,"395,66408334338763","130,259995",2,2,2024-04-13
2024-04-13 03:00:00,"394,691733540404","173,899994",2,2,2024-04-13
2024-04-13 04:00:00,"409,6245966552035","207,619995",2,2,2024-04-13
2024-04-13 05:00:00,"400,16307391794635","251,630005",2,2,2024-04-13
2024-04-13 06:00:00,"368,8769145741888","168,600006",2,2,2024-04-13
2024-04-13 07:00:00,"326,13005916199234","65,650002",2,2,2024-04-13
2024-04-13 08:00:00,"239,00297506395515","-0,15",2,2,2024-04-13
2024-04-13 09:00:00,"143,39884573703213","-30,139999",2,2,2024-04-13
2024-04-13 10:00:00,"63,45124407599781","-59,830002",2,2,2024-04-13
2024-04-13 11:00:00,"-26,413996222456557","-150,699997",2,2,2024-04-13
2024-04-13 12:00:00,"-60,64163838649589","-218,729996",2,2,2024-04-13
2024-04-13 13:00:00,"-14,623012104113833","-235,740005",2,2,2024-04-13
2024-04-13 14:00:00,"57,905645952202015","-142,710007",2,2,2024-04-13
2024-04-13 15:00:00,"190,17183324213994","-1,19",2,2,2024-04-13
2024-04-13 16:00:00,"461,6152097182057","248,949997",2,2,2024-04-13
2024-04-13 17:00:00,"483,3685507153338","373,76001",2,2,2024-04-13
2024-04-13 18:00:00,"489,43275157838974","298,630005",2,2,2024-04-13
2024-04-13 19:00:00,"417,43758723375765","258,5",2,2,2024-04-13
2024-04-13 20:00:00,"378,9065638323157","153,679993",2,2,2024-04-13
2024-04-13 21:00:00,"285,8340893718844","52,59",2,2,2024-04-13
2024-04-13 22:00:00,"248,14261609905725","3,21",2,2,2024-04-13
2024-04-13 23:00:00,"247,38375166115566","6,19",2,2,2024-04-13
2024-04-14 00:00:00,"191,9817508797345","6,94",2,2,2024-04-14
2024-04-14 01:00:00,"170,87559975990357","8,43",2,2,2024-04-14
2024-04-14 02:00:00,"170,87559975990357","17,459999",2,2,2024-04-14
2024-04-14 03:00:00,"178,01462020874547","44,389999",2,2,2024-04-14
2024-04-14 04:00:00,"199,97408770884473","95,949997",2,2,2024-04-14
2024-04-14 05:00:00,"177,01789018331112","96,989998",2,2,2024-04-14
2024-04-14 06:00:00,"153,8031480553764","55,279999",2,2,2024-04-14
2024-04-14 07:00:00,"118,08023010922258","0,0",2,2,2024-04-14
2024-04-14 08:00:00,"125,76159731525225","-17,68",2,2,2024-04-14
2024-04-14 09:00:00,"79,90252769135996","-90,800003",2,2,2024-04-14
2024-04-14 10:00:00,"45,23084242707953","-315,070007",2,2,2024-04-14
2024-04-14 11:00:00,"10,604526360405321","-448,019989",2,2,2024-04-14
2024-04-14 12:00:00,"6,171253684077387","-447,720001",2,2,2024-04-14
2024-04-14 13:00:00,"22,970220881713832","-298,809998",2,2,2024-04-14
2024-04-14 14:00:00,"120,567172761669","-46,630001",2,2,2024-04-14
2024-04-14 15:00:00,"244,5839640157","11,71",2,2,2024-04-14
2024-04-14 16:00:00,"429,41814730005933","407,51001",2,2,2024-04-14
2024-04-14 17:00:00,"448,9241680957501","655,059998",2,2,2024-04-14
2024-04-14 18:00:00,"406,02340151053596","894,619995",2,2,2024-04-14
2024-04-14 19:00:00,"373,2977233638245","840,159973",2,2,2024-04-14
2024-04-14 20:00:00,"404,7023908737603","724,890015",2,2,2024-04-14
2024-04-14 21:00:00,"407,9062855205445","594,549988",2,2,2024-04-14
2024-04-14 22:00:00,"410,1246167333349","410,640015",2,2,2024-04-14
2024-04-14 23:00:00,"418,7113798018506","437,730011",2,2,2024-04-14
2024-04-15 00:00:00,"431,7205522967453","526,359985",2,3,2024-04-15
2024-04-15 01:00:00,"439,1625186574148","491,220001",2,3,2024-04-15
2024-04-15 02:00:00,"460,00559049333026","561,280029",2,3,2024-04-15
2024-04-15 03:00:00,"502,9006501299034","647,150024",2,3,2024-04-15
2024-04-15 04:00:00,"597,2896610181953","863,440002",2,3,2024-04-15
2024-04-15 05:00:00,"712,5318796486669","1261,98999",2,3,2024-04-15
2024-04-15 06:00:00,"739,950936969324","1143,290039",2,3,2024-04-15
2024-04-15 07:00:00,"636,8044421895407","683,109985",2,3,2024-04-15
2024-04-15 08:00:00,"534,6592429556417","568,809998",2,3,2024-04-15
2024-04-15 09:00:00,"468,92551313764284","425,269989",2,3,2024-04-15
2024-04-15 10:00:00,"397,69863539340224","329,390015",2,3,2024-04-15
2024-04-15 11:00:00,"348,7099805237332","236,809998",2,3,2024-04-15
2024-04-15 12:00:00,"374,75946226257315","96,690002",2,3,2024-04-15
2024-04-15 13:00:00,"377,00967049263727","58,189999",2,3,2024-04-15
2024-04-15 14:00:00,"401,9036435116621","59,610001",2,3,2024-04-15
2024-04-15 15:00:00,"424,79906220550197","345,440002",2,3,2024-04-15
2024-04-15 16:00:00,"577,7375215044026","516,289978",2,3,2024-04-15
2024-04-15 17:00:00,"833,3760334879879","588,809998",2,3,2024-04-15
2024-04-15 18:00:00,"771,3619313217287","574,630005",2,3,2024-04-15
2024-04-15 19:00:00,"582,9415284477201","494,730011",2,3,2024-04-15
2024-04-15 20:00:00,"470,5578561725905","401,170013",2,3,2024-04-15
2024-04-15 21:00:00,"406,7307466008442","254,940002",2,3,2024-04-15
2024-04-15 22:00:00,"404,41518055243756","15,07",2,3,2024-04-15
2024-04-15 23:00:00,"398,83045531896704","0,3",2,3,2024-04-15
2024-04-16 00:00:00,"336,0944971240362","1,04",2,3,2024-04-16
2024-04-16 01:00:00,"334,1210470834697","5,45",2,3,2024-04-16
2024-04-16 02:00:00,"346,0844298611798","130,330002",2,3,2024-04-16
2024-04-16 03:00:00,"389,51438182075987","270,209991",2,3,2024-04-16
2024-04-16 04:00:00,"515,8587593276796","384,880005",2,3,2024-04-16
2024-04-16 05:00:00,"582,0015819487015","554,0",2,3,2024-04-16
2024-04-16 06:00:00,"544,0220631646375","554,0",2,3,2024-04-16
2024-04-16 07:00:00,"471,6689499588362","483,5",2,3,2024-04-16
2024-04-16 08:00:00,"297,251696467913","380,700012",2,3,2024-04-16
2024-04-16 09:00:00,"288,2763397544123","318,109985",2,3,2024-04-16
2024-04-16 10:00:00,"231,60221691507377","298,410004",2,3,2024-04-16
2024-04-16 11:00:00,"202,86717214702458","300,049988",2,3,2024-04-16
2024-04-16 12:00:00,"234,8189888967156","313,929993",2,3,2024-04-16
2024-04-16 13:00:00,"236,75097158245705","362,049988",2,3,2024-04-16
2024-04-16 14:00:00,"297,2385524529489","385,470001",2,3,2024-04-16
2024-04-16 15:00:00,"433,40210580248606","594,359985",2,3,2024-04-16
2024-04-16 16:00:00,"535,1759881652589","693,210022",2,3,2024-04-16
2024-04-16 17:00:00,"659,9780673188664","850,400024",2,3,2024-04-16
2024-04-16 18:00:00,"664,6925031219506","928,960022",2,3,2024-04-16
2024-04-16 19:00:00,"571,3844604043849","779,309998",2,3,2024-04-16
2024-04-16 20:00:00,"530,2212583123888","672,169983",2,3,2024-04-16
2024-04-16 21:00:00,"445,2721345177699","627,409973",2,3,2024-04-16
2024-04-16 22:00:00,"425,43770052944865","625,48999",2,3,2024-04-16
2024-04-16 23:00:00,"360,52669134794814","625,48999",2,3,2024-04-16
2024-04-17 00:00:00,"340,303959324393","606,919983",2,3,2024-04-17
2024-04-17 01:00:00,"330,25381415410703","614,75",2,3,2024-04-17
2024-04-17 02:00:00,"395,6677682055024","618,929993",2,3,2024-04-17
2024-04-17 03:00:00,"441,7728114362049","624,669983",2,3,2024-04-17
2024-04-17 04:00:00,"497,97446866983125","816,109985",2,3,2024-04-17
2024-04-17 05:00:00,"704,4022428894383","1268,069946",2,3,2024-04-17
2024-04-17 06:00:00,"761,808479470983","1157,650024",2,3,2024-04-17
2024-04-17 07:00:00,"646,889504317589","780,52002",2,3,2024-04-17
2024-04-17 08:00:00,"597,9139258949724","625,940002",2,3,2024-04-17
2024-04-17 09:00:00,"526,8416260183835","596,099976",2,3,2024-04-17
2024-04-17 10:00:00,"484,0260891035074","619,080017",2,3,2024-04-17
2024-04-17 11:00:00,"414,30770316058425","602,960022",2,3,2024-04-17
2024-04-17 12:00:00,"414,24681726980015","579,76001",2,3,2024-04-17
2024-04-17 13:00:00,"477,7157876401108","574,690002",2,3,2024-04-17
2024-04-17 14:00:00,"537,9207246453061","596,840027",2,3,2024-04-17
2024-04-17 15:00:00,"600,693479338658","648,320007",2,3,2024-04-17
2024-04-17 16:00:00,"722,234699899105","857,73999",2,3,2024-04-17
2024-04-17 17:00:00,"860,1147984357665","1193,089966",2,3,2024-04-17
2024-04-17 18:00:00,"995,1123268434322","1267,550049",2,3,2024-04-17
2024-04-17 19:00:00,"737,64419674882","970,320007",2,3,2024-04-17
2024-04-17 20:00:00,"614,787957252953","738,890015",2,3,2024-04-17
2024-04-17 21:00:00,"559,9076440241195","655,109985",2,3,2024-04-17
2024-04-17 22:00:00,"509,2790504005856","685,150024",2,3,2024-04-17
2024-04-17 23:00:00,"491,9338557853634","652,23999",2,3,2024-04-17
2024-04-18 00:00:00,"470,29476035828844","660,52002",2,3,2024-04-18
2024-04-18 01:00:00,"446,2299444492599","654,780029",2,3,2024-04-18
2024-04-18 02:00:00,"458,6607330528328","668,580017",2,3,2024-04-18
2024-04-18 03:00:00,"447,4145950155485","697,380005",2,3,2024-04-18
2024-04-18 04:00:00,"483,46120732570046","909,349976",2,3,2024-04-18
2024-04-18 05:00:00,"573,3952502106405","1162,430054",2,3,2024-04-18
2024-04-18 06:00:00,"534,9146853872959","978,809998",2,3,2024-04-18
2024-04-18 07:00:00,"460,85905923605327","754,460022",2,3,2024-04-18
2024-04-18 08:00:00,"381,4633566575673","673,059998",2,3,2024-04-18
2024-04-18 09:00:00,"342,0036727751961","625,76001",2,3,2024-04-18
2024-04-18 10:00:00,"313,83953204117296","601,659973",2,3,2024-04-18
2024-04-18 11:00:00,"275,9721574961357","575,98999",2,3,2024-04-18
2024-04-18 12:00:00,"290,8158652121096","544,72998",2,3,2024-04-18
2024-04-18 13:00:00,"311,1747385618105","527,48999",2,3,2024-04-18
2024-04-18 14:00:00,"383,95937465203843","528,840027",2,3,2024-04-18
2024-04-18 15:00:00,"448,65242781878544","606,799988",2,3,2024-04-18
2024-04-18 16:00:00,"533,8343740380005","701,559998",2,3,2024-04-18
2024-04-18 17:00:00,"683,7794263175775","934,419983",2,3,2024-04-18
2024-04-18 18:00:00,"764,9081951945396","961,200012",2,3,2024-04-18
2024-04-18 19:00:00,"597,4272351204363","790,27002",2,3,2024-04-18
2024-04-18 20:00:00,"527,9025219503359","670,669983",2,3,2024-04-18
2024-04-18 21:00:00,"441,8296074224622","592,179993",2,3,2024-04-18
2024-04-18 22:00:00,"413,25396219322727","576,090027",2,3,2024-04-18
2024-04-18 23:00:00,"399,1691997564684","453,869995",2,3,2024-04-18
2024-04-19 00:00:00,"355,29577711590446","377,019989",2,3,2024-04-19
2024-04-19 01:00:00,"358,49836223227726","369,109985",2,3,2024-04-19
2024-04-19 02:00:00,"331,57330801648874","357,920013",2,3,2024-04-19
2024-04-19 03:00:00,"367,0651226918182","366,200012",2,3,2024-04-19
2024-04-19 04:00:00,"388,116382037409","448,570007",2,3,2024-04-19
2024-04-19 05:00:00,"394,47530952288366","515,130005",2,3,2024-04-19
2024-04-19 06:00:00,"454,58133667572395","567,059998",2,3,2024-04-19
2024-04-19 07:00:00,"412,7168483419707","509,609985",2,3,2024-04-19
2024-04-19 08:00:00,"326,24371907854106","449,170013",2,3,2024-04-19
2024-04-19 09:00:00,"199,13011120862774","418,429993",2,3,2024-04-19
2024-04-19 10:00:00,"268,3610556968132","379,859985",2,3,2024-04-19
2024-04-19 11:00:00,"199,25314396870436","350,679993",2,3,2024-04-19
2024-04-19 12:00:00,"256,24353107633885","335,309998",2,3,2024-04-19
2024-04-19 13:00:00,"252,77577241264163","332,480011",2,3,2024-04-19
2024-04-19 14:00:00,"268,2051479507494","379,859985",2,3,2024-04-19
2024-04-19 15:00:00,"347,80878569470855","424,920013",2,3,2024-04-19
2024-04-19 16:00:00,"429,5335680002538","473,720001",2,3,2024-04-19
2024-04-19 17:00:00,"506,87226421412555","475,660004",2,3,2024-04-19
2024-04-19 18:00:00,"581,7822177046027","482,670013",2,3,2024-04-19
2024-04-19 19:00:00,"537,0188594334255","493,940002",2,3,2024-04-19
2024-04-19 20:00:00,"537,7089082239979","477,149994",2,3,2024-04-19
2024-04-19 21:00:00,"500,68876055498407","471,179993",2,3,2024-04-19
2024-04-19 22:00:00,"442,3746355351671","449,529999",2,3,2024-04-19
2024-04-19 23:00:00,"402,9633494398482","432,589996",2,3,2024-04-19
2024-04-20 00:00:00,"347,90242615923484","427,809998",2,3,2024-04-20
2024-04-20 01:00:00,"338,491469514632","430,950012",2,3,2024-04-20
2024-04-20 02:00:00,"332,78455624763393","455,5",2,3,2024-04-20
2024-04-20 03:00:00,"354,64990546482153","468,850006",2,3,2024-04-20
2024-04-20 04:00:00,"419,22088906940746","476,98999",2,3,2024-04-20
2024-04-20 05:00:00,"419,1410427943014","507,279999",2,3,2024-04-20
2024-04-20 06:00:00,"343,2016284949003","485,350006",2,3,2024-04-20
2024-04-20 07:00:00,"284,5661793595561","446,98999",2,3,2024-04-20
2024-04-20 08:00:00,"246,19365337025235","373,48999",2,3,2024-04-20
2024-04-20 09:00:00,"231,5533775103841","286,769989",2,3,2024-04-20
2024-04-20 10:00:00,"191,93709690563057","216,179993",2,3,2024-04-20
2024-04-20 11:00:00,"171,1137813169595","92,010002",2,3,2024-04-20
2024-04-20 12:00:00,"169,72631819987643","78,730003",2,3,2024-04-20
2024-04-20 13:00:00,"167,45723790232003","136,779999",2,3,2024-04-20
2024-04-20 14:00:00,"187,82987966881353","279,160004",2,3,2024-04-20
2024-04-20 15:00:00,"474,39153047929784","468,850006",2,3,2024-04-20
2024-04-20 16:00:00,"475,1519704251706","588,77002",2,3,2024-04-20
2024-04-20 17:00:00,"544,2862436283162","668,690002",2,3,2024-04-20
2024-04-20 18:00:00,"542,1883376538934","724,140015",2,3,2024-04-20
2024-04-20 19:00:00,"422,0803569058855","673,919983",2,3,2024-04-20
2024-04-20 20:00:00,"370,1734854599607","642,280029",2,3,2024-04-20
2024-04-20 21:00:00,"298,0058803309502","618,619995",2,3,2024-04-20
2024-04-20 22:00:00,"190,1921701818412","610,679993",2,3,2024-04-20
2024-04-20 23:00:00,"438,63444505230615","526,669983",2,3,2024-04-20
2024-04-21 00:00:00,"162,9075845360402","518,76001",2,3,2024-04-21
2024-04-21 01:00:00,"416,97467869409076","480,48999",2,3,2024-04-21
2024-04-21 02:00:00,"143,87798915693034","476,609985",2,3,2024-04-21
2024-04-21 03:00:00,"599,5585843034347","474,670013",2,3,2024-04-21
2024-04-21 04:00:00,"199,7081171782074","480,709991",2,3,2024-04-21
2024-04-21 05:00:00,"438,26779328250353","451,609985",2,3,2024-04-21
2024-04-21 06:00:00,"160,59260746344225","454,220001",2,3,2024-04-21
2024-04-21 07:00:00,"244,13081813671985","413,190002",2,3,2024-04-21
2024-04-21 08:00:00,"162,7378744775679","246,139999",2,3,2024-04-21
2024-04-21 09:00:00,"192,64729871716312","275,76001",2,3,2024-04-21
2024-04-21 10:00:00,"171,29664110396595","45,209999",2,3,2024-04-21
2024-04-21 11:00:00,"155,84811118256866","2,09",2,3,2024-04-21
2024-04-21 12:00:00,"192,36418740106976","-6,71",2,3,2024-04-21
2024-04-21 13:00:00,"157,52871478250373","5,6",2,3,2024-04-21
2024-04-21 14:00:00,"306,05113203293564","44,84",2,3,2024-04-21
2024-04-21 15:00:00,"242,81401002043492","434,380005",2,3,2024-04-21
2024-04-21 16:00:00,"478,06932536407464","556,590027",2,3,2024-04-21
2024-04-21 17:00:00,"624,8566564219892","666,710022",2,3,2024-04-21
2024-04-21 18:00:00,"653,6008964925276","710,72998",2,3,2024-04-21
2024-04-21 19:00:00,"638,1122763837867","679,469971",2,3,2024-04-21
2024-04-21 20:00:00,"586,9209801580058","667,080017",2,3,2024-04-21
2024-04-21 21:00:00,"517,9563703649541","660,0",2,3,2024-04-21
2024-04-21 22:00:00,"482,89234727349765","589,190002",2,3,2024-04-21
2024-04-21 23:00:00,"489,87789350987924","582,330017",2,3,2024-04-21
2024-04-22 00:00:00,"437,4379432191398","585,23999",2,4,2024-04-22
2024-04-22 01:00:00,"398,7173253344035","596,280029",2,4,2024-04-22
2024-04-22 02:00:00,"374,79268783348004","595,309998",2,4,2024-04-22
2024-04-22 03:00:00,"405,13463008066134","652,830017",2,4,2024-04-22
2024-04-22 04:00:00,"564,0351063623291","790,109985",2,4,2024-04-22
2024-04-22 05:00:00,"833,6385295835003","975,820007",2,4,2024-04-22
2024-04-22 06:00:00,"796,0268691499061","876,359985",2,4,2024-04-22
2024-04-22 07:00:00,"566,2648804183481","724,090027",2,4,2024-04-22
2024-04-22 08:00:00,"480,09943309099015","610,75",2,4,2024-04-22
2024-04-22 09:00:00,"400,8053739494889","606,130005",2,4,2024-04-22
2024-04-22 10:00:00,"316,26122367496265","574,869995",2,4,2024-04-22
2024-04-22 11:00:00,"273,3864013793813","549,650024",2,4,2024-04-22
2024-04-22 12:00:00,"222,57590278682383","553,080017",2,4,2024-04-22
2024-04-22 13:00:00,"214,19541175980748","559,650024",2,4,2024-04-22
2024-04-22 14:00:00,"245,62169370441933","536,440002",2,4,2024-04-22
2024-04-22 15:00:00,"346,5086526026165","722,150024",2,4,2024-04-22
2024-04-22 16:00:00,"527,5614410377686","881,880005",2,4,2024-04-22
2024-04-22 17:00:00,"609,806401473611","1223,969971",2,4,2024-04-22
2024-04-22 18:00:00,"605,1316152982629","1275,52002",2,4,2024-04-22
2024-04-22 19:00:00,"490,1758767253942","970,299988",2,4,2024-04-22
2024-04-22 20:00:00,"403,79841588142676","789,140015",2,4,2024-04-22
2024-04-22 21:00:00,"313,584341975681","723,640015",2,4,2024-04-22
2024-04-22 22:00:00,"280,26375137465016","658,969971",2,4,2024-04-22
2024-04-22 23:00:00,"219,41451781048653","646,809998",2,4,2024-04-22
2024-04-23 00:00:00,"132,55649831214092","641,289978",2,4,2024-04-23
2024-04-23 01:00:00,"128,00317415085817","637,340027",2,4,2024-04-23
2024-04-23 02:00:00,"194,57131418706507","644,280029",2,4,2024-04-23
2024-04-23 03:00:00,"304,90680953796016","728,890015",2,4,2024-04-23
2024-04-23 04:00:00,"459,8907082656691","905,789978",2,4,2024-04-23
2024-04-23 05:00:00,"559,1374772948951","1352,420044",2,4,2024-04-23
2024-04-23 06:00:00,"529,534653404542","1016,820007",2,4,2024-04-23
2024-04-23 07:00:00,"418,06615323235235","734,030029",2,4,2024-04-23
2024-04-23 08:00:00,"269,3176293375516","618,309998",2,4,2024-04-23
2024-04-23 09:00:00,"236,79807353816676","576,450012",2,4,2024-04-23
2024-04-23 10:00:00,"201,00861616306912","577,950012",2,4,2024-04-23
2024-04-23 11:00:00,"145,40490077945194","592,27002",2,4,2024-04-23
2024-04-23 12:00:00,"149,6875058569361","586,599976",2,4,2024-04-23
2024-04-23 13:00:00,"233,37017441124794","597,049988",2,4,2024-04-23
2024-04-23 14:00:00,"266,46496301634596","619,429993",2,4,2024-04-23
2024-04-23 15:00:00,"422,4938341243071","671,289978",2,4,2024-04-23
2024-04-23 16:00:00,"542,8296675458715","764,030029",2,4,2024-04-23
2024-04-23 17:00:00,"660,6410277141454","917,799988",2,4,2024-04-23
2024-04-23 18:00:00,"699,9447999963951","933,169983",2,4,2024-04-23
2024-04-23 19:00:00,"594,9966488732572","784,169983",2,4,2024-04-23
2024-04-23 20:00:00,"549,7175783608086","691,880005",2,4,2024-04-23
2024-04-23 21:00:00,"447,1463664185766","608,460022",2,4,2024-04-23
2024-04-23 22:00:00,"432,9680744491734","600,929993",2,4,2024-04-23
2024-04-23 23:00:00,"339,5695138346634","569,150024",2,4,2024-04-23
2024-04-24 00:00:00,"316,4238648270116","566,090027",2,4,2024-04-24
2024-04-24 01:00:00,"319,79275057157","545,130005",2,4,2024-04-24
2024-04-24 02:00:00,"369,99829732473495","567,289978",2,4,2024-04-24
2024-04-24 03:00:00,"466,09501544693836","610,47998",2,4,2024-04-24
2024-04-24 04:00:00,"596,2836992848657","758,419983",2,4,2024-04-24
2024-04-24 05:00:00,"818,5447079601533","956,200012",2,4,2024-04-24
2024-04-24 06:00:00,"872,0870058936746","798,780029",2,4,2024-04-24
2024-04-24 07:00:00,"694,2305355381708","684,940002",2,4,2024-04-24
2024-04-24 08:00:00,"564,8531838494434","676,960022",2,4,2024-04-24
2024-04-24 09:00:00,"551,0442292675874","659,130005",2,4,2024-04-24
2024-04-24 10:00:00,"536,8716741675785","616,22998",2,4,2024-04-24
2024-04-24 11:00:00,"469,842015726088","597,5",2,4,2024-04-24
2024-04-24 12:00:00,"425,80500000922876","570,940002",2,4,2024-04-24
2024-04-24 13:00:00,"470,7078885360384","602,130005",2,4,2024-04-24
2024-04-24 14:00:00,"536,9490945049622","605,190002",2,4,2024-04-24
2024-04-24 15:00:00,"605,2196479993904","646,070007",2,4,2024-04-24
2024-04-24 16:00:00,"715,3099389927935","757,530029",2,4,2024-04-24
2024-04-24 17:00:00,"950,5732597764688","1008,640015",2,4,2024-04-24
2024-04-24 18:00:00,"1061,0438977863935","1070,119995",2,4,2024-04-24
2024-04-24 19:00:00,"818,0577394770902","903,900024",2,4,2024-04-24
2024-04-24 20:00:00,"635,6751888889675","785,650024",2,4,2024-04-24
2024-04-24 21:00:00,"548,9106657747176","673,0",2,4,2024-04-24
2024-04-24 22:00:00,"546,5192397508137","622,700012",2,4,2024-04-24
2024-04-24 23:00:00,"520,916754489221","596,599976",2,4,2024-04-24
2024-04-25 00:00:00,"474,3690274776722","576,97998",2,4,2024-04-25
2024-04-25 01:00:00,"475,03830721447616","567,140015",2,4,2024-04-25
2024-04-25 02:00:00,"463,88264387879997","561,099976",2,4,2024-04-25
2024-04-25 03:00:00,"463,96367836414805","626,580017",2,4,2024-04-25
2024-04-25 04:00:00,"576,8340673475973","763,940002",2,4,2024-04-25
2024-04-25 05:00:00,"698,4399633441022","962,390015",2,4,2024-04-25
2024-04-25 06:00:00,"633,0109025575935","840,530029",2,4,2024-04-25
2024-04-25 07:00:00,"506,19008222871344","686,830017",2,4,2024-04-25
2024-04-25 08:00:00,"424,59289153228383","596,669983",2,4,2024-04-25
2024-04-25 09:00:00,"390,6963620886822","583,169983",2,4,2024-04-25
2024-04-25 10:00:00,"364,37062417350256","551,26001",2,4,2024-04-25
2024-04-25 11:00:00,"363,9265499432994","512,099976",2,4,2024-04-25
2024-04-25 12:00:00,"352,55764483027644","495,25",2,4,2024-04-25
2024-04-25 13:00:00,"387,3638700577511","516,950012",2,4,2024-04-25
2024-04-25 14:00:00,"428,6174720071173","542,97998",2,4,2024-04-25
2024-04-25 15:00:00,"511,67627095902327","595,700012",2,4,2024-04-25
2024-04-25 16:00:00,"596,2278473560896","709,72998",2,4,2024-04-25
2024-04-25 17:00:00,"698,4838219458048","1052,170044",2,4,2024-04-25
2024-04-25 18:00:00,"739,056331263304","1135,699951",2,4,2024-04-25
2024-04-25 19:00:00,"652,2960502301712","847,98999",2,4,2024-04-25
2024-04-25 20:00:00,"592,5620628755659","681,23999",2,4,2024-04-25
2024-04-25 21:00:00,"536,3882162287798","594,659973",2,4,2024-04-25
2024-04-25 22:00:00,"531,4079045267895","595,719971",2,4,2024-04-25
2024-04-25 23:00:00,"472,7773207235569","551,929993",2,4,2024-04-25
2024-04-26 00:00:00,"424,6834028672692","553,429993",2,4,2024-04-26
2024-04-26 01:00:00,"400,94176008652136","552,460022",2,4,2024-04-26
2024-04-26 02:00:00,"364,66281593693657","575,049988",2,4,2024-04-26
2024-04-26 03:00:00,"388,21234328729355","618,909973",2,4,2024-04-26
2024-04-26 04:00:00,"502,0965118744316","697,380005",2,4,2024-04-26
2024-04-26 05:00:00,"522,3501726617852","776,140015",2,4,2024-04-26
2024-04-26 06:00:00,"548,2395905589736","716,469971",2,4,2024-04-26
2024-04-26 07:00:00,"495,91917915127783","604,73999",2,4,2024-04-26
2024-04-26 08:00:00,"364,0416312269455","580,349976",2,4,2024-04-26
2024-04-26 09:00:00,"257,2873331238343","544,099976",2,4,2024-04-26
2024-04-26 10:00:00,"171,9703322677255","524,710022",2,4,2024-04-26
2024-04-26 11:00:00,"139,9241871869501","512,700012",2,4,2024-04-26
2024-04-26 12:00:00,"139,7373652666399","487,570007",2,4,2024-04-26
2024-04-26 13:00:00,"141,00609592283368","521,5",2,4,2024-04-26
2024-04-26 14:00:00,"177,9052609610015","534,780029",2,4,2024-04-26
2024-04-26 15:00:00,"360,7312460816889","600,119995",2,4,2024-04-26
2024-04-26 16:00:00,"432,14474529593355","700,210022",2,4,2024-04-26
2024-04-26 17:00:00,"513,8579831155589","959,25",2,4,2024-04-26
2024-04-26 18:00:00,"577,2025850547512","1018,539978",2,4,2024-04-26
2024-04-26 19:00:00,"517,5475763285813","820,440002",2,4,2024-04-26
2024-04-26 20:00:00,"490,8742486561484","691,47998",2,4,2024-04-26
2024-04-26 21:00:00,"476,01427028918613","658,289978",2,4,2024-04-26
2024-04-26 22:00:00,"395,97767822717174","673,330017",2,4,2024-04-26
2024-04-26 23:00:00,"356,6826501176259","662,960022",2,4,2024-04-26
2024-04-27 00:00:00,"345,8330204857342","645,72998",2,4,2024-04-27
2024-04-27 01:00:00,"338,94015729354425","663,929993",2,4,2024-04-27
2024-04-27 02:00:00,"340,3848029907665","653,940002",2,4,2024-04-27
2024-04-27 03:00:00,"355,5772463580639","625,52002",2,4,2024-04-27
2024-04-27 04:00:00,"392,39875757174957","641,929993",2,4,2024-04-27
2024-04-27 05:00:00,"357,4563758867756","589,429993",2,4,2024-04-27
2024-04-27 06:00:00,"337,99907123609165","511,950012",2,4,2024-04-27
2024-04-27 07:00:00,"303,1361033160001","440,51001",2,4,2024-04-27
2024-04-27 08:00:00,"227,59713711237498","284,950012",2,4,2024-04-27
2024-04-27 09:00:00,"198,56944682010806","194,559998",2,4,2024-04-27
2024-04-27 10:00:00,"133,1957938387405","294,640015",2,4,2024-04-27
2024-04-27 11:00:00,"102,38806142847834","308,809998",2,4,2024-04-27
2024-04-27 12:00:00,"91,16160200382383","182,710007",2,4,2024-04-27
2024-04-27 13:00:00,"96,85806849988997","75,019997",2,4,2024-04-27
2024-04-27 14:00:00,"88,63857096189118","156,080002",2,4,2024-04-27
2024-04-27 15:00:00,"265,4501944157704","463,700012",2,4,2024-04-27
2024-04-27 16:00:00,"394,59562535726934","642,679993",2,4,2024-04-27
2024-04-27 17:00:00,"496,67131834471735","894,140015",2,4,2024-04-27
2024-04-27 18:00:00,"526,5281395419821","837,23999",2,4,2024-04-27
2024-04-27 19:00:00,"425,35676523444073","633,880005",2,4,2024-04-27
2024-04-27 20:00:00,"349,1421104942776","566,01001",2,4,2024-04-27
2024-04-27 21:00:00,"272,4125514652522","486,440002",2,4,2024-04-27
2024-04-27 22:00:00,"222,41684878965953","420,570007",2,4,2024-04-27
2024-04-27 23:00:00,"131,65366770913192","344,119995",2,4,2024-04-27
2024-04-28 00:00:00,"145,42363638432343","295,350006",2,4,2024-04-28
2024-04-28 01:00:00,"159,56490489684757","235,309998",2,4,2024-04-28
2024-04-28 02:00:00,"154,19294360011696","205,850006",2,4,2024-04-28
2024-04-28 03:00:00,"166,94924386742616","194,289993",2,4,2024-04-28
2024-04-28 04:00:00,"195,75654435480072","74,209999",2,4,2024-04-28
2024-04-28 05:00:00,"197,82999589122272","1,86",2,4,2024-04-28
2024-04-28 06:00:00,"168,1902809132361","1,94",2,4,2024-04-28
2024-04-28 07:00:00,"110,86961208509672","1,64",2,4,2024-04-28
2024-04-28 08:00:00,"102,28127717040363","0,0",2,4,2024-04-28
2024-04-28 09:00:00,"58,01570838150427","-7,16",2,4,2024-04-28
2024-04-28 10:00:00,"-27,406356365262386","-18,049999",2,4,2024-04-28
2024-04-28 11:00:00,"-104,59419310523741","-18,65",2,4,2024-04-28
2024-04-28 12:00:00,"-133,23843841586205","-18,790001",2,4,2024-04-28
2024-04-28 13:00:00,"-72,86040196134294","-15,66",2,4,2024-04-28
2024-04-28 14:00:00,"3,6987296315628497","-15,51",2,4,2024-04-28
2024-04-28 15:00:00,"191,55747524468444","-0,15",2,4,2024-04-28
2024-04-28 16:00:00,"426,7557387758805","189,289993",2,4,2024-04-28
2024-04-28 17:00:00,"488,7383877799596","517,299988",2,4,2024-04-28
2024-04-28 18:00:00,"573,2719296801208","577,640015",2,4,2024-04-28
2024-04-28 19:00:00,"487,2603579801002","583,159973",2,4,2024-04-28
2024-04-28 20:00:00,"470,7609962843428","468,079987",2,4,2024-04-28
2024-04-28 21:00:00,"417,95967251902607","417,890015",2,4,2024-04-28
2024-04-28 22:00:00,"396,23861381366066","306,529999",2,4,2024-04-28
2024-04-28 23:00:00,"362,04245932188417","370,75",2,4,2024-04-28
2024-07-01 00:00:00,"541,8390669217612","583,150024",3,1,2024-07-01
2024-07-01 01:00:00,"551,6067778652299","581,809998",3,1,2024-07-01
2024-07-01 02:00:00,"558,8173598707843","564,059998",3,1,2024-07-01
2024-07-01 03:00:00,"628,1624245962098","602,76001",3,1,2024-07-01
2024-07-01 04:00:00,"781,1776662668311","907,349976",3,1,2024-07-01
2024-07-01 05:00:00,"916,161148934941","1018,109985",3,1,2024-07-01
2024-07-01 06:00:00,"838,4188993739783","963,590027",3,1,2024-07-01
2024-07-01 07:00:00,"669,5773344832244","841,27002",3,1,2024-07-01
2024-07-01 08:00:00,"527,2314801866371","750,289978",3,1,2024-07-01
2024-07-01 09:00:00,"460,33655914193935","642,070007",3,1,2024-07-01
2024-07-01 10:00:00,"410,7122365949494","493,200012",3,1,2024-07-01
2024-07-01 11:00:00,"393,37155654674166","318,609985",3,1,2024-07-01
2024-07-01 12:00:00,"363,2941565725946","258,5",3,1,2024-07-01
2024-07-01 13:00:00,"414,9724493067314","242,759995",3,1,2024-07-01
2024-07-01 14:00:00,"463,9286056855312","231,649994",3,1,2024-07-01
2024-07-01 15:00:00,"547,8731888863163","410,200012",3,1,2024-07-01
2024-07-01 16:00:00,"689,9902800904281","538,77002",3,1,2024-07-01
2024-07-01 17:00:00,"985,7185294321986","733,72998",3,1,2024-07-01
2024-07-01 18:00:00,"1248,802494009246","791,080017",3,1,2024-07-01
2024-07-01 19:00:00,"1138,8535618219607","939,719971",3,1,2024-07-01
2024-07-01 20:00:00,"848,7008141266696","782,580017",3,1,2024-07-01
2024-07-01 21:00:00,"645,6515944935109","653,700012",3,1,2024-07-01
2024-07-01 22:00:00,"571,1413062581958","593,919983",3,1,2024-07-01
2024-07-01 23:00:00,"548,6526518101573","462,350006",3,1,2024-07-01
2024-07-02 00:00:00,"557,1020787959792","375,829987",3,1,2024-07-02
2024-07-02 01:00:00,"546,8224572432925","402,829987",3,1,2024-07-02
2024-07-02 02:00:00,"554,6815352694076","343,98999",3,1,2024-07-02
2024-07-02 03:00:00,"596,9146889033374","379,040009",3,1,2024-07-02
2024-07-02 04:00:00,"782,0244242200836","518,070007",3,1,2024-07-02
2024-07-02 05:00:00,"821,3513702682786","496,140015",3,1,2024-07-02
2024-07-02 06:00:00,"703,5218965384893","611,299988",3,1,2024-07-02
2024-07-02 07:00:00,"535,7786397091743","498,970001",3,1,2024-07-02
2024-07-02 08:00:00,"415,5171808321304","293,119995",3,1,2024-07-02
2024-07-02 09:00:00,"308,1785262781427","265,369995",3,1,2024-07-02
2024-07-02 10:00:00,"231,97390863080673","263,51001",3,1,2024-07-02
2024-07-02 11:00:00,"259,15583964085613","257,98999",3,1,2024-07-02
2024-07-02 12:00:00,"306,7538488409457","252,990005",3,1,2024-07-02
2024-07-02 13:00:00,"323,46910867383434","243,070007",3,1,2024-07-02
2024-07-02 14:00:00,"352,9135147802961","249,410004",3,1,2024-07-02
2024-07-02 15:00:00,"469,2735216880202","262,170013",3,1,2024-07-02
2024-07-02 16:00:00,"684,5993056124885","261,720001",3,1,2024-07-02
2024-07-02 17:00:00,"847,7382860716287","267,160004",3,1,2024-07-02
2024-07-02 18:00:00,"959,1566901660365","311,98999",3,1,2024-07-02
2024-07-02 19:00:00,"866,9991199434143","436,920013",3,1,2024-07-02
2024-07-02 20:00:00,"714,121145879263","345,779999",3,1,2024-07-02
2024-07-02 21:00:00,"615,7658966005241","301,100006",3,1,2024-07-02
2024-07-02 22:00:00,"723,2955886586727","277,459991",3,1,2024-07-02
2024-07-02 23:00:00,"821,6586713566331","268,809998",3,1,2024-07-02
2024-07-03 00:00:00,"866,5765840340492","267,23999",3,1,2024-07-03
2024-07-03 01:00:00,"1023,2178957570064","270,380005",3,1,2024-07-03
2024-07-03 02:00:00,"1106,9198012006066","288,649994",3,1,2024-07-03
2024-07-03 03:00:00,"1415,9232333886503","439,309998",3,1,2024-07-03
2024-07-03 04:00:00,"1986,6368097250138","647,929993",3,1,2024-07-03
2024-07-03 05:00:00,"1899,9516096420082","729,599976",3,1,2024-07-03
2024-07-03 06:00:00,"1381,169218541179","771,669983",3,1,2024-07-03
2024-07-03 07:00:00,"711,7079406209044","416,709991",3,1,2024-07-03
2024-07-03 08:00:00,"487,44028659708295","323,029999",3,1,2024-07-03
2024-07-03 09:00:00,"378,8195137716761","298,119995",3,1,2024-07-03
2024-07-03 10:00:00,"270,93595267282507","291,859985",3,1,2024-07-03
2024-07-03 11:00:00,"257,6196994995996","296,179993",3,1,2024-07-03
2024-07-03 12:00:00,"308,497159446011","306,100006",3,1,2024-07-03
2024-07-03 13:00:00,"414,3141531427762","317,220001",3,1,2024-07-03
2024-07-03 14:00:00,"464,66852694613704","376,660004",3,1,2024-07-03
2024-07-03 15:00:00,"616,798921348331","590,5",3,1,2024-07-03
2024-07-03 16:00:00,"1106,9136120420997","697,830017",3,1,2024-07-03
2024-07-03 17:00:00,"1678,845570969441","831,27002",3,1,2024-07-03
2024-07-03 18:00:00,"4418,859332780614","1149,969971",3,1,2024-07-03
2024-07-03 19:00:00,"2968,834057162153","784,130005",3,1,2024-07-03
2024-07-03 20:00:00,"1543,791153235198","655,23999",3,1,2024-07-03
2024-07-03 21:00:00,"1473,9444574271877","513,900024",3,1,2024-07-03
2024-07-03 22:00:00,"823,8716234874641","436,329987",3,1,2024-07-03
2024-07-03 23:00:00,"640,9846320793625","228,75",3,1,2024-07-03
2024-07-04 00:00:00,"571,8522259240306","154,240005",3,1,2024-07-04
2024-07-04 01:00:00,"569,6320587164977","130,149994",3,1,2024-07-04
2024-07-04 02:00:00,"530,6099328477808","70,779999",3,1,2024-07-04
2024-07-04 03:00:00,"541,9692500113597","74,730003",3,1,2024-07-04
2024-07-04 04:00:00,"645,4434395426921","197,429993",3,1,2024-07-04
2024-07-04 05:00:00,"785,9248630925974","223,759995",3,1,2024-07-04
2024-07-04 06:00:00,"798,0453305900526","235,910004",3,1,2024-07-04
2024-07-04 07:00:00,"577,4287809699833","168,940002",3,1,2024-07-04
2024-07-04 08:00:00,"491,94351396626865","14,17",3,1,2024-07-04
2024-07-04 09:00:00,"422,8285787726487","0,0",3,1,2024-07-04
2024-07-04 10:00:00,"411,15560517631707","-0,3",3,1,2024-07-04
2024-07-04 11:00:00,"380,4540670407697","-37,52",3,1,2024-07-04
2024-07-04 12:00:00,"356,62251239086413","-142,380005",3,1,2024-07-04
2024-07-04 13:00:00,"390,5962733370753","-100,470001",3,1,2024-07-04
2024-07-04 14:00:00,"412,60798617292375","-39,599998",3,1,2024-07-04
2024-07-04 15:00:00,"554,6826841412029","-0,22",3,1,2024-07-04
2024-07-04 16:00:00,"671,528961408405","50,490002",3,1,2024-07-04
2024-07-04 17:00:00,"870,388898032837","216,300003",3,1,2024-07-04
2024-07-04 18:00:00,"1234,6020731156518","336,160004",3,1,2024-07-04
2024-07-04 19:00:00,"1155,4551612318473","289,320007",3,1,2024-07-04
2024-07-04 20:00:00,"714,7037513008829","288,5",3,1,2024-07-04
2024-07-04 21:00:00,"590,9280032181692","284,170013",3,1,2024-07-04
2024-07-04 22:00:00,"449,989008776739","51,610001",3,1,2024-07-04
2024-07-04 23:00:00,"453,32514251595205","36,02",3,1,2024-07-04
2024-07-05 00:00:00,"507,068563748307","29,83",3,1,2024-07-05
2024-07-05 01:00:00,"502,13285120912707","19,91",3,1,2024-07-05
2024-07-05 02:00:00,"516,9472296299668","21,780001",3,1,2024-07-05
2024-07-05 03:00:00,"528,7463757695699","42,66",3,1,2024-07-05
2024-07-05 04:00:00,"643,6840073484519","149,100006",3,1,2024-07-05
2024-07-05 05:00:00,"623,2523956533228","216,970001",3,1,2024-07-05
2024-07-05 06:00:00,"573,9487647191708","234,720001",3,1,2024-07-05
2024-07-05 07:00:00,"503,06098562877116","138,429993",3,1,2024-07-05
2024-07-05 08:00:00,"497,9633472851841","22,0",3,1,2024-07-05
2024-07-05 09:00:00,"461,56101646361645","3,06",3,1,2024-07-05
2024-07-05 10:00:00,"439,60046103080674","-0,3",3,1,2024-07-05
2024-07-05 11:00:00,"374,2421541349432","-4,1",3,1,2024-07-05
2024-07-05 12:00:00,"356,00868178884787","-5,74",3,1,2024-07-05
2024-07-05 13:00:00,"373,3858730443672","-0,22",3,1,2024-07-05
2024-07-05 14:00:00,"400,368245034336","14,4",3,1,2024-07-05
2024-07-05 15:00:00,"428,26289402903774","125,379997",3,1,2024-07-05
2024-07-05 16:00:00,"449,62403854338766","186,839996",3,1,2024-07-05
2024-07-05 17:00:00,"590,6482348830069","273,730011",3,1,2024-07-05
2024-07-05 18:00:00,"599,0516864347867","282,01001",3,1,2024-07-05
2024-07-05 19:00:00,"596,5292829537411","447,959991",3,1,2024-07-05
2024-07-05 20:00:00,"528,4211876596348","618,02002",3,1,2024-07-05
2024-07-05 21:00:00,"463,47430640762394","633,609985",3,1,2024-07-05
2024-07-05 22:00:00,"481,2529644482277","637,890015",3,1,2024-07-05
2024-07-05 23:00:00,"491,4809032562597","492,73999",3,1,2024-07-05
2024-07-06 00:00:00,"509,13350574305224","473,799988",3,1,2024-07-06
2024-07-06 01:00:00,"445,66579687953083","346,540009",3,1,2024-07-06
2024-07-06 02:00:00,"461,4134015920068","288,070007",3,1,2024-07-06
2024-07-06 03:00:00,"407,25674205472365","117,029999",3,1,2024-07-06
2024-07-06 04:00:00,"377,11693037571456","42,740002",3,1,2024-07-06
2024-07-06 05:00:00,"339,6002056375068","40,049999",3,1,2024-07-06
2024-07-06 06:00:00,"295,1654006574212","25,360001",3,1,2024-07-06
2024-07-06 07:00:00,"165,7437866446327","2,39",3,1,2024-07-06
2024-07-06 08:00:00,"134,98948600172812","-0,3",3,1,2024-07-06
2024-07-06 09:00:00,"154,88464006600427","-0,15",3,1,2024-07-06
2024-07-06 10:00:00,"178,57261515209646","-0,22",3,1,2024-07-06
2024-07-06 11:00:00,"147,70428470820008","-0,9",3,1,2024-07-06
2024-07-06 12:00:00,"117,02997123665793","-16,26",3,1,2024-07-06
2024-07-06 13:00:00,"108,17909656148997","-20,209999",3,1,2024-07-06
2024-07-06 14:00:00,"89,4433213437452","-4,48",3,1,2024-07-06
2024-07-06 15:00:00,"463,76242691692863","-0,45",3,1,2024-07-06
2024-07-06 16:00:00,"482,2904758245197","14,02",3,1,2024-07-06
2024-07-06 17:00:00,"651,2394241066676","1,64",3,1,2024-07-06
2024-07-06 18:00:00,"696,6542319751758","49,900002",3,1,2024-07-06
2024-07-06 19:00:00,"670,0587628878459","70,110001",3,1,2024-07-06
2024-07-06 20:00:00,"575,8844698576421","134,259995",3,1,2024-07-06
2024-07-06 21:00:00,"471,1910275646597","104,580002",3,1,2024-07-06
2024-07-06 22:00:00,"465,3543677897912","-0,22",3,1,2024-07-06
2024-07-06 23:00:00,"393,7710246920876","-0,75",3,1,2024-07-06
2024-07-07 00:00:00,"433,34154558022095","-5,97",3,1,2024-07-07
2024-07-07 01:00:00,"449,69037168839236","-3,58",3,1,2024-07-07
2024-07-07 02:00:00,"414,65936629370555","-0,45",3,1,2024-07-07
2024-07-07 03:00:00,"362,87656797987046","-0,07",3,1,2024-07-07
2024-07-07 04:00:00,"364,57025758033825","-0,07",3,1,2024-07-07
2024-07-07 05:00:00,"283,7757653410084","-0,07",3,1,2024-07-07
2024-07-07 06:00:00,"211,9947790277679","-4,47",3,1,2024-07-07
2024-07-07 07:00:00,"281,07120511199156","-48,400002",3,1,2024-07-07
2024-07-07 08:00:00,"236,97519318340656","-74,43",3,1,2024-07-07
2024-07-07 09:00:00,"247,79960409353603","-89,800003",3,1,2024-07-07
2024-07-07 10:00:00,"251,75030548198743","-100,610001",3,1,2024-07-07
2024-07-07 11:00:00,"226,35663708174175","-112,019997",3,1,2024-07-07
2024-07-07 12:00:00,"224,70186704711887","-156,470001",3,1,2024-07-07
2024-07-07 13:00:00,"227,32813593677835","-90,989998",3,1,2024-07-07
2024-07-07 14:00:00,"263,05197446699987","-45,939999",3,1,2024-07-07
2024-07-07 15:00:00,"314,3903950757525","-0,6",3,1,2024-07-07
2024-07-07 16:00:00,"489,3794451191871","477,23999",3,1,2024-07-07
2024-07-07 17:00:00,"664,2673165775217","673,23999",3,1,2024-07-07
2024-07-07 18:00:00,"807,7034117314355","890,48999",3,1,2024-07-07
2024-07-07 19:00:00,"852,4611963701947","947,549988",3,1,2024-07-07
2024-07-07 20:00:00,"817,261162814276","859,169983",3,1,2024-07-07
2024-07-07 21:00:00,"718,7739914700456","724,400024",3,1,2024-07-07
2024-07-07 22:00:00,"685,2875440726206","608,72998",3,1,2024-07-07
2024-07-07 23:00:00,"596,0278507997543","571,659973",3,1,2024-07-07
2024-07-08 00:00:00,"563,2398912008932","552,48999",3,2,2024-07-08
2024-07-08 01:00:00,"574,832666035507","579,640015",3,2,2024-07-08
2024-07-08 02:00:00,"575,1867213672044","568,900024",3,2,2024-07-08
2024-07-08 03:00:00,"649,7865103686853","592,469971",3,2,2024-07-08
2024-07-08 04:00:00,"878,0766838579838","820,390015",3,2,2024-07-08
2024-07-08 05:00:00,"1014,7845637930454","924,580017",3,2,2024-07-08
2024-07-08 06:00:00,"909,2199127656892","750,580017",3,2,2024-07-08
2024-07-08 07:00:00,"697,8491212371342","578,820007",3,2,2024-07-08
2024-07-08 08:00:00,"569,2284867710214","402,209991",3,2,2024-07-08
2024-07-08 09:00:00,"487,0177400826294","286,609985",3,2,2024-07-08
2024-07-08 10:00:00,"409,17670626344045","237,089996",3,2,2024-07-08
2024-07-08 11:00:00,"365,3756440892108","219,639999",3,2,2024-07-08
2024-07-08 12:00:00,"359,19094359816074","220,460007",3,2,2024-07-08
2024-07-08 13:00:00,"394,07513901210154","274,079987",3,2,2024-07-08
2024-07-08 14:00:00,"461,0452426224725","477,320007",3,2,2024-07-08
2024-07-08 15:00:00,"580,4130657611422","598,140015",3,2,2024-07-08
2024-07-08 16:00:00,"679,9785900141121","765,419983",3,2,2024-07-08
2024-07-08 17:00:00,"981,1719290174976","1006,840027",3,2,2024-07-08
2024-07-08 18:00:00,"1448,5301747385777","1857,140015",3,2,2024-07-08
2024-07-08 19:00:00,"1191,9199121045797","1295,390015",3,2,2024-07-08
2024-07-08 20:00:00,"902,8083431411558","847,609985",3,2,2024-07-08
2024-07-08 21:00:00,"703,0002197514054","686,289978",3,2,2024-07-08
2024-07-08 22:00:00,"673,5820222971104","787,049988",3,2,2024-07-08
2024-07-08 23:00:00,"633,2345653282225","715,73999",3,2,2024-07-08
2024-07-09 00:00:00,"623,2297129785461","694,26001",3,2,2024-07-09
2024-07-09 01:00:00,"624,4735373718017","679,789978",3,2,2024-07-09
2024-07-09 02:00:00,"629,4270196832135","653,840027",3,2,2024-07-09
2024-07-09 03:00:00,"664,3383988474143","722,22998",3,2,2024-07-09
2024-07-09 04:00:00,"846,5272779135739","830,76001",3,2,2024-07-09
2024-07-09 05:00:00,"889,1953941846813","773,919983",3,2,2024-07-09
2024-07-09 06:00:00,"749,1131580268927","701,119995",3,2,2024-07-09
2024-07-09 07:00:00,"610,0749813649121","501,679993",3,2,2024-07-09
2024-07-09 08:00:00,"505,5961384132612","347,799988",3,2,2024-07-09
2024-07-09 09:00:00,"378,0411133522132","251,440002",3,2,2024-07-09
2024-07-09 10:00:00,"355,3906666933864","163,720001",3,2,2024-07-09
2024-07-09 11:00:00,"339,6364652684072","119,190002",3,2,2024-07-09
2024-07-09 12:00:00,"322,86360378907","32,369999",3,2,2024-07-09
2024-07-09 13:00:00,"363,42659946646086","82,639999",3,2,2024-07-09
2024-07-09 14:00:00,"440,53517064514836","400,76001",3,2,2024-07-09
2024-07-09 15:00:00,"509,8503528022827","609,309998",3,2,2024-07-09
2024-07-09 16:00:00,"692,6649637155339","740,429993",3,2,2024-07-09
2024-07-09 17:00:00,"950,8323086861061","822,47998",3,2,2024-07-09
2024-07-09 18:00:00,"1044,9401370488295","841,349976",3,2,2024-07-09
2024-07-09 19:00:00,"890,2384404893837","748,26001",3,2,2024-07-09
2024-07-09 20:00:00,"764,2111802219443","338,779999",3,2,2024-07-09
2024-07-09 21:00:00,"645,4952713785233","301,779999",3,2,2024-07-09
2024-07-09 22:00:00,"806,1519124667815","243,110001",3,2,2024-07-09
2024-07-09 23:00:00,"871,25996464956","246,089996",3,2,2024-07-09
2024-07-10 00:00:00,"986,2954403352055","224,009995",3,2,2024-07-10
2024-07-10 01:00:00,"1160,0444646137028","214,320007",3,2,2024-07-10
2024-07-10 02:00:00,"1163,3306948877396","223,789993",3,2,2024-07-10
2024-07-10 03:00:00,"1571,984148559131","243,779999",3,2,2024-07-10
2024-07-10 04:00:00,"2534,071155005545","300,700012",3,2,2024-07-10
2024-07-10 05:00:00,"2213,3934883586517","325,089996",3,2,2024-07-10
2024-07-10 06:00:00,"1479,53286347921","622,809998",3,2,2024-07-10
2024-07-10 07:00:00,"763,5877362549642","586,109985",3,2,2024-07-10
2024-07-10 08:00:00,"488,04309035594","484,880005",3,2,2024-07-10
2024-07-10 09:00:00,"442,59208868258736","416,029999",3,2,2024-07-10
2024-07-10 10:00:00,"358,74061264115096","351,570007",3,2,2024-07-10
2024-07-10 11:00:00,"292,5291518893196","304,059998",3,2,2024-07-10
2024-07-10 12:00:00,"387,8062127358714","392,149994",3,2,2024-07-10
2024-07-10 13:00:00,"369,30720681186625","394,690002",3,2,2024-07-10
2024-07-10 14:00:00,"438,17339547624107","441,089996",3,2,2024-07-10
2024-07-10 15:00:00,"566,0992079648638","597,820007",3,2,2024-07-10
2024-07-10 16:00:00,"1044,8391998222867","595,059998",3,2,2024-07-10
2024-07-10 17:00:00,"1654,7286508592513","743,880005",3,2,2024-07-10
2024-07-10 18:00:00,"4423,692412196841","872,780029",3,2,2024-07-10
2024-07-10 19:00:00,"2723,307848976387","1122,75",3,2,2024-07-10
2024-07-10 20:00:00,"1483,9211077928928","850,179993",3,2,2024-07-10
2024-07-10 21:00:00,"1408,9247051286795","693,150024",3,2,2024-07-10
2024-07-10 22:00:00,"767,6914808998964","716,380005",3,2,2024-07-10
2024-07-10 23:00:00,"567,697398164625","596,48999",3,2,2024-07-10
2024-07-11 00:00:00,"467,6706446348378","574,919983",3,2,2024-07-11
2024-07-11 01:00:00,"445,1230035287294","593,869995",3,2,2024-07-11
2024-07-11 02:00:00,"421,79123142924055","599,169983",3,2,2024-07-11
2024-07-11 03:00:00,"432,6362228497615","611,630005",3,2,2024-07-11
2024-07-11 04:00:00,"587,1605466994334","801,72998",3,2,2024-07-11
2024-07-11 05:00:00,"680,0736199869158","895,289978",3,2,2024-07-11
2024-07-11 06:00:00,"620,6070864384603","794,789978",3,2,2024-07-11
2024-07-11 07:00:00,"500,8184826834808","664,830017",3,2,2024-07-11
2024-07-11 08:00:00,"361,8782015317239","602,01001",3,2,2024-07-11
2024-07-11 09:00:00,"312,85971976063524","496,880005",3,2,2024-07-11
2024-07-11 10:00:00,"267,1425876841611","428,540009",3,2,2024-07-11
2024-07-11 11:00:00,"237,35046086481245","355,880005",3,2,2024-07-11
2024-07-11 12:00:00,"206,79169690770317","331,850006",3,2,2024-07-11
2024-07-11 13:00:00,"382,1658850784488","373,779999",3,2,2024-07-11
2024-07-11 14:00:00,"351,09476746899765","454,959991",3,2,2024-07-11
2024-07-11 15:00:00,"449,96353347853636","611,109985",3,2,2024-07-11
2024-07-11 16:00:00,"519,4400409435972","683,25",3,2,2024-07-11
2024-07-11 17:00:00,"706,6177875909335","872,909973",3,2,2024-07-11
2024-07-11 18:00:00,"938,4290307411916","1375,23999",3,2,2024-07-11
2024-07-11 19:00:00,"982,9928513327511","1244,0",3,2,2024-07-11
2024-07-11 20:00:00,"769,7063228425892","907,150024",3,2,2024-07-11
2024-07-11 21:00:00,"622,9385510369809","732,049988",3,2,2024-07-11
2024-07-11 22:00:00,"559,2957103989861","764,130005",3,2,2024-07-11
2024-07-11 23:00:00,"514,1836919771542","651,400024",3,2,2024-07-11
2024-07-12 00:00:00,"478,4483281640292","609,619995",3,2,2024-07-12
2024-07-12 01:00:00,"441,72800821514693","596,710022",3,2,2024-07-12
2024-07-12 02:00:00,"419,73710673105313","570,0",3,2,2024-07-12
2024-07-12 03:00:00,"438,6641978248998","592,159973",3,2,2024-07-12
2024-07-12 04:00:00,"513,6153321972527","805,309998",3,2,2024-07-12
2024-07-12 05:00:00,"605,6009582810574","820,080017",3,2,2024-07-12
2024-07-12 06:00:00,"602,0708035412372","817,690002",3,2,2024-07-12
2024-07-12 07:00:00,"476,8786541343934","763,97998",3,2,2024-07-12
2024-07-12 08:00:00,"313,3635601550552","715,26001",3,2,2024-07-12
2024-07-12 09:00:00,"195,61702334526402","670,200012",3,2,2024-07-12
2024-07-12 10:00:00,"456,6622053416584","621,099976",3,2,2024-07-12
2024-07-12 11:00:00,"219,56310188749012","586,409973",3,2,2024-07-12
2024-07-12 12:00:00,"206,32179798794476","582,22998",3,2,2024-07-12
2024-07-12 13:00:00,"342,0041197022583","583,349976",3,2,2024-07-12
2024-07-12 14:00:00,"248,7708868777291","624,159973",3,2,2024-07-12
2024-07-12 15:00:00,"330,42461493703945","589,400024",3,2,2024-07-12
2024-07-12 16:00:00,"512,6216480781887","671,840027",3,2,2024-07-12
2024-07-12 17:00:00,"674,9206479078805","720,849976",3,2,2024-07-12
2024-07-12 18:00:00,"760,6626660696105","683,400024",3,2,2024-07-12
2024-07-12 19:00:00,"784,4554625793195","705,859985",3,2,2024-07-12
2024-07-12 20:00:00,"720,8134635826428","639,090027",3,2,2024-07-12
2024-07-12 21:00:00,"564,8719718915011","522,330017",3,2,2024-07-12
2024-07-12 22:00:00,"516,9613089672691","251,740005",3,2,2024-07-12
2024-07-12 23:00:00,"466,2822555485244","242,940002",3,2,2024-07-12
2024-07-13 00:00:00,"503,7006399971833","259,869995",3,2,2024-07-13
2024-07-13 01:00:00,"480,46115254425723","247,710007",3,2,2024-07-13
2024-07-13 02:00:00,"468,4317161514378","243,610001",3,2,2024-07-13
2024-07-13 03:00:00,"428,9575795391292","231,149994",3,2,2024-07-13
2024-07-13 04:00:00,"470,8263525086424","227,860001",3,2,2024-07-13
2024-07-13 05:00:00,"420,59909393558627","207,570007",3,2,2024-07-13
2024-07-13 06:00:00,"345,57112193727363","198,470001",3,2,2024-07-13
2024-07-13 07:00:00,"292,68383279279936","156,460007",3,2,2024-07-13
2024-07-13 08:00:00,"82,55549301377853","38,5",3,2,2024-07-13
2024-07-13 09:00:00,"131,52147908732397","0,3",3,2,2024-07-13
2024-07-13 10:00:00,"102,19337746430041","-0,07",3,2,2024-07-13
2024-07-13 11:00:00,"108,6301315877326","-6,49",3,2,2024-07-13
2024-07-13 12:00:00,"203,9093180435323","-6,04",3,2,2024-07-13
2024-07-13 13:00:00,"226,33645979366526","-0,45",3,2,2024-07-13
2024-07-13 14:00:00,"164,02912348292955","10,52",3,2,2024-07-13
2024-07-13 15:00:00,"480,47181530897194","-0,07",3,2,2024-07-13
2024-07-13 16:00:00,"441,69063778804986","214,660004",3,2,2024-07-13
2024-07-13 17:00:00,"547,6897750065039","375,519989",3,2,2024-07-13
2024-07-13 18:00:00,"630,9295998278267","562,950012",3,2,2024-07-13
2024-07-13 19:00:00,"603,6936978374129","568,98999",3,2,2024-07-13
2024-07-13 20:00:00,"548,6832316657024","588,23999",3,2,2024-07-13
2024-07-13 21:00:00,"478,8180817248882","470,049988",3,2,2024-07-13
2024-07-13 22:00:00,"395,49550834845627","663,700012",3,2,2024-07-13
2024-07-13 23:00:00,"343,1956655249431","471,48999",3,2,2024-07-13
2024-07-14 00:00:00,"333,03441667919174","413,73999",3,2,2024-07-14
2024-07-14 01:00:00,"333,03441667919174","330,540009",3,2,2024-07-14
2024-07-14 02:00:00,"321,87011098487807","283,01001",3,2,2024-07-14
2024-07-14 03:00:00,"306,83731828368866","274,660004",3,2,2024-07-14
2024-07-14 04:00:00,"287,5611633224913","238,470001",3,2,2024-07-14
2024-07-14 05:00:00,"167,05233914632979","106,550003",3,2,2024-07-14
2024-07-14 06:00:00,"236,88696798293694","2,16",3,2,2024-07-14
2024-07-14 07:00:00,"164,3591873784195","-17,09",3,2,2024-07-14
2024-07-14 08:00:00,"196,53462851786912","-22,530001",3,2,2024-07-14
2024-07-14 09:00:00,"187,33435037534113","-25,370001",3,2,2024-07-14
2024-07-14 10:00:00,"190,95749048355782","-31,49",3,2,2024-07-14
2024-07-14 11:00:00,"184,64714336633014","-38,5",3,2,2024-07-14
2024-07-14 12:00:00,"200,54772665318384","-47,830002",3,2,2024-07-14
2024-07-14 13:00:00,"197,25305516603433","-39,990002",3,2,2024-07-14
2024-07-14 14:00:00,"194,02570345594523","-75,809998",3,2,2024-07-14
2024-07-14 15:00:00,"424,02587956593294","-0,37",3,2,2024-07-14
2024-07-14 16:00:00,"453,93295916703977","347,26001",3,2,2024-07-14
2024-07-14 17:00:00,"552,8264647912478","654,820007",3,2,2024-07-14
2024-07-14 18:00:00,"797,2488834098696","841,650024",3,2,2024-07-14
2024-07-14 19:00:00,"823,2165098398019","806,059998",3,2,2024-07-14
2024-07-14 20:00:00,"720,8338171950232","789,719971",3,2,2024-07-14
2024-07-14 21:00:00,"611,2688220524507","649,590027",3,2,2024-07-14
2024-07-14 22:00:00,"593,0156093788977","592,070007",3,2,2024-07-14
2024-07-14 23:00:00,"562,0542524574957","494,25",3,2,2024-07-14
2024-07-15 00:00:00,"568,6349097853852","434,029999",3,3,2024-07-15
2024-07-15 01:00:00,"547,7649371844248","361,059998",3,3,2024-07-15
2024-07-15 02:00:00,"536,1023110565269","388,73999",3,3,2024-07-15
2024-07-15 03:00:00,"600,6780066490126","482,160004",3,3,2024-07-15
2024-07-15 04:00:00,"723,5317453747987","482,609985",3,3,2024-07-15
2024-07-15 05:00:00,"774,8170964717268","482,380005",3,3,2024-07-15
2024-07-15 06:00:00,"820,816525128532","482,079987",3,3,2024-07-15
2024-07-15 07:00:00,"651,806658968332","299,200012",3,3,2024-07-15
2024-07-15 08:00:00,"507,40753851118177","265,029999",3,3,2024-07-15
2024-07-15 09:00:00,"426,86800099255373","84,239998",3,3,2024-07-15
2024-07-15 10:00:00,"407,35012374070044","0,52",3,3,2024-07-15
2024-07-15 11:00:00,"405,7131698197786","-0,07",3,3,2024-07-15
2024-07-15 12:00:00,"350,341398542209","-0,52",3,3,2024-07-15
2024-07-15 13:00:00,"351,9942519376343","26,41",3,3,2024-07-15
2024-07-15 14:00:00,"414,032528508396","330,470001",3,3,2024-07-15
2024-07-15 15:00:00,"547,8839855567774","611,840027",3,3,2024-07-15
2024-07-15 16:00:00,"647,2066687498362","853,219971",3,3,2024-07-15
2024-07-15 17:00:00,"750,7660648419662","1389,619995",3,3,2024-07-15
2024-07-15 18:00:00,"1140,7207286251614","1598,540039",3,3,2024-07-15
2024-07-15 19:00:00,"1121,0491402437967","1050,27002",3,3,2024-07-15
2024-07-15 20:00:00,"855,5463779926124","690,030029",3,3,2024-07-15
2024-07-15 21:00:00,"666,8525881025656","597,659973",3,3,2024-07-15
2024-07-15 22:00:00,"671,964056688993","571,47998",3,3,2024-07-15
2024-07-15 23:00:00,"629,2652344466375","475,829987",3,3,2024-07-15
2024-07-16 00:00:00,"628,8063222561697","391,660004",3,3,2024-07-16
2024-07-16 01:00:00,"623,8502218322484","274,73999",3,3,2024-07-16
2024-07-16 02:00:00,"616,568931384469","284,730011",3,3,2024-07-16
2024-07-16 03:00:00,"664,2242509276211","375,470001",3,3,2024-07-16
2024-07-16 04:00:00,"759,12177036027","531,859985",3,3,2024-07-16
2024-07-16 05:00:00,"779,6311973221066","593,049988",3,3,2024-07-16
2024-07-16 06:00:00,"739,146422831461","568,349976",3,3,2024-07-16
2024-07-16 07:00:00,"598,0255892690907","468,359985",3,3,2024-07-16
2024-07-16 08:00:00,"462,3440540944976","160,350006",3,3,2024-07-16
2024-07-16 09:00:00,"337,3697633057263","10,67",3,3,2024-07-16
2024-07-16 10:00:00,"289,79878037693953","15,15",3,3,2024-07-16
2024-07-16 11:00:00,"245,49169808910466","98,489998",3,3,2024-07-16
2024-07-16 12:00:00,"249,86232718952834","30,290001",3,3,2024-07-16
2024-07-16 13:00:00,"272,9152382931292","10,97",3,3,2024-07-16
2024-07-16 14:00:00,"437,8985892710018","-0,07",3,3,2024-07-16
2024-07-16 15:00:00,"558,617925753052","165,050003",3,3,2024-07-16
2024-07-16 16:00:00,"691,0690582142178","470,230011",3,3,2024-07-16
2024-07-16 17:00:00,"884,3363143674601","611,780029",3,3,2024-07-16
2024-07-16 18:00:00,"974,1605116324048","907,330017",3,3,2024-07-16
2024-07-16 19:00:00,"844,7547762892991","852,710022",3,3,2024-07-16
2024-07-16 20:00:00,"739,0003740404659","789,51001",3,3,2024-07-16
2024-07-16 21:00:00,"616,5889179747994","629,090027",3,3,2024-07-16
2024-07-16 22:00:00,"921,585678494785","652,109985",3,3,2024-07-16
2024-07-16 23:00:00,"893,6547124844267","544,52002",3,3,2024-07-16
2024-07-17 00:00:00,"1005,362263127632","543,330017",3,3,2024-07-17
2024-07-17 01:00:00,"1356,9686910923854","526,23999",3,3,2024-07-17
2024-07-17 02:00:00,"1304,1141153572532","530,119995",3,3,2024-07-17
2024-07-17 03:00:00,"1951,5032875886607","577,799988",3,3,2024-07-17
2024-07-17 04:00:00,"4895,481245357294","671,880005",3,3,2024-07-17
2024-07-17 05:00:00,"2724,9360504770298","744,330017",3,3,2024-07-17
2024-07-17 06:00:00,"1477,0207238383207","788,650024",3,3,2024-07-17
2024-07-17 07:00:00,"792,0321894668491","575,559998",3,3,2024-07-17
2024-07-17 08:00:00,"556,0160593998","434,170013",3,3,2024-07-17
2024-07-17 09:00:00,"389,27909477820486","311,51001",3,3,2024-07-17
2024-07-17 10:00:00,"373,1664086626378","243,160004",3,3,2024-07-17
2024-07-17 11:00:00,"344,59679904026075","163,029999",3,3,2024-07-17
2024-07-17 12:00:00,"358,79004720294694","80,580002",3,3,2024-07-17
2024-07-17 13:00:00,"420,8654973954948","100,5",3,3,2024-07-17
2024-07-17 14:00:00,"472,8981564455007","290,089996",3,3,2024-07-17
2024-07-17 15:00:00,"638,4135656106175","460,209991",3,3,2024-07-17
2024-07-17 16:00:00,"813,0162015267765","618,76001",3,3,2024-07-17
2024-07-17 17:00:00,"1238,462498450161","797,530029",3,3,2024-07-17
2024-07-17 18:00:00,"1529,6443954426527","984,280029",3,3,2024-07-17
2024-07-17 19:00:00,"1914,1317123144793","1044,790039",3,3,2024-07-17
2024-07-17 20:00:00,"1423,845841062903","857,369995",3,3,2024-07-17
2024-07-17 21:00:00,"1383,730333941215","687,700012",3,3,2024-07-17
2024-07-17 22:00:00,"695,7653197538955","506,570007",3,3,2024-07-17
2024-07-17 23:00:00,"499,02690394319745","544,679993",3,3,2024-07-17
2024-07-18 00:00:00,"461,1849342493177","493,589996",3,3,2024-07-18
2024-07-18 01:00:00,"451,64303025417456","491,200012",3,3,2024-07-18
2024-07-18 02:00:00,"429,38062492284473","466,880005",3,3,2024-07-18
2024-07-18 03:00:00,"453,73682542609623","298,369995",3,3,2024-07-18
2024-07-18 04:00:00,"610,2659093245627","650,309998",3,3,2024-07-18
2024-07-18 05:00:00,"602,5022563818649","704,909973",3,3,2024-07-18
2024-07-18 06:00:00,"545,574095155095","506,269989",3,3,2024-07-18
2024-07-18 07:00:00,"449,4793260677458","351,339996",3,3,2024-07-18
2024-07-18 08:00:00,"382,17860601386604","270,779999",3,3,2024-07-18
2024-07-18 09:00:00,"314,17809860094206","253,470001",3,3,2024-07-18
2024-07-18 10:00:00,"271,7914889881876","253,25",3,3,2024-07-18
2024-07-18 11:00:00,"318,76804881334175","252,800003",3,3,2024-07-18
2024-07-18 12:00:00,"286,0898189034085","254,360001",3,3,2024-07-18
2024-07-18 13:00:00,"185,05704864693416","260,929993",3,3,2024-07-18
2024-07-18 14:00:00,"490,213688320653","197,080002",3,3,2024-07-18
2024-07-18 15:00:00,"406,34680610305645","637,630005",3,3,2024-07-18
2024-07-18 16:00:00,"469,4651434781695","686,26001",3,3,2024-07-18
2024-07-18 17:00:00,"648,5705308590104","952,26001",3,3,2024-07-18
2024-07-18 18:00:00,"1039,4936720329504","1382,819946",3,3,2024-07-18
2024-07-18 19:00:00,"1138,030029655011","1318,290039",3,3,2024-07-18
2024-07-18 20:00:00,"882,8245437533902","891,690002",3,3,2024-07-18
2024-07-18 21:00:00,"648,8258741683052","760,26001",3,3,2024-07-18
2024-07-18 22:00:00,"561,3288975796197","672,26001",3,3,2024-07-18
2024-07-18 23:00:00,"484,3494773758209","600,200012",3,3,2024-07-18
2024-07-19 00:00:00,"465,9888258279279","596,169983",3,3,2024-07-19
2024-07-19 01:00:00,"445,3545511858106","583,47998",3,3,2024-07-19
2024-07-19 02:00:00,"438,19857598308556","606,390015",3,3,2024-07-19
2024-07-19 03:00:00,"438,4641977073772","667,039978",3,3,2024-07-19
2024-07-19 04:00:00,"582,9187371236106","827,289978",3,3,2024-07-19
2024-07-19 05:00:00,"646,4575604740837","810,72998",3,3,2024-07-19
2024-07-19 06:00:00,"587,2971601934161","734,109985",3,3,2024-07-19
2024-07-19 07:00:00,"451,8812236780649","607,51001",3,3,2024-07-19
2024-07-19 08:00:00,"289,7694194106315","522,22998",3,3,2024-07-19
2024-07-19 09:00:00,"185,62708107308345","438,299988",3,3,2024-07-19
2024-07-19 10:00:00,"326,80794296791805","330,799988",3,3,2024-07-19
2024-07-19 11:00:00,"178,15259711173096","272,309998",3,3,2024-07-19
2024-07-19 12:00:00,"303,4786460919407","270,070007",3,3,2024-07-19
2024-07-19 13:00:00,"157,62223807683486","317,369995",3,3,2024-07-19
2024-07-19 14:00:00,"435,84370100064365","475,899994",3,3,2024-07-19
2024-07-19 15:00:00,"316,1966859350861","576,98999",3,3,2024-07-19
2024-07-19 16:00:00,"448,198089348645","683,460022",3,3,2024-07-19
2024-07-19 17:00:00,"557,6492274211873","888,099976",3,3,2024-07-19
2024-07-19 18:00:00,"750,905888610286","1358,410034",3,3,2024-07-19
2024-07-19 19:00:00,"836,165412676679","895,26001",3,3,2024-07-19
2024-07-19 20:00:00,"755,8640092255168","797,22998",3,3,2024-07-19
2024-07-19 21:00:00,"641,1516854134586","683,01001",3,3,2024-07-19
2024-07-19 22:00:00,"597,68509472616","706,789978",3,3,2024-07-19
2024-07-19 23:00:00,"526,5040561485797","667,099976",3,3,2024-07-19
2024-07-20 00:00:00,"532,476362795756","658,440002",3,3,2024-07-20
2024-07-20 01:00:00,"486,99251139752704","670,599976",3,3,2024-07-20
2024-07-20 02:00:00,"466,3813130801247","703,130005",3,3,2024-07-20
2024-07-20 03:00:00,"369,6952415376628","699,849976",3,3,2024-07-20
2024-07-20 04:00:00,"352,8782401779506","665,159973",3,3,2024-07-20
2024-07-20 05:00:00,"318,30302642012356","641,580017",3,3,2024-07-20
2024-07-20 06:00:00,"234,1724657160678","508,850006",3,3,2024-07-20
2024-07-20 07:00:00,"157,5137016747774","371,559998",3,3,2024-07-20
2024-07-20 08:00:00,"168,30134476731348","38,419998",3,3,2024-07-20
2024-07-20 09:00:00,"204,36223145258694","0,0",3,3,2024-07-20
2024-07-20 10:00:00,"261,3027271321354","-1,57",3,3,2024-07-20
2024-07-20 11:00:00,"209,33474158982406","0,15",3,3,2024-07-20
2024-07-20 12:00:00,"278,0418408931993","-1,87",3,3,2024-07-20
2024-07-20 13:00:00,"189,1146602527507","-20,219999",3,3,2024-07-20
2024-07-20 14:00:00,"160,8924602917152","18,059999",3,3,2024-07-20
2024-07-20 15:00:00,"386,81594428699015","390,140015",3,3,2024-07-20
2024-07-20 16:00:00,"346,09314562256947","634,190002",3,3,2024-07-20
2024-07-20 17:00:00,"399,07229471281283","817,440002",3,3,2024-07-20
2024-07-20 18:00:00,"501,25644382960763","1005,380005",3,3,2024-07-20
2024-07-20 19:00:00,"481,92376180726205","811,840027",3,3,2024-07-20
2024-07-20 20:00:00,"470,44374719169303","627,47998",3,3,2024-07-20
2024-07-20 21:00:00,"423,9662071559511","555,929993",3,3,2024-07-20
2024-07-20 22:00:00,"399,15110511359734","474,790009",3,3,2024-07-20
2024-07-20 23:00:00,"326,2807699513301","420,089996",3,3,2024-07-20
2024-07-21 00:00:00,"308,466559768248","411,880005",3,3,2024-07-21
2024-07-21 01:00:00,"301,8618443838252","450,540009",3,3,2024-07-21
2024-07-21 02:00:00,"264,0631828447073","496,570007",3,3,2024-07-21
2024-07-21 03:00:00,"215,27903011037353","561,419983",3,3,2024-07-21
2024-07-21 04:00:00,"338,49447350656493","480,529999",3,3,2024-07-21
2024-07-21 05:00:00,"141,40190444260014","421,809998",3,3,2024-07-21
2024-07-21 06:00:00,"162,2349992318687","363,230011",3,3,2024-07-21
2024-07-21 07:00:00,"184,7716157905187","78,870003",3,3,2024-07-21
2024-07-21 08:00:00,"148,11698986096923","0,52",3,3,2024-07-21
2024-07-21 09:00:00,"155,4087161965664","0,22",3,3,2024-07-21
2024-07-21 10:00:00,"232,99679937766956","0,15",3,3,2024-07-21
2024-07-21 11:00:00,"221,44428500984156","-0,45",3,3,2024-07-21
2024-07-21 12:00:00,"187,77596565846693","-1,34",3,3,2024-07-21
2024-07-21 13:00:00,"254,05542836845842","0,3",3,3,2024-07-21
2024-07-21 14:00:00,"130,37882590535372","0,82",3,3,2024-07-21
2024-07-21 15:00:00,"455,7896472193218","446,279999",3,3,2024-07-21
2024-07-21 16:00:00,"411,1569555981505","600,289978",3,3,2024-07-21
2024-07-21 17:00:00,"397,9353644398646","807,880005",3,3,2024-07-21
2024-07-21 18:00:00,"739,7745041165429","841,150024",3,3,2024-07-21
2024-07-21 19:00:00,"786,4657871355837","919,950012",3,3,2024-07-21
2024-07-21 20:00:00,"774,323394386619","814,590027",3,3,2024-07-21
2024-07-21 21:00:00,"646,0132048418243","672,73999",3,3,2024-07-21
2024-07-21 22:00:00,"594,2772135529141","901,669983",3,3,2024-07-21
2024-07-21 23:00:00,"529,6391474974255","721,02002",3,3,2024-07-21
2024-07-22 00:00:00,"524,2807581220139","648,27002",3,4,2024-07-22
2024-07-22 01:00:00,"524,1681875995937","648,640015",3,4,2024-07-22
2024-07-22 02:00:00,"523,1472366456459","610,659973",3,4,2024-07-22
2024-07-22 03:00:00,"577,45434087759","591,859985",3,4,2024-07-22
2024-07-22 04:00:00,"711,3976192874256","811,159973",3,4,2024-07-22
2024-07-22 05:00:00,"798,1994160923874","896,070007",3,4,2024-07-22
2024-07-22 06:00:00,"738,868265607994","852,719971",3,4,2024-07-22
2024-07-22 07:00:00,"589,4113391950729","703,929993",3,4,2024-07-22
2024-07-22 08:00:00,"483,24463726120996","473,290009",3,4,2024-07-22
2024-07-22 09:00:00,"403,74637190918554","291,600006",3,4,2024-07-22
2024-07-22 10:00:00,"369,5280851240814","191,089996",3,4,2024-07-22
2024-07-22 11:00:00,"390,55441757225776","174,300003",3,4,2024-07-22
2024-07-22 12:00:00,"318,19768368362145","144,830002",3,4,2024-07-22
2024-07-22 13:00:00,"391,5670096489841","152,070007",3,4,2024-07-22
2024-07-22 14:00:00,"412,6796827463101","170,279999",3,4,2024-07-22
2024-07-22 15:00:00,"493,611472894989","463,820007",3,4,2024-07-22
2024-07-22 16:00:00,"628,3166905608103","603,719971",3,4,2024-07-22
2024-07-22 17:00:00,"965,6552860756077","739,0",3,4,2024-07-22
2024-07-22 18:00:00,"1356,3039532025239","1043,660034",3,4,2024-07-22
2024-07-22 19:00:00,"1109,1553869565753","1046,569946",3,4,2024-07-22
2024-07-22 20:00:00,"791,433803128452","828,539978",3,4,2024-07-22
2024-07-22 21:00:00,"628,6596507779421","712,73999",3,4,2024-07-22
2024-07-22 22:00:00,"635,8465380808735","618,22998",3,4,2024-07-22
2024-07-22 23:00:00,"598,3311359762838","559,349976",3,4,2024-07-22
2024-07-23 00:00:00,"564,8994008273498","547,630005",3,4,2024-07-23
2024-07-23 01:00:00,"528,4769590589635","508,380005",3,4,2024-07-23
2024-07-23 02:00:00,"521,3198577474101","526,52002",3,4,2024-07-23
2024-07-23 03:00:00,"568,4991389748692","549,799988",3,4,2024-07-23
2024-07-23 04:00:00,"698,580508643298","745,450012",3,4,2024-07-23
2024-07-23 05:00:00,"733,4405091041276","865,590027",3,4,2024-07-23
2024-07-23 06:00:00,"691,7325429422418","824,179993",3,4,2024-07-23
2024-07-23 07:00:00,"542,1366656413225","651,359985",3,4,2024-07-23
2024-07-23 08:00:00,"393,3466891958604","513,909973",3,4,2024-07-23
2024-07-23 09:00:00,"320,7965387891009","457,940002",3,4,2024-07-23
2024-07-23 10:00:00,"272,34708502360525","324,0",3,4,2024-07-23
2024-07-23 11:00:00,"187,4880373090113","285,720001",3,4,2024-07-23
2024-07-23 12:00:00,"316,09161582277096","268,709991",3,4,2024-07-23
2024-07-23 13:00:00,"220,36022471851618","313,100006",3,4,2024-07-23
2024-07-23 14:00:00,"324,92016622890054","483,980011",3,4,2024-07-23
2024-07-23 15:00:00,"459,93885390993216","593,450012",3,4,2024-07-23
2024-07-23 16:00:00,"609,1878771689906","596,359985",3,4,2024-07-23
2024-07-23 17:00:00,"798,9354533221332","716,570007",3,4,2024-07-23
2024-07-23 18:00:00,"956,0279020770263","872,530029",3,4,2024-07-23
2024-07-23 19:00:00,"814,6373520020541","761,200012",3,4,2024-07-23
2024-07-23 20:00:00,"742,6773553061139","740,450012",3,4,2024-07-23
2024-07-23 21:00:00,"611,9802503417582","683,369995",3,4,2024-07-23
2024-07-23 22:00:00,"501,7221487607355","623,359985",3,4,2024-07-23
2024-07-23 23:00:00,"445,06583767875816","584,419983",3,4,2024-07-23
2024-07-24 00:00:00,"499,92569001571144","541,369995",3,4,2024-07-24
2024-07-24 01:00:00,"482,6996292488743","549,130005",3,4,2024-07-24
2024-07-24 02:00:00,"498,31291636864927","423,630005",3,4,2024-07-24
2024-07-24 03:00:00,"520,9239922711859","299,179993",3,4,2024-07-24
2024-07-24 04:00:00,"536,6707568736147","323,429993",3,4,2024-07-24
2024-07-24 05:00:00,"616,2208305893263","336,190002",3,4,2024-07-24
2024-07-24 06:00:00,"521,1062790013063","429,079987",3,4,2024-07-24
2024-07-24 07:00:00,"525,0949742325779","270,23999",3,4,2024-07-24
2024-07-24 08:00:00,"488,5735616325242","186,520004",3,4,2024-07-24
2024-07-24 09:00:00,"471,5673176313256","158,100006",3,4,2024-07-24
2024-07-24 10:00:00,"466,4037558595311","11,79",3,4,2024-07-24
2024-07-24 11:00:00,"451,63560451465224","-1,12",3,4,2024-07-24
2024-07-24 12:00:00,"441,5607810990289","-15,37",3,4,2024-07-24
2024-07-24 13:00:00,"451,01787885643796","-14,62",3,4,2024-07-24
2024-07-24 14:00:00,"478,9784617916965","16,49",3,4,2024-07-24
2024-07-24 15:00:00,"542,6498392772764","292,98999",3,4,2024-07-24
2024-07-24 16:00:00,"581,2357473557418","387,149994",3,4,2024-07-24
2024-07-24 17:00:00,"812,0533045959831","668,5",3,4,2024-07-24
2024-07-24 18:00:00,"1127,4157139634615","809,659973",3,4,2024-07-24
2024-07-24 19:00:00,"1059,429502794236","881,210022",3,4,2024-07-24
2024-07-24 20:00:00,"743,6297957424936","813,320007",3,4,2024-07-24
2024-07-24 21:00:00,"636,3388999447347","631,570007",3,4,2024-07-24
2024-07-24 22:00:00,"562,6596099468961","624,570007",3,4,2024-07-24
2024-07-24 23:00:00,"505,03768678397154","578,299988",3,4,2024-07-24
2024-07-25 00:00:00,"445,2814496402008","567,859985",3,4,2024-07-25
2024-07-25 01:00:00,"431,1174935241443","596,359985",3,4,2024-07-25
2024-07-25 02:00:00,"409,08909900474004","570,090027",3,4,2024-07-25
2024-07-25 03:00:00,"391,8171772241209","690,460022",3,4,2024-07-25
2024-07-25 04:00:00,"441,1236328219111","792,159973",3,4,2024-07-25
2024-07-25 05:00:00,"498,9092551544448","813,580017",3,4,2024-07-25
2024-07-25 06:00:00,"554,543220740192","678,890015",3,4,2024-07-25
2024-07-25 07:00:00,"494,3301659085317","537,109985",3,4,2024-07-25
2024-07-25 08:00:00,"372,7563370299778","411,0",3,4,2024-07-25
2024-07-25 09:00:00,"312,2930770595667","275,720001",3,4,2024-07-25
2024-07-25 10:00:00,"279,03033299692","181,399994",3,4,2024-07-25
2024-07-25 11:00:00,"203,6089966298717","129,539993",3,4,2024-07-25
2024-07-25 12:00:00,"330,07688650101073","99,019997",3,4,2024-07-25
2024-07-25 13:00:00,"219,4375151468173","195,5",3,4,2024-07-25
2024-07-25 14:00:00,"285,8998040437101","401,450012",3,4,2024-07-25
2024-07-25 15:00:00,"376,283894534499","596,960022",3,4,2024-07-25
2024-07-25 16:00:00,"421,6289069574133","723,809998",3,4,2024-07-25
2024-07-25 17:00:00,"622,1392457120556","894,690002",3,4,2024-07-25
2024-07-25 18:00:00,"906,6285150161958","1106,609985",3,4,2024-07-25
2024-07-25 19:00:00,"961,9187449892786","969,830017",3,4,2024-07-25
2024-07-25 20:00:00,"780,7723201520116","746,200012",3,4,2024-07-25
2024-07-25 21:00:00,"621,0973231044077","633,890015",3,4,2024-07-25
2024-07-25 22:00:00,"545,190462046527","604,460022",3,4,2024-07-25
2024-07-25 23:00:00,"428,1628638390428","548,48999",3,4,2024-07-25
2024-07-26 00:00:00,"416,7839319059614","559,76001",3,4,2024-07-26
2024-07-26 01:00:00,"408,13454563916946","576,849976",3,4,2024-07-26
2024-07-26 02:00:00,"384,26393904544847","573,859985",3,4,2024-07-26
2024-07-26 03:00:00,"382,761139435812","596,919983",3,4,2024-07-26
2024-07-26 04:00:00,"415,9305821662937","608,109985",3,4,2024-07-26
2024-07-26 05:00:00,"556,6625405664078","795,940002",3,4,2024-07-26
2024-07-26 06:00:00,"563,3843120677311","776,840027",3,4,2024-07-26
2024-07-26 07:00:00,"486,857051608733","722,590027",3,4,2024-07-26
2024-07-26 08:00:00,"398,6142579261121","675,570007",3,4,2024-07-26
2024-07-26 09:00:00,"340,98516425274744","607,070007",3,4,2024-07-26
2024-07-26 10:00:00,"286,7705028849392","522,369995",3,4,2024-07-26
2024-07-26 11:00:00,"268,37692774754765","471,029999",3,4,2024-07-26
2024-07-26 12:00:00,"256,2461868174776","449,160004",3,4,2024-07-26
2024-07-26 13:00:00,"283,94955175450986","508,48999",3,4,2024-07-26
2024-07-26 14:00:00,"361,20872897046786","543,559998",3,4,2024-07-26
2024-07-26 15:00:00,"409,6951977215501","660,580017",3,4,2024-07-26
2024-07-26 16:00:00,"560,8786458083671","704,01001",3,4,2024-07-26
2024-07-26 17:00:00,"649,6202267704643","804,380005",3,4,2024-07-26
2024-07-26 18:00:00,"855,6467191380168","1068,98999",3,4,2024-07-26
2024-07-26 19:00:00,"822,0850370139052","1037,280029",3,4,2024-07-26
2024-07-26 20:00:00,"714,256946700864","793,929993",3,4,2024-07-26
2024-07-26 21:00:00,"615,970939871793","730,650024",3,4,2024-07-26
2024-07-26 22:00:00,"541,6214027192683","775,22998",3,4,2024-07-26
2024-07-26 23:00:00,"506,6607852816736","768,890015",3,4,2024-07-26
2024-07-27 00:00:00,"459,0508778659957","723,070007",3,4,2024-07-27
2024-07-27 01:00:00,"446,9914153463612","710,080017",3,4,2024-07-27
2024-07-27 02:00:00,"392,2337812608638","690,01001",3,4,2024-07-27
2024-07-27 03:00:00,"328,0165335536261","673,070007",3,4,2024-07-27
2024-07-27 04:00:00,"319,1096963354702","649,929993",3,4,2024-07-27
2024-07-27 05:00:00,"305,6874544882795","615,01001",3,4,2024-07-27
2024-07-27 06:00:00,"245,90209925428954","632,02002",3,4,2024-07-27
2024-07-27 07:00:00,"176,17275925591906","505,0",3,4,2024-07-27
2024-07-27 08:00:00,"136,93097551549758","453,589996",3,4,2024-07-27
2024-07-27 09:00:00,"132,12259834698506","297,76001",3,4,2024-07-27
2024-07-27 10:00:00,"117,57579835255554","208,960007",3,4,2024-07-27
2024-07-27 11:00:00,"135,1907632800655","132,839996",3,4,2024-07-27
2024-07-27 12:00:00,"127,9943224503608","133,729996",3,4,2024-07-27
2024-07-27 13:00:00,"130,47413427981317","261,350006",3,4,2024-07-27
2024-07-27 14:00:00,"145,3101113250341","505,380005",3,4,2024-07-27
2024-07-27 15:00:00,"465,5642594977275","649,710022",3,4,2024-07-27
2024-07-27 16:00:00,"294,6126453098554","783,369995",3,4,2024-07-27
2024-07-27 17:00:00,"361,72399153324466","863,140015",3,4,2024-07-27
2024-07-27 18:00:00,"464,3881796678371","908,669983",3,4,2024-07-27
2024-07-27 19:00:00,"470,64681790878257","909,109985",3,4,2024-07-27
2024-07-27 20:00:00,"440,07635195501786","806,719971",3,4,2024-07-27
2024-07-27 21:00:00,"391,5246354237882","730,900024",3,4,2024-07-27
2024-07-27 22:00:00,"362,7174301827279","820,820007",3,4,2024-07-27
2024-07-27 23:00:00,"314,374763574064","709,780029",3,4,2024-07-27
2024-07-28 00:00:00,"274,87516126286573","658,280029",3,4,2024-07-28
2024-07-28 01:00:00,"224,41430840416075","608,429993",3,4,2024-07-28
2024-07-28 02:00:00,"239,20352874795665","586,119995",3,4,2024-07-28
2024-07-28 03:00:00,"237,18226976495328","591,48999",3,4,2024-07-28
2024-07-28 04:00:00,"202,07644986418998","563,659973",3,4,2024-07-28
2024-07-28 05:00:00,"336,6039871536599","541,869995",3,4,2024-07-28
2024-07-28 06:00:00,"179,27526089255008","190,220001",3,4,2024-07-28
2024-07-28 07:00:00,"222,08776461796504","36,720001",3,4,2024-07-28
2024-07-28 08:00:00,"273,1857865462433","0,0",3,4,2024-07-28
2024-07-28 09:00:00,"216,05657837850632","-18,129999",3,4,2024-07-28
2024-07-28 10:00:00,"267,0292419877641","-112,239998",3,4,2024-07-28
2024-07-28 11:00:00,"226,98707117970545","-222,389999",3,4,2024-07-28
2024-07-28 12:00:00,"233,1478040610248","-363,359985",3,4,2024-07-28
2024-07-28 13:00:00,"229,5107025631151","-250,220001",3,4,2024-07-28
2024-07-28 14:00:00,"261,4467357501701","-99,099998",3,4,2024-07-28
2024-07-28 15:00:00,"315,12826864025124","-14,85",3,4,2024-07-28
2024-07-28 16:00:00,"402,6859696125409","181,570007",3,4,2024-07-28
2024-07-28 17:00:00,"438,28309787928146","443,209991",3,4,2024-07-28
2024-07-28 18:00:00,"766,2141064793269","588,580017",3,4,2024-07-28
2024-07-28 19:00:00,"759,2214066042403","579,630005",3,4,2024-07-28
2024-07-28 20:00:00,"665,8978686681231","589,400024",3,4,2024-07-28
2024-07-28 21:00:00,"483,72096836437635","566,200012",3,4,2024-07-28
2024-07-28 22:00:00,"527,1031395504724","513,659973",3,4,2024-07-28
2024-07-28 23:00:00,"505,50845051992496","508,959991",3,4,2024-07-28
2024-09-30 00:00:00,"234,3058705155311","62,630001",4,1,2024-09-30
2024-09-30 01:00:00,"338,87239171710235","41,23",4,1,2024-09-30
2024-09-30 02:00:00,"402,9173763818216","41,830002",4,1,2024-09-30
2024-09-30 03:00:00,"417,64645991746596","126,599998",4,1,2024-09-30
2024-09-30 04:00:00,"594,5448612056911","314,869995",4,1,2024-09-30
2024-09-30 05:00:00,"535,1025253031672","597,22998",4,1,2024-09-30
2024-09-30 06:00:00,"739,7395990659496","597,22998",4,1,2024-09-30
2024-09-30 07:00:00,"644,9222254853291","447,359985",4,1,2024-09-30
2024-09-30 08:00:00,"313,5278122268321","272,73999",4,1,2024-09-30
2024-09-30 09:00:00,"322,30950253709807","155,910004",4,1,2024-09-30
2024-09-30 10:00:00,"326,4302580657051","69,190002",4,1,2024-09-30
2024-09-30 11:00:00,"295,46708077844045","15,36",4,1,2024-09-30
2024-09-30 12:00:00,"298,7810045553427","56,889999",4,1,2024-09-30
2024-09-30 13:00:00,"285,73049314718594","163,740005",4,1,2024-09-30
2024-09-30 14:00:00,"255,6726209913769","180,360001",4,1,2024-09-30
2024-09-30 15:00:00,"331,6778970852522","243,960007",4,1,2024-09-30
2024-09-30 16:00:00,"389,34446003939905","268,339996",4,1,2024-09-30
2024-09-30 17:00:00,"325,1002695530033","273,119995",4,1,2024-09-30
2024-09-30 18:00:00,"316,37989522959003","270,660004",4,1,2024-09-30
2024-09-30 19:00:00,"280,4273041744533","163,509995",4,1,2024-09-30
2024-09-30 20:00:00,"271,27383649213965","149,199997",4,1,2024-09-30
2024-09-30 21:00:00,"246,84988027958232","73,370003",4,1,2024-09-30
2024-09-30 22:00:00,"221,29281761202841","23,93",4,1,2024-09-30
2024-09-30 23:00:00,"200,04861261438364","0,52",4,1,2024-09-30
2024-10-01 00:00:00,"168,22338698366985","0,37",4,1,2024-10-01
2024-10-01 01:00:00,"171,3218769140016","0,15",4,1,2024-10-01
2024-10-01 02:00:00,"177,84069169960557","0,67",4,1,2024-10-01
2024-10-01 03:00:00,"182,59284985257344","50,700001",4,1,2024-10-01
2024-10-01 04:00:00,"198,22322826368955","249,619995",4,1,2024-10-01
2024-10-01 05:00:00,"251,166997418956","293,910004",4,1,2024-10-01
2024-10-01 06:00:00,"323,085013024044","308,079987",4,1,2024-10-01
2024-10-01 07:00:00,"316,7967457257387","309,5",4,1,2024-10-01
2024-10-01 08:00:00,"244,44586209786158","288,170013",4,1,2024-10-01
2024-10-01 09:00:00,"206,1096313712211","260,880005",4,1,2024-10-01
2024-10-01 10:00:00,"190,51342568346223","260,660004",4,1,2024-10-01
2024-10-01 11:00:00,"178,5413098227153","260,880005",4,1,2024-10-01
2024-10-01 12:00:00,"154,98315390869243","260,660004",4,1,2024-10-01
2024-10-01 13:00:00,"210,1558557662944","296,079987",4,1,2024-10-01
2024-10-01 14:00:00,"204,74057391501302","324,779999",4,1,2024-10-01
2024-10-01 15:00:00,"242,56678146776025","393,0",4,1,2024-10-01
2024-10-01 16:00:00,"326,2290028049354","405,600006",4,1,2024-10-01
2024-10-01 17:00:00,"325,10783259320795","421,410004",4,1,2024-10-01
2024-10-01 18:00:00,"290,6260727046735","366,829987",4,1,2024-10-01
2024-10-01 19:00:00,"286,1975591576332","345,429993",4,1,2024-10-01
2024-10-01 20:00:00,"264,7012237480049","321,649994",4,1,2024-10-01
2024-10-01 21:00:00,"266,32675337976264","309,940002",4,1,2024-10-01
2024-10-01 22:00:00,"230,42212473434734","432,829987",4,1,2024-10-01
2024-10-01 23:00:00,"213,99108500246118","367,350006",4,1,2024-10-01
2024-10-02 00:00:00,"207,24129657627978","373,540009",4,1,2024-10-02
2024-10-02 01:00:00,"196,57986010049552","365,339996",4,1,2024-10-02
2024-10-02 02:00:00,"197,2531206590097","362,730011",4,1,2024-10-02
2024-10-02 03:00:00,"207,72179623312311","363,470001",4,1,2024-10-02
2024-10-02 04:00:00,"264,78965884404903","596,440002",4,1,2024-10-02
2024-10-02 05:00:00,"357,1326199708696","692,869995",4,1,2024-10-02
2024-10-02 06:00:00,"390,2469516457087","913,830017",4,1,2024-10-02
2024-10-02 07:00:00,"297,50647074206483","701,219971",4,1,2024-10-02
2024-10-02 08:00:00,"269,85882686989294","484,880005",4,1,2024-10-02
2024-10-02 09:00:00,"255,5292971489162","394,420013",4,1,2024-10-02
2024-10-02 10:00:00,"189,16552456709582","431,040009",4,1,2024-10-02
2024-10-02 11:00:00,"165,73549432117773","597,109985",4,1,2024-10-02
2024-10-02 12:00:00,"202,40376920092447","584,659973",4,1,2024-10-02
2024-10-02 13:00:00,"226,95726874531084","607,26001",4,1,2024-10-02
2024-10-02 14:00:00,"257,2903790949252","607,849976",4,1,2024-10-02
2024-10-02 15:00:00,"346,0162039504206","746,48999",4,1,2024-10-02
2024-10-02 16:00:00,"585,7240295441734","872,590027",4,1,2024-10-02
2024-10-02 17:00:00,"684,3471905029103","969,97998",4,1,2024-10-02
2024-10-02 18:00:00,"635,9247685652758","852,900024",4,1,2024-10-02
2024-10-02 19:00:00,"516,9082233654901","719,940002",4,1,2024-10-02
2024-10-02 20:00:00,"525,2986843298999","695,780029",4,1,2024-10-02
2024-10-02 21:00:00,"507,49810909046914","633,880005",4,1,2024-10-02
2024-10-02 22:00:00,"479,47826027524405","502,230011",4,1,2024-10-02
2024-10-02 23:00:00,"448,88025493217094","491,26001",4,1,2024-10-02
2024-10-03 00:00:00,"425,56996406862294","485,890015",4,1,2024-10-03
2024-10-03 01:00:00,"383,82831695600504","478,730011",4,1,2024-10-03
2024-10-03 02:00:00,"346,6136373345772","477,23999",4,1,2024-10-03
2024-10-03 03:00:00,"334,68005296679485","480,369995",4,1,2024-10-03
2024-10-03 04:00:00,"353,52096893435214","488,059998",4,1,2024-10-03
2024-10-03 05:00:00,"490,1571797444309","547,280029",4,1,2024-10-03
2024-10-03 06:00:00,"512,2159448985043","571,900024",4,1,2024-10-03
2024-10-03 07:00:00,"487,92712009788113","543,780029",4,1,2024-10-03
2024-10-03 08:00:00,"447,23801512792306","516,77002",4,1,2024-10-03
2024-10-03 09:00:00,"326,3725002961508","470,230011",4,1,2024-10-03
2024-10-03 10:00:00,"232,98287327414727","351,25",4,1,2024-10-03
2024-10-03 11:00:00,"195,38771553360368","253,460007",4,1,2024-10-03
2024-10-03 12:00:00,"217,30535347441622","291,950012",4,1,2024-10-03
2024-10-03 13:00:00,"269,77742784944564","383,109985",4,1,2024-10-03
2024-10-03 14:00:00,"318,2523626849129","492,609985",4,1,2024-10-03
2024-10-03 15:00:00,"301,95540677465993","669,090027",4,1,2024-10-03
2024-10-03 16:00:00,"352,63239822008944","821,039978",4,1,2024-10-03
2024-10-03 17:00:00,"580,0179224688677","860,200012",4,1,2024-10-03
2024-10-03 18:00:00,"675,8849150043717","807,679993",4,1,2024-10-03
2024-10-03 19:00:00,"464,78924336522044","736,669983",4,1,2024-10-03
2024-10-03 20:00:00,"505,88992736996215","678,48999",4,1,2024-10-03
2024-10-03 21:00:00,"472,6275442717311","607,630005",4,1,2024-10-03
2024-10-03 22:00:00,"391,59985787644405","551,23999",4,1,2024-10-03
2024-10-03 23:00:00,"318,21298546443757","540,950012",4,1,2024-10-03
2024-10-04 00:00:00,"284,9818403342967","537,809998",4,1,2024-10-04
2024-10-04 01:00:00,"265,5291807232904","537,070007",4,1,2024-10-04
2024-10-04 02:00:00,"265,5291807232904","539,530029",4,1,2024-10-04
2024-10-04 03:00:00,"271,7033583587558","575,109985",4,1,2024-10-04
2024-10-04 04:00:00,"270,5283268729631","768,299988",4,1,2024-10-04
2024-10-04 05:00:00,"379,6272617052406","943,890015",4,1,2024-10-04
2024-10-04 06:00:00,"539,8525428502917","1054,890015",4,1,2024-10-04
2024-10-04 07:00:00,"476,64208699976075","867,289978",4,1,2024-10-04
2024-10-04 08:00:00,"402,34389294307266","746,599976",4,1,2024-10-04
2024-10-04 09:00:00,"262,0147159617815","634,039978",4,1,2024-10-04
2024-10-04 10:00:00,"189,35231367252632","559,969971",4,1,2024-10-04
2024-10-04 11:00:00,"150,75899367318664","548,179993",4,1,2024-10-04
2024-10-04 12:00:00,"152,4666398784512","565,559998",4,1,2024-10-04
2024-10-04 13:00:00,"177,68082223833508","589,799988",4,1,2024-10-04
2024-10-04 14:00:00,"231,45144248210357","669,840027",4,1,2024-10-04
2024-10-04 15:00:00,"278,22480761236636","798,890015",4,1,2024-10-04
2024-10-04 16:00:00,"302,37658017475354","984,400024",4,1,2024-10-04
2024-10-04 17:00:00,"323,5945388434438","1111,579956",4,1,2024-10-04
2024-10-04 18:00:00,"349,53262101423786","922,710022",4,1,2024-10-04
2024-10-04 19:00:00,"358,94215301050536","745,179993",4,1,2024-10-04
2024-10-04 20:00:00,"331,851200766689","745,179993",4,1,2024-10-04
2024-10-04 21:00:00,"323,111660328268","671,330017",4,1,2024-10-04
2024-10-04 22:00:00,"269,6089985494255","694,340027",4,1,2024-10-04
2024-10-04 23:00:00,"238,5076816625832","631,23999",4,1,2024-10-04
2024-10-05 00:00:00,"231,06368610638435","607,080017",4,1,2024-10-05
2024-10-05 01:00:00,"234,46777568327897","563,380005",4,1,2024-10-05
2024-10-05 02:00:00,"222,6670259701309","564,719971",4,1,2024-10-05
2024-10-05 03:00:00,"213,4467417953628","595,299988",4,1,2024-10-05
2024-10-05 04:00:00,"212,7746209296586","642,880005",4,1,2024-10-05
2024-10-05 05:00:00,"245,7761983477006","748,780029",4,1,2024-10-05
2024-10-05 06:00:00,"267,8650060875768","825,0",4,1,2024-10-05
2024-10-05 07:00:00,"252,16853201680755","768,169983",4,1,2024-10-05
2024-10-05 08:00:00,"146,50047237702654","614,690002",4,1,2024-10-05
2024-10-05 09:00:00,"60,23403750859032","509,160004",4,1,2024-10-05
2024-10-05 10:00:00,"19,138467186729653","383,640015",4,1,2024-10-05
2024-10-05 11:00:00,"8,240671054283547","289,970001",4,1,2024-10-05
2024-10-05 12:00:00,"5,464413575974337","324,350006",4,1,2024-10-05
2024-10-05 13:00:00,"11,838196502183958","418,839996",4,1,2024-10-05
2024-10-05 14:00:00,"150,468835927363","544,280029",4,1,2024-10-05
2024-10-05 15:00:00,"323,50971316733427","690,23999",4,1,2024-10-05
2024-10-05 16:00:00,"312,9690991026256","1029,719971",4,1,2024-10-05
2024-10-05 17:00:00,"406,40898993086785","1028,97998",4,1,2024-10-05
2024-10-05 18:00:00,"404,9964239281125","799,719971",4,1,2024-10-05
2024-10-05 19:00:00,"341,9578295104321","705,299988",4,1,2024-10-05
2024-10-05 20:00:00,"314,54875819874025","633,710022",4,1,2024-10-05
2024-10-05 21:00:00,"304,1041611375095","499,690002",4,1,2024-10-05
2024-10-05 22:00:00,"299,2595677258524","485,420013",4,1,2024-10-05
2024-10-05 23:00:00,"294,14818948399846","452,100006",4,1,2024-10-05
2024-10-06 00:00:00,"293,63518504726517","440,549988",4,1,2024-10-06
2024-10-06 01:00:00,"295,8624404217896","433,320007",4,1,2024-10-06
2024-10-06 02:00:00,"305,79858689042527","424,369995",4,1,2024-10-06
2024-10-06 03:00:00,"316,3459714254489","433,320007",4,1,2024-10-06
2024-10-06 04:00:00,"318,4476501473358","431,829987",4,1,2024-10-06
2024-10-06 05:00:00,"303,1241567085832","524,929993",4,1,2024-10-06
2024-10-06 06:00:00,"300,4160262082224","491,01001",4,1,2024-10-06
2024-10-06 07:00:00,"264,6815769122735","447,700012",4,1,2024-10-06
2024-10-06 08:00:00,"142,67509001029367","262,98999",4,1,2024-10-06
2024-10-06 09:00:00,"85,44362868806844","124,339996",4,1,2024-10-06
2024-10-06 10:00:00,"14,530616774279213","79,690002",4,1,2024-10-06
2024-10-06 11:00:00,"19,035839683321203","41,889999",4,1,2024-10-06
2024-10-06 12:00:00,"35,42681398872117","16,25",4,1,2024-10-06
2024-10-06 13:00:00,"68,54479087646818","13,34",4,1,2024-10-06
2024-10-06 14:00:00,"273,361001259753","395,820007",4,1,2024-10-06
2024-10-06 15:00:00,"354,9078714073534","617,070007",4,1,2024-10-06
2024-10-06 16:00:00,"715,8735314548335","792,390015",4,1,2024-10-06
2024-10-06 17:00:00,"787,1657075534889","724,710022",4,1,2024-10-06
2024-10-06 18:00:00,"782,8211340608276","544,01001",4,1,2024-10-06
2024-10-06 19:00:00,"701,7667966232297","442,559998",4,1,2024-10-06
2024-10-06 20:00:00,"548,3855876401211","437,48999",4,1,2024-10-06
2024-10-06 21:00:00,"449,45286629831605","385,459991",4,1,2024-10-06
2024-10-06 22:00:00,"364,3611928166499","257,769989",4,1,2024-10-06
2024-10-06 23:00:00,"293,92050890797645","263,429993",4,1,2024-10-06
2024-10-07 00:00:00,"263,7089438081233","247,850006",4,2,2024-10-07
2024-10-07 01:00:00,"261,6414085367598","224,75",4,2,2024-10-07
2024-10-07 02:00:00,"261,1731253689933","260,529999",4,2,2024-10-07
2024-10-07 03:00:00,"279,7848625976218","291,910004",4,2,2024-10-07
2024-10-07 04:00:00,"295,0027834124812","335,369995",4,2,2024-10-07
2024-10-07 05:00:00,"402,62606615653345","378,299988",4,2,2024-10-07
2024-10-07 06:00:00,"593,4434039981509","414,089996",4,2,2024-10-07
2024-10-07 07:00:00,"430,819553684582","383,75",4,2,2024-10-07
2024-10-07 08:00:00,"303,3370202706622","372,420013",4,2,2024-10-07
2024-10-07 09:00:00,"253,76822434006505","356,309998",4,2,2024-10-07
2024-10-07 10:00:00,"248,74554203657834","340,880005",4,2,2024-10-07
2024-10-07 11:00:00,"252,7377962290253","322,019989",4,2,2024-10-07
2024-10-07 12:00:00,"256,67001682123515","358,399994",4,2,2024-10-07
2024-10-07 13:00:00,"270,603142369342","458,070007",4,2,2024-10-07
2024-10-07 14:00:00,"276,89978246223455","661,869995",4,2,2024-10-07
2024-10-07 15:00:00,"303,1482605817088","873,640015",4,2,2024-10-07
2024-10-07 16:00:00,"552,875347081696","1405,060059",4,2,2024-10-07
2024-10-07 17:00:00,"501,2752334518579","1405,359985",4,2,2024-10-07
2024-10-07 18:00:00,"500,7039073787241","909,27002",4,2,2024-10-07
2024-10-07 19:00:00,"431,99477986861353","744,909973",4,2,2024-10-07
2024-10-07 20:00:00,"368,28596662136425","685,119995",4,2,2024-10-07
2024-10-07 21:00:00,"281,2121557107943","589,780029",4,2,2024-10-07
2024-10-07 22:00:00,"226,15581077604645","539,340027",4,2,2024-10-07
2024-10-07 23:00:00,"208,3216475876701","500,119995",4,2,2024-10-07
2024-10-08 00:00:00,"202,97664700513212","477,149994",4,2,2024-10-08
2024-10-08 01:00:00,"190,47881105568837","444,940002",4,2,2024-10-08
2024-10-08 02:00:00,"224,7559159137185","445,089996",4,2,2024-10-08
2024-10-08 03:00:00,"259,01275051324245","502,799988",4,2,2024-10-08
2024-10-08 04:00:00,"277,25657532338096","641,049988",4,2,2024-10-08
2024-10-08 05:00:00,"408,70250051585737","822,98999",4,2,2024-10-08
2024-10-08 06:00:00,"412,91056322068505","792,200012",4,2,2024-10-08
2024-10-08 07:00:00,"371,1037568502086","633,820007",4,2,2024-10-08
2024-10-08 08:00:00,"357,42564231180336","598,98999",4,2,2024-10-08
2024-10-08 09:00:00,"344,62771105295934","547,469971",4,2,2024-10-08
2024-10-08 10:00:00,"340,656191918293","495,940002",4,2,2024-10-08
2024-10-08 11:00:00,"343,99272966936644","529,200012",4,2,2024-10-08
2024-10-08 12:00:00,"303,10920988959106","565,140015",4,2,2024-10-08
2024-10-08 13:00:00,"358,3684484014373","578,119995",4,2,2024-10-08
2024-10-08 14:00:00,"348,1098166091779","694,440002",4,2,2024-10-08
2024-10-08 15:00:00,"432,290542732389","850,059998",4,2,2024-10-08
2024-10-08 16:00:00,"570,6011057607459","1073,76001",4,2,2024-10-08
2024-10-08 17:00:00,"674,1073603112118","1141,540039",4,2,2024-10-08
2024-10-08 18:00:00,"536,0506918480976","853,119995",4,2,2024-10-08
2024-10-08 19:00:00,"549,5271909369064","707,640015",4,2,2024-10-08
2024-10-08 20:00:00,"518,6981061087954","645,75",4,2,2024-10-08
2024-10-08 21:00:00,"478,83267595385814","504,070007",4,2,2024-10-08
2024-10-08 22:00:00,"479,49600974857594","461,859985",4,2,2024-10-08
2024-10-08 23:00:00,"399,2724335452101","447,459991",4,2,2024-10-08
2024-10-09 00:00:00,"327,03783507089395","428,670013",4,2,2024-10-09
2024-10-09 01:00:00,"274,9141714714674","405,100006",4,2,2024-10-09
2024-10-09 02:00:00,"258,73164750435325","427,480011",4,2,2024-10-09
2024-10-09 03:00:00,"291,3659914545721","476,329987",4,2,2024-10-09
2024-10-09 04:00:00,"329,2085104185345","646,590027",4,2,2024-10-09
2024-10-09 05:00:00,"512,4745182386685","826,320007",4,2,2024-10-09
2024-10-09 06:00:00,"588,2750029578382","827,659973",4,2,2024-10-09
2024-10-09 07:00:00,"608,9246929354016","648,820007",4,2,2024-10-09
2024-10-09 08:00:00,"487,396081155726","537,630005",4,2,2024-10-09
2024-10-09 09:00:00,"403,7764226849204","446,720001",4,2,2024-10-09
2024-10-09 10:00:00,"286,166774285805","445,970001",4,2,2024-10-09
2024-10-09 11:00:00,"250,48597119444514","446,350006",4,2,2024-10-09
2024-10-09 12:00:00,"274,4166466473478","504,369995",4,2,2024-10-09
2024-10-09 13:00:00,"305,9130591312121","575,51001",4,2,2024-10-09
2024-10-09 14:00:00,"337,0109339837403","708,48999",4,2,2024-10-09
2024-10-09 15:00:00,"416,15725520723197","875,909973",4,2,2024-10-09
2024-10-09 16:00:00,"724,0697278888562","913,799988",4,2,2024-10-09
2024-10-09 17:00:00,"723,269679768404","948,030029",4,2,2024-10-09
2024-10-09 18:00:00,"727,7945983566627","828,179993",4,2,2024-10-09
2024-10-09 19:00:00,"631,4599828494751","714,450012",4,2,2024-10-09
2024-10-09 20:00:00,"537,8258154928318","709,22998",4,2,2024-10-09
2024-10-09 21:00:00,"479,8506299650091","614,070007",4,2,2024-10-09
2024-10-09 22:00:00,"411,42149580326","456,399994",4,2,2024-10-09
2024-10-09 23:00:00,"348,5580469800989","349,73999",4,2,2024-10-09
2024-10-10 00:00:00,"312,0719109076133","281,559998",4,2,2024-10-10
2024-10-10 01:00:00,"325,02491634699305","238,679993",4,2,2024-10-10
2024-10-10 02:00:00,"336,74459008267917","221,070007",4,2,2024-10-10
2024-10-10 03:00:00,"362,16984443842705","295,359985",4,2,2024-10-10
2024-10-10 04:00:00,"432,2684812004419","463,179993",4,2,2024-10-10
2024-10-10 05:00:00,"505,02751376051606","633,23999",4,2,2024-10-10
2024-10-10 06:00:00,"540,2060857187591","600,119995",4,2,2024-10-10
2024-10-10 07:00:00,"417,84764855120346","503,459991",4,2,2024-10-10
2024-10-10 08:00:00,"361,8930838398949","387,920013",4,2,2024-10-10
2024-10-10 09:00:00,"310,08363329692185","290,369995",4,2,2024-10-10
2024-10-10 10:00:00,"179,19201671258415","163,270004",4,2,2024-10-10
2024-10-10 11:00:00,"88,46225212960053","118,889999",4,2,2024-10-10
2024-10-10 12:00:00,"105,43249846630344","149,25",4,2,2024-10-10
2024-10-10 13:00:00,"196,31718767770582","277,309998",4,2,2024-10-10
2024-10-10 14:00:00,"222,3982736717409","277,309998",4,2,2024-10-10
2024-10-10 15:00:00,"232,42666256549117","285,140015",4,2,2024-10-10
2024-10-10 16:00:00,"283,7677720228686","294,470001",4,2,2024-10-10
2024-10-10 17:00:00,"306,24663547663096","288,200012",4,2,2024-10-10
2024-10-10 18:00:00,"317,2181076273682","274,630005",4,2,2024-10-10
2024-10-10 19:00:00,"303,40917194883133","263,890015",4,2,2024-10-10
2024-10-10 20:00:00,"256,8820421756352","223,759995",4,2,2024-10-10
2024-10-10 21:00:00,"254,1688239798922","236,289993",4,2,2024-10-10
2024-10-10 22:00:00,"239,65283490370697","258,890015",4,2,2024-10-10
2024-10-10 23:00:00,"234,80588703976238","258,959991",4,2,2024-10-10
2024-10-11 00:00:00,"223,9451048707276","261,720001",4,2,2024-10-11
2024-10-11 01:00:00,"232,02699467151942","267,609985",4,2,2024-10-11
2024-10-11 02:00:00,"231,54680717412666","267,839996",4,2,2024-10-11
2024-10-11 03:00:00,"235,38384507743766","274,179993",4,2,2024-10-11
2024-10-11 04:00:00,"222,25795902479612","308,190002",4,2,2024-10-11
2024-10-11 05:00:00,"480,9657900421789","439,230011",4,2,2024-10-11
2024-10-11 06:00:00,"485,6639769609913","593,919983",4,2,2024-10-11
2024-10-11 07:00:00,"454,03407365432946","400,670013",4,2,2024-10-11
2024-10-11 08:00:00,"352,94491653734127","367,859985",4,2,2024-10-11
2024-10-11 09:00:00,"250,64823593393524","324,970001",4,2,2024-10-11
2024-10-11 10:00:00,"195,0489610888414","316,470001",4,2,2024-10-11
2024-10-11 11:00:00,"142,32870057935713","310,200012",4,2,2024-10-11
2024-10-11 12:00:00,"142,13540996564632","299,309998",4,2,2024-10-11
2024-10-11 13:00:00,"169,95790560120918","298,119995",4,2,2024-10-11
2024-10-11 14:00:00,"208,43141005301834","298,859985",4,2,2024-10-11
2024-10-11 15:00:00,"265,3262211521046","496,660004",4,2,2024-10-11
2024-10-11 16:00:00,"386,83739951328766","939,330017",4,2,2024-10-11
2024-10-11 17:00:00,"449,22740282775493","1208,060059",4,2,2024-10-11
2024-10-11 18:00:00,"342,04353923286595","895,02002",4,2,2024-10-11
2024-10-11 19:00:00,"295,57573553929905","744,289978",4,2,2024-10-11
2024-10-11 20:00:00,"284,7281561629818","733,98999",4,2,2024-10-11
2024-10-11 21:00:00,"275,1730745176379","655,080017",4,2,2024-10-11
2024-10-11 22:00:00,"276,1335240703889","672,190002",4,2,2024-10-11
2024-10-11 23:00:00,"258,3174651296971","592,580017",4,2,2024-10-11
2024-10-12 00:00:00,"245,351895968622","563,929993",4,2,2024-10-12
2024-10-12 01:00:00,"228,4401277232492","559,75",4,2,2024-10-12
2024-10-12 02:00:00,"231,83315180394166","536,619995",4,2,2024-10-12
2024-10-12 03:00:00,"241,10006522217526","506,619995",4,2,2024-10-12
2024-10-12 04:00:00,"249,51243739771598","534,460022",4,2,2024-10-12
2024-10-12 05:00:00,"287,21772793835953","400,149994",4,2,2024-10-12
2024-10-12 06:00:00,"288,02488132053276","378,359985",4,2,2024-10-12
2024-10-12 07:00:00,"275,84760796436274","310,910004",4,2,2024-10-12
2024-10-12 08:00:00,"225,01346135526788","263,390015",4,2,2024-10-12
2024-10-12 09:00:00,"186,19638763520894","255,770004",4,2,2024-10-12
2024-10-12 10:00:00,"111,81552789418934","184,970001",4,2,2024-10-12
2024-10-12 11:00:00,"99,06457214325685","106,919998",4,2,2024-10-12
2024-10-12 12:00:00,"108,27378562495056","174,149994",4,2,2024-10-12
2024-10-12 13:00:00,"153,24204021904296","263,459991",4,2,2024-10-12
2024-10-12 14:00:00,"268,66393771931956","218,990005",4,2,2024-10-12
2024-10-12 15:00:00,"312,18353540147956","423,799988",4,2,2024-10-12
2024-10-12 16:00:00,"291,7734398836427","361,950012",4,2,2024-10-12
2024-10-12 17:00:00,"325,18787921923325","299,049988",4,2,2024-10-12
2024-10-12 18:00:00,"270,88888520018656","289,350006",4,2,2024-10-12
2024-10-12 19:00:00,"272,8337858423349","288,309998",4,2,2024-10-12
2024-10-12 20:00:00,"266,2588283644216","260,179993",4,2,2024-10-12
2024-10-12 21:00:00,"276,16429144429736","189,289993",4,2,2024-10-12
2024-10-12 22:00:00,"280,9008567875683","0,0",4,2,2024-10-12
2024-10-12 23:00:00,"266,6199698764646","-0,07",4,2,2024-10-12
2024-10-13 00:00:00,"288,4634167000875","-0,52",4,2,2024-10-13
2024-10-13 01:00:00,"290,0474326211259","-2,76",4,2,2024-10-13
2024-10-13 02:00:00,"312,8382129252201","-3,81",4,2,2024-10-13
2024-10-13 03:00:00,"341,0649337199703","-0,67",4,2,2024-10-13
2024-10-13 04:00:00,"377,93801670732245","-0,07",4,2,2024-10-13
2024-10-13 05:00:00,"405,2287777256487","12,83",4,2,2024-10-13
2024-10-13 06:00:00,"346,2087332989289","134,0",4,2,2024-10-13
2024-10-13 07:00:00,"298,11429932625117","73,489998",4,2,2024-10-13
2024-10-13 08:00:00,"133,63573969234002","36,630001",4,2,2024-10-13
2024-10-13 09:00:00,"103,50293958000907","46,330002",4,2,2024-10-13
2024-10-13 10:00:00,"78,29813937065042","47,599998",4,2,2024-10-13
2024-10-13 11:00:00,"41,83885778963996","52,970001",4,2,2024-10-13
2024-10-13 12:00:00,"30,941985622142287","59,09",4,2,2024-10-13
2024-10-13 13:00:00,"51,21658840729174","94,610001",4,2,2024-10-13
2024-10-13 14:00:00,"278,7993569809669","118,260002",4,2,2024-10-13
2024-10-13 15:00:00,"365,11800066342164","166,009995",4,2,2024-10-13
2024-10-13 16:00:00,"520,7451158840769","267,329987",4,2,2024-10-13
2024-10-13 17:00:00,"439,91219512911374","403,269989",4,2,2024-10-13
2024-10-13 18:00:00,"381,84309181832845","294,790009",4,2,2024-10-13
2024-10-13 19:00:00,"337,13997072997864","286,730011",4,2,2024-10-13
2024-10-13 20:00:00,"341,1544649364589","299,410004",4,2,2024-10-13
2024-10-13 21:00:00,"304,9311073477442","274,640015",4,2,2024-10-13
2024-10-13 22:00:00,"288,9185925946005","276,809998",4,2,2024-10-13
2024-10-13 23:00:00,"253,0391872135785","263,0",4,2,2024-10-13
2024-10-14 00:00:00,"237,75924147810477","262,410004",4,3,2024-10-14
2024-10-14 01:00:00,"205,43422357287167","256,359985",4,3,2024-10-14
2024-10-14 02:00:00,"225,84877859556946","293,450012",4,3,2024-10-14
2024-10-14 03:00:00,"270,9039124358961","464,079987",4,3,2024-10-14
2024-10-14 04:00:00,"306,8116120002923","736,710022",4,3,2024-10-14
2024-10-14 05:00:00,"455,60237345107373","973,900024",4,3,2024-10-14
2024-10-14 06:00:00,"452,87893555828475","1142,449951",4,3,2024-10-14
2024-10-14 07:00:00,"375,13907222372785","879,960022",4,3,2024-10-14
2024-10-14 08:00:00,"308,080256345561","753,200012",4,3,2024-10-14
2024-10-14 09:00:00,"306,3456970297001","695,599976",4,3,2024-10-14
2024-10-14 10:00:00,"290,3677608887383","643,450012",4,3,2024-10-14
2024-10-14 11:00:00,"265,53352429625755","616,289978",4,3,2024-10-14
2024-10-14 12:00:00,"283,2491408706792","553,320007",4,3,2024-10-14
2024-10-14 13:00:00,"285,17789588758745","649,710022",4,3,2024-10-14
2024-10-14 14:00:00,"280,11423167756476","789,309998",4,3,2024-10-14
2024-10-14 15:00:00,"324,0708642096573","1182,660034",4,3,2024-10-14
2024-10-14 16:00:00,"501,4613246918922","1865,280029",4,3,2024-10-14
2024-10-14 17:00:00,"621,3582744711377","1964,290039",4,3,2024-10-14
2024-10-14 18:00:00,"540,4316038336173","1178,859985",4,3,2024-10-14
2024-10-14 19:00:00,"449,5186888412885","851,460022",4,3,2024-10-14
2024-10-14 20:00:00,"382,96269440871475","743,580017",4,3,2024-10-14
2024-10-14 21:00:00,"291,45608577885434","707,309998",4,3,2024-10-14
2024-10-14 22:00:00,"239,2948403000462","680,679993",4,3,2024-10-14
2024-10-14 23:00:00,"220,81207811772398","645,320007",4,3,2024-10-14
2024-10-15 00:00:00,"219,94372257269944","659,190002",4,3,2024-10-15
2024-10-15 01:00:00,"219,3120464963764","627,039978",4,3,2024-10-15
2024-10-15 02:00:00,"228,73274033263593","602,859985",4,3,2024-10-15
2024-10-15 03:00:00,"279,9086932704909","667,849976",4,3,2024-10-15
2024-10-15 04:00:00,"336,33420423049324","854,530029",4,3,2024-10-15
2024-10-15 05:00:00,"510,4597466942453","1383,22998",4,3,2024-10-15
2024-10-15 06:00:00,"597,9160499013933","1317,719971",4,3,2024-10-15
2024-10-15 07:00:00,"628,2854243199974","824,76001",4,3,2024-10-15
2024-10-15 08:00:00,"545,1909501012354","692,02002",4,3,2024-10-15
2024-10-15 09:00:00,"517,2064802052615","619,650024",4,3,2024-10-15
2024-10-15 10:00:00,"497,98562906604997","585,47998",4,3,2024-10-15
2024-10-15 11:00:00,"493,9651716185953","535,340027",4,3,2024-10-15
2024-10-15 12:00:00,"519,2994416458924","566,299988",4,3,2024-10-15
2024-10-15 13:00:00,"563,63964846825","621,960022",4,3,2024-10-15
2024-10-15 14:00:00,"632,2077647562043","664,27002",4,3,2024-10-15
2024-10-15 15:00:00,"634,6261998664971","900,48999",4,3,2024-10-15
2024-10-15 16:00:00,"746,1061609304154","1020,609985",4,3,2024-10-15
2024-10-15 17:00:00,"836,3858381008621","726,049988",4,3,2024-10-15
2024-10-15 18:00:00,"793,5047165608391","568,98999",4,3,2024-10-15
2024-10-15 19:00:00,"648,7756467440367","497,290009",4,3,2024-10-15
2024-10-15 20:00:00,"537,517223535769","445,059998",4,3,2024-10-15
2024-10-15 21:00:00,"419,18753286484633","304,269989",4,3,2024-10-15
2024-10-15 22:00:00,"389,64983505759955","174,210007",4,3,2024-10-15
2024-10-15 23:00:00,"321,7237940669078","95,5",4,3,2024-10-15
2024-10-16 00:00:00,"273,9168590047381","39,540001",4,3,2024-10-16
2024-10-16 01:00:00,"267,37340816894846","26,93",4,3,2024-10-16
2024-10-16 02:00:00,"266,9049518166835","23,58",4,3,2024-10-16
2024-10-16 03:00:00,"255,8228940227758","61,18",4,3,2024-10-16
2024-10-16 04:00:00,"290,80400840086725","301,049988",4,3,2024-10-16
2024-10-16 05:00:00,"423,83923012612087","353,720001",4,3,2024-10-16
2024-10-16 06:00:00,"501,6121589772548","406,23999",4,3,2024-10-16
2024-10-16 07:00:00,"418,3222349993077","354,76001",4,3,2024-10-16
2024-10-16 08:00:00,"371,00134474343105","199,059998",4,3,2024-10-16
2024-10-16 09:00:00,"339,11050687278146","105,650002",4,3,2024-10-16
2024-10-16 10:00:00,"325,4039291892642","30,51",4,3,2024-10-16
2024-10-16 11:00:00,"284,2635021674591","15,22",4,3,2024-10-16
2024-10-16 12:00:00,"282,84990569492925","29,84",4,3,2024-10-16
2024-10-16 13:00:00,"279,2799098196743","105,800003",4,3,2024-10-16
2024-10-16 14:00:00,"304,909641306068","246,210007",4,3,2024-10-16
2024-10-16 15:00:00,"323,52503374596444","263,0",4,3,2024-10-16
2024-10-16 16:00:00,"311,1215238170995","277,470001",4,3,2024-10-16
2024-10-16 17:00:00,"311,9028057031945","272,470001",4,3,2024-10-16
2024-10-16 18:00:00,"279,6729133197018","267,470001",4,3,2024-10-16
2024-10-16 19:00:00,"269,18440688160484","257,619995",4,3,2024-10-16
2024-10-16 20:00:00,"279,34075161418684","242,029999",4,3,2024-10-16
2024-10-16 21:00:00,"280,78889642441857","198,009995",4,3,2024-10-16
2024-10-16 22:00:00,"277,67466516321235","127,129997",4,3,2024-10-16
2024-10-16 23:00:00,"290,87638666535094","90,650002",4,3,2024-10-16
2024-10-17 00:00:00,"312,13704152037735","78,190002",4,3,2024-10-17
2024-10-17 01:00:00,"308,834061651414","41,860001",4,3,2024-10-17
2024-10-17 02:00:00,"310,3353035193335","74,68",4,3,2024-10-17
2024-10-17 03:00:00,"311,0873973205677","216,139999",4,3,2024-10-17
2024-10-17 04:00:00,"308,31842630772417","261,730011",4,3,2024-10-17
2024-10-17 05:00:00,"362,1292007188595","298,660004",4,3,2024-10-17
2024-10-17 06:00:00,"388,6812432214783","306,790009",4,3,2024-10-17
2024-10-17 07:00:00,"368,68641214798026","301,869995",4,3,2024-10-17
2024-10-17 08:00:00,"334,05216019732677","286,940002",4,3,2024-10-17
2024-10-17 09:00:00,"310,429198147675","287,089996",4,3,2024-10-17
2024-10-17 10:00:00,"236,5741302672301","290,670013",4,3,2024-10-17
2024-10-17 11:00:00,"137,4055161106941","305,299988",4,3,2024-10-17
2024-10-17 12:00:00,"161,78749089625316","322,980011",4,3,2024-10-17
2024-10-17 13:00:00,"264,1968143096918","474,140015",4,3,2024-10-17
2024-10-17 14:00:00,"328,41909808039156","691,469971",4,3,2024-10-17
2024-10-17 15:00:00,"319,0760719653309","893,059998",4,3,2024-10-17
2024-10-17 16:00:00,"326,52138392525677","1292,290039",4,3,2024-10-17
2024-10-17 17:00:00,"365,13183518420027","1275,810059",4,3,2024-10-17
2024-10-17 18:00:00,"410,4298817837323","876,650024",4,3,2024-10-17
2024-10-17 19:00:00,"342,4873524282605","729,75",4,3,2024-10-17
2024-10-17 20:00:00,"351,97550013864645","664,390015",4,3,2024-10-17
2024-10-17 21:00:00,"307,7235194263061","613,359985",4,3,2024-10-17
2024-10-17 22:00:00,"265,43845334397196","603,929993",4,3,2024-10-17
2024-10-17 23:00:00,"236,04974586737274","605,5",4,3,2024-10-17
2024-10-18 00:00:00,"220,7584128852569","617,210022",4,3,2024-10-18
2024-10-18 01:00:00,"219,43779740524278","588,190002",4,3,2024-10-18
2024-10-18 02:00:00,"220,2062487586484","605,72998",4,3,2024-10-18
2024-10-18 03:00:00,"217,86632339676643","629,22998",4,3,2024-10-18
2024-10-18 04:00:00,"231,03834464075013","737,780029",4,3,2024-10-18
2024-10-18 05:00:00,"509,3071161875517","1117,449951",4,3,2024-10-18
2024-10-18 06:00:00,"636,1546994853824","1165,640015",4,3,2024-10-18
2024-10-18 07:00:00,"551,2745732354723","828,130005",4,3,2024-10-18
2024-10-18 08:00:00,"429,6469892659942","714,429993",4,3,2024-10-18
2024-10-18 09:00:00,"306,3242199635267","636,390015",4,3,2024-10-18
2024-10-18 10:00:00,"252,29817603464954","618,929993",4,3,2024-10-18
2024-10-18 11:00:00,"239,67588166877619","598,340027",4,3,2024-10-18
2024-10-18 12:00:00,"230,98061298485294","605,72998",4,3,2024-10-18
2024-10-18 13:00:00,"246,63273042486006","629,22998",4,3,2024-10-18
2024-10-18 14:00:00,"286,5545631778852","770,599976",4,3,2024-10-18
2024-10-18 15:00:00,"313,0651376181523","997,26001",4,3,2024-10-18
2024-10-18 16:00:00,"531,5453118227551","1352,459961",4,3,2024-10-18
2024-10-18 17:00:00,"727,6970693282508","1063,72998",4,3,2024-10-18
2024-10-18 18:00:00,"654,9396541067167","770,309998",4,3,2024-10-18
2024-10-18 19:00:00,"481,5400050020891","722,409973",4,3,2024-10-18
2024-10-18 20:00:00,"423,26094063532906","695,77002",4,3,2024-10-18
2024-10-18 21:00:00,"375,88147972869785","638,179993",4,3,2024-10-18
2024-10-18 22:00:00,"314,9986663382885","649,27002",4,3,2024-10-18
2024-10-18 23:00:00,"273,14790395940963","619,210022",4,3,2024-10-18
2024-10-19 00:00:00,"239,27973720570878","595,940002",4,3,2024-10-19
2024-10-19 01:00:00,"228,87640017833945","561,27002",4,3,2024-10-19
2024-10-19 02:00:00,"231,6811372389555","565,809998",4,3,2024-10-19
2024-10-19 03:00:00,"231,02219299215193","572,530029",4,3,2024-10-19
2024-10-19 04:00:00,"245,03860809594124","596,619995",4,3,2024-10-19
2024-10-19 05:00:00,"291,76932469197334","685,440002",4,3,2024-10-19
2024-10-19 06:00:00,"289,01379599210895","668,659973",4,3,2024-10-19
2024-10-19 07:00:00,"292,0495113811695","630,919983",4,3,2024-10-19
2024-10-19 08:00:00,"263,61729614406886","587,669983",4,3,2024-10-19
2024-10-19 09:00:00,"216,06909099978034","546,799988",4,3,2024-10-19
2024-10-19 10:00:00,"161,51396107723937","493,399994",4,3,2024-10-19
2024-10-19 11:00:00,"112,10565143640602","454,619995",4,3,2024-10-19
2024-10-19 12:00:00,"147,357541655619","476,470001",4,3,2024-10-19
2024-10-19 13:00:00,"222,1333854718465","589,679993",4,3,2024-10-19
2024-10-19 14:00:00,"275,05119395194936","731,52002",4,3,2024-10-19
2024-10-19 15:00:00,"276,0349410201953","813,929993",4,3,2024-10-19
2024-10-19 16:00:00,"344,5738389332234","1012,900024",4,3,2024-10-19
2024-10-19 17:00:00,"336,4881628418495","886,940002",4,3,2024-10-19
2024-10-19 18:00:00,"335,5761564601367","721,900024",4,3,2024-10-19
2024-10-19 19:00:00,"349,36796493295503","672,530029",4,3,2024-10-19
2024-10-19 20:00:00,"322,06875596349306","625,179993",4,3,2024-10-19
2024-10-19 21:00:00,"290,2134206687655","546,869995",4,3,2024-10-19
2024-10-19 22:00:00,"239,95742210372353","403,059998",4,3,2024-10-19
2024-10-19 23:00:00,"218,22887602067675","409,470001",4,3,2024-10-19
2024-10-20 00:00:00,"211,37248001031097","407,079987",4,3,2024-10-20
2024-10-20 01:00:00,"200,76768532167736","417,0",4,3,2024-10-20
2024-10-20 02:00:00,"207,8225969121783","444,450012",4,3,2024-10-20
2024-10-20 03:00:00,"223,21634205998745","241,880005",4,3,2024-10-20
2024-10-20 04:00:00,"232,86461828850963","240,389999",4,3,2024-10-20
2024-10-20 05:00:00,"225,77810946435207","291,329987",4,3,2024-10-20
2024-10-20 06:00:00,"271,37261801403577","359,950012",4,3,2024-10-20
2024-10-20 07:00:00,"239,24275301477826","341,230011",4,3,2024-10-20
2024-10-20 08:00:00,"98,22046037546147","47,509998",4,3,2024-10-20
2024-10-20 09:00:00,"68,93240018917432","0,6",4,3,2024-10-20
2024-10-20 10:00:00,"35,35064384339297","0,0",4,3,2024-10-20
2024-10-20 11:00:00,"19,625599313389063","-7,31",4,3,2024-10-20
2024-10-20 12:00:00,"15,269544961109911","-14,99",4,3,2024-10-20
2024-10-20 13:00:00,"16,807316385858073","0,0",4,3,2024-10-20
2024-10-20 14:00:00,"231,92818477965756","38,040001",4,3,2024-10-20
2024-10-20 15:00:00,"302,78490629465074","413,570007",4,3,2024-10-20
2024-10-20 16:00:00,"286,70093045375415","318,25",4,3,2024-10-20
2024-10-20 17:00:00,"303,2633272000658","268,950012",4,3,2024-10-20
2024-10-20 18:00:00,"306,85473110541415","252,919998",4,3,2024-10-20
2024-10-20 19:00:00,"279,61264922843975","156,259995",4,3,2024-10-20
2024-10-20 20:00:00,"271,206881541369","90,620003",4,3,2024-10-20
2024-10-20 21:00:00,"254,86976878965402","14,39",4,3,2024-10-20
2024-10-20 22:00:00,"211,98766505363162","-0,75",4,3,2024-10-20
2024-10-20 23:00:00,"178,20918467457176","-0,75",4,3,2024-10-20
2024-10-21 00:00:00,"131,72149084992398","-1,04",4,4,2024-10-21
2024-10-21 01:00:00,"135,8608751946365","-0,6",4,4,2024-10-21
2024-10-21 02:00:00,"168,87455728894585","-0,3",4,4,2024-10-21
2024-10-21 03:00:00,"242,8022290767219","24,24",4,4,2024-10-21
2024-10-21 04:00:00,"391,6735926327605","32,59",4,4,2024-10-21
2024-10-21 05:00:00,"472,90522926504127","301,170013",4,4,2024-10-21
2024-10-21 06:00:00,"454,6809428033699","292,070007",4,4,2024-10-21
2024-10-21 07:00:00,"426,20500081782467","240,160004",4,4,2024-10-21
2024-10-21 08:00:00,"387,53473077446364","215,399994",4,4,2024-10-21
2024-10-21 09:00:00,"326,6664221816108","208,690002",4,4,2024-10-21
2024-10-21 10:00:00,"296,8798998212672","188,479996",4,4,2024-10-21
2024-10-21 11:00:00,"291,67160075368884","209,729996",4,4,2024-10-21
2024-10-21 12:00:00,"294,9695893724404","168,710007",4,4,2024-10-21
2024-10-21 13:00:00,"304,65318977606734","434,609985",4,4,2024-10-21
2024-10-21 14:00:00,"379,5299004290984","670,289978",4,4,2024-10-21
2024-10-21 15:00:00,"479,32606180666244","969,900024",4,4,2024-10-21
2024-10-21 16:00:00,"732,7425246058131","1582,319946",4,4,2024-10-21
2024-10-21 17:00:00,"841,0573369233973","1404,810059",4,4,2024-10-21
2024-10-21 18:00:00,"630,376764513133","957,969971",4,4,2024-10-21
2024-10-21 19:00:00,"488,58618121753403","750,320007",4,4,2024-10-21
2024-10-21 20:00:00,"455,6619293398352","729,440002",4,4,2024-10-21
2024-10-21 21:00:00,"375,20295985391624","693,419983",4,4,2024-10-21
2024-10-21 22:00:00,"294,73146894720173","666,929993",4,4,2024-10-21
2024-10-21 23:00:00,"247,97886756687836","652,76001",4,4,2024-10-21
2024-10-22 00:00:00,"219,2236408894595","639,109985",4,4,2024-10-22
2024-10-22 01:00:00,"222,22172792728952","623,52002",4,4,2024-10-22
2024-10-22 02:00:00,"235,52629742954315","619,190002",4,4,2024-10-22
2024-10-22 03:00:00,"269,2400346493892","641,419983",4,4,2024-10-22
2024-10-22 04:00:00,"328,7652736879738","731,960022",4,4,2024-10-22
2024-10-22 05:00:00,"707,4962959616884","1118,76001",4,4,2024-10-22
2024-10-22 06:00:00,"718,6573579991626","1215,27002",4,4,2024-10-22
2024-10-22 07:00:00,"673,3352567201982","846,080017",4,4,2024-10-22
2024-10-22 08:00:00,"523,1162893481644","736,809998",4,4,2024-10-22
2024-10-22 09:00:00,"397,12808035170065","639,109985",4,4,2024-10-22
2024-10-22 10:00:00,"309,50322366211225","246,720001",4,4,2024-10-22
2024-10-22 11:00:00,"284,7422074375423","232,550003",4,4,2024-10-22
2024-10-22 12:00:00,"266,97067749695657","225,539993",4,4,2024-10-22
2024-10-22 13:00:00,"285,7340268525022","229,789993",4,4,2024-10-22
2024-10-22 14:00:00,"337,2301258068953","263,130005",4,4,2024-10-22
2024-10-22 15:00:00,"449,4265557506772","759,109985",4,4,2024-10-22
2024-10-22 16:00:00,"501,4050729147739","1043,579956",4,4,2024-10-22
2024-10-22 17:00:00,"437,25748571475486","1176,560059",4,4,2024-10-22
2024-10-22 18:00:00,"355,61650996906866","850,400024",4,4,2024-10-22
2024-10-22 19:00:00,"349,46572508228655","697,72998",4,4,2024-10-22
2024-10-22 20:00:00,"322,4918514464668","713,919983",4,4,2024-10-22
2024-10-22 21:00:00,"290,7419173701782","658,950012",4,4,2024-10-22
2024-10-22 22:00:00,"307,9216041809124","602,789978",4,4,2024-10-22
2024-10-22 23:00:00,"257,5958752786069","620,690002",4,4,2024-10-22
2024-10-23 00:00:00,"239,5490716985965","611,669983",4,4,2024-10-23
2024-10-23 01:00:00,"232,6653303650249","620,539978",4,4,2024-10-23
2024-10-23 02:00:00,"234,86082983714536","639,859985",4,4,2024-10-23
2024-10-23 03:00:00,"248,0161192636627","675,950012",4,4,2024-10-23
2024-10-23 04:00:00,"313,9720735583146","780,950012",4,4,2024-10-23
2024-10-23 05:00:00,"440,56838802968684","1025,329956",4,4,2024-10-23
2024-10-23 06:00:00,"589,3315751670392","1205,72998",4,4,2024-10-23
2024-10-23 07:00:00,"560,4873129214951","957,690002",4,4,2024-10-23
2024-10-23 08:00:00,"399,1845922295528","776,330017",4,4,2024-10-23
2024-10-23 09:00:00,"320,2614753334824","693,700012",4,4,2024-10-23
2024-10-23 10:00:00,"284,25810352070334","600,929993",4,4,2024-10-23
2024-10-23 11:00:00,"264,13921537732415","574,75",4,4,2024-10-23
2024-10-23 12:00:00,"259,7260826641015","562,450012",4,4,2024-10-23
2024-10-23 13:00:00,"286,6082535510657","657,830017",4,4,2024-10-23
2024-10-23 14:00:00,"293,32608826417834","696,22998",4,4,2024-10-23
2024-10-23 15:00:00,"349,3522137330107","1009,669983",4,4,2024-10-23
2024-10-23 16:00:00,"397,7090262617396","1428,859985",4,4,2024-10-23
2024-10-23 17:00:00,"373,31862255574964","1312,52002",4,4,2024-10-23
2024-10-23 18:00:00,"337,0520615189695","833,080017",4,4,2024-10-23
2024-10-23 19:00:00,"342,7354621350828","754,849976",4,4,2024-10-23
2024-10-23 20:00:00,"313,09666516953945","767,599976",4,4,2024-10-23
2024-10-23 21:00:00,"285,3445708788667","694,73999",4,4,2024-10-23
2024-10-23 22:00:00,"263,6142571181041","647,059998",4,4,2024-10-23
2024-10-23 23:00:00,"246,4767772672538","597,460022",4,4,2024-10-23
2024-10-24 00:00:00,"231,60736525094154","582,469971",4,4,2024-10-24
2024-10-24 01:00:00,"206,17935452422253","564,349976",4,4,2024-10-24
2024-10-24 02:00:00,"205,16888755614957","532,200012",4,4,2024-10-24
2024-10-24 03:00:00,"270,34073785379223","597,909973",4,4,2024-10-24
2024-10-24 04:00:00,"316,09874609527037","748,409973",4,4,2024-10-24
2024-10-24 05:00:00,"433,9867947369329","1057,98999",4,4,2024-10-24
2024-10-24 06:00:00,"452,6568853292429","1233,47998",4,4,2024-10-24
2024-10-24 07:00:00,"462,7835157271566","874,820007",4,4,2024-10-24
2024-10-24 08:00:00,"428,8223786610181","760,049988",4,4,2024-10-24
2024-10-24 09:00:00,"355,82830948042727","693,969971",4,4,2024-10-24
2024-10-24 10:00:00,"304,4141628042185","626,169983",4,4,2024-10-24
2024-10-24 11:00:00,"220,4039927133703","590,299988",4,4,2024-10-24
2024-10-24 12:00:00,"258,6155344397729","607,900024",4,4,2024-10-24
2024-10-24 13:00:00,"304,0082890726319","713,72998",4,4,2024-10-24
2024-10-24 14:00:00,"330,9238672456657","809,869995",4,4,2024-10-24
2024-10-24 15:00:00,"393,80064715663536","921,659973",4,4,2024-10-24
2024-10-24 16:00:00,"521,9177533458068","1034,430054",4,4,2024-10-24
2024-10-24 17:00:00,"486,65992209363264","851,630005",4,4,2024-10-24
2024-10-24 18:00:00,"425,54334049749275","720,52002",4,4,2024-10-24
2024-10-24 19:00:00,"307,79615409163824","698,369995",4,4,2024-10-24
2024-10-24 20:00:00,"282,83377947517334","670,47998",4,4,2024-10-24
2024-10-24 21:00:00,"285,73683025495694","623,559998",4,4,2024-10-24
2024-10-24 22:00:00,"276,7203173320552","615,460022",4,4,2024-10-24
2024-10-24 23:00:00,"286,52904378398557","612,25",4,4,2024-10-24
2024-10-25 00:00:00,"291,12783658652677","594,48999",4,4,2024-10-25
2024-10-25 01:00:00,"297,30082414943405","616,200012",4,4,2024-10-25
2024-10-25 02:00:00,"302,85176414293164","630,150024",4,4,2024-10-25
2024-10-25 03:00:00,"307,9176428682711","705,650024",4,4,2024-10-25
2024-10-25 04:00:00,"344,187902708844","812,700012",4,4,2024-10-25
2024-10-25 05:00:00,"698,1942942747237","923,190002",4,4,2024-10-25
2024-10-25 06:00:00,"733,5488918084767","1123,410034",4,4,2024-10-25
2024-10-25 07:00:00,"732,85295249814","913,340027",4,4,2024-10-25
2024-10-25 08:00:00,"676,1536661628891","806,809998",4,4,2024-10-25
2024-10-25 09:00:00,"540,401184271574","700,5",4,4,2024-10-25
2024-10-25 10:00:00,"481,7888639870349","604,859985",4,4,2024-10-25
2024-10-25 11:00:00,"429,215559167569","583,22998",4,4,2024-10-25
2024-10-25 12:00:00,"416,6832704609266","615,22998",4,4,2024-10-25
2024-10-25 13:00:00,"402,00992927780135","741,01001",4,4,2024-10-25
2024-10-25 14:00:00,"381,1048571560005","880,51001",4,4,2024-10-25
2024-10-25 15:00:00,"583,3939946480112","1184,140015",4,4,2024-10-25
2024-10-25 16:00:00,"783,3136649686919","1695,829956",4,4,2024-10-25
2024-10-25 17:00:00,"826,4491027349831","1379,0",4,4,2024-10-25
2024-10-25 18:00:00,"807,8889480117541","924,01001",4,4,2024-10-25
2024-10-25 19:00:00,"718,1307958532311","867,530029",4,4,2024-10-25
2024-10-25 20:00:00,"617,2724394890625","850,150024",4,4,2024-10-25
2024-10-25 21:00:00,"502,6396617905522","801,210022",4,4,2024-10-25
2024-10-25 22:00:00,"492,6277367348971","860,150024",4,4,2024-10-25
2024-10-25 23:00:00,"488,20515559918766","818,0",4,4,2024-10-25
2024-10-26 00:00:00,"491,4801626629434","797,929993",4,4,2024-10-26
2024-10-26 01:00:00,"488,7037608858888","804,200012",4,4,2024-10-26
2024-10-26 02:00:00,"487,0562950502983","788,599976",4,4,2024-10-26
2024-10-26 03:00:00,"505,88497816609095","796,960022",4,4,2024-10-26
2024-10-26 04:00:00,"520,4887648492162","850,0",4,4,2024-10-26
2024-10-26 05:00:00,"550,6516345395358","937,890015",4,4,2024-10-26
2024-10-26 06:00:00,"555,4025741502361","940,059998",4,4,2024-10-26
2024-10-26 07:00:00,"478,59002613348946","877,159973",4,4,2024-10-26
2024-10-26 08:00:00,"441,8570948474424","756,450012",4,4,2024-10-26
2024-10-26 09:00:00,"354,04745095648934","607,900024",4,4,2024-10-26
2024-10-26 10:00:00,"298,4985123008094","509,940002",4,4,2024-10-26
2024-10-26 11:00:00,"257,5136892506848","472,269989",4,4,2024-10-26
2024-10-26 12:00:00,"293,2524764788118","481,589996",4,4,2024-10-26
2024-10-26 13:00:00,"350,27235534720955","607,599976",4,4,2024-10-26
2024-10-26 14:00:00,"343,72814522992576","750,549988",4,4,2024-10-26
2024-10-26 15:00:00,"341,4996603126871","938,039978",4,4,2024-10-26
2024-10-26 16:00:00,"470,2049882167302","1125,829956",4,4,2024-10-26
2024-10-26 17:00:00,"431,69947004922403","885,890015",4,4,2024-10-26
2024-10-26 18:00:00,"347,38028485774566","719,809998",4,4,2024-10-26
2024-10-26 19:00:00,"336,15791781060994","662,219971",4,4,2024-10-26
2024-10-26 20:00:00,"312,10328247769314","652,820007",4,4,2024-10-26
2024-10-26 21:00:00,"305,07991020519205","571,719971",4,4,2024-10-26
2024-10-26 22:00:00,"262,6549413651376","688,119995",4,4,2024-10-26
2024-10-26 23:00:00,"252,45926056502913","626,780029",4,4,2024-10-26
2024-10-27 00:00:00,"250,34974301136762","613,570007",4,4,2024-10-27
2024-10-27 01:00:00,"249,74365308698478","600,140015",4,4,2024-10-27
2024-10-27 02:00:00,"246,32446010998916","592,530029",4,4,2024-10-27
2024-10-27 03:00:00,"241,64584549306235","587,900024",4,4,2024-10-27
2024-10-27 04:00:00,"234,30912114909566","635,289978",4,4,2024-10-27
2024-10-27 05:00:00,"258,87932102858326","665,659973",4,4,2024-10-27
2024-10-27 06:00:00,"273,0445508782359","657,0",4,4,2024-10-27
2024-10-27 07:00:00,"244,62318137359557","629,320007",4,4,2024-10-27
2024-10-27 08:00:00,"107,34878139407247","496,049988",4,4,2024-10-27
2024-10-27 09:00:00,"54,05310036196375","408,299988",4,4,2024-10-27
2024-10-27 10:00:00,"23,502991627434817","317,119995",4,4,2024-10-27
2024-10-27 11:00:00,"20,499225195808204","298,390015",4,4,2024-10-27
2024-10-27 12:00:00,"14,936403712718546","298,470001",4,4,2024-10-27
2024-10-27 13:00:00,"13,02082451243368","480,01001",4,4,2024-10-27
2024-10-27 14:00:00,"157,4656653843228","753,109985",4,4,2024-10-27
2024-10-27 15:00:00,"249,90260390122947","878,97998",4,4,2024-10-27
2024-10-27 16:00:00,"289,6138008736084","1106,569946",4,4,2024-10-27
2024-10-27 17:00:00,"308,656275337383","1087,23999",4,4,2024-10-27
2024-10-27 18:00:00,"317,0349956337261","973,52002",4,4,2024-10-27
2024-10-27 19:00:00,"292,371787468865","881,299988",4,4,2024-10-27
2024-10-27 20:00:00,"262,5147701699579","831,159973",4,4,2024-10-27
2024-10-27 21:00:00,"192,80680575095923","820,48999",4,4,2024-10-27
2024-10-27 22:00:00,"151,32674805481108","651,109985",4,4,2024-10-27
2024-10-27 23:00:00,"138,91762784670524","713,340027",4,4,2024-10-27
