Time,Prediction,DKPrice,fold,week,Date
2024-01-01 00:00:00,"651,0505727507906","209,779999",1,1,2024-01-01
2024-01-01 01:00:00,"692,097334580366","198,740005",1,1,2024-01-01
2024-01-01 02:00:00,"692,097334580366","30,860001",1,1,2024-01-01
2024-01-01 03:00:00,"692,097334580366","-0,22",1,1,2024-01-01
2024-01-01 04:00:00,"692,097334580366","-0,15",1,1,2024-01-01
2024-01-01 05:00:00,"732,0836115105972","-0,37",1,1,2024-01-01
2024-01-01 06:00:00,"773,9369930656952","-0,15",1,1,2024-01-01
2024-01-01 07:00:00,"817,1474779680746","0,0",1,1,2024-01-01
2024-01-01 08:00:00,"853,2004551827689","0,6",1,1,2024-01-01
2024-01-01 09:00:00,"853,2004551827689","308,179993",1,1,2024-01-01
2024-01-01 10:00:00,"853,2004551827689","324,359985",1,1,2024-01-01
2024-01-01 11:00:00,"853,2004551827689","320,700012",1,1,2024-01-01
2024-01-01 12:00:00,"853,2004551827689","330,170013",1,1,2024-01-01
2024-01-01 13:00:00,"853,2004551827689","344,709991",1,1,2024-01-01
2024-01-01 14:00:00,"853,2004551827689","377,290009",1,1,2024-01-01
2024-01-01 15:00:00,"853,2004551827689","443,329987",1,1,2024-01-01
2024-01-01 16:00:00,"853,2004551827689","484,480011",1,1,2024-01-01
2024-01-01 17:00:00,"853,2004551827689","460,26001",1,1,2024-01-01
2024-01-01 18:00:00,"853,2004551827689","456,75",1,1,2024-01-01
2024-01-01 19:00:00,"853,2004551827689","447,059998",1,1,2024-01-01
2024-01-01 20:00:00,"853,2004551827689","409,420013",1,1,2024-01-01
2024-01-01 21:00:00,"853,2004551827689","355,220001",1,1,2024-01-01
2024-01-01 22:00:00,"853,2004551827689","265,019989",1,1,2024-01-01
2024-01-01 23:00:00,"853,2004551827689","228,039993",1,1,2024-01-01
2024-01-02 00:00:00,"853,2004551827689","149,619995",1,1,2024-01-02
2024-01-02 01:00:00,"853,2004551827689","231,320007",1,1,2024-01-02
2024-01-02 02:00:00,"853,2004551827689","137,089996",1,1,2024-01-02
2024-01-02 03:00:00,"853,2004551827689","82,599998",1,1,2024-01-02
2024-01-02 04:00:00,"853,2004551827689","102,730003",1,1,2024-01-02
2024-01-02 05:00:00,"853,2004551827689","355,070007",1,1,2024-01-02
2024-01-02 06:00:00,"853,2004551827689","433,119995",1,1,2024-01-02
2024-01-02 07:00:00,"853,2004551827689","489,549988",1,1,2024-01-02
2024-01-02 08:00:00,"853,2004551827689","482,549988",1,1,2024-01-02
2024-01-02 09:00:00,"853,2004551827689","514,22998",1,1,2024-01-02
2024-01-02 10:00:00,"853,2004551827689","548,219971",1,1,2024-01-02
2024-01-02 11:00:00,"853,2004551827689","582,659973",1,1,2024-01-02
2024-01-02 12:00:00,"853,2004551827689","587,960022",1,1,2024-01-02
2024-01-02 13:00:00,"853,2004551827689","590,719971",1,1,2024-01-02
2024-01-02 14:00:00,"853,2004551827689","596,080017",1,1,2024-01-02
2024-01-02 15:00:00,"853,2004551827689","607,26001",1,1,2024-01-02
2024-01-02 16:00:00,"853,2004551827689","603,23999",1,1,2024-01-02
2024-01-02 17:00:00,"853,2004551827689","558,72998",1,1,2024-01-02
2024-01-02 18:00:00,"853,2004551827689","470,98999",1,1,2024-01-02
2024-01-02 19:00:00,"853,2004551827689","425,73999",1,1,2024-01-02
2024-01-02 20:00:00,"853,2004551827689","349,549988",1,1,2024-01-02
2024-01-02 21:00:00,"853,2004551827689","298,190002",1,1,2024-01-02
2024-01-02 22:00:00,"853,2004551827689","162,589996",1,1,2024-01-02
2024-01-02 23:00:00,"853,2004551827689","7,75",1,1,2024-01-02
2024-01-03 00:00:00,"853,2004551827689","-0,07",1,1,2024-01-03
2024-01-03 01:00:00,"853,2004551827689","0,0",1,1,2024-01-03
2024-01-03 02:00:00,"853,2004551827689","-0,07",1,1,2024-01-03
2024-01-03 03:00:00,"853,2004551827689","0,0",1,1,2024-01-03
2024-01-03 04:00:00,"853,2004551827689","0,15",1,1,2024-01-03
2024-01-03 05:00:00,"853,2004551827689","8,13",1,1,2024-01-03
2024-01-03 06:00:00,"853,2004551827689","302,600006",1,1,2024-01-03
2024-01-03 07:00:00,"853,2004551827689","444,399994",1,1,2024-01-03
2024-01-03 08:00:00,"853,2004551827689","451,850006",1,1,2024-01-03
2024-01-03 09:00:00,"853,2004551827689","424,940002",1,1,2024-01-03
2024-01-03 10:00:00,"853,2004551827689","409,209991",1,1,2024-01-03
2024-01-03 11:00:00,"853,2004551827689","445,820007",1,1,2024-01-03
2024-01-03 12:00:00,"853,2004551827689","438,809998",1,1,2024-01-03
2024-01-03 13:00:00,"853,2004551827689","453,720001",1,1,2024-01-03
2024-01-03 14:00:00,"853,2004551827689","500,829987",1,1,2024-01-03
2024-01-03 15:00:00,"853,2004551827689","548,619995",1,1,2024-01-03
2024-01-03 16:00:00,"853,2004551827689","613,409973",1,1,2024-01-03
2024-01-03 17:00:00,"853,2004551827689","618,549988",1,1,2024-01-03
2024-01-03 18:00:00,"853,2004551827689","589,179993",1,1,2024-01-03
2024-01-03 19:00:00,"853,2004551827689","545,940002",1,1,2024-01-03
2024-01-03 20:00:00,"853,2004551827689","502,549988",1,1,2024-01-03
2024-01-03 21:00:00,"853,2004551827689","484,579987",1,1,2024-01-03
2024-01-03 22:00:00,"853,2004551827689","433,290009",1,1,2024-01-03
2024-01-03 23:00:00,"853,2004551827689","427,329987",1,1,2024-01-03
2024-01-04 00:00:00,"853,2004551827689","376,320007",1,1,2024-01-04
2024-01-04 01:00:00,"853,2004551827689","298,309998",1,1,2024-01-04
2024-01-04 02:00:00,"853,2004551827689","190,020004",1,1,2024-01-04
2024-01-04 03:00:00,"853,2004551827689","261,019989",1,1,2024-01-04
2024-01-04 04:00:00,"853,2004551827689","430,540009",1,1,2024-01-04
2024-01-04 05:00:00,"853,2004551827689","541,809998",1,1,2024-01-04
2024-01-04 06:00:00,"853,2004551827689","634,059998",1,1,2024-01-04
2024-01-04 07:00:00,"853,2004551827689","682,169983",1,1,2024-01-04
2024-01-04 08:00:00,"853,2004551827689","702,530029",1,1,2024-01-04
2024-01-04 09:00:00,"853,2004551827689","683,210022",1,1,2024-01-04
2024-01-04 10:00:00,"853,2004551827689","671,429993",1,1,2024-01-04
2024-01-04 11:00:00,"853,2004551827689","643,609985",1,1,2024-01-04
2024-01-04 12:00:00,"853,2004551827689","641,070007",1,1,2024-01-04
2024-01-04 13:00:00,"853,2004551827689","686,940002",1,1,2024-01-04
2024-01-04 14:00:00,"853,2004551827689","735,48999",1,1,2024-01-04
2024-01-04 15:00:00,"853,2004551827689","788,51001",1,1,2024-01-04
2024-01-04 16:00:00,"853,2004551827689","993,599976",1,1,2024-01-04
2024-01-04 17:00:00,"853,2004551827689","1078,77002",1,1,2024-01-04
2024-01-04 18:00:00,"853,2004551827689","932,22998",1,1,2024-01-04
2024-01-04 19:00:00,"853,2004551827689","772,549988",1,1,2024-01-04
2024-01-04 20:00:00,"853,2004551827689","745,859985",1,1,2024-01-04
2024-01-04 21:00:00,"853,2004551827689","707,450012",1,1,2024-01-04
2024-01-04 22:00:00,"853,2004551827689","662,47998",1,1,2024-01-04
2024-01-04 23:00:00,"853,2004551827689","642,059998",1,1,2024-01-04
2024-01-05 00:00:00,"853,2004551827689","600,51001",1,1,2024-01-05
2024-01-05 01:00:00,"853,2004551827689","574,409973",1,1,2024-01-05
2024-01-05 02:00:00,"853,2004551827689","546,059998",1,1,2024-01-05
2024-01-05 03:00:00,"853,2004551827689","552,330017",1,1,2024-01-05
2024-01-05 04:00:00,"853,2004551827689","567,099976",1,1,2024-01-05
2024-01-05 05:00:00,"853,2004551827689","604,169983",1,1,2024-01-05
2024-01-05 06:00:00,"853,2004551827689","648,919983",1,1,2024-01-05
2024-01-05 07:00:00,"853,2004551827689","668,090027",1,1,2024-01-05
2024-01-05 08:00:00,"853,2004551827689","708,070007",1,1,2024-01-05
2024-01-05 09:00:00,"853,2004551827689","718,140015",1,1,2024-01-05
2024-01-05 10:00:00,"853,2004551827689","732,609985",1,1,2024-01-05
2024-01-05 11:00:00,"853,2004551827689","688,01001",1,1,2024-01-05
2024-01-05 12:00:00,"853,2004551827689","682,780029",1,1,2024-01-05
2024-01-05 13:00:00,"853,2004551827689","719,109985",1,1,2024-01-05
2024-01-05 14:00:00,"853,2004551827689","746,26001",1,1,2024-01-05
2024-01-05 15:00:00,"853,2004551827689","768,039978",1,1,2024-01-05
2024-01-05 16:00:00,"853,2004551827689","800,929993",1,1,2024-01-05
2024-01-05 17:00:00,"853,2004551827689","808,909973",1,1,2024-01-05
2024-01-05 18:00:00,"853,2004551827689","775,419983",1,1,2024-01-05
2024-01-05 19:00:00,"853,2004551827689","746,559998",1,1,2024-01-05
2024-01-05 20:00:00,"853,2004551827689","702,549988",1,1,2024-01-05
2024-01-05 21:00:00,"853,2004551827689","708,0",1,1,2024-01-05
2024-01-05 22:00:00,"853,2004551827689","647,429993",1,1,2024-01-05
2024-01-05 23:00:00,"853,2004551827689","613,47998",1,1,2024-01-05
2024-01-06 00:00:00,"853,2004551827689","598,190002",1,1,2024-01-06
2024-01-06 01:00:00,"853,2004551827689","567,830017",1,1,2024-01-06
2024-01-06 02:00:00,"853,2004551827689","544,559998",1,1,2024-01-06
2024-01-06 03:00:00,"853,2004551827689","544,559998",1,1,2024-01-06
2024-01-06 04:00:00,"853,2004551827689","556,340027",1,1,2024-01-06
2024-01-06 05:00:00,"853,2004551827689","560,150024",1,1,2024-01-06
2024-01-06 06:00:00,"853,2004551827689","607,059998",1,1,2024-01-06
2024-01-06 07:00:00,"853,2004551827689","659,349976",1,1,2024-01-06
2024-01-06 08:00:00,"853,2004551827689","687,909973",1,1,2024-01-06
2024-01-06 09:00:00,"853,2004551827689","725,72998",1,1,2024-01-06
2024-01-06 10:00:00,"853,2004551827689","749,070007",1,1,2024-01-06
2024-01-06 11:00:00,"853,2004551827689","739,599976",1,1,2024-01-06
2024-01-06 12:00:00,"853,2004551827689","710,210022",1,1,2024-01-06
2024-01-06 13:00:00,"853,2004551827689","690,299988",1,1,2024-01-06
2024-01-06 14:00:00,"853,2004551827689","709,23999",1,1,2024-01-06
2024-01-06 15:00:00,"853,2004551827689","744,75",1,1,2024-01-06
2024-01-06 16:00:00,"853,2004551827689","780,849976",1,1,2024-01-06
2024-01-06 17:00:00,"853,2004551827689","774,51001",1,1,2024-01-06
2024-01-06 18:00:00,"853,2004551827689","740,719971",1,1,2024-01-06
2024-01-06 19:00:00,"853,2004551827689","687,909973",1,1,2024-01-06
2024-01-06 20:00:00,"853,2004551827689","656,359985",1,1,2024-01-06
2024-01-06 21:00:00,"853,2004551827689","647,039978",1,1,2024-01-06
2024-01-06 22:00:00,"853,2004551827689","596,919983",1,1,2024-01-06
2024-01-06 23:00:00,"853,2004551827689","642,570007",1,1,2024-01-06
2024-01-07 00:00:00,"853,2004551827689","615,049988",1,1,2024-01-07
2024-01-07 01:00:00,"853,2004551827689","573,72998",1,1,2024-01-07
2024-01-07 02:00:00,"853,2004551827689","561,48999",1,1,2024-01-07
2024-01-07 03:00:00,"853,2004551827689","546,950012",1,1,2024-01-07
2024-01-07 04:00:00,"853,2004551827689","550,309998",1,1,2024-01-07
2024-01-07 05:00:00,"853,2004551827689","560,450012",1,1,2024-01-07
2024-01-07 06:00:00,"853,2004551827689","582,080017",1,1,2024-01-07
2024-01-07 07:00:00,"853,2004551827689","610,049988",1,1,2024-01-07
2024-01-07 08:00:00,"853,2004551827689","634,219971",1,1,2024-01-07
2024-01-07 09:00:00,"853,2004551827689","650,030029",1,1,2024-01-07
2024-01-07 10:00:00,"853,2004551827689","666,210022",1,1,2024-01-07
2024-01-07 11:00:00,"853,2004551827689","682,469971",1,1,2024-01-07
2024-01-07 12:00:00,"853,2004551827689","652,789978",1,1,2024-01-07
2024-01-07 13:00:00,"853,2004551827689","634,219971",1,1,2024-01-07
2024-01-07 14:00:00,"853,2004551827689","656,440002",1,1,2024-01-07
2024-01-07 15:00:00,"853,2004551827689","696,799988",1,1,2024-01-07
2024-01-07 16:00:00,"853,2004551827689","759,080017",1,1,2024-01-07
2024-01-07 17:00:00,"853,2004551827689","782,049988",1,1,2024-01-07
2024-01-07 18:00:00,"853,2004551827689","772,349976",1,1,2024-01-07
2024-01-07 19:00:00,"853,2004551827689","749,599976",1,1,2024-01-07
2024-01-07 20:00:00,"853,2004551827689","695,97998",1,1,2024-01-07
2024-01-07 21:00:00,"853,2004551827689","680,01001",1,1,2024-01-07
2024-01-07 22:00:00,"853,2004551827689","625,48999",1,1,2024-01-07
2024-01-07 23:00:00,"853,2004551827689","649,059998",1,1,2024-01-07
2024-01-08 00:00:00,"692,097334580366","628,919983",1,2,2024-01-08
2024-01-08 01:00:00,"692,097334580366","610,27002",1,2,2024-01-08
2024-01-08 02:00:00,"692,097334580366","590,059998",1,2,2024-01-08
2024-01-08 03:00:00,"692,097334580366","585,359985",1,2,2024-01-08
2024-01-08 04:00:00,"692,097334580366","612,359985",1,2,2024-01-08
2024-01-08 05:00:00,"692,097334580366","703,359985",1,2,2024-01-08
2024-01-08 06:00:00,"692,097334580366","828,669983",1,2,2024-01-08
2024-01-08 07:00:00,"692,097334580366","903,330017",1,2,2024-01-08
2024-01-08 08:00:00,"692,097334580366","878,859985",1,2,2024-01-08
2024-01-08 09:00:00,"692,097334580366","824,940002",1,2,2024-01-08
2024-01-08 10:00:00,"692,097334580366","768,25",1,2,2024-01-08
2024-01-08 11:00:00,"692,097334580366","712,309998",1,2,2024-01-08
2024-01-08 12:00:00,"692,097334580366","701,349976",1,2,2024-01-08
2024-01-08 13:00:00,"692,097334580366","763,25",1,2,2024-01-08
2024-01-08 14:00:00,"692,097334580366","805,390015",1,2,2024-01-08
2024-01-08 15:00:00,"732,0836115105972","923,619995",1,2,2024-01-08
2024-01-08 16:00:00,"765,0285958055003","963,299988",1,2,2024-01-08
2024-01-08 17:00:00,"781,0580891376253","969,710022",1,2,2024-01-08
2024-01-08 18:00:00,"789,3796522825634","910,859985",1,2,2024-01-08
2024-01-08 19:00:00,"767,2586619560539","851,859985",1,2,2024-01-08
2024-01-08 20:00:00,"718,1086749887003","766,97998",1,2,2024-01-08
2024-01-08 21:00:00,"692,097334580366","745,719971",1,2,2024-01-08
2024-01-08 22:00:00,"692,097334580366","682,400024",1,2,2024-01-08
2024-01-08 23:00:00,"692,097334580366","657,710022",1,2,2024-01-08
2024-01-09 00:00:00,"692,097334580366","649,359985",1,2,2024-01-09
2024-01-09 01:00:00,"692,097334580366","634,140015",1,2,2024-01-09
2024-01-09 02:00:00,"692,097334580366","627,719971",1,2,2024-01-09
2024-01-09 03:00:00,"692,097334580366","639,51001",1,2,2024-01-09
2024-01-09 04:00:00,"692,097334580366","666,070007",1,2,2024-01-09
2024-01-09 05:00:00,"702,7089409236407","809,530029",1,2,2024-01-09
2024-01-09 06:00:00,"732,0836115105972","925,539978",1,2,2024-01-09
2024-01-09 07:00:00,"751,5502840250941","994,030029",1,2,2024-01-09
2024-01-09 08:00:00,"751,5502840250941","902,039978",1,2,2024-01-09
2024-01-09 09:00:00,"748,2731541485759","844,450012",1,2,2024-01-09
2024-01-09 10:00:00,"750,0783621605669","789,169983",1,2,2024-01-09
2024-01-09 11:00:00,"750,0783621605669","747,690002",1,2,2024-01-09
2024-01-09 12:00:00,"743,0228328595455","752,159973",1,2,2024-01-09
2024-01-09 13:00:00,"751,5502840250941","827,289978",1,2,2024-01-09
2024-01-09 14:00:00,"765,0285958055003","890,780029",1,2,2024-01-09
2024-01-09 15:00:00,"813,1576884603083","953,820007",1,2,2024-01-09
2024-01-09 16:00:00,"853,2004551827689","1028,349976",1,2,2024-01-09
2024-01-09 17:00:00,"853,2004551827689","1028,050049",1,2,2024-01-09
2024-01-09 18:00:00,"853,2004551827689","973,070007",1,2,2024-01-09
2024-01-09 19:00:00,"853,2004551827689","897,039978",1,2,2024-01-09
2024-01-09 20:00:00,"853,2004551827689","833,179993",1,2,2024-01-09
2024-01-09 21:00:00,"853,2004551827689","792,150024",1,2,2024-01-09
2024-01-09 22:00:00,"853,2004551827689","724,340027",1,2,2024-01-09
2024-01-09 23:00:00,"853,2004551827689","665,900024",1,2,2024-01-09
2024-01-10 00:00:00,"853,2004551827689","647,039978",1,2,2024-01-10
2024-01-10 01:00:00,"853,2004551827689","646,809998",1,2,2024-01-10
2024-01-10 02:00:00,"853,2004551827689","642,039978",1,2,2024-01-10
2024-01-10 03:00:00,"853,2004551827689","643,599976",1,2,2024-01-10
2024-01-10 04:00:00,"853,2004551827689","664,109985",1,2,2024-01-10
2024-01-10 05:00:00,"853,2004551827689","812,0",1,2,2024-01-10
2024-01-10 06:00:00,"853,2004551827689","941,840027",1,2,2024-01-10
2024-01-10 07:00:00,"853,2004551827689","1053,630005",1,2,2024-01-10
2024-01-10 08:00:00,"853,2004551827689","972,419983",1,2,2024-01-10
2024-01-10 09:00:00,"853,2004551827689","884,190002",1,2,2024-01-10
2024-01-10 10:00:00,"853,2004551827689","813,869995",1,2,2024-01-10
2024-01-10 11:00:00,"853,2004551827689","762,26001",1,2,2024-01-10
2024-01-10 12:00:00,"853,2004551827689","787,609985",1,2,2024-01-10
2024-01-10 13:00:00,"853,2004551827689","842,059998",1,2,2024-01-10
2024-01-10 14:00:00,"853,2004551827689","923,27002",1,2,2024-01-10
2024-01-10 15:00:00,"853,2004551827689","1004,109985",1,2,2024-01-10
2024-01-10 16:00:00,"853,2004551827689","1072,349976",1,2,2024-01-10
2024-01-10 17:00:00,"853,2004551827689","1044,089966",1,2,2024-01-10
2024-01-10 18:00:00,"853,2004551827689","985,539978",1,2,2024-01-10
2024-01-10 19:00:00,"853,2004551827689","894,929993",1,2,2024-01-10
2024-01-10 20:00:00,"853,2004551827689","818,559998",1,2,2024-01-10
2024-01-10 21:00:00,"853,2004551827689","779,26001",1,2,2024-01-10
2024-01-10 22:00:00,"853,2004551827689","677,909973",1,2,2024-01-10
2024-01-10 23:00:00,"853,2004551827689","684,27002",1,2,2024-01-10
2024-01-11 00:00:00,"853,2004551827689","660,700012",1,2,2024-01-11
2024-01-11 01:00:00,"853,2004551827689","650,710022",1,2,2024-01-11
2024-01-11 02:00:00,"853,2004551827689","614,390015",1,2,2024-01-11
2024-01-11 03:00:00,"853,2004551827689","611,179993",1,2,2024-01-11
2024-01-11 04:00:00,"853,2004551827689","666,440002",1,2,2024-01-11
2024-01-11 05:00:00,"853,2004551827689","761,22998",1,2,2024-01-11
2024-01-11 06:00:00,"853,2004551827689","871,530029",1,2,2024-01-11
2024-01-11 07:00:00,"853,2004551827689","1051,569946",1,2,2024-01-11
2024-01-11 08:00:00,"853,2004551827689","963,27002",1,2,2024-01-11
2024-01-11 09:00:00,"853,2004551827689","847,590027",1,2,2024-01-11
2024-01-11 10:00:00,"853,2004551827689","794,119995",1,2,2024-01-11
2024-01-11 11:00:00,"853,2004551827689","741,169983",1,2,2024-01-11
2024-01-11 12:00:00,"853,2004551827689","738,340027",1,2,2024-01-11
2024-01-11 13:00:00,"853,2004551827689","790,390015",1,2,2024-01-11
2024-01-11 14:00:00,"853,2004551827689","879,73999",1,2,2024-01-11
2024-01-11 15:00:00,"853,2004551827689","1024,349976",1,2,2024-01-11
2024-01-11 16:00:00,"853,2004551827689","1119,359985",1,2,2024-01-11
2024-01-11 17:00:00,"853,2004551827689","1019,429993",1,2,2024-01-11
2024-01-11 18:00:00,"853,2004551827689","986,76001",1,2,2024-01-11
2024-01-11 19:00:00,"853,2004551827689","879,140015",1,2,2024-01-11
2024-01-11 20:00:00,"853,2004551827689","799,419983",1,2,2024-01-11
2024-01-11 21:00:00,"853,2004551827689","745,789978",1,2,2024-01-11
2024-01-11 22:00:00,"853,2004551827689","725,059998",1,2,2024-01-11
2024-01-11 23:00:00,"853,2004551827689","678,890015",1,2,2024-01-11
2024-01-12 00:00:00,"853,2004551827689","657,859985",1,2,2024-01-12
2024-01-12 01:00:00,"853,2004551827689","635,48999",1,2,2024-01-12
2024-01-12 02:00:00,"853,2004551827689","631,090027",1,2,2024-01-12
2024-01-12 03:00:00,"853,2004551827689","628,929993",1,2,2024-01-12
2024-01-12 04:00:00,"853,2004551827689","628,190002",1,2,2024-01-12
2024-01-12 05:00:00,"853,2004551827689","665,469971",1,2,2024-01-12
2024-01-12 06:00:00,"853,2004551827689","881,130005",1,2,2024-01-12
2024-01-12 07:00:00,"853,2004551827689","1049,51001",1,2,2024-01-12
2024-01-12 08:00:00,"853,2004551827689","1006,409973",1,2,2024-01-12
2024-01-12 09:00:00,"853,2004551827689","909,840027",1,2,2024-01-12
2024-01-12 10:00:00,"853,2004551827689","855,549988",1,2,2024-01-12
2024-01-12 11:00:00,"853,2004551827689","797,76001",1,2,2024-01-12
2024-01-12 12:00:00,"853,2004551827689","768,679993",1,2,2024-01-12
2024-01-12 13:00:00,"853,2004551827689","779,559998",1,2,2024-01-12
2024-01-12 14:00:00,"853,2004551827689","820,280029",1,2,2024-01-12
2024-01-12 15:00:00,"853,2004551827689","894,849976",1,2,2024-01-12
2024-01-12 16:00:00,"853,2004551827689","950,780029",1,2,2024-01-12
2024-01-12 17:00:00,"853,2004551827689","939,590027",1,2,2024-01-12
2024-01-12 18:00:00,"853,2004551827689","890,900024",1,2,2024-01-12
2024-01-12 19:00:00,"853,2004551827689","798,880005",1,2,2024-01-12
2024-01-12 20:00:00,"853,2004551827689","683,820007",1,2,2024-01-12
2024-01-12 21:00:00,"853,2004551827689","634,0",1,2,2024-01-12
2024-01-12 22:00:00,"853,2004551827689","615,140015",1,2,2024-01-12
2024-01-12 23:00:00,"853,2004551827689","544,869995",1,2,2024-01-12
2024-01-13 00:00:00,"853,2004551827689","558,140015",1,2,2024-01-13
2024-01-13 01:00:00,"853,2004551827689","549,200012",1,2,2024-01-13
2024-01-13 02:00:00,"853,2004551827689","532,190002",1,2,2024-01-13
2024-01-13 03:00:00,"853,2004551827689","538,679993",1,2,2024-01-13
2024-01-13 04:00:00,"853,2004551827689","512,51001",1,2,2024-01-13
2024-01-13 05:00:00,"853,2004551827689","486,040009",1,2,2024-01-13
2024-01-13 06:00:00,"853,2004551827689","510,869995",1,2,2024-01-13
2024-01-13 07:00:00,"853,2004551827689","500,799988",1,2,2024-01-13
2024-01-13 08:00:00,"853,2004551827689","546,659973",1,2,2024-01-13
2024-01-13 09:00:00,"853,2004551827689","537,039978",1,2,2024-01-13
2024-01-13 10:00:00,"853,2004551827689","529,289978",1,2,2024-01-13
2024-01-13 11:00:00,"853,2004551827689","521,609985",1,2,2024-01-13
2024-01-13 12:00:00,"853,2004551827689","474,779999",1,2,2024-01-13
2024-01-13 13:00:00,"853,2004551827689","506,390015",1,2,2024-01-13
2024-01-13 14:00:00,"853,2004551827689","511,609985",1,2,2024-01-13
2024-01-13 15:00:00,"853,2004551827689","527,789978",1,2,2024-01-13
2024-01-13 16:00:00,"853,2004551827689","553,450012",1,2,2024-01-13
2024-01-13 17:00:00,"853,2004551827689","565,299988",1,2,2024-01-13
2024-01-13 18:00:00,"853,2004551827689","550,460022",1,2,2024-01-13
2024-01-13 19:00:00,"853,2004551827689","544,799988",1,2,2024-01-13
2024-01-13 20:00:00,"853,2004551827689","528,909973",1,2,2024-01-13
2024-01-13 21:00:00,"853,2004551827689","479,470001",1,2,2024-01-13
2024-01-13 22:00:00,"853,2004551827689","470,970001",1,2,2024-01-13
2024-01-13 23:00:00,"853,2004551827689","477,420013",1,2,2024-01-13
2024-01-14 00:00:00,"853,2004551827689","463,179993",1,2,2024-01-14
2024-01-14 01:00:00,"853,2004551827689","469,290009",1,2,2024-01-14
2024-01-14 02:00:00,"853,2004551827689","477,350006",1,2,2024-01-14
2024-01-14 03:00:00,"853,2004551827689","482,269989",1,2,2024-01-14
2024-01-14 04:00:00,"853,2004551827689","486,220001",1,2,2024-01-14
2024-01-14 05:00:00,"853,2004551827689","501,950012",1,2,2024-01-14
2024-01-14 06:00:00,"853,2004551827689","534,390015",1,2,2024-01-14
2024-01-14 07:00:00,"853,2004551827689","572,280029",1,2,2024-01-14
2024-01-14 08:00:00,"853,2004551827689","605,090027",1,2,2024-01-14
2024-01-14 09:00:00,"853,2004551827689","601,289978",1,2,2024-01-14
2024-01-14 10:00:00,"853,2004551827689","610,309998",1,2,2024-01-14
2024-01-14 11:00:00,"853,2004551827689","599,5",1,2,2024-01-14
2024-01-14 12:00:00,"853,2004551827689","574,52002",1,2,2024-01-14
2024-01-14 13:00:00,"853,2004551827689","590,25",1,2,2024-01-14
2024-01-14 14:00:00,"853,2004551827689","613,890015",1,2,2024-01-14
2024-01-14 15:00:00,"853,2004551827689","645,960022",1,2,2024-01-14
2024-01-14 16:00:00,"853,2004551827689","685,030029",1,2,2024-01-14
2024-01-14 17:00:00,"853,2004551827689","705,76001",1,2,2024-01-14
2024-01-14 18:00:00,"853,2004551827689","635,809998",1,2,2024-01-14
2024-01-14 19:00:00,"853,2004551827689","589,580017",1,2,2024-01-14
2024-01-14 20:00:00,"853,2004551827689","586,150024",1,2,2024-01-14
2024-01-14 21:00:00,"853,2004551827689","562,210022",1,2,2024-01-14
2024-01-14 22:00:00,"853,2004551827689","501,059998",1,2,2024-01-14
2024-01-14 23:00:00,"853,2004551827689","506,350006",1,2,2024-01-14
2024-01-15 00:00:00,"711,7611217819162","484,730011",1,3,2024-01-15
2024-01-15 01:00:00,"711,7611217819162","476,820007",1,3,2024-01-15
2024-01-15 02:00:00,"711,7611217819162","462,649994",1,3,2024-01-15
2024-01-15 03:00:00,"711,7611217819162","462,649994",1,3,2024-01-15
2024-01-15 04:00:00,"700,821900432968","516,419983",1,3,2024-01-15
2024-01-15 05:00:00,"711,7611217819162","596,219971",1,3,2024-01-15
2024-01-15 06:00:00,"729,884934703091","625,22998",1,3,2024-01-15
2024-01-15 07:00:00,"735,3930418214759","740,52002",1,3,2024-01-15
2024-01-15 08:00:00,"729,884934703091","747,900024",1,3,2024-01-15
2024-01-15 09:00:00,"729,884934703091","707,549988",1,3,2024-01-15
2024-01-15 10:00:00,"729,884934703091","673,099976",1,3,2024-01-15
2024-01-15 11:00:00,"729,884934703091","625,369995",1,3,2024-01-15
2024-01-15 12:00:00,"729,884934703091","612,619995",1,3,2024-01-15
2024-01-15 13:00:00,"729,884934703091","630,150024",1,3,2024-01-15
2024-01-15 14:00:00,"729,884934703091","666,98999",1,3,2024-01-15
2024-01-15 15:00:00,"761,4313633225543","745,140015",1,3,2024-01-15
2024-01-15 16:00:00,"785,1388699738343","813,450012",1,3,2024-01-15
2024-01-15 17:00:00,"817,1474779680746","861,849976",1,3,2024-01-15
2024-01-15 18:00:00,"853,2004551827689","825,22998",1,3,2024-01-15
2024-01-15 19:00:00,"853,2004551827689","769,22998",1,3,2024-01-15
2024-01-15 20:00:00,"853,2004551827689","693,159973",1,3,2024-01-15
2024-01-15 21:00:00,"853,2004551827689","667,359985",1,3,2024-01-15
2024-01-15 22:00:00,"853,2004551827689","644,539978",1,3,2024-01-15
2024-01-15 23:00:00,"853,2004551827689","607,469971",1,3,2024-01-15
2024-01-16 00:00:00,"853,2004551827689","607,099976",1,3,2024-01-16
2024-01-16 01:00:00,"853,2004551827689","597,179993",1,3,2024-01-16
2024-01-16 02:00:00,"853,2004551827689","583,679993",1,3,2024-01-16
2024-01-16 03:00:00,"853,2004551827689","578,679993",1,3,2024-01-16
2024-01-16 04:00:00,"853,2004551827689","622,390015",1,3,2024-01-16
2024-01-16 05:00:00,"853,2004551827689","701,590027",1,3,2024-01-16
2024-01-16 06:00:00,"853,2004551827689","855,97998",1,3,2024-01-16
2024-01-16 07:00:00,"853,2004551827689","1119,849976",1,3,2024-01-16
2024-01-16 08:00:00,"853,2004551827689","1121,119995",1,3,2024-01-16
2024-01-16 09:00:00,"853,2004551827689","1039,670044",1,3,2024-01-16
2024-01-16 10:00:00,"853,2004551827689","871,940002",1,3,2024-01-16
2024-01-16 11:00:00,"853,2004551827689","771,400024",1,3,2024-01-16
2024-01-16 12:00:00,"853,2004551827689","708,380005",1,3,2024-01-16
2024-01-16 13:00:00,"853,2004551827689","715,98999",1,3,2024-01-16
2024-01-16 14:00:00,"853,2004551827689","822,27002",1,3,2024-01-16
2024-01-16 15:00:00,"853,2004551827689","830,77002",1,3,2024-01-16
2024-01-16 16:00:00,"853,2004551827689","955,77002",1,3,2024-01-16
2024-01-16 17:00:00,"853,2004551827689","949,5",1,3,2024-01-16
2024-01-16 18:00:00,"853,2004551827689","833,599976",1,3,2024-01-16
2024-01-16 19:00:00,"853,2004551827689","712,179993",1,3,2024-01-16
2024-01-16 20:00:00,"853,2004551827689","642,969971",1,3,2024-01-16
2024-01-16 21:00:00,"853,2004551827689","611,869995",1,3,2024-01-16
2024-01-16 22:00:00,"853,2004551827689","579,429993",1,3,2024-01-16
2024-01-16 23:00:00,"853,2004551827689","506,070007",1,3,2024-01-16
2024-01-17 00:00:00,"853,2004551827689","502,269989",1,3,2024-01-17
2024-01-17 01:00:00,"853,2004551827689","495,779999",1,3,2024-01-17
2024-01-17 02:00:00,"853,2004551827689","489,220001",1,3,2024-01-17
2024-01-17 03:00:00,"853,2004551827689","487,429993",1,3,2024-01-17
2024-01-17 04:00:00,"853,2004551827689","487,209991",1,3,2024-01-17
2024-01-17 05:00:00,"853,2004551827689","499,209991",1,3,2024-01-17
2024-01-17 06:00:00,"853,2004551827689","591,23999",1,3,2024-01-17
2024-01-17 07:00:00,"885,1630231270502","715,929993",1,3,2024-01-17
2024-01-17 08:00:00,"853,2004551827689","767,159973",1,3,2024-01-17
2024-01-17 09:00:00,"853,2004551827689","797,289978",1,3,2024-01-17
2024-01-17 10:00:00,"853,2004551827689","802,890015",1,3,2024-01-17
2024-01-17 11:00:00,"853,2004551827689","877,840027",1,3,2024-01-17
2024-01-17 12:00:00,"853,2004551827689","907,590027",1,3,2024-01-17
2024-01-17 13:00:00,"853,2004551827689","907,890015",1,3,2024-01-17
2024-01-17 14:00:00,"853,2004551827689","935,630005",1,3,2024-01-17
2024-01-17 15:00:00,"885,1630231270502","958,75",1,3,2024-01-17
2024-01-17 16:00:00,"893,9575450950035","1047,939941",1,3,2024-01-17
2024-01-17 17:00:00,"887,2944616767238","921,690002",1,3,2024-01-17
2024-01-17 18:00:00,"854,6319659321128","852,26001",1,3,2024-01-17
2024-01-17 19:00:00,"853,2004551827689","818,849976",1,3,2024-01-17
2024-01-17 20:00:00,"853,2004551827689","753,890015",1,3,2024-01-17
2024-01-17 21:00:00,"853,2004551827689","703,099976",1,3,2024-01-17
2024-01-17 22:00:00,"853,2004551827689","627,710022",1,3,2024-01-17
2024-01-17 23:00:00,"853,2004551827689","606,580017",1,3,2024-01-17
2024-01-18 00:00:00,"853,2004551827689","575,780029",1,3,2024-01-18
2024-01-18 01:00:00,"853,2004551827689","561,530029",1,3,2024-01-18
2024-01-18 02:00:00,"853,2004551827689","558,700012",1,3,2024-01-18
2024-01-18 03:00:00,"853,2004551827689","578,539978",1,3,2024-01-18
2024-01-18 04:00:00,"853,2004551827689","604,119995",1,3,2024-01-18
2024-01-18 05:00:00,"853,2004551827689","680,570007",1,3,2024-01-18
2024-01-18 06:00:00,"853,2004551827689","831,969971",1,3,2024-01-18
2024-01-18 07:00:00,"853,2004551827689","938,919983",1,3,2024-01-18
2024-01-18 08:00:00,"853,2004551827689","911,179993",1,3,2024-01-18
2024-01-18 09:00:00,"853,2004551827689","827,119995",1,3,2024-01-18
2024-01-18 10:00:00,"853,2004551827689","805,119995",1,3,2024-01-18
2024-01-18 11:00:00,"853,2004551827689","697,719971",1,3,2024-01-18
2024-01-18 12:00:00,"853,2004551827689","653,48999",1,3,2024-01-18
2024-01-18 13:00:00,"853,2004551827689","644,619995",1,3,2024-01-18
2024-01-18 14:00:00,"853,2004551827689","702,940002",1,3,2024-01-18
2024-01-18 15:00:00,"885,1630231270502","742,25",1,3,2024-01-18
2024-01-18 16:00:00,"912,8258309300849","780,72998",1,3,2024-01-18
2024-01-18 17:00:00,"912,8258309300849","770,140015",1,3,2024-01-18
2024-01-18 18:00:00,"885,1630231270502","705,030029",1,3,2024-01-18
2024-01-18 19:00:00,"853,2004551827689","648,650024",1,3,2024-01-18
2024-01-18 20:00:00,"853,2004551827689","605,090027",1,3,2024-01-18
2024-01-18 21:00:00,"853,2004551827689","577,48999",1,3,2024-01-18
2024-01-18 22:00:00,"853,2004551827689","532,0",1,3,2024-01-18
2024-01-18 23:00:00,"853,2004551827689","510,089996",1,3,2024-01-18
2024-01-19 00:00:00,"853,2004551827689","487,269989",1,3,2024-01-19
2024-01-19 01:00:00,"853,2004551827689","477,649994",1,3,2024-01-19
2024-01-19 02:00:00,"853,2004551827689","468,029999",1,3,2024-01-19
2024-01-19 03:00:00,"853,2004551827689","472,209991",1,3,2024-01-19
2024-01-19 04:00:00,"853,2004551827689","491,079987",1,3,2024-01-19
2024-01-19 05:00:00,"853,2004551827689","564,830017",1,3,2024-01-19
2024-01-19 06:00:00,"853,2004551827689","639,330017",1,3,2024-01-19
2024-01-19 07:00:00,"853,2004551827689","776,030029",1,3,2024-01-19
2024-01-19 08:00:00,"853,2004551827689","767,0",1,3,2024-01-19
2024-01-19 09:00:00,"853,2004551827689","709,580017",1,3,2024-01-19
2024-01-19 10:00:00,"853,2004551827689","644,030029",1,3,2024-01-19
2024-01-19 11:00:00,"853,2004551827689","572,960022",1,3,2024-01-19
2024-01-19 12:00:00,"853,2004551827689","547,01001",1,3,2024-01-19
2024-01-19 13:00:00,"853,2004551827689","560,880005",1,3,2024-01-19
2024-01-19 14:00:00,"853,2004551827689","577,580017",1,3,2024-01-19
2024-01-19 15:00:00,"853,2004551827689","631,570007",1,3,2024-01-19
2024-01-19 16:00:00,"853,2004551827689","698,02002",1,3,2024-01-19
2024-01-19 17:00:00,"853,2004551827689","656,630005",1,3,2024-01-19
2024-01-19 18:00:00,"853,2004551827689","576,98999",1,3,2024-01-19
2024-01-19 19:00:00,"853,2004551827689","551,849976",1,3,2024-01-19
2024-01-19 20:00:00,"853,2004551827689","530,380005",1,3,2024-01-19
2024-01-19 21:00:00,"853,2004551827689","511,880005",1,3,2024-01-19
2024-01-19 22:00:00,"853,2004551827689","482,869995",1,3,2024-01-19
2024-01-19 23:00:00,"853,2004551827689","492,200012",1,3,2024-01-19
2024-01-20 00:00:00,"853,2004551827689","473,179993",1,3,2024-01-20
2024-01-20 01:00:00,"853,2004551827689","473,850006",1,3,2024-01-20
2024-01-20 02:00:00,"853,2004551827689","461,019989",1,3,2024-01-20
2024-01-20 03:00:00,"853,2004551827689","461,25",1,3,2024-01-20
2024-01-20 04:00:00,"853,2004551827689","460,5",1,3,2024-01-20
2024-01-20 05:00:00,"853,2004551827689","466,769989",1,3,2024-01-20
2024-01-20 06:00:00,"853,2004551827689","498,910004",1,3,2024-01-20
2024-01-20 07:00:00,"853,2004551827689","557,969971",1,3,2024-01-20
2024-01-20 08:00:00,"853,2004551827689","580,940002",1,3,2024-01-20
2024-01-20 09:00:00,"853,2004551827689","535,450012",1,3,2024-01-20
2024-01-20 10:00:00,"853,2004551827689","527,77002",1,3,2024-01-20
2024-01-20 11:00:00,"853,2004551827689","505,100006",1,3,2024-01-20
2024-01-20 12:00:00,"853,2004551827689","512,929993",1,3,2024-01-20
2024-01-20 13:00:00,"853,2004551827689","547,309998",1,3,2024-01-20
2024-01-20 14:00:00,"853,2004551827689","589,960022",1,3,2024-01-20
2024-01-20 15:00:00,"853,2004551827689","654,77002",1,3,2024-01-20
2024-01-20 16:00:00,"853,2004551827689","707,940002",1,3,2024-01-20
2024-01-20 17:00:00,"853,2004551827689","744,780029",1,3,2024-01-20
2024-01-20 18:00:00,"853,2004551827689","682,880005",1,3,2024-01-20
2024-01-20 19:00:00,"853,2004551827689","596,599976",1,3,2024-01-20
2024-01-20 20:00:00,"853,2004551827689","547,309998",1,3,2024-01-20
2024-01-20 21:00:00,"853,2004551827689","525,159973",1,3,2024-01-20
2024-01-20 22:00:00,"853,2004551827689","499,579987",1,3,2024-01-20
2024-01-20 23:00:00,"853,2004551827689","445,26001",1,3,2024-01-20
2024-01-21 00:00:00,"853,2004551827689","429,230011",1,3,2024-01-21
2024-01-21 01:00:00,"853,2004551827689","411,329987",1,3,2024-01-21
2024-01-21 02:00:00,"853,2004551827689","379,549988",1,3,2024-01-21
2024-01-21 03:00:00,"853,2004551827689","361,799988",1,3,2024-01-21
2024-01-21 04:00:00,"853,2004551827689","353,899994",1,3,2024-01-21
2024-01-21 05:00:00,"853,2004551827689","339,579987",1,3,2024-01-21
2024-01-21 06:00:00,"853,2004551827689","327,869995",1,3,2024-01-21
2024-01-21 07:00:00,"853,2004551827689","383,059998",1,3,2024-01-21
2024-01-21 08:00:00,"853,2004551827689","405,429993",1,3,2024-01-21
2024-01-21 09:00:00,"853,2004551827689","343,529999",1,3,2024-01-21
2024-01-21 10:00:00,"853,2004551827689","363,0",1,3,2024-01-21
2024-01-21 11:00:00,"853,2004551827689","287,0",1,3,2024-01-21
2024-01-21 12:00:00,"853,2004551827689","281,100006",1,3,2024-01-21
2024-01-21 13:00:00,"853,2004551827689","330,399994",1,3,2024-01-21
2024-01-21 14:00:00,"853,2004551827689","365,76001",1,3,2024-01-21
2024-01-21 15:00:00,"853,2004551827689","371,649994",1,3,2024-01-21
2024-01-21 16:00:00,"853,2004551827689","422,51001",1,3,2024-01-21
2024-01-21 17:00:00,"853,2004551827689","458,309998",1,3,2024-01-21
2024-01-21 18:00:00,"853,2004551827689","437,359985",1,3,2024-01-21
2024-01-21 19:00:00,"853,2004551827689","384,100006",1,3,2024-01-21
2024-01-21 20:00:00,"853,2004551827689","391,26001",1,3,2024-01-21
2024-01-21 21:00:00,"853,2004551827689","375,829987",1,3,2024-01-21
2024-01-21 22:00:00,"853,2004551827689","294,309998",1,3,2024-01-21
2024-01-21 23:00:00,"853,2004551827689","273,420013",1,3,2024-01-21
2024-01-22 00:00:00,"761,631870424236","165,869995",1,4,2024-01-22
2024-01-22 01:00:00,"752,3581154871641","138,869995",1,4,2024-01-22
2024-01-22 02:00:00,"752,3581154871641","37,59",1,4,2024-01-22
2024-01-22 03:00:00,"752,3581154871641","37,740002",1,4,2024-01-22
2024-01-22 04:00:00,"752,3581154871641","149,169998",1,4,2024-01-22
2024-01-22 05:00:00,"765,0285958055003","302,059998",1,4,2024-01-22
2024-01-22 06:00:00,"792,6860731183135","451,01001",1,4,2024-01-22
2024-01-22 07:00:00,"834,9900939409047","495,829987",1,4,2024-01-22
2024-01-22 08:00:00,"853,2004551827689","429,450012",1,4,2024-01-22
2024-01-22 09:00:00,"853,2004551827689","459,059998",1,4,2024-01-22
2024-01-22 10:00:00,"853,2004551827689","451,970001",1,4,2024-01-22
2024-01-22 11:00:00,"853,2004551827689","424,529999",1,4,2024-01-22
2024-01-22 12:00:00,"853,2004551827689","423,040009",1,4,2024-01-22
2024-01-22 13:00:00,"853,2004551827689","434,299988",1,4,2024-01-22
2024-01-22 14:00:00,"853,2004551827689","445,48999",1,4,2024-01-22
2024-01-22 15:00:00,"853,2004551827689","447,429993",1,4,2024-01-22
2024-01-22 16:00:00,"885,1630231270502","461,299988",1,4,2024-01-22
2024-01-22 17:00:00,"887,2944616767238","455,179993",1,4,2024-01-22
2024-01-22 18:00:00,"885,1630231270502","447,720001",1,4,2024-01-22
2024-01-22 19:00:00,"853,2004551827689","444,519989",1,4,2024-01-22
2024-01-22 20:00:00,"853,2004551827689","425,119995",1,4,2024-01-22
2024-01-22 21:00:00,"853,2004551827689","416,850006",1,4,2024-01-22
2024-01-22 22:00:00,"853,2004551827689","372,019989",1,4,2024-01-22
2024-01-22 23:00:00,"853,2004551827689","121,040001",1,4,2024-01-22
2024-01-23 00:00:00,"853,2004551827689","75,330002",1,4,2024-01-23
2024-01-23 01:00:00,"853,2004551827689","69,879997",1,4,2024-01-23
2024-01-23 02:00:00,"853,2004551827689","31,1",1,4,2024-01-23
2024-01-23 03:00:00,"853,2004551827689","76,220001",1,4,2024-01-23
2024-01-23 04:00:00,"853,2004551827689","292,579987",1,4,2024-01-23
2024-01-23 05:00:00,"853,2004551827689","439,940002",1,4,2024-01-23
2024-01-23 06:00:00,"887,2944616767238","454,410004",1,4,2024-01-23
2024-01-23 07:00:00,"926,3337208335521","461,649994",1,4,2024-01-23
2024-01-23 08:00:00,"912,2579885943","455,76001",1,4,2024-01-23
2024-01-23 09:00:00,"893,9575450950035","447,25",1,4,2024-01-23
2024-01-23 10:00:00,"885,1630231270502","443,299988",1,4,2024-01-23
2024-01-23 11:00:00,"861,7185012259807","441,059998",1,4,2024-01-23
2024-01-23 12:00:00,"854,6319659321128","443,230011",1,4,2024-01-23
2024-01-23 13:00:00,"885,1630231270502","461,649994",1,4,2024-01-23
2024-01-23 14:00:00,"893,9575450950035","468,059998",1,4,2024-01-23
2024-01-23 15:00:00,"912,2579885943","494,390015",1,4,2024-01-23
2024-01-23 16:00:00,"926,6365285672731","510,570007",1,4,2024-01-23
2024-01-23 17:00:00,"921,4939624192675","498,040009",1,4,2024-01-23
2024-01-23 18:00:00,"893,9575450950035","472,390015",1,4,2024-01-23
2024-01-23 19:00:00,"854,6319659321128","450,910004",1,4,2024-01-23
2024-01-23 20:00:00,"853,2004551827689","400,790009",1,4,2024-01-23
2024-01-23 21:00:00,"853,2004551827689","338,290009",1,4,2024-01-23
2024-01-23 22:00:00,"853,2004551827689","248,050003",1,4,2024-01-23
2024-01-23 23:00:00,"853,2004551827689","22,74",1,4,2024-01-23
2024-01-24 00:00:00,"853,2004551827689","-0,22",1,4,2024-01-24
2024-01-24 01:00:00,"853,2004551827689","0,0",1,4,2024-01-24
2024-01-24 02:00:00,"853,2004551827689","-0,07",1,4,2024-01-24
2024-01-24 03:00:00,"853,2004551827689","-0,15",1,4,2024-01-24
2024-01-24 04:00:00,"853,2004551827689","-1,34",1,4,2024-01-24
2024-01-24 05:00:00,"853,2004551827689","110,07",1,4,2024-01-24
2024-01-24 06:00:00,"853,2004551827689","313,869995",1,4,2024-01-24
2024-01-24 07:00:00,"887,2944616767238","373,380005",1,4,2024-01-24
2024-01-24 08:00:00,"887,2944616767238","369,429993",1,4,2024-01-24
2024-01-24 09:00:00,"885,1630231270502","373,600006",1,4,2024-01-24
2024-01-24 10:00:00,"854,6319659321128","378,670013",1,4,2024-01-24
2024-01-24 11:00:00,"854,6319659321128","293,209991",1,4,2024-01-24
2024-01-24 12:00:00,"861,7185012259807","271,73999",1,4,2024-01-24
2024-01-24 13:00:00,"885,1630231270502","335,869995",1,4,2024-01-24
2024-01-24 14:00:00,"903,1578321384113","372,480011",1,4,2024-01-24
2024-01-24 15:00:00,"917,6699236840697","378,820007",1,4,2024-01-24
2024-01-24 16:00:00,"947,5211432738322","404,25",1,4,2024-01-24
2024-01-24 17:00:00,"926,6365285672731","397,609985",1,4,2024-01-24
2024-01-24 18:00:00,"912,8258309300849","373,529999",1,4,2024-01-24
2024-01-24 19:00:00,"893,9575450950035","314,540009",1,4,2024-01-24
2024-01-24 20:00:00,"856,9710463094245","298,579987",1,4,2024-01-24
2024-01-24 21:00:00,"853,2004551827689","313,269989",1,4,2024-01-24
2024-01-24 22:00:00,"853,2004551827689","287,320007",1,4,2024-01-24
2024-01-24 23:00:00,"853,2004551827689","330,630005",1,4,2024-01-24
2024-01-25 00:00:00,"853,2004551827689","335,98999",1,4,2024-01-25
2024-01-25 01:00:00,"853,2004551827689","323,170013",1,4,2024-01-25
2024-01-25 02:00:00,"853,2004551827689","334,950012",1,4,2024-01-25
2024-01-25 03:00:00,"853,2004551827689","344,640015",1,4,2024-01-25
2024-01-25 04:00:00,"853,2004551827689","390,579987",1,4,2024-01-25
2024-01-25 05:00:00,"853,2004551827689","432,709991",1,4,2024-01-25
2024-01-25 06:00:00,"894,4213548019127","492,51001",1,4,2024-01-25
2024-01-25 07:00:00,"941,020795778349","663,789978",1,4,2024-01-25
2024-01-25 08:00:00,"926,3337208335521","635,679993",1,4,2024-01-25
2024-01-25 09:00:00,"896,503039393378","606,599976",1,4,2024-01-25
2024-01-25 10:00:00,"893,9575450950035","568,340027",1,4,2024-01-25
2024-01-25 11:00:00,"857,7784220558731","545,450012",1,4,2024-01-25
2024-01-25 12:00:00,"854,6319659321128","566,630005",1,4,2024-01-25
2024-01-25 13:00:00,"885,1630231270502","633,659973",1,4,2024-01-25
2024-01-25 14:00:00,"893,9575450950035","686,530029",1,4,2024-01-25
2024-01-25 15:00:00,"926,3337208335521","755,950012",1,4,2024-01-25
2024-01-25 16:00:00,"963,956463471413","920,0",1,4,2024-01-25
2024-01-25 17:00:00,"963,956463471413","861,539978",1,4,2024-01-25
2024-01-25 18:00:00,"936,3174744704146","736,640015",1,4,2024-01-25
2024-01-25 19:00:00,"893,9575450950035","679,070007",1,4,2024-01-25
2024-01-25 20:00:00,"885,1630231270502","643,580017",1,4,2024-01-25
2024-01-25 21:00:00,"854,6319659321128","599,73999",1,4,2024-01-25
2024-01-25 22:00:00,"853,2004551827689","560,440002",1,4,2024-01-25
2024-01-25 23:00:00,"853,2004551827689","468,200012",1,4,2024-01-25
2024-01-26 00:00:00,"853,2004551827689","461,940002",1,4,2024-01-26
2024-01-26 01:00:00,"853,2004551827689","436,070007",1,4,2024-01-26
2024-01-26 02:00:00,"853,2004551827689","408,480011",1,4,2024-01-26
2024-01-26 03:00:00,"853,2004551827689","355,029999",1,4,2024-01-26
2024-01-26 04:00:00,"853,2004551827689","377,619995",1,4,2024-01-26
2024-01-26 05:00:00,"853,2004551827689","419,519989",1,4,2024-01-26
2024-01-26 06:00:00,"885,1630231270502","469,470001",1,4,2024-01-26
2024-01-26 07:00:00,"916,7747022187001","484,149994",1,4,2024-01-26
2024-01-26 08:00:00,"916,7747022187001","475,660004",1,4,2024-01-26
2024-01-26 09:00:00,"894,4213548019127","456,420013",1,4,2024-01-26
2024-01-26 10:00:00,"887,2944616767238","437,929993",1,4,2024-01-26
2024-01-26 11:00:00,"854,6319659321128","389,769989",1,4,2024-01-26
2024-01-26 12:00:00,"853,2004551827689","346,450012",1,4,2024-01-26
2024-01-26 13:00:00,"854,6319659321128","367,399994",1,4,2024-01-26
2024-01-26 14:00:00,"885,1630231270502","373,589996",1,4,2024-01-26
2024-01-26 15:00:00,"893,9575450950035","393,200012",1,4,2024-01-26
2024-01-26 16:00:00,"912,8258309300849","427,720001",1,4,2024-01-26
2024-01-26 17:00:00,"912,8258309300849","412,140015",1,4,2024-01-26
2024-01-26 18:00:00,"893,9575450950035","406,540009",1,4,2024-01-26
2024-01-26 19:00:00,"885,1630231270502","404,980011",1,4,2024-01-26
2024-01-26 20:00:00,"853,2004551827689","405,200012",1,4,2024-01-26
2024-01-26 21:00:00,"853,2004551827689","405,5",1,4,2024-01-26
2024-01-26 22:00:00,"853,2004551827689","400,429993",1,4,2024-01-26
2024-01-26 23:00:00,"853,2004551827689","405,869995",1,4,2024-01-26
2024-01-27 00:00:00,"853,2004551827689","410,26001",1,4,2024-01-27
2024-01-27 01:00:00,"853,2004551827689","419,059998",1,4,2024-01-27
2024-01-27 02:00:00,"853,2004551827689","410,410004",1,4,2024-01-27
2024-01-27 03:00:00,"853,2004551827689","415,559998",1,4,2024-01-27
2024-01-27 04:00:00,"853,2004551827689","423,679993",1,4,2024-01-27
2024-01-27 05:00:00,"853,2004551827689","426,73999",1,4,2024-01-27
2024-01-27 06:00:00,"853,2004551827689","431,359985",1,4,2024-01-27
2024-01-27 07:00:00,"853,2004551827689","433,380005",1,4,2024-01-27
2024-01-27 08:00:00,"853,2004551827689","436,130005",1,4,2024-01-27
2024-01-27 09:00:00,"853,2004551827689","433,899994",1,4,2024-01-27
2024-01-27 10:00:00,"853,2004551827689","422,040009",1,4,2024-01-27
2024-01-27 11:00:00,"853,2004551827689","416,299988",1,4,2024-01-27
2024-01-27 12:00:00,"853,2004551827689","401,690002",1,4,2024-01-27
2024-01-27 13:00:00,"853,2004551827689","440,910004",1,4,2024-01-27
2024-01-27 14:00:00,"853,2004551827689","432,029999",1,4,2024-01-27
2024-01-27 15:00:00,"853,2004551827689","439,339996",1,4,2024-01-27
2024-01-27 16:00:00,"854,6319659321128","460,359985",1,4,2024-01-27
2024-01-27 17:00:00,"857,7784220558731","457,079987",1,4,2024-01-27
2024-01-27 18:00:00,"853,2004551827689","443,070007",1,4,2024-01-27
2024-01-27 19:00:00,"853,2004551827689","433,970001",1,4,2024-01-27
2024-01-27 20:00:00,"853,2004551827689","431,290009",1,4,2024-01-27
2024-01-27 21:00:00,"853,2004551827689","430,390015",1,4,2024-01-27
2024-01-27 22:00:00,"853,2004551827689","429,5",1,4,2024-01-27
2024-01-27 23:00:00,"853,2004551827689","497,75",1,4,2024-01-27
2024-01-28 00:00:00,"853,2004551827689","438,339996",1,4,2024-01-28
2024-01-28 01:00:00,"853,2004551827689","434,309998",1,4,2024-01-28
2024-01-28 02:00:00,"853,2004551827689","430,290009",1,4,2024-01-28
2024-01-28 03:00:00,"853,2004551827689","431,399994",1,4,2024-01-28
2024-01-28 04:00:00,"853,2004551827689","429,609985",1,4,2024-01-28
2024-01-28 05:00:00,"853,2004551827689","430,290009",1,4,2024-01-28
2024-01-28 06:00:00,"853,2004551827689","439,679993",1,4,2024-01-28
2024-01-28 07:00:00,"853,2004551827689","441,320007",1,4,2024-01-28
2024-01-28 08:00:00,"853,2004551827689","410,609985",1,4,2024-01-28
2024-01-28 09:00:00,"853,2004551827689","381,380005",1,4,2024-01-28
2024-01-28 10:00:00,"853,2004551827689","341,049988",1,4,2024-01-28
2024-01-28 11:00:00,"853,2004551827689","309,970001",1,4,2024-01-28
2024-01-28 12:00:00,"853,2004551827689","298,859985",1,4,2024-01-28
2024-01-28 13:00:00,"853,2004551827689","377,579987",1,4,2024-01-28
2024-01-28 14:00:00,"853,2004551827689","420,519989",1,4,2024-01-28
2024-01-28 15:00:00,"853,2004551827689","431,850006",1,4,2024-01-28
2024-01-28 16:00:00,"853,2004551827689","431,329987",1,4,2024-01-28
2024-01-28 17:00:00,"853,2004551827689","427,380005",1,4,2024-01-28
2024-01-28 18:00:00,"853,2004551827689","422,01001",1,4,2024-01-28
2024-01-28 19:00:00,"853,2004551827689","405,089996",1,4,2024-01-28
2024-01-28 20:00:00,"853,2004551827689","400,98999",1,4,2024-01-28
2024-01-28 21:00:00,"853,2004551827689","400,390015",1,4,2024-01-28
2024-01-28 22:00:00,"853,2004551827689","392,790009",1,4,2024-01-28
2024-01-28 23:00:00,"853,2004551827689","363,339996",1,4,2024-01-28
2024-04-01 00:00:00,"746,8275888452913","343,549988",2,1,2024-04-01
2024-04-01 01:00:00,"759,1516099959571","325,049988",2,1,2024-04-01
2024-04-01 02:00:00,"765,0285958055003","368,459991",2,1,2024-04-01
2024-04-01 03:00:00,"781,485758869629","390,459991",2,1,2024-04-01
2024-04-01 04:00:00,"812,4705527687189","437,899994",2,1,2024-04-01
2024-04-01 05:00:00,"853,2004551827689","481,01001",2,1,2024-04-01
2024-04-01 06:00:00,"885,1630231270502","437,899994",2,1,2024-04-01
2024-04-01 07:00:00,"857,7784220558731","454,160004",2,1,2024-04-01
2024-04-01 08:00:00,"853,2004551827689","405,450012",2,1,2024-04-01
2024-04-01 09:00:00,"853,2004551827689","334,0",2,1,2024-04-01
2024-04-01 10:00:00,"853,2004551827689","363,609985",2,1,2024-04-01
2024-04-01 11:00:00,"853,2004551827689","262,470001",2,1,2024-04-01
2024-04-01 12:00:00,"853,2004551827689","253,740005",2,1,2024-04-01
2024-04-01 13:00:00,"853,2004551827689","325,799988",2,1,2024-04-01
2024-04-01 14:00:00,"853,2004551827689","331,170013",2,1,2024-04-01
2024-04-01 15:00:00,"853,2004551827689","304,089996",2,1,2024-04-01
2024-04-01 16:00:00,"893,9575450950035","364,429993",2,1,2024-04-01
2024-04-01 17:00:00,"986,4580984505219","373,529999",2,1,2024-04-01
2024-04-01 18:00:00,"963,956463471413","381,290009",2,1,2024-04-01
2024-04-01 19:00:00,"885,1630231270502","365,399994",2,1,2024-04-01
2024-04-01 20:00:00,"853,2004551827689","305,809998",2,1,2024-04-01
2024-04-01 21:00:00,"853,2004551827689","221,0",2,1,2024-04-01
2024-04-01 22:00:00,"853,2004551827689","323,410004",2,1,2024-04-01
2024-04-01 23:00:00,"853,2004551827689","270,970001",2,1,2024-04-01
2024-04-02 00:00:00,"853,2004551827689","122,769997",2,1,2024-04-02
2024-04-02 01:00:00,"853,2004551827689","56,240002",2,1,2024-04-02
2024-04-02 02:00:00,"853,2004551827689","14,47",2,1,2024-04-02
2024-04-02 03:00:00,"853,2004551827689","54,220001",2,1,2024-04-02
2024-04-02 04:00:00,"853,2004551827689","426,790009",2,1,2024-04-02
2024-04-02 05:00:00,"853,2004551827689","554,630005",2,1,2024-04-02
2024-04-02 06:00:00,"885,1630231270502","514,130005",2,1,2024-04-02
2024-04-02 07:00:00,"853,2004551827689","350,410004",2,1,2024-04-02
2024-04-02 08:00:00,"853,2004551827689","285,589996",2,1,2024-04-02
2024-04-02 09:00:00,"853,2004551827689","293,130005",2,1,2024-04-02
2024-04-02 10:00:00,"853,2004551827689","298,869995",2,1,2024-04-02
2024-04-02 11:00:00,"853,2004551827689","325,420013",2,1,2024-04-02
2024-04-02 12:00:00,"853,2004551827689","248,970001",2,1,2024-04-02
2024-04-02 13:00:00,"853,2004551827689","187,210007",2,1,2024-04-02
2024-04-02 14:00:00,"853,2004551827689","65,860001",2,1,2024-04-02
2024-04-02 15:00:00,"853,2004551827689","309,23999",2,1,2024-04-02
2024-04-02 16:00:00,"887,2944616767238","542,25",2,1,2024-04-02
2024-04-02 17:00:00,"947,9832763334375","711,48999",2,1,2024-04-02
2024-04-02 18:00:00,"937,0873008549553","707,679993",2,1,2024-04-02
2024-04-02 19:00:00,"885,1630231270502","582,75",2,1,2024-04-02
2024-04-02 20:00:00,"853,2004551827689","558,359985",2,1,2024-04-02
2024-04-02 21:00:00,"853,2004551827689","528,669983",2,1,2024-04-02
2024-04-02 22:00:00,"853,2004551827689","552,840027",2,1,2024-04-02
2024-04-02 23:00:00,"853,2004551827689","535,090027",2,1,2024-04-02
2024-04-03 00:00:00,"853,2004551827689","522,419983",2,1,2024-04-03
2024-04-03 01:00:00,"853,2004551827689","482,220001",2,1,2024-04-03
2024-04-03 02:00:00,"853,2004551827689","483,929993",2,1,2024-04-03
2024-04-03 03:00:00,"853,2004551827689","512,570007",2,1,2024-04-03
2024-04-03 04:00:00,"853,2004551827689","707,820007",2,1,2024-04-03
2024-04-03 05:00:00,"854,6319659321128","879,48999",2,1,2024-04-03
2024-04-03 06:00:00,"885,1630231270502","879,48999",2,1,2024-04-03
2024-04-03 07:00:00,"853,2004551827689","753,080017",2,1,2024-04-03
2024-04-03 08:00:00,"853,2004551827689","800,590027",2,1,2024-04-03
2024-04-03 09:00:00,"853,2004551827689","677,23999",2,1,2024-04-03
2024-04-03 10:00:00,"853,2004551827689","611,76001",2,1,2024-04-03
2024-04-03 11:00:00,"853,2004551827689","573,349976",2,1,2024-04-03
2024-04-03 12:00:00,"853,2004551827689","544,710022",2,1,2024-04-03
2024-04-03 13:00:00,"853,2004551827689","438,290009",2,1,2024-04-03
2024-04-03 14:00:00,"853,2004551827689","454,700012",2,1,2024-04-03
2024-04-03 15:00:00,"853,2004551827689","524,359985",2,1,2024-04-03
2024-04-03 16:00:00,"893,9575450950035","633,909973",2,1,2024-04-03
2024-04-03 17:00:00,"958,3286329331955","794,919983",2,1,2024-04-03
2024-04-03 18:00:00,"950,9735597953706","739,359985",2,1,2024-04-03
2024-04-03 19:00:00,"887,2944616767238","557,169983",2,1,2024-04-03
2024-04-03 20:00:00,"853,2004551827689","458,579987",2,1,2024-04-03
2024-04-03 21:00:00,"853,2004551827689","412,640015",2,1,2024-04-03
2024-04-03 22:00:00,"853,2004551827689","406,619995",2,1,2024-04-03
2024-04-03 23:00:00,"853,2004551827689","387,899994",2,1,2024-04-03
2024-04-04 00:00:00,"853,2004551827689","374,179993",2,1,2024-04-04
2024-04-04 01:00:00,"853,2004551827689","384,619995",2,1,2024-04-04
2024-04-04 02:00:00,"853,2004551827689","387,380005",2,1,2024-04-04
2024-04-04 03:00:00,"853,2004551827689","403,339996",2,1,2024-04-04
2024-04-04 04:00:00,"853,2004551827689","454,200012",2,1,2024-04-04
2024-04-04 05:00:00,"853,2004551827689","488,290009",2,1,2024-04-04
2024-04-04 06:00:00,"853,2004551827689","561,830017",2,1,2024-04-04
2024-04-04 07:00:00,"853,2004551827689","535,419983",2,1,2024-04-04
2024-04-04 08:00:00,"853,2004551827689","515,880005",2,1,2024-04-04
2024-04-04 09:00:00,"853,2004551827689","470,309998",2,1,2024-04-04
2024-04-04 10:00:00,"853,2004551827689","433,170013",2,1,2024-04-04
2024-04-04 11:00:00,"853,2004551827689","419,299988",2,1,2024-04-04
2024-04-04 12:00:00,"853,2004551827689","413,850006",2,1,2024-04-04
2024-04-04 13:00:00,"853,2004551827689","418,929993",2,1,2024-04-04
2024-04-04 14:00:00,"853,2004551827689","425,709991",2,1,2024-04-04
2024-04-04 15:00:00,"853,2004551827689","515,210022",2,1,2024-04-04
2024-04-04 16:00:00,"853,2004551827689","562,049988",2,1,2024-04-04
2024-04-04 17:00:00,"896,503039393378","674,820007",2,1,2024-04-04
2024-04-04 18:00:00,"885,1630231270502","520,580017",2,1,2024-04-04
2024-04-04 19:00:00,"853,2004551827689","460,390015",2,1,2024-04-04
2024-04-04 20:00:00,"853,2004551827689","439,440002",2,1,2024-04-04
2024-04-04 21:00:00,"853,2004551827689","430,109985",2,1,2024-04-04
2024-04-04 22:00:00,"853,2004551827689","394,190002",2,1,2024-04-04
2024-04-04 23:00:00,"853,2004551827689","381,890015",2,1,2024-04-04
2024-04-05 00:00:00,"853,2004551827689","372,559998",2,1,2024-04-05
2024-04-05 01:00:00,"853,2004551827689","357,350006",2,1,2024-04-05
2024-04-05 02:00:00,"853,2004551827689","353,320007",2,1,2024-04-05
2024-04-05 03:00:00,"853,2004551827689","352,720001",2,1,2024-04-05
2024-04-05 04:00:00,"853,2004551827689","448,720001",2,1,2024-04-05
2024-04-05 05:00:00,"853,2004551827689","572,75",2,1,2024-04-05
2024-04-05 06:00:00,"853,2004551827689","596,700012",2,1,2024-04-05
2024-04-05 07:00:00,"853,2004551827689","504,130005",2,1,2024-04-05
2024-04-05 08:00:00,"853,2004551827689","376,660004",2,1,2024-04-05
2024-04-05 09:00:00,"853,2004551827689","339,670013",2,1,2024-04-05
2024-04-05 10:00:00,"853,2004551827689","331,390015",2,1,2024-04-05
2024-04-05 11:00:00,"853,2004551827689","298,570007",2,1,2024-04-05
2024-04-05 12:00:00,"853,2004551827689","276,48999",2,1,2024-04-05
2024-04-05 13:00:00,"853,2004551827689","176,699997",2,1,2024-04-05
2024-04-05 14:00:00,"853,2004551827689","60,34",2,1,2024-04-05
2024-04-05 15:00:00,"853,2004551827689","279,399994",2,1,2024-04-05
2024-04-05 16:00:00,"853,2004551827689","370,320007",2,1,2024-04-05
2024-04-05 17:00:00,"893,9575450950035","398,299988",2,1,2024-04-05
2024-04-05 18:00:00,"894,4213548019127","402,170013",2,1,2024-04-05
2024-04-05 19:00:00,"853,2004551827689","398,299988",2,1,2024-04-05
2024-04-05 20:00:00,"853,2004551827689","393,299988",2,1,2024-04-05
2024-04-05 21:00:00,"853,2004551827689","370,100006",2,1,2024-04-05
2024-04-05 22:00:00,"853,2004551827689","315,579987",2,1,2024-04-05
2024-04-05 23:00:00,"853,2004551827689","326,549988",2,1,2024-04-05
2024-04-06 00:00:00,"853,2004551827689","328,190002",2,1,2024-04-06
2024-04-06 01:00:00,"853,2004551827689","334,679993",2,1,2024-04-06
2024-04-06 02:00:00,"853,2004551827689","354,369995",2,1,2024-04-06
2024-04-06 03:00:00,"853,2004551827689","359,890015",2,1,2024-04-06
2024-04-06 04:00:00,"853,2004551827689","372,5",2,1,2024-04-06
2024-04-06 05:00:00,"853,2004551827689","382,339996",2,1,2024-04-06
2024-04-06 06:00:00,"853,2004551827689","374,660004",2,1,2024-04-06
2024-04-06 07:00:00,"853,2004551827689","359,890015",2,1,2024-04-06
2024-04-06 08:00:00,"853,2004551827689","219,440002",2,1,2024-04-06
2024-04-06 09:00:00,"853,2004551827689","34,310001",2,1,2024-04-06
2024-04-06 10:00:00,"853,2004551827689","123,07",2,1,2024-04-06
2024-04-06 11:00:00,"853,2004551827689","14,92",2,1,2024-04-06
2024-04-06 12:00:00,"853,2004551827689","0,3",2,1,2024-04-06
2024-04-06 13:00:00,"853,2004551827689","0,45",2,1,2024-04-06
2024-04-06 14:00:00,"853,2004551827689","0,75",2,1,2024-04-06
2024-04-06 15:00:00,"853,2004551827689","117,919998",2,1,2024-04-06
2024-04-06 16:00:00,"853,2004551827689","393,079987",2,1,2024-04-06
2024-04-06 17:00:00,"853,2004551827689","380,100006",2,1,2024-04-06
2024-04-06 18:00:00,"853,2004551827689","349,670013",2,1,2024-04-06
2024-04-06 19:00:00,"853,2004551827689","326,029999",2,1,2024-04-06
2024-04-06 20:00:00,"853,2004551827689","295,73999",2,1,2024-04-06
2024-04-06 21:00:00,"853,2004551827689","188,410004",2,1,2024-04-06
2024-04-06 22:00:00,"853,2004551827689","81,82",2,1,2024-04-06
2024-04-06 23:00:00,"853,2004551827689","0,67",2,1,2024-04-06
2024-04-07 00:00:00,"853,2004551827689","0,0",2,1,2024-04-07
2024-04-07 01:00:00,"853,2004551827689","0,0",2,1,2024-04-07
2024-04-07 02:00:00,"853,2004551827689","0,0",2,1,2024-04-07
2024-04-07 03:00:00,"853,2004551827689","0,0",2,1,2024-04-07
2024-04-07 04:00:00,"853,2004551827689","0,0",2,1,2024-04-07
2024-04-07 05:00:00,"853,2004551827689","0,0",2,1,2024-04-07
2024-04-07 06:00:00,"853,2004551827689","0,0",2,1,2024-04-07
2024-04-07 07:00:00,"853,2004551827689","-0,07",2,1,2024-04-07
2024-04-07 08:00:00,"853,2004551827689","-1,19",2,1,2024-04-07
2024-04-07 09:00:00,"853,2004551827689","-22,450001",2,1,2024-04-07
2024-04-07 10:00:00,"853,2004551827689","-30,58",2,1,2024-04-07
2024-04-07 11:00:00,"853,2004551827689","-48,849998",2,1,2024-04-07
2024-04-07 12:00:00,"853,2004551827689","-74,589996",2,1,2024-04-07
2024-04-07 13:00:00,"853,2004551827689","-37,59",2,1,2024-04-07
2024-04-07 14:00:00,"853,2004551827689","-1,19",2,1,2024-04-07
2024-04-07 15:00:00,"853,2004551827689","31,92",2,1,2024-04-07
2024-04-07 16:00:00,"853,2004551827689","288,799988",2,1,2024-04-07
2024-04-07 17:00:00,"885,1630231270502","343,98999",2,1,2024-04-07
2024-04-07 18:00:00,"853,2004551827689","356,450012",2,1,2024-04-07
2024-04-07 19:00:00,"853,2004551827689","359,579987",2,1,2024-04-07
2024-04-07 20:00:00,"853,2004551827689","340,779999",2,1,2024-04-07
2024-04-07 21:00:00,"853,2004551827689","318,859985",2,1,2024-04-07
2024-04-07 22:00:00,"853,2004551827689","308,339996",2,1,2024-04-07
2024-04-07 23:00:00,"853,2004551827689","295,140015",2,1,2024-04-07
2024-04-08 00:00:00,"743,8386125289","292,079987",2,2,2024-04-08
2024-04-08 01:00:00,"753,3554920370851","312,290009",2,2,2024-04-08
2024-04-08 02:00:00,"765,0285958055003","328,480011",2,2,2024-04-08
2024-04-08 03:00:00,"787,3615926328296","334,589996",2,2,2024-04-08
2024-04-08 04:00:00,"817,1474779680746","376,730011",2,2,2024-04-08
2024-04-08 05:00:00,"853,2004551827689","396,5",2,2,2024-04-08
2024-04-08 06:00:00,"853,2004551827689","432,600006",2,2,2024-04-08
2024-04-08 07:00:00,"853,2004551827689","603,25",2,2,2024-04-08
2024-04-08 08:00:00,"853,2004551827689","402,910004",2,2,2024-04-08
2024-04-08 09:00:00,"853,2004551827689","399,480011",2,2,2024-04-08
2024-04-08 10:00:00,"853,2004551827689","397,100006",2,2,2024-04-08
2024-04-08 11:00:00,"853,2004551827689","421,859985",2,2,2024-04-08
2024-04-08 12:00:00,"853,2004551827689","431,779999",2,2,2024-04-08
2024-04-08 13:00:00,"853,2004551827689","395,679993",2,2,2024-04-08
2024-04-08 14:00:00,"853,2004551827689","522,099976",2,2,2024-04-08
2024-04-08 15:00:00,"853,2004551827689","559,469971",2,2,2024-04-08
2024-04-08 16:00:00,"853,2004551827689","782,409973",2,2,2024-04-08
2024-04-08 17:00:00,"950,0596450217272","1024,069946",2,2,2024-04-08
2024-04-08 18:00:00,"912,8258309300849","930,830017",2,2,2024-04-08
2024-04-08 19:00:00,"853,2004551827689","632,859985",2,2,2024-04-08
2024-04-08 20:00:00,"853,2004551827689","574,309998",2,2,2024-04-08
2024-04-08 21:00:00,"853,2004551827689","523,52002",2,2,2024-04-08
2024-04-08 22:00:00,"853,2004551827689","583,330017",2,2,2024-04-08
2024-04-08 23:00:00,"853,2004551827689","517,549988",2,2,2024-04-08
2024-04-09 00:00:00,"853,2004551827689","482,790009",2,2,2024-04-09
2024-04-09 01:00:00,"853,2004551827689","440,200012",2,2,2024-04-09
2024-04-09 02:00:00,"853,2004551827689","453,779999",2,2,2024-04-09
2024-04-09 03:00:00,"853,2004551827689","488,390015",2,2,2024-04-09
2024-04-09 04:00:00,"853,2004551827689","575,799988",2,2,2024-04-09
2024-04-09 05:00:00,"853,2004551827689","670,900024",2,2,2024-04-09
2024-04-09 06:00:00,"853,2004551827689","595,039978",2,2,2024-04-09
2024-04-09 07:00:00,"853,2004551827689","509,420013",2,2,2024-04-09
2024-04-09 08:00:00,"853,2004551827689","384,559998",2,2,2024-04-09
2024-04-09 09:00:00,"853,2004551827689","328,029999",2,2,2024-04-09
2024-04-09 10:00:00,"853,2004551827689","268,880005",2,2,2024-04-09
2024-04-09 11:00:00,"853,2004551827689","75,260002",2,2,2024-04-09
2024-04-09 12:00:00,"853,2004551827689","78,309998",2,2,2024-04-09
2024-04-09 13:00:00,"853,2004551827689","216,600006",2,2,2024-04-09
2024-04-09 14:00:00,"853,2004551827689","285,440002",2,2,2024-04-09
2024-04-09 15:00:00,"853,2004551827689","372,179993",2,2,2024-04-09
2024-04-09 16:00:00,"853,2004551827689","390,899994",2,2,2024-04-09
2024-04-09 17:00:00,"912,8258309300849","375,089996",2,2,2024-04-09
2024-04-09 18:00:00,"912,2579885943","378,970001",2,2,2024-04-09
2024-04-09 19:00:00,"853,2004551827689","359,649994",2,2,2024-04-09
2024-04-09 20:00:00,"853,2004551827689","335,640015",2,2,2024-04-09
2024-04-09 21:00:00,"853,2004551827689","257,619995",2,2,2024-04-09
2024-04-09 22:00:00,"853,2004551827689","96,220001",2,2,2024-04-09
2024-04-09 23:00:00,"853,2004551827689","38,040001",2,2,2024-04-09
2024-04-10 00:00:00,"853,2004551827689","37,290001",2,2,2024-04-10
2024-04-10 01:00:00,"853,2004551827689","67,050003",2,2,2024-04-10
2024-04-10 02:00:00,"853,2004551827689","184,229996",2,2,2024-04-10
2024-04-10 03:00:00,"853,2004551827689","261,059998",2,2,2024-04-10
2024-04-10 04:00:00,"853,2004551827689","261,130005",2,2,2024-04-10
2024-04-10 05:00:00,"896,503039393378","302,299988",2,2,2024-04-10
2024-04-10 06:00:00,"903,1578321384113","311,700012",2,2,2024-04-10
2024-04-10 07:00:00,"857,7784220558731","309,390015",2,2,2024-04-10
2024-04-10 08:00:00,"853,2004551827689","309,390015",2,2,2024-04-10
2024-04-10 09:00:00,"853,2004551827689","239,130005",2,2,2024-04-10
2024-04-10 10:00:00,"853,2004551827689","143,279999",2,2,2024-04-10
2024-04-10 11:00:00,"853,2004551827689","66,610001",2,2,2024-04-10
2024-04-10 12:00:00,"853,2004551827689","0,45",2,2,2024-04-10
2024-04-10 13:00:00,"853,2004551827689","2,09",2,2,2024-04-10
2024-04-10 14:00:00,"853,2004551827689","39,529999",2,2,2024-04-10
2024-04-10 15:00:00,"853,2004551827689","122,169998",2,2,2024-04-10
2024-04-10 16:00:00,"912,8258309300849","616,469971",2,2,2024-04-10
2024-04-10 17:00:00,"967,7171332985502","1084,949951",2,2,2024-04-10
2024-04-10 18:00:00,"950,9735597953706","1052,430054",2,2,2024-04-10
2024-04-10 19:00:00,"893,9575450950035","722,380005",2,2,2024-04-10
2024-04-10 20:00:00,"853,2004551827689","392,029999",2,2,2024-04-10
2024-04-10 21:00:00,"853,2004551827689","352,200012",2,2,2024-04-10
2024-04-10 22:00:00,"853,2004551827689","303,440002",2,2,2024-04-10
2024-04-10 23:00:00,"853,2004551827689","198,940002",2,2,2024-04-10
2024-04-11 00:00:00,"853,2004551827689","165,589996",2,2,2024-04-11
2024-04-11 01:00:00,"853,2004551827689","74,519997",2,2,2024-04-11
2024-04-11 02:00:00,"853,2004551827689","59,52",2,2,2024-04-11
2024-04-11 03:00:00,"853,2004551827689","149,179993",2,2,2024-04-11
2024-04-11 04:00:00,"853,2004551827689","192,070007",2,2,2024-04-11
2024-04-11 05:00:00,"853,2004551827689","297,399994",2,2,2024-04-11
2024-04-11 06:00:00,"853,2004551827689","309,929993",2,2,2024-04-11
2024-04-11 07:00:00,"853,2004551827689","223,770004",2,2,2024-04-11
2024-04-11 08:00:00,"853,2004551827689","74,959999",2,2,2024-04-11
2024-04-11 09:00:00,"853,2004551827689","6,41",2,2,2024-04-11
2024-04-11 10:00:00,"853,2004551827689","6,79",2,2,2024-04-11
2024-04-11 11:00:00,"853,2004551827689","8,21",2,2,2024-04-11
2024-04-11 12:00:00,"853,2004551827689","4,25",2,2,2024-04-11
2024-04-11 13:00:00,"853,2004551827689","96,07",2,2,2024-04-11
2024-04-11 14:00:00,"853,2004551827689","64,75",2,2,2024-04-11
2024-04-11 15:00:00,"853,2004551827689","347,070007",2,2,2024-04-11
2024-04-11 16:00:00,"853,2004551827689","711,75",2,2,2024-04-11
2024-04-11 17:00:00,"885,1630231270502","1002,210022",2,2,2024-04-11
2024-04-11 18:00:00,"854,6319659321128","893,609985",2,2,2024-04-11
2024-04-11 19:00:00,"853,2004551827689","679,159973",2,2,2024-04-11
2024-04-11 20:00:00,"853,2004551827689","541,159973",2,2,2024-04-11
2024-04-11 21:00:00,"853,2004551827689","451,059998",2,2,2024-04-11
2024-04-11 22:00:00,"853,2004551827689","339,720001",2,2,2024-04-11
2024-04-11 23:00:00,"853,2004551827689","325,029999",2,2,2024-04-11
2024-04-12 00:00:00,"853,2004551827689","331,73999",2,2,2024-04-12
2024-04-12 01:00:00,"853,2004551827689","304,51001",2,2,2024-04-12
2024-04-12 02:00:00,"853,2004551827689","298,399994",2,2,2024-04-12
2024-04-12 03:00:00,"853,2004551827689","298,399994",2,2,2024-04-12
2024-04-12 04:00:00,"853,2004551827689","308,019989",2,2,2024-04-12
2024-04-12 05:00:00,"853,2004551827689","362,619995",2,2,2024-04-12
2024-04-12 06:00:00,"853,2004551827689","516,75",2,2,2024-04-12
2024-04-12 07:00:00,"853,2004551827689","489,290009",2,2,2024-04-12
2024-04-12 08:00:00,"853,2004551827689","319,730011",2,2,2024-04-12
2024-04-12 09:00:00,"853,2004551827689","140,690002",2,2,2024-04-12
2024-04-12 10:00:00,"853,2004551827689","0,0",2,2,2024-04-12
2024-04-12 11:00:00,"853,2004551827689","-0,52",2,2,2024-04-12
2024-04-12 12:00:00,"853,2004551827689","0,07",2,2,2024-04-12
2024-04-12 13:00:00,"853,2004551827689","1,34",2,2,2024-04-12
2024-04-12 14:00:00,"853,2004551827689","1,64",2,2,2024-04-12
2024-04-12 15:00:00,"853,2004551827689","375,600006",2,2,2024-04-12
2024-04-12 16:00:00,"853,2004551827689","445,279999",2,2,2024-04-12
2024-04-12 17:00:00,"857,7784220558731","370,160004",2,2,2024-04-12
2024-04-12 18:00:00,"857,7784220558731","369,48999",2,2,2024-04-12
2024-04-12 19:00:00,"853,2004551827689","351,429993",2,2,2024-04-12
2024-04-12 20:00:00,"853,2004551827689","342,329987",2,2,2024-04-12
2024-04-12 21:00:00,"853,2004551827689","329,200012",2,2,2024-04-12
2024-04-12 22:00:00,"853,2004551827689","246,039993",2,2,2024-04-12
2024-04-12 23:00:00,"853,2004551827689","193,369995",2,2,2024-04-12
2024-04-13 00:00:00,"853,2004551827689","144,429993",2,2,2024-04-13
2024-04-13 01:00:00,"853,2004551827689","130,779999",2,2,2024-04-13
2024-04-13 02:00:00,"853,2004551827689","130,259995",2,2,2024-04-13
2024-04-13 03:00:00,"853,2004551827689","173,899994",2,2,2024-04-13
2024-04-13 04:00:00,"853,2004551827689","207,619995",2,2,2024-04-13
2024-04-13 05:00:00,"853,2004551827689","251,630005",2,2,2024-04-13
2024-04-13 06:00:00,"853,2004551827689","168,600006",2,2,2024-04-13
2024-04-13 07:00:00,"853,2004551827689","65,650002",2,2,2024-04-13
2024-04-13 08:00:00,"853,2004551827689","-0,15",2,2,2024-04-13
2024-04-13 09:00:00,"853,2004551827689","-30,139999",2,2,2024-04-13
2024-04-13 10:00:00,"853,2004551827689","-59,830002",2,2,2024-04-13
2024-04-13 11:00:00,"853,2004551827689","-150,699997",2,2,2024-04-13
2024-04-13 12:00:00,"853,2004551827689","-218,729996",2,2,2024-04-13
2024-04-13 13:00:00,"853,2004551827689","-235,740005",2,2,2024-04-13
2024-04-13 14:00:00,"853,2004551827689","-142,710007",2,2,2024-04-13
2024-04-13 15:00:00,"853,2004551827689","-1,19",2,2,2024-04-13
2024-04-13 16:00:00,"853,2004551827689","248,949997",2,2,2024-04-13
2024-04-13 17:00:00,"853,2004551827689","373,76001",2,2,2024-04-13
2024-04-13 18:00:00,"853,2004551827689","298,630005",2,2,2024-04-13
2024-04-13 19:00:00,"853,2004551827689","258,5",2,2,2024-04-13
2024-04-13 20:00:00,"853,2004551827689","153,679993",2,2,2024-04-13
2024-04-13 21:00:00,"853,2004551827689","52,59",2,2,2024-04-13
2024-04-13 22:00:00,"853,2004551827689","3,21",2,2,2024-04-13
2024-04-13 23:00:00,"853,2004551827689","6,19",2,2,2024-04-13
2024-04-14 00:00:00,"853,2004551827689","6,94",2,2,2024-04-14
2024-04-14 01:00:00,"853,2004551827689","8,43",2,2,2024-04-14
2024-04-14 02:00:00,"853,2004551827689","17,459999",2,2,2024-04-14
2024-04-14 03:00:00,"853,2004551827689","44,389999",2,2,2024-04-14
2024-04-14 04:00:00,"853,2004551827689","95,949997",2,2,2024-04-14
2024-04-14 05:00:00,"853,2004551827689","96,989998",2,2,2024-04-14
2024-04-14 06:00:00,"853,2004551827689","55,279999",2,2,2024-04-14
2024-04-14 07:00:00,"853,2004551827689","0,0",2,2,2024-04-14
2024-04-14 08:00:00,"853,2004551827689","-17,68",2,2,2024-04-14
2024-04-14 09:00:00,"853,2004551827689","-90,800003",2,2,2024-04-14
2024-04-14 10:00:00,"853,2004551827689","-315,070007",2,2,2024-04-14
2024-04-14 11:00:00,"853,2004551827689","-448,019989",2,2,2024-04-14
2024-04-14 12:00:00,"853,2004551827689","-447,720001",2,2,2024-04-14
2024-04-14 13:00:00,"853,2004551827689","-298,809998",2,2,2024-04-14
2024-04-14 14:00:00,"853,2004551827689","-46,630001",2,2,2024-04-14
2024-04-14 15:00:00,"853,2004551827689","11,71",2,2,2024-04-14
2024-04-14 16:00:00,"853,2004551827689","407,51001",2,2,2024-04-14
2024-04-14 17:00:00,"887,2944616767238","655,059998",2,2,2024-04-14
2024-04-14 18:00:00,"853,2004551827689","894,619995",2,2,2024-04-14
2024-04-14 19:00:00,"853,2004551827689","840,159973",2,2,2024-04-14
2024-04-14 20:00:00,"853,2004551827689","724,890015",2,2,2024-04-14
2024-04-14 21:00:00,"853,2004551827689","594,549988",2,2,2024-04-14
2024-04-14 22:00:00,"853,2004551827689","410,640015",2,2,2024-04-14
2024-04-14 23:00:00,"853,2004551827689","437,730011",2,2,2024-04-14
2024-04-15 00:00:00,"755,5796203116662","526,359985",2,3,2024-04-15
2024-04-15 01:00:00,"765,0285958055003","491,220001",2,3,2024-04-15
2024-04-15 02:00:00,"787,3615926328296","561,280029",2,3,2024-04-15
2024-04-15 03:00:00,"807,5387710402277","647,150024",2,3,2024-04-15
2024-04-15 04:00:00,"853,2004551827689","863,440002",2,3,2024-04-15
2024-04-15 05:00:00,"893,9575450950035","1261,98999",2,3,2024-04-15
2024-04-15 06:00:00,"887,2944616767238","1143,290039",2,3,2024-04-15
2024-04-15 07:00:00,"853,2004551827689","683,109985",2,3,2024-04-15
2024-04-15 08:00:00,"853,2004551827689","568,809998",2,3,2024-04-15
2024-04-15 09:00:00,"853,2004551827689","425,269989",2,3,2024-04-15
2024-04-15 10:00:00,"853,2004551827689","329,390015",2,3,2024-04-15
2024-04-15 11:00:00,"853,2004551827689","236,809998",2,3,2024-04-15
2024-04-15 12:00:00,"853,2004551827689","96,690002",2,3,2024-04-15
2024-04-15 13:00:00,"853,2004551827689","58,189999",2,3,2024-04-15
2024-04-15 14:00:00,"853,2004551827689","59,610001",2,3,2024-04-15
2024-04-15 15:00:00,"853,2004551827689","345,440002",2,3,2024-04-15
2024-04-15 16:00:00,"853,2004551827689","516,289978",2,3,2024-04-15
2024-04-15 17:00:00,"941,020795778349","588,809998",2,3,2024-04-15
2024-04-15 18:00:00,"912,2579885943","574,630005",2,3,2024-04-15
2024-04-15 19:00:00,"853,2004551827689","494,730011",2,3,2024-04-15
2024-04-15 20:00:00,"853,2004551827689","401,170013",2,3,2024-04-15
2024-04-15 21:00:00,"853,2004551827689","254,940002",2,3,2024-04-15
2024-04-15 22:00:00,"853,2004551827689","15,07",2,3,2024-04-15
2024-04-15 23:00:00,"853,2004551827689","0,3",2,3,2024-04-15
2024-04-16 00:00:00,"853,2004551827689","1,04",2,3,2024-04-16
2024-04-16 01:00:00,"853,2004551827689","5,45",2,3,2024-04-16
2024-04-16 02:00:00,"853,2004551827689","130,330002",2,3,2024-04-16
2024-04-16 03:00:00,"853,2004551827689","270,209991",2,3,2024-04-16
2024-04-16 04:00:00,"853,2004551827689","384,880005",2,3,2024-04-16
2024-04-16 05:00:00,"853,2004551827689","554,0",2,3,2024-04-16
2024-04-16 06:00:00,"853,2004551827689","554,0",2,3,2024-04-16
2024-04-16 07:00:00,"853,2004551827689","483,5",2,3,2024-04-16
2024-04-16 08:00:00,"853,2004551827689","380,700012",2,3,2024-04-16
2024-04-16 09:00:00,"853,2004551827689","318,109985",2,3,2024-04-16
2024-04-16 10:00:00,"853,2004551827689","298,410004",2,3,2024-04-16
2024-04-16 11:00:00,"853,2004551827689","300,049988",2,3,2024-04-16
2024-04-16 12:00:00,"853,2004551827689","313,929993",2,3,2024-04-16
2024-04-16 13:00:00,"853,2004551827689","362,049988",2,3,2024-04-16
2024-04-16 14:00:00,"853,2004551827689","385,470001",2,3,2024-04-16
2024-04-16 15:00:00,"853,2004551827689","594,359985",2,3,2024-04-16
2024-04-16 16:00:00,"853,2004551827689","693,210022",2,3,2024-04-16
2024-04-16 17:00:00,"856,9710463094245","850,400024",2,3,2024-04-16
2024-04-16 18:00:00,"854,6319659321128","928,960022",2,3,2024-04-16
2024-04-16 19:00:00,"853,2004551827689","779,309998",2,3,2024-04-16
2024-04-16 20:00:00,"853,2004551827689","672,169983",2,3,2024-04-16
2024-04-16 21:00:00,"853,2004551827689","627,409973",2,3,2024-04-16
2024-04-16 22:00:00,"853,2004551827689","625,48999",2,3,2024-04-16
2024-04-16 23:00:00,"853,2004551827689","625,48999",2,3,2024-04-16
2024-04-17 00:00:00,"853,2004551827689","606,919983",2,3,2024-04-17
2024-04-17 01:00:00,"853,2004551827689","614,75",2,3,2024-04-17
2024-04-17 02:00:00,"853,2004551827689","618,929993",2,3,2024-04-17
2024-04-17 03:00:00,"853,2004551827689","624,669983",2,3,2024-04-17
2024-04-17 04:00:00,"853,2004551827689","816,109985",2,3,2024-04-17
2024-04-17 05:00:00,"887,2944616767238","1268,069946",2,3,2024-04-17
2024-04-17 06:00:00,"893,9575450950035","1157,650024",2,3,2024-04-17
2024-04-17 07:00:00,"853,2004551827689","780,52002",2,3,2024-04-17
2024-04-17 08:00:00,"853,2004551827689","625,940002",2,3,2024-04-17
2024-04-17 09:00:00,"853,2004551827689","596,099976",2,3,2024-04-17
2024-04-17 10:00:00,"853,2004551827689","619,080017",2,3,2024-04-17
2024-04-17 11:00:00,"853,2004551827689","602,960022",2,3,2024-04-17
2024-04-17 12:00:00,"853,2004551827689","579,76001",2,3,2024-04-17
2024-04-17 13:00:00,"853,2004551827689","574,690002",2,3,2024-04-17
2024-04-17 14:00:00,"853,2004551827689","596,840027",2,3,2024-04-17
2024-04-17 15:00:00,"853,2004551827689","648,320007",2,3,2024-04-17
2024-04-17 16:00:00,"893,9575450950035","857,73999",2,3,2024-04-17
2024-04-17 17:00:00,"994,3353674204686","1193,089966",2,3,2024-04-17
2024-04-17 18:00:00,"990,3008967842676","1267,550049",2,3,2024-04-17
2024-04-17 19:00:00,"885,1630231270502","970,320007",2,3,2024-04-17
2024-04-17 20:00:00,"853,2004551827689","738,890015",2,3,2024-04-17
2024-04-17 21:00:00,"853,2004551827689","655,109985",2,3,2024-04-17
2024-04-17 22:00:00,"853,2004551827689","685,150024",2,3,2024-04-17
2024-04-17 23:00:00,"853,2004551827689","652,23999",2,3,2024-04-17
2024-04-18 00:00:00,"853,2004551827689","660,52002",2,3,2024-04-18
2024-04-18 01:00:00,"853,2004551827689","654,780029",2,3,2024-04-18
2024-04-18 02:00:00,"853,2004551827689","668,580017",2,3,2024-04-18
2024-04-18 03:00:00,"853,2004551827689","697,380005",2,3,2024-04-18
2024-04-18 04:00:00,"853,2004551827689","909,349976",2,3,2024-04-18
2024-04-18 05:00:00,"853,2004551827689","1162,430054",2,3,2024-04-18
2024-04-18 06:00:00,"853,2004551827689","978,809998",2,3,2024-04-18
2024-04-18 07:00:00,"853,2004551827689","754,460022",2,3,2024-04-18
2024-04-18 08:00:00,"853,2004551827689","673,059998",2,3,2024-04-18
2024-04-18 09:00:00,"853,2004551827689","625,76001",2,3,2024-04-18
2024-04-18 10:00:00,"853,2004551827689","601,659973",2,3,2024-04-18
2024-04-18 11:00:00,"853,2004551827689","575,98999",2,3,2024-04-18
2024-04-18 12:00:00,"853,2004551827689","544,72998",2,3,2024-04-18
2024-04-18 13:00:00,"853,2004551827689","527,48999",2,3,2024-04-18
2024-04-18 14:00:00,"853,2004551827689","528,840027",2,3,2024-04-18
2024-04-18 15:00:00,"853,2004551827689","606,799988",2,3,2024-04-18
2024-04-18 16:00:00,"853,2004551827689","701,559998",2,3,2024-04-18
2024-04-18 17:00:00,"887,2944616767238","934,419983",2,3,2024-04-18
2024-04-18 18:00:00,"885,1630231270502","961,200012",2,3,2024-04-18
2024-04-18 19:00:00,"853,2004551827689","790,27002",2,3,2024-04-18
2024-04-18 20:00:00,"853,2004551827689","670,669983",2,3,2024-04-18
2024-04-18 21:00:00,"853,2004551827689","592,179993",2,3,2024-04-18
2024-04-18 22:00:00,"853,2004551827689","576,090027",2,3,2024-04-18
2024-04-18 23:00:00,"853,2004551827689","453,869995",2,3,2024-04-18
2024-04-19 00:00:00,"853,2004551827689","377,019989",2,3,2024-04-19
2024-04-19 01:00:00,"853,2004551827689","369,109985",2,3,2024-04-19
2024-04-19 02:00:00,"853,2004551827689","357,920013",2,3,2024-04-19
2024-04-19 03:00:00,"853,2004551827689","366,200012",2,3,2024-04-19
2024-04-19 04:00:00,"853,2004551827689","448,570007",2,3,2024-04-19
2024-04-19 05:00:00,"853,2004551827689","515,130005",2,3,2024-04-19
2024-04-19 06:00:00,"853,2004551827689","567,059998",2,3,2024-04-19
2024-04-19 07:00:00,"853,2004551827689","509,609985",2,3,2024-04-19
2024-04-19 08:00:00,"853,2004551827689","449,170013",2,3,2024-04-19
2024-04-19 09:00:00,"853,2004551827689","418,429993",2,3,2024-04-19
2024-04-19 10:00:00,"853,2004551827689","379,859985",2,3,2024-04-19
2024-04-19 11:00:00,"853,2004551827689","350,679993",2,3,2024-04-19
2024-04-19 12:00:00,"853,2004551827689","335,309998",2,3,2024-04-19
2024-04-19 13:00:00,"853,2004551827689","332,480011",2,3,2024-04-19
2024-04-19 14:00:00,"853,2004551827689","379,859985",2,3,2024-04-19
2024-04-19 15:00:00,"853,2004551827689","424,920013",2,3,2024-04-19
2024-04-19 16:00:00,"853,2004551827689","473,720001",2,3,2024-04-19
2024-04-19 17:00:00,"885,1630231270502","475,660004",2,3,2024-04-19
2024-04-19 18:00:00,"885,1630231270502","482,670013",2,3,2024-04-19
2024-04-19 19:00:00,"853,2004551827689","493,940002",2,3,2024-04-19
2024-04-19 20:00:00,"853,2004551827689","477,149994",2,3,2024-04-19
2024-04-19 21:00:00,"853,2004551827689","471,179993",2,3,2024-04-19
2024-04-19 22:00:00,"853,2004551827689","449,529999",2,3,2024-04-19
2024-04-19 23:00:00,"853,2004551827689","432,589996",2,3,2024-04-19
2024-04-20 00:00:00,"853,2004551827689","427,809998",2,3,2024-04-20
2024-04-20 01:00:00,"853,2004551827689","430,950012",2,3,2024-04-20
2024-04-20 02:00:00,"853,2004551827689","455,5",2,3,2024-04-20
2024-04-20 03:00:00,"853,2004551827689","468,850006",2,3,2024-04-20
2024-04-20 04:00:00,"853,2004551827689","476,98999",2,3,2024-04-20
2024-04-20 05:00:00,"853,2004551827689","507,279999",2,3,2024-04-20
2024-04-20 06:00:00,"853,2004551827689","485,350006",2,3,2024-04-20
2024-04-20 07:00:00,"853,2004551827689","446,98999",2,3,2024-04-20
2024-04-20 08:00:00,"853,2004551827689","373,48999",2,3,2024-04-20
2024-04-20 09:00:00,"853,2004551827689","286,769989",2,3,2024-04-20
2024-04-20 10:00:00,"853,2004551827689","216,179993",2,3,2024-04-20
2024-04-20 11:00:00,"853,2004551827689","92,010002",2,3,2024-04-20
2024-04-20 12:00:00,"853,2004551827689","78,730003",2,3,2024-04-20
2024-04-20 13:00:00,"853,2004551827689","136,779999",2,3,2024-04-20
2024-04-20 14:00:00,"853,2004551827689","279,160004",2,3,2024-04-20
2024-04-20 15:00:00,"853,2004551827689","468,850006",2,3,2024-04-20
2024-04-20 16:00:00,"853,2004551827689","588,77002",2,3,2024-04-20
2024-04-20 17:00:00,"853,2004551827689","668,690002",2,3,2024-04-20
2024-04-20 18:00:00,"853,2004551827689","724,140015",2,3,2024-04-20
2024-04-20 19:00:00,"853,2004551827689","673,919983",2,3,2024-04-20
2024-04-20 20:00:00,"853,2004551827689","642,280029",2,3,2024-04-20
2024-04-20 21:00:00,"853,2004551827689","618,619995",2,3,2024-04-20
2024-04-20 22:00:00,"853,2004551827689","610,679993",2,3,2024-04-20
2024-04-20 23:00:00,"853,2004551827689","526,669983",2,3,2024-04-20
2024-04-21 00:00:00,"853,2004551827689","518,76001",2,3,2024-04-21
2024-04-21 01:00:00,"853,2004551827689","480,48999",2,3,2024-04-21
2024-04-21 02:00:00,"853,2004551827689","476,609985",2,3,2024-04-21
2024-04-21 03:00:00,"853,2004551827689","474,670013",2,3,2024-04-21
2024-04-21 04:00:00,"853,2004551827689","480,709991",2,3,2024-04-21
2024-04-21 05:00:00,"853,2004551827689","451,609985",2,3,2024-04-21
2024-04-21 06:00:00,"853,2004551827689","454,220001",2,3,2024-04-21
2024-04-21 07:00:00,"853,2004551827689","413,190002",2,3,2024-04-21
2024-04-21 08:00:00,"853,2004551827689","246,139999",2,3,2024-04-21
2024-04-21 09:00:00,"853,2004551827689","275,76001",2,3,2024-04-21
2024-04-21 10:00:00,"853,2004551827689","45,209999",2,3,2024-04-21
2024-04-21 11:00:00,"853,2004551827689","2,09",2,3,2024-04-21
2024-04-21 12:00:00,"853,2004551827689","-6,71",2,3,2024-04-21
2024-04-21 13:00:00,"853,2004551827689","5,6",2,3,2024-04-21
2024-04-21 14:00:00,"853,2004551827689","44,84",2,3,2024-04-21
2024-04-21 15:00:00,"853,2004551827689","434,380005",2,3,2024-04-21
2024-04-21 16:00:00,"853,2004551827689","556,590027",2,3,2024-04-21
2024-04-21 17:00:00,"894,4213548019127","666,710022",2,3,2024-04-21
2024-04-21 18:00:00,"893,9575450950035","710,72998",2,3,2024-04-21
2024-04-21 19:00:00,"854,6319659321128","679,469971",2,3,2024-04-21
2024-04-21 20:00:00,"853,2004551827689","667,080017",2,3,2024-04-21
2024-04-21 21:00:00,"853,2004551827689","660,0",2,3,2024-04-21
2024-04-21 22:00:00,"853,2004551827689","589,190002",2,3,2024-04-21
2024-04-21 23:00:00,"853,2004551827689","582,330017",2,3,2024-04-21
2024-04-22 00:00:00,"777,9803762140637","585,23999",2,4,2024-04-22
2024-04-22 01:00:00,"805,1590959010748","596,280029",2,4,2024-04-22
2024-04-22 02:00:00,"853,2004551827689","595,309998",2,4,2024-04-22
2024-04-22 03:00:00,"853,2004551827689","652,830017",2,4,2024-04-22
2024-04-22 04:00:00,"854,6319659321128","790,109985",2,4,2024-04-22
2024-04-22 05:00:00,"963,8997291960094","975,820007",2,4,2024-04-22
2024-04-22 06:00:00,"921,4939624192675","876,359985",2,4,2024-04-22
2024-04-22 07:00:00,"853,2004551827689","724,090027",2,4,2024-04-22
2024-04-22 08:00:00,"853,2004551827689","610,75",2,4,2024-04-22
2024-04-22 09:00:00,"853,2004551827689","606,130005",2,4,2024-04-22
2024-04-22 10:00:00,"853,2004551827689","574,869995",2,4,2024-04-22
2024-04-22 11:00:00,"853,2004551827689","549,650024",2,4,2024-04-22
2024-04-22 12:00:00,"853,2004551827689","553,080017",2,4,2024-04-22
2024-04-22 13:00:00,"853,2004551827689","559,650024",2,4,2024-04-22
2024-04-22 14:00:00,"853,2004551827689","536,440002",2,4,2024-04-22
2024-04-22 15:00:00,"853,2004551827689","722,150024",2,4,2024-04-22
2024-04-22 16:00:00,"853,2004551827689","881,880005",2,4,2024-04-22
2024-04-22 17:00:00,"853,2004551827689","1223,969971",2,4,2024-04-22
2024-04-22 18:00:00,"853,2004551827689","1275,52002",2,4,2024-04-22
2024-04-22 19:00:00,"853,2004551827689","970,299988",2,4,2024-04-22
2024-04-22 20:00:00,"853,2004551827689","789,140015",2,4,2024-04-22
2024-04-22 21:00:00,"853,2004551827689","723,640015",2,4,2024-04-22
2024-04-22 22:00:00,"853,2004551827689","658,969971",2,4,2024-04-22
2024-04-22 23:00:00,"853,2004551827689","646,809998",2,4,2024-04-22
2024-04-23 00:00:00,"853,2004551827689","641,289978",2,4,2024-04-23
2024-04-23 01:00:00,"853,2004551827689","637,340027",2,4,2024-04-23
2024-04-23 02:00:00,"853,2004551827689","644,280029",2,4,2024-04-23
2024-04-23 03:00:00,"853,2004551827689","728,890015",2,4,2024-04-23
2024-04-23 04:00:00,"853,2004551827689","905,789978",2,4,2024-04-23
2024-04-23 05:00:00,"853,2004551827689","1352,420044",2,4,2024-04-23
2024-04-23 06:00:00,"853,2004551827689","1016,820007",2,4,2024-04-23
2024-04-23 07:00:00,"853,2004551827689","734,030029",2,4,2024-04-23
2024-04-23 08:00:00,"853,2004551827689","618,309998",2,4,2024-04-23
2024-04-23 09:00:00,"853,2004551827689","576,450012",2,4,2024-04-23
2024-04-23 10:00:00,"853,2004551827689","577,950012",2,4,2024-04-23
2024-04-23 11:00:00,"853,2004551827689","592,27002",2,4,2024-04-23
2024-04-23 12:00:00,"853,2004551827689","586,599976",2,4,2024-04-23
2024-04-23 13:00:00,"853,2004551827689","597,049988",2,4,2024-04-23
2024-04-23 14:00:00,"853,2004551827689","619,429993",2,4,2024-04-23
2024-04-23 15:00:00,"853,2004551827689","671,289978",2,4,2024-04-23
2024-04-23 16:00:00,"853,2004551827689","764,030029",2,4,2024-04-23
2024-04-23 17:00:00,"885,1630231270502","917,799988",2,4,2024-04-23
2024-04-23 18:00:00,"887,2944616767238","933,169983",2,4,2024-04-23
2024-04-23 19:00:00,"853,2004551827689","784,169983",2,4,2024-04-23
2024-04-23 20:00:00,"853,2004551827689","691,880005",2,4,2024-04-23
2024-04-23 21:00:00,"853,2004551827689","608,460022",2,4,2024-04-23
2024-04-23 22:00:00,"853,2004551827689","600,929993",2,4,2024-04-23
2024-04-23 23:00:00,"853,2004551827689","569,150024",2,4,2024-04-23
2024-04-24 00:00:00,"853,2004551827689","566,090027",2,4,2024-04-24
2024-04-24 01:00:00,"853,2004551827689","545,130005",2,4,2024-04-24
2024-04-24 02:00:00,"853,2004551827689","567,289978",2,4,2024-04-24
2024-04-24 03:00:00,"853,2004551827689","610,47998",2,4,2024-04-24
2024-04-24 04:00:00,"857,7784220558731","758,419983",2,4,2024-04-24
2024-04-24 05:00:00,"964,4185965310184","956,200012",2,4,2024-04-24
2024-04-24 06:00:00,"956,1745361509886","798,780029",2,4,2024-04-24
2024-04-24 07:00:00,"885,1630231270502","684,940002",2,4,2024-04-24
2024-04-24 08:00:00,"853,2004551827689","676,960022",2,4,2024-04-24
2024-04-24 09:00:00,"853,2004551827689","659,130005",2,4,2024-04-24
2024-04-24 10:00:00,"853,2004551827689","616,22998",2,4,2024-04-24
2024-04-24 11:00:00,"853,2004551827689","597,5",2,4,2024-04-24
2024-04-24 12:00:00,"853,2004551827689","570,940002",2,4,2024-04-24
2024-04-24 13:00:00,"853,2004551827689","602,130005",2,4,2024-04-24
2024-04-24 14:00:00,"853,2004551827689","605,190002",2,4,2024-04-24
2024-04-24 15:00:00,"853,2004551827689","646,070007",2,4,2024-04-24
2024-04-24 16:00:00,"912,2579885943","757,530029",2,4,2024-04-24
2024-04-24 17:00:00,"1023,0825660374062","1008,640015",2,4,2024-04-24
2024-04-24 18:00:00,"1026,3128386277285","1070,119995",2,4,2024-04-24
2024-04-24 19:00:00,"912,8258309300849","903,900024",2,4,2024-04-24
2024-04-24 20:00:00,"853,2004551827689","785,650024",2,4,2024-04-24
2024-04-24 21:00:00,"853,2004551827689","673,0",2,4,2024-04-24
2024-04-24 22:00:00,"853,2004551827689","622,700012",2,4,2024-04-24
2024-04-24 23:00:00,"853,2004551827689","596,599976",2,4,2024-04-24
2024-04-25 00:00:00,"853,2004551827689","576,97998",2,4,2024-04-25
2024-04-25 01:00:00,"853,2004551827689","567,140015",2,4,2024-04-25
2024-04-25 02:00:00,"853,2004551827689","561,099976",2,4,2024-04-25
2024-04-25 03:00:00,"853,2004551827689","626,580017",2,4,2024-04-25
2024-04-25 04:00:00,"853,2004551827689","763,940002",2,4,2024-04-25
2024-04-25 05:00:00,"893,9575450950035","962,390015",2,4,2024-04-25
2024-04-25 06:00:00,"853,2004551827689","840,530029",2,4,2024-04-25
2024-04-25 07:00:00,"853,2004551827689","686,830017",2,4,2024-04-25
2024-04-25 08:00:00,"853,2004551827689","596,669983",2,4,2024-04-25
2024-04-25 09:00:00,"853,2004551827689","583,169983",2,4,2024-04-25
2024-04-25 10:00:00,"853,2004551827689","551,26001",2,4,2024-04-25
2024-04-25 11:00:00,"853,2004551827689","512,099976",2,4,2024-04-25
2024-04-25 12:00:00,"853,2004551827689","495,25",2,4,2024-04-25
2024-04-25 13:00:00,"853,2004551827689","516,950012",2,4,2024-04-25
2024-04-25 14:00:00,"853,2004551827689","542,97998",2,4,2024-04-25
2024-04-25 15:00:00,"853,2004551827689","595,700012",2,4,2024-04-25
2024-04-25 16:00:00,"853,2004551827689","709,72998",2,4,2024-04-25
2024-04-25 17:00:00,"936,3174744704146","1052,170044",2,4,2024-04-25
2024-04-25 18:00:00,"926,6365285672731","1135,699951",2,4,2024-04-25
2024-04-25 19:00:00,"856,9710463094245","847,98999",2,4,2024-04-25
2024-04-25 20:00:00,"853,2004551827689","681,23999",2,4,2024-04-25
2024-04-25 21:00:00,"853,2004551827689","594,659973",2,4,2024-04-25
2024-04-25 22:00:00,"853,2004551827689","595,719971",2,4,2024-04-25
2024-04-25 23:00:00,"853,2004551827689","551,929993",2,4,2024-04-25
2024-04-26 00:00:00,"853,2004551827689","553,429993",2,4,2024-04-26
2024-04-26 01:00:00,"853,2004551827689","552,460022",2,4,2024-04-26
2024-04-26 02:00:00,"853,2004551827689","575,049988",2,4,2024-04-26
2024-04-26 03:00:00,"853,2004551827689","618,909973",2,4,2024-04-26
2024-04-26 04:00:00,"853,2004551827689","697,380005",2,4,2024-04-26
2024-04-26 05:00:00,"853,2004551827689","776,140015",2,4,2024-04-26
2024-04-26 06:00:00,"853,2004551827689","716,469971",2,4,2024-04-26
2024-04-26 07:00:00,"853,2004551827689","604,73999",2,4,2024-04-26
2024-04-26 08:00:00,"853,2004551827689","580,349976",2,4,2024-04-26
2024-04-26 09:00:00,"853,2004551827689","544,099976",2,4,2024-04-26
2024-04-26 10:00:00,"853,2004551827689","524,710022",2,4,2024-04-26
2024-04-26 11:00:00,"853,2004551827689","512,700012",2,4,2024-04-26
2024-04-26 12:00:00,"853,2004551827689","487,570007",2,4,2024-04-26
2024-04-26 13:00:00,"853,2004551827689","521,5",2,4,2024-04-26
2024-04-26 14:00:00,"853,2004551827689","534,780029",2,4,2024-04-26
2024-04-26 15:00:00,"853,2004551827689","600,119995",2,4,2024-04-26
2024-04-26 16:00:00,"853,2004551827689","700,210022",2,4,2024-04-26
2024-04-26 17:00:00,"853,2004551827689","959,25",2,4,2024-04-26
2024-04-26 18:00:00,"853,2004551827689","1018,539978",2,4,2024-04-26
2024-04-26 19:00:00,"853,2004551827689","820,440002",2,4,2024-04-26
2024-04-26 20:00:00,"853,2004551827689","691,47998",2,4,2024-04-26
2024-04-26 21:00:00,"853,2004551827689","658,289978",2,4,2024-04-26
2024-04-26 22:00:00,"853,2004551827689","673,330017",2,4,2024-04-26
2024-04-26 23:00:00,"853,2004551827689","662,960022",2,4,2024-04-26
2024-04-27 00:00:00,"853,2004551827689","645,72998",2,4,2024-04-27
2024-04-27 01:00:00,"853,2004551827689","663,929993",2,4,2024-04-27
2024-04-27 02:00:00,"853,2004551827689","653,940002",2,4,2024-04-27
2024-04-27 03:00:00,"853,2004551827689","625,52002",2,4,2024-04-27
2024-04-27 04:00:00,"853,2004551827689","641,929993",2,4,2024-04-27
2024-04-27 05:00:00,"853,2004551827689","589,429993",2,4,2024-04-27
2024-04-27 06:00:00,"853,2004551827689","511,950012",2,4,2024-04-27
2024-04-27 07:00:00,"853,2004551827689","440,51001",2,4,2024-04-27
2024-04-27 08:00:00,"853,2004551827689","284,950012",2,4,2024-04-27
2024-04-27 09:00:00,"853,2004551827689","194,559998",2,4,2024-04-27
2024-04-27 10:00:00,"853,2004551827689","294,640015",2,4,2024-04-27
2024-04-27 11:00:00,"853,2004551827689","308,809998",2,4,2024-04-27
2024-04-27 12:00:00,"853,2004551827689","182,710007",2,4,2024-04-27
2024-04-27 13:00:00,"853,2004551827689","75,019997",2,4,2024-04-27
2024-04-27 14:00:00,"853,2004551827689","156,080002",2,4,2024-04-27
2024-04-27 15:00:00,"853,2004551827689","463,700012",2,4,2024-04-27
2024-04-27 16:00:00,"853,2004551827689","642,679993",2,4,2024-04-27
2024-04-27 17:00:00,"853,2004551827689","894,140015",2,4,2024-04-27
2024-04-27 18:00:00,"853,2004551827689","837,23999",2,4,2024-04-27
2024-04-27 19:00:00,"853,2004551827689","633,880005",2,4,2024-04-27
2024-04-27 20:00:00,"853,2004551827689","566,01001",2,4,2024-04-27
2024-04-27 21:00:00,"853,2004551827689","486,440002",2,4,2024-04-27
2024-04-27 22:00:00,"853,2004551827689","420,570007",2,4,2024-04-27
2024-04-27 23:00:00,"853,2004551827689","344,119995",2,4,2024-04-27
2024-04-28 00:00:00,"853,2004551827689","295,350006",2,4,2024-04-28
2024-04-28 01:00:00,"853,2004551827689","235,309998",2,4,2024-04-28
2024-04-28 02:00:00,"853,2004551827689","205,850006",2,4,2024-04-28
2024-04-28 03:00:00,"853,2004551827689","194,289993",2,4,2024-04-28
2024-04-28 04:00:00,"853,2004551827689","74,209999",2,4,2024-04-28
2024-04-28 05:00:00,"853,2004551827689","1,86",2,4,2024-04-28
2024-04-28 06:00:00,"853,2004551827689","1,94",2,4,2024-04-28
2024-04-28 07:00:00,"853,2004551827689","1,64",2,4,2024-04-28
2024-04-28 08:00:00,"853,2004551827689","0,0",2,4,2024-04-28
2024-04-28 09:00:00,"853,2004551827689","-7,16",2,4,2024-04-28
2024-04-28 10:00:00,"853,2004551827689","-18,049999",2,4,2024-04-28
2024-04-28 11:00:00,"853,2004551827689","-18,65",2,4,2024-04-28
2024-04-28 12:00:00,"853,2004551827689","-18,790001",2,4,2024-04-28
2024-04-28 13:00:00,"853,2004551827689","-15,66",2,4,2024-04-28
2024-04-28 14:00:00,"853,2004551827689","-15,51",2,4,2024-04-28
2024-04-28 15:00:00,"853,2004551827689","-0,15",2,4,2024-04-28
2024-04-28 16:00:00,"853,2004551827689","189,289993",2,4,2024-04-28
2024-04-28 17:00:00,"885,1630231270502","517,299988",2,4,2024-04-28
2024-04-28 18:00:00,"904,0026971813236","577,640015",2,4,2024-04-28
2024-04-28 19:00:00,"885,1630231270502","583,159973",2,4,2024-04-28
2024-04-28 20:00:00,"853,2004551827689","468,079987",2,4,2024-04-28
2024-04-28 21:00:00,"853,2004551827689","417,890015",2,4,2024-04-28
2024-04-28 22:00:00,"853,2004551827689","306,529999",2,4,2024-04-28
2024-04-28 23:00:00,"853,2004551827689","370,75",2,4,2024-04-28
2024-07-01 00:00:00,"806,9047900719547","583,150024",3,1,2024-07-01
2024-07-01 01:00:00,"853,2004551827689","581,809998",3,1,2024-07-01
2024-07-01 02:00:00,"853,2004551827689","564,059998",3,1,2024-07-01
2024-07-01 03:00:00,"853,2004551827689","602,76001",3,1,2024-07-01
2024-07-01 04:00:00,"956,6366692105938","907,349976",3,1,2024-07-01
2024-07-01 05:00:00,"1006,1406226132736","1018,109985",3,1,2024-07-01
2024-07-01 06:00:00,"947,5211432738322","963,590027",3,1,2024-07-01
2024-07-01 07:00:00,"853,2004551827689","841,27002",3,1,2024-07-01
2024-07-01 08:00:00,"853,2004551827689","750,289978",3,1,2024-07-01
2024-07-01 09:00:00,"853,2004551827689","642,070007",3,1,2024-07-01
2024-07-01 10:00:00,"853,2004551827689","493,200012",3,1,2024-07-01
2024-07-01 11:00:00,"853,2004551827689","318,609985",3,1,2024-07-01
2024-07-01 12:00:00,"853,2004551827689","258,5",3,1,2024-07-01
2024-07-01 13:00:00,"853,2004551827689","242,759995",3,1,2024-07-01
2024-07-01 14:00:00,"853,2004551827689","231,649994",3,1,2024-07-01
2024-07-01 15:00:00,"853,2004551827689","410,200012",3,1,2024-07-01
2024-07-01 16:00:00,"894,4213548019127","538,77002",3,1,2024-07-01
2024-07-01 17:00:00,"996,6875950738199","733,72998",3,1,2024-07-01
2024-07-01 18:00:00,"1093,4222659928396","791,080017",3,1,2024-07-01
2024-07-01 19:00:00,"1051,2223864740547","939,719971",3,1,2024-07-01
2024-07-01 20:00:00,"926,3337208335521","782,580017",3,1,2024-07-01
2024-07-01 21:00:00,"853,2004551827689","653,700012",3,1,2024-07-01
2024-07-01 22:00:00,"853,2004551827689","593,919983",3,1,2024-07-01
2024-07-01 23:00:00,"853,2004551827689","462,350006",3,1,2024-07-01
2024-07-02 00:00:00,"853,2004551827689","375,829987",3,1,2024-07-02
2024-07-02 01:00:00,"853,2004551827689","402,829987",3,1,2024-07-02
2024-07-02 02:00:00,"853,2004551827689","343,98999",3,1,2024-07-02
2024-07-02 03:00:00,"853,2004551827689","379,040009",3,1,2024-07-02
2024-07-02 04:00:00,"913,7160642900895","518,070007",3,1,2024-07-02
2024-07-02 05:00:00,"936,3174744704146","496,140015",3,1,2024-07-02
2024-07-02 06:00:00,"885,1630231270502","611,299988",3,1,2024-07-02
2024-07-02 07:00:00,"853,2004551827689","498,970001",3,1,2024-07-02
2024-07-02 08:00:00,"853,2004551827689","293,119995",3,1,2024-07-02
2024-07-02 09:00:00,"853,2004551827689","265,369995",3,1,2024-07-02
2024-07-02 10:00:00,"853,2004551827689","263,51001",3,1,2024-07-02
2024-07-02 11:00:00,"853,2004551827689","257,98999",3,1,2024-07-02
2024-07-02 12:00:00,"853,2004551827689","252,990005",3,1,2024-07-02
2024-07-02 13:00:00,"853,2004551827689","243,070007",3,1,2024-07-02
2024-07-02 14:00:00,"853,2004551827689","249,410004",3,1,2024-07-02
2024-07-02 15:00:00,"853,2004551827689","262,170013",3,1,2024-07-02
2024-07-02 16:00:00,"887,2944616767238","261,720001",3,1,2024-07-02
2024-07-02 17:00:00,"960,5528523900459","267,160004",3,1,2024-07-02
2024-07-02 18:00:00,"997,2240010479685","311,98999",3,1,2024-07-02
2024-07-02 19:00:00,"951,8928582935175","436,920013",3,1,2024-07-02
2024-07-02 20:00:00,"903,1578321384113","345,779999",3,1,2024-07-02
2024-07-02 21:00:00,"854,6319659321128","301,100006",3,1,2024-07-02
2024-07-02 22:00:00,"995,8084899948589","277,459991",3,1,2024-07-02
2024-07-02 23:00:00,"975,2087003840363","268,809998",3,1,2024-07-02
2024-07-03 00:00:00,"972,638670524414","267,23999",3,1,2024-07-03
2024-07-03 01:00:00,"1023,7917851241953","270,380005",3,1,2024-07-03
2024-07-03 02:00:00,"1027,5777414298504","288,649994",3,1,2024-07-03
2024-07-03 03:00:00,"1027,5777414298504","439,309998",3,1,2024-07-03
2024-07-03 04:00:00,"1027,5777414298504","647,929993",3,1,2024-07-03
2024-07-03 05:00:00,"1027,5777414298504","729,599976",3,1,2024-07-03
2024-07-03 06:00:00,"1027,5777414298504","771,669983",3,1,2024-07-03
2024-07-03 07:00:00,"853,2004551827689","416,709991",3,1,2024-07-03
2024-07-03 08:00:00,"853,2004551827689","323,029999",3,1,2024-07-03
2024-07-03 09:00:00,"853,2004551827689","298,119995",3,1,2024-07-03
2024-07-03 10:00:00,"853,2004551827689","291,859985",3,1,2024-07-03
2024-07-03 11:00:00,"853,2004551827689","296,179993",3,1,2024-07-03
2024-07-03 12:00:00,"853,2004551827689","306,100006",3,1,2024-07-03
2024-07-03 13:00:00,"853,2004551827689","317,220001",3,1,2024-07-03
2024-07-03 14:00:00,"853,2004551827689","376,660004",3,1,2024-07-03
2024-07-03 15:00:00,"885,1630231270502","590,5",3,1,2024-07-03
2024-07-03 16:00:00,"1048,487495021276","697,830017",3,1,2024-07-03
2024-07-03 17:00:00,"1072,8737827180983","831,27002",3,1,2024-07-03
2024-07-03 18:00:00,"1072,8737827180983","1149,969971",3,1,2024-07-03
2024-07-03 19:00:00,"1072,8737827180983","784,130005",3,1,2024-07-03
2024-07-03 20:00:00,"1072,8737827180983","655,23999",3,1,2024-07-03
2024-07-03 21:00:00,"1072,8737827180983","513,900024",3,1,2024-07-03
2024-07-03 22:00:00,"861,7185012259807","436,329987",3,1,2024-07-03
2024-07-03 23:00:00,"853,2004551827689","228,75",3,1,2024-07-03
2024-07-04 00:00:00,"853,2004551827689","154,240005",3,1,2024-07-04
2024-07-04 01:00:00,"853,2004551827689","130,149994",3,1,2024-07-04
2024-07-04 02:00:00,"853,2004551827689","70,779999",3,1,2024-07-04
2024-07-04 03:00:00,"853,2004551827689","74,730003",3,1,2024-07-04
2024-07-04 04:00:00,"937,0873008549553","197,429993",3,1,2024-07-04
2024-07-04 05:00:00,"948,6861732602674","223,759995",3,1,2024-07-04
2024-07-04 06:00:00,"916,7747022187001","235,910004",3,1,2024-07-04
2024-07-04 07:00:00,"853,2004551827689","168,940002",3,1,2024-07-04
2024-07-04 08:00:00,"853,2004551827689","14,17",3,1,2024-07-04
2024-07-04 09:00:00,"853,2004551827689","0,0",3,1,2024-07-04
2024-07-04 10:00:00,"853,2004551827689","-0,3",3,1,2024-07-04
2024-07-04 11:00:00,"853,2004551827689","-37,52",3,1,2024-07-04
2024-07-04 12:00:00,"853,2004551827689","-142,380005",3,1,2024-07-04
2024-07-04 13:00:00,"853,2004551827689","-100,470001",3,1,2024-07-04
2024-07-04 14:00:00,"853,2004551827689","-39,599998",3,1,2024-07-04
2024-07-04 15:00:00,"853,2004551827689","-0,22",3,1,2024-07-04
2024-07-04 16:00:00,"893,9575450950035","50,490002",3,1,2024-07-04
2024-07-04 17:00:00,"969,7034517714571","216,300003",3,1,2024-07-04
2024-07-04 18:00:00,"1106,8580255830034","336,160004",3,1,2024-07-04
2024-07-04 19:00:00,"1049,6707247176098","289,320007",3,1,2024-07-04
2024-07-04 20:00:00,"926,3337208335521","288,5",3,1,2024-07-04
2024-07-04 21:00:00,"885,1630231270502","284,170013",3,1,2024-07-04
2024-07-04 22:00:00,"861,7185012259807","51,610001",3,1,2024-07-04
2024-07-04 23:00:00,"853,2004551827689","36,02",3,1,2024-07-04
2024-07-05 00:00:00,"853,2004551827689","29,83",3,1,2024-07-05
2024-07-05 01:00:00,"853,2004551827689","19,91",3,1,2024-07-05
2024-07-05 02:00:00,"853,2004551827689","21,780001",3,1,2024-07-05
2024-07-05 03:00:00,"853,2004551827689","42,66",3,1,2024-07-05
2024-07-05 04:00:00,"893,9575450950035","149,100006",3,1,2024-07-05
2024-07-05 05:00:00,"913,7160642900895","216,970001",3,1,2024-07-05
2024-07-05 06:00:00,"894,4213548019127","234,720001",3,1,2024-07-05
2024-07-05 07:00:00,"854,6319659321128","138,429993",3,1,2024-07-05
2024-07-05 08:00:00,"853,2004551827689","22,0",3,1,2024-07-05
2024-07-05 09:00:00,"853,2004551827689","3,06",3,1,2024-07-05
2024-07-05 10:00:00,"853,2004551827689","-0,3",3,1,2024-07-05
2024-07-05 11:00:00,"853,2004551827689","-4,1",3,1,2024-07-05
2024-07-05 12:00:00,"853,2004551827689","-5,74",3,1,2024-07-05
2024-07-05 13:00:00,"853,2004551827689","-0,22",3,1,2024-07-05
2024-07-05 14:00:00,"853,2004551827689","14,4",3,1,2024-07-05
2024-07-05 15:00:00,"853,2004551827689","125,379997",3,1,2024-07-05
2024-07-05 16:00:00,"853,2004551827689","186,839996",3,1,2024-07-05
2024-07-05 17:00:00,"917,6699236840697","273,730011",3,1,2024-07-05
2024-07-05 18:00:00,"936,3174744704146","282,01001",3,1,2024-07-05
2024-07-05 19:00:00,"941,020795778349","447,959991",3,1,2024-07-05
2024-07-05 20:00:00,"893,9575450950035","618,02002",3,1,2024-07-05
2024-07-05 21:00:00,"853,2004551827689","633,609985",3,1,2024-07-05
2024-07-05 22:00:00,"853,2004551827689","637,890015",3,1,2024-07-05
2024-07-05 23:00:00,"853,2004551827689","492,73999",3,1,2024-07-05
2024-07-06 00:00:00,"853,2004551827689","473,799988",3,1,2024-07-06
2024-07-06 01:00:00,"853,2004551827689","346,540009",3,1,2024-07-06
2024-07-06 02:00:00,"853,2004551827689","288,070007",3,1,2024-07-06
2024-07-06 03:00:00,"853,2004551827689","117,029999",3,1,2024-07-06
2024-07-06 04:00:00,"853,2004551827689","42,740002",3,1,2024-07-06
2024-07-06 05:00:00,"853,2004551827689","40,049999",3,1,2024-07-06
2024-07-06 06:00:00,"853,2004551827689","25,360001",3,1,2024-07-06
2024-07-06 07:00:00,"853,2004551827689","2,39",3,1,2024-07-06
2024-07-06 08:00:00,"853,2004551827689","-0,3",3,1,2024-07-06
2024-07-06 09:00:00,"853,2004551827689","-0,15",3,1,2024-07-06
2024-07-06 10:00:00,"853,2004551827689","-0,22",3,1,2024-07-06
2024-07-06 11:00:00,"853,2004551827689","-0,9",3,1,2024-07-06
2024-07-06 12:00:00,"853,2004551827689","-16,26",3,1,2024-07-06
2024-07-06 13:00:00,"853,2004551827689","-20,209999",3,1,2024-07-06
2024-07-06 14:00:00,"853,2004551827689","-4,48",3,1,2024-07-06
2024-07-06 15:00:00,"853,2004551827689","-0,45",3,1,2024-07-06
2024-07-06 16:00:00,"853,2004551827689","14,02",3,1,2024-07-06
2024-07-06 17:00:00,"857,7784220558731","1,64",3,1,2024-07-06
2024-07-06 18:00:00,"926,6365285672731","49,900002",3,1,2024-07-06
2024-07-06 19:00:00,"903,1578321384113","70,110001",3,1,2024-07-06
2024-07-06 20:00:00,"854,6319659321128","134,259995",3,1,2024-07-06
2024-07-06 21:00:00,"853,2004551827689","104,580002",3,1,2024-07-06
2024-07-06 22:00:00,"853,2004551827689","-0,22",3,1,2024-07-06
2024-07-06 23:00:00,"853,2004551827689","-0,75",3,1,2024-07-06
2024-07-07 00:00:00,"853,2004551827689","-5,97",3,1,2024-07-07
2024-07-07 01:00:00,"853,2004551827689","-3,58",3,1,2024-07-07
2024-07-07 02:00:00,"853,2004551827689","-0,45",3,1,2024-07-07
2024-07-07 03:00:00,"853,2004551827689","-0,07",3,1,2024-07-07
2024-07-07 04:00:00,"853,2004551827689","-0,07",3,1,2024-07-07
2024-07-07 05:00:00,"853,2004551827689","-0,07",3,1,2024-07-07
2024-07-07 06:00:00,"853,2004551827689","-4,47",3,1,2024-07-07
2024-07-07 07:00:00,"853,2004551827689","-48,400002",3,1,2024-07-07
2024-07-07 08:00:00,"853,2004551827689","-74,43",3,1,2024-07-07
2024-07-07 09:00:00,"853,2004551827689","-89,800003",3,1,2024-07-07
2024-07-07 10:00:00,"853,2004551827689","-100,610001",3,1,2024-07-07
2024-07-07 11:00:00,"853,2004551827689","-112,019997",3,1,2024-07-07
2024-07-07 12:00:00,"853,2004551827689","-156,470001",3,1,2024-07-07
2024-07-07 13:00:00,"853,2004551827689","-90,989998",3,1,2024-07-07
2024-07-07 14:00:00,"853,2004551827689","-45,939999",3,1,2024-07-07
2024-07-07 15:00:00,"853,2004551827689","-0,6",3,1,2024-07-07
2024-07-07 16:00:00,"853,2004551827689","477,23999",3,1,2024-07-07
2024-07-07 17:00:00,"885,1630231270502","673,23999",3,1,2024-07-07
2024-07-07 18:00:00,"916,7747022187001","890,48999",3,1,2024-07-07
2024-07-07 19:00:00,"926,3337208335521","947,549988",3,1,2024-07-07
2024-07-07 20:00:00,"917,6699236840697","859,169983",3,1,2024-07-07
2024-07-07 21:00:00,"885,1630231270502","724,400024",3,1,2024-07-07
2024-07-07 22:00:00,"856,9710463094245","608,72998",3,1,2024-07-07
2024-07-07 23:00:00,"853,2004551827689","571,659973",3,1,2024-07-07
2024-07-08 00:00:00,"814,4832507847088","552,48999",3,2,2024-07-08
2024-07-08 01:00:00,"853,2004551827689","579,640015",3,2,2024-07-08
2024-07-08 02:00:00,"853,2004551827689","568,900024",3,2,2024-07-08
2024-07-08 03:00:00,"853,2004551827689","592,469971",3,2,2024-07-08
2024-07-08 04:00:00,"956,6366692105938","820,390015",3,2,2024-07-08
2024-07-08 05:00:00,"990,340762432654","924,580017",3,2,2024-07-08
2024-07-08 06:00:00,"941,020795778349","750,580017",3,2,2024-07-08
2024-07-08 07:00:00,"857,7784220558731","578,820007",3,2,2024-07-08
2024-07-08 08:00:00,"853,2004551827689","402,209991",3,2,2024-07-08
2024-07-08 09:00:00,"853,2004551827689","286,609985",3,2,2024-07-08
2024-07-08 10:00:00,"853,2004551827689","237,089996",3,2,2024-07-08
2024-07-08 11:00:00,"853,2004551827689","219,639999",3,2,2024-07-08
2024-07-08 12:00:00,"853,2004551827689","220,460007",3,2,2024-07-08
2024-07-08 13:00:00,"853,2004551827689","274,079987",3,2,2024-07-08
2024-07-08 14:00:00,"853,2004551827689","477,320007",3,2,2024-07-08
2024-07-08 15:00:00,"853,2004551827689","598,140015",3,2,2024-07-08
2024-07-08 16:00:00,"885,1630231270502","765,419983",3,2,2024-07-08
2024-07-08 17:00:00,"996,218914658214","1006,840027",3,2,2024-07-08
2024-07-08 18:00:00,"1177,6064479511115","1857,140015",3,2,2024-07-08
2024-07-08 19:00:00,"1070,3689489039234","1295,390015",3,2,2024-07-08
2024-07-08 20:00:00,"936,3174744704146","847,609985",3,2,2024-07-08
2024-07-08 21:00:00,"861,7185012259807","686,289978",3,2,2024-07-08
2024-07-08 22:00:00,"853,2004551827689","787,049988",3,2,2024-07-08
2024-07-08 23:00:00,"853,2004551827689","715,73999",3,2,2024-07-08
2024-07-09 00:00:00,"853,2004551827689","694,26001",3,2,2024-07-09
2024-07-09 01:00:00,"853,2004551827689","679,789978",3,2,2024-07-09
2024-07-09 02:00:00,"853,2004551827689","653,840027",3,2,2024-07-09
2024-07-09 03:00:00,"854,6319659321128","722,22998",3,2,2024-07-09
2024-07-09 04:00:00,"926,6365285672731","830,76001",3,2,2024-07-09
2024-07-09 05:00:00,"936,3174744704146","773,919983",3,2,2024-07-09
2024-07-09 06:00:00,"887,2944616767238","701,119995",3,2,2024-07-09
2024-07-09 07:00:00,"853,2004551827689","501,679993",3,2,2024-07-09
2024-07-09 08:00:00,"853,2004551827689","347,799988",3,2,2024-07-09
2024-07-09 09:00:00,"853,2004551827689","251,440002",3,2,2024-07-09
2024-07-09 10:00:00,"853,2004551827689","163,720001",3,2,2024-07-09
2024-07-09 11:00:00,"853,2004551827689","119,190002",3,2,2024-07-09
2024-07-09 12:00:00,"853,2004551827689","32,369999",3,2,2024-07-09
2024-07-09 13:00:00,"853,2004551827689","82,639999",3,2,2024-07-09
2024-07-09 14:00:00,"853,2004551827689","400,76001",3,2,2024-07-09
2024-07-09 15:00:00,"853,2004551827689","609,309998",3,2,2024-07-09
2024-07-09 16:00:00,"894,4213548019127","740,429993",3,2,2024-07-09
2024-07-09 17:00:00,"962,7004422184428","822,47998",3,2,2024-07-09
2024-07-09 18:00:00,"993,2452614168736","841,349976",3,2,2024-07-09
2024-07-09 19:00:00,"947,5211432738322","748,26001",3,2,2024-07-09
2024-07-09 20:00:00,"903,1578321384113","338,779999",3,2,2024-07-09
2024-07-09 21:00:00,"853,2004551827689","301,779999",3,2,2024-07-09
2024-07-09 22:00:00,"982,953816856097","243,110001",3,2,2024-07-09
2024-07-09 23:00:00,"968,3208800906211","246,089996",3,2,2024-07-09
2024-07-10 00:00:00,"983,4177974409147","224,009995",3,2,2024-07-10
2024-07-10 01:00:00,"1023,7917851241953","214,320007",3,2,2024-07-10
2024-07-10 02:00:00,"1027,5777414298504","223,789993",3,2,2024-07-10
2024-07-10 03:00:00,"1033,1651330663115","243,779999",3,2,2024-07-10
2024-07-10 04:00:00,"1033,1651330663115","300,700012",3,2,2024-07-10
2024-07-10 05:00:00,"1033,1651330663115","325,089996",3,2,2024-07-10
2024-07-10 06:00:00,"1033,1651330663115","622,809998",3,2,2024-07-10
2024-07-10 07:00:00,"854,6319659321128","586,109985",3,2,2024-07-10
2024-07-10 08:00:00,"853,2004551827689","484,880005",3,2,2024-07-10
2024-07-10 09:00:00,"853,2004551827689","416,029999",3,2,2024-07-10
2024-07-10 10:00:00,"853,2004551827689","351,570007",3,2,2024-07-10
2024-07-10 11:00:00,"853,2004551827689","304,059998",3,2,2024-07-10
2024-07-10 12:00:00,"853,2004551827689","392,149994",3,2,2024-07-10
2024-07-10 13:00:00,"853,2004551827689","394,690002",3,2,2024-07-10
2024-07-10 14:00:00,"853,2004551827689","441,089996",3,2,2024-07-10
2024-07-10 15:00:00,"887,2944616767238","597,820007",3,2,2024-07-10
2024-07-10 16:00:00,"1048,487495021276","595,059998",3,2,2024-07-10
2024-07-10 17:00:00,"1072,8737827180983","743,880005",3,2,2024-07-10
2024-07-10 18:00:00,"1072,8737827180983","872,780029",3,2,2024-07-10
2024-07-10 19:00:00,"1072,8737827180983","1122,75",3,2,2024-07-10
2024-07-10 20:00:00,"1072,8737827180983","850,179993",3,2,2024-07-10
2024-07-10 21:00:00,"1070,9026365399168","693,150024",3,2,2024-07-10
2024-07-10 22:00:00,"853,2004551827689","716,380005",3,2,2024-07-10
2024-07-10 23:00:00,"853,2004551827689","596,48999",3,2,2024-07-10
2024-07-11 00:00:00,"853,2004551827689","574,919983",3,2,2024-07-11
2024-07-11 01:00:00,"853,2004551827689","593,869995",3,2,2024-07-11
2024-07-11 02:00:00,"853,2004551827689","599,169983",3,2,2024-07-11
2024-07-11 03:00:00,"853,2004551827689","611,630005",3,2,2024-07-11
2024-07-11 04:00:00,"853,2004551827689","801,72998",3,2,2024-07-11
2024-07-11 05:00:00,"856,9710463094245","895,289978",3,2,2024-07-11
2024-07-11 06:00:00,"853,2004551827689","794,789978",3,2,2024-07-11
2024-07-11 07:00:00,"853,2004551827689","664,830017",3,2,2024-07-11
2024-07-11 08:00:00,"853,2004551827689","602,01001",3,2,2024-07-11
2024-07-11 09:00:00,"853,2004551827689","496,880005",3,2,2024-07-11
2024-07-11 10:00:00,"853,2004551827689","428,540009",3,2,2024-07-11
2024-07-11 11:00:00,"853,2004551827689","355,880005",3,2,2024-07-11
2024-07-11 12:00:00,"853,2004551827689","331,850006",3,2,2024-07-11
2024-07-11 13:00:00,"853,2004551827689","373,779999",3,2,2024-07-11
2024-07-11 14:00:00,"853,2004551827689","454,959991",3,2,2024-07-11
2024-07-11 15:00:00,"853,2004551827689","611,109985",3,2,2024-07-11
2024-07-11 16:00:00,"853,2004551827689","683,25",3,2,2024-07-11
2024-07-11 17:00:00,"896,503039393378","872,909973",3,2,2024-07-11
2024-07-11 18:00:00,"1044,9241208119793","1375,23999",3,2,2024-07-11
2024-07-11 19:00:00,"1011,1838083457953","1244,0",3,2,2024-07-11
2024-07-11 20:00:00,"912,2579885943","907,150024",3,2,2024-07-11
2024-07-11 21:00:00,"853,2004551827689","732,049988",3,2,2024-07-11
2024-07-11 22:00:00,"853,2004551827689","764,130005",3,2,2024-07-11
2024-07-11 23:00:00,"853,2004551827689","651,400024",3,2,2024-07-11
2024-07-12 00:00:00,"853,2004551827689","609,619995",3,2,2024-07-12
2024-07-12 01:00:00,"853,2004551827689","596,710022",3,2,2024-07-12
2024-07-12 02:00:00,"853,2004551827689","570,0",3,2,2024-07-12
2024-07-12 03:00:00,"853,2004551827689","592,159973",3,2,2024-07-12
2024-07-12 04:00:00,"853,2004551827689","805,309998",3,2,2024-07-12
2024-07-12 05:00:00,"856,9710463094245","820,080017",3,2,2024-07-12
2024-07-12 06:00:00,"853,2004551827689","817,690002",3,2,2024-07-12
2024-07-12 07:00:00,"853,2004551827689","763,97998",3,2,2024-07-12
2024-07-12 08:00:00,"853,2004551827689","715,26001",3,2,2024-07-12
2024-07-12 09:00:00,"853,2004551827689","670,200012",3,2,2024-07-12
2024-07-12 10:00:00,"853,2004551827689","621,099976",3,2,2024-07-12
2024-07-12 11:00:00,"853,2004551827689","586,409973",3,2,2024-07-12
2024-07-12 12:00:00,"853,2004551827689","582,22998",3,2,2024-07-12
2024-07-12 13:00:00,"853,2004551827689","583,349976",3,2,2024-07-12
2024-07-12 14:00:00,"853,2004551827689","624,159973",3,2,2024-07-12
2024-07-12 15:00:00,"853,2004551827689","589,400024",3,2,2024-07-12
2024-07-12 16:00:00,"853,2004551827689","671,840027",3,2,2024-07-12
2024-07-12 17:00:00,"885,1630231270502","720,849976",3,2,2024-07-12
2024-07-12 18:00:00,"947,9832763334375","683,400024",3,2,2024-07-12
2024-07-12 19:00:00,"953,4680907685779","705,859985",3,2,2024-07-12
2024-07-12 20:00:00,"912,2579885943","639,090027",3,2,2024-07-12
2024-07-12 21:00:00,"854,6319659321128","522,330017",3,2,2024-07-12
2024-07-12 22:00:00,"857,7784220558731","251,740005",3,2,2024-07-12
2024-07-12 23:00:00,"853,2004551827689","242,940002",3,2,2024-07-12
2024-07-13 00:00:00,"853,2004551827689","259,869995",3,2,2024-07-13
2024-07-13 01:00:00,"853,2004551827689","247,710007",3,2,2024-07-13
2024-07-13 02:00:00,"853,2004551827689","243,610001",3,2,2024-07-13
2024-07-13 03:00:00,"853,2004551827689","231,149994",3,2,2024-07-13
2024-07-13 04:00:00,"853,2004551827689","227,860001",3,2,2024-07-13
2024-07-13 05:00:00,"853,2004551827689","207,570007",3,2,2024-07-13
2024-07-13 06:00:00,"853,2004551827689","198,470001",3,2,2024-07-13
2024-07-13 07:00:00,"853,2004551827689","156,460007",3,2,2024-07-13
2024-07-13 08:00:00,"853,2004551827689","38,5",3,2,2024-07-13
2024-07-13 09:00:00,"853,2004551827689","0,3",3,2,2024-07-13
2024-07-13 10:00:00,"853,2004551827689","-0,07",3,2,2024-07-13
2024-07-13 11:00:00,"853,2004551827689","-6,49",3,2,2024-07-13
2024-07-13 12:00:00,"853,2004551827689","-6,04",3,2,2024-07-13
2024-07-13 13:00:00,"853,2004551827689","-0,45",3,2,2024-07-13
2024-07-13 14:00:00,"853,2004551827689","10,52",3,2,2024-07-13
2024-07-13 15:00:00,"853,2004551827689","-0,07",3,2,2024-07-13
2024-07-13 16:00:00,"853,2004551827689","214,660004",3,2,2024-07-13
2024-07-13 17:00:00,"853,2004551827689","375,519989",3,2,2024-07-13
2024-07-13 18:00:00,"853,2004551827689","562,950012",3,2,2024-07-13
2024-07-13 19:00:00,"853,2004551827689","568,98999",3,2,2024-07-13
2024-07-13 20:00:00,"853,2004551827689","588,23999",3,2,2024-07-13
2024-07-13 21:00:00,"853,2004551827689","470,049988",3,2,2024-07-13
2024-07-13 22:00:00,"853,2004551827689","663,700012",3,2,2024-07-13
2024-07-13 23:00:00,"853,2004551827689","471,48999",3,2,2024-07-13
2024-07-14 00:00:00,"853,2004551827689","413,73999",3,2,2024-07-14
2024-07-14 01:00:00,"853,2004551827689","330,540009",3,2,2024-07-14
2024-07-14 02:00:00,"853,2004551827689","283,01001",3,2,2024-07-14
2024-07-14 03:00:00,"853,2004551827689","274,660004",3,2,2024-07-14
2024-07-14 04:00:00,"853,2004551827689","238,470001",3,2,2024-07-14
2024-07-14 05:00:00,"853,2004551827689","106,550003",3,2,2024-07-14
2024-07-14 06:00:00,"853,2004551827689","2,16",3,2,2024-07-14
2024-07-14 07:00:00,"853,2004551827689","-17,09",3,2,2024-07-14
2024-07-14 08:00:00,"853,2004551827689","-22,530001",3,2,2024-07-14
2024-07-14 09:00:00,"853,2004551827689","-25,370001",3,2,2024-07-14
2024-07-14 10:00:00,"853,2004551827689","-31,49",3,2,2024-07-14
2024-07-14 11:00:00,"853,2004551827689","-38,5",3,2,2024-07-14
2024-07-14 12:00:00,"853,2004551827689","-47,830002",3,2,2024-07-14
2024-07-14 13:00:00,"853,2004551827689","-39,990002",3,2,2024-07-14
2024-07-14 14:00:00,"853,2004551827689","-75,809998",3,2,2024-07-14
2024-07-14 15:00:00,"853,2004551827689","-0,37",3,2,2024-07-14
2024-07-14 16:00:00,"853,2004551827689","347,26001",3,2,2024-07-14
2024-07-14 17:00:00,"854,6319659321128","654,820007",3,2,2024-07-14
2024-07-14 18:00:00,"921,4939624192675","841,650024",3,2,2024-07-14
2024-07-14 19:00:00,"936,3174744704146","806,059998",3,2,2024-07-14
2024-07-14 20:00:00,"913,7160642900895","789,719971",3,2,2024-07-14
2024-07-14 21:00:00,"885,1630231270502","649,590027",3,2,2024-07-14
2024-07-14 22:00:00,"885,1630231270502","592,070007",3,2,2024-07-14
2024-07-14 23:00:00,"853,2004551827689","494,25",3,2,2024-07-14
2024-07-15 00:00:00,"820,077648729397","434,029999",3,3,2024-07-15
2024-07-15 01:00:00,"853,2004551827689","361,059998",3,3,2024-07-15
2024-07-15 02:00:00,"853,2004551827689","388,73999",3,3,2024-07-15
2024-07-15 03:00:00,"853,2004551827689","482,160004",3,3,2024-07-15
2024-07-15 04:00:00,"949,1483063198726","482,609985",3,3,2024-07-15
2024-07-15 05:00:00,"962,6672714071829","482,380005",3,3,2024-07-15
2024-07-15 06:00:00,"926,6365285672731","482,079987",3,3,2024-07-15
2024-07-15 07:00:00,"854,6319659321128","299,200012",3,3,2024-07-15
2024-07-15 08:00:00,"853,2004551827689","265,029999",3,3,2024-07-15
2024-07-15 09:00:00,"853,2004551827689","84,239998",3,3,2024-07-15
2024-07-15 10:00:00,"853,2004551827689","0,52",3,3,2024-07-15
2024-07-15 11:00:00,"853,2004551827689","-0,07",3,3,2024-07-15
2024-07-15 12:00:00,"853,2004551827689","-0,52",3,3,2024-07-15
2024-07-15 13:00:00,"853,2004551827689","26,41",3,3,2024-07-15
2024-07-15 14:00:00,"853,2004551827689","330,470001",3,3,2024-07-15
2024-07-15 15:00:00,"853,2004551827689","611,840027",3,3,2024-07-15
2024-07-15 16:00:00,"857,7784220558731","853,219971",3,3,2024-07-15
2024-07-15 17:00:00,"969,9419059276254","1389,619995",3,3,2024-07-15
2024-07-15 18:00:00,"1062,873061555107","1598,540039",3,3,2024-07-15
2024-07-15 19:00:00,"1019,5514624896359","1050,27002",3,3,2024-07-15
2024-07-15 20:00:00,"917,6699236840697","690,030029",3,3,2024-07-15
2024-07-15 21:00:00,"853,2004551827689","597,659973",3,3,2024-07-15
2024-07-15 22:00:00,"854,6319659321128","571,47998",3,3,2024-07-15
2024-07-15 23:00:00,"853,2004551827689","475,829987",3,3,2024-07-15
2024-07-16 00:00:00,"853,2004551827689","391,660004",3,3,2024-07-16
2024-07-16 01:00:00,"853,2004551827689","274,73999",3,3,2024-07-16
2024-07-16 02:00:00,"853,2004551827689","284,730011",3,3,2024-07-16
2024-07-16 03:00:00,"854,6319659321128","375,470001",3,3,2024-07-16
2024-07-16 04:00:00,"912,2579885943","531,859985",3,3,2024-07-16
2024-07-16 05:00:00,"912,8258309300849","593,049988",3,3,2024-07-16
2024-07-16 06:00:00,"887,2944616767238","568,349976",3,3,2024-07-16
2024-07-16 07:00:00,"853,2004551827689","468,359985",3,3,2024-07-16
2024-07-16 08:00:00,"853,2004551827689","160,350006",3,3,2024-07-16
2024-07-16 09:00:00,"853,2004551827689","10,67",3,3,2024-07-16
2024-07-16 10:00:00,"853,2004551827689","15,15",3,3,2024-07-16
2024-07-16 11:00:00,"853,2004551827689","98,489998",3,3,2024-07-16
2024-07-16 12:00:00,"853,2004551827689","30,290001",3,3,2024-07-16
2024-07-16 13:00:00,"853,2004551827689","10,97",3,3,2024-07-16
2024-07-16 14:00:00,"853,2004551827689","-0,07",3,3,2024-07-16
2024-07-16 15:00:00,"853,2004551827689","165,050003",3,3,2024-07-16
2024-07-16 16:00:00,"857,7784220558731","470,230011",3,3,2024-07-16
2024-07-16 17:00:00,"964,4185965310184","611,780029",3,3,2024-07-16
2024-07-16 18:00:00,"981,5389130316363","907,330017",3,3,2024-07-16
2024-07-16 19:00:00,"921,4939624192675","852,710022",3,3,2024-07-16
2024-07-16 20:00:00,"887,2944616767238","789,51001",3,3,2024-07-16
2024-07-16 21:00:00,"853,2004551827689","629,090027",3,3,2024-07-16
2024-07-16 22:00:00,"993,4207685609382","652,109985",3,3,2024-07-16
2024-07-16 23:00:00,"937,0873008549553","544,52002",3,3,2024-07-16
2024-07-17 00:00:00,"978,0105345405563","543,330017",3,3,2024-07-17
2024-07-17 01:00:00,"1062,873061555107","526,23999",3,3,2024-07-17
2024-07-17 02:00:00,"1070,9026365399168","530,119995",3,3,2024-07-17
2024-07-17 03:00:00,"1072,8737827180983","577,799988",3,3,2024-07-17
2024-07-17 04:00:00,"1072,8737827180983","671,880005",3,3,2024-07-17
2024-07-17 05:00:00,"1072,8737827180983","744,330017",3,3,2024-07-17
2024-07-17 06:00:00,"1072,8737827180983","788,650024",3,3,2024-07-17
2024-07-17 07:00:00,"854,6319659321128","575,559998",3,3,2024-07-17
2024-07-17 08:00:00,"853,2004551827689","434,170013",3,3,2024-07-17
2024-07-17 09:00:00,"853,2004551827689","311,51001",3,3,2024-07-17
2024-07-17 10:00:00,"853,2004551827689","243,160004",3,3,2024-07-17
2024-07-17 11:00:00,"853,2004551827689","163,029999",3,3,2024-07-17
2024-07-17 12:00:00,"853,2004551827689","80,580002",3,3,2024-07-17
2024-07-17 13:00:00,"853,2004551827689","100,5",3,3,2024-07-17
2024-07-17 14:00:00,"853,2004551827689","290,089996",3,3,2024-07-17
2024-07-17 15:00:00,"893,9575450950035","460,209991",3,3,2024-07-17
2024-07-17 16:00:00,"1010,5951654402149","618,76001",3,3,2024-07-17
2024-07-17 17:00:00,"1030,7914261118501","797,530029",3,3,2024-07-17
2024-07-17 18:00:00,"1033,6200774241488","984,280029",3,3,2024-07-17
2024-07-17 19:00:00,"1027,5777414298504","1044,790039",3,3,2024-07-17
2024-07-17 20:00:00,"1033,1651330663115","857,369995",3,3,2024-07-17
2024-07-17 21:00:00,"1027,5777414298504","687,700012",3,3,2024-07-17
2024-07-17 22:00:00,"853,2004551827689","506,570007",3,3,2024-07-17
2024-07-17 23:00:00,"853,2004551827689","544,679993",3,3,2024-07-17
2024-07-18 00:00:00,"853,2004551827689","493,589996",3,3,2024-07-18
2024-07-18 01:00:00,"853,2004551827689","491,200012",3,3,2024-07-18
2024-07-18 02:00:00,"853,2004551827689","466,880005",3,3,2024-07-18
2024-07-18 03:00:00,"853,2004551827689","298,369995",3,3,2024-07-18
2024-07-18 04:00:00,"853,2004551827689","650,309998",3,3,2024-07-18
2024-07-18 05:00:00,"885,1630231270502","704,909973",3,3,2024-07-18
2024-07-18 06:00:00,"853,2004551827689","506,269989",3,3,2024-07-18
2024-07-18 07:00:00,"853,2004551827689","351,339996",3,3,2024-07-18
2024-07-18 08:00:00,"853,2004551827689","270,779999",3,3,2024-07-18
2024-07-18 09:00:00,"853,2004551827689","253,470001",3,3,2024-07-18
2024-07-18 10:00:00,"853,2004551827689","253,25",3,3,2024-07-18
2024-07-18 11:00:00,"853,2004551827689","252,800003",3,3,2024-07-18
2024-07-18 12:00:00,"853,2004551827689","254,360001",3,3,2024-07-18
2024-07-18 13:00:00,"853,2004551827689","260,929993",3,3,2024-07-18
2024-07-18 14:00:00,"853,2004551827689","197,080002",3,3,2024-07-18
2024-07-18 15:00:00,"853,2004551827689","637,630005",3,3,2024-07-18
2024-07-18 16:00:00,"853,2004551827689","686,26001",3,3,2024-07-18
2024-07-18 17:00:00,"857,7784220558731","952,26001",3,3,2024-07-18
2024-07-18 18:00:00,"1030,620683906744","1382,819946",3,3,2024-07-18
2024-07-18 19:00:00,"1036,1960224606564","1318,290039",3,3,2024-07-18
2024-07-18 20:00:00,"916,7747022187001","891,690002",3,3,2024-07-18
2024-07-18 21:00:00,"853,2004551827689","760,26001",3,3,2024-07-18
2024-07-18 22:00:00,"853,2004551827689","672,26001",3,3,2024-07-18
2024-07-18 23:00:00,"853,2004551827689","600,200012",3,3,2024-07-18
2024-07-19 00:00:00,"853,2004551827689","596,169983",3,3,2024-07-19
2024-07-19 01:00:00,"853,2004551827689","583,47998",3,3,2024-07-19
2024-07-19 02:00:00,"853,2004551827689","606,390015",3,3,2024-07-19
2024-07-19 03:00:00,"853,2004551827689","667,039978",3,3,2024-07-19
2024-07-19 04:00:00,"853,2004551827689","827,289978",3,3,2024-07-19
2024-07-19 05:00:00,"853,2004551827689","810,72998",3,3,2024-07-19
2024-07-19 06:00:00,"853,2004551827689","734,109985",3,3,2024-07-19
2024-07-19 07:00:00,"853,2004551827689","607,51001",3,3,2024-07-19
2024-07-19 08:00:00,"853,2004551827689","522,22998",3,3,2024-07-19
2024-07-19 09:00:00,"853,2004551827689","438,299988",3,3,2024-07-19
2024-07-19 10:00:00,"853,2004551827689","330,799988",3,3,2024-07-19
2024-07-19 11:00:00,"853,2004551827689","272,309998",3,3,2024-07-19
2024-07-19 12:00:00,"853,2004551827689","270,070007",3,3,2024-07-19
2024-07-19 13:00:00,"853,2004551827689","317,369995",3,3,2024-07-19
2024-07-19 14:00:00,"853,2004551827689","475,899994",3,3,2024-07-19
2024-07-19 15:00:00,"853,2004551827689","576,98999",3,3,2024-07-19
2024-07-19 16:00:00,"853,2004551827689","683,460022",3,3,2024-07-19
2024-07-19 17:00:00,"854,6319659321128","888,099976",3,3,2024-07-19
2024-07-19 18:00:00,"926,3337208335521","1358,410034",3,3,2024-07-19
2024-07-19 19:00:00,"947,5211432738322","895,26001",3,3,2024-07-19
2024-07-19 20:00:00,"894,4213548019127","797,22998",3,3,2024-07-19
2024-07-19 21:00:00,"854,6319659321128","683,01001",3,3,2024-07-19
2024-07-19 22:00:00,"853,2004551827689","706,789978",3,3,2024-07-19
2024-07-19 23:00:00,"853,2004551827689","667,099976",3,3,2024-07-19
2024-07-20 00:00:00,"853,2004551827689","658,440002",3,3,2024-07-20
2024-07-20 01:00:00,"853,2004551827689","670,599976",3,3,2024-07-20
2024-07-20 02:00:00,"853,2004551827689","703,130005",3,3,2024-07-20
2024-07-20 03:00:00,"853,2004551827689","699,849976",3,3,2024-07-20
2024-07-20 04:00:00,"853,2004551827689","665,159973",3,3,2024-07-20
2024-07-20 05:00:00,"853,2004551827689","641,580017",3,3,2024-07-20
2024-07-20 06:00:00,"853,2004551827689","508,850006",3,3,2024-07-20
2024-07-20 07:00:00,"853,2004551827689","371,559998",3,3,2024-07-20
2024-07-20 08:00:00,"853,2004551827689","38,419998",3,3,2024-07-20
2024-07-20 09:00:00,"853,2004551827689","0,0",3,3,2024-07-20
2024-07-20 10:00:00,"853,2004551827689","-1,57",3,3,2024-07-20
2024-07-20 11:00:00,"853,2004551827689","0,15",3,3,2024-07-20
2024-07-20 12:00:00,"853,2004551827689","-1,87",3,3,2024-07-20
2024-07-20 13:00:00,"853,2004551827689","-20,219999",3,3,2024-07-20
2024-07-20 14:00:00,"853,2004551827689","18,059999",3,3,2024-07-20
2024-07-20 15:00:00,"853,2004551827689","390,140015",3,3,2024-07-20
2024-07-20 16:00:00,"853,2004551827689","634,190002",3,3,2024-07-20
2024-07-20 17:00:00,"853,2004551827689","817,440002",3,3,2024-07-20
2024-07-20 18:00:00,"853,2004551827689","1005,380005",3,3,2024-07-20
2024-07-20 19:00:00,"853,2004551827689","811,840027",3,3,2024-07-20
2024-07-20 20:00:00,"853,2004551827689","627,47998",3,3,2024-07-20
2024-07-20 21:00:00,"853,2004551827689","555,929993",3,3,2024-07-20
2024-07-20 22:00:00,"853,2004551827689","474,790009",3,3,2024-07-20
2024-07-20 23:00:00,"853,2004551827689","420,089996",3,3,2024-07-20
2024-07-21 00:00:00,"853,2004551827689","411,880005",3,3,2024-07-21
2024-07-21 01:00:00,"853,2004551827689","450,540009",3,3,2024-07-21
2024-07-21 02:00:00,"853,2004551827689","496,570007",3,3,2024-07-21
2024-07-21 03:00:00,"853,2004551827689","561,419983",3,3,2024-07-21
2024-07-21 04:00:00,"853,2004551827689","480,529999",3,3,2024-07-21
2024-07-21 05:00:00,"853,2004551827689","421,809998",3,3,2024-07-21
2024-07-21 06:00:00,"853,2004551827689","363,230011",3,3,2024-07-21
2024-07-21 07:00:00,"853,2004551827689","78,870003",3,3,2024-07-21
2024-07-21 08:00:00,"853,2004551827689","0,52",3,3,2024-07-21
2024-07-21 09:00:00,"853,2004551827689","0,22",3,3,2024-07-21
2024-07-21 10:00:00,"853,2004551827689","0,15",3,3,2024-07-21
2024-07-21 11:00:00,"853,2004551827689","-0,45",3,3,2024-07-21
2024-07-21 12:00:00,"853,2004551827689","-1,34",3,3,2024-07-21
2024-07-21 13:00:00,"853,2004551827689","0,3",3,3,2024-07-21
2024-07-21 14:00:00,"853,2004551827689","0,82",3,3,2024-07-21
2024-07-21 15:00:00,"853,2004551827689","446,279999",3,3,2024-07-21
2024-07-21 16:00:00,"853,2004551827689","600,289978",3,3,2024-07-21
2024-07-21 17:00:00,"853,2004551827689","807,880005",3,3,2024-07-21
2024-07-21 18:00:00,"926,3337208335521","841,150024",3,3,2024-07-21
2024-07-21 19:00:00,"926,3337208335521","919,950012",3,3,2024-07-21
2024-07-21 20:00:00,"912,2579885943","814,590027",3,3,2024-07-21
2024-07-21 21:00:00,"856,9710463094245","672,73999",3,3,2024-07-21
2024-07-21 22:00:00,"853,2004551827689","901,669983",3,3,2024-07-21
2024-07-21 23:00:00,"853,2004551827689","721,02002",3,3,2024-07-21
2024-07-22 00:00:00,"795,837875322694","648,27002",3,4,2024-07-22
2024-07-22 01:00:00,"834,7113968717366","648,640015",3,4,2024-07-22
2024-07-22 02:00:00,"853,2004551827689","610,659973",3,4,2024-07-22
2024-07-22 03:00:00,"853,2004551827689","591,859985",3,4,2024-07-22
2024-07-22 04:00:00,"937,0873008549553","811,159973",3,4,2024-07-22
2024-07-22 05:00:00,"986,2960782036561","896,070007",3,4,2024-07-22
2024-07-22 06:00:00,"913,7160642900895","852,719971",3,4,2024-07-22
2024-07-22 07:00:00,"853,2004551827689","703,929993",3,4,2024-07-22
2024-07-22 08:00:00,"853,2004551827689","473,290009",3,4,2024-07-22
2024-07-22 09:00:00,"853,2004551827689","291,600006",3,4,2024-07-22
2024-07-22 10:00:00,"853,2004551827689","191,089996",3,4,2024-07-22
2024-07-22 11:00:00,"853,2004551827689","174,300003",3,4,2024-07-22
2024-07-22 12:00:00,"853,2004551827689","144,830002",3,4,2024-07-22
2024-07-22 13:00:00,"853,2004551827689","152,070007",3,4,2024-07-22
2024-07-22 14:00:00,"853,2004551827689","170,279999",3,4,2024-07-22
2024-07-22 15:00:00,"853,2004551827689","463,820007",3,4,2024-07-22
2024-07-22 16:00:00,"885,1630231270502","603,719971",3,4,2024-07-22
2024-07-22 17:00:00,"962,1229304846346","739,0",3,4,2024-07-22
2024-07-22 18:00:00,"985,6298510907191","1043,660034",3,4,2024-07-22
2024-07-22 19:00:00,"998,8931713636103","1046,569946",3,4,2024-07-22
2024-07-22 20:00:00,"894,4213548019127","828,539978",3,4,2024-07-22
2024-07-22 21:00:00,"853,2004551827689","712,73999",3,4,2024-07-22
2024-07-22 22:00:00,"853,2004551827689","618,22998",3,4,2024-07-22
2024-07-22 23:00:00,"853,2004551827689","559,349976",3,4,2024-07-22
2024-07-23 00:00:00,"853,2004551827689","547,630005",3,4,2024-07-23
2024-07-23 01:00:00,"853,2004551827689","508,380005",3,4,2024-07-23
2024-07-23 02:00:00,"853,2004551827689","526,52002",3,4,2024-07-23
2024-07-23 03:00:00,"853,2004551827689","549,799988",3,4,2024-07-23
2024-07-23 04:00:00,"885,1630231270502","745,450012",3,4,2024-07-23
2024-07-23 05:00:00,"885,1630231270502","865,590027",3,4,2024-07-23
2024-07-23 06:00:00,"857,7784220558731","824,179993",3,4,2024-07-23
2024-07-23 07:00:00,"853,2004551827689","651,359985",3,4,2024-07-23
2024-07-23 08:00:00,"853,2004551827689","513,909973",3,4,2024-07-23
2024-07-23 09:00:00,"853,2004551827689","457,940002",3,4,2024-07-23
2024-07-23 10:00:00,"853,2004551827689","324,0",3,4,2024-07-23
2024-07-23 11:00:00,"853,2004551827689","285,720001",3,4,2024-07-23
2024-07-23 12:00:00,"853,2004551827689","268,709991",3,4,2024-07-23
2024-07-23 13:00:00,"853,2004551827689","313,100006",3,4,2024-07-23
2024-07-23 14:00:00,"853,2004551827689","483,980011",3,4,2024-07-23
2024-07-23 15:00:00,"853,2004551827689","593,450012",3,4,2024-07-23
2024-07-23 16:00:00,"853,2004551827689","596,359985",3,4,2024-07-23
2024-07-23 17:00:00,"917,6699236840697","716,570007",3,4,2024-07-23
2024-07-23 18:00:00,"963,956463471413","872,530029",3,4,2024-07-23
2024-07-23 19:00:00,"913,7160642900895","761,200012",3,4,2024-07-23
2024-07-23 20:00:00,"887,2944616767238","740,450012",3,4,2024-07-23
2024-07-23 21:00:00,"853,2004551827689","683,369995",3,4,2024-07-23
2024-07-23 22:00:00,"853,2004551827689","623,359985",3,4,2024-07-23
2024-07-23 23:00:00,"853,2004551827689","584,419983",3,4,2024-07-23
2024-07-24 00:00:00,"853,2004551827689","541,369995",3,4,2024-07-24
2024-07-24 01:00:00,"853,2004551827689","549,130005",3,4,2024-07-24
2024-07-24 02:00:00,"853,2004551827689","423,630005",3,4,2024-07-24
2024-07-24 03:00:00,"853,2004551827689","299,179993",3,4,2024-07-24
2024-07-24 04:00:00,"854,6319659321128","323,429993",3,4,2024-07-24
2024-07-24 05:00:00,"912,2579885943","336,190002",3,4,2024-07-24
2024-07-24 06:00:00,"912,2579885943","429,079987",3,4,2024-07-24
2024-07-24 07:00:00,"853,2004551827689","270,23999",3,4,2024-07-24
2024-07-24 08:00:00,"853,2004551827689","186,520004",3,4,2024-07-24
2024-07-24 09:00:00,"853,2004551827689","158,100006",3,4,2024-07-24
2024-07-24 10:00:00,"853,2004551827689","11,79",3,4,2024-07-24
2024-07-24 11:00:00,"853,2004551827689","-1,12",3,4,2024-07-24
2024-07-24 12:00:00,"853,2004551827689","-15,37",3,4,2024-07-24
2024-07-24 13:00:00,"853,2004551827689","-14,62",3,4,2024-07-24
2024-07-24 14:00:00,"853,2004551827689","16,49",3,4,2024-07-24
2024-07-24 15:00:00,"853,2004551827689","292,98999",3,4,2024-07-24
2024-07-24 16:00:00,"853,2004551827689","387,149994",3,4,2024-07-24
2024-07-24 17:00:00,"912,8258309300849","668,5",3,4,2024-07-24
2024-07-24 18:00:00,"1022,4001513423738","809,659973",3,4,2024-07-24
2024-07-24 19:00:00,"1003,5433335758981","881,210022",3,4,2024-07-24
2024-07-24 20:00:00,"912,2579885943","813,320007",3,4,2024-07-24
2024-07-24 21:00:00,"853,2004551827689","631,570007",3,4,2024-07-24
2024-07-24 22:00:00,"853,2004551827689","624,570007",3,4,2024-07-24
2024-07-24 23:00:00,"853,2004551827689","578,299988",3,4,2024-07-24
2024-07-25 00:00:00,"853,2004551827689","567,859985",3,4,2024-07-25
2024-07-25 01:00:00,"853,2004551827689","596,359985",3,4,2024-07-25
2024-07-25 02:00:00,"853,2004551827689","570,090027",3,4,2024-07-25
2024-07-25 03:00:00,"853,2004551827689","690,460022",3,4,2024-07-25
2024-07-25 04:00:00,"853,2004551827689","792,159973",3,4,2024-07-25
2024-07-25 05:00:00,"853,2004551827689","813,580017",3,4,2024-07-25
2024-07-25 06:00:00,"853,2004551827689","678,890015",3,4,2024-07-25
2024-07-25 07:00:00,"853,2004551827689","537,109985",3,4,2024-07-25
2024-07-25 08:00:00,"853,2004551827689","411,0",3,4,2024-07-25
2024-07-25 09:00:00,"853,2004551827689","275,720001",3,4,2024-07-25
2024-07-25 10:00:00,"853,2004551827689","181,399994",3,4,2024-07-25
2024-07-25 11:00:00,"853,2004551827689","129,539993",3,4,2024-07-25
2024-07-25 12:00:00,"853,2004551827689","99,019997",3,4,2024-07-25
2024-07-25 13:00:00,"853,2004551827689","195,5",3,4,2024-07-25
2024-07-25 14:00:00,"853,2004551827689","401,450012",3,4,2024-07-25
2024-07-25 15:00:00,"853,2004551827689","596,960022",3,4,2024-07-25
2024-07-25 16:00:00,"853,2004551827689","723,809998",3,4,2024-07-25
2024-07-25 17:00:00,"887,2944616767238","894,690002",3,4,2024-07-25
2024-07-25 18:00:00,"1044,9241208119793","1106,609985",3,4,2024-07-25
2024-07-25 19:00:00,"1030,0706155841615","969,830017",3,4,2024-07-25
2024-07-25 20:00:00,"912,8258309300849","746,200012",3,4,2024-07-25
2024-07-25 21:00:00,"853,2004551827689","633,890015",3,4,2024-07-25
2024-07-25 22:00:00,"853,2004551827689","604,460022",3,4,2024-07-25
2024-07-25 23:00:00,"853,2004551827689","548,48999",3,4,2024-07-25
2024-07-26 00:00:00,"853,2004551827689","559,76001",3,4,2024-07-26
2024-07-26 01:00:00,"853,2004551827689","576,849976",3,4,2024-07-26
2024-07-26 02:00:00,"853,2004551827689","573,859985",3,4,2024-07-26
2024-07-26 03:00:00,"853,2004551827689","596,919983",3,4,2024-07-26
2024-07-26 04:00:00,"853,2004551827689","608,109985",3,4,2024-07-26
2024-07-26 05:00:00,"853,2004551827689","795,940002",3,4,2024-07-26
2024-07-26 06:00:00,"853,2004551827689","776,840027",3,4,2024-07-26
2024-07-26 07:00:00,"853,2004551827689","722,590027",3,4,2024-07-26
2024-07-26 08:00:00,"853,2004551827689","675,570007",3,4,2024-07-26
2024-07-26 09:00:00,"853,2004551827689","607,070007",3,4,2024-07-26
2024-07-26 10:00:00,"853,2004551827689","522,369995",3,4,2024-07-26
2024-07-26 11:00:00,"853,2004551827689","471,029999",3,4,2024-07-26
2024-07-26 12:00:00,"853,2004551827689","449,160004",3,4,2024-07-26
2024-07-26 13:00:00,"853,2004551827689","508,48999",3,4,2024-07-26
2024-07-26 14:00:00,"853,2004551827689","543,559998",3,4,2024-07-26
2024-07-26 15:00:00,"853,2004551827689","660,580017",3,4,2024-07-26
2024-07-26 16:00:00,"853,2004551827689","704,01001",3,4,2024-07-26
2024-07-26 17:00:00,"894,4213548019127","804,380005",3,4,2024-07-26
2024-07-26 18:00:00,"993,4207685609382","1068,98999",3,4,2024-07-26
2024-07-26 19:00:00,"926,3337208335521","1037,280029",3,4,2024-07-26
2024-07-26 20:00:00,"885,1630231270502","793,929993",3,4,2024-07-26
2024-07-26 21:00:00,"853,2004551827689","730,650024",3,4,2024-07-26
2024-07-26 22:00:00,"853,2004551827689","775,22998",3,4,2024-07-26
2024-07-26 23:00:00,"853,2004551827689","768,890015",3,4,2024-07-26
2024-07-27 00:00:00,"853,2004551827689","723,070007",3,4,2024-07-27
2024-07-27 01:00:00,"853,2004551827689","710,080017",3,4,2024-07-27
2024-07-27 02:00:00,"853,2004551827689","690,01001",3,4,2024-07-27
2024-07-27 03:00:00,"853,2004551827689","673,070007",3,4,2024-07-27
2024-07-27 04:00:00,"853,2004551827689","649,929993",3,4,2024-07-27
2024-07-27 05:00:00,"853,2004551827689","615,01001",3,4,2024-07-27
2024-07-27 06:00:00,"853,2004551827689","632,02002",3,4,2024-07-27
2024-07-27 07:00:00,"853,2004551827689","505,0",3,4,2024-07-27
2024-07-27 08:00:00,"853,2004551827689","453,589996",3,4,2024-07-27
2024-07-27 09:00:00,"853,2004551827689","297,76001",3,4,2024-07-27
2024-07-27 10:00:00,"853,2004551827689","208,960007",3,4,2024-07-27
2024-07-27 11:00:00,"853,2004551827689","132,839996",3,4,2024-07-27
2024-07-27 12:00:00,"853,2004551827689","133,729996",3,4,2024-07-27
2024-07-27 13:00:00,"853,2004551827689","261,350006",3,4,2024-07-27
2024-07-27 14:00:00,"853,2004551827689","505,380005",3,4,2024-07-27
2024-07-27 15:00:00,"853,2004551827689","649,710022",3,4,2024-07-27
2024-07-27 16:00:00,"853,2004551827689","783,369995",3,4,2024-07-27
2024-07-27 17:00:00,"853,2004551827689","863,140015",3,4,2024-07-27
2024-07-27 18:00:00,"853,2004551827689","908,669983",3,4,2024-07-27
2024-07-27 19:00:00,"853,2004551827689","909,109985",3,4,2024-07-27
2024-07-27 20:00:00,"853,2004551827689","806,719971",3,4,2024-07-27
2024-07-27 21:00:00,"853,2004551827689","730,900024",3,4,2024-07-27
2024-07-27 22:00:00,"853,2004551827689","820,820007",3,4,2024-07-27
2024-07-27 23:00:00,"853,2004551827689","709,780029",3,4,2024-07-27
2024-07-28 00:00:00,"853,2004551827689","658,280029",3,4,2024-07-28
2024-07-28 01:00:00,"853,2004551827689","608,429993",3,4,2024-07-28
2024-07-28 02:00:00,"853,2004551827689","586,119995",3,4,2024-07-28
2024-07-28 03:00:00,"853,2004551827689","591,48999",3,4,2024-07-28
2024-07-28 04:00:00,"853,2004551827689","563,659973",3,4,2024-07-28
2024-07-28 05:00:00,"853,2004551827689","541,869995",3,4,2024-07-28
2024-07-28 06:00:00,"853,2004551827689","190,220001",3,4,2024-07-28
2024-07-28 07:00:00,"853,2004551827689","36,720001",3,4,2024-07-28
2024-07-28 08:00:00,"853,2004551827689","0,0",3,4,2024-07-28
2024-07-28 09:00:00,"853,2004551827689","-18,129999",3,4,2024-07-28
2024-07-28 10:00:00,"853,2004551827689","-112,239998",3,4,2024-07-28
2024-07-28 11:00:00,"853,2004551827689","-222,389999",3,4,2024-07-28
2024-07-28 12:00:00,"853,2004551827689","-363,359985",3,4,2024-07-28
2024-07-28 13:00:00,"853,2004551827689","-250,220001",3,4,2024-07-28
2024-07-28 14:00:00,"853,2004551827689","-99,099998",3,4,2024-07-28
2024-07-28 15:00:00,"853,2004551827689","-14,85",3,4,2024-07-28
2024-07-28 16:00:00,"853,2004551827689","181,570007",3,4,2024-07-28
2024-07-28 17:00:00,"885,1630231270502","443,209991",3,4,2024-07-28
2024-07-28 18:00:00,"949,1483063198726","588,580017",3,4,2024-07-28
2024-07-28 19:00:00,"948,6861732602674","579,630005",3,4,2024-07-28
2024-07-28 20:00:00,"916,7747022187001","589,400024",3,4,2024-07-28
2024-07-28 21:00:00,"856,9710463094245","566,200012",3,4,2024-07-28
2024-07-28 22:00:00,"885,1630231270502","513,659973",3,4,2024-07-28
2024-07-28 23:00:00,"853,2004551827689","508,959991",3,4,2024-07-28
2024-09-30 00:00:00,"663,3546621270416","62,630001",4,1,2024-09-30
2024-09-30 01:00:00,"838,6059987990872","41,23",4,1,2024-09-30
2024-09-30 02:00:00,"853,2004551827689","41,830002",4,1,2024-09-30
2024-09-30 03:00:00,"853,2004551827689","126,599998",4,1,2024-09-30
2024-09-30 04:00:00,"947,9832763334375","314,869995",4,1,2024-09-30
2024-09-30 05:00:00,"993,5590602537475","597,22998",4,1,2024-09-30
2024-09-30 06:00:00,"977,3632562259469","597,22998",4,1,2024-09-30
2024-09-30 07:00:00,"947,5211432738322","447,359985",4,1,2024-09-30
2024-09-30 08:00:00,"903,1578321384113","272,73999",4,1,2024-09-30
2024-09-30 09:00:00,"885,1630231270502","155,910004",4,1,2024-09-30
2024-09-30 10:00:00,"853,2004551827689","69,190002",4,1,2024-09-30
2024-09-30 11:00:00,"853,2004551827689","15,36",4,1,2024-09-30
2024-09-30 12:00:00,"853,2004551827689","56,889999",4,1,2024-09-30
2024-09-30 13:00:00,"853,2004551827689","163,740005",4,1,2024-09-30
2024-09-30 14:00:00,"853,2004551827689","180,360001",4,1,2024-09-30
2024-09-30 15:00:00,"896,503039393378","243,960007",4,1,2024-09-30
2024-09-30 16:00:00,"954,361265141256","268,339996",4,1,2024-09-30
2024-09-30 17:00:00,"1002,8594333521321","273,119995",4,1,2024-09-30
2024-09-30 18:00:00,"976,8422648023572","270,660004",4,1,2024-09-30
2024-09-30 19:00:00,"893,9575450950035","163,509995",4,1,2024-09-30
2024-09-30 20:00:00,"853,2004551827689","149,199997",4,1,2024-09-30
2024-09-30 21:00:00,"853,2004551827689","73,370003",4,1,2024-09-30
2024-09-30 22:00:00,"853,2004551827689","23,93",4,1,2024-09-30
2024-09-30 23:00:00,"853,2004551827689","0,52",4,1,2024-09-30
2024-10-01 00:00:00,"853,2004551827689","0,37",4,1,2024-10-01
2024-10-01 01:00:00,"853,2004551827689","0,15",4,1,2024-10-01
2024-10-01 02:00:00,"853,2004551827689","0,67",4,1,2024-10-01
2024-10-01 03:00:00,"853,2004551827689","50,700001",4,1,2024-10-01
2024-10-01 04:00:00,"904,0026971813236","249,619995",4,1,2024-10-01
2024-10-01 05:00:00,"952,8650968615433","293,910004",4,1,2024-10-01
2024-10-01 06:00:00,"950,9735597953706","308,079987",4,1,2024-10-01
2024-10-01 07:00:00,"896,503039393378","309,5",4,1,2024-10-01
2024-10-01 08:00:00,"853,2004551827689","288,170013",4,1,2024-10-01
2024-10-01 09:00:00,"853,2004551827689","260,880005",4,1,2024-10-01
2024-10-01 10:00:00,"853,2004551827689","260,660004",4,1,2024-10-01
2024-10-01 11:00:00,"853,2004551827689","260,880005",4,1,2024-10-01
2024-10-01 12:00:00,"853,2004551827689","260,660004",4,1,2024-10-01
2024-10-01 13:00:00,"853,2004551827689","296,079987",4,1,2024-10-01
2024-10-01 14:00:00,"853,2004551827689","324,779999",4,1,2024-10-01
2024-10-01 15:00:00,"853,2004551827689","393,0",4,1,2024-10-01
2024-10-01 16:00:00,"894,4213548019127","405,600006",4,1,2024-10-01
2024-10-01 17:00:00,"936,3174744704146","421,410004",4,1,2024-10-01
2024-10-01 18:00:00,"885,1630231270502","366,829987",4,1,2024-10-01
2024-10-01 19:00:00,"853,2004551827689","345,429993",4,1,2024-10-01
2024-10-01 20:00:00,"853,2004551827689","321,649994",4,1,2024-10-01
2024-10-01 21:00:00,"853,2004551827689","309,940002",4,1,2024-10-01
2024-10-01 22:00:00,"853,2004551827689","432,829987",4,1,2024-10-01
2024-10-01 23:00:00,"853,2004551827689","367,350006",4,1,2024-10-01
2024-10-02 00:00:00,"853,2004551827689","373,540009",4,1,2024-10-02
2024-10-02 01:00:00,"853,2004551827689","365,339996",4,1,2024-10-02
2024-10-02 02:00:00,"853,2004551827689","362,730011",4,1,2024-10-02
2024-10-02 03:00:00,"853,2004551827689","363,470001",4,1,2024-10-02
2024-10-02 04:00:00,"853,2004551827689","596,440002",4,1,2024-10-02
2024-10-02 05:00:00,"912,2579885943","692,869995",4,1,2024-10-02
2024-10-02 06:00:00,"913,7160642900895","913,830017",4,1,2024-10-02
2024-10-02 07:00:00,"853,2004551827689","701,219971",4,1,2024-10-02
2024-10-02 08:00:00,"853,2004551827689","484,880005",4,1,2024-10-02
2024-10-02 09:00:00,"853,2004551827689","394,420013",4,1,2024-10-02
2024-10-02 10:00:00,"853,2004551827689","431,040009",4,1,2024-10-02
2024-10-02 11:00:00,"853,2004551827689","597,109985",4,1,2024-10-02
2024-10-02 12:00:00,"853,2004551827689","584,659973",4,1,2024-10-02
2024-10-02 13:00:00,"853,2004551827689","607,26001",4,1,2024-10-02
2024-10-02 14:00:00,"853,2004551827689","607,849976",4,1,2024-10-02
2024-10-02 15:00:00,"887,2944616767238","746,48999",4,1,2024-10-02
2024-10-02 16:00:00,"964,4185965310184","872,590027",4,1,2024-10-02
2024-10-02 17:00:00,"1024,6567074765137","969,97998",4,1,2024-10-02
2024-10-02 18:00:00,"956,2505527826108","852,900024",4,1,2024-10-02
2024-10-02 19:00:00,"893,9575450950035","719,940002",4,1,2024-10-02
2024-10-02 20:00:00,"885,1630231270502","695,780029",4,1,2024-10-02
2024-10-02 21:00:00,"853,2004551827689","633,880005",4,1,2024-10-02
2024-10-02 22:00:00,"853,2004551827689","502,230011",4,1,2024-10-02
2024-10-02 23:00:00,"853,2004551827689","491,26001",4,1,2024-10-02
2024-10-03 00:00:00,"853,2004551827689","485,890015",4,1,2024-10-03
2024-10-03 01:00:00,"853,2004551827689","478,730011",4,1,2024-10-03
2024-10-03 02:00:00,"853,2004551827689","477,23999",4,1,2024-10-03
2024-10-03 03:00:00,"853,2004551827689","480,369995",4,1,2024-10-03
2024-10-03 04:00:00,"885,1630231270502","488,059998",4,1,2024-10-03
2024-10-03 05:00:00,"947,9832763334375","547,280029",4,1,2024-10-03
2024-10-03 06:00:00,"926,3337208335521","571,900024",4,1,2024-10-03
2024-10-03 07:00:00,"853,2004551827689","543,780029",4,1,2024-10-03
2024-10-03 08:00:00,"853,2004551827689","516,77002",4,1,2024-10-03
2024-10-03 09:00:00,"853,2004551827689","470,230011",4,1,2024-10-03
2024-10-03 10:00:00,"853,2004551827689","351,25",4,1,2024-10-03
2024-10-03 11:00:00,"853,2004551827689","253,460007",4,1,2024-10-03
2024-10-03 12:00:00,"853,2004551827689","291,950012",4,1,2024-10-03
2024-10-03 13:00:00,"853,2004551827689","383,109985",4,1,2024-10-03
2024-10-03 14:00:00,"853,2004551827689","492,609985",4,1,2024-10-03
2024-10-03 15:00:00,"854,6319659321128","669,090027",4,1,2024-10-03
2024-10-03 16:00:00,"921,4939624192675","821,039978",4,1,2024-10-03
2024-10-03 17:00:00,"1047,6030190854603","860,200012",4,1,2024-10-03
2024-10-03 18:00:00,"1021,3192287838059","807,679993",4,1,2024-10-03
2024-10-03 19:00:00,"857,7784220558731","736,669983",4,1,2024-10-03
2024-10-03 20:00:00,"853,2004551827689","678,48999",4,1,2024-10-03
2024-10-03 21:00:00,"853,2004551827689","607,630005",4,1,2024-10-03
2024-10-03 22:00:00,"853,2004551827689","551,23999",4,1,2024-10-03
2024-10-03 23:00:00,"853,2004551827689","540,950012",4,1,2024-10-03
2024-10-04 00:00:00,"853,2004551827689","537,809998",4,1,2024-10-04
2024-10-04 01:00:00,"853,2004551827689","537,070007",4,1,2024-10-04
2024-10-04 02:00:00,"853,2004551827689","539,530029",4,1,2024-10-04
2024-10-04 03:00:00,"853,2004551827689","575,109985",4,1,2024-10-04
2024-10-04 04:00:00,"853,2004551827689","768,299988",4,1,2024-10-04
2024-10-04 05:00:00,"885,1630231270502","943,890015",4,1,2024-10-04
2024-10-04 06:00:00,"861,7185012259807","1054,890015",4,1,2024-10-04
2024-10-04 07:00:00,"853,2004551827689","867,289978",4,1,2024-10-04
2024-10-04 08:00:00,"853,2004551827689","746,599976",4,1,2024-10-04
2024-10-04 09:00:00,"853,2004551827689","634,039978",4,1,2024-10-04
2024-10-04 10:00:00,"853,2004551827689","559,969971",4,1,2024-10-04
2024-10-04 11:00:00,"853,2004551827689","548,179993",4,1,2024-10-04
2024-10-04 12:00:00,"853,2004551827689","565,559998",4,1,2024-10-04
2024-10-04 13:00:00,"853,2004551827689","589,799988",4,1,2024-10-04
2024-10-04 14:00:00,"853,2004551827689","669,840027",4,1,2024-10-04
2024-10-04 15:00:00,"853,2004551827689","798,890015",4,1,2024-10-04
2024-10-04 16:00:00,"853,2004551827689","984,400024",4,1,2024-10-04
2024-10-04 17:00:00,"893,9575450950035","1111,579956",4,1,2024-10-04
2024-10-04 18:00:00,"853,2004551827689","922,710022",4,1,2024-10-04
2024-10-04 19:00:00,"853,2004551827689","745,179993",4,1,2024-10-04
2024-10-04 20:00:00,"853,2004551827689","745,179993",4,1,2024-10-04
2024-10-04 21:00:00,"853,2004551827689","671,330017",4,1,2024-10-04
2024-10-04 22:00:00,"853,2004551827689","694,340027",4,1,2024-10-04
2024-10-04 23:00:00,"853,2004551827689","631,23999",4,1,2024-10-04
2024-10-05 00:00:00,"853,2004551827689","607,080017",4,1,2024-10-05
2024-10-05 01:00:00,"853,2004551827689","563,380005",4,1,2024-10-05
2024-10-05 02:00:00,"853,2004551827689","564,719971",4,1,2024-10-05
2024-10-05 03:00:00,"853,2004551827689","595,299988",4,1,2024-10-05
2024-10-05 04:00:00,"853,2004551827689","642,880005",4,1,2024-10-05
2024-10-05 05:00:00,"853,2004551827689","748,780029",4,1,2024-10-05
2024-10-05 06:00:00,"853,2004551827689","825,0",4,1,2024-10-05
2024-10-05 07:00:00,"853,2004551827689","768,169983",4,1,2024-10-05
2024-10-05 08:00:00,"853,2004551827689","614,690002",4,1,2024-10-05
2024-10-05 09:00:00,"853,2004551827689","509,160004",4,1,2024-10-05
2024-10-05 10:00:00,"853,2004551827689","383,640015",4,1,2024-10-05
2024-10-05 11:00:00,"853,2004551827689","289,970001",4,1,2024-10-05
2024-10-05 12:00:00,"853,2004551827689","324,350006",4,1,2024-10-05
2024-10-05 13:00:00,"853,2004551827689","418,839996",4,1,2024-10-05
2024-10-05 14:00:00,"853,2004551827689","544,280029",4,1,2024-10-05
2024-10-05 15:00:00,"853,2004551827689","690,23999",4,1,2024-10-05
2024-10-05 16:00:00,"893,9575450950035","1029,719971",4,1,2024-10-05
2024-10-05 17:00:00,"950,0596450217272","1028,97998",4,1,2024-10-05
2024-10-05 18:00:00,"912,8258309300849","799,719971",4,1,2024-10-05
2024-10-05 19:00:00,"857,7784220558731","705,299988",4,1,2024-10-05
2024-10-05 20:00:00,"853,2004551827689","633,710022",4,1,2024-10-05
2024-10-05 21:00:00,"853,2004551827689","499,690002",4,1,2024-10-05
2024-10-05 22:00:00,"853,2004551827689","485,420013",4,1,2024-10-05
2024-10-05 23:00:00,"853,2004551827689","452,100006",4,1,2024-10-05
2024-10-06 00:00:00,"853,2004551827689","440,549988",4,1,2024-10-06
2024-10-06 01:00:00,"853,2004551827689","433,320007",4,1,2024-10-06
2024-10-06 02:00:00,"853,2004551827689","424,369995",4,1,2024-10-06
2024-10-06 03:00:00,"853,2004551827689","433,320007",4,1,2024-10-06
2024-10-06 04:00:00,"853,2004551827689","431,829987",4,1,2024-10-06
2024-10-06 05:00:00,"861,7185012259807","524,929993",4,1,2024-10-06
2024-10-06 06:00:00,"853,2004551827689","491,01001",4,1,2024-10-06
2024-10-06 07:00:00,"853,2004551827689","447,700012",4,1,2024-10-06
2024-10-06 08:00:00,"853,2004551827689","262,98999",4,1,2024-10-06
2024-10-06 09:00:00,"853,2004551827689","124,339996",4,1,2024-10-06
2024-10-06 10:00:00,"853,2004551827689","79,690002",4,1,2024-10-06
2024-10-06 11:00:00,"853,2004551827689","41,889999",4,1,2024-10-06
2024-10-06 12:00:00,"853,2004551827689","16,25",4,1,2024-10-06
2024-10-06 13:00:00,"853,2004551827689","13,34",4,1,2024-10-06
2024-10-06 14:00:00,"853,2004551827689","395,820007",4,1,2024-10-06
2024-10-06 15:00:00,"885,1630231270502","617,070007",4,1,2024-10-06
2024-10-06 16:00:00,"972,3717351025631","792,390015",4,1,2024-10-06
2024-10-06 17:00:00,"1016,837596745365","724,710022",4,1,2024-10-06
2024-10-06 18:00:00,"941,020795778349","544,01001",4,1,2024-10-06
2024-10-06 19:00:00,"893,9575450950035","442,559998",4,1,2024-10-06
2024-10-06 20:00:00,"853,2004551827689","437,48999",4,1,2024-10-06
2024-10-06 21:00:00,"853,2004551827689","385,459991",4,1,2024-10-06
2024-10-06 22:00:00,"853,2004551827689","257,769989",4,1,2024-10-06
2024-10-06 23:00:00,"853,2004551827689","263,429993",4,1,2024-10-06
2024-10-07 00:00:00,"690,7109107502698","247,850006",4,2,2024-10-07
2024-10-07 01:00:00,"766,4847044882232","224,75",4,2,2024-10-07
2024-10-07 02:00:00,"779,1262438963886","260,529999",4,2,2024-10-07
2024-10-07 03:00:00,"809,808594497583","291,910004",4,2,2024-10-07
2024-10-07 04:00:00,"885,1630231270502","335,369995",4,2,2024-10-07
2024-10-07 05:00:00,"953,4466662817256","378,299988",4,2,2024-10-07
2024-10-07 06:00:00,"962,7733305544791","414,089996",4,2,2024-10-07
2024-10-07 07:00:00,"893,9575450950035","383,75",4,2,2024-10-07
2024-10-07 08:00:00,"853,2004551827689","372,420013",4,2,2024-10-07
2024-10-07 09:00:00,"853,2004551827689","356,309998",4,2,2024-10-07
2024-10-07 10:00:00,"853,2004551827689","340,880005",4,2,2024-10-07
2024-10-07 11:00:00,"853,2004551827689","322,019989",4,2,2024-10-07
2024-10-07 12:00:00,"853,2004551827689","358,399994",4,2,2024-10-07
2024-10-07 13:00:00,"853,2004551827689","458,070007",4,2,2024-10-07
2024-10-07 14:00:00,"853,2004551827689","661,869995",4,2,2024-10-07
2024-10-07 15:00:00,"885,1630231270502","873,640015",4,2,2024-10-07
2024-10-07 16:00:00,"979,9188832483167","1405,060059",4,2,2024-10-07
2024-10-07 17:00:00,"1029,3791767606563","1405,359985",4,2,2024-10-07
2024-10-07 18:00:00,"912,8258309300849","909,27002",4,2,2024-10-07
2024-10-07 19:00:00,"853,2004551827689","744,909973",4,2,2024-10-07
2024-10-07 20:00:00,"853,2004551827689","685,119995",4,2,2024-10-07
2024-10-07 21:00:00,"853,2004551827689","589,780029",4,2,2024-10-07
2024-10-07 22:00:00,"853,2004551827689","539,340027",4,2,2024-10-07
2024-10-07 23:00:00,"853,2004551827689","500,119995",4,2,2024-10-07
2024-10-08 00:00:00,"853,2004551827689","477,149994",4,2,2024-10-08
2024-10-08 01:00:00,"853,2004551827689","444,940002",4,2,2024-10-08
2024-10-08 02:00:00,"853,2004551827689","445,089996",4,2,2024-10-08
2024-10-08 03:00:00,"853,2004551827689","502,799988",4,2,2024-10-08
2024-10-08 04:00:00,"885,1630231270502","641,049988",4,2,2024-10-08
2024-10-08 05:00:00,"951,4356928549759","822,98999",4,2,2024-10-08
2024-10-08 06:00:00,"950,9735597953706","792,200012",4,2,2024-10-08
2024-10-08 07:00:00,"896,503039393378","633,820007",4,2,2024-10-08
2024-10-08 08:00:00,"853,2004551827689","598,98999",4,2,2024-10-08
2024-10-08 09:00:00,"853,2004551827689","547,469971",4,2,2024-10-08
2024-10-08 10:00:00,"853,2004551827689","495,940002",4,2,2024-10-08
2024-10-08 11:00:00,"853,2004551827689","529,200012",4,2,2024-10-08
2024-10-08 12:00:00,"853,2004551827689","565,140015",4,2,2024-10-08
2024-10-08 13:00:00,"853,2004551827689","578,119995",4,2,2024-10-08
2024-10-08 14:00:00,"853,2004551827689","694,440002",4,2,2024-10-08
2024-10-08 15:00:00,"893,9575450950035","850,059998",4,2,2024-10-08
2024-10-08 16:00:00,"947,9832763334375","1073,76001",4,2,2024-10-08
2024-10-08 17:00:00,"970,0096203406941","1141,540039",4,2,2024-10-08
2024-10-08 18:00:00,"913,7160642900895","853,119995",4,2,2024-10-08
2024-10-08 19:00:00,"853,2004551827689","707,640015",4,2,2024-10-08
2024-10-08 20:00:00,"853,2004551827689","645,75",4,2,2024-10-08
2024-10-08 21:00:00,"853,2004551827689","504,070007",4,2,2024-10-08
2024-10-08 22:00:00,"853,2004551827689","461,859985",4,2,2024-10-08
2024-10-08 23:00:00,"853,2004551827689","447,459991",4,2,2024-10-08
2024-10-09 00:00:00,"853,2004551827689","428,670013",4,2,2024-10-09
2024-10-09 01:00:00,"853,2004551827689","405,100006",4,2,2024-10-09
2024-10-09 02:00:00,"853,2004551827689","427,480011",4,2,2024-10-09
2024-10-09 03:00:00,"853,2004551827689","476,329987",4,2,2024-10-09
2024-10-09 04:00:00,"857,7784220558731","646,590027",4,2,2024-10-09
2024-10-09 05:00:00,"926,3337208335521","826,320007",4,2,2024-10-09
2024-10-09 06:00:00,"937,0873008549553","827,659973",4,2,2024-10-09
2024-10-09 07:00:00,"885,1630231270502","648,820007",4,2,2024-10-09
2024-10-09 08:00:00,"853,2004551827689","537,630005",4,2,2024-10-09
2024-10-09 09:00:00,"853,2004551827689","446,720001",4,2,2024-10-09
2024-10-09 10:00:00,"853,2004551827689","445,970001",4,2,2024-10-09
2024-10-09 11:00:00,"853,2004551827689","446,350006",4,2,2024-10-09
2024-10-09 12:00:00,"853,2004551827689","504,369995",4,2,2024-10-09
2024-10-09 13:00:00,"853,2004551827689","575,51001",4,2,2024-10-09
2024-10-09 14:00:00,"853,2004551827689","708,48999",4,2,2024-10-09
2024-10-09 15:00:00,"885,1630231270502","875,909973",4,2,2024-10-09
2024-10-09 16:00:00,"964,4185965310184","913,799988",4,2,2024-10-09
2024-10-09 17:00:00,"1006,8302881165657","948,030029",4,2,2024-10-09
2024-10-09 18:00:00,"937,0873008549553","828,179993",4,2,2024-10-09
2024-10-09 19:00:00,"885,1630231270502","714,450012",4,2,2024-10-09
2024-10-09 20:00:00,"854,6319659321128","709,22998",4,2,2024-10-09
2024-10-09 21:00:00,"853,2004551827689","614,070007",4,2,2024-10-09
2024-10-09 22:00:00,"853,2004551827689","456,399994",4,2,2024-10-09
2024-10-09 23:00:00,"853,2004551827689","349,73999",4,2,2024-10-09
2024-10-10 00:00:00,"853,2004551827689","281,559998",4,2,2024-10-10
2024-10-10 01:00:00,"853,2004551827689","238,679993",4,2,2024-10-10
2024-10-10 02:00:00,"853,2004551827689","221,070007",4,2,2024-10-10
2024-10-10 03:00:00,"853,2004551827689","295,359985",4,2,2024-10-10
2024-10-10 04:00:00,"853,2004551827689","463,179993",4,2,2024-10-10
2024-10-10 05:00:00,"893,9575450950035","633,23999",4,2,2024-10-10
2024-10-10 06:00:00,"885,1630231270502","600,119995",4,2,2024-10-10
2024-10-10 07:00:00,"853,2004551827689","503,459991",4,2,2024-10-10
2024-10-10 08:00:00,"853,2004551827689","387,920013",4,2,2024-10-10
2024-10-10 09:00:00,"853,2004551827689","290,369995",4,2,2024-10-10
2024-10-10 10:00:00,"853,2004551827689","163,270004",4,2,2024-10-10
2024-10-10 11:00:00,"853,2004551827689","118,889999",4,2,2024-10-10
2024-10-10 12:00:00,"853,2004551827689","149,25",4,2,2024-10-10
2024-10-10 13:00:00,"853,2004551827689","277,309998",4,2,2024-10-10
2024-10-10 14:00:00,"853,2004551827689","277,309998",4,2,2024-10-10
2024-10-10 15:00:00,"853,2004551827689","285,140015",4,2,2024-10-10
2024-10-10 16:00:00,"893,9575450950035","294,470001",4,2,2024-10-10
2024-10-10 17:00:00,"921,4939624192675","288,200012",4,2,2024-10-10
2024-10-10 18:00:00,"887,2944616767238","274,630005",4,2,2024-10-10
2024-10-10 19:00:00,"853,2004551827689","263,890015",4,2,2024-10-10
2024-10-10 20:00:00,"853,2004551827689","223,759995",4,2,2024-10-10
2024-10-10 21:00:00,"853,2004551827689","236,289993",4,2,2024-10-10
2024-10-10 22:00:00,"853,2004551827689","258,890015",4,2,2024-10-10
2024-10-10 23:00:00,"853,2004551827689","258,959991",4,2,2024-10-10
2024-10-11 00:00:00,"853,2004551827689","261,720001",4,2,2024-10-11
2024-10-11 01:00:00,"853,2004551827689","267,609985",4,2,2024-10-11
2024-10-11 02:00:00,"853,2004551827689","267,839996",4,2,2024-10-11
2024-10-11 03:00:00,"853,2004551827689","274,179993",4,2,2024-10-11
2024-10-11 04:00:00,"853,2004551827689","308,190002",4,2,2024-10-11
2024-10-11 05:00:00,"885,1630231270502","439,230011",4,2,2024-10-11
2024-10-11 06:00:00,"885,1630231270502","593,919983",4,2,2024-10-11
2024-10-11 07:00:00,"853,2004551827689","400,670013",4,2,2024-10-11
2024-10-11 08:00:00,"853,2004551827689","367,859985",4,2,2024-10-11
2024-10-11 09:00:00,"853,2004551827689","324,970001",4,2,2024-10-11
2024-10-11 10:00:00,"853,2004551827689","316,470001",4,2,2024-10-11
2024-10-11 11:00:00,"853,2004551827689","310,200012",4,2,2024-10-11
2024-10-11 12:00:00,"853,2004551827689","299,309998",4,2,2024-10-11
2024-10-11 13:00:00,"853,2004551827689","298,119995",4,2,2024-10-11
2024-10-11 14:00:00,"853,2004551827689","298,859985",4,2,2024-10-11
2024-10-11 15:00:00,"853,2004551827689","496,660004",4,2,2024-10-11
2024-10-11 16:00:00,"887,2944616767238","939,330017",4,2,2024-10-11
2024-10-11 17:00:00,"937,0873008549553","1208,060059",4,2,2024-10-11
2024-10-11 18:00:00,"885,1630231270502","895,02002",4,2,2024-10-11
2024-10-11 19:00:00,"853,2004551827689","744,289978",4,2,2024-10-11
2024-10-11 20:00:00,"853,2004551827689","733,98999",4,2,2024-10-11
2024-10-11 21:00:00,"853,2004551827689","655,080017",4,2,2024-10-11
2024-10-11 22:00:00,"853,2004551827689","672,190002",4,2,2024-10-11
2024-10-11 23:00:00,"853,2004551827689","592,580017",4,2,2024-10-11
2024-10-12 00:00:00,"853,2004551827689","563,929993",4,2,2024-10-12
2024-10-12 01:00:00,"853,2004551827689","559,75",4,2,2024-10-12
2024-10-12 02:00:00,"853,2004551827689","536,619995",4,2,2024-10-12
2024-10-12 03:00:00,"853,2004551827689","506,619995",4,2,2024-10-12
2024-10-12 04:00:00,"853,2004551827689","534,460022",4,2,2024-10-12
2024-10-12 05:00:00,"853,2004551827689","400,149994",4,2,2024-10-12
2024-10-12 06:00:00,"853,2004551827689","378,359985",4,2,2024-10-12
2024-10-12 07:00:00,"853,2004551827689","310,910004",4,2,2024-10-12
2024-10-12 08:00:00,"853,2004551827689","263,390015",4,2,2024-10-12
2024-10-12 09:00:00,"853,2004551827689","255,770004",4,2,2024-10-12
2024-10-12 10:00:00,"853,2004551827689","184,970001",4,2,2024-10-12
2024-10-12 11:00:00,"853,2004551827689","106,919998",4,2,2024-10-12
2024-10-12 12:00:00,"853,2004551827689","174,149994",4,2,2024-10-12
2024-10-12 13:00:00,"853,2004551827689","263,459991",4,2,2024-10-12
2024-10-12 14:00:00,"853,2004551827689","218,990005",4,2,2024-10-12
2024-10-12 15:00:00,"853,2004551827689","423,799988",4,2,2024-10-12
2024-10-12 16:00:00,"937,0873008549553","361,950012",4,2,2024-10-12
2024-10-12 17:00:00,"957,5961883572332","299,049988",4,2,2024-10-12
2024-10-12 18:00:00,"896,503039393378","289,350006",4,2,2024-10-12
2024-10-12 19:00:00,"854,6319659321128","288,309998",4,2,2024-10-12
2024-10-12 20:00:00,"853,2004551827689","260,179993",4,2,2024-10-12
2024-10-12 21:00:00,"853,2004551827689","189,289993",4,2,2024-10-12
2024-10-12 22:00:00,"853,2004551827689","0,0",4,2,2024-10-12
2024-10-12 23:00:00,"853,2004551827689","-0,07",4,2,2024-10-12
2024-10-13 00:00:00,"853,2004551827689","-0,52",4,2,2024-10-13
2024-10-13 01:00:00,"853,2004551827689","-2,76",4,2,2024-10-13
2024-10-13 02:00:00,"853,2004551827689","-3,81",4,2,2024-10-13
2024-10-13 03:00:00,"853,2004551827689","-0,67",4,2,2024-10-13
2024-10-13 04:00:00,"853,2004551827689","-0,07",4,2,2024-10-13
2024-10-13 05:00:00,"853,2004551827689","12,83",4,2,2024-10-13
2024-10-13 06:00:00,"853,2004551827689","134,0",4,2,2024-10-13
2024-10-13 07:00:00,"853,2004551827689","73,489998",4,2,2024-10-13
2024-10-13 08:00:00,"853,2004551827689","36,630001",4,2,2024-10-13
2024-10-13 09:00:00,"853,2004551827689","46,330002",4,2,2024-10-13
2024-10-13 10:00:00,"853,2004551827689","47,599998",4,2,2024-10-13
2024-10-13 11:00:00,"853,2004551827689","52,970001",4,2,2024-10-13
2024-10-13 12:00:00,"853,2004551827689","59,09",4,2,2024-10-13
2024-10-13 13:00:00,"853,2004551827689","94,610001",4,2,2024-10-13
2024-10-13 14:00:00,"853,2004551827689","118,260002",4,2,2024-10-13
2024-10-13 15:00:00,"885,1630231270502","166,009995",4,2,2024-10-13
2024-10-13 16:00:00,"958,3286329331955","267,329987",4,2,2024-10-13
2024-10-13 17:00:00,"964,4473162497316","403,269989",4,2,2024-10-13
2024-10-13 18:00:00,"893,9575450950035","294,790009",4,2,2024-10-13
2024-10-13 19:00:00,"853,2004551827689","286,730011",4,2,2024-10-13
2024-10-13 20:00:00,"853,2004551827689","299,410004",4,2,2024-10-13
2024-10-13 21:00:00,"853,2004551827689","274,640015",4,2,2024-10-13
2024-10-13 22:00:00,"853,2004551827689","276,809998",4,2,2024-10-13
2024-10-13 23:00:00,"853,2004551827689","263,0",4,2,2024-10-13
2024-10-14 00:00:00,"693,677786029077","262,410004",4,3,2024-10-14
2024-10-14 01:00:00,"699,6525738469599","256,359985",4,3,2024-10-14
2024-10-14 02:00:00,"713,2148884044458","293,450012",4,3,2024-10-14
2024-10-14 03:00:00,"751,5502840250941","464,079987",4,3,2024-10-14
2024-10-14 04:00:00,"832,0570246391006","736,710022",4,3,2024-10-14
2024-10-14 05:00:00,"947,1911449228897","973,900024",4,3,2024-10-14
2024-10-14 06:00:00,"936,3174744704146","1142,449951",4,3,2024-10-14
2024-10-14 07:00:00,"853,2004551827689","879,960022",4,3,2024-10-14
2024-10-14 08:00:00,"853,2004551827689","753,200012",4,3,2024-10-14
2024-10-14 09:00:00,"853,2004551827689","695,599976",4,3,2024-10-14
2024-10-14 10:00:00,"853,2004551827689","643,450012",4,3,2024-10-14
2024-10-14 11:00:00,"853,2004551827689","616,289978",4,3,2024-10-14
2024-10-14 12:00:00,"853,2004551827689","553,320007",4,3,2024-10-14
2024-10-14 13:00:00,"853,2004551827689","649,710022",4,3,2024-10-14
2024-10-14 14:00:00,"853,2004551827689","789,309998",4,3,2024-10-14
2024-10-14 15:00:00,"904,0026971813236","1182,660034",4,3,2024-10-14
2024-10-14 16:00:00,"1044,6359598273357","1865,280029",4,3,2024-10-14
2024-10-14 17:00:00,"1049,3839588477394","1964,290039",4,3,2024-10-14
2024-10-14 18:00:00,"926,3337208335521","1178,859985",4,3,2024-10-14
2024-10-14 19:00:00,"853,2004551827689","851,460022",4,3,2024-10-14
2024-10-14 20:00:00,"853,2004551827689","743,580017",4,3,2024-10-14
2024-10-14 21:00:00,"853,2004551827689","707,309998",4,3,2024-10-14
2024-10-14 22:00:00,"853,2004551827689","680,679993",4,3,2024-10-14
2024-10-14 23:00:00,"853,2004551827689","645,320007",4,3,2024-10-14
2024-10-15 00:00:00,"853,2004551827689","659,190002",4,3,2024-10-15
2024-10-15 01:00:00,"853,2004551827689","627,039978",4,3,2024-10-15
2024-10-15 02:00:00,"853,2004551827689","602,859985",4,3,2024-10-15
2024-10-15 03:00:00,"853,2004551827689","667,849976",4,3,2024-10-15
2024-10-15 04:00:00,"853,2004551827689","854,530029",4,3,2024-10-15
2024-10-15 05:00:00,"937,0873008549553","1383,22998",4,3,2024-10-15
2024-10-15 06:00:00,"936,3174744704146","1317,719971",4,3,2024-10-15
2024-10-15 07:00:00,"885,1630231270502","824,76001",4,3,2024-10-15
2024-10-15 08:00:00,"853,2004551827689","692,02002",4,3,2024-10-15
2024-10-15 09:00:00,"853,2004551827689","619,650024",4,3,2024-10-15
2024-10-15 10:00:00,"853,2004551827689","585,47998",4,3,2024-10-15
2024-10-15 11:00:00,"853,2004551827689","535,340027",4,3,2024-10-15
2024-10-15 12:00:00,"853,2004551827689","566,299988",4,3,2024-10-15
2024-10-15 13:00:00,"853,2004551827689","621,960022",4,3,2024-10-15
2024-10-15 14:00:00,"885,1630231270502","664,27002",4,3,2024-10-15
2024-10-15 15:00:00,"921,4939624192675","900,48999",4,3,2024-10-15
2024-10-15 16:00:00,"989,4562864968385","1020,609985",4,3,2024-10-15
2024-10-15 17:00:00,"1007,1473722516121","726,049988",4,3,2024-10-15
2024-10-15 18:00:00,"916,7747022187001","568,98999",4,3,2024-10-15
2024-10-15 19:00:00,"853,2004551827689","497,290009",4,3,2024-10-15
2024-10-15 20:00:00,"853,2004551827689","445,059998",4,3,2024-10-15
2024-10-15 21:00:00,"853,2004551827689","304,269989",4,3,2024-10-15
2024-10-15 22:00:00,"853,2004551827689","174,210007",4,3,2024-10-15
2024-10-15 23:00:00,"853,2004551827689","95,5",4,3,2024-10-15
2024-10-16 00:00:00,"853,2004551827689","39,540001",4,3,2024-10-16
2024-10-16 01:00:00,"853,2004551827689","26,93",4,3,2024-10-16
2024-10-16 02:00:00,"853,2004551827689","23,58",4,3,2024-10-16
2024-10-16 03:00:00,"853,2004551827689","61,18",4,3,2024-10-16
2024-10-16 04:00:00,"853,2004551827689","301,049988",4,3,2024-10-16
2024-10-16 05:00:00,"894,4213548019127","353,720001",4,3,2024-10-16
2024-10-16 06:00:00,"916,7747022187001","406,23999",4,3,2024-10-16
2024-10-16 07:00:00,"854,6319659321128","354,76001",4,3,2024-10-16
2024-10-16 08:00:00,"853,2004551827689","199,059998",4,3,2024-10-16
2024-10-16 09:00:00,"853,2004551827689","105,650002",4,3,2024-10-16
2024-10-16 10:00:00,"853,2004551827689","30,51",4,3,2024-10-16
2024-10-16 11:00:00,"853,2004551827689","15,22",4,3,2024-10-16
2024-10-16 12:00:00,"853,2004551827689","29,84",4,3,2024-10-16
2024-10-16 13:00:00,"853,2004551827689","105,800003",4,3,2024-10-16
2024-10-16 14:00:00,"853,2004551827689","246,210007",4,3,2024-10-16
2024-10-16 15:00:00,"912,8258309300849","263,0",4,3,2024-10-16
2024-10-16 16:00:00,"958,471187840369","277,470001",4,3,2024-10-16
2024-10-16 17:00:00,"953,4386482331652","272,470001",4,3,2024-10-16
2024-10-16 18:00:00,"937,0873008549553","267,470001",4,3,2024-10-16
2024-10-16 19:00:00,"885,1630231270502","257,619995",4,3,2024-10-16
2024-10-16 20:00:00,"857,7784220558731","242,029999",4,3,2024-10-16
2024-10-16 21:00:00,"853,2004551827689","198,009995",4,3,2024-10-16
2024-10-16 22:00:00,"853,2004551827689","127,129997",4,3,2024-10-16
2024-10-16 23:00:00,"853,2004551827689","90,650002",4,3,2024-10-16
2024-10-17 00:00:00,"853,2004551827689","78,190002",4,3,2024-10-17
2024-10-17 01:00:00,"853,2004551827689","41,860001",4,3,2024-10-17
2024-10-17 02:00:00,"853,2004551827689","74,68",4,3,2024-10-17
2024-10-17 03:00:00,"853,2004551827689","216,139999",4,3,2024-10-17
2024-10-17 04:00:00,"853,2004551827689","261,730011",4,3,2024-10-17
2024-10-17 05:00:00,"853,2004551827689","298,660004",4,3,2024-10-17
2024-10-17 06:00:00,"853,2004551827689","306,790009",4,3,2024-10-17
2024-10-17 07:00:00,"853,2004551827689","301,869995",4,3,2024-10-17
2024-10-17 08:00:00,"853,2004551827689","286,940002",4,3,2024-10-17
2024-10-17 09:00:00,"853,2004551827689","287,089996",4,3,2024-10-17
2024-10-17 10:00:00,"853,2004551827689","290,670013",4,3,2024-10-17
2024-10-17 11:00:00,"853,2004551827689","305,299988",4,3,2024-10-17
2024-10-17 12:00:00,"853,2004551827689","322,980011",4,3,2024-10-17
2024-10-17 13:00:00,"853,2004551827689","474,140015",4,3,2024-10-17
2024-10-17 14:00:00,"853,2004551827689","691,469971",4,3,2024-10-17
2024-10-17 15:00:00,"853,2004551827689","893,059998",4,3,2024-10-17
2024-10-17 16:00:00,"885,1630231270502","1292,290039",4,3,2024-10-17
2024-10-17 17:00:00,"912,2579885943","1275,810059",4,3,2024-10-17
2024-10-17 18:00:00,"885,1630231270502","876,650024",4,3,2024-10-17
2024-10-17 19:00:00,"853,2004551827689","729,75",4,3,2024-10-17
2024-10-17 20:00:00,"853,2004551827689","664,390015",4,3,2024-10-17
2024-10-17 21:00:00,"853,2004551827689","613,359985",4,3,2024-10-17
2024-10-17 22:00:00,"853,2004551827689","603,929993",4,3,2024-10-17
2024-10-17 23:00:00,"853,2004551827689","605,5",4,3,2024-10-17
2024-10-18 00:00:00,"853,2004551827689","617,210022",4,3,2024-10-18
2024-10-18 01:00:00,"853,2004551827689","588,190002",4,3,2024-10-18
2024-10-18 02:00:00,"853,2004551827689","605,72998",4,3,2024-10-18
2024-10-18 03:00:00,"853,2004551827689","629,22998",4,3,2024-10-18
2024-10-18 04:00:00,"853,2004551827689","737,780029",4,3,2024-10-18
2024-10-18 05:00:00,"885,1630231270502","1117,449951",4,3,2024-10-18
2024-10-18 06:00:00,"917,6699236840697","1165,640015",4,3,2024-10-18
2024-10-18 07:00:00,"853,2004551827689","828,130005",4,3,2024-10-18
2024-10-18 08:00:00,"853,2004551827689","714,429993",4,3,2024-10-18
2024-10-18 09:00:00,"853,2004551827689","636,390015",4,3,2024-10-18
2024-10-18 10:00:00,"853,2004551827689","618,929993",4,3,2024-10-18
2024-10-18 11:00:00,"853,2004551827689","598,340027",4,3,2024-10-18
2024-10-18 12:00:00,"853,2004551827689","605,72998",4,3,2024-10-18
2024-10-18 13:00:00,"853,2004551827689","629,22998",4,3,2024-10-18
2024-10-18 14:00:00,"853,2004551827689","770,599976",4,3,2024-10-18
2024-10-18 15:00:00,"853,2004551827689","997,26001",4,3,2024-10-18
2024-10-18 16:00:00,"941,020795778349","1352,459961",4,3,2024-10-18
2024-10-18 17:00:00,"963,4375961364041","1063,72998",4,3,2024-10-18
2024-10-18 18:00:00,"893,9575450950035","770,309998",4,3,2024-10-18
2024-10-18 19:00:00,"853,2004551827689","722,409973",4,3,2024-10-18
2024-10-18 20:00:00,"853,2004551827689","695,77002",4,3,2024-10-18
2024-10-18 21:00:00,"853,2004551827689","638,179993",4,3,2024-10-18
2024-10-18 22:00:00,"853,2004551827689","649,27002",4,3,2024-10-18
2024-10-18 23:00:00,"853,2004551827689","619,210022",4,3,2024-10-18
2024-10-19 00:00:00,"853,2004551827689","595,940002",4,3,2024-10-19
2024-10-19 01:00:00,"853,2004551827689","561,27002",4,3,2024-10-19
2024-10-19 02:00:00,"853,2004551827689","565,809998",4,3,2024-10-19
2024-10-19 03:00:00,"853,2004551827689","572,530029",4,3,2024-10-19
2024-10-19 04:00:00,"853,2004551827689","596,619995",4,3,2024-10-19
2024-10-19 05:00:00,"853,2004551827689","685,440002",4,3,2024-10-19
2024-10-19 06:00:00,"853,2004551827689","668,659973",4,3,2024-10-19
2024-10-19 07:00:00,"853,2004551827689","630,919983",4,3,2024-10-19
2024-10-19 08:00:00,"853,2004551827689","587,669983",4,3,2024-10-19
2024-10-19 09:00:00,"853,2004551827689","546,799988",4,3,2024-10-19
2024-10-19 10:00:00,"853,2004551827689","493,399994",4,3,2024-10-19
2024-10-19 11:00:00,"853,2004551827689","454,619995",4,3,2024-10-19
2024-10-19 12:00:00,"853,2004551827689","476,470001",4,3,2024-10-19
2024-10-19 13:00:00,"853,2004551827689","589,679993",4,3,2024-10-19
2024-10-19 14:00:00,"853,2004551827689","731,52002",4,3,2024-10-19
2024-10-19 15:00:00,"853,2004551827689","813,929993",4,3,2024-10-19
2024-10-19 16:00:00,"893,9575450950035","1012,900024",4,3,2024-10-19
2024-10-19 17:00:00,"904,0026971813236","886,940002",4,3,2024-10-19
2024-10-19 18:00:00,"853,2004551827689","721,900024",4,3,2024-10-19
2024-10-19 19:00:00,"853,2004551827689","672,530029",4,3,2024-10-19
2024-10-19 20:00:00,"853,2004551827689","625,179993",4,3,2024-10-19
2024-10-19 21:00:00,"853,2004551827689","546,869995",4,3,2024-10-19
2024-10-19 22:00:00,"853,2004551827689","403,059998",4,3,2024-10-19
2024-10-19 23:00:00,"853,2004551827689","409,470001",4,3,2024-10-19
2024-10-20 00:00:00,"853,2004551827689","407,079987",4,3,2024-10-20
2024-10-20 01:00:00,"853,2004551827689","417,0",4,3,2024-10-20
2024-10-20 02:00:00,"853,2004551827689","444,450012",4,3,2024-10-20
2024-10-20 03:00:00,"853,2004551827689","241,880005",4,3,2024-10-20
2024-10-20 04:00:00,"853,2004551827689","240,389999",4,3,2024-10-20
2024-10-20 05:00:00,"853,2004551827689","291,329987",4,3,2024-10-20
2024-10-20 06:00:00,"853,2004551827689","359,950012",4,3,2024-10-20
2024-10-20 07:00:00,"853,2004551827689","341,230011",4,3,2024-10-20
2024-10-20 08:00:00,"853,2004551827689","47,509998",4,3,2024-10-20
2024-10-20 09:00:00,"853,2004551827689","0,6",4,3,2024-10-20
2024-10-20 10:00:00,"853,2004551827689","0,0",4,3,2024-10-20
2024-10-20 11:00:00,"853,2004551827689","-7,31",4,3,2024-10-20
2024-10-20 12:00:00,"853,2004551827689","-14,99",4,3,2024-10-20
2024-10-20 13:00:00,"853,2004551827689","0,0",4,3,2024-10-20
2024-10-20 14:00:00,"853,2004551827689","38,040001",4,3,2024-10-20
2024-10-20 15:00:00,"853,2004551827689","413,570007",4,3,2024-10-20
2024-10-20 16:00:00,"885,1630231270502","318,25",4,3,2024-10-20
2024-10-20 17:00:00,"903,1578321384113","268,950012",4,3,2024-10-20
2024-10-20 18:00:00,"853,2004551827689","252,919998",4,3,2024-10-20
2024-10-20 19:00:00,"853,2004551827689","156,259995",4,3,2024-10-20
2024-10-20 20:00:00,"853,2004551827689","90,620003",4,3,2024-10-20
2024-10-20 21:00:00,"853,2004551827689","14,39",4,3,2024-10-20
2024-10-20 22:00:00,"853,2004551827689","-0,75",4,3,2024-10-20
2024-10-20 23:00:00,"853,2004551827689","-0,75",4,3,2024-10-20
2024-10-21 00:00:00,"647,4601526581818","-1,04",4,4,2024-10-21
2024-10-21 01:00:00,"692,097334580366","-0,6",4,4,2024-10-21
2024-10-21 02:00:00,"692,097334580366","-0,3",4,4,2024-10-21
2024-10-21 03:00:00,"711,4335067762428","24,24",4,4,2024-10-21
2024-10-21 04:00:00,"797,7317299581541","32,59",4,4,2024-10-21
2024-10-21 05:00:00,"912,2579885943","301,170013",4,4,2024-10-21
2024-10-21 06:00:00,"937,0873008549553","292,070007",4,4,2024-10-21
2024-10-21 07:00:00,"856,9710463094245","240,160004",4,4,2024-10-21
2024-10-21 08:00:00,"853,2004551827689","215,399994",4,4,2024-10-21
2024-10-21 09:00:00,"853,2004551827689","208,690002",4,4,2024-10-21
2024-10-21 10:00:00,"853,2004551827689","188,479996",4,4,2024-10-21
2024-10-21 11:00:00,"853,2004551827689","209,729996",4,4,2024-10-21
2024-10-21 12:00:00,"853,2004551827689","168,710007",4,4,2024-10-21
2024-10-21 13:00:00,"853,2004551827689","434,609985",4,4,2024-10-21
2024-10-21 14:00:00,"853,2004551827689","670,289978",4,4,2024-10-21
2024-10-21 15:00:00,"926,3337208335521","969,900024",4,4,2024-10-21
2024-10-21 16:00:00,"1004,4628732196786","1582,319946",4,4,2024-10-21
2024-10-21 17:00:00,"956,4712856558788","1404,810059",4,4,2024-10-21
2024-10-21 18:00:00,"904,0026971813236","957,969971",4,4,2024-10-21
2024-10-21 19:00:00,"853,2004551827689","750,320007",4,4,2024-10-21
2024-10-21 20:00:00,"853,2004551827689","729,440002",4,4,2024-10-21
2024-10-21 21:00:00,"853,2004551827689","693,419983",4,4,2024-10-21
2024-10-21 22:00:00,"853,2004551827689","666,929993",4,4,2024-10-21
2024-10-21 23:00:00,"853,2004551827689","652,76001",4,4,2024-10-21
2024-10-22 00:00:00,"853,2004551827689","639,109985",4,4,2024-10-22
2024-10-22 01:00:00,"853,2004551827689","623,52002",4,4,2024-10-22
2024-10-22 02:00:00,"853,2004551827689","619,190002",4,4,2024-10-22
2024-10-22 03:00:00,"853,2004551827689","641,419983",4,4,2024-10-22
2024-10-22 04:00:00,"853,2004551827689","731,960022",4,4,2024-10-22
2024-10-22 05:00:00,"976,0848142213753","1118,76001",4,4,2024-10-22
2024-10-22 06:00:00,"972,6141079235068","1215,27002",4,4,2024-10-22
2024-10-22 07:00:00,"885,1630231270502","846,080017",4,4,2024-10-22
2024-10-22 08:00:00,"853,2004551827689","736,809998",4,4,2024-10-22
2024-10-22 09:00:00,"853,2004551827689","639,109985",4,4,2024-10-22
2024-10-22 10:00:00,"853,2004551827689","246,720001",4,4,2024-10-22
2024-10-22 11:00:00,"853,2004551827689","232,550003",4,4,2024-10-22
2024-10-22 12:00:00,"853,2004551827689","225,539993",4,4,2024-10-22
2024-10-22 13:00:00,"853,2004551827689","229,789993",4,4,2024-10-22
2024-10-22 14:00:00,"885,1630231270502","263,130005",4,4,2024-10-22
2024-10-22 15:00:00,"937,0873008549553","759,109985",4,4,2024-10-22
2024-10-22 16:00:00,"953,589221188899","1043,579956",4,4,2024-10-22
2024-10-22 17:00:00,"951,2898643864829","1176,560059",4,4,2024-10-22
2024-10-22 18:00:00,"893,9575450950035","850,400024",4,4,2024-10-22
2024-10-22 19:00:00,"853,2004551827689","697,72998",4,4,2024-10-22
2024-10-22 20:00:00,"853,2004551827689","713,919983",4,4,2024-10-22
2024-10-22 21:00:00,"853,2004551827689","658,950012",4,4,2024-10-22
2024-10-22 22:00:00,"853,2004551827689","602,789978",4,4,2024-10-22
2024-10-22 23:00:00,"853,2004551827689","620,690002",4,4,2024-10-22
2024-10-23 00:00:00,"853,2004551827689","611,669983",4,4,2024-10-23
2024-10-23 01:00:00,"853,2004551827689","620,539978",4,4,2024-10-23
2024-10-23 02:00:00,"853,2004551827689","639,859985",4,4,2024-10-23
2024-10-23 03:00:00,"853,2004551827689","675,950012",4,4,2024-10-23
2024-10-23 04:00:00,"853,2004551827689","780,950012",4,4,2024-10-23
2024-10-23 05:00:00,"887,2944616767238","1025,329956",4,4,2024-10-23
2024-10-23 06:00:00,"894,4213548019127","1205,72998",4,4,2024-10-23
2024-10-23 07:00:00,"853,2004551827689","957,690002",4,4,2024-10-23
2024-10-23 08:00:00,"853,2004551827689","776,330017",4,4,2024-10-23
2024-10-23 09:00:00,"853,2004551827689","693,700012",4,4,2024-10-23
2024-10-23 10:00:00,"853,2004551827689","600,929993",4,4,2024-10-23
2024-10-23 11:00:00,"853,2004551827689","574,75",4,4,2024-10-23
2024-10-23 12:00:00,"853,2004551827689","562,450012",4,4,2024-10-23
2024-10-23 13:00:00,"853,2004551827689","657,830017",4,4,2024-10-23
2024-10-23 14:00:00,"853,2004551827689","696,22998",4,4,2024-10-23
2024-10-23 15:00:00,"885,1630231270502","1009,669983",4,4,2024-10-23
2024-10-23 16:00:00,"912,2579885943","1428,859985",4,4,2024-10-23
2024-10-23 17:00:00,"926,3337208335521","1312,52002",4,4,2024-10-23
2024-10-23 18:00:00,"885,1630231270502","833,080017",4,4,2024-10-23
2024-10-23 19:00:00,"853,2004551827689","754,849976",4,4,2024-10-23
2024-10-23 20:00:00,"853,2004551827689","767,599976",4,4,2024-10-23
2024-10-23 21:00:00,"853,2004551827689","694,73999",4,4,2024-10-23
2024-10-23 22:00:00,"853,2004551827689","647,059998",4,4,2024-10-23
2024-10-23 23:00:00,"853,2004551827689","597,460022",4,4,2024-10-23
2024-10-24 00:00:00,"853,2004551827689","582,469971",4,4,2024-10-24
2024-10-24 01:00:00,"853,2004551827689","564,349976",4,4,2024-10-24
2024-10-24 02:00:00,"853,2004551827689","532,200012",4,4,2024-10-24
2024-10-24 03:00:00,"853,2004551827689","597,909973",4,4,2024-10-24
2024-10-24 04:00:00,"853,2004551827689","748,409973",4,4,2024-10-24
2024-10-24 05:00:00,"853,2004551827689","1057,98999",4,4,2024-10-24
2024-10-24 06:00:00,"853,2004551827689","1233,47998",4,4,2024-10-24
2024-10-24 07:00:00,"853,2004551827689","874,820007",4,4,2024-10-24
2024-10-24 08:00:00,"853,2004551827689","760,049988",4,4,2024-10-24
2024-10-24 09:00:00,"853,2004551827689","693,969971",4,4,2024-10-24
2024-10-24 10:00:00,"853,2004551827689","626,169983",4,4,2024-10-24
2024-10-24 11:00:00,"853,2004551827689","590,299988",4,4,2024-10-24
2024-10-24 12:00:00,"853,2004551827689","607,900024",4,4,2024-10-24
2024-10-24 13:00:00,"853,2004551827689","713,72998",4,4,2024-10-24
2024-10-24 14:00:00,"853,2004551827689","809,869995",4,4,2024-10-24
2024-10-24 15:00:00,"887,2944616767238","921,659973",4,4,2024-10-24
2024-10-24 16:00:00,"958,3286329331955","1034,430054",4,4,2024-10-24
2024-10-24 17:00:00,"958,6450256635277","851,630005",4,4,2024-10-24
2024-10-24 18:00:00,"912,8258309300849","720,52002",4,4,2024-10-24
2024-10-24 19:00:00,"885,1630231270502","698,369995",4,4,2024-10-24
2024-10-24 20:00:00,"853,2004551827689","670,47998",4,4,2024-10-24
2024-10-24 21:00:00,"853,2004551827689","623,559998",4,4,2024-10-24
2024-10-24 22:00:00,"853,2004551827689","615,460022",4,4,2024-10-24
2024-10-24 23:00:00,"853,2004551827689","612,25",4,4,2024-10-24
2024-10-25 00:00:00,"853,2004551827689","594,48999",4,4,2024-10-25
2024-10-25 01:00:00,"853,2004551827689","616,200012",4,4,2024-10-25
2024-10-25 02:00:00,"853,2004551827689","630,150024",4,4,2024-10-25
2024-10-25 03:00:00,"853,2004551827689","705,650024",4,4,2024-10-25
2024-10-25 04:00:00,"893,9575450950035","812,700012",4,4,2024-10-25
2024-10-25 05:00:00,"984,254988520909","923,190002",4,4,2024-10-25
2024-10-25 06:00:00,"1011,843986901442","1123,410034",4,4,2024-10-25
2024-10-25 07:00:00,"917,6699236840697","913,340027",4,4,2024-10-25
2024-10-25 08:00:00,"885,1630231270502","806,809998",4,4,2024-10-25
2024-10-25 09:00:00,"853,2004551827689","700,5",4,4,2024-10-25
2024-10-25 10:00:00,"853,2004551827689","604,859985",4,4,2024-10-25
2024-10-25 11:00:00,"853,2004551827689","583,22998",4,4,2024-10-25
2024-10-25 12:00:00,"853,2004551827689","615,22998",4,4,2024-10-25
2024-10-25 13:00:00,"853,2004551827689","741,01001",4,4,2024-10-25
2024-10-25 14:00:00,"853,2004551827689","880,51001",4,4,2024-10-25
2024-10-25 15:00:00,"937,0873008549553","1184,140015",4,4,2024-10-25
2024-10-25 16:00:00,"1033,2307937937574","1695,829956",4,4,2024-10-25
2024-10-25 17:00:00,"1030,0706155841615","1379,0",4,4,2024-10-25
2024-10-25 18:00:00,"936,3174744704146","924,01001",4,4,2024-10-25
2024-10-25 19:00:00,"885,1630231270502","867,530029",4,4,2024-10-25
2024-10-25 20:00:00,"885,1630231270502","850,150024",4,4,2024-10-25
2024-10-25 21:00:00,"853,2004551827689","801,210022",4,4,2024-10-25
2024-10-25 22:00:00,"853,2004551827689","860,150024",4,4,2024-10-25
2024-10-25 23:00:00,"853,2004551827689","818,0",4,4,2024-10-25
2024-10-26 00:00:00,"853,2004551827689","797,929993",4,4,2024-10-26
2024-10-26 01:00:00,"853,2004551827689","804,200012",4,4,2024-10-26
2024-10-26 02:00:00,"853,2004551827689","788,599976",4,4,2024-10-26
2024-10-26 03:00:00,"853,2004551827689","796,960022",4,4,2024-10-26
2024-10-26 04:00:00,"853,2004551827689","850,0",4,4,2024-10-26
2024-10-26 05:00:00,"853,2004551827689","937,890015",4,4,2024-10-26
2024-10-26 06:00:00,"853,2004551827689","940,059998",4,4,2024-10-26
2024-10-26 07:00:00,"853,2004551827689","877,159973",4,4,2024-10-26
2024-10-26 08:00:00,"853,2004551827689","756,450012",4,4,2024-10-26
2024-10-26 09:00:00,"853,2004551827689","607,900024",4,4,2024-10-26
2024-10-26 10:00:00,"853,2004551827689","509,940002",4,4,2024-10-26
2024-10-26 11:00:00,"853,2004551827689","472,269989",4,4,2024-10-26
2024-10-26 12:00:00,"853,2004551827689","481,589996",4,4,2024-10-26
2024-10-26 13:00:00,"853,2004551827689","607,599976",4,4,2024-10-26
2024-10-26 14:00:00,"853,2004551827689","750,549988",4,4,2024-10-26
2024-10-26 15:00:00,"885,1630231270502","938,039978",4,4,2024-10-26
2024-10-26 16:00:00,"947,9832763334375","1125,829956",4,4,2024-10-26
2024-10-26 17:00:00,"921,4939624192675","885,890015",4,4,2024-10-26
2024-10-26 18:00:00,"853,2004551827689","719,809998",4,4,2024-10-26
2024-10-26 19:00:00,"853,2004551827689","662,219971",4,4,2024-10-26
2024-10-26 20:00:00,"853,2004551827689","652,820007",4,4,2024-10-26
2024-10-26 21:00:00,"853,2004551827689","571,719971",4,4,2024-10-26
2024-10-26 22:00:00,"853,2004551827689","688,119995",4,4,2024-10-26
2024-10-26 23:00:00,"853,2004551827689","626,780029",4,4,2024-10-26
2024-10-27 00:00:00,"853,2004551827689","613,570007",4,4,2024-10-27
2024-10-27 01:00:00,"853,2004551827689","600,140015",4,4,2024-10-27
2024-10-27 02:00:00,"853,2004551827689","592,530029",4,4,2024-10-27
2024-10-27 03:00:00,"853,2004551827689","587,900024",4,4,2024-10-27
2024-10-27 04:00:00,"853,2004551827689","635,289978",4,4,2024-10-27
2024-10-27 05:00:00,"853,2004551827689","665,659973",4,4,2024-10-27
2024-10-27 06:00:00,"853,2004551827689","657,0",4,4,2024-10-27
2024-10-27 07:00:00,"853,2004551827689","629,320007",4,4,2024-10-27
2024-10-27 08:00:00,"853,2004551827689","496,049988",4,4,2024-10-27
2024-10-27 09:00:00,"853,2004551827689","408,299988",4,4,2024-10-27
2024-10-27 10:00:00,"853,2004551827689","317,119995",4,4,2024-10-27
2024-10-27 11:00:00,"853,2004551827689","298,390015",4,4,2024-10-27
2024-10-27 12:00:00,"853,2004551827689","298,470001",4,4,2024-10-27
2024-10-27 13:00:00,"853,2004551827689","480,01001",4,4,2024-10-27
2024-10-27 14:00:00,"853,2004551827689","753,109985",4,4,2024-10-27
2024-10-27 15:00:00,"853,2004551827689","878,97998",4,4,2024-10-27
2024-10-27 16:00:00,"853,2004551827689","1106,569946",4,4,2024-10-27
2024-10-27 17:00:00,"853,2004551827689","1087,23999",4,4,2024-10-27
2024-10-27 18:00:00,"853,2004551827689","973,52002",4,4,2024-10-27
2024-10-27 19:00:00,"853,2004551827689","881,299988",4,4,2024-10-27
2024-10-27 20:00:00,"853,2004551827689","831,159973",4,4,2024-10-27
2024-10-27 21:00:00,"853,2004551827689","820,48999",4,4,2024-10-27
2024-10-27 22:00:00,"853,2004551827689","651,109985",4,4,2024-10-27
2024-10-27 23:00:00,"853,2004551827689","713,340027",4,4,2024-10-27
