Time,Prediction,DKPrice,fold,week,Date
2024-01-01 00:00:00,"227,71259121898268","212,160004",1,1,2024-01-01
2024-01-01 01:00:00,"224,71424305785516","198,740005",1,1,2024-01-01
2024-01-01 02:00:00,"224,04839949775146","182,490005",1,1,2024-01-01
2024-01-01 03:00:00,"220,07377007867203","178,990005",1,1,2024-01-01
2024-01-01 04:00:00,"228,73801241212925","118,379997",1,1,2024-01-01
2024-01-01 05:00:00,"277,52474857521105","118,309998",1,1,2024-01-01
2024-01-01 06:00:00,"345,2105588149462","164,300003",1,1,2024-01-01
2024-01-01 07:00:00,"405,0854257230869","189,5",1,1,2024-01-01
2024-01-01 08:00:00,"416,83670005671206","240,119995",1,1,2024-01-01
2024-01-01 09:00:00,"421,52913754721305","308,179993",1,1,2024-01-01
2024-01-01 10:00:00,"406,50805124373454","324,359985",1,1,2024-01-01
2024-01-01 11:00:00,"385,3395384549551","320,700012",1,1,2024-01-01
2024-01-01 12:00:00,"377,3164789050956","330,170013",1,1,2024-01-01
2024-01-01 13:00:00,"397,1139049837613","344,709991",1,1,2024-01-01
2024-01-01 14:00:00,"419,45559311130717","377,290009",1,1,2024-01-01
2024-01-01 15:00:00,"436,3119478803709","443,329987",1,1,2024-01-01
2024-01-01 16:00:00,"477,64027349783765","484,480011",1,1,2024-01-01
2024-01-01 17:00:00,"513,6039571515126","460,26001",1,1,2024-01-01
2024-01-01 18:00:00,"524,3766091039573","410,529999",1,1,2024-01-01
2024-01-01 19:00:00,"499,5420787608288","357,899994",1,1,2024-01-01
2024-01-01 20:00:00,"454,4377424012048","328,079987",1,1,2024-01-01
2024-01-01 21:00:00,"426,4536850566494","336,959991",1,1,2024-01-01
2024-01-01 22:00:00,"374,0127215425085","283,279999",1,1,2024-01-01
2024-01-01 23:00:00,"354,84055088813176","283,279999",1,1,2024-01-01
2024-01-02 00:00:00,"341,82787325695045","250,179993",1,1,2024-01-02
2024-01-02 01:00:00,"329,11055460399666","238,779999",1,1,2024-01-02
2024-01-02 02:00:00,"322,1245436709127","240,710007",1,1,2024-01-02
2024-01-02 03:00:00,"330,38643375101117","273,589996",1,1,2024-01-02
2024-01-02 04:00:00,"348,7961064179356","311,01001",1,1,2024-01-02
2024-01-02 05:00:00,"400,9363521138308","366,630005",1,1,2024-01-02
2024-01-02 06:00:00,"439,13773570172685","437,970001",1,1,2024-01-02
2024-01-02 07:00:00,"546,4941908935074","489,549988",1,1,2024-01-02
2024-01-02 08:00:00,"553,7309930192151","492,829987",1,1,2024-01-02
2024-01-02 09:00:00,"549,4769270541757","514,22998",1,1,2024-01-02
2024-01-02 10:00:00,"537,911519092266","548,219971",1,1,2024-01-02
2024-01-02 11:00:00,"533,9545207726995","582,659973",1,1,2024-01-02
2024-01-02 12:00:00,"523,0833874693623","587,960022",1,1,2024-01-02
2024-01-02 13:00:00,"521,6851988570501","590,719971",1,1,2024-01-02
2024-01-02 14:00:00,"632,737406540118","596,080017",1,1,2024-01-02
2024-01-02 15:00:00,"667,9825311062405","607,26001",1,1,2024-01-02
2024-01-02 16:00:00,"678,80181031752","603,23999",1,1,2024-01-02
2024-01-02 17:00:00,"658,4462369873761","558,72998",1,1,2024-01-02
2024-01-02 18:00:00,"579,0302364241672","470,98999",1,1,2024-01-02
2024-01-02 19:00:00,"491,0846400253184","425,73999",1,1,2024-01-02
2024-01-02 20:00:00,"423,6772059840512","358,130005",1,1,2024-01-02
2024-01-02 21:00:00,"371,54293144047637","298,190002",1,1,2024-01-02
2024-01-02 22:00:00,"337,43628042127193","223,639999",1,1,2024-01-02
2024-01-02 23:00:00,"325,4270617717827","149,100006",1,1,2024-01-02
2024-01-03 00:00:00,"306,4650064593746","118,309998",1,1,2024-01-03
2024-01-03 01:00:00,"301,7600870305204","118,389999",1,1,2024-01-03
2024-01-03 02:00:00,"300,0137831514081","118,389999",1,1,2024-01-03
2024-01-03 03:00:00,"298,24454489169545","118,830002",1,1,2024-01-03
2024-01-03 04:00:00,"311,4911996947619","149,399994",1,1,2024-01-03
2024-01-03 05:00:00,"346,05356820594903","368,579987",1,1,2024-01-03
2024-01-03 06:00:00,"450,14458768124894","399,070007",1,1,2024-01-03
2024-01-03 07:00:00,"628,7207948037172","473,25",1,1,2024-01-03
2024-01-03 08:00:00,"646,6540256348926","484,51001",1,1,2024-01-03
2024-01-03 09:00:00,"657,1679256162514","448,720001",1,1,2024-01-03
2024-01-03 10:00:00,"659,1772224486765","447,01001",1,1,2024-01-03
2024-01-03 11:00:00,"657,5899269597033","445,820007",1,1,2024-01-03
2024-01-03 12:00:00,"609,4126671299758","438,809998",1,1,2024-01-03
2024-01-03 13:00:00,"596,4692446317541","484,51001",1,1,2024-01-03
2024-01-03 14:00:00,"609,6875694326999","513,140015",1,1,2024-01-03
2024-01-03 15:00:00,"608,0422479108416","548,619995",1,1,2024-01-03
2024-01-03 16:00:00,"628,1261158920105","613,409973",1,1,2024-01-03
2024-01-03 17:00:00,"622,0886262277243","618,549988",1,1,2024-01-03
2024-01-03 18:00:00,"588,5539783755436","589,179993",1,1,2024-01-03
2024-01-03 19:00:00,"544,3594118317482","545,940002",1,1,2024-01-03
2024-01-03 20:00:00,"491,3098205695966","502,549988",1,1,2024-01-03
2024-01-03 21:00:00,"458,55222255654917","484,579987",1,1,2024-01-03
2024-01-03 22:00:00,"428,9695513137557","433,290009",1,1,2024-01-03
2024-01-03 23:00:00,"388,7424989343947","437,850006",1,1,2024-01-03
2024-01-04 00:00:00,"363,0095556292657","399,73999",1,1,2024-01-04
2024-01-04 01:00:00,"337,3472485966293","406,0",1,1,2024-01-04
2024-01-04 02:00:00,"312,9962592899038","411,519989",1,1,2024-01-04
2024-01-04 03:00:00,"314,60548332199414","434,420013",1,1,2024-01-04
2024-01-04 04:00:00,"332,5172262553423","441,130005",1,1,2024-01-04
2024-01-04 05:00:00,"393,59380336418127","541,809998",1,1,2024-01-04
2024-01-04 06:00:00,"470,2641451127074","634,059998",1,1,2024-01-04
2024-01-04 07:00:00,"546,3914527427576","682,169983",1,1,2024-01-04
2024-01-04 08:00:00,"537,1944229662643","702,530029",1,1,2024-01-04
2024-01-04 09:00:00,"535,2650471957952","685,969971",1,1,2024-01-04
2024-01-04 10:00:00,"502,8640636746496","674,190002",1,1,2024-01-04
2024-01-04 11:00:00,"466,5586179195375","646,52002",1,1,2024-01-04
2024-01-04 12:00:00,"508,2381890891002","641,070007",1,1,2024-01-04
2024-01-04 13:00:00,"524,0769948758608","686,940002",1,1,2024-01-04
2024-01-04 14:00:00,"581,5824510732128","735,48999",1,1,2024-01-04
2024-01-04 15:00:00,"592,0770595208944","788,51001",1,1,2024-01-04
2024-01-04 16:00:00,"598,8584741729236","993,599976",1,1,2024-01-04
2024-01-04 17:00:00,"564,6350756325783","1078,77002",1,1,2024-01-04
2024-01-04 18:00:00,"548,1678468751442","932,22998",1,1,2024-01-04
2024-01-04 19:00:00,"510,2339167818771","772,549988",1,1,2024-01-04
2024-01-04 20:00:00,"471,2361002526532","745,859985",1,1,2024-01-04
2024-01-04 21:00:00,"446,46394975309914","707,450012",1,1,2024-01-04
2024-01-04 22:00:00,"373,51171974140766","662,47998",1,1,2024-01-04
2024-01-04 23:00:00,"336,07489098429255","662,570007",1,1,2024-01-04
2024-01-05 00:00:00,"308,6129063431133","619,76001",1,1,2024-01-05
2024-01-05 01:00:00,"288,6581219591529","596,710022",1,1,2024-01-05
2024-01-05 02:00:00,"259,9861009099709","597,97998",1,1,2024-01-05
2024-01-05 03:00:00,"250,66640796593478","615,280029",1,1,2024-01-05
2024-01-05 04:00:00,"273,00984052612057","657,419983",1,1,2024-01-05
2024-01-05 05:00:00,"319,1559241666519","818,909973",1,1,2024-01-05
2024-01-05 06:00:00,"390,2563038410393","1230,790039",1,1,2024-01-05
2024-01-05 07:00:00,"430,65720039934905","2230,280029",1,1,2024-01-05
2024-01-05 08:00:00,"429,1311000145617","1858,150024",1,1,2024-01-05
2024-01-05 09:00:00,"419,49200913927837","1908,430054",1,1,2024-01-05
2024-01-05 10:00:00,"408,07150680317926","1574,640015",1,1,2024-01-05
2024-01-05 11:00:00,"390,9098656050845","1516,23999",1,1,2024-01-05
2024-01-05 12:00:00,"372,0053949963029","1469,25",1,1,2024-01-05
2024-01-05 13:00:00,"375,29559876699","1475,810059",1,1,2024-01-05
2024-01-05 14:00:00,"386,44813373405","2237,209961",1,1,2024-01-05
2024-01-05 15:00:00,"404,3836757186416","3353,810059",1,1,2024-01-05
2024-01-05 16:00:00,"404,6598128893468","3925,22998",1,1,2024-01-05
2024-01-05 17:00:00,"388,49517942119473","2610,22998",1,1,2024-01-05
2024-01-05 18:00:00,"371,00757923089054","1356,839966",1,1,2024-01-05
2024-01-05 19:00:00,"341,71286961898903","1115,849976",1,1,2024-01-05
2024-01-05 20:00:00,"326,4484514431334","841,51001",1,1,2024-01-05
2024-01-05 21:00:00,"297,7999606988435","746,630005",1,1,2024-01-05
2024-01-05 22:00:00,"264,8865583863659","692,710022",1,1,2024-01-05
2024-01-05 23:00:00,"214,8231516854908","633,090027",1,1,2024-01-05
2024-01-06 00:00:00,"198,39494475519268","620,559998",1,1,2024-01-06
2024-01-06 01:00:00,"179,1270329809139","611,830017",1,1,2024-01-06
2024-01-06 02:00:00,"161,97640781169054","612,950012",1,1,2024-01-06
2024-01-06 03:00:00,"149,10722126424753","615,559998",1,1,2024-01-06
2024-01-06 04:00:00,"147,819510691902","627,5",1,1,2024-01-06
2024-01-06 05:00:00,"152,17752870182522","630,109985",1,1,2024-01-06
2024-01-06 06:00:00,"164,34184720861782","652,109985",1,1,2024-01-06
2024-01-06 07:00:00,"205,3573530593291","677,77002",1,1,2024-01-06
2024-01-06 08:00:00,"249,04213151830186","708,419983",1,1,2024-01-06
2024-01-06 09:00:00,"257,883181411778","748,929993",1,1,2024-01-06
2024-01-06 10:00:00,"265,0732468097183","773,090027",1,1,2024-01-06
2024-01-06 11:00:00,"265,0732468097183","763,25",1,1,2024-01-06
2024-01-06 12:00:00,"265,0732468097183","729,080017",1,1,2024-01-06
2024-01-06 13:00:00,"282,8495184754731","712,380005",1,1,2024-01-06
2024-01-06 14:00:00,"312,80785421446376","734,679993",1,1,2024-01-06
2024-01-06 15:00:00,"346,5495626465937","820,450012",1,1,2024-01-06
2024-01-06 16:00:00,"387,22572001086803","882,140015",1,1,2024-01-06
2024-01-06 17:00:00,"402,6104671802006","797,630005",1,1,2024-01-06
2024-01-06 18:00:00,"380,9533594129225","762,799988",1,1,2024-01-06
2024-01-06 19:00:00,"335,785930010117","708,419983",1,1,2024-01-06
2024-01-06 20:00:00,"292,5957149370105","675,97998",1,1,2024-01-06
2024-01-06 21:00:00,"256,5303486349932","666,359985",1,1,2024-01-06
2024-01-06 22:00:00,"230,7552892906855","617,580017",1,1,2024-01-06
2024-01-06 23:00:00,"214,41693173724525","642,570007",1,1,2024-01-06
2024-01-07 00:00:00,"211,83884064217753","615,049988",1,1,2024-01-07
2024-01-07 01:00:00,"211,83884064217753","590,880005",1,1,2024-01-07
2024-01-07 02:00:00,"217,95830837317442","578,280029",1,1,2024-01-07
2024-01-07 03:00:00,"218,37299827214767","573,5",1,1,2024-01-07
2024-01-07 04:00:00,"221,327947438595","577,460022",1,1,2024-01-07
2024-01-07 05:00:00,"229,61539797339924","585,140015",1,1,2024-01-07
2024-01-07 06:00:00,"228,11869491307883","599,460022",1,1,2024-01-07
2024-01-07 07:00:00,"244,40409454198112","628,099976",1,1,2024-01-07
2024-01-07 08:00:00,"245,26766360819357","653,159973",1,1,2024-01-07
2024-01-07 09:00:00,"244,61392079721588","669,419983",1,1,2024-01-07
2024-01-07 10:00:00,"244,2881667285009","686,130005",1,1,2024-01-07
2024-01-07 11:00:00,"242,65294308576017","682,469971",1,1,2024-01-07
2024-01-07 12:00:00,"240,44677475706416","652,789978",1,1,2024-01-07
2024-01-07 13:00:00,"240,53661803659233","650,630005",1,1,2024-01-07
2024-01-07 14:00:00,"240,78545837023742","676,059998",1,1,2024-01-07
2024-01-07 15:00:00,"238,52363910568315","717,609985",1,1,2024-01-07
2024-01-07 16:00:00,"244,0439468938305","777,719971",1,1,2024-01-07
2024-01-07 17:00:00,"241,3542644111304","791,299988",1,1,2024-01-07
2024-01-07 18:00:00,"216,98667905424585","772,349976",1,1,2024-01-07
2024-01-07 19:00:00,"206,89836782711805","749,599976",1,1,2024-01-07
2024-01-07 20:00:00,"205,71920840907546","695,97998",1,1,2024-01-07
2024-01-07 21:00:00,"193,6897589961969","680,01001",1,1,2024-01-07
2024-01-07 22:00:00,"184,33343832250628","625,48999",1,1,2024-01-07
2024-01-07 23:00:00,"170,95177141039463","649,059998",1,1,2024-01-07
2024-01-08 00:00:00,"504,05136556934394","628,919983",1,2,2024-01-08
2024-01-08 01:00:00,"356,028870510877","610,27002",1,2,2024-01-08
2024-01-08 02:00:00,"245,84760230606588","590,059998",1,2,2024-01-08
2024-01-08 03:00:00,"199,65856026012264","585,359985",1,2,2024-01-08
2024-01-08 04:00:00,"186,0875461258859","612,359985",1,2,2024-01-08
2024-01-08 05:00:00,"198,85498716821195","703,359985",1,2,2024-01-08
2024-01-08 06:00:00,"238,15210264085317","829,559998",1,2,2024-01-08
2024-01-08 07:00:00,"280,6455426320276","903,330017",1,2,2024-01-08
2024-01-08 08:00:00,"295,24698235776293","900,48999",1,2,2024-01-08
2024-01-08 09:00:00,"299,72395831194166","849,549988",1,2,2024-01-08
2024-01-08 10:00:00,"293,75989332095037","787,200012",1,2,2024-01-08
2024-01-08 11:00:00,"279,5049028395155","729,76001",1,2,2024-01-08
2024-01-08 12:00:00,"276,96642929520294","707,690002",1,2,2024-01-08
2024-01-08 13:00:00,"276,4803317700354","764,219971",1,2,2024-01-08
2024-01-08 14:00:00,"280,15319495550676","825,22998",1,2,2024-01-08
2024-01-08 15:00:00,"313,5724255791685","954,719971",1,2,2024-01-08
2024-01-08 16:00:00,"351,0881662727506","986,869995",1,2,2024-01-08
2024-01-08 17:00:00,"363,95358199561684","969,710022",1,2,2024-01-08
2024-01-08 18:00:00,"349,260897953916","910,859985",1,2,2024-01-08
2024-01-08 19:00:00,"326,7336901659515","851,859985",1,2,2024-01-08
2024-01-08 20:00:00,"303,0703810262276","766,97998",1,2,2024-01-08
2024-01-08 21:00:00,"296,4676759939893","745,719971",1,2,2024-01-08
2024-01-08 22:00:00,"261,4162373322549","682,400024",1,2,2024-01-08
2024-01-08 23:00:00,"249,28098604051053","657,710022",1,2,2024-01-08
2024-01-09 00:00:00,"242,0909206425701","649,359985",1,2,2024-01-09
2024-01-09 01:00:00,"236,64738875682838","634,140015",1,2,2024-01-09
2024-01-09 02:00:00,"243,35310906873426","627,719971",1,2,2024-01-09
2024-01-09 03:00:00,"243,35310906873426","639,51001",1,2,2024-01-09
2024-01-09 04:00:00,"256,872901759185","666,070007",1,2,2024-01-09
2024-01-09 05:00:00,"279,1395548225114","809,530029",1,2,2024-01-09
2024-01-09 06:00:00,"320,62131513491266","925,539978",1,2,2024-01-09
2024-01-09 07:00:00,"378,53470820064445","994,099976",1,2,2024-01-09
2024-01-09 08:00:00,"406,27076269551037","902,039978",1,2,2024-01-09
2024-01-09 09:00:00,"402,9181255861308","844,450012",1,2,2024-01-09
2024-01-09 10:00:00,"401,7931410828681","789,169983",1,2,2024-01-09
2024-01-09 11:00:00,"398,53912444266035","747,690002",1,2,2024-01-09
2024-01-09 12:00:00,"385,34907348936065","752,159973",1,2,2024-01-09
2024-01-09 13:00:00,"385,34907348936065","838,26001",1,2,2024-01-09
2024-01-09 14:00:00,"482,9724291911818","903,390015",1,2,2024-01-09
2024-01-09 15:00:00,"564,3430895671391","977,23999",1,2,2024-01-09
2024-01-09 16:00:00,"582,8789895059527","1029,170044",1,2,2024-01-09
2024-01-09 17:00:00,"571,3407633812074","1028,050049",1,2,2024-01-09
2024-01-09 18:00:00,"527,1203782374714","973,070007",1,2,2024-01-09
2024-01-09 19:00:00,"475,77549176096227","897,039978",1,2,2024-01-09
2024-01-09 20:00:00,"430,6919504856821","833,179993",1,2,2024-01-09
2024-01-09 21:00:00,"371,0080017755819","792,150024",1,2,2024-01-09
2024-01-09 22:00:00,"326,25888918331674","724,340027",1,2,2024-01-09
2024-01-09 23:00:00,"293,1449374110031","665,900024",1,2,2024-01-09
2024-01-10 00:00:00,"279,1532457286277","647,039978",1,2,2024-01-10
2024-01-10 01:00:00,"274,2155001053279","646,809998",1,2,2024-01-10
2024-01-10 02:00:00,"266,9994184501897","642,039978",1,2,2024-01-10
2024-01-10 03:00:00,"266,29318807076027","643,599976",1,2,2024-01-10
2024-01-10 04:00:00,"274,7120556816211","664,109985",1,2,2024-01-10
2024-01-10 05:00:00,"308,3133649246022","812,0",1,2,2024-01-10
2024-01-10 06:00:00,"402,6026653434061","965,030029",1,2,2024-01-10
2024-01-10 07:00:00,"522,1759364151533","1066,459961",1,2,2024-01-10
2024-01-10 08:00:00,"568,0384780554606","972,419983",1,2,2024-01-10
2024-01-10 09:00:00,"579,4168055239433","905,890015",1,2,2024-01-10
2024-01-10 10:00:00,"574,5678902881049","813,869995",1,2,2024-01-10
2024-01-10 11:00:00,"572,7085981696322","762,26001",1,2,2024-01-10
2024-01-10 12:00:00,"558,9535749037749","806,929993",1,2,2024-01-10
2024-01-10 13:00:00,"567,0132983084668","862,710022",1,2,2024-01-10
2024-01-10 14:00:00,"591,9985079627767","923,27002",1,2,2024-01-10
2024-01-10 15:00:00,"597,8988682763234","1004,109985",1,2,2024-01-10
2024-01-10 16:00:00,"604,8437912703056","1072,349976",1,2,2024-01-10
2024-01-10 17:00:00,"602,1662093740749","1044,089966",1,2,2024-01-10
2024-01-10 18:00:00,"582,348402954357","985,539978",1,2,2024-01-10
2024-01-10 19:00:00,"544,2581142024214","894,929993",1,2,2024-01-10
2024-01-10 20:00:00,"486,3249336435509","818,559998",1,2,2024-01-10
2024-01-10 21:00:00,"451,19105172553077","779,26001",1,2,2024-01-10
2024-01-10 22:00:00,"393,6053544233289","716,169983",1,2,2024-01-10
2024-01-10 23:00:00,"331,7349143994222","684,27002",1,2,2024-01-10
2024-01-11 00:00:00,"308,58256834832054","660,700012",1,2,2024-01-11
2024-01-11 01:00:00,"278,05535923925527","650,710022",1,2,2024-01-11
2024-01-11 02:00:00,"258,35977349395057","614,390015",1,2,2024-01-11
2024-01-11 03:00:00,"258,8654054473891","611,179993",1,2,2024-01-11
2024-01-11 04:00:00,"267,23800352393926","666,440002",1,2,2024-01-11
2024-01-11 05:00:00,"291,69859888818013","761,22998",1,2,2024-01-11
2024-01-11 06:00:00,"357,44627798648634","871,530029",1,2,2024-01-11
2024-01-11 07:00:00,"398,60756368513","1051,569946",1,2,2024-01-11
2024-01-11 08:00:00,"400,83753017167777","963,27002",1,2,2024-01-11
2024-01-11 09:00:00,"391,55252377633406","847,590027",1,2,2024-01-11
2024-01-11 10:00:00,"363,5574637288517","794,119995",1,2,2024-01-11
2024-01-11 11:00:00,"331,25415675227","741,169983",1,2,2024-01-11
2024-01-11 12:00:00,"344,4133592259355","738,340027",1,2,2024-01-11
2024-01-11 13:00:00,"358,1572679187376","790,390015",1,2,2024-01-11
2024-01-11 14:00:00,"375,96884815134484","879,73999",1,2,2024-01-11
2024-01-11 15:00:00,"409,02029564620136","1024,349976",1,2,2024-01-11
2024-01-11 16:00:00,"418,10910114115904","1119,359985",1,2,2024-01-11
2024-01-11 17:00:00,"411,884758535749","1019,429993",1,2,2024-01-11
2024-01-11 18:00:00,"404,7170868233915","986,76001",1,2,2024-01-11
2024-01-11 19:00:00,"382,46389353574597","887,119995",1,2,2024-01-11
2024-01-11 20:00:00,"343,3530456459396","799,419983",1,2,2024-01-11
2024-01-11 21:00:00,"309,72148813570203","745,789978",1,2,2024-01-11
2024-01-11 22:00:00,"261,55755317619827","725,059998",1,2,2024-01-11
2024-01-11 23:00:00,"242,17206409867853","678,890015",1,2,2024-01-11
2024-01-12 00:00:00,"234,75706808693397","657,859985",1,2,2024-01-12
2024-01-12 01:00:00,"226,69477301738235","635,48999",1,2,2024-01-12
2024-01-12 02:00:00,"226,080044284815","631,090027",1,2,2024-01-12
2024-01-12 03:00:00,"226,080044284815","628,929993",1,2,2024-01-12
2024-01-12 04:00:00,"232,64125574879378","636,23999",1,2,2024-01-12
2024-01-12 05:00:00,"247,97937422912108","686,869995",1,2,2024-01-12
2024-01-12 06:00:00,"289,8104580667502","881,130005",1,2,2024-01-12
2024-01-12 07:00:00,"315,87955200876013","1049,51001",1,2,2024-01-12
2024-01-12 08:00:00,"316,0084242927972","1006,409973",1,2,2024-01-12
2024-01-12 09:00:00,"308,7598248462189","909,840027",1,2,2024-01-12
2024-01-12 10:00:00,"294,5762661408606","855,549988",1,2,2024-01-12
2024-01-12 11:00:00,"275,28801442834583","797,76001",1,2,2024-01-12
2024-01-12 12:00:00,"268,2985614373504","768,679993",1,2,2024-01-12
2024-01-12 13:00:00,"270,9627510829073","779,559998",1,2,2024-01-12
2024-01-12 14:00:00,"278,7473505586943","820,280029",1,2,2024-01-12
2024-01-12 15:00:00,"310,7385107070191","894,849976",1,2,2024-01-12
2024-01-12 16:00:00,"337,4203415449572","950,780029",1,2,2024-01-12
2024-01-12 17:00:00,"342,10265267119667","939,590027",1,2,2024-01-12
2024-01-12 18:00:00,"324,60619060688066","890,900024",1,2,2024-01-12
2024-01-12 19:00:00,"279,349106164423","811,26001",1,2,2024-01-12
2024-01-12 20:00:00,"258,8978000028091","734,369995",1,2,2024-01-12
2024-01-12 21:00:00,"249,6020422518689","696,27002",1,2,2024-01-12
2024-01-12 22:00:00,"227,39958252305874","634,969971",1,2,2024-01-12
2024-01-12 23:00:00,"217,9476407796206","564,030029",1,2,2024-01-12
2024-01-13 00:00:00,"208,33537426461646","558,140015",1,2,2024-01-13
2024-01-13 01:00:00,"207,12537551051955","549,200012",1,2,2024-01-13
2024-01-13 02:00:00,"207,31904721740165","532,190002",1,2,2024-01-13
2024-01-13 03:00:00,"202,7410971944173","538,679993",1,2,2024-01-13
2024-01-13 04:00:00,"187,8281213509306","414,230011",1,2,2024-01-13
2024-01-13 05:00:00,"172,3378917689202","340,179993",1,2,2024-01-13
2024-01-13 06:00:00,"175,37888354381204","381,790009",1,2,2024-01-13
2024-01-13 07:00:00,"192,96472158204142","500,799988",1,2,2024-01-13
2024-01-13 08:00:00,"257,55686265128605","546,659973",1,2,2024-01-13
2024-01-13 09:00:00,"279,6886679091441","537,039978",1,2,2024-01-13
2024-01-13 10:00:00,"285,74354400855833","529,289978",1,2,2024-01-13
2024-01-13 11:00:00,"290,50526778667023","521,609985",1,2,2024-01-13
2024-01-13 12:00:00,"292,8419611928942","474,779999",1,2,2024-01-13
2024-01-13 13:00:00,"310,94802951168236","506,390015",1,2,2024-01-13
2024-01-13 14:00:00,"362,05936985082616","511,609985",1,2,2024-01-13
2024-01-13 15:00:00,"408,62271375903765","527,789978",1,2,2024-01-13
2024-01-13 16:00:00,"462,5430418585079","553,450012",1,2,2024-01-13
2024-01-13 17:00:00,"500,15467203175945","565,299988",1,2,2024-01-13
2024-01-13 18:00:00,"463,81619993195807","550,460022",1,2,2024-01-13
2024-01-13 19:00:00,"431,4817074847288","544,799988",1,2,2024-01-13
2024-01-13 20:00:00,"363,5228980583522","528,909973",1,2,2024-01-13
2024-01-13 21:00:00,"313,06177209795004","467,98999",1,2,2024-01-13
2024-01-13 22:00:00,"273,32650111894066","459,709991",1,2,2024-01-13
2024-01-13 23:00:00,"238,10672639274998","477,420013",1,2,2024-01-13
2024-01-14 00:00:00,"224,46584364449905","463,179993",1,2,2024-01-14
2024-01-14 01:00:00,"223,8511149119317","469,290009",1,2,2024-01-14
2024-01-14 02:00:00,"218,3531704375975","477,350006",1,2,2024-01-14
2024-01-14 03:00:00,"217,83549438506017","482,269989",1,2,2024-01-14
2024-01-14 04:00:00,"223,17402985785796","486,220001",1,2,2024-01-14
2024-01-14 05:00:00,"232,993737565217","501,950012",1,2,2024-01-14
2024-01-14 06:00:00,"258,3722617288341","534,390015",1,2,2024-01-14
2024-01-14 07:00:00,"295,759267228266","572,280029",1,2,2024-01-14
2024-01-14 08:00:00,"297,15299039656514","605,090027",1,2,2024-01-14
2024-01-14 09:00:00,"292,41645903921176","601,289978",1,2,2024-01-14
2024-01-14 10:00:00,"291,44322648755417","610,309998",1,2,2024-01-14
2024-01-14 11:00:00,"283,4906615047899","599,5",1,2,2024-01-14
2024-01-14 12:00:00,"280,8207201731214","574,52002",1,2,2024-01-14
2024-01-14 13:00:00,"280,8207201731214","590,25",1,2,2024-01-14
2024-01-14 14:00:00,"281,225622650454","613,890015",1,2,2024-01-14
2024-01-14 15:00:00,"289,17818763321816","645,960022",1,2,2024-01-14
2024-01-14 16:00:00,"279,37566236033683","685,030029",1,2,2024-01-14
2024-01-14 17:00:00,"259,62914426608415","705,76001",1,2,2024-01-14
2024-01-14 18:00:00,"240,3750457970594","635,809998",1,2,2024-01-14
2024-01-14 19:00:00,"219,71382782285366","589,580017",1,2,2024-01-14
2024-01-14 20:00:00,"209,41772942724302","586,150024",1,2,2024-01-14
2024-01-14 21:00:00,"208,66032685078468","562,210022",1,2,2024-01-14
2024-01-14 22:00:00,"205,31349917555298","498,820007",1,2,2024-01-14
2024-01-14 23:00:00,"190,67799259328686","519,409973",1,2,2024-01-14
2024-01-15 00:00:00,"400,3247217114152","492,559998",1,3,2024-01-15
2024-01-15 01:00:00,"278,35364361364026","479,579987",1,3,2024-01-15
2024-01-15 02:00:00,"215,28054173127518","462,649994",1,3,2024-01-15
2024-01-15 03:00:00,"205,86110586824827","474,059998",1,3,2024-01-15
2024-01-15 04:00:00,"197,28866933713823","526,27002",1,3,2024-01-15
2024-01-15 05:00:00,"197,1079706838907","596,219971",1,3,2024-01-15
2024-01-15 06:00:00,"251,34152500864218","625,22998",1,3,2024-01-15
2024-01-15 07:00:00,"287,1715993123604","740,52002",1,3,2024-01-15
2024-01-15 08:00:00,"290,91017026400283","747,900024",1,3,2024-01-15
2024-01-15 09:00:00,"289,87251949121793","707,549988",1,3,2024-01-15
2024-01-15 10:00:00,"280,98603306455124","673,099976",1,3,2024-01-15
2024-01-15 11:00:00,"270,90735734557086","625,369995",1,3,2024-01-15
2024-01-15 12:00:00,"268,134067682898","612,619995",1,3,2024-01-15
2024-01-15 13:00:00,"268,3771252310472","630,150024",1,3,2024-01-15
2024-01-15 14:00:00,"290,6166334163043","666,98999",1,3,2024-01-15
2024-01-15 15:00:00,"310,06488980265135","745,140015",1,3,2024-01-15
2024-01-15 16:00:00,"346,51396896010004","813,450012",1,3,2024-01-15
2024-01-15 17:00:00,"362,06791840415076","861,849976",1,3,2024-01-15
2024-01-15 18:00:00,"342,3334493583607","825,22998",1,3,2024-01-15
2024-01-15 19:00:00,"339,83528463559975","769,22998",1,3,2024-01-15
2024-01-15 20:00:00,"324,10949298484235","693,159973",1,3,2024-01-15
2024-01-15 21:00:00,"305,42444142523703","667,359985",1,3,2024-01-15
2024-01-15 22:00:00,"291,3442850663267","644,539978",1,3,2024-01-15
2024-01-15 23:00:00,"263,835545626109","612,98999",1,3,2024-01-15
2024-01-16 00:00:00,"250,9907808198163","607,099976",1,3,2024-01-16
2024-01-16 01:00:00,"243,79872924687308","597,179993",1,3,2024-01-16
2024-01-16 02:00:00,"238,30277094754157","583,679993",1,3,2024-01-16
2024-01-16 03:00:00,"248,22821456276617","578,679993",1,3,2024-01-16
2024-01-16 04:00:00,"264,9197393674987","622,390015",1,3,2024-01-16
2024-01-16 05:00:00,"293,4669300385053","917,359985",1,3,2024-01-16
2024-01-16 06:00:00,"332,84301009070606","1442,560059",1,3,2024-01-16
2024-01-16 07:00:00,"388,7248695344789","2055,399902",1,3,2024-01-16
2024-01-16 08:00:00,"413,33874777910506","2017,890015",1,3,2024-01-16
2024-01-16 09:00:00,"424,8008658009379","1864,030029",1,3,2024-01-16
2024-01-16 10:00:00,"424,90865442151625","1495,73999",1,3,2024-01-16
2024-01-16 11:00:00,"424,94380109495995","1268,189941",1,3,2024-01-16
2024-01-16 12:00:00,"418,54494555994825","1058,839966",1,3,2024-01-16
2024-01-16 13:00:00,"418,8267608027816","1070,849976",1,3,2024-01-16
2024-01-16 14:00:00,"487,5285918434446","1164,670044",1,3,2024-01-16
2024-01-16 15:00:00,"557,5480871753239","1268,48999",1,3,2024-01-16
2024-01-16 16:00:00,"560,9265490227954","1273,930054",1,3,2024-01-16
2024-01-16 17:00:00,"545,8197858094159","992,539978",1,3,2024-01-16
2024-01-16 18:00:00,"475,6726805966771","833,599976",1,3,2024-01-16
2024-01-16 19:00:00,"403,5477622903788","712,179993",1,3,2024-01-16
2024-01-16 20:00:00,"342,68567752184236","642,969971",1,3,2024-01-16
2024-01-16 21:00:00,"314,69375821415395","611,869995",1,3,2024-01-16
2024-01-16 22:00:00,"298,8612364121896","579,429993",1,3,2024-01-16
2024-01-16 23:00:00,"300,1386134468573","521,210022",1,3,2024-01-16
2024-01-17 00:00:00,"279,44686919680885","517,26001",1,3,2024-01-17
2024-01-17 01:00:00,"264,4445954497742","510,619995",1,3,2024-01-17
2024-01-17 02:00:00,"258,4431506362085","503,839996",1,3,2024-01-17
2024-01-17 03:00:00,"258,4431506362085","501,970001",1,3,2024-01-17
2024-01-17 04:00:00,"276,38430140752865","501,75",1,3,2024-01-17
2024-01-17 05:00:00,"303,24544773224574","526,880005",1,3,2024-01-17
2024-01-17 06:00:00,"395,93000167765837","596,159973",1,3,2024-01-17
2024-01-17 07:00:00,"529,0268827885719","715,929993",1,3,2024-01-17
2024-01-17 08:00:00,"575,8409889337407","767,159973",1,3,2024-01-17
2024-01-17 09:00:00,"582,1959463714456","797,289978",1,3,2024-01-17
2024-01-17 10:00:00,"570,2834889782918","828,539978",1,3,2024-01-17
2024-01-17 11:00:00,"567,1587029672299","877,840027",1,3,2024-01-17
2024-01-17 12:00:00,"549,9647501858274","907,590027",1,3,2024-01-17
2024-01-17 13:00:00,"550,6969680204511","907,890015",1,3,2024-01-17
2024-01-17 14:00:00,"589,1494032960373","935,630005",1,3,2024-01-17
2024-01-17 15:00:00,"604,9569207965709","958,75",1,3,2024-01-17
2024-01-17 16:00:00,"619,7906499028495","1047,939941",1,3,2024-01-17
2024-01-17 17:00:00,"621,0206332505142","921,690002",1,3,2024-01-17
2024-01-17 18:00:00,"594,0319798476745","852,26001",1,3,2024-01-17
2024-01-17 19:00:00,"538,3955628568427","818,849976",1,3,2024-01-17
2024-01-17 20:00:00,"481,2185316194344","753,890015",1,3,2024-01-17
2024-01-17 21:00:00,"438,71319229568576","703,099976",1,3,2024-01-17
2024-01-17 22:00:00,"364,64501575597365","627,710022",1,3,2024-01-17
2024-01-17 23:00:00,"329,2755865651487","606,580017",1,3,2024-01-17
2024-01-18 00:00:00,"309,5859298144527","575,780029",1,3,2024-01-18
2024-01-18 01:00:00,"289,02392378434064","561,530029",1,3,2024-01-18
2024-01-18 02:00:00,"275,6196473040966","558,700012",1,3,2024-01-18
2024-01-18 03:00:00,"270,42901685293566","578,539978",1,3,2024-01-18
2024-01-18 04:00:00,"293,47702485117884","604,119995",1,3,2024-01-18
2024-01-18 05:00:00,"310,5414696371416","681,97998",1,3,2024-01-18
2024-01-18 06:00:00,"374,5815876820605","831,969971",1,3,2024-01-18
2024-01-18 07:00:00,"420,7611731918394","938,919983",1,3,2024-01-18
2024-01-18 08:00:00,"419,4552711026204","911,179993",1,3,2024-01-18
2024-01-18 09:00:00,"416,13710004974706","827,119995",1,3,2024-01-18
2024-01-18 10:00:00,"388,3875301198226","805,119995",1,3,2024-01-18
2024-01-18 11:00:00,"362,4456129253591","697,719971",1,3,2024-01-18
2024-01-18 12:00:00,"360,2659644657242","653,48999",1,3,2024-01-18
2024-01-18 13:00:00,"374,223616419311","644,619995",1,3,2024-01-18
2024-01-18 14:00:00,"404,9166802049566","702,940002",1,3,2024-01-18
2024-01-18 15:00:00,"419,32100562944606","742,25",1,3,2024-01-18
2024-01-18 16:00:00,"437,5548432266357","780,72998",1,3,2024-01-18
2024-01-18 17:00:00,"429,74799803661557","770,140015",1,3,2024-01-18
2024-01-18 18:00:00,"409,9027807109326","705,030029",1,3,2024-01-18
2024-01-18 19:00:00,"375,64473147028446","648,650024",1,3,2024-01-18
2024-01-18 20:00:00,"326,837971616772","605,090027",1,3,2024-01-18
2024-01-18 21:00:00,"288,6073090031914","577,48999",1,3,2024-01-18
2024-01-18 22:00:00,"243,23222793885375","532,0",1,3,2024-01-18
2024-01-18 23:00:00,"231,50084229534164","510,089996",1,3,2024-01-18
2024-01-19 00:00:00,"210,16365807993182","487,269989",1,3,2024-01-19
2024-01-19 01:00:00,"206,01211464487986","477,649994",1,3,2024-01-19
2024-01-19 02:00:00,"197,43967811376982","468,029999",1,3,2024-01-19
2024-01-19 03:00:00,"192,19944854583846","472,209991",1,3,2024-01-19
2024-01-19 04:00:00,"187,3270893293016","491,079987",1,3,2024-01-19
2024-01-19 05:00:00,"223,428133962834","564,830017",1,3,2024-01-19
2024-01-19 06:00:00,"272,1616584270102","666,549988",1,3,2024-01-19
2024-01-19 07:00:00,"318,7807718847714","777,590027",1,3,2024-01-19
2024-01-19 08:00:00,"310,7987439753622","770,359985",1,3,2024-01-19
2024-01-19 09:00:00,"300,16675341334974","714,799988",1,3,2024-01-19
2024-01-19 10:00:00,"293,535201532444","645,52002",1,3,2024-01-19
2024-01-19 11:00:00,"283,5885682048372","587,049988",1,3,2024-01-19
2024-01-19 12:00:00,"267,67725221628916","560,429993",1,3,2024-01-19
2024-01-19 13:00:00,"265,62639705757573","573,549988",1,3,2024-01-19
2024-01-19 14:00:00,"282,8110895349645","648,429993",1,3,2024-01-19
2024-01-19 15:00:00,"298,6541271177829","780,049988",1,3,2024-01-19
2024-01-19 16:00:00,"327,22669911786033","855,890015",1,3,2024-01-19
2024-01-19 17:00:00,"322,4381556294047","809,059998",1,3,2024-01-19
2024-01-19 18:00:00,"288,1525861305398","634,630005",1,3,2024-01-19
2024-01-19 19:00:00,"259,65298078410666","565,429993",1,3,2024-01-19
2024-01-19 20:00:00,"237,40049601332055","544,469971",1,3,2024-01-19
2024-01-19 21:00:00,"227,18800076152928","527,169983",1,3,2024-01-19
2024-01-19 22:00:00,"207,01835755498325","497,339996",1,3,2024-01-19
2024-01-19 23:00:00,"208,75544760870005","504,279999",1,3,2024-01-19
2024-01-20 00:00:00,"198,1461044215476","484,809998",1,3,2024-01-20
2024-01-20 01:00:00,"175,51494362367941","485,480011",1,3,2024-01-20
2024-01-20 02:00:00,"162,47349613073425","472,359985",1,3,2024-01-20
2024-01-20 03:00:00,"162,47349613073425","472,579987",1,3,2024-01-20
2024-01-20 04:00:00,"165,30358721762929","460,5",1,3,2024-01-20
2024-01-20 05:00:00,"173,76945229425604","480,640015",1,3,2024-01-20
2024-01-20 06:00:00,"181,1856873819065","511,209991",1,3,2024-01-20
2024-01-20 07:00:00,"193,66717264241143","557,969971",1,3,2024-01-20
2024-01-20 08:00:00,"257,3138051031368","588,02002",1,3,2024-01-20
2024-01-20 09:00:00,"277,52799634810816","548,650024",1,3,2024-01-20
2024-01-20 10:00:00,"276,6156516322321","540,73999",1,3,2024-01-20
2024-01-20 11:00:00,"269,09870752602467","520,159973",1,3,2024-01-20
2024-01-20 12:00:00,"262,9630777570804","527,919983",1,3,2024-01-20
2024-01-20 13:00:00,"303,03767667847234","547,309998",1,3,2024-01-20
2024-01-20 14:00:00,"361,70932181673294","589,960022",1,3,2024-01-20
2024-01-20 15:00:00,"418,4692340543484","671,549988",1,3,2024-01-20
2024-01-20 16:00:00,"477,74685175557084","725,390015",1,3,2024-01-20
2024-01-20 17:00:00,"507,38159855907804","754,030029",1,3,2024-01-20
2024-01-20 18:00:00,"473,20138192158305","682,880005",1,3,2024-01-20
2024-01-20 19:00:00,"437,4417886910487","596,599976",1,3,2024-01-20
2024-01-20 20:00:00,"366,70087828342304","547,309998",1,3,2024-01-20
2024-01-20 21:00:00,"320,8308370470921","525,159973",1,3,2024-01-20
2024-01-20 22:00:00,"290,9624858880726","499,579987",1,3,2024-01-20
2024-01-20 23:00:00,"254,67803864117292","445,26001",1,3,2024-01-20
2024-01-21 00:00:00,"243,45925579128365","429,230011",1,3,2024-01-21
2024-01-21 01:00:00,"230,17676483830297","411,329987",1,3,2024-01-21
2024-01-21 02:00:00,"224,16569146287114","379,549988",1,3,2024-01-21
2024-01-21 03:00:00,"218,3424861905153","361,799988",1,3,2024-01-21
2024-01-21 04:00:00,"223,82895674107996","353,899994",1,3,2024-01-21
2024-01-21 05:00:00,"230,09279020185662","339,579987",1,3,2024-01-21
2024-01-21 06:00:00,"247,87094676908532","327,869995",1,3,2024-01-21
2024-01-21 07:00:00,"278,81661682408605","383,059998",1,3,2024-01-21
2024-01-21 08:00:00,"282,9909371766735","405,429993",1,3,2024-01-21
2024-01-21 09:00:00,"268,23308832721955","343,529999",1,3,2024-01-21
2024-01-21 10:00:00,"281,59803615760273","363,0",1,3,2024-01-21
2024-01-21 11:00:00,"268,23308832721955","287,0",1,3,2024-01-21
2024-01-21 12:00:00,"266,48868958069266","281,100006",1,3,2024-01-21
2024-01-21 13:00:00,"259,6126381894368","330,399994",1,3,2024-01-21
2024-01-21 14:00:00,"282,2847067972441","365,76001",1,3,2024-01-21
2024-01-21 15:00:00,"287,23543355712604","371,649994",1,3,2024-01-21
2024-01-21 16:00:00,"279,6245026939819","422,51001",1,3,2024-01-21
2024-01-21 17:00:00,"265,0189146954097","458,309998",1,3,2024-01-21
2024-01-21 18:00:00,"240,3750457970594","437,359985",1,3,2024-01-21
2024-01-21 19:00:00,"222,19128928754876","384,100006",1,3,2024-01-21
2024-01-21 20:00:00,"210,16365807993182","391,26001",1,3,2024-01-21
2024-01-21 21:00:00,"206,01211464487986","375,829987",1,3,2024-01-21
2024-01-21 22:00:00,"197,43967811376982","216,520004",1,3,2024-01-21
2024-01-21 23:00:00,"198,94154096087667","203,610001",1,3,2024-01-21
2024-01-22 00:00:00,"205,080942223647","165,869995",1,4,2024-01-22
2024-01-22 01:00:00,"198,1382935830967","138,869995",1,4,2024-01-22
2024-01-22 02:00:00,"192,19944854583846","37,59",1,4,2024-01-22
2024-01-22 03:00:00,"183,98026165406986","37,740002",1,4,2024-01-22
2024-01-22 04:00:00,"178,36800649804508","149,169998",1,4,2024-01-22
2024-01-22 05:00:00,"210,28979773155024","302,059998",1,4,2024-01-22
2024-01-22 06:00:00,"270,8825006138552","451,01001",1,4,2024-01-22
2024-01-22 07:00:00,"307,568561358511","495,829987",1,4,2024-01-22
2024-01-22 08:00:00,"317,9496589036444","429,450012",1,4,2024-01-22
2024-01-22 09:00:00,"318,2377795254648","459,059998",1,4,2024-01-22
2024-01-22 10:00:00,"317,8328770481322","451,970001",1,4,2024-01-22
2024-01-22 11:00:00,"306,3967929277947","424,529999",1,4,2024-01-22
2024-01-22 12:00:00,"304,1632869764707","423,040009",1,4,2024-01-22
2024-01-22 13:00:00,"304,87464106520525","434,299988",1,4,2024-01-22
2024-01-22 14:00:00,"316,0042735741409","445,48999",1,4,2024-01-22
2024-01-22 15:00:00,"331,2181149003879","447,429993",1,4,2024-01-22
2024-01-22 16:00:00,"372,1664744770655","461,299988",1,4,2024-01-22
2024-01-22 17:00:00,"385,137405430909","455,179993",1,4,2024-01-22
2024-01-22 18:00:00,"365,2167303927388","447,720001",1,4,2024-01-22
2024-01-22 19:00:00,"339,61653000755535","444,519989",1,4,2024-01-22
2024-01-22 20:00:00,"325,12633622431605","425,119995",1,4,2024-01-22
2024-01-22 21:00:00,"302,3804703393872","194,440002",1,4,2024-01-22
2024-01-22 22:00:00,"288,51380538018054","171,770004",1,4,2024-01-22
2024-01-22 23:00:00,"258,4873281810607","118,129997",1,4,2024-01-22
2024-01-23 00:00:00,"248,9437419564274","75,330002",1,4,2024-01-23
2024-01-23 01:00:00,"227,18800076152928","69,879997",1,4,2024-01-23
2024-01-23 02:00:00,"226,57327202896187","31,1",1,4,2024-01-23
2024-01-23 03:00:00,"246,0485470898664","76,220001",1,4,2024-01-23
2024-01-23 04:00:00,"265,46360386036145","161,320007",1,4,2024-01-23
2024-01-23 05:00:00,"297,2871317556233","191,889999",1,4,2024-01-23
2024-01-23 06:00:00,"343,26792553665456","454,410004",1,4,2024-01-23
2024-01-23 07:00:00,"409,27456953077973","461,649994",1,4,2024-01-23
2024-01-23 08:00:00,"429,23123941171787","455,76001",1,4,2024-01-23
2024-01-23 09:00:00,"433,7538860170184","447,25",1,4,2024-01-23
2024-01-23 10:00:00,"426,4747057472893","443,299988",1,4,2024-01-23
2024-01-23 11:00:00,"422,119359046539","310,100006",1,4,2024-01-23
2024-01-23 12:00:00,"414,9946121359116","199,570007",1,4,2024-01-23
2024-01-23 13:00:00,"414,7513003374479","320,019989",1,4,2024-01-23
2024-01-23 14:00:00,"510,3439423133706","468,059998",1,4,2024-01-23
2024-01-23 15:00:00,"568,9906056119895","494,390015",1,4,2024-01-23
2024-01-23 16:00:00,"586,8256223236172","510,570007",1,4,2024-01-23
2024-01-23 17:00:00,"561,5761821691758","498,040009",1,4,2024-01-23
2024-01-23 18:00:00,"493,19742356474853","472,390015",1,4,2024-01-23
2024-01-23 19:00:00,"402,6322548966798","450,910004",1,4,2024-01-23
2024-01-23 20:00:00,"345,764731389031","391,170013",1,4,2024-01-23
2024-01-23 21:00:00,"317,274103974474","304,429993",1,4,2024-01-23
2024-01-23 22:00:00,"300,0682455253996","248,050003",1,4,2024-01-23
2024-01-23 23:00:00,"302,0839987763608","213,350006",1,4,2024-01-23
2024-01-24 00:00:00,"280,19279784949765","187,699997",1,4,2024-01-24
2024-01-24 01:00:00,"264,4445954497742","153,910004",1,4,2024-01-24
2024-01-24 02:00:00,"258,4431506362085","140,339996",1,4,2024-01-24
2024-01-24 03:00:00,"258,4431506362085","133,110001",1,4,2024-01-24
2024-01-24 04:00:00,"276,38430140752865","145,789993",1,4,2024-01-24
2024-01-24 05:00:00,"303,99137638493454","190,160004",1,4,2024-01-24
2024-01-24 06:00:00,"399,0071899588609","288,809998",1,4,2024-01-24
2024-01-24 07:00:00,"533,3884059688529","373,380005",1,4,2024-01-24
2024-01-24 08:00:00,"575,7364339035203","369,429993",1,4,2024-01-24
2024-01-24 09:00:00,"599,7884835912905","373,600006",1,4,2024-01-24
2024-01-24 10:00:00,"579,057575504057","378,519989",1,4,2024-01-24
2024-01-24 11:00:00,"573,2481376178603","293,359985",1,4,2024-01-24
2024-01-24 12:00:00,"553,567390572067","278,450012",1,4,2024-01-24
2024-01-24 13:00:00,"563,4592506142347","335,869995",1,4,2024-01-24
2024-01-24 14:00:00,"583,2843873817513","372,480011",1,4,2024-01-24
2024-01-24 15:00:00,"587,9376486010685","378,820007",1,4,2024-01-24
2024-01-24 16:00:00,"603,0707193648491","404,25",1,4,2024-01-24
2024-01-24 17:00:00,"582,7786718300433","397,609985",1,4,2024-01-24
2024-01-24 18:00:00,"552,8141874939231","373,529999",1,4,2024-01-24
2024-01-24 19:00:00,"514,4981248787971","314,540009",1,4,2024-01-24
2024-01-24 20:00:00,"465,9379904560551","298,579987",1,4,2024-01-24
2024-01-24 21:00:00,"430,97437498788645","313,269989",1,4,2024-01-24
2024-01-24 22:00:00,"369,4208602801523","287,320007",1,4,2024-01-24
2024-01-24 23:00:00,"327,56027030406085","326,899994",1,4,2024-01-24
2024-01-25 00:00:00,"298,3839367762663","327,869995",1,4,2024-01-25
2024-01-25 01:00:00,"287,9266203004108","318,839996",1,4,2024-01-25
2024-01-25 02:00:00,"263,7991418934531","326,970001",1,4,2024-01-25
2024-01-25 03:00:00,"275,0986993697701","336,369995",1,4,2024-01-25
2024-01-25 04:00:00,"281,7169090988581","380,359985",1,4,2024-01-25
2024-01-25 05:00:00,"308,8543399988681","442,850006",1,4,2024-01-25
2024-01-25 06:00:00,"382,621526070062","492,51001",1,4,2024-01-25
2024-01-25 07:00:00,"428,90692023971656","663,789978",1,4,2024-01-25
2024-01-25 08:00:00,"428,44765768379386","635,679993",1,4,2024-01-25
2024-01-25 09:00:00,"416,54323751762564","606,599976",1,4,2024-01-25
2024-01-25 10:00:00,"403,6806573899215","568,340027",1,4,2024-01-25
2024-01-25 11:00:00,"381,36929086150855","545,450012",1,4,2024-01-25
2024-01-25 12:00:00,"384,1652473049804","566,630005",1,4,2024-01-25
2024-01-25 13:00:00,"394,29361459465315","633,659973",1,4,2024-01-25
2024-01-25 14:00:00,"453,41997595868486","686,530029",1,4,2024-01-25
2024-01-25 15:00:00,"498,45859360944576","755,950012",1,4,2024-01-25
2024-01-25 16:00:00,"531,9910879039919","920,0",1,4,2024-01-25
2024-01-25 17:00:00,"510,54720403201134","861,539978",1,4,2024-01-25
2024-01-25 18:00:00,"492,8109109975465","736,640015",1,4,2024-01-25
2024-01-25 19:00:00,"449,8045851655315","679,070007",1,4,2024-01-25
2024-01-25 20:00:00,"394,9183812883409","643,580017",1,4,2024-01-25
2024-01-25 21:00:00,"353,5045106368832","599,73999",1,4,2024-01-25
2024-01-25 22:00:00,"303,487924471165","560,440002",1,4,2024-01-25
2024-01-25 23:00:00,"276,07184307003826","468,200012",1,4,2024-01-25
2024-01-26 00:00:00,"245,2698173406398","462,23999",1,4,2024-01-26
2024-01-26 01:00:00,"234,0271674272799","436,070007",1,4,2024-01-26
2024-01-26 02:00:00,"233,46924739082397","420,109985",1,4,2024-01-26
2024-01-26 03:00:00,"230,27702585545507","415,269989",1,4,2024-01-26
2024-01-26 04:00:00,"227,07632592382836","388,869995",1,4,2024-01-26
2024-01-26 05:00:00,"256,3310381162557","432,040009",1,4,2024-01-26
2024-01-26 06:00:00,"311,1069021451707","469,470001",1,4,2024-01-26
2024-01-26 07:00:00,"359,37744158346635","484,149994",1,4,2024-01-26
2024-01-26 08:00:00,"367,6767952103114","475,660004",1,4,2024-01-26
2024-01-26 09:00:00,"350,7206724032202","456,420013",1,4,2024-01-26
2024-01-26 10:00:00,"324,1409124955817","437,929993",1,4,2024-01-26
2024-01-26 11:00:00,"298,4606658483906","389,769989",1,4,2024-01-26
2024-01-26 12:00:00,"294,9616189512532","346,450012",1,4,2024-01-26
2024-01-26 13:00:00,"288,0258967621706","367,399994",1,4,2024-01-26
2024-01-26 14:00:00,"296,8197484901831","364,640015",1,4,2024-01-26
2024-01-26 15:00:00,"333,2664082240029","383,809998",1,4,2024-01-26
2024-01-26 16:00:00,"365,4596776281699","427,720001",1,4,2024-01-26
2024-01-26 17:00:00,"350,8132819535142","404,01001",1,4,2024-01-26
2024-01-26 18:00:00,"323,67051033337276","249,830002",1,4,2024-01-26
2024-01-26 19:00:00,"281,7494676086952","205,619995",1,4,2024-01-26
2024-01-26 20:00:00,"258,31746951284407","192,050003",1,4,2024-01-26
2024-01-26 21:00:00,"257,227685399383","181,839996",1,4,2024-01-26
2024-01-26 22:00:00,"218,73690483720918","163,869995",1,4,2024-01-26
2024-01-26 23:00:00,"208,75544760870005","144,039993",1,4,2024-01-26
2024-01-27 00:00:00,"200,42925435988192","136,130005",1,4,2024-01-27
2024-01-27 01:00:00,"175,51494362367941","131,440002",1,4,2024-01-27
2024-01-27 02:00:00,"162,47349613073425","134,339996",1,4,2024-01-27
2024-01-27 03:00:00,"162,47349613073425","137,850006",1,4,2024-01-27
2024-01-27 04:00:00,"164,95095759542934","140,460007",1,4,2024-01-27
2024-01-27 05:00:00,"170,99436241692393","144,710007",1,4,2024-01-27
2024-01-27 06:00:00,"176,1373183476152","154,399994",1,4,2024-01-27
2024-01-27 07:00:00,"209,42540634064534","215,080002",1,4,2024-01-27
2024-01-27 08:00:00,"262,2823094792499","237,820007",1,4,2024-01-27
2024-01-27 09:00:00,"283,9392927058145","341,600006",1,4,2024-01-27
2024-01-27 10:00:00,"286,8151995898181","422,040009",1,4,2024-01-27
2024-01-27 11:00:00,"286,13049097506837","416,299988",1,4,2024-01-27
2024-01-27 12:00:00,"286,43174695287735","242,220001",1,4,2024-01-27
2024-01-27 13:00:00,"292,4714624677383","296,570007",1,4,2024-01-27
2024-01-27 14:00:00,"341,28361668392864","432,029999",1,4,2024-01-27
2024-01-27 15:00:00,"406,9802882775603","439,339996",1,4,2024-01-27
2024-01-27 16:00:00,"433,70359264610164","460,359985",1,4,2024-01-27
2024-01-27 17:00:00,"453,82692031250735","457,079987",1,4,2024-01-27
2024-01-27 18:00:00,"452,37269286807935","443,070007",1,4,2024-01-27
2024-01-27 19:00:00,"427,57976874496603","433,970001",1,4,2024-01-27
2024-01-27 20:00:00,"362,82797964009285","431,290009",1,4,2024-01-27
2024-01-27 21:00:00,"317,74938718056694","430,390015",1,4,2024-01-27
2024-01-27 22:00:00,"275,0125285824693","429,5",1,4,2024-01-27
2024-01-27 23:00:00,"239,16329270617715","497,75",1,4,2024-01-27
2024-01-28 00:00:00,"222,23751218891405","438,339996",1,4,2024-01-28
2024-01-28 01:00:00,"222,86368084312366","434,309998",1,4,2024-01-28
2024-01-28 02:00:00,"223,97631055958055","430,290009",1,4,2024-01-28
2024-01-28 03:00:00,"228,51194692783974","431,399994",1,4,2024-01-28
2024-01-28 04:00:00,"229,64628533968715","429,609985",1,4,2024-01-28
2024-01-28 05:00:00,"236,45440848412028","430,290009",1,4,2024-01-28
2024-01-28 06:00:00,"262,67122840553344","439,679993",1,4,2024-01-28
2024-01-28 07:00:00,"293,4883986042181","441,320007",1,4,2024-01-28
2024-01-28 08:00:00,"284,70695810719707","410,609985",1,4,2024-01-28
2024-01-28 09:00:00,"275,0914249334834","381,380005",1,4,2024-01-28
2024-01-28 10:00:00,"268,7310503661393","341,049988",1,4,2024-01-28
2024-01-28 11:00:00,"267,5605212873249","309,970001",1,4,2024-01-28
2024-01-28 12:00:00,"267,0449517135429","298,859985",1,4,2024-01-28
2024-01-28 13:00:00,"263,98041551049835","377,579987",1,4,2024-01-28
2024-01-28 14:00:00,"272,79172944112486","420,519989",1,4,2024-01-28
2024-01-28 15:00:00,"289,66595168577464","431,850006",1,4,2024-01-28
2024-01-28 16:00:00,"274,51582045666703","431,329987",1,4,2024-01-28
2024-01-28 17:00:00,"260,5803777961584","427,380005",1,4,2024-01-28
2024-01-28 18:00:00,"240,5902203536272","422,01001",1,4,2024-01-28
2024-01-28 19:00:00,"214,40070178545506","217,75",1,4,2024-01-28
2024-01-28 20:00:00,"209,6214300600413","122,029999",1,4,2024-01-28
2024-01-28 21:00:00,"207,0476582963256","74,550003",1,4,2024-01-28
2024-01-28 22:00:00,"206,5552666728296","51,59",1,4,2024-01-28
2024-01-28 23:00:00,"204,51833615909948","111,82",1,4,2024-01-28
2024-04-01 00:00:00,"289,2471781241244","343,549988",2,1,2024-04-01
2024-04-01 01:00:00,"248,40364513448856","325,049988",2,1,2024-04-01
2024-04-01 02:00:00,"235,1330074773698","368,459991",2,1,2024-04-01
2024-04-01 03:00:00,"235,1330074773698","390,459991",2,1,2024-04-01
2024-04-01 04:00:00,"237,0497709531039","437,899994",2,1,2024-04-01
2024-04-01 05:00:00,"254,71628877813038","481,01001",2,1,2024-04-01
2024-04-01 06:00:00,"293,8782171138895","437,899994",2,1,2024-04-01
2024-04-01 07:00:00,"308,8138401559362","454,160004",2,1,2024-04-01
2024-04-01 08:00:00,"319,41824421066275","405,450012",2,1,2024-04-01
2024-04-01 09:00:00,"321,57686025585855","226,669998",2,1,2024-04-01
2024-04-01 10:00:00,"315,1436472096328","134,550003",2,1,2024-04-01
2024-04-01 11:00:00,"313,33282409530113","149,550003",2,1,2024-04-01
2024-04-01 12:00:00,"310,5688708821995","74,809998",2,1,2024-04-01
2024-04-01 13:00:00,"308,5751895779147","33,34",2,1,2024-04-01
2024-04-01 14:00:00,"312,9004053584711","30,73",2,1,2024-04-01
2024-04-01 15:00:00,"328,6489769296629","98,080002",2,1,2024-04-01
2024-04-01 16:00:00,"378,9957418627743","258,149994",2,1,2024-04-01
2024-04-01 17:00:00,"410,02614672719227","361,970001",2,1,2024-04-01
2024-04-01 18:00:00,"383,20670749247546","372,040009",2,1,2024-04-01
2024-04-01 19:00:00,"355,86919366150966","340,790009",2,1,2024-04-01
2024-04-01 20:00:00,"330,6926106328854","193,699997",2,1,2024-04-01
2024-04-01 21:00:00,"324,3306334145034","55,720001",2,1,2024-04-01
2024-04-01 22:00:00,"304,12289261601825","59,450001",2,1,2024-04-01
2024-04-01 23:00:00,"283,0297562352385","9,55",2,1,2024-04-01
2024-04-02 00:00:00,"255,1558434704617","4,55",2,1,2024-04-02
2024-04-02 01:00:00,"241,11119366524215","6,49",2,1,2024-04-02
2024-04-02 02:00:00,"235,02668286002987","14,47",2,1,2024-04-02
2024-04-02 03:00:00,"240,55156642634253","54,220001",2,1,2024-04-02
2024-04-02 04:00:00,"268,5925773614793","426,790009",2,1,2024-04-02
2024-04-02 05:00:00,"287,768639542894","554,630005",2,1,2024-04-02
2024-04-02 06:00:00,"328,8014975980377","501,820007",2,1,2024-04-02
2024-04-02 07:00:00,"382,88097393668903","349,220001",2,1,2024-04-02
2024-04-02 08:00:00,"414,0807440404334","285,589996",2,1,2024-04-02
2024-04-02 09:00:00,"424,0902273088327","293,130005",2,1,2024-04-02
2024-04-02 10:00:00,"420,934212679746","292,980011",2,1,2024-04-02
2024-04-02 11:00:00,"419,10571543985014","286,190002",2,1,2024-04-02
2024-04-02 12:00:00,"408,4809936247182","248,970001",2,1,2024-04-02
2024-04-02 13:00:00,"404,4591242343188","187,210007",2,1,2024-04-02
2024-04-02 14:00:00,"483,5725288571088","65,860001",2,1,2024-04-02
2024-04-02 15:00:00,"570,7921516589116","307,299988",2,1,2024-04-02
2024-04-02 16:00:00,"585,9681959788049","542,25",2,1,2024-04-02
2024-04-02 17:00:00,"579,0828543150843","711,48999",2,1,2024-04-02
2024-04-02 18:00:00,"528,3087605534407","707,679993",2,1,2024-04-02
2024-04-02 19:00:00,"467,6980545085031","582,75",2,1,2024-04-02
2024-04-02 20:00:00,"419,7786078187917","558,359985",2,1,2024-04-02
2024-04-02 21:00:00,"369,3631948800419","528,669983",2,1,2024-04-02
2024-04-02 22:00:00,"331,6714475249483","552,840027",2,1,2024-04-02
2024-04-02 23:00:00,"311,0690356110588","535,090027",2,1,2024-04-02
2024-04-03 00:00:00,"299,94558019935965","522,419983",2,1,2024-04-03
2024-04-03 01:00:00,"300,3308634442012","482,220001",2,1,2024-04-03
2024-04-03 02:00:00,"290,54371288020667","483,929993",2,1,2024-04-03
2024-04-03 03:00:00,"285,76462659187064","512,570007",2,1,2024-04-03
2024-04-03 04:00:00,"306,7187845526573","707,820007",2,1,2024-04-03
2024-04-03 05:00:00,"354,9946015786054","879,48999",2,1,2024-04-03
2024-04-03 06:00:00,"447,4907883751071","879,48999",2,1,2024-04-03
2024-04-03 07:00:00,"568,1777341497827","753,080017",2,1,2024-04-03
2024-04-03 08:00:00,"599,2969264004429","800,590027",2,1,2024-04-03
2024-04-03 09:00:00,"605,2285984074247","677,23999",2,1,2024-04-03
2024-04-03 10:00:00,"586,8650224356497","611,76001",2,1,2024-04-03
2024-04-03 11:00:00,"578,5784805250995","573,349976",2,1,2024-04-03
2024-04-03 12:00:00,"570,2310482665908","544,710022",2,1,2024-04-03
2024-04-03 13:00:00,"588,8822432941755","531,890015",2,1,2024-04-03
2024-04-03 14:00:00,"606,0076952201737","558,289978",2,1,2024-04-03
2024-04-03 15:00:00,"612,5822243181867","672,840027",2,1,2024-04-03
2024-04-03 16:00:00,"628,0891779171235","806,47998",2,1,2024-04-03
2024-04-03 17:00:00,"618,3458023044707","897,539978",2,1,2024-04-03
2024-04-03 18:00:00,"563,4856235458251","739,359985",2,1,2024-04-03
2024-04-03 19:00:00,"519,148909147656","557,169983",2,1,2024-04-03
2024-04-03 20:00:00,"456,3470332647552","458,579987",2,1,2024-04-03
2024-04-03 21:00:00,"420,2501067812947","412,640015",2,1,2024-04-03
2024-04-03 22:00:00,"360,81997830372075","406,619995",2,1,2024-04-03
2024-04-03 23:00:00,"310,9943113943332","387,899994",2,1,2024-04-03
2024-04-04 00:00:00,"291,3491666465248","374,179993",2,1,2024-04-04
2024-04-04 01:00:00,"269,8072219794362","384,619995",2,1,2024-04-04
2024-04-04 02:00:00,"253,9781917884526","387,380005",2,1,2024-04-04
2024-04-04 03:00:00,"260,2563243025486","403,339996",2,1,2024-04-04
2024-04-04 04:00:00,"281,7530258265284","454,200012",2,1,2024-04-04
2024-04-04 05:00:00,"313,2109516615184","576,219971",2,1,2024-04-04
2024-04-04 06:00:00,"382,9750836898932","561,830017",2,1,2024-04-04
2024-04-04 07:00:00,"422,8581719333558","535,419983",2,1,2024-04-04
2024-04-04 08:00:00,"423,0715136910869","515,880005",2,1,2024-04-04
2024-04-04 09:00:00,"415,2181504943445","470,309998",2,1,2024-04-04
2024-04-04 10:00:00,"399,8026308510785","433,170013",2,1,2024-04-04
2024-04-04 11:00:00,"377,79689252755645","419,299988",2,1,2024-04-04
2024-04-04 12:00:00,"375,178992082399","413,850006",2,1,2024-04-04
2024-04-04 13:00:00,"391,8556694256227","418,929993",2,1,2024-04-04
2024-04-04 14:00:00,"415,672189890996","425,709991",2,1,2024-04-04
2024-04-04 15:00:00,"431,5423620619602","515,210022",2,1,2024-04-04
2024-04-04 16:00:00,"452,470587239325","562,049988",2,1,2024-04-04
2024-04-04 17:00:00,"462,5435795211757","676,159973",2,1,2024-04-04
2024-04-04 18:00:00,"452,98679810282124","600,97998",2,1,2024-04-04
2024-04-04 19:00:00,"426,6319145266542","533,47998",2,1,2024-04-04
2024-04-04 20:00:00,"347,7420239498958","520,280029",2,1,2024-04-04
2024-04-04 21:00:00,"308,83155274176363","430,109985",2,1,2024-04-04
2024-04-04 22:00:00,"263,98087199719987","348,920013",2,1,2024-04-04
2024-04-04 23:00:00,"245,465210740002","360,029999",2,1,2024-04-04
2024-04-05 00:00:00,"213,7038448395694","354,440002",2,1,2024-04-05
2024-04-05 01:00:00,"209,00536902429968","347,049988",2,1,2024-04-05
2024-04-05 02:00:00,"205,9084190516102","353,320007",2,1,2024-04-05
2024-04-05 03:00:00,"198,73321345915392","352,720001",2,1,2024-04-05
2024-04-05 04:00:00,"206,0237452550579","555,380005",2,1,2024-04-05
2024-04-05 05:00:00,"248,78074906002368","613,26001",2,1,2024-04-05
2024-04-05 06:00:00,"300,7316531783813","604,159973",2,1,2024-04-05
2024-04-05 07:00:00,"362,78440151723674","496,679993",2,1,2024-04-05
2024-04-05 08:00:00,"354,8990779994347","376,660004",2,1,2024-04-05
2024-04-05 09:00:00,"329,90138284844403","339,670013",2,1,2024-04-05
2024-04-05 10:00:00,"310,97297237169704","331,390015",2,1,2024-04-05
2024-04-05 11:00:00,"299,8876963246424","298,570007",2,1,2024-04-05
2024-04-05 12:00:00,"289,3536270986868","276,48999",2,1,2024-04-05
2024-04-05 13:00:00,"275,45075819900217","231,520004",2,1,2024-04-05
2024-04-05 14:00:00,"292,47591534377926","205,929993",2,1,2024-04-05
2024-04-05 15:00:00,"316,8406138113419","298,269989",2,1,2024-04-05
2024-04-05 16:00:00,"344,9166425470482","370,320007",2,1,2024-04-05
2024-04-05 17:00:00,"339,16547851175363","398,299988",2,1,2024-04-05
2024-04-05 18:00:00,"321,7501994264546","402,170013",2,1,2024-04-05
2024-04-05 19:00:00,"276,30593572295356","398,299988",2,1,2024-04-05
2024-04-05 20:00:00,"254,27863890435765","393,299988",2,1,2024-04-05
2024-04-05 21:00:00,"241,16554301019474","370,100006",2,1,2024-04-05
2024-04-05 22:00:00,"215,22782230418733","313,649994",2,1,2024-04-05
2024-04-05 23:00:00,"206,1465496717068","326,549988",2,1,2024-04-05
2024-04-06 00:00:00,"188,86170309749238","328,190002",2,1,2024-04-06
2024-04-06 01:00:00,"173,22716297190377","334,679993",2,1,2024-04-06
2024-04-06 02:00:00,"174,34758260588578","354,369995",2,1,2024-04-06
2024-04-06 03:00:00,"182,49506177408554","359,890015",2,1,2024-04-06
2024-04-06 04:00:00,"187,85874004939018","372,5",2,1,2024-04-06
2024-04-06 05:00:00,"201,03893715097462","382,339996",2,1,2024-04-06
2024-04-06 06:00:00,"222,70285741594435","374,660004",2,1,2024-04-06
2024-04-06 07:00:00,"237,88913717699754","359,890015",2,1,2024-04-06
2024-04-06 08:00:00,"276,7166172419981","291,790009",2,1,2024-04-06
2024-04-06 09:00:00,"284,6129130193678","298,279999",2,1,2024-04-06
2024-04-06 10:00:00,"292,7182483798271","295,0",2,1,2024-04-06
2024-04-06 11:00:00,"292,1035203362158","282,23999",2,1,2024-04-06
2024-04-06 12:00:00,"292,3239483053407","260,459991",2,1,2024-04-06
2024-04-06 13:00:00,"310,0959675620339","292,459991",2,1,2024-04-06
2024-04-06 14:00:00,"368,5464869684593","297,380005",2,1,2024-04-06
2024-04-06 15:00:00,"430,0504898173428","345,200012",2,1,2024-04-06
2024-04-06 16:00:00,"486,8999546084004","393,079987",2,1,2024-04-06
2024-04-06 17:00:00,"514,7181410858551","435,369995",2,1,2024-04-06
2024-04-06 18:00:00,"486,4194595657052","360,109985",2,1,2024-04-06
2024-04-06 19:00:00,"442,0646102000728","335,799988",2,1,2024-04-06
2024-04-06 20:00:00,"370,20571007559664","297,309998",2,1,2024-04-06
2024-04-06 21:00:00,"322,1029499531801","188,410004",2,1,2024-04-06
2024-04-06 22:00:00,"281,5712224473499","84,279999",2,1,2024-04-06
2024-04-06 23:00:00,"258,918118511438","0,75",2,1,2024-04-06
2024-04-07 00:00:00,"244,79026058317956","0,0",2,1,2024-04-07
2024-04-07 01:00:00,"237,44166061909107","0,0",2,1,2024-04-07
2024-04-07 02:00:00,"237,81614622637184","0,0",2,1,2024-04-07
2024-04-07 03:00:00,"234,74421431321358","0,0",2,1,2024-04-07
2024-04-07 04:00:00,"239,52707284020357","0,0",2,1,2024-04-07
2024-04-07 05:00:00,"243,7509786290934","0,0",2,1,2024-04-07
2024-04-07 06:00:00,"252,36012985668475","0,0",2,1,2024-04-07
2024-04-07 07:00:00,"284,25013218860585","-0,07",2,1,2024-04-07
2024-04-07 08:00:00,"286,2739151788599","-1,19",2,1,2024-04-07
2024-04-07 09:00:00,"286,5826691925222","-22,450001",2,1,2024-04-07
2024-04-07 10:00:00,"278,0633429243151","-29,76",2,1,2024-04-07
2024-04-07 11:00:00,"261,713356179216","-48,849998",2,1,2024-04-07
2024-04-07 12:00:00,"261,0071257997866","-74,589996",2,1,2024-04-07
2024-04-07 13:00:00,"254,83730478796016","-37,59",2,1,2024-04-07
2024-04-07 14:00:00,"283,0643056809388","-1,19",2,1,2024-04-07
2024-04-07 15:00:00,"290,10976657639117","51,610001",2,1,2024-04-07
2024-04-07 16:00:00,"295,7821486522909","682,159973",2,1,2024-04-07
2024-04-07 17:00:00,"282,93734250292954","808,440002",2,1,2024-04-07
2024-04-07 18:00:00,"258,648959669164","793,599976",2,1,2024-04-07
2024-04-07 19:00:00,"245,24399601183686","670,900024",2,1,2024-04-07
2024-04-07 20:00:00,"235,1330074773698","577,73999",2,1,2024-04-07
2024-04-07 21:00:00,"235,1330074773698","494,730011",2,1,2024-04-07
2024-04-07 22:00:00,"233,7204285797046","527,849976",2,1,2024-04-07
2024-04-07 23:00:00,"233,7204285797046","494,359985",2,1,2024-04-07
2024-04-08 00:00:00,"382,88586668705057","292,079987",2,2,2024-04-08
2024-04-08 01:00:00,"291,5804809050979","312,290009",2,2,2024-04-08
2024-04-08 02:00:00,"228,99007262758977","328,480011",2,2,2024-04-08
2024-04-08 03:00:00,"226,7304162415814","494,799988",2,2,2024-04-08
2024-04-08 04:00:00,"236,33342204069083","760,700012",2,2,2024-04-08
2024-04-08 05:00:00,"253,79364340711408","1117,150024",2,2,2024-04-08
2024-04-08 06:00:00,"293,99211397530206","958,580017",2,2,2024-04-08
2024-04-08 07:00:00,"307,94842539947996","637,789978",2,2,2024-04-08
2024-04-08 08:00:00,"317,53379305416496","601,159973",2,2,2024-04-08
2024-04-08 09:00:00,"319,9228131376927","531,280029",2,2,2024-04-08
2024-04-08 10:00:00,"318,6714987899716","482,570007",2,2,2024-04-08
2024-04-08 11:00:00,"312,87552391260243","447,519989",2,2,2024-04-08
2024-04-08 12:00:00,"310,6420179612783","431,779999",2,2,2024-04-08
2024-04-08 13:00:00,"312,52890972376764","472,880005",2,2,2024-04-08
2024-04-08 14:00:00,"319,41824421066275","522,099976",2,2,2024-04-08
2024-04-08 15:00:00,"337,0374657972377","559,469971",2,2,2024-04-08
2024-04-08 16:00:00,"391,2925780845754","782,409973",2,2,2024-04-08
2024-04-08 17:00:00,"411,97743487158647","1024,069946",2,2,2024-04-08
2024-04-08 18:00:00,"392,1370202207002","930,830017",2,2,2024-04-08
2024-04-08 19:00:00,"360,365247676189","632,859985",2,2,2024-04-08
2024-04-08 20:00:00,"333,06728239166864","574,309998",2,2,2024-04-08
2024-04-08 21:00:00,"324,8273310365417","523,52002",2,2,2024-04-08
2024-04-08 22:00:00,"304,20008583085377","583,330017",2,2,2024-04-08
2024-04-08 23:00:00,"283,106949450074","517,549988",2,2,2024-04-08
2024-04-09 00:00:00,"255,11491702992592","482,790009",2,2,2024-04-09
2024-04-09 01:00:00,"241,326171152244","440,200012",2,2,2024-04-09
2024-04-09 02:00:00,"237,23493902065536","453,779999",2,2,2024-04-09
2024-04-09 03:00:00,"248,55213519508678","488,390015",2,2,2024-04-09
2024-04-09 04:00:00,"277,42126463528126","631,070007",2,2,2024-04-09
2024-04-09 05:00:00,"296,6216631456155","670,900024",2,2,2024-04-09
2024-04-09 06:00:00,"341,8197676912155","595,039978",2,2,2024-04-09
2024-04-09 07:00:00,"396,6206376640825","509,420013",2,2,2024-04-09
2024-04-09 08:00:00,"409,4826102173778","376,51001",2,2,2024-04-09
2024-04-09 09:00:00,"416,5163188281381","336,160004",2,2,2024-04-09
2024-04-09 10:00:00,"423,30386083113586","279,920013",2,2,2024-04-09
2024-04-09 11:00:00,"424,78611476979034","224,059998",2,2,2024-04-09
2024-04-09 12:00:00,"419,3263959594854","200,860001",2,2,2024-04-09
2024-04-09 13:00:00,"419,3263959594854","221,970001",2,2,2024-04-09
2024-04-09 14:00:00,"495,97040843183623","296,850006",2,2,2024-04-09
2024-04-09 15:00:00,"567,059062854941","360,769989",2,2,2024-04-09
2024-04-09 16:00:00,"584,3067614387215","479,730011",2,2,2024-04-09
2024-04-09 17:00:00,"579,1749834636382","595,119995",2,2,2024-04-09
2024-04-09 18:00:00,"529,004335959439","447,140015",2,2,2024-04-09
2024-04-09 19:00:00,"459,66776349568784","359,649994",2,2,2024-04-09
2024-04-09 20:00:00,"391,3095761795773","335,640015",2,2,2024-04-09
2024-04-09 21:00:00,"337,8626656531229","257,619995",2,2,2024-04-09
2024-04-09 22:00:00,"303,57626807204605","68,550003",2,2,2024-04-09
2024-04-09 23:00:00,"285,3717689481043","30,58",2,2,2024-04-09
2024-04-10 00:00:00,"270,65920059421165","11,64",2,2,2024-04-10
2024-04-10 01:00:00,"268,8721976003337","9,55",2,2,2024-04-10
2024-04-10 02:00:00,"253,97107876815252","1,27",2,2,2024-04-10
2024-04-10 03:00:00,"257,59437418466007","11,49",2,2,2024-04-10
2024-04-10 04:00:00,"282,9489204698447","23,049999",2,2,2024-04-10
2024-04-10 05:00:00,"312,66419866068617","101,290001",2,2,2024-04-10
2024-04-10 06:00:00,"402,59535675984904","145,0",2,2,2024-04-10
2024-04-10 07:00:00,"522,8212272569506","116,660004",2,2,2024-04-10
2024-04-10 08:00:00,"571,102099891396","95,019997",2,2,2024-04-10
2024-04-10 09:00:00,"579,1942512149568","45,5",2,2,2024-04-10
2024-04-10 10:00:00,"563,4149013721074","11,86",2,2,2024-04-10
2024-04-10 11:00:00,"555,1386439139415","2,69",2,2,2024-04-10
2024-04-10 12:00:00,"542,1035135601715","0,0",2,2,2024-04-10
2024-04-10 13:00:00,"549,577044441609","0,07",2,2,2024-04-10
2024-04-10 14:00:00,"570,0794982205543","11,86",2,2,2024-04-10
2024-04-10 15:00:00,"581,5561128392163","122,169998",2,2,2024-04-10
2024-04-10 16:00:00,"608,3942794047352","616,469971",2,2,2024-04-10
2024-04-10 17:00:00,"606,9697007312421","1084,949951",2,2,2024-04-10
2024-04-10 18:00:00,"590,9171455440356","1052,430054",2,2,2024-04-10
2024-04-10 19:00:00,"550,5972321389157","722,380005",2,2,2024-04-10
2024-04-10 20:00:00,"495,5818052713723","392,029999",2,2,2024-04-10
2024-04-10 21:00:00,"450,48428041814407","352,200012",2,2,2024-04-10
2024-04-10 22:00:00,"384,85202802950647","303,440002",2,2,2024-04-10
2024-04-10 23:00:00,"337,602214151851","198,940002",2,2,2024-04-10
2024-04-11 00:00:00,"315,9242440816337","165,589996",2,2,2024-04-11
2024-04-11 01:00:00,"290,76549133241565","74,519997",2,2,2024-04-11
2024-04-11 02:00:00,"261,82955160397495","11,71",2,2,2024-04-11
2024-04-11 03:00:00,"259,35853216892644","11,64",2,2,2024-04-11
2024-04-11 04:00:00,"282,2847067972441","19,469999",2,2,2024-04-11
2024-04-11 05:00:00,"309,96392498447585","297,399994",2,2,2024-04-11
2024-04-11 06:00:00,"372,9369388844299","309,929993",2,2,2024-04-11
2024-04-11 07:00:00,"413,98448929198184","223,770004",2,2,2024-04-11
2024-04-11 08:00:00,"414,7513003374479","74,959999",2,2,2024-04-11
2024-04-11 09:00:00,"408,41559300421284","6,41",2,2,2024-04-11
2024-04-11 10:00:00,"388,50613649589934","6,79",2,2,2024-04-11
2024-04-11 11:00:00,"370,59553039112126","8,21",2,2,2024-04-11
2024-04-11 12:00:00,"361,1274652936216","4,25",2,2,2024-04-11
2024-04-11 13:00:00,"377,0988621443233","96,07",2,2,2024-04-11
2024-04-11 14:00:00,"416,6887485490634","64,75",2,2,2024-04-11
2024-04-11 15:00:00,"427,2816775756714","347,070007",2,2,2024-04-11
2024-04-11 16:00:00,"442,00842067075126","711,75",2,2,2024-04-11
2024-04-11 17:00:00,"431,1846389700812","1002,210022",2,2,2024-04-11
2024-04-11 18:00:00,"412,58764779804125","893,609985",2,2,2024-04-11
2024-04-11 19:00:00,"387,59354039473556","679,159973",2,2,2024-04-11
2024-04-11 20:00:00,"335,15228820639294","541,159973",2,2,2024-04-11
2024-04-11 21:00:00,"309,1461292927032","451,059998",2,2,2024-04-11
2024-04-11 22:00:00,"267,9410320085874","339,720001",2,2,2024-04-11
2024-04-11 23:00:00,"251,1050749740603","325,029999",2,2,2024-04-11
2024-04-12 00:00:00,"233,9133225621645","331,73999",2,2,2024-04-12
2024-04-12 01:00:00,"227,52071846970716","304,51001",2,2,2024-04-12
2024-04-12 02:00:00,"228,56646875447868","298,399994",2,2,2024-04-12
2024-04-12 03:00:00,"228,51951707651608","298,399994",2,2,2024-04-12
2024-04-12 04:00:00,"234,8210388222238","308,019989",2,2,2024-04-12
2024-04-12 05:00:00,"259,83674550869074","362,619995",2,2,2024-04-12
2024-04-12 06:00:00,"298,3617851613843","516,75",2,2,2024-04-12
2024-04-12 07:00:00,"351,74503796106694","489,290009",2,2,2024-04-12
2024-04-12 08:00:00,"343,1602310381691","314,51001",2,2,2024-04-12
2024-04-12 09:00:00,"317,8706886045944","186,050003",2,2,2024-04-12
2024-04-12 10:00:00,"302,7427189071946","149,869995",2,2,2024-04-12
2024-04-12 11:00:00,"294,5567164739206","37,150002",2,2,2024-04-12
2024-04-12 12:00:00,"273,01477180683196","6,04",2,2,2024-04-12
2024-04-12 13:00:00,"266,33262743700516","3,21",2,2,2024-04-12
2024-04-12 14:00:00,"288,83771748511174","128,460007",2,2,2024-04-12
2024-04-12 15:00:00,"315,1357661295293","293,920013",2,2,2024-04-12
2024-04-12 16:00:00,"345,25910208956907","351,51001",2,2,2024-04-12
2024-04-12 17:00:00,"339,7143539725589","351,730011",2,2,2024-04-12
2024-04-12 18:00:00,"322,31396855102605","352,029999",2,2,2024-04-12
2024-04-12 19:00:00,"276,44626025250295","351,429993",2,2,2024-04-12
2024-04-12 20:00:00,"254,49381346092557","342,329987",2,2,2024-04-12
2024-04-12 21:00:00,"245,13658726627003","329,200012",2,2,2024-04-12
2024-04-12 22:00:00,"231,82658665620426","175,020004",2,2,2024-04-12
2024-04-12 23:00:00,"223,79562283598656","193,369995",2,2,2024-04-12
2024-04-13 00:00:00,"215,92838131736332","144,429993",2,2,2024-04-13
2024-04-13 01:00:00,"211,80772971731554","130,779999",2,2,2024-04-13
2024-04-13 02:00:00,"211,2261809456551","130,259995",2,2,2024-04-13
2024-04-13 03:00:00,"210,08805505757644","173,899994",2,2,2024-04-13
2024-04-13 04:00:00,"219,69363016436617","207,619995",2,2,2024-04-13
2024-04-13 05:00:00,"222,27383388527653","251,630005",2,2,2024-04-13
2024-04-13 06:00:00,"223,5232150289431","168,600006",2,2,2024-04-13
2024-04-13 07:00:00,"226,46126316667193","65,650002",2,2,2024-04-13
2024-04-13 08:00:00,"267,54263354904225","-0,15",2,2,2024-04-13
2024-04-13 09:00:00,"274,91333450766746","-30,139999",2,2,2024-04-13
2024-04-13 10:00:00,"275,6195648870969","-59,830002",2,2,2024-04-13
2024-04-13 11:00:00,"273,45889332606095","-150,699997",2,2,2024-04-13
2024-04-13 12:00:00,"275,6195648870969","-218,729996",2,2,2024-04-13
2024-04-13 13:00:00,"299,8008673740627","-235,740005",2,2,2024-04-13
2024-04-13 14:00:00,"347,0473089677317","-75,120003",2,2,2024-04-13
2024-04-13 15:00:00,"419,8587458946505","14,92",2,2,2024-04-13
2024-04-13 16:00:00,"484,1211257045494","213,740005",2,2,2024-04-13
2024-04-13 17:00:00,"518,4748067482321","392,859985",2,2,2024-04-13
2024-04-13 18:00:00,"506,63960232465826","298,630005",2,2,2024-04-13
2024-04-13 19:00:00,"477,84730617185534","258,5",2,2,2024-04-13
2024-04-13 20:00:00,"409,6689261605441","153,679993",2,2,2024-04-13
2024-04-13 21:00:00,"332,32244757121714","52,59",2,2,2024-04-13
2024-04-13 22:00:00,"285,2340467665696","3,21",2,2,2024-04-13
2024-04-13 23:00:00,"250,51606692334147","6,19",2,2,2024-04-13
2024-04-14 00:00:00,"228,85769589851336","6,79",2,2,2024-04-14
2024-04-14 01:00:00,"222,02455711735655","3,13",2,2,2024-04-14
2024-04-14 02:00:00,"221,67596254935305","3,66",2,2,2024-04-14
2024-04-14 03:00:00,"215,8848640326901","21,709999",2,2,2024-04-14
2024-04-14 04:00:00,"224,03047284639993","93,629997",2,2,2024-04-14
2024-04-14 05:00:00,"230,5806130798133","96,989998",2,2,2024-04-14
2024-04-14 06:00:00,"250,95332318575467","55,279999",2,2,2024-04-14
2024-04-14 07:00:00,"282,24774703062155","0,0",2,2,2024-04-14
2024-04-14 08:00:00,"276,45028924897736","-17,16",2,2,2024-04-14
2024-04-14 09:00:00,"261,713356179216","-89,379997",2,2,2024-04-14
2024-04-14 10:00:00,"276,52137485402926","-314,399994",2,2,2024-04-14
2024-04-14 11:00:00,"261,713356179216","-397,73999",2,2,2024-04-14
2024-04-14 12:00:00,"261,0071257997866","-402,880005",2,2,2024-04-14
2024-04-14 13:00:00,"254,83730478796016","-298,809998",2,2,2024-04-14
2024-04-14 14:00:00,"278,84301182253574","-46,630001",2,2,2024-04-14
2024-04-14 15:00:00,"281,2302033984393","11,71",2,2,2024-04-14
2024-04-14 16:00:00,"280,18096395939995","157,419998",2,2,2024-04-14
2024-04-14 17:00:00,"263,4404005595558","655,059998",2,2,2024-04-14
2024-04-14 18:00:00,"244,84579369068382","894,619995",2,2,2024-04-14
2024-04-14 19:00:00,"222,5058658384882","840,159973",2,2,2024-04-14
2024-04-14 20:00:00,"214,3089226022532","724,890015",2,2,2024-04-14
2024-04-14 21:00:00,"214,35127694602147","594,549988",2,2,2024-04-14
2024-04-14 22:00:00,"227,12511297377932","343,269989",2,2,2024-04-14
2024-04-14 23:00:00,"226,9642581387739","334,690002",2,2,2024-04-14
2024-04-15 00:00:00,"272,14456090014266","526,359985",2,3,2024-04-15
2024-04-15 01:00:00,"242,4108599907982","491,220001",2,3,2024-04-15
2024-04-15 02:00:00,"234,6363098553314","561,280029",2,3,2024-04-15
2024-04-15 03:00:00,"234,46355482546585","647,150024",2,3,2024-04-15
2024-04-15 04:00:00,"237,0497709531039","863,440002",2,3,2024-04-15
2024-04-15 05:00:00,"254,31138630079778","1261,98999",2,3,2024-04-15
2024-04-15 06:00:00,"293,37770604624325","1143,290039",2,3,2024-04-15
2024-04-15 07:00:00,"307,4071161832302","683,109985",2,3,2024-04-15
2024-04-15 08:00:00,"316,71919368644797","568,809998",2,3,2024-04-15
2024-04-15 09:00:00,"317,5044476922661","425,269989",2,3,2024-04-15
2024-04-15 10:00:00,"311,17064376951936","320,809998",2,3,2024-04-15
2024-04-15 11:00:00,"302,2562187846396","245,389999",2,3,2024-04-15
2024-04-15 12:00:00,"299,4813071851216","145,490005",2,3,2024-04-15
2024-04-15 13:00:00,"298,73315611534616","223,380005",2,3,2024-04-15
2024-04-15 14:00:00,"303,8660428996128","265,459991",2,3,2024-04-15
2024-04-15 15:00:00,"324,7323968087037","345,440002",2,3,2024-04-15
2024-04-15 16:00:00,"376,3246033708197","516,289978",2,3,2024-04-15
2024-04-15 17:00:00,"409,0421982601457","588,809998",2,3,2024-04-15
2024-04-15 18:00:00,"384,4418157888506","574,630005",2,3,2024-04-15
2024-04-15 19:00:00,"348,88901791437365","494,730011",2,3,2024-04-15
2024-04-15 20:00:00,"310,92385404776024","394,899994",2,3,2024-04-15
2024-04-15 21:00:00,"291,8881495591894","261,200012",2,3,2024-04-15
2024-04-15 22:00:00,"276,34940744057513","231,639999",2,3,2024-04-15
2024-04-15 23:00:00,"253,20958894416694","132,720001",2,3,2024-04-15
2024-04-16 00:00:00,"247,4428834550412","49,610001",2,3,2024-04-16
2024-04-16 01:00:00,"234,56265231140247","40,959999",2,3,2024-04-16
2024-04-16 02:00:00,"240,57816933265585","133,539993",2,3,2024-04-16
2024-04-16 03:00:00,"250,96599667706775","270,209991",2,3,2024-04-16
2024-04-16 04:00:00,"287,05673647786267","384,880005",2,3,2024-04-16
2024-04-16 05:00:00,"305,74463174073634","554,0",2,3,2024-04-16
2024-04-16 06:00:00,"354,6400138914812","554,0",2,3,2024-04-16
2024-04-16 07:00:00,"407,9169364337904","483,5",2,3,2024-04-16
2024-04-16 08:00:00,"419,86584120757306","388,309998",2,3,2024-04-16
2024-04-16 09:00:00,"426,58875147812455","344,290009",2,3,2024-04-16
2024-04-16 10:00:00,"420,71228884629136","320,5",2,3,2024-04-16
2024-04-16 11:00:00,"423,9797498769336","316,089996",2,3,2024-04-16
2024-04-16 12:00:00,"417,5388478005301","322,359985",2,3,2024-04-16
2024-04-16 13:00:00,"411,4198247391789","362,049988",2,3,2024-04-16
2024-04-16 14:00:00,"486,7745341445369","457,540009",2,3,2024-04-16
2024-04-16 15:00:00,"565,4161568194161","594,359985",2,3,2024-04-16
2024-04-16 16:00:00,"581,2754730848544","693,210022",2,3,2024-04-16
2024-04-16 17:00:00,"579,0828543150843","850,400024",2,3,2024-04-16
2024-04-16 18:00:00,"535,2152703558804","928,960022",2,3,2024-04-16
2024-04-16 19:00:00,"473,4592419580465","779,309998",2,3,2024-04-16
2024-04-16 20:00:00,"431,3129248019796","672,169983",2,3,2024-04-16
2024-04-16 21:00:00,"380,31010559879957","627,409973",2,3,2024-04-16
2024-04-16 22:00:00,"345,7158671922088","625,48999",2,3,2024-04-16
2024-04-16 23:00:00,"312,97562944912164","625,48999",2,3,2024-04-16
2024-04-17 00:00:00,"302,6566728154527","606,919983",2,3,2024-04-17
2024-04-17 01:00:00,"307,29861247949486","614,75",2,3,2024-04-17
2024-04-17 02:00:00,"293,9465359825088","618,929993",2,3,2024-04-17
2024-04-17 03:00:00,"287,31903610038904","624,669983",2,3,2024-04-17
2024-04-17 04:00:00,"306,6415913378218","816,109985",2,3,2024-04-17
2024-04-17 05:00:00,"354,39049174949605","1268,069946",2,3,2024-04-17
2024-04-17 06:00:00,"447,0209664193508","1157,650024",2,3,2024-04-17
2024-04-17 07:00:00,"565,1127874638194","780,52002",2,3,2024-04-17
2024-04-17 08:00:00,"593,3871145996351","625,940002",2,3,2024-04-17
2024-04-17 09:00:00,"597,8117938877168","596,099976",2,3,2024-04-17
2024-04-17 10:00:00,"582,8463020244832","599,080017",2,3,2024-04-17
2024-04-17 11:00:00,"577,6083670251787","589,830017",2,3,2024-04-17
2024-04-17 12:00:00,"570,2310482665908","579,76001",2,3,2024-04-17
2024-04-17 13:00:00,"587,4988991816725","574,690002",2,3,2024-04-17
2024-04-17 14:00:00,"602,5853951063983","596,840027",2,3,2024-04-17
2024-04-17 15:00:00,"610,9055316841878","648,320007",2,3,2024-04-17
2024-04-17 16:00:00,"631,4210485405796","857,73999",2,3,2024-04-17
2024-04-17 17:00:00,"630,7953231711786","1193,089966",2,3,2024-04-17
2024-04-17 18:00:00,"611,2572410445218","1267,550049",2,3,2024-04-17
2024-04-17 19:00:00,"559,1639166027952","970,320007",2,3,2024-04-17
2024-04-17 20:00:00,"501,952543057682","738,890015",2,3,2024-04-17
2024-04-17 21:00:00,"451,99703172805823","655,109985",2,3,2024-04-17
2024-04-17 22:00:00,"399,9429041906957","685,150024",2,3,2024-04-17
2024-04-17 23:00:00,"337,7038343316967","652,23999",2,3,2024-04-17
2024-04-18 00:00:00,"318,6292350977853","660,52002",2,3,2024-04-18
2024-04-18 01:00:00,"297,20433983387267","654,780029",2,3,2024-04-18
2024-04-18 02:00:00,"281,47763187534053","668,580017",2,3,2024-04-18
2024-04-18 03:00:00,"278,8399342333273","697,380005",2,3,2024-04-18
2024-04-18 04:00:00,"295,03358399052945","909,349976",2,3,2024-04-18
2024-04-18 05:00:00,"325,07696317446397","1162,430054",2,3,2024-04-18
2024-04-18 06:00:00,"388,3344451922917","978,809998",2,3,2024-04-18
2024-04-18 07:00:00,"422,4851654346365","754,460022",2,3,2024-04-18
2024-04-18 08:00:00,"421,5972430481232","673,059998",2,3,2024-04-18
2024-04-18 09:00:00,"411,89440193421785","625,76001",2,3,2024-04-18
2024-04-18 10:00:00,"387,78992402650226","601,659973",2,3,2024-04-18
2024-04-18 11:00:00,"366,7182116135617","575,98999",2,3,2024-04-18
2024-04-18 12:00:00,"357,0482925326247","544,72998",2,3,2024-04-18
2024-04-18 13:00:00,"372,35962291789457","527,48999",2,3,2024-04-18
2024-04-18 14:00:00,"413,87856045965015","528,840027",2,3,2024-04-18
2024-04-18 15:00:00,"427,7104050333228","606,799988",2,3,2024-04-18
2024-04-18 16:00:00,"449,869594511844","701,559998",2,3,2024-04-18
2024-04-18 17:00:00,"448,4439248334153","934,419983",2,3,2024-04-18
2024-04-18 18:00:00,"435,23703980203703","961,200012",2,3,2024-04-18
2024-04-18 19:00:00,"404,3409367878516","790,27002",2,3,2024-04-18
2024-04-18 20:00:00,"343,5434291855397","670,669983",2,3,2024-04-18
2024-04-18 21:00:00,"317,1284240083999","592,179993",2,3,2024-04-18
2024-04-18 22:00:00,"273,67687492470054","576,090027",2,3,2024-04-18
2024-04-18 23:00:00,"256,0789701329139","453,869995",2,3,2024-04-18
2024-04-19 00:00:00,"239,59681238578352","377,019989",2,3,2024-04-19
2024-04-19 01:00:00,"233,94984530982052","369,109985",2,3,2024-04-19
2024-04-19 02:00:00,"232,84856067029963","357,920013",2,3,2024-04-19
2024-04-19 03:00:00,"233,46924739082397","366,200012",2,3,2024-04-19
2024-04-19 04:00:00,"236,45591209595986","448,570007",2,3,2024-04-19
2024-04-19 05:00:00,"259,83674550869074","527,809998",2,3,2024-04-19
2024-04-19 06:00:00,"299,2258479926858","581,01001",2,3,2024-04-19
2024-04-19 07:00:00,"356,5984371561606","516,700012",2,3,2024-04-19
2024-04-19 08:00:00,"350,05290933615146","457,160004",2,3,2024-04-19
2024-04-19 09:00:00,"328,4838022515207","427,380005",2,3,2024-04-19
2024-04-19 10:00:00,"312,0644614526135","389,179993",2,3,2024-04-19
2024-04-19 11:00:00,"304,54183581611585","363,140015",2,3,2024-04-19
2024-04-19 12:00:00,"291,095225525914","346,059998",2,3,2024-04-19
2024-04-19 13:00:00,"275,79580565247227","353,0",2,3,2024-04-19
2024-04-19 14:00:00,"290,09282332534644","379,859985",2,3,2024-04-19
2024-04-19 15:00:00,"316,4357113340093","427,980011",2,3,2024-04-19
2024-04-19 16:00:00,"345,01604454141983","470,660004",2,3,2024-04-19
2024-04-19 17:00:00,"339,5079380542745","475,660004",2,3,2024-04-19
2024-04-19 18:00:00,"326,01128142634667","482,670013",2,3,2024-04-19
2024-04-19 19:00:00,"281,5796494581976","482,079987",2,3,2024-04-19
2024-04-19 20:00:00,"262,5098248191586","475,359985",2,3,2024-04-19
2024-04-19 21:00:00,"251,40371336731343","459,839996",2,3,2024-04-19
2024-04-19 22:00:00,"237,32254495553568","438,709991",2,3,2024-04-19
2024-04-19 23:00:00,"228,90418864345742","422,209991",2,3,2024-04-19
2024-04-20 00:00:00,"224,4336783202131","417,51001",2,3,2024-04-20
2024-04-20 01:00:00,"221,53246494603027","430,950012",2,3,2024-04-20
2024-04-20 02:00:00,"221,53246494603027","455,5",2,3,2024-04-20
2024-04-20 03:00:00,"221,94300436342047","468,850006",2,3,2024-04-20
2024-04-20 04:00:00,"223,61092750550947","476,98999",2,3,2024-04-20
2024-04-20 05:00:00,"228,01037311630733","507,279999",2,3,2024-04-20
2024-04-20 06:00:00,"232,73682712269067","485,350006",2,3,2024-04-20
2024-04-20 07:00:00,"242,10146717710464","446,98999",2,3,2024-04-20
2024-04-20 08:00:00,"284,21747226245037","373,48999",2,3,2024-04-20
2024-04-20 09:00:00,"294,88705770249294","286,769989",2,3,2024-04-20
2024-04-20 10:00:00,"301,96137890995345","216,179993",2,3,2024-04-20
2024-04-20 11:00:00,"306,0474604201583","92,010002",2,3,2024-04-20
2024-04-20 12:00:00,"309,6719044613576","78,730003",2,3,2024-04-20
2024-04-20 13:00:00,"327,443923718051","136,779999",2,3,2024-04-20
2024-04-20 14:00:00,"374,40886501853606","279,160004",2,3,2024-04-20
2024-04-20 15:00:00,"438,31981658855756","468,850006",2,3,2024-04-20
2024-04-20 16:00:00,"492,76963470747177","588,77002",2,3,2024-04-20
2024-04-20 17:00:00,"519,2388882860183","668,690002",2,3,2024-04-20
2024-04-20 18:00:00,"511,14721281827184","724,140015",2,3,2024-04-20
2024-04-20 19:00:00,"487,3744977116007","673,919983",2,3,2024-04-20
2024-04-20 20:00:00,"416,1867105588155","642,280029",2,3,2024-04-20
2024-04-20 21:00:00,"354,0241869693073","618,619995",2,3,2024-04-20
2024-04-20 22:00:00,"299,46271665561363","610,679993",2,3,2024-04-20
2024-04-20 23:00:00,"276,32068340368335","526,669983",2,3,2024-04-20
2024-04-21 00:00:00,"245,95022639126626","518,76001",2,3,2024-04-21
2024-04-21 01:00:00,"239,5702158393773","480,48999",2,3,2024-04-21
2024-04-21 02:00:00,"238,05393061389648","476,609985",2,3,2024-04-21
2024-04-21 03:00:00,"234,98199870073822","474,670013",2,3,2024-04-21
2024-04-21 04:00:00,"239,44987962536803","480,709991",2,3,2024-04-21
2024-04-21 05:00:00,"244,81489575298718","451,609985",2,3,2024-04-21
2024-04-21 06:00:00,"263,38556317721105","454,220001",2,3,2024-04-21
2024-04-21 07:00:00,"292,5508738345051","408,339996",2,3,2024-04-21
2024-04-21 08:00:00,"288,847732625183","322,980011",2,3,2024-04-21
2024-04-21 09:00:00,"283,25892063239553","316,869995",2,3,2024-04-21
2024-04-21 10:00:00,"277,98570725522137","327,829987",2,3,2024-04-21
2024-04-21 11:00:00,"265,2166410003652","314,399994",2,3,2024-04-21
2024-04-21 12:00:00,"264,5104106209358","309,480011",2,3,2024-04-21
2024-04-21 13:00:00,"258,3405896091093","312,839996",2,3,2024-04-21
2024-04-21 14:00:00,"283,2012425712526","355,890015",2,3,2024-04-21
2024-04-21 15:00:00,"289,7605290582441","437,809998",2,3,2024-04-21
2024-04-21 16:00:00,"294,65221660307867","556,590027",2,3,2024-04-21
2024-04-21 17:00:00,"280,35653767578384","666,710022",2,3,2024-04-21
2024-04-21 18:00:00,"260,31688281125287","710,72998",2,3,2024-04-21
2024-04-21 19:00:00,"245,24399601183686","679,469971",2,3,2024-04-21
2024-04-21 20:00:00,"235,1330074773698","667,080017",2,3,2024-04-21
2024-04-21 21:00:00,"235,1330074773698","660,0",2,3,2024-04-21
2024-04-21 22:00:00,"233,7204285797046","589,190002",2,3,2024-04-21
2024-04-21 23:00:00,"233,7204285797046","582,330017",2,3,2024-04-21
2024-04-22 00:00:00,"480,58586295714315","585,23999",2,4,2024-04-22
2024-04-22 01:00:00,"386,60212894553246","596,280029",2,4,2024-04-22
2024-04-22 02:00:00,"302,25442204698936","595,309998",2,4,2024-04-22
2024-04-22 03:00:00,"262,97221822183326","652,830017",2,4,2024-04-22
2024-04-22 04:00:00,"242,94146923573126","790,109985",2,4,2024-04-22
2024-04-22 05:00:00,"252,40479246273506","975,820007",2,4,2024-04-22
2024-04-22 06:00:00,"286,783823466582","876,359985",2,4,2024-04-22
2024-04-22 07:00:00,"296,69843692862906","724,090027",2,4,2024-04-22
2024-04-22 08:00:00,"303,2439089283019","610,75",2,4,2024-04-22
2024-04-22 09:00:00,"312,625367757779","606,130005",2,4,2024-04-22
2024-04-22 10:00:00,"311,91800728139714","574,869995",2,4,2024-04-22
2024-04-22 11:00:00,"309,6719044613576","549,650024",2,4,2024-04-22
2024-04-22 12:00:00,"310,1958583275268","553,080017",2,4,2024-04-22
2024-04-22 13:00:00,"311,83208637531413","571,429993",2,4,2024-04-22
2024-04-22 14:00:00,"317,4033056275452","608,590027",2,4,2024-04-22
2024-04-22 15:00:00,"335,72378241425054","722,150024",2,4,2024-04-22
2024-04-22 16:00:00,"391,15581123128595","881,880005",2,4,2024-04-22
2024-04-22 17:00:00,"412,12647840644274","1223,969971",2,4,2024-04-22
2024-04-22 18:00:00,"394,8848707563719","1275,52002",2,4,2024-04-22
2024-04-22 19:00:00,"360,365247676189","970,299988",2,4,2024-04-22
2024-04-22 20:00:00,"333,06728239166864","789,140015",2,4,2024-04-22
2024-04-22 21:00:00,"324,8273310365417","723,640015",2,4,2024-04-22
2024-04-22 22:00:00,"304,12289261601825","658,969971",2,4,2024-04-22
2024-04-22 23:00:00,"283,0297562352385","646,809998",2,4,2024-04-22
2024-04-23 00:00:00,"255,68142921913983","641,289978",2,4,2024-04-23
2024-04-23 01:00:00,"242,14334705615985","637,340027",2,4,2024-04-23
2024-04-23 02:00:00,"242,0909206425701","644,280029",2,4,2024-04-23
2024-04-23 03:00:00,"251,77197667959533","728,890015",2,4,2024-04-23
2024-04-23 04:00:00,"286,97954326302715","905,789978",2,4,2024-04-23
2024-04-23 05:00:00,"305,19068572854746","1352,420044",2,4,2024-04-23
2024-04-23 06:00:00,"353,6076746517898","1016,820007",2,4,2024-04-23
2024-04-23 07:00:00,"406,3442525168191","734,030029",2,4,2024-04-23
2024-04-23 08:00:00,"417,143317981186","618,309998",2,4,2024-04-23
2024-04-23 09:00:00,"424,09616405813995","576,450012",2,4,2024-04-23
2024-04-23 10:00:00,"416,97099542306023","577,950012",2,4,2024-04-23
2024-04-23 11:00:00,"411,20920801724776","592,27002",2,4,2024-04-23
2024-04-23 12:00:00,"398,8768494356974","586,599976",2,4,2024-04-23
2024-04-23 13:00:00,"394,6172177441195","597,049988",2,4,2024-04-23
2024-04-23 14:00:00,"483,261516401396","619,429993",2,4,2024-04-23
2024-04-23 15:00:00,"560,0717432859975","671,289978",2,4,2024-04-23
2024-04-23 16:00:00,"567,4877726629908","764,030029",2,4,2024-04-23
2024-04-23 17:00:00,"556,107026622432","917,799988",2,4,2024-04-23
2024-04-23 18:00:00,"506,7288063075435","933,169983",2,4,2024-04-23
2024-04-23 19:00:00,"434,4926406701766","784,169983",2,4,2024-04-23
2024-04-23 20:00:00,"361,84364494073344","691,880005",2,4,2024-04-23
2024-04-23 21:00:00,"324,6977241789038","608,460022",2,4,2024-04-23
2024-04-23 22:00:00,"303,8673504260924","595,640015",2,4,2024-04-23
2024-04-23 23:00:00,"293,346455505981","567,73999",2,4,2024-04-23
2024-04-24 00:00:00,"288,38440671055525","561,840027",2,4,2024-04-24
2024-04-24 01:00:00,"290,8113030000524","545,130005",2,4,2024-04-24
2024-04-24 02:00:00,"278,633267332344","567,289978",2,4,2024-04-24
2024-04-24 03:00:00,"276,59788496076004","610,47998",2,4,2024-04-24
2024-04-24 04:00:00,"299,8026264424068","758,419983",2,4,2024-04-24
2024-04-24 05:00:00,"352,7428871160361","979,700012",2,4,2024-04-24
2024-04-24 06:00:00,"444,76485356969","964,109985",2,4,2024-04-24
2024-04-24 07:00:00,"558,509534923448","724,25",2,4,2024-04-24
2024-04-24 08:00:00,"579,7411268767607","693,590027",2,4,2024-04-24
2024-04-24 09:00:00,"587,6460964932683","679,190002",2,4,2024-04-24
2024-04-24 10:00:00,"570,7324751307075","638,76001",2,4,2024-04-24
2024-04-24 11:00:00,"570,5434690015405","622,789978",2,4,2024-04-24
2024-04-24 12:00:00,"560,7084473229404","600,929993",2,4,2024-04-24
2024-04-24 13:00:00,"568,483280895961","616,900024",2,4,2024-04-24
2024-04-24 14:00:00,"590,107308718204","635,25",2,4,2024-04-24
2024-04-24 15:00:00,"596,0206112644371","716,869995",2,4,2024-04-24
2024-04-24 16:00:00,"617,8397514523361","776,179993",2,4,2024-04-24
2024-04-24 17:00:00,"613,0694691128631","1008,640015",2,4,2024-04-24
2024-04-24 18:00:00,"591,5938103293774","1070,119995",2,4,2024-04-24
2024-04-24 19:00:00,"545,7612766344484","903,900024",2,4,2024-04-24
2024-04-24 20:00:00,"483,54426807553244","785,650024",2,4,2024-04-24
2024-04-24 21:00:00,"449,6068415732019","673,0",2,4,2024-04-24
2024-04-24 22:00:00,"385,66653896907667","622,700012",2,4,2024-04-24
2024-04-24 23:00:00,"337,78102754653224","596,599976",2,4,2024-04-24
2024-04-25 00:00:00,"317,99087258855076","576,97998",2,4,2024-04-25
2024-04-25 01:00:00,"296,6378276446589","567,140015",2,4,2024-04-25
2024-04-25 02:00:00,"280,53649966053484","561,099976",2,4,2024-04-25
2024-04-25 03:00:00,"279,5028877657406","626,580017",2,4,2024-04-25
2024-04-25 04:00:00,"292,602802059596","763,940002",2,4,2024-04-25
2024-04-25 05:00:00,"321,1004982853516","976,780029",2,4,2024-04-25
2024-04-25 06:00:00,"383,18453205825983","852,840027",2,4,2024-04-25
2024-04-25 07:00:00,"418,37295872028886","690,26001",2,4,2024-04-25
2024-04-25 08:00:00,"418,4434654692848","597,859985",2,4,2024-04-25
2024-04-25 09:00:00,"411,71396382908813","583,169983",2,4,2024-04-25
2024-04-25 10:00:00,"389,4822169134335","551,26001",2,4,2024-04-25
2024-04-25 11:00:00,"369,8793179217242","514,710022",2,4,2024-04-25
2024-04-25 12:00:00,"362,6231760950164","498,230011",2,4,2024-04-25
2024-04-25 13:00:00,"375,79561009015816","517,400024",2,4,2024-04-25
2024-04-25 14:00:00,"413,6449610709714","542,97998",2,4,2024-04-25
2024-04-25 15:00:00,"430,8506020210171","595,700012",2,4,2024-04-25
2024-04-25 16:00:00,"454,5097786232753","709,72998",2,4,2024-04-25
2024-04-25 17:00:00,"465,32113858469114","1052,170044",2,4,2024-04-25
2024-04-25 18:00:00,"456,65183758012523","1135,699951",2,4,2024-04-25
2024-04-25 19:00:00,"434,8009185521877","847,98999",2,4,2024-04-25
2024-04-25 20:00:00,"368,98244699873374","681,23999",2,4,2024-04-25
2024-04-25 21:00:00,"336,04899871681994","594,659973",2,4,2024-04-25
2024-04-25 22:00:00,"289,04066092711565","595,719971",2,4,2024-04-25
2024-04-25 23:00:00,"262,95308170177253","551,929993",2,4,2024-04-25
2024-04-26 00:00:00,"242,32307287531012","553,429993",2,4,2024-04-26
2024-04-26 01:00:00,"234,98199870073822","552,460022",2,4,2024-04-26
2024-04-26 02:00:00,"234,98199870073822","575,049988",2,4,2024-04-26
2024-04-26 03:00:00,"236,56410316228505","618,909973",2,4,2024-04-26
2024-04-26 04:00:00,"236,6061497036769","697,380005",2,4,2024-04-26
2024-04-26 05:00:00,"263,13767175700355","776,140015",2,4,2024-04-26
2024-04-26 06:00:00,"300,6721478561869","716,469971",2,4,2024-04-26
2024-04-26 07:00:00,"354,3571238790159","604,73999",2,4,2024-04-26
2024-04-26 08:00:00,"344,59215850523486","580,349976",2,4,2024-04-26
2024-04-26 09:00:00,"319,1851714113759","544,099976",2,4,2024-04-26
2024-04-26 10:00:00,"303,15098880891634","524,710022",2,4,2024-04-26
2024-04-26 11:00:00,"300,0099114796591","512,700012",2,4,2024-04-26
2024-04-26 12:00:00,"286,9280794857623","487,570007",2,4,2024-04-26
2024-04-26 13:00:00,"273,2535679956569","521,5",2,4,2024-04-26
2024-04-26 14:00:00,"296,26862229866356","534,780029",2,4,2024-04-26
2024-04-26 15:00:00,"325,7596317949154","600,119995",2,4,2024-04-26
2024-04-26 16:00:00,"360,8794460356812","700,210022",2,4,2024-04-26
2024-04-26 17:00:00,"356,61601102008404","960,219971",2,4,2024-04-26
2024-04-26 18:00:00,"339,84155558434634","1018,539978",2,4,2024-04-26
2024-04-26 19:00:00,"304,27795624996037","820,440002",2,4,2024-04-26
2024-04-26 20:00:00,"290,0787441205132","691,47998",2,4,2024-04-26
2024-04-26 21:00:00,"270,3629472179378","658,289978",2,4,2024-04-26
2024-04-26 22:00:00,"244,9460667304737","673,330017",2,4,2024-04-26
2024-04-26 23:00:00,"230,5517932769173","662,960022",2,4,2024-04-26
2024-04-27 00:00:00,"225,3062533870099","645,72998",2,4,2024-04-27
2024-04-27 01:00:00,"221,94300436342047","663,929993",2,4,2024-04-27
2024-04-27 02:00:00,"221,94300436342047","653,940002",2,4,2024-04-27
2024-04-27 03:00:00,"223,61092750550947","625,52002",2,4,2024-04-27
2024-04-27 04:00:00,"223,61092750550947","641,929993",2,4,2024-04-27
2024-04-27 05:00:00,"228,01037311630733","589,429993",2,4,2024-04-27
2024-04-27 06:00:00,"232,73682712269067","511,950012",2,4,2024-04-27
2024-04-27 07:00:00,"242,10146717710464","440,51001",2,4,2024-04-27
2024-04-27 08:00:00,"283,8503959422759","284,950012",2,4,2024-04-27
2024-04-27 09:00:00,"294,00907335112606","194,559998",2,4,2024-04-27
2024-04-27 10:00:00,"297,0825760961412","294,640015",2,4,2024-04-27
2024-04-27 11:00:00,"290,7915018985616","308,809998",2,4,2024-04-27
2024-04-27 12:00:00,"291,43900414915424","182,710007",2,4,2024-04-27
2024-04-27 13:00:00,"305,8608737430858","75,019997",2,4,2024-04-27
2024-04-27 14:00:00,"353,3545642043155","156,080002",2,4,2024-04-27
2024-04-27 15:00:00,"414,67411488586816","465,040009",2,4,2024-04-27
2024-04-27 16:00:00,"462,1336131920932","641,330017",2,4,2024-04-27
2024-04-27 17:00:00,"491,56031436137454","894,140015",2,4,2024-04-27
2024-04-27 18:00:00,"468,20364056385864","837,23999",2,4,2024-04-27
2024-04-27 19:00:00,"429,27984752888597","633,880005",2,4,2024-04-27
2024-04-27 20:00:00,"356,7990458003472","566,01001",2,4,2024-04-27
2024-04-27 21:00:00,"311,41111664755294","486,440002",2,4,2024-04-27
2024-04-27 22:00:00,"277,853426486883","420,570007",2,4,2024-04-27
2024-04-27 23:00:00,"253,16395938556332","344,119995",2,4,2024-04-27
2024-04-28 00:00:00,"242,8740655568329","295,350006",2,4,2024-04-28
2024-04-28 01:00:00,"237,02177722297878","241,050003",2,4,2024-04-28
2024-04-28 02:00:00,"237,06913721668766","212,490005",2,4,2024-04-28
2024-04-28 03:00:00,"236,42733630899565","199,059998",2,4,2024-04-28
2024-04-28 04:00:00,"239,34825944552233","74,209999",2,4,2024-04-28
2024-04-28 05:00:00,"243,36559500407643","1,86",2,4,2024-04-28
2024-04-28 06:00:00,"257,97660973608487","1,94",2,4,2024-04-28
2024-04-28 07:00:00,"281,01265821691663","1,64",2,4,2024-04-28
2024-04-28 08:00:00,"278,76816154636816","0,0",2,4,2024-04-28
2024-04-28 09:00:00,"279,5454775308495","-7,16",2,4,2024-04-28
2024-04-28 10:00:00,"275,46229070723916","-8,28",2,4,2024-04-28
2024-04-28 11:00:00,"261,713356179216","-18,65",2,4,2024-04-28
2024-04-28 12:00:00,"261,0071257997866","-18,790001",2,4,2024-04-28
2024-04-28 13:00:00,"254,83730478796016","-15,14",2,4,2024-04-28
2024-04-28 14:00:00,"288,2487651429909","-7,31",2,4,2024-04-28
2024-04-28 15:00:00,"292,41889319065444","0,0",2,4,2024-04-28
2024-04-28 16:00:00,"294,31752563662485","264,320007",2,4,2024-04-28
2024-04-28 17:00:00,"279,6559235976262","442,350006",2,4,2024-04-28
2024-04-28 18:00:00,"256,25456248283837","577,640015",2,4,2024-04-28
2024-04-28 19:00:00,"233,5127670244421","583,159973",2,4,2024-04-28
2024-04-28 20:00:00,"223,68411337579158","468,079987",2,4,2024-04-28
2024-04-28 21:00:00,"222,7514691560659","417,890015",2,4,2024-04-28
2024-04-28 22:00:00,"226,91446648764986","306,529999",2,4,2024-04-28
2024-04-28 23:00:00,"222,9119533947647","370,75",2,4,2024-04-28
2024-07-01 00:00:00,"539,1698505679877","583,150024",3,1,2024-07-01
2024-07-01 01:00:00,"438,0498876356716","581,809998",3,1,2024-07-01
2024-07-01 02:00:00,"330,2334062149686","564,059998",3,1,2024-07-01
2024-07-01 03:00:00,"276,1591475019207","602,76001",3,1,2024-07-01
2024-07-01 04:00:00,"244,5411642531411","907,349976",3,1,2024-07-01
2024-07-01 05:00:00,"254,0985757200387","1028,550049",3,1,2024-07-01
2024-07-01 06:00:00,"292,8012401694625","1061,73999",3,1,2024-07-01
2024-07-01 07:00:00,"305,99410819951623","841,27002",3,1,2024-07-01
2024-07-01 08:00:00,"317,2431475526172","778,929993",3,1,2024-07-01
2024-07-01 09:00:00,"319,4766535039412","642,52002",3,1,2024-07-01
2024-07-01 10:00:00,"317,7013852900509","493,200012",3,1,2024-07-01
2024-07-01 11:00:00,"311,6229993859942","318,609985",3,1,2024-07-01
2024-07-01 12:00:00,"308,7970704228377","258,5",3,1,2024-07-01
2024-07-01 13:00:00,"309,4521152045264","251,929993",3,1,2024-07-01
2024-07-01 14:00:00,"316,43678265976047","273,940002",3,1,2024-07-01
2024-07-01 15:00:00,"334,357336479365","452,779999",3,1,2024-07-01
2024-07-01 16:00:00,"384,91671264419944","568,080017",3,1,2024-07-01
2024-07-01 17:00:00,"409,5747867754194","745,890015",3,1,2024-07-01
2024-07-01 18:00:00,"386,47550975487474","1214,109985",3,1,2024-07-01
2024-07-01 19:00:00,"356,79663509683957","939,719971",3,1,2024-07-01
2024-07-01 20:00:00,"326,20670031185824","782,580017",3,1,2024-07-01
2024-07-01 21:00:00,"312,0939517410573","653,700012",3,1,2024-07-01
2024-07-01 22:00:00,"299,3249265333439","593,919983",3,1,2024-07-01
2024-07-01 23:00:00,"282,92813605539277","462,350006",3,1,2024-07-01
2024-07-02 00:00:00,"255,00560586274463","375,829987",3,1,2024-07-02
2024-07-02 01:00:00,"241,43894791280056","402,829987",3,1,2024-07-02
2024-07-02 02:00:00,"243,6572236048134","343,98999",3,1,2024-07-02
2024-07-02 03:00:00,"253,51709303651987","379,040009",3,1,2024-07-02
2024-07-02 04:00:00,"287,12858679788343","571,320007",3,1,2024-07-02
2024-07-02 05:00:00,"304,52521832383354","732,940002",3,1,2024-07-02
2024-07-02 06:00:00,"353,575925918159","737,200012",3,1,2024-07-02
2024-07-02 07:00:00,"406,28210624360906","636,950012",3,1,2024-07-02
2024-07-02 08:00:00,"415,1785889187412","605,030029",3,1,2024-07-02
2024-07-02 09:00:00,"424,7469447186854","542,75",3,1,2024-07-02
2024-07-02 10:00:00,"417,18226226580845","529,400024",3,1,2024-07-02
2024-07-02 11:00:00,"416,7021608565798","503,450012",3,1,2024-07-02
2024-07-02 12:00:00,"405,20194053940304","443,559998",3,1,2024-07-02
2024-07-02 13:00:00,"398,01653988641306","450,570007",3,1,2024-07-02
2024-07-02 14:00:00,"483,69266331326634","540,289978",3,1,2024-07-02
2024-07-02 15:00:00,"569,6839143912167","552,52002",3,1,2024-07-02
2024-07-02 16:00:00,"574,8712900626265","617,190002",3,1,2024-07-02
2024-07-02 17:00:00,"563,6766638389696","754,349976",3,1,2024-07-02
2024-07-02 18:00:00,"507,3527027566731","837,140015",3,1,2024-07-02
2024-07-02 19:00:00,"444,5363906728197","634,419983",3,1,2024-07-02
2024-07-02 20:00:00,"369,790333500387","345,779999",3,1,2024-07-02
2024-07-02 21:00:00,"330,2259213210912","301,100006",3,1,2024-07-02
2024-07-02 22:00:00,"313,3447228455037","277,459991",3,1,2024-07-02
2024-07-02 23:00:00,"293,41189630120215","268,809998",3,1,2024-07-02
2024-07-03 00:00:00,"278,89320976174105","267,23999",3,1,2024-07-03
2024-07-03 01:00:00,"272,8768124347456","270,380005",3,1,2024-07-03
2024-07-03 02:00:00,"267,6497551881572","288,649994",3,1,2024-07-03
2024-07-03 03:00:00,"275,85324979922353","439,309998",3,1,2024-07-03
2024-07-03 04:00:00,"296,23387288407855","647,929993",3,1,2024-07-03
2024-07-03 05:00:00,"341,4098208843405","729,599976",3,1,2024-07-03
2024-07-03 06:00:00,"438,6586665941289","771,669983",3,1,2024-07-03
2024-07-03 07:00:00,"546,518944236477","457,959991",3,1,2024-07-03
2024-07-03 08:00:00,"575,6032538374718","323,029999",3,1,2024-07-03
2024-07-03 09:00:00,"587,057464170527","298,119995",3,1,2024-07-03
2024-07-03 10:00:00,"570,4129212851878","291,859985",3,1,2024-07-03
2024-07-03 11:00:00,"561,1716288345691","296,179993",3,1,2024-07-03
2024-07-03 12:00:00,"556,3614529836861","306,100006",3,1,2024-07-03
2024-07-03 13:00:00,"568,483280895961","317,220001",3,1,2024-07-03
2024-07-03 14:00:00,"582,1609339589975","376,660004",3,1,2024-07-03
2024-07-03 15:00:00,"591,0227167842403","590,5",3,1,2024-07-03
2024-07-03 16:00:00,"615,021271225977","725,049988",3,1,2024-07-03
2024-07-03 17:00:00,"607,1593278616155","864,75",3,1,2024-07-03
2024-07-03 18:00:00,"588,3936820224121","1193,079956",3,1,2024-07-03
2024-07-03 19:00:00,"549,4515837846068","843,570007",3,1,2024-07-03
2024-07-03 20:00:00,"485,9550527820258","677,390015",3,1,2024-07-03
2024-07-03 21:00:00,"437,8502273932216","513,900024",3,1,2024-07-03
2024-07-03 22:00:00,"371,2134082773734","436,329987",3,1,2024-07-03
2024-07-03 23:00:00,"324,4211551985608","228,75",3,1,2024-07-03
2024-07-04 00:00:00,"307,68691880082855","191,240005",3,1,2024-07-04
2024-07-04 01:00:00,"292,20369659318703","130,149994",3,1,2024-07-04
2024-07-04 02:00:00,"274,59274299547167","72,870003",3,1,2024-07-04
2024-07-04 03:00:00,"272,80391357306166","74,730003",3,1,2024-07-04
2024-07-04 04:00:00,"286,9211980300432","197,429993",3,1,2024-07-04
2024-07-04 05:00:00,"310,1122066479305","223,759995",3,1,2024-07-04
2024-07-04 06:00:00,"372,48050476787114","235,910004",3,1,2024-07-04
2024-07-04 07:00:00,"413,62074507762503","178,630005",3,1,2024-07-04
2024-07-04 08:00:00,"414,6003667038501","26,700001",3,1,2024-07-04
2024-07-04 09:00:00,"408,41559300421284","21,780001",3,1,2024-07-04
2024-07-04 10:00:00,"384,5804078476861","20,440001",3,1,2024-07-04
2024-07-04 11:00:00,"366,376033100575","7,23",3,1,2024-07-04
2024-07-04 12:00:00,"356,9079680030753","0,0",3,1,2024-07-04
2024-07-04 13:00:00,"371,9180424105362","0,0",3,1,2024-07-04
2024-07-04 14:00:00,"412,23723450400587","-0,07",3,1,2024-07-04
2024-07-04 15:00:00,"422,8118446571557","11,26",3,1,2024-07-04
2024-07-04 16:00:00,"439,90522734999615","87,410004",3,1,2024-07-04
2024-07-04 17:00:00,"430,3301935130024","216,300003",3,1,2024-07-04
2024-07-04 18:00:00,"415,4892362388424","336,160004",3,1,2024-07-04
2024-07-04 19:00:00,"398,1220558548757","289,320007",3,1,2024-07-04
2024-07-04 20:00:00,"340,751864820402","288,5",3,1,2024-07-04
2024-07-04 21:00:00,"315,2764600028331","284,170013",3,1,2024-07-04
2024-07-04 22:00:00,"269,50972888454885","51,610001",3,1,2024-07-04
2024-07-04 23:00:00,"248,43291381396193","35,130001",3,1,2024-07-04
2024-07-05 00:00:00,"219,01650898114","30,73",3,1,2024-07-05
2024-07-05 01:00:00,"210,86276641937516","19,91",3,1,2024-07-05
2024-07-05 02:00:00,"212,71365076013038","21,780001",3,1,2024-07-05
2024-07-05 03:00:00,"212,90715500156313","42,66",3,1,2024-07-05
2024-07-05 04:00:00,"218,63245517354184","149,100006",3,1,2024-07-05
2024-07-05 05:00:00,"250,28179479078148","213,990005",3,1,2024-07-05
2024-07-05 06:00:00,"294,19435438424966","221,369995",3,1,2024-07-05
2024-07-05 07:00:00,"336,00102960515636","138,429993",3,1,2024-07-05
2024-07-05 08:00:00,"336,4084905921768","22,0",3,1,2024-07-05
2024-07-05 09:00:00,"314,5136294388311","3,06",3,1,2024-07-05
2024-07-05 10:00:00,"298,1807620741275","-0,3",3,1,2024-07-05
2024-07-05 11:00:00,"281,98502241488046","-4,1",3,1,2024-07-05
2024-07-05 12:00:00,"263,706595259388","-5,74",3,1,2024-07-05
2024-07-05 13:00:00,"261,2559661334317","-0,22",3,1,2024-07-05
2024-07-05 14:00:00,"284,7610552033007","14,4",3,1,2024-07-05
2024-07-05 15:00:00,"311,15724715680204","97,410004",3,1,2024-07-05
2024-07-05 16:00:00,"340,8613660510775","173,559998",3,1,2024-07-05
2024-07-05 17:00:00,"338,63988936821346","273,730011",3,1,2024-07-05
2024-07-05 18:00:00,"327,88332871122714","282,01001",3,1,2024-07-05
2024-07-05 19:00:00,"290,661974311948","447,959991",3,1,2024-07-05
2024-07-05 20:00:00,"270,2865454569669","618,02002",3,1,2024-07-05
2024-07-05 21:00:00,"253,40013319082436","633,609985",3,1,2024-07-05
2024-07-05 22:00:00,"240,89812461897546","637,890015",3,1,2024-07-05
2024-07-05 23:00:00,"230,4501730970716","492,73999",3,1,2024-07-05
2024-07-06 00:00:00,"224,8957139696197","473,799988",3,1,2024-07-06
2024-07-06 01:00:00,"221,41741861474242","346,540009",3,1,2024-07-06
2024-07-06 02:00:00,"223,34113140222627","288,070007",3,1,2024-07-06
2024-07-06 03:00:00,"223,1892897426821","117,029999",3,1,2024-07-06
2024-07-06 04:00:00,"216,66702575683084","41,77",3,1,2024-07-06
2024-07-06 05:00:00,"220,14347976889783","41,02",3,1,2024-07-06
2024-07-06 06:00:00,"215,40949986919844","25,959999",3,1,2024-07-06
2024-07-06 07:00:00,"221,28214496381597","2,39",3,1,2024-07-06
2024-07-06 08:00:00,"271,0911472679181","-0,3",3,1,2024-07-06
2024-07-06 09:00:00,"275,7598894166463","-0,15",3,1,2024-07-06
2024-07-06 10:00:00,"275,6195648870969","-0,22",3,1,2024-07-06
2024-07-06 11:00:00,"273,45889332606095","-0,9",3,1,2024-07-06
2024-07-06 12:00:00,"275,6195648870969","-16,26",3,1,2024-07-06
2024-07-06 13:00:00,"299,5070987317297","-20,209999",3,1,2024-07-06
2024-07-06 14:00:00,"351,56862694203846","-4,48",3,1,2024-07-06
2024-07-06 15:00:00,"423,12795939876025","0,07",3,1,2024-07-06
2024-07-06 16:00:00,"475,8262478632606","14,47",3,1,2024-07-06
2024-07-06 17:00:00,"506,69494727528644","3,28",3,1,2024-07-06
2024-07-06 18:00:00,"499,33694716066543","49,900002",3,1,2024-07-06
2024-07-06 19:00:00,"443,37583545333786","70,110001",3,1,2024-07-06
2024-07-06 20:00:00,"365,6184556675436","134,259995",3,1,2024-07-06
2024-07-06 21:00:00,"314,9143119397068","50,5",3,1,2024-07-06
2024-07-06 22:00:00,"273,87474217409414","-0,15",3,1,2024-07-06
2024-07-06 23:00:00,"245,24112703796425","-0,75",3,1,2024-07-06
2024-07-07 00:00:00,"224,34075245370923","-5,97",3,1,2024-07-07
2024-07-07 01:00:00,"225,33593316620357","-3,58",3,1,2024-07-07
2024-07-07 02:00:00,"225,48757108281174","-0,45",3,1,2024-07-07
2024-07-07 03:00:00,"219,3344248559103","-0,07",3,1,2024-07-07
2024-07-07 04:00:00,"223,62557036906733","-0,07",3,1,2024-07-07
2024-07-07 05:00:00,"230,4296794462155","-0,07",3,1,2024-07-07
2024-07-07 06:00:00,"249,74301596613313","-4,55",3,1,2024-07-07
2024-07-07 07:00:00,"274,0412834226094","-48,25",3,1,2024-07-07
2024-07-07 08:00:00,"278,2156037751969","-74,43",3,1,2024-07-07
2024-07-07 09:00:00,"277,2276052334587","-89,800003",3,1,2024-07-07
2024-07-07 10:00:00,"277,2276052334587","-100,610001",3,1,2024-07-07
2024-07-07 11:00:00,"261,713356179216","-112,019997",3,1,2024-07-07
2024-07-07 12:00:00,"261,0071257997866","-148,419998",3,1,2024-07-07
2024-07-07 13:00:00,"254,83730478796016","-90,989998",3,1,2024-07-07
2024-07-07 14:00:00,"278,6895677097521","-45,939999",3,1,2024-07-07
2024-07-07 15:00:00,"280,7390203231791","-0,6",3,1,2024-07-07
2024-07-07 16:00:00,"285,73640707238746","477,23999",3,1,2024-07-07
2024-07-07 17:00:00,"277,5797951187836","673,23999",3,1,2024-07-07
2024-07-07 18:00:00,"257,54359314858","937,030029",3,1,2024-07-07
2024-07-07 19:00:00,"246,91191915392585","993,190002",3,1,2024-07-07
2024-07-07 20:00:00,"235,1330074773698","859,169983",3,1,2024-07-07
2024-07-07 21:00:00,"235,1330074773698","724,400024",3,1,2024-07-07
2024-07-07 22:00:00,"233,7204285797046","608,72998",3,1,2024-07-07
2024-07-07 23:00:00,"233,7204285797046","571,659973",3,1,2024-07-07
2024-07-08 00:00:00,"476,6352511049754","552,48999",3,2,2024-07-08
2024-07-08 01:00:00,"387,0558643741897","579,640015",3,2,2024-07-08
2024-07-08 02:00:00,"304,97047815668066","568,900024",3,2,2024-07-08
2024-07-08 03:00:00,"263,2254763182871","592,469971",3,2,2024-07-08
2024-07-08 04:00:00,"244,2398363510442","820,390015",3,2,2024-07-08
2024-07-08 05:00:00,"254,34653297424148","948,52002",3,2,2024-07-08
2024-07-08 06:00:00,"292,3937696915351","750,580017",3,2,2024-07-08
2024-07-08 07:00:00,"305,41686634915635","578,820007",3,2,2024-07-08
2024-07-08 08:00:00,"314,11642210416005","402,209991",3,2,2024-07-08
2024-07-08 09:00:00,"316,287781782274","286,609985",3,2,2024-07-08
2024-07-08 10:00:00,"307,0874604355177","237,089996",3,2,2024-07-08
2024-07-08 11:00:00,"297,87256708306603","219,639999",3,2,2024-07-08
2024-07-08 12:00:00,"286,2887301866459","220,460007",3,2,2024-07-08
2024-07-08 13:00:00,"286,5591163468038","274,079987",3,2,2024-07-08
2024-07-08 14:00:00,"296,1495999680204","477,320007",3,2,2024-07-08
2024-07-08 15:00:00,"317,33085812487957","598,140015",3,2,2024-07-08
2024-07-08 16:00:00,"376,6686151070055","765,419983",3,2,2024-07-08
2024-07-08 17:00:00,"409,7144356484533","1017,950012",3,2,2024-07-08
2024-07-08 18:00:00,"388,46618005640295","1919,339966",3,2,2024-07-08
2024-07-08 19:00:00,"361,42510919350127","1295,390015",3,2,2024-07-08
2024-07-08 20:00:00,"333,06728239166864","847,609985",3,2,2024-07-08
2024-07-08 21:00:00,"324,8273310365417","686,289978",3,2,2024-07-08
2024-07-08 22:00:00,"304,12289261601825","787,049988",3,2,2024-07-08
2024-07-08 23:00:00,"283,0297562352385","715,73999",3,2,2024-07-08
2024-07-09 00:00:00,"255,68142921913983","694,26001",3,2,2024-07-09
2024-07-09 01:00:00,"242,14334705615985","679,789978",3,2,2024-07-09
2024-07-09 02:00:00,"243,7588437846591","653,840027",3,2,2024-07-09
2024-07-09 03:00:00,"253,43989982168432","722,22998",3,2,2024-07-09
2024-07-09 04:00:00,"286,57464078569456","830,76001",3,2,2024-07-09
2024-07-09 05:00:00,"305,19068572854746","773,919983",3,2,2024-07-09
2024-07-09 06:00:00,"354,47184101545776","701,119995",3,2,2024-07-09
2024-07-09 07:00:00,"407,8184047766968","501,679993",3,2,2024-07-09
2024-07-09 08:00:00,"417,9251643463322","347,799988",3,2,2024-07-09
2024-07-09 09:00:00,"427,3831285609209","251,440002",3,2,2024-07-09
2024-07-09 10:00:00,"418,4662248535372","163,720001",3,2,2024-07-09
2024-07-09 11:00:00,"411,0688834876984","119,190002",3,2,2024-07-09
2024-07-09 12:00:00,"395,92328657886753","32,369999",3,2,2024-07-09
2024-07-09 13:00:00,"391,6636548872896","82,639999",3,2,2024-07-09
2024-07-09 14:00:00,"478,9123701490879","400,76001",3,2,2024-07-09
2024-07-09 15:00:00,"554,3900235421601","609,309998",3,2,2024-07-09
2024-07-09 16:00:00,"562,6546889611008","740,429993",3,2,2024-07-09
2024-07-09 17:00:00,"552,4531570637414","822,47998",3,2,2024-07-09
2024-07-09 18:00:00,"492,58092411740216","841,349976",3,2,2024-07-09
2024-07-09 19:00:00,"412,9132627490201","748,26001",3,2,2024-07-09
2024-07-09 20:00:00,"346,8015703021607","338,779999",3,2,2024-07-09
2024-07-09 21:00:00,"319,28654025660757","301,779999",3,2,2024-07-09
2024-07-09 22:00:00,"301,2590915363893","216,029999",3,2,2024-07-09
2024-07-09 23:00:00,"290,5135812745156","210,210007",3,2,2024-07-09
2024-07-10 00:00:00,"279,5865052223081","203,050003",3,2,2024-07-10
2024-07-10 01:00:00,"279,3890922319344","196,110001",3,2,2024-07-10
2024-07-10 02:00:00,"272,5911100069329","191,789993",3,2,2024-07-10
2024-07-10 03:00:00,"274,81820558452273","201,710007",3,2,2024-07-10
2024-07-10 04:00:00,"296,23387288407855","300,700012",3,2,2024-07-10
2024-07-10 05:00:00,"345,93667480115647","325,089996",3,2,2024-07-10
2024-07-10 06:00:00,"442,8891372913794","622,809998",3,2,2024-07-10
2024-07-10 07:00:00,"561,5088479808051","586,109985",3,2,2024-07-10
2024-07-10 08:00:00,"594,9960051355048","484,880005",3,2,2024-07-10
2024-07-10 09:00:00,"599,8494472565017","416,029999",3,2,2024-07-10
2024-07-10 10:00:00,"582,8331134244157","351,570007",3,2,2024-07-10
2024-07-10 11:00:00,"573,5550685655793","304,059998",3,2,2024-07-10
2024-07-10 12:00:00,"569,3564072913481","392,149994",3,2,2024-07-10
2024-07-10 13:00:00,"586,423565210888","394,690002",3,2,2024-07-10
2024-07-10 14:00:00,"601,6152816064775","503,380005",3,2,2024-07-10
2024-07-10 15:00:00,"608,3459099594363","597,820007",3,2,2024-07-10
2024-07-10 16:00:00,"626,0642292872844","602,219971",3,2,2024-07-10
2024-07-10 17:00:00,"630,1912133420692","743,880005",3,2,2024-07-10
2024-07-10 18:00:00,"611,2572410445218","1108,579956",3,2,2024-07-10
2024-07-10 19:00:00,"562,450647805732","1223,97998",3,2,2024-07-10
2024-07-10 20:00:00,"502,5764395068117","850,179993",3,2,2024-07-10
2024-07-10 21:00:00,"451,99703172805823","693,150024",3,2,2024-07-10
2024-07-10 22:00:00,"399,9429041906957","716,380005",3,2,2024-07-10
2024-07-10 23:00:00,"337,7038343316967","596,48999",3,2,2024-07-10
2024-07-11 00:00:00,"318,6292350977853","574,919983",3,2,2024-07-11
2024-07-11 01:00:00,"297,20433983387267","593,869995",3,2,2024-07-11
2024-07-11 02:00:00,"281,47763187534053","599,169983",3,2,2024-07-11
2024-07-11 03:00:00,"279,6045079455863","611,630005",3,2,2024-07-11
2024-07-11 04:00:00,"293,2682694643099","803,599976",3,2,2024-07-11
2024-07-11 05:00:00,"322,4610116738745","895,289978",3,2,2024-07-11
2024-07-11 06:00:00,"386,33354861083694","794,789978",3,2,2024-07-11
2024-07-11 07:00:00,"424,6871259153578","664,830017",3,2,2024-07-11
2024-07-11 08:00:00,"425,23227440354185","602,01001",3,2,2024-07-11
2024-07-11 09:00:00,"419,5681550246614","496,880005",3,2,2024-07-11
2024-07-11 10:00:00,"406,3805963228055","428,540009",3,2,2024-07-11
2024-07-11 11:00:00,"380,4363502732141","355,880005",3,2,2024-07-11
2024-07-11 12:00:00,"377,7047286274462","331,850006",3,2,2024-07-11
2024-07-11 13:00:00,"391,57479207545725","373,779999",3,2,2024-07-11
2024-07-11 14:00:00,"414,3530751971773","454,959991",3,2,2024-07-11
2024-07-11 15:00:00,"432,9213724862205","611,109985",3,2,2024-07-11
2024-07-11 16:00:00,"455,2992637750869","683,25",3,2,2024-07-11
2024-07-11 17:00:00,"466,21679844469156","895,289978",3,2,2024-07-11
2024-07-11 18:00:00,"457,20472714725264","1375,23999",3,2,2024-07-11
2024-07-11 19:00:00,"436,66676007202744","1244,0",3,2,2024-07-11
2024-07-11 20:00:00,"369,6628560493601","907,150024",3,2,2024-07-11
2024-07-11 21:00:00,"336,2867831043445","732,049988",3,2,2024-07-11
2024-07-11 22:00:00,"289,00551425367195","764,130005",3,2,2024-07-11
2024-07-11 23:00:00,"262,9179350283288","651,400024",3,2,2024-07-11
2024-07-12 00:00:00,"242,32307287531012","609,619995",3,2,2024-07-12
2024-07-12 01:00:00,"234,98199870073822","604,619995",3,2,2024-07-12
2024-07-12 02:00:00,"236,52895648884135","598,650024",3,2,2024-07-12
2024-07-12 03:00:00,"236,52895648884135","613,5",3,2,2024-07-12
2024-07-12 04:00:00,"236,12405401150875","805,309998",3,2,2024-07-12
2024-07-12 05:00:00,"264,06031712801985","820,080017",3,2,2024-07-12
2024-07-12 06:00:00,"304,9896122163966","817,690002",3,2,2024-07-12
2024-07-12 07:00:00,"361,1303543990709","763,97998",3,2,2024-07-12
2024-07-12 08:00:00,"354,11339065238565","715,26001",3,2,2024-07-12
2024-07-12 09:00:00,"330,9895327299963","670,200012",3,2,2024-07-12
2024-07-12 10:00:00,"322,9412444790761","621,099976",3,2,2024-07-12
2024-07-12 11:00:00,"303,3533832252824","586,409973",3,2,2024-07-12
2024-07-12 12:00:00,"286,46717730411183","582,22998",3,2,2024-07-12
2024-07-12 13:00:00,"269,81093229761314","583,349976",3,2,2024-07-12
2024-07-12 14:00:00,"287,69693348837933","624,159973",3,2,2024-07-12
2024-07-12 15:00:00,"316,2090040045607","589,400024",3,2,2024-07-12
2024-07-12 16:00:00,"347,4542362292097","671,840027",3,2,2024-07-12
2024-07-12 17:00:00,"343,1583054891884","720,849976",3,2,2024-07-12
2024-07-12 18:00:00,"328,28823118855973","679,299988",3,2,2024-07-12
2024-07-12 19:00:00,"285,60672113341695","688,919983",3,2,2024-07-12
2024-07-12 20:00:00,"259,65298078410666","313,950012",3,2,2024-07-12
2024-07-12 21:00:00,"243,60557876149247","197,559998",3,2,2024-07-12
2024-07-12 22:00:00,"214,76748693276485","154,669998",3,2,2024-07-12
2024-07-12 23:00:00,"205,58681230591267","99,459999",3,2,2024-07-12
2024-07-13 00:00:00,"189,61658534706663","68,339996",3,2,2024-07-13
2024-07-13 01:00:00,"178,23999106286325","59,689999",3,2,2024-07-13
2024-07-13 02:00:00,"175,46528255867477","46,040001",3,2,2024-07-13
2024-07-13 03:00:00,"183,07756182816925","88,410004",3,2,2024-07-13
2024-07-13 04:00:00,"192,8742486528634","227,860001",3,2,2024-07-13
2024-07-13 05:00:00,"212,4846935296174","207,570007",3,2,2024-07-13
2024-07-13 06:00:00,"230,5446304935316","198,470001",3,2,2024-07-13
2024-07-13 07:00:00,"242,09480716286046","156,460007",3,2,2024-07-13
2024-07-13 08:00:00,"285,0802396231817","38,5",3,2,2024-07-13
2024-07-13 09:00:00,"297,8832638290577","0,3",3,2,2024-07-13
2024-07-13 10:00:00,"302,82832608084647","-0,07",3,2,2024-07-13
2024-07-13 11:00:00,"307,11383140014607","-6,49",3,2,2024-07-13
2024-07-13 12:00:00,"312,61274489708904","-6,04",3,2,2024-07-13
2024-07-13 13:00:00,"330,3557848230248","-0,45",3,2,2024-07-13
2024-07-13 14:00:00,"384,70641526441267","11,34",3,2,2024-07-13
2024-07-13 15:00:00,"435,88679859973263","47,150002",3,2,2024-07-13
2024-07-13 16:00:00,"491,2262337471014","167,429993",3,2,2024-07-13
2024-07-13 17:00:00,"518,4108004304295","375,519989",3,2,2024-07-13
2024-07-13 18:00:00,"509,499608184812","562,950012",3,2,2024-07-13
2024-07-13 19:00:00,"483,3021022521413","568,98999",3,2,2024-07-13
2024-07-13 20:00:00,"411,9961231249332","588,23999",3,2,2024-07-13
2024-07-13 21:00:00,"349,465986681418","470,049988",3,2,2024-07-13
2024-07-13 22:00:00,"295,31902200697346","663,700012",3,2,2024-07-13
2024-07-13 23:00:00,"263,4909461721257","471,48999",3,2,2024-07-13
2024-07-14 00:00:00,"238,22834844706716","413,73999",3,2,2024-07-14
2024-07-14 01:00:00,"232,41776896682072","330,540009",3,2,2024-07-14
2024-07-14 02:00:00,"231,01253333064471","283,01001",3,2,2024-07-14
2024-07-14 03:00:00,"230,58123741719672","274,660004",3,2,2024-07-14
2024-07-14 04:00:00,"233,09725807639074","238,470001",3,2,2024-07-14
2024-07-14 05:00:00,"236,11119859216396","106,550003",3,2,2024-07-14
2024-07-14 06:00:00,"251,313166463133","2,16",3,2,2024-07-14
2024-07-14 07:00:00,"279,6775662514903","-17,09",3,2,2024-07-14
2024-07-14 08:00:00,"276,45028924897736","-22,530001",3,2,2024-07-14
2024-07-14 09:00:00,"277,2276052334587","-25,370001",3,2,2024-07-14
2024-07-14 10:00:00,"277,2276052334587","-31,49",3,2,2024-07-14
2024-07-14 11:00:00,"261,8536807087654","-38,5",3,2,2024-07-14
2024-07-14 12:00:00,"261,147450329336","-47,830002",3,2,2024-07-14
2024-07-14 13:00:00,"254,97762931750958","-39,990002",3,2,2024-07-14
2024-07-14 14:00:00,"282,0525280013519","-75,809998",3,2,2024-07-14
2024-07-14 15:00:00,"283,4559110349157","13,95",3,2,2024-07-14
2024-07-14 16:00:00,"289,37060836829806","301,890015",3,2,2024-07-14
2024-07-14 17:00:00,"275,9642384695197","685,929993",3,2,2024-07-14
2024-07-14 18:00:00,"255,63699931051715","864,030029",3,2,2024-07-14
2024-07-14 19:00:00,"243,57020742185705","810,909973",3,2,2024-07-14
2024-07-14 20:00:00,"234,191875262564","789,719971",3,2,2024-07-14
2024-07-14 21:00:00,"234,32702747484223","649,590027",3,2,2024-07-14
2024-07-14 22:00:00,"233,8694721145609","592,070007",3,2,2024-07-14
2024-07-14 23:00:00,"233,0549611749904","494,25",3,2,2024-07-14
2024-07-15 00:00:00,"381,9263608666975","434,029999",3,3,2024-07-15
2024-07-15 01:00:00,"296,5988251873704","361,059998",3,3,2024-07-15
2024-07-15 02:00:00,"245,82322803231654","388,73999",3,3,2024-07-15
2024-07-15 03:00:00,"231,57774632255916","482,160004",3,3,2024-07-15
2024-07-15 04:00:00,"231,21185792363693","482,609985",3,3,2024-07-15
2024-07-15 05:00:00,"246,31988343469345","482,380005",3,3,2024-07-15
2024-07-15 06:00:00,"273,8275541423707","482,079987",3,3,2024-07-15
2024-07-15 07:00:00,"285,9584139925787","299,200012",3,3,2024-07-15
2024-07-15 08:00:00,"287,35030209935167","196,979996",3,3,2024-07-15
2024-07-15 09:00:00,"287,35030209935167","149,449997",3,3,2024-07-15
2024-07-15 10:00:00,"286,7898816442149","3,28",3,3,2024-07-15
2024-07-15 11:00:00,"280,99390676684584","-0,07",3,3,2024-07-15
2024-07-15 12:00:00,"278,39285454976977","-0,52",3,3,2024-07-15
2024-07-15 13:00:00,"280,5199653916923","155,270004",3,3,2024-07-15
2024-07-15 14:00:00,"291,36208625271615","201,610001",3,3,2024-07-15
2024-07-15 15:00:00,"317,4367868828889","611,840027",3,3,2024-07-15
2024-07-15 16:00:00,"376,8348710073587","853,219971",3,3,2024-07-15
2024-07-15 17:00:00,"410,3427921703577","1486,98999",3,3,2024-07-15
2024-07-15 18:00:00,"388,46618005640295","1678,530029",3,3,2024-07-15
2024-07-15 19:00:00,"361,42510919350127","1071,160034",3,3,2024-07-15
2024-07-15 20:00:00,"333,06728239166864","690,030029",3,3,2024-07-15
2024-07-15 21:00:00,"324,8273310365417","597,659973",3,3,2024-07-15
2024-07-15 22:00:00,"304,12289261601825","571,47998",3,3,2024-07-15
2024-07-15 23:00:00,"283,0297562352385","475,829987",3,3,2024-07-15
2024-07-16 00:00:00,"255,55642159217174","391,660004",3,3,2024-07-16
2024-07-16 01:00:00,"241,6177613074818","274,73999",3,3,2024-07-16
2024-07-16 02:00:00,"241,5232883525002","284,730011",3,3,2024-07-16
2024-07-16 03:00:00,"253,51709303651987","375,470001",3,3,2024-07-16
2024-07-16 04:00:00,"287,12858679788343","531,859985",3,3,2024-07-16
2024-07-16 05:00:00,"305,33972926340374","593,049988",3,3,2024-07-16
2024-07-16 06:00:00,"354,79854845762935","568,349976",3,3,2024-07-16
2024-07-16 07:00:00,"409,02480853452374","440,76001",3,3,2024-07-16
2024-07-16 08:00:00,"425,25902930830074","187,960007",3,3,2024-07-16
2024-07-16 09:00:00,"431,96995910026294","158,630005",3,3,2024-07-16
2024-07-16 10:00:00,"429,58226855402694","118,190002",3,3,2024-07-16
2024-07-16 11:00:00,"429,3630319614153","101,400002",3,3,2024-07-16
2024-07-16 12:00:00,"423,17279359971377","30,290001",3,3,2024-07-16
2024-07-16 13:00:00,"419,5770596741874","21,639999",3,3,2024-07-16
2024-07-16 14:00:00,"501,4117807112286","0,07",3,3,2024-07-16
2024-07-16 15:00:00,"575,0486381572026","190,570007",3,3,2024-07-16
2024-07-16 16:00:00,"587,3850465544334","444,709991",3,3,2024-07-16
2024-07-16 17:00:00,"578,5803646658209","611,780029",3,3,2024-07-16
2024-07-16 18:00:00,"535,2152703558804","907,330017",3,3,2024-07-16
2024-07-16 19:00:00,"478,8980923161921","852,710022",3,3,2024-07-16
2024-07-16 20:00:00,"431,3129248019796","789,51001",3,3,2024-07-16
2024-07-16 21:00:00,"379,5041255962721","629,090027",3,3,2024-07-16
2024-07-16 22:00:00,"345,7930604070443","652,109985",3,3,2024-07-16
2024-07-16 23:00:00,"313,01077612256535","544,52002",3,3,2024-07-16
2024-07-17 00:00:00,"302,81682711586444","543,330017",3,3,2024-07-17
2024-07-17 01:00:00,"307,29861247949486","526,23999",3,3,2024-07-17
2024-07-17 02:00:00,"293,9465359825088","530,119995",3,3,2024-07-17
2024-07-17 03:00:00,"289,301936844838","577,799988",3,3,2024-07-17
2024-07-17 04:00:00,"306,63210030652994","671,880005",3,3,2024-07-17
2024-07-17 05:00:00,"354,31744735661454","744,330017",3,3,2024-07-17
2024-07-17 06:00:00,"444,435509506792","788,650024",3,3,2024-07-17
2024-07-17 07:00:00,"561,2037891857129","575,559998",3,3,2024-07-17
2024-07-17 08:00:00,"586,0759572253612","434,170013",3,3,2024-07-17
2024-07-17 09:00:00,"591,4400100866793","311,51001",3,3,2024-07-17
2024-07-17 10:00:00,"575,2376687284915","243,160004",3,3,2024-07-17
2024-07-17 11:00:00,"561,0119722302256","163,029999",3,3,2024-07-17
2024-07-17 12:00:00,"545,8524931759856","80,580002",3,3,2024-07-17
2024-07-17 13:00:00,"555,9358112998268","100,5",3,3,2024-07-17
2024-07-17 14:00:00,"577,4046690057472","290,089996",3,3,2024-07-17
2024-07-17 15:00:00,"583,3444419935748","460,209991",3,3,2024-07-17
2024-07-17 16:00:00,"608,401397351699","618,76001",3,3,2024-07-17
2024-07-17 17:00:00,"589,871803347922","797,530029",3,3,2024-07-17
2024-07-17 18:00:00,"567,7796192796252","984,280029",3,3,2024-07-17
2024-07-17 19:00:00,"536,4214319122096","1044,790039",3,3,2024-07-17
2024-07-17 20:00:00,"473,3406265208578","857,369995",3,3,2024-07-17
2024-07-17 21:00:00,"436,9466836790286","687,700012",3,3,2024-07-17
2024-07-17 22:00:00,"371,2134082773734","506,570007",3,3,2024-07-17
2024-07-17 23:00:00,"324,74690926727584","544,679993",3,3,2024-07-17
2024-07-18 00:00:00,"303,95306131552314","493,589996",3,3,2024-07-18
2024-07-18 01:00:00,"288,53198538109166","491,200012",3,3,2024-07-18
2024-07-18 02:00:00,"271,61592855356497","466,880005",3,3,2024-07-18
2024-07-18 03:00:00,"276,50974229870707","298,369995",3,3,2024-07-18
2024-07-18 04:00:00,"293,33031439788397","650,309998",3,3,2024-07-18
2024-07-18 05:00:00,"317,3558498749","704,909973",3,3,2024-07-18
2024-07-18 06:00:00,"378,7940114921406","506,269989",3,3,2024-07-18
2024-07-18 07:00:00,"415,11936307767394","351,339996",3,3,2024-07-18
2024-07-18 08:00:00,"413,3695768532083","270,779999",3,3,2024-07-18
2024-07-18 09:00:00,"407,70545747432766","253,470001",3,3,2024-07-18
2024-07-18 10:00:00,"384,5208840161702","253,25",3,3,2024-07-18
2024-07-18 11:00:00,"373,0474639576472","252,800003",3,3,2024-07-18
2024-07-18 12:00:00,"370,5509438605969","254,360001",3,3,2024-07-18
2024-07-18 13:00:00,"379,7768793758415","260,929993",3,3,2024-07-18
2024-07-18 14:00:00,"411,19932443023396","197,080002",3,3,2024-07-18
2024-07-18 15:00:00,"426,6438054969256","637,630005",3,3,2024-07-18
2024-07-18 16:00:00,"451,16222063331094","686,26001",3,3,2024-07-18
2024-07-18 17:00:00,"466,21679844469156","952,26001",3,3,2024-07-18
2024-07-18 18:00:00,"457,57448295114153","1382,819946",3,3,2024-07-18
2024-07-18 19:00:00,"436,66676007202744","1318,290039",3,3,2024-07-18
2024-07-18 20:00:00,"369,6628560493601","891,690002",3,3,2024-07-18
2024-07-18 21:00:00,"336,2867831043445","760,26001",3,3,2024-07-18
2024-07-18 22:00:00,"289,00551425367195","672,26001",3,3,2024-07-18
2024-07-18 23:00:00,"262,9179350283288","600,200012",3,3,2024-07-18
2024-07-19 00:00:00,"242,32307287531012","596,169983",3,3,2024-07-19
2024-07-19 01:00:00,"234,98199870073822","583,47998",3,3,2024-07-19
2024-07-19 02:00:00,"234,98199870073822","606,390015",3,3,2024-07-19
2024-07-19 03:00:00,"236,52895648884135","667,039978",3,3,2024-07-19
2024-07-19 04:00:00,"236,12405401150875","827,289978",3,3,2024-07-19
2024-07-19 05:00:00,"263,8475065472608","810,72998",3,3,2024-07-19
2024-07-19 06:00:00,"303,757765235596","734,109985",3,3,2024-07-19
2024-07-19 07:00:00,"361,1303543990709","607,51001",3,3,2024-07-19
2024-07-19 08:00:00,"354,11339065238565","522,22998",3,3,2024-07-19
2024-07-19 09:00:00,"331,3566090501708","438,299988",3,3,2024-07-19
2024-07-19 10:00:00,"323,3874041128276","330,799988",3,3,2024-07-19
2024-07-19 11:00:00,"306,92626830749106","272,309998",3,3,2024-07-19
2024-07-19 12:00:00,"293,9680323245641","270,070007",3,3,2024-07-19
2024-07-19 13:00:00,"283,1508176890785","317,369995",3,3,2024-07-19
2024-07-19 14:00:00,"297,9146792205682","475,899994",3,3,2024-07-19
2024-07-19 15:00:00,"328,8452491743245","576,98999",3,3,2024-07-19
2024-07-19 16:00:00,"361,02109312318413","683,460022",3,3,2024-07-19
2024-07-19 17:00:00,"356,58086434664034","888,099976",3,3,2024-07-19
2024-07-19 18:00:00,"339,84155558434634","1358,410034",3,3,2024-07-19
2024-07-19 19:00:00,"305,33781776727267","895,26001",3,3,2024-07-19
2024-07-19 20:00:00,"290,0787441205132","797,22998",3,3,2024-07-19
2024-07-19 21:00:00,"270,3629472179378","683,01001",3,3,2024-07-19
2024-07-19 22:00:00,"244,9460667304737","706,789978",3,3,2024-07-19
2024-07-19 23:00:00,"230,5517932769173","667,099976",3,3,2024-07-19
2024-07-20 00:00:00,"225,3062533870099","658,440002",3,3,2024-07-20
2024-07-20 01:00:00,"221,94300436342047","670,599976",3,3,2024-07-20
2024-07-20 02:00:00,"221,94300436342047","703,130005",3,3,2024-07-20
2024-07-20 03:00:00,"223,61092750550947","699,849976",3,3,2024-07-20
2024-07-20 04:00:00,"223,20602502817687","665,159973",3,3,2024-07-20
2024-07-20 05:00:00,"227,79756253554825","641,580017",3,3,2024-07-20
2024-07-20 06:00:00,"232,27488375264087","508,850006",3,3,2024-07-20
2024-07-20 07:00:00,"241,73439085693022","291,359985",3,3,2024-07-20
2024-07-20 08:00:00,"283,8503959422759","118,629997",3,3,2024-07-20
2024-07-20 09:00:00,"294,51998138231846","28,129999",3,3,2024-07-20
2024-07-20 10:00:00,"299,34542740936405","10,22",3,3,2024-07-20
2024-07-20 11:00:00,"306,3381059217061","0,15",3,3,2024-07-20
2024-07-20 12:00:00,"310,4865038290746","3,28",3,3,2024-07-20
2024-07-20 13:00:00,"328,258523085768","34,32",3,3,2024-07-20
2024-07-20 14:00:00,"373,59426565081907","134,369995",3,3,2024-07-20
2024-07-20 15:00:00,"435,8652781906845","273,820007",3,3,2024-07-20
2024-07-20 16:00:00,"489,87699341206417","634,190002",3,3,2024-07-20
2024-07-20 17:00:00,"518,0045318362628","817,440002",3,3,2024-07-20
2024-07-20 18:00:00,"510,5782496626062","1005,380005",3,3,2024-07-20
2024-07-20 19:00:00,"491,28953554625116","811,840027",3,3,2024-07-20
2024-07-20 20:00:00,"415,9489261712909","627,47998",3,3,2024-07-20
2024-07-20 21:00:00,"353,78640258178274","555,929993",3,3,2024-07-20
2024-07-20 22:00:00,"299,46271665561363","474,790009",3,3,2024-07-20
2024-07-20 23:00:00,"276,32068340368335","420,089996",3,3,2024-07-20
2024-07-21 00:00:00,"247,46651161674708","411,880005",3,3,2024-07-21
2024-07-21 01:00:00,"238,05393061389648","450,540009",3,3,2024-07-21
2024-07-21 02:00:00,"238,05393061389648","496,570007",3,3,2024-07-21
2024-07-21 03:00:00,"236,6061497036769","561,419983",3,3,2024-07-21
2024-07-21 04:00:00,"239,0354861167436","480,529999",3,3,2024-07-21
2024-07-21 05:00:00,"244,3781071457488","421,809998",3,3,2024-07-21
2024-07-21 06:00:00,"257,927499281493","303,540009",3,3,2024-07-21
2024-07-21 07:00:00,"284,5149951817058","138,559998",3,3,2024-07-21
2024-07-21 08:00:00,"282,82795146371654","7,54",3,3,2024-07-21
2024-07-21 09:00:00,"278,96557552838834","0,22",3,3,2024-07-21
2024-07-21 10:00:00,"280,73089005460787","0,15",3,3,2024-07-21
2024-07-21 11:00:00,"265,9811714737251","-0,45",3,3,2024-07-21
2024-07-21 12:00:00,"263,5305423477688","-1,34",3,3,2024-07-21
2024-07-21 13:00:00,"255,1794833009469","0,3",3,3,2024-07-21
2024-07-21 14:00:00,"278,89142169318944","139,380005",3,3,2024-07-21
2024-07-21 15:00:00,"280,7390203231791","307,640015",3,3,2024-07-21
2024-07-21 16:00:00,"282,5381644221601","600,289978",3,3,2024-07-21
2024-07-21 17:00:00,"269,72230923384666","807,880005",3,3,2024-07-21
2024-07-21 18:00:00,"252,91511905191823","841,150024",3,3,2024-07-21
2024-07-21 19:00:00,"239,6845836743765","919,950012",3,3,2024-07-21
2024-07-21 20:00:00,"225,33696794483672","814,590027",3,3,2024-07-21
2024-07-21 21:00:00,"232,79054994788635","672,73999",3,3,2024-07-21
2024-07-21 22:00:00,"233,7555752531483","901,669983",3,3,2024-07-21
2024-07-21 23:00:00,"233,7555752531483","721,02002",3,3,2024-07-21
2024-07-22 00:00:00,"602,5051782542187","648,27002",3,4,2024-07-22
2024-07-22 01:00:00,"491,69664586248194","648,640015",3,4,2024-07-22
2024-07-22 02:00:00,"388,2260287358441","610,659973",3,4,2024-07-22
2024-07-22 03:00:00,"305,1221160732888","591,859985",3,4,2024-07-22
2024-07-22 04:00:00,"263,4743166519322","811,159973",3,4,2024-07-22
2024-07-22 05:00:00,"261,9063541760708","896,070007",3,4,2024-07-22
2024-07-22 06:00:00,"295,53717753905465","852,719971",3,4,2024-07-22
2024-07-22 07:00:00,"311,5436885179384","703,929993",3,4,2024-07-22
2024-07-22 08:00:00,"317,94830348451814","473,290009",3,4,2024-07-22
2024-07-22 09:00:00,"317,05000633904257","291,600006",3,4,2024-07-22
2024-07-22 10:00:00,"306,9347117912783","191,089996",3,4,2024-07-22
2024-07-22 11:00:00,"297,59613278559425","174,300003",3,4,2024-07-22
2024-07-22 12:00:00,"289,3948696506983","144,830002",3,4,2024-07-22
2024-07-22 13:00:00,"285,9980978008427","152,070007",3,4,2024-07-22
2024-07-22 14:00:00,"290,6079592707433","170,279999",3,4,2024-07-22
2024-07-22 15:00:00,"306,7442468690851","463,820007",3,4,2024-07-22
2024-07-22 16:00:00,"349,54951056994105","603,719971",3,4,2024-07-22
2024-07-22 17:00:00,"379,23124569307015","739,0",3,4,2024-07-22
2024-07-22 18:00:00,"377,06354976054837","1043,660034",3,4,2024-07-22
2024-07-22 19:00:00,"359,0980993048105","1046,569946",3,4,2024-07-22
2024-07-22 20:00:00,"330,47763314588354","828,539978",3,4,2024-07-22
2024-07-22 21:00:00,"324,02135103401423","712,73999",3,4,2024-07-22
2024-07-22 22:00:00,"301,69519933795743","618,22998",3,4,2024-07-22
2024-07-22 23:00:00,"283,0297562352385","559,349976",3,4,2024-07-22
2024-07-23 00:00:00,"255,68142921913983","547,630005",3,4,2024-07-23
2024-07-23 01:00:00,"243,65963228164068","508,380005",3,4,2024-07-23
2024-07-23 02:00:00,"242,0909206425701","526,52002",3,4,2024-07-23
2024-07-23 03:00:00,"253,43989982168432","549,799988",3,4,2024-07-23
2024-07-23 04:00:00,"286,57464078569456","745,450012",3,4,2024-07-23
2024-07-23 05:00:00,"305,19068572854746","865,590027",3,4,2024-07-23
2024-07-23 06:00:00,"354,39695110932956","824,179993",3,4,2024-07-23
2024-07-23 07:00:00,"405,99501499867205","651,359985",3,4,2024-07-23
2024-07-23 08:00:00,"413,40202455795486","513,909973",3,4,2024-07-23
2024-07-23 09:00:00,"422,02105911545357","457,940002",3,4,2024-07-23
2024-07-23 10:00:00,"418,7372341116178","324,0",3,4,2024-07-23
2024-07-23 11:00:00,"420,45329964168843","285,720001",3,4,2024-07-23
2024-07-23 12:00:00,"417,5388478005301","268,709991",3,4,2024-07-23
2024-07-23 13:00:00,"415,02221763844614","313,100006",3,4,2024-07-23
2024-07-23 14:00:00,"498,97063370953725","483,980011",3,4,2024-07-23
2024-07-23 15:00:00,"574,0287043002847","593,450012",3,4,2024-07-23
2024-07-23 16:00:00,"586,3630837951661","596,359985",3,4,2024-07-23
2024-07-23 17:00:00,"578,5803646658209","716,570007",3,4,2024-07-23
2024-07-23 18:00:00,"534,8455145519915","872,530029",3,4,2024-07-23
2024-07-23 19:00:00,"478,9332389896358","761,200012",3,4,2024-07-23
2024-07-23 20:00:00,"431,3129248019796","740,450012",3,4,2024-07-23
2024-07-23 21:00:00,"380,31010559879957","683,369995",3,4,2024-07-23
2024-07-23 22:00:00,"345,7158671922088","623,359985",3,4,2024-07-23
2024-07-23 23:00:00,"312,97562944912164","584,419983",3,4,2024-07-23
2024-07-24 00:00:00,"302,32012949382613","541,369995",3,4,2024-07-24
2024-07-24 01:00:00,"306,8448770508376","549,130005",3,4,2024-07-24
2024-07-24 02:00:00,"293,14055597998134","423,630005",3,4,2024-07-24
2024-07-24 03:00:00,"289,301936844838","299,179993",3,4,2024-07-24
2024-07-24 04:00:00,"306,5399711579761","323,429993",3,4,2024-07-24
2024-07-24 05:00:00,"352,7428871160361","336,190002",3,4,2024-07-24
2024-07-24 06:00:00,"441,91496173313453","429,079987",3,4,2024-07-24
2024-07-24 07:00:00,"553,219976095111","270,23999",3,4,2024-07-24
2024-07-24 08:00:00,"579,4473582344277","186,520004",3,4,2024-07-24
2024-07-24 09:00:00,"587,6460964932683","158,100006",3,4,2024-07-24
2024-07-24 10:00:00,"566,4709285478039","11,79",3,4,2024-07-24
2024-07-24 11:00:00,"557,6886197499414","0,0",3,4,2024-07-24
2024-07-24 12:00:00,"542,1424352344092","0,0",3,4,2024-07-24
2024-07-24 13:00:00,"550,6167620352487","-0,6",3,4,2024-07-24
2024-07-24 14:00:00,"571,2787837929869","124,599998",3,4,2024-07-24
2024-07-24 15:00:00,"580,8192782340158","184,880005",3,4,2024-07-24
2024-07-24 16:00:00,"606,2988879888369","387,149994",3,4,2024-07-24
2024-07-24 17:00:00,"589,7208697143242","668,5",3,4,2024-07-24
2024-07-24 18:00:00,"580,7993207649521","809,659973",3,4,2024-07-24
2024-07-24 19:00:00,"550,125053709604","881,210022",3,4,2024-07-24
2024-07-24 20:00:00,"495,5818052713723","813,320007",3,4,2024-07-24
2024-07-24 21:00:00,"451,05589951325254","631,570007",3,4,2024-07-24
2024-07-24 22:00:00,"399,84128401084996","624,570007",3,4,2024-07-24
2024-07-24 23:00:00,"337,602214151851","578,299988",3,4,2024-07-24
2024-07-25 00:00:00,"317,8120591938695","567,859985",3,4,2024-07-25
2024-07-25 01:00:00,"296,52851647747764","596,359985",3,4,2024-07-25
2024-07-25 02:00:00,"279,7499030784245","570,090027",3,4,2024-07-25
2024-07-25 03:00:00,"279,7535514804426","690,460022",3,4,2024-07-25
2024-07-25 04:00:00,"293,30341613775363","792,159973",3,4,2024-07-25
2024-07-25 05:00:00,"322,4610116738745","813,580017",3,4,2024-07-25
2024-07-25 06:00:00,"385,5045289206127","678,890015",3,4,2024-07-25
2024-07-25 07:00:00,"421,6103313961166","537,109985",3,4,2024-07-25
2024-07-25 08:00:00,"421,18484252085796","411,0",3,4,2024-07-25
2024-07-25 09:00:00,"417,0282006909288","275,720001",3,4,2024-07-25
2024-07-25 10:00:00,"405,4104828228848","177,070007",3,4,2024-07-25
2024-07-25 11:00:00,"379,62998538035737","133,869995",3,4,2024-07-25
2024-07-25 12:00:00,"377,18077476127695","128,490005",3,4,2024-07-25
2024-07-25 13:00:00,"392,08570010664965","166,029999",3,4,2024-07-25
2024-07-25 14:00:00,"414,3530751971773","401,450012",3,4,2024-07-25
2024-07-25 15:00:00,"432,9213724862205","596,960022",3,4,2024-07-25
2024-07-25 16:00:00,"455,2992637750869","723,809998",3,4,2024-07-25
2024-07-25 17:00:00,"466,18165177124786","947,150024",3,4,2024-07-25
2024-07-25 18:00:00,"457,57448295114153","1161,97998",3,4,2024-07-25
2024-07-25 19:00:00,"436,66676007202744","982,070007",3,4,2024-07-25
2024-07-25 20:00:00,"369,6628560493601","746,200012",3,4,2024-07-25
2024-07-25 21:00:00,"336,2867831043445","633,890015",3,4,2024-07-25
2024-07-25 22:00:00,"289,08270746850746","604,460022",3,4,2024-07-25
2024-07-25 23:00:00,"262,8163148484831","548,48999",3,4,2024-07-25
2024-07-26 00:00:00,"241,50589697139426","559,76001",3,4,2024-07-26
2024-07-26 01:00:00,"234,30617534434313","576,849976",3,4,2024-07-26
2024-07-26 02:00:00,"229,9139795521831","573,859985",3,4,2024-07-26
2024-07-26 03:00:00,"234,18813911162505","596,919983",3,4,2024-07-26
2024-07-26 04:00:00,"236,67800002369765","608,109985",3,4,2024-07-26
2024-07-26 05:00:00,"264,050826096728","795,940002",3,4,2024-07-26
2024-07-26 06:00:00,"305,4403881407261","776,840027",3,4,2024-07-26
2024-07-26 07:00:00,"360,8403303070068","722,590027",3,4,2024-07-26
2024-07-26 08:00:00,"349,63218987749826","675,570007",3,4,2024-07-26
2024-07-26 09:00:00,"320,99069364794195","607,070007",3,4,2024-07-26
2024-07-26 10:00:00,"307,88028403691567","522,369995",3,4,2024-07-26
2024-07-26 11:00:00,"304,5857198818969","471,029999",3,4,2024-07-26
2024-07-26 12:00:00,"293,8632844083567","449,160004",3,4,2024-07-26
2024-07-26 13:00:00,"280,2780108904284","508,48999",3,4,2024-07-26
2024-07-26 14:00:00,"295,0418724219181","543,559998",3,4,2024-07-26
2024-07-26 15:00:00,"325,7976219405572","660,580017",3,4,2024-07-26
2024-07-26 16:00:00,"357,0673729773312","704,01001",3,4,2024-07-26
2024-07-26 17:00:00,"351,0904698011096","804,380005",3,4,2024-07-26
2024-07-26 18:00:00,"338,91891021333004","1068,98999",3,4,2024-07-26
2024-07-26 19:00:00,"305,48686130212894","1037,280029",3,4,2024-07-26
2024-07-26 20:00:00,"289,27276411798573","793,929993",3,4,2024-07-26
2024-07-26 21:00:00,"266,92041376162405","730,650024",3,4,2024-07-26
2024-07-26 22:00:00,"244,31702956587975","775,22998",3,4,2024-07-26
2024-07-26 23:00:00,"230,586939950361","768,890015",3,4,2024-07-26
2024-07-27 00:00:00,"225,3062533870099","723,070007",3,4,2024-07-27
2024-07-27 01:00:00,"221,94300436342047","710,080017",3,4,2024-07-27
2024-07-27 02:00:00,"221,94300436342047","690,01001",3,4,2024-07-27
2024-07-27 03:00:00,"223,61092750550947","673,070007",3,4,2024-07-27
2024-07-27 04:00:00,"223,20602502817687","649,929993",3,4,2024-07-27
2024-07-27 05:00:00,"227,79756253554825","615,01001",3,4,2024-07-27
2024-07-27 06:00:00,"232,11936962043714","632,02002",3,4,2024-07-27
2024-07-27 07:00:00,"242,10146717710464","505,0",3,4,2024-07-27
2024-07-27 08:00:00,"284,06195813024664","453,589996",3,4,2024-07-27
2024-07-27 09:00:00,"294,51998138231846","297,76001",3,4,2024-07-27
2024-07-27 10:00:00,"299,0547819078163","208,960007",3,4,2024-07-27
2024-07-27 11:00:00,"306,12654373373533","132,839996",3,4,2024-07-27
2024-07-27 12:00:00,"309,6719044613576","133,729996",3,4,2024-07-27
2024-07-27 13:00:00,"327,443923718051","261,350006",3,4,2024-07-27
2024-07-27 14:00:00,"374,40886501853606","505,380005",3,4,2024-07-27
2024-07-27 15:00:00,"435,7731490421306","649,710022",3,4,2024-07-27
2024-07-27 16:00:00,"490,41165532080095","783,369995",3,4,2024-07-27
2024-07-27 17:00:00,"518,6328883581675","870,830017",3,4,2024-07-27
2024-07-27 18:00:00,"511,14721281827184","918,669983",3,4,2024-07-27
2024-07-27 19:00:00,"491,28953554625116","909,109985",3,4,2024-07-27
2024-07-27 20:00:00,"416,1867105588155","806,719971",3,4,2024-07-27
2024-07-27 21:00:00,"354,0241869693073","730,900024",3,4,2024-07-27
2024-07-27 22:00:00,"299,46271665561363","820,820007",3,4,2024-07-27
2024-07-27 23:00:00,"276,32068340368335","709,780029",3,4,2024-07-27
2024-07-28 00:00:00,"245,95022639126626","658,280029",3,4,2024-07-28
2024-07-28 01:00:00,"238,05393061389648","608,429993",3,4,2024-07-28
2024-07-28 02:00:00,"237,5572329918581","586,119995",3,4,2024-07-28
2024-07-28 03:00:00,"236,56410316228505","591,48999",3,4,2024-07-28
2024-07-28 04:00:00,"239,44987962536803","563,659973",3,4,2024-07-28
2024-07-28 05:00:00,"244,8500424264309","541,869995",3,4,2024-07-28
2024-07-28 06:00:00,"261,24457044422365","189,699997",3,4,2024-07-28
2024-07-28 07:00:00,"281,01265821691663","37,240002",3,4,2024-07-28
2024-07-28 08:00:00,"276,45028924897736","0,0",3,4,2024-07-28
2024-07-28 09:00:00,"277,2276052334587","-18,129999",3,4,2024-07-28
2024-07-28 10:00:00,"277,2276052334587","-112,239998",3,4,2024-07-28
2024-07-28 11:00:00,"261,713356179216","-222,389999",3,4,2024-07-28
2024-07-28 12:00:00,"261,0071257997866","-363,359985",3,4,2024-07-28
2024-07-28 13:00:00,"254,83730478796016","-250,220001",3,4,2024-07-28
2024-07-28 14:00:00,"278,5492431802027","-99,099998",3,4,2024-07-28
2024-07-28 15:00:00,"278,2156037751969","-1,94",3,4,2024-07-28
2024-07-28 16:00:00,"280,1869508757844","37,09",3,4,2024-07-28
2024-07-28 17:00:00,"263,1276219967747","349,480011",3,4,2024-07-28
2024-07-28 18:00:00,"245,3435914160999","588,580017",3,4,2024-07-28
2024-07-28 19:00:00,"231,01815659516234","579,630005",3,4,2024-07-28
2024-07-28 20:00:00,"215,57572421587403","589,400024",3,4,2024-07-28
2024-07-28 21:00:00,"212,24454987570002","322,98999",3,4,2024-07-28
2024-07-28 22:00:00,"217,24326100486797","382,160004",3,4,2024-07-28
2024-07-28 23:00:00,"222,1545508183064","275,670013",3,4,2024-07-28
2024-09-30 00:00:00,"131,32517826472898","62,630001",4,1,2024-09-30
2024-09-30 01:00:00,"162,40688758835682","41,23",4,1,2024-09-30
2024-09-30 02:00:00,"204,74021176230846","67,25",4,1,2024-09-30
2024-09-30 03:00:00,"223,75361707612254","126,599998",4,1,2024-09-30
2024-09-30 04:00:00,"229,6990999298924","314,869995",4,1,2024-09-30
2024-09-30 05:00:00,"252,45395541210314","597,22998",4,1,2024-09-30
2024-09-30 06:00:00,"289,2145963437841","597,22998",4,1,2024-09-30
2024-09-30 07:00:00,"295,1433305922185","447,359985",4,1,2024-09-30
2024-09-30 08:00:00,"292,49731365412663","272,73999",4,1,2024-09-30
2024-09-30 09:00:00,"289,587593511204","155,910004",4,1,2024-09-30
2024-09-30 10:00:00,"286,69047964984327","69,190002",4,1,2024-09-30
2024-09-30 11:00:00,"280,8945047724742","15,36",4,1,2024-09-30
2024-09-30 12:00:00,"278,58722119773114","94,919998",4,1,2024-09-30
2024-09-30 13:00:00,"276,468976316747","125,709999",4,1,2024-09-30
2024-09-30 14:00:00,"285,9200487646196","180,360001",4,1,2024-09-30
2024-09-30 15:00:00,"305,5197205008977","243,960007",4,1,2024-09-30
2024-09-30 16:00:00,"349,98522111147076","268,339996",4,1,2024-09-30
2024-09-30 17:00:00,"367,5059893540731","273,119995",4,1,2024-09-30
2024-09-30 18:00:00,"346,1165363532746","127,5",4,1,2024-09-30
2024-09-30 19:00:00,"322,64887475962087","31,24",4,1,2024-09-30
2024-09-30 20:00:00,"300,00851425888277","24,459999",4,1,2024-09-30
2024-09-30 21:00:00,"291,8881495591894","24,23",4,1,2024-09-30
2024-09-30 22:00:00,"276,2500054462035","23,93",4,1,2024-09-30
2024-09-30 23:00:00,"251,8507978751479","0,52",4,1,2024-09-30
2024-10-01 00:00:00,"235,0931573144556","0,37",4,1,2024-10-01
2024-10-01 01:00:00,"218,70021656243446","0,15",4,1,2024-10-01
2024-10-01 02:00:00,"219,19963245376312","0,67",4,1,2024-10-01
2024-10-01 03:00:00,"231,41321592120937","24,6",4,1,2024-10-01
2024-10-01 04:00:00,"261,47453094878523","75,080002",4,1,2024-10-01
2024-10-01 05:00:00,"286,5135337026593","293,910004",4,1,2024-10-01
2024-10-01 06:00:00,"328,05413557818423","308,079987",4,1,2024-10-01
2024-10-01 07:00:00,"379,09898882963734","309,5",4,1,2024-10-01
2024-10-01 08:00:00,"413,2734632873254","288,170013",4,1,2024-10-01
2024-10-01 09:00:00,"419,544513983086","260,880005",4,1,2024-10-01
2024-10-01 10:00:00,"413,485620154046","232,919998",4,1,2024-10-01
2024-10-01 11:00:00,"413,0913747219845","223,600006",4,1,2024-10-01
2024-10-01 12:00:00,"405,65867997802917","260,660004",4,1,2024-10-01
2024-10-01 13:00:00,"395,28085296652233","296,079987",4,1,2024-10-01
2024-10-01 14:00:00,"483,3822030676036","324,779999",4,1,2024-10-01
2024-10-01 15:00:00,"559,9908392593069","393,0",4,1,2024-10-01
2024-10-01 16:00:00,"565,1675451713054","405,600006",4,1,2024-10-01
2024-10-01 17:00:00,"546,8055765933763","421,410004",4,1,2024-10-01
2024-10-01 18:00:00,"469,6516193103351","366,829987",4,1,2024-10-01
2024-10-01 19:00:00,"393,74060889635274","345,429993",4,1,2024-10-01
2024-10-01 20:00:00,"335,0400013574282","321,649994",4,1,2024-10-01
2024-10-01 21:00:00,"312,1331738787935","309,940002",4,1,2024-10-01
2024-10-01 22:00:00,"290,5431948940407","432,829987",4,1,2024-10-01
2024-10-01 23:00:00,"274,4551523182472","367,350006",4,1,2024-10-01
2024-10-02 00:00:00,"264,5900059551097","373,540009",4,1,2024-10-02
2024-10-02 01:00:00,"264,636462087431","365,339996",4,1,2024-10-02
2024-10-02 02:00:00,"252,51891973603423","300,230011",4,1,2024-10-02
2024-10-02 03:00:00,"256,84844553197127","363,470001",4,1,2024-10-02
2024-10-02 04:00:00,"275,7377747492115","596,440002",4,1,2024-10-02
2024-10-02 05:00:00,"317,45722830461614","692,869995",4,1,2024-10-02
2024-10-02 06:00:00,"406,1476015613789","913,830017",4,1,2024-10-02
2024-10-02 07:00:00,"520,3066773106248","701,219971",4,1,2024-10-02
2024-10-02 08:00:00,"566,4547791632737","484,880005",4,1,2024-10-02
2024-10-02 09:00:00,"575,1628699891477","394,420013",4,1,2024-10-02
2024-10-02 10:00:00,"565,3105825787535","431,040009",4,1,2024-10-02
2024-10-02 11:00:00,"557,418199876668","597,109985",4,1,2024-10-02
2024-10-02 12:00:00,"542,4362038767422","584,659973",4,1,2024-10-02
2024-10-02 13:00:00,"561,3841501880303","607,26001",4,1,2024-10-02
2024-10-02 14:00:00,"590,4333633530574","607,849976",4,1,2024-10-02
2024-10-02 15:00:00,"598,2732024132131","746,48999",4,1,2024-10-02
2024-10-02 16:00:00,"623,8229368029976","872,590027",4,1,2024-10-02
2024-10-02 17:00:00,"609,7796989452357","969,97998",4,1,2024-10-02
2024-10-02 18:00:00,"576,0414851276845","852,900024",4,1,2024-10-02
2024-10-02 19:00:00,"541,4346051737363","719,940002",4,1,2024-10-02
2024-10-02 20:00:00,"477,9573594057478","695,780029",4,1,2024-10-02
2024-10-02 21:00:00,"441,80732939625034","633,880005",4,1,2024-10-02
2024-10-02 22:00:00,"376,9180055343699","502,230011",4,1,2024-10-02
2024-10-02 23:00:00,"332,0467174616571","491,26001",4,1,2024-10-02
2024-10-03 00:00:00,"312,19038659632827","485,890015",4,1,2024-10-03
2024-10-03 01:00:00,"288,53198538109166","478,730011",4,1,2024-10-03
2024-10-03 02:00:00,"263,23574591608275","477,23999",4,1,2024-10-03
2024-10-03 03:00:00,"262,51161395363687","480,369995",4,1,2024-10-03
2024-10-03 04:00:00,"278,72539100550375","488,059998",4,1,2024-10-03
2024-10-03 05:00:00,"315,64107526310045","547,280029",4,1,2024-10-03
2024-10-03 06:00:00,"378,64050468535834","571,900024",4,1,2024-10-03
2024-10-03 07:00:00,"413,5665682985826","543,780029",4,1,2024-10-03
2024-10-03 08:00:00,"413,33443227013373","516,77002",4,1,2024-10-03
2024-10-03 09:00:00,"404,1960957136666","470,230011",4,1,2024-10-03
2024-10-03 10:00:00,"379,3253063080898","351,25",4,1,2024-10-03
2024-10-03 11:00:00,"365,3473903271971","253,460007",4,1,2024-10-03
2024-10-03 12:00:00,"356,9079680030753","291,950012",4,1,2024-10-03
2024-10-03 13:00:00,"372,45153757679026","383,109985",4,1,2024-10-03
2024-10-03 14:00:00,"414,2571751830009","492,609985",4,1,2024-10-03
2024-10-03 15:00:00,"432,60992963085215","669,090027",4,1,2024-10-03
2024-10-03 16:00:00,"456,6834778702883","821,039978",4,1,2024-10-03
2024-10-03 17:00:00,"464,88159906990745","860,200012",4,1,2024-10-03
2024-10-03 18:00:00,"455,6421606971998","807,679993",4,1,2024-10-03
2024-10-03 19:00:00,"434,8009185521877","736,669983",4,1,2024-10-03
2024-10-03 20:00:00,"369,6628560493601","678,48999",4,1,2024-10-03
2024-10-03 21:00:00,"336,2867831043445","607,630005",4,1,2024-10-03
2024-10-03 22:00:00,"288,8538763370638","551,23999",4,1,2024-10-03
2024-10-03 23:00:00,"262,9179350283288","540,950012",4,1,2024-10-03
2024-10-04 00:00:00,"242,32307287531012","537,809998",4,1,2024-10-04
2024-10-04 01:00:00,"234,98199870073822","537,070007",4,1,2024-10-04
2024-10-04 02:00:00,"234,98199870073822","539,530029",4,1,2024-10-04
2024-10-04 03:00:00,"234,98199870073822","575,109985",4,1,2024-10-04
2024-10-04 04:00:00,"234,98199870073822","768,299988",4,1,2024-10-04
2024-10-04 05:00:00,"264,46521960535244","943,890015",4,1,2024-10-04
2024-10-04 06:00:00,"305,6643661672054","1054,890015",4,1,2024-10-04
2024-10-04 07:00:00,"362,36220137987146","867,289978",4,1,2024-10-04
2024-10-04 08:00:00,"354,11339065238565","746,599976",4,1,2024-10-04
2024-10-04 09:00:00,"331,3566090501708","634,039978",4,1,2024-10-04
2024-10-04 10:00:00,"323,3874041128276","559,969971",4,1,2024-10-04
2024-10-04 11:00:00,"306,92626830749106","548,179993",4,1,2024-10-04
2024-10-04 12:00:00,"293,9680323245641","565,559998",4,1,2024-10-04
2024-10-04 13:00:00,"283,1508176890785","589,799988",4,1,2024-10-04
2024-10-04 14:00:00,"299,1465262013688","669,840027",4,1,2024-10-04
2024-10-04 15:00:00,"338,95311324082974","798,890015",4,1,2024-10-04
2024-10-04 16:00:00,"370,33807483213053","984,400024",4,1,2024-10-04
2024-10-04 17:00:00,"362,2643304624091","1111,579956",4,1,2024-10-04
2024-10-04 18:00:00,"339,6436145159031","922,710022",4,1,2024-10-04
2024-10-04 19:00:00,"304,27795624996037","745,179993",4,1,2024-10-04
2024-10-04 20:00:00,"290,0787441205132","745,179993",4,1,2024-10-04
2024-10-04 21:00:00,"270,3629472179378","671,330017",4,1,2024-10-04
2024-10-04 22:00:00,"244,9460667304737","694,340027",4,1,2024-10-04
2024-10-04 23:00:00,"230,5517932769173","631,23999",4,1,2024-10-04
2024-10-05 00:00:00,"225,3062533870099","607,080017",4,1,2024-10-05
2024-10-05 01:00:00,"221,94300436342047","563,380005",4,1,2024-10-05
2024-10-05 02:00:00,"221,94300436342047","564,719971",4,1,2024-10-05
2024-10-05 03:00:00,"221,94300436342047","595,299988",4,1,2024-10-05
2024-10-05 04:00:00,"221,94300436342047","642,880005",4,1,2024-10-05
2024-10-05 05:00:00,"228,41527559363993","748,780029",4,1,2024-10-05
2024-10-05 06:00:00,"232,94963770344975","825,0",4,1,2024-10-05
2024-10-05 07:00:00,"243,94137578268177","768,169983",4,1,2024-10-05
2024-10-05 08:00:00,"284,21747226245037","614,690002",4,1,2024-10-05
2024-10-05 09:00:00,"294,88705770249294","509,160004",4,1,2024-10-05
2024-10-05 10:00:00,"302,1168930421572","383,640015",4,1,2024-10-05
2024-10-05 11:00:00,"306,4936200539098","289,970001",4,1,2024-10-05
2024-10-05 12:00:00,"310,6420179612783","324,350006",4,1,2024-10-05
2024-10-05 13:00:00,"329,6458841987723","469,26001",4,1,2024-10-05
2024-10-05 14:00:00,"376,25816950159015","575,159973",4,1,2024-10-05
2024-10-05 15:00:00,"439,6186582345381","741,919983",4,1,2024-10-05
2024-10-05 16:00:00,"497,2682977157197","1108,630005",4,1,2024-10-05
2024-10-05 17:00:00,"514,2838579952615","1068,579956",4,1,2024-10-05
2024-10-05 18:00:00,"507,0306184281162","799,719971",4,1,2024-10-05
2024-10-05 19:00:00,"480,85588401871723","720,140015",4,1,2024-10-05
2024-10-05 20:00:00,"415,5242492008752","635,640015",4,1,2024-10-05
2024-10-05 21:00:00,"354,0241869693073","499,690002",4,1,2024-10-05
2024-10-05 22:00:00,"299,46271665561363","486,98999",4,1,2024-10-05
2024-10-05 23:00:00,"276,32068340368335","452,100006",4,1,2024-10-05
2024-10-06 00:00:00,"245,95022639126626","440,549988",4,1,2024-10-06
2024-10-06 01:00:00,"238,05393061389648","433,320007",4,1,2024-10-06
2024-10-06 02:00:00,"238,05393061389648","424,369995",4,1,2024-10-06
2024-10-06 03:00:00,"234,98199870073822","433,320007",4,1,2024-10-06
2024-10-06 04:00:00,"237,9029218372649","431,829987",4,1,2024-10-06
2024-10-06 05:00:00,"245,21979823031978","524,929993",4,1,2024-10-06
2024-10-06 06:00:00,"264,06031712801985","575,469971",4,1,2024-10-06
2024-10-06 07:00:00,"293,24769718295863","492,429993",4,1,2024-10-06
2024-10-06 08:00:00,"293,62670738703645","193,960007",4,1,2024-10-06
2024-10-06 09:00:00,"293,62670738703645","126,720001",4,1,2024-10-06
2024-10-06 10:00:00,"293,4711932548327","105,849998",4,1,2024-10-06
2024-10-06 11:00:00,"281,9318638555127","93,330002",4,1,2024-10-06
2024-10-06 12:00:00,"273,4830309572461","113,900002",4,1,2024-10-06
2024-10-06 13:00:00,"265,5688111988928","139,539993",4,1,2024-10-06
2024-10-06 14:00:00,"286,2227856288951","202,759995",4,1,2024-10-06
2024-10-06 15:00:00,"289,5221924969384","677,890015",4,1,2024-10-06
2024-10-06 16:00:00,"293,2235696352299","792,390015",4,1,2024-10-06
2024-10-06 17:00:00,"276,5565384688762","724,710022",4,1,2024-10-06
2024-10-06 18:00:00,"251,3174697186013","544,01001",4,1,2024-10-06
2024-10-06 19:00:00,"234,58068082733982","442,559998",4,1,2024-10-06
2024-10-06 20:00:00,"225,13530008354041","437,48999",4,1,2024-10-06
2024-10-06 21:00:00,"223,53681230371103","385,459991",4,1,2024-10-06
2024-10-06 22:00:00,"218,00066358132628","257,769989",4,1,2024-10-06
2024-10-06 23:00:00,"218,4317306637257","263,429993",4,1,2024-10-06
2024-10-07 00:00:00,"227,71436927598344","247,850006",4,2,2024-10-07
2024-10-07 01:00:00,"217,35928028519086","224,75",4,2,2024-10-07
2024-10-07 02:00:00,"213,02989302334515","260,529999",4,2,2024-10-07
2024-10-07 03:00:00,"211,64431551665567","291,910004",4,2,2024-10-07
2024-10-07 04:00:00,"205,8020660331191","335,369995",4,2,2024-10-07
2024-10-07 05:00:00,"229,87799240208778","378,299988",4,2,2024-10-07
2024-10-07 06:00:00,"272,793838532501","414,089996",4,2,2024-10-07
2024-10-07 07:00:00,"287,3237504206667","383,75",4,2,2024-10-07
2024-10-07 08:00:00,"291,27111462765384","372,420013",4,2,2024-10-07
2024-10-07 09:00:00,"293,6078080338778","356,309998",4,2,2024-10-07
2024-10-07 10:00:00,"293,688531883506","340,880005",4,2,2024-10-07
2024-10-07 11:00:00,"287,89255700613694","322,019989",4,2,2024-10-07
2024-10-07 12:00:00,"285,91321315179516","358,399994",4,2,2024-10-07
2024-10-07 13:00:00,"290,1526856784454","458,070007",4,2,2024-10-07
2024-10-07 14:00:00,"302,48809320031813","661,869995",4,2,2024-10-07
2024-10-07 15:00:00,"333,98396630064696","873,640015",4,2,2024-10-07
2024-10-07 16:00:00,"391,7884968473595","1405,060059",4,2,2024-10-07
2024-10-07 17:00:00,"406,0056824704557","1405,359985",4,2,2024-10-07
2024-10-07 18:00:00,"378,3525286057155","909,27002",4,2,2024-10-07
2024-10-07 19:00:00,"357,8238535928969","744,909973",4,2,2024-10-07
2024-10-07 20:00:00,"331,3993819402721","685,119995",4,2,2024-10-07
2024-10-07 21:00:00,"324,8273310365417","589,780029",4,2,2024-10-07
2024-10-07 22:00:00,"303,9712546994101","539,340027",4,2,2024-10-07
2024-10-07 23:00:00,"283,0297562352385","500,119995",4,2,2024-10-07
2024-10-08 00:00:00,"255,68142921913983","477,149994",4,2,2024-10-08
2024-10-08 01:00:00,"242,14334705615985","444,940002",4,2,2024-10-08
2024-10-08 02:00:00,"241,28494064004252","445,089996",4,2,2024-10-08
2024-10-08 03:00:00,"250,83084446478952","502,799988",4,2,2024-10-08
2024-10-08 04:00:00,"281,04480164018065","641,049988",4,2,2024-10-08
2024-10-08 05:00:00,"298,3660618921424","822,98999",4,2,2024-10-08
2024-10-08 06:00:00,"349,5409891472575","792,200012",4,2,2024-10-08
2024-10-08 07:00:00,"399,32887421981593","633,820007",4,2,2024-10-08
2024-10-08 08:00:00,"413,3697251684629","598,98999",4,2,2024-10-08
2024-10-08 09:00:00,"422,80720941540415","547,469971",4,2,2024-10-08
2024-10-08 10:00:00,"415,896275213752","495,940002",4,2,2024-10-08
2024-10-08 11:00:00,"415,5020297816905","529,200012",4,2,2024-10-08
2024-10-08 12:00:00,"411,7076566322046","565,140015",4,2,2024-10-08
2024-10-08 13:00:00,"405,89307576134513","578,119995",4,2,2024-10-08
2024-10-08 14:00:00,"486,29077937928065","754,539978",4,2,2024-10-08
2024-10-08 15:00:00,"576,0209497622225","942,080017",4,2,2024-10-08
2024-10-08 16:00:00,"588,0243030569865","1168,97998",4,2,2024-10-08
2024-10-08 17:00:00,"575,4509056972233","1254,209961",4,2,2024-10-08
2024-10-08 18:00:00,"529,7987049628324","853,119995",4,2,2024-10-08
2024-10-08 19:00:00,"472,52048667006943","707,640015",4,2,2024-10-08
2024-10-08 20:00:00,"424,25139855196505","645,75",4,2,2024-10-08
2024-10-08 21:00:00,"376,7143716732734","504,070007",4,2,2024-10-08
2024-10-08 22:00:00,"344,6872244188309","461,859985",4,2,2024-10-08
2024-10-08 23:00:00,"312,97562944912164","447,459991",4,2,2024-10-08
2024-10-09 00:00:00,"302,81682711586444","428,670013",4,2,2024-10-09
2024-10-09 01:00:00,"307,29861247949486","405,100006",4,2,2024-10-09
2024-10-09 02:00:00,"293,9465359825088","427,480011",4,2,2024-10-09
2024-10-09 03:00:00,"287,5568204879136","476,329987",4,2,2024-10-09
2024-10-09 04:00:00,"305,0889029330738","646,590027",4,2,2024-10-09
2024-10-09 05:00:00,"354,9946015786054","829,22998",4,2,2024-10-09
2024-10-09 06:00:00,"448,05975153077276","827,659973",4,2,2024-10-09
2024-10-09 07:00:00,"568,0409672964931","648,820007",4,2,2024-10-09
2024-10-09 08:00:00,"593,2861372700405","537,630005",4,2,2024-10-09
2024-10-09 09:00:00,"595,519949978408","446,720001",4,2,2024-10-09
2024-10-09 10:00:00,"580,0115171680895","445,970001",4,2,2024-10-09
2024-10-09 11:00:00,"575,9133238007588","446,350006",4,2,2024-10-09
2024-10-09 12:00:00,"568,4888526340884","504,369995",4,2,2024-10-09
2024-10-09 13:00:00,"584,9953242131885","575,51001",4,2,2024-10-09
2024-10-09 14:00:00,"604,8400716698299","708,48999",4,2,2024-10-09
2024-10-09 15:00:00,"613,866123104256","875,909973",4,2,2024-10-09
2024-10-09 16:00:00,"636,2131166965978","913,799988",4,2,2024-10-09
2024-10-09 17:00:00,"624,9769363925255","948,030029",4,2,2024-10-09
2024-10-09 18:00:00,"605,2074312215645","828,179993",4,2,2024-10-09
2024-10-09 19:00:00,"553,3224314571861","714,450012",4,2,2024-10-09
2024-10-09 20:00:00,"500,61528783352367","709,22998",4,2,2024-10-09
2024-10-09 21:00:00,"450,89119167796844","614,070007",4,2,2024-10-09
2024-10-09 22:00:00,"385,41587525437467","456,399994",4,2,2024-10-09
2024-10-09 23:00:00,"337,602214151851","349,73999",4,2,2024-10-09
2024-10-10 00:00:00,"317,8120591938695","281,559998",4,2,2024-10-10
2024-10-10 01:00:00,"296,47929307851075","238,679993",4,2,2024-10-10
2024-10-10 02:00:00,"280,53649966053484","221,070007",4,2,2024-10-10
2024-10-10 03:00:00,"277,8988020185216","295,359985",4,2,2024-10-10
2024-10-10 04:00:00,"292,460971163303","463,179993",4,2,2024-10-10
2024-10-10 05:00:00,"321,5054007626842","633,23999",4,2,2024-10-10
2024-10-10 06:00:00,"382,9750836898932","600,119995",4,2,2024-10-10
2024-10-10 07:00:00,"418,7216271968083","503,459991",4,2,2024-10-10
2024-10-10 08:00:00,"415,896275213752","387,920013",4,2,2024-10-10
2024-10-10 09:00:00,"409,18548978329187","290,369995",4,2,2024-10-10
2024-10-10 10:00:00,"389,0550119567046","163,270004",4,2,2024-10-10
2024-10-10 11:00:00,"370,93798993364214","118,889999",4,2,2024-10-10
2024-10-10 12:00:00,"361,1274652936216","149,25",4,2,2024-10-10
2024-10-10 13:00:00,"377,0988621443233","277,309998",4,2,2024-10-10
2024-10-10 14:00:00,"416,8396821826612","277,309998",4,2,2024-10-10
2024-10-10 15:00:00,"427,686580053004","285,140015",4,2,2024-10-10
2024-10-10 16:00:00,"441,765363122602","294,470001",4,2,2024-10-10
2024-10-10 17:00:00,"427,2531316083371","288,200012",4,2,2024-10-10
2024-10-10 18:00:00,"406,06645584544464","274,630005",4,2,2024-10-10
2024-10-10 19:00:00,"376,0716979739239","186,759995",4,2,2024-10-10
2024-10-10 20:00:00,"333,37771678032624","100,540001",4,2,2024-10-10
2024-10-10 21:00:00,"308,9309547361353","24,540001",4,2,2024-10-10
2024-10-10 22:00:00,"263,5205366257774","24,389999",4,2,2024-10-10
2024-10-10 23:00:00,"244,2860563248897","24,389999",4,2,2024-10-10
2024-10-11 00:00:00,"213,7038448395694","24,459999",4,2,2024-10-11
2024-10-11 01:00:00,"209,10477101867133","24,389999",4,2,2024-10-11
2024-10-11 02:00:00,"205,26189239329304","24,389999",4,2,2024-10-11
2024-10-11 03:00:00,"198,22701133038615","24,459999",4,2,2024-10-11
2024-10-11 04:00:00,"198,73430132571022","252,839996",4,2,2024-10-11
2024-10-11 05:00:00,"240,1697428626674","439,230011",4,2,2024-10-11
2024-10-11 06:00:00,"293,4904993367621","593,919983",4,2,2024-10-11
2024-10-11 07:00:00,"340,3622251277875","400,670013",4,2,2024-10-11
2024-10-11 08:00:00,"339,4614554433783","367,859985",4,2,2024-10-11
2024-10-11 09:00:00,"314,61303143320276","183,929993",4,2,2024-10-11
2024-10-11 10:00:00,"298,1807620741275","156,929993",4,2,2024-10-11
2024-10-11 11:00:00,"281,98502241488046","252,990005",4,2,2024-10-11
2024-10-11 12:00:00,"263,706595259388","251,949997",4,2,2024-10-11
2024-10-11 13:00:00,"264,20952899026156","298,119995",4,2,2024-10-11
2024-10-11 14:00:00,"289,02924339403484","298,859985",4,2,2024-10-11
2024-10-11 15:00:00,"316,1919960567329","496,660004",4,2,2024-10-11
2024-10-11 16:00:00,"351,3495797474548","939,330017",4,2,2024-10-11
2024-10-11 17:00:00,"342,6223256838218","1208,060059",4,2,2024-10-11
2024-10-11 18:00:00,"319,5124644856805","895,02002",4,2,2024-10-11
2024-10-11 19:00:00,"275,87458362120435","744,289978",4,2,2024-10-11
2024-10-11 20:00:00,"256,028524837604","733,98999",4,2,2024-10-11
2024-10-11 21:00:00,"245,13658726627003","655,080017",4,2,2024-10-11
2024-10-11 22:00:00,"224,05146175761442","672,190002",4,2,2024-10-11
2024-10-11 23:00:00,"219,7433180919774","592,580017",4,2,2024-10-11
2024-10-12 00:00:00,"210,35935451574454","563,929993",4,2,2024-10-12
2024-10-12 01:00:00,"210,82756152970802","559,75",4,2,2024-10-12
2024-10-12 02:00:00,"208,29271133436595","536,619995",4,2,2024-10-12
2024-10-12 03:00:00,"208,29271133436595","506,619995",4,2,2024-10-12
2024-10-12 04:00:00,"214,2036302041444","534,460022",4,2,2024-10-12
2024-10-12 05:00:00,"226,01026838372172","400,149994",4,2,2024-10-12
2024-10-12 06:00:00,"227,72645340655012","378,359985",4,2,2024-10-12
2024-10-12 07:00:00,"233,4613394703884","310,910004",4,2,2024-10-12
2024-10-12 08:00:00,"274,7843554474478","263,390015",4,2,2024-10-12
2024-10-12 09:00:00,"275,6195648870969","255,770004",4,2,2024-10-12
2024-10-12 10:00:00,"275,6195648870969","184,970001",4,2,2024-10-12
2024-10-12 11:00:00,"273,75266196839397","106,919998",4,2,2024-10-12
2024-10-12 12:00:00,"278,8898075615716","174,149994",4,2,2024-10-12
2024-10-12 13:00:00,"303,6709688081811","263,459991",4,2,2024-10-12
2024-10-12 14:00:00,"348,50254226300495","218,990005",4,2,2024-10-12
2024-10-12 15:00:00,"410,8054979667416","423,799988",4,2,2024-10-12
2024-10-12 16:00:00,"455,07559236343417","361,950012",4,2,2024-10-12
2024-10-12 17:00:00,"476,4739587693054","299,049988",4,2,2024-10-12
2024-10-12 18:00:00,"455,87085928091597","207,429993",4,2,2024-10-12
2024-10-12 19:00:00,"421,5712191555275","134,899994",4,2,2024-10-12
2024-10-12 20:00:00,"352,3170586925827","102,220001",4,2,2024-10-12
2024-10-12 21:00:00,"307,81336832946084","41,779999",4,2,2024-10-12
2024-10-12 22:00:00,"271,7406382171418","0,0",4,2,2024-10-12
2024-10-12 23:00:00,"245,80086440375837","-0,07",4,2,2024-10-12
2024-10-13 00:00:00,"223,361737599182","-0,52",4,2,2024-10-13
2024-10-13 01:00:00,"222,88733339616402","-2,76",4,2,2024-10-13
2024-10-13 02:00:00,"221,13880216991453","-3,81",4,2,2024-10-13
2024-10-13 03:00:00,"217,2349809189652","-0,67",4,2,2024-10-13
2024-10-13 04:00:00,"220,47147317307721","-0,07",4,2,2024-10-13
2024-10-13 05:00:00,"239,0718411168119","0,15",4,2,2024-10-13
2024-10-13 06:00:00,"257,3461862234885","20,52",4,2,2024-10-13
2024-10-13 07:00:00,"285,79164007231657","29,1",4,2,2024-10-13
2024-10-13 08:00:00,"283,1845032927018","36,630001",4,2,2024-10-13
2024-10-13 09:00:00,"280,2306634585907","46,330002",4,2,2024-10-13
2024-10-13 10:00:00,"280,0242475403063","47,599998",4,2,2024-10-13
2024-10-13 11:00:00,"266,972164291517","52,970001",4,2,2024-10-13
2024-10-13 12:00:00,"264,47119888946264","59,09",4,2,2024-10-13
2024-10-13 13:00:00,"260,684469896069","94,610001",4,2,2024-10-13
2024-10-13 14:00:00,"283,38590628335976","118,260002",4,2,2024-10-13
2024-10-13 15:00:00,"285,13745840285907","156,240005",4,2,2024-10-13
2024-10-13 16:00:00,"286,9993524118419","260,920013",4,2,2024-10-13
2024-10-13 17:00:00,"264,68791806228654","373,799988",4,2,2024-10-13
2024-10-13 18:00:00,"237,9969863267359","294,790009",4,2,2024-10-13
2024-10-13 19:00:00,"218,96789917016486","286,730011",4,2,2024-10-13
2024-10-13 20:00:00,"208,66032685078468","299,410004",4,2,2024-10-13
2024-10-13 21:00:00,"206,01211464487986","274,640015",4,2,2024-10-13
2024-10-13 22:00:00,"202,35962132417473","276,809998",4,2,2024-10-13
2024-10-13 23:00:00,"203,2542909522466","263,0",4,2,2024-10-13
2024-10-14 00:00:00,"225,02116185532188","262,410004",4,3,2024-10-14
2024-10-14 01:00:00,"216,31652061363684","256,359985",4,3,2024-10-14
2024-10-14 02:00:00,"218,60509996294954","293,450012",4,3,2024-10-14
2024-10-14 03:00:00,"222,4952832624414","464,079987",4,3,2024-10-14
2024-10-14 04:00:00,"224,04578696393733","736,710022",4,3,2024-10-14
2024-10-14 05:00:00,"246,72478591202605","973,900024",4,3,2024-10-14
2024-10-14 06:00:00,"282,05651185894004","1142,449951",4,3,2024-10-14
2024-10-14 07:00:00,"297,1454450996856","879,960022",4,3,2024-10-14
2024-10-14 08:00:00,"301,9820566772588","753,200012",4,3,2024-10-14
2024-10-14 09:00:00,"308,3082035171707","695,599976",4,3,2024-10-14
2024-10-14 10:00:00,"303,30562244447606","643,450012",4,3,2024-10-14
2024-10-14 11:00:00,"301,0977655792223","616,289978",4,3,2024-10-14
2024-10-14 12:00:00,"301,4018598937841","553,320007",4,3,2024-10-14
2024-10-14 13:00:00,"306,82315500589675","649,710022",4,3,2024-10-14
2024-10-14 14:00:00,"318,131285102312","789,309998",4,3,2024-10-14
2024-10-14 15:00:00,"337,7270291753501","1182,660034",4,3,2024-10-14
2024-10-14 16:00:00,"391,89668791368473","1865,280029",4,3,2024-10-14
2024-10-14 17:00:00,"406,14244932374515","1964,290039",4,3,2024-10-14
2024-10-14 18:00:00,"380,55512645004995","1178,859985",4,3,2024-10-14
2024-10-14 19:00:00,"359,5592676736615","851,460022",4,3,2024-10-14
2024-10-14 20:00:00,"332,57058476963033","743,580017",4,3,2024-10-14
2024-10-14 21:00:00,"324,02135103401423","707,309998",4,3,2024-10-14
2024-10-14 22:00:00,"301,73724587934925","680,679993",4,3,2024-10-14
2024-10-14 23:00:00,"283,106949450074","645,320007",4,3,2024-10-14
2024-10-15 00:00:00,"255,04306670990513","659,190002",4,3,2024-10-15
2024-10-15 01:00:00,"241,53107706135444","627,039978",4,3,2024-10-15
2024-10-15 02:00:00,"241,28494064004252","602,859985",4,3,2024-10-15
2024-10-15 03:00:00,"251,27527905755693","667,849976",4,3,2024-10-15
2024-10-15 04:00:00,"285,3652175405454","854,530029",4,3,2024-10-15
2024-10-15 05:00:00,"305,59558820588006","1383,22998",4,3,2024-10-15
2024-10-15 06:00:00,"355,0544074001057","1317,719971",4,3,2024-10-15
2024-10-15 07:00:00,"409,09785292740526","824,76001",4,3,2024-10-15
2024-10-15 08:00:00,"424,6813150387317","692,02002",4,3,2024-10-15
2024-10-15 09:00:00,"430,0682687013395","619,650024",4,3,2024-10-15
2024-10-15 10:00:00,"428,8280083290682","585,47998",4,3,2024-10-15
2024-10-15 11:00:00,"428,8280083290682","535,340027",4,3,2024-10-15
2024-10-15 12:00:00,"423,6189532334653","566,299988",4,3,2024-10-15
2024-10-15 13:00:00,"420,0232193079389","621,960022",4,3,2024-10-15
2024-10-15 14:00:00,"502,08653466203737","664,27002",4,3,2024-10-15
2024-10-15 15:00:00,"576,1225699420684","900,48999",4,3,2024-10-15
2024-10-15 16:00:00,"587,9891563835428","1020,609985",4,3,2024-10-15
2024-10-15 17:00:00,"575,7721072335058","726,049988",4,3,2024-10-15
2024-10-15 18:00:00,"530,036489350357","568,98999",4,3,2024-10-15
2024-10-15 19:00:00,"473,01718429210774","497,290009",4,3,2024-10-15
2024-10-15 20:00:00,"431,3129248019796","445,059998",4,3,2024-10-15
2024-10-15 21:00:00,"380,072321211275","304,269989",4,3,2024-10-15
2024-10-15 22:00:00,"345,38784556508085","174,210007",4,3,2024-10-15
2024-10-15 23:00:00,"313,1246729839779","95,5",4,3,2024-10-15
2024-10-16 00:00:00,"302,0917803605025","39,540001",4,3,2024-10-16
2024-10-16 01:00:00,"306,4814365755791","26,93",4,3,2024-10-16
2024-10-16 02:00:00,"288,28488464905985","24,25",4,3,2024-10-16
2024-10-16 03:00:00,"275,36713203910705","61,18",4,3,2024-10-16
2024-10-16 04:00:00,"284,3942781852291","301,049988",4,3,2024-10-16
2024-10-16 05:00:00,"328,52322680089674","353,720001",4,3,2024-10-16
2024-10-16 06:00:00,"410,8342909265498","406,23999",4,3,2024-10-16
2024-10-16 07:00:00,"523,4837850277885","354,76001",4,3,2024-10-16
2024-10-16 08:00:00,"569,7093697621017","199,059998",4,3,2024-10-16
2024-10-16 09:00:00,"574,7213143485329","105,650002",4,3,2024-10-16
2024-10-16 10:00:00,"563,4149013721074","30,51",4,3,2024-10-16
2024-10-16 11:00:00,"555,3101803483188","22,01",4,3,2024-10-16
2024-10-16 12:00:00,"544,6814041087122","30,809999",4,3,2024-10-16
2024-10-16 13:00:00,"553,6522287071452","104,830002",4,3,2024-10-16
2024-10-16 14:00:00,"578,891285862786","123,550003",4,3,2024-10-16
2024-10-16 15:00:00,"587,4527916259063","263,0",4,3,2024-10-16
2024-10-16 16:00:00,"608,9034815680787","277,470001",4,3,2024-10-16
2024-10-16 17:00:00,"583,1157603648438","272,470001",4,3,2024-10-16
2024-10-16 18:00:00,"548,1808903360711","267,470001",4,3,2024-10-16
2024-10-16 19:00:00,"512,7456014836858","85,730003",4,3,2024-10-16
2024-10-16 20:00:00,"456,3470332647552","37,830002",4,3,2024-10-16
2024-10-16 21:00:00,"420,2501067812947","37,75",4,3,2024-10-16
2024-10-16 22:00:00,"360,6266997828194","24,549999",4,3,2024-10-16
2024-10-16 23:00:00,"311,0937133887048","24,549999",4,3,2024-10-16
2024-10-17 00:00:00,"291,3491666465248","24,549999",4,3,2024-10-17
2024-10-17 01:00:00,"270,04830433568884","24,469999",4,3,2024-10-17
2024-10-17 02:00:00,"253,23226313576382","24,4",4,3,2024-10-17
2024-10-17 03:00:00,"259,3700711203104","24,469999",4,3,2024-10-17
2024-10-17 04:00:00,"275,34911014077335","261,730011",4,3,2024-10-17
2024-10-17 05:00:00,"311,828641505067","298,660004",4,3,2024-10-17
2024-10-17 06:00:00,"372,9369388844299","306,790009",4,3,2024-10-17
2024-10-17 07:00:00,"413,83355565838406","301,869995",4,3,2024-10-17
2024-10-17 08:00:00,"413,2960670421746","286,940002",4,3,2024-10-17
2024-10-17 09:00:00,"404,39046236162795","287,089996",4,3,2024-10-17
2024-10-17 10:00:00,"379,22590431371816","290,670013",4,3,2024-10-17
2024-10-17 11:00:00,"365,3473903271971","305,299988",4,3,2024-10-17
2024-10-17 12:00:00,"359,8615308599052","322,980011",4,3,2024-10-17
2024-10-17 13:00:00,"377,22851110608514","474,140015",4,3,2024-10-17
2024-10-17 14:00:00,"415,7124084782742","691,469971",4,3,2024-10-17
2024-10-17 15:00:00,"429,7138429323105","893,059998",4,3,2024-10-17
2024-10-17 16:00:00,"452,1840799574195","1292,290039",4,3,2024-10-17
2024-10-17 17:00:00,"458,5112611974344","1275,810059",4,3,2024-10-17
2024-10-17 18:00:00,"443,3045939130824","876,650024",4,3,2024-10-17
2024-10-17 19:00:00,"410,9163163260977","729,75",4,3,2024-10-17
2024-10-17 20:00:00,"347,02090093183944","664,390015",4,3,2024-10-17
2024-10-17 21:00:00,"321,7466065673053","613,359985",4,3,2024-10-17
2024-10-17 22:00:00,"278,3027546396104","603,929993",4,3,2024-10-17
2024-10-17 23:00:00,"257,6207863634155","605,5",4,3,2024-10-17
2024-10-18 00:00:00,"242,32307287531012","617,210022",4,3,2024-10-18
2024-10-18 01:00:00,"234,98199870073822","588,190002",4,3,2024-10-18
2024-10-18 02:00:00,"234,98199870073822","605,72998",4,3,2024-10-18
2024-10-18 03:00:00,"234,98199870073822","629,22998",4,3,2024-10-18
2024-10-18 04:00:00,"234,98199870073822","737,780029",4,3,2024-10-18
2024-10-18 05:00:00,"263,40535808804015","1117,449951",4,3,2024-10-18
2024-10-18 06:00:00,"306,069268644538","1165,640015",4,3,2024-10-18
2024-10-18 07:00:00,"363,03695533068026","828,130005",4,3,2024-10-18
2024-10-18 08:00:00,"356,019991583995","714,429993",4,3,2024-10-18
2024-10-18 09:00:00,"333,26320998178016","636,390015",4,3,2024-10-18
2024-10-18 10:00:00,"325,08119446367795","618,929993",4,3,2024-10-18
2024-10-18 11:00:00,"311,0828986098459","598,340027",4,3,2024-10-18
2024-10-18 12:00:00,"295,66182267541444","605,72998",4,3,2024-10-18
2024-10-18 13:00:00,"287,7085167947212","629,22998",4,3,2024-10-18
2024-10-18 14:00:00,"301,46948050095904","770,599976",4,3,2024-10-18
2024-10-18 15:00:00,"339,39316239160604","997,26001",4,3,2024-10-18
2024-10-18 16:00:00,"370,37322150557424","1352,459961",4,3,2024-10-18
2024-10-18 17:00:00,"361,6978182731953","1063,72998",4,3,2024-10-18
2024-10-18 18:00:00,"338,7024823010974","770,309998",4,3,2024-10-18
2024-10-18 19:00:00,"303,78125862792206","722,409973",4,3,2024-10-18
2024-10-18 20:00:00,"289,5820464984749","695,77002",4,3,2024-10-18
2024-10-18 21:00:00,"267,2202738091864","638,179993",4,3,2024-10-18
2024-10-18 22:00:00,"244,12334510787974","649,27002",4,3,2024-10-18
2024-10-18 23:00:00,"230,62898649175284","619,210022",4,3,2024-10-18
2024-10-19 00:00:00,"224,49513584790972","595,940002",4,3,2024-10-19
2024-10-19 01:00:00,"221,1318868243203","561,27002",4,3,2024-10-19
2024-10-19 02:00:00,"220,43145507980807","565,809998",4,3,2024-10-19
2024-10-19 03:00:00,"221,27355171151652","572,530029",4,3,2024-10-19
2024-10-19 04:00:00,"221,53246494603027","596,619995",4,3,2024-10-19
2024-10-19 05:00:00,"226,62234482458285","685,440002",4,3,2024-10-19
2024-10-19 06:00:00,"233,34504914949054","668,659973",4,3,2024-10-19
2024-10-19 07:00:00,"243,31776261817774","630,919983",4,3,2024-10-19
2024-10-19 08:00:00,"280,3570456197696","587,669983",4,3,2024-10-19
2024-10-19 09:00:00,"288,3388282647603","546,799988",4,3,2024-10-19
2024-10-19 10:00:00,"292,10219751883176","493,399994",4,3,2024-10-19
2024-10-19 11:00:00,"294,4801684213006","454,619995",4,3,2024-10-19
2024-10-19 12:00:00,"299,85145905137375","476,470001",4,3,2024-10-19
2024-10-19 13:00:00,"325,5412304193216","589,679993",4,3,2024-10-19
2024-10-19 14:00:00,"371,84250598568747","731,52002",4,3,2024-10-19
2024-10-19 15:00:00,"431,4583368536001","813,929993",4,3,2024-10-19
2024-10-19 16:00:00,"489,23094236109813","1012,900024",4,3,2024-10-19
2024-10-19 17:00:00,"507,61888007652396","886,940002",4,3,2024-10-19
2024-10-19 18:00:00,"490,9287091262223","721,900024",4,3,2024-10-19
2024-10-19 19:00:00,"455,7131012898319","672,530029",4,3,2024-10-19
2024-10-19 20:00:00,"391,36983129417627","625,179993",4,3,2024-10-19
2024-10-19 21:00:00,"333,5273605204349","546,869995",4,3,2024-10-19
2024-10-19 22:00:00,"292,5971417483746","403,059998",4,3,2024-10-19
2024-10-19 23:00:00,"263,85586413473794","409,470001",4,3,2024-10-19
2024-10-20 00:00:00,"243,15925956641098","407,079987",4,3,2024-10-20
2024-10-20 01:00:00,"237,3495314705372","417,0",4,3,2024-10-20
2024-10-20 02:00:00,"236,94809056380657","444,450012",4,3,2024-10-20
2024-10-20 03:00:00,"233,25426990382212","241,880005",4,3,2024-10-20
2024-10-20 04:00:00,"236,39017052735065","240,389999",4,3,2024-10-20
2024-10-20 05:00:00,"242,03912377831654","291,329987",4,3,2024-10-20
2024-10-20 06:00:00,"264,3635994255067","359,950012",4,3,2024-10-20
2024-10-20 07:00:00,"293,6984731072881","341,230011",4,3,2024-10-20
2024-10-20 08:00:00,"292,6092554221462","47,509998",4,3,2024-10-20
2024-10-20 09:00:00,"289,14550661214906","0,6",4,3,2024-10-20
2024-10-20 10:00:00,"285,3627333525865","0,0",4,3,2024-10-20
2024-10-20 11:00:00,"276,0840831743221","-7,31",4,3,2024-10-20
2024-10-20 12:00:00,"275,0235959884828","-14,99",4,3,2024-10-20
2024-10-20 13:00:00,"267,17720517513004","0,0",4,3,2024-10-20
2024-10-20 14:00:00,"288,3059784953675","38,040001",4,3,2024-10-20
2024-10-20 15:00:00,"293,23371850618776","413,570007",4,3,2024-10-20
2024-10-20 16:00:00,"291,2328229642468","318,25",4,3,2024-10-20
2024-10-20 17:00:00,"265,0554567469503","268,950012",4,3,2024-10-20
2024-10-20 18:00:00,"237,89758433236426","252,919998",4,3,2024-10-20
2024-10-20 19:00:00,"218,96789917016486","156,259995",4,3,2024-10-20
2024-10-20 20:00:00,"208,66032685078468","90,620003",4,3,2024-10-20
2024-10-20 21:00:00,"206,01211464487986","14,39",4,3,2024-10-20
2024-10-20 22:00:00,"201,7998839583806","-0,75",4,3,2024-10-20
2024-10-20 23:00:00,"201,441363912711","-0,75",4,3,2024-10-20
2024-10-21 00:00:00,"67,69682472930467","-1,04",4,4,2024-10-21
2024-10-21 01:00:00,"97,85241998711379","-0,6",4,4,2024-10-21
2024-10-21 02:00:00,"122,77133699722492","-0,3",4,4,2024-10-21
2024-10-21 03:00:00,"132,168200877422","24,24",4,4,2024-10-21
2024-10-21 04:00:00,"143,88301877022184","32,59",4,4,2024-10-21
2024-10-21 05:00:00,"189,39490706910402","301,170013",4,4,2024-10-21
2024-10-21 06:00:00,"251,66783827768646","292,070007",4,4,2024-10-21
2024-10-21 07:00:00,"287,66957683268544","240,160004",4,4,2024-10-21
2024-10-21 08:00:00,"291,27111462765384","215,399994",4,4,2024-10-21
2024-10-21 09:00:00,"293,7930842097345","208,690002",4,4,2024-10-21
2024-10-21 10:00:00,"293,4454743353568","188,479996",4,4,2024-10-21
2024-10-21 11:00:00,"287,6494994579877","209,729996",4,4,2024-10-21
2024-10-21 12:00:00,"285,70679723351077","168,710007",4,4,2024-10-21
2024-10-21 13:00:00,"286,5682579334839","434,609985",4,4,2024-10-21
2024-10-21 14:00:00,"297,98333463799133","670,289978",4,4,2024-10-21
2024-10-21 15:00:00,"321,12645209995094","969,900024",4,4,2024-10-21
2024-10-21 16:00:00,"376,53290191126985","1582,319946",4,4,2024-10-21
2024-10-21 17:00:00,"401,1366535774209","1404,810059",4,4,2024-10-21
2024-10-21 18:00:00,"376,3305016880487","957,969971",4,4,2024-10-21
2024-10-21 19:00:00,"358,3954726880054","750,320007",4,4,2024-10-21
2024-10-21 20:00:00,"330,78473978143927","729,440002",4,4,2024-10-21
2024-10-21 21:00:00,"324,5895466490171","693,419983",4,4,2024-10-21
2024-10-21 22:00:00,"304,12289261601825","666,929993",4,4,2024-10-21
2024-10-21 23:00:00,"283,0297562352385","652,76001",4,4,2024-10-21
2024-10-22 00:00:00,"255,68142921913983","639,109985",4,4,2024-10-22
2024-10-22 01:00:00,"242,14334705615985","623,52002",4,4,2024-10-22
2024-10-22 02:00:00,"242,0909206425701","619,190002",4,4,2024-10-22
2024-10-22 03:00:00,"251,77197667959533","641,419983",4,4,2024-10-22
2024-10-22 04:00:00,"285,60300192807","731,960022",4,4,2024-10-22
2024-10-22 05:00:00,"303,6430624399129","1182,300049",4,4,2024-10-22
2024-10-22 06:00:00,"355,03874309967784","1268,819946",4,4,2024-10-22
2024-10-22 07:00:00,"409,7371094299583","846,080017",4,4,2024-10-22
2024-10-22 08:00:00,"425,2968824422437","740,02002",4,4,2024-10-22
2024-10-22 09:00:00,"427,07903424635913","654,469971",4,4,2024-10-22
2024-10-22 10:00:00,"415,14247629341054","575,109985",4,4,2024-10-22
2024-10-22 11:00:00,"412,3897085800413","528,650024",4,4,2024-10-22
2024-10-22 12:00:00,"402,37381460504673","548,409973",4,4,2024-10-22
2024-10-22 13:00:00,"394,4260267712805","649,469971",4,4,2024-10-22
2024-10-22 14:00:00,"484,0544293205324","289,380005",4,4,2024-10-22
2024-10-22 15:00:00,"565,5976013757735","759,109985",4,4,2024-10-22
2024-10-22 16:00:00,"574,9363632347308","1043,579956",4,4,2024-10-22
2024-10-22 17:00:00,"559,8880640971314","1176,560059",4,4,2024-10-22
2024-10-22 18:00:00,"493,6438342441942","850,400024",4,4,2024-10-22
2024-10-22 19:00:00,"400,4655161172784","697,72998",4,4,2024-10-22
2024-10-22 20:00:00,"336,0899558949103","713,919983",4,4,2024-10-22
2024-10-22 21:00:00,"322,9037617573973","658,950012",4,4,2024-10-22
2024-10-22 22:00:00,"311,73638632409677","561,400024",4,4,2024-10-22
2024-10-22 23:00:00,"295,41348416882624","620,690002",4,4,2024-10-22
2024-10-23 00:00:00,"291,9105729648169","611,669983",4,4,2024-10-23
2024-10-23 01:00:00,"295,6642219400936","620,539978",4,4,2024-10-23
2024-10-23 02:00:00,"284,2325215376987","639,859985",4,4,2024-10-23
2024-10-23 03:00:00,"281,10632355469954","675,950012",4,4,2024-10-23
2024-10-23 04:00:00,"301,06722855463744","780,950012",4,4,2024-10-23
2024-10-23 05:00:00,"349,02284917747465","1025,329956",4,4,2024-10-23
2024-10-23 06:00:00,"445,72103054034966","1205,72998",4,4,2024-10-23
2024-10-23 07:00:00,"567,2199421053223","957,690002",4,4,2024-10-23
2024-10-23 08:00:00,"595,119641078985","776,330017",4,4,2024-10-23
2024-10-23 09:00:00,"592,4670293422444","693,700012",4,4,2024-10-23
2024-10-23 10:00:00,"576,3335448043559","600,929993",4,4,2024-10-23
2024-10-23 11:00:00,"570,9583333366365","574,75",4,4,2024-10-23
2024-10-23 12:00:00,"563,3210137835969","562,450012",4,4,2024-10-23
2024-10-23 13:00:00,"574,8227208542904","657,830017",4,4,2024-10-23
2024-10-23 14:00:00,"602,6828184117861","696,22998",4,4,2024-10-23
2024-10-23 15:00:00,"612,5716103688111","1009,669983",4,4,2024-10-23
2024-10-23 16:00:00,"630,2496269535154","1479,349976",4,4,2024-10-23
2024-10-23 17:00:00,"619,9811540598495","1312,52002",4,4,2024-10-23
2024-10-23 18:00:00,"597,715734108011","833,080017",4,4,2024-10-23
2024-10-23 19:00:00,"546,1570882969063","754,849976",4,4,2024-10-23
2024-10-23 20:00:00,"485,7533145484424","767,599976",4,4,2024-10-23
2024-10-23 21:00:00,"451,05589951325254","694,73999",4,4,2024-10-23
2024-10-23 22:00:00,"399,9780508641394","647,059998",4,4,2024-10-23
2024-10-23 23:00:00,"337,7038343316967","597,460022",4,4,2024-10-23
2024-10-24 00:00:00,"318,6292350977853","582,469971",4,4,2024-10-24
2024-10-24 01:00:00,"297,20433983387267","564,349976",4,4,2024-10-24
2024-10-24 02:00:00,"281,47763187534053","532,200012",4,4,2024-10-24
2024-10-24 03:00:00,"278,8399342333273","597,909973",4,4,2024-10-24
2024-10-24 04:00:00,"293,97372247321715","748,409973",4,4,2024-10-24
2024-10-24 05:00:00,"321,8060526338948","1057,98999",4,4,2024-10-24
2024-10-24 06:00:00,"386,95126166892857","1233,47998",4,4,2024-10-24
2024-10-24 07:00:00,"425,56108721794334","874,820007",4,4,2024-10-24
2024-10-24 08:00:00,"427,17402200859493","760,049988",4,4,2024-10-24
2024-10-24 09:00:00,"420,64448787325824","693,969971",4,4,2024-10-24
2024-10-24 10:00:00,"407,6124433036061","626,169983",4,4,2024-10-24
2024-10-24 11:00:00,"382,1143568877662","590,299988",4,4,2024-10-24
2024-10-24 12:00:00,"379,38273524199826","607,900024",4,4,2024-10-24
2024-10-24 13:00:00,"393,6846234076247","713,72998",4,4,2024-10-24
2024-10-24 14:00:00,"417,3069828435429","866,400024",4,4,2024-10-24
2024-10-24 15:00:00,"437,3503147892705","921,659973",4,4,2024-10-24
2024-10-24 16:00:00,"453,82654021436747","1034,430054",4,4,2024-10-24
2024-10-24 17:00:00,"459,73238922300953","851,630005",4,4,2024-10-24
2024-10-24 18:00:00,"444,17383984869025","720,52002",4,4,2024-10-24
2024-10-24 19:00:00,"410,9163163260977","698,369995",4,4,2024-10-24
2024-10-24 20:00:00,"347,56516172323194","670,47998",4,4,2024-10-24
2024-10-24 21:00:00,"316,8026699396849","623,559998",4,4,2024-10-24
2024-10-24 22:00:00,"274,24302869294775","615,460022",4,4,2024-10-24
2024-10-24 23:00:00,"256,18307976005707","612,25",4,4,2024-10-24
2024-10-25 00:00:00,"237,86182848733935","594,48999",4,4,2024-10-25
2024-10-25 01:00:00,"231,84928615525038","616,200012",4,4,2024-10-25
2024-10-25 02:00:00,"229,40336044675885","630,150024",4,4,2024-10-25
2024-10-25 03:00:00,"228,70561863472184","705,650024",4,4,2024-10-25
2024-10-25 04:00:00,"231,3586921213087","812,700012",4,4,2024-10-25
2024-10-25 05:00:00,"261,2778780455586","923,190002",4,4,2024-10-25
2024-10-25 06:00:00,"306,2183121793943","1123,410034",4,4,2024-10-25
2024-10-25 07:00:00,"363,5190510228484","913,340027",4,4,2024-10-25
2024-10-25 08:00:00,"355,9183714041493","806,809998",4,4,2024-10-25
2024-10-25 09:00:00,"332,7978455875776","700,5",4,4,2024-10-25
2024-10-25 10:00:00,"324,1730914598767","604,859985",4,4,2024-10-25
2024-10-25 11:00:00,"307,71195565454013","583,22998",4,4,2024-10-25
2024-10-25 12:00:00,"295,65993257667293","615,22998",4,4,2024-10-25
2024-10-25 13:00:00,"287,671480022536","741,01001",4,4,2024-10-25
2024-10-25 14:00:00,"301,43433382751533","880,51001",4,4,2024-10-25
2024-10-25 15:00:00,"339,35801571816233","1184,140015",4,4,2024-10-25
2024-10-25 16:00:00,"369,27821331481823","1695,829956",4,4,2024-10-25
2024-10-25 17:00:00,"362,2643304624091","1379,0",4,4,2024-10-25
2024-10-25 18:00:00,"339,6436145159031","924,01001",4,4,2024-10-25
2024-10-25 19:00:00,"304,27795624996037","867,530029",4,4,2024-10-25
2024-10-25 20:00:00,"290,0787441205132","850,150024",4,4,2024-10-25
2024-10-25 21:00:00,"270,3629472179378","801,210022",4,4,2024-10-25
2024-10-25 22:00:00,"244,9460667304737","860,150024",4,4,2024-10-25
2024-10-25 23:00:00,"230,5517932769173","818,0",4,4,2024-10-25
2024-10-26 00:00:00,"225,3062533870099","797,929993",4,4,2024-10-26
2024-10-26 01:00:00,"221,94300436342047","804,200012",4,4,2024-10-26
2024-10-26 02:00:00,"221,94300436342047","788,599976",4,4,2024-10-26
2024-10-26 03:00:00,"221,94300436342047","796,960022",4,4,2024-10-26
2024-10-26 04:00:00,"221,94300436342047","850,0",4,4,2024-10-26
2024-10-26 05:00:00,"226,74735245155094","937,890015",4,4,2024-10-26
2024-10-26 06:00:00,"233,35454018078235","940,059998",4,4,2024-10-26
2024-10-26 07:00:00,"245,02103221082325","877,159973",4,4,2024-10-26
2024-10-26 08:00:00,"286,4407530117046","756,450012",4,4,2024-10-26
2024-10-26 09:00:00,"299,18190027041936","607,900024",4,4,2024-10-26
2024-10-26 10:00:00,"311,5500031578537","509,940002",4,4,2024-10-26
2024-10-26 11:00:00,"307,7254670347104","472,269989",4,4,2024-10-26
2024-10-26 12:00:00,"312,19054475972376","481,589996",4,4,2024-10-26
2024-10-26 13:00:00,"330,3206381495811","607,599976",4,4,2024-10-26
2024-10-26 14:00:00,"384,7083053631542","750,549988",4,4,2024-10-26
2024-10-26 15:00:00,"437,77713142291","938,039978",4,4,2024-10-26
2024-10-26 16:00:00,"488,1809298583006","1125,829956",4,4,2024-10-26
2024-10-26 17:00:00,"513,7281340565193","885,890015",4,4,2024-10-26
2024-10-26 18:00:00,"506,00634362966144","719,809998",4,4,2024-10-26
2024-10-26 19:00:00,"477,84730617185534","662,219971",4,4,2024-10-26
2024-10-26 20:00:00,"411,9961231249332","652,820007",4,4,2024-10-26
2024-10-26 21:00:00,"349,3618770542748","571,719971",4,4,2024-10-26
2024-10-26 22:00:00,"295,75679624380996","688,119995",4,4,2024-10-26
2024-10-26 23:00:00,"263,4909461721257","626,780029",4,4,2024-10-26
2024-10-27 00:00:00,"242,9122192267961","613,570007",4,4,2024-10-27
2024-10-27 01:00:00,"232,25441085549988","600,140015",4,4,2024-10-27
2024-10-27 02:00:00,"228,24989492694914","592,530029",4,4,2024-10-27
2024-10-27 03:00:00,"224,56323428122357","587,900024",4,4,2024-10-27
2024-10-27 04:00:00,"228,31898501880943","635,289978",4,4,2024-10-27
2024-10-27 05:00:00,"238,02808794070097","665,659973",4,4,2024-10-27
2024-10-27 06:00:00,"259,83674550869074","657,0",4,4,2024-10-27
2024-10-27 07:00:00,"289,6988795144383","629,320007",4,4,2024-10-27
2024-10-27 08:00:00,"289,8479465656534","496,049988",4,4,2024-10-27
2024-10-27 09:00:00,"290,9048342219841","408,299988",4,4,2024-10-27
2024-10-27 10:00:00,"294,23494120333294","317,119995",4,4,2024-10-27
2024-10-27 11:00:00,"284,8085782870428","298,390015",4,4,2024-10-27
2024-10-27 12:00:00,"279,76921248389715","298,470001",4,4,2024-10-27
2024-10-27 13:00:00,"267,02241908490873","480,01001",4,4,2024-10-27
2024-10-27 14:00:00,"282,0474376997485","753,109985",4,4,2024-10-27
2024-10-27 15:00:00,"283,87065678923824","878,97998",4,4,2024-10-27
2024-10-27 16:00:00,"285,94652469358766","1106,569946",4,4,2024-10-27
2024-10-27 17:00:00,"276,28647356956935","1087,23999",4,4,2024-10-27
2024-10-27 18:00:00,"255,0696900039636","973,52002",4,4,2024-10-27
2024-10-27 19:00:00,"243,0531912911896","881,299988",4,4,2024-10-27
2024-10-27 20:00:00,"234,32702747484223","831,159973",4,4,2024-10-27
2024-10-27 21:00:00,"234,32702747484223","820,48999",4,4,2024-10-27
2024-10-27 22:00:00,"233,8694721145609","651,109985",4,4,2024-10-27
2024-10-27 23:00:00,"233,6473841868231","713,340027",4,4,2024-10-27
