Time,Prediction,DKPrice,fold,week,Date
2024-01-01 00:00:00,"228,51154642286127","212,160004",1,1,2024-01-01
2024-01-01 01:00:00,"224,58354785682116","198,740005",1,1,2024-01-01
2024-01-01 02:00:00,"223,8289251248446","182,490005",1,1,2024-01-01
2024-01-01 03:00:00,"219,3575268336281","178,990005",1,1,2024-01-01
2024-01-01 04:00:00,"227,24797627379792","118,379997",1,1,2024-01-01
2024-01-01 05:00:00,"278,38119829914785","118,309998",1,1,2024-01-01
2024-01-01 06:00:00,"341,6008357886347","164,300003",1,1,2024-01-01
2024-01-01 07:00:00,"403,0100463069451","189,5",1,1,2024-01-01
2024-01-01 08:00:00,"416,5003084077767","240,119995",1,1,2024-01-01
2024-01-01 09:00:00,"422,1084952246214","308,179993",1,1,2024-01-01
2024-01-01 10:00:00,"405,6623394644858","324,359985",1,1,2024-01-01
2024-01-01 11:00:00,"386,4249566026727","320,700012",1,1,2024-01-01
2024-01-01 12:00:00,"377,3754036282956","330,170013",1,1,2024-01-01
2024-01-01 13:00:00,"397,0426095818968","344,709991",1,1,2024-01-01
2024-01-01 14:00:00,"419,6161176174508","377,290009",1,1,2024-01-01
2024-01-01 15:00:00,"436,1792839271955","443,329987",1,1,2024-01-01
2024-01-01 16:00:00,"476,86859188566046","484,480011",1,1,2024-01-01
2024-01-01 17:00:00,"511,57472604571973","460,26001",1,1,2024-01-01
2024-01-01 18:00:00,"521,0734152653057","410,529999",1,1,2024-01-01
2024-01-01 19:00:00,"489,6583358011575","357,899994",1,1,2024-01-01
2024-01-01 20:00:00,"453,7436322047447","328,079987",1,1,2024-01-01
2024-01-01 21:00:00,"426,3226551341962","336,959991",1,1,2024-01-01
2024-01-01 22:00:00,"373,47958984679605","283,279999",1,1,2024-01-01
2024-01-01 23:00:00,"356,3365201427311","283,279999",1,1,2024-01-01
2024-01-02 00:00:00,"342,09935125847664","250,179993",1,1,2024-01-02
2024-01-02 01:00:00,"329,31423467623597","238,779999",1,1,2024-01-02
2024-01-02 02:00:00,"321,93706052167425","240,710007",1,1,2024-01-02
2024-01-02 03:00:00,"329,2315914322166","273,589996",1,1,2024-01-02
2024-01-02 04:00:00,"338,49869754452715","311,01001",1,1,2024-01-02
2024-01-02 05:00:00,"398,8045275603888","366,630005",1,1,2024-01-02
2024-01-02 06:00:00,"442,0062048895059","437,970001",1,1,2024-01-02
2024-01-02 07:00:00,"547,3748421150973","489,549988",1,1,2024-01-02
2024-01-02 08:00:00,"556,3880983130996","492,829987",1,1,2024-01-02
2024-01-02 09:00:00,"551,5558322368722","514,22998",1,1,2024-01-02
2024-01-02 10:00:00,"539,88259279823","548,219971",1,1,2024-01-02
2024-01-02 11:00:00,"535,8191545447006","582,659973",1,1,2024-01-02
2024-01-02 12:00:00,"523,9666426978381","587,960022",1,1,2024-01-02
2024-01-02 13:00:00,"524,0265709868507","590,719971",1,1,2024-01-02
2024-01-02 14:00:00,"642,5752277827188","596,080017",1,1,2024-01-02
2024-01-02 15:00:00,"664,9884092849882","607,26001",1,1,2024-01-02
2024-01-02 16:00:00,"676,6305261730623","603,23999",1,1,2024-01-02
2024-01-02 17:00:00,"662,4314861574993","558,72998",1,1,2024-01-02
2024-01-02 18:00:00,"580,0272102789065","470,98999",1,1,2024-01-02
2024-01-02 19:00:00,"494,0169922863578","425,73999",1,1,2024-01-02
2024-01-02 20:00:00,"423,36756693986496","358,130005",1,1,2024-01-02
2024-01-02 21:00:00,"372,33261461686334","298,190002",1,1,2024-01-02
2024-01-02 22:00:00,"345,74566844292434","223,639999",1,1,2024-01-02
2024-01-02 23:00:00,"325,1554056747079","149,100006",1,1,2024-01-02
2024-01-03 00:00:00,"306,1362855357364","118,309998",1,1,2024-01-03
2024-01-03 01:00:00,"302,5910186950406","118,389999",1,1,2024-01-03
2024-01-03 02:00:00,"300,89008548706755","118,389999",1,1,2024-01-03
2024-01-03 03:00:00,"299,41500119536363","118,830002",1,1,2024-01-03
2024-01-03 04:00:00,"311,8515251621002","149,399994",1,1,2024-01-03
2024-01-03 05:00:00,"346,57184000314254","368,579987",1,1,2024-01-03
2024-01-03 06:00:00,"451,1774460823365","399,070007",1,1,2024-01-03
2024-01-03 07:00:00,"649,5600218333296","473,25",1,1,2024-01-03
2024-01-03 08:00:00,"648,410014518808","484,51001",1,1,2024-01-03
2024-01-03 09:00:00,"660,2526786830701","448,720001",1,1,2024-01-03
2024-01-03 10:00:00,"665,5484883410962","447,01001",1,1,2024-01-03
2024-01-03 11:00:00,"660,8843727823979","445,820007",1,1,2024-01-03
2024-01-03 12:00:00,"614,7689845477654","438,809998",1,1,2024-01-03
2024-01-03 13:00:00,"601,5523461522333","484,51001",1,1,2024-01-03
2024-01-03 14:00:00,"611,9602895553722","513,140015",1,1,2024-01-03
2024-01-03 15:00:00,"609,9518602258339","548,619995",1,1,2024-01-03
2024-01-03 16:00:00,"629,8123544978678","613,409973",1,1,2024-01-03
2024-01-03 17:00:00,"622,9037815026452","618,549988",1,1,2024-01-03
2024-01-03 18:00:00,"590,051478029863","589,179993",1,1,2024-01-03
2024-01-03 19:00:00,"543,8529758730799","545,940002",1,1,2024-01-03
2024-01-03 20:00:00,"491,81434794655956","502,549988",1,1,2024-01-03
2024-01-03 21:00:00,"458,68832942896074","484,579987",1,1,2024-01-03
2024-01-03 22:00:00,"428,7097562767674","433,290009",1,1,2024-01-03
2024-01-03 23:00:00,"387,161088063744","437,850006",1,1,2024-01-03
2024-01-04 00:00:00,"363,3766345299446","399,73999",1,1,2024-01-04
2024-01-04 01:00:00,"336,85460183660734","406,0",1,1,2024-01-04
2024-01-04 02:00:00,"312,67477057510666","411,519989",1,1,2024-01-04
2024-01-04 03:00:00,"313,7802272092406","434,420013",1,1,2024-01-04
2024-01-04 04:00:00,"328,6684639252806","441,130005",1,1,2024-01-04
2024-01-04 05:00:00,"378,377313079191","541,809998",1,1,2024-01-04
2024-01-04 06:00:00,"478,79810142829825","634,059998",1,1,2024-01-04
2024-01-04 07:00:00,"546,4283232089615","682,169983",1,1,2024-01-04
2024-01-04 08:00:00,"539,7338090674375","702,530029",1,1,2024-01-04
2024-01-04 09:00:00,"535,738846944909","685,969971",1,1,2024-01-04
2024-01-04 10:00:00,"502,71942810315323","674,190002",1,1,2024-01-04
2024-01-04 11:00:00,"467,1892481133174","646,52002",1,1,2024-01-04
2024-01-04 12:00:00,"503,0426159474144","641,070007",1,1,2024-01-04
2024-01-04 13:00:00,"524,2773735307466","686,940002",1,1,2024-01-04
2024-01-04 14:00:00,"579,9341243421181","735,48999",1,1,2024-01-04
2024-01-04 15:00:00,"589,9809788673973","788,51001",1,1,2024-01-04
2024-01-04 16:00:00,"598,5336278281646","993,599976",1,1,2024-01-04
2024-01-04 17:00:00,"566,1017111662558","1078,77002",1,1,2024-01-04
2024-01-04 18:00:00,"548,2217587838632","932,22998",1,1,2024-01-04
2024-01-04 19:00:00,"508,3787826073747","772,549988",1,1,2024-01-04
2024-01-04 20:00:00,"468,88802739471987","745,859985",1,1,2024-01-04
2024-01-04 21:00:00,"445,1540021787809","707,450012",1,1,2024-01-04
2024-01-04 22:00:00,"373,98812109023754","662,47998",1,1,2024-01-04
2024-01-04 23:00:00,"336,00955313670624","662,570007",1,1,2024-01-04
2024-01-05 00:00:00,"308,76811915476446","619,76001",1,1,2024-01-05
2024-01-05 01:00:00,"287,81994080213104","596,710022",1,1,2024-01-05
2024-01-05 02:00:00,"260,47503135808483","597,97998",1,1,2024-01-05
2024-01-05 03:00:00,"251,1229240121178","615,280029",1,1,2024-01-05
2024-01-05 04:00:00,"272,89515230435194","657,419983",1,1,2024-01-05
2024-01-05 05:00:00,"316,1136945403367","818,909973",1,1,2024-01-05
2024-01-05 06:00:00,"382,5117611995662","1230,790039",1,1,2024-01-05
2024-01-05 07:00:00,"433,32470661912527","2230,280029",1,1,2024-01-05
2024-01-05 08:00:00,"431,51326235530655","1858,150024",1,1,2024-01-05
2024-01-05 09:00:00,"419,5285858634069","1908,430054",1,1,2024-01-05
2024-01-05 10:00:00,"407,6816300552514","1574,640015",1,1,2024-01-05
2024-01-05 11:00:00,"384,50733538182874","1516,23999",1,1,2024-01-05
2024-01-05 12:00:00,"371,7318710529713","1469,25",1,1,2024-01-05
2024-01-05 13:00:00,"368,10261709697534","1475,810059",1,1,2024-01-05
2024-01-05 14:00:00,"378,67705365799725","2237,209961",1,1,2024-01-05
2024-01-05 15:00:00,"401,3966199609432","3353,810059",1,1,2024-01-05
2024-01-05 16:00:00,"402,8635416015921","3925,22998",1,1,2024-01-05
2024-01-05 17:00:00,"387,7054757120759","2610,22998",1,1,2024-01-05
2024-01-05 18:00:00,"370,7858240951823","1356,839966",1,1,2024-01-05
2024-01-05 19:00:00,"341,18467752632176","1115,849976",1,1,2024-01-05
2024-01-05 20:00:00,"326,42732110892354","841,51001",1,1,2024-01-05
2024-01-05 21:00:00,"296,4667585636407","746,630005",1,1,2024-01-05
2024-01-05 22:00:00,"265,1255507893479","692,710022",1,1,2024-01-05
2024-01-05 23:00:00,"214,62685627480906","633,090027",1,1,2024-01-05
2024-01-06 00:00:00,"198,47316769595028","620,559998",1,1,2024-01-06
2024-01-06 01:00:00,"181,16820214183315","611,830017",1,1,2024-01-06
2024-01-06 02:00:00,"161,875637984814","612,950012",1,1,2024-01-06
2024-01-06 03:00:00,"150,04524137765966","615,559998",1,1,2024-01-06
2024-01-06 04:00:00,"147,69845372920176","627,5",1,1,2024-01-06
2024-01-06 05:00:00,"152,97512426749336","630,109985",1,1,2024-01-06
2024-01-06 06:00:00,"163,99330363585597","652,109985",1,1,2024-01-06
2024-01-06 07:00:00,"204,99974508616614","677,77002",1,1,2024-01-06
2024-01-06 08:00:00,"248,4509583673747","708,419983",1,1,2024-01-06
2024-01-06 09:00:00,"258,7077162620718","748,929993",1,1,2024-01-06
2024-01-06 10:00:00,"266,8303662606304","773,090027",1,1,2024-01-06
2024-01-06 11:00:00,"265,35431433296895","763,25",1,1,2024-01-06
2024-01-06 12:00:00,"266,2821326948987","729,080017",1,1,2024-01-06
2024-01-06 13:00:00,"284,7726808472824","712,380005",1,1,2024-01-06
2024-01-06 14:00:00,"312,05708540325895","734,679993",1,1,2024-01-06
2024-01-06 15:00:00,"345,0414347837198","820,450012",1,1,2024-01-06
2024-01-06 16:00:00,"383,24989250004484","882,140015",1,1,2024-01-06
2024-01-06 17:00:00,"400,8956500058522","797,630005",1,1,2024-01-06
2024-01-06 18:00:00,"380,9708239344912","762,799988",1,1,2024-01-06
2024-01-06 19:00:00,"337,42643986749107","708,419983",1,1,2024-01-06
2024-01-06 20:00:00,"292,99448758837843","675,97998",1,1,2024-01-06
2024-01-06 21:00:00,"254,82997354346165","666,359985",1,1,2024-01-06
2024-01-06 22:00:00,"228,62802391960858","617,580017",1,1,2024-01-06
2024-01-06 23:00:00,"213,65391144760815","642,570007",1,1,2024-01-06
2024-01-07 00:00:00,"211,34787017421448","615,049988",1,1,2024-01-07
2024-01-07 01:00:00,"211,34787017421448","590,880005",1,1,2024-01-07
2024-01-07 02:00:00,"216,94050558464073","578,280029",1,1,2024-01-07
2024-01-07 03:00:00,"218,06439730185514","573,5",1,1,2024-01-07
2024-01-07 04:00:00,"221,43632412253814","577,460022",1,1,2024-01-07
2024-01-07 05:00:00,"228,88151759070422","585,140015",1,1,2024-01-07
2024-01-07 06:00:00,"227,96008206516842","599,460022",1,1,2024-01-07
2024-01-07 07:00:00,"245,5589387183166","628,099976",1,1,2024-01-07
2024-01-07 08:00:00,"246,31959657866673","653,159973",1,1,2024-01-07
2024-01-07 09:00:00,"246,08634333659975","669,419983",1,1,2024-01-07
2024-01-07 10:00:00,"245,7960470384085","686,130005",1,1,2024-01-07
2024-01-07 11:00:00,"243,61292798397994","682,469971",1,1,2024-01-07
2024-01-07 12:00:00,"242,41850280938348","652,789978",1,1,2024-01-07
2024-01-07 13:00:00,"240,9550413055331","650,630005",1,1,2024-01-07
2024-01-07 14:00:00,"242,4844335712409","676,059998",1,1,2024-01-07
2024-01-07 15:00:00,"239,40399142018708","717,609985",1,1,2024-01-07
2024-01-07 16:00:00,"245,83736050173056","777,719971",1,1,2024-01-07
2024-01-07 17:00:00,"241,4977287767232","791,299988",1,1,2024-01-07
2024-01-07 18:00:00,"217,19172760526766","772,349976",1,1,2024-01-07
2024-01-07 19:00:00,"206,8520120025627","749,599976",1,1,2024-01-07
2024-01-07 20:00:00,"205,60457111185656","695,97998",1,1,2024-01-07
2024-01-07 21:00:00,"193,4575091160027","680,01001",1,1,2024-01-07
2024-01-07 22:00:00,"185,53060025828918","625,48999",1,1,2024-01-07
2024-01-07 23:00:00,"170,53928480444333","649,059998",1,1,2024-01-07
2024-01-08 00:00:00,"502,6521300610781","628,919983",1,2,2024-01-08
2024-01-08 01:00:00,"355,67259606484913","610,27002",1,2,2024-01-08
2024-01-08 02:00:00,"245,97677510042436","590,059998",1,2,2024-01-08
2024-01-08 03:00:00,"200,10022822235968","585,359985",1,2,2024-01-08
2024-01-08 04:00:00,"186,76170019920787","612,359985",1,2,2024-01-08
2024-01-08 05:00:00,"205,9650099588988","703,359985",1,2,2024-01-08
2024-01-08 06:00:00,"243,74043793358376","829,559998",1,2,2024-01-08
2024-01-08 07:00:00,"282,3862971045168","903,330017",1,2,2024-01-08
2024-01-08 08:00:00,"295,22126738925044","900,48999",1,2,2024-01-08
2024-01-08 09:00:00,"301,0461088592215","849,549988",1,2,2024-01-08
2024-01-08 10:00:00,"296,5723999208291","787,200012",1,2,2024-01-08
2024-01-08 11:00:00,"282,8025588762503","729,76001",1,2,2024-01-08
2024-01-08 12:00:00,"278,1432834721422","707,690002",1,2,2024-01-08
2024-01-08 13:00:00,"279,44917836864175","764,219971",1,2,2024-01-08
2024-01-08 14:00:00,"285,70957660921187","825,22998",1,2,2024-01-08
2024-01-08 15:00:00,"315,71879228153847","954,719971",1,2,2024-01-08
2024-01-08 16:00:00,"349,63494906832983","986,869995",1,2,2024-01-08
2024-01-08 17:00:00,"361,35953829675896","969,710022",1,2,2024-01-08
2024-01-08 18:00:00,"350,10278935458916","910,859985",1,2,2024-01-08
2024-01-08 19:00:00,"329,60047478418676","851,859985",1,2,2024-01-08
2024-01-08 20:00:00,"303,27677444279794","766,97998",1,2,2024-01-08
2024-01-08 21:00:00,"296,49767032954793","745,719971",1,2,2024-01-08
2024-01-08 22:00:00,"261,5044954180783","682,400024",1,2,2024-01-08
2024-01-08 23:00:00,"249,2247592121752","657,710022",1,2,2024-01-08
2024-01-09 00:00:00,"242,57816114127803","649,359985",1,2,2024-01-09
2024-01-09 01:00:00,"236,8063695855273","634,140015",1,2,2024-01-09
2024-01-09 02:00:00,"244,39134183708367","627,719971",1,2,2024-01-09
2024-01-09 03:00:00,"244,39134183708367","639,51001",1,2,2024-01-09
2024-01-09 04:00:00,"257,6991198148256","666,070007",1,2,2024-01-09
2024-01-09 05:00:00,"280,91111881223196","809,530029",1,2,2024-01-09
2024-01-09 06:00:00,"318,9667754518906","925,539978",1,2,2024-01-09
2024-01-09 07:00:00,"376,17028865559917","994,099976",1,2,2024-01-09
2024-01-09 08:00:00,"407,3588231784843","902,039978",1,2,2024-01-09
2024-01-09 09:00:00,"402,15702200378087","844,450012",1,2,2024-01-09
2024-01-09 10:00:00,"401,17810130735353","789,169983",1,2,2024-01-09
2024-01-09 11:00:00,"398,0621695630087","747,690002",1,2,2024-01-09
2024-01-09 12:00:00,"386,07342455838335","752,159973",1,2,2024-01-09
2024-01-09 13:00:00,"386,07342455838335","838,26001",1,2,2024-01-09
2024-01-09 14:00:00,"482,55269272839365","903,390015",1,2,2024-01-09
2024-01-09 15:00:00,"564,2738852462883","977,23999",1,2,2024-01-09
2024-01-09 16:00:00,"582,8871563638152","1029,170044",1,2,2024-01-09
2024-01-09 17:00:00,"570,9520550228317","1028,050049",1,2,2024-01-09
2024-01-09 18:00:00,"527,9478715709852","973,070007",1,2,2024-01-09
2024-01-09 19:00:00,"481,43582944749573","897,039978",1,2,2024-01-09
2024-01-09 20:00:00,"430,84380121363694","833,179993",1,2,2024-01-09
2024-01-09 21:00:00,"371,23018314382705","792,150024",1,2,2024-01-09
2024-01-09 22:00:00,"325,0703371305522","724,340027",1,2,2024-01-09
2024-01-09 23:00:00,"293,43517496382714","665,900024",1,2,2024-01-09
2024-01-10 00:00:00,"278,4683982172541","647,039978",1,2,2024-01-10
2024-01-10 01:00:00,"271,59657515828064","646,809998",1,2,2024-01-10
2024-01-10 02:00:00,"267,614042048937","642,039978",1,2,2024-01-10
2024-01-10 03:00:00,"266,90851906136095","643,599976",1,2,2024-01-10
2024-01-10 04:00:00,"275,1106035967931","664,109985",1,2,2024-01-10
2024-01-10 05:00:00,"308,9524503651706","812,0",1,2,2024-01-10
2024-01-10 06:00:00,"400,92823310362235","965,030029",1,2,2024-01-10
2024-01-10 07:00:00,"523,6805908380818","1066,459961",1,2,2024-01-10
2024-01-10 08:00:00,"568,9053591495535","972,419983",1,2,2024-01-10
2024-01-10 09:00:00,"580,6259108243744","905,890015",1,2,2024-01-10
2024-01-10 10:00:00,"575,8390250036782","813,869995",1,2,2024-01-10
2024-01-10 11:00:00,"575,8390250036782","762,26001",1,2,2024-01-10
2024-01-10 12:00:00,"561,2094491335561","806,929993",1,2,2024-01-10
2024-01-10 13:00:00,"568,422975545292","862,710022",1,2,2024-01-10
2024-01-10 14:00:00,"591,9321234964577","923,27002",1,2,2024-01-10
2024-01-10 15:00:00,"598,7320161279346","1004,109985",1,2,2024-01-10
2024-01-10 16:00:00,"604,2721516491741","1072,349976",1,2,2024-01-10
2024-01-10 17:00:00,"602,6210954812215","1044,089966",1,2,2024-01-10
2024-01-10 18:00:00,"579,6808960407585","985,539978",1,2,2024-01-10
2024-01-10 19:00:00,"545,8592847709134","894,929993",1,2,2024-01-10
2024-01-10 20:00:00,"483,3646776258252","818,559998",1,2,2024-01-10
2024-01-10 21:00:00,"448,34924812099007","779,26001",1,2,2024-01-10
2024-01-10 22:00:00,"379,17729881821697","716,169983",1,2,2024-01-10
2024-01-10 23:00:00,"330,8782340908815","684,27002",1,2,2024-01-10
2024-01-11 00:00:00,"307,2929432159224","660,700012",1,2,2024-01-11
2024-01-11 01:00:00,"276,46466617746734","650,710022",1,2,2024-01-11
2024-01-11 02:00:00,"257,6405584006031","614,390015",1,2,2024-01-11
2024-01-11 03:00:00,"257,4253545001996","611,179993",1,2,2024-01-11
2024-01-11 04:00:00,"267,558070628739","666,440002",1,2,2024-01-11
2024-01-11 05:00:00,"288,95009552199923","761,22998",1,2,2024-01-11
2024-01-11 06:00:00,"353,9510846535674","871,530029",1,2,2024-01-11
2024-01-11 07:00:00,"396,7399340225997","1051,569946",1,2,2024-01-11
2024-01-11 08:00:00,"398,7022865653124","963,27002",1,2,2024-01-11
2024-01-11 09:00:00,"391,68320247564714","847,590027",1,2,2024-01-11
2024-01-11 10:00:00,"363,7584224360722","794,119995",1,2,2024-01-11
2024-01-11 11:00:00,"331,0961133601237","741,169983",1,2,2024-01-11
2024-01-11 12:00:00,"342,6180442435874","738,340027",1,2,2024-01-11
2024-01-11 13:00:00,"355,9399779949179","790,390015",1,2,2024-01-11
2024-01-11 14:00:00,"371,74193599480964","879,73999",1,2,2024-01-11
2024-01-11 15:00:00,"398,693734735154","1024,349976",1,2,2024-01-11
2024-01-11 16:00:00,"412,20769231755554","1119,359985",1,2,2024-01-11
2024-01-11 17:00:00,"408,61636431876065","1019,429993",1,2,2024-01-11
2024-01-11 18:00:00,"403,8444265158479","986,76001",1,2,2024-01-11
2024-01-11 19:00:00,"382,99820584361527","887,119995",1,2,2024-01-11
2024-01-11 20:00:00,"343,24886167679216","799,419983",1,2,2024-01-11
2024-01-11 21:00:00,"309,0482199177777","745,789978",1,2,2024-01-11
2024-01-11 22:00:00,"261,13073031588317","725,059998",1,2,2024-01-11
2024-01-11 23:00:00,"242,0523762132977","678,890015",1,2,2024-01-11
2024-01-12 00:00:00,"235,40577814240064","657,859985",1,2,2024-01-12
2024-01-12 01:00:00,"226,92229281791455","635,48999",1,2,2024-01-12
2024-01-12 02:00:00,"226,29962165739667","631,090027",1,2,2024-01-12
2024-01-12 03:00:00,"226,29962165739667","628,929993",1,2,2024-01-12
2024-01-12 04:00:00,"232,5487589999382","636,23999",1,2,2024-01-12
2024-01-12 05:00:00,"248,6704977953004","686,869995",1,2,2024-01-12
2024-01-12 06:00:00,"292,7041519392464","881,130005",1,2,2024-01-12
2024-01-12 07:00:00,"316,0348227438565","1049,51001",1,2,2024-01-12
2024-01-12 08:00:00,"313,8816434078059","1006,409973",1,2,2024-01-12
2024-01-12 09:00:00,"306,8759355768074","909,840027",1,2,2024-01-12
2024-01-12 10:00:00,"294,79809954130354","855,549988",1,2,2024-01-12
2024-01-12 11:00:00,"274,34650404609107","797,76001",1,2,2024-01-12
2024-01-12 12:00:00,"267,34438493392787","768,679993",1,2,2024-01-12
2024-01-12 13:00:00,"269,1541890377987","779,559998",1,2,2024-01-12
2024-01-12 14:00:00,"278,7106846123266","820,280029",1,2,2024-01-12
2024-01-12 15:00:00,"308,6234536383912","894,849976",1,2,2024-01-12
2024-01-12 16:00:00,"336,9551060366487","950,780029",1,2,2024-01-12
2024-01-12 17:00:00,"342,14127512579927","939,590027",1,2,2024-01-12
2024-01-12 18:00:00,"325,1090875565465","890,900024",1,2,2024-01-12
2024-01-12 19:00:00,"278,90472697675153","811,26001",1,2,2024-01-12
2024-01-12 20:00:00,"256,25587209584097","734,369995",1,2,2024-01-12
2024-01-12 21:00:00,"247,81228445269136","696,27002",1,2,2024-01-12
2024-01-12 22:00:00,"227,7899903605206","634,969971",1,2,2024-01-12
2024-01-12 23:00:00,"218,50508777943804","564,030029",1,2,2024-01-12
2024-01-13 00:00:00,"207,32676323098073","558,140015",1,2,2024-01-13
2024-01-13 01:00:00,"206,33718453928554","549,200012",1,2,2024-01-13
2024-01-13 02:00:00,"198,35804492141753","532,190002",1,2,2024-01-13
2024-01-13 03:00:00,"189,03166610746408","538,679993",1,2,2024-01-13
2024-01-13 04:00:00,"175,06114030003465","414,230011",1,2,2024-01-13
2024-01-13 05:00:00,"166,81938063803878","340,179993",1,2,2024-01-13
2024-01-13 06:00:00,"175,56560801571374","381,790009",1,2,2024-01-13
2024-01-13 07:00:00,"192,95232046099477","500,799988",1,2,2024-01-13
2024-01-13 08:00:00,"260,08041142674824","546,659973",1,2,2024-01-13
2024-01-13 09:00:00,"280,046470797445","537,039978",1,2,2024-01-13
2024-01-13 10:00:00,"286,8839629132489","529,289978",1,2,2024-01-13
2024-01-13 11:00:00,"292,2778303982292","521,609985",1,2,2024-01-13
2024-01-13 12:00:00,"294,1102031436478","474,779999",1,2,2024-01-13
2024-01-13 13:00:00,"311,5075380649494","506,390015",1,2,2024-01-13
2024-01-13 14:00:00,"361,1193142294009","511,609985",1,2,2024-01-13
2024-01-13 15:00:00,"405,18399740916925","527,789978",1,2,2024-01-13
2024-01-13 16:00:00,"457,0502323283214","553,450012",1,2,2024-01-13
2024-01-13 17:00:00,"492,8004867244831","565,299988",1,2,2024-01-13
2024-01-13 18:00:00,"467,0369582747616","550,460022",1,2,2024-01-13
2024-01-13 19:00:00,"431,472588166288","544,799988",1,2,2024-01-13
2024-01-13 20:00:00,"362,5885172662806","528,909973",1,2,2024-01-13
2024-01-13 21:00:00,"314,68260053212487","467,98999",1,2,2024-01-13
2024-01-13 22:00:00,"273,78012134836746","459,709991",1,2,2024-01-13
2024-01-13 23:00:00,"239,47287654853136","477,420013",1,2,2024-01-13
2024-01-14 00:00:00,"223,78748666152455","463,179993",1,2,2024-01-14
2024-01-14 01:00:00,"222,70858514099396","469,290009",1,2,2024-01-14
2024-01-14 02:00:00,"218,1784253607758","477,350006",1,2,2024-01-14
2024-01-14 03:00:00,"217,4783637505718","482,269989",1,2,2024-01-14
2024-01-14 04:00:00,"222,48340339891314","486,220001",1,2,2024-01-14
2024-01-14 05:00:00,"233,15863055376448","501,950012",1,2,2024-01-14
2024-01-14 06:00:00,"259,87658353350366","534,390015",1,2,2024-01-14
2024-01-14 07:00:00,"294,44417938807015","572,280029",1,2,2024-01-14
2024-01-14 08:00:00,"292,8217941925138","605,090027",1,2,2024-01-14
2024-01-14 09:00:00,"289,90813385699346","601,289978",1,2,2024-01-14
2024-01-14 10:00:00,"290,7917459926335","610,309998",1,2,2024-01-14
2024-01-14 11:00:00,"284,9849189166166","599,5",1,2,2024-01-14
2024-01-14 12:00:00,"283,15254617119797","574,52002",1,2,2024-01-14
2024-01-14 13:00:00,"279,9368389943398","590,25",1,2,2024-01-14
2024-01-14 14:00:00,"281,138749733676","613,890015",1,2,2024-01-14
2024-01-14 15:00:00,"286,94557680969274","645,960022",1,2,2024-01-14
2024-01-14 16:00:00,"278,1671349351073","685,030029",1,2,2024-01-14
2024-01-14 17:00:00,"256,8839274598522","705,76001",1,2,2024-01-14
2024-01-14 18:00:00,"241,98494842503553","635,809998",1,2,2024-01-14
2024-01-14 19:00:00,"220,22264769050076","589,580017",1,2,2024-01-14
2024-01-14 20:00:00,"209,2846939857384","586,150024",1,2,2024-01-14
2024-01-14 21:00:00,"208,50328173779258","562,210022",1,2,2024-01-14
2024-01-14 22:00:00,"205,60457111185656","498,820007",1,2,2024-01-14
2024-01-14 23:00:00,"190,27877278729113","519,409973",1,2,2024-01-14
2024-01-15 00:00:00,"395,2306839282998","492,559998",1,3,2024-01-15
2024-01-15 01:00:00,"276,6707612050073","479,579987",1,3,2024-01-15
2024-01-15 02:00:00,"215,0991260203181","462,649994",1,3,2024-01-15
2024-01-15 03:00:00,"205,78781708735636","474,059998",1,3,2024-01-15
2024-01-15 04:00:00,"197,32140312310963","526,27002",1,3,2024-01-15
2024-01-15 05:00:00,"197,9090376545697","596,219971",1,3,2024-01-15
2024-01-15 06:00:00,"251,6666732182645","625,22998",1,3,2024-01-15
2024-01-15 07:00:00,"288,0007428605973","740,52002",1,3,2024-01-15
2024-01-15 08:00:00,"292,3730969404638","747,900024",1,3,2024-01-15
2024-01-15 09:00:00,"290,0861055001877","707,549988",1,3,2024-01-15
2024-01-15 10:00:00,"282,3248048568777","673,099976",1,3,2024-01-15
2024-01-15 11:00:00,"271,8969828320491","625,369995",1,3,2024-01-15
2024-01-15 12:00:00,"268,9665954982509","612,619995",1,3,2024-01-15
2024-01-15 13:00:00,"269,0758006105631","630,150024",1,3,2024-01-15
2024-01-15 14:00:00,"291,902533598153","666,98999",1,3,2024-01-15
2024-01-15 15:00:00,"310,0057532066028","745,140015",1,3,2024-01-15
2024-01-15 16:00:00,"345,9936536652818","813,450012",1,3,2024-01-15
2024-01-15 17:00:00,"360,9677116385849","861,849976",1,3,2024-01-15
2024-01-15 18:00:00,"342,334541052541","825,22998",1,3,2024-01-15
2024-01-15 19:00:00,"339,0716055382828","769,22998",1,3,2024-01-15
2024-01-15 20:00:00,"324,6371367664062","693,159973",1,3,2024-01-15
2024-01-15 21:00:00,"308,08603763631186","667,359985",1,3,2024-01-15
2024-01-15 22:00:00,"290,4765354171719","644,539978",1,3,2024-01-15
2024-01-15 23:00:00,"264,11641739273523","612,98999",1,3,2024-01-15
2024-01-16 00:00:00,"250,73855613074656","607,099976",1,3,2024-01-16
2024-01-16 01:00:00,"244,46651191884092","597,179993",1,3,2024-01-16
2024-01-16 02:00:00,"240,05087379631746","583,679993",1,3,2024-01-16
2024-01-16 03:00:00,"248,90375103736739","578,679993",1,3,2024-01-16
2024-01-16 04:00:00,"265,0024253836389","622,390015",1,3,2024-01-16
2024-01-16 05:00:00,"294,504494091794","917,359985",1,3,2024-01-16
2024-01-16 06:00:00,"332,25227237922195","1442,560059",1,3,2024-01-16
2024-01-16 07:00:00,"386,3228588660132","2055,399902",1,3,2024-01-16
2024-01-16 08:00:00,"412,08314616497336","2017,890015",1,3,2024-01-16
2024-01-16 09:00:00,"423,4525897144389","1864,030029",1,3,2024-01-16
2024-01-16 10:00:00,"423,5212744951877","1495,73999",1,3,2024-01-16
2024-01-16 11:00:00,"423,4553082046683","1268,189941",1,3,2024-01-16
2024-01-16 12:00:00,"416,94879346471754","1058,839966",1,3,2024-01-16
2024-01-16 13:00:00,"415,64191233286533","1070,849976",1,3,2024-01-16
2024-01-16 14:00:00,"483,709551637363","1164,670044",1,3,2024-01-16
2024-01-16 15:00:00,"554,6749180493856","1268,48999",1,3,2024-01-16
2024-01-16 16:00:00,"561,4399961977518","1273,930054",1,3,2024-01-16
2024-01-16 17:00:00,"545,5480088020269","992,539978",1,3,2024-01-16
2024-01-16 18:00:00,"478,1513531688585","833,599976",1,3,2024-01-16
2024-01-16 19:00:00,"402,58372455733326","712,179993",1,3,2024-01-16
2024-01-16 20:00:00,"342,84760904756985","642,969971",1,3,2024-01-16
2024-01-16 21:00:00,"315,39091163989553","611,869995",1,3,2024-01-16
2024-01-16 22:00:00,"296,51630617605167","579,429993",1,3,2024-01-16
2024-01-16 23:00:00,"292,56864683924994","521,210022",1,3,2024-01-16
2024-01-17 00:00:00,"266,8132721878992","517,26001",1,3,2024-01-17
2024-01-17 01:00:00,"260,4399949543353","510,619995",1,3,2024-01-17
2024-01-17 02:00:00,"258,4315949581726","503,839996",1,3,2024-01-17
2024-01-17 03:00:00,"259,907646885834","501,970001",1,3,2024-01-17
2024-01-17 04:00:00,"276,54150803397283","501,75",1,3,2024-01-17
2024-01-17 05:00:00,"302,9237191511493","526,880005",1,3,2024-01-17
2024-01-17 06:00:00,"388,3647055350695","596,159973",1,3,2024-01-17
2024-01-17 07:00:00,"540,3961442213887","715,929993",1,3,2024-01-17
2024-01-17 08:00:00,"578,6515751065352","767,159973",1,3,2024-01-17
2024-01-17 09:00:00,"583,0423365300875","797,289978",1,3,2024-01-17
2024-01-17 10:00:00,"572,2978199010937","828,539978",1,3,2024-01-17
2024-01-17 11:00:00,"569,2169111591633","877,840027",1,3,2024-01-17
2024-01-17 12:00:00,"550,8574202199438","907,590027",1,3,2024-01-17
2024-01-17 13:00:00,"551,487045285247","907,890015",1,3,2024-01-17
2024-01-17 14:00:00,"591,059493738328","935,630005",1,3,2024-01-17
2024-01-17 15:00:00,"606,5009829138944","958,75",1,3,2024-01-17
2024-01-17 16:00:00,"620,2597863882628","1047,939941",1,3,2024-01-17
2024-01-17 17:00:00,"621,9206419786982","921,690002",1,3,2024-01-17
2024-01-17 18:00:00,"593,0664842621761","852,26001",1,3,2024-01-17
2024-01-17 19:00:00,"537,213618579347","818,849976",1,3,2024-01-17
2024-01-17 20:00:00,"477,837900015958","753,890015",1,3,2024-01-17
2024-01-17 21:00:00,"436,8205376687199","703,099976",1,3,2024-01-17
2024-01-17 22:00:00,"359,4188136285066","627,710022",1,3,2024-01-17
2024-01-17 23:00:00,"321,58094150509186","606,580017",1,3,2024-01-17
2024-01-18 00:00:00,"305,6511514852053","575,780029",1,3,2024-01-18
2024-01-18 01:00:00,"288,33209060707935","561,530029",1,3,2024-01-18
2024-01-18 02:00:00,"275,3416940653333","558,700012",1,3,2024-01-18
2024-01-18 03:00:00,"270,482004208845","578,539978",1,3,2024-01-18
2024-01-18 04:00:00,"292,5965495815734","604,119995",1,3,2024-01-18
2024-01-18 05:00:00,"309,67355027034574","681,97998",1,3,2024-01-18
2024-01-18 06:00:00,"371,1504022605606","831,969971",1,3,2024-01-18
2024-01-18 07:00:00,"411,25439013530223","938,919983",1,3,2024-01-18
2024-01-18 08:00:00,"411,6841035181728","911,179993",1,3,2024-01-18
2024-01-18 09:00:00,"408,7279238620194","827,119995",1,3,2024-01-18
2024-01-18 10:00:00,"382,1609348133182","805,119995",1,3,2024-01-18
2024-01-18 11:00:00,"361,43338326876835","697,719971",1,3,2024-01-18
2024-01-18 12:00:00,"357,54688236275604","653,48999",1,3,2024-01-18
2024-01-18 13:00:00,"370,99058458456295","644,619995",1,3,2024-01-18
2024-01-18 14:00:00,"397,3762634241168","702,940002",1,3,2024-01-18
2024-01-18 15:00:00,"420,54665902030973","742,25",1,3,2024-01-18
2024-01-18 16:00:00,"438,3316752000925","780,72998",1,3,2024-01-18
2024-01-18 17:00:00,"428,36938284039394","770,140015",1,3,2024-01-18
2024-01-18 18:00:00,"405,41081485564075","705,030029",1,3,2024-01-18
2024-01-18 19:00:00,"368,85413861853755","648,650024",1,3,2024-01-18
2024-01-18 20:00:00,"320,7552856545448","605,090027",1,3,2024-01-18
2024-01-18 21:00:00,"285,7725395967502","577,48999",1,3,2024-01-18
2024-01-18 22:00:00,"244,2790736200192","532,0",1,3,2024-01-18
2024-01-18 23:00:00,"230,27284675674738","510,089996",1,3,2024-01-18
2024-01-19 00:00:00,"210,70624515494544","487,269989",1,3,2024-01-19
2024-01-19 01:00:00,"205,88669119336842","477,649994",1,3,2024-01-19
2024-01-19 02:00:00,"197,4202772291217","468,029999",1,3,2024-01-19
2024-01-19 03:00:00,"193,17737699777427","472,209991",1,3,2024-01-19
2024-01-19 04:00:00,"195,7939675421985","491,079987",1,3,2024-01-19
2024-01-19 05:00:00,"232,47665114035553","564,830017",1,3,2024-01-19
2024-01-19 06:00:00,"277,23005876847395","666,549988",1,3,2024-01-19
2024-01-19 07:00:00,"316,9141760981255","777,590027",1,3,2024-01-19
2024-01-19 08:00:00,"309,79818385310864","770,359985",1,3,2024-01-19
2024-01-19 09:00:00,"301,0455419249817","714,799988",1,3,2024-01-19
2024-01-19 10:00:00,"295,48826736985876","645,52002",1,3,2024-01-19
2024-01-19 11:00:00,"287,00497540266156","587,049988",1,3,2024-01-19
2024-01-19 12:00:00,"272,13307577193865","560,429993",1,3,2024-01-19
2024-01-19 13:00:00,"268,5051454832998","573,549988",1,3,2024-01-19
2024-01-19 14:00:00,"283,87141357703155","648,429993",1,3,2024-01-19
2024-01-19 15:00:00,"296,8232876679481","780,049988",1,3,2024-01-19
2024-01-19 16:00:00,"318,61654226679457","855,890015",1,3,2024-01-19
2024-01-19 17:00:00,"318,31070009289186","809,059998",1,3,2024-01-19
2024-01-19 18:00:00,"288,2859801534475","634,630005",1,3,2024-01-19
2024-01-19 19:00:00,"259,6711037185212","565,429993",1,3,2024-01-19
2024-01-19 20:00:00,"238,76735356095529","544,469971",1,3,2024-01-19
2024-01-19 21:00:00,"227,46122788071594","527,169983",1,3,2024-01-19
2024-01-19 22:00:00,"207,357587043394","497,339996",1,3,2024-01-19
2024-01-19 23:00:00,"208,6061375847225","504,279999",1,3,2024-01-19
2024-01-20 00:00:00,"198,2399144538833","484,809998",1,3,2024-01-20
2024-01-20 01:00:00,"178,0179661878326","485,480011",1,3,2024-01-20
2024-01-20 02:00:00,"162,6077055519413","472,359985",1,3,2024-01-20
2024-01-20 03:00:00,"162,6077055519413","472,579987",1,3,2024-01-20
2024-01-20 04:00:00,"166,6858020389717","460,5",1,3,2024-01-20
2024-01-20 05:00:00,"173,99013291059063","480,640015",1,3,2024-01-20
2024-01-20 06:00:00,"181,36489059448803","511,209991",1,3,2024-01-20
2024-01-20 07:00:00,"193,14124593910427","557,969971",1,3,2024-01-20
2024-01-20 08:00:00,"258,7196844640434","588,02002",1,3,2024-01-20
2024-01-20 09:00:00,"276,7616662922214","548,650024",1,3,2024-01-20
2024-01-20 10:00:00,"276,72789614156096","540,73999",1,3,2024-01-20
2024-01-20 11:00:00,"268,94550455737345","520,159973",1,3,2024-01-20
2024-01-20 12:00:00,"263,7734310421324","527,919983",1,3,2024-01-20
2024-01-20 13:00:00,"303,820039814366","547,309998",1,3,2024-01-20
2024-01-20 14:00:00,"361,99536621737764","589,960022",1,3,2024-01-20
2024-01-20 15:00:00,"417,1502276435067","671,549988",1,3,2024-01-20
2024-01-20 16:00:00,"476,9067197046261","725,390015",1,3,2024-01-20
2024-01-20 17:00:00,"503,52934107838814","754,030029",1,3,2024-01-20
2024-01-20 18:00:00,"461,13304271925335","682,880005",1,3,2024-01-20
2024-01-20 19:00:00,"428,09883938773106","596,599976",1,3,2024-01-20
2024-01-20 20:00:00,"361,122972244335","547,309998",1,3,2024-01-20
2024-01-20 21:00:00,"316,7219524247678","525,159973",1,3,2024-01-20
2024-01-20 22:00:00,"289,2506782997869","499,579987",1,3,2024-01-20
2024-01-20 23:00:00,"253,35340242014263","445,26001",1,3,2024-01-20
2024-01-21 00:00:00,"244,04583656102128","429,230011",1,3,2024-01-21
2024-01-21 01:00:00,"231,55388462194742","411,329987",1,3,2024-01-21
2024-01-21 02:00:00,"223,9012707506255","379,549988",1,3,2024-01-21
2024-01-21 03:00:00,"218,53578161477657","361,799988",1,3,2024-01-21
2024-01-21 04:00:00,"222,7936195962304","353,899994",1,3,2024-01-21
2024-01-21 05:00:00,"230,78519929873417","339,579987",1,3,2024-01-21
2024-01-21 06:00:00,"248,64915472900455","327,869995",1,3,2024-01-21
2024-01-21 07:00:00,"282,3497222074822","383,059998",1,3,2024-01-21
2024-01-21 08:00:00,"280,0321055365744","405,429993",1,3,2024-01-21
2024-01-21 09:00:00,"270,1794681322929","343,529999",1,3,2024-01-21
2024-01-21 10:00:00,"282,62639773162","363,0",1,3,2024-01-21
2024-01-21 11:00:00,"270,1794681322929","287,0",1,3,2024-01-21
2024-01-21 12:00:00,"268,2718922412329","281,100006",1,3,2024-01-21
2024-01-21 13:00:00,"260,7626944988414","330,399994",1,3,2024-01-21
2024-01-21 14:00:00,"282,0161412862786","365,76001",1,3,2024-01-21
2024-01-21 15:00:00,"286,10466216606574","371,649994",1,3,2024-01-21
2024-01-21 16:00:00,"278,40038817717425","422,51001",1,3,2024-01-21
2024-01-21 17:00:00,"264,6263784443106","458,309998",1,3,2024-01-21
2024-01-21 18:00:00,"241,98494842503553","437,359985",1,3,2024-01-21
2024-01-21 19:00:00,"222,7081749874538","384,100006",1,3,2024-01-21
2024-01-21 20:00:00,"210,25001479493267","391,26001",1,3,2024-01-21
2024-01-21 21:00:00,"205,88669119336842","375,829987",1,3,2024-01-21
2024-01-21 22:00:00,"197,4202772291217","216,520004",1,3,2024-01-21
2024-01-21 23:00:00,"199,86969252817147","203,610001",1,3,2024-01-21
2024-01-22 00:00:00,"204,26215536980425","165,869995",1,4,2024-01-22
2024-01-22 01:00:00,"197,70239731063356","138,869995",1,4,2024-01-22
2024-01-22 02:00:00,"193,17737699777427","37,59",1,4,2024-01-22
2024-01-22 03:00:00,"192,8952569162624","37,740002",1,4,2024-01-22
2024-01-22 04:00:00,"193,1285101583294","149,169998",1,4,2024-01-22
2024-01-22 05:00:00,"225,64231901260987","302,059998",1,4,2024-01-22
2024-01-22 06:00:00,"272,50822859290315","451,01001",1,4,2024-01-22
2024-01-22 07:00:00,"308,3577626014205","495,829987",1,4,2024-01-22
2024-01-22 08:00:00,"318,89975589013477","429,450012",1,4,2024-01-22
2024-01-22 09:00:00,"317,99370431003706","459,059998",1,4,2024-01-22
2024-01-22 10:00:00,"317,99370431003706","451,970001",1,4,2024-01-22
2024-01-22 11:00:00,"306,63543837785244","424,529999",1,4,2024-01-22
2024-01-22 12:00:00,"305,5601346614267","423,040009",1,4,2024-01-22
2024-01-22 13:00:00,"307,1610297315644","434,299988",1,4,2024-01-22
2024-01-22 14:00:00,"317,01366713584594","445,48999",1,4,2024-01-22
2024-01-22 15:00:00,"330,3538407190914","447,429993",1,4,2024-01-22
2024-01-22 16:00:00,"371,55577267543805","461,299988",1,4,2024-01-22
2024-01-22 17:00:00,"379,71809893846864","455,179993",1,4,2024-01-22
2024-01-22 18:00:00,"365,54711813354135","447,720001",1,4,2024-01-22
2024-01-22 19:00:00,"340,4363989222069","444,519989",1,4,2024-01-22
2024-01-22 20:00:00,"325,4231131084126","425,119995",1,4,2024-01-22
2024-01-22 21:00:00,"301,72601768877803","194,440002",1,4,2024-01-22
2024-01-22 22:00:00,"287,52026997148425","171,770004",1,4,2024-01-22
2024-01-22 23:00:00,"259,7020294661312","118,129997",1,4,2024-01-22
2024-01-23 00:00:00,"249,20012718652418","75,330002",1,4,2024-01-23
2024-01-23 01:00:00,"227,46122788071594","69,879997",1,4,2024-01-23
2024-01-23 02:00:00,"226,8385567201981","31,1",1,4,2024-01-23
2024-01-23 03:00:00,"246,2413104922722","76,220001",1,4,2024-01-23
2024-01-23 04:00:00,"267,11595259113534","161,320007",1,4,2024-01-23
2024-01-23 05:00:00,"296,93012697504736","191,889999",1,4,2024-01-23
2024-01-23 06:00:00,"342,77554727743285","454,410004",1,4,2024-01-23
2024-01-23 07:00:00,"405,9312722380503","461,649994",1,4,2024-01-23
2024-01-23 08:00:00,"423,93293347580925","455,76001",1,4,2024-01-23
2024-01-23 09:00:00,"431,5598076671792","447,25",1,4,2024-01-23
2024-01-23 10:00:00,"427,45998135697477","443,299988",1,4,2024-01-23
2024-01-23 11:00:00,"424,334365320866","310,100006",1,4,2024-01-23
2024-01-23 12:00:00,"415,1653885102088","199,570007",1,4,2024-01-23
2024-01-23 13:00:00,"413,54794441011734","320,019989",1,4,2024-01-23
2024-01-23 14:00:00,"516,1802961056677","468,059998",1,4,2024-01-23
2024-01-23 15:00:00,"572,4357085597646","494,390015",1,4,2024-01-23
2024-01-23 16:00:00,"587,530206960835","510,570007",1,4,2024-01-23
2024-01-23 17:00:00,"563,8924883665901","498,040009",1,4,2024-01-23
2024-01-23 18:00:00,"492,3357167270819","472,390015",1,4,2024-01-23
2024-01-23 19:00:00,"405,8925248570848","450,910004",1,4,2024-01-23
2024-01-23 20:00:00,"346,21848992034376","391,170013",1,4,2024-01-23
2024-01-23 21:00:00,"318,50423446098256","304,429993",1,4,2024-01-23
2024-01-23 22:00:00,"298,24156894697836","248,050003",1,4,2024-01-23
2024-01-23 23:00:00,"301,9852456199077","213,350006",1,4,2024-01-23
2024-01-24 00:00:00,"280,7617788699113","187,699997",1,4,2024-01-24
2024-01-24 01:00:00,"264,07590527570966","153,910004",1,4,2024-01-24
2024-01-24 02:00:00,"258,4315949581726","140,339996",1,4,2024-01-24
2024-01-24 03:00:00,"259,907646885834","133,110001",1,4,2024-01-24
2024-01-24 04:00:00,"276,54150803397283","145,789993",1,4,2024-01-24
2024-01-24 05:00:00,"304,99568415744506","190,160004",1,4,2024-01-24
2024-01-24 06:00:00,"394,3733950505551","288,809998",1,4,2024-01-24
2024-01-24 07:00:00,"543,7665170837405","373,380005",1,4,2024-01-24
2024-01-24 08:00:00,"578,6515751065352","369,429993",1,4,2024-01-24
2024-01-24 09:00:00,"601,1837531008454","373,600006",1,4,2024-01-24
2024-01-24 10:00:00,"578,4588036785831","378,519989",1,4,2024-01-24
2024-01-24 11:00:00,"574,2311001264865","293,359985",1,4,2024-01-24
2024-01-24 12:00:00,"553,2820440364313","278,450012",1,4,2024-01-24
2024-01-24 13:00:00,"564,7236684595084","335,869995",1,4,2024-01-24
2024-01-24 14:00:00,"584,0326482842914","372,480011",1,4,2024-01-24
2024-01-24 15:00:00,"588,909026044112","378,820007",1,4,2024-01-24
2024-01-24 16:00:00,"602,5029767488998","404,25",1,4,2024-01-24
2024-01-24 17:00:00,"580,9989344673342","397,609985",1,4,2024-01-24
2024-01-24 18:00:00,"551,6931653931433","373,529999",1,4,2024-01-24
2024-01-24 19:00:00,"515,5039900403468","314,540009",1,4,2024-01-24
2024-01-24 20:00:00,"459,5367755392058","298,579987",1,4,2024-01-24
2024-01-24 21:00:00,"427,0538410561659","313,269989",1,4,2024-01-24
2024-01-24 22:00:00,"364,7670200891204","287,320007",1,4,2024-01-24
2024-01-24 23:00:00,"328,46747456353177","326,899994",1,4,2024-01-24
2024-01-25 00:00:00,"297,4095257878864","327,869995",1,4,2024-01-25
2024-01-25 01:00:00,"279,83081559763605","318,839996",1,4,2024-01-25
2024-01-25 02:00:00,"262,8498529871565","326,970001",1,4,2024-01-25
2024-01-25 03:00:00,"274,49238549289544","336,369995",1,4,2024-01-25
2024-01-25 04:00:00,"281,1360859739078","380,359985",1,4,2024-01-25
2024-01-25 05:00:00,"306,2116739935844","442,850006",1,4,2024-01-25
2024-01-25 06:00:00,"377,18873750122106","492,51001",1,4,2024-01-25
2024-01-25 07:00:00,"433,2639405838474","663,789978",1,4,2024-01-25
2024-01-25 08:00:00,"431,7039312855563","635,679993",1,4,2024-01-25
2024-01-25 09:00:00,"420,20237197901054","606,599976",1,4,2024-01-25
2024-01-25 10:00:00,"405,4929541255267","568,340027",1,4,2024-01-25
2024-01-25 11:00:00,"380,44338580011765","545,450012",1,4,2024-01-25
2024-01-25 12:00:00,"383,71966005256013","566,630005",1,4,2024-01-25
2024-01-25 13:00:00,"393,6182974879518","633,659973",1,4,2024-01-25
2024-01-25 14:00:00,"455,874692495157","686,530029",1,4,2024-01-25
2024-01-25 15:00:00,"497,48260484668305","755,950012",1,4,2024-01-25
2024-01-25 16:00:00,"527,8241500050788","920,0",1,4,2024-01-25
2024-01-25 17:00:00,"509,16678174700957","861,539978",1,4,2024-01-25
2024-01-25 18:00:00,"485,0374199248204","736,640015",1,4,2024-01-25
2024-01-25 19:00:00,"448,3390555596806","679,070007",1,4,2024-01-25
2024-01-25 20:00:00,"394,4122013819013","643,580017",1,4,2024-01-25
2024-01-25 21:00:00,"353,67458484433007","599,73999",1,4,2024-01-25
2024-01-25 22:00:00,"303,18616078684175","560,440002",1,4,2024-01-25
2024-01-25 23:00:00,"276,3408497062115","468,200012",1,4,2024-01-25
2024-01-26 00:00:00,"246,3660623315789","462,23999",1,4,2024-01-26
2024-01-26 01:00:00,"234,5517521678199","436,070007",1,4,2024-01-26
2024-01-26 02:00:00,"233,74873288710674","420,109985",1,4,2024-01-26
2024-01-26 03:00:00,"230,11030634929543","415,269989",1,4,2024-01-26
2024-01-26 04:00:00,"228,46778425340264","388,869995",1,4,2024-01-26
2024-01-26 05:00:00,"258,18840067127644","432,040009",1,4,2024-01-26
2024-01-26 06:00:00,"310,29501879177536","469,470001",1,4,2024-01-26
2024-01-26 07:00:00,"357,0827287358854","484,149994",1,4,2024-01-26
2024-01-26 08:00:00,"365,50188219784707","475,660004",1,4,2024-01-26
2024-01-26 09:00:00,"350,5166887406904","456,420013",1,4,2024-01-26
2024-01-26 10:00:00,"324,3912680987613","437,929993",1,4,2024-01-26
2024-01-26 11:00:00,"300,92297780381006","389,769989",1,4,2024-01-26
2024-01-26 12:00:00,"295,3616938776683","346,450012",1,4,2024-01-26
2024-01-26 13:00:00,"288,07692680388243","367,399994",1,4,2024-01-26
2024-01-26 14:00:00,"296,1843729031649","364,640015",1,4,2024-01-26
2024-01-26 15:00:00,"332,75989180582854","383,809998",1,4,2024-01-26
2024-01-26 16:00:00,"364,0676985236258","427,720001",1,4,2024-01-26
2024-01-26 17:00:00,"351,1863710589302","404,01001",1,4,2024-01-26
2024-01-26 18:00:00,"325,52847774501856","249,830002",1,4,2024-01-26
2024-01-26 19:00:00,"282,71431405779583","205,619995",1,4,2024-01-26
2024-01-26 20:00:00,"258,4785367998745","192,050003",1,4,2024-01-26
2024-01-26 21:00:00,"257,5346773671473","181,839996",1,4,2024-01-26
2024-01-26 22:00:00,"218,15994288034318","163,869995",1,4,2024-01-26
2024-01-26 23:00:00,"208,6061375847225","144,039993",1,4,2024-01-26
2024-01-27 00:00:00,"200,3921258254634","136,130005",1,4,2024-01-27
2024-01-27 01:00:00,"176,85685241273578","131,440002",1,4,2024-01-27
2024-01-27 02:00:00,"162,6077055519413","134,339996",1,4,2024-01-27
2024-01-27 03:00:00,"162,6077055519413","137,850006",1,4,2024-01-27
2024-01-27 04:00:00,"165,31638506503714","140,460007",1,4,2024-01-27
2024-01-27 05:00:00,"171,33952073070384","144,710007",1,4,2024-01-27
2024-01-27 06:00:00,"175,70191727347972","154,399994",1,4,2024-01-27
2024-01-27 07:00:00,"208,53197872260677","215,080002",1,4,2024-01-27
2024-01-27 08:00:00,"263,867437441361","237,820007",1,4,2024-01-27
2024-01-27 09:00:00,"283,57552975322176","341,600006",1,4,2024-01-27
2024-01-27 10:00:00,"287,1245369365171","422,040009",1,4,2024-01-27
2024-01-27 11:00:00,"285,7703531576984","416,299988",1,4,2024-01-27
2024-01-27 12:00:00,"287,02759715777","242,220001",1,4,2024-01-27
2024-01-27 13:00:00,"294,92415143199037","296,570007",1,4,2024-01-27
2024-01-27 14:00:00,"344,029889725407","432,029999",1,4,2024-01-27
2024-01-27 15:00:00,"406,22140544027974","439,339996",1,4,2024-01-27
2024-01-27 16:00:00,"436,7246335098089","460,359985",1,4,2024-01-27
2024-01-27 17:00:00,"454,9695641484291","457,079987",1,4,2024-01-27
2024-01-27 18:00:00,"454,492874800599","443,070007",1,4,2024-01-27
2024-01-27 19:00:00,"429,14997177704953","433,970001",1,4,2024-01-27
2024-01-27 20:00:00,"365,850014912756","431,290009",1,4,2024-01-27
2024-01-27 21:00:00,"323,1288011479089","430,390015",1,4,2024-01-27
2024-01-27 22:00:00,"273,4071360983803","429,5",1,4,2024-01-27
2024-01-27 23:00:00,"239,31053346633817","497,75",1,4,2024-01-27
2024-01-28 00:00:00,"221,65919921784894","438,339996",1,4,2024-01-28
2024-01-28 01:00:00,"222,20182472113513","434,309998",1,4,2024-01-28
2024-01-28 02:00:00,"223,35519724920462","430,290009",1,4,2024-01-28
2024-01-28 03:00:00,"227,65912267428666","431,399994",1,4,2024-01-28
2024-01-28 04:00:00,"229,78405271512014","429,609985",1,4,2024-01-28
2024-01-28 05:00:00,"237,8685573609966","430,290009",1,4,2024-01-28
2024-01-28 06:00:00,"262,8579805735464","439,679993",1,4,2024-01-28
2024-01-28 07:00:00,"292,7049876514561","441,320007",1,4,2024-01-28
2024-01-28 08:00:00,"284,68038096241537","410,609985",1,4,2024-01-28
2024-01-28 09:00:00,"276,50274603839114","381,380005",1,4,2024-01-28
2024-01-28 10:00:00,"270,2077132991937","341,049988",1,4,2024-01-28
2024-01-28 11:00:00,"269,0804935407531","309,970001",1,4,2024-01-28
2024-01-28 12:00:00,"269,3218697362022","298,859985",1,4,2024-01-28
2024-01-28 13:00:00,"265,42769094562","377,579987",1,4,2024-01-28
2024-01-28 14:00:00,"274,04510249986595","420,519989",1,4,2024-01-28
2024-01-28 15:00:00,"289,4336507621307","431,850006",1,4,2024-01-28
2024-01-28 16:00:00,"274,72224915083297","431,329987",1,4,2024-01-28
2024-01-28 17:00:00,"260,03307246479096","427,380005",1,4,2024-01-28
2024-01-28 18:00:00,"241,65133079899178","422,01001",1,4,2024-01-28
2024-01-28 19:00:00,"214,47294706624766","217,75",1,4,2024-01-28
2024-01-28 20:00:00,"210,12370715886388","122,029999",1,4,2024-01-28
2024-01-28 21:00:00,"206,54179580524544","74,550003",1,4,2024-01-28
2024-01-28 22:00:00,"198,00036073556035","51,59",1,4,2024-01-28
2024-01-28 23:00:00,"199,1260762398035","111,82",1,4,2024-01-28
2024-04-01 00:00:00,"287,3226839043169","343,549988",2,1,2024-04-01
2024-04-01 01:00:00,"248,04819165437826","325,049988",2,1,2024-04-01
2024-04-01 02:00:00,"235,65662028235042","368,459991",2,1,2024-04-01
2024-04-01 03:00:00,"235,65662028235042","390,459991",2,1,2024-04-01
2024-04-01 04:00:00,"237,0973931638747","437,899994",2,1,2024-04-01
2024-04-01 05:00:00,"254,64345319973776","481,01001",2,1,2024-04-01
2024-04-01 06:00:00,"294,9157266053473","437,899994",2,1,2024-04-01
2024-04-01 07:00:00,"312,50820589536534","454,160004",2,1,2024-04-01
2024-04-01 08:00:00,"320,77543532078056","405,450012",2,1,2024-04-01
2024-04-01 09:00:00,"321,6554034864566","226,669998",2,1,2024-04-01
2024-04-01 10:00:00,"315,1165510080412","134,550003",2,1,2024-04-01
2024-04-01 11:00:00,"311,345207987861","149,550003",2,1,2024-04-01
2024-04-01 12:00:00,"307,9346118768143","74,809998",2,1,2024-04-01
2024-04-01 13:00:00,"308,06553727387666","33,34",2,1,2024-04-01
2024-04-01 14:00:00,"314,2341320915782","30,73",2,1,2024-04-01
2024-04-01 15:00:00,"329,69441812382803","98,080002",2,1,2024-04-01
2024-04-01 16:00:00,"378,0712283669444","258,149994",2,1,2024-04-01
2024-04-01 17:00:00,"408,96232016468065","361,970001",2,1,2024-04-01
2024-04-01 18:00:00,"382,6275823224848","372,040009",2,1,2024-04-01
2024-04-01 19:00:00,"355,7026974230491","340,790009",2,1,2024-04-01
2024-04-01 20:00:00,"332,0256095872094","193,699997",2,1,2024-04-01
2024-04-01 21:00:00,"324,00779076942393","55,720001",2,1,2024-04-01
2024-04-01 22:00:00,"300,4792785819055","59,450001",2,1,2024-04-01
2024-04-01 23:00:00,"283,2623905651393","9,55",2,1,2024-04-01
2024-04-02 00:00:00,"256,0269742985343","4,55",2,1,2024-04-02
2024-04-02 01:00:00,"239,77507655308077","6,49",2,1,2024-04-02
2024-04-02 02:00:00,"235,06063280995323","14,47",2,1,2024-04-02
2024-04-02 03:00:00,"239,98248023430304","54,220001",2,1,2024-04-02
2024-04-02 04:00:00,"268,0672374096119","426,790009",2,1,2024-04-02
2024-04-02 05:00:00,"288,90223476150464","554,630005",2,1,2024-04-02
2024-04-02 06:00:00,"330,25282952103754","501,820007",2,1,2024-04-02
2024-04-02 07:00:00,"391,87925048942475","349,220001",2,1,2024-04-02
2024-04-02 08:00:00,"411,6089795610165","285,589996",2,1,2024-04-02
2024-04-02 09:00:00,"421,4872588609803","293,130005",2,1,2024-04-02
2024-04-02 10:00:00,"420,0527519683549","292,980011",2,1,2024-04-02
2024-04-02 11:00:00,"418,36034262832857","286,190002",2,1,2024-04-02
2024-04-02 12:00:00,"408,9716144451673","248,970001",2,1,2024-04-02
2024-04-02 13:00:00,"404,33083723007684","187,210007",2,1,2024-04-02
2024-04-02 14:00:00,"488,5442431672824","65,860001",2,1,2024-04-02
2024-04-02 15:00:00,"574,0086744453708","307,299988",2,1,2024-04-02
2024-04-02 16:00:00,"587,8439781235587","542,25",2,1,2024-04-02
2024-04-02 17:00:00,"580,6434028498759","711,48999",2,1,2024-04-02
2024-04-02 18:00:00,"529,3894982260988","707,679993",2,1,2024-04-02
2024-04-02 19:00:00,"470,4410377867441","582,75",2,1,2024-04-02
2024-04-02 20:00:00,"420,8700295644707","558,359985",2,1,2024-04-02
2024-04-02 21:00:00,"368,1293841084525","528,669983",2,1,2024-04-02
2024-04-02 22:00:00,"334,94849801949664","552,840027",2,1,2024-04-02
2024-04-02 23:00:00,"313,05666033659935","535,090027",2,1,2024-04-02
2024-04-03 00:00:00,"299,0952028666956","522,419983",2,1,2024-04-03
2024-04-03 01:00:00,"298,9806678926721","482,220001",2,1,2024-04-03
2024-04-03 02:00:00,"289,85606293694434","483,929993",2,1,2024-04-03
2024-04-03 03:00:00,"285,8482503160651","512,570007",2,1,2024-04-03
2024-04-03 04:00:00,"306,5688428411397","707,820007",2,1,2024-04-03
2024-04-03 05:00:00,"353,9393101985646","879,48999",2,1,2024-04-03
2024-04-03 06:00:00,"444,3876882012574","879,48999",2,1,2024-04-03
2024-04-03 07:00:00,"568,6682468912566","753,080017",2,1,2024-04-03
2024-04-03 08:00:00,"599,9456469433256","800,590027",2,1,2024-04-03
2024-04-03 09:00:00,"603,6225541466051","677,23999",2,1,2024-04-03
2024-04-03 10:00:00,"585,5891256813218","611,76001",2,1,2024-04-03
2024-04-03 11:00:00,"579,8900104527866","573,349976",2,1,2024-04-03
2024-04-03 12:00:00,"570,3453917214019","544,710022",2,1,2024-04-03
2024-04-03 13:00:00,"588,1569600459807","531,890015",2,1,2024-04-03
2024-04-03 14:00:00,"607,2914438650464","558,289978",2,1,2024-04-03
2024-04-03 15:00:00,"612,6520368285693","672,840027",2,1,2024-04-03
2024-04-03 16:00:00,"630,316732774714","806,47998",2,1,2024-04-03
2024-04-03 17:00:00,"621,0086585790065","897,539978",2,1,2024-04-03
2024-04-03 18:00:00,"576,1198666098877","739,359985",2,1,2024-04-03
2024-04-03 19:00:00,"527,1679458502496","557,169983",2,1,2024-04-03
2024-04-03 20:00:00,"460,91737805321884","458,579987",2,1,2024-04-03
2024-04-03 21:00:00,"419,703513028457","412,640015",2,1,2024-04-03
2024-04-03 22:00:00,"360,47446607117854","406,619995",2,1,2024-04-03
2024-04-03 23:00:00,"313,21545123453154","387,899994",2,1,2024-04-03
2024-04-04 00:00:00,"292,40632795077966","374,179993",2,1,2024-04-04
2024-04-04 01:00:00,"270,32348745622073","384,619995",2,1,2024-04-04
2024-04-04 02:00:00,"254,38087669462897","387,380005",2,1,2024-04-04
2024-04-04 03:00:00,"261,179138286167","403,339996",2,1,2024-04-04
2024-04-04 04:00:00,"280,34727612226567","454,200012",2,1,2024-04-04
2024-04-04 05:00:00,"310,01337593558856","576,219971",2,1,2024-04-04
2024-04-04 06:00:00,"377,66393619004185","561,830017",2,1,2024-04-04
2024-04-04 07:00:00,"422,74141546116834","535,419983",2,1,2024-04-04
2024-04-04 08:00:00,"422,3770179464809","515,880005",2,1,2024-04-04
2024-04-04 09:00:00,"415,151041577574","470,309998",2,1,2024-04-04
2024-04-04 10:00:00,"398,0823393045723","433,170013",2,1,2024-04-04
2024-04-04 11:00:00,"377,3812127724171","419,299988",2,1,2024-04-04
2024-04-04 12:00:00,"374,42022486705156","413,850006",2,1,2024-04-04
2024-04-04 13:00:00,"388,84278215463684","418,929993",2,1,2024-04-04
2024-04-04 14:00:00,"417,874737876552","425,709991",2,1,2024-04-04
2024-04-04 15:00:00,"434,0518202683339","515,210022",2,1,2024-04-04
2024-04-04 16:00:00,"456,9137862283209","562,049988",2,1,2024-04-04
2024-04-04 17:00:00,"463,4413694862018","676,159973",2,1,2024-04-04
2024-04-04 18:00:00,"453,698938083326","600,97998",2,1,2024-04-04
2024-04-04 19:00:00,"426,541923065379","533,47998",2,1,2024-04-04
2024-04-04 20:00:00,"346,7884585824122","520,280029",2,1,2024-04-04
2024-04-04 21:00:00,"308,80261943472925","430,109985",2,1,2024-04-04
2024-04-04 22:00:00,"265,69524216282673","348,920013",2,1,2024-04-04
2024-04-04 23:00:00,"245,8004363178518","360,029999",2,1,2024-04-04
2024-04-05 00:00:00,"213,89579425015802","354,440002",2,1,2024-04-05
2024-04-05 01:00:00,"208,37310135270675","347,049988",2,1,2024-04-05
2024-04-05 02:00:00,"206,47101781503878","353,320007",2,1,2024-04-05
2024-04-05 03:00:00,"198,56884401381578","352,720001",2,1,2024-04-05
2024-04-05 04:00:00,"206,32213727669952","555,380005",2,1,2024-04-05
2024-04-05 05:00:00,"248,99665054603457","613,26001",2,1,2024-04-05
2024-04-05 06:00:00,"302,60733768637755","604,159973",2,1,2024-04-05
2024-04-05 07:00:00,"360,6669071249423","496,679993",2,1,2024-04-05
2024-04-05 08:00:00,"354,3916512299097","376,660004",2,1,2024-04-05
2024-04-05 09:00:00,"329,13151655379227","339,670013",2,1,2024-04-05
2024-04-05 10:00:00,"309,8872221665597","331,390015",2,1,2024-04-05
2024-04-05 11:00:00,"300,11013217453007","298,570007",2,1,2024-04-05
2024-04-05 12:00:00,"290,35276131248315","276,48999",2,1,2024-04-05
2024-04-05 13:00:00,"278,8636982062028","231,520004",2,1,2024-04-05
2024-04-05 14:00:00,"291,4214322957189","205,929993",2,1,2024-04-05
2024-04-05 15:00:00,"315,70813117342186","298,269989",2,1,2024-04-05
2024-04-05 16:00:00,"343,8371193289804","370,320007",2,1,2024-04-05
2024-04-05 17:00:00,"339,83975584785554","398,299988",2,1,2024-04-05
2024-04-05 18:00:00,"320,754061322423","402,170013",2,1,2024-04-05
2024-04-05 19:00:00,"274,74544215756174","398,299988",2,1,2024-04-05
2024-04-05 20:00:00,"254,63165340496624","393,299988",2,1,2024-04-05
2024-04-05 21:00:00,"239,63816664654922","370,100006",2,1,2024-04-05
2024-04-05 22:00:00,"216,31388808521453","313,649994",2,1,2024-04-05
2024-04-05 23:00:00,"206,79669655132878","326,549988",2,1,2024-04-05
2024-04-06 00:00:00,"197,39961405539205","328,190002",2,1,2024-04-06
2024-04-06 01:00:00,"181,54942806615654","334,679993",2,1,2024-04-06
2024-04-06 02:00:00,"173,7549107960082","354,369995",2,1,2024-04-06
2024-04-06 03:00:00,"181,7744863996034","359,890015",2,1,2024-04-06
2024-04-06 04:00:00,"188,39960413418856","372,5",2,1,2024-04-06
2024-04-06 05:00:00,"202,3255867676603","382,339996",2,1,2024-04-06
2024-04-06 06:00:00,"221,6228971352119","374,660004",2,1,2024-04-06
2024-04-06 07:00:00,"238,2441832725537","359,890015",2,1,2024-04-06
2024-04-06 08:00:00,"277,6883582725364","291,790009",2,1,2024-04-06
2024-04-06 09:00:00,"284,9025515712521","298,279999",2,1,2024-04-06
2024-04-06 10:00:00,"294,05016129188135","295,0",2,1,2024-04-06
2024-04-06 11:00:00,"289,8805730803089","282,23999",2,1,2024-04-06
2024-04-06 12:00:00,"291,7743746302257","260,459991",2,1,2024-04-06
2024-04-06 13:00:00,"310,08537270140346","292,459991",2,1,2024-04-06
2024-04-06 14:00:00,"367,3157474226712","297,380005",2,1,2024-04-06
2024-04-06 15:00:00,"427,05299770309415","345,200012",2,1,2024-04-06
2024-04-06 16:00:00,"483,5868864644167","393,079987",2,1,2024-04-06
2024-04-06 17:00:00,"516,8377992206307","435,369995",2,1,2024-04-06
2024-04-06 18:00:00,"486,3782937391725","360,109985",2,1,2024-04-06
2024-04-06 19:00:00,"444,89625765797797","335,799988",2,1,2024-04-06
2024-04-06 20:00:00,"374,63599379509566","297,309998",2,1,2024-04-06
2024-04-06 21:00:00,"328,2980559745506","188,410004",2,1,2024-04-06
2024-04-06 22:00:00,"284,18228677849027","84,279999",2,1,2024-04-06
2024-04-06 23:00:00,"258,50273069786584","0,75",2,1,2024-04-06
2024-04-07 00:00:00,"245,46952311823202","0,0",2,1,2024-04-07
2024-04-07 01:00:00,"238,5601432568152","0,0",2,1,2024-04-07
2024-04-07 02:00:00,"239,65792723660797","0,0",2,1,2024-04-07
2024-04-07 03:00:00,"235,18011853423877","0,0",2,1,2024-04-07
2024-04-07 04:00:00,"240,13879159678046","0,0",2,1,2024-04-07
2024-04-07 05:00:00,"243,4883487523407","0,0",2,1,2024-04-07
2024-04-07 06:00:00,"254,64682420014606","0,0",2,1,2024-04-07
2024-04-07 07:00:00,"285,1111687581498","-0,07",2,1,2024-04-07
2024-04-07 08:00:00,"286,4754363811394","-1,19",2,1,2024-04-07
2024-04-07 09:00:00,"285,30023970857803","-22,450001",2,1,2024-04-07
2024-04-07 10:00:00,"277,5506819383892","-29,76",2,1,2024-04-07
2024-04-07 11:00:00,"263,77667220552553","-48,849998",2,1,2024-04-07
2024-04-07 12:00:00,"263,0711492179495","-74,589996",2,1,2024-04-07
2024-04-07 13:00:00,"255,561951475558","-37,59",2,1,2024-04-07
2024-04-07 14:00:00,"284,89983366911315","-1,19",2,1,2024-04-07
2024-04-07 15:00:00,"289,9090264871064","51,610001",2,1,2024-04-07
2024-04-07 16:00:00,"294,71088527716813","682,159973",2,1,2024-04-07
2024-04-07 17:00:00,"278,7178499978135","808,440002",2,1,2024-04-07
2024-04-07 18:00:00,"257,0113410916947","793,599976",2,1,2024-04-07
2024-04-07 19:00:00,"246,46421862514754","670,900024",2,1,2024-04-07
2024-04-07 20:00:00,"235,65662028235042","577,73999",2,1,2024-04-07
2024-04-07 21:00:00,"235,65662028235042","494,730011",2,1,2024-04-07
2024-04-07 22:00:00,"233,78363788205345","527,849976",2,1,2024-04-07
2024-04-07 23:00:00,"233,78363788205345","494,359985",2,1,2024-04-07
2024-04-08 00:00:00,"383,0082506265577","292,079987",2,2,2024-04-08
2024-04-08 01:00:00,"288,73850129672064","312,290009",2,2,2024-04-08
2024-04-08 02:00:00,"225,67923256092172","328,480011",2,2,2024-04-08
2024-04-08 03:00:00,"227,44343817566346","494,799988",2,2,2024-04-08
2024-04-08 04:00:00,"236,27938645260704","760,700012",2,2,2024-04-08
2024-04-08 05:00:00,"253,39289020773313","1117,150024",2,2,2024-04-08
2024-04-08 06:00:00,"294,9157266053473","958,580017",2,2,2024-04-08
2024-04-08 07:00:00,"311,5256218012436","637,789978",2,2,2024-04-08
2024-04-08 08:00:00,"317,781096731986","601,159973",2,2,2024-04-08
2024-04-08 09:00:00,"318,92236673893115","531,280029",2,2,2024-04-08
2024-04-08 10:00:00,"317,00614059829104","482,570007",2,2,2024-04-08
2024-04-08 11:00:00,"310,3687395298003","447,519989",2,2,2024-04-08
2024-04-08 12:00:00,"309,2934358133745","431,779999",2,2,2024-04-08
2024-04-08 13:00:00,"311,39023878636544","472,880005",2,2,2024-04-08
2024-04-08 14:00:00,"320,5364965549267","522,099976",2,2,2024-04-08
2024-04-08 15:00:00,"335,9705688094683","559,469971",2,2,2024-04-08
2024-04-08 16:00:00,"390,50694163007176","782,409973",2,2,2024-04-08
2024-04-08 17:00:00,"410,38675704595295","1024,069946",2,2,2024-04-08
2024-04-08 18:00:00,"386,07831656752","930,830017",2,2,2024-04-08
2024-04-08 19:00:00,"360,9326215259777","632,859985",2,2,2024-04-08
2024-04-08 20:00:00,"334,81808153188985","574,309998",2,2,2024-04-08
2024-04-08 21:00:00,"324,4797415595643","523,52002",2,2,2024-04-08
2024-04-08 22:00:00,"302,87615224289067","583,330017",2,2,2024-04-08
2024-04-08 23:00:00,"283,1964242746199","517,549988",2,2,2024-04-08
2024-04-09 00:00:00,"256,0269742985343","482,790009",2,2,2024-04-09
2024-04-09 01:00:00,"239,89561567531453","440,200012",2,2,2024-04-09
2024-04-09 02:00:00,"237,03184720822304","453,779999",2,2,2024-04-09
2024-04-09 03:00:00,"249,1667305717069","488,390015",2,2,2024-04-09
2024-04-09 04:00:00,"277,63938161051016","631,070007",2,2,2024-04-09
2024-04-09 05:00:00,"297,6519322942511","670,900024",2,2,2024-04-09
2024-04-09 06:00:00,"342,8393044718303","595,039978",2,2,2024-04-09
2024-04-09 07:00:00,"396,1462458847277","509,420013",2,2,2024-04-09
2024-04-09 08:00:00,"407,2675000183252","376,51001",2,2,2024-04-09
2024-04-09 09:00:00,"414,80440624236206","336,160004",2,2,2024-04-09
2024-04-09 10:00:00,"421,5227080541073","279,920013",2,2,2024-04-09
2024-04-09 11:00:00,"423,29560749430965","224,059998",2,2,2024-04-09
2024-04-09 12:00:00,"418,445018459937","200,860001",2,2,2024-04-09
2024-04-09 13:00:00,"418,445018459937","221,970001",2,2,2024-04-09
2024-04-09 14:00:00,"499,77418332491544","296,850006",2,2,2024-04-09
2024-04-09 15:00:00,"570,4859146958888","360,769989",2,2,2024-04-09
2024-04-09 16:00:00,"587,7627099680557","479,730011",2,2,2024-04-09
2024-04-09 17:00:00,"580,7123175851766","595,119995",2,2,2024-04-09
2024-04-09 18:00:00,"529,8721194825944","447,140015",2,2,2024-04-09
2024-04-09 19:00:00,"463,0384809129075","359,649994",2,2,2024-04-09
2024-04-09 20:00:00,"403,8247854390769","335,640015",2,2,2024-04-09
2024-04-09 21:00:00,"338,5150219104473","257,619995",2,2,2024-04-09
2024-04-09 22:00:00,"306,8874834502274","68,550003",2,2,2024-04-09
2024-04-09 23:00:00,"287,66610354819164","30,58",2,2,2024-04-09
2024-04-10 00:00:00,"269,83776125788705","11,64",2,2,2024-04-10
2024-04-10 01:00:00,"269,56927973972915","9,55",2,2,2024-04-10
2024-04-10 02:00:00,"253,07249604413852","1,27",2,2,2024-04-10
2024-04-10 03:00:00,"258,7233583843963","11,49",2,2,2024-04-10
2024-04-10 04:00:00,"283,69834655973773","23,049999",2,2,2024-04-10
2024-04-10 05:00:00,"312,4884931934126","101,290001",2,2,2024-04-10
2024-04-10 06:00:00,"399,47270297697554","145,0",2,2,2024-04-10
2024-04-10 07:00:00,"531,8217713643709","116,660004",2,2,2024-04-10
2024-04-10 08:00:00,"571,7141992807835","95,019997",2,2,2024-04-10
2024-04-10 09:00:00,"579,6370623167031","45,5",2,2,2024-04-10
2024-04-10 10:00:00,"565,405660758505","11,86",2,2,2024-04-10
2024-04-10 11:00:00,"559,6130864380187","2,69",2,2,2024-04-10
2024-04-10 12:00:00,"543,035373961632","0,0",2,2,2024-04-10
2024-04-10 13:00:00,"550,4771197111555","0,07",2,2,2024-04-10
2024-04-10 14:00:00,"571,0255483856822","11,86",2,2,2024-04-10
2024-04-10 15:00:00,"583,6550477437155","122,169998",2,2,2024-04-10
2024-04-10 16:00:00,"610,5223865272451","616,469971",2,2,2024-04-10
2024-04-10 17:00:00,"612,8479930025006","1084,949951",2,2,2024-04-10
2024-04-10 18:00:00,"593,5368880488145","1052,430054",2,2,2024-04-10
2024-04-10 19:00:00,"552,1984027065542","722,380005",2,2,2024-04-10
2024-04-10 20:00:00,"492,2997036919079","392,029999",2,2,2024-04-10
2024-04-10 21:00:00,"449,40931289972747","352,200012",2,2,2024-04-10
2024-04-10 22:00:00,"384,0017410058908","303,440002",2,2,2024-04-10
2024-04-10 23:00:00,"337,87985926412085","198,940002",2,2,2024-04-10
2024-04-11 00:00:00,"315,1338777872288","165,589996",2,2,2024-04-11
2024-04-11 01:00:00,"289,3709477987489","74,519997",2,2,2024-04-11
2024-04-11 02:00:00,"259,4203270081839","11,71",2,2,2024-04-11
2024-04-11 03:00:00,"261,1032008117026","11,64",2,2,2024-04-11
2024-04-11 04:00:00,"282,0161412862786","19,469999",2,2,2024-04-11
2024-04-11 05:00:00,"307,61153360095193","297,399994",2,2,2024-04-11
2024-04-11 06:00:00,"372,5068474575201","309,929993",2,2,2024-04-11
2024-04-11 07:00:00,"412,806042588165","223,770004",2,2,2024-04-11
2024-04-11 08:00:00,"413,54794441011734","74,959999",2,2,2024-04-11
2024-04-11 09:00:00,"408,39339607428445","6,41",2,2,2024-04-11
2024-04-11 10:00:00,"387,12865275660795","6,79",2,2,2024-04-11
2024-04-11 11:00:00,"370,55079433497013","8,21",2,2,2024-04-11
2024-04-11 12:00:00,"362,47986717628635","4,25",2,2,2024-04-11
2024-04-11 13:00:00,"374,1624634702246","96,07",2,2,2024-04-11
2024-04-11 14:00:00,"417,8306063357866","64,75",2,2,2024-04-11
2024-04-11 15:00:00,"429,1427767238877","347,070007",2,2,2024-04-11
2024-04-11 16:00:00,"447,5992762260616","711,75",2,2,2024-04-11
2024-04-11 17:00:00,"437,3274283383172","1002,210022",2,2,2024-04-11
2024-04-11 18:00:00,"413,9490196293046","893,609985",2,2,2024-04-11
2024-04-11 19:00:00,"386,8632237884115","679,159973",2,2,2024-04-11
2024-04-11 20:00:00,"334,6104416397858","541,159973",2,2,2024-04-11
2024-04-11 21:00:00,"309,5390746843479","451,059998",2,2,2024-04-11
2024-04-11 22:00:00,"268,61113392569854","339,720001",2,2,2024-04-11
2024-04-11 23:00:00,"251,06031558468797","325,029999",2,2,2024-04-11
2024-04-12 00:00:00,"232,7359098045849","331,73999",2,2,2024-04-12
2024-04-12 01:00:00,"227,1016713893723","304,51001",2,2,2024-04-12
2024-04-12 02:00:00,"228,76525256572808","298,399994",2,2,2024-04-12
2024-04-12 03:00:00,"228,18572891484794","298,399994",2,2,2024-04-12
2024-04-12 04:00:00,"233,87970264448555","308,019989",2,2,2024-04-12
2024-04-12 05:00:00,"260,93500169630136","362,619995",2,2,2024-04-12
2024-04-12 06:00:00,"296,8816327622621","516,75",2,2,2024-04-12
2024-04-12 07:00:00,"342,38262492056884","489,290009",2,2,2024-04-12
2024-04-12 08:00:00,"340,36736371901446","314,51001",2,2,2024-04-12
2024-04-12 09:00:00,"318,2055585836187","186,050003",2,2,2024-04-12
2024-04-12 10:00:00,"302,3114013914614","149,869995",2,2,2024-04-12
2024-04-12 11:00:00,"295,3616938776683","37,150002",2,2,2024-04-12
2024-04-12 12:00:00,"277,40305988072555","6,04",2,2,2024-04-12
2024-04-12 13:00:00,"268,5051454832998","3,21",2,2,2024-04-12
2024-04-12 14:00:00,"289,2821789835264","128,460007",2,2,2024-04-12
2024-04-12 15:00:00,"313,6712867734564","293,920013",2,2,2024-04-12
2024-04-12 16:00:00,"343,9324085367997","351,51001",2,2,2024-04-12
2024-04-12 17:00:00,"340,0303115979095","351,730011",2,2,2024-04-12
2024-04-12 18:00:00,"321,4091659342999","352,029999",2,2,2024-04-12
2024-04-12 19:00:00,"274,74544215756174","351,429993",2,2,2024-04-12
2024-04-12 20:00:00,"255,28675801684312","342,329987",2,2,2024-04-12
2024-04-12 21:00:00,"244,03742999804072","329,200012",2,2,2024-04-12
2024-04-12 22:00:00,"232,5671514085067","175,020004",2,2,2024-04-12
2024-04-12 23:00:00,"225,19239372460925","193,369995",2,2,2024-04-12
2024-04-13 00:00:00,"216,21022248940503","144,429993",2,2,2024-04-13
2024-04-13 01:00:00,"210,89448339441606","130,779999",2,2,2024-04-13
2024-04-13 02:00:00,"210,89448339441606","130,259995",2,2,2024-04-13
2024-04-13 03:00:00,"209,56811163951093","173,899994",2,2,2024-04-13
2024-04-13 04:00:00,"219,48057709718438","207,619995",2,2,2024-04-13
2024-04-13 05:00:00,"221,7150244631882","251,630005",2,2,2024-04-13
2024-04-13 06:00:00,"222,43678828340344","168,600006",2,2,2024-04-13
2024-04-13 07:00:00,"225,82203786947343","65,650002",2,2,2024-04-13
2024-04-13 08:00:00,"268,57355513633047","-0,15",2,2,2024-04-13
2024-04-13 09:00:00,"276,2567737493137","-30,139999",2,2,2024-04-13
2024-04-13 10:00:00,"276,2567737493137","-59,830002",2,2,2024-04-13
2024-04-13 11:00:00,"272,9719692440901","-150,699997",2,2,2024-04-13
2024-04-13 12:00:00,"276,2567737493137","-218,729996",2,2,2024-04-13
2024-04-13 13:00:00,"299,8218435497307","-235,740005",2,2,2024-04-13
2024-04-13 14:00:00,"347,34419727813463","-75,120003",2,2,2024-04-13
2024-04-13 15:00:00,"416,78501655245685","14,92",2,2,2024-04-13
2024-04-13 16:00:00,"483,06948116177546","213,740005",2,2,2024-04-13
2024-04-13 17:00:00,"520,6149065313477","392,859985",2,2,2024-04-13
2024-04-13 18:00:00,"506,00544445645534","298,630005",2,2,2024-04-13
2024-04-13 19:00:00,"477,3600826849049","258,5",2,2,2024-04-13
2024-04-13 20:00:00,"408,863535982875","153,679993",2,2,2024-04-13
2024-04-13 21:00:00,"331,15714932921827","52,59",2,2,2024-04-13
2024-04-13 22:00:00,"286,3713363604767","3,21",2,2,2024-04-13
2024-04-13 23:00:00,"250,49804023607453","6,19",2,2,2024-04-13
2024-04-14 00:00:00,"227,69748315631816","6,79",2,2,2024-04-14
2024-04-14 01:00:00,"222,1668544646777","3,13",2,2,2024-04-14
2024-04-14 02:00:00,"221,71062410466487","3,66",2,2,2024-04-14
2024-04-14 03:00:00,"215,1761536723207","21,709999",2,2,2024-04-14
2024-04-14 04:00:00,"223,49346880639754","93,629997",2,2,2024-04-14
2024-04-14 05:00:00,"229,18002933172386","96,989998",2,2,2024-04-14
2024-04-14 06:00:00,"253,40490925702548","55,279999",2,2,2024-04-14
2024-04-14 07:00:00,"283,4539829041285","0,0",2,2,2024-04-14
2024-04-14 08:00:00,"275,44161895863243","-17,16",2,2,2024-04-14
2024-04-14 09:00:00,"263,77667220552553","-89,379997",2,2,2024-04-14
2024-04-14 10:00:00,"277,4256547083366","-314,399994",2,2,2024-04-14
2024-04-14 11:00:00,"263,77667220552553","-397,73999",2,2,2024-04-14
2024-04-14 12:00:00,"263,0711492179495","-402,880005",2,2,2024-04-14
2024-04-14 13:00:00,"255,561951475558","-298,809998",2,2,2024-04-14
2024-04-14 14:00:00,"280,8955645944779","-46,630001",2,2,2024-04-14
2024-04-14 15:00:00,"278,6875376194093","11,71",2,2,2024-04-14
2024-04-14 16:00:00,"282,9410016114287","157,419998",2,2,2024-04-14
2024-04-14 17:00:00,"264,00768571244845","655,059998",2,2,2024-04-14
2024-04-14 18:00:00,"246,94908083793266","894,619995",2,2,2024-04-14
2024-04-14 19:00:00,"223,44463023707257","840,159973",2,2,2024-04-14
2024-04-14 20:00:00,"214,28815951271156","724,890015",2,2,2024-04-14
2024-04-14 21:00:00,"213,28259700427037","594,549988",2,2,2024-04-14
2024-04-14 22:00:00,"227,39308235820903","343,269989",2,2,2024-04-14
2024-04-14 23:00:00,"227,7383578668788","334,690002",2,2,2024-04-14
2024-04-15 00:00:00,"270,3739526794505","526,359985",2,3,2024-04-15
2024-04-15 01:00:00,"241,903873226293","491,220001",2,3,2024-04-15
2024-04-15 02:00:00,"235,03270145827236","561,280029",2,3,2024-04-15
2024-04-15 03:00:00,"235,03270145827236","647,150024",2,3,2024-04-15
2024-04-15 04:00:00,"237,0973931638747","863,440002",2,3,2024-04-15
2024-04-15 05:00:00,"254,5481866575031","1261,98999",2,3,2024-04-15
2024-04-15 06:00:00,"294,45792952967156","1143,290039",2,3,2024-04-15
2024-04-15 07:00:00,"308,1868565214779","683,109985",2,3,2024-04-15
2024-04-15 08:00:00,"316,9301358605806","568,809998",2,3,2024-04-15
2024-04-15 09:00:00,"316,9502121357515","425,269989",2,3,2024-04-15
2024-04-15 10:00:00,"310,73724533122834","320,809998",2,3,2024-04-15
2024-04-15 11:00:00,"302,1223453604389","245,389999",2,3,2024-04-15
2024-04-15 12:00:00,"299,49312161897967","145,490005",2,3,2024-04-15
2024-04-15 13:00:00,"297,99857675212337","223,380005",2,3,2024-04-15
2024-04-15 14:00:00,"298,0839072357274","265,459991",2,3,2024-04-15
2024-04-15 15:00:00,"317,0331730531393","345,440002",2,3,2024-04-15
2024-04-15 16:00:00,"372,4505077110005","516,289978",2,3,2024-04-15
2024-04-15 17:00:00,"407,9474653994414","588,809998",2,3,2024-04-15
2024-04-15 18:00:00,"384,29972851482427","574,630005",2,3,2024-04-15
2024-04-15 19:00:00,"349,2393180746735","494,730011",2,3,2024-04-15
2024-04-15 20:00:00,"312,4510722805237","394,899994",2,3,2024-04-15
2024-04-15 21:00:00,"291,54436761494435","261,200012",2,3,2024-04-15
2024-04-15 22:00:00,"275,8092088965322","231,639999",2,3,2024-04-15
2024-04-15 23:00:00,"254,96548968929218","132,720001",2,3,2024-04-15
2024-04-16 00:00:00,"247,39130829346806","49,610001",2,3,2024-04-16
2024-04-16 01:00:00,"234,0377211681006","40,959999",2,3,2024-04-16
2024-04-16 02:00:00,"240,76914785204642","133,539993",2,3,2024-04-16
2024-04-16 03:00:00,"251,5987308656002","270,209991",2,3,2024-04-16
2024-04-16 04:00:00,"286,04083730726086","384,880005",2,3,2024-04-16
2024-04-16 05:00:00,"305,8786842840362","554,0",2,3,2024-04-16
2024-04-16 06:00:00,"355,19022620076487","554,0",2,3,2024-04-16
2024-04-16 07:00:00,"405,1230162509265","483,5",2,3,2024-04-16
2024-04-16 08:00:00,"413,1141684555888","388,309998",2,3,2024-04-16
2024-04-16 09:00:00,"425,6785075863407","344,290009",2,3,2024-04-16
2024-04-16 10:00:00,"419,47770955602357","320,5",2,3,2024-04-16
2024-04-16 11:00:00,"422,32410750067044","316,089996",2,3,2024-04-16
2024-04-16 12:00:00,"415,81759276071966","322,359985",2,3,2024-04-16
2024-04-16 13:00:00,"408,62494325853777","362,049988",2,3,2024-04-16
2024-04-16 14:00:00,"491,56672761112026","457,540009",2,3,2024-04-16
2024-04-16 15:00:00,"567,8396020262571","594,359985",2,3,2024-04-16
2024-04-16 16:00:00,"582,8332705346853","693,210022",2,3,2024-04-16
2024-04-16 17:00:00,"580,3001160911647","850,400024",2,3,2024-04-16
2024-04-16 18:00:00,"536,2679825997404","928,960022",2,3,2024-04-16
2024-04-16 19:00:00,"477,45984348225494","779,309998",2,3,2024-04-16
2024-04-16 20:00:00,"431,45087377915144","672,169983",2,3,2024-04-16
2024-04-16 21:00:00,"380,28848139328755","627,409973",2,3,2024-04-16
2024-04-16 22:00:00,"348,0507321103806","625,48999",2,3,2024-04-16
2024-04-16 23:00:00,"315,32207809384323","625,48999",2,3,2024-04-16
2024-04-17 00:00:00,"303,6480520450738","606,919983",2,3,2024-04-17
2024-04-17 01:00:00,"307,93600296595974","614,75",2,3,2024-04-17
2024-04-17 02:00:00,"293,9381155594288","618,929993",2,3,2024-04-17
2024-04-17 03:00:00,"288,2628052506197","624,669983",2,3,2024-04-17
2024-04-17 04:00:00,"306,6348091316591","816,109985",2,3,2024-04-17
2024-04-17 05:00:00,"353,5453954126619","1268,069946",2,3,2024-04-17
2024-04-17 06:00:00,"443,8335687595142","1157,650024",2,3,2024-04-17
2024-04-17 07:00:00,"565,0370831451229","780,52002",2,3,2024-04-17
2024-04-17 08:00:00,"593,2492010764082","625,940002",2,3,2024-04-17
2024-04-17 09:00:00,"597,312898092225","596,099976",2,3,2024-04-17
2024-04-17 10:00:00,"583,714253976457","599,080017",2,3,2024-04-17
2024-04-17 11:00:00,"578,9730832908618","589,830017",2,3,2024-04-17
2024-04-17 12:00:00,"570,1667937053204","579,76001",2,3,2024-04-17
2024-04-17 13:00:00,"586,0280903160316","574,690002",2,3,2024-04-17
2024-04-17 14:00:00,"602,5553707247576","596,840027",2,3,2024-04-17
2024-04-17 15:00:00,"608,972395548264","648,320007",2,3,2024-04-17
2024-04-17 16:00:00,"632,7689118652389","857,73999",2,3,2024-04-17
2024-04-17 17:00:00,"632,5245591415697","1193,089966",2,3,2024-04-17
2024-04-17 18:00:00,"610,1807506690852","1267,550049",2,3,2024-04-17
2024-04-17 19:00:00,"561,4841644309867","970,320007",2,3,2024-04-17
2024-04-17 20:00:00,"500,4054620385472","738,890015",2,3,2024-04-17
2024-04-17 21:00:00,"447,69453619392067","655,109985",2,3,2024-04-17
2024-04-17 22:00:00,"385,13032228646483","685,150024",2,3,2024-04-17
2024-04-17 23:00:00,"338,0751948148706","652,23999",2,3,2024-04-17
2024-04-18 00:00:00,"318,37043622055","660,52002",2,3,2024-04-18
2024-04-18 01:00:00,"296,88847613007397","654,780029",2,3,2024-04-18
2024-04-18 02:00:00,"280,8746808391493","668,580017",2,3,2024-04-18
2024-04-18 03:00:00,"280,37072863243685","697,380005",2,3,2024-04-18
2024-04-18 04:00:00,"290,78691819227134","909,349976",2,3,2024-04-18
2024-04-18 05:00:00,"322,2125154395895","1162,430054",2,3,2024-04-18
2024-04-18 06:00:00,"381,42541681022476","978,809998",2,3,2024-04-18
2024-04-18 07:00:00,"420,9307145894717","754,460022",2,3,2024-04-18
2024-04-18 08:00:00,"420,2566533637837","673,059998",2,3,2024-04-18
2024-04-18 09:00:00,"411,5545416090359","625,76001",2,3,2024-04-18
2024-04-18 10:00:00,"385,88232724569247","601,659973",2,3,2024-04-18
2024-04-18 11:00:00,"366,86613425125057","575,98999",2,3,2024-04-18
2024-04-18 12:00:00,"358,1401024806899","544,72998",2,3,2024-04-18
2024-04-18 13:00:00,"371,48430426448397","527,48999",2,3,2024-04-18
2024-04-18 14:00:00,"410,1898528426421","528,840027",2,3,2024-04-18
2024-04-18 15:00:00,"423,5214970593368","606,799988",2,3,2024-04-18
2024-04-18 16:00:00,"453,0416537509003","701,559998",2,3,2024-04-18
2024-04-18 17:00:00,"463,6363992421584","934,419983",2,3,2024-04-18
2024-04-18 18:00:00,"454,99349564666585","961,200012",2,3,2024-04-18
2024-04-18 19:00:00,"426,72310279641493","790,27002",2,3,2024-04-18
2024-04-18 20:00:00,"354,5089544813968","670,669983",2,3,2024-04-18
2024-04-18 21:00:00,"319,1864560860704","592,179993",2,3,2024-04-18
2024-04-18 22:00:00,"273,14007401314944","576,090027",2,3,2024-04-18
2024-04-18 23:00:00,"255,65226278833234","453,869995",2,3,2024-04-18
2024-04-19 00:00:00,"238,6253272499039","377,019989",2,3,2024-04-19
2024-04-19 01:00:00,"234,1108150213685","369,109985",2,3,2024-04-19
2024-04-19 02:00:00,"233,4965525883151","357,920013",2,3,2024-04-19
2024-04-19 03:00:00,"233,74873288710674","366,200012",2,3,2024-04-19
2024-04-19 04:00:00,"235,72788294241613","448,570007",2,3,2024-04-19
2024-04-19 05:00:00,"260,93500169630136","527,809998",2,3,2024-04-19
2024-04-19 06:00:00,"297,6818095615296","581,01001",2,3,2024-04-19
2024-04-19 07:00:00,"346,3808523653427","516,700012",2,3,2024-04-19
2024-04-19 08:00:00,"346,78645986411067","457,160004",2,3,2024-04-19
2024-04-19 09:00:00,"325,42755655688615","427,380005",2,3,2024-04-19
2024-04-19 10:00:00,"311,06241883912105","389,179993",2,3,2024-04-19
2024-04-19 11:00:00,"303,69563343601044","363,140015",2,3,2024-04-19
2024-04-19 12:00:00,"291,9276009217196","346,059998",2,3,2024-04-19
2024-04-19 13:00:00,"276,4934104117276","353,0",2,3,2024-04-19
2024-04-19 14:00:00,"289,47273473358035","379,859985",2,3,2024-04-19
2024-04-19 15:00:00,"313,7804918857686","427,980011",2,3,2024-04-19
2024-04-19 16:00:00,"343,82320342448753","470,660004",2,3,2024-04-19
2024-04-19 17:00:00,"340,0303115979095","475,660004",2,3,2024-04-19
2024-04-19 18:00:00,"324,83730001595904","482,670013",2,3,2024-04-19
2024-04-19 19:00:00,"279,5009193313908","482,079987",2,3,2024-04-19
2024-04-19 20:00:00,"262,03782537360615","475,359985",2,3,2024-04-19
2024-04-19 21:00:00,"251,73771931057567","459,839996",2,3,2024-04-19
2024-04-19 22:00:00,"236,98278953103002","438,709991",2,3,2024-04-19
2024-04-19 23:00:00,"228,7239542080356","422,209991",2,3,2024-04-19
2024-04-20 00:00:00,"224,0498227241647","417,51001",2,3,2024-04-20
2024-04-20 01:00:00,"221,37014689923345","430,950012",2,3,2024-04-20
2024-04-20 02:00:00,"221,12790359935437","455,5",2,3,2024-04-20
2024-04-20 03:00:00,"221,28759691699688","468,850006",2,3,2024-04-20
2024-04-20 04:00:00,"223,656230331551","476,98999",2,3,2024-04-20
2024-04-20 05:00:00,"227,91904556579098","507,279999",2,3,2024-04-20
2024-04-20 06:00:00,"232,04068647111356","485,350006",2,3,2024-04-20
2024-04-20 07:00:00,"242,32145481158804","446,98999",2,3,2024-04-20
2024-04-20 08:00:00,"283,9572535395991","373,48999",2,3,2024-04-20
2024-04-20 09:00:00,"294,101834172113","286,769989",2,3,2024-04-20
2024-04-20 10:00:00,"297,6667406385298","216,179993",2,3,2024-04-20
2024-04-20 11:00:00,"295,9084592235248","92,010002",2,3,2024-04-20
2024-04-20 12:00:00,"300,1752455165539","78,730003",2,3,2024-04-20
2024-04-20 13:00:00,"326,6875067226275","136,779999",2,3,2024-04-20
2024-04-20 14:00:00,"370,7045450013152","279,160004",2,3,2024-04-20
2024-04-20 15:00:00,"427,5294535954335","468,850006",2,3,2024-04-20
2024-04-20 16:00:00,"485,83587781823314","588,77002",2,3,2024-04-20
2024-04-20 17:00:00,"522,3413378844397","668,690002",2,3,2024-04-20
2024-04-20 18:00:00,"510,76878021855225","724,140015",2,3,2024-04-20
2024-04-20 19:00:00,"486,1166883228655","673,919983",2,3,2024-04-20
2024-04-20 20:00:00,"417,5870037731996","642,280029",2,3,2024-04-20
2024-04-20 21:00:00,"354,8531138434969","618,619995",2,3,2024-04-20
2024-04-20 22:00:00,"300,87890678031744","610,679993",2,3,2024-04-20
2024-04-20 23:00:00,"275,58538071035775","526,669983",2,3,2024-04-20
2024-04-21 00:00:00,"247,1697416127236","518,76001",2,3,2024-04-21
2024-04-21 01:00:00,"240,9490038599916","480,48999",2,3,2024-04-21
2024-04-21 02:00:00,"239,81762055425048","476,609985",2,3,2024-04-21
2024-04-21 03:00:00,"235,40577814240064","474,670013",2,3,2024-04-21
2024-04-21 04:00:00,"240,20475788729982","480,709991",2,3,2024-04-21
2024-04-21 05:00:00,"244,97095791500507","451,609985",2,3,2024-04-21
2024-04-21 06:00:00,"264,4639093817562","454,220001",2,3,2024-04-21
2024-04-21 07:00:00,"291,5726868866132","408,339996",2,3,2024-04-21
2024-04-21 08:00:00,"287,6818938322069","322,980011",2,3,2024-04-21
2024-04-21 09:00:00,"281,945115935489","316,869995",2,3,2024-04-21
2024-04-21 10:00:00,"277,39031652077097","327,829987",2,3,2024-04-21
2024-04-21 11:00:00,"266,6112133306556","314,399994",2,3,2024-04-21
2024-04-21 12:00:00,"265,9056903430795","309,480011",2,3,2024-04-21
2024-04-21 13:00:00,"258,3964926006881","312,839996",2,3,2024-04-21
2024-04-21 14:00:00,"283,4235359063005","355,890015",2,3,2024-04-21
2024-04-21 15:00:00,"287,4699512661339","437,809998",2,3,2024-04-21
2024-04-21 16:00:00,"292,71809319887683","556,590027",2,3,2024-04-21
2024-04-21 17:00:00,"278,5566171650595","666,710022",2,3,2024-04-21
2024-04-21 18:00:00,"258,21886073115195","710,72998",2,3,2024-04-21
2024-04-21 19:00:00,"246,46421862514754","679,469971",2,3,2024-04-21
2024-04-21 20:00:00,"235,65662028235042","667,080017",2,3,2024-04-21
2024-04-21 21:00:00,"235,65662028235042","660,0",2,3,2024-04-21
2024-04-21 22:00:00,"233,78363788205345","589,190002",2,3,2024-04-21
2024-04-21 23:00:00,"233,78363788205345","582,330017",2,3,2024-04-21
2024-04-22 00:00:00,"478,74030425355306","585,23999",2,4,2024-04-22
2024-04-22 01:00:00,"385,49928947549233","596,280029",2,4,2024-04-22
2024-04-22 02:00:00,"300,5168548261189","595,309998",2,4,2024-04-22
2024-04-22 03:00:00,"262,0667780708745","652,830017",2,4,2024-04-22
2024-04-22 04:00:00,"242,18295510475681","790,109985",2,4,2024-04-22
2024-04-22 05:00:00,"252,28276890025924","975,820007",2,4,2024-04-22
2024-04-22 06:00:00,"288,1294789864425","876,359985",2,4,2024-04-22
2024-04-22 07:00:00,"298,31933393969473","724,090027",2,4,2024-04-22
2024-04-22 08:00:00,"312,51261236870624","610,75",2,4,2024-04-22
2024-04-22 09:00:00,"314,16449044755484","606,130005",2,4,2024-04-22
2024-04-22 10:00:00,"313,1222763694856","574,869995",2,4,2024-04-22
2024-04-22 11:00:00,"308,37650865144974","549,650024",2,4,2024-04-22
2024-04-22 12:00:00,"309,4060675389366","553,080017",2,4,2024-04-22
2024-04-22 13:00:00,"311,03440999727076","571,429993",2,4,2024-04-22
2024-04-22 14:00:00,"318,3817949963092","608,590027",2,4,2024-04-22
2024-04-22 15:00:00,"334,47549896997293","722,150024",2,4,2024-04-22
2024-04-22 16:00:00,"390,3775723698414","881,880005",2,4,2024-04-22
2024-04-22 17:00:00,"409,97750399672236","1223,969971",2,4,2024-04-22
2024-04-22 18:00:00,"388,2768603361603","1275,52002",2,4,2024-04-22
2024-04-22 19:00:00,"360,9326215259777","970,299988",2,4,2024-04-22
2024-04-22 20:00:00,"334,81808153188985","789,140015",2,4,2024-04-22
2024-04-22 21:00:00,"324,4797415595643","723,640015",2,4,2024-04-22
2024-04-22 22:00:00,"302,94211853341005","658,969971",2,4,2024-04-22
2024-04-22 23:00:00,"283,2623905651393","646,809998",2,4,2024-04-22
2024-04-23 00:00:00,"257,0216698054499","641,289978",2,4,2024-04-23
2024-04-23 01:00:00,"243,45296765642442","637,340027",2,4,2024-04-23
2024-04-23 02:00:00,"242,57816114127803","644,280029",2,4,2024-04-23
2024-04-23 03:00:00,"252,59342637251572","728,890015",2,4,2024-04-23
2024-04-23 04:00:00,"286,0115370555456","905,789978",2,4,2024-04-23
2024-04-23 05:00:00,"305,7454643215129","1352,420044",2,4,2024-04-23
2024-04-23 06:00:00,"354,1126412914618","1016,820007",2,4,2024-04-23
2024-04-23 07:00:00,"403,33432862136715","734,030029",2,4,2024-04-23
2024-04-23 08:00:00,"415,46861921121996","618,309998",2,4,2024-04-23
2024-04-23 09:00:00,"424,08775468589874","576,450012",2,4,2024-04-23
2024-04-23 10:00:00,"415,36212008111926","577,950012",2,4,2024-04-23
2024-04-23 11:00:00,"409,13202828629966","592,27002",2,4,2024-04-23
2024-04-23 12:00:00,"399,6860630402775","586,599976",2,4,2024-04-23
2024-04-23 13:00:00,"394,5074014154942","597,049988",2,4,2024-04-23
2024-04-23 14:00:00,"489,14149857314464","619,429993",2,4,2024-04-23
2024-04-23 15:00:00,"564,4645109229318","671,289978",2,4,2024-04-23
2024-04-23 16:00:00,"570,277850221632","764,030029",2,4,2024-04-23
2024-04-23 17:00:00,"559,022555719589","917,799988",2,4,2024-04-23
2024-04-23 18:00:00,"507,4762047224205","933,169983",2,4,2024-04-23
2024-04-23 19:00:00,"437,9093710361961","784,169983",2,4,2024-04-23
2024-04-23 20:00:00,"363,9269342428606","691,880005",2,4,2024-04-23
2024-04-23 21:00:00,"326,2869481038806","608,460022",2,4,2024-04-23
2024-04-23 22:00:00,"305,8518888301068","595,640015",2,4,2024-04-23
2024-04-23 23:00:00,"295,8254265796751","567,73999",2,4,2024-04-23
2024-04-24 00:00:00,"288,4007947649493","561,840027",2,4,2024-04-24
2024-04-24 01:00:00,"290,636820430856","545,130005",2,4,2024-04-24
2024-04-24 02:00:00,"277,4580255404141","567,289978",2,4,2024-04-24
2024-04-24 03:00:00,"277,32943491245663","610,47998",2,4,2024-04-24
2024-04-24 04:00:00,"300,01748311320534","758,419983",2,4,2024-04-24
2024-04-24 05:00:00,"351,95329462958307","979,700012",2,4,2024-04-24
2024-04-24 06:00:00,"441,8235277333025","964,109985",2,4,2024-04-24
2024-04-24 07:00:00,"554,7222688322202","724,25",2,4,2024-04-24
2024-04-24 08:00:00,"581,6213021169207","693,590027",2,4,2024-04-24
2024-04-24 09:00:00,"588,0118651699879","679,190002",2,4,2024-04-24
2024-04-24 10:00:00,"572,1283985202998","638,76001",2,4,2024-04-24
2024-04-24 11:00:00,"572,2802663063438","622,789978",2,4,2024-04-24
2024-04-24 12:00:00,"560,9178295372851","600,929993",2,4,2024-04-24
2024-04-24 13:00:00,"569,1250433822961","616,900024",2,4,2024-04-24
2024-04-24 14:00:00,"590,938283048742","635,25",2,4,2024-04-24
2024-04-24 15:00:00,"596,309226391426","716,869995",2,4,2024-04-24
2024-04-24 16:00:00,"617,8706504503147","776,179993",2,4,2024-04-24
2024-04-24 17:00:00,"615,0819726704904","1008,640015",2,4,2024-04-24
2024-04-24 18:00:00,"595,3962185914705","1070,119995",2,4,2024-04-24
2024-04-24 19:00:00,"546,737592520779","903,900024",2,4,2024-04-24
2024-04-24 20:00:00,"480,3662582712613","785,650024",2,4,2024-04-24
2024-04-24 21:00:00,"447,4143912164402","673,0",2,4,2024-04-24
2024-04-24 22:00:00,"385,06435599594545","622,700012",2,4,2024-04-24
2024-04-24 23:00:00,"338,0092285243512","596,599976",2,4,2024-04-24
2024-04-25 00:00:00,"317,3757407136344","576,97998",2,4,2024-04-25
2024-04-25 01:00:00,"295,89378062315836","567,140015",2,4,2024-04-25
2024-04-25 02:00:00,"280,0319533661714","561,099976",2,4,2024-04-25
2024-04-25 03:00:00,"280,53461822351966","626,580017",2,4,2024-04-25
2024-04-25 04:00:00,"289,6583369116973","763,940002",2,4,2024-04-25
2024-04-25 05:00:00,"318,7591357956556","976,780029",2,4,2024-04-25
2024-04-25 06:00:00,"378,5765187643416","852,840027",2,4,2024-04-25
2024-04-25 07:00:00,"417,6857081800537","690,26001",2,4,2024-04-25
2024-04-25 08:00:00,"417,45582979063084","597,859985",2,4,2024-04-25
2024-04-25 09:00:00,"411,23983880232873","583,169983",2,4,2024-04-25
2024-04-25 10:00:00,"387,44222011766226","551,26001",2,4,2024-04-25
2024-04-25 11:00:00,"369,30446882405465","514,710022",2,4,2024-04-25
2024-04-25 12:00:00,"362,7163782973279","498,230011",2,4,2024-04-25
2024-04-25 13:00:00,"371,2552483877488","517,400024",2,4,2024-04-25
2024-04-25 14:00:00,"407,250652663716","542,97998",2,4,2024-04-25
2024-04-25 15:00:00,"421,67931253289265","595,700012",2,4,2024-04-25
2024-04-25 16:00:00,"453,65071495509096","709,72998",2,4,2024-04-25
2024-04-25 17:00:00,"465,97145167388277","1052,170044",2,4,2024-04-25
2024-04-25 18:00:00,"457,6558607912845","1135,699951",2,4,2024-04-25
2024-04-25 19:00:00,"435,5502831867414","847,98999",2,4,2024-04-25
2024-04-25 20:00:00,"368,11129816694387","681,23999",2,4,2024-04-25
2024-04-25 21:00:00,"337,06392359874036","594,659973",2,4,2024-04-25
2024-04-25 22:00:00,"289,074776360547","595,719971",2,4,2024-04-25
2024-04-25 23:00:00,"262,2036225162667","551,929993",2,4,2024-04-25
2024-04-26 00:00:00,"242,30321835324747","553,429993",2,4,2024-04-26
2024-04-26 01:00:00,"235,40577814240064","552,460022",2,4,2024-04-26
2024-04-26 02:00:00,"235,40577814240064","575,049988",2,4,2024-04-26
2024-04-26 03:00:00,"235,9777913248804","618,909973",2,4,2024-04-26
2024-04-26 04:00:00,"235,9777913248804","697,380005",2,4,2024-04-26
2024-04-26 05:00:00,"263,96051811378453","776,140015",2,4,2024-04-26
2024-04-26 06:00:00,"299,420097720474","716,469971",2,4,2024-04-26
2024-04-26 07:00:00,"352,51218395797804","604,73999",2,4,2024-04-26
2024-04-26 08:00:00,"344,25073582126424","580,349976",2,4,2024-04-26
2024-04-26 09:00:00,"319,43990034242813","544,099976",2,4,2024-04-26
2024-04-26 10:00:00,"302,9665060033383","524,710022",2,4,2024-04-26
2024-04-26 11:00:00,"299,79122828471117","512,700012",2,4,2024-04-26
2024-04-26 12:00:00,"288,006165350258","487,570007",2,4,2024-04-26
2024-04-26 13:00:00,"274,66103766630897","521,5",2,4,2024-04-26
2024-04-26 14:00:00,"295,58092019845475","534,780029",2,4,2024-04-26
2024-04-26 15:00:00,"325,14617475965974","600,119995",2,4,2024-04-26
2024-04-26 16:00:00,"358,6905170468924","700,210022",2,4,2024-04-26
2024-04-26 17:00:00,"356,5160652146949","960,219971",2,4,2024-04-26
2024-04-26 18:00:00,"339,0752464961822","1018,539978",2,4,2024-04-26
2024-04-26 19:00:00,"303,2764283620268","820,440002",2,4,2024-04-26
2024-04-26 20:00:00,"289,5600393560619","691,47998",2,4,2024-04-26
2024-04-26 21:00:00,"268,70521412432214","658,289978",2,4,2024-04-26
2024-04-26 22:00:00,"244,4495142223478","673,330017",2,4,2024-04-26
2024-04-26 23:00:00,"230,61500257926616","662,960022",2,4,2024-04-26
2024-04-27 00:00:00,"225,82192376404","645,72998",2,4,2024-04-27
2024-04-27 01:00:00,"221,74382727700967","663,929993",2,4,2024-04-27
2024-04-27 02:00:00,"221,28759691699688","653,940002",2,4,2024-04-27
2024-04-27 03:00:00,"222,49511655645418","625,52002",2,4,2024-04-27
2024-04-27 04:00:00,"223,56096378931633","641,929993",2,4,2024-04-27
2024-04-27 05:00:00,"227,91904556579098","589,429993",2,4,2024-04-27
2024-04-27 06:00:00,"232,04068647111356","511,950012",2,4,2024-04-27
2024-04-27 07:00:00,"242,32145481158804","440,51001",2,4,2024-04-27
2024-04-27 08:00:00,"283,8912872490797","284,950012",2,4,2024-04-27
2024-04-27 09:00:00,"293,253821745489","194,559998",2,4,2024-04-27
2024-04-27 10:00:00,"295,7605523258695","294,640015",2,4,2024-04-27
2024-04-27 11:00:00,"289,7055302469815","308,809998",2,4,2024-04-27
2024-04-27 12:00:00,"289,039806698934","182,710007",2,4,2024-04-27
2024-04-27 13:00:00,"303,68812773293723","75,019997",2,4,2024-04-27
2024-04-27 14:00:00,"353,9990328500538","156,080002",2,4,2024-04-27
2024-04-27 15:00:00,"409,90028061292696","465,040009",2,4,2024-04-27
2024-04-27 16:00:00,"457,180141851278","641,330017",2,4,2024-04-27
2024-04-27 17:00:00,"490,646901498991","894,140015",2,4,2024-04-27
2024-04-27 18:00:00,"469,66195706284697","837,23999",2,4,2024-04-27
2024-04-27 19:00:00,"432,5052131381349","633,880005",2,4,2024-04-27
2024-04-27 20:00:00,"356,83092255241036","566,01001",2,4,2024-04-27
2024-04-27 21:00:00,"310,9261884686787","486,440002",2,4,2024-04-27
2024-04-27 22:00:00,"278,77493630267446","420,570007",2,4,2024-04-27
2024-04-27 23:00:00,"253,18731232581024","344,119995",2,4,2024-04-27
2024-04-28 00:00:00,"242,78632752180408","295,350006",2,4,2024-04-28
2024-04-28 01:00:00,"238,37068939928062","241,050003",2,4,2024-04-28
2024-04-28 02:00:00,"238,4912285215144","212,490005",2,4,2024-04-28
2024-04-28 03:00:00,"235,8484220646499","199,059998",2,4,2024-04-28
2024-04-28 04:00:00,"239,9141557943153","74,209999",2,4,2024-04-28
2024-04-28 05:00:00,"242,73367769442635","1,86",2,4,2024-04-28
2024-04-28 06:00:00,"259,6043496836291","1,94",2,4,2024-04-28
2024-04-28 07:00:00,"280,26019583346664","1,64",2,4,2024-04-28
2024-04-28 08:00:00,"277,39031652077097","0,0",2,4,2024-04-28
2024-04-28 09:00:00,"280,0798752580512","-7,16",2,4,2024-04-28
2024-04-28 10:00:00,"275,44161895863243","-8,28",2,4,2024-04-28
2024-04-28 11:00:00,"263,77667220552553","-18,65",2,4,2024-04-28
2024-04-28 12:00:00,"263,0711492179495","-18,790001",2,4,2024-04-28
2024-04-28 13:00:00,"255,561951475558","-15,14",2,4,2024-04-28
2024-04-28 14:00:00,"289,5610692144046","-7,31",2,4,2024-04-28
2024-04-28 15:00:00,"290,37984153243866","0,0",2,4,2024-04-28
2024-04-28 16:00:00,"293,2884649123801","264,320007",2,4,2024-04-28
2024-04-28 17:00:00,"277,4940021750048","442,350006",2,4,2024-04-28
2024-04-28 18:00:00,"254,1670768664052","577,640015",2,4,2024-04-28
2024-04-28 19:00:00,"233,7963898346351","583,159973",2,4,2024-04-28
2024-04-28 20:00:00,"223,6314490755987","468,079987",2,4,2024-04-28
2024-04-28 21:00:00,"222,02518569556733","417,890015",2,4,2024-04-28
2024-04-28 22:00:00,"226,2531567755029","306,529999",2,4,2024-04-28
2024-04-28 23:00:00,"222,53890893485888","370,75",2,4,2024-04-28
2024-07-01 00:00:00,"534,699132180769","583,150024",3,1,2024-07-01
2024-07-01 01:00:00,"436,1077221365947","581,809998",3,1,2024-07-01
2024-07-01 02:00:00,"329,2814539608458","564,059998",3,1,2024-07-01
2024-07-01 03:00:00,"265,87639362327076","602,76001",3,1,2024-07-01
2024-07-01 04:00:00,"243,6487246925371","907,349976",3,1,2024-07-01
2024-07-01 05:00:00,"253,2899197072487","1028,550049",3,1,2024-07-01
2024-07-01 06:00:00,"293,7776871711146","1061,73999",3,1,2024-07-01
2024-07-01 07:00:00,"305,7488846797952","841,27002",3,1,2024-07-01
2024-07-01 08:00:00,"317,781096731986","778,929993",3,1,2024-07-01
2024-07-01 09:00:00,"318,85640044841176","642,52002",3,1,2024-07-01
2024-07-01 10:00:00,"316,08921343636626","493,200012",3,1,2024-07-01
2024-07-01 11:00:00,"309,3312732456417","318,609985",3,1,2024-07-01
2024-07-01 12:00:00,"307,44326292162543","258,5",3,1,2024-07-01
2024-07-01 13:00:00,"307,59427769046295","251,929993",3,1,2024-07-01
2024-07-01 14:00:00,"316,98819475442826","273,940002",3,1,2024-07-01
2024-07-01 15:00:00,"332,60939683727867","452,779999",3,1,2024-07-01
2024-07-01 16:00:00,"384,1695590027987","568,080017",3,1,2024-07-01
2024-07-01 17:00:00,"407,9019993781493","745,890015",3,1,2024-07-01
2024-07-01 18:00:00,"385,57318862245427","1214,109985",3,1,2024-07-01
2024-07-01 19:00:00,"357,4634124508971","939,719971",3,1,2024-07-01
2024-07-01 20:00:00,"326,9040970444324","782,580017",3,1,2024-07-01
2024-07-01 21:00:00,"310,19861115849704","653,700012",3,1,2024-07-01
2024-07-01 22:00:00,"299,20863931472996","593,919983",3,1,2024-07-01
2024-07-01 23:00:00,"283,06705501438955","462,350006",3,1,2024-07-01
2024-07-02 00:00:00,"255,57473865048","375,829987",3,1,2024-07-02
2024-07-02 01:00:00,"239,89561567531453","402,829987",3,1,2024-07-02
2024-07-02 02:00:00,"243,59034522998547","343,98999",3,1,2024-07-02
2024-07-02 03:00:00,"254,27897766310403","379,040009",3,1,2024-07-02
2024-07-02 04:00:00,"285,9455707650262","571,320007",3,1,2024-07-02
2024-07-02 05:00:00,"304,61688304093883","732,940002",3,1,2024-07-02
2024-07-02 06:00:00,"353,9106286840983","737,200012",3,1,2024-07-02
2024-07-02 07:00:00,"403,27435785286673","636,950012",3,1,2024-07-02
2024-07-02 08:00:00,"413,6640681748641","605,030029",3,1,2024-07-02
2024-07-02 09:00:00,"426,62198400296546","542,75",3,1,2024-07-02
2024-07-02 10:00:00,"416,53168922312335","529,400024",3,1,2024-07-02
2024-07-02 11:00:00,"414,5414610538841","503,450012",3,1,2024-07-02
2024-07-02 12:00:00,"405,2111982846968","443,559998",3,1,2024-07-02
2024-07-02 13:00:00,"398,0071830982536","450,570007",3,1,2024-07-02
2024-07-02 14:00:00,"489,69654857778676","540,289978",3,1,2024-07-02
2024-07-02 15:00:00,"572,4840962959526","552,52002",3,1,2024-07-02
2024-07-02 16:00:00,"578,7644799582714","617,190002",3,1,2024-07-02
2024-07-02 17:00:00,"565,6714505014256","754,349976",3,1,2024-07-02
2024-07-02 18:00:00,"510,0611429222064","837,140015",3,1,2024-07-02
2024-07-02 19:00:00,"447,6049006214738","634,419983",3,1,2024-07-02
2024-07-02 20:00:00,"373,1149831297595","345,779999",3,1,2024-07-02
2024-07-02 21:00:00,"339,1840856884771","301,100006",3,1,2024-07-02
2024-07-02 22:00:00,"316,77034594329405","277,459991",3,1,2024-07-02
2024-07-02 23:00:00,"294,7565372328788","268,809998",3,1,2024-07-02
2024-07-03 00:00:00,"276,27872558798856","267,23999",3,1,2024-07-03
2024-07-03 01:00:00,"272,5547724824388","270,380005",3,1,2024-07-03
2024-07-03 02:00:00,"268,76659847079316","288,649994",3,1,2024-07-03
2024-07-03 03:00:00,"280,2428708506058","439,309998",3,1,2024-07-03
2024-07-03 04:00:00,"299,95521394713734","647,929993",3,1,2024-07-03
2024-07-03 05:00:00,"349,56826359132583","729,599976",3,1,2024-07-03
2024-07-03 06:00:00,"433,76870162836707","771,669983",3,1,2024-07-03
2024-07-03 07:00:00,"544,7872292245363","457,959991",3,1,2024-07-03
2024-07-03 08:00:00,"576,5594150737746","323,029999",3,1,2024-07-03
2024-07-03 09:00:00,"587,0397079218138","298,119995",3,1,2024-07-03
2024-07-03 10:00:00,"571,8406573972271","291,859985",3,1,2024-07-03
2024-07-03 11:00:00,"563,2800403693826","296,179993",3,1,2024-07-03
2024-07-03 12:00:00,"556,311655257825","306,100006",3,1,2024-07-03
2024-07-03 13:00:00,"568,7801717332314","317,220001",3,1,2024-07-03
2024-07-03 14:00:00,"581,782886656919","376,660004",3,1,2024-07-03
2024-07-03 15:00:00,"590,3356889511174","590,5",3,1,2024-07-03
2024-07-03 16:00:00,"614,2439722407689","725,049988",3,1,2024-07-03
2024-07-03 17:00:00,"610,4497870502283","864,75",3,1,2024-07-03
2024-07-03 18:00:00,"590,7198061984665","1193,079956",3,1,2024-07-03
2024-07-03 19:00:00,"550,8669838732462","843,570007",3,1,2024-07-03
2024-07-03 20:00:00,"482,01106955873604","677,390015",3,1,2024-07-03
2024-07-03 21:00:00,"434,52187070143714","513,900024",3,1,2024-07-03
2024-07-03 22:00:00,"369,84875715264883","436,329987",3,1,2024-07-03
2024-07-03 23:00:00,"325,73635994149606","228,75",3,1,2024-07-03
2024-07-04 00:00:00,"305,7404873337464","191,240005",3,1,2024-07-04
2024-07-04 01:00:00,"292,3850020352687","130,149994",3,1,2024-07-04
2024-07-04 02:00:00,"272,9672236157906","72,870003",3,1,2024-07-04
2024-07-04 03:00:00,"273,68073463292467","74,730003",3,1,2024-07-04
2024-07-04 04:00:00,"286,41121067950627","197,429993",3,1,2024-07-04
2024-07-04 05:00:00,"310,4709904004047","223,759995",3,1,2024-07-04
2024-07-04 06:00:00,"372,43274275515097","235,910004",3,1,2024-07-04
2024-07-04 07:00:00,"412,2684463469094","178,630005",3,1,2024-07-04
2024-07-04 08:00:00,"413,39248907000643","26,700001",3,1,2024-07-04
2024-07-04 09:00:00,"408,39339607428445","21,780001",3,1,2024-07-04
2024-07-04 10:00:00,"383,2590596831009","20,440001",3,1,2024-07-04
2024-07-04 11:00:00,"366,2110296393737","7,23",3,1,2024-07-04
2024-07-04 12:00:00,"358,1401024806899","0,0",3,1,2024-07-04
2024-07-04 13:00:00,"370,9815012892351","0,0",3,1,2024-07-04
2024-07-04 14:00:00,"407,49453276131436","-0,07",3,1,2024-07-04
2024-07-04 15:00:00,"412,789942842495","11,26",3,1,2024-07-04
2024-07-04 16:00:00,"441,48480400076346","87,410004",3,1,2024-07-04
2024-07-04 17:00:00,"432,84290452554535","216,300003",3,1,2024-07-04
2024-07-04 18:00:00,"416,57087838240557","336,160004",3,1,2024-07-04
2024-07-04 19:00:00,"396,9319239062608","289,320007",3,1,2024-07-04
2024-07-04 20:00:00,"339,449604723906","288,5",3,1,2024-07-04
2024-07-04 21:00:00,"314,6884539657855","284,170013",3,1,2024-07-04
2024-07-04 22:00:00,"269,06318310157695","51,610001",3,1,2024-07-04
2024-07-04 23:00:00,"248,40242890624108","35,130001",3,1,2024-07-04
2024-07-05 00:00:00,"219,27562259326228","30,73",3,1,2024-07-05
2024-07-05 01:00:00,"209,60187601092477","19,91",3,1,2024-07-05
2024-07-05 02:00:00,"212,33360548369615","21,780001",3,1,2024-07-05
2024-07-05 03:00:00,"212,53437492746625","42,66",3,1,2024-07-05
2024-07-05 04:00:00,"217,54606006129066","149,100006",3,1,2024-07-05
2024-07-05 05:00:00,"252,44049934150465","213,990005",3,1,2024-07-05
2024-07-05 06:00:00,"294,7659060657555","221,369995",3,1,2024-07-05
2024-07-05 07:00:00,"335,9796890716894","138,429993",3,1,2024-07-05
2024-07-05 08:00:00,"335,7556926356223","22,0",3,1,2024-07-05
2024-07-05 09:00:00,"314,5277079773388","3,06",3,1,2024-07-05
2024-07-05 10:00:00,"297,781080945811","-0,3",3,1,2024-07-05
2024-07-05 11:00:00,"282,6652107070651","-4,1",3,1,2024-07-05
2024-07-05 12:00:00,"265,9175013386525","-5,74",3,1,2024-07-05
2024-07-05 13:00:00,"263,30440246001643","-0,22",3,1,2024-07-05
2024-07-05 14:00:00,"284,3730095662509","14,4",3,1,2024-07-05
2024-07-05 15:00:00,"307,45582474234004","97,410004",3,1,2024-07-05
2024-07-05 16:00:00,"341,135585097502","173,559998",3,1,2024-07-05
2024-07-05 17:00:00,"339,69823907782217","273,730011",3,1,2024-07-05
2024-07-05 18:00:00,"327,0309797331556","282,01001",3,1,2024-07-05
2024-07-05 19:00:00,"288,25283273439686","447,959991",3,1,2024-07-05
2024-07-05 20:00:00,"266,655624797315","618,02002",3,1,2024-07-05
2024-07-05 21:00:00,"253,13836492594896","633,609985",3,1,2024-07-05
2024-07-05 22:00:00,"239,62198291516742","637,890015",3,1,2024-07-05
2024-07-05 23:00:00,"230,4196670285163","492,73999",3,1,2024-07-05
2024-07-06 00:00:00,"225,44824338626378","473,799988",3,1,2024-07-06
2024-07-06 01:00:00,"220,6011110004798","346,540009",3,1,2024-07-06
2024-07-06 02:00:00,"221,8540719985651","288,070007",3,1,2024-07-06
2024-07-06 03:00:00,"221,5727856938389","117,029999",3,1,2024-07-06
2024-07-06 04:00:00,"217,7695452745956","41,77",3,1,2024-07-06
2024-07-06 05:00:00,"219,79368663253626","41,02",3,1,2024-07-06
2024-07-06 06:00:00,"214,37406225306816","25,959999",3,1,2024-07-06
2024-07-06 07:00:00,"220,80491963398325","2,39",3,1,2024-07-06
2024-07-06 08:00:00,"271,70568350208606","-0,3",3,1,2024-07-06
2024-07-06 09:00:00,"276,2567737493137","-0,15",3,1,2024-07-06
2024-07-06 10:00:00,"276,2567737493137","-0,22",3,1,2024-07-06
2024-07-06 11:00:00,"272,9719692440901","-0,9",3,1,2024-07-06
2024-07-06 12:00:00,"276,2567737493137","-16,26",3,1,2024-07-06
2024-07-06 13:00:00,"299,53026994372283","-20,209999",3,1,2024-07-06
2024-07-06 14:00:00,"353,05508297566575","-4,48",3,1,2024-07-06
2024-07-06 15:00:00,"421,065738295604","0,07",3,1,2024-07-06
2024-07-06 16:00:00,"475,5304561334181","14,47",3,1,2024-07-06
2024-07-06 17:00:00,"510,1272637599103","3,28",3,1,2024-07-06
2024-07-06 18:00:00,"499,46986391360053","49,900002",3,1,2024-07-06
2024-07-06 19:00:00,"445,64555053197694","70,110001",3,1,2024-07-06
2024-07-06 20:00:00,"366,7891219417109","134,259995",3,1,2024-07-06
2024-07-06 21:00:00,"314,68580609766843","50,5",3,1,2024-07-06
2024-07-06 22:00:00,"273,8598718440616","-0,15",3,1,2024-07-06
2024-07-06 23:00:00,"245,5399405602614","-0,75",3,1,2024-07-06
2024-07-07 00:00:00,"224,10199224355847","-5,97",3,1,2024-07-07
2024-07-07 01:00:00,"225,61430563672326","-3,58",3,1,2024-07-07
2024-07-07 02:00:00,"225,69044197043945","-0,45",3,1,2024-07-07
2024-07-07 03:00:00,"218,9814107901031","-0,07",3,1,2024-07-07
2024-07-07 04:00:00,"223,39820226416288","-0,07",3,1,2024-07-07
2024-07-07 05:00:00,"229,2304008322817","-0,07",3,1,2024-07-07
2024-07-07 06:00:00,"252,58429591464383","-4,55",3,1,2024-07-07
2024-07-07 07:00:00,"280,4253929723885","-48,25",3,1,2024-07-07
2024-07-07 08:00:00,"275,44161895863243","-74,43",3,1,2024-07-07
2024-07-07 09:00:00,"278,13117769591264","-89,800003",3,1,2024-07-07
2024-07-07 10:00:00,"278,13117769591264","-100,610001",3,1,2024-07-07
2024-07-07 11:00:00,"263,77667220552553","-112,019997",3,1,2024-07-07
2024-07-07 12:00:00,"263,0711492179495","-148,419998",3,1,2024-07-07
2024-07-07 13:00:00,"255,561951475558","-90,989998",3,1,2024-07-07
2024-07-07 14:00:00,"280,4253929723885","-45,939999",3,1,2024-07-07
2024-07-07 15:00:00,"277,39031652077097","-0,6",3,1,2024-07-07
2024-07-07 16:00:00,"288,0077322072238","477,23999",3,1,2024-07-07
2024-07-07 17:00:00,"276,63475537004933","673,23999",3,1,2024-07-07
2024-07-07 18:00:00,"258,1235941889173","937,030029",3,1,2024-07-07
2024-07-07 19:00:00,"247,67173826460484","993,190002",3,1,2024-07-07
2024-07-07 20:00:00,"235,65662028235042","859,169983",3,1,2024-07-07
2024-07-07 21:00:00,"235,65662028235042","724,400024",3,1,2024-07-07
2024-07-07 22:00:00,"233,78363788205345","608,72998",3,1,2024-07-07
2024-07-07 23:00:00,"233,78363788205345","571,659973",3,1,2024-07-07
2024-07-08 00:00:00,"473,8629563835309","552,48999",3,2,2024-07-08
2024-07-08 01:00:00,"386,49398498240794","579,640015",3,2,2024-07-08
2024-07-08 02:00:00,"303,09516928682984","568,900024",3,2,2024-07-08
2024-07-08 03:00:00,"262,3382499553404","592,469971",3,2,2024-07-08
2024-07-08 04:00:00,"243,6487246925371","820,390015",3,2,2024-07-08
2024-07-08 05:00:00,"254,48222036698374","948,52002",3,2,2024-07-08
2024-07-08 06:00:00,"293,265201425741","750,580017",3,2,2024-07-08
2024-07-08 07:00:00,"305,69378726468943","578,820007",3,2,2024-07-08
2024-07-08 08:00:00,"314,98071138604195","402,209991",3,2,2024-07-08
2024-07-08 09:00:00,"315,8174463178858","286,609985",3,2,2024-07-08
2024-07-08 10:00:00,"306,4461103311939","237,089996",3,2,2024-07-08
2024-07-08 11:00:00,"297,84756198328586","219,639999",3,2,2024-07-08
2024-07-08 12:00:00,"286,83260420135446","220,460007",3,2,2024-07-08
2024-07-08 13:00:00,"285,80188165361","274,079987",3,2,2024-07-08
2024-07-08 14:00:00,"297,5934339080649","477,320007",3,2,2024-07-08
2024-07-08 15:00:00,"317,3226337018954","598,140015",3,2,2024-07-08
2024-07-08 16:00:00,"374,92584474992157","765,419983",3,2,2024-07-08
2024-07-08 17:00:00,"408,4302274762081","1017,950012",3,2,2024-07-08
2024-07-08 18:00:00,"387,5396587915464","1919,339966",3,2,2024-07-08
2024-07-08 19:00:00,"361,73949186038493","1295,390015",3,2,2024-07-08
2024-07-08 20:00:00,"334,81808153188985","847,609985",3,2,2024-07-08
2024-07-08 21:00:00,"324,4797415595643","686,289978",3,2,2024-07-08
2024-07-08 22:00:00,"302,94211853341005","787,049988",3,2,2024-07-08
2024-07-08 23:00:00,"283,2623905651393","715,73999",3,2,2024-07-08
2024-07-09 00:00:00,"257,0216698054499","694,26001",3,2,2024-07-09
2024-07-09 01:00:00,"243,45296765642442","679,789978",3,2,2024-07-09
2024-07-09 02:00:00,"243,78568078073533","653,840027",3,2,2024-07-09
2024-07-09 03:00:00,"254,24967741138872","722,22998",3,2,2024-07-09
2024-07-09 04:00:00,"286,0115370555456","830,76001",3,2,2024-07-09
2024-07-09 05:00:00,"305,590008981402","773,919983",3,2,2024-07-09
2024-07-09 06:00:00,"354,9222529102491","701,119995",3,2,2024-07-09
2024-07-09 07:00:00,"405,1919309862273","501,679993",3,2,2024-07-09
2024-07-09 08:00:00,"416,1973656084213","347,799988",3,2,2024-07-09
2024-07-09 09:00:00,"427,2338828906471","251,440002",3,2,2024-07-09
2024-07-09 10:00:00,"417,41753278611486","163,720001",3,2,2024-07-09
2024-07-09 11:00:00,"410,72632971042054","119,190002",3,2,2024-07-09
2024-07-09 12:00:00,"396,33093926718846","32,369999",3,2,2024-07-09
2024-07-09 13:00:00,"391,36960637144205","82,639999",3,2,2024-07-09
2024-07-09 14:00:00,"484,22031041729457","400,76001",3,2,2024-07-09
2024-07-09 15:00:00,"555,443350752782","609,309998",3,2,2024-07-09
2024-07-09 16:00:00,"564,8412841893714","740,429993",3,2,2024-07-09
2024-07-09 17:00:00,"553,7823127063997","822,47998",3,2,2024-07-09
2024-07-09 18:00:00,"497,5211426939779","841,349976",3,2,2024-07-09
2024-07-09 19:00:00,"414,6257669295201","748,26001",3,2,2024-07-09
2024-07-09 20:00:00,"348,45352091012285","338,779999",3,2,2024-07-09
2024-07-09 21:00:00,"319,82316545050685","301,779999",3,2,2024-07-09
2024-07-09 22:00:00,"302,6065784479966","216,029999",3,2,2024-07-09
2024-07-09 23:00:00,"293,0579789759057","210,210007",3,2,2024-07-09
2024-07-10 00:00:00,"277,0716292535073","203,050003",3,2,2024-07-10
2024-07-10 01:00:00,"276,6322406595673","196,110001",3,2,2024-07-10
2024-07-10 02:00:00,"271,44538384367036","191,789993",3,2,2024-07-10
2024-07-10 03:00:00,"278,017221446737","201,710007",3,2,2024-07-10
2024-07-10 04:00:00,"297,02482661333914","300,700012",3,2,2024-07-10
2024-07-10 05:00:00,"344,9933413869054","325,089996",3,2,2024-07-10
2024-07-10 06:00:00,"437,4632895859193","622,809998",3,2,2024-07-10
2024-07-10 07:00:00,"559,277106191876","586,109985",3,2,2024-07-10
2024-07-10 08:00:00,"595,0900635635224","484,880005",3,2,2024-07-10
2024-07-10 09:00:00,"599,9937643107147","416,029999",3,2,2024-07-10
2024-07-10 10:00:00,"583,2831220698694","351,570007",3,2,2024-07-10
2024-07-10 11:00:00,"575,6855453977955","304,059998",3,2,2024-07-10
2024-07-10 12:00:00,"572,0466156189543","392,149994",3,2,2024-07-10
2024-07-10 13:00:00,"587,7920293725965","394,690002",3,2,2024-07-10
2024-07-10 14:00:00,"601,6384435628329","503,380005",3,2,2024-07-10
2024-07-10 15:00:00,"605,8416261116034","597,820007",3,2,2024-07-10
2024-07-10 16:00:00,"625,8404571391656","602,219971",3,2,2024-07-10
2024-07-10 17:00:00,"631,9575054423663","743,880005",3,2,2024-07-10
2024-07-10 18:00:00,"609,837463910374","1108,579956",3,2,2024-07-10
2024-07-10 19:00:00,"564,6771452407562","1223,97998",3,2,2024-07-10
2024-07-10 20:00:00,"500,4054620385472","850,179993",3,2,2024-07-10
2024-07-10 21:00:00,"447,69453619392067","693,150024",3,2,2024-07-10
2024-07-10 22:00:00,"385,13032228646483","716,380005",3,2,2024-07-10
2024-07-10 23:00:00,"338,0751948148706","596,48999",3,2,2024-07-10
2024-07-11 00:00:00,"318,37043622055","574,919983",3,2,2024-07-11
2024-07-11 01:00:00,"296,88847613007397","593,869995",3,2,2024-07-11
2024-07-11 02:00:00,"280,8746808391493","599,169983",3,2,2024-07-11
2024-07-11 03:00:00,"280,7299537742694","611,630005",3,2,2024-07-11
2024-07-11 04:00:00,"290,6916516500367","803,599976",3,2,2024-07-11
2024-07-11 05:00:00,"322,2125154395895","895,289978",3,2,2024-07-11
2024-07-11 06:00:00,"382,2213393671129","794,789978",3,2,2024-07-11
2024-07-11 07:00:00,"423,6148319394684","664,830017",3,2,2024-07-11
2024-07-11 08:00:00,"423,5401718009105","602,01001",3,2,2024-07-11
2024-07-11 09:00:00,"418,362480789107","496,880005",3,2,2024-07-11
2024-07-11 10:00:00,"403,1686531754234","428,540009",3,2,2024-07-11
2024-07-11 11:00:00,"379,2267937786445","355,880005",3,2,2024-07-11
2024-07-11 12:00:00,"375,0708291261496","331,850006",3,2,2024-07-11
2024-07-11 13:00:00,"388,55588493751935","373,779999",3,2,2024-07-11
2024-07-11 14:00:00,"414,0273569183159","454,959991",3,2,2024-07-11
2024-07-11 15:00:00,"433,28906714203566","611,109985",3,2,2024-07-11
2024-07-11 16:00:00,"458,7292746282326","683,25",3,2,2024-07-11
2024-07-11 17:00:00,"466,7608520489479","895,289978",3,2,2024-07-11
2024-07-11 18:00:00,"458,43883207471106","1375,23999",3,2,2024-07-11
2024-07-11 19:00:00,"436,97792723119113","1244,0",3,2,2024-07-11
2024-07-11 20:00:00,"368,9149774480886","907,150024",3,2,2024-07-11
2024-07-11 21:00:00,"337,28958320690225","732,049988",3,2,2024-07-11
2024-07-11 22:00:00,"289,1407426510664","764,130005",3,2,2024-07-11
2024-07-11 23:00:00,"262,2695888067861","651,400024",3,2,2024-07-11
2024-07-12 00:00:00,"242,30321835324747","609,619995",3,2,2024-07-12
2024-07-12 01:00:00,"235,40577814240064","604,619995",3,2,2024-07-12
2024-07-12 02:00:00,"236,04375761539976","598,650024",3,2,2024-07-12
2024-07-12 03:00:00,"236,04375761539976","613,5",3,2,2024-07-12
2024-07-12 04:00:00,"235,9484910731651","805,309998",3,2,2024-07-12
2024-07-12 05:00:00,"265,05562576567826","820,080017",3,2,2024-07-12
2024-07-12 06:00:00,"303,10446074603976","817,690002",3,2,2024-07-12
2024-07-12 07:00:00,"358,3247380876166","763,97998",3,2,2024-07-12
2024-07-12 08:00:00,"351,52837066082685","715,26001",3,2,2024-07-12
2024-07-12 09:00:00,"329,96866010500264","670,200012",3,2,2024-07-12
2024-07-12 10:00:00,"321,99677664693854","621,099976",3,2,2024-07-12
2024-07-12 11:00:00,"301,4539006690597","586,409973",3,2,2024-07-12
2024-07-12 12:00:00,"287,3972804760692","582,22998",3,2,2024-07-12
2024-07-12 13:00:00,"270,8611054435392","583,349976",3,2,2024-07-12
2024-07-12 14:00:00,"286,7356565099576","624,159973",3,2,2024-07-12
2024-07-12 15:00:00,"314,4401067657489","589,400024",3,2,2024-07-12
2024-07-12 16:00:00,"346,0633987976741","671,840027",3,2,2024-07-12
2024-07-12 17:00:00,"343,7875550394212","720,849976",3,2,2024-07-12
2024-07-12 18:00:00,"327,2301659861983","679,299988",3,2,2024-07-12
2024-07-12 19:00:00,"283,858398737297","688,919983",3,2,2024-07-12
2024-07-12 20:00:00,"257,56204073876455","313,950012",3,2,2024-07-12
2024-07-12 21:00:00,"242,83444740411724","197,559998",3,2,2024-07-12
2024-07-12 22:00:00,"215,03604445356268","154,669998",3,2,2024-07-12
2024-07-12 23:00:00,"205,43750228193517","99,459999",3,2,2024-07-12
2024-07-13 00:00:00,"189,70763958125642","68,339996",3,2,2024-07-13
2024-07-13 01:00:00,"178,4404905739445","59,689999",3,2,2024-07-13
2024-07-13 02:00:00,"174,7993062748068","46,040001",3,2,2024-07-13
2024-07-13 03:00:00,"182,03904142707185","88,410004",3,2,2024-07-13
2024-07-13 04:00:00,"192,57755375638686","227,860001",3,2,2024-07-13
2024-07-13 05:00:00,"212,80731222373583","207,570007",3,2,2024-07-13
2024-07-13 06:00:00,"230,17026244217885","198,470001",3,2,2024-07-13
2024-07-13 07:00:00,"243,1595039581948","156,460007",3,2,2024-07-13
2024-07-13 08:00:00,"285,83193233717793","38,5",3,2,2024-07-13
2024-07-13 09:00:00,"297,2828501815408","0,3",3,2,2024-07-13
2024-07-13 10:00:00,"302,01916752324837","-0,07",3,2,2024-07-13
2024-07-13 11:00:00,"305,2896577696764","-6,49",3,2,2024-07-13
2024-07-13 12:00:00,"311,5053087975106","-6,04",3,2,2024-07-13
2024-07-13 13:00:00,"330,53280618282747","-0,45",3,2,2024-07-13
2024-07-13 14:00:00,"383,343901983758","11,34",3,2,2024-07-13
2024-07-13 15:00:00,"434,3217186641094","47,150002",3,2,2024-07-13
2024-07-13 16:00:00,"490,53808979804955","167,429993",3,2,2024-07-13
2024-07-13 17:00:00,"521,4584095122527","375,519989",3,2,2024-07-13
2024-07-13 18:00:00,"508,8333926767624","562,950012",3,2,2024-07-13
2024-07-13 19:00:00,"483,2518175902657","568,98999",3,2,2024-07-13
2024-07-13 20:00:00,"411,7141176367477","588,23999",3,2,2024-07-13
2024-07-13 21:00:00,"342,34408608967414","470,049988",3,2,2024-07-13
2024-07-13 22:00:00,"295,74499400585","663,700012",3,2,2024-07-13
2024-07-13 23:00:00,"263,10803816597434","471,48999",3,2,2024-07-13
2024-07-14 00:00:00,"238,79799057029774","413,73999",3,2,2024-07-14
2024-07-14 01:00:00,"233,73141229055022","330,540009",3,2,2024-07-14
2024-07-14 02:00:00,"232,00979592473442","283,01001",3,2,2024-07-14
2024-07-14 03:00:00,"230,90211436511512","274,660004",3,2,2024-07-14
2024-07-14 04:00:00,"234,34517693426272","238,470001",3,2,2024-07-14
2024-07-14 05:00:00,"235,67097688709538","106,550003",3,2,2024-07-14
2024-07-14 06:00:00,"253,97127679935068","2,16",3,2,2024-07-14
2024-07-14 07:00:00,"280,4253929723885","-17,09",3,2,2024-07-14
2024-07-14 08:00:00,"275,44161895863243","-22,530001",3,2,2024-07-14
2024-07-14 09:00:00,"278,13117769591264","-25,370001",3,2,2024-07-14
2024-07-14 10:00:00,"278,13117769591264","-31,49",3,2,2024-07-14
2024-07-14 11:00:00,"263,77667220552553","-38,5",3,2,2024-07-14
2024-07-14 12:00:00,"263,0711492179495","-47,830002",3,2,2024-07-14
2024-07-14 13:00:00,"255,561951475558","-39,990002",3,2,2024-07-14
2024-07-14 14:00:00,"283,25993409751857","-75,809998",3,2,2024-07-14
2024-07-14 15:00:00,"281,7297964547876","13,95",3,2,2024-07-14
2024-07-14 16:00:00,"288,0332167494166","301,890015",3,2,2024-07-14
2024-07-14 17:00:00,"275,0568796651504","685,929993",3,2,2024-07-14
2024-07-14 18:00:00,"255,85817643167343","864,030029",3,2,2024-07-14
2024-07-14 19:00:00,"243,5497299450006","810,909973",3,2,2024-07-14
2024-07-14 20:00:00,"234,6619247754349","789,719971",3,2,2024-07-14
2024-07-14 21:00:00,"234,6619247754349","649,590027",3,2,2024-07-14
2024-07-14 22:00:00,"233,7176715915341","592,070007",3,2,2024-07-14
2024-07-14 23:00:00,"232,65505660147932","494,25",3,2,2024-07-14
2024-07-15 00:00:00,"382,64866433582824","434,029999",3,3,2024-07-15
2024-07-15 01:00:00,"294,4302696373396","361,059998",3,3,2024-07-15
2024-07-15 02:00:00,"242,10887372259174","388,73999",3,3,2024-07-15
2024-07-15 03:00:00,"232,33389816643972","482,160004",3,3,2024-07-15
2024-07-15 04:00:00,"232,47188486627203","482,609985",3,3,2024-07-15
2024-07-15 05:00:00,"246,55212672055276","482,380005",3,3,2024-07-15
2024-07-15 06:00:00,"277,1318155356563","482,079987",3,3,2024-07-15
2024-07-15 07:00:00,"288,53088822642485","299,200012",3,3,2024-07-15
2024-07-15 08:00:00,"289,1924033241525","196,979996",3,3,2024-07-15
2024-07-15 09:00:00,"289,1924033241525","149,449997",3,3,2024-07-15
2024-07-15 10:00:00,"287,93362513135935","3,28",3,3,2024-07-15
2024-07-15 11:00:00,"281,29622406286853","-0,07",3,3,2024-07-15
2024-07-15 12:00:00,"279,1871610831119","-0,52",3,3,2024-07-15
2024-07-15 13:00:00,"283,069564133306","155,270004",3,3,2024-07-15
2024-07-15 14:00:00,"293,73533068574125","201,610001",3,3,2024-07-15
2024-07-15 15:00:00,"316,28439257294906","611,840027",3,3,2024-07-15
2024-07-15 16:00:00,"375,1600130538426","853,219971",3,3,2024-07-15
2024-07-15 17:00:00,"408,7461439674791","1486,98999",3,3,2024-07-15
2024-07-15 18:00:00,"387,7388450445891","1678,530029",3,3,2024-07-15
2024-07-15 19:00:00,"361,73949186038493","1071,160034",3,3,2024-07-15
2024-07-15 20:00:00,"334,81808153188985","690,030029",3,3,2024-07-15
2024-07-15 21:00:00,"324,4797415595643","597,659973",3,3,2024-07-15
2024-07-15 22:00:00,"302,94211853341005","571,47998",3,3,2024-07-15
2024-07-15 23:00:00,"283,2623905651393","475,829987",3,3,2024-07-15
2024-07-16 00:00:00,"256,8619764878074","391,660004",3,3,2024-07-16
2024-07-16 01:00:00,"242,4582721495089","274,73999",3,3,2024-07-16
2024-07-16 02:00:00,"241,7744818601333","284,730011",3,3,2024-07-16
2024-07-16 03:00:00,"254,27897766310403","375,470001",3,3,2024-07-16
2024-07-16 04:00:00,"285,9455707650262","531,859985",3,3,2024-07-16
2024-07-16 05:00:00,"305,8786842840362","593,049988",3,3,2024-07-16
2024-07-16 06:00:00,"355,25068072569445","568,349976",3,3,2024-07-16
2024-07-16 07:00:00,"406,7502452085133","440,76001",3,3,2024-07-16
2024-07-16 08:00:00,"419,1877921249315","187,960007",3,3,2024-07-16
2024-07-16 09:00:00,"433,35827893041454","158,630005",3,3,2024-07-16
2024-07-16 10:00:00,"429,62029541197035","118,190002",3,3,2024-07-16
2024-07-16 11:00:00,"428,5472671254139","101,400002",3,3,2024-07-16
2024-07-16 12:00:00,"422,3306148840385","30,290001",3,3,2024-07-16
2024-07-16 13:00:00,"418,7348809585123","21,639999",3,3,2024-07-16
2024-07-16 14:00:00,"503,17317139869107","0,07",3,3,2024-07-16
2024-07-16 15:00:00,"576,89044121405","190,570007",3,3,2024-07-16
2024-07-16 16:00:00,"589,604760008007","444,709991",3,3,2024-07-16
2024-07-16 17:00:00,"579,928397942711","611,780029",3,3,2024-07-16
2024-07-16 18:00:00,"535,9246958410292","907,330017",3,3,2024-07-16
2024-07-16 19:00:00,"481,58762753223687","852,710022",3,3,2024-07-16
2024-07-16 20:00:00,"431,45087377915144","789,51001",3,3,2024-07-16
2024-07-16 21:00:00,"378,8406332550066","629,090027",3,3,2024-07-16
2024-07-16 22:00:00,"347,5119443424418","652,109985",3,3,2024-07-16
2024-07-16 23:00:00,"315,25611180332385","544,52002",3,3,2024-07-16
2024-07-17 00:00:00,"303,80774536271633","543,330017",3,3,2024-07-17
2024-07-17 01:00:00,"307,93600296595974","526,23999",3,3,2024-07-17
2024-07-17 02:00:00,"293,9381155594288","530,119995",3,3,2024-07-17
2024-07-17 03:00:00,"291,6151033267391","577,799988",3,3,2024-07-17
2024-07-17 04:00:00,"308,24549451939424","671,880005",3,3,2024-07-17
2024-07-17 05:00:00,"353,2295207396783","744,330017",3,3,2024-07-17
2024-07-17 06:00:00,"441,2946103091624","788,650024",3,3,2024-07-17
2024-07-17 07:00:00,"558,1119679978525","575,559998",3,3,2024-07-17
2024-07-17 08:00:00,"585,6809749351984","434,170013",3,3,2024-07-17
2024-07-17 09:00:00,"590,7694699877111","311,51001",3,3,2024-07-17
2024-07-17 10:00:00,"576,335048455764","243,160004",3,3,2024-07-17
2024-07-17 11:00:00,"564,1400104460275","163,029999",3,3,2024-07-17
2024-07-17 12:00:00,"546,1891024449475","80,580002",3,3,2024-07-17
2024-07-17 13:00:00,"556,2942589217429","100,5",3,3,2024-07-17
2024-07-17 14:00:00,"579,0954589905239","290,089996",3,3,2024-07-17
2024-07-17 15:00:00,"584,0908728405457","460,209991",3,3,2024-07-17
2024-07-17 16:00:00,"609,6026542128824","618,76001",3,3,2024-07-17
2024-07-17 17:00:00,"596,0520683825854","797,530029",3,3,2024-07-17
2024-07-17 18:00:00,"569,6584285627623","984,280029",3,3,2024-07-17
2024-07-17 19:00:00,"538,9617742691335","1044,790039",3,3,2024-07-17
2024-07-17 20:00:00,"469,6177986941652","857,369995",3,3,2024-07-17
2024-07-17 21:00:00,"432,2009507170787","687,700012",3,3,2024-07-17
2024-07-17 22:00:00,"368,65518974385856","506,570007",3,3,2024-07-17
2024-07-17 23:00:00,"326,0266562396873","544,679993",3,3,2024-07-17
2024-07-18 00:00:00,"301,7723383433363","493,589996",3,3,2024-07-18
2024-07-18 01:00:00,"288,47682381335903","491,200012",3,3,2024-07-18
2024-07-18 02:00:00,"270,8042136782898","466,880005",3,3,2024-07-18
2024-07-18 03:00:00,"277,15901236138245","298,369995",3,3,2024-07-18
2024-07-18 04:00:00,"291,82017425730214","650,309998",3,3,2024-07-18
2024-07-18 05:00:00,"317,4906843917995","704,909973",3,3,2024-07-18
2024-07-18 06:00:00,"376,215354215429","506,269989",3,3,2024-07-18
2024-07-18 07:00:00,"413,5847134469944","351,339996",3,3,2024-07-18
2024-07-18 08:00:00,"412,2895095728235","270,779999",3,3,2024-07-18
2024-07-18 09:00:00,"407,2904165771015","253,470001",3,3,2024-07-18
2024-07-18 10:00:00,"382,4808872219159","253,25",3,3,2024-07-18
2024-07-18 11:00:00,"372,67441927598486","252,800003",3,3,2024-07-18
2024-07-18 12:00:00,"369,8899044214012","254,360001",3,3,2024-07-18
2024-07-18 13:00:00,"377,62449937692617","260,929993",3,3,2024-07-18
2024-07-18 14:00:00,"413,7831596556652","197,080002",3,3,2024-07-18
2024-07-18 15:00:00,"433,096334449554","637,630005",3,3,2024-07-18
2024-07-18 16:00:00,"457,24584472086696","686,26001",3,3,2024-07-18
2024-07-18 17:00:00,"466,7608520489479","952,26001",3,3,2024-07-18
2024-07-18 18:00:00,"458,8111572410545","1382,819946",3,3,2024-07-18
2024-07-18 19:00:00,"436,97792723119113","1318,290039",3,3,2024-07-18
2024-07-18 20:00:00,"368,9149774480886","891,690002",3,3,2024-07-18
2024-07-18 21:00:00,"337,28958320690225","760,26001",3,3,2024-07-18
2024-07-18 22:00:00,"289,1407426510664","672,26001",3,3,2024-07-18
2024-07-18 23:00:00,"262,2695888067861","600,200012",3,3,2024-07-18
2024-07-19 00:00:00,"242,30321835324747","596,169983",3,3,2024-07-19
2024-07-19 01:00:00,"235,40577814240064","583,47998",3,3,2024-07-19
2024-07-19 02:00:00,"235,40577814240064","606,390015",3,3,2024-07-19
2024-07-19 03:00:00,"236,04375761539976","667,039978",3,3,2024-07-19
2024-07-19 04:00:00,"235,9484910731651","827,289978",3,3,2024-07-19
2024-07-19 05:00:00,"264,8826532903438","810,72998",3,3,2024-07-19
2024-07-19 06:00:00,"301,3372705579678","734,109985",3,3,2024-07-19
2024-07-19 07:00:00,"358,3247380876166","607,51001",3,3,2024-07-19
2024-07-19 08:00:00,"351,52837066082685","522,22998",3,3,2024-07-19
2024-07-19 09:00:00,"330,034626395522","438,299988",3,3,2024-07-19
2024-07-19 10:00:00,"322,0627429374579","330,799988",3,3,2024-07-19
2024-07-19 11:00:00,"304,4988503216046","272,309998",3,3,2024-07-19
2024-07-19 12:00:00,"293,66617574313193","270,070007",3,3,2024-07-19
2024-07-19 13:00:00,"282,4160098270457","317,369995",3,3,2024-07-19
2024-07-19 14:00:00,"294,92023258077813","475,899994",3,3,2024-07-19
2024-07-19 15:00:00,"327,05772205640653","576,98999",3,3,2024-07-19
2024-07-19 16:00:00,"358,8365142333447","683,460022",3,3,2024-07-19
2024-07-19 17:00:00,"356,2273899120607","888,099976",3,3,2024-07-19
2024-07-19 18:00:00,"338,9799799539476","1358,410034",3,3,2024-07-19
2024-07-19 19:00:00,"303,6844049198646","895,26001",3,3,2024-07-19
2024-07-19 20:00:00,"289,5600393560619","797,22998",3,3,2024-07-19
2024-07-19 21:00:00,"268,70521412432214","683,01001",3,3,2024-07-19
2024-07-19 22:00:00,"244,4495142223478","706,789978",3,3,2024-07-19
2024-07-19 23:00:00,"230,61500257926616","667,099976",3,3,2024-07-19
2024-07-20 00:00:00,"225,82192376404","658,440002",3,3,2024-07-20
2024-07-20 01:00:00,"221,74382727700967","670,599976",3,3,2024-07-20
2024-07-20 02:00:00,"221,28759691699688","703,130005",3,3,2024-07-20
2024-07-20 03:00:00,"222,49511655645418","699,849976",3,3,2024-07-20
2024-07-20 04:00:00,"223,56096378931633","665,159973",3,3,2024-07-20
2024-07-20 05:00:00,"226,6607786155366","641,580017",3,3,2024-07-20
2024-07-20 06:00:00,"231,62194256252593","508,850006",3,3,2024-07-20
2024-07-20 07:00:00,"241,45421934446924","291,359985",3,3,2024-07-20
2024-07-20 08:00:00,"283,8912872490797","118,629997",3,3,2024-07-20
2024-07-20 09:00:00,"294,0358678815936","28,129999",3,3,2024-07-20
2024-07-20 10:00:00,"297,6667406385298","10,22",3,3,2024-07-20
2024-07-20 11:00:00,"295,9744255140442","0,15",3,3,2024-07-20
2024-07-20 12:00:00,"301,0262063879593","3,28",3,3,2024-07-20
2024-07-20 13:00:00,"327,5384675940329","34,32",3,3,2024-07-20
2024-07-20 14:00:00,"369,8535841299098","134,369995",3,3,2024-07-20
2024-07-20 15:00:00,"424,80161925517547","273,820007",3,3,2024-07-20
2024-07-20 16:00:00,"482,64152595819235","634,190002",3,3,2024-07-20
2024-07-20 17:00:00,"518,9804226011365","817,440002",3,3,2024-07-20
2024-07-20 18:00:00,"508,92491142929117","1005,380005",3,3,2024-07-20
2024-07-20 19:00:00,"484,5307457070129","811,840027",3,3,2024-07-20
2024-07-20 20:00:00,"417,36134416503774","627,47998",3,3,2024-07-20
2024-07-20 21:00:00,"354,627454235335","555,929993",3,3,2024-07-20
2024-07-20 22:00:00,"300,87890678031744","474,790009",3,3,2024-07-20
2024-07-20 23:00:00,"275,58538071035775","420,089996",3,3,2024-07-20
2024-07-21 00:00:00,"248,30112491846472","411,880005",3,3,2024-07-21
2024-07-21 01:00:00,"239,81762055425048","450,540009",3,3,2024-07-21
2024-07-21 02:00:00,"239,81762055425048","496,570007",3,3,2024-07-21
2024-07-21 03:00:00,"235,9777913248804","561,419983",3,3,2024-07-21
2024-07-21 04:00:00,"239,9830705296161","480,529999",3,3,2024-07-21
2024-07-21 05:00:00,"243,39681629176707","421,809998",3,3,2024-07-21
2024-07-21 06:00:00,"259,1044285708867","303,540009",3,3,2024-07-21
2024-07-21 07:00:00,"283,7138322044918","138,559998",3,3,2024-07-21
2024-07-21 08:00:00,"281,0887773226634","7,54",3,3,2024-07-21
2024-07-21 09:00:00,"278,2761600837625","0,22",3,3,2024-07-21
2024-07-21 10:00:00,"280,9657188210427","0,15",3,3,2024-07-21
2024-07-21 11:00:00,"267,6329456587241","-0,45",3,3,2024-07-21
2024-07-21 12:00:00,"265,019846780088","-1,34",3,3,2024-07-21
2024-07-21 13:00:00,"256,2170560874349","0,3",3,3,2024-07-21
2024-07-21 14:00:00,"281,0804975842654","139,380005",3,3,2024-07-21
2024-07-21 15:00:00,"277,39031652077097","307,640015",3,3,2024-07-21
2024-07-21 16:00:00,"284,55409583619866","600,289978",3,3,2024-07-21
2024-07-21 17:00:00,"269,7640491887916","807,880005",3,3,2024-07-21
2024-07-21 18:00:00,"253,8475147794293","841,150024",3,3,2024-07-21
2024-07-21 19:00:00,"240,52367977461915","919,950012",3,3,2024-07-21
2024-07-21 20:00:00,"225,39941957892952","814,590027",3,3,2024-07-21
2024-07-21 21:00:00,"233,10439671036724","672,73999",3,3,2024-07-21
2024-07-21 22:00:00,"233,7176715915341","901,669983",3,3,2024-07-21
2024-07-21 23:00:00,"233,7176715915341","721,02002",3,3,2024-07-21
2024-07-22 00:00:00,"598,8776284153957","648,27002",3,4,2024-07-22
2024-07-22 01:00:00,"480,0313808769366","648,640015",3,4,2024-07-22
2024-07-22 02:00:00,"386,33429166476543","610,659973",3,4,2024-07-22
2024-07-22 03:00:00,"303,17130562054604","591,859985",3,4,2024-07-22
2024-07-22 04:00:00,"262,57150319740737","811,159973",3,4,2024-07-22
2024-07-22 05:00:00,"261,19478472840046","896,070007",3,4,2024-07-22
2024-07-22 06:00:00,"296,16695783451644","852,719971",3,4,2024-07-22
2024-07-22 07:00:00,"312,66366123547624","703,929993",3,4,2024-07-22
2024-07-22 08:00:00,"319,0398422896609","473,290009",3,4,2024-07-22
2024-07-22 09:00:00,"317,7301149678294","291,600006",3,4,2024-07-22
2024-07-22 10:00:00,"307,48109873978325","191,089996",3,4,2024-07-22
2024-07-22 11:00:00,"297,97526269291154","174,300003",3,4,2024-07-22
2024-07-22 12:00:00,"289,7739995580157","144,830002",3,4,2024-07-22
2024-07-22 13:00:00,"286,1817654503225","152,070007",3,4,2024-07-22
2024-07-22 14:00:00,"292,5475270972415","170,279999",3,4,2024-07-22
2024-07-22 15:00:00,"308,10830019497195","463,820007",3,4,2024-07-22
2024-07-22 16:00:00,"350,2334174885076","603,719971",3,4,2024-07-22
2024-07-22 17:00:00,"380,55298735879376","739,0",3,4,2024-07-22
2024-07-22 18:00:00,"377,4512414174727","1043,660034",3,4,2024-07-22
2024-07-22 19:00:00,"359,70563425295074","1046,569946",3,4,2024-07-22
2024-07-22 20:00:00,"332,8885291204244","828,539978",3,4,2024-07-22
2024-07-22 21:00:00,"323,48504605264867","712,73999",3,4,2024-07-22
2024-07-22 22:00:00,"300,4133122913861","618,22998",3,4,2024-07-22
2024-07-22 23:00:00,"283,2623905651393","559,349976",3,4,2024-07-22
2024-07-23 00:00:00,"257,0216698054499","547,630005",3,4,2024-07-23
2024-07-23 01:00:00,"244,58435096216553","508,380005",3,4,2024-07-23
2024-07-23 02:00:00,"242,57816114127803","526,52002",3,4,2024-07-23
2024-07-23 03:00:00,"254,34494395362339","549,799988",3,4,2024-07-23
2024-07-23 04:00:00,"286,0115370555456","745,450012",3,4,2024-07-23
2024-07-23 05:00:00,"305,7454643215129","865,590027",3,4,2024-07-23
2024-07-23 06:00:00,"354,9658561253532","824,179993",3,4,2024-07-23
2024-07-23 07:00:00,"403,00431638015135","651,359985",3,4,2024-07-23
2024-07-23 08:00:00,"411,35302973631565","513,909973",3,4,2024-07-23
2024-07-23 09:00:00,"418,033298591465","457,940002",3,4,2024-07-23
2024-07-23 10:00:00,"417,9260014127202","324,0",3,4,2024-07-23
2024-07-23 11:00:00,"419,10334017001026","285,720001",3,4,2024-07-23
2024-07-23 12:00:00,"415,99619077680114","268,709991",3,4,2024-07-23
2024-07-23 13:00:00,"412,5315393835668","313,100006",3,4,2024-07-23
2024-07-23 14:00:00,"500,92390404715997","483,980011",3,4,2024-07-23
2024-07-23 15:00:00,"575,6423636634989","593,450012",3,4,2024-07-23
2024-07-23 16:00:00,"588,8117018004098","596,359985",3,4,2024-07-23
2024-07-23 17:00:00,"579,928397942711","716,570007",3,4,2024-07-23
2024-07-23 18:00:00,"535,7515569277285","872,530029",3,4,2024-07-23
2024-07-23 19:00:00,"481,5216612417175","761,200012",3,4,2024-07-23
2024-07-23 20:00:00,"431,45087377915144","740,450012",3,4,2024-07-23
2024-07-23 21:00:00,"380,28848139328755","683,369995",3,4,2024-07-23
2024-07-23 22:00:00,"348,0507321103806","623,359985",3,4,2024-07-23
2024-07-23 23:00:00,"315,32207809384323","584,419983",3,4,2024-07-23
2024-07-24 00:00:00,"303,335794572576","541,369995",3,4,2024-07-24
2024-07-24 01:00:00,"306,4881548276788","549,130005",3,4,2024-07-24
2024-07-24 02:00:00,"292,7328770737272","423,630005",3,4,2024-07-24
2024-07-24 03:00:00,"291,6151033267391","299,179993",3,4,2024-07-24
2024-07-24 04:00:00,"308,17657978409346","323,429993",3,4,2024-07-24
2024-07-24 05:00:00,"351,95329462958307","336,190002",3,4,2024-07-24
2024-07-24 06:00:00,"438,4824729596789","429,079987",3,4,2024-07-24
2024-07-24 07:00:00,"550,9875608129854","270,23999",3,4,2024-07-24
2024-07-24 08:00:00,"579,053361115064","186,520004",3,4,2024-07-24
2024-07-24 09:00:00,"588,0118651699879","158,100006",3,4,2024-07-24
2024-07-24 10:00:00,"568,4574130117837","11,79",3,4,2024-07-24
2024-07-24 11:00:00,"560,513192599298","0,0",3,4,2024-07-24
2024-07-24 12:00:00,"543,4595965746636","0,0",3,4,2024-07-24
2024-07-24 13:00:00,"552,5798694604555","-0,6",3,4,2024-07-24
2024-07-24 14:00:00,"573,1282981349822","124,599998",3,4,2024-07-24
2024-07-24 15:00:00,"580,9056960836771","184,880005",3,4,2024-07-24
2024-07-24 16:00:00,"607,0981783841003","387,149994",3,4,2024-07-24
2024-07-24 17:00:00,"592,0452026207913","668,5",3,4,2024-07-24
2024-07-24 18:00:00,"579,2742754389401","809,659973",3,4,2024-07-24
2024-07-24 19:00:00,"552,1055620228526","881,210022",3,4,2024-07-24
2024-07-24 20:00:00,"492,2997036919079","813,320007",3,4,2024-07-24
2024-07-24 21:00:00,"450,2236306820435","631,570007",3,4,2024-07-24
2024-07-24 22:00:00,"384,9349867357151","624,570007",3,4,2024-07-24
2024-07-24 23:00:00,"337,87985926412085","578,299988",3,4,2024-07-24
2024-07-25 00:00:00,"317,04404418781394","567,859985",3,4,2024-07-25
2024-07-25 01:00:00,"295,3099037985462","596,359985",3,4,2024-07-25
2024-07-25 02:00:00,"279,09709646162156","570,090027",3,4,2024-07-25
2024-07-25 03:00:00,"280,66398748375","690,460022",3,4,2024-07-25
2024-07-25 04:00:00,"290,6256853595173","792,159973",3,4,2024-07-25
2024-07-25 05:00:00,"322,0570600994786","813,580017",3,4,2024-07-25
2024-07-25 06:00:00,"381,3594505197054","678,890015",3,4,2024-07-25
2024-07-25 07:00:00,"419,99746885964737","537,109985",3,4,2024-07-25
2024-07-25 08:00:00,"420,0824558283631","411,0",3,4,2024-07-25
2024-07-25 09:00:00,"416,3409424028654","275,720001",3,4,2024-07-25
2024-07-25 10:00:00,"400,4788265732963","177,070007",3,4,2024-07-25
2024-07-25 11:00:00,"378,2552937850053","133,869995",3,4,2024-07-25
2024-07-25 12:00:00,"374,2198682547442","128,490005",3,4,2024-07-25
2024-07-25 13:00:00,"389,33793107362396","166,029999",3,4,2024-07-25
2024-07-25 14:00:00,"414,0273569183159","401,450012",3,4,2024-07-25
2024-07-25 15:00:00,"433,28906714203566","596,960022",3,4,2024-07-25
2024-07-25 16:00:00,"458,7292746282326","723,809998",3,4,2024-07-25
2024-07-25 17:00:00,"466,9822736795782","947,150024",3,4,2024-07-25
2024-07-25 18:00:00,"458,8111572410545","1161,97998",3,4,2024-07-25
2024-07-25 19:00:00,"436,97792723119113","982,070007",3,4,2024-07-25
2024-07-25 20:00:00,"368,9149774480886","746,200012",3,4,2024-07-25
2024-07-25 21:00:00,"337,28958320690225","633,890015",3,4,2024-07-25
2024-07-25 22:00:00,"289,074776360547","604,460022",3,4,2024-07-25
2024-07-25 23:00:00,"262,07425325603634","548,48999",3,4,2024-07-25
2024-07-26 00:00:00,"240,97682632051138","559,76001",3,4,2024-07-26
2024-07-26 01:00:00,"234,1108150213685","576,849976",3,4,2024-07-26
2024-07-26 02:00:00,"230,21658650815021","573,859985",3,4,2024-07-26
2024-07-26 03:00:00,"233,44724779504483","596,919983",3,4,2024-07-26
2024-07-26 04:00:00,"235,88252478264573","608,109985",3,4,2024-07-26
2024-07-26 05:00:00,"265,0846602903402","795,940002",3,4,2024-07-26
2024-07-26 06:00:00,"303,38030245697826","776,840027",3,4,2024-07-26
2024-07-26 07:00:00,"358,6166109742818","722,590027",3,4,2024-07-26
2024-07-26 08:00:00,"348,61459916685317","675,570007",3,4,2024-07-26
2024-07-26 09:00:00,"320,25621697911157","607,070007",3,4,2024-07-26
2024-07-26 10:00:00,"306,9167571878271","522,369995",3,4,2024-07-26
2024-07-26 11:00:00,"304,0285921581757","471,029999",3,4,2024-07-26
2024-07-26 12:00:00,"294,31263195997684","449,160004",3,4,2024-07-26
2024-07-26 13:00:00,"280,67743500563336","508,48999",3,4,2024-07-26
2024-07-26 14:00:00,"293,1816577593658","543,559998",3,4,2024-07-26
2024-07-26 15:00:00,"322,13540349572344","660,580017",3,4,2024-07-26
2024-07-26 16:00:00,"353,23563430658504","704,01001",3,4,2024-07-26
2024-07-26 17:00:00,"352,30595209572647","804,380005",3,4,2024-07-26
2024-07-26 18:00:00,"337,8246835041776","1068,98999",3,4,2024-07-26
2024-07-26 19:00:00,"303,61843862934523","1037,280029",3,4,2024-07-26
2024-07-26 20:00:00,"288,5653438491463","793,929993",3,4,2024-07-26
2024-07-26 21:00:00,"267,60034600979156","730,650024",3,4,2024-07-26
2024-07-26 22:00:00,"243,6780249442524","775,22998",3,4,2024-07-26
2024-07-26 23:00:00,"230,5490362887468","768,890015",3,4,2024-07-26
2024-07-27 00:00:00,"225,82192376404","723,070007",3,4,2024-07-27
2024-07-27 01:00:00,"221,74382727700967","710,080017",3,4,2024-07-27
2024-07-27 02:00:00,"221,28759691699688","690,01001",3,4,2024-07-27
2024-07-27 03:00:00,"222,49511655645418","673,070007",3,4,2024-07-27
2024-07-27 04:00:00,"223,56096378931633","649,929993",3,4,2024-07-27
2024-07-27 05:00:00,"226,6607786155366","615,01001",3,4,2024-07-27
2024-07-27 06:00:00,"231,55597627200657","632,02002",3,4,2024-07-27
2024-07-27 07:00:00,"241,5201856349886","505,0",3,4,2024-07-27
2024-07-27 08:00:00,"283,9572535395991","453,589996",3,4,2024-07-27
2024-07-27 09:00:00,"294,0358678815936","297,76001",3,4,2024-07-27
2024-07-27 10:00:00,"297,6667406385298","208,960007",3,4,2024-07-27
2024-07-27 11:00:00,"295,9084592235248","132,839996",3,4,2024-07-27
2024-07-27 12:00:00,"300,1752455165539","133,729996",3,4,2024-07-27
2024-07-27 13:00:00,"326,6875067226275","261,350006",3,4,2024-07-27
2024-07-27 14:00:00,"370,7045450013152","505,380005",3,4,2024-07-27
2024-07-27 15:00:00,"424,7327045198747","649,710022",3,4,2024-07-27
2024-07-27 16:00:00,"482,9375418962758","783,369995",3,4,2024-07-27
2024-07-27 17:00:00,"519,6784799935525","870,830017",3,4,2024-07-27
2024-07-27 18:00:00,"509,35874516597136","918,669983",3,4,2024-07-27
2024-07-27 19:00:00,"484,5307457070129","909,109985",3,4,2024-07-27
2024-07-27 20:00:00,"417,5870037731996","806,719971",3,4,2024-07-27
2024-07-27 21:00:00,"354,8531138434969","730,900024",3,4,2024-07-27
2024-07-27 22:00:00,"300,87890678031744","820,820007",3,4,2024-07-27
2024-07-27 23:00:00,"275,58538071035775","709,780029",3,4,2024-07-27
2024-07-28 00:00:00,"247,1697416127236","658,280029",3,4,2024-07-28
2024-07-28 01:00:00,"239,81762055425048","608,429993",3,4,2024-07-28
2024-07-28 02:00:00,"239,34566976411014","586,119995",3,4,2024-07-28
2024-07-28 03:00:00,"236,04375761539976","591,48999",3,4,2024-07-28
2024-07-28 04:00:00,"240,10949134506515","563,659973",3,4,2024-07-28
2024-07-28 05:00:00,"244,90499162448572","541,869995",3,4,2024-07-28
2024-07-28 06:00:00,"262,2594221946017","189,699997",3,4,2024-07-28
2024-07-28 07:00:00,"280,26019583346664","37,240002",3,4,2024-07-28
2024-07-28 08:00:00,"275,44161895863243","0,0",3,4,2024-07-28
2024-07-28 09:00:00,"278,13117769591264","-18,129999",3,4,2024-07-28
2024-07-28 10:00:00,"278,13117769591264","-112,239998",3,4,2024-07-28
2024-07-28 11:00:00,"263,77667220552553","-222,389999",3,4,2024-07-28
2024-07-28 12:00:00,"263,0711492179495","-363,359985",3,4,2024-07-28
2024-07-28 13:00:00,"255,561951475558","-250,220001",3,4,2024-07-28
2024-07-28 14:00:00,"280,4253929723885","-99,099998",3,4,2024-07-28
2024-07-28 15:00:00,"275,44161895863243","-1,94",3,4,2024-07-28
2024-07-28 16:00:00,"281,61034959875644","37,09",3,4,2024-07-28
2024-07-28 17:00:00,"263,9614354846497","349,480011",3,4,2024-07-28
2024-07-28 18:00:00,"246,853814295698","588,580017",3,4,2024-07-28
2024-07-28 19:00:00,"231,72515916579817","579,630005",3,4,2024-07-28
2024-07-28 20:00:00,"216,16742413579144","589,400024",3,4,2024-07-28
2024-07-28 21:00:00,"211,34787017421448","322,98999",3,4,2024-07-28
2024-07-28 22:00:00,"216,60099801576283","382,160004",3,4,2024-07-28
2024-07-28 23:00:00,"221,30126632690033","275,670013",3,4,2024-07-28
2024-09-30 00:00:00,"130,90269055296935","62,630001",4,1,2024-09-30
2024-09-30 01:00:00,"162,99040923736095","41,23",4,1,2024-09-30
2024-09-30 02:00:00,"204,1324260943605","67,25",4,1,2024-09-30
2024-09-30 03:00:00,"223,68246021967383","126,599998",4,1,2024-09-30
2024-09-30 04:00:00,"229,60145351225654","314,869995",4,1,2024-09-30
2024-09-30 05:00:00,"252,12973366798934","597,22998",4,1,2024-09-30
2024-09-30 06:00:00,"290,70561348637887","597,22998",4,1,2024-09-30
2024-09-30 07:00:00,"298,2324098264065","447,359985",4,1,2024-09-30
2024-09-30 08:00:00,"302,66376297000494","272,73999",4,1,2024-09-30
2024-09-30 09:00:00,"302,19359134791557","155,910004",4,1,2024-09-30
2024-09-30 10:00:00,"300,9348131551224","69,190002",4,1,2024-09-30
2024-09-30 11:00:00,"294,29741208663165","15,36",4,1,2024-09-30
2024-09-30 12:00:00,"283,3388197765534","94,919998",4,1,2024-09-30
2024-09-30 13:00:00,"279,726996836297","125,709999",4,1,2024-09-30
2024-09-30 14:00:00,"290,24790836743085","180,360001",4,1,2024-09-30
2024-09-30 15:00:00,"307,554323431814","243,960007",4,1,2024-09-30
2024-09-30 16:00:00,"351,3671014952827","268,339996",4,1,2024-09-30
2024-09-30 17:00:00,"368,1552524407944","273,119995",4,1,2024-09-30
2024-09-30 18:00:00,"345,8867697886664","127,5",4,1,2024-09-30
2024-09-30 19:00:00,"322,9375858114597","31,24",4,1,2024-09-30
2024-09-30 20:00:00,"300,07137844021764","24,459999",4,1,2024-09-30
2024-09-30 21:00:00,"291,54436761494435","24,23",4,1,2024-09-30
2024-09-30 22:00:00,"275,72785825879043","23,93",4,1,2024-09-30
2024-09-30 23:00:00,"252,86984017027987","0,52",4,1,2024-09-30
2024-10-01 00:00:00,"233,86094499962513","0,37",4,1,2024-10-01
2024-10-01 01:00:00,"218,18957430411933","0,15",4,1,2024-10-01
2024-10-01 02:00:00,"218,38444437822517","0,67",4,1,2024-10-01
2024-10-01 03:00:00,"230,2124245301992","24,6",4,1,2024-10-01
2024-10-01 04:00:00,"261,4234887774334","75,080002",4,1,2024-10-01
2024-10-01 05:00:00,"288,00615602387467","293,910004",4,1,2024-10-01
2024-10-01 06:00:00,"330,0622737709836","308,079987",4,1,2024-10-01
2024-10-01 07:00:00,"388,14063819721036","309,5",4,1,2024-10-01
2024-10-01 08:00:00,"410,52650096773215","288,170013",4,1,2024-10-01
2024-10-01 09:00:00,"416,2319343093552","260,880005",4,1,2024-10-01
2024-10-01 10:00:00,"411,90777532498714","232,919998",4,1,2024-10-01
2024-10-01 11:00:00,"406,165311351531","223,600006",4,1,2024-10-01
2024-10-01 12:00:00,"395,82700608480025","260,660004",4,1,2024-10-01
2024-10-01 13:00:00,"396,18158941497995","296,079987",4,1,2024-10-01
2024-10-01 14:00:00,"489,1877488009434","324,779999",4,1,2024-10-01
2024-10-01 15:00:00,"563,8230670955012","393,0",4,1,2024-10-01
2024-10-01 16:00:00,"567,5101464610991","405,600006",4,1,2024-10-01
2024-10-01 17:00:00,"548,81183666141","421,410004",4,1,2024-10-01
2024-10-01 18:00:00,"479,4721164542371","366,829987",4,1,2024-10-01
2024-10-01 19:00:00,"401,3483001323501","345,429993",4,1,2024-10-01
2024-10-01 20:00:00,"336,4611190582968","321,649994",4,1,2024-10-01
2024-10-01 21:00:00,"312,0178481613293","309,940002",4,1,2024-10-01
2024-10-01 22:00:00,"293,54697760290674","432,829987",4,1,2024-10-01
2024-10-01 23:00:00,"276,33458699436386","367,350006",4,1,2024-10-01
2024-10-02 00:00:00,"263,9329101375386","373,540009",4,1,2024-10-02
2024-10-02 01:00:00,"264,2193057194628","365,339996",4,1,2024-10-02
2024-10-02 02:00:00,"251,40165224736828","300,230011",4,1,2024-10-02
2024-10-02 03:00:00,"257,758037575202","363,470001",4,1,2024-10-02
2024-10-02 04:00:00,"275,4460470187174","596,440002",4,1,2024-10-02
2024-10-02 05:00:00,"317,55532899436156","692,869995",4,1,2024-10-02
2024-10-02 06:00:00,"402,2042908993062","913,830017",4,1,2024-10-02
2024-10-02 07:00:00,"523,811865802892","701,219971",4,1,2024-10-02
2024-10-02 08:00:00,"571,4535875285837","484,880005",4,1,2024-10-02
2024-10-02 09:00:00,"577,4722713386353","394,420013",4,1,2024-10-02
2024-10-02 10:00:00,"567,9007881336056","431,040009",4,1,2024-10-02
2024-10-02 11:00:00,"559,7044111325903","597,109985",4,1,2024-10-02
2024-10-02 12:00:00,"543,7511701806715","584,659973",4,1,2024-10-02
2024-10-02 13:00:00,"560,9117608578288","607,26001",4,1,2024-10-02
2024-10-02 14:00:00,"592,2813053111589","607,849976",4,1,2024-10-02
2024-10-02 15:00:00,"600,1604163680856","746,48999",4,1,2024-10-02
2024-10-02 16:00:00,"625,4027235018195","872,590027",4,1,2024-10-02
2024-10-02 17:00:00,"610,4725363881715","969,97998",4,1,2024-10-02
2024-10-02 18:00:00,"574,2724093527544","852,900024",4,1,2024-10-02
2024-10-02 19:00:00,"539,4750199390675","719,940002",4,1,2024-10-02
2024-10-02 20:00:00,"473,895302935712","695,780029",4,1,2024-10-02
2024-10-02 21:00:00,"438,7619011863362","633,880005",4,1,2024-10-02
2024-10-02 22:00:00,"375,9028135015936","502,230011",4,1,2024-10-02
2024-10-02 23:00:00,"333,3262939279634","491,26001",4,1,2024-10-02
2024-10-03 00:00:00,"311,03408762026083","485,890015",4,1,2024-10-03
2024-10-03 01:00:00,"288,2956440823231","478,730011",4,1,2024-10-03
2024-10-03 02:00:00,"263,10911503443214","477,23999",4,1,2024-10-03
2024-10-03 03:00:00,"263,9931559768003","480,369995",4,1,2024-10-03
2024-10-03 04:00:00,"277,50715136177934","488,059998",4,1,2024-10-03
2024-10-03 05:00:00,"313,32618921341606","547,280029",4,1,2024-10-03
2024-10-03 06:00:00,"376,4300729574394","571,900024",4,1,2024-10-03
2024-10-03 07:00:00,"412,26145353090317","543,780029",4,1,2024-10-03
2024-10-03 08:00:00,"411,79965170826245","516,77002",4,1,2024-10-03
2024-10-03 09:00:00,"398,13762842406896","470,230011",4,1,2024-10-03
2024-10-03 10:00:00,"377,82755516526515","351,25",4,1,2024-10-03
2024-10-03 11:00:00,"365,7382081619543","253,460007",4,1,2024-10-03
2024-10-03 12:00:00,"358,1401024806899","291,950012",4,1,2024-10-03
2024-10-03 13:00:00,"371,53302354906623","383,109985",4,1,2024-10-03
2024-10-03 14:00:00,"409,92726382019794","492,609985",4,1,2024-10-03
2024-10-03 15:00:00,"428,36216515151096","669,090027",4,1,2024-10-03
2024-10-03 16:00:00,"455,9948398439697","821,039978",4,1,2024-10-03
2024-10-03 17:00:00,"464,99255267461837","860,200012",4,1,2024-10-03
2024-10-03 18:00:00,"456,7809064849758","807,679993",4,1,2024-10-03
2024-10-03 19:00:00,"435,5502831867414","736,669983",4,1,2024-10-03
2024-10-03 20:00:00,"368,9149774480886","678,48999",4,1,2024-10-03
2024-10-03 21:00:00,"337,28958320690225","607,630005",4,1,2024-10-03
2024-10-03 22:00:00,"289,0646063173502","551,23999",4,1,2024-10-03
2024-10-03 23:00:00,"262,2695888067861","540,950012",4,1,2024-10-03
2024-10-04 00:00:00,"242,30321835324747","537,809998",4,1,2024-10-04
2024-10-04 01:00:00,"235,40577814240064","537,070007",4,1,2024-10-04
2024-10-04 02:00:00,"235,40577814240064","539,530029",4,1,2024-10-04
2024-10-04 03:00:00,"235,40577814240064","575,109985",4,1,2024-10-04
2024-10-04 04:00:00,"235,40577814240064","768,299988",4,1,2024-10-04
2024-10-04 05:00:00,"265,3063476480238","943,890015",4,1,2024-10-04
2024-10-04 06:00:00,"303,85163247007273","1054,890015",4,1,2024-10-04
2024-10-04 07:00:00,"360,27052629177","867,289978",4,1,2024-10-04
2024-10-04 08:00:00,"352,5118293162757","746,599976",4,1,2024-10-04
2024-10-04 09:00:00,"330,034626395522","634,039978",4,1,2024-10-04
2024-10-04 10:00:00,"322,0627429374579","559,969971",4,1,2024-10-04
2024-10-04 11:00:00,"304,4988503216046","548,179993",4,1,2024-10-04
2024-10-04 12:00:00,"293,66617574313193","565,559998",4,1,2024-10-04
2024-10-04 13:00:00,"282,4160098270457","589,799988",4,1,2024-10-04
2024-10-04 14:00:00,"296,86602078493155","669,840027",4,1,2024-10-04
2024-10-04 15:00:00,"329,7506819845929","798,890015",4,1,2024-10-04
2024-10-04 16:00:00,"360,2690064628547","984,400024",4,1,2024-10-04
2024-10-04 17:00:00,"356,8538863684905","1111,579956",4,1,2024-10-04
2024-10-04 18:00:00,"338,4742465740533","922,710022",4,1,2024-10-04
2024-10-04 19:00:00,"303,2764283620268","745,179993",4,1,2024-10-04
2024-10-04 20:00:00,"289,5600393560619","745,179993",4,1,2024-10-04
2024-10-04 21:00:00,"268,70521412432214","671,330017",4,1,2024-10-04
2024-10-04 22:00:00,"244,4495142223478","694,340027",4,1,2024-10-04
2024-10-04 23:00:00,"230,61500257926616","631,23999",4,1,2024-10-04
2024-10-05 00:00:00,"225,82192376404","607,080017",4,1,2024-10-05
2024-10-05 01:00:00,"221,74382727700967","563,380005",4,1,2024-10-05
2024-10-05 02:00:00,"221,28759691699688","564,719971",4,1,2024-10-05
2024-10-05 03:00:00,"221,28759691699688","595,299988",4,1,2024-10-05
2024-10-05 04:00:00,"222,4487106920937","642,880005",4,1,2024-10-05
2024-10-05 05:00:00,"228,01431210802565","748,780029",4,1,2024-10-05
2024-10-05 06:00:00,"233,29895342136794","825,0",4,1,2024-10-05
2024-10-05 07:00:00,"243,9583489464703","768,169983",4,1,2024-10-05
2024-10-05 08:00:00,"284,1358515556806","614,690002",4,1,2024-10-05
2024-10-05 09:00:00,"294,101834172113","509,160004",4,1,2024-10-05
2024-10-05 10:00:00,"297,7327069290492","383,640015",4,1,2024-10-05
2024-10-05 11:00:00,"295,9744255140442","289,970001",4,1,2024-10-05
2024-10-05 12:00:00,"301,0921726784787","324,350006",4,1,2024-10-05
2024-10-05 13:00:00,"329,5502220887057","469,26001",4,1,2024-10-05
2024-10-05 14:00:00,"373,93895057154253","575,159973",4,1,2024-10-05
2024-10-05 15:00:00,"436,73779438204593","741,919983",4,1,2024-10-05
2024-10-05 16:00:00,"493,0201313920797","1108,630005",4,1,2024-10-05
2024-10-05 17:00:00,"517,1349039741795","1068,579956",4,1,2024-10-05
2024-10-05 18:00:00,"506,21849291627154","799,719971",4,1,2024-10-05
2024-10-05 19:00:00,"481,3475730248944","720,140015",4,1,2024-10-05
2024-10-05 20:00:00,"415,7126212121463","635,640015",4,1,2024-10-05
2024-10-05 21:00:00,"353,0802144032945","499,690002",4,1,2024-10-05
2024-10-05 22:00:00,"300,87890678031744","486,98999",4,1,2024-10-05
2024-10-05 23:00:00,"275,58538071035775","452,100006",4,1,2024-10-05
2024-10-06 00:00:00,"247,1697416127236","440,549988",4,1,2024-10-06
2024-10-06 01:00:00,"239,81762055425048","433,320007",4,1,2024-10-06
2024-10-06 02:00:00,"239,81762055425048","424,369995",4,1,2024-10-06
2024-10-06 03:00:00,"235,40577814240064","433,320007",4,1,2024-10-06
2024-10-06 04:00:00,"239,5667784143007","431,829987",4,1,2024-10-06
2024-10-06 05:00:00,"245,06622445723974","524,929993",4,1,2024-10-06
2024-10-06 06:00:00,"265,21108110578916","575,469971",4,1,2024-10-06
2024-10-06 07:00:00,"291,9285156757079","492,429993",4,1,2024-10-06
2024-10-06 08:00:00,"291,9401274470257","193,960007",4,1,2024-10-06
2024-10-06 09:00:00,"292,1187254631072","126,720001",4,1,2024-10-06
2024-10-06 10:00:00,"291,8741611565063","105,849998",4,1,2024-10-06
2024-10-06 11:00:00,"281,26582942305396","93,330002",4,1,2024-10-06
2024-10-06 12:00:00,"275,1102206367929","113,900002",4,1,2024-10-06
2024-10-06 13:00:00,"265,9107757323783","139,539993",4,1,2024-10-06
2024-10-06 14:00:00,"286,4279368454566","202,759995",4,1,2024-10-06
2024-10-06 15:00:00,"288,2343389221144","677,890015",4,1,2024-10-06
2024-10-06 16:00:00,"290,86381665685116","792,390015",4,1,2024-10-06
2024-10-06 17:00:00,"275,0733150066545","724,710022",4,1,2024-10-06
2024-10-06 18:00:00,"251,93198919905154","544,01001",4,1,2024-10-06
2024-10-06 19:00:00,"234,78749831386102","442,559998",4,1,2024-10-06
2024-10-06 20:00:00,"224,86942357591425","437,48999",4,1,2024-10-06
2024-10-06 21:00:00,"223,09640900047702","385,459991",4,1,2024-10-06
2024-10-06 22:00:00,"217,3824102637087","257,769989",4,1,2024-10-06
2024-10-06 23:00:00,"217,64335774653003","263,429993",4,1,2024-10-06
2024-10-07 00:00:00,"227,02953301765564","247,850006",4,2,2024-10-07
2024-10-07 01:00:00,"216,65135383321717","224,75",4,2,2024-10-07
2024-10-07 02:00:00,"211,96286311911135","260,529999",4,2,2024-10-07
2024-10-07 03:00:00,"211,07701955611984","291,910004",4,2,2024-10-07
2024-10-07 04:00:00,"205,9191749916653","335,369995",4,2,2024-10-07
2024-10-07 05:00:00,"228,5824939058426","378,299988",4,2,2024-10-07
2024-10-07 06:00:00,"275,70490788532607","414,089996",4,2,2024-10-07
2024-10-07 07:00:00,"289,98774749687374","383,75",4,2,2024-10-07
2024-10-07 08:00:00,"295,48217578292935","372,420013",4,2,2024-10-07
2024-10-07 09:00:00,"298,5310785641197","356,309998",4,2,2024-10-07
2024-10-07 10:00:00,"305,7506904114806","340,880005",4,2,2024-10-07
2024-10-07 11:00:00,"298,9090831700238","322,019989",4,2,2024-10-07
2024-10-07 12:00:00,"299,0645385101347","358,399994",4,2,2024-10-07
2024-10-07 13:00:00,"302,8885587108507","458,070007",4,2,2024-10-07
2024-10-07 14:00:00,"314,4333183446209","661,869995",4,2,2024-10-07
2024-10-07 15:00:00,"334,7701697946261","873,640015",4,2,2024-10-07
2024-10-07 16:00:00,"390,9942347922215","1405,060059",4,2,2024-10-07
2024-10-07 17:00:00,"404,64574086170074","1405,359985",4,2,2024-10-07
2024-10-07 18:00:00,"377,1294933317841","909,27002",4,2,2024-10-07
2024-10-07 19:00:00,"358,44024378054064","744,909973",4,2,2024-10-07
2024-10-07 20:00:00,"332,8399273695254","685,119995",4,2,2024-10-07
2024-10-07 21:00:00,"324,4797415595643","589,780029",4,2,2024-10-07
2024-10-07 22:00:00,"302,3219842580435","539,340027",4,2,2024-10-07
2024-10-07 23:00:00,"283,2623905651393","500,119995",4,2,2024-10-07
2024-10-08 00:00:00,"257,0216698054499","477,149994",4,2,2024-10-08
2024-10-08 01:00:00,"243,45296765642442","444,940002",4,2,2024-10-08
2024-10-08 02:00:00,"241,5834656343625","445,089996",4,2,2024-10-08
2024-10-08 03:00:00,"251,5987308656002","502,799988",4,2,2024-10-08
2024-10-08 04:00:00,"279,68498450838575","641,049988",4,2,2024-10-08
2024-10-08 05:00:00,"299,65477472754566","822,98999",4,2,2024-10-08
2024-10-08 06:00:00,"350,4328252161304","792,200012",4,2,2024-10-08
2024-10-08 07:00:00,"402,22029855596224","633,820007",4,2,2024-10-08
2024-10-08 08:00:00,"411,6089795610165","598,98999",4,2,2024-10-08
2024-10-08 09:00:00,"420,63904834675367","547,469971",4,2,2024-10-08
2024-10-08 10:00:00,"415,93285193788074","495,940002",4,2,2024-10-08
2024-10-08 11:00:00,"414,1599524976784","529,200012",4,2,2024-10-08
2024-10-08 12:00:00,"411,0588245818764","565,140015",4,2,2024-10-08
2024-10-08 13:00:00,"405,3345030844144","578,119995",4,2,2024-10-08
2024-10-08 14:00:00,"489,1479964786475","754,539978",4,2,2024-10-08
2024-10-08 15:00:00,"578,055217570101","942,080017",4,2,2024-10-08
2024-10-08 16:00:00,"590,4491341754024","1168,97998",4,2,2024-10-08
2024-10-08 17:00:00,"576,3735288525581","1254,209961",4,2,2024-10-08
2024-10-08 18:00:00,"531,5465436607678","853,119995",4,2,2024-10-08
2024-10-08 19:00:00,"476,9878926921146","707,640015",4,2,2024-10-08
2024-10-08 20:00:00,"431,45087377915144","645,75",4,2,2024-10-08
2024-10-08 21:00:00,"380,28848139328755","504,070007",4,2,2024-10-08
2024-10-08 22:00:00,"348,0507321103806","461,859985",4,2,2024-10-08
2024-10-08 23:00:00,"315,32207809384323","447,459991",4,2,2024-10-08
2024-10-09 00:00:00,"303,80774536271633","428,670013",4,2,2024-10-09
2024-10-09 01:00:00,"307,93600296595974","405,100006",4,2,2024-10-09
2024-10-09 02:00:00,"293,9381155594288","427,480011",4,2,2024-10-09
2024-10-09 03:00:00,"288,4884648587816","476,329987",4,2,2024-10-09
2024-10-09 04:00:00,"304,8320812699471","646,590027",4,2,2024-10-09
2024-10-09 05:00:00,"354,2825969572758","829,22998",4,2,2024-10-09
2024-10-09 06:00:00,"445,02070819098026","827,659973",4,2,2024-10-09
2024-10-09 07:00:00,"568,5388776310261","648,820007",4,2,2024-10-09
2024-10-09 08:00:00,"593,799669004212","537,630005",4,2,2024-10-09
2024-10-09 09:00:00,"594,5945893403897","446,720001",4,2,2024-10-09
2024-10-09 10:00:00,"581,2473094787698","445,970001",4,2,2024-10-09
2024-10-09 11:00:00,"578,5479968253954","446,350006",4,2,2024-10-09
2024-10-09 12:00:00,"569,9685611194595","504,369995",4,2,2024-10-09
2024-10-09 13:00:00,"584,4094128821222","575,51001",4,2,2024-10-09
2024-10-09 14:00:00,"606,4289868582396","708,48999",4,2,2024-10-09
2024-10-09 15:00:00,"613,864495625294","875,909973",4,2,2024-10-09
2024-10-09 16:00:00,"638,3319058976078","913,799988",4,2,2024-10-09
2024-10-09 17:00:00,"625,6980827135063","948,030029",4,2,2024-10-09
2024-10-09 18:00:00,"603,436828434943","828,179993",4,2,2024-10-09
2024-10-09 19:00:00,"552,5151664913242","714,450012",4,2,2024-10-09
2024-10-09 20:00:00,"492,2997036919079","709,22998",4,2,2024-10-09
2024-10-09 21:00:00,"450,11345807442854","614,070007",4,2,2024-10-09
2024-10-09 22:00:00,"384,9349867357151","456,399994",4,2,2024-10-09
2024-10-09 23:00:00,"337,87985926412085","349,73999",4,2,2024-10-09
2024-10-10 00:00:00,"317,04404418781394","281,559998",4,2,2024-10-10
2024-10-10 01:00:00,"295,6309988326387","238,679993",4,2,2024-10-10
2024-10-10 02:00:00,"280,0319533661714","221,070007",4,2,2024-10-10
2024-10-10 03:00:00,"279,528001159459","295,359985",4,2,2024-10-10
2024-10-10 04:00:00,"288,5699283452019","463,179993",4,2,2024-10-10
2024-10-10 05:00:00,"318,85440233789024","633,23999",4,2,2024-10-10
2024-10-10 06:00:00,"378,8345064487023","600,119995",4,2,2024-10-10
2024-10-10 07:00:00,"420,3009005899492","503,459991",4,2,2024-10-10
2024-10-10 08:00:00,"415,93285193788074","387,920013",4,2,2024-10-10
2024-10-10 09:00:00,"408,87298576351634","290,369995",4,2,2024-10-10
2024-10-10 10:00:00,"387,3192085066619","163,270004",4,2,2024-10-10
2024-10-10 11:00:00,"370,74135008502407","118,889999",4,2,2024-10-10
2024-10-10 12:00:00,"362,47986717628635","149,25",4,2,2024-10-10
2024-10-10 13:00:00,"374,0070081301137","277,309998",4,2,2024-10-10
2024-10-10 14:00:00,"417,98606167589753","277,309998",4,2,2024-10-10
2024-10-10 15:00:00,"429,1427767238877","285,140015",4,2,2024-10-10
2024-10-10 16:00:00,"447,58533765598406","294,470001",4,2,2024-10-10
2024-10-10 17:00:00,"431,47032391466604","288,200012",4,2,2024-10-10
2024-10-10 18:00:00,"409,72931202109555","274,630005",4,2,2024-10-10
2024-10-10 19:00:00,"380,37276773479783","186,759995",4,2,2024-10-10
2024-10-10 20:00:00,"333,6451208305915","100,540001",4,2,2024-10-10
2024-10-10 21:00:00,"308,883970072471","24,540001",4,2,2024-10-10
2024-10-10 22:00:00,"264,41739853117485","24,389999",4,2,2024-10-10
2024-10-10 23:00:00,"244,38901408713286","24,389999",4,2,2024-10-10
2024-10-11 00:00:00,"213,89579425015802","24,459999",4,2,2024-10-11
2024-10-11 01:00:00,"208,45445199044852","24,389999",4,2,2024-10-11
2024-10-11 02:00:00,"205,58704764358626","24,389999",4,2,2024-10-11
2024-10-11 03:00:00,"197,68487384236326","24,459999",4,2,2024-10-11
2024-10-11 04:00:00,"199,7552475753075","252,839996",4,2,2024-10-11
2024-10-11 05:00:00,"242,12116034044877","439,230011",4,2,2024-10-11
2024-10-11 06:00:00,"295,569654047772","593,919983",4,2,2024-10-11
2024-10-11 07:00:00,"341,3990924932466","400,670013",4,2,2024-10-11
2024-10-11 08:00:00,"338,97483831741624","367,859985",4,2,2024-10-11
2024-10-11 09:00:00,"314,6090586150806","183,929993",4,2,2024-10-11
2024-10-11 10:00:00,"297,781080945811","156,929993",4,2,2024-10-11
2024-10-11 11:00:00,"282,6652107070651","252,990005",4,2,2024-10-11
2024-10-11 12:00:00,"265,9175013386525","251,949997",4,2,2024-10-11
2024-10-11 13:00:00,"266,4421975040686","298,119995",4,2,2024-10-11
2024-10-11 14:00:00,"288,6117564058934","298,859985",4,2,2024-10-11
2024-10-11 15:00:00,"314,43559649764546","496,660004",4,2,2024-10-11
2024-10-11 16:00:00,"349,9986681745302","939,330017",4,2,2024-10-11
2024-10-11 17:00:00,"342,43749554174855","1208,060059",4,2,2024-10-11
2024-10-11 18:00:00,"318,34988466321187","895,02002",4,2,2024-10-11
2024-10-11 19:00:00,"274,5165765979861","744,289978",4,2,2024-10-11
2024-10-11 20:00:00,"255,69638079565223","733,98999",4,2,2024-10-11
2024-10-11 21:00:00,"244,03742999804072","655,080017",4,2,2024-10-11
2024-10-11 22:00:00,"223,70979389611637","672,190002",4,2,2024-10-11
2024-10-11 23:00:00,"218,91404327205876","592,580017",4,2,2024-10-11
2024-10-12 00:00:00,"209,3378061432476","563,929993",4,2,2024-10-12
2024-10-12 01:00:00,"209,81712259434104","559,75",4,2,2024-10-12
2024-10-12 02:00:00,"207,22048307212594","536,619995",4,2,2024-10-12
2024-10-12 03:00:00,"207,22048307212594","506,619995",4,2,2024-10-12
2024-10-12 04:00:00,"214,34679266220806","534,460022",4,2,2024-10-12
2024-10-12 05:00:00,"225,34185148884922","400,149994",4,2,2024-10-12
2024-10-12 06:00:00,"228,76871166599994","378,359985",4,2,2024-10-12
2024-10-12 07:00:00,"233,41035646899746","310,910004",4,2,2024-10-12
2024-10-12 08:00:00,"275,51887870037297","263,390015",4,2,2024-10-12
2024-10-12 09:00:00,"276,2567737493137","255,770004",4,2,2024-10-12
2024-10-12 10:00:00,"276,2567737493137","184,970001",4,2,2024-10-12
2024-10-12 11:00:00,"273,26354285009796","106,919998",4,2,2024-10-12
2024-10-12 12:00:00,"279,4816014692131","174,149994",4,2,2024-10-12
2024-10-12 13:00:00,"301,4073160321131","263,459991",4,2,2024-10-12
2024-10-12 14:00:00,"349,5149524082496","218,990005",4,2,2024-10-12
2024-10-12 15:00:00,"406,8254559396343","423,799988",4,2,2024-10-12
2024-10-12 16:00:00,"451,6186682716175","361,950012",4,2,2024-10-12
2024-10-12 17:00:00,"476,9213712098375","299,049988",4,2,2024-10-12
2024-10-12 18:00:00,"455,6170522941061","207,429993",4,2,2024-10-12
2024-10-12 19:00:00,"425,27365482165226","134,899994",4,2,2024-10-12
2024-10-12 20:00:00,"352,26986781768977","102,220001",4,2,2024-10-12
2024-10-12 21:00:00,"307,45122632101464","41,779999",4,2,2024-10-12
2024-10-12 22:00:00,"272,8659187653776","0,0",4,2,2024-10-12
2024-10-12 23:00:00,"246,89913482965503","-0,07",4,2,2024-10-12
2024-10-13 00:00:00,"223,28184503379475","-0,52",4,2,2024-10-13
2024-10-13 01:00:00,"222,2029435132641","-2,76",4,2,2024-10-13
2024-10-13 02:00:00,"221,42678420097346","-3,81",4,2,2024-10-13
2024-10-13 03:00:00,"216,4073209446116","-0,67",4,2,2024-10-13
2024-10-13 04:00:00,"220,7261659857334","-0,07",4,2,2024-10-13
2024-10-13 05:00:00,"239,07022439509706","0,15",4,2,2024-10-13
2024-10-13 06:00:00,"259,21653143910544","20,52",4,2,2024-10-13
2024-10-13 07:00:00,"284,9459716192279","29,1",4,2,2024-10-13
2024-10-13 08:00:00,"282,89156233602733","36,630001",4,2,2024-10-13
2024-10-13 09:00:00,"280,1273947443937","46,330002",4,2,2024-10-13
2024-10-13 10:00:00,"279,9719394042828","47,599998",4,2,2024-10-13
2024-10-13 11:00:00,"269,2807480651237","52,970001",4,2,2024-10-13
2024-10-13 12:00:00,"267,13179597861455","59,09",4,2,2024-10-13
2024-10-13 13:00:00,"261,1071490062347","94,610001",4,2,2024-10-13
2024-10-13 14:00:00,"283,84292886496786","118,260002",4,2,2024-10-13
2024-10-13 15:00:00,"282,96193586952376","156,240005",4,2,2024-10-13
2024-10-13 16:00:00,"283,29045565382535","260,920013",4,2,2024-10-13
2024-10-13 17:00:00,"261,8604170443292","373,799988",4,2,2024-10-13
2024-10-13 18:00:00,"239,5807717658244","294,790009",4,2,2024-10-13
2024-10-13 19:00:00,"219,25732688130648","286,730011",4,2,2024-10-13
2024-10-13 20:00:00,"208,50328173779258","299,410004",4,2,2024-10-13
2024-10-13 21:00:00,"205,88669119336842","274,640015",4,2,2024-10-13
2024-10-13 22:00:00,"201,29311986039895","276,809998",4,2,2024-10-13
2024-10-13 23:00:00,"202,7182626647701","263,0",4,2,2024-10-13
2024-10-14 00:00:00,"225,03637710116809","262,410004",4,3,2024-10-14
2024-10-14 01:00:00,"215,64283673392802","256,359985",4,3,2024-10-14
2024-10-14 02:00:00,"217,1201737233586","293,450012",4,3,2024-10-14
2024-10-14 03:00:00,"222,3196226553785","464,079987",4,3,2024-10-14
2024-10-14 04:00:00,"223,76961295157034","736,710022",4,3,2024-10-14
2024-10-14 05:00:00,"245,56849174225684","973,900024",4,3,2024-10-14
2024-10-14 06:00:00,"284,0684824570726","1142,449951",4,3,2024-10-14
2024-10-14 07:00:00,"299,04253045031663","879,960022",4,3,2024-10-14
2024-10-14 08:00:00,"311,5799003580656","753,200012",4,3,2024-10-14
2024-10-14 09:00:00,"309,7451647649369","695,599976",4,3,2024-10-14
2024-10-14 10:00:00,"304,8090634487932","643,450012",4,3,2024-10-14
2024-10-14 11:00:00,"300,985357027338","616,289978",4,3,2024-10-14
2024-10-14 12:00:00,"301,2026857563749","553,320007",4,3,2024-10-14
2024-10-14 13:00:00,"306,19324201553735","649,710022",4,3,2024-10-14
2024-10-14 14:00:00,"319,35301495599253","789,309998",4,3,2024-10-14
2024-10-14 15:00:00,"336,3252104026219","1182,660034",4,3,2024-10-14
2024-10-14 16:00:00,"391,2441431746857","1865,280029",4,3,2024-10-14
2024-10-14 17:00:00,"405,16845361329206","1964,290039",4,3,2024-10-14
2024-10-14 18:00:00,"379,66913553349264","1178,859985",4,3,2024-10-14
2024-10-14 19:00:00,"359,7273830402761","851,460022",4,3,2024-10-14
2024-10-14 20:00:00,"334,19416270781176","743,580017",4,3,2024-10-14
2024-10-14 21:00:00,"323,48504605264867","707,309998",4,3,2024-10-14
2024-10-14 22:00:00,"300,4133122913861","680,679993",4,3,2024-10-14
2024-10-14 23:00:00,"283,1964242746199","645,320007",4,3,2024-10-14
2024-10-15 00:00:00,"256,0269742985343","659,190002",4,3,2024-10-15
2024-10-15 01:00:00,"239,96453041061534","627,039978",4,3,2024-10-15
2024-10-15 02:00:00,"241,5834656343625","602,859985",4,3,2024-10-15
2024-10-15 03:00:00,"251,96950754843766","667,849976",4,3,2024-10-15
2024-10-15 04:00:00,"284,6046430833863","854,530029",4,3,2024-10-15
2024-10-15 05:00:00,"303,93085413703346","1383,22998",4,3,2024-10-15
2024-10-15 06:00:00,"355,5158332692565","1317,719971",4,3,2024-10-15
2024-10-15 07:00:00,"406,70149611557576","824,76001",4,3,2024-10-15
2024-10-15 08:00:00,"418,0945103096073","692,02002",4,3,2024-10-15
2024-10-15 09:00:00,"430,7349254636698","619,650024",4,3,2024-10-15
2024-10-15 10:00:00,"426,95730771035517","585,47998",4,3,2024-10-15
2024-10-15 11:00:00,"423,36157378482903","535,340027",4,3,2024-10-15
2024-10-15 12:00:00,"418,8008472490317","566,299988",4,3,2024-10-15
2024-10-15 13:00:00,"418,8008472490317","621,960022",4,3,2024-10-15
2024-10-15 14:00:00,"504,15575549281283","664,27002",4,3,2024-10-15
2024-10-15 15:00:00,"578,2505531208508","900,48999",4,3,2024-10-15
2024-10-15 16:00:00,"590,5151004659217","1020,609985",4,3,2024-10-15
2024-10-15 17:00:00,"577,282548923407","726,049988",4,3,2024-10-15
2024-10-15 18:00:00,"531,7722032689297","568,98999",4,3,2024-10-15
2024-10-15 19:00:00,"477,45984348225494","497,290009",4,3,2024-10-15
2024-10-15 20:00:00,"431,45087377915144","445,059998",4,3,2024-10-15
2024-10-15 21:00:00,"380,12878807564505","304,269989",4,3,2024-10-15
2024-10-15 22:00:00,"347,1197311605566","174,210007",4,3,2024-10-15
2024-10-15 23:00:00,"315,25611180332385","95,5",4,3,2024-10-15
2024-10-16 00:00:00,"302,33972508649504","39,540001",4,3,2024-10-16
2024-10-16 01:00:00,"306,1564583018583","26,93",4,3,2024-10-16
2024-10-16 02:00:00,"287,4258257715823","24,25",4,3,2024-10-16
2024-10-16 03:00:00,"275,7048515713741","61,18",4,3,2024-10-16
2024-10-16 04:00:00,"282,55439091409517","301,049988",4,3,2024-10-16
2024-10-16 05:00:00,"326,9716861253677","353,720001",4,3,2024-10-16
2024-10-16 06:00:00,"406,9127544210166","406,23999",4,3,2024-10-16
2024-10-16 07:00:00,"527,5585252424316","354,76001",4,3,2024-10-16
2024-10-16 08:00:00,"571,3181090984027","199,059998",4,3,2024-10-16
2024-10-16 09:00:00,"577,1427167149362","105,650002",4,3,2024-10-16
2024-10-16 10:00:00,"565,405660758505","30,51",4,3,2024-10-16
2024-10-16 11:00:00,"559,7044111325903","22,01",4,3,2024-10-16
2024-10-16 12:00:00,"546,3968618118319","30,809999",4,3,2024-10-16
2024-10-16 13:00:00,"554,9280961457644","104,830002",4,3,2024-10-16
2024-10-16 14:00:00,"581,4315413857131","123,550003",4,3,2024-10-16
2024-10-16 15:00:00,"589,0211203638275","263,0",4,3,2024-10-16
2024-10-16 16:00:00,"611,5797166982317","277,470001",4,3,2024-10-16
2024-10-16 17:00:00,"584,5198323568311","272,470001",4,3,2024-10-16
2024-10-16 18:00:00,"547,179896557325","267,470001",4,3,2024-10-16
2024-10-16 19:00:00,"514,8715671496125","85,730003",4,3,2024-10-16
2024-10-16 20:00:00,"451,4536277479992","37,830002",4,3,2024-10-16
2024-10-16 21:00:00,"420,9096767190028","37,75",4,3,2024-10-16
2024-10-16 22:00:00,"360,2985006441682","24,549999",4,3,2024-10-16
2024-10-16 23:00:00,"313,2968018722733","24,549999",4,3,2024-10-16
2024-10-17 00:00:00,"292,40632795077966","24,549999",4,3,2024-10-17
2024-10-17 01:00:00,"270,5031555949386","24,469999",4,3,2024-10-17
2024-10-17 02:00:00,"253,41555588543463","24,4",4,3,2024-10-17
2024-10-17 03:00:00,"260,21381747697274","24,469999",4,3,2024-10-17
2024-10-17 04:00:00,"274,6726102366493","261,730011",4,3,2024-10-17
2024-10-17 05:00:00,"310,38244297597385","298,660004",4,3,2024-10-17
2024-10-17 06:00:00,"372,5068474575201","306,790009",4,3,2024-10-17
2024-10-17 07:00:00,"412,6505872480541","301,869995",4,3,2024-10-17
2024-10-17 08:00:00,"411,8264246872454","286,940002",4,3,2024-10-17
2024-10-17 09:00:00,"398,52644940841657","287,089996",4,3,2024-10-17
2024-10-17 10:00:00,"377,7462045275234","290,670013",4,3,2024-10-17
2024-10-17 11:00:00,"365,7382081619543","305,299988",4,3,2024-10-17
2024-10-17 12:00:00,"361,27789752474206","322,980011",4,3,2024-10-17
2024-10-17 13:00:00,"374,19756388016765","474,140015",4,3,2024-10-17
2024-10-17 14:00:00,"417,0465097277403","691,469971",4,3,2024-10-17
2024-10-17 15:00:00,"432,7521092002405","893,059998",4,3,2024-10-17
2024-10-17 16:00:00,"455,3532661764614","1292,290039",4,3,2024-10-17
2024-10-17 17:00:00,"457,60325026773336","1275,810059",4,3,2024-10-17
2024-10-17 18:00:00,"442,9575524970646","876,650024",4,3,2024-10-17
2024-10-17 19:00:00,"405,18626584601213","729,75",4,3,2024-10-17
2024-10-17 20:00:00,"340,64378702078847","664,390015",4,3,2024-10-17
2024-10-17 21:00:00,"321,55884384222816","613,359985",4,3,2024-10-17
2024-10-17 22:00:00,"277,2740507984017","603,929993",4,3,2024-10-17
2024-10-17 23:00:00,"257,1641722027119","605,5",4,3,2024-10-17
2024-10-18 00:00:00,"242,30321835324747","617,210022",4,3,2024-10-18
2024-10-18 01:00:00,"235,40577814240064","588,190002",4,3,2024-10-18
2024-10-18 02:00:00,"235,40577814240064","605,72998",4,3,2024-10-18
2024-10-18 03:00:00,"235,40577814240064","629,22998",4,3,2024-10-18
2024-10-18 04:00:00,"235,40577814240064","737,780029",4,3,2024-10-18
2024-10-18 05:00:00,"264,898371090186","1117,449951",4,3,2024-10-18
2024-10-18 06:00:00,"303,94689901230737","1165,640015",4,3,2024-10-18
2024-10-18 07:00:00,"361,21688426884566","828,130005",4,3,2024-10-18
2024-10-18 08:00:00,"355,20478924446206","714,429993",4,3,2024-10-18
2024-10-18 09:00:00,"332,5721309835975","636,390015",4,3,2024-10-18
2024-10-18 10:00:00,"324,6002475255334","618,929993",4,3,2024-10-18
2024-10-18 11:00:00,"309,3262223858502","598,340027",4,3,2024-10-18
2024-10-18 12:00:00,"296,03070785587295","605,72998",4,3,2024-10-18
2024-10-18 13:00:00,"287,9364509057922","629,22998",4,3,2024-10-18
2024-10-18 14:00:00,"299,72225548872126","770,599976",4,3,2024-10-18
2024-10-18 15:00:00,"338,0851650820118","997,26001",4,3,2024-10-18
2024-10-18 16:00:00,"369,4647894492599","1352,459961",4,3,2024-10-18
2024-10-18 17:00:00,"361,9811196417357","1063,72998",4,3,2024-10-18
2024-10-18 18:00:00,"338,46300972258655","770,309998",4,3,2024-10-18
2024-10-18 19:00:00,"302,65250953794873","722,409973",4,3,2024-10-18
2024-10-18 20:00:00,"288,9361205319838","695,77002",4,3,2024-10-18
2024-10-18 21:00:00,"267,71051861740654","638,179993",4,3,2024-10-18
2024-10-18 22:00:00,"244,30741159811225","649,27002",4,3,2024-10-18
2024-10-18 23:00:00,"230,5490362887468","619,210022",4,3,2024-10-18
2024-10-19 00:00:00,"224,67920748751013","595,940002",4,3,2024-10-19
2024-10-19 01:00:00,"220,6011110004798","561,27002",4,3,2024-10-19
2024-10-19 02:00:00,"220,034708032852","565,809998",4,3,2024-10-19
2024-10-19 03:00:00,"220,51565732330445","572,530029",4,3,2024-10-19
2024-10-19 04:00:00,"222,07503031431747","596,619995",4,3,2024-10-19
2024-10-19 05:00:00,"226,58113286040648","685,440002",4,3,2024-10-19
2024-10-19 06:00:00,"233,1725326059189","668,659973",4,3,2024-10-19
2024-10-19 07:00:00,"244,48655674594173","630,919983",4,3,2024-10-19
2024-10-19 08:00:00,"281,5667952585292","587,669983",4,3,2024-10-19
2024-10-19 09:00:00,"288,550054789277","546,799988",4,3,2024-10-19
2024-10-19 10:00:00,"292,0843675037838","493,399994",4,3,2024-10-19
2024-10-19 11:00:00,"292,3967822771374","454,619995",4,3,2024-10-19
2024-10-19 12:00:00,"298,20484673076396","476,470001",4,3,2024-10-19
2024-10-19 13:00:00,"318,21091897855473","589,679993",4,3,2024-10-19
2024-10-19 14:00:00,"368,06278881766576","731,52002",4,3,2024-10-19
2024-10-19 15:00:00,"429,0695690349375","813,929993",4,3,2024-10-19
2024-10-19 16:00:00,"489,0630240849269","1012,900024",4,3,2024-10-19
2024-10-19 17:00:00,"508,2372750586811","886,940002",4,3,2024-10-19
2024-10-19 18:00:00,"490,08189957914635","721,900024",4,3,2024-10-19
2024-10-19 19:00:00,"455,71409167631975","672,530029",4,3,2024-10-19
2024-10-19 20:00:00,"391,9397041130108","625,179993",4,3,2024-10-19
2024-10-19 21:00:00,"331,80654955669235","546,869995",4,3,2024-10-19
2024-10-19 22:00:00,"293,7343323536061","403,059998",4,3,2024-10-19
2024-10-19 23:00:00,"262,4441664230412","409,470001",4,3,2024-10-19
2024-10-20 00:00:00,"243,69557020772092","407,079987",4,3,2024-10-20
2024-10-20 01:00:00,"238,4912285215144","417,0",4,3,2024-10-20
2024-10-20 02:00:00,"238,71275243971996","444,450012",4,3,2024-10-20
2024-10-20 03:00:00,"233,62819376487298","241,880005",4,3,2024-10-20
2024-10-20 04:00:00,"237,9097331590068","240,389999",4,3,2024-10-20
2024-10-20 05:00:00,"242,04969152855082","291,329987",4,3,2024-10-20
2024-10-20 06:00:00,"265,0157455550394","359,950012",4,3,2024-10-20
2024-10-20 07:00:00,"292,2043573866464","341,230011",4,3,2024-10-20
2024-10-20 08:00:00,"291,7245596576409","47,509998",4,3,2024-10-20
2024-10-20 09:00:00,"288,80902722401515","0,6",4,3,2024-10-20
2024-10-20 10:00:00,"284,3090310566337","0,0",4,3,2024-10-20
2024-10-20 11:00:00,"275,3275493658298","-7,31",4,3,2024-10-20
2024-10-20 12:00:00,"276,0463807084761","-14,99",4,3,2024-10-20
2024-10-20 13:00:00,"267,24142774505054","0,0",4,3,2024-10-20
2024-10-20 14:00:00,"288,39960799025306","38,040001",4,3,2024-10-20
2024-10-20 15:00:00,"291,0049328007975","413,570007",4,3,2024-10-20
2024-10-20 16:00:00,"290,3952314518346","318,25",4,3,2024-10-20
2024-10-20 17:00:00,"264,0703543986345","268,950012",4,3,2024-10-20
2024-10-20 18:00:00,"239,49942112808264","252,919998",4,3,2024-10-20
2024-10-20 19:00:00,"219,25732688130648","156,259995",4,3,2024-10-20
2024-10-20 20:00:00,"208,50328173779258","90,620003",4,3,2024-10-20
2024-10-20 21:00:00,"205,88669119336842","14,39",4,3,2024-10-20
2024-10-20 22:00:00,"201,31421080127643","-0,75",4,3,2024-10-20
2024-10-20 23:00:00,"200,4007527611101","-0,75",4,3,2024-10-20
2024-10-21 00:00:00,"65,16202450826663","-1,04",4,4,2024-10-21
2024-10-21 01:00:00,"87,56858598260281","-0,6",4,4,2024-10-21
2024-10-21 02:00:00,"103,07442587020546","-0,3",4,4,2024-10-21
2024-10-21 03:00:00,"122,78375637594709","24,24",4,4,2024-10-21
2024-10-21 04:00:00,"131,49159309494073","32,59",4,4,2024-10-21
2024-10-21 05:00:00,"159,58727694687164","301,170013",4,4,2024-10-21
2024-10-21 06:00:00,"235,60551059492352","292,070007",4,4,2024-10-21
2024-10-21 07:00:00,"285,1258336759199","240,160004",4,4,2024-10-21
2024-10-21 08:00:00,"293,6498030375107","215,399994",4,4,2024-10-21
2024-10-21 09:00:00,"295,83675911310905","208,690002",4,4,2024-10-21
2024-10-21 10:00:00,"297,4402221642726","188,479996",4,4,2024-10-21
2024-10-21 11:00:00,"290,5986149228158","209,729996",4,4,2024-10-21
2024-10-21 12:00:00,"287,81437259404856","168,710007",4,4,2024-10-21
2024-10-21 13:00:00,"286,3372207904334","434,609985",4,4,2024-10-21
2024-10-21 14:00:00,"299,20658661989404","670,289978",4,4,2024-10-21
2024-10-21 15:00:00,"329,5911926665684","969,900024",4,4,2024-10-21
2024-10-21 16:00:00,"378,0712283669444","1582,319946",4,4,2024-10-21
2024-10-21 17:00:00,"400,26189122903514","1404,810059",4,4,2024-10-21
2024-10-21 18:00:00,"374,9852457508886","957,969971",4,4,2024-10-21
2024-10-21 19:00:00,"359,2545615628567","750,320007",4,4,2024-10-21
2024-10-21 20:00:00,"332,09452432251015","729,440002",4,4,2024-10-21
2024-10-21 21:00:00,"324,2540819514024","693,419983",4,4,2024-10-21
2024-10-21 22:00:00,"300,4792785819055","666,929993",4,4,2024-10-21
2024-10-21 23:00:00,"283,2623905651393","652,76001",4,4,2024-10-21
2024-10-22 00:00:00,"257,0216698054499","639,109985",4,4,2024-10-22
2024-10-22 01:00:00,"243,45296765642442","623,52002",4,4,2024-10-22
2024-10-22 02:00:00,"242,57816114127803","619,190002",4,4,2024-10-22
2024-10-22 03:00:00,"252,59342637251572","641,419983",4,4,2024-10-22
2024-10-22 04:00:00,"284,7643364010288","731,960022",4,4,2024-10-22
2024-10-22 05:00:00,"301,8742760819158","1182,300049",4,4,2024-10-22
2024-10-22 06:00:00,"355,4349609133568","1268,819946",4,4,2024-10-22
2024-10-22 07:00:00,"407,6331735807004","846,080017",4,4,2024-10-22
2024-10-22 08:00:00,"419,31716138516185","740,02002",4,4,2024-10-22
2024-10-22 09:00:00,"428,78945360181257","654,469971",4,4,2024-10-22
2024-10-22 10:00:00,"417,658142938552","575,109985",4,4,2024-10-22
2024-10-22 11:00:00,"413,17656545003433","528,650024",4,4,2024-10-22
2024-10-22 12:00:00,"402,7476984712043","548,409973",4,4,2024-10-22
2024-10-22 13:00:00,"394,9661063399802","649,469971",4,4,2024-10-22
2024-10-22 14:00:00,"489,6270479442183","289,380005",4,4,2024-10-22
2024-10-22 15:00:00,"570,406155175489","759,109985",4,4,2024-10-22
2024-10-22 16:00:00,"578,990768071973","1043,579956",4,4,2024-10-22
2024-10-22 17:00:00,"561,0803233978086","1176,560059",4,4,2024-10-22
2024-10-22 18:00:00,"495,8793513710881","850,400024",4,4,2024-10-22
2024-10-22 19:00:00,"403,3624590223217","697,72998",4,4,2024-10-22
2024-10-22 20:00:00,"337,73670382338867","713,919983",4,4,2024-10-22
2024-10-22 21:00:00,"322,70065947257916","658,950012",4,4,2024-10-22
2024-10-22 22:00:00,"313,489931277428","561,400024",4,4,2024-10-22
2024-10-22 23:00:00,"299,3214094559263","620,690002",4,4,2024-10-22
2024-10-23 00:00:00,"299,28534023418337","611,669983",4,4,2024-10-23
2024-10-23 01:00:00,"306,1564583018583","620,539978",4,4,2024-10-23
2024-10-23 02:00:00,"291,91855929141116","639,859985",4,4,2024-10-23
2024-10-23 03:00:00,"286,46890859076393","675,950012",4,4,2024-10-23
2024-10-23 04:00:00,"302,8814397372302","780,950012",4,4,2024-10-23
2024-10-23 05:00:00,"348,5415807730236","1025,329956",4,4,2024-10-23
2024-10-23 06:00:00,"440,85388277856424","1205,72998",4,4,2024-10-23
2024-10-23 07:00:00,"564,4572761961232","957,690002",4,4,2024-10-23
2024-10-23 08:00:00,"593,8575009063103","776,330017",4,4,2024-10-23
2024-10-23 09:00:00,"592,9487891932835","693,700012",4,4,2024-10-23
2024-10-23 10:00:00,"578,1684521892307","600,929993",4,4,2024-10-23
2024-10-23 11:00:00,"572,8519523797786","574,75",4,4,2024-10-23
2024-10-23 12:00:00,"563,3961415934427","562,450012",4,4,2024-10-23
2024-10-23 13:00:00,"574,8109228953933","657,830017",4,4,2024-10-23
2024-10-23 14:00:00,"604,5214457980126","696,22998",4,4,2024-10-23
2024-10-23 15:00:00,"613,8804696711109","1009,669983",4,4,2024-10-23
2024-10-23 16:00:00,"636,72736407544","1479,349976",4,4,2024-10-23
2024-10-23 17:00:00,"619,8392761872046","1312,52002",4,4,2024-10-23
2024-10-23 18:00:00,"595,1757198313235","833,080017",4,4,2024-10-23
2024-10-23 19:00:00,"547,0639557481813","754,849976",4,4,2024-10-23
2024-10-23 20:00:00,"482,55035984350917","767,599976",4,4,2024-10-23
2024-10-23 21:00:00,"448,34924812099007","694,73999",4,4,2024-10-23
2024-10-23 22:00:00,"385,13032228646483","647,059998",4,4,2024-10-23
2024-10-23 23:00:00,"338,0751948148706","597,460022",4,4,2024-10-23
2024-10-24 00:00:00,"318,37043622055","582,469971",4,4,2024-10-24
2024-10-24 01:00:00,"296,88847613007397","564,349976",4,4,2024-10-24
2024-10-24 02:00:00,"280,8746808391493","532,200012",4,4,2024-10-24
2024-10-24 03:00:00,"280,37072863243685","597,909973",4,4,2024-10-24
2024-10-24 04:00:00,"290,37894163443355","748,409973",4,4,2024-10-24
2024-10-24 05:00:00,"321,8998054239863","1057,98999",4,4,2024-10-24
2024-10-24 06:00:00,"382,6712475025011","1233,47998",4,4,2024-10-24
2024-10-24 07:00:00,"425,5960215668468","874,820007",4,4,2024-10-24
2024-10-24 08:00:00,"426,4454014232151","760,049988",4,4,2024-10-24
2024-10-24 09:00:00,"420,3082689932604","693,969971",4,4,2024-10-24
2024-10-24 10:00:00,"405,1144413795768","626,169983",4,4,2024-10-24
2024-10-24 11:00:00,"381,2385482733173","590,299988",4,4,2024-10-24
2024-10-24 12:00:00,"377,55540509824175","607,900024",4,4,2024-10-24
2024-10-24 13:00:00,"391,34968556829676","713,72998",4,4,2024-10-24
2024-10-24 14:00:00,"417,57127771790766","866,400024",4,4,2024-10-24
2024-10-24 15:00:00,"438,310877755671","921,659973",4,4,2024-10-24
2024-10-24 16:00:00,"456,12638401509963","1034,430054",4,4,2024-10-24
2024-10-24 17:00:00,"458,8484284361387","851,630005",4,4,2024-10-24
2024-10-24 18:00:00,"444,0775727233159","720,52002",4,4,2024-10-24
2024-10-24 19:00:00,"410,1376952213956","698,369995",4,4,2024-10-24
2024-10-24 20:00:00,"345,85926499167795","670,47998",4,4,2024-10-24
2024-10-24 21:00:00,"315,8464850396198","623,559998",4,4,2024-10-24
2024-10-24 22:00:00,"273,36436955789065","615,460022",4,4,2024-10-24
2024-10-24 23:00:00,"255,60913159471613","612,25",4,4,2024-10-24
2024-10-25 00:00:00,"236,77572920305226","594,48999",4,4,2024-10-25
2024-10-25 01:00:00,"231,90838521319498","616,200012",4,4,2024-10-25
2024-10-25 02:00:00,"230,47839428369545","630,150024",4,4,2024-10-25
2024-10-25 03:00:00,"228,6333282067601","705,650024",4,4,2024-10-25
2024-10-25 04:00:00,"231,4007373071964","812,700012",4,4,2024-10-25
2024-10-25 05:00:00,"262,46668664043654","923,190002",4,4,2024-10-25
2024-10-25 06:00:00,"303,880932721788","1123,410034",4,4,2024-10-25
2024-10-25 07:00:00,"361,1509179783263","913,340027",4,4,2024-10-25
2024-10-25 08:00:00,"355,0094536937123","806,809998",4,4,2024-10-25
2024-10-25 09:00:00,"332,2038229575133","700,5",4,4,2024-10-25
2024-10-25 10:00:00,"323,94256485109196","604,859985",4,4,2024-10-25
2024-10-25 11:00:00,"306,37867223523864","583,22998",4,4,2024-10-25
2024-10-25 12:00:00,"296,137714040688","615,22998",4,4,2024-10-25
2024-10-25 13:00:00,"288,0919062459031","741,01001",4,4,2024-10-25
2024-10-25 14:00:00,"299,72225548872126","880,51001",4,4,2024-10-25
2024-10-25 15:00:00,"338,24639791476585","1184,140015",4,4,2024-10-25
2024-10-25 16:00:00,"368,7238854053721","1695,829956",4,4,2024-10-25
2024-10-25 17:00:00,"363,1863581274373","1379,0",4,4,2024-10-25
2024-10-25 18:00:00,"339,45770522950215","924,01001",4,4,2024-10-25
2024-10-25 19:00:00,"303,2764283620268","867,530029",4,4,2024-10-25
2024-10-25 20:00:00,"289,5600393560619","850,150024",4,4,2024-10-25
2024-10-25 21:00:00,"268,70521412432214","801,210022",4,4,2024-10-25
2024-10-25 22:00:00,"244,4495142223478","860,150024",4,4,2024-10-25
2024-10-25 23:00:00,"230,61500257926616","818,0",4,4,2024-10-25
2024-10-26 00:00:00,"225,82192376404","797,929993",4,4,2024-10-26
2024-10-26 01:00:00,"221,74382727700967","804,200012",4,4,2024-10-26
2024-10-26 02:00:00,"221,28759691699688","788,599976",4,4,2024-10-26
2024-10-26 03:00:00,"221,28759691699688","796,960022",4,4,2024-10-26
2024-10-26 04:00:00,"222,4487106920937","850,0",4,4,2024-10-26
2024-10-26 05:00:00,"226,80679246856835","937,890015",4,4,2024-10-26
2024-10-26 06:00:00,"233,3942199636026","940,059998",4,4,2024-10-26
2024-10-26 07:00:00,"246,04759287595667","877,159973",4,4,2024-10-26
2024-10-26 08:00:00,"287,4529392356931","756,450012",4,4,2024-10-26
2024-10-26 09:00:00,"298,57542926461065","607,900024",4,4,2024-10-26
2024-10-26 10:00:00,"310,92866104928873","509,940002",4,4,2024-10-26
2024-10-26 11:00:00,"306,12147685309344","472,269989",4,4,2024-10-26
2024-10-26 12:00:00,"311,1089279643383","481,589996",4,4,2024-10-26
2024-10-26 13:00:00,"330,53280618282747","607,599976",4,4,2024-10-26
2024-10-26 14:00:00,"383,56532361438826","750,549988",4,4,2024-10-26
2024-10-26 15:00:00,"436,85475102204344","938,039978",4,4,2024-10-26
2024-10-26 16:00:00,"487,6143936941403","1125,829956",4,4,2024-10-26
2024-10-26 17:00:00,"515,8526716602163","885,890015",4,4,2024-10-26
2024-10-26 18:00:00,"504,4864605145311","719,809998",4,4,2024-10-26
2024-10-26 19:00:00,"463,9019112219318","662,219971",4,4,2024-10-26
2024-10-26 20:00:00,"404,4165302406918","652,820007",4,4,2024-10-26
2024-10-26 21:00:00,"337,38422777149833","571,719971",4,4,2024-10-26
2024-10-26 22:00:00,"296,43253605819496","688,119995",4,4,2024-10-26
2024-10-26 23:00:00,"263,10803816597434","626,780029",4,4,2024-10-26
2024-10-27 00:00:00,"242,93117081895343","613,570007",4,4,2024-10-27
2024-10-27 01:00:00,"233,31038680398555","600,140015",4,4,2024-10-27
2024-10-27 02:00:00,"229,3672192892391","592,530029",4,4,2024-10-27
2024-10-27 03:00:00,"224,4846737508091","587,900024",4,4,2024-10-27
2024-10-27 04:00:00,"229,65031492480782","635,289978",4,4,2024-10-27
2024-10-27 05:00:00,"238,02651516563427","665,659973",4,4,2024-10-27
2024-10-27 06:00:00,"261,030268238536","657,0",4,4,2024-10-27
2024-10-27 07:00:00,"288,39960799025306","629,320007",4,4,2024-10-27
2024-10-27 08:00:00,"288,52463522030564","496,049988",4,4,2024-10-27
2024-10-27 09:00:00,"288,52463522030564","408,299988",4,4,2024-10-27
2024-10-27 10:00:00,"291,2396784997787","317,119995",4,4,2024-10-27
2024-10-27 11:00:00,"284,8757165131651","298,390015",4,4,2024-10-27
2024-10-27 12:00:00,"282,84800821699673","298,470001",4,4,2024-10-27
2024-10-27 13:00:00,"267,477894780526","480,01001",4,4,2024-10-27
2024-10-27 14:00:00,"282,76653510597475","753,109985",4,4,2024-10-27
2024-10-27 15:00:00,"281,95415965749834","878,97998",4,4,2024-10-27
2024-10-27 16:00:00,"284,1049611262353","1106,569946",4,4,2024-10-27
2024-10-27 17:00:00,"273,37374220788485","1087,23999",4,4,2024-10-27
2024-10-27 18:00:00,"256,0166455847791","973,52002",4,4,2024-10-27
2024-10-27 19:00:00,"243,7613078866336","881,299988",4,4,2024-10-27
2024-10-27 20:00:00,"234,6619247754349","831,159973",4,4,2024-10-27
2024-10-27 21:00:00,"234,6619247754349","820,48999",4,4,2024-10-27
2024-10-27 22:00:00,"233,7176715915341","651,109985",4,4,2024-10-27
2024-10-27 23:00:00,"233,46776320906983","713,340027",4,4,2024-10-27
